Calling target program-options parser
[00:36:38.902] [bmv2] [D] [thread 91700] Set default default entry for table 'MyIngress.arp_match': MyIngress.drop - 
[00:36:38.902] [bmv2] [D] [thread 91700] Set default default entry for table 'tbl_srcRoute_finish': MyIngress.srcRoute_finish - 
[00:36:38.902] [bmv2] [D] [thread 91700] Set default default entry for table 'MyIngress.ipv4_lpm_src': NoAction - 
[00:36:38.902] [bmv2] [D] [thread 91700] Set default default entry for table 'tbl_srcRoute_nhop': MyIngress.srcRoute_nhop - 
[00:36:38.902] [bmv2] [D] [thread 91700] Set default default entry for table 'tbl_update_ttl': MyIngress.update_ttl - 
[00:36:38.902] [bmv2] [D] [thread 91700] Set default default entry for table 'MyIngress.yequdesu_exact': MyIngress.drop - 
[00:36:38.902] [bmv2] [D] [thread 91700] Set default default entry for table 'MyIngress.vxlan_decap_exact': MyIngress.drop - 
[00:36:38.902] [bmv2] [D] [thread 91700] Set default default entry for table 'MyIngress.ipv6_lpm': NoAction - 
[00:36:38.902] [bmv2] [D] [thread 91700] Set default default entry for table 'MyIngress.vxlan_lpm': NoAction - 
[00:36:38.902] [bmv2] [D] [thread 91700] Set default default entry for table 'MyIngress.modality_schedule': NoAction - 
[00:36:38.902] [bmv2] [D] [thread 91700] Set default default entry for table 'MyIngress.adjudication': NoAction - 
[00:36:38.902] [bmv2] [D] [thread 91700] Set default default entry for table 'MyIngress.ipv4_lpm': NoAction - 
[00:36:38.903] [bmv2] [D] [thread 91700] Set default default entry for table 'MyEgress.egress_encap_ipv6': NoAction - 
[00:36:38.903] [bmv2] [D] [thread 91700] Set default default entry for table 'MyEgress.egress_encap_yequdesu': NoAction - 
[00:36:38.903] [bmv2] [D] [thread 91700] Set default default entry for table 'MyEgress.egress_encap_vxlan': NoAction - 
Adding interface s1-eth1 as port 1
[00:36:38.906] [bmv2] [D] [thread 91700] Adding interface s1-eth1 as port 1
Adding interface s1-eth2 as port 2
[00:36:38.926] [bmv2] [D] [thread 91700] Adding interface s1-eth2 as port 2
Adding interface s1-eth3 as port 3
[00:36:38.943] [bmv2] [D] [thread 91700] Adding interface s1-eth3 as port 3
Adding interface s1-eth4 as port 4
[00:36:38.953] [bmv2] [D] [thread 91700] Adding interface s1-eth4 as port 4
Adding interface s1-eth5 as port 5
[00:36:38.967] [bmv2] [D] [thread 91700] Adding interface s1-eth5 as port 5
Server listening on 0.0.0.0:50051
[00:36:38.978] [bmv2] [I] [thread 91700] Starting Thrift server on port 9090
[00:36:38.978] [bmv2] [I] [thread 91700] Thrift server was started
[00:36:39.118] [bmv2] [D] [thread 91747] [0.0] [cxt 0] Processing packet received on port 2
[00:36:39.118] [bmv2] [D] [thread 91747] [0.0] [cxt 0] Parser 'parser': start
[00:36:39.118] [bmv2] [D] [thread 91747] [0.0] [cxt 0] Parser 'parser' entering state 'start'
[00:36:39.118] [bmv2] [D] [thread 91747] [0.0] [cxt 0] Extracting header 'ethernet'
[00:36:39.118] [bmv2] [D] [thread 91747] [0.0] [cxt 0] Parser state 'start': key is 86dd
[00:36:39.118] [bmv2] [T] [thread 91747] [0.0] [cxt 0] Bytes parsed: 14
[00:36:39.118] [bmv2] [D] [thread 91747] [0.0] [cxt 0] Parser 'parser' entering state 'parse_ipv6'
[00:36:39.118] [bmv2] [D] [thread 91747] [0.0] [cxt 0] Extracting header 'ipv6'
[00:36:39.118] [bmv2] [D] [thread 91747] [0.0] [cxt 0] Parser state 'parse_ipv6': key is 3a
[00:36:39.118] [bmv2] [T] [thread 91747] [0.0] [cxt 0] Bytes parsed: 54
[00:36:39.118] [bmv2] [D] [thread 91747] [0.0] [cxt 0] Parser 'parser': end
[00:36:39.118] [bmv2] [D] [thread 91747] [0.0] [cxt 0] Pipeline 'ingress': start
[00:36:39.118] [bmv2] [T] [thread 91747] [0.0] [cxt 0] basic.p4(560) Condition "hdr.ethernet.etherType == TYPE_ARP" (node_2) is false
[00:36:39.118] [bmv2] [T] [thread 91747] [0.0] [cxt 0] basic.p4(563) Condition "hdr.ethernet.etherType == TYPE_SRCROUTING" (node_4) is false
[00:36:39.118] [bmv2] [T] [thread 91747] [0.0] [cxt 0] basic.p4(576) Condition "hdr.ethernet.etherType == TYPE_YEQUDESU" (node_12) is false
[00:36:39.118] [bmv2] [T] [thread 91747] [0.0] [cxt 0] basic.p4(582) Condition "hdr.vxlan.isValid()" (node_15) is false
[00:36:39.118] [bmv2] [T] [thread 91747] [0.0] [cxt 0] basic.p4(586) Condition "hdr.ipv6.isValid()" (node_17) is true
[00:36:39.118] [bmv2] [T] [thread 91747] [0.0] [cxt 0] Applying table 'MyIngress.ipv6_lpm'
[00:36:39.118] [bmv2] [D] [thread 91747] [0.0] [cxt 0] Looking up key:
* hdr.ipv6.dstAddr    : ff0200000000000000000001ff3bf85e

[00:36:39.118] [bmv2] [D] [thread 91747] [0.0] [cxt 0] Table 'MyIngress.ipv6_lpm': miss
[00:36:39.118] [bmv2] [D] [thread 91747] [0.0] [cxt 0] Action entry is NoAction - 
[00:36:39.118] [bmv2] [T] [thread 91747] [0.0] [cxt 0] Action NoAction
[00:36:39.118] [bmv2] [D] [thread 91747] [0.0] [cxt 0] Pipeline 'ingress': end
[00:36:39.118] [bmv2] [D] [thread 91747] [0.0] [cxt 0] Egress port is 0
[00:36:39.118] [bmv2] [D] [thread 91748] [0.0] [cxt 0] Pipeline 'egress': start
[00:36:39.118] [bmv2] [T] [thread 91748] [0.0] [cxt 0] basic.p4(684) Condition "standard_metadata.mcast_grp != 0" (node_28) is false
[00:36:39.118] [bmv2] [D] [thread 91748] [0.0] [cxt 0] Pipeline 'egress': end
[00:36:39.118] [bmv2] [D] [thread 91748] [0.0] [cxt 0] Deparser 'deparser': start
[00:36:39.118] [bmv2] [T] [thread 91748] [0.0] [cxt 0] Skipping checksum 'cksum' update because condition not met
[00:36:39.118] [bmv2] [D] [thread 91748] [0.0] [cxt 0] Deparsing header 'ethernet'
[00:36:39.118] [bmv2] [D] [thread 91748] [0.0] [cxt 0] Deparsing header 'ipv6'
[00:36:39.118] [bmv2] [D] [thread 91748] [0.0] [cxt 0] Deparser 'deparser': end
[00:36:39.118] [bmv2] [D] [thread 91752] [0.0] [cxt 0] Transmitting packet of size 86 out of port 0
[00:36:39.181] [bmv2] [D] [thread 91747] [1.0] [cxt 0] Processing packet received on port 4
[00:36:39.182] [bmv2] [D] [thread 91747] [1.0] [cxt 0] Parser 'parser': start
[00:36:39.182] [bmv2] [D] [thread 91747] [1.0] [cxt 0] Parser 'parser' entering state 'start'
[00:36:39.182] [bmv2] [D] [thread 91747] [1.0] [cxt 0] Extracting header 'ethernet'
[00:36:39.182] [bmv2] [D] [thread 91747] [1.0] [cxt 0] Parser state 'start': key is 86dd
[00:36:39.182] [bmv2] [T] [thread 91747] [1.0] [cxt 0] Bytes parsed: 14
[00:36:39.182] [bmv2] [D] [thread 91747] [1.0] [cxt 0] Parser 'parser' entering state 'parse_ipv6'
[00:36:39.182] [bmv2] [D] [thread 91747] [1.0] [cxt 0] Extracting header 'ipv6'
[00:36:39.182] [bmv2] [D] [thread 91747] [1.0] [cxt 0] Parser state 'parse_ipv6': key is 00
[00:36:39.182] [bmv2] [T] [thread 91747] [1.0] [cxt 0] Bytes parsed: 54
[00:36:39.182] [bmv2] [D] [thread 91747] [1.0] [cxt 0] Parser 'parser': end
[00:36:39.182] [bmv2] [D] [thread 91747] [1.0] [cxt 0] Pipeline 'ingress': start
[00:36:39.182] [bmv2] [T] [thread 91747] [1.0] [cxt 0] basic.p4(560) Condition "hdr.ethernet.etherType == TYPE_ARP" (node_2) is false
[00:36:39.182] [bmv2] [T] [thread 91747] [1.0] [cxt 0] basic.p4(563) Condition "hdr.ethernet.etherType == TYPE_SRCROUTING" (node_4) is false
[00:36:39.182] [bmv2] [T] [thread 91747] [1.0] [cxt 0] basic.p4(576) Condition "hdr.ethernet.etherType == TYPE_YEQUDESU" (node_12) is false
[00:36:39.182] [bmv2] [T] [thread 91747] [1.0] [cxt 0] basic.p4(582) Condition "hdr.vxlan.isValid()" (node_15) is false
[00:36:39.182] [bmv2] [T] [thread 91747] [1.0] [cxt 0] basic.p4(586) Condition "hdr.ipv6.isValid()" (node_17) is true
[00:36:39.182] [bmv2] [T] [thread 91747] [1.0] [cxt 0] Applying table 'MyIngress.ipv6_lpm'
[00:36:39.182] [bmv2] [D] [thread 91747] [1.0] [cxt 0] Looking up key:
* hdr.ipv6.dstAddr    : ff020000000000000000000000000016

[00:36:39.182] [bmv2] [D] [thread 91747] [1.0] [cxt 0] Table 'MyIngress.ipv6_lpm': miss
[00:36:39.182] [bmv2] [D] [thread 91747] [1.0] [cxt 0] Action entry is NoAction - 
[00:36:39.182] [bmv2] [T] [thread 91747] [1.0] [cxt 0] Action NoAction
[00:36:39.182] [bmv2] [D] [thread 91747] [1.0] [cxt 0] Pipeline 'ingress': end
[00:36:39.182] [bmv2] [D] [thread 91747] [1.0] [cxt 0] Egress port is 0
[00:36:39.182] [bmv2] [D] [thread 91748] [1.0] [cxt 0] Pipeline 'egress': start
[00:36:39.182] [bmv2] [T] [thread 91748] [1.0] [cxt 0] basic.p4(684) Condition "standard_metadata.mcast_grp != 0" (node_28) is false
[00:36:39.182] [bmv2] [D] [thread 91748] [1.0] [cxt 0] Pipeline 'egress': end
[00:36:39.182] [bmv2] [D] [thread 91748] [1.0] [cxt 0] Deparser 'deparser': start
[00:36:39.182] [bmv2] [T] [thread 91748] [1.0] [cxt 0] Skipping checksum 'cksum' update because condition not met
[00:36:39.182] [bmv2] [D] [thread 91748] [1.0] [cxt 0] Deparsing header 'ethernet'
[00:36:39.182] [bmv2] [D] [thread 91748] [1.0] [cxt 0] Deparsing header 'ipv6'
[00:36:39.182] [bmv2] [D] [thread 91748] [1.0] [cxt 0] Deparser 'deparser': end
[00:36:39.182] [bmv2] [D] [thread 91752] [1.0] [cxt 0] Transmitting packet of size 90 out of port 0
[00:36:39.310] [bmv2] [D] [thread 91747] [2.0] [cxt 0] Processing packet received on port 2
[00:36:39.310] [bmv2] [D] [thread 91747] [2.0] [cxt 0] Parser 'parser': start
[00:36:39.310] [bmv2] [D] [thread 91747] [2.0] [cxt 0] Parser 'parser' entering state 'start'
[00:36:39.310] [bmv2] [D] [thread 91747] [2.0] [cxt 0] Extracting header 'ethernet'
[00:36:39.310] [bmv2] [D] [thread 91747] [2.0] [cxt 0] Parser state 'start': key is 86dd
[00:36:39.310] [bmv2] [T] [thread 91747] [2.0] [cxt 0] Bytes parsed: 14
[00:36:39.310] [bmv2] [D] [thread 91747] [2.0] [cxt 0] Parser 'parser' entering state 'parse_ipv6'
[00:36:39.310] [bmv2] [D] [thread 91747] [2.0] [cxt 0] Extracting header 'ipv6'
[00:36:39.310] [bmv2] [D] [thread 91747] [2.0] [cxt 0] Parser state 'parse_ipv6': key is 00
[00:36:39.310] [bmv2] [T] [thread 91747] [2.0] [cxt 0] Bytes parsed: 54
[00:36:39.310] [bmv2] [D] [thread 91747] [2.0] [cxt 0] Parser 'parser': end
[00:36:39.310] [bmv2] [D] [thread 91747] [2.0] [cxt 0] Pipeline 'ingress': start
[00:36:39.310] [bmv2] [T] [thread 91747] [2.0] [cxt 0] basic.p4(560) Condition "hdr.ethernet.etherType == TYPE_ARP" (node_2) is false
[00:36:39.310] [bmv2] [T] [thread 91747] [2.0] [cxt 0] basic.p4(563) Condition "hdr.ethernet.etherType == TYPE_SRCROUTING" (node_4) is false
[00:36:39.310] [bmv2] [T] [thread 91747] [2.0] [cxt 0] basic.p4(576) Condition "hdr.ethernet.etherType == TYPE_YEQUDESU" (node_12) is false
[00:36:39.310] [bmv2] [T] [thread 91747] [2.0] [cxt 0] basic.p4(582) Condition "hdr.vxlan.isValid()" (node_15) is false
[00:36:39.310] [bmv2] [T] [thread 91747] [2.0] [cxt 0] basic.p4(586) Condition "hdr.ipv6.isValid()" (node_17) is true
[00:36:39.310] [bmv2] [T] [thread 91747] [2.0] [cxt 0] Applying table 'MyIngress.ipv6_lpm'
[00:36:39.310] [bmv2] [D] [thread 91747] [2.0] [cxt 0] Looking up key:
* hdr.ipv6.dstAddr    : ff020000000000000000000000000016

[00:36:39.310] [bmv2] [D] [thread 91747] [2.0] [cxt 0] Table 'MyIngress.ipv6_lpm': miss
[00:36:39.310] [bmv2] [D] [thread 91747] [2.0] [cxt 0] Action entry is NoAction - 
[00:36:39.310] [bmv2] [T] [thread 91747] [2.0] [cxt 0] Action NoAction
[00:36:39.310] [bmv2] [D] [thread 91747] [2.0] [cxt 0] Pipeline 'ingress': end
[00:36:39.310] [bmv2] [D] [thread 91747] [2.0] [cxt 0] Egress port is 0
[00:36:39.311] [bmv2] [D] [thread 91748] [2.0] [cxt 0] Pipeline 'egress': start
[00:36:39.311] [bmv2] [T] [thread 91748] [2.0] [cxt 0] basic.p4(684) Condition "standard_metadata.mcast_grp != 0" (node_28) is false
[00:36:39.311] [bmv2] [D] [thread 91748] [2.0] [cxt 0] Pipeline 'egress': end
[00:36:39.311] [bmv2] [D] [thread 91748] [2.0] [cxt 0] Deparser 'deparser': start
[00:36:39.311] [bmv2] [T] [thread 91748] [2.0] [cxt 0] Skipping checksum 'cksum' update because condition not met
[00:36:39.311] [bmv2] [D] [thread 91748] [2.0] [cxt 0] Deparsing header 'ethernet'
[00:36:39.311] [bmv2] [D] [thread 91748] [2.0] [cxt 0] Deparsing header 'ipv6'
[00:36:39.311] [bmv2] [D] [thread 91748] [2.0] [cxt 0] Deparser 'deparser': end
[00:36:39.311] [bmv2] [D] [thread 91747] [3.0] [cxt 0] Processing packet received on port 5
[00:36:39.311] [bmv2] [D] [thread 91752] [2.0] [cxt 0] Transmitting packet of size 90 out of port 0
[00:36:39.311] [bmv2] [D] [thread 91747] [3.0] [cxt 0] Parser 'parser': start
[00:36:39.311] [bmv2] [D] [thread 91747] [3.0] [cxt 0] Parser 'parser' entering state 'start'
[00:36:39.311] [bmv2] [D] [thread 91747] [3.0] [cxt 0] Extracting header 'ethernet'
[00:36:39.311] [bmv2] [D] [thread 91747] [3.0] [cxt 0] Parser state 'start': key is 86dd
[00:36:39.311] [bmv2] [T] [thread 91747] [3.0] [cxt 0] Bytes parsed: 14
[00:36:39.311] [bmv2] [D] [thread 91747] [3.0] [cxt 0] Parser 'parser' entering state 'parse_ipv6'
[00:36:39.311] [bmv2] [D] [thread 91747] [3.0] [cxt 0] Extracting header 'ipv6'
[00:36:39.311] [bmv2] [D] [thread 91747] [3.0] [cxt 0] Parser state 'parse_ipv6': key is 3a
[00:36:39.311] [bmv2] [T] [thread 91747] [3.0] [cxt 0] Bytes parsed: 54
[00:36:39.311] [bmv2] [D] [thread 91747] [3.0] [cxt 0] Parser 'parser': end
[00:36:39.311] [bmv2] [D] [thread 91747] [3.0] [cxt 0] Pipeline 'ingress': start
[00:36:39.311] [bmv2] [T] [thread 91747] [3.0] [cxt 0] basic.p4(560) Condition "hdr.ethernet.etherType == TYPE_ARP" (node_2) is false
[00:36:39.311] [bmv2] [T] [thread 91747] [3.0] [cxt 0] basic.p4(563) Condition "hdr.ethernet.etherType == TYPE_SRCROUTING" (node_4) is false
[00:36:39.311] [bmv2] [T] [thread 91747] [3.0] [cxt 0] basic.p4(576) Condition "hdr.ethernet.etherType == TYPE_YEQUDESU" (node_12) is false
[00:36:39.311] [bmv2] [T] [thread 91747] [3.0] [cxt 0] basic.p4(582) Condition "hdr.vxlan.isValid()" (node_15) is false
[00:36:39.311] [bmv2] [T] [thread 91747] [3.0] [cxt 0] basic.p4(586) Condition "hdr.ipv6.isValid()" (node_17) is true
[00:36:39.311] [bmv2] [T] [thread 91747] [3.0] [cxt 0] Applying table 'MyIngress.ipv6_lpm'
[00:36:39.311] [bmv2] [D] [thread 91747] [3.0] [cxt 0] Looking up key:
* hdr.ipv6.dstAddr    : ff0200000000000000000001ff86b4b1

[00:36:39.311] [bmv2] [D] [thread 91747] [3.0] [cxt 0] Table 'MyIngress.ipv6_lpm': miss
[00:36:39.311] [bmv2] [D] [thread 91747] [3.0] [cxt 0] Action entry is NoAction - 
[00:36:39.311] [bmv2] [T] [thread 91747] [3.0] [cxt 0] Action NoAction
[00:36:39.311] [bmv2] [D] [thread 91747] [3.0] [cxt 0] Pipeline 'ingress': end
[00:36:39.311] [bmv2] [D] [thread 91747] [3.0] [cxt 0] Egress port is 0
[00:36:39.313] [bmv2] [D] [thread 91748] [3.0] [cxt 0] Pipeline 'egress': start
[00:36:39.313] [bmv2] [T] [thread 91748] [3.0] [cxt 0] basic.p4(684) Condition "standard_metadata.mcast_grp != 0" (node_28) is false
[00:36:39.313] [bmv2] [D] [thread 91748] [3.0] [cxt 0] Pipeline 'egress': end
[00:36:39.313] [bmv2] [D] [thread 91748] [3.0] [cxt 0] Deparser 'deparser': start
[00:36:39.313] [bmv2] [T] [thread 91748] [3.0] [cxt 0] Skipping checksum 'cksum' update because condition not met
[00:36:39.313] [bmv2] [D] [thread 91748] [3.0] [cxt 0] Deparsing header 'ethernet'
[00:36:39.313] [bmv2] [D] [thread 91748] [3.0] [cxt 0] Deparsing header 'ipv6'
[00:36:39.313] [bmv2] [D] [thread 91748] [3.0] [cxt 0] Deparser 'deparser': end
[00:36:39.313] [bmv2] [D] [thread 91752] [3.0] [cxt 0] Transmitting packet of size 86 out of port 0
[00:36:39.374] [bmv2] [D] [thread 91747] [4.0] [cxt 0] Processing packet received on port 3
[00:36:39.374] [bmv2] [D] [thread 91747] [4.0] [cxt 0] Parser 'parser': start
[00:36:39.374] [bmv2] [D] [thread 91747] [4.0] [cxt 0] Parser 'parser' entering state 'start'
[00:36:39.374] [bmv2] [D] [thread 91747] [4.0] [cxt 0] Extracting header 'ethernet'
[00:36:39.374] [bmv2] [D] [thread 91747] [4.0] [cxt 0] Parser state 'start': key is 86dd
[00:36:39.374] [bmv2] [T] [thread 91747] [4.0] [cxt 0] Bytes parsed: 14
[00:36:39.374] [bmv2] [D] [thread 91747] [4.0] [cxt 0] Parser 'parser' entering state 'parse_ipv6'
[00:36:39.374] [bmv2] [D] [thread 91747] [4.0] [cxt 0] Extracting header 'ipv6'
[00:36:39.374] [bmv2] [D] [thread 91747] [4.0] [cxt 0] Parser state 'parse_ipv6': key is 00
[00:36:39.374] [bmv2] [T] [thread 91747] [4.0] [cxt 0] Bytes parsed: 54
[00:36:39.374] [bmv2] [D] [thread 91747] [4.0] [cxt 0] Parser 'parser': end
[00:36:39.374] [bmv2] [D] [thread 91747] [4.0] [cxt 0] Pipeline 'ingress': start
[00:36:39.374] [bmv2] [T] [thread 91747] [4.0] [cxt 0] basic.p4(560) Condition "hdr.ethernet.etherType == TYPE_ARP" (node_2) is false
[00:36:39.374] [bmv2] [T] [thread 91747] [4.0] [cxt 0] basic.p4(563) Condition "hdr.ethernet.etherType == TYPE_SRCROUTING" (node_4) is false
[00:36:39.374] [bmv2] [T] [thread 91747] [4.0] [cxt 0] basic.p4(576) Condition "hdr.ethernet.etherType == TYPE_YEQUDESU" (node_12) is false
[00:36:39.374] [bmv2] [T] [thread 91747] [4.0] [cxt 0] basic.p4(582) Condition "hdr.vxlan.isValid()" (node_15) is false
[00:36:39.374] [bmv2] [T] [thread 91747] [4.0] [cxt 0] basic.p4(586) Condition "hdr.ipv6.isValid()" (node_17) is true
[00:36:39.374] [bmv2] [T] [thread 91747] [4.0] [cxt 0] Applying table 'MyIngress.ipv6_lpm'
[00:36:39.374] [bmv2] [D] [thread 91747] [4.0] [cxt 0] Looking up key:
* hdr.ipv6.dstAddr    : ff020000000000000000000000000016

[00:36:39.374] [bmv2] [D] [thread 91747] [4.0] [cxt 0] Table 'MyIngress.ipv6_lpm': miss
[00:36:39.374] [bmv2] [D] [thread 91747] [4.0] [cxt 0] Action entry is NoAction - 
[00:36:39.374] [bmv2] [T] [thread 91747] [4.0] [cxt 0] Action NoAction
[00:36:39.374] [bmv2] [D] [thread 91747] [4.0] [cxt 0] Pipeline 'ingress': end
[00:36:39.374] [bmv2] [D] [thread 91747] [4.0] [cxt 0] Egress port is 0
[00:36:39.374] [bmv2] [D] [thread 91747] [5.0] [cxt 0] Processing packet received on port 4
[00:36:39.374] [bmv2] [D] [thread 91747] [5.0] [cxt 0] Parser 'parser': start
[00:36:39.374] [bmv2] [D] [thread 91747] [5.0] [cxt 0] Parser 'parser' entering state 'start'
[00:36:39.374] [bmv2] [D] [thread 91747] [5.0] [cxt 0] Extracting header 'ethernet'
[00:36:39.374] [bmv2] [D] [thread 91747] [5.0] [cxt 0] Parser state 'start': key is 86dd
[00:36:39.374] [bmv2] [T] [thread 91747] [5.0] [cxt 0] Bytes parsed: 14
[00:36:39.374] [bmv2] [D] [thread 91747] [5.0] [cxt 0] Parser 'parser' entering state 'parse_ipv6'
[00:36:39.374] [bmv2] [D] [thread 91747] [5.0] [cxt 0] Extracting header 'ipv6'
[00:36:39.374] [bmv2] [D] [thread 91747] [5.0] [cxt 0] Parser state 'parse_ipv6': key is 3a
[00:36:39.374] [bmv2] [T] [thread 91747] [5.0] [cxt 0] Bytes parsed: 54
[00:36:39.374] [bmv2] [D] [thread 91747] [5.0] [cxt 0] Parser 'parser': end
[00:36:39.374] [bmv2] [D] [thread 91747] [5.0] [cxt 0] Pipeline 'ingress': start
[00:36:39.374] [bmv2] [D] [thread 91748] [4.0] [cxt 0] Pipeline 'egress': start
[00:36:39.374] [bmv2] [T] [thread 91748] [4.0] [cxt 0] basic.p4(684) Condition "standard_metadata.mcast_grp != 0" (node_28) is false
[00:36:39.374] [bmv2] [D] [thread 91748] [4.0] [cxt 0] Pipeline 'egress': end
[00:36:39.374] [bmv2] [T] [thread 91747] [5.0] [cxt 0] basic.p4(560) Condition "hdr.ethernet.etherType == TYPE_ARP" (node_2) is false
[00:36:39.374] [bmv2] [D] [thread 91748] [4.0] [cxt 0] Deparser 'deparser': start
[00:36:39.374] [bmv2] [T] [thread 91747] [5.0] [cxt 0] basic.p4(563) Condition "hdr.ethernet.etherType == TYPE_SRCROUTING" (node_4) is false
[00:36:39.374] [bmv2] [T] [thread 91748] [4.0] [cxt 0] Skipping checksum 'cksum' update because condition not met
[00:36:39.374] [bmv2] [T] [thread 91747] [5.0] [cxt 0] basic.p4(576) Condition "hdr.ethernet.etherType == TYPE_YEQUDESU" (node_12) is false
[00:36:39.374] [bmv2] [D] [thread 91748] [4.0] [cxt 0] Deparsing header 'ethernet'
[00:36:39.374] [bmv2] [T] [thread 91747] [5.0] [cxt 0] basic.p4(582) Condition "hdr.vxlan.isValid()" (node_15) is false
[00:36:39.374] [bmv2] [D] [thread 91748] [4.0] [cxt 0] Deparsing header 'ipv6'
[00:36:39.374] [bmv2] [T] [thread 91747] [5.0] [cxt 0] basic.p4(586) Condition "hdr.ipv6.isValid()" (node_17) is true
[00:36:39.374] [bmv2] [D] [thread 91748] [4.0] [cxt 0] Deparser 'deparser': end
[00:36:39.374] [bmv2] [T] [thread 91747] [5.0] [cxt 0] Applying table 'MyIngress.ipv6_lpm'
[00:36:39.374] [bmv2] [D] [thread 91747] [5.0] [cxt 0] Looking up key:
* hdr.ipv6.dstAddr    : ff0200000000000000000001ffd19d67

[00:36:39.374] [bmv2] [D] [thread 91747] [5.0] [cxt 0] Table 'MyIngress.ipv6_lpm': miss
[00:36:39.374] [bmv2] [D] [thread 91747] [5.0] [cxt 0] Action entry is NoAction - 
[00:36:39.374] [bmv2] [T] [thread 91747] [5.0] [cxt 0] Action NoAction
[00:36:39.374] [bmv2] [D] [thread 91747] [5.0] [cxt 0] Pipeline 'ingress': end
[00:36:39.374] [bmv2] [D] [thread 91747] [5.0] [cxt 0] Egress port is 0
[00:36:39.374] [bmv2] [D] [thread 91752] [4.0] [cxt 0] Transmitting packet of size 90 out of port 0
[00:36:39.374] [bmv2] [D] [thread 91748] [5.0] [cxt 0] Pipeline 'egress': start
[00:36:39.374] [bmv2] [T] [thread 91748] [5.0] [cxt 0] basic.p4(684) Condition "standard_metadata.mcast_grp != 0" (node_28) is false
[00:36:39.374] [bmv2] [D] [thread 91748] [5.0] [cxt 0] Pipeline 'egress': end
[00:36:39.374] [bmv2] [D] [thread 91748] [5.0] [cxt 0] Deparser 'deparser': start
[00:36:39.374] [bmv2] [T] [thread 91748] [5.0] [cxt 0] Skipping checksum 'cksum' update because condition not met
[00:36:39.374] [bmv2] [D] [thread 91748] [5.0] [cxt 0] Deparsing header 'ethernet'
[00:36:39.374] [bmv2] [D] [thread 91748] [5.0] [cxt 0] Deparsing header 'ipv6'
[00:36:39.374] [bmv2] [D] [thread 91748] [5.0] [cxt 0] Deparser 'deparser': end
[00:36:39.374] [bmv2] [D] [thread 91752] [5.0] [cxt 0] Transmitting packet of size 86 out of port 0
[00:36:39.438] [bmv2] [D] [thread 91747] [6.0] [cxt 0] Processing packet received on port 1
[00:36:39.438] [bmv2] [D] [thread 91747] [6.0] [cxt 0] Parser 'parser': start
[00:36:39.438] [bmv2] [D] [thread 91747] [6.0] [cxt 0] Parser 'parser' entering state 'start'
[00:36:39.438] [bmv2] [D] [thread 91747] [6.0] [cxt 0] Extracting header 'ethernet'
[00:36:39.438] [bmv2] [D] [thread 91747] [6.0] [cxt 0] Parser state 'start': key is 86dd
[00:36:39.438] [bmv2] [T] [thread 91747] [6.0] [cxt 0] Bytes parsed: 14
[00:36:39.438] [bmv2] [D] [thread 91747] [6.0] [cxt 0] Parser 'parser' entering state 'parse_ipv6'
[00:36:39.438] [bmv2] [D] [thread 91747] [6.0] [cxt 0] Extracting header 'ipv6'
[00:36:39.438] [bmv2] [D] [thread 91747] [6.0] [cxt 0] Parser state 'parse_ipv6': key is 3a
[00:36:39.438] [bmv2] [T] [thread 91747] [6.0] [cxt 0] Bytes parsed: 54
[00:36:39.438] [bmv2] [D] [thread 91747] [6.0] [cxt 0] Parser 'parser': end
[00:36:39.438] [bmv2] [D] [thread 91747] [6.0] [cxt 0] Pipeline 'ingress': start
[00:36:39.438] [bmv2] [T] [thread 91747] [6.0] [cxt 0] basic.p4(560) Condition "hdr.ethernet.etherType == TYPE_ARP" (node_2) is false
[00:36:39.438] [bmv2] [T] [thread 91747] [6.0] [cxt 0] basic.p4(563) Condition "hdr.ethernet.etherType == TYPE_SRCROUTING" (node_4) is false
[00:36:39.438] [bmv2] [T] [thread 91747] [6.0] [cxt 0] basic.p4(576) Condition "hdr.ethernet.etherType == TYPE_YEQUDESU" (node_12) is false
[00:36:39.438] [bmv2] [T] [thread 91747] [6.0] [cxt 0] basic.p4(582) Condition "hdr.vxlan.isValid()" (node_15) is false
[00:36:39.438] [bmv2] [T] [thread 91747] [6.0] [cxt 0] basic.p4(586) Condition "hdr.ipv6.isValid()" (node_17) is true
[00:36:39.438] [bmv2] [T] [thread 91747] [6.0] [cxt 0] Applying table 'MyIngress.ipv6_lpm'
[00:36:39.438] [bmv2] [D] [thread 91747] [6.0] [cxt 0] Looking up key:
* hdr.ipv6.dstAddr    : ff0200000000000000000001ff777fde

[00:36:39.438] [bmv2] [D] [thread 91747] [6.0] [cxt 0] Table 'MyIngress.ipv6_lpm': miss
[00:36:39.438] [bmv2] [D] [thread 91747] [6.0] [cxt 0] Action entry is NoAction - 
[00:36:39.438] [bmv2] [T] [thread 91747] [6.0] [cxt 0] Action NoAction
[00:36:39.438] [bmv2] [D] [thread 91747] [6.0] [cxt 0] Pipeline 'ingress': end
[00:36:39.438] [bmv2] [D] [thread 91747] [6.0] [cxt 0] Egress port is 0
[00:36:39.438] [bmv2] [D] [thread 91748] [6.0] [cxt 0] Pipeline 'egress': start
[00:36:39.438] [bmv2] [T] [thread 91748] [6.0] [cxt 0] basic.p4(684) Condition "standard_metadata.mcast_grp != 0" (node_28) is false
[00:36:39.438] [bmv2] [D] [thread 91748] [6.0] [cxt 0] Pipeline 'egress': end
[00:36:39.438] [bmv2] [D] [thread 91748] [6.0] [cxt 0] Deparser 'deparser': start
[00:36:39.438] [bmv2] [T] [thread 91748] [6.0] [cxt 0] Skipping checksum 'cksum' update because condition not met
[00:36:39.438] [bmv2] [D] [thread 91748] [6.0] [cxt 0] Deparsing header 'ethernet'
[00:36:39.438] [bmv2] [D] [thread 91748] [6.0] [cxt 0] Deparsing header 'ipv6'
[00:36:39.438] [bmv2] [D] [thread 91748] [6.0] [cxt 0] Deparser 'deparser': end
[00:36:39.438] [bmv2] [D] [thread 91752] [6.0] [cxt 0] Transmitting packet of size 86 out of port 0
[00:36:39.501] [bmv2] [D] [thread 91747] [7.0] [cxt 0] Processing packet received on port 3
[00:36:39.501] [bmv2] [D] [thread 91747] [7.0] [cxt 0] Parser 'parser': start
[00:36:39.501] [bmv2] [D] [thread 91747] [7.0] [cxt 0] Parser 'parser' entering state 'start'
[00:36:39.501] [bmv2] [D] [thread 91747] [7.0] [cxt 0] Extracting header 'ethernet'
[00:36:39.501] [bmv2] [D] [thread 91747] [7.0] [cxt 0] Parser state 'start': key is 86dd
[00:36:39.501] [bmv2] [T] [thread 91747] [7.0] [cxt 0] Bytes parsed: 14
[00:36:39.501] [bmv2] [D] [thread 91747] [7.0] [cxt 0] Parser 'parser' entering state 'parse_ipv6'
[00:36:39.501] [bmv2] [D] [thread 91747] [7.0] [cxt 0] Extracting header 'ipv6'
[00:36:39.501] [bmv2] [D] [thread 91747] [7.0] [cxt 0] Parser state 'parse_ipv6': key is 3a
[00:36:39.501] [bmv2] [T] [thread 91747] [7.0] [cxt 0] Bytes parsed: 54
[00:36:39.501] [bmv2] [D] [thread 91747] [7.0] [cxt 0] Parser 'parser': end
[00:36:39.501] [bmv2] [D] [thread 91747] [7.0] [cxt 0] Pipeline 'ingress': start
[00:36:39.501] [bmv2] [T] [thread 91747] [7.0] [cxt 0] basic.p4(560) Condition "hdr.ethernet.etherType == TYPE_ARP" (node_2) is false
[00:36:39.501] [bmv2] [T] [thread 91747] [7.0] [cxt 0] basic.p4(563) Condition "hdr.ethernet.etherType == TYPE_SRCROUTING" (node_4) is false
[00:36:39.501] [bmv2] [T] [thread 91747] [7.0] [cxt 0] basic.p4(576) Condition "hdr.ethernet.etherType == TYPE_YEQUDESU" (node_12) is false
[00:36:39.501] [bmv2] [T] [thread 91747] [7.0] [cxt 0] basic.p4(582) Condition "hdr.vxlan.isValid()" (node_15) is false
[00:36:39.501] [bmv2] [T] [thread 91747] [7.0] [cxt 0] basic.p4(586) Condition "hdr.ipv6.isValid()" (node_17) is true
[00:36:39.501] [bmv2] [T] [thread 91747] [7.0] [cxt 0] Applying table 'MyIngress.ipv6_lpm'
[00:36:39.501] [bmv2] [D] [thread 91747] [7.0] [cxt 0] Looking up key:
* hdr.ipv6.dstAddr    : ff0200000000000000000001ff118bba

[00:36:39.501] [bmv2] [D] [thread 91747] [7.0] [cxt 0] Table 'MyIngress.ipv6_lpm': miss
[00:36:39.501] [bmv2] [D] [thread 91747] [7.0] [cxt 0] Action entry is NoAction - 
[00:36:39.501] [bmv2] [T] [thread 91747] [7.0] [cxt 0] Action NoAction
[00:36:39.501] [bmv2] [D] [thread 91747] [7.0] [cxt 0] Pipeline 'ingress': end
[00:36:39.501] [bmv2] [D] [thread 91747] [7.0] [cxt 0] Egress port is 0
[00:36:39.501] [bmv2] [D] [thread 91748] [7.0] [cxt 0] Pipeline 'egress': start
[00:36:39.501] [bmv2] [T] [thread 91748] [7.0] [cxt 0] basic.p4(684) Condition "standard_metadata.mcast_grp != 0" (node_28) is false
[00:36:39.501] [bmv2] [D] [thread 91748] [7.0] [cxt 0] Pipeline 'egress': end
[00:36:39.501] [bmv2] [D] [thread 91748] [7.0] [cxt 0] Deparser 'deparser': start
[00:36:39.501] [bmv2] [T] [thread 91748] [7.0] [cxt 0] Skipping checksum 'cksum' update because condition not met
[00:36:39.501] [bmv2] [D] [thread 91748] [7.0] [cxt 0] Deparsing header 'ethernet'
[00:36:39.501] [bmv2] [D] [thread 91748] [7.0] [cxt 0] Deparsing header 'ipv6'
[00:36:39.501] [bmv2] [D] [thread 91748] [7.0] [cxt 0] Deparser 'deparser': end
[00:36:39.501] [bmv2] [D] [thread 91752] [7.0] [cxt 0] Transmitting packet of size 86 out of port 0
[00:36:39.759] [bmv2] [D] [thread 91747] [8.0] [cxt 0] Processing packet received on port 2
[00:36:39.759] [bmv2] [D] [thread 91747] [8.0] [cxt 0] Parser 'parser': start
[00:36:39.759] [bmv2] [D] [thread 91747] [8.0] [cxt 0] Parser 'parser' entering state 'start'
[00:36:39.759] [bmv2] [D] [thread 91747] [8.0] [cxt 0] Extracting header 'ethernet'
[00:36:39.759] [bmv2] [D] [thread 91747] [8.0] [cxt 0] Parser state 'start': key is 86dd
[00:36:39.759] [bmv2] [T] [thread 91747] [8.0] [cxt 0] Bytes parsed: 14
[00:36:39.759] [bmv2] [D] [thread 91747] [8.0] [cxt 0] Parser 'parser' entering state 'parse_ipv6'
[00:36:39.759] [bmv2] [D] [thread 91747] [8.0] [cxt 0] Extracting header 'ipv6'
[00:36:39.759] [bmv2] [D] [thread 91747] [8.0] [cxt 0] Parser state 'parse_ipv6': key is 00
[00:36:39.759] [bmv2] [T] [thread 91747] [8.0] [cxt 0] Bytes parsed: 54
[00:36:39.759] [bmv2] [D] [thread 91747] [8.0] [cxt 0] Parser 'parser': end
[00:36:39.759] [bmv2] [D] [thread 91747] [8.0] [cxt 0] Pipeline 'ingress': start
[00:36:39.759] [bmv2] [T] [thread 91747] [8.0] [cxt 0] basic.p4(560) Condition "hdr.ethernet.etherType == TYPE_ARP" (node_2) is false
[00:36:39.759] [bmv2] [T] [thread 91747] [8.0] [cxt 0] basic.p4(563) Condition "hdr.ethernet.etherType == TYPE_SRCROUTING" (node_4) is false
[00:36:39.759] [bmv2] [T] [thread 91747] [8.0] [cxt 0] basic.p4(576) Condition "hdr.ethernet.etherType == TYPE_YEQUDESU" (node_12) is false
[00:36:39.759] [bmv2] [T] [thread 91747] [8.0] [cxt 0] basic.p4(582) Condition "hdr.vxlan.isValid()" (node_15) is false
[00:36:39.759] [bmv2] [T] [thread 91747] [8.0] [cxt 0] basic.p4(586) Condition "hdr.ipv6.isValid()" (node_17) is true
[00:36:39.759] [bmv2] [T] [thread 91747] [8.0] [cxt 0] Applying table 'MyIngress.ipv6_lpm'
[00:36:39.759] [bmv2] [D] [thread 91747] [8.0] [cxt 0] Looking up key:
* hdr.ipv6.dstAddr    : ff020000000000000000000000000016

[00:36:39.759] [bmv2] [D] [thread 91747] [8.0] [cxt 0] Table 'MyIngress.ipv6_lpm': miss
[00:36:39.759] [bmv2] [D] [thread 91747] [8.0] [cxt 0] Action entry is NoAction - 
[00:36:39.759] [bmv2] [T] [thread 91747] [8.0] [cxt 0] Action NoAction
[00:36:39.759] [bmv2] [D] [thread 91747] [8.0] [cxt 0] Pipeline 'ingress': end
[00:36:39.759] [bmv2] [D] [thread 91747] [8.0] [cxt 0] Egress port is 0
[00:36:39.759] [bmv2] [D] [thread 91747] [9.0] [cxt 0] Processing packet received on port 2
[00:36:39.759] [bmv2] [D] [thread 91747] [9.0] [cxt 0] Parser 'parser': start
[00:36:39.759] [bmv2] [D] [thread 91747] [9.0] [cxt 0] Parser 'parser' entering state 'start'
[00:36:39.759] [bmv2] [D] [thread 91747] [9.0] [cxt 0] Extracting header 'ethernet'
[00:36:39.759] [bmv2] [D] [thread 91747] [9.0] [cxt 0] Parser state 'start': key is 86dd
[00:36:39.759] [bmv2] [T] [thread 91747] [9.0] [cxt 0] Bytes parsed: 14
[00:36:39.759] [bmv2] [D] [thread 91747] [9.0] [cxt 0] Parser 'parser' entering state 'parse_ipv6'
[00:36:39.759] [bmv2] [D] [thread 91747] [9.0] [cxt 0] Extracting header 'ipv6'
[00:36:39.759] [bmv2] [D] [thread 91747] [9.0] [cxt 0] Parser state 'parse_ipv6': key is 3a
[00:36:39.759] [bmv2] [T] [thread 91747] [9.0] [cxt 0] Bytes parsed: 54
[00:36:39.759] [bmv2] [D] [thread 91747] [9.0] [cxt 0] Parser 'parser': end
[00:36:39.759] [bmv2] [D] [thread 91747] [9.0] [cxt 0] Pipeline 'ingress': start
[00:36:39.759] [bmv2] [T] [thread 91747] [9.0] [cxt 0] basic.p4(560) Condition "hdr.ethernet.etherType == TYPE_ARP" (node_2) is false
[00:36:39.759] [bmv2] [T] [thread 91747] [9.0] [cxt 0] basic.p4(563) Condition "hdr.ethernet.etherType == TYPE_SRCROUTING" (node_4) is false
[00:36:39.759] [bmv2] [T] [thread 91747] [9.0] [cxt 0] basic.p4(576) Condition "hdr.ethernet.etherType == TYPE_YEQUDESU" (node_12) is false
[00:36:39.759] [bmv2] [T] [thread 91747] [9.0] [cxt 0] basic.p4(582) Condition "hdr.vxlan.isValid()" (node_15) is false
[00:36:39.759] [bmv2] [T] [thread 91747] [9.0] [cxt 0] basic.p4(586) Condition "hdr.ipv6.isValid()" (node_17) is true
[00:36:39.759] [bmv2] [T] [thread 91747] [9.0] [cxt 0] Applying table 'MyIngress.ipv6_lpm'
[00:36:39.759] [bmv2] [D] [thread 91747] [9.0] [cxt 0] Looking up key:
* hdr.ipv6.dstAddr    : ff020000000000000000000000000002

[00:36:39.759] [bmv2] [D] [thread 91747] [9.0] [cxt 0] Table 'MyIngress.ipv6_lpm': miss
[00:36:39.759] [bmv2] [D] [thread 91747] [9.0] [cxt 0] Action entry is NoAction - 
[00:36:39.759] [bmv2] [T] [thread 91747] [9.0] [cxt 0] Action NoAction
[00:36:39.759] [bmv2] [D] [thread 91747] [9.0] [cxt 0] Pipeline 'ingress': end
[00:36:39.760] [bmv2] [D] [thread 91747] [9.0] [cxt 0] Egress port is 0
[00:36:39.760] [bmv2] [D] [thread 91748] [8.0] [cxt 0] Pipeline 'egress': start
[00:36:39.760] [bmv2] [T] [thread 91748] [8.0] [cxt 0] basic.p4(684) Condition "standard_metadata.mcast_grp != 0" (node_28) is false
[00:36:39.760] [bmv2] [D] [thread 91748] [8.0] [cxt 0] Pipeline 'egress': end
[00:36:39.760] [bmv2] [D] [thread 91748] [8.0] [cxt 0] Deparser 'deparser': start
[00:36:39.760] [bmv2] [T] [thread 91748] [8.0] [cxt 0] Skipping checksum 'cksum' update because condition not met
[00:36:39.760] [bmv2] [D] [thread 91748] [8.0] [cxt 0] Deparsing header 'ethernet'
[00:36:39.760] [bmv2] [D] [thread 91748] [8.0] [cxt 0] Deparsing header 'ipv6'
[00:36:39.760] [bmv2] [D] [thread 91748] [8.0] [cxt 0] Deparser 'deparser': end
[00:36:39.760] [bmv2] [D] [thread 91752] [8.0] [cxt 0] Transmitting packet of size 90 out of port 0
[00:36:39.760] [bmv2] [D] [thread 91748] [9.0] [cxt 0] Pipeline 'egress': start
[00:36:39.760] [bmv2] [T] [thread 91748] [9.0] [cxt 0] basic.p4(684) Condition "standard_metadata.mcast_grp != 0" (node_28) is false
[00:36:39.760] [bmv2] [D] [thread 91748] [9.0] [cxt 0] Pipeline 'egress': end
[00:36:39.760] [bmv2] [D] [thread 91748] [9.0] [cxt 0] Deparser 'deparser': start
[00:36:39.760] [bmv2] [T] [thread 91748] [9.0] [cxt 0] Skipping checksum 'cksum' update because condition not met
[00:36:39.760] [bmv2] [D] [thread 91748] [9.0] [cxt 0] Deparsing header 'ethernet'
[00:36:39.760] [bmv2] [D] [thread 91748] [9.0] [cxt 0] Deparsing header 'ipv6'
[00:36:39.760] [bmv2] [D] [thread 91748] [9.0] [cxt 0] Deparser 'deparser': end
[00:36:39.760] [bmv2] [D] [thread 91752] [9.0] [cxt 0] Transmitting packet of size 70 out of port 0
[00:36:39.761] [bmv2] [D] [thread 91747] [10.0] [cxt 0] Processing packet received on port 2
[00:36:39.761] [bmv2] [D] [thread 91747] [10.0] [cxt 0] Parser 'parser': start
[00:36:39.761] [bmv2] [D] [thread 91747] [10.0] [cxt 0] Parser 'parser' entering state 'start'
[00:36:39.761] [bmv2] [D] [thread 91747] [10.0] [cxt 0] Extracting header 'ethernet'
[00:36:39.761] [bmv2] [D] [thread 91747] [10.0] [cxt 0] Parser state 'start': key is 86dd
[00:36:39.761] [bmv2] [T] [thread 91747] [10.0] [cxt 0] Bytes parsed: 14
[00:36:39.761] [bmv2] [D] [thread 91747] [10.0] [cxt 0] Parser 'parser' entering state 'parse_ipv6'
[00:36:39.761] [bmv2] [D] [thread 91747] [10.0] [cxt 0] Extracting header 'ipv6'
[00:36:39.761] [bmv2] [D] [thread 91747] [10.0] [cxt 0] Parser state 'parse_ipv6': key is 00
[00:36:39.761] [bmv2] [T] [thread 91747] [10.0] [cxt 0] Bytes parsed: 54
[00:36:39.761] [bmv2] [D] [thread 91747] [10.0] [cxt 0] Parser 'parser': end
[00:36:39.761] [bmv2] [D] [thread 91747] [10.0] [cxt 0] Pipeline 'ingress': start
[00:36:39.761] [bmv2] [T] [thread 91747] [10.0] [cxt 0] basic.p4(560) Condition "hdr.ethernet.etherType == TYPE_ARP" (node_2) is false
[00:36:39.761] [bmv2] [T] [thread 91747] [10.0] [cxt 0] basic.p4(563) Condition "hdr.ethernet.etherType == TYPE_SRCROUTING" (node_4) is false
[00:36:39.761] [bmv2] [T] [thread 91747] [10.0] [cxt 0] basic.p4(576) Condition "hdr.ethernet.etherType == TYPE_YEQUDESU" (node_12) is false
[00:36:39.761] [bmv2] [T] [thread 91747] [10.0] [cxt 0] basic.p4(582) Condition "hdr.vxlan.isValid()" (node_15) is false
[00:36:39.761] [bmv2] [T] [thread 91747] [10.0] [cxt 0] basic.p4(586) Condition "hdr.ipv6.isValid()" (node_17) is true
[00:36:39.761] [bmv2] [T] [thread 91747] [10.0] [cxt 0] Applying table 'MyIngress.ipv6_lpm'
[00:36:39.761] [bmv2] [D] [thread 91747] [10.0] [cxt 0] Looking up key:
* hdr.ipv6.dstAddr    : ff020000000000000000000000000016

[00:36:39.761] [bmv2] [D] [thread 91747] [10.0] [cxt 0] Table 'MyIngress.ipv6_lpm': miss
[00:36:39.761] [bmv2] [D] [thread 91747] [10.0] [cxt 0] Action entry is NoAction - 
[00:36:39.761] [bmv2] [T] [thread 91747] [10.0] [cxt 0] Action NoAction
[00:36:39.761] [bmv2] [D] [thread 91747] [10.0] [cxt 0] Pipeline 'ingress': end
[00:36:39.761] [bmv2] [D] [thread 91747] [10.0] [cxt 0] Egress port is 0
[00:36:39.762] [bmv2] [D] [thread 91748] [10.0] [cxt 0] Pipeline 'egress': start
[00:36:39.762] [bmv2] [T] [thread 91748] [10.0] [cxt 0] basic.p4(684) Condition "standard_metadata.mcast_grp != 0" (node_28) is false
[00:36:39.762] [bmv2] [D] [thread 91748] [10.0] [cxt 0] Pipeline 'egress': end
[00:36:39.762] [bmv2] [D] [thread 91748] [10.0] [cxt 0] Deparser 'deparser': start
[00:36:39.762] [bmv2] [T] [thread 91748] [10.0] [cxt 0] Skipping checksum 'cksum' update because condition not met
[00:36:39.762] [bmv2] [D] [thread 91748] [10.0] [cxt 0] Deparsing header 'ethernet'
[00:36:39.762] [bmv2] [D] [thread 91748] [10.0] [cxt 0] Deparsing header 'ipv6'
[00:36:39.762] [bmv2] [D] [thread 91748] [10.0] [cxt 0] Deparser 'deparser': end
[00:36:39.762] [bmv2] [D] [thread 91752] [10.0] [cxt 0] Transmitting packet of size 90 out of port 0
[00:36:39.822] [bmv2] [D] [thread 91747] [11.0] [cxt 0] Processing packet received on port 3
[00:36:39.822] [bmv2] [D] [thread 91747] [11.0] [cxt 0] Parser 'parser': start
[00:36:39.822] [bmv2] [D] [thread 91747] [11.0] [cxt 0] Parser 'parser' entering state 'start'
[00:36:39.822] [bmv2] [D] [thread 91747] [11.0] [cxt 0] Extracting header 'ethernet'
[00:36:39.822] [bmv2] [D] [thread 91747] [11.0] [cxt 0] Parser state 'start': key is 86dd
[00:36:39.822] [bmv2] [T] [thread 91747] [11.0] [cxt 0] Bytes parsed: 14
[00:36:39.822] [bmv2] [D] [thread 91747] [11.0] [cxt 0] Parser 'parser' entering state 'parse_ipv6'
[00:36:39.822] [bmv2] [D] [thread 91747] [11.0] [cxt 0] Extracting header 'ipv6'
[00:36:39.822] [bmv2] [D] [thread 91747] [11.0] [cxt 0] Parser state 'parse_ipv6': key is 00
[00:36:39.822] [bmv2] [T] [thread 91747] [11.0] [cxt 0] Bytes parsed: 54
[00:36:39.822] [bmv2] [D] [thread 91747] [11.0] [cxt 0] Parser 'parser': end
[00:36:39.822] [bmv2] [D] [thread 91747] [11.0] [cxt 0] Pipeline 'ingress': start
[00:36:39.822] [bmv2] [T] [thread 91747] [11.0] [cxt 0] basic.p4(560) Condition "hdr.ethernet.etherType == TYPE_ARP" (node_2) is false
[00:36:39.822] [bmv2] [T] [thread 91747] [11.0] [cxt 0] basic.p4(563) Condition "hdr.ethernet.etherType == TYPE_SRCROUTING" (node_4) is false
[00:36:39.822] [bmv2] [T] [thread 91747] [11.0] [cxt 0] basic.p4(576) Condition "hdr.ethernet.etherType == TYPE_YEQUDESU" (node_12) is false
[00:36:39.822] [bmv2] [T] [thread 91747] [11.0] [cxt 0] basic.p4(582) Condition "hdr.vxlan.isValid()" (node_15) is false
[00:36:39.822] [bmv2] [T] [thread 91747] [11.0] [cxt 0] basic.p4(586) Condition "hdr.ipv6.isValid()" (node_17) is true
[00:36:39.822] [bmv2] [T] [thread 91747] [11.0] [cxt 0] Applying table 'MyIngress.ipv6_lpm'
[00:36:39.822] [bmv2] [D] [thread 91747] [11.0] [cxt 0] Looking up key:
* hdr.ipv6.dstAddr    : ff020000000000000000000000000016

[00:36:39.822] [bmv2] [D] [thread 91747] [11.0] [cxt 0] Table 'MyIngress.ipv6_lpm': miss
[00:36:39.822] [bmv2] [D] [thread 91747] [11.0] [cxt 0] Action entry is NoAction - 
[00:36:39.822] [bmv2] [T] [thread 91747] [11.0] [cxt 0] Action NoAction
[00:36:39.822] [bmv2] [D] [thread 91747] [11.0] [cxt 0] Pipeline 'ingress': end
[00:36:39.822] [bmv2] [D] [thread 91747] [11.0] [cxt 0] Egress port is 0
[00:36:39.822] [bmv2] [D] [thread 91747] [12.0] [cxt 0] Processing packet received on port 3
[00:36:39.822] [bmv2] [D] [thread 91747] [12.0] [cxt 0] Parser 'parser': start
[00:36:39.822] [bmv2] [D] [thread 91747] [12.0] [cxt 0] Parser 'parser' entering state 'start'
[00:36:39.822] [bmv2] [D] [thread 91747] [12.0] [cxt 0] Extracting header 'ethernet'
[00:36:39.822] [bmv2] [D] [thread 91747] [12.0] [cxt 0] Parser state 'start': key is 86dd
[00:36:39.822] [bmv2] [T] [thread 91747] [12.0] [cxt 0] Bytes parsed: 14
[00:36:39.822] [bmv2] [D] [thread 91747] [12.0] [cxt 0] Parser 'parser' entering state 'parse_ipv6'
[00:36:39.822] [bmv2] [D] [thread 91747] [12.0] [cxt 0] Extracting header 'ipv6'
[00:36:39.822] [bmv2] [D] [thread 91747] [12.0] [cxt 0] Parser state 'parse_ipv6': key is 3a
[00:36:39.822] [bmv2] [D] [thread 91748] [11.0] [cxt 0] Pipeline 'egress': start
[00:36:39.822] [bmv2] [T] [thread 91748] [11.0] [cxt 0] basic.p4(684) Condition "standard_metadata.mcast_grp != 0" (node_28) is false
[00:36:39.822] [bmv2] [D] [thread 91748] [11.0] [cxt 0] Pipeline 'egress': end
[00:36:39.822] [bmv2] [D] [thread 91748] [11.0] [cxt 0] Deparser 'deparser': start
[00:36:39.822] [bmv2] [T] [thread 91748] [11.0] [cxt 0] Skipping checksum 'cksum' update because condition not met
[00:36:39.822] [bmv2] [D] [thread 91748] [11.0] [cxt 0] Deparsing header 'ethernet'
[00:36:39.822] [bmv2] [D] [thread 91748] [11.0] [cxt 0] Deparsing header 'ipv6'
[00:36:39.822] [bmv2] [D] [thread 91748] [11.0] [cxt 0] Deparser 'deparser': end
[00:36:39.822] [bmv2] [T] [thread 91747] [12.0] [cxt 0] Bytes parsed: 54
[00:36:39.822] [bmv2] [D] [thread 91747] [12.0] [cxt 0] Parser 'parser': end
[00:36:39.822] [bmv2] [D] [thread 91747] [12.0] [cxt 0] Pipeline 'ingress': start
[00:36:39.822] [bmv2] [T] [thread 91747] [12.0] [cxt 0] basic.p4(560) Condition "hdr.ethernet.etherType == TYPE_ARP" (node_2) is false
[00:36:39.822] [bmv2] [T] [thread 91747] [12.0] [cxt 0] basic.p4(563) Condition "hdr.ethernet.etherType == TYPE_SRCROUTING" (node_4) is false
[00:36:39.822] [bmv2] [T] [thread 91747] [12.0] [cxt 0] basic.p4(576) Condition "hdr.ethernet.etherType == TYPE_YEQUDESU" (node_12) is false
[00:36:39.822] [bmv2] [T] [thread 91747] [12.0] [cxt 0] basic.p4(582) Condition "hdr.vxlan.isValid()" (node_15) is false
[00:36:39.822] [bmv2] [T] [thread 91747] [12.0] [cxt 0] basic.p4(586) Condition "hdr.ipv6.isValid()" (node_17) is true
[00:36:39.822] [bmv2] [T] [thread 91747] [12.0] [cxt 0] Applying table 'MyIngress.ipv6_lpm'
[00:36:39.822] [bmv2] [D] [thread 91747] [12.0] [cxt 0] Looking up key:
* hdr.ipv6.dstAddr    : ff020000000000000000000000000002

[00:36:39.822] [bmv2] [D] [thread 91747] [12.0] [cxt 0] Table 'MyIngress.ipv6_lpm': miss
[00:36:39.822] [bmv2] [D] [thread 91747] [12.0] [cxt 0] Action entry is NoAction - 
[00:36:39.822] [bmv2] [T] [thread 91747] [12.0] [cxt 0] Action NoAction
[00:36:39.822] [bmv2] [D] [thread 91747] [12.0] [cxt 0] Pipeline 'ingress': end
[00:36:39.822] [bmv2] [D] [thread 91747] [12.0] [cxt 0] Egress port is 0
[00:36:39.822] [bmv2] [D] [thread 91752] [11.0] [cxt 0] Transmitting packet of size 90 out of port 0
[00:36:39.822] [bmv2] [D] [thread 91748] [12.0] [cxt 0] Pipeline 'egress': start
[00:36:39.822] [bmv2] [T] [thread 91748] [12.0] [cxt 0] basic.p4(684) Condition "standard_metadata.mcast_grp != 0" (node_28) is false
[00:36:39.822] [bmv2] [D] [thread 91748] [12.0] [cxt 0] Pipeline 'egress': end
[00:36:39.822] [bmv2] [D] [thread 91748] [12.0] [cxt 0] Deparser 'deparser': start
[00:36:39.822] [bmv2] [T] [thread 91748] [12.0] [cxt 0] Skipping checksum 'cksum' update because condition not met
[00:36:39.822] [bmv2] [D] [thread 91748] [12.0] [cxt 0] Deparsing header 'ethernet'
[00:36:39.822] [bmv2] [D] [thread 91748] [12.0] [cxt 0] Deparsing header 'ipv6'
[00:36:39.822] [bmv2] [D] [thread 91748] [12.0] [cxt 0] Deparser 'deparser': end
[00:36:39.822] [bmv2] [D] [thread 91752] [12.0] [cxt 0] Transmitting packet of size 70 out of port 0
[00:36:39.824] [bmv2] [D] [thread 91747] [13.0] [cxt 0] Processing packet received on port 3
[00:36:39.824] [bmv2] [D] [thread 91747] [13.0] [cxt 0] Parser 'parser': start
[00:36:39.824] [bmv2] [D] [thread 91747] [13.0] [cxt 0] Parser 'parser' entering state 'start'
[00:36:39.824] [bmv2] [D] [thread 91747] [13.0] [cxt 0] Extracting header 'ethernet'
[00:36:39.824] [bmv2] [D] [thread 91747] [13.0] [cxt 0] Parser state 'start': key is 86dd
[00:36:39.824] [bmv2] [T] [thread 91747] [13.0] [cxt 0] Bytes parsed: 14
[00:36:39.824] [bmv2] [D] [thread 91747] [13.0] [cxt 0] Parser 'parser' entering state 'parse_ipv6'
[00:36:39.824] [bmv2] [D] [thread 91747] [13.0] [cxt 0] Extracting header 'ipv6'
[00:36:39.824] [bmv2] [D] [thread 91747] [13.0] [cxt 0] Parser state 'parse_ipv6': key is 00
[00:36:39.824] [bmv2] [T] [thread 91747] [13.0] [cxt 0] Bytes parsed: 54
[00:36:39.824] [bmv2] [D] [thread 91747] [13.0] [cxt 0] Parser 'parser': end
[00:36:39.824] [bmv2] [D] [thread 91747] [13.0] [cxt 0] Pipeline 'ingress': start
[00:36:39.824] [bmv2] [T] [thread 91747] [13.0] [cxt 0] basic.p4(560) Condition "hdr.ethernet.etherType == TYPE_ARP" (node_2) is false
[00:36:39.824] [bmv2] [T] [thread 91747] [13.0] [cxt 0] basic.p4(563) Condition "hdr.ethernet.etherType == TYPE_SRCROUTING" (node_4) is false
[00:36:39.824] [bmv2] [T] [thread 91747] [13.0] [cxt 0] basic.p4(576) Condition "hdr.ethernet.etherType == TYPE_YEQUDESU" (node_12) is false
[00:36:39.824] [bmv2] [T] [thread 91747] [13.0] [cxt 0] basic.p4(582) Condition "hdr.vxlan.isValid()" (node_15) is false
[00:36:39.824] [bmv2] [T] [thread 91747] [13.0] [cxt 0] basic.p4(586) Condition "hdr.ipv6.isValid()" (node_17) is true
[00:36:39.824] [bmv2] [T] [thread 91747] [13.0] [cxt 0] Applying table 'MyIngress.ipv6_lpm'
[00:36:39.824] [bmv2] [D] [thread 91747] [13.0] [cxt 0] Looking up key:
* hdr.ipv6.dstAddr    : ff020000000000000000000000000016

[00:36:39.824] [bmv2] [D] [thread 91747] [13.0] [cxt 0] Table 'MyIngress.ipv6_lpm': miss
[00:36:39.824] [bmv2] [D] [thread 91747] [13.0] [cxt 0] Action entry is NoAction - 
[00:36:39.824] [bmv2] [T] [thread 91747] [13.0] [cxt 0] Action NoAction
[00:36:39.824] [bmv2] [D] [thread 91747] [13.0] [cxt 0] Pipeline 'ingress': end
[00:36:39.824] [bmv2] [D] [thread 91747] [13.0] [cxt 0] Egress port is 0
[00:36:39.824] [bmv2] [D] [thread 91748] [13.0] [cxt 0] Pipeline 'egress': start
[00:36:39.825] [bmv2] [T] [thread 91748] [13.0] [cxt 0] basic.p4(684) Condition "standard_metadata.mcast_grp != 0" (node_28) is false
[00:36:39.825] [bmv2] [D] [thread 91748] [13.0] [cxt 0] Pipeline 'egress': end
[00:36:39.825] [bmv2] [D] [thread 91748] [13.0] [cxt 0] Deparser 'deparser': start
[00:36:39.825] [bmv2] [T] [thread 91748] [13.0] [cxt 0] Skipping checksum 'cksum' update because condition not met
[00:36:39.825] [bmv2] [D] [thread 91748] [13.0] [cxt 0] Deparsing header 'ethernet'
[00:36:39.825] [bmv2] [D] [thread 91748] [13.0] [cxt 0] Deparsing header 'ipv6'
[00:36:39.825] [bmv2] [D] [thread 91748] [13.0] [cxt 0] Deparser 'deparser': end
[00:36:39.825] [bmv2] [D] [thread 91752] [13.0] [cxt 0] Transmitting packet of size 90 out of port 0
[00:36:39.859] [bmv2] [D] [thread 91747] [14.0] [cxt 0] Processing packet received on port 2
[00:36:39.859] [bmv2] [D] [thread 91747] [14.0] [cxt 0] Parser 'parser': start
[00:36:39.859] [bmv2] [D] [thread 91747] [14.0] [cxt 0] Parser 'parser' entering state 'start'
[00:36:39.859] [bmv2] [D] [thread 91747] [14.0] [cxt 0] Extracting header 'ethernet'
[00:36:39.859] [bmv2] [D] [thread 91747] [14.0] [cxt 0] Parser state 'start': key is 86dd
[00:36:39.860] [bmv2] [T] [thread 91747] [14.0] [cxt 0] Bytes parsed: 14
[00:36:39.860] [bmv2] [D] [thread 91747] [14.0] [cxt 0] Parser 'parser' entering state 'parse_ipv6'
[00:36:39.860] [bmv2] [D] [thread 91747] [14.0] [cxt 0] Extracting header 'ipv6'
[00:36:39.860] [bmv2] [D] [thread 91747] [14.0] [cxt 0] Parser state 'parse_ipv6': key is 11
[00:36:39.860] [bmv2] [T] [thread 91747] [14.0] [cxt 0] Bytes parsed: 54
[00:36:39.860] [bmv2] [D] [thread 91747] [14.0] [cxt 0] Parser 'parser': end
[00:36:39.860] [bmv2] [D] [thread 91747] [14.0] [cxt 0] Pipeline 'ingress': start
[00:36:39.860] [bmv2] [T] [thread 91747] [14.0] [cxt 0] basic.p4(560) Condition "hdr.ethernet.etherType == TYPE_ARP" (node_2) is false
[00:36:39.860] [bmv2] [T] [thread 91747] [14.0] [cxt 0] basic.p4(563) Condition "hdr.ethernet.etherType == TYPE_SRCROUTING" (node_4) is false
[00:36:39.860] [bmv2] [T] [thread 91747] [14.0] [cxt 0] basic.p4(576) Condition "hdr.ethernet.etherType == TYPE_YEQUDESU" (node_12) is false
[00:36:39.860] [bmv2] [T] [thread 91747] [14.0] [cxt 0] basic.p4(582) Condition "hdr.vxlan.isValid()" (node_15) is false
[00:36:39.860] [bmv2] [T] [thread 91747] [14.0] [cxt 0] basic.p4(586) Condition "hdr.ipv6.isValid()" (node_17) is true
[00:36:39.860] [bmv2] [T] [thread 91747] [14.0] [cxt 0] Applying table 'MyIngress.ipv6_lpm'
[00:36:39.860] [bmv2] [D] [thread 91747] [14.0] [cxt 0] Looking up key:
* hdr.ipv6.dstAddr    : ff0200000000000000000000000000fb

[00:36:39.860] [bmv2] [D] [thread 91747] [14.0] [cxt 0] Table 'MyIngress.ipv6_lpm': miss
[00:36:39.860] [bmv2] [D] [thread 91747] [14.0] [cxt 0] Action entry is NoAction - 
[00:36:39.860] [bmv2] [T] [thread 91747] [14.0] [cxt 0] Action NoAction
[00:36:39.860] [bmv2] [D] [thread 91747] [14.0] [cxt 0] Pipeline 'ingress': end
[00:36:39.860] [bmv2] [D] [thread 91747] [14.0] [cxt 0] Egress port is 0
[00:36:39.860] [bmv2] [D] [thread 91748] [14.0] [cxt 0] Pipeline 'egress': start
[00:36:39.860] [bmv2] [T] [thread 91748] [14.0] [cxt 0] basic.p4(684) Condition "standard_metadata.mcast_grp != 0" (node_28) is false
[00:36:39.860] [bmv2] [D] [thread 91748] [14.0] [cxt 0] Pipeline 'egress': end
[00:36:39.860] [bmv2] [D] [thread 91748] [14.0] [cxt 0] Deparser 'deparser': start
[00:36:39.860] [bmv2] [T] [thread 91748] [14.0] [cxt 0] Skipping checksum 'cksum' update because condition not met
[00:36:39.860] [bmv2] [D] [thread 91748] [14.0] [cxt 0] Deparsing header 'ethernet'
[00:36:39.860] [bmv2] [D] [thread 91748] [14.0] [cxt 0] Deparsing header 'ipv6'
[00:36:39.860] [bmv2] [D] [thread 91748] [14.0] [cxt 0] Deparser 'deparser': end
[00:36:39.860] [bmv2] [D] [thread 91752] [14.0] [cxt 0] Transmitting packet of size 203 out of port 0
[00:36:39.869] [bmv2] [D] [thread 91747] [15.0] [cxt 0] Processing packet received on port 2
[00:36:39.869] [bmv2] [D] [thread 91747] [15.0] [cxt 0] Parser 'parser': start
[00:36:39.869] [bmv2] [D] [thread 91747] [15.0] [cxt 0] Parser 'parser' entering state 'start'
[00:36:39.869] [bmv2] [D] [thread 91747] [15.0] [cxt 0] Extracting header 'ethernet'
[00:36:39.869] [bmv2] [D] [thread 91747] [15.0] [cxt 0] Parser state 'start': key is 86dd
[00:36:39.869] [bmv2] [T] [thread 91747] [15.0] [cxt 0] Bytes parsed: 14
[00:36:39.869] [bmv2] [D] [thread 91747] [15.0] [cxt 0] Parser 'parser' entering state 'parse_ipv6'
[00:36:39.869] [bmv2] [D] [thread 91747] [15.0] [cxt 0] Extracting header 'ipv6'
[00:36:39.869] [bmv2] [D] [thread 91747] [15.0] [cxt 0] Parser state 'parse_ipv6': key is 11
[00:36:39.869] [bmv2] [T] [thread 91747] [15.0] [cxt 0] Bytes parsed: 54
[00:36:39.869] [bmv2] [D] [thread 91747] [15.0] [cxt 0] Parser 'parser': end
[00:36:39.869] [bmv2] [D] [thread 91747] [15.0] [cxt 0] Pipeline 'ingress': start
[00:36:39.869] [bmv2] [T] [thread 91747] [15.0] [cxt 0] basic.p4(560) Condition "hdr.ethernet.etherType == TYPE_ARP" (node_2) is false
[00:36:39.869] [bmv2] [T] [thread 91747] [15.0] [cxt 0] basic.p4(563) Condition "hdr.ethernet.etherType == TYPE_SRCROUTING" (node_4) is false
[00:36:39.869] [bmv2] [T] [thread 91747] [15.0] [cxt 0] basic.p4(576) Condition "hdr.ethernet.etherType == TYPE_YEQUDESU" (node_12) is false
[00:36:39.869] [bmv2] [T] [thread 91747] [15.0] [cxt 0] basic.p4(582) Condition "hdr.vxlan.isValid()" (node_15) is false
[00:36:39.869] [bmv2] [T] [thread 91747] [15.0] [cxt 0] basic.p4(586) Condition "hdr.ipv6.isValid()" (node_17) is true
[00:36:39.869] [bmv2] [T] [thread 91747] [15.0] [cxt 0] Applying table 'MyIngress.ipv6_lpm'
[00:36:39.869] [bmv2] [D] [thread 91747] [15.0] [cxt 0] Looking up key:
* hdr.ipv6.dstAddr    : ff0200000000000000000000000000fb

[00:36:39.869] [bmv2] [D] [thread 91747] [15.0] [cxt 0] Table 'MyIngress.ipv6_lpm': miss
[00:36:39.869] [bmv2] [D] [thread 91747] [15.0] [cxt 0] Action entry is NoAction - 
[00:36:39.869] [bmv2] [T] [thread 91747] [15.0] [cxt 0] Action NoAction
[00:36:39.869] [bmv2] [D] [thread 91747] [15.0] [cxt 0] Pipeline 'ingress': end
[00:36:39.869] [bmv2] [D] [thread 91747] [15.0] [cxt 0] Egress port is 0
[00:36:39.869] [bmv2] [D] [thread 91748] [15.0] [cxt 0] Pipeline 'egress': start
[00:36:39.869] [bmv2] [T] [thread 91748] [15.0] [cxt 0] basic.p4(684) Condition "standard_metadata.mcast_grp != 0" (node_28) is false
[00:36:39.869] [bmv2] [D] [thread 91748] [15.0] [cxt 0] Pipeline 'egress': end
[00:36:39.869] [bmv2] [D] [thread 91748] [15.0] [cxt 0] Deparser 'deparser': start
[00:36:39.869] [bmv2] [T] [thread 91748] [15.0] [cxt 0] Skipping checksum 'cksum' update because condition not met
[00:36:39.869] [bmv2] [D] [thread 91748] [15.0] [cxt 0] Deparsing header 'ethernet'
[00:36:39.869] [bmv2] [D] [thread 91748] [15.0] [cxt 0] Deparsing header 'ipv6'
[00:36:39.869] [bmv2] [D] [thread 91748] [15.0] [cxt 0] Deparser 'deparser': end
[00:36:39.869] [bmv2] [D] [thread 91752] [15.0] [cxt 0] Transmitting packet of size 211 out of port 0
[00:36:39.886] [bmv2] [D] [thread 91747] [16.0] [cxt 0] Processing packet received on port 5
[00:36:39.886] [bmv2] [D] [thread 91747] [16.0] [cxt 0] Parser 'parser': start
[00:36:39.886] [bmv2] [D] [thread 91747] [16.0] [cxt 0] Parser 'parser' entering state 'start'
[00:36:39.886] [bmv2] [D] [thread 91747] [16.0] [cxt 0] Extracting header 'ethernet'
[00:36:39.886] [bmv2] [D] [thread 91747] [16.0] [cxt 0] Parser state 'start': key is 86dd
[00:36:39.886] [bmv2] [T] [thread 91747] [16.0] [cxt 0] Bytes parsed: 14
[00:36:39.886] [bmv2] [D] [thread 91747] [16.0] [cxt 0] Parser 'parser' entering state 'parse_ipv6'
[00:36:39.886] [bmv2] [D] [thread 91747] [16.0] [cxt 0] Extracting header 'ipv6'
[00:36:39.886] [bmv2] [D] [thread 91747] [16.0] [cxt 0] Parser state 'parse_ipv6': key is 00
[00:36:39.886] [bmv2] [T] [thread 91747] [16.0] [cxt 0] Bytes parsed: 54
[00:36:39.886] [bmv2] [D] [thread 91747] [16.0] [cxt 0] Parser 'parser': end
[00:36:39.886] [bmv2] [D] [thread 91747] [16.0] [cxt 0] Pipeline 'ingress': start
[00:36:39.886] [bmv2] [T] [thread 91747] [16.0] [cxt 0] basic.p4(560) Condition "hdr.ethernet.etherType == TYPE_ARP" (node_2) is false
[00:36:39.886] [bmv2] [T] [thread 91747] [16.0] [cxt 0] basic.p4(563) Condition "hdr.ethernet.etherType == TYPE_SRCROUTING" (node_4) is false
[00:36:39.886] [bmv2] [T] [thread 91747] [16.0] [cxt 0] basic.p4(576) Condition "hdr.ethernet.etherType == TYPE_YEQUDESU" (node_12) is false
[00:36:39.886] [bmv2] [T] [thread 91747] [16.0] [cxt 0] basic.p4(582) Condition "hdr.vxlan.isValid()" (node_15) is false
[00:36:39.886] [bmv2] [T] [thread 91747] [16.0] [cxt 0] basic.p4(586) Condition "hdr.ipv6.isValid()" (node_17) is true
[00:36:39.886] [bmv2] [T] [thread 91747] [16.0] [cxt 0] Applying table 'MyIngress.ipv6_lpm'
[00:36:39.886] [bmv2] [D] [thread 91747] [16.0] [cxt 0] Looking up key:
* hdr.ipv6.dstAddr    : ff020000000000000000000000000016

[00:36:39.886] [bmv2] [D] [thread 91747] [16.0] [cxt 0] Table 'MyIngress.ipv6_lpm': miss
[00:36:39.886] [bmv2] [D] [thread 91747] [16.0] [cxt 0] Action entry is NoAction - 
[00:36:39.886] [bmv2] [T] [thread 91747] [16.0] [cxt 0] Action NoAction
[00:36:39.886] [bmv2] [D] [thread 91747] [16.0] [cxt 0] Pipeline 'ingress': end
[00:36:39.886] [bmv2] [D] [thread 91747] [16.0] [cxt 0] Egress port is 0
[00:36:39.886] [bmv2] [D] [thread 91747] [17.0] [cxt 0] Processing packet received on port 5
[00:36:39.886] [bmv2] [D] [thread 91747] [17.0] [cxt 0] Parser 'parser': start
[00:36:39.886] [bmv2] [D] [thread 91747] [17.0] [cxt 0] Parser 'parser' entering state 'start'
[00:36:39.886] [bmv2] [D] [thread 91747] [17.0] [cxt 0] Extracting header 'ethernet'
[00:36:39.886] [bmv2] [D] [thread 91748] [16.0] [cxt 0] Pipeline 'egress': start
[00:36:39.886] [bmv2] [T] [thread 91748] [16.0] [cxt 0] basic.p4(684) Condition "standard_metadata.mcast_grp != 0" (node_28) is false
[00:36:39.886] [bmv2] [D] [thread 91748] [16.0] [cxt 0] Pipeline 'egress': end
[00:36:39.886] [bmv2] [D] [thread 91748] [16.0] [cxt 0] Deparser 'deparser': start
[00:36:39.886] [bmv2] [T] [thread 91748] [16.0] [cxt 0] Skipping checksum 'cksum' update because condition not met
[00:36:39.886] [bmv2] [D] [thread 91748] [16.0] [cxt 0] Deparsing header 'ethernet'
[00:36:39.886] [bmv2] [D] [thread 91748] [16.0] [cxt 0] Deparsing header 'ipv6'
[00:36:39.886] [bmv2] [D] [thread 91748] [16.0] [cxt 0] Deparser 'deparser': end
[00:36:39.886] [bmv2] [D] [thread 91752] [16.0] [cxt 0] Transmitting packet of size 90 out of port 0
[00:36:39.886] [bmv2] [D] [thread 91747] [17.0] [cxt 0] Parser state 'start': key is 86dd
[00:36:39.886] [bmv2] [T] [thread 91747] [17.0] [cxt 0] Bytes parsed: 14
[00:36:39.886] [bmv2] [D] [thread 91747] [17.0] [cxt 0] Parser 'parser' entering state 'parse_ipv6'
[00:36:39.886] [bmv2] [D] [thread 91747] [17.0] [cxt 0] Extracting header 'ipv6'
[00:36:39.886] [bmv2] [D] [thread 91747] [17.0] [cxt 0] Parser state 'parse_ipv6': key is 3a
[00:36:39.886] [bmv2] [T] [thread 91747] [17.0] [cxt 0] Bytes parsed: 54
[00:36:39.886] [bmv2] [D] [thread 91747] [17.0] [cxt 0] Parser 'parser': end
[00:36:39.886] [bmv2] [D] [thread 91747] [17.0] [cxt 0] Pipeline 'ingress': start
[00:36:39.886] [bmv2] [T] [thread 91747] [17.0] [cxt 0] basic.p4(560) Condition "hdr.ethernet.etherType == TYPE_ARP" (node_2) is false
[00:36:39.886] [bmv2] [T] [thread 91747] [17.0] [cxt 0] basic.p4(563) Condition "hdr.ethernet.etherType == TYPE_SRCROUTING" (node_4) is false
[00:36:39.886] [bmv2] [T] [thread 91747] [17.0] [cxt 0] basic.p4(576) Condition "hdr.ethernet.etherType == TYPE_YEQUDESU" (node_12) is false
[00:36:39.886] [bmv2] [T] [thread 91747] [17.0] [cxt 0] basic.p4(582) Condition "hdr.vxlan.isValid()" (node_15) is false
[00:36:39.886] [bmv2] [T] [thread 91747] [17.0] [cxt 0] basic.p4(586) Condition "hdr.ipv6.isValid()" (node_17) is true
[00:36:39.886] [bmv2] [T] [thread 91747] [17.0] [cxt 0] Applying table 'MyIngress.ipv6_lpm'
[00:36:39.886] [bmv2] [D] [thread 91747] [17.0] [cxt 0] Looking up key:
* hdr.ipv6.dstAddr    : ff020000000000000000000000000002

[00:36:39.886] [bmv2] [D] [thread 91747] [17.0] [cxt 0] Table 'MyIngress.ipv6_lpm': miss
[00:36:39.886] [bmv2] [D] [thread 91747] [17.0] [cxt 0] Action entry is NoAction - 
[00:36:39.886] [bmv2] [T] [thread 91747] [17.0] [cxt 0] Action NoAction
[00:36:39.886] [bmv2] [D] [thread 91747] [17.0] [cxt 0] Pipeline 'ingress': end
[00:36:39.886] [bmv2] [D] [thread 91747] [17.0] [cxt 0] Egress port is 0
[00:36:39.886] [bmv2] [D] [thread 91747] [18.0] [cxt 0] Processing packet received on port 4
[00:36:39.886] [bmv2] [D] [thread 91747] [18.0] [cxt 0] Parser 'parser': start
[00:36:39.886] [bmv2] [D] [thread 91747] [18.0] [cxt 0] Parser 'parser' entering state 'start'
[00:36:39.886] [bmv2] [D] [thread 91747] [18.0] [cxt 0] Extracting header 'ethernet'
[00:36:39.886] [bmv2] [D] [thread 91747] [18.0] [cxt 0] Parser state 'start': key is 86dd
[00:36:39.886] [bmv2] [T] [thread 91747] [18.0] [cxt 0] Bytes parsed: 14
[00:36:39.886] [bmv2] [D] [thread 91747] [18.0] [cxt 0] Parser 'parser' entering state 'parse_ipv6'
[00:36:39.886] [bmv2] [D] [thread 91747] [18.0] [cxt 0] Extracting header 'ipv6'
[00:36:39.886] [bmv2] [D] [thread 91747] [18.0] [cxt 0] Parser state 'parse_ipv6': key is 00
[00:36:39.887] [bmv2] [T] [thread 91747] [18.0] [cxt 0] Bytes parsed: 54
[00:36:39.887] [bmv2] [D] [thread 91748] [17.0] [cxt 0] Pipeline 'egress': start
[00:36:39.887] [bmv2] [T] [thread 91748] [17.0] [cxt 0] basic.p4(684) Condition "standard_metadata.mcast_grp != 0" (node_28) is false
[00:36:39.887] [bmv2] [D] [thread 91748] [17.0] [cxt 0] Pipeline 'egress': end
[00:36:39.887] [bmv2] [D] [thread 91748] [17.0] [cxt 0] Deparser 'deparser': start
[00:36:39.887] [bmv2] [T] [thread 91748] [17.0] [cxt 0] Skipping checksum 'cksum' update because condition not met
[00:36:39.887] [bmv2] [D] [thread 91748] [17.0] [cxt 0] Deparsing header 'ethernet'
[00:36:39.887] [bmv2] [D] [thread 91748] [17.0] [cxt 0] Deparsing header 'ipv6'
[00:36:39.887] [bmv2] [D] [thread 91748] [17.0] [cxt 0] Deparser 'deparser': end
[00:36:39.887] [bmv2] [D] [thread 91752] [17.0] [cxt 0] Transmitting packet of size 70 out of port 0
[00:36:39.887] [bmv2] [D] [thread 91747] [18.0] [cxt 0] Parser 'parser': end
[00:36:39.887] [bmv2] [D] [thread 91747] [18.0] [cxt 0] Pipeline 'ingress': start
[00:36:39.887] [bmv2] [T] [thread 91747] [18.0] [cxt 0] basic.p4(560) Condition "hdr.ethernet.etherType == TYPE_ARP" (node_2) is false
[00:36:39.887] [bmv2] [T] [thread 91747] [18.0] [cxt 0] basic.p4(563) Condition "hdr.ethernet.etherType == TYPE_SRCROUTING" (node_4) is false
[00:36:39.887] [bmv2] [T] [thread 91747] [18.0] [cxt 0] basic.p4(576) Condition "hdr.ethernet.etherType == TYPE_YEQUDESU" (node_12) is false
[00:36:39.887] [bmv2] [T] [thread 91747] [18.0] [cxt 0] basic.p4(582) Condition "hdr.vxlan.isValid()" (node_15) is false
[00:36:39.887] [bmv2] [T] [thread 91747] [18.0] [cxt 0] basic.p4(586) Condition "hdr.ipv6.isValid()" (node_17) is true
[00:36:39.887] [bmv2] [T] [thread 91747] [18.0] [cxt 0] Applying table 'MyIngress.ipv6_lpm'
[00:36:39.887] [bmv2] [D] [thread 91747] [18.0] [cxt 0] Looking up key:
* hdr.ipv6.dstAddr    : ff020000000000000000000000000016

[00:36:39.887] [bmv2] [D] [thread 91747] [18.0] [cxt 0] Table 'MyIngress.ipv6_lpm': miss
[00:36:39.887] [bmv2] [D] [thread 91747] [18.0] [cxt 0] Action entry is NoAction - 
[00:36:39.887] [bmv2] [T] [thread 91747] [18.0] [cxt 0] Action NoAction
[00:36:39.887] [bmv2] [D] [thread 91747] [18.0] [cxt 0] Pipeline 'ingress': end
[00:36:39.887] [bmv2] [D] [thread 91747] [18.0] [cxt 0] Egress port is 0
[00:36:39.887] [bmv2] [D] [thread 91747] [19.0] [cxt 0] Processing packet received on port 4
[00:36:39.887] [bmv2] [D] [thread 91747] [19.0] [cxt 0] Parser 'parser': start
[00:36:39.887] [bmv2] [D] [thread 91747] [19.0] [cxt 0] Parser 'parser' entering state 'start'
[00:36:39.887] [bmv2] [D] [thread 91747] [19.0] [cxt 0] Extracting header 'ethernet'
[00:36:39.887] [bmv2] [D] [thread 91747] [19.0] [cxt 0] Parser state 'start': key is 86dd
[00:36:39.887] [bmv2] [T] [thread 91747] [19.0] [cxt 0] Bytes parsed: 14
[00:36:39.887] [bmv2] [D] [thread 91747] [19.0] [cxt 0] Parser 'parser' entering state 'parse_ipv6'
[00:36:39.887] [bmv2] [D] [thread 91747] [19.0] [cxt 0] Extracting header 'ipv6'
[00:36:39.887] [bmv2] [D] [thread 91747] [19.0] [cxt 0] Parser state 'parse_ipv6': key is 3a
[00:36:39.887] [bmv2] [T] [thread 91747] [19.0] [cxt 0] Bytes parsed: 54
[00:36:39.887] [bmv2] [D] [thread 91747] [19.0] [cxt 0] Parser 'parser': end
[00:36:39.887] [bmv2] [D] [thread 91747] [19.0] [cxt 0] Pipeline 'ingress': start
[00:36:39.887] [bmv2] [T] [thread 91747] [19.0] [cxt 0] basic.p4(560) Condition "hdr.ethernet.etherType == TYPE_ARP" (node_2) is false
[00:36:39.887] [bmv2] [T] [thread 91747] [19.0] [cxt 0] basic.p4(563) Condition "hdr.ethernet.etherType == TYPE_SRCROUTING" (node_4) is false
[00:36:39.887] [bmv2] [T] [thread 91747] [19.0] [cxt 0] basic.p4(576) Condition "hdr.ethernet.etherType == TYPE_YEQUDESU" (node_12) is false
[00:36:39.887] [bmv2] [T] [thread 91747] [19.0] [cxt 0] basic.p4(582) Condition "hdr.vxlan.isValid()" (node_15) is false
[00:36:39.887] [bmv2] [T] [thread 91747] [19.0] [cxt 0] basic.p4(586) Condition "hdr.ipv6.isValid()" (node_17) is true
[00:36:39.887] [bmv2] [T] [thread 91747] [19.0] [cxt 0] Applying table 'MyIngress.ipv6_lpm'
[00:36:39.887] [bmv2] [D] [thread 91747] [19.0] [cxt 0] Looking up key:
* hdr.ipv6.dstAddr    : ff020000000000000000000000000002

[00:36:39.887] [bmv2] [D] [thread 91747] [19.0] [cxt 0] Table 'MyIngress.ipv6_lpm': miss
[00:36:39.887] [bmv2] [D] [thread 91747] [19.0] [cxt 0] Action entry is NoAction - 
[00:36:39.887] [bmv2] [T] [thread 91747] [19.0] [cxt 0] Action NoAction
[00:36:39.887] [bmv2] [D] [thread 91747] [19.0] [cxt 0] Pipeline 'ingress': end
[00:36:39.887] [bmv2] [D] [thread 91747] [19.0] [cxt 0] Egress port is 0
[00:36:39.887] [bmv2] [D] [thread 91748] [18.0] [cxt 0] Pipeline 'egress': start
[00:36:39.887] [bmv2] [T] [thread 91748] [18.0] [cxt 0] basic.p4(684) Condition "standard_metadata.mcast_grp != 0" (node_28) is false
[00:36:39.887] [bmv2] [D] [thread 91748] [18.0] [cxt 0] Pipeline 'egress': end
[00:36:39.887] [bmv2] [D] [thread 91748] [18.0] [cxt 0] Deparser 'deparser': start
[00:36:39.887] [bmv2] [T] [thread 91748] [18.0] [cxt 0] Skipping checksum 'cksum' update because condition not met
[00:36:39.887] [bmv2] [D] [thread 91748] [18.0] [cxt 0] Deparsing header 'ethernet'
[00:36:39.887] [bmv2] [D] [thread 91748] [18.0] [cxt 0] Deparsing header 'ipv6'
[00:36:39.887] [bmv2] [D] [thread 91748] [18.0] [cxt 0] Deparser 'deparser': end
[00:36:39.887] [bmv2] [D] [thread 91748] [19.0] [cxt 0] Pipeline 'egress': start
[00:36:39.887] [bmv2] [T] [thread 91748] [19.0] [cxt 0] basic.p4(684) Condition "standard_metadata.mcast_grp != 0" (node_28) is false
[00:36:39.887] [bmv2] [D] [thread 91748] [19.0] [cxt 0] Pipeline 'egress': end
[00:36:39.887] [bmv2] [D] [thread 91748] [19.0] [cxt 0] Deparser 'deparser': start
[00:36:39.887] [bmv2] [T] [thread 91748] [19.0] [cxt 0] Skipping checksum 'cksum' update because condition not met
[00:36:39.887] [bmv2] [D] [thread 91748] [19.0] [cxt 0] Deparsing header 'ethernet'
[00:36:39.887] [bmv2] [D] [thread 91748] [19.0] [cxt 0] Deparsing header 'ipv6'
[00:36:39.887] [bmv2] [D] [thread 91748] [19.0] [cxt 0] Deparser 'deparser': end
[00:36:39.887] [bmv2] [D] [thread 91752] [18.0] [cxt 0] Transmitting packet of size 90 out of port 0
[00:36:39.887] [bmv2] [D] [thread 91752] [19.0] [cxt 0] Transmitting packet of size 70 out of port 0
[00:36:39.888] [bmv2] [D] [thread 91747] [20.0] [cxt 0] Processing packet received on port 5
[00:36:39.888] [bmv2] [D] [thread 91747] [20.0] [cxt 0] Parser 'parser': start
[00:36:39.888] [bmv2] [D] [thread 91747] [20.0] [cxt 0] Parser 'parser' entering state 'start'
[00:36:39.888] [bmv2] [D] [thread 91747] [20.0] [cxt 0] Extracting header 'ethernet'
[00:36:39.888] [bmv2] [D] [thread 91747] [20.0] [cxt 0] Parser state 'start': key is 86dd
[00:36:39.888] [bmv2] [T] [thread 91747] [20.0] [cxt 0] Bytes parsed: 14
[00:36:39.888] [bmv2] [D] [thread 91747] [20.0] [cxt 0] Parser 'parser' entering state 'parse_ipv6'
[00:36:39.888] [bmv2] [D] [thread 91747] [20.0] [cxt 0] Extracting header 'ipv6'
[00:36:39.888] [bmv2] [D] [thread 91747] [20.0] [cxt 0] Parser state 'parse_ipv6': key is 00
[00:36:39.888] [bmv2] [T] [thread 91747] [20.0] [cxt 0] Bytes parsed: 54
[00:36:39.888] [bmv2] [D] [thread 91747] [20.0] [cxt 0] Parser 'parser': end
[00:36:39.888] [bmv2] [D] [thread 91747] [20.0] [cxt 0] Pipeline 'ingress': start
[00:36:39.888] [bmv2] [T] [thread 91747] [20.0] [cxt 0] basic.p4(560) Condition "hdr.ethernet.etherType == TYPE_ARP" (node_2) is false
[00:36:39.888] [bmv2] [T] [thread 91747] [20.0] [cxt 0] basic.p4(563) Condition "hdr.ethernet.etherType == TYPE_SRCROUTING" (node_4) is false
[00:36:39.888] [bmv2] [T] [thread 91747] [20.0] [cxt 0] basic.p4(576) Condition "hdr.ethernet.etherType == TYPE_YEQUDESU" (node_12) is false
[00:36:39.888] [bmv2] [T] [thread 91747] [20.0] [cxt 0] basic.p4(582) Condition "hdr.vxlan.isValid()" (node_15) is false
[00:36:39.888] [bmv2] [T] [thread 91747] [20.0] [cxt 0] basic.p4(586) Condition "hdr.ipv6.isValid()" (node_17) is true
[00:36:39.888] [bmv2] [T] [thread 91747] [20.0] [cxt 0] Applying table 'MyIngress.ipv6_lpm'
[00:36:39.888] [bmv2] [D] [thread 91747] [20.0] [cxt 0] Looking up key:
* hdr.ipv6.dstAddr    : ff020000000000000000000000000016

[00:36:39.888] [bmv2] [D] [thread 91747] [20.0] [cxt 0] Table 'MyIngress.ipv6_lpm': miss
[00:36:39.888] [bmv2] [D] [thread 91747] [20.0] [cxt 0] Action entry is NoAction - 
[00:36:39.888] [bmv2] [T] [thread 91747] [20.0] [cxt 0] Action NoAction
[00:36:39.888] [bmv2] [D] [thread 91747] [20.0] [cxt 0] Pipeline 'ingress': end
[00:36:39.888] [bmv2] [D] [thread 91747] [20.0] [cxt 0] Egress port is 0
[00:36:39.888] [bmv2] [D] [thread 91748] [20.0] [cxt 0] Pipeline 'egress': start
[00:36:39.888] [bmv2] [T] [thread 91748] [20.0] [cxt 0] basic.p4(684) Condition "standard_metadata.mcast_grp != 0" (node_28) is false
[00:36:39.888] [bmv2] [D] [thread 91748] [20.0] [cxt 0] Pipeline 'egress': end
[00:36:39.888] [bmv2] [D] [thread 91748] [20.0] [cxt 0] Deparser 'deparser': start
[00:36:39.888] [bmv2] [T] [thread 91748] [20.0] [cxt 0] Skipping checksum 'cksum' update because condition not met
[00:36:39.888] [bmv2] [D] [thread 91748] [20.0] [cxt 0] Deparsing header 'ethernet'
[00:36:39.888] [bmv2] [D] [thread 91748] [20.0] [cxt 0] Deparsing header 'ipv6'
[00:36:39.888] [bmv2] [D] [thread 91748] [20.0] [cxt 0] Deparser 'deparser': end
[00:36:39.889] [bmv2] [D] [thread 91752] [20.0] [cxt 0] Transmitting packet of size 90 out of port 0
[00:36:39.890] [bmv2] [D] [thread 91747] [21.0] [cxt 0] Processing packet received on port 4
[00:36:39.890] [bmv2] [D] [thread 91747] [21.0] [cxt 0] Parser 'parser': start
[00:36:39.890] [bmv2] [D] [thread 91747] [21.0] [cxt 0] Parser 'parser' entering state 'start'
[00:36:39.890] [bmv2] [D] [thread 91747] [21.0] [cxt 0] Extracting header 'ethernet'
[00:36:39.890] [bmv2] [D] [thread 91747] [21.0] [cxt 0] Parser state 'start': key is 86dd
[00:36:39.890] [bmv2] [T] [thread 91747] [21.0] [cxt 0] Bytes parsed: 14
[00:36:39.890] [bmv2] [D] [thread 91747] [21.0] [cxt 0] Parser 'parser' entering state 'parse_ipv6'
[00:36:39.890] [bmv2] [D] [thread 91747] [21.0] [cxt 0] Extracting header 'ipv6'
[00:36:39.890] [bmv2] [D] [thread 91747] [21.0] [cxt 0] Parser state 'parse_ipv6': key is 00
[00:36:39.890] [bmv2] [T] [thread 91747] [21.0] [cxt 0] Bytes parsed: 54
[00:36:39.890] [bmv2] [D] [thread 91747] [21.0] [cxt 0] Parser 'parser': end
[00:36:39.890] [bmv2] [D] [thread 91747] [21.0] [cxt 0] Pipeline 'ingress': start
[00:36:39.890] [bmv2] [T] [thread 91747] [21.0] [cxt 0] basic.p4(560) Condition "hdr.ethernet.etherType == TYPE_ARP" (node_2) is false
[00:36:39.890] [bmv2] [T] [thread 91747] [21.0] [cxt 0] basic.p4(563) Condition "hdr.ethernet.etherType == TYPE_SRCROUTING" (node_4) is false
[00:36:39.890] [bmv2] [T] [thread 91747] [21.0] [cxt 0] basic.p4(576) Condition "hdr.ethernet.etherType == TYPE_YEQUDESU" (node_12) is false
[00:36:39.890] [bmv2] [T] [thread 91747] [21.0] [cxt 0] basic.p4(582) Condition "hdr.vxlan.isValid()" (node_15) is false
[00:36:39.890] [bmv2] [T] [thread 91747] [21.0] [cxt 0] basic.p4(586) Condition "hdr.ipv6.isValid()" (node_17) is true
[00:36:39.890] [bmv2] [T] [thread 91747] [21.0] [cxt 0] Applying table 'MyIngress.ipv6_lpm'
[00:36:39.890] [bmv2] [D] [thread 91747] [21.0] [cxt 0] Looking up key:
* hdr.ipv6.dstAddr    : ff020000000000000000000000000016

[00:36:39.891] [bmv2] [D] [thread 91747] [21.0] [cxt 0] Table 'MyIngress.ipv6_lpm': miss
[00:36:39.891] [bmv2] [D] [thread 91747] [21.0] [cxt 0] Action entry is NoAction - 
[00:36:39.891] [bmv2] [T] [thread 91747] [21.0] [cxt 0] Action NoAction
[00:36:39.891] [bmv2] [D] [thread 91747] [21.0] [cxt 0] Pipeline 'ingress': end
[00:36:39.891] [bmv2] [D] [thread 91747] [21.0] [cxt 0] Egress port is 0
[00:36:39.891] [bmv2] [D] [thread 91748] [21.0] [cxt 0] Pipeline 'egress': start
[00:36:39.891] [bmv2] [T] [thread 91748] [21.0] [cxt 0] basic.p4(684) Condition "standard_metadata.mcast_grp != 0" (node_28) is false
[00:36:39.891] [bmv2] [D] [thread 91748] [21.0] [cxt 0] Pipeline 'egress': end
[00:36:39.891] [bmv2] [D] [thread 91748] [21.0] [cxt 0] Deparser 'deparser': start
[00:36:39.891] [bmv2] [T] [thread 91748] [21.0] [cxt 0] Skipping checksum 'cksum' update because condition not met
[00:36:39.891] [bmv2] [D] [thread 91748] [21.0] [cxt 0] Deparsing header 'ethernet'
[00:36:39.891] [bmv2] [D] [thread 91748] [21.0] [cxt 0] Deparsing header 'ipv6'
[00:36:39.891] [bmv2] [D] [thread 91748] [21.0] [cxt 0] Deparser 'deparser': end
[00:36:39.891] [bmv2] [D] [thread 91752] [21.0] [cxt 0] Transmitting packet of size 90 out of port 0
[00:36:39.923] [bmv2] [D] [thread 91747] [22.0] [cxt 0] Processing packet received on port 3
[00:36:39.923] [bmv2] [D] [thread 91747] [22.0] [cxt 0] Parser 'parser': start
[00:36:39.923] [bmv2] [D] [thread 91747] [22.0] [cxt 0] Parser 'parser' entering state 'start'
[00:36:39.923] [bmv2] [D] [thread 91747] [22.0] [cxt 0] Extracting header 'ethernet'
[00:36:39.923] [bmv2] [D] [thread 91747] [22.0] [cxt 0] Parser state 'start': key is 86dd
[00:36:39.923] [bmv2] [T] [thread 91747] [22.0] [cxt 0] Bytes parsed: 14
[00:36:39.923] [bmv2] [D] [thread 91747] [22.0] [cxt 0] Parser 'parser' entering state 'parse_ipv6'
[00:36:39.923] [bmv2] [D] [thread 91747] [22.0] [cxt 0] Extracting header 'ipv6'
[00:36:39.923] [bmv2] [D] [thread 91747] [22.0] [cxt 0] Parser state 'parse_ipv6': key is 11
[00:36:39.923] [bmv2] [T] [thread 91747] [22.0] [cxt 0] Bytes parsed: 54
[00:36:39.923] [bmv2] [D] [thread 91747] [22.0] [cxt 0] Parser 'parser': end
[00:36:39.923] [bmv2] [D] [thread 91747] [22.0] [cxt 0] Pipeline 'ingress': start
[00:36:39.923] [bmv2] [T] [thread 91747] [22.0] [cxt 0] basic.p4(560) Condition "hdr.ethernet.etherType == TYPE_ARP" (node_2) is false
[00:36:39.923] [bmv2] [T] [thread 91747] [22.0] [cxt 0] basic.p4(563) Condition "hdr.ethernet.etherType == TYPE_SRCROUTING" (node_4) is false
[00:36:39.923] [bmv2] [T] [thread 91747] [22.0] [cxt 0] basic.p4(576) Condition "hdr.ethernet.etherType == TYPE_YEQUDESU" (node_12) is false
[00:36:39.923] [bmv2] [T] [thread 91747] [22.0] [cxt 0] basic.p4(582) Condition "hdr.vxlan.isValid()" (node_15) is false
[00:36:39.923] [bmv2] [T] [thread 91747] [22.0] [cxt 0] basic.p4(586) Condition "hdr.ipv6.isValid()" (node_17) is true
[00:36:39.923] [bmv2] [T] [thread 91747] [22.0] [cxt 0] Applying table 'MyIngress.ipv6_lpm'
[00:36:39.923] [bmv2] [D] [thread 91747] [22.0] [cxt 0] Looking up key:
* hdr.ipv6.dstAddr    : ff0200000000000000000000000000fb

[00:36:39.923] [bmv2] [D] [thread 91747] [22.0] [cxt 0] Table 'MyIngress.ipv6_lpm': miss
[00:36:39.923] [bmv2] [D] [thread 91747] [22.0] [cxt 0] Action entry is NoAction - 
[00:36:39.923] [bmv2] [T] [thread 91747] [22.0] [cxt 0] Action NoAction
[00:36:39.923] [bmv2] [D] [thread 91747] [22.0] [cxt 0] Pipeline 'ingress': end
[00:36:39.923] [bmv2] [D] [thread 91747] [22.0] [cxt 0] Egress port is 0
[00:36:39.923] [bmv2] [D] [thread 91748] [22.0] [cxt 0] Pipeline 'egress': start
[00:36:39.923] [bmv2] [T] [thread 91748] [22.0] [cxt 0] basic.p4(684) Condition "standard_metadata.mcast_grp != 0" (node_28) is false
[00:36:39.923] [bmv2] [D] [thread 91748] [22.0] [cxt 0] Pipeline 'egress': end
[00:36:39.923] [bmv2] [D] [thread 91748] [22.0] [cxt 0] Deparser 'deparser': start
[00:36:39.923] [bmv2] [T] [thread 91748] [22.0] [cxt 0] Skipping checksum 'cksum' update because condition not met
[00:36:39.923] [bmv2] [D] [thread 91748] [22.0] [cxt 0] Deparsing header 'ethernet'
[00:36:39.923] [bmv2] [D] [thread 91748] [22.0] [cxt 0] Deparsing header 'ipv6'
[00:36:39.923] [bmv2] [D] [thread 91748] [22.0] [cxt 0] Deparser 'deparser': end
[00:36:39.923] [bmv2] [D] [thread 91752] [22.0] [cxt 0] Transmitting packet of size 203 out of port 0
[00:36:39.931] [bmv2] [D] [thread 91747] [23.0] [cxt 0] Processing packet received on port 3
[00:36:39.931] [bmv2] [D] [thread 91747] [23.0] [cxt 0] Parser 'parser': start
[00:36:39.931] [bmv2] [D] [thread 91747] [23.0] [cxt 0] Parser 'parser' entering state 'start'
[00:36:39.931] [bmv2] [D] [thread 91747] [23.0] [cxt 0] Extracting header 'ethernet'
[00:36:39.931] [bmv2] [D] [thread 91747] [23.0] [cxt 0] Parser state 'start': key is 86dd
[00:36:39.931] [bmv2] [T] [thread 91747] [23.0] [cxt 0] Bytes parsed: 14
[00:36:39.931] [bmv2] [D] [thread 91747] [23.0] [cxt 0] Parser 'parser' entering state 'parse_ipv6'
[00:36:39.931] [bmv2] [D] [thread 91747] [23.0] [cxt 0] Extracting header 'ipv6'
[00:36:39.931] [bmv2] [D] [thread 91747] [23.0] [cxt 0] Parser state 'parse_ipv6': key is 11
[00:36:39.931] [bmv2] [T] [thread 91747] [23.0] [cxt 0] Bytes parsed: 54
[00:36:39.931] [bmv2] [D] [thread 91747] [23.0] [cxt 0] Parser 'parser': end
[00:36:39.931] [bmv2] [D] [thread 91747] [23.0] [cxt 0] Pipeline 'ingress': start
[00:36:39.931] [bmv2] [T] [thread 91747] [23.0] [cxt 0] basic.p4(560) Condition "hdr.ethernet.etherType == TYPE_ARP" (node_2) is false
[00:36:39.931] [bmv2] [T] [thread 91747] [23.0] [cxt 0] basic.p4(563) Condition "hdr.ethernet.etherType == TYPE_SRCROUTING" (node_4) is false
[00:36:39.931] [bmv2] [T] [thread 91747] [23.0] [cxt 0] basic.p4(576) Condition "hdr.ethernet.etherType == TYPE_YEQUDESU" (node_12) is false
[00:36:39.931] [bmv2] [T] [thread 91747] [23.0] [cxt 0] basic.p4(582) Condition "hdr.vxlan.isValid()" (node_15) is false
[00:36:39.931] [bmv2] [T] [thread 91747] [23.0] [cxt 0] basic.p4(586) Condition "hdr.ipv6.isValid()" (node_17) is true
[00:36:39.931] [bmv2] [T] [thread 91747] [23.0] [cxt 0] Applying table 'MyIngress.ipv6_lpm'
[00:36:39.931] [bmv2] [D] [thread 91747] [23.0] [cxt 0] Looking up key:
* hdr.ipv6.dstAddr    : ff0200000000000000000000000000fb

[00:36:39.931] [bmv2] [D] [thread 91747] [23.0] [cxt 0] Table 'MyIngress.ipv6_lpm': miss
[00:36:39.931] [bmv2] [D] [thread 91747] [23.0] [cxt 0] Action entry is NoAction - 
[00:36:39.931] [bmv2] [T] [thread 91747] [23.0] [cxt 0] Action NoAction
[00:36:39.931] [bmv2] [D] [thread 91747] [23.0] [cxt 0] Pipeline 'ingress': end
[00:36:39.931] [bmv2] [D] [thread 91747] [23.0] [cxt 0] Egress port is 0
[00:36:39.931] [bmv2] [D] [thread 91748] [23.0] [cxt 0] Pipeline 'egress': start
[00:36:39.931] [bmv2] [T] [thread 91748] [23.0] [cxt 0] basic.p4(684) Condition "standard_metadata.mcast_grp != 0" (node_28) is false
[00:36:39.931] [bmv2] [D] [thread 91748] [23.0] [cxt 0] Pipeline 'egress': end
[00:36:39.931] [bmv2] [D] [thread 91748] [23.0] [cxt 0] Deparser 'deparser': start
[00:36:39.931] [bmv2] [T] [thread 91748] [23.0] [cxt 0] Skipping checksum 'cksum' update because condition not met
[00:36:39.931] [bmv2] [D] [thread 91748] [23.0] [cxt 0] Deparsing header 'ethernet'
[00:36:39.931] [bmv2] [D] [thread 91748] [23.0] [cxt 0] Deparsing header 'ipv6'
[00:36:39.931] [bmv2] [D] [thread 91748] [23.0] [cxt 0] Deparser 'deparser': end
[00:36:39.931] [bmv2] [D] [thread 91752] [23.0] [cxt 0] Transmitting packet of size 211 out of port 0
[00:36:39.987] [bmv2] [D] [thread 91747] [24.0] [cxt 0] Processing packet received on port 4
[00:36:39.987] [bmv2] [D] [thread 91747] [24.0] [cxt 0] Parser 'parser': start
[00:36:39.987] [bmv2] [D] [thread 91747] [24.0] [cxt 0] Parser 'parser' entering state 'start'
[00:36:39.987] [bmv2] [D] [thread 91747] [24.0] [cxt 0] Extracting header 'ethernet'
[00:36:39.987] [bmv2] [D] [thread 91747] [24.0] [cxt 0] Parser state 'start': key is 86dd
[00:36:39.987] [bmv2] [T] [thread 91747] [24.0] [cxt 0] Bytes parsed: 14
[00:36:39.987] [bmv2] [D] [thread 91747] [24.0] [cxt 0] Parser 'parser' entering state 'parse_ipv6'
[00:36:39.987] [bmv2] [D] [thread 91747] [24.0] [cxt 0] Extracting header 'ipv6'
[00:36:39.987] [bmv2] [D] [thread 91747] [24.0] [cxt 0] Parser state 'parse_ipv6': key is 11
[00:36:39.987] [bmv2] [T] [thread 91747] [24.0] [cxt 0] Bytes parsed: 54
[00:36:39.987] [bmv2] [D] [thread 91747] [24.0] [cxt 0] Parser 'parser': end
[00:36:39.987] [bmv2] [D] [thread 91747] [24.0] [cxt 0] Pipeline 'ingress': start
[00:36:39.987] [bmv2] [T] [thread 91747] [24.0] [cxt 0] basic.p4(560) Condition "hdr.ethernet.etherType == TYPE_ARP" (node_2) is false
[00:36:39.987] [bmv2] [T] [thread 91747] [24.0] [cxt 0] basic.p4(563) Condition "hdr.ethernet.etherType == TYPE_SRCROUTING" (node_4) is false
[00:36:39.987] [bmv2] [T] [thread 91747] [24.0] [cxt 0] basic.p4(576) Condition "hdr.ethernet.etherType == TYPE_YEQUDESU" (node_12) is false
[00:36:39.987] [bmv2] [T] [thread 91747] [24.0] [cxt 0] basic.p4(582) Condition "hdr.vxlan.isValid()" (node_15) is false
[00:36:39.987] [bmv2] [T] [thread 91747] [24.0] [cxt 0] basic.p4(586) Condition "hdr.ipv6.isValid()" (node_17) is true
[00:36:39.987] [bmv2] [T] [thread 91747] [24.0] [cxt 0] Applying table 'MyIngress.ipv6_lpm'
[00:36:39.987] [bmv2] [D] [thread 91747] [24.0] [cxt 0] Looking up key:
* hdr.ipv6.dstAddr    : ff0200000000000000000000000000fb

[00:36:39.987] [bmv2] [D] [thread 91747] [24.0] [cxt 0] Table 'MyIngress.ipv6_lpm': miss
[00:36:39.987] [bmv2] [D] [thread 91747] [24.0] [cxt 0] Action entry is NoAction - 
[00:36:39.987] [bmv2] [T] [thread 91747] [24.0] [cxt 0] Action NoAction
[00:36:39.987] [bmv2] [D] [thread 91747] [24.0] [cxt 0] Pipeline 'ingress': end
[00:36:39.987] [bmv2] [D] [thread 91747] [24.0] [cxt 0] Egress port is 0
[00:36:39.987] [bmv2] [D] [thread 91747] [25.0] [cxt 0] Processing packet received on port 5
[00:36:39.987] [bmv2] [D] [thread 91747] [25.0] [cxt 0] Parser 'parser': start
[00:36:39.987] [bmv2] [D] [thread 91747] [25.0] [cxt 0] Parser 'parser' entering state 'start'
[00:36:39.987] [bmv2] [D] [thread 91747] [25.0] [cxt 0] Extracting header 'ethernet'
[00:36:39.987] [bmv2] [D] [thread 91747] [25.0] [cxt 0] Parser state 'start': key is 86dd
[00:36:39.987] [bmv2] [T] [thread 91747] [25.0] [cxt 0] Bytes parsed: 14
[00:36:39.987] [bmv2] [D] [thread 91747] [25.0] [cxt 0] Parser 'parser' entering state 'parse_ipv6'
[00:36:39.987] [bmv2] [D] [thread 91747] [25.0] [cxt 0] Extracting header 'ipv6'
[00:36:39.987] [bmv2] [D] [thread 91747] [25.0] [cxt 0] Parser state 'parse_ipv6': key is 11
[00:36:39.987] [bmv2] [D] [thread 91748] [24.0] [cxt 0] Pipeline 'egress': start
[00:36:39.987] [bmv2] [T] [thread 91748] [24.0] [cxt 0] basic.p4(684) Condition "standard_metadata.mcast_grp != 0" (node_28) is false
[00:36:39.987] [bmv2] [D] [thread 91748] [24.0] [cxt 0] Pipeline 'egress': end
[00:36:39.987] [bmv2] [D] [thread 91748] [24.0] [cxt 0] Deparser 'deparser': start
[00:36:39.987] [bmv2] [T] [thread 91748] [24.0] [cxt 0] Skipping checksum 'cksum' update because condition not met
[00:36:39.987] [bmv2] [D] [thread 91748] [24.0] [cxt 0] Deparsing header 'ethernet'
[00:36:39.987] [bmv2] [D] [thread 91748] [24.0] [cxt 0] Deparsing header 'ipv6'
[00:36:39.987] [bmv2] [D] [thread 91748] [24.0] [cxt 0] Deparser 'deparser': end
[00:36:39.987] [bmv2] [T] [thread 91747] [25.0] [cxt 0] Bytes parsed: 54
[00:36:39.987] [bmv2] [D] [thread 91747] [25.0] [cxt 0] Parser 'parser': end
[00:36:39.987] [bmv2] [D] [thread 91747] [25.0] [cxt 0] Pipeline 'ingress': start
[00:36:39.987] [bmv2] [T] [thread 91747] [25.0] [cxt 0] basic.p4(560) Condition "hdr.ethernet.etherType == TYPE_ARP" (node_2) is false
[00:36:39.987] [bmv2] [T] [thread 91747] [25.0] [cxt 0] basic.p4(563) Condition "hdr.ethernet.etherType == TYPE_SRCROUTING" (node_4) is false
[00:36:39.987] [bmv2] [T] [thread 91747] [25.0] [cxt 0] basic.p4(576) Condition "hdr.ethernet.etherType == TYPE_YEQUDESU" (node_12) is false
[00:36:39.987] [bmv2] [T] [thread 91747] [25.0] [cxt 0] basic.p4(582) Condition "hdr.vxlan.isValid()" (node_15) is false
[00:36:39.988] [bmv2] [T] [thread 91747] [25.0] [cxt 0] basic.p4(586) Condition "hdr.ipv6.isValid()" (node_17) is true
[00:36:39.988] [bmv2] [T] [thread 91747] [25.0] [cxt 0] Applying table 'MyIngress.ipv6_lpm'
[00:36:39.988] [bmv2] [D] [thread 91747] [25.0] [cxt 0] Looking up key:
* hdr.ipv6.dstAddr    : ff0200000000000000000000000000fb

[00:36:39.988] [bmv2] [D] [thread 91747] [25.0] [cxt 0] Table 'MyIngress.ipv6_lpm': miss
[00:36:39.988] [bmv2] [D] [thread 91747] [25.0] [cxt 0] Action entry is NoAction - 
[00:36:39.988] [bmv2] [T] [thread 91747] [25.0] [cxt 0] Action NoAction
[00:36:39.988] [bmv2] [D] [thread 91747] [25.0] [cxt 0] Pipeline 'ingress': end
[00:36:39.988] [bmv2] [D] [thread 91747] [25.0] [cxt 0] Egress port is 0
[00:36:39.988] [bmv2] [D] [thread 91752] [24.0] [cxt 0] Transmitting packet of size 203 out of port 0
[00:36:39.988] [bmv2] [D] [thread 91748] [25.0] [cxt 0] Pipeline 'egress': start
[00:36:39.988] [bmv2] [T] [thread 91748] [25.0] [cxt 0] basic.p4(684) Condition "standard_metadata.mcast_grp != 0" (node_28) is false
[00:36:39.988] [bmv2] [D] [thread 91748] [25.0] [cxt 0] Pipeline 'egress': end
[00:36:39.988] [bmv2] [D] [thread 91748] [25.0] [cxt 0] Deparser 'deparser': start
[00:36:39.988] [bmv2] [T] [thread 91748] [25.0] [cxt 0] Skipping checksum 'cksum' update because condition not met
[00:36:39.988] [bmv2] [D] [thread 91748] [25.0] [cxt 0] Deparsing header 'ethernet'
[00:36:39.988] [bmv2] [D] [thread 91748] [25.0] [cxt 0] Deparsing header 'ipv6'
[00:36:39.988] [bmv2] [D] [thread 91748] [25.0] [cxt 0] Deparser 'deparser': end
[00:36:39.988] [bmv2] [D] [thread 91752] [25.0] [cxt 0] Transmitting packet of size 203 out of port 0
[00:36:39.997] [bmv2] [D] [thread 91747] [26.0] [cxt 0] Processing packet received on port 4
[00:36:39.997] [bmv2] [D] [thread 91747] [26.0] [cxt 0] Parser 'parser': start
[00:36:39.997] [bmv2] [D] [thread 91747] [26.0] [cxt 0] Parser 'parser' entering state 'start'
[00:36:39.997] [bmv2] [D] [thread 91747] [26.0] [cxt 0] Extracting header 'ethernet'
[00:36:39.997] [bmv2] [D] [thread 91747] [26.0] [cxt 0] Parser state 'start': key is 86dd
[00:36:39.997] [bmv2] [T] [thread 91747] [26.0] [cxt 0] Bytes parsed: 14
[00:36:39.997] [bmv2] [D] [thread 91747] [26.0] [cxt 0] Parser 'parser' entering state 'parse_ipv6'
[00:36:39.997] [bmv2] [D] [thread 91747] [26.0] [cxt 0] Extracting header 'ipv6'
[00:36:39.997] [bmv2] [D] [thread 91747] [26.0] [cxt 0] Parser state 'parse_ipv6': key is 11
[00:36:39.997] [bmv2] [T] [thread 91747] [26.0] [cxt 0] Bytes parsed: 54
[00:36:39.997] [bmv2] [D] [thread 91747] [26.0] [cxt 0] Parser 'parser': end
[00:36:39.997] [bmv2] [D] [thread 91747] [26.0] [cxt 0] Pipeline 'ingress': start
[00:36:39.997] [bmv2] [T] [thread 91747] [26.0] [cxt 0] basic.p4(560) Condition "hdr.ethernet.etherType == TYPE_ARP" (node_2) is false
[00:36:39.997] [bmv2] [T] [thread 91747] [26.0] [cxt 0] basic.p4(563) Condition "hdr.ethernet.etherType == TYPE_SRCROUTING" (node_4) is false
[00:36:39.997] [bmv2] [T] [thread 91747] [26.0] [cxt 0] basic.p4(576) Condition "hdr.ethernet.etherType == TYPE_YEQUDESU" (node_12) is false
[00:36:39.997] [bmv2] [T] [thread 91747] [26.0] [cxt 0] basic.p4(582) Condition "hdr.vxlan.isValid()" (node_15) is false
[00:36:39.997] [bmv2] [T] [thread 91747] [26.0] [cxt 0] basic.p4(586) Condition "hdr.ipv6.isValid()" (node_17) is true
[00:36:39.997] [bmv2] [T] [thread 91747] [26.0] [cxt 0] Applying table 'MyIngress.ipv6_lpm'
[00:36:39.997] [bmv2] [D] [thread 91747] [26.0] [cxt 0] Looking up key:
* hdr.ipv6.dstAddr    : ff0200000000000000000000000000fb

[00:36:39.997] [bmv2] [D] [thread 91747] [26.0] [cxt 0] Table 'MyIngress.ipv6_lpm': miss
[00:36:39.997] [bmv2] [D] [thread 91747] [26.0] [cxt 0] Action entry is NoAction - 
[00:36:39.997] [bmv2] [T] [thread 91747] [26.0] [cxt 0] Action NoAction
[00:36:39.997] [bmv2] [D] [thread 91747] [26.0] [cxt 0] Pipeline 'ingress': end
[00:36:39.997] [bmv2] [D] [thread 91747] [26.0] [cxt 0] Egress port is 0
[00:36:39.997] [bmv2] [D] [thread 91747] [27.0] [cxt 0] Processing packet received on port 5
[00:36:39.997] [bmv2] [D] [thread 91747] [27.0] [cxt 0] Parser 'parser': start
[00:36:39.997] [bmv2] [D] [thread 91747] [27.0] [cxt 0] Parser 'parser' entering state 'start'
[00:36:39.997] [bmv2] [D] [thread 91747] [27.0] [cxt 0] Extracting header 'ethernet'
[00:36:39.997] [bmv2] [D] [thread 91747] [27.0] [cxt 0] Parser state 'start': key is 86dd
[00:36:39.997] [bmv2] [T] [thread 91747] [27.0] [cxt 0] Bytes parsed: 14
[00:36:39.997] [bmv2] [D] [thread 91747] [27.0] [cxt 0] Parser 'parser' entering state 'parse_ipv6'
[00:36:39.997] [bmv2] [D] [thread 91747] [27.0] [cxt 0] Extracting header 'ipv6'
[00:36:39.997] [bmv2] [D] [thread 91747] [27.0] [cxt 0] Parser state 'parse_ipv6': key is 11
[00:36:39.997] [bmv2] [D] [thread 91748] [26.0] [cxt 0] Pipeline 'egress': start
[00:36:39.997] [bmv2] [T] [thread 91748] [26.0] [cxt 0] basic.p4(684) Condition "standard_metadata.mcast_grp != 0" (node_28) is false
[00:36:39.997] [bmv2] [D] [thread 91748] [26.0] [cxt 0] Pipeline 'egress': end
[00:36:39.997] [bmv2] [D] [thread 91748] [26.0] [cxt 0] Deparser 'deparser': start
[00:36:39.997] [bmv2] [T] [thread 91748] [26.0] [cxt 0] Skipping checksum 'cksum' update because condition not met
[00:36:39.997] [bmv2] [T] [thread 91747] [27.0] [cxt 0] Bytes parsed: 54
[00:36:39.997] [bmv2] [D] [thread 91748] [26.0] [cxt 0] Deparsing header 'ethernet'
[00:36:39.997] [bmv2] [D] [thread 91748] [26.0] [cxt 0] Deparsing header 'ipv6'
[00:36:39.997] [bmv2] [D] [thread 91747] [27.0] [cxt 0] Parser 'parser': end
[00:36:39.997] [bmv2] [D] [thread 91748] [26.0] [cxt 0] Deparser 'deparser': end
[00:36:39.997] [bmv2] [D] [thread 91747] [27.0] [cxt 0] Pipeline 'ingress': start
[00:36:39.997] [bmv2] [T] [thread 91747] [27.0] [cxt 0] basic.p4(560) Condition "hdr.ethernet.etherType == TYPE_ARP" (node_2) is false
[00:36:39.997] [bmv2] [T] [thread 91747] [27.0] [cxt 0] basic.p4(563) Condition "hdr.ethernet.etherType == TYPE_SRCROUTING" (node_4) is false
[00:36:39.997] [bmv2] [T] [thread 91747] [27.0] [cxt 0] basic.p4(576) Condition "hdr.ethernet.etherType == TYPE_YEQUDESU" (node_12) is false
[00:36:39.997] [bmv2] [T] [thread 91747] [27.0] [cxt 0] basic.p4(582) Condition "hdr.vxlan.isValid()" (node_15) is false
[00:36:39.997] [bmv2] [T] [thread 91747] [27.0] [cxt 0] basic.p4(586) Condition "hdr.ipv6.isValid()" (node_17) is true
[00:36:39.997] [bmv2] [T] [thread 91747] [27.0] [cxt 0] Applying table 'MyIngress.ipv6_lpm'
[00:36:39.997] [bmv2] [D] [thread 91747] [27.0] [cxt 0] Looking up key:
* hdr.ipv6.dstAddr    : ff0200000000000000000000000000fb

[00:36:39.997] [bmv2] [D] [thread 91747] [27.0] [cxt 0] Table 'MyIngress.ipv6_lpm': miss
[00:36:39.997] [bmv2] [D] [thread 91747] [27.0] [cxt 0] Action entry is NoAction - 
[00:36:39.997] [bmv2] [T] [thread 91747] [27.0] [cxt 0] Action NoAction
[00:36:39.997] [bmv2] [D] [thread 91747] [27.0] [cxt 0] Pipeline 'ingress': end
[00:36:39.997] [bmv2] [D] [thread 91747] [27.0] [cxt 0] Egress port is 0
[00:36:39.997] [bmv2] [D] [thread 91752] [26.0] [cxt 0] Transmitting packet of size 211 out of port 0
[00:36:39.997] [bmv2] [D] [thread 91748] [27.0] [cxt 0] Pipeline 'egress': start
[00:36:39.997] [bmv2] [T] [thread 91748] [27.0] [cxt 0] basic.p4(684) Condition "standard_metadata.mcast_grp != 0" (node_28) is false
[00:36:39.997] [bmv2] [D] [thread 91748] [27.0] [cxt 0] Pipeline 'egress': end
[00:36:39.997] [bmv2] [D] [thread 91748] [27.0] [cxt 0] Deparser 'deparser': start
[00:36:39.997] [bmv2] [T] [thread 91748] [27.0] [cxt 0] Skipping checksum 'cksum' update because condition not met
[00:36:39.997] [bmv2] [D] [thread 91748] [27.0] [cxt 0] Deparsing header 'ethernet'
[00:36:39.997] [bmv2] [D] [thread 91748] [27.0] [cxt 0] Deparsing header 'ipv6'
[00:36:39.997] [bmv2] [D] [thread 91748] [27.0] [cxt 0] Deparser 'deparser': end
[00:36:39.997] [bmv2] [D] [thread 91752] [27.0] [cxt 0] Transmitting packet of size 211 out of port 0
[00:36:40.120] [bmv2] [D] [thread 91747] [28.0] [cxt 0] Processing packet received on port 2
[00:36:40.120] [bmv2] [D] [thread 91747] [28.0] [cxt 0] Parser 'parser': start
[00:36:40.120] [bmv2] [D] [thread 91747] [28.0] [cxt 0] Parser 'parser' entering state 'start'
[00:36:40.120] [bmv2] [D] [thread 91747] [28.0] [cxt 0] Extracting header 'ethernet'
[00:36:40.120] [bmv2] [D] [thread 91747] [28.0] [cxt 0] Parser state 'start': key is 86dd
[00:36:40.120] [bmv2] [T] [thread 91747] [28.0] [cxt 0] Bytes parsed: 14
[00:36:40.120] [bmv2] [D] [thread 91747] [28.0] [cxt 0] Parser 'parser' entering state 'parse_ipv6'
[00:36:40.120] [bmv2] [D] [thread 91747] [28.0] [cxt 0] Extracting header 'ipv6'
[00:36:40.120] [bmv2] [D] [thread 91747] [28.0] [cxt 0] Parser state 'parse_ipv6': key is 11
[00:36:40.120] [bmv2] [T] [thread 91747] [28.0] [cxt 0] Bytes parsed: 54
[00:36:40.120] [bmv2] [D] [thread 91747] [28.0] [cxt 0] Parser 'parser': end
[00:36:40.120] [bmv2] [D] [thread 91747] [28.0] [cxt 0] Pipeline 'ingress': start
[00:36:40.120] [bmv2] [T] [thread 91747] [28.0] [cxt 0] basic.p4(560) Condition "hdr.ethernet.etherType == TYPE_ARP" (node_2) is false
[00:36:40.120] [bmv2] [T] [thread 91747] [28.0] [cxt 0] basic.p4(563) Condition "hdr.ethernet.etherType == TYPE_SRCROUTING" (node_4) is false
[00:36:40.120] [bmv2] [T] [thread 91747] [28.0] [cxt 0] basic.p4(576) Condition "hdr.ethernet.etherType == TYPE_YEQUDESU" (node_12) is false
[00:36:40.120] [bmv2] [T] [thread 91747] [28.0] [cxt 0] basic.p4(582) Condition "hdr.vxlan.isValid()" (node_15) is false
[00:36:40.120] [bmv2] [T] [thread 91747] [28.0] [cxt 0] basic.p4(586) Condition "hdr.ipv6.isValid()" (node_17) is true
[00:36:40.120] [bmv2] [T] [thread 91747] [28.0] [cxt 0] Applying table 'MyIngress.ipv6_lpm'
[00:36:40.120] [bmv2] [D] [thread 91747] [28.0] [cxt 0] Looking up key:
* hdr.ipv6.dstAddr    : ff0200000000000000000000000000fb

[00:36:40.120] [bmv2] [D] [thread 91747] [28.0] [cxt 0] Table 'MyIngress.ipv6_lpm': miss
[00:36:40.120] [bmv2] [D] [thread 91747] [28.0] [cxt 0] Action entry is NoAction - 
[00:36:40.120] [bmv2] [T] [thread 91747] [28.0] [cxt 0] Action NoAction
[00:36:40.120] [bmv2] [D] [thread 91747] [28.0] [cxt 0] Pipeline 'ingress': end
[00:36:40.120] [bmv2] [D] [thread 91747] [28.0] [cxt 0] Egress port is 0
[00:36:40.120] [bmv2] [D] [thread 91748] [28.0] [cxt 0] Pipeline 'egress': start
[00:36:40.120] [bmv2] [T] [thread 91748] [28.0] [cxt 0] basic.p4(684) Condition "standard_metadata.mcast_grp != 0" (node_28) is false
[00:36:40.120] [bmv2] [D] [thread 91748] [28.0] [cxt 0] Pipeline 'egress': end
[00:36:40.120] [bmv2] [D] [thread 91748] [28.0] [cxt 0] Deparser 'deparser': start
[00:36:40.120] [bmv2] [T] [thread 91748] [28.0] [cxt 0] Skipping checksum 'cksum' update because condition not met
[00:36:40.120] [bmv2] [D] [thread 91748] [28.0] [cxt 0] Deparsing header 'ethernet'
[00:36:40.120] [bmv2] [D] [thread 91748] [28.0] [cxt 0] Deparsing header 'ipv6'
[00:36:40.120] [bmv2] [D] [thread 91748] [28.0] [cxt 0] Deparser 'deparser': end
[00:36:40.120] [bmv2] [D] [thread 91752] [28.0] [cxt 0] Transmitting packet of size 211 out of port 0
[00:36:40.142] [bmv2] [D] [thread 91747] [29.0] [cxt 0] Processing packet received on port 2
[00:36:40.142] [bmv2] [D] [thread 91747] [29.0] [cxt 0] Parser 'parser': start
[00:36:40.142] [bmv2] [D] [thread 91747] [29.0] [cxt 0] Parser 'parser' entering state 'start'
[00:36:40.142] [bmv2] [D] [thread 91747] [29.0] [cxt 0] Extracting header 'ethernet'
[00:36:40.142] [bmv2] [D] [thread 91747] [29.0] [cxt 0] Parser state 'start': key is 86dd
[00:36:40.142] [bmv2] [T] [thread 91747] [29.0] [cxt 0] Bytes parsed: 14
[00:36:40.142] [bmv2] [D] [thread 91747] [29.0] [cxt 0] Parser 'parser' entering state 'parse_ipv6'
[00:36:40.142] [bmv2] [D] [thread 91747] [29.0] [cxt 0] Extracting header 'ipv6'
[00:36:40.142] [bmv2] [D] [thread 91747] [29.0] [cxt 0] Parser state 'parse_ipv6': key is 00
[00:36:40.142] [bmv2] [T] [thread 91747] [29.0] [cxt 0] Bytes parsed: 54
[00:36:40.142] [bmv2] [D] [thread 91747] [29.0] [cxt 0] Parser 'parser': end
[00:36:40.142] [bmv2] [D] [thread 91747] [29.0] [cxt 0] Pipeline 'ingress': start
[00:36:40.142] [bmv2] [T] [thread 91747] [29.0] [cxt 0] basic.p4(560) Condition "hdr.ethernet.etherType == TYPE_ARP" (node_2) is false
[00:36:40.142] [bmv2] [T] [thread 91747] [29.0] [cxt 0] basic.p4(563) Condition "hdr.ethernet.etherType == TYPE_SRCROUTING" (node_4) is false
[00:36:40.142] [bmv2] [T] [thread 91747] [29.0] [cxt 0] basic.p4(576) Condition "hdr.ethernet.etherType == TYPE_YEQUDESU" (node_12) is false
[00:36:40.142] [bmv2] [T] [thread 91747] [29.0] [cxt 0] basic.p4(582) Condition "hdr.vxlan.isValid()" (node_15) is false
[00:36:40.142] [bmv2] [T] [thread 91747] [29.0] [cxt 0] basic.p4(586) Condition "hdr.ipv6.isValid()" (node_17) is true
[00:36:40.142] [bmv2] [T] [thread 91747] [29.0] [cxt 0] Applying table 'MyIngress.ipv6_lpm'
[00:36:40.142] [bmv2] [D] [thread 91747] [29.0] [cxt 0] Looking up key:
* hdr.ipv6.dstAddr    : ff020000000000000000000000000016

[00:36:40.142] [bmv2] [D] [thread 91747] [29.0] [cxt 0] Table 'MyIngress.ipv6_lpm': miss
[00:36:40.142] [bmv2] [D] [thread 91747] [29.0] [cxt 0] Action entry is NoAction - 
[00:36:40.142] [bmv2] [T] [thread 91747] [29.0] [cxt 0] Action NoAction
[00:36:40.142] [bmv2] [D] [thread 91747] [29.0] [cxt 0] Pipeline 'ingress': end
[00:36:40.142] [bmv2] [D] [thread 91747] [29.0] [cxt 0] Egress port is 0
[00:36:40.142] [bmv2] [D] [thread 91747] [30.0] [cxt 0] Processing packet received on port 2
[00:36:40.142] [bmv2] [D] [thread 91747] [30.0] [cxt 0] Parser 'parser': start
[00:36:40.142] [bmv2] [D] [thread 91747] [30.0] [cxt 0] Parser 'parser' entering state 'start'
[00:36:40.142] [bmv2] [D] [thread 91747] [30.0] [cxt 0] Extracting header 'ethernet'
[00:36:40.142] [bmv2] [D] [thread 91748] [29.0] [cxt 0] Pipeline 'egress': start
[00:36:40.142] [bmv2] [T] [thread 91748] [29.0] [cxt 0] basic.p4(684) Condition "standard_metadata.mcast_grp != 0" (node_28) is false
[00:36:40.142] [bmv2] [D] [thread 91747] [30.0] [cxt 0] Parser state 'start': key is 86dd
[00:36:40.142] [bmv2] [D] [thread 91748] [29.0] [cxt 0] Pipeline 'egress': end
[00:36:40.142] [bmv2] [T] [thread 91747] [30.0] [cxt 0] Bytes parsed: 14
[00:36:40.142] [bmv2] [D] [thread 91748] [29.0] [cxt 0] Deparser 'deparser': start
[00:36:40.142] [bmv2] [D] [thread 91747] [30.0] [cxt 0] Parser 'parser' entering state 'parse_ipv6'
[00:36:40.142] [bmv2] [T] [thread 91748] [29.0] [cxt 0] Skipping checksum 'cksum' update because condition not met
[00:36:40.142] [bmv2] [D] [thread 91747] [30.0] [cxt 0] Extracting header 'ipv6'
[00:36:40.142] [bmv2] [D] [thread 91748] [29.0] [cxt 0] Deparsing header 'ethernet'
[00:36:40.142] [bmv2] [D] [thread 91747] [30.0] [cxt 0] Parser state 'parse_ipv6': key is 3a
[00:36:40.142] [bmv2] [D] [thread 91748] [29.0] [cxt 0] Deparsing header 'ipv6'
[00:36:40.142] [bmv2] [T] [thread 91747] [30.0] [cxt 0] Bytes parsed: 54
[00:36:40.142] [bmv2] [D] [thread 91748] [29.0] [cxt 0] Deparser 'deparser': end
[00:36:40.142] [bmv2] [D] [thread 91747] [30.0] [cxt 0] Parser 'parser': end
[00:36:40.142] [bmv2] [D] [thread 91747] [30.0] [cxt 0] Pipeline 'ingress': start
[00:36:40.142] [bmv2] [D] [thread 91752] [29.0] [cxt 0] Transmitting packet of size 90 out of port 0
[00:36:40.142] [bmv2] [T] [thread 91747] [30.0] [cxt 0] basic.p4(560) Condition "hdr.ethernet.etherType == TYPE_ARP" (node_2) is false
[00:36:40.142] [bmv2] [T] [thread 91747] [30.0] [cxt 0] basic.p4(563) Condition "hdr.ethernet.etherType == TYPE_SRCROUTING" (node_4) is false
[00:36:40.142] [bmv2] [T] [thread 91747] [30.0] [cxt 0] basic.p4(576) Condition "hdr.ethernet.etherType == TYPE_YEQUDESU" (node_12) is false
[00:36:40.142] [bmv2] [T] [thread 91747] [30.0] [cxt 0] basic.p4(582) Condition "hdr.vxlan.isValid()" (node_15) is false
[00:36:40.142] [bmv2] [T] [thread 91747] [30.0] [cxt 0] basic.p4(586) Condition "hdr.ipv6.isValid()" (node_17) is true
[00:36:40.142] [bmv2] [T] [thread 91747] [30.0] [cxt 0] Applying table 'MyIngress.ipv6_lpm'
[00:36:40.142] [bmv2] [D] [thread 91747] [30.0] [cxt 0] Looking up key:
* hdr.ipv6.dstAddr    : ff020000000000000000000000000002

[00:36:40.142] [bmv2] [D] [thread 91747] [30.0] [cxt 0] Table 'MyIngress.ipv6_lpm': miss
[00:36:40.142] [bmv2] [D] [thread 91747] [30.0] [cxt 0] Action entry is NoAction - 
[00:36:40.142] [bmv2] [T] [thread 91747] [30.0] [cxt 0] Action NoAction
[00:36:40.142] [bmv2] [D] [thread 91747] [30.0] [cxt 0] Pipeline 'ingress': end
[00:36:40.142] [bmv2] [D] [thread 91747] [30.0] [cxt 0] Egress port is 0
[00:36:40.142] [bmv2] [D] [thread 91748] [30.0] [cxt 0] Pipeline 'egress': start
[00:36:40.142] [bmv2] [T] [thread 91748] [30.0] [cxt 0] basic.p4(684) Condition "standard_metadata.mcast_grp != 0" (node_28) is false
[00:36:40.142] [bmv2] [D] [thread 91748] [30.0] [cxt 0] Pipeline 'egress': end
[00:36:40.142] [bmv2] [D] [thread 91748] [30.0] [cxt 0] Deparser 'deparser': start
[00:36:40.142] [bmv2] [T] [thread 91748] [30.0] [cxt 0] Skipping checksum 'cksum' update because condition not met
[00:36:40.142] [bmv2] [D] [thread 91748] [30.0] [cxt 0] Deparsing header 'ethernet'
[00:36:40.142] [bmv2] [D] [thread 91748] [30.0] [cxt 0] Deparsing header 'ipv6'
[00:36:40.142] [bmv2] [D] [thread 91748] [30.0] [cxt 0] Deparser 'deparser': end
[00:36:40.142] [bmv2] [D] [thread 91752] [30.0] [cxt 0] Transmitting packet of size 70 out of port 0
[00:36:40.144] [bmv2] [D] [thread 91747] [31.0] [cxt 0] Processing packet received on port 2
[00:36:40.144] [bmv2] [D] [thread 91747] [31.0] [cxt 0] Parser 'parser': start
[00:36:40.144] [bmv2] [D] [thread 91747] [31.0] [cxt 0] Parser 'parser' entering state 'start'
[00:36:40.144] [bmv2] [D] [thread 91747] [31.0] [cxt 0] Extracting header 'ethernet'
[00:36:40.144] [bmv2] [D] [thread 91747] [31.0] [cxt 0] Parser state 'start': key is 86dd
[00:36:40.144] [bmv2] [T] [thread 91747] [31.0] [cxt 0] Bytes parsed: 14
[00:36:40.144] [bmv2] [D] [thread 91747] [31.0] [cxt 0] Parser 'parser' entering state 'parse_ipv6'
[00:36:40.144] [bmv2] [D] [thread 91747] [31.0] [cxt 0] Extracting header 'ipv6'
[00:36:40.144] [bmv2] [D] [thread 91747] [31.0] [cxt 0] Parser state 'parse_ipv6': key is 00
[00:36:40.144] [bmv2] [T] [thread 91747] [31.0] [cxt 0] Bytes parsed: 54
[00:36:40.144] [bmv2] [D] [thread 91747] [31.0] [cxt 0] Parser 'parser': end
[00:36:40.144] [bmv2] [D] [thread 91747] [31.0] [cxt 0] Pipeline 'ingress': start
[00:36:40.144] [bmv2] [T] [thread 91747] [31.0] [cxt 0] basic.p4(560) Condition "hdr.ethernet.etherType == TYPE_ARP" (node_2) is false
[00:36:40.144] [bmv2] [T] [thread 91747] [31.0] [cxt 0] basic.p4(563) Condition "hdr.ethernet.etherType == TYPE_SRCROUTING" (node_4) is false
[00:36:40.144] [bmv2] [T] [thread 91747] [31.0] [cxt 0] basic.p4(576) Condition "hdr.ethernet.etherType == TYPE_YEQUDESU" (node_12) is false
[00:36:40.144] [bmv2] [T] [thread 91747] [31.0] [cxt 0] basic.p4(582) Condition "hdr.vxlan.isValid()" (node_15) is false
[00:36:40.144] [bmv2] [T] [thread 91747] [31.0] [cxt 0] basic.p4(586) Condition "hdr.ipv6.isValid()" (node_17) is true
[00:36:40.144] [bmv2] [T] [thread 91747] [31.0] [cxt 0] Applying table 'MyIngress.ipv6_lpm'
[00:36:40.144] [bmv2] [D] [thread 91747] [31.0] [cxt 0] Looking up key:
* hdr.ipv6.dstAddr    : ff020000000000000000000000000016

[00:36:40.144] [bmv2] [D] [thread 91747] [31.0] [cxt 0] Table 'MyIngress.ipv6_lpm': miss
[00:36:40.144] [bmv2] [D] [thread 91747] [31.0] [cxt 0] Action entry is NoAction - 
[00:36:40.144] [bmv2] [T] [thread 91747] [31.0] [cxt 0] Action NoAction
[00:36:40.144] [bmv2] [D] [thread 91747] [31.0] [cxt 0] Pipeline 'ingress': end
[00:36:40.144] [bmv2] [D] [thread 91747] [31.0] [cxt 0] Egress port is 0
[00:36:40.144] [bmv2] [D] [thread 91748] [31.0] [cxt 0] Pipeline 'egress': start
[00:36:40.144] [bmv2] [T] [thread 91748] [31.0] [cxt 0] basic.p4(684) Condition "standard_metadata.mcast_grp != 0" (node_28) is false
[00:36:40.144] [bmv2] [D] [thread 91748] [31.0] [cxt 0] Pipeline 'egress': end
[00:36:40.144] [bmv2] [D] [thread 91748] [31.0] [cxt 0] Deparser 'deparser': start
[00:36:40.144] [bmv2] [T] [thread 91748] [31.0] [cxt 0] Skipping checksum 'cksum' update because condition not met
[00:36:40.144] [bmv2] [D] [thread 91748] [31.0] [cxt 0] Deparsing header 'ethernet'
[00:36:40.144] [bmv2] [D] [thread 91748] [31.0] [cxt 0] Deparsing header 'ipv6'
[00:36:40.144] [bmv2] [D] [thread 91748] [31.0] [cxt 0] Deparser 'deparser': end
[00:36:40.145] [bmv2] [D] [thread 91752] [31.0] [cxt 0] Transmitting packet of size 90 out of port 0
[00:36:40.183] [bmv2] [D] [thread 91747] [32.0] [cxt 0] Processing packet received on port 3
[00:36:40.183] [bmv2] [D] [thread 91747] [32.0] [cxt 0] Parser 'parser': start
[00:36:40.183] [bmv2] [D] [thread 91747] [32.0] [cxt 0] Parser 'parser' entering state 'start'
[00:36:40.183] [bmv2] [D] [thread 91747] [32.0] [cxt 0] Extracting header 'ethernet'
[00:36:40.183] [bmv2] [D] [thread 91747] [32.0] [cxt 0] Parser state 'start': key is 86dd
[00:36:40.183] [bmv2] [T] [thread 91747] [32.0] [cxt 0] Bytes parsed: 14
[00:36:40.183] [bmv2] [D] [thread 91747] [32.0] [cxt 0] Parser 'parser' entering state 'parse_ipv6'
[00:36:40.183] [bmv2] [D] [thread 91747] [32.0] [cxt 0] Extracting header 'ipv6'
[00:36:40.183] [bmv2] [D] [thread 91747] [32.0] [cxt 0] Parser state 'parse_ipv6': key is 11
[00:36:40.183] [bmv2] [T] [thread 91747] [32.0] [cxt 0] Bytes parsed: 54
[00:36:40.183] [bmv2] [D] [thread 91747] [32.0] [cxt 0] Parser 'parser': end
[00:36:40.183] [bmv2] [D] [thread 91747] [32.0] [cxt 0] Pipeline 'ingress': start
[00:36:40.183] [bmv2] [T] [thread 91747] [32.0] [cxt 0] basic.p4(560) Condition "hdr.ethernet.etherType == TYPE_ARP" (node_2) is false
[00:36:40.183] [bmv2] [T] [thread 91747] [32.0] [cxt 0] basic.p4(563) Condition "hdr.ethernet.etherType == TYPE_SRCROUTING" (node_4) is false
[00:36:40.183] [bmv2] [T] [thread 91747] [32.0] [cxt 0] basic.p4(576) Condition "hdr.ethernet.etherType == TYPE_YEQUDESU" (node_12) is false
[00:36:40.183] [bmv2] [T] [thread 91747] [32.0] [cxt 0] basic.p4(582) Condition "hdr.vxlan.isValid()" (node_15) is false
[00:36:40.183] [bmv2] [T] [thread 91747] [32.0] [cxt 0] basic.p4(586) Condition "hdr.ipv6.isValid()" (node_17) is true
[00:36:40.183] [bmv2] [T] [thread 91747] [32.0] [cxt 0] Applying table 'MyIngress.ipv6_lpm'
[00:36:40.183] [bmv2] [D] [thread 91747] [32.0] [cxt 0] Looking up key:
* hdr.ipv6.dstAddr    : ff0200000000000000000000000000fb

[00:36:40.183] [bmv2] [D] [thread 91747] [32.0] [cxt 0] Table 'MyIngress.ipv6_lpm': miss
[00:36:40.183] [bmv2] [D] [thread 91747] [32.0] [cxt 0] Action entry is NoAction - 
[00:36:40.183] [bmv2] [T] [thread 91747] [32.0] [cxt 0] Action NoAction
[00:36:40.183] [bmv2] [D] [thread 91747] [32.0] [cxt 0] Pipeline 'ingress': end
[00:36:40.183] [bmv2] [D] [thread 91747] [32.0] [cxt 0] Egress port is 0
[00:36:40.183] [bmv2] [D] [thread 91748] [32.0] [cxt 0] Pipeline 'egress': start
[00:36:40.183] [bmv2] [T] [thread 91748] [32.0] [cxt 0] basic.p4(684) Condition "standard_metadata.mcast_grp != 0" (node_28) is false
[00:36:40.183] [bmv2] [D] [thread 91748] [32.0] [cxt 0] Pipeline 'egress': end
[00:36:40.183] [bmv2] [D] [thread 91748] [32.0] [cxt 0] Deparser 'deparser': start
[00:36:40.183] [bmv2] [T] [thread 91748] [32.0] [cxt 0] Skipping checksum 'cksum' update because condition not met
[00:36:40.183] [bmv2] [D] [thread 91748] [32.0] [cxt 0] Deparsing header 'ethernet'
[00:36:40.183] [bmv2] [D] [thread 91748] [32.0] [cxt 0] Deparsing header 'ipv6'
[00:36:40.183] [bmv2] [D] [thread 91748] [32.0] [cxt 0] Deparser 'deparser': end
[00:36:40.183] [bmv2] [D] [thread 91752] [32.0] [cxt 0] Transmitting packet of size 211 out of port 0
[00:36:40.243] [bmv2] [D] [thread 91747] [33.0] [cxt 0] Processing packet received on port 2
[00:36:40.243] [bmv2] [D] [thread 91747] [33.0] [cxt 0] Parser 'parser': start
[00:36:40.243] [bmv2] [D] [thread 91747] [33.0] [cxt 0] Parser 'parser' entering state 'start'
[00:36:40.243] [bmv2] [D] [thread 91747] [33.0] [cxt 0] Extracting header 'ethernet'
[00:36:40.243] [bmv2] [D] [thread 91747] [33.0] [cxt 0] Parser state 'start': key is 86dd
[00:36:40.243] [bmv2] [T] [thread 91747] [33.0] [cxt 0] Bytes parsed: 14
[00:36:40.243] [bmv2] [D] [thread 91747] [33.0] [cxt 0] Parser 'parser' entering state 'parse_ipv6'
[00:36:40.243] [bmv2] [D] [thread 91747] [33.0] [cxt 0] Extracting header 'ipv6'
[00:36:40.243] [bmv2] [D] [thread 91747] [33.0] [cxt 0] Parser state 'parse_ipv6': key is 11
[00:36:40.243] [bmv2] [T] [thread 91747] [33.0] [cxt 0] Bytes parsed: 54
[00:36:40.243] [bmv2] [D] [thread 91747] [33.0] [cxt 0] Parser 'parser': end
[00:36:40.243] [bmv2] [D] [thread 91747] [33.0] [cxt 0] Pipeline 'ingress': start
[00:36:40.243] [bmv2] [T] [thread 91747] [33.0] [cxt 0] basic.p4(560) Condition "hdr.ethernet.etherType == TYPE_ARP" (node_2) is false
[00:36:40.243] [bmv2] [T] [thread 91747] [33.0] [cxt 0] basic.p4(563) Condition "hdr.ethernet.etherType == TYPE_SRCROUTING" (node_4) is false
[00:36:40.243] [bmv2] [T] [thread 91747] [33.0] [cxt 0] basic.p4(576) Condition "hdr.ethernet.etherType == TYPE_YEQUDESU" (node_12) is false
[00:36:40.243] [bmv2] [T] [thread 91747] [33.0] [cxt 0] basic.p4(582) Condition "hdr.vxlan.isValid()" (node_15) is false
[00:36:40.243] [bmv2] [T] [thread 91747] [33.0] [cxt 0] basic.p4(586) Condition "hdr.ipv6.isValid()" (node_17) is true
[00:36:40.243] [bmv2] [T] [thread 91747] [33.0] [cxt 0] Applying table 'MyIngress.ipv6_lpm'
[00:36:40.243] [bmv2] [D] [thread 91747] [33.0] [cxt 0] Looking up key:
* hdr.ipv6.dstAddr    : ff0200000000000000000000000000fb

[00:36:40.243] [bmv2] [D] [thread 91747] [33.0] [cxt 0] Table 'MyIngress.ipv6_lpm': miss
[00:36:40.243] [bmv2] [D] [thread 91747] [33.0] [cxt 0] Action entry is NoAction - 
[00:36:40.243] [bmv2] [T] [thread 91747] [33.0] [cxt 0] Action NoAction
[00:36:40.243] [bmv2] [D] [thread 91747] [33.0] [cxt 0] Pipeline 'ingress': end
[00:36:40.243] [bmv2] [D] [thread 91747] [33.0] [cxt 0] Egress port is 0
[00:36:40.243] [bmv2] [D] [thread 91748] [33.0] [cxt 0] Pipeline 'egress': start
[00:36:40.244] [bmv2] [T] [thread 91748] [33.0] [cxt 0] basic.p4(684) Condition "standard_metadata.mcast_grp != 0" (node_28) is false
[00:36:40.244] [bmv2] [D] [thread 91748] [33.0] [cxt 0] Pipeline 'egress': end
[00:36:40.244] [bmv2] [D] [thread 91748] [33.0] [cxt 0] Deparser 'deparser': start
[00:36:40.244] [bmv2] [T] [thread 91748] [33.0] [cxt 0] Skipping checksum 'cksum' update because condition not met
[00:36:40.244] [bmv2] [D] [thread 91748] [33.0] [cxt 0] Deparsing header 'ethernet'
[00:36:40.244] [bmv2] [D] [thread 91748] [33.0] [cxt 0] Deparsing header 'ipv6'
[00:36:40.244] [bmv2] [D] [thread 91748] [33.0] [cxt 0] Deparser 'deparser': end
[00:36:40.244] [bmv2] [D] [thread 91752] [33.0] [cxt 0] Transmitting packet of size 203 out of port 0
[00:36:40.248] [bmv2] [D] [thread 91747] [34.0] [cxt 0] Processing packet received on port 5
[00:36:40.248] [bmv2] [D] [thread 91747] [34.0] [cxt 0] Parser 'parser': start
[00:36:40.248] [bmv2] [D] [thread 91747] [34.0] [cxt 0] Parser 'parser' entering state 'start'
[00:36:40.248] [bmv2] [D] [thread 91747] [34.0] [cxt 0] Extracting header 'ethernet'
[00:36:40.248] [bmv2] [D] [thread 91747] [34.0] [cxt 0] Parser state 'start': key is 86dd
[00:36:40.248] [bmv2] [T] [thread 91747] [34.0] [cxt 0] Bytes parsed: 14
[00:36:40.248] [bmv2] [D] [thread 91747] [34.0] [cxt 0] Parser 'parser' entering state 'parse_ipv6'
[00:36:40.248] [bmv2] [D] [thread 91747] [34.0] [cxt 0] Extracting header 'ipv6'
[00:36:40.248] [bmv2] [D] [thread 91747] [34.0] [cxt 0] Parser state 'parse_ipv6': key is 11
[00:36:40.248] [bmv2] [T] [thread 91747] [34.0] [cxt 0] Bytes parsed: 54
[00:36:40.248] [bmv2] [D] [thread 91747] [34.0] [cxt 0] Parser 'parser': end
[00:36:40.248] [bmv2] [D] [thread 91747] [34.0] [cxt 0] Pipeline 'ingress': start
[00:36:40.248] [bmv2] [T] [thread 91747] [34.0] [cxt 0] basic.p4(560) Condition "hdr.ethernet.etherType == TYPE_ARP" (node_2) is false
[00:36:40.248] [bmv2] [T] [thread 91747] [34.0] [cxt 0] basic.p4(563) Condition "hdr.ethernet.etherType == TYPE_SRCROUTING" (node_4) is false
[00:36:40.248] [bmv2] [T] [thread 91747] [34.0] [cxt 0] basic.p4(576) Condition "hdr.ethernet.etherType == TYPE_YEQUDESU" (node_12) is false
[00:36:40.248] [bmv2] [T] [thread 91747] [34.0] [cxt 0] basic.p4(582) Condition "hdr.vxlan.isValid()" (node_15) is false
[00:36:40.248] [bmv2] [T] [thread 91747] [34.0] [cxt 0] basic.p4(586) Condition "hdr.ipv6.isValid()" (node_17) is true
[00:36:40.248] [bmv2] [T] [thread 91747] [34.0] [cxt 0] Applying table 'MyIngress.ipv6_lpm'
[00:36:40.248] [bmv2] [D] [thread 91747] [34.0] [cxt 0] Looking up key:
* hdr.ipv6.dstAddr    : ff0200000000000000000000000000fb

[00:36:40.248] [bmv2] [D] [thread 91747] [34.0] [cxt 0] Table 'MyIngress.ipv6_lpm': miss
[00:36:40.248] [bmv2] [D] [thread 91747] [34.0] [cxt 0] Action entry is NoAction - 
[00:36:40.248] [bmv2] [T] [thread 91747] [34.0] [cxt 0] Action NoAction
[00:36:40.248] [bmv2] [D] [thread 91747] [34.0] [cxt 0] Pipeline 'ingress': end
[00:36:40.248] [bmv2] [D] [thread 91747] [34.0] [cxt 0] Egress port is 0
[00:36:40.248] [bmv2] [D] [thread 91747] [35.0] [cxt 0] Processing packet received on port 4
[00:36:40.248] [bmv2] [D] [thread 91747] [35.0] [cxt 0] Parser 'parser': start
[00:36:40.248] [bmv2] [D] [thread 91747] [35.0] [cxt 0] Parser 'parser' entering state 'start'
[00:36:40.248] [bmv2] [D] [thread 91747] [35.0] [cxt 0] Extracting header 'ethernet'
[00:36:40.248] [bmv2] [D] [thread 91747] [35.0] [cxt 0] Parser state 'start': key is 86dd
[00:36:40.248] [bmv2] [T] [thread 91747] [35.0] [cxt 0] Bytes parsed: 14
[00:36:40.248] [bmv2] [D] [thread 91747] [35.0] [cxt 0] Parser 'parser' entering state 'parse_ipv6'
[00:36:40.248] [bmv2] [D] [thread 91747] [35.0] [cxt 0] Extracting header 'ipv6'
[00:36:40.248] [bmv2] [D] [thread 91748] [34.0] [cxt 0] Pipeline 'egress': start
[00:36:40.248] [bmv2] [D] [thread 91747] [35.0] [cxt 0] Parser state 'parse_ipv6': key is 11
[00:36:40.248] [bmv2] [T] [thread 91747] [35.0] [cxt 0] Bytes parsed: 54
[00:36:40.248] [bmv2] [T] [thread 91748] [34.0] [cxt 0] basic.p4(684) Condition "standard_metadata.mcast_grp != 0" (node_28) is false
[00:36:40.248] [bmv2] [D] [thread 91747] [35.0] [cxt 0] Parser 'parser': end
[00:36:40.248] [bmv2] [D] [thread 91748] [34.0] [cxt 0] Pipeline 'egress': end
[00:36:40.248] [bmv2] [D] [thread 91747] [35.0] [cxt 0] Pipeline 'ingress': start
[00:36:40.248] [bmv2] [D] [thread 91748] [34.0] [cxt 0] Deparser 'deparser': start
[00:36:40.248] [bmv2] [T] [thread 91747] [35.0] [cxt 0] basic.p4(560) Condition "hdr.ethernet.etherType == TYPE_ARP" (node_2) is false
[00:36:40.248] [bmv2] [T] [thread 91748] [34.0] [cxt 0] Skipping checksum 'cksum' update because condition not met
[00:36:40.248] [bmv2] [T] [thread 91747] [35.0] [cxt 0] basic.p4(563) Condition "hdr.ethernet.etherType == TYPE_SRCROUTING" (node_4) is false
[00:36:40.248] [bmv2] [D] [thread 91748] [34.0] [cxt 0] Deparsing header 'ethernet'
[00:36:40.248] [bmv2] [T] [thread 91747] [35.0] [cxt 0] basic.p4(576) Condition "hdr.ethernet.etherType == TYPE_YEQUDESU" (node_12) is false
[00:36:40.248] [bmv2] [D] [thread 91748] [34.0] [cxt 0] Deparsing header 'ipv6'
[00:36:40.248] [bmv2] [T] [thread 91747] [35.0] [cxt 0] basic.p4(582) Condition "hdr.vxlan.isValid()" (node_15) is false
[00:36:40.248] [bmv2] [D] [thread 91748] [34.0] [cxt 0] Deparser 'deparser': end
[00:36:40.248] [bmv2] [T] [thread 91747] [35.0] [cxt 0] basic.p4(586) Condition "hdr.ipv6.isValid()" (node_17) is true
[00:36:40.248] [bmv2] [T] [thread 91747] [35.0] [cxt 0] Applying table 'MyIngress.ipv6_lpm'
[00:36:40.248] [bmv2] [D] [thread 91747] [35.0] [cxt 0] Looking up key:
* hdr.ipv6.dstAddr    : ff0200000000000000000000000000fb

[00:36:40.248] [bmv2] [D] [thread 91747] [35.0] [cxt 0] Table 'MyIngress.ipv6_lpm': miss
[00:36:40.248] [bmv2] [D] [thread 91747] [35.0] [cxt 0] Action entry is NoAction - 
[00:36:40.248] [bmv2] [T] [thread 91747] [35.0] [cxt 0] Action NoAction
[00:36:40.248] [bmv2] [D] [thread 91747] [35.0] [cxt 0] Pipeline 'ingress': end
[00:36:40.248] [bmv2] [D] [thread 91747] [35.0] [cxt 0] Egress port is 0
[00:36:40.248] [bmv2] [D] [thread 91748] [35.0] [cxt 0] Pipeline 'egress': start
[00:36:40.248] [bmv2] [T] [thread 91748] [35.0] [cxt 0] basic.p4(684) Condition "standard_metadata.mcast_grp != 0" (node_28) is false
[00:36:40.248] [bmv2] [D] [thread 91748] [35.0] [cxt 0] Pipeline 'egress': end
[00:36:40.248] [bmv2] [D] [thread 91748] [35.0] [cxt 0] Deparser 'deparser': start
[00:36:40.248] [bmv2] [T] [thread 91748] [35.0] [cxt 0] Skipping checksum 'cksum' update because condition not met
[00:36:40.248] [bmv2] [D] [thread 91748] [35.0] [cxt 0] Deparsing header 'ethernet'
[00:36:40.248] [bmv2] [D] [thread 91748] [35.0] [cxt 0] Deparsing header 'ipv6'
[00:36:40.248] [bmv2] [D] [thread 91752] [34.0] [cxt 0] Transmitting packet of size 211 out of port 0
[00:36:40.248] [bmv2] [D] [thread 91748] [35.0] [cxt 0] Deparser 'deparser': end
[00:36:40.248] [bmv2] [D] [thread 91752] [35.0] [cxt 0] Transmitting packet of size 211 out of port 0
[00:36:40.252] [bmv2] [D] [thread 91747] [36.0] [cxt 0] Processing packet received on port 2
[00:36:40.252] [bmv2] [D] [thread 91747] [36.0] [cxt 0] Parser 'parser': start
[00:36:40.252] [bmv2] [D] [thread 91747] [36.0] [cxt 0] Parser 'parser' entering state 'start'
[00:36:40.252] [bmv2] [D] [thread 91747] [36.0] [cxt 0] Extracting header 'ethernet'
[00:36:40.252] [bmv2] [D] [thread 91747] [36.0] [cxt 0] Parser state 'start': key is 86dd
[00:36:40.252] [bmv2] [T] [thread 91747] [36.0] [cxt 0] Bytes parsed: 14
[00:36:40.252] [bmv2] [D] [thread 91747] [36.0] [cxt 0] Parser 'parser' entering state 'parse_ipv6'
[00:36:40.252] [bmv2] [D] [thread 91747] [36.0] [cxt 0] Extracting header 'ipv6'
[00:36:40.252] [bmv2] [D] [thread 91747] [36.0] [cxt 0] Parser state 'parse_ipv6': key is 11
[00:36:40.252] [bmv2] [T] [thread 91747] [36.0] [cxt 0] Bytes parsed: 54
[00:36:40.252] [bmv2] [D] [thread 91747] [36.0] [cxt 0] Parser 'parser': end
[00:36:40.253] [bmv2] [D] [thread 91747] [36.0] [cxt 0] Pipeline 'ingress': start
[00:36:40.253] [bmv2] [T] [thread 91747] [36.0] [cxt 0] basic.p4(560) Condition "hdr.ethernet.etherType == TYPE_ARP" (node_2) is false
[00:36:40.253] [bmv2] [T] [thread 91747] [36.0] [cxt 0] basic.p4(563) Condition "hdr.ethernet.etherType == TYPE_SRCROUTING" (node_4) is false
[00:36:40.253] [bmv2] [T] [thread 91747] [36.0] [cxt 0] basic.p4(576) Condition "hdr.ethernet.etherType == TYPE_YEQUDESU" (node_12) is false
[00:36:40.253] [bmv2] [T] [thread 91747] [36.0] [cxt 0] basic.p4(582) Condition "hdr.vxlan.isValid()" (node_15) is false
[00:36:40.253] [bmv2] [T] [thread 91747] [36.0] [cxt 0] basic.p4(586) Condition "hdr.ipv6.isValid()" (node_17) is true
[00:36:40.253] [bmv2] [T] [thread 91747] [36.0] [cxt 0] Applying table 'MyIngress.ipv6_lpm'
[00:36:40.253] [bmv2] [D] [thread 91747] [36.0] [cxt 0] Looking up key:
* hdr.ipv6.dstAddr    : ff0200000000000000000000000000fb

[00:36:40.253] [bmv2] [D] [thread 91747] [36.0] [cxt 0] Table 'MyIngress.ipv6_lpm': miss
[00:36:40.253] [bmv2] [D] [thread 91747] [36.0] [cxt 0] Action entry is NoAction - 
[00:36:40.253] [bmv2] [T] [thread 91747] [36.0] [cxt 0] Action NoAction
[00:36:40.253] [bmv2] [D] [thread 91747] [36.0] [cxt 0] Pipeline 'ingress': end
[00:36:40.253] [bmv2] [D] [thread 91747] [36.0] [cxt 0] Egress port is 0
[00:36:40.253] [bmv2] [D] [thread 91748] [36.0] [cxt 0] Pipeline 'egress': start
[00:36:40.253] [bmv2] [T] [thread 91748] [36.0] [cxt 0] basic.p4(684) Condition "standard_metadata.mcast_grp != 0" (node_28) is false
[00:36:40.253] [bmv2] [D] [thread 91748] [36.0] [cxt 0] Pipeline 'egress': end
[00:36:40.253] [bmv2] [D] [thread 91748] [36.0] [cxt 0] Deparser 'deparser': start
[00:36:40.253] [bmv2] [T] [thread 91748] [36.0] [cxt 0] Skipping checksum 'cksum' update because condition not met
[00:36:40.253] [bmv2] [D] [thread 91748] [36.0] [cxt 0] Deparsing header 'ethernet'
[00:36:40.253] [bmv2] [D] [thread 91748] [36.0] [cxt 0] Deparsing header 'ipv6'
[00:36:40.253] [bmv2] [D] [thread 91748] [36.0] [cxt 0] Deparser 'deparser': end
[00:36:40.253] [bmv2] [D] [thread 91752] [36.0] [cxt 0] Transmitting packet of size 211 out of port 0
[00:36:40.334] [bmv2] [D] [thread 91747] [37.0] [cxt 0] Processing packet received on port 5
[00:36:40.334] [bmv2] [D] [thread 91747] [37.0] [cxt 0] Parser 'parser': start
[00:36:40.334] [bmv2] [D] [thread 91747] [37.0] [cxt 0] Parser 'parser' entering state 'start'
[00:36:40.334] [bmv2] [D] [thread 91747] [37.0] [cxt 0] Extracting header 'ethernet'
[00:36:40.334] [bmv2] [D] [thread 91747] [37.0] [cxt 0] Parser state 'start': key is 86dd
[00:36:40.334] [bmv2] [T] [thread 91747] [37.0] [cxt 0] Bytes parsed: 14
[00:36:40.334] [bmv2] [D] [thread 91747] [37.0] [cxt 0] Parser 'parser' entering state 'parse_ipv6'
[00:36:40.334] [bmv2] [D] [thread 91747] [37.0] [cxt 0] Extracting header 'ipv6'
[00:36:40.334] [bmv2] [D] [thread 91747] [37.0] [cxt 0] Parser state 'parse_ipv6': key is 00
[00:36:40.335] [bmv2] [T] [thread 91747] [37.0] [cxt 0] Bytes parsed: 54
[00:36:40.335] [bmv2] [D] [thread 91747] [37.0] [cxt 0] Parser 'parser': end
[00:36:40.335] [bmv2] [D] [thread 91747] [37.0] [cxt 0] Pipeline 'ingress': start
[00:36:40.335] [bmv2] [T] [thread 91747] [37.0] [cxt 0] basic.p4(560) Condition "hdr.ethernet.etherType == TYPE_ARP" (node_2) is false
[00:36:40.335] [bmv2] [T] [thread 91747] [37.0] [cxt 0] basic.p4(563) Condition "hdr.ethernet.etherType == TYPE_SRCROUTING" (node_4) is false
[00:36:40.335] [bmv2] [T] [thread 91747] [37.0] [cxt 0] basic.p4(576) Condition "hdr.ethernet.etherType == TYPE_YEQUDESU" (node_12) is false
[00:36:40.335] [bmv2] [T] [thread 91747] [37.0] [cxt 0] basic.p4(582) Condition "hdr.vxlan.isValid()" (node_15) is false
[00:36:40.335] [bmv2] [T] [thread 91747] [37.0] [cxt 0] basic.p4(586) Condition "hdr.ipv6.isValid()" (node_17) is true
[00:36:40.335] [bmv2] [T] [thread 91747] [37.0] [cxt 0] Applying table 'MyIngress.ipv6_lpm'
[00:36:40.335] [bmv2] [D] [thread 91747] [37.0] [cxt 0] Looking up key:
* hdr.ipv6.dstAddr    : ff020000000000000000000000000016

[00:36:40.335] [bmv2] [D] [thread 91747] [37.0] [cxt 0] Table 'MyIngress.ipv6_lpm': miss
[00:36:40.335] [bmv2] [D] [thread 91747] [37.0] [cxt 0] Action entry is NoAction - 
[00:36:40.335] [bmv2] [T] [thread 91747] [37.0] [cxt 0] Action NoAction
[00:36:40.335] [bmv2] [D] [thread 91747] [37.0] [cxt 0] Pipeline 'ingress': end
[00:36:40.335] [bmv2] [D] [thread 91747] [37.0] [cxt 0] Egress port is 0
[00:36:40.335] [bmv2] [D] [thread 91747] [38.0] [cxt 0] Processing packet received on port 5
[00:36:40.335] [bmv2] [D] [thread 91747] [38.0] [cxt 0] Parser 'parser': start
[00:36:40.335] [bmv2] [D] [thread 91747] [38.0] [cxt 0] Parser 'parser' entering state 'start'
[00:36:40.335] [bmv2] [D] [thread 91747] [38.0] [cxt 0] Extracting header 'ethernet'
[00:36:40.335] [bmv2] [D] [thread 91747] [38.0] [cxt 0] Parser state 'start': key is 86dd
[00:36:40.335] [bmv2] [T] [thread 91747] [38.0] [cxt 0] Bytes parsed: 14
[00:36:40.335] [bmv2] [D] [thread 91747] [38.0] [cxt 0] Parser 'parser' entering state 'parse_ipv6'
[00:36:40.335] [bmv2] [D] [thread 91747] [38.0] [cxt 0] Extracting header 'ipv6'
[00:36:40.335] [bmv2] [D] [thread 91747] [38.0] [cxt 0] Parser state 'parse_ipv6': key is 3a
[00:36:40.335] [bmv2] [T] [thread 91747] [38.0] [cxt 0] Bytes parsed: 54
[00:36:40.335] [bmv2] [D] [thread 91747] [38.0] [cxt 0] Parser 'parser': end
[00:36:40.335] [bmv2] [D] [thread 91747] [38.0] [cxt 0] Pipeline 'ingress': start
[00:36:40.335] [bmv2] [T] [thread 91747] [38.0] [cxt 0] basic.p4(560) Condition "hdr.ethernet.etherType == TYPE_ARP" (node_2) is false
[00:36:40.335] [bmv2] [T] [thread 91747] [38.0] [cxt 0] basic.p4(563) Condition "hdr.ethernet.etherType == TYPE_SRCROUTING" (node_4) is false
[00:36:40.335] [bmv2] [T] [thread 91747] [38.0] [cxt 0] basic.p4(576) Condition "hdr.ethernet.etherType == TYPE_YEQUDESU" (node_12) is false
[00:36:40.335] [bmv2] [T] [thread 91747] [38.0] [cxt 0] basic.p4(582) Condition "hdr.vxlan.isValid()" (node_15) is false
[00:36:40.335] [bmv2] [T] [thread 91747] [38.0] [cxt 0] basic.p4(586) Condition "hdr.ipv6.isValid()" (node_17) is true
[00:36:40.335] [bmv2] [T] [thread 91747] [38.0] [cxt 0] Applying table 'MyIngress.ipv6_lpm'
[00:36:40.335] [bmv2] [D] [thread 91747] [38.0] [cxt 0] Looking up key:
* hdr.ipv6.dstAddr    : ff020000000000000000000000000002

[00:36:40.335] [bmv2] [D] [thread 91747] [38.0] [cxt 0] Table 'MyIngress.ipv6_lpm': miss
[00:36:40.335] [bmv2] [D] [thread 91747] [38.0] [cxt 0] Action entry is NoAction - 
[00:36:40.335] [bmv2] [T] [thread 91747] [38.0] [cxt 0] Action NoAction
[00:36:40.335] [bmv2] [D] [thread 91747] [38.0] [cxt 0] Pipeline 'ingress': end
[00:36:40.335] [bmv2] [D] [thread 91747] [38.0] [cxt 0] Egress port is 0
[00:36:40.335] [bmv2] [D] [thread 91747] [39.0] [cxt 0] Processing packet received on port 2
[00:36:40.335] [bmv2] [D] [thread 91747] [39.0] [cxt 0] Parser 'parser': start
[00:36:40.335] [bmv2] [D] [thread 91747] [39.0] [cxt 0] Parser 'parser' entering state 'start'
[00:36:40.335] [bmv2] [D] [thread 91747] [39.0] [cxt 0] Extracting header 'ethernet'
[00:36:40.335] [bmv2] [D] [thread 91747] [39.0] [cxt 0] Parser state 'start': key is 86dd
[00:36:40.335] [bmv2] [T] [thread 91747] [39.0] [cxt 0] Bytes parsed: 14
[00:36:40.335] [bmv2] [D] [thread 91747] [39.0] [cxt 0] Parser 'parser' entering state 'parse_ipv6'
[00:36:40.335] [bmv2] [D] [thread 91747] [39.0] [cxt 0] Extracting header 'ipv6'
[00:36:40.335] [bmv2] [D] [thread 91747] [39.0] [cxt 0] Parser state 'parse_ipv6': key is 00
[00:36:40.335] [bmv2] [T] [thread 91747] [39.0] [cxt 0] Bytes parsed: 54
[00:36:40.335] [bmv2] [D] [thread 91747] [39.0] [cxt 0] Parser 'parser': end
[00:36:40.335] [bmv2] [D] [thread 91747] [39.0] [cxt 0] Pipeline 'ingress': start
[00:36:40.335] [bmv2] [T] [thread 91747] [39.0] [cxt 0] basic.p4(560) Condition "hdr.ethernet.etherType == TYPE_ARP" (node_2) is false
[00:36:40.335] [bmv2] [T] [thread 91747] [39.0] [cxt 0] basic.p4(563) Condition "hdr.ethernet.etherType == TYPE_SRCROUTING" (node_4) is false
[00:36:40.335] [bmv2] [T] [thread 91747] [39.0] [cxt 0] basic.p4(576) Condition "hdr.ethernet.etherType == TYPE_YEQUDESU" (node_12) is false
[00:36:40.335] [bmv2] [T] [thread 91747] [39.0] [cxt 0] basic.p4(582) Condition "hdr.vxlan.isValid()" (node_15) is false
[00:36:40.335] [bmv2] [T] [thread 91747] [39.0] [cxt 0] basic.p4(586) Condition "hdr.ipv6.isValid()" (node_17) is true
[00:36:40.335] [bmv2] [T] [thread 91747] [39.0] [cxt 0] Applying table 'MyIngress.ipv6_lpm'
[00:36:40.335] [bmv2] [D] [thread 91747] [39.0] [cxt 0] Looking up key:
* hdr.ipv6.dstAddr    : ff020000000000000000000000000016

[00:36:40.335] [bmv2] [D] [thread 91747] [39.0] [cxt 0] Table 'MyIngress.ipv6_lpm': miss
[00:36:40.335] [bmv2] [D] [thread 91747] [39.0] [cxt 0] Action entry is NoAction - 
[00:36:40.335] [bmv2] [T] [thread 91747] [39.0] [cxt 0] Action NoAction
[00:36:40.335] [bmv2] [D] [thread 91747] [39.0] [cxt 0] Pipeline 'ingress': end
[00:36:40.335] [bmv2] [D] [thread 91747] [39.0] [cxt 0] Egress port is 0
[00:36:40.335] [bmv2] [D] [thread 91748] [37.0] [cxt 0] Pipeline 'egress': start
[00:36:40.335] [bmv2] [T] [thread 91748] [37.0] [cxt 0] basic.p4(684) Condition "standard_metadata.mcast_grp != 0" (node_28) is false
[00:36:40.335] [bmv2] [D] [thread 91748] [37.0] [cxt 0] Pipeline 'egress': end
[00:36:40.335] [bmv2] [D] [thread 91748] [37.0] [cxt 0] Deparser 'deparser': start
[00:36:40.335] [bmv2] [T] [thread 91748] [37.0] [cxt 0] Skipping checksum 'cksum' update because condition not met
[00:36:40.335] [bmv2] [D] [thread 91748] [37.0] [cxt 0] Deparsing header 'ethernet'
[00:36:40.335] [bmv2] [D] [thread 91748] [37.0] [cxt 0] Deparsing header 'ipv6'
[00:36:40.335] [bmv2] [D] [thread 91748] [37.0] [cxt 0] Deparser 'deparser': end
[00:36:40.335] [bmv2] [D] [thread 91748] [38.0] [cxt 0] Pipeline 'egress': start
[00:36:40.335] [bmv2] [T] [thread 91748] [38.0] [cxt 0] basic.p4(684) Condition "standard_metadata.mcast_grp != 0" (node_28) is false
[00:36:40.335] [bmv2] [D] [thread 91748] [38.0] [cxt 0] Pipeline 'egress': end
[00:36:40.335] [bmv2] [D] [thread 91748] [38.0] [cxt 0] Deparser 'deparser': start
[00:36:40.335] [bmv2] [T] [thread 91748] [38.0] [cxt 0] Skipping checksum 'cksum' update because condition not met
[00:36:40.335] [bmv2] [D] [thread 91748] [38.0] [cxt 0] Deparsing header 'ethernet'
[00:36:40.335] [bmv2] [D] [thread 91748] [38.0] [cxt 0] Deparsing header 'ipv6'
[00:36:40.335] [bmv2] [D] [thread 91748] [38.0] [cxt 0] Deparser 'deparser': end
[00:36:40.335] [bmv2] [D] [thread 91748] [39.0] [cxt 0] Pipeline 'egress': start
[00:36:40.335] [bmv2] [T] [thread 91748] [39.0] [cxt 0] basic.p4(684) Condition "standard_metadata.mcast_grp != 0" (node_28) is false
[00:36:40.335] [bmv2] [D] [thread 91748] [39.0] [cxt 0] Pipeline 'egress': end
[00:36:40.335] [bmv2] [D] [thread 91748] [39.0] [cxt 0] Deparser 'deparser': start
[00:36:40.335] [bmv2] [D] [thread 91752] [37.0] [cxt 0] Transmitting packet of size 90 out of port 0
[00:36:40.335] [bmv2] [D] [thread 91752] [38.0] [cxt 0] Transmitting packet of size 70 out of port 0
[00:36:40.335] [bmv2] [T] [thread 91748] [39.0] [cxt 0] Skipping checksum 'cksum' update because condition not met
[00:36:40.335] [bmv2] [D] [thread 91748] [39.0] [cxt 0] Deparsing header 'ethernet'
[00:36:40.335] [bmv2] [D] [thread 91748] [39.0] [cxt 0] Deparsing header 'ipv6'
[00:36:40.335] [bmv2] [D] [thread 91748] [39.0] [cxt 0] Deparser 'deparser': end
[00:36:40.335] [bmv2] [D] [thread 91752] [39.0] [cxt 0] Transmitting packet of size 90 out of port 0
[00:36:40.338] [bmv2] [D] [thread 91747] [40.0] [cxt 0] Processing packet received on port 5
[00:36:40.338] [bmv2] [D] [thread 91747] [40.0] [cxt 0] Parser 'parser': start
[00:36:40.338] [bmv2] [D] [thread 91747] [40.0] [cxt 0] Parser 'parser' entering state 'start'
[00:36:40.338] [bmv2] [D] [thread 91747] [40.0] [cxt 0] Extracting header 'ethernet'
[00:36:40.338] [bmv2] [D] [thread 91747] [40.0] [cxt 0] Parser state 'start': key is 86dd
[00:36:40.338] [bmv2] [T] [thread 91747] [40.0] [cxt 0] Bytes parsed: 14
[00:36:40.339] [bmv2] [D] [thread 91747] [40.0] [cxt 0] Parser 'parser' entering state 'parse_ipv6'
[00:36:40.339] [bmv2] [D] [thread 91747] [40.0] [cxt 0] Extracting header 'ipv6'
[00:36:40.339] [bmv2] [D] [thread 91747] [40.0] [cxt 0] Parser state 'parse_ipv6': key is 00
[00:36:40.339] [bmv2] [T] [thread 91747] [40.0] [cxt 0] Bytes parsed: 54
[00:36:40.339] [bmv2] [D] [thread 91747] [40.0] [cxt 0] Parser 'parser': end
[00:36:40.339] [bmv2] [D] [thread 91747] [40.0] [cxt 0] Pipeline 'ingress': start
[00:36:40.339] [bmv2] [T] [thread 91747] [40.0] [cxt 0] basic.p4(560) Condition "hdr.ethernet.etherType == TYPE_ARP" (node_2) is false
[00:36:40.339] [bmv2] [T] [thread 91747] [40.0] [cxt 0] basic.p4(563) Condition "hdr.ethernet.etherType == TYPE_SRCROUTING" (node_4) is false
[00:36:40.339] [bmv2] [T] [thread 91747] [40.0] [cxt 0] basic.p4(576) Condition "hdr.ethernet.etherType == TYPE_YEQUDESU" (node_12) is false
[00:36:40.339] [bmv2] [T] [thread 91747] [40.0] [cxt 0] basic.p4(582) Condition "hdr.vxlan.isValid()" (node_15) is false
[00:36:40.339] [bmv2] [T] [thread 91747] [40.0] [cxt 0] basic.p4(586) Condition "hdr.ipv6.isValid()" (node_17) is true
[00:36:40.339] [bmv2] [T] [thread 91747] [40.0] [cxt 0] Applying table 'MyIngress.ipv6_lpm'
[00:36:40.339] [bmv2] [D] [thread 91747] [40.0] [cxt 0] Looking up key:
* hdr.ipv6.dstAddr    : ff020000000000000000000000000016

[00:36:40.339] [bmv2] [D] [thread 91747] [40.0] [cxt 0] Table 'MyIngress.ipv6_lpm': miss
[00:36:40.339] [bmv2] [D] [thread 91747] [40.0] [cxt 0] Action entry is NoAction - 
[00:36:40.339] [bmv2] [T] [thread 91747] [40.0] [cxt 0] Action NoAction
[00:36:40.339] [bmv2] [D] [thread 91747] [40.0] [cxt 0] Pipeline 'ingress': end
[00:36:40.339] [bmv2] [D] [thread 91747] [40.0] [cxt 0] Egress port is 0
[00:36:40.339] [bmv2] [D] [thread 91748] [40.0] [cxt 0] Pipeline 'egress': start
[00:36:40.339] [bmv2] [T] [thread 91748] [40.0] [cxt 0] basic.p4(684) Condition "standard_metadata.mcast_grp != 0" (node_28) is false
[00:36:40.339] [bmv2] [D] [thread 91748] [40.0] [cxt 0] Pipeline 'egress': end
[00:36:40.339] [bmv2] [D] [thread 91748] [40.0] [cxt 0] Deparser 'deparser': start
[00:36:40.339] [bmv2] [T] [thread 91748] [40.0] [cxt 0] Skipping checksum 'cksum' update because condition not met
[00:36:40.339] [bmv2] [D] [thread 91748] [40.0] [cxt 0] Deparsing header 'ethernet'
[00:36:40.339] [bmv2] [D] [thread 91748] [40.0] [cxt 0] Deparsing header 'ipv6'
[00:36:40.339] [bmv2] [D] [thread 91748] [40.0] [cxt 0] Deparser 'deparser': end
[00:36:40.339] [bmv2] [D] [thread 91752] [40.0] [cxt 0] Transmitting packet of size 90 out of port 0
[00:36:40.370] [bmv2] [D] [thread 91747] [41.0] [cxt 0] Processing packet received on port 2
[00:36:40.371] [bmv2] [D] [thread 91747] [41.0] [cxt 0] Parser 'parser': start
[00:36:40.371] [bmv2] [D] [thread 91747] [41.0] [cxt 0] Parser 'parser' entering state 'start'
[00:36:40.371] [bmv2] [D] [thread 91747] [41.0] [cxt 0] Extracting header 'ethernet'
[00:36:40.371] [bmv2] [D] [thread 91747] [41.0] [cxt 0] Parser state 'start': key is 86dd
[00:36:40.371] [bmv2] [T] [thread 91747] [41.0] [cxt 0] Bytes parsed: 14
[00:36:40.371] [bmv2] [D] [thread 91747] [41.0] [cxt 0] Parser 'parser' entering state 'parse_ipv6'
[00:36:40.371] [bmv2] [D] [thread 91747] [41.0] [cxt 0] Extracting header 'ipv6'
[00:36:40.371] [bmv2] [D] [thread 91747] [41.0] [cxt 0] Parser state 'parse_ipv6': key is 11
[00:36:40.371] [bmv2] [T] [thread 91747] [41.0] [cxt 0] Bytes parsed: 54
[00:36:40.371] [bmv2] [D] [thread 91747] [41.0] [cxt 0] Parser 'parser': end
[00:36:40.371] [bmv2] [D] [thread 91747] [41.0] [cxt 0] Pipeline 'ingress': start
[00:36:40.371] [bmv2] [T] [thread 91747] [41.0] [cxt 0] basic.p4(560) Condition "hdr.ethernet.etherType == TYPE_ARP" (node_2) is false
[00:36:40.371] [bmv2] [T] [thread 91747] [41.0] [cxt 0] basic.p4(563) Condition "hdr.ethernet.etherType == TYPE_SRCROUTING" (node_4) is false
[00:36:40.371] [bmv2] [T] [thread 91747] [41.0] [cxt 0] basic.p4(576) Condition "hdr.ethernet.etherType == TYPE_YEQUDESU" (node_12) is false
[00:36:40.371] [bmv2] [T] [thread 91747] [41.0] [cxt 0] basic.p4(582) Condition "hdr.vxlan.isValid()" (node_15) is false
[00:36:40.371] [bmv2] [T] [thread 91747] [41.0] [cxt 0] basic.p4(586) Condition "hdr.ipv6.isValid()" (node_17) is true
[00:36:40.371] [bmv2] [T] [thread 91747] [41.0] [cxt 0] Applying table 'MyIngress.ipv6_lpm'
[00:36:40.371] [bmv2] [D] [thread 91747] [41.0] [cxt 0] Looking up key:
* hdr.ipv6.dstAddr    : ff0200000000000000000000000000fb

[00:36:40.371] [bmv2] [D] [thread 91747] [41.0] [cxt 0] Table 'MyIngress.ipv6_lpm': miss
[00:36:40.371] [bmv2] [D] [thread 91747] [41.0] [cxt 0] Action entry is NoAction - 
[00:36:40.371] [bmv2] [T] [thread 91747] [41.0] [cxt 0] Action NoAction
[00:36:40.371] [bmv2] [D] [thread 91747] [41.0] [cxt 0] Pipeline 'ingress': end
[00:36:40.371] [bmv2] [D] [thread 91747] [41.0] [cxt 0] Egress port is 0
[00:36:40.371] [bmv2] [D] [thread 91748] [41.0] [cxt 0] Pipeline 'egress': start
[00:36:40.371] [bmv2] [T] [thread 91748] [41.0] [cxt 0] basic.p4(684) Condition "standard_metadata.mcast_grp != 0" (node_28) is false
[00:36:40.371] [bmv2] [D] [thread 91748] [41.0] [cxt 0] Pipeline 'egress': end
[00:36:40.371] [bmv2] [D] [thread 91748] [41.0] [cxt 0] Deparser 'deparser': start
[00:36:40.371] [bmv2] [T] [thread 91748] [41.0] [cxt 0] Skipping checksum 'cksum' update because condition not met
[00:36:40.371] [bmv2] [D] [thread 91748] [41.0] [cxt 0] Deparsing header 'ethernet'
[00:36:40.371] [bmv2] [D] [thread 91748] [41.0] [cxt 0] Deparsing header 'ipv6'
[00:36:40.371] [bmv2] [D] [thread 91748] [41.0] [cxt 0] Deparser 'deparser': end
[00:36:40.371] [bmv2] [D] [thread 91752] [41.0] [cxt 0] Transmitting packet of size 211 out of port 0
[00:36:40.397] [bmv2] [D] [thread 91747] [42.0] [cxt 0] Processing packet received on port 4
[00:36:40.398] [bmv2] [D] [thread 91747] [42.0] [cxt 0] Parser 'parser': start
[00:36:40.398] [bmv2] [D] [thread 91747] [42.0] [cxt 0] Parser 'parser' entering state 'start'
[00:36:40.398] [bmv2] [D] [thread 91747] [42.0] [cxt 0] Extracting header 'ethernet'
[00:36:40.398] [bmv2] [D] [thread 91747] [42.0] [cxt 0] Parser state 'start': key is 86dd
[00:36:40.398] [bmv2] [T] [thread 91747] [42.0] [cxt 0] Bytes parsed: 14
[00:36:40.398] [bmv2] [D] [thread 91747] [42.0] [cxt 0] Parser 'parser' entering state 'parse_ipv6'
[00:36:40.398] [bmv2] [D] [thread 91747] [42.0] [cxt 0] Extracting header 'ipv6'
[00:36:40.398] [bmv2] [D] [thread 91747] [42.0] [cxt 0] Parser state 'parse_ipv6': key is 00
[00:36:40.398] [bmv2] [T] [thread 91747] [42.0] [cxt 0] Bytes parsed: 54
[00:36:40.398] [bmv2] [D] [thread 91747] [42.0] [cxt 0] Parser 'parser': end
[00:36:40.398] [bmv2] [D] [thread 91747] [42.0] [cxt 0] Pipeline 'ingress': start
[00:36:40.398] [bmv2] [T] [thread 91747] [42.0] [cxt 0] basic.p4(560) Condition "hdr.ethernet.etherType == TYPE_ARP" (node_2) is false
[00:36:40.398] [bmv2] [T] [thread 91747] [42.0] [cxt 0] basic.p4(563) Condition "hdr.ethernet.etherType == TYPE_SRCROUTING" (node_4) is false
[00:36:40.398] [bmv2] [T] [thread 91747] [42.0] [cxt 0] basic.p4(576) Condition "hdr.ethernet.etherType == TYPE_YEQUDESU" (node_12) is false
[00:36:40.398] [bmv2] [T] [thread 91747] [42.0] [cxt 0] basic.p4(582) Condition "hdr.vxlan.isValid()" (node_15) is false
[00:36:40.398] [bmv2] [T] [thread 91747] [42.0] [cxt 0] basic.p4(586) Condition "hdr.ipv6.isValid()" (node_17) is true
[00:36:40.398] [bmv2] [T] [thread 91747] [42.0] [cxt 0] Applying table 'MyIngress.ipv6_lpm'
[00:36:40.398] [bmv2] [D] [thread 91747] [42.0] [cxt 0] Looking up key:
* hdr.ipv6.dstAddr    : ff020000000000000000000000000016

[00:36:40.398] [bmv2] [D] [thread 91747] [42.0] [cxt 0] Table 'MyIngress.ipv6_lpm': miss
[00:36:40.398] [bmv2] [D] [thread 91747] [42.0] [cxt 0] Action entry is NoAction - 
[00:36:40.398] [bmv2] [T] [thread 91747] [42.0] [cxt 0] Action NoAction
[00:36:40.398] [bmv2] [D] [thread 91747] [42.0] [cxt 0] Pipeline 'ingress': end
[00:36:40.398] [bmv2] [D] [thread 91747] [42.0] [cxt 0] Egress port is 0
[00:36:40.398] [bmv2] [D] [thread 91747] [43.0] [cxt 0] Processing packet received on port 4
[00:36:40.398] [bmv2] [D] [thread 91747] [43.0] [cxt 0] Parser 'parser': start
[00:36:40.398] [bmv2] [D] [thread 91747] [43.0] [cxt 0] Parser 'parser' entering state 'start'
[00:36:40.398] [bmv2] [D] [thread 91747] [43.0] [cxt 0] Extracting header 'ethernet'
[00:36:40.398] [bmv2] [D] [thread 91747] [43.0] [cxt 0] Parser state 'start': key is 86dd
[00:36:40.398] [bmv2] [T] [thread 91747] [43.0] [cxt 0] Bytes parsed: 14
[00:36:40.398] [bmv2] [D] [thread 91747] [43.0] [cxt 0] Parser 'parser' entering state 'parse_ipv6'
[00:36:40.398] [bmv2] [D] [thread 91747] [43.0] [cxt 0] Extracting header 'ipv6'
[00:36:40.398] [bmv2] [D] [thread 91747] [43.0] [cxt 0] Parser state 'parse_ipv6': key is 3a
[00:36:40.398] [bmv2] [T] [thread 91747] [43.0] [cxt 0] Bytes parsed: 54
[00:36:40.398] [bmv2] [D] [thread 91748] [42.0] [cxt 0] Pipeline 'egress': start
[00:36:40.398] [bmv2] [T] [thread 91748] [42.0] [cxt 0] basic.p4(684) Condition "standard_metadata.mcast_grp != 0" (node_28) is false
[00:36:40.398] [bmv2] [D] [thread 91748] [42.0] [cxt 0] Pipeline 'egress': end
[00:36:40.398] [bmv2] [D] [thread 91748] [42.0] [cxt 0] Deparser 'deparser': start
[00:36:40.398] [bmv2] [T] [thread 91748] [42.0] [cxt 0] Skipping checksum 'cksum' update because condition not met
[00:36:40.398] [bmv2] [D] [thread 91748] [42.0] [cxt 0] Deparsing header 'ethernet'
[00:36:40.398] [bmv2] [D] [thread 91748] [42.0] [cxt 0] Deparsing header 'ipv6'
[00:36:40.398] [bmv2] [D] [thread 91748] [42.0] [cxt 0] Deparser 'deparser': end
[00:36:40.398] [bmv2] [D] [thread 91752] [42.0] [cxt 0] Transmitting packet of size 90 out of port 0
[00:36:40.398] [bmv2] [D] [thread 91747] [43.0] [cxt 0] Parser 'parser': end
[00:36:40.398] [bmv2] [D] [thread 91747] [43.0] [cxt 0] Pipeline 'ingress': start
[00:36:40.398] [bmv2] [T] [thread 91747] [43.0] [cxt 0] basic.p4(560) Condition "hdr.ethernet.etherType == TYPE_ARP" (node_2) is false
[00:36:40.398] [bmv2] [T] [thread 91747] [43.0] [cxt 0] basic.p4(563) Condition "hdr.ethernet.etherType == TYPE_SRCROUTING" (node_4) is false
[00:36:40.398] [bmv2] [T] [thread 91747] [43.0] [cxt 0] basic.p4(576) Condition "hdr.ethernet.etherType == TYPE_YEQUDESU" (node_12) is false
[00:36:40.398] [bmv2] [T] [thread 91747] [43.0] [cxt 0] basic.p4(582) Condition "hdr.vxlan.isValid()" (node_15) is false
[00:36:40.398] [bmv2] [T] [thread 91747] [43.0] [cxt 0] basic.p4(586) Condition "hdr.ipv6.isValid()" (node_17) is true
[00:36:40.398] [bmv2] [T] [thread 91747] [43.0] [cxt 0] Applying table 'MyIngress.ipv6_lpm'
[00:36:40.398] [bmv2] [D] [thread 91747] [43.0] [cxt 0] Looking up key:
* hdr.ipv6.dstAddr    : ff020000000000000000000000000002

[00:36:40.398] [bmv2] [D] [thread 91747] [43.0] [cxt 0] Table 'MyIngress.ipv6_lpm': miss
[00:36:40.398] [bmv2] [D] [thread 91747] [43.0] [cxt 0] Action entry is NoAction - 
[00:36:40.398] [bmv2] [T] [thread 91747] [43.0] [cxt 0] Action NoAction
[00:36:40.398] [bmv2] [D] [thread 91747] [43.0] [cxt 0] Pipeline 'ingress': end
[00:36:40.398] [bmv2] [D] [thread 91747] [43.0] [cxt 0] Egress port is 0
[00:36:40.398] [bmv2] [D] [thread 91748] [43.0] [cxt 0] Pipeline 'egress': start
[00:36:40.398] [bmv2] [T] [thread 91748] [43.0] [cxt 0] basic.p4(684) Condition "standard_metadata.mcast_grp != 0" (node_28) is false
[00:36:40.398] [bmv2] [D] [thread 91748] [43.0] [cxt 0] Pipeline 'egress': end
[00:36:40.398] [bmv2] [D] [thread 91748] [43.0] [cxt 0] Deparser 'deparser': start
[00:36:40.398] [bmv2] [T] [thread 91748] [43.0] [cxt 0] Skipping checksum 'cksum' update because condition not met
[00:36:40.398] [bmv2] [D] [thread 91748] [43.0] [cxt 0] Deparsing header 'ethernet'
[00:36:40.398] [bmv2] [D] [thread 91748] [43.0] [cxt 0] Deparsing header 'ipv6'
[00:36:40.398] [bmv2] [D] [thread 91748] [43.0] [cxt 0] Deparser 'deparser': end
[00:36:40.398] [bmv2] [D] [thread 91752] [43.0] [cxt 0] Transmitting packet of size 70 out of port 0
[00:36:40.400] [bmv2] [D] [thread 91747] [44.0] [cxt 0] Processing packet received on port 4
[00:36:40.400] [bmv2] [D] [thread 91747] [44.0] [cxt 0] Parser 'parser': start
[00:36:40.400] [bmv2] [D] [thread 91747] [44.0] [cxt 0] Parser 'parser' entering state 'start'
[00:36:40.400] [bmv2] [D] [thread 91747] [44.0] [cxt 0] Extracting header 'ethernet'
[00:36:40.400] [bmv2] [D] [thread 91747] [44.0] [cxt 0] Parser state 'start': key is 86dd
[00:36:40.400] [bmv2] [T] [thread 91747] [44.0] [cxt 0] Bytes parsed: 14
[00:36:40.400] [bmv2] [D] [thread 91747] [44.0] [cxt 0] Parser 'parser' entering state 'parse_ipv6'
[00:36:40.400] [bmv2] [D] [thread 91747] [44.0] [cxt 0] Extracting header 'ipv6'
[00:36:40.400] [bmv2] [D] [thread 91747] [44.0] [cxt 0] Parser state 'parse_ipv6': key is 00
[00:36:40.400] [bmv2] [T] [thread 91747] [44.0] [cxt 0] Bytes parsed: 54
[00:36:40.400] [bmv2] [D] [thread 91747] [44.0] [cxt 0] Parser 'parser': end
[00:36:40.401] [bmv2] [D] [thread 91747] [44.0] [cxt 0] Pipeline 'ingress': start
[00:36:40.401] [bmv2] [T] [thread 91747] [44.0] [cxt 0] basic.p4(560) Condition "hdr.ethernet.etherType == TYPE_ARP" (node_2) is false
[00:36:40.401] [bmv2] [T] [thread 91747] [44.0] [cxt 0] basic.p4(563) Condition "hdr.ethernet.etherType == TYPE_SRCROUTING" (node_4) is false
[00:36:40.401] [bmv2] [T] [thread 91747] [44.0] [cxt 0] basic.p4(576) Condition "hdr.ethernet.etherType == TYPE_YEQUDESU" (node_12) is false
[00:36:40.401] [bmv2] [T] [thread 91747] [44.0] [cxt 0] basic.p4(582) Condition "hdr.vxlan.isValid()" (node_15) is false
[00:36:40.401] [bmv2] [T] [thread 91747] [44.0] [cxt 0] basic.p4(586) Condition "hdr.ipv6.isValid()" (node_17) is true
[00:36:40.401] [bmv2] [T] [thread 91747] [44.0] [cxt 0] Applying table 'MyIngress.ipv6_lpm'
[00:36:40.401] [bmv2] [D] [thread 91747] [44.0] [cxt 0] Looking up key:
* hdr.ipv6.dstAddr    : ff020000000000000000000000000016

[00:36:40.401] [bmv2] [D] [thread 91747] [44.0] [cxt 0] Table 'MyIngress.ipv6_lpm': miss
[00:36:40.401] [bmv2] [D] [thread 91747] [44.0] [cxt 0] Action entry is NoAction - 
[00:36:40.401] [bmv2] [T] [thread 91747] [44.0] [cxt 0] Action NoAction
[00:36:40.401] [bmv2] [D] [thread 91747] [44.0] [cxt 0] Pipeline 'ingress': end
[00:36:40.401] [bmv2] [D] [thread 91747] [44.0] [cxt 0] Egress port is 0
[00:36:40.401] [bmv2] [D] [thread 91748] [44.0] [cxt 0] Pipeline 'egress': start
[00:36:40.401] [bmv2] [T] [thread 91748] [44.0] [cxt 0] basic.p4(684) Condition "standard_metadata.mcast_grp != 0" (node_28) is false
[00:36:40.401] [bmv2] [D] [thread 91748] [44.0] [cxt 0] Pipeline 'egress': end
[00:36:40.401] [bmv2] [D] [thread 91748] [44.0] [cxt 0] Deparser 'deparser': start
[00:36:40.401] [bmv2] [T] [thread 91748] [44.0] [cxt 0] Skipping checksum 'cksum' update because condition not met
[00:36:40.401] [bmv2] [D] [thread 91748] [44.0] [cxt 0] Deparsing header 'ethernet'
[00:36:40.401] [bmv2] [D] [thread 91748] [44.0] [cxt 0] Deparsing header 'ipv6'
[00:36:40.401] [bmv2] [D] [thread 91748] [44.0] [cxt 0] Deparser 'deparser': end
[00:36:40.401] [bmv2] [D] [thread 91752] [44.0] [cxt 0] Transmitting packet of size 90 out of port 0
[00:36:40.434] [bmv2] [D] [thread 91747] [45.0] [cxt 0] Processing packet received on port 3
[00:36:40.434] [bmv2] [D] [thread 91747] [45.0] [cxt 0] Parser 'parser': start
[00:36:40.434] [bmv2] [D] [thread 91747] [45.0] [cxt 0] Parser 'parser' entering state 'start'
[00:36:40.434] [bmv2] [D] [thread 91747] [45.0] [cxt 0] Extracting header 'ethernet'
[00:36:40.434] [bmv2] [D] [thread 91747] [45.0] [cxt 0] Parser state 'start': key is 86dd
[00:36:40.434] [bmv2] [T] [thread 91747] [45.0] [cxt 0] Bytes parsed: 14
[00:36:40.434] [bmv2] [D] [thread 91747] [45.0] [cxt 0] Parser 'parser' entering state 'parse_ipv6'
[00:36:40.434] [bmv2] [D] [thread 91747] [45.0] [cxt 0] Extracting header 'ipv6'
[00:36:40.434] [bmv2] [D] [thread 91747] [45.0] [cxt 0] Parser state 'parse_ipv6': key is 11
[00:36:40.434] [bmv2] [T] [thread 91747] [45.0] [cxt 0] Bytes parsed: 54
[00:36:40.434] [bmv2] [D] [thread 91747] [45.0] [cxt 0] Parser 'parser': end
[00:36:40.434] [bmv2] [D] [thread 91747] [45.0] [cxt 0] Pipeline 'ingress': start
[00:36:40.434] [bmv2] [T] [thread 91747] [45.0] [cxt 0] basic.p4(560) Condition "hdr.ethernet.etherType == TYPE_ARP" (node_2) is false
[00:36:40.434] [bmv2] [T] [thread 91747] [45.0] [cxt 0] basic.p4(563) Condition "hdr.ethernet.etherType == TYPE_SRCROUTING" (node_4) is false
[00:36:40.434] [bmv2] [T] [thread 91747] [45.0] [cxt 0] basic.p4(576) Condition "hdr.ethernet.etherType == TYPE_YEQUDESU" (node_12) is false
[00:36:40.434] [bmv2] [T] [thread 91747] [45.0] [cxt 0] basic.p4(582) Condition "hdr.vxlan.isValid()" (node_15) is false
[00:36:40.434] [bmv2] [T] [thread 91747] [45.0] [cxt 0] basic.p4(586) Condition "hdr.ipv6.isValid()" (node_17) is true
[00:36:40.434] [bmv2] [T] [thread 91747] [45.0] [cxt 0] Applying table 'MyIngress.ipv6_lpm'
[00:36:40.434] [bmv2] [D] [thread 91747] [45.0] [cxt 0] Looking up key:
* hdr.ipv6.dstAddr    : ff0200000000000000000000000000fb

[00:36:40.434] [bmv2] [D] [thread 91747] [45.0] [cxt 0] Table 'MyIngress.ipv6_lpm': miss
[00:36:40.434] [bmv2] [D] [thread 91747] [45.0] [cxt 0] Action entry is NoAction - 
[00:36:40.434] [bmv2] [T] [thread 91747] [45.0] [cxt 0] Action NoAction
[00:36:40.434] [bmv2] [D] [thread 91747] [45.0] [cxt 0] Pipeline 'ingress': end
[00:36:40.434] [bmv2] [D] [thread 91747] [45.0] [cxt 0] Egress port is 0
[00:36:40.434] [bmv2] [D] [thread 91748] [45.0] [cxt 0] Pipeline 'egress': start
[00:36:40.434] [bmv2] [T] [thread 91748] [45.0] [cxt 0] basic.p4(684) Condition "standard_metadata.mcast_grp != 0" (node_28) is false
[00:36:40.434] [bmv2] [D] [thread 91748] [45.0] [cxt 0] Pipeline 'egress': end
[00:36:40.434] [bmv2] [D] [thread 91748] [45.0] [cxt 0] Deparser 'deparser': start
[00:36:40.434] [bmv2] [T] [thread 91748] [45.0] [cxt 0] Skipping checksum 'cksum' update because condition not met
[00:36:40.434] [bmv2] [D] [thread 91748] [45.0] [cxt 0] Deparsing header 'ethernet'
[00:36:40.434] [bmv2] [D] [thread 91748] [45.0] [cxt 0] Deparsing header 'ipv6'
[00:36:40.434] [bmv2] [D] [thread 91748] [45.0] [cxt 0] Deparser 'deparser': end
[00:36:40.434] [bmv2] [D] [thread 91752] [45.0] [cxt 0] Transmitting packet of size 211 out of port 0
[00:36:40.436] [bmv2] [D] [thread 91747] [46.0] [cxt 0] Processing packet received on port 5
[00:36:40.436] [bmv2] [D] [thread 91747] [46.0] [cxt 0] Parser 'parser': start
[00:36:40.436] [bmv2] [D] [thread 91747] [46.0] [cxt 0] Parser 'parser' entering state 'start'
[00:36:40.436] [bmv2] [D] [thread 91747] [46.0] [cxt 0] Extracting header 'ethernet'
[00:36:40.436] [bmv2] [D] [thread 91747] [46.0] [cxt 0] Parser state 'start': key is 86dd
[00:36:40.436] [bmv2] [T] [thread 91747] [46.0] [cxt 0] Bytes parsed: 14
[00:36:40.436] [bmv2] [D] [thread 91747] [46.0] [cxt 0] Parser 'parser' entering state 'parse_ipv6'
[00:36:40.436] [bmv2] [D] [thread 91747] [46.0] [cxt 0] Extracting header 'ipv6'
[00:36:40.436] [bmv2] [D] [thread 91747] [46.0] [cxt 0] Parser state 'parse_ipv6': key is 11
[00:36:40.436] [bmv2] [T] [thread 91747] [46.0] [cxt 0] Bytes parsed: 54
[00:36:40.436] [bmv2] [D] [thread 91747] [46.0] [cxt 0] Parser 'parser': end
[00:36:40.436] [bmv2] [D] [thread 91747] [46.0] [cxt 0] Pipeline 'ingress': start
[00:36:40.436] [bmv2] [T] [thread 91747] [46.0] [cxt 0] basic.p4(560) Condition "hdr.ethernet.etherType == TYPE_ARP" (node_2) is false
[00:36:40.436] [bmv2] [T] [thread 91747] [46.0] [cxt 0] basic.p4(563) Condition "hdr.ethernet.etherType == TYPE_SRCROUTING" (node_4) is false
[00:36:40.436] [bmv2] [T] [thread 91747] [46.0] [cxt 0] basic.p4(576) Condition "hdr.ethernet.etherType == TYPE_YEQUDESU" (node_12) is false
[00:36:40.436] [bmv2] [T] [thread 91747] [46.0] [cxt 0] basic.p4(582) Condition "hdr.vxlan.isValid()" (node_15) is false
[00:36:40.436] [bmv2] [T] [thread 91747] [46.0] [cxt 0] basic.p4(586) Condition "hdr.ipv6.isValid()" (node_17) is true
[00:36:40.436] [bmv2] [T] [thread 91747] [46.0] [cxt 0] Applying table 'MyIngress.ipv6_lpm'
[00:36:40.436] [bmv2] [D] [thread 91747] [46.0] [cxt 0] Looking up key:
* hdr.ipv6.dstAddr    : ff0200000000000000000000000000fb

[00:36:40.436] [bmv2] [D] [thread 91747] [46.0] [cxt 0] Table 'MyIngress.ipv6_lpm': miss
[00:36:40.436] [bmv2] [D] [thread 91747] [46.0] [cxt 0] Action entry is NoAction - 
[00:36:40.436] [bmv2] [T] [thread 91747] [46.0] [cxt 0] Action NoAction
[00:36:40.436] [bmv2] [D] [thread 91747] [46.0] [cxt 0] Pipeline 'ingress': end
[00:36:40.436] [bmv2] [D] [thread 91747] [46.0] [cxt 0] Egress port is 0
[00:36:40.436] [bmv2] [D] [thread 91748] [46.0] [cxt 0] Pipeline 'egress': start
[00:36:40.437] [bmv2] [T] [thread 91748] [46.0] [cxt 0] basic.p4(684) Condition "standard_metadata.mcast_grp != 0" (node_28) is false
[00:36:40.437] [bmv2] [D] [thread 91748] [46.0] [cxt 0] Pipeline 'egress': end
[00:36:40.437] [bmv2] [D] [thread 91748] [46.0] [cxt 0] Deparser 'deparser': start
[00:36:40.437] [bmv2] [T] [thread 91748] [46.0] [cxt 0] Skipping checksum 'cksum' update because condition not met
[00:36:40.437] [bmv2] [D] [thread 91748] [46.0] [cxt 0] Deparsing header 'ethernet'
[00:36:40.437] [bmv2] [D] [thread 91748] [46.0] [cxt 0] Deparsing header 'ipv6'
[00:36:40.437] [bmv2] [D] [thread 91748] [46.0] [cxt 0] Deparser 'deparser': end
[00:36:40.437] [bmv2] [D] [thread 91752] [46.0] [cxt 0] Transmitting packet of size 203 out of port 0
[00:36:40.445] [bmv2] [D] [thread 91747] [47.0] [cxt 0] Processing packet received on port 5
[00:36:40.445] [bmv2] [D] [thread 91747] [47.0] [cxt 0] Parser 'parser': start
[00:36:40.445] [bmv2] [D] [thread 91747] [47.0] [cxt 0] Parser 'parser' entering state 'start'
[00:36:40.445] [bmv2] [D] [thread 91747] [47.0] [cxt 0] Extracting header 'ethernet'
[00:36:40.445] [bmv2] [D] [thread 91747] [47.0] [cxt 0] Parser state 'start': key is 86dd
[00:36:40.445] [bmv2] [T] [thread 91747] [47.0] [cxt 0] Bytes parsed: 14
[00:36:40.445] [bmv2] [D] [thread 91747] [47.0] [cxt 0] Parser 'parser' entering state 'parse_ipv6'
[00:36:40.445] [bmv2] [D] [thread 91747] [47.0] [cxt 0] Extracting header 'ipv6'
[00:36:40.445] [bmv2] [D] [thread 91747] [47.0] [cxt 0] Parser state 'parse_ipv6': key is 11
[00:36:40.445] [bmv2] [T] [thread 91747] [47.0] [cxt 0] Bytes parsed: 54
[00:36:40.445] [bmv2] [D] [thread 91747] [47.0] [cxt 0] Parser 'parser': end
[00:36:40.445] [bmv2] [D] [thread 91747] [47.0] [cxt 0] Pipeline 'ingress': start
[00:36:40.445] [bmv2] [T] [thread 91747] [47.0] [cxt 0] basic.p4(560) Condition "hdr.ethernet.etherType == TYPE_ARP" (node_2) is false
[00:36:40.445] [bmv2] [T] [thread 91747] [47.0] [cxt 0] basic.p4(563) Condition "hdr.ethernet.etherType == TYPE_SRCROUTING" (node_4) is false
[00:36:40.445] [bmv2] [T] [thread 91747] [47.0] [cxt 0] basic.p4(576) Condition "hdr.ethernet.etherType == TYPE_YEQUDESU" (node_12) is false
[00:36:40.445] [bmv2] [T] [thread 91747] [47.0] [cxt 0] basic.p4(582) Condition "hdr.vxlan.isValid()" (node_15) is false
[00:36:40.445] [bmv2] [T] [thread 91747] [47.0] [cxt 0] basic.p4(586) Condition "hdr.ipv6.isValid()" (node_17) is true
[00:36:40.445] [bmv2] [T] [thread 91747] [47.0] [cxt 0] Applying table 'MyIngress.ipv6_lpm'
[00:36:40.445] [bmv2] [D] [thread 91747] [47.0] [cxt 0] Looking up key:
* hdr.ipv6.dstAddr    : ff0200000000000000000000000000fb

[00:36:40.445] [bmv2] [D] [thread 91747] [47.0] [cxt 0] Table 'MyIngress.ipv6_lpm': miss
[00:36:40.445] [bmv2] [D] [thread 91747] [47.0] [cxt 0] Action entry is NoAction - 
[00:36:40.445] [bmv2] [T] [thread 91747] [47.0] [cxt 0] Action NoAction
[00:36:40.445] [bmv2] [D] [thread 91747] [47.0] [cxt 0] Pipeline 'ingress': end
[00:36:40.445] [bmv2] [D] [thread 91747] [47.0] [cxt 0] Egress port is 0
[00:36:40.445] [bmv2] [D] [thread 91748] [47.0] [cxt 0] Pipeline 'egress': start
[00:36:40.445] [bmv2] [T] [thread 91748] [47.0] [cxt 0] basic.p4(684) Condition "standard_metadata.mcast_grp != 0" (node_28) is false
[00:36:40.445] [bmv2] [D] [thread 91748] [47.0] [cxt 0] Pipeline 'egress': end
[00:36:40.445] [bmv2] [D] [thread 91748] [47.0] [cxt 0] Deparser 'deparser': start
[00:36:40.445] [bmv2] [T] [thread 91748] [47.0] [cxt 0] Skipping checksum 'cksum' update because condition not met
[00:36:40.445] [bmv2] [D] [thread 91748] [47.0] [cxt 0] Deparsing header 'ethernet'
[00:36:40.445] [bmv2] [D] [thread 91748] [47.0] [cxt 0] Deparsing header 'ipv6'
[00:36:40.445] [bmv2] [D] [thread 91748] [47.0] [cxt 0] Deparser 'deparser': end
[00:36:40.445] [bmv2] [D] [thread 91752] [47.0] [cxt 0] Transmitting packet of size 211 out of port 0
[00:36:40.462] [bmv2] [D] [thread 91747] [48.0] [cxt 0] Processing packet received on port 1
[00:36:40.462] [bmv2] [D] [thread 91747] [48.0] [cxt 0] Parser 'parser': start
[00:36:40.462] [bmv2] [D] [thread 91747] [48.0] [cxt 0] Parser 'parser' entering state 'start'
[00:36:40.462] [bmv2] [D] [thread 91747] [48.0] [cxt 0] Extracting header 'ethernet'
[00:36:40.462] [bmv2] [D] [thread 91747] [48.0] [cxt 0] Parser state 'start': key is 86dd
[00:36:40.462] [bmv2] [T] [thread 91747] [48.0] [cxt 0] Bytes parsed: 14
[00:36:40.462] [bmv2] [D] [thread 91747] [48.0] [cxt 0] Parser 'parser' entering state 'parse_ipv6'
[00:36:40.462] [bmv2] [D] [thread 91747] [48.0] [cxt 0] Extracting header 'ipv6'
[00:36:40.462] [bmv2] [D] [thread 91747] [48.0] [cxt 0] Parser state 'parse_ipv6': key is 00
[00:36:40.462] [bmv2] [T] [thread 91747] [48.0] [cxt 0] Bytes parsed: 54
[00:36:40.462] [bmv2] [D] [thread 91747] [48.0] [cxt 0] Parser 'parser': end
[00:36:40.462] [bmv2] [D] [thread 91747] [48.0] [cxt 0] Pipeline 'ingress': start
[00:36:40.462] [bmv2] [T] [thread 91747] [48.0] [cxt 0] basic.p4(560) Condition "hdr.ethernet.etherType == TYPE_ARP" (node_2) is false
[00:36:40.462] [bmv2] [T] [thread 91747] [48.0] [cxt 0] basic.p4(563) Condition "hdr.ethernet.etherType == TYPE_SRCROUTING" (node_4) is false
[00:36:40.462] [bmv2] [T] [thread 91747] [48.0] [cxt 0] basic.p4(576) Condition "hdr.ethernet.etherType == TYPE_YEQUDESU" (node_12) is false
[00:36:40.462] [bmv2] [T] [thread 91747] [48.0] [cxt 0] basic.p4(582) Condition "hdr.vxlan.isValid()" (node_15) is false
[00:36:40.462] [bmv2] [T] [thread 91747] [48.0] [cxt 0] basic.p4(586) Condition "hdr.ipv6.isValid()" (node_17) is true
[00:36:40.462] [bmv2] [T] [thread 91747] [48.0] [cxt 0] Applying table 'MyIngress.ipv6_lpm'
[00:36:40.462] [bmv2] [D] [thread 91747] [48.0] [cxt 0] Looking up key:
* hdr.ipv6.dstAddr    : ff020000000000000000000000000016

[00:36:40.462] [bmv2] [D] [thread 91747] [48.0] [cxt 0] Table 'MyIngress.ipv6_lpm': miss
[00:36:40.462] [bmv2] [D] [thread 91747] [48.0] [cxt 0] Action entry is NoAction - 
[00:36:40.462] [bmv2] [T] [thread 91747] [48.0] [cxt 0] Action NoAction
[00:36:40.462] [bmv2] [D] [thread 91747] [48.0] [cxt 0] Pipeline 'ingress': end
[00:36:40.462] [bmv2] [D] [thread 91747] [48.0] [cxt 0] Egress port is 0
[00:36:40.463] [bmv2] [D] [thread 91747] [49.0] [cxt 0] Processing packet received on port 4
[00:36:40.463] [bmv2] [D] [thread 91747] [49.0] [cxt 0] Parser 'parser': start
[00:36:40.463] [bmv2] [D] [thread 91747] [49.0] [cxt 0] Parser 'parser' entering state 'start'
[00:36:40.463] [bmv2] [D] [thread 91747] [49.0] [cxt 0] Extracting header 'ethernet'
[00:36:40.463] [bmv2] [D] [thread 91748] [48.0] [cxt 0] Pipeline 'egress': start
[00:36:40.463] [bmv2] [D] [thread 91747] [49.0] [cxt 0] Parser state 'start': key is 86dd
[00:36:40.463] [bmv2] [T] [thread 91747] [49.0] [cxt 0] Bytes parsed: 14
[00:36:40.463] [bmv2] [D] [thread 91747] [49.0] [cxt 0] Parser 'parser' entering state 'parse_ipv6'
[00:36:40.463] [bmv2] [D] [thread 91747] [49.0] [cxt 0] Extracting header 'ipv6'
[00:36:40.463] [bmv2] [D] [thread 91747] [49.0] [cxt 0] Parser state 'parse_ipv6': key is 00
[00:36:40.463] [bmv2] [T] [thread 91747] [49.0] [cxt 0] Bytes parsed: 54
[00:36:40.463] [bmv2] [D] [thread 91747] [49.0] [cxt 0] Parser 'parser': end
[00:36:40.463] [bmv2] [T] [thread 91748] [48.0] [cxt 0] basic.p4(684) Condition "standard_metadata.mcast_grp != 0" (node_28) is false
[00:36:40.463] [bmv2] [D] [thread 91747] [49.0] [cxt 0] Pipeline 'ingress': start
[00:36:40.463] [bmv2] [D] [thread 91748] [48.0] [cxt 0] Pipeline 'egress': end
[00:36:40.463] [bmv2] [D] [thread 91748] [48.0] [cxt 0] Deparser 'deparser': start
[00:36:40.463] [bmv2] [T] [thread 91748] [48.0] [cxt 0] Skipping checksum 'cksum' update because condition not met
[00:36:40.463] [bmv2] [D] [thread 91748] [48.0] [cxt 0] Deparsing header 'ethernet'
[00:36:40.463] [bmv2] [D] [thread 91748] [48.0] [cxt 0] Deparsing header 'ipv6'
[00:36:40.463] [bmv2] [D] [thread 91748] [48.0] [cxt 0] Deparser 'deparser': end
[00:36:40.463] [bmv2] [D] [thread 91752] [48.0] [cxt 0] Transmitting packet of size 90 out of port 0
[00:36:40.463] [bmv2] [T] [thread 91747] [49.0] [cxt 0] basic.p4(560) Condition "hdr.ethernet.etherType == TYPE_ARP" (node_2) is false
[00:36:40.463] [bmv2] [T] [thread 91747] [49.0] [cxt 0] basic.p4(563) Condition "hdr.ethernet.etherType == TYPE_SRCROUTING" (node_4) is false
[00:36:40.463] [bmv2] [T] [thread 91747] [49.0] [cxt 0] basic.p4(576) Condition "hdr.ethernet.etherType == TYPE_YEQUDESU" (node_12) is false
[00:36:40.463] [bmv2] [T] [thread 91747] [49.0] [cxt 0] basic.p4(582) Condition "hdr.vxlan.isValid()" (node_15) is false
[00:36:40.463] [bmv2] [T] [thread 91747] [49.0] [cxt 0] basic.p4(586) Condition "hdr.ipv6.isValid()" (node_17) is true
[00:36:40.463] [bmv2] [T] [thread 91747] [49.0] [cxt 0] Applying table 'MyIngress.ipv6_lpm'
[00:36:40.463] [bmv2] [D] [thread 91747] [49.0] [cxt 0] Looking up key:
* hdr.ipv6.dstAddr    : ff020000000000000000000000000016

[00:36:40.463] [bmv2] [D] [thread 91747] [49.0] [cxt 0] Table 'MyIngress.ipv6_lpm': miss
[00:36:40.463] [bmv2] [D] [thread 91747] [49.0] [cxt 0] Action entry is NoAction - 
[00:36:40.463] [bmv2] [T] [thread 91747] [49.0] [cxt 0] Action NoAction
[00:36:40.463] [bmv2] [D] [thread 91747] [49.0] [cxt 0] Pipeline 'ingress': end
[00:36:40.463] [bmv2] [D] [thread 91747] [49.0] [cxt 0] Egress port is 0
[00:36:40.464] [bmv2] [D] [thread 91747] [50.0] [cxt 0] Processing packet received on port 1
[00:36:40.464] [bmv2] [D] [thread 91747] [50.0] [cxt 0] Parser 'parser': start
[00:36:40.464] [bmv2] [D] [thread 91747] [50.0] [cxt 0] Parser 'parser' entering state 'start'
[00:36:40.464] [bmv2] [D] [thread 91747] [50.0] [cxt 0] Extracting header 'ethernet'
[00:36:40.464] [bmv2] [D] [thread 91747] [50.0] [cxt 0] Parser state 'start': key is 86dd
[00:36:40.464] [bmv2] [T] [thread 91747] [50.0] [cxt 0] Bytes parsed: 14
[00:36:40.464] [bmv2] [D] [thread 91747] [50.0] [cxt 0] Parser 'parser' entering state 'parse_ipv6'
[00:36:40.464] [bmv2] [D] [thread 91747] [50.0] [cxt 0] Extracting header 'ipv6'
[00:36:40.464] [bmv2] [D] [thread 91747] [50.0] [cxt 0] Parser state 'parse_ipv6': key is 3a
[00:36:40.464] [bmv2] [T] [thread 91747] [50.0] [cxt 0] Bytes parsed: 54
[00:36:40.464] [bmv2] [D] [thread 91747] [50.0] [cxt 0] Parser 'parser': end
[00:36:40.464] [bmv2] [D] [thread 91747] [50.0] [cxt 0] Pipeline 'ingress': start
[00:36:40.464] [bmv2] [T] [thread 91747] [50.0] [cxt 0] basic.p4(560) Condition "hdr.ethernet.etherType == TYPE_ARP" (node_2) is false
[00:36:40.464] [bmv2] [T] [thread 91747] [50.0] [cxt 0] basic.p4(563) Condition "hdr.ethernet.etherType == TYPE_SRCROUTING" (node_4) is false
[00:36:40.464] [bmv2] [T] [thread 91747] [50.0] [cxt 0] basic.p4(576) Condition "hdr.ethernet.etherType == TYPE_YEQUDESU" (node_12) is false
[00:36:40.464] [bmv2] [T] [thread 91747] [50.0] [cxt 0] basic.p4(582) Condition "hdr.vxlan.isValid()" (node_15) is false
[00:36:40.464] [bmv2] [T] [thread 91747] [50.0] [cxt 0] basic.p4(586) Condition "hdr.ipv6.isValid()" (node_17) is true
[00:36:40.464] [bmv2] [T] [thread 91747] [50.0] [cxt 0] Applying table 'MyIngress.ipv6_lpm'
[00:36:40.464] [bmv2] [D] [thread 91747] [50.0] [cxt 0] Looking up key:
* hdr.ipv6.dstAddr    : ff020000000000000000000000000002

[00:36:40.464] [bmv2] [D] [thread 91747] [50.0] [cxt 0] Table 'MyIngress.ipv6_lpm': miss
[00:36:40.464] [bmv2] [D] [thread 91747] [50.0] [cxt 0] Action entry is NoAction - 
[00:36:40.464] [bmv2] [T] [thread 91747] [50.0] [cxt 0] Action NoAction
[00:36:40.464] [bmv2] [D] [thread 91747] [50.0] [cxt 0] Pipeline 'ingress': end
[00:36:40.464] [bmv2] [D] [thread 91747] [50.0] [cxt 0] Egress port is 0
[00:36:40.464] [bmv2] [D] [thread 91748] [49.0] [cxt 0] Pipeline 'egress': start
[00:36:40.464] [bmv2] [T] [thread 91748] [49.0] [cxt 0] basic.p4(684) Condition "standard_metadata.mcast_grp != 0" (node_28) is false
[00:36:40.464] [bmv2] [D] [thread 91748] [49.0] [cxt 0] Pipeline 'egress': end
[00:36:40.464] [bmv2] [D] [thread 91748] [49.0] [cxt 0] Deparser 'deparser': start
[00:36:40.464] [bmv2] [T] [thread 91748] [49.0] [cxt 0] Skipping checksum 'cksum' update because condition not met
[00:36:40.464] [bmv2] [D] [thread 91748] [49.0] [cxt 0] Deparsing header 'ethernet'
[00:36:40.464] [bmv2] [D] [thread 91748] [49.0] [cxt 0] Deparsing header 'ipv6'
[00:36:40.464] [bmv2] [D] [thread 91748] [49.0] [cxt 0] Deparser 'deparser': end
[00:36:40.464] [bmv2] [D] [thread 91748] [50.0] [cxt 0] Pipeline 'egress': start
[00:36:40.464] [bmv2] [T] [thread 91748] [50.0] [cxt 0] basic.p4(684) Condition "standard_metadata.mcast_grp != 0" (node_28) is false
[00:36:40.464] [bmv2] [D] [thread 91748] [50.0] [cxt 0] Pipeline 'egress': end
[00:36:40.464] [bmv2] [D] [thread 91748] [50.0] [cxt 0] Deparser 'deparser': start
[00:36:40.464] [bmv2] [T] [thread 91748] [50.0] [cxt 0] Skipping checksum 'cksum' update because condition not met
[00:36:40.464] [bmv2] [D] [thread 91752] [49.0] [cxt 0] Transmitting packet of size 110 out of port 0
[00:36:40.464] [bmv2] [D] [thread 91748] [50.0] [cxt 0] Deparsing header 'ethernet'
[00:36:40.465] [bmv2] [D] [thread 91748] [50.0] [cxt 0] Deparsing header 'ipv6'
[00:36:40.465] [bmv2] [D] [thread 91748] [50.0] [cxt 0] Deparser 'deparser': end
[00:36:40.465] [bmv2] [D] [thread 91752] [50.0] [cxt 0] Transmitting packet of size 70 out of port 0
[00:36:40.465] [bmv2] [D] [thread 91747] [51.0] [cxt 0] Processing packet received on port 1
[00:36:40.465] [bmv2] [D] [thread 91747] [51.0] [cxt 0] Parser 'parser': start
[00:36:40.465] [bmv2] [D] [thread 91747] [51.0] [cxt 0] Parser 'parser' entering state 'start'
[00:36:40.465] [bmv2] [D] [thread 91747] [51.0] [cxt 0] Extracting header 'ethernet'
[00:36:40.465] [bmv2] [D] [thread 91747] [51.0] [cxt 0] Parser state 'start': key is 86dd
[00:36:40.465] [bmv2] [T] [thread 91747] [51.0] [cxt 0] Bytes parsed: 14
[00:36:40.465] [bmv2] [D] [thread 91747] [51.0] [cxt 0] Parser 'parser' entering state 'parse_ipv6'
[00:36:40.465] [bmv2] [D] [thread 91747] [51.0] [cxt 0] Extracting header 'ipv6'
[00:36:40.465] [bmv2] [D] [thread 91747] [51.0] [cxt 0] Parser state 'parse_ipv6': key is 00
[00:36:40.465] [bmv2] [T] [thread 91747] [51.0] [cxt 0] Bytes parsed: 54
[00:36:40.465] [bmv2] [D] [thread 91747] [51.0] [cxt 0] Parser 'parser': end
[00:36:40.465] [bmv2] [D] [thread 91747] [51.0] [cxt 0] Pipeline 'ingress': start
[00:36:40.465] [bmv2] [T] [thread 91747] [51.0] [cxt 0] basic.p4(560) Condition "hdr.ethernet.etherType == TYPE_ARP" (node_2) is false
[00:36:40.465] [bmv2] [T] [thread 91747] [51.0] [cxt 0] basic.p4(563) Condition "hdr.ethernet.etherType == TYPE_SRCROUTING" (node_4) is false
[00:36:40.465] [bmv2] [T] [thread 91747] [51.0] [cxt 0] basic.p4(576) Condition "hdr.ethernet.etherType == TYPE_YEQUDESU" (node_12) is false
[00:36:40.465] [bmv2] [T] [thread 91747] [51.0] [cxt 0] basic.p4(582) Condition "hdr.vxlan.isValid()" (node_15) is false
[00:36:40.465] [bmv2] [T] [thread 91747] [51.0] [cxt 0] basic.p4(586) Condition "hdr.ipv6.isValid()" (node_17) is true
[00:36:40.465] [bmv2] [T] [thread 91747] [51.0] [cxt 0] Applying table 'MyIngress.ipv6_lpm'
[00:36:40.465] [bmv2] [D] [thread 91747] [51.0] [cxt 0] Looking up key:
* hdr.ipv6.dstAddr    : ff020000000000000000000000000016

[00:36:40.465] [bmv2] [D] [thread 91747] [51.0] [cxt 0] Table 'MyIngress.ipv6_lpm': miss
[00:36:40.465] [bmv2] [D] [thread 91747] [51.0] [cxt 0] Action entry is NoAction - 
[00:36:40.465] [bmv2] [T] [thread 91747] [51.0] [cxt 0] Action NoAction
[00:36:40.465] [bmv2] [D] [thread 91747] [51.0] [cxt 0] Pipeline 'ingress': end
[00:36:40.465] [bmv2] [D] [thread 91747] [51.0] [cxt 0] Egress port is 0
[00:36:40.466] [bmv2] [D] [thread 91748] [51.0] [cxt 0] Pipeline 'egress': start
[00:36:40.466] [bmv2] [T] [thread 91748] [51.0] [cxt 0] basic.p4(684) Condition "standard_metadata.mcast_grp != 0" (node_28) is false
[00:36:40.466] [bmv2] [D] [thread 91748] [51.0] [cxt 0] Pipeline 'egress': end
[00:36:40.466] [bmv2] [D] [thread 91748] [51.0] [cxt 0] Deparser 'deparser': start
[00:36:40.466] [bmv2] [T] [thread 91748] [51.0] [cxt 0] Skipping checksum 'cksum' update because condition not met
[00:36:40.466] [bmv2] [D] [thread 91748] [51.0] [cxt 0] Deparsing header 'ethernet'
[00:36:40.466] [bmv2] [D] [thread 91748] [51.0] [cxt 0] Deparsing header 'ipv6'
[00:36:40.466] [bmv2] [D] [thread 91748] [51.0] [cxt 0] Deparser 'deparser': end
[00:36:40.466] [bmv2] [D] [thread 91752] [51.0] [cxt 0] Transmitting packet of size 90 out of port 0
[00:36:40.497] [bmv2] [D] [thread 91747] [52.0] [cxt 0] Processing packet received on port 4
[00:36:40.497] [bmv2] [D] [thread 91747] [52.0] [cxt 0] Parser 'parser': start
[00:36:40.497] [bmv2] [D] [thread 91747] [52.0] [cxt 0] Parser 'parser' entering state 'start'
[00:36:40.497] [bmv2] [D] [thread 91747] [52.0] [cxt 0] Extracting header 'ethernet'
[00:36:40.497] [bmv2] [D] [thread 91747] [52.0] [cxt 0] Parser state 'start': key is 86dd
[00:36:40.497] [bmv2] [T] [thread 91747] [52.0] [cxt 0] Bytes parsed: 14
[00:36:40.497] [bmv2] [D] [thread 91747] [52.0] [cxt 0] Parser 'parser' entering state 'parse_ipv6'
[00:36:40.497] [bmv2] [D] [thread 91747] [52.0] [cxt 0] Extracting header 'ipv6'
[00:36:40.497] [bmv2] [D] [thread 91747] [52.0] [cxt 0] Parser state 'parse_ipv6': key is 11
[00:36:40.497] [bmv2] [T] [thread 91747] [52.0] [cxt 0] Bytes parsed: 54
[00:36:40.497] [bmv2] [D] [thread 91747] [52.0] [cxt 0] Parser 'parser': end
[00:36:40.497] [bmv2] [D] [thread 91747] [52.0] [cxt 0] Pipeline 'ingress': start
[00:36:40.497] [bmv2] [T] [thread 91747] [52.0] [cxt 0] basic.p4(560) Condition "hdr.ethernet.etherType == TYPE_ARP" (node_2) is false
[00:36:40.497] [bmv2] [T] [thread 91747] [52.0] [cxt 0] basic.p4(563) Condition "hdr.ethernet.etherType == TYPE_SRCROUTING" (node_4) is false
[00:36:40.497] [bmv2] [T] [thread 91747] [52.0] [cxt 0] basic.p4(576) Condition "hdr.ethernet.etherType == TYPE_YEQUDESU" (node_12) is false
[00:36:40.497] [bmv2] [T] [thread 91747] [52.0] [cxt 0] basic.p4(582) Condition "hdr.vxlan.isValid()" (node_15) is false
[00:36:40.497] [bmv2] [T] [thread 91747] [52.0] [cxt 0] basic.p4(586) Condition "hdr.ipv6.isValid()" (node_17) is true
[00:36:40.497] [bmv2] [T] [thread 91747] [52.0] [cxt 0] Applying table 'MyIngress.ipv6_lpm'
[00:36:40.497] [bmv2] [D] [thread 91747] [52.0] [cxt 0] Looking up key:
* hdr.ipv6.dstAddr    : ff0200000000000000000000000000fb

[00:36:40.497] [bmv2] [D] [thread 91747] [52.0] [cxt 0] Table 'MyIngress.ipv6_lpm': miss
[00:36:40.497] [bmv2] [D] [thread 91747] [52.0] [cxt 0] Action entry is NoAction - 
[00:36:40.497] [bmv2] [T] [thread 91747] [52.0] [cxt 0] Action NoAction
[00:36:40.497] [bmv2] [D] [thread 91747] [52.0] [cxt 0] Pipeline 'ingress': end
[00:36:40.497] [bmv2] [D] [thread 91747] [52.0] [cxt 0] Egress port is 0
[00:36:40.497] [bmv2] [D] [thread 91747] [53.0] [cxt 0] Processing packet received on port 5
[00:36:40.497] [bmv2] [D] [thread 91747] [53.0] [cxt 0] Parser 'parser': start
[00:36:40.497] [bmv2] [D] [thread 91747] [53.0] [cxt 0] Parser 'parser' entering state 'start'
[00:36:40.497] [bmv2] [D] [thread 91747] [53.0] [cxt 0] Extracting header 'ethernet'
[00:36:40.498] [bmv2] [D] [thread 91747] [53.0] [cxt 0] Parser state 'start': key is 86dd
[00:36:40.498] [bmv2] [T] [thread 91747] [53.0] [cxt 0] Bytes parsed: 14
[00:36:40.498] [bmv2] [D] [thread 91747] [53.0] [cxt 0] Parser 'parser' entering state 'parse_ipv6'
[00:36:40.498] [bmv2] [D] [thread 91747] [53.0] [cxt 0] Extracting header 'ipv6'
[00:36:40.498] [bmv2] [D] [thread 91747] [53.0] [cxt 0] Parser state 'parse_ipv6': key is 11
[00:36:40.498] [bmv2] [D] [thread 91748] [52.0] [cxt 0] Pipeline 'egress': start
[00:36:40.498] [bmv2] [T] [thread 91748] [52.0] [cxt 0] basic.p4(684) Condition "standard_metadata.mcast_grp != 0" (node_28) is false
[00:36:40.498] [bmv2] [D] [thread 91748] [52.0] [cxt 0] Pipeline 'egress': end
[00:36:40.498] [bmv2] [D] [thread 91748] [52.0] [cxt 0] Deparser 'deparser': start
[00:36:40.498] [bmv2] [T] [thread 91748] [52.0] [cxt 0] Skipping checksum 'cksum' update because condition not met
[00:36:40.498] [bmv2] [D] [thread 91748] [52.0] [cxt 0] Deparsing header 'ethernet'
[00:36:40.498] [bmv2] [T] [thread 91747] [53.0] [cxt 0] Bytes parsed: 54
[00:36:40.498] [bmv2] [D] [thread 91748] [52.0] [cxt 0] Deparsing header 'ipv6'
[00:36:40.498] [bmv2] [D] [thread 91747] [53.0] [cxt 0] Parser 'parser': end
[00:36:40.498] [bmv2] [D] [thread 91747] [53.0] [cxt 0] Pipeline 'ingress': start
[00:36:40.498] [bmv2] [T] [thread 91747] [53.0] [cxt 0] basic.p4(560) Condition "hdr.ethernet.etherType == TYPE_ARP" (node_2) is false
[00:36:40.498] [bmv2] [D] [thread 91748] [52.0] [cxt 0] Deparser 'deparser': end
[00:36:40.498] [bmv2] [T] [thread 91747] [53.0] [cxt 0] basic.p4(563) Condition "hdr.ethernet.etherType == TYPE_SRCROUTING" (node_4) is false
[00:36:40.498] [bmv2] [T] [thread 91747] [53.0] [cxt 0] basic.p4(576) Condition "hdr.ethernet.etherType == TYPE_YEQUDESU" (node_12) is false
[00:36:40.498] [bmv2] [T] [thread 91747] [53.0] [cxt 0] basic.p4(582) Condition "hdr.vxlan.isValid()" (node_15) is false
[00:36:40.498] [bmv2] [T] [thread 91747] [53.0] [cxt 0] basic.p4(586) Condition "hdr.ipv6.isValid()" (node_17) is true
[00:36:40.498] [bmv2] [T] [thread 91747] [53.0] [cxt 0] Applying table 'MyIngress.ipv6_lpm'
[00:36:40.498] [bmv2] [D] [thread 91747] [53.0] [cxt 0] Looking up key:
* hdr.ipv6.dstAddr    : ff0200000000000000000000000000fb

[00:36:40.498] [bmv2] [D] [thread 91747] [53.0] [cxt 0] Table 'MyIngress.ipv6_lpm': miss
[00:36:40.498] [bmv2] [D] [thread 91747] [53.0] [cxt 0] Action entry is NoAction - 
[00:36:40.498] [bmv2] [T] [thread 91747] [53.0] [cxt 0] Action NoAction
[00:36:40.498] [bmv2] [D] [thread 91747] [53.0] [cxt 0] Pipeline 'ingress': end
[00:36:40.498] [bmv2] [D] [thread 91747] [53.0] [cxt 0] Egress port is 0
[00:36:40.498] [bmv2] [D] [thread 91752] [52.0] [cxt 0] Transmitting packet of size 211 out of port 0
[00:36:40.498] [bmv2] [D] [thread 91748] [53.0] [cxt 0] Pipeline 'egress': start
[00:36:40.498] [bmv2] [T] [thread 91748] [53.0] [cxt 0] basic.p4(684) Condition "standard_metadata.mcast_grp != 0" (node_28) is false
[00:36:40.498] [bmv2] [D] [thread 91748] [53.0] [cxt 0] Pipeline 'egress': end
[00:36:40.498] [bmv2] [D] [thread 91748] [53.0] [cxt 0] Deparser 'deparser': start
[00:36:40.498] [bmv2] [T] [thread 91748] [53.0] [cxt 0] Skipping checksum 'cksum' update because condition not met
[00:36:40.498] [bmv2] [D] [thread 91748] [53.0] [cxt 0] Deparsing header 'ethernet'
[00:36:40.498] [bmv2] [D] [thread 91748] [53.0] [cxt 0] Deparsing header 'ipv6'
[00:36:40.498] [bmv2] [D] [thread 91748] [53.0] [cxt 0] Deparser 'deparser': end
[00:36:40.498] [bmv2] [D] [thread 91752] [53.0] [cxt 0] Transmitting packet of size 211 out of port 0
[00:36:40.499] [bmv2] [D] [thread 91747] [54.0] [cxt 0] Processing packet received on port 4
[00:36:40.499] [bmv2] [D] [thread 91747] [54.0] [cxt 0] Parser 'parser': start
[00:36:40.499] [bmv2] [D] [thread 91747] [54.0] [cxt 0] Parser 'parser' entering state 'start'
[00:36:40.499] [bmv2] [D] [thread 91747] [54.0] [cxt 0] Extracting header 'ethernet'
[00:36:40.499] [bmv2] [D] [thread 91747] [54.0] [cxt 0] Parser state 'start': key is 86dd
[00:36:40.499] [bmv2] [T] [thread 91747] [54.0] [cxt 0] Bytes parsed: 14
[00:36:40.499] [bmv2] [D] [thread 91747] [54.0] [cxt 0] Parser 'parser' entering state 'parse_ipv6'
[00:36:40.499] [bmv2] [D] [thread 91747] [54.0] [cxt 0] Extracting header 'ipv6'
[00:36:40.499] [bmv2] [D] [thread 91747] [54.0] [cxt 0] Parser state 'parse_ipv6': key is 11
[00:36:40.499] [bmv2] [T] [thread 91747] [54.0] [cxt 0] Bytes parsed: 54
[00:36:40.499] [bmv2] [D] [thread 91747] [54.0] [cxt 0] Parser 'parser': end
[00:36:40.499] [bmv2] [D] [thread 91747] [54.0] [cxt 0] Pipeline 'ingress': start
[00:36:40.499] [bmv2] [T] [thread 91747] [54.0] [cxt 0] basic.p4(560) Condition "hdr.ethernet.etherType == TYPE_ARP" (node_2) is false
[00:36:40.499] [bmv2] [T] [thread 91747] [54.0] [cxt 0] basic.p4(563) Condition "hdr.ethernet.etherType == TYPE_SRCROUTING" (node_4) is false
[00:36:40.499] [bmv2] [T] [thread 91747] [54.0] [cxt 0] basic.p4(576) Condition "hdr.ethernet.etherType == TYPE_YEQUDESU" (node_12) is false
[00:36:40.499] [bmv2] [T] [thread 91747] [54.0] [cxt 0] basic.p4(582) Condition "hdr.vxlan.isValid()" (node_15) is false
[00:36:40.499] [bmv2] [T] [thread 91747] [54.0] [cxt 0] basic.p4(586) Condition "hdr.ipv6.isValid()" (node_17) is true
[00:36:40.499] [bmv2] [T] [thread 91747] [54.0] [cxt 0] Applying table 'MyIngress.ipv6_lpm'
[00:36:40.499] [bmv2] [D] [thread 91747] [54.0] [cxt 0] Looking up key:
* hdr.ipv6.dstAddr    : ff0200000000000000000000000000fb

[00:36:40.499] [bmv2] [D] [thread 91747] [54.0] [cxt 0] Table 'MyIngress.ipv6_lpm': miss
[00:36:40.499] [bmv2] [D] [thread 91747] [54.0] [cxt 0] Action entry is NoAction - 
[00:36:40.499] [bmv2] [T] [thread 91747] [54.0] [cxt 0] Action NoAction
[00:36:40.499] [bmv2] [D] [thread 91747] [54.0] [cxt 0] Pipeline 'ingress': end
[00:36:40.499] [bmv2] [D] [thread 91747] [54.0] [cxt 0] Egress port is 0
[00:36:40.499] [bmv2] [D] [thread 91748] [54.0] [cxt 0] Pipeline 'egress': start
[00:36:40.499] [bmv2] [T] [thread 91748] [54.0] [cxt 0] basic.p4(684) Condition "standard_metadata.mcast_grp != 0" (node_28) is false
[00:36:40.499] [bmv2] [D] [thread 91748] [54.0] [cxt 0] Pipeline 'egress': end
[00:36:40.499] [bmv2] [D] [thread 91748] [54.0] [cxt 0] Deparser 'deparser': start
[00:36:40.499] [bmv2] [T] [thread 91748] [54.0] [cxt 0] Skipping checksum 'cksum' update because condition not met
[00:36:40.499] [bmv2] [D] [thread 91748] [54.0] [cxt 0] Deparsing header 'ethernet'
[00:36:40.499] [bmv2] [D] [thread 91748] [54.0] [cxt 0] Deparsing header 'ipv6'
[00:36:40.499] [bmv2] [D] [thread 91748] [54.0] [cxt 0] Deparser 'deparser': end
[00:36:40.499] [bmv2] [D] [thread 91752] [54.0] [cxt 0] Transmitting packet of size 203 out of port 0
[00:36:40.503] [bmv2] [D] [thread 91747] [55.0] [cxt 0] Processing packet received on port 2
[00:36:40.503] [bmv2] [D] [thread 91747] [55.0] [cxt 0] Parser 'parser': start
[00:36:40.503] [bmv2] [D] [thread 91747] [55.0] [cxt 0] Parser 'parser' entering state 'start'
[00:36:40.503] [bmv2] [D] [thread 91747] [55.0] [cxt 0] Extracting header 'ethernet'
[00:36:40.503] [bmv2] [D] [thread 91747] [55.0] [cxt 0] Parser state 'start': key is 86dd
[00:36:40.503] [bmv2] [T] [thread 91747] [55.0] [cxt 0] Bytes parsed: 14
[00:36:40.503] [bmv2] [D] [thread 91747] [55.0] [cxt 0] Parser 'parser' entering state 'parse_ipv6'
[00:36:40.503] [bmv2] [D] [thread 91747] [55.0] [cxt 0] Extracting header 'ipv6'
[00:36:40.503] [bmv2] [D] [thread 91747] [55.0] [cxt 0] Parser state 'parse_ipv6': key is 11
[00:36:40.503] [bmv2] [T] [thread 91747] [55.0] [cxt 0] Bytes parsed: 54
[00:36:40.503] [bmv2] [D] [thread 91747] [55.0] [cxt 0] Parser 'parser': end
[00:36:40.503] [bmv2] [D] [thread 91747] [55.0] [cxt 0] Pipeline 'ingress': start
[00:36:40.503] [bmv2] [T] [thread 91747] [55.0] [cxt 0] basic.p4(560) Condition "hdr.ethernet.etherType == TYPE_ARP" (node_2) is false
[00:36:40.503] [bmv2] [T] [thread 91747] [55.0] [cxt 0] basic.p4(563) Condition "hdr.ethernet.etherType == TYPE_SRCROUTING" (node_4) is false
[00:36:40.503] [bmv2] [T] [thread 91747] [55.0] [cxt 0] basic.p4(576) Condition "hdr.ethernet.etherType == TYPE_YEQUDESU" (node_12) is false
[00:36:40.504] [bmv2] [T] [thread 91747] [55.0] [cxt 0] basic.p4(582) Condition "hdr.vxlan.isValid()" (node_15) is false
[00:36:40.504] [bmv2] [T] [thread 91747] [55.0] [cxt 0] basic.p4(586) Condition "hdr.ipv6.isValid()" (node_17) is true
[00:36:40.504] [bmv2] [T] [thread 91747] [55.0] [cxt 0] Applying table 'MyIngress.ipv6_lpm'
[00:36:40.504] [bmv2] [D] [thread 91747] [55.0] [cxt 0] Looking up key:
* hdr.ipv6.dstAddr    : ff0200000000000000000000000000fb

[00:36:40.504] [bmv2] [D] [thread 91747] [55.0] [cxt 0] Table 'MyIngress.ipv6_lpm': miss
[00:36:40.504] [bmv2] [D] [thread 91747] [55.0] [cxt 0] Action entry is NoAction - 
[00:36:40.504] [bmv2] [T] [thread 91747] [55.0] [cxt 0] Action NoAction
[00:36:40.504] [bmv2] [D] [thread 91747] [55.0] [cxt 0] Pipeline 'ingress': end
[00:36:40.504] [bmv2] [D] [thread 91747] [55.0] [cxt 0] Egress port is 0
[00:36:40.504] [bmv2] [D] [thread 91748] [55.0] [cxt 0] Pipeline 'egress': start
[00:36:40.504] [bmv2] [T] [thread 91748] [55.0] [cxt 0] basic.p4(684) Condition "standard_metadata.mcast_grp != 0" (node_28) is false
[00:36:40.504] [bmv2] [D] [thread 91748] [55.0] [cxt 0] Pipeline 'egress': end
[00:36:40.504] [bmv2] [D] [thread 91748] [55.0] [cxt 0] Deparser 'deparser': start
[00:36:40.504] [bmv2] [T] [thread 91748] [55.0] [cxt 0] Skipping checksum 'cksum' update because condition not met
[00:36:40.504] [bmv2] [D] [thread 91748] [55.0] [cxt 0] Deparsing header 'ethernet'
[00:36:40.504] [bmv2] [D] [thread 91748] [55.0] [cxt 0] Deparsing header 'ipv6'
[00:36:40.504] [bmv2] [D] [thread 91748] [55.0] [cxt 0] Deparser 'deparser': end
[00:36:40.504] [bmv2] [D] [thread 91752] [55.0] [cxt 0] Transmitting packet of size 211 out of port 0
[00:36:40.508] [bmv2] [D] [thread 91747] [56.0] [cxt 0] Processing packet received on port 4
[00:36:40.508] [bmv2] [D] [thread 91747] [56.0] [cxt 0] Parser 'parser': start
[00:36:40.508] [bmv2] [D] [thread 91747] [56.0] [cxt 0] Parser 'parser' entering state 'start'
[00:36:40.508] [bmv2] [D] [thread 91747] [56.0] [cxt 0] Extracting header 'ethernet'
[00:36:40.508] [bmv2] [D] [thread 91747] [56.0] [cxt 0] Parser state 'start': key is 86dd
[00:36:40.508] [bmv2] [T] [thread 91747] [56.0] [cxt 0] Bytes parsed: 14
[00:36:40.508] [bmv2] [D] [thread 91747] [56.0] [cxt 0] Parser 'parser' entering state 'parse_ipv6'
[00:36:40.508] [bmv2] [D] [thread 91747] [56.0] [cxt 0] Extracting header 'ipv6'
[00:36:40.508] [bmv2] [D] [thread 91747] [56.0] [cxt 0] Parser state 'parse_ipv6': key is 11
[00:36:40.508] [bmv2] [T] [thread 91747] [56.0] [cxt 0] Bytes parsed: 54
[00:36:40.508] [bmv2] [D] [thread 91747] [56.0] [cxt 0] Parser 'parser': end
[00:36:40.508] [bmv2] [D] [thread 91747] [56.0] [cxt 0] Pipeline 'ingress': start
[00:36:40.508] [bmv2] [T] [thread 91747] [56.0] [cxt 0] basic.p4(560) Condition "hdr.ethernet.etherType == TYPE_ARP" (node_2) is false
[00:36:40.508] [bmv2] [T] [thread 91747] [56.0] [cxt 0] basic.p4(563) Condition "hdr.ethernet.etherType == TYPE_SRCROUTING" (node_4) is false
[00:36:40.508] [bmv2] [T] [thread 91747] [56.0] [cxt 0] basic.p4(576) Condition "hdr.ethernet.etherType == TYPE_YEQUDESU" (node_12) is false
[00:36:40.508] [bmv2] [T] [thread 91747] [56.0] [cxt 0] basic.p4(582) Condition "hdr.vxlan.isValid()" (node_15) is false
[00:36:40.508] [bmv2] [T] [thread 91747] [56.0] [cxt 0] basic.p4(586) Condition "hdr.ipv6.isValid()" (node_17) is true
[00:36:40.508] [bmv2] [T] [thread 91747] [56.0] [cxt 0] Applying table 'MyIngress.ipv6_lpm'
[00:36:40.508] [bmv2] [D] [thread 91747] [56.0] [cxt 0] Looking up key:
* hdr.ipv6.dstAddr    : ff0200000000000000000000000000fb

[00:36:40.508] [bmv2] [D] [thread 91747] [56.0] [cxt 0] Table 'MyIngress.ipv6_lpm': miss
[00:36:40.508] [bmv2] [D] [thread 91747] [56.0] [cxt 0] Action entry is NoAction - 
[00:36:40.508] [bmv2] [T] [thread 91747] [56.0] [cxt 0] Action NoAction
[00:36:40.508] [bmv2] [D] [thread 91747] [56.0] [cxt 0] Pipeline 'ingress': end
[00:36:40.508] [bmv2] [D] [thread 91747] [56.0] [cxt 0] Egress port is 0
[00:36:40.508] [bmv2] [D] [thread 91748] [56.0] [cxt 0] Pipeline 'egress': start
[00:36:40.508] [bmv2] [T] [thread 91748] [56.0] [cxt 0] basic.p4(684) Condition "standard_metadata.mcast_grp != 0" (node_28) is false
[00:36:40.508] [bmv2] [D] [thread 91748] [56.0] [cxt 0] Pipeline 'egress': end
[00:36:40.508] [bmv2] [D] [thread 91748] [56.0] [cxt 0] Deparser 'deparser': start
[00:36:40.508] [bmv2] [T] [thread 91748] [56.0] [cxt 0] Skipping checksum 'cksum' update because condition not met
[00:36:40.508] [bmv2] [D] [thread 91748] [56.0] [cxt 0] Deparsing header 'ethernet'
[00:36:40.508] [bmv2] [D] [thread 91748] [56.0] [cxt 0] Deparsing header 'ipv6'
[00:36:40.508] [bmv2] [D] [thread 91748] [56.0] [cxt 0] Deparser 'deparser': end
[00:36:40.508] [bmv2] [D] [thread 91752] [56.0] [cxt 0] Transmitting packet of size 211 out of port 0
[00:36:40.526] [bmv2] [D] [thread 91747] [57.0] [cxt 0] Processing packet received on port 3
[00:36:40.526] [bmv2] [D] [thread 91747] [57.0] [cxt 0] Parser 'parser': start
[00:36:40.526] [bmv2] [D] [thread 91747] [57.0] [cxt 0] Parser 'parser' entering state 'start'
[00:36:40.526] [bmv2] [D] [thread 91747] [57.0] [cxt 0] Extracting header 'ethernet'
[00:36:40.527] [bmv2] [D] [thread 91747] [57.0] [cxt 0] Parser state 'start': key is 86dd
[00:36:40.527] [bmv2] [T] [thread 91747] [57.0] [cxt 0] Bytes parsed: 14
[00:36:40.527] [bmv2] [D] [thread 91747] [57.0] [cxt 0] Parser 'parser' entering state 'parse_ipv6'
[00:36:40.527] [bmv2] [D] [thread 91747] [57.0] [cxt 0] Extracting header 'ipv6'
[00:36:40.527] [bmv2] [D] [thread 91747] [57.0] [cxt 0] Parser state 'parse_ipv6': key is 00
[00:36:40.527] [bmv2] [T] [thread 91747] [57.0] [cxt 0] Bytes parsed: 54
[00:36:40.527] [bmv2] [D] [thread 91747] [57.0] [cxt 0] Parser 'parser': end
[00:36:40.527] [bmv2] [D] [thread 91747] [57.0] [cxt 0] Pipeline 'ingress': start
[00:36:40.527] [bmv2] [T] [thread 91747] [57.0] [cxt 0] basic.p4(560) Condition "hdr.ethernet.etherType == TYPE_ARP" (node_2) is false
[00:36:40.527] [bmv2] [T] [thread 91747] [57.0] [cxt 0] basic.p4(563) Condition "hdr.ethernet.etherType == TYPE_SRCROUTING" (node_4) is false
[00:36:40.527] [bmv2] [T] [thread 91747] [57.0] [cxt 0] basic.p4(576) Condition "hdr.ethernet.etherType == TYPE_YEQUDESU" (node_12) is false
[00:36:40.527] [bmv2] [T] [thread 91747] [57.0] [cxt 0] basic.p4(582) Condition "hdr.vxlan.isValid()" (node_15) is false
[00:36:40.527] [bmv2] [T] [thread 91747] [57.0] [cxt 0] basic.p4(586) Condition "hdr.ipv6.isValid()" (node_17) is true
[00:36:40.527] [bmv2] [T] [thread 91747] [57.0] [cxt 0] Applying table 'MyIngress.ipv6_lpm'
[00:36:40.527] [bmv2] [D] [thread 91747] [57.0] [cxt 0] Looking up key:
* hdr.ipv6.dstAddr    : ff020000000000000000000000000016

[00:36:40.527] [bmv2] [D] [thread 91747] [57.0] [cxt 0] Table 'MyIngress.ipv6_lpm': miss
[00:36:40.527] [bmv2] [D] [thread 91747] [57.0] [cxt 0] Action entry is NoAction - 
[00:36:40.527] [bmv2] [T] [thread 91747] [57.0] [cxt 0] Action NoAction
[00:36:40.527] [bmv2] [D] [thread 91747] [57.0] [cxt 0] Pipeline 'ingress': end
[00:36:40.527] [bmv2] [D] [thread 91747] [57.0] [cxt 0] Egress port is 0
[00:36:40.527] [bmv2] [D] [thread 91747] [58.0] [cxt 0] Processing packet received on port 3
[00:36:40.527] [bmv2] [D] [thread 91747] [58.0] [cxt 0] Parser 'parser': start
[00:36:40.527] [bmv2] [D] [thread 91747] [58.0] [cxt 0] Parser 'parser' entering state 'start'
[00:36:40.527] [bmv2] [D] [thread 91747] [58.0] [cxt 0] Extracting header 'ethernet'
[00:36:40.527] [bmv2] [D] [thread 91747] [58.0] [cxt 0] Parser state 'start': key is 86dd
[00:36:40.527] [bmv2] [T] [thread 91747] [58.0] [cxt 0] Bytes parsed: 14
[00:36:40.527] [bmv2] [D] [thread 91747] [58.0] [cxt 0] Parser 'parser' entering state 'parse_ipv6'
[00:36:40.527] [bmv2] [D] [thread 91747] [58.0] [cxt 0] Extracting header 'ipv6'
[00:36:40.528] [bmv2] [D] [thread 91747] [58.0] [cxt 0] Parser state 'parse_ipv6': key is 3a
[00:36:40.528] [bmv2] [T] [thread 91747] [58.0] [cxt 0] Bytes parsed: 54
[00:36:40.528] [bmv2] [D] [thread 91747] [58.0] [cxt 0] Parser 'parser': end
[00:36:40.528] [bmv2] [D] [thread 91748] [57.0] [cxt 0] Pipeline 'egress': start
[00:36:40.528] [bmv2] [T] [thread 91748] [57.0] [cxt 0] basic.p4(684) Condition "standard_metadata.mcast_grp != 0" (node_28) is false
[00:36:40.528] [bmv2] [D] [thread 91748] [57.0] [cxt 0] Pipeline 'egress': end
[00:36:40.528] [bmv2] [D] [thread 91748] [57.0] [cxt 0] Deparser 'deparser': start
[00:36:40.528] [bmv2] [T] [thread 91748] [57.0] [cxt 0] Skipping checksum 'cksum' update because condition not met
[00:36:40.528] [bmv2] [D] [thread 91748] [57.0] [cxt 0] Deparsing header 'ethernet'
[00:36:40.528] [bmv2] [D] [thread 91748] [57.0] [cxt 0] Deparsing header 'ipv6'
[00:36:40.528] [bmv2] [D] [thread 91748] [57.0] [cxt 0] Deparser 'deparser': end
[00:36:40.528] [bmv2] [D] [thread 91752] [57.0] [cxt 0] Transmitting packet of size 90 out of port 0
[00:36:40.528] [bmv2] [D] [thread 91747] [58.0] [cxt 0] Pipeline 'ingress': start
[00:36:40.528] [bmv2] [T] [thread 91747] [58.0] [cxt 0] basic.p4(560) Condition "hdr.ethernet.etherType == TYPE_ARP" (node_2) is false
[00:36:40.528] [bmv2] [T] [thread 91747] [58.0] [cxt 0] basic.p4(563) Condition "hdr.ethernet.etherType == TYPE_SRCROUTING" (node_4) is false
[00:36:40.528] [bmv2] [T] [thread 91747] [58.0] [cxt 0] basic.p4(576) Condition "hdr.ethernet.etherType == TYPE_YEQUDESU" (node_12) is false
[00:36:40.528] [bmv2] [T] [thread 91747] [58.0] [cxt 0] basic.p4(582) Condition "hdr.vxlan.isValid()" (node_15) is false
[00:36:40.528] [bmv2] [T] [thread 91747] [58.0] [cxt 0] basic.p4(586) Condition "hdr.ipv6.isValid()" (node_17) is true
[00:36:40.528] [bmv2] [T] [thread 91747] [58.0] [cxt 0] Applying table 'MyIngress.ipv6_lpm'
[00:36:40.528] [bmv2] [D] [thread 91747] [58.0] [cxt 0] Looking up key:
* hdr.ipv6.dstAddr    : ff020000000000000000000000000002

[00:36:40.528] [bmv2] [D] [thread 91747] [58.0] [cxt 0] Table 'MyIngress.ipv6_lpm': miss
[00:36:40.528] [bmv2] [D] [thread 91747] [58.0] [cxt 0] Action entry is NoAction - 
[00:36:40.528] [bmv2] [T] [thread 91747] [58.0] [cxt 0] Action NoAction
[00:36:40.528] [bmv2] [D] [thread 91747] [58.0] [cxt 0] Pipeline 'ingress': end
[00:36:40.528] [bmv2] [D] [thread 91747] [58.0] [cxt 0] Egress port is 0
[00:36:40.528] [bmv2] [D] [thread 91748] [58.0] [cxt 0] Pipeline 'egress': start
[00:36:40.528] [bmv2] [T] [thread 91748] [58.0] [cxt 0] basic.p4(684) Condition "standard_metadata.mcast_grp != 0" (node_28) is false
[00:36:40.528] [bmv2] [D] [thread 91748] [58.0] [cxt 0] Pipeline 'egress': end
[00:36:40.528] [bmv2] [D] [thread 91748] [58.0] [cxt 0] Deparser 'deparser': start
[00:36:40.528] [bmv2] [T] [thread 91748] [58.0] [cxt 0] Skipping checksum 'cksum' update because condition not met
[00:36:40.528] [bmv2] [D] [thread 91748] [58.0] [cxt 0] Deparsing header 'ethernet'
[00:36:40.528] [bmv2] [D] [thread 91748] [58.0] [cxt 0] Deparsing header 'ipv6'
[00:36:40.528] [bmv2] [D] [thread 91748] [58.0] [cxt 0] Deparser 'deparser': end
[00:36:40.528] [bmv2] [D] [thread 91752] [58.0] [cxt 0] Transmitting packet of size 70 out of port 0
[00:36:40.529] [bmv2] [D] [thread 91747] [59.0] [cxt 0] Processing packet received on port 3
[00:36:40.529] [bmv2] [D] [thread 91747] [59.0] [cxt 0] Parser 'parser': start
[00:36:40.529] [bmv2] [D] [thread 91747] [59.0] [cxt 0] Parser 'parser' entering state 'start'
[00:36:40.529] [bmv2] [D] [thread 91747] [59.0] [cxt 0] Extracting header 'ethernet'
[00:36:40.529] [bmv2] [D] [thread 91747] [59.0] [cxt 0] Parser state 'start': key is 86dd
[00:36:40.529] [bmv2] [T] [thread 91747] [59.0] [cxt 0] Bytes parsed: 14
[00:36:40.529] [bmv2] [D] [thread 91747] [59.0] [cxt 0] Parser 'parser' entering state 'parse_ipv6'
[00:36:40.529] [bmv2] [D] [thread 91747] [59.0] [cxt 0] Extracting header 'ipv6'
[00:36:40.529] [bmv2] [D] [thread 91747] [59.0] [cxt 0] Parser state 'parse_ipv6': key is 00
[00:36:40.529] [bmv2] [T] [thread 91747] [59.0] [cxt 0] Bytes parsed: 54
[00:36:40.529] [bmv2] [D] [thread 91747] [59.0] [cxt 0] Parser 'parser': end
[00:36:40.529] [bmv2] [D] [thread 91747] [59.0] [cxt 0] Pipeline 'ingress': start
[00:36:40.529] [bmv2] [T] [thread 91747] [59.0] [cxt 0] basic.p4(560) Condition "hdr.ethernet.etherType == TYPE_ARP" (node_2) is false
[00:36:40.529] [bmv2] [T] [thread 91747] [59.0] [cxt 0] basic.p4(563) Condition "hdr.ethernet.etherType == TYPE_SRCROUTING" (node_4) is false
[00:36:40.529] [bmv2] [T] [thread 91747] [59.0] [cxt 0] basic.p4(576) Condition "hdr.ethernet.etherType == TYPE_YEQUDESU" (node_12) is false
[00:36:40.529] [bmv2] [T] [thread 91747] [59.0] [cxt 0] basic.p4(582) Condition "hdr.vxlan.isValid()" (node_15) is false
[00:36:40.529] [bmv2] [T] [thread 91747] [59.0] [cxt 0] basic.p4(586) Condition "hdr.ipv6.isValid()" (node_17) is true
[00:36:40.529] [bmv2] [T] [thread 91747] [59.0] [cxt 0] Applying table 'MyIngress.ipv6_lpm'
[00:36:40.529] [bmv2] [D] [thread 91747] [59.0] [cxt 0] Looking up key:
* hdr.ipv6.dstAddr    : ff020000000000000000000000000016

[00:36:40.529] [bmv2] [D] [thread 91747] [59.0] [cxt 0] Table 'MyIngress.ipv6_lpm': miss
[00:36:40.529] [bmv2] [D] [thread 91747] [59.0] [cxt 0] Action entry is NoAction - 
[00:36:40.529] [bmv2] [T] [thread 91747] [59.0] [cxt 0] Action NoAction
[00:36:40.529] [bmv2] [D] [thread 91747] [59.0] [cxt 0] Pipeline 'ingress': end
[00:36:40.529] [bmv2] [D] [thread 91747] [59.0] [cxt 0] Egress port is 0
[00:36:40.530] [bmv2] [D] [thread 91748] [59.0] [cxt 0] Pipeline 'egress': start
[00:36:40.530] [bmv2] [T] [thread 91748] [59.0] [cxt 0] basic.p4(684) Condition "standard_metadata.mcast_grp != 0" (node_28) is false
[00:36:40.530] [bmv2] [D] [thread 91748] [59.0] [cxt 0] Pipeline 'egress': end
[00:36:40.530] [bmv2] [D] [thread 91748] [59.0] [cxt 0] Deparser 'deparser': start
[00:36:40.530] [bmv2] [T] [thread 91748] [59.0] [cxt 0] Skipping checksum 'cksum' update because condition not met
[00:36:40.530] [bmv2] [D] [thread 91748] [59.0] [cxt 0] Deparsing header 'ethernet'
[00:36:40.530] [bmv2] [D] [thread 91748] [59.0] [cxt 0] Deparsing header 'ipv6'
[00:36:40.530] [bmv2] [D] [thread 91748] [59.0] [cxt 0] Deparser 'deparser': end
[00:36:40.530] [bmv2] [D] [thread 91752] [59.0] [cxt 0] Transmitting packet of size 90 out of port 0
[00:36:40.563] [bmv2] [D] [thread 91747] [60.0] [cxt 0] Processing packet received on port 1
[00:36:40.563] [bmv2] [D] [thread 91747] [60.0] [cxt 0] Parser 'parser': start
[00:36:40.563] [bmv2] [D] [thread 91747] [60.0] [cxt 0] Parser 'parser' entering state 'start'
[00:36:40.563] [bmv2] [D] [thread 91747] [60.0] [cxt 0] Extracting header 'ethernet'
[00:36:40.563] [bmv2] [D] [thread 91747] [60.0] [cxt 0] Parser state 'start': key is 86dd
[00:36:40.563] [bmv2] [T] [thread 91747] [60.0] [cxt 0] Bytes parsed: 14
[00:36:40.563] [bmv2] [D] [thread 91747] [60.0] [cxt 0] Parser 'parser' entering state 'parse_ipv6'
[00:36:40.563] [bmv2] [D] [thread 91747] [60.0] [cxt 0] Extracting header 'ipv6'
[00:36:40.563] [bmv2] [D] [thread 91747] [60.0] [cxt 0] Parser state 'parse_ipv6': key is 11
[00:36:40.563] [bmv2] [T] [thread 91747] [60.0] [cxt 0] Bytes parsed: 54
[00:36:40.563] [bmv2] [D] [thread 91747] [60.0] [cxt 0] Parser 'parser': end
[00:36:40.563] [bmv2] [D] [thread 91747] [60.0] [cxt 0] Pipeline 'ingress': start
[00:36:40.563] [bmv2] [T] [thread 91747] [60.0] [cxt 0] basic.p4(560) Condition "hdr.ethernet.etherType == TYPE_ARP" (node_2) is false
[00:36:40.563] [bmv2] [T] [thread 91747] [60.0] [cxt 0] basic.p4(563) Condition "hdr.ethernet.etherType == TYPE_SRCROUTING" (node_4) is false
[00:36:40.563] [bmv2] [T] [thread 91747] [60.0] [cxt 0] basic.p4(576) Condition "hdr.ethernet.etherType == TYPE_YEQUDESU" (node_12) is false
[00:36:40.563] [bmv2] [T] [thread 91747] [60.0] [cxt 0] basic.p4(582) Condition "hdr.vxlan.isValid()" (node_15) is false
[00:36:40.563] [bmv2] [T] [thread 91747] [60.0] [cxt 0] basic.p4(586) Condition "hdr.ipv6.isValid()" (node_17) is true
[00:36:40.563] [bmv2] [T] [thread 91747] [60.0] [cxt 0] Applying table 'MyIngress.ipv6_lpm'
[00:36:40.563] [bmv2] [D] [thread 91747] [60.0] [cxt 0] Looking up key:
* hdr.ipv6.dstAddr    : ff0200000000000000000000000000fb

[00:36:40.563] [bmv2] [D] [thread 91747] [60.0] [cxt 0] Table 'MyIngress.ipv6_lpm': miss
[00:36:40.563] [bmv2] [D] [thread 91747] [60.0] [cxt 0] Action entry is NoAction - 
[00:36:40.563] [bmv2] [T] [thread 91747] [60.0] [cxt 0] Action NoAction
[00:36:40.563] [bmv2] [D] [thread 91747] [60.0] [cxt 0] Pipeline 'ingress': end
[00:36:40.563] [bmv2] [D] [thread 91747] [60.0] [cxt 0] Egress port is 0
[00:36:40.563] [bmv2] [D] [thread 91748] [60.0] [cxt 0] Pipeline 'egress': start
[00:36:40.563] [bmv2] [T] [thread 91748] [60.0] [cxt 0] basic.p4(684) Condition "standard_metadata.mcast_grp != 0" (node_28) is false
[00:36:40.563] [bmv2] [D] [thread 91748] [60.0] [cxt 0] Pipeline 'egress': end
[00:36:40.563] [bmv2] [D] [thread 91748] [60.0] [cxt 0] Deparser 'deparser': start
[00:36:40.563] [bmv2] [T] [thread 91748] [60.0] [cxt 0] Skipping checksum 'cksum' update because condition not met
[00:36:40.563] [bmv2] [D] [thread 91748] [60.0] [cxt 0] Deparsing header 'ethernet'
[00:36:40.563] [bmv2] [D] [thread 91748] [60.0] [cxt 0] Deparsing header 'ipv6'
[00:36:40.563] [bmv2] [D] [thread 91748] [60.0] [cxt 0] Deparser 'deparser': end
[00:36:40.563] [bmv2] [D] [thread 91752] [60.0] [cxt 0] Transmitting packet of size 203 out of port 0
[00:36:40.571] [bmv2] [D] [thread 91747] [61.0] [cxt 0] Processing packet received on port 2
[00:36:40.571] [bmv2] [D] [thread 91747] [61.0] [cxt 0] Parser 'parser': start
[00:36:40.571] [bmv2] [D] [thread 91747] [61.0] [cxt 0] Parser 'parser' entering state 'start'
[00:36:40.571] [bmv2] [D] [thread 91747] [61.0] [cxt 0] Extracting header 'ethernet'
[00:36:40.571] [bmv2] [D] [thread 91747] [61.0] [cxt 0] Parser state 'start': key is 86dd
[00:36:40.571] [bmv2] [T] [thread 91747] [61.0] [cxt 0] Bytes parsed: 14
[00:36:40.571] [bmv2] [D] [thread 91747] [61.0] [cxt 0] Parser 'parser' entering state 'parse_ipv6'
[00:36:40.571] [bmv2] [D] [thread 91747] [61.0] [cxt 0] Extracting header 'ipv6'
[00:36:40.571] [bmv2] [D] [thread 91747] [61.0] [cxt 0] Parser state 'parse_ipv6': key is 11
[00:36:40.571] [bmv2] [T] [thread 91747] [61.0] [cxt 0] Bytes parsed: 54
[00:36:40.571] [bmv2] [D] [thread 91747] [61.0] [cxt 0] Parser 'parser': end
[00:36:40.571] [bmv2] [D] [thread 91747] [61.0] [cxt 0] Pipeline 'ingress': start
[00:36:40.571] [bmv2] [T] [thread 91747] [61.0] [cxt 0] basic.p4(560) Condition "hdr.ethernet.etherType == TYPE_ARP" (node_2) is false
[00:36:40.571] [bmv2] [T] [thread 91747] [61.0] [cxt 0] basic.p4(563) Condition "hdr.ethernet.etherType == TYPE_SRCROUTING" (node_4) is false
[00:36:40.571] [bmv2] [T] [thread 91747] [61.0] [cxt 0] basic.p4(576) Condition "hdr.ethernet.etherType == TYPE_YEQUDESU" (node_12) is false
[00:36:40.571] [bmv2] [T] [thread 91747] [61.0] [cxt 0] basic.p4(582) Condition "hdr.vxlan.isValid()" (node_15) is false
[00:36:40.571] [bmv2] [T] [thread 91747] [61.0] [cxt 0] basic.p4(586) Condition "hdr.ipv6.isValid()" (node_17) is true
[00:36:40.571] [bmv2] [T] [thread 91747] [61.0] [cxt 0] Applying table 'MyIngress.ipv6_lpm'
[00:36:40.571] [bmv2] [D] [thread 91747] [61.0] [cxt 0] Looking up key:
* hdr.ipv6.dstAddr    : ff0200000000000000000000000000fb

[00:36:40.571] [bmv2] [D] [thread 91747] [61.0] [cxt 0] Table 'MyIngress.ipv6_lpm': miss
[00:36:40.571] [bmv2] [D] [thread 91747] [61.0] [cxt 0] Action entry is NoAction - 
[00:36:40.571] [bmv2] [T] [thread 91747] [61.0] [cxt 0] Action NoAction
[00:36:40.571] [bmv2] [D] [thread 91747] [61.0] [cxt 0] Pipeline 'ingress': end
[00:36:40.571] [bmv2] [D] [thread 91747] [61.0] [cxt 0] Egress port is 0
[00:36:40.571] [bmv2] [D] [thread 91748] [61.0] [cxt 0] Pipeline 'egress': start
[00:36:40.571] [bmv2] [T] [thread 91748] [61.0] [cxt 0] basic.p4(684) Condition "standard_metadata.mcast_grp != 0" (node_28) is false
[00:36:40.571] [bmv2] [D] [thread 91748] [61.0] [cxt 0] Pipeline 'egress': end
[00:36:40.571] [bmv2] [D] [thread 91748] [61.0] [cxt 0] Deparser 'deparser': start
[00:36:40.571] [bmv2] [T] [thread 91748] [61.0] [cxt 0] Skipping checksum 'cksum' update because condition not met
[00:36:40.571] [bmv2] [D] [thread 91748] [61.0] [cxt 0] Deparsing header 'ethernet'
[00:36:40.571] [bmv2] [D] [thread 91748] [61.0] [cxt 0] Deparsing header 'ipv6'
[00:36:40.571] [bmv2] [D] [thread 91748] [61.0] [cxt 0] Deparser 'deparser': end
[00:36:40.571] [bmv2] [D] [thread 91752] [61.0] [cxt 0] Transmitting packet of size 199 out of port 0
[00:36:40.573] [bmv2] [D] [thread 91747] [62.0] [cxt 0] Processing packet received on port 1
[00:36:40.573] [bmv2] [D] [thread 91747] [62.0] [cxt 0] Parser 'parser': start
[00:36:40.573] [bmv2] [D] [thread 91747] [62.0] [cxt 0] Parser 'parser' entering state 'start'
[00:36:40.573] [bmv2] [D] [thread 91747] [62.0] [cxt 0] Extracting header 'ethernet'
[00:36:40.573] [bmv2] [D] [thread 91747] [62.0] [cxt 0] Parser state 'start': key is 86dd
[00:36:40.573] [bmv2] [T] [thread 91747] [62.0] [cxt 0] Bytes parsed: 14
[00:36:40.573] [bmv2] [D] [thread 91747] [62.0] [cxt 0] Parser 'parser' entering state 'parse_ipv6'
[00:36:40.573] [bmv2] [D] [thread 91747] [62.0] [cxt 0] Extracting header 'ipv6'
[00:36:40.573] [bmv2] [D] [thread 91747] [62.0] [cxt 0] Parser state 'parse_ipv6': key is 11
[00:36:40.573] [bmv2] [T] [thread 91747] [62.0] [cxt 0] Bytes parsed: 54
[00:36:40.573] [bmv2] [D] [thread 91747] [62.0] [cxt 0] Parser 'parser': end
[00:36:40.573] [bmv2] [D] [thread 91747] [62.0] [cxt 0] Pipeline 'ingress': start
[00:36:40.573] [bmv2] [T] [thread 91747] [62.0] [cxt 0] basic.p4(560) Condition "hdr.ethernet.etherType == TYPE_ARP" (node_2) is false
[00:36:40.573] [bmv2] [T] [thread 91747] [62.0] [cxt 0] basic.p4(563) Condition "hdr.ethernet.etherType == TYPE_SRCROUTING" (node_4) is false
[00:36:40.573] [bmv2] [T] [thread 91747] [62.0] [cxt 0] basic.p4(576) Condition "hdr.ethernet.etherType == TYPE_YEQUDESU" (node_12) is false
[00:36:40.573] [bmv2] [T] [thread 91747] [62.0] [cxt 0] basic.p4(582) Condition "hdr.vxlan.isValid()" (node_15) is false
[00:36:40.573] [bmv2] [T] [thread 91747] [62.0] [cxt 0] basic.p4(586) Condition "hdr.ipv6.isValid()" (node_17) is true
[00:36:40.573] [bmv2] [T] [thread 91747] [62.0] [cxt 0] Applying table 'MyIngress.ipv6_lpm'
[00:36:40.573] [bmv2] [D] [thread 91747] [62.0] [cxt 0] Looking up key:
* hdr.ipv6.dstAddr    : ff0200000000000000000000000000fb

[00:36:40.573] [bmv2] [D] [thread 91747] [62.0] [cxt 0] Table 'MyIngress.ipv6_lpm': miss
[00:36:40.573] [bmv2] [D] [thread 91747] [62.0] [cxt 0] Action entry is NoAction - 
[00:36:40.573] [bmv2] [T] [thread 91747] [62.0] [cxt 0] Action NoAction
[00:36:40.573] [bmv2] [D] [thread 91747] [62.0] [cxt 0] Pipeline 'ingress': end
[00:36:40.574] [bmv2] [D] [thread 91747] [62.0] [cxt 0] Egress port is 0
[00:36:40.574] [bmv2] [D] [thread 91748] [62.0] [cxt 0] Pipeline 'egress': start
[00:36:40.574] [bmv2] [T] [thread 91748] [62.0] [cxt 0] basic.p4(684) Condition "standard_metadata.mcast_grp != 0" (node_28) is false
[00:36:40.574] [bmv2] [D] [thread 91748] [62.0] [cxt 0] Pipeline 'egress': end
[00:36:40.574] [bmv2] [D] [thread 91748] [62.0] [cxt 0] Deparser 'deparser': start
[00:36:40.574] [bmv2] [T] [thread 91748] [62.0] [cxt 0] Skipping checksum 'cksum' update because condition not met
[00:36:40.574] [bmv2] [D] [thread 91748] [62.0] [cxt 0] Deparsing header 'ethernet'
[00:36:40.574] [bmv2] [D] [thread 91748] [62.0] [cxt 0] Deparsing header 'ipv6'
[00:36:40.574] [bmv2] [D] [thread 91748] [62.0] [cxt 0] Deparser 'deparser': end
[00:36:40.574] [bmv2] [D] [thread 91752] [62.0] [cxt 0] Transmitting packet of size 211 out of port 0
[00:36:40.589] [bmv2] [D] [thread 91747] [63.0] [cxt 0] Processing packet received on port 4
[00:36:40.589] [bmv2] [D] [thread 91747] [63.0] [cxt 0] Parser 'parser': start
[00:36:40.589] [bmv2] [D] [thread 91747] [63.0] [cxt 0] Parser 'parser' entering state 'start'
[00:36:40.589] [bmv2] [D] [thread 91747] [63.0] [cxt 0] Extracting header 'ethernet'
[00:36:40.589] [bmv2] [D] [thread 91747] [63.0] [cxt 0] Parser state 'start': key is 86dd
[00:36:40.589] [bmv2] [T] [thread 91747] [63.0] [cxt 0] Bytes parsed: 14
[00:36:40.589] [bmv2] [D] [thread 91747] [63.0] [cxt 0] Parser 'parser' entering state 'parse_ipv6'
[00:36:40.589] [bmv2] [D] [thread 91747] [63.0] [cxt 0] Extracting header 'ipv6'
[00:36:40.589] [bmv2] [D] [thread 91747] [63.0] [cxt 0] Parser state 'parse_ipv6': key is 00
[00:36:40.589] [bmv2] [T] [thread 91747] [63.0] [cxt 0] Bytes parsed: 54
[00:36:40.589] [bmv2] [D] [thread 91747] [63.0] [cxt 0] Parser 'parser': end
[00:36:40.589] [bmv2] [D] [thread 91747] [63.0] [cxt 0] Pipeline 'ingress': start
[00:36:40.589] [bmv2] [T] [thread 91747] [63.0] [cxt 0] basic.p4(560) Condition "hdr.ethernet.etherType == TYPE_ARP" (node_2) is false
[00:36:40.589] [bmv2] [T] [thread 91747] [63.0] [cxt 0] basic.p4(563) Condition "hdr.ethernet.etherType == TYPE_SRCROUTING" (node_4) is false
[00:36:40.589] [bmv2] [T] [thread 91747] [63.0] [cxt 0] basic.p4(576) Condition "hdr.ethernet.etherType == TYPE_YEQUDESU" (node_12) is false
[00:36:40.589] [bmv2] [T] [thread 91747] [63.0] [cxt 0] basic.p4(582) Condition "hdr.vxlan.isValid()" (node_15) is false
[00:36:40.589] [bmv2] [T] [thread 91747] [63.0] [cxt 0] basic.p4(586) Condition "hdr.ipv6.isValid()" (node_17) is true
[00:36:40.589] [bmv2] [T] [thread 91747] [63.0] [cxt 0] Applying table 'MyIngress.ipv6_lpm'
[00:36:40.589] [bmv2] [D] [thread 91747] [63.0] [cxt 0] Looking up key:
* hdr.ipv6.dstAddr    : ff020000000000000000000000000016

[00:36:40.589] [bmv2] [D] [thread 91747] [63.0] [cxt 0] Table 'MyIngress.ipv6_lpm': miss
[00:36:40.589] [bmv2] [D] [thread 91747] [63.0] [cxt 0] Action entry is NoAction - 
[00:36:40.589] [bmv2] [T] [thread 91747] [63.0] [cxt 0] Action NoAction
[00:36:40.589] [bmv2] [D] [thread 91747] [63.0] [cxt 0] Pipeline 'ingress': end
[00:36:40.589] [bmv2] [D] [thread 91747] [63.0] [cxt 0] Egress port is 0
[00:36:40.589] [bmv2] [D] [thread 91748] [63.0] [cxt 0] Pipeline 'egress': start
[00:36:40.589] [bmv2] [T] [thread 91748] [63.0] [cxt 0] basic.p4(684) Condition "standard_metadata.mcast_grp != 0" (node_28) is false
[00:36:40.589] [bmv2] [D] [thread 91748] [63.0] [cxt 0] Pipeline 'egress': end
[00:36:40.589] [bmv2] [D] [thread 91748] [63.0] [cxt 0] Deparser 'deparser': start
[00:36:40.589] [bmv2] [T] [thread 91748] [63.0] [cxt 0] Skipping checksum 'cksum' update because condition not met
[00:36:40.589] [bmv2] [D] [thread 91748] [63.0] [cxt 0] Deparsing header 'ethernet'
[00:36:40.589] [bmv2] [D] [thread 91748] [63.0] [cxt 0] Deparsing header 'ipv6'
[00:36:40.589] [bmv2] [D] [thread 91748] [63.0] [cxt 0] Deparser 'deparser': end
[00:36:40.589] [bmv2] [D] [thread 91752] [63.0] [cxt 0] Transmitting packet of size 90 out of port 0
[00:36:40.626] [bmv2] [D] [thread 91747] [64.0] [cxt 0] Processing packet received on port 3
[00:36:40.626] [bmv2] [D] [thread 91747] [64.0] [cxt 0] Parser 'parser': start
[00:36:40.626] [bmv2] [D] [thread 91747] [64.0] [cxt 0] Parser 'parser' entering state 'start'
[00:36:40.626] [bmv2] [D] [thread 91747] [64.0] [cxt 0] Extracting header 'ethernet'
[00:36:40.626] [bmv2] [D] [thread 91747] [64.0] [cxt 0] Parser state 'start': key is 86dd
[00:36:40.626] [bmv2] [T] [thread 91747] [64.0] [cxt 0] Bytes parsed: 14
[00:36:40.626] [bmv2] [D] [thread 91747] [64.0] [cxt 0] Parser 'parser' entering state 'parse_ipv6'
[00:36:40.626] [bmv2] [D] [thread 91747] [64.0] [cxt 0] Extracting header 'ipv6'
[00:36:40.626] [bmv2] [D] [thread 91747] [64.0] [cxt 0] Parser state 'parse_ipv6': key is 11
[00:36:40.626] [bmv2] [T] [thread 91747] [64.0] [cxt 0] Bytes parsed: 54
[00:36:40.626] [bmv2] [D] [thread 91747] [64.0] [cxt 0] Parser 'parser': end
[00:36:40.626] [bmv2] [D] [thread 91747] [64.0] [cxt 0] Pipeline 'ingress': start
[00:36:40.626] [bmv2] [T] [thread 91747] [64.0] [cxt 0] basic.p4(560) Condition "hdr.ethernet.etherType == TYPE_ARP" (node_2) is false
[00:36:40.626] [bmv2] [T] [thread 91747] [64.0] [cxt 0] basic.p4(563) Condition "hdr.ethernet.etherType == TYPE_SRCROUTING" (node_4) is false
[00:36:40.626] [bmv2] [T] [thread 91747] [64.0] [cxt 0] basic.p4(576) Condition "hdr.ethernet.etherType == TYPE_YEQUDESU" (node_12) is false
[00:36:40.626] [bmv2] [T] [thread 91747] [64.0] [cxt 0] basic.p4(582) Condition "hdr.vxlan.isValid()" (node_15) is false
[00:36:40.626] [bmv2] [T] [thread 91747] [64.0] [cxt 0] basic.p4(586) Condition "hdr.ipv6.isValid()" (node_17) is true
[00:36:40.626] [bmv2] [T] [thread 91747] [64.0] [cxt 0] Applying table 'MyIngress.ipv6_lpm'
[00:36:40.626] [bmv2] [D] [thread 91747] [64.0] [cxt 0] Looking up key:
* hdr.ipv6.dstAddr    : ff0200000000000000000000000000fb

[00:36:40.626] [bmv2] [D] [thread 91747] [64.0] [cxt 0] Table 'MyIngress.ipv6_lpm': miss
[00:36:40.626] [bmv2] [D] [thread 91747] [64.0] [cxt 0] Action entry is NoAction - 
[00:36:40.626] [bmv2] [T] [thread 91747] [64.0] [cxt 0] Action NoAction
[00:36:40.626] [bmv2] [D] [thread 91747] [64.0] [cxt 0] Pipeline 'ingress': end
[00:36:40.626] [bmv2] [D] [thread 91747] [64.0] [cxt 0] Egress port is 0
[00:36:40.626] [bmv2] [D] [thread 91748] [64.0] [cxt 0] Pipeline 'egress': start
[00:36:40.626] [bmv2] [T] [thread 91748] [64.0] [cxt 0] basic.p4(684) Condition "standard_metadata.mcast_grp != 0" (node_28) is false
[00:36:40.626] [bmv2] [D] [thread 91748] [64.0] [cxt 0] Pipeline 'egress': end
[00:36:40.626] [bmv2] [D] [thread 91748] [64.0] [cxt 0] Deparser 'deparser': start
[00:36:40.626] [bmv2] [T] [thread 91748] [64.0] [cxt 0] Skipping checksum 'cksum' update because condition not met
[00:36:40.626] [bmv2] [D] [thread 91748] [64.0] [cxt 0] Deparsing header 'ethernet'
[00:36:40.626] [bmv2] [D] [thread 91748] [64.0] [cxt 0] Deparsing header 'ipv6'
[00:36:40.626] [bmv2] [D] [thread 91748] [64.0] [cxt 0] Deparser 'deparser': end
[00:36:40.627] [bmv2] [D] [thread 91752] [64.0] [cxt 0] Transmitting packet of size 203 out of port 0
[00:36:40.634] [bmv2] [D] [thread 91747] [65.0] [cxt 0] Processing packet received on port 3
[00:36:40.634] [bmv2] [D] [thread 91747] [65.0] [cxt 0] Parser 'parser': start
[00:36:40.634] [bmv2] [D] [thread 91747] [65.0] [cxt 0] Parser 'parser' entering state 'start'
[00:36:40.634] [bmv2] [D] [thread 91747] [65.0] [cxt 0] Extracting header 'ethernet'
[00:36:40.634] [bmv2] [D] [thread 91747] [65.0] [cxt 0] Parser state 'start': key is 86dd
[00:36:40.634] [bmv2] [T] [thread 91747] [65.0] [cxt 0] Bytes parsed: 14
[00:36:40.634] [bmv2] [D] [thread 91747] [65.0] [cxt 0] Parser 'parser' entering state 'parse_ipv6'
[00:36:40.634] [bmv2] [D] [thread 91747] [65.0] [cxt 0] Extracting header 'ipv6'
[00:36:40.634] [bmv2] [D] [thread 91747] [65.0] [cxt 0] Parser state 'parse_ipv6': key is 11
[00:36:40.634] [bmv2] [T] [thread 91747] [65.0] [cxt 0] Bytes parsed: 54
[00:36:40.634] [bmv2] [D] [thread 91747] [65.0] [cxt 0] Parser 'parser': end
[00:36:40.634] [bmv2] [D] [thread 91747] [65.0] [cxt 0] Pipeline 'ingress': start
[00:36:40.634] [bmv2] [T] [thread 91747] [65.0] [cxt 0] basic.p4(560) Condition "hdr.ethernet.etherType == TYPE_ARP" (node_2) is false
[00:36:40.634] [bmv2] [T] [thread 91747] [65.0] [cxt 0] basic.p4(563) Condition "hdr.ethernet.etherType == TYPE_SRCROUTING" (node_4) is false
[00:36:40.634] [bmv2] [T] [thread 91747] [65.0] [cxt 0] basic.p4(576) Condition "hdr.ethernet.etherType == TYPE_YEQUDESU" (node_12) is false
[00:36:40.634] [bmv2] [T] [thread 91747] [65.0] [cxt 0] basic.p4(582) Condition "hdr.vxlan.isValid()" (node_15) is false
[00:36:40.634] [bmv2] [T] [thread 91747] [65.0] [cxt 0] basic.p4(586) Condition "hdr.ipv6.isValid()" (node_17) is true
[00:36:40.634] [bmv2] [T] [thread 91747] [65.0] [cxt 0] Applying table 'MyIngress.ipv6_lpm'
[00:36:40.634] [bmv2] [D] [thread 91747] [65.0] [cxt 0] Looking up key:
* hdr.ipv6.dstAddr    : ff0200000000000000000000000000fb

[00:36:40.634] [bmv2] [D] [thread 91747] [65.0] [cxt 0] Table 'MyIngress.ipv6_lpm': miss
[00:36:40.634] [bmv2] [D] [thread 91747] [65.0] [cxt 0] Action entry is NoAction - 
[00:36:40.634] [bmv2] [T] [thread 91747] [65.0] [cxt 0] Action NoAction
[00:36:40.634] [bmv2] [D] [thread 91747] [65.0] [cxt 0] Pipeline 'ingress': end
[00:36:40.634] [bmv2] [D] [thread 91747] [65.0] [cxt 0] Egress port is 0
[00:36:40.634] [bmv2] [D] [thread 91748] [65.0] [cxt 0] Pipeline 'egress': start
[00:36:40.634] [bmv2] [T] [thread 91748] [65.0] [cxt 0] basic.p4(684) Condition "standard_metadata.mcast_grp != 0" (node_28) is false
[00:36:40.634] [bmv2] [D] [thread 91748] [65.0] [cxt 0] Pipeline 'egress': end
[00:36:40.634] [bmv2] [D] [thread 91748] [65.0] [cxt 0] Deparser 'deparser': start
[00:36:40.634] [bmv2] [T] [thread 91748] [65.0] [cxt 0] Skipping checksum 'cksum' update because condition not met
[00:36:40.634] [bmv2] [D] [thread 91748] [65.0] [cxt 0] Deparsing header 'ethernet'
[00:36:40.634] [bmv2] [D] [thread 91748] [65.0] [cxt 0] Deparsing header 'ipv6'
[00:36:40.634] [bmv2] [D] [thread 91748] [65.0] [cxt 0] Deparser 'deparser': end
[00:36:40.634] [bmv2] [D] [thread 91752] [65.0] [cxt 0] Transmitting packet of size 199 out of port 0
[00:36:40.638] [bmv2] [D] [thread 91747] [66.0] [cxt 0] Processing packet received on port 3
[00:36:40.638] [bmv2] [D] [thread 91747] [66.0] [cxt 0] Parser 'parser': start
[00:36:40.638] [bmv2] [D] [thread 91747] [66.0] [cxt 0] Parser 'parser' entering state 'start'
[00:36:40.638] [bmv2] [D] [thread 91747] [66.0] [cxt 0] Extracting header 'ethernet'
[00:36:40.638] [bmv2] [D] [thread 91747] [66.0] [cxt 0] Parser state 'start': key is 86dd
[00:36:40.638] [bmv2] [T] [thread 91747] [66.0] [cxt 0] Bytes parsed: 14
[00:36:40.638] [bmv2] [D] [thread 91747] [66.0] [cxt 0] Parser 'parser' entering state 'parse_ipv6'
[00:36:40.638] [bmv2] [D] [thread 91747] [66.0] [cxt 0] Extracting header 'ipv6'
[00:36:40.638] [bmv2] [D] [thread 91747] [66.0] [cxt 0] Parser state 'parse_ipv6': key is 11
[00:36:40.638] [bmv2] [T] [thread 91747] [66.0] [cxt 0] Bytes parsed: 54
[00:36:40.638] [bmv2] [D] [thread 91747] [66.0] [cxt 0] Parser 'parser': end
[00:36:40.638] [bmv2] [D] [thread 91747] [66.0] [cxt 0] Pipeline 'ingress': start
[00:36:40.638] [bmv2] [T] [thread 91747] [66.0] [cxt 0] basic.p4(560) Condition "hdr.ethernet.etherType == TYPE_ARP" (node_2) is false
[00:36:40.638] [bmv2] [T] [thread 91747] [66.0] [cxt 0] basic.p4(563) Condition "hdr.ethernet.etherType == TYPE_SRCROUTING" (node_4) is false
[00:36:40.638] [bmv2] [T] [thread 91747] [66.0] [cxt 0] basic.p4(576) Condition "hdr.ethernet.etherType == TYPE_YEQUDESU" (node_12) is false
[00:36:40.638] [bmv2] [T] [thread 91747] [66.0] [cxt 0] basic.p4(582) Condition "hdr.vxlan.isValid()" (node_15) is false
[00:36:40.638] [bmv2] [T] [thread 91747] [66.0] [cxt 0] basic.p4(586) Condition "hdr.ipv6.isValid()" (node_17) is true
[00:36:40.638] [bmv2] [T] [thread 91747] [66.0] [cxt 0] Applying table 'MyIngress.ipv6_lpm'
[00:36:40.638] [bmv2] [D] [thread 91747] [66.0] [cxt 0] Looking up key:
* hdr.ipv6.dstAddr    : ff0200000000000000000000000000fb

[00:36:40.638] [bmv2] [D] [thread 91747] [66.0] [cxt 0] Table 'MyIngress.ipv6_lpm': miss
[00:36:40.638] [bmv2] [D] [thread 91747] [66.0] [cxt 0] Action entry is NoAction - 
[00:36:40.638] [bmv2] [T] [thread 91747] [66.0] [cxt 0] Action NoAction
[00:36:40.638] [bmv2] [D] [thread 91747] [66.0] [cxt 0] Pipeline 'ingress': end
[00:36:40.638] [bmv2] [D] [thread 91747] [66.0] [cxt 0] Egress port is 0
[00:36:40.638] [bmv2] [D] [thread 91748] [66.0] [cxt 0] Pipeline 'egress': start
[00:36:40.638] [bmv2] [T] [thread 91748] [66.0] [cxt 0] basic.p4(684) Condition "standard_metadata.mcast_grp != 0" (node_28) is false
[00:36:40.638] [bmv2] [D] [thread 91748] [66.0] [cxt 0] Pipeline 'egress': end
[00:36:40.638] [bmv2] [D] [thread 91748] [66.0] [cxt 0] Deparser 'deparser': start
[00:36:40.638] [bmv2] [T] [thread 91748] [66.0] [cxt 0] Skipping checksum 'cksum' update because condition not met
[00:36:40.638] [bmv2] [D] [thread 91748] [66.0] [cxt 0] Deparsing header 'ethernet'
[00:36:40.638] [bmv2] [D] [thread 91748] [66.0] [cxt 0] Deparsing header 'ipv6'
[00:36:40.638] [bmv2] [D] [thread 91748] [66.0] [cxt 0] Deparser 'deparser': end
[00:36:40.639] [bmv2] [D] [thread 91752] [66.0] [cxt 0] Transmitting packet of size 211 out of port 0
[00:36:40.654] [bmv2] [D] [thread 91747] [67.0] [cxt 0] Processing packet received on port 2
[00:36:40.654] [bmv2] [D] [thread 91747] [67.0] [cxt 0] Parser 'parser': start
[00:36:40.654] [bmv2] [D] [thread 91747] [67.0] [cxt 0] Parser 'parser' entering state 'start'
[00:36:40.654] [bmv2] [D] [thread 91747] [67.0] [cxt 0] Extracting header 'ethernet'
[00:36:40.654] [bmv2] [D] [thread 91747] [67.0] [cxt 0] Parser state 'start': key is 86dd
[00:36:40.654] [bmv2] [T] [thread 91747] [67.0] [cxt 0] Bytes parsed: 14
[00:36:40.654] [bmv2] [D] [thread 91747] [67.0] [cxt 0] Parser 'parser' entering state 'parse_ipv6'
[00:36:40.654] [bmv2] [D] [thread 91747] [67.0] [cxt 0] Extracting header 'ipv6'
[00:36:40.654] [bmv2] [D] [thread 91747] [67.0] [cxt 0] Parser state 'parse_ipv6': key is 00
[00:36:40.654] [bmv2] [T] [thread 91747] [67.0] [cxt 0] Bytes parsed: 54
[00:36:40.654] [bmv2] [D] [thread 91747] [67.0] [cxt 0] Parser 'parser': end
[00:36:40.654] [bmv2] [D] [thread 91747] [67.0] [cxt 0] Pipeline 'ingress': start
[00:36:40.654] [bmv2] [T] [thread 91747] [67.0] [cxt 0] basic.p4(560) Condition "hdr.ethernet.etherType == TYPE_ARP" (node_2) is false
[00:36:40.654] [bmv2] [T] [thread 91747] [67.0] [cxt 0] basic.p4(563) Condition "hdr.ethernet.etherType == TYPE_SRCROUTING" (node_4) is false
[00:36:40.654] [bmv2] [T] [thread 91747] [67.0] [cxt 0] basic.p4(576) Condition "hdr.ethernet.etherType == TYPE_YEQUDESU" (node_12) is false
[00:36:40.654] [bmv2] [T] [thread 91747] [67.0] [cxt 0] basic.p4(582) Condition "hdr.vxlan.isValid()" (node_15) is false
[00:36:40.654] [bmv2] [T] [thread 91747] [67.0] [cxt 0] basic.p4(586) Condition "hdr.ipv6.isValid()" (node_17) is true
[00:36:40.654] [bmv2] [T] [thread 91747] [67.0] [cxt 0] Applying table 'MyIngress.ipv6_lpm'
[00:36:40.654] [bmv2] [D] [thread 91747] [67.0] [cxt 0] Looking up key:
* hdr.ipv6.dstAddr    : ff020000000000000000000000000016

[00:36:40.654] [bmv2] [D] [thread 91747] [67.0] [cxt 0] Table 'MyIngress.ipv6_lpm': miss
[00:36:40.654] [bmv2] [D] [thread 91747] [67.0] [cxt 0] Action entry is NoAction - 
[00:36:40.654] [bmv2] [T] [thread 91747] [67.0] [cxt 0] Action NoAction
[00:36:40.654] [bmv2] [D] [thread 91747] [67.0] [cxt 0] Pipeline 'ingress': end
[00:36:40.654] [bmv2] [D] [thread 91747] [67.0] [cxt 0] Egress port is 0
[00:36:40.654] [bmv2] [D] [thread 91747] [68.0] [cxt 0] Processing packet received on port 3
[00:36:40.654] [bmv2] [D] [thread 91747] [68.0] [cxt 0] Parser 'parser': start
[00:36:40.654] [bmv2] [D] [thread 91747] [68.0] [cxt 0] Parser 'parser' entering state 'start'
[00:36:40.654] [bmv2] [D] [thread 91747] [68.0] [cxt 0] Extracting header 'ethernet'
[00:36:40.654] [bmv2] [D] [thread 91747] [68.0] [cxt 0] Parser state 'start': key is 86dd
[00:36:40.654] [bmv2] [T] [thread 91747] [68.0] [cxt 0] Bytes parsed: 14
[00:36:40.654] [bmv2] [D] [thread 91747] [68.0] [cxt 0] Parser 'parser' entering state 'parse_ipv6'
[00:36:40.654] [bmv2] [D] [thread 91747] [68.0] [cxt 0] Extracting header 'ipv6'
[00:36:40.654] [bmv2] [D] [thread 91747] [68.0] [cxt 0] Parser state 'parse_ipv6': key is 00
[00:36:40.654] [bmv2] [T] [thread 91747] [68.0] [cxt 0] Bytes parsed: 54
[00:36:40.654] [bmv2] [D] [thread 91747] [68.0] [cxt 0] Parser 'parser': end
[00:36:40.654] [bmv2] [D] [thread 91747] [68.0] [cxt 0] Pipeline 'ingress': start
[00:36:40.654] [bmv2] [T] [thread 91747] [68.0] [cxt 0] basic.p4(560) Condition "hdr.ethernet.etherType == TYPE_ARP" (node_2) is false
[00:36:40.654] [bmv2] [T] [thread 91747] [68.0] [cxt 0] basic.p4(563) Condition "hdr.ethernet.etherType == TYPE_SRCROUTING" (node_4) is false
[00:36:40.654] [bmv2] [T] [thread 91747] [68.0] [cxt 0] basic.p4(576) Condition "hdr.ethernet.etherType == TYPE_YEQUDESU" (node_12) is false
[00:36:40.654] [bmv2] [T] [thread 91747] [68.0] [cxt 0] basic.p4(582) Condition "hdr.vxlan.isValid()" (node_15) is false
[00:36:40.654] [bmv2] [T] [thread 91747] [68.0] [cxt 0] basic.p4(586) Condition "hdr.ipv6.isValid()" (node_17) is true
[00:36:40.654] [bmv2] [T] [thread 91747] [68.0] [cxt 0] Applying table 'MyIngress.ipv6_lpm'
[00:36:40.654] [bmv2] [D] [thread 91747] [68.0] [cxt 0] Looking up key:
* hdr.ipv6.dstAddr    : ff020000000000000000000000000016

[00:36:40.654] [bmv2] [D] [thread 91747] [68.0] [cxt 0] Table 'MyIngress.ipv6_lpm': miss
[00:36:40.654] [bmv2] [D] [thread 91747] [68.0] [cxt 0] Action entry is NoAction - 
[00:36:40.654] [bmv2] [T] [thread 91747] [68.0] [cxt 0] Action NoAction
[00:36:40.654] [bmv2] [D] [thread 91747] [68.0] [cxt 0] Pipeline 'ingress': end
[00:36:40.654] [bmv2] [D] [thread 91747] [68.0] [cxt 0] Egress port is 0
[00:36:40.654] [bmv2] [D] [thread 91747] [69.0] [cxt 0] Processing packet received on port 5
[00:36:40.654] [bmv2] [D] [thread 91747] [69.0] [cxt 0] Parser 'parser': start
[00:36:40.654] [bmv2] [D] [thread 91747] [69.0] [cxt 0] Parser 'parser' entering state 'start'
[00:36:40.654] [bmv2] [D] [thread 91747] [69.0] [cxt 0] Extracting header 'ethernet'
[00:36:40.654] [bmv2] [D] [thread 91747] [69.0] [cxt 0] Parser state 'start': key is 86dd
[00:36:40.654] [bmv2] [T] [thread 91747] [69.0] [cxt 0] Bytes parsed: 14
[00:36:40.654] [bmv2] [D] [thread 91747] [69.0] [cxt 0] Parser 'parser' entering state 'parse_ipv6'
[00:36:40.654] [bmv2] [D] [thread 91747] [69.0] [cxt 0] Extracting header 'ipv6'
[00:36:40.654] [bmv2] [D] [thread 91747] [69.0] [cxt 0] Parser state 'parse_ipv6': key is 00
[00:36:40.654] [bmv2] [T] [thread 91747] [69.0] [cxt 0] Bytes parsed: 54
[00:36:40.654] [bmv2] [D] [thread 91747] [69.0] [cxt 0] Parser 'parser': end
[00:36:40.654] [bmv2] [D] [thread 91747] [69.0] [cxt 0] Pipeline 'ingress': start
[00:36:40.654] [bmv2] [T] [thread 91747] [69.0] [cxt 0] basic.p4(560) Condition "hdr.ethernet.etherType == TYPE_ARP" (node_2) is false
[00:36:40.654] [bmv2] [T] [thread 91747] [69.0] [cxt 0] basic.p4(563) Condition "hdr.ethernet.etherType == TYPE_SRCROUTING" (node_4) is false
[00:36:40.654] [bmv2] [T] [thread 91747] [69.0] [cxt 0] basic.p4(576) Condition "hdr.ethernet.etherType == TYPE_YEQUDESU" (node_12) is false
[00:36:40.654] [bmv2] [T] [thread 91747] [69.0] [cxt 0] basic.p4(582) Condition "hdr.vxlan.isValid()" (node_15) is false
[00:36:40.654] [bmv2] [T] [thread 91747] [69.0] [cxt 0] basic.p4(586) Condition "hdr.ipv6.isValid()" (node_17) is true
[00:36:40.654] [bmv2] [T] [thread 91747] [69.0] [cxt 0] Applying table 'MyIngress.ipv6_lpm'
[00:36:40.654] [bmv2] [D] [thread 91747] [69.0] [cxt 0] Looking up key:
* hdr.ipv6.dstAddr    : ff020000000000000000000000000016

[00:36:40.654] [bmv2] [D] [thread 91747] [69.0] [cxt 0] Table 'MyIngress.ipv6_lpm': miss
[00:36:40.654] [bmv2] [D] [thread 91748] [67.0] [cxt 0] Pipeline 'egress': start
[00:36:40.654] [bmv2] [D] [thread 91747] [69.0] [cxt 0] Action entry is NoAction - 
[00:36:40.654] [bmv2] [T] [thread 91747] [69.0] [cxt 0] Action NoAction
[00:36:40.654] [bmv2] [T] [thread 91748] [67.0] [cxt 0] basic.p4(684) Condition "standard_metadata.mcast_grp != 0" (node_28) is false
[00:36:40.654] [bmv2] [D] [thread 91747] [69.0] [cxt 0] Pipeline 'ingress': end
[00:36:40.654] [bmv2] [D] [thread 91748] [67.0] [cxt 0] Pipeline 'egress': end
[00:36:40.654] [bmv2] [D] [thread 91747] [69.0] [cxt 0] Egress port is 0
[00:36:40.654] [bmv2] [D] [thread 91748] [67.0] [cxt 0] Deparser 'deparser': start
[00:36:40.654] [bmv2] [T] [thread 91748] [67.0] [cxt 0] Skipping checksum 'cksum' update because condition not met
[00:36:40.654] [bmv2] [D] [thread 91748] [67.0] [cxt 0] Deparsing header 'ethernet'
[00:36:40.654] [bmv2] [D] [thread 91748] [67.0] [cxt 0] Deparsing header 'ipv6'
[00:36:40.654] [bmv2] [D] [thread 91748] [67.0] [cxt 0] Deparser 'deparser': end
[00:36:40.654] [bmv2] [D] [thread 91748] [68.0] [cxt 0] Pipeline 'egress': start
[00:36:40.654] [bmv2] [T] [thread 91748] [68.0] [cxt 0] basic.p4(684) Condition "standard_metadata.mcast_grp != 0" (node_28) is false
[00:36:40.654] [bmv2] [D] [thread 91748] [68.0] [cxt 0] Pipeline 'egress': end
[00:36:40.654] [bmv2] [D] [thread 91748] [68.0] [cxt 0] Deparser 'deparser': start
[00:36:40.654] [bmv2] [T] [thread 91748] [68.0] [cxt 0] Skipping checksum 'cksum' update because condition not met
[00:36:40.654] [bmv2] [D] [thread 91748] [68.0] [cxt 0] Deparsing header 'ethernet'
[00:36:40.654] [bmv2] [D] [thread 91748] [68.0] [cxt 0] Deparsing header 'ipv6'
[00:36:40.654] [bmv2] [D] [thread 91752] [67.0] [cxt 0] Transmitting packet of size 110 out of port 0
[00:36:40.654] [bmv2] [D] [thread 91748] [68.0] [cxt 0] Deparser 'deparser': end
[00:36:40.654] [bmv2] [D] [thread 91748] [69.0] [cxt 0] Pipeline 'egress': start
[00:36:40.654] [bmv2] [T] [thread 91748] [69.0] [cxt 0] basic.p4(684) Condition "standard_metadata.mcast_grp != 0" (node_28) is false
[00:36:40.654] [bmv2] [D] [thread 91748] [69.0] [cxt 0] Pipeline 'egress': end
[00:36:40.654] [bmv2] [D] [thread 91748] [69.0] [cxt 0] Deparser 'deparser': start
[00:36:40.654] [bmv2] [T] [thread 91748] [69.0] [cxt 0] Skipping checksum 'cksum' update because condition not met
[00:36:40.654] [bmv2] [D] [thread 91748] [69.0] [cxt 0] Deparsing header 'ethernet'
[00:36:40.654] [bmv2] [D] [thread 91748] [69.0] [cxt 0] Deparsing header 'ipv6'
[00:36:40.654] [bmv2] [D] [thread 91748] [69.0] [cxt 0] Deparser 'deparser': end
[00:36:40.654] [bmv2] [D] [thread 91752] [68.0] [cxt 0] Transmitting packet of size 110 out of port 0
[00:36:40.654] [bmv2] [D] [thread 91752] [69.0] [cxt 0] Transmitting packet of size 110 out of port 0
[00:36:40.695] [bmv2] [D] [thread 91747] [70.0] [cxt 0] Processing packet received on port 5
[00:36:40.695] [bmv2] [D] [thread 91747] [70.0] [cxt 0] Parser 'parser': start
[00:36:40.695] [bmv2] [D] [thread 91747] [70.0] [cxt 0] Parser 'parser' entering state 'start'
[00:36:40.695] [bmv2] [D] [thread 91747] [70.0] [cxt 0] Extracting header 'ethernet'
[00:36:40.695] [bmv2] [D] [thread 91747] [70.0] [cxt 0] Parser state 'start': key is 86dd
[00:36:40.695] [bmv2] [T] [thread 91747] [70.0] [cxt 0] Bytes parsed: 14
[00:36:40.695] [bmv2] [D] [thread 91747] [70.0] [cxt 0] Parser 'parser' entering state 'parse_ipv6'
[00:36:40.695] [bmv2] [D] [thread 91747] [70.0] [cxt 0] Extracting header 'ipv6'
[00:36:40.695] [bmv2] [D] [thread 91747] [70.0] [cxt 0] Parser state 'parse_ipv6': key is 11
[00:36:40.695] [bmv2] [T] [thread 91747] [70.0] [cxt 0] Bytes parsed: 54
[00:36:40.695] [bmv2] [D] [thread 91747] [70.0] [cxt 0] Parser 'parser': end
[00:36:40.695] [bmv2] [D] [thread 91747] [70.0] [cxt 0] Pipeline 'ingress': start
[00:36:40.695] [bmv2] [T] [thread 91747] [70.0] [cxt 0] basic.p4(560) Condition "hdr.ethernet.etherType == TYPE_ARP" (node_2) is false
[00:36:40.695] [bmv2] [T] [thread 91747] [70.0] [cxt 0] basic.p4(563) Condition "hdr.ethernet.etherType == TYPE_SRCROUTING" (node_4) is false
[00:36:40.695] [bmv2] [T] [thread 91747] [70.0] [cxt 0] basic.p4(576) Condition "hdr.ethernet.etherType == TYPE_YEQUDESU" (node_12) is false
[00:36:40.695] [bmv2] [T] [thread 91747] [70.0] [cxt 0] basic.p4(582) Condition "hdr.vxlan.isValid()" (node_15) is false
[00:36:40.695] [bmv2] [T] [thread 91747] [70.0] [cxt 0] basic.p4(586) Condition "hdr.ipv6.isValid()" (node_17) is true
[00:36:40.695] [bmv2] [T] [thread 91747] [70.0] [cxt 0] Applying table 'MyIngress.ipv6_lpm'
[00:36:40.695] [bmv2] [D] [thread 91747] [70.0] [cxt 0] Looking up key:
* hdr.ipv6.dstAddr    : ff0200000000000000000000000000fb

[00:36:40.695] [bmv2] [D] [thread 91747] [70.0] [cxt 0] Table 'MyIngress.ipv6_lpm': miss
[00:36:40.695] [bmv2] [D] [thread 91747] [70.0] [cxt 0] Action entry is NoAction - 
[00:36:40.695] [bmv2] [T] [thread 91747] [70.0] [cxt 0] Action NoAction
[00:36:40.695] [bmv2] [D] [thread 91747] [70.0] [cxt 0] Pipeline 'ingress': end
[00:36:40.695] [bmv2] [D] [thread 91747] [70.0] [cxt 0] Egress port is 0
[00:36:40.695] [bmv2] [D] [thread 91748] [70.0] [cxt 0] Pipeline 'egress': start
[00:36:40.695] [bmv2] [T] [thread 91748] [70.0] [cxt 0] basic.p4(684) Condition "standard_metadata.mcast_grp != 0" (node_28) is false
[00:36:40.695] [bmv2] [D] [thread 91748] [70.0] [cxt 0] Pipeline 'egress': end
[00:36:40.695] [bmv2] [D] [thread 91748] [70.0] [cxt 0] Deparser 'deparser': start
[00:36:40.695] [bmv2] [T] [thread 91748] [70.0] [cxt 0] Skipping checksum 'cksum' update because condition not met
[00:36:40.695] [bmv2] [D] [thread 91748] [70.0] [cxt 0] Deparsing header 'ethernet'
[00:36:40.695] [bmv2] [D] [thread 91748] [70.0] [cxt 0] Deparsing header 'ipv6'
[00:36:40.695] [bmv2] [D] [thread 91748] [70.0] [cxt 0] Deparser 'deparser': end
[00:36:40.695] [bmv2] [D] [thread 91752] [70.0] [cxt 0] Transmitting packet of size 211 out of port 0
[00:36:40.698] [bmv2] [D] [thread 91747] [71.0] [cxt 0] Processing packet received on port 4
[00:36:40.698] [bmv2] [D] [thread 91747] [71.0] [cxt 0] Parser 'parser': start
[00:36:40.698] [bmv2] [D] [thread 91747] [71.0] [cxt 0] Parser 'parser' entering state 'start'
[00:36:40.698] [bmv2] [D] [thread 91747] [71.0] [cxt 0] Extracting header 'ethernet'
[00:36:40.698] [bmv2] [D] [thread 91747] [71.0] [cxt 0] Parser state 'start': key is 86dd
[00:36:40.698] [bmv2] [T] [thread 91747] [71.0] [cxt 0] Bytes parsed: 14
[00:36:40.698] [bmv2] [D] [thread 91747] [71.0] [cxt 0] Parser 'parser' entering state 'parse_ipv6'
[00:36:40.698] [bmv2] [D] [thread 91747] [71.0] [cxt 0] Extracting header 'ipv6'
[00:36:40.698] [bmv2] [D] [thread 91747] [71.0] [cxt 0] Parser state 'parse_ipv6': key is 11
[00:36:40.698] [bmv2] [T] [thread 91747] [71.0] [cxt 0] Bytes parsed: 54
[00:36:40.698] [bmv2] [D] [thread 91747] [71.0] [cxt 0] Parser 'parser': end
[00:36:40.698] [bmv2] [D] [thread 91747] [71.0] [cxt 0] Pipeline 'ingress': start
[00:36:40.698] [bmv2] [T] [thread 91747] [71.0] [cxt 0] basic.p4(560) Condition "hdr.ethernet.etherType == TYPE_ARP" (node_2) is false
[00:36:40.698] [bmv2] [T] [thread 91747] [71.0] [cxt 0] basic.p4(563) Condition "hdr.ethernet.etherType == TYPE_SRCROUTING" (node_4) is false
[00:36:40.698] [bmv2] [T] [thread 91747] [71.0] [cxt 0] basic.p4(576) Condition "hdr.ethernet.etherType == TYPE_YEQUDESU" (node_12) is false
[00:36:40.698] [bmv2] [T] [thread 91747] [71.0] [cxt 0] basic.p4(582) Condition "hdr.vxlan.isValid()" (node_15) is false
[00:36:40.698] [bmv2] [T] [thread 91747] [71.0] [cxt 0] basic.p4(586) Condition "hdr.ipv6.isValid()" (node_17) is true
[00:36:40.698] [bmv2] [T] [thread 91747] [71.0] [cxt 0] Applying table 'MyIngress.ipv6_lpm'
[00:36:40.698] [bmv2] [D] [thread 91747] [71.0] [cxt 0] Looking up key:
* hdr.ipv6.dstAddr    : ff0200000000000000000000000000fb

[00:36:40.698] [bmv2] [D] [thread 91747] [71.0] [cxt 0] Table 'MyIngress.ipv6_lpm': miss
[00:36:40.698] [bmv2] [D] [thread 91747] [71.0] [cxt 0] Action entry is NoAction - 
[00:36:40.698] [bmv2] [T] [thread 91747] [71.0] [cxt 0] Action NoAction
[00:36:40.698] [bmv2] [D] [thread 91747] [71.0] [cxt 0] Pipeline 'ingress': end
[00:36:40.698] [bmv2] [D] [thread 91747] [71.0] [cxt 0] Egress port is 0
[00:36:40.698] [bmv2] [D] [thread 91747] [72.0] [cxt 0] Processing packet received on port 5
[00:36:40.698] [bmv2] [D] [thread 91747] [72.0] [cxt 0] Parser 'parser': start
[00:36:40.698] [bmv2] [D] [thread 91747] [72.0] [cxt 0] Parser 'parser' entering state 'start'
[00:36:40.698] [bmv2] [D] [thread 91747] [72.0] [cxt 0] Extracting header 'ethernet'
[00:36:40.698] [bmv2] [D] [thread 91747] [72.0] [cxt 0] Parser state 'start': key is 86dd
[00:36:40.698] [bmv2] [T] [thread 91747] [72.0] [cxt 0] Bytes parsed: 14
[00:36:40.698] [bmv2] [D] [thread 91747] [72.0] [cxt 0] Parser 'parser' entering state 'parse_ipv6'
[00:36:40.698] [bmv2] [D] [thread 91747] [72.0] [cxt 0] Extracting header 'ipv6'
[00:36:40.698] [bmv2] [D] [thread 91747] [72.0] [cxt 0] Parser state 'parse_ipv6': key is 11
[00:36:40.698] [bmv2] [T] [thread 91747] [72.0] [cxt 0] Bytes parsed: 54
[00:36:40.698] [bmv2] [D] [thread 91747] [72.0] [cxt 0] Parser 'parser': end
[00:36:40.698] [bmv2] [D] [thread 91747] [72.0] [cxt 0] Pipeline 'ingress': start
[00:36:40.698] [bmv2] [T] [thread 91747] [72.0] [cxt 0] basic.p4(560) Condition "hdr.ethernet.etherType == TYPE_ARP" (node_2) is false
[00:36:40.698] [bmv2] [T] [thread 91747] [72.0] [cxt 0] basic.p4(563) Condition "hdr.ethernet.etherType == TYPE_SRCROUTING" (node_4) is false
[00:36:40.698] [bmv2] [D] [thread 91748] [71.0] [cxt 0] Pipeline 'egress': start
[00:36:40.698] [bmv2] [T] [thread 91748] [71.0] [cxt 0] basic.p4(684) Condition "standard_metadata.mcast_grp != 0" (node_28) is false
[00:36:40.698] [bmv2] [D] [thread 91748] [71.0] [cxt 0] Pipeline 'egress': end
[00:36:40.698] [bmv2] [D] [thread 91748] [71.0] [cxt 0] Deparser 'deparser': start
[00:36:40.698] [bmv2] [T] [thread 91748] [71.0] [cxt 0] Skipping checksum 'cksum' update because condition not met
[00:36:40.698] [bmv2] [D] [thread 91748] [71.0] [cxt 0] Deparsing header 'ethernet'
[00:36:40.698] [bmv2] [D] [thread 91748] [71.0] [cxt 0] Deparsing header 'ipv6'
[00:36:40.698] [bmv2] [D] [thread 91748] [71.0] [cxt 0] Deparser 'deparser': end
[00:36:40.698] [bmv2] [T] [thread 91747] [72.0] [cxt 0] basic.p4(576) Condition "hdr.ethernet.etherType == TYPE_YEQUDESU" (node_12) is false
[00:36:40.698] [bmv2] [T] [thread 91747] [72.0] [cxt 0] basic.p4(582) Condition "hdr.vxlan.isValid()" (node_15) is false
[00:36:40.698] [bmv2] [T] [thread 91747] [72.0] [cxt 0] basic.p4(586) Condition "hdr.ipv6.isValid()" (node_17) is true
[00:36:40.698] [bmv2] [T] [thread 91747] [72.0] [cxt 0] Applying table 'MyIngress.ipv6_lpm'
[00:36:40.698] [bmv2] [D] [thread 91747] [72.0] [cxt 0] Looking up key:
* hdr.ipv6.dstAddr    : ff0200000000000000000000000000fb

[00:36:40.698] [bmv2] [D] [thread 91747] [72.0] [cxt 0] Table 'MyIngress.ipv6_lpm': miss
[00:36:40.698] [bmv2] [D] [thread 91747] [72.0] [cxt 0] Action entry is NoAction - 
[00:36:40.698] [bmv2] [T] [thread 91747] [72.0] [cxt 0] Action NoAction
[00:36:40.698] [bmv2] [D] [thread 91752] [71.0] [cxt 0] Transmitting packet of size 199 out of port 0
[00:36:40.698] [bmv2] [D] [thread 91747] [72.0] [cxt 0] Pipeline 'ingress': end
[00:36:40.698] [bmv2] [D] [thread 91747] [72.0] [cxt 0] Egress port is 0
[00:36:40.698] [bmv2] [D] [thread 91748] [72.0] [cxt 0] Pipeline 'egress': start
[00:36:40.698] [bmv2] [T] [thread 91748] [72.0] [cxt 0] basic.p4(684) Condition "standard_metadata.mcast_grp != 0" (node_28) is false
[00:36:40.698] [bmv2] [D] [thread 91748] [72.0] [cxt 0] Pipeline 'egress': end
[00:36:40.698] [bmv2] [D] [thread 91748] [72.0] [cxt 0] Deparser 'deparser': start
[00:36:40.698] [bmv2] [T] [thread 91748] [72.0] [cxt 0] Skipping checksum 'cksum' update because condition not met
[00:36:40.698] [bmv2] [D] [thread 91748] [72.0] [cxt 0] Deparsing header 'ethernet'
[00:36:40.698] [bmv2] [D] [thread 91748] [72.0] [cxt 0] Deparsing header 'ipv6'
[00:36:40.698] [bmv2] [D] [thread 91748] [72.0] [cxt 0] Deparser 'deparser': end
[00:36:40.698] [bmv2] [D] [thread 91752] [72.0] [cxt 0] Transmitting packet of size 199 out of port 0
[00:36:40.717] [bmv2] [D] [thread 91747] [73.0] [cxt 0] Processing packet received on port 2
[00:36:40.718] [bmv2] [D] [thread 91747] [73.0] [cxt 0] Parser 'parser': start
[00:36:40.718] [bmv2] [D] [thread 91747] [73.0] [cxt 0] Parser 'parser' entering state 'start'
[00:36:40.718] [bmv2] [D] [thread 91747] [73.0] [cxt 0] Extracting header 'ethernet'
[00:36:40.718] [bmv2] [D] [thread 91747] [73.0] [cxt 0] Parser state 'start': key is 86dd
[00:36:40.718] [bmv2] [T] [thread 91747] [73.0] [cxt 0] Bytes parsed: 14
[00:36:40.718] [bmv2] [D] [thread 91747] [73.0] [cxt 0] Parser 'parser' entering state 'parse_ipv6'
[00:36:40.718] [bmv2] [D] [thread 91747] [73.0] [cxt 0] Extracting header 'ipv6'
[00:36:40.718] [bmv2] [D] [thread 91747] [73.0] [cxt 0] Parser state 'parse_ipv6': key is 00
[00:36:40.718] [bmv2] [T] [thread 91747] [73.0] [cxt 0] Bytes parsed: 54
[00:36:40.718] [bmv2] [D] [thread 91747] [73.0] [cxt 0] Parser 'parser': end
[00:36:40.718] [bmv2] [D] [thread 91747] [73.0] [cxt 0] Pipeline 'ingress': start
[00:36:40.718] [bmv2] [T] [thread 91747] [73.0] [cxt 0] basic.p4(560) Condition "hdr.ethernet.etherType == TYPE_ARP" (node_2) is false
[00:36:40.718] [bmv2] [T] [thread 91747] [73.0] [cxt 0] basic.p4(563) Condition "hdr.ethernet.etherType == TYPE_SRCROUTING" (node_4) is false
[00:36:40.718] [bmv2] [T] [thread 91747] [73.0] [cxt 0] basic.p4(576) Condition "hdr.ethernet.etherType == TYPE_YEQUDESU" (node_12) is false
[00:36:40.718] [bmv2] [T] [thread 91747] [73.0] [cxt 0] basic.p4(582) Condition "hdr.vxlan.isValid()" (node_15) is false
[00:36:40.718] [bmv2] [T] [thread 91747] [73.0] [cxt 0] basic.p4(586) Condition "hdr.ipv6.isValid()" (node_17) is true
[00:36:40.718] [bmv2] [T] [thread 91747] [73.0] [cxt 0] Applying table 'MyIngress.ipv6_lpm'
[00:36:40.718] [bmv2] [D] [thread 91747] [73.0] [cxt 0] Looking up key:
* hdr.ipv6.dstAddr    : ff020000000000000000000000000016

[00:36:40.718] [bmv2] [D] [thread 91747] [73.0] [cxt 0] Table 'MyIngress.ipv6_lpm': miss
[00:36:40.718] [bmv2] [D] [thread 91747] [73.0] [cxt 0] Action entry is NoAction - 
[00:36:40.718] [bmv2] [T] [thread 91747] [73.0] [cxt 0] Action NoAction
[00:36:40.718] [bmv2] [D] [thread 91747] [73.0] [cxt 0] Pipeline 'ingress': end
[00:36:40.718] [bmv2] [D] [thread 91747] [73.0] [cxt 0] Egress port is 0
[00:36:40.718] [bmv2] [D] [thread 91747] [74.0] [cxt 0] Processing packet received on port 5
[00:36:40.718] [bmv2] [D] [thread 91747] [74.0] [cxt 0] Parser 'parser': start
[00:36:40.718] [bmv2] [D] [thread 91747] [74.0] [cxt 0] Parser 'parser' entering state 'start'
[00:36:40.718] [bmv2] [D] [thread 91747] [74.0] [cxt 0] Extracting header 'ethernet'
[00:36:40.718] [bmv2] [D] [thread 91747] [74.0] [cxt 0] Parser state 'start': key is 86dd
[00:36:40.718] [bmv2] [T] [thread 91747] [74.0] [cxt 0] Bytes parsed: 14
[00:36:40.718] [bmv2] [D] [thread 91747] [74.0] [cxt 0] Parser 'parser' entering state 'parse_ipv6'
[00:36:40.718] [bmv2] [D] [thread 91747] [74.0] [cxt 0] Extracting header 'ipv6'
[00:36:40.718] [bmv2] [D] [thread 91747] [74.0] [cxt 0] Parser state 'parse_ipv6': key is 00
[00:36:40.718] [bmv2] [T] [thread 91747] [74.0] [cxt 0] Bytes parsed: 54
[00:36:40.718] [bmv2] [D] [thread 91747] [74.0] [cxt 0] Parser 'parser': end
[00:36:40.718] [bmv2] [D] [thread 91747] [74.0] [cxt 0] Pipeline 'ingress': start
[00:36:40.718] [bmv2] [T] [thread 91747] [74.0] [cxt 0] basic.p4(560) Condition "hdr.ethernet.etherType == TYPE_ARP" (node_2) is false
[00:36:40.718] [bmv2] [T] [thread 91747] [74.0] [cxt 0] basic.p4(563) Condition "hdr.ethernet.etherType == TYPE_SRCROUTING" (node_4) is false
[00:36:40.718] [bmv2] [T] [thread 91747] [74.0] [cxt 0] basic.p4(576) Condition "hdr.ethernet.etherType == TYPE_YEQUDESU" (node_12) is false
[00:36:40.718] [bmv2] [T] [thread 91747] [74.0] [cxt 0] basic.p4(582) Condition "hdr.vxlan.isValid()" (node_15) is false
[00:36:40.718] [bmv2] [T] [thread 91747] [74.0] [cxt 0] basic.p4(586) Condition "hdr.ipv6.isValid()" (node_17) is true
[00:36:40.718] [bmv2] [T] [thread 91747] [74.0] [cxt 0] Applying table 'MyIngress.ipv6_lpm'
[00:36:40.718] [bmv2] [D] [thread 91747] [74.0] [cxt 0] Looking up key:
* hdr.ipv6.dstAddr    : ff020000000000000000000000000016

[00:36:40.718] [bmv2] [D] [thread 91747] [74.0] [cxt 0] Table 'MyIngress.ipv6_lpm': miss
[00:36:40.718] [bmv2] [D] [thread 91747] [74.0] [cxt 0] Action entry is NoAction - 
[00:36:40.718] [bmv2] [T] [thread 91747] [74.0] [cxt 0] Action NoAction
[00:36:40.718] [bmv2] [D] [thread 91747] [74.0] [cxt 0] Pipeline 'ingress': end
[00:36:40.718] [bmv2] [D] [thread 91747] [74.0] [cxt 0] Egress port is 0
[00:36:40.718] [bmv2] [D] [thread 91748] [73.0] [cxt 0] Pipeline 'egress': start
[00:36:40.718] [bmv2] [T] [thread 91748] [73.0] [cxt 0] basic.p4(684) Condition "standard_metadata.mcast_grp != 0" (node_28) is false
[00:36:40.718] [bmv2] [D] [thread 91748] [73.0] [cxt 0] Pipeline 'egress': end
[00:36:40.718] [bmv2] [D] [thread 91748] [73.0] [cxt 0] Deparser 'deparser': start
[00:36:40.718] [bmv2] [T] [thread 91748] [73.0] [cxt 0] Skipping checksum 'cksum' update because condition not met
[00:36:40.718] [bmv2] [D] [thread 91748] [73.0] [cxt 0] Deparsing header 'ethernet'
[00:36:40.718] [bmv2] [D] [thread 91748] [73.0] [cxt 0] Deparsing header 'ipv6'
[00:36:40.718] [bmv2] [D] [thread 91748] [73.0] [cxt 0] Deparser 'deparser': end
[00:36:40.718] [bmv2] [D] [thread 91748] [74.0] [cxt 0] Pipeline 'egress': start
[00:36:40.718] [bmv2] [T] [thread 91748] [74.0] [cxt 0] basic.p4(684) Condition "standard_metadata.mcast_grp != 0" (node_28) is false
[00:36:40.718] [bmv2] [D] [thread 91752] [73.0] [cxt 0] Transmitting packet of size 90 out of port 0
[00:36:40.718] [bmv2] [D] [thread 91748] [74.0] [cxt 0] Pipeline 'egress': end
[00:36:40.718] [bmv2] [D] [thread 91748] [74.0] [cxt 0] Deparser 'deparser': start
[00:36:40.718] [bmv2] [T] [thread 91748] [74.0] [cxt 0] Skipping checksum 'cksum' update because condition not met
[00:36:40.718] [bmv2] [D] [thread 91748] [74.0] [cxt 0] Deparsing header 'ethernet'
[00:36:40.718] [bmv2] [D] [thread 91748] [74.0] [cxt 0] Deparsing header 'ipv6'
[00:36:40.718] [bmv2] [D] [thread 91748] [74.0] [cxt 0] Deparser 'deparser': end
[00:36:40.718] [bmv2] [D] [thread 91752] [74.0] [cxt 0] Transmitting packet of size 90 out of port 0
[00:36:40.754] [bmv2] [D] [thread 91747] [75.0] [cxt 0] Processing packet received on port 2
[00:36:40.754] [bmv2] [D] [thread 91747] [75.0] [cxt 0] Parser 'parser': start
[00:36:40.754] [bmv2] [D] [thread 91747] [75.0] [cxt 0] Parser 'parser' entering state 'start'
[00:36:40.754] [bmv2] [D] [thread 91747] [75.0] [cxt 0] Extracting header 'ethernet'
[00:36:40.754] [bmv2] [D] [thread 91747] [75.0] [cxt 0] Parser state 'start': key is 86dd
[00:36:40.754] [bmv2] [T] [thread 91747] [75.0] [cxt 0] Bytes parsed: 14
[00:36:40.754] [bmv2] [D] [thread 91747] [75.0] [cxt 0] Parser 'parser' entering state 'parse_ipv6'
[00:36:40.754] [bmv2] [D] [thread 91747] [75.0] [cxt 0] Extracting header 'ipv6'
[00:36:40.754] [bmv2] [D] [thread 91747] [75.0] [cxt 0] Parser state 'parse_ipv6': key is 11
[00:36:40.754] [bmv2] [T] [thread 91747] [75.0] [cxt 0] Bytes parsed: 54
[00:36:40.754] [bmv2] [D] [thread 91747] [75.0] [cxt 0] Parser 'parser': end
[00:36:40.754] [bmv2] [D] [thread 91747] [75.0] [cxt 0] Pipeline 'ingress': start
[00:36:40.754] [bmv2] [T] [thread 91747] [75.0] [cxt 0] basic.p4(560) Condition "hdr.ethernet.etherType == TYPE_ARP" (node_2) is false
[00:36:40.754] [bmv2] [T] [thread 91747] [75.0] [cxt 0] basic.p4(563) Condition "hdr.ethernet.etherType == TYPE_SRCROUTING" (node_4) is false
[00:36:40.754] [bmv2] [T] [thread 91747] [75.0] [cxt 0] basic.p4(576) Condition "hdr.ethernet.etherType == TYPE_YEQUDESU" (node_12) is false
[00:36:40.754] [bmv2] [T] [thread 91747] [75.0] [cxt 0] basic.p4(582) Condition "hdr.vxlan.isValid()" (node_15) is false
[00:36:40.754] [bmv2] [T] [thread 91747] [75.0] [cxt 0] basic.p4(586) Condition "hdr.ipv6.isValid()" (node_17) is true
[00:36:40.754] [bmv2] [T] [thread 91747] [75.0] [cxt 0] Applying table 'MyIngress.ipv6_lpm'
[00:36:40.755] [bmv2] [D] [thread 91747] [75.0] [cxt 0] Looking up key:
* hdr.ipv6.dstAddr    : ff0200000000000000000000000000fb

[00:36:40.755] [bmv2] [D] [thread 91747] [75.0] [cxt 0] Table 'MyIngress.ipv6_lpm': miss
[00:36:40.755] [bmv2] [D] [thread 91747] [75.0] [cxt 0] Action entry is NoAction - 
[00:36:40.755] [bmv2] [T] [thread 91747] [75.0] [cxt 0] Action NoAction
[00:36:40.755] [bmv2] [D] [thread 91747] [75.0] [cxt 0] Pipeline 'ingress': end
[00:36:40.755] [bmv2] [D] [thread 91747] [75.0] [cxt 0] Egress port is 0
[00:36:40.755] [bmv2] [D] [thread 91748] [75.0] [cxt 0] Pipeline 'egress': start
[00:36:40.755] [bmv2] [T] [thread 91748] [75.0] [cxt 0] basic.p4(684) Condition "standard_metadata.mcast_grp != 0" (node_28) is false
[00:36:40.755] [bmv2] [D] [thread 91748] [75.0] [cxt 0] Pipeline 'egress': end
[00:36:40.755] [bmv2] [D] [thread 91748] [75.0] [cxt 0] Deparser 'deparser': start
[00:36:40.755] [bmv2] [T] [thread 91748] [75.0] [cxt 0] Skipping checksum 'cksum' update because condition not met
[00:36:40.755] [bmv2] [D] [thread 91748] [75.0] [cxt 0] Deparsing header 'ethernet'
[00:36:40.755] [bmv2] [D] [thread 91748] [75.0] [cxt 0] Deparsing header 'ipv6'
[00:36:40.755] [bmv2] [D] [thread 91748] [75.0] [cxt 0] Deparser 'deparser': end
[00:36:40.755] [bmv2] [D] [thread 91752] [75.0] [cxt 0] Transmitting packet of size 211 out of port 0
[00:36:40.759] [bmv2] [D] [thread 91747] [76.0] [cxt 0] Processing packet received on port 4
[00:36:40.759] [bmv2] [D] [thread 91747] [76.0] [cxt 0] Parser 'parser': start
[00:36:40.759] [bmv2] [D] [thread 91747] [76.0] [cxt 0] Parser 'parser' entering state 'start'
[00:36:40.759] [bmv2] [D] [thread 91747] [76.0] [cxt 0] Extracting header 'ethernet'
[00:36:40.759] [bmv2] [D] [thread 91747] [76.0] [cxt 0] Parser state 'start': key is 86dd
[00:36:40.759] [bmv2] [T] [thread 91747] [76.0] [cxt 0] Bytes parsed: 14
[00:36:40.759] [bmv2] [D] [thread 91747] [76.0] [cxt 0] Parser 'parser' entering state 'parse_ipv6'
[00:36:40.759] [bmv2] [D] [thread 91747] [76.0] [cxt 0] Extracting header 'ipv6'
[00:36:40.759] [bmv2] [D] [thread 91747] [76.0] [cxt 0] Parser state 'parse_ipv6': key is 11
[00:36:40.759] [bmv2] [T] [thread 91747] [76.0] [cxt 0] Bytes parsed: 54
[00:36:40.759] [bmv2] [D] [thread 91747] [76.0] [cxt 0] Parser 'parser': end
[00:36:40.759] [bmv2] [D] [thread 91747] [76.0] [cxt 0] Pipeline 'ingress': start
[00:36:40.759] [bmv2] [T] [thread 91747] [76.0] [cxt 0] basic.p4(560) Condition "hdr.ethernet.etherType == TYPE_ARP" (node_2) is false
[00:36:40.759] [bmv2] [T] [thread 91747] [76.0] [cxt 0] basic.p4(563) Condition "hdr.ethernet.etherType == TYPE_SRCROUTING" (node_4) is false
[00:36:40.759] [bmv2] [T] [thread 91747] [76.0] [cxt 0] basic.p4(576) Condition "hdr.ethernet.etherType == TYPE_YEQUDESU" (node_12) is false
[00:36:40.759] [bmv2] [T] [thread 91747] [76.0] [cxt 0] basic.p4(582) Condition "hdr.vxlan.isValid()" (node_15) is false
[00:36:40.759] [bmv2] [T] [thread 91747] [76.0] [cxt 0] basic.p4(586) Condition "hdr.ipv6.isValid()" (node_17) is true
[00:36:40.759] [bmv2] [T] [thread 91747] [76.0] [cxt 0] Applying table 'MyIngress.ipv6_lpm'
[00:36:40.759] [bmv2] [D] [thread 91747] [76.0] [cxt 0] Looking up key:
* hdr.ipv6.dstAddr    : ff0200000000000000000000000000fb

[00:36:40.759] [bmv2] [D] [thread 91747] [76.0] [cxt 0] Table 'MyIngress.ipv6_lpm': miss
[00:36:40.759] [bmv2] [D] [thread 91747] [76.0] [cxt 0] Action entry is NoAction - 
[00:36:40.759] [bmv2] [T] [thread 91747] [76.0] [cxt 0] Action NoAction
[00:36:40.759] [bmv2] [D] [thread 91747] [76.0] [cxt 0] Pipeline 'ingress': end
[00:36:40.759] [bmv2] [D] [thread 91747] [76.0] [cxt 0] Egress port is 0
[00:36:40.759] [bmv2] [D] [thread 91748] [76.0] [cxt 0] Pipeline 'egress': start
[00:36:40.759] [bmv2] [T] [thread 91748] [76.0] [cxt 0] basic.p4(684) Condition "standard_metadata.mcast_grp != 0" (node_28) is false
[00:36:40.759] [bmv2] [D] [thread 91748] [76.0] [cxt 0] Pipeline 'egress': end
[00:36:40.759] [bmv2] [D] [thread 91748] [76.0] [cxt 0] Deparser 'deparser': start
[00:36:40.759] [bmv2] [T] [thread 91748] [76.0] [cxt 0] Skipping checksum 'cksum' update because condition not met
[00:36:40.759] [bmv2] [D] [thread 91748] [76.0] [cxt 0] Deparsing header 'ethernet'
[00:36:40.759] [bmv2] [D] [thread 91748] [76.0] [cxt 0] Deparsing header 'ipv6'
[00:36:40.759] [bmv2] [D] [thread 91748] [76.0] [cxt 0] Deparser 'deparser': end
[00:36:40.759] [bmv2] [D] [thread 91752] [76.0] [cxt 0] Transmitting packet of size 211 out of port 0
[00:36:40.823] [bmv2] [D] [thread 91747] [77.0] [cxt 0] Processing packet received on port 1
[00:36:40.823] [bmv2] [D] [thread 91747] [77.0] [cxt 0] Parser 'parser': start
[00:36:40.823] [bmv2] [D] [thread 91747] [77.0] [cxt 0] Parser 'parser' entering state 'start'
[00:36:40.823] [bmv2] [D] [thread 91747] [77.0] [cxt 0] Extracting header 'ethernet'
[00:36:40.823] [bmv2] [D] [thread 91747] [77.0] [cxt 0] Parser state 'start': key is 86dd
[00:36:40.823] [bmv2] [T] [thread 91747] [77.0] [cxt 0] Bytes parsed: 14
[00:36:40.823] [bmv2] [D] [thread 91747] [77.0] [cxt 0] Parser 'parser' entering state 'parse_ipv6'
[00:36:40.823] [bmv2] [D] [thread 91747] [77.0] [cxt 0] Extracting header 'ipv6'
[00:36:40.823] [bmv2] [D] [thread 91747] [77.0] [cxt 0] Parser state 'parse_ipv6': key is 11
[00:36:40.823] [bmv2] [T] [thread 91747] [77.0] [cxt 0] Bytes parsed: 54
[00:36:40.823] [bmv2] [D] [thread 91747] [77.0] [cxt 0] Parser 'parser': end
[00:36:40.823] [bmv2] [D] [thread 91747] [77.0] [cxt 0] Pipeline 'ingress': start
[00:36:40.823] [bmv2] [T] [thread 91747] [77.0] [cxt 0] basic.p4(560) Condition "hdr.ethernet.etherType == TYPE_ARP" (node_2) is false
[00:36:40.823] [bmv2] [T] [thread 91747] [77.0] [cxt 0] basic.p4(563) Condition "hdr.ethernet.etherType == TYPE_SRCROUTING" (node_4) is false
[00:36:40.823] [bmv2] [T] [thread 91747] [77.0] [cxt 0] basic.p4(576) Condition "hdr.ethernet.etherType == TYPE_YEQUDESU" (node_12) is false
[00:36:40.823] [bmv2] [T] [thread 91747] [77.0] [cxt 0] basic.p4(582) Condition "hdr.vxlan.isValid()" (node_15) is false
[00:36:40.823] [bmv2] [T] [thread 91747] [77.0] [cxt 0] basic.p4(586) Condition "hdr.ipv6.isValid()" (node_17) is true
[00:36:40.823] [bmv2] [T] [thread 91747] [77.0] [cxt 0] Applying table 'MyIngress.ipv6_lpm'
[00:36:40.823] [bmv2] [D] [thread 91747] [77.0] [cxt 0] Looking up key:
* hdr.ipv6.dstAddr    : ff0200000000000000000000000000fb

[00:36:40.823] [bmv2] [D] [thread 91747] [77.0] [cxt 0] Table 'MyIngress.ipv6_lpm': miss
[00:36:40.823] [bmv2] [D] [thread 91747] [77.0] [cxt 0] Action entry is NoAction - 
[00:36:40.823] [bmv2] [T] [thread 91747] [77.0] [cxt 0] Action NoAction
[00:36:40.823] [bmv2] [D] [thread 91747] [77.0] [cxt 0] Pipeline 'ingress': end
[00:36:40.823] [bmv2] [D] [thread 91747] [77.0] [cxt 0] Egress port is 0
[00:36:40.823] [bmv2] [D] [thread 91748] [77.0] [cxt 0] Pipeline 'egress': start
[00:36:40.823] [bmv2] [T] [thread 91748] [77.0] [cxt 0] basic.p4(684) Condition "standard_metadata.mcast_grp != 0" (node_28) is false
[00:36:40.823] [bmv2] [D] [thread 91748] [77.0] [cxt 0] Pipeline 'egress': end
[00:36:40.823] [bmv2] [D] [thread 91748] [77.0] [cxt 0] Deparser 'deparser': start
[00:36:40.823] [bmv2] [T] [thread 91748] [77.0] [cxt 0] Skipping checksum 'cksum' update because condition not met
[00:36:40.823] [bmv2] [D] [thread 91748] [77.0] [cxt 0] Deparsing header 'ethernet'
[00:36:40.823] [bmv2] [D] [thread 91748] [77.0] [cxt 0] Deparsing header 'ipv6'
[00:36:40.823] [bmv2] [D] [thread 91748] [77.0] [cxt 0] Deparser 'deparser': end
[00:36:40.823] [bmv2] [D] [thread 91752] [77.0] [cxt 0] Transmitting packet of size 211 out of port 0
[00:36:40.845] [bmv2] [D] [thread 91747] [78.0] [cxt 0] Processing packet received on port 3
[00:36:40.845] [bmv2] [D] [thread 91747] [78.0] [cxt 0] Parser 'parser': start
[00:36:40.845] [bmv2] [D] [thread 91747] [78.0] [cxt 0] Parser 'parser' entering state 'start'
[00:36:40.845] [bmv2] [D] [thread 91747] [78.0] [cxt 0] Extracting header 'ethernet'
[00:36:40.845] [bmv2] [D] [thread 91747] [78.0] [cxt 0] Parser state 'start': key is 86dd
[00:36:40.845] [bmv2] [T] [thread 91747] [78.0] [cxt 0] Bytes parsed: 14
[00:36:40.845] [bmv2] [D] [thread 91747] [78.0] [cxt 0] Parser 'parser' entering state 'parse_ipv6'
[00:36:40.845] [bmv2] [D] [thread 91747] [78.0] [cxt 0] Extracting header 'ipv6'
[00:36:40.845] [bmv2] [D] [thread 91747] [78.0] [cxt 0] Parser state 'parse_ipv6': key is 00
[00:36:40.845] [bmv2] [T] [thread 91747] [78.0] [cxt 0] Bytes parsed: 54
[00:36:40.845] [bmv2] [D] [thread 91747] [78.0] [cxt 0] Parser 'parser': end
[00:36:40.845] [bmv2] [D] [thread 91747] [78.0] [cxt 0] Pipeline 'ingress': start
[00:36:40.845] [bmv2] [T] [thread 91747] [78.0] [cxt 0] basic.p4(560) Condition "hdr.ethernet.etherType == TYPE_ARP" (node_2) is false
[00:36:40.845] [bmv2] [T] [thread 91747] [78.0] [cxt 0] basic.p4(563) Condition "hdr.ethernet.etherType == TYPE_SRCROUTING" (node_4) is false
[00:36:40.845] [bmv2] [T] [thread 91747] [78.0] [cxt 0] basic.p4(576) Condition "hdr.ethernet.etherType == TYPE_YEQUDESU" (node_12) is false
[00:36:40.845] [bmv2] [T] [thread 91747] [78.0] [cxt 0] basic.p4(582) Condition "hdr.vxlan.isValid()" (node_15) is false
[00:36:40.845] [bmv2] [T] [thread 91747] [78.0] [cxt 0] basic.p4(586) Condition "hdr.ipv6.isValid()" (node_17) is true
[00:36:40.845] [bmv2] [T] [thread 91747] [78.0] [cxt 0] Applying table 'MyIngress.ipv6_lpm'
[00:36:40.845] [bmv2] [D] [thread 91747] [78.0] [cxt 0] Looking up key:
* hdr.ipv6.dstAddr    : ff020000000000000000000000000016

[00:36:40.845] [bmv2] [D] [thread 91747] [78.0] [cxt 0] Table 'MyIngress.ipv6_lpm': miss
[00:36:40.845] [bmv2] [D] [thread 91747] [78.0] [cxt 0] Action entry is NoAction - 
[00:36:40.845] [bmv2] [T] [thread 91747] [78.0] [cxt 0] Action NoAction
[00:36:40.845] [bmv2] [D] [thread 91747] [78.0] [cxt 0] Pipeline 'ingress': end
[00:36:40.845] [bmv2] [D] [thread 91747] [78.0] [cxt 0] Egress port is 0
[00:36:40.845] [bmv2] [D] [thread 91747] [79.0] [cxt 0] Processing packet received on port 2
[00:36:40.845] [bmv2] [D] [thread 91747] [79.0] [cxt 0] Parser 'parser': start
[00:36:40.845] [bmv2] [D] [thread 91747] [79.0] [cxt 0] Parser 'parser' entering state 'start'
[00:36:40.845] [bmv2] [D] [thread 91747] [79.0] [cxt 0] Extracting header 'ethernet'
[00:36:40.845] [bmv2] [D] [thread 91747] [79.0] [cxt 0] Parser state 'start': key is 86dd
[00:36:40.845] [bmv2] [T] [thread 91747] [79.0] [cxt 0] Bytes parsed: 14
[00:36:40.845] [bmv2] [D] [thread 91747] [79.0] [cxt 0] Parser 'parser' entering state 'parse_ipv6'
[00:36:40.845] [bmv2] [D] [thread 91747] [79.0] [cxt 0] Extracting header 'ipv6'
[00:36:40.845] [bmv2] [D] [thread 91747] [79.0] [cxt 0] Parser state 'parse_ipv6': key is 00
[00:36:40.845] [bmv2] [T] [thread 91747] [79.0] [cxt 0] Bytes parsed: 54
[00:36:40.845] [bmv2] [D] [thread 91747] [79.0] [cxt 0] Parser 'parser': end
[00:36:40.845] [bmv2] [D] [thread 91747] [79.0] [cxt 0] Pipeline 'ingress': start
[00:36:40.845] [bmv2] [T] [thread 91747] [79.0] [cxt 0] basic.p4(560) Condition "hdr.ethernet.etherType == TYPE_ARP" (node_2) is false
[00:36:40.845] [bmv2] [T] [thread 91747] [79.0] [cxt 0] basic.p4(563) Condition "hdr.ethernet.etherType == TYPE_SRCROUTING" (node_4) is false
[00:36:40.845] [bmv2] [T] [thread 91747] [79.0] [cxt 0] basic.p4(576) Condition "hdr.ethernet.etherType == TYPE_YEQUDESU" (node_12) is false
[00:36:40.845] [bmv2] [T] [thread 91747] [79.0] [cxt 0] basic.p4(582) Condition "hdr.vxlan.isValid()" (node_15) is false
[00:36:40.846] [bmv2] [T] [thread 91747] [79.0] [cxt 0] basic.p4(586) Condition "hdr.ipv6.isValid()" (node_17) is true
[00:36:40.846] [bmv2] [T] [thread 91747] [79.0] [cxt 0] Applying table 'MyIngress.ipv6_lpm'
[00:36:40.846] [bmv2] [D] [thread 91747] [79.0] [cxt 0] Looking up key:
* hdr.ipv6.dstAddr    : ff020000000000000000000000000016

[00:36:40.846] [bmv2] [D] [thread 91747] [79.0] [cxt 0] Table 'MyIngress.ipv6_lpm': miss
[00:36:40.846] [bmv2] [D] [thread 91747] [79.0] [cxt 0] Action entry is NoAction - 
[00:36:40.846] [bmv2] [T] [thread 91747] [79.0] [cxt 0] Action NoAction
[00:36:40.846] [bmv2] [D] [thread 91747] [79.0] [cxt 0] Pipeline 'ingress': end
[00:36:40.846] [bmv2] [D] [thread 91747] [79.0] [cxt 0] Egress port is 0
[00:36:40.845] [bmv2] [D] [thread 91748] [78.0] [cxt 0] Pipeline 'egress': start
[00:36:40.846] [bmv2] [T] [thread 91748] [78.0] [cxt 0] basic.p4(684) Condition "standard_metadata.mcast_grp != 0" (node_28) is false
[00:36:40.846] [bmv2] [D] [thread 91748] [78.0] [cxt 0] Pipeline 'egress': end
[00:36:40.846] [bmv2] [D] [thread 91748] [78.0] [cxt 0] Deparser 'deparser': start
[00:36:40.846] [bmv2] [T] [thread 91748] [78.0] [cxt 0] Skipping checksum 'cksum' update because condition not met
[00:36:40.846] [bmv2] [D] [thread 91748] [78.0] [cxt 0] Deparsing header 'ethernet'
[00:36:40.846] [bmv2] [D] [thread 91748] [78.0] [cxt 0] Deparsing header 'ipv6'
[00:36:40.846] [bmv2] [D] [thread 91748] [78.0] [cxt 0] Deparser 'deparser': end
[00:36:40.846] [bmv2] [D] [thread 91748] [79.0] [cxt 0] Pipeline 'egress': start
[00:36:40.846] [bmv2] [T] [thread 91748] [79.0] [cxt 0] basic.p4(684) Condition "standard_metadata.mcast_grp != 0" (node_28) is false
[00:36:40.846] [bmv2] [D] [thread 91748] [79.0] [cxt 0] Pipeline 'egress': end
[00:36:40.846] [bmv2] [D] [thread 91748] [79.0] [cxt 0] Deparser 'deparser': start
[00:36:40.846] [bmv2] [T] [thread 91748] [79.0] [cxt 0] Skipping checksum 'cksum' update because condition not met
[00:36:40.846] [bmv2] [D] [thread 91748] [79.0] [cxt 0] Deparsing header 'ethernet'
[00:36:40.846] [bmv2] [D] [thread 91748] [79.0] [cxt 0] Deparsing header 'ipv6'
[00:36:40.846] [bmv2] [D] [thread 91748] [79.0] [cxt 0] Deparser 'deparser': end
[00:36:40.846] [bmv2] [D] [thread 91752] [78.0] [cxt 0] Transmitting packet of size 90 out of port 0
[00:36:40.846] [bmv2] [D] [thread 91752] [79.0] [cxt 0] Transmitting packet of size 110 out of port 0
[00:36:40.860] [bmv2] [D] [thread 91747] [80.0] [cxt 0] Processing packet received on port 2
[00:36:40.860] [bmv2] [D] [thread 91747] [80.0] [cxt 0] Parser 'parser': start
[00:36:40.860] [bmv2] [D] [thread 91747] [80.0] [cxt 0] Parser 'parser' entering state 'start'
[00:36:40.860] [bmv2] [D] [thread 91747] [80.0] [cxt 0] Extracting header 'ethernet'
[00:36:40.860] [bmv2] [D] [thread 91747] [80.0] [cxt 0] Parser state 'start': key is 86dd
[00:36:40.860] [bmv2] [T] [thread 91747] [80.0] [cxt 0] Bytes parsed: 14
[00:36:40.860] [bmv2] [D] [thread 91747] [80.0] [cxt 0] Parser 'parser' entering state 'parse_ipv6'
[00:36:40.860] [bmv2] [D] [thread 91747] [80.0] [cxt 0] Extracting header 'ipv6'
[00:36:40.860] [bmv2] [D] [thread 91747] [80.0] [cxt 0] Parser state 'parse_ipv6': key is 11
[00:36:40.860] [bmv2] [T] [thread 91747] [80.0] [cxt 0] Bytes parsed: 54
[00:36:40.860] [bmv2] [D] [thread 91747] [80.0] [cxt 0] Parser 'parser': end
[00:36:40.860] [bmv2] [D] [thread 91747] [80.0] [cxt 0] Pipeline 'ingress': start
[00:36:40.860] [bmv2] [T] [thread 91747] [80.0] [cxt 0] basic.p4(560) Condition "hdr.ethernet.etherType == TYPE_ARP" (node_2) is false
[00:36:40.860] [bmv2] [T] [thread 91747] [80.0] [cxt 0] basic.p4(563) Condition "hdr.ethernet.etherType == TYPE_SRCROUTING" (node_4) is false
[00:36:40.860] [bmv2] [T] [thread 91747] [80.0] [cxt 0] basic.p4(576) Condition "hdr.ethernet.etherType == TYPE_YEQUDESU" (node_12) is false
[00:36:40.860] [bmv2] [T] [thread 91747] [80.0] [cxt 0] basic.p4(582) Condition "hdr.vxlan.isValid()" (node_15) is false
[00:36:40.860] [bmv2] [T] [thread 91747] [80.0] [cxt 0] basic.p4(586) Condition "hdr.ipv6.isValid()" (node_17) is true
[00:36:40.860] [bmv2] [T] [thread 91747] [80.0] [cxt 0] Applying table 'MyIngress.ipv6_lpm'
[00:36:40.860] [bmv2] [D] [thread 91747] [80.0] [cxt 0] Looking up key:
* hdr.ipv6.dstAddr    : ff0200000000000000000000000000fb

[00:36:40.860] [bmv2] [D] [thread 91747] [80.0] [cxt 0] Table 'MyIngress.ipv6_lpm': miss
[00:36:40.860] [bmv2] [D] [thread 91747] [80.0] [cxt 0] Action entry is NoAction - 
[00:36:40.860] [bmv2] [T] [thread 91747] [80.0] [cxt 0] Action NoAction
[00:36:40.860] [bmv2] [D] [thread 91747] [80.0] [cxt 0] Pipeline 'ingress': end
[00:36:40.860] [bmv2] [D] [thread 91747] [80.0] [cxt 0] Egress port is 0
[00:36:40.861] [bmv2] [D] [thread 91748] [80.0] [cxt 0] Pipeline 'egress': start
[00:36:40.861] [bmv2] [T] [thread 91748] [80.0] [cxt 0] basic.p4(684) Condition "standard_metadata.mcast_grp != 0" (node_28) is false
[00:36:40.861] [bmv2] [D] [thread 91748] [80.0] [cxt 0] Pipeline 'egress': end
[00:36:40.861] [bmv2] [D] [thread 91748] [80.0] [cxt 0] Deparser 'deparser': start
[00:36:40.861] [bmv2] [T] [thread 91748] [80.0] [cxt 0] Skipping checksum 'cksum' update because condition not met
[00:36:40.861] [bmv2] [D] [thread 91748] [80.0] [cxt 0] Deparsing header 'ethernet'
[00:36:40.861] [bmv2] [D] [thread 91748] [80.0] [cxt 0] Deparsing header 'ipv6'
[00:36:40.861] [bmv2] [D] [thread 91748] [80.0] [cxt 0] Deparser 'deparser': end
[00:36:40.861] [bmv2] [D] [thread 91752] [80.0] [cxt 0] Transmitting packet of size 203 out of port 0
[00:36:40.889] [bmv2] [D] [thread 91747] [81.0] [cxt 0] Processing packet received on port 3
[00:36:40.889] [bmv2] [D] [thread 91747] [81.0] [cxt 0] Parser 'parser': start
[00:36:40.889] [bmv2] [D] [thread 91747] [81.0] [cxt 0] Parser 'parser' entering state 'start'
[00:36:40.889] [bmv2] [D] [thread 91747] [81.0] [cxt 0] Extracting header 'ethernet'
[00:36:40.889] [bmv2] [D] [thread 91747] [81.0] [cxt 0] Parser state 'start': key is 86dd
[00:36:40.889] [bmv2] [T] [thread 91747] [81.0] [cxt 0] Bytes parsed: 14
[00:36:40.889] [bmv2] [D] [thread 91747] [81.0] [cxt 0] Parser 'parser' entering state 'parse_ipv6'
[00:36:40.889] [bmv2] [D] [thread 91747] [81.0] [cxt 0] Extracting header 'ipv6'
[00:36:40.889] [bmv2] [D] [thread 91747] [81.0] [cxt 0] Parser state 'parse_ipv6': key is 11
[00:36:40.889] [bmv2] [T] [thread 91747] [81.0] [cxt 0] Bytes parsed: 54
[00:36:40.889] [bmv2] [D] [thread 91747] [81.0] [cxt 0] Parser 'parser': end
[00:36:40.889] [bmv2] [D] [thread 91747] [81.0] [cxt 0] Pipeline 'ingress': start
[00:36:40.889] [bmv2] [T] [thread 91747] [81.0] [cxt 0] basic.p4(560) Condition "hdr.ethernet.etherType == TYPE_ARP" (node_2) is false
[00:36:40.889] [bmv2] [T] [thread 91747] [81.0] [cxt 0] basic.p4(563) Condition "hdr.ethernet.etherType == TYPE_SRCROUTING" (node_4) is false
[00:36:40.889] [bmv2] [T] [thread 91747] [81.0] [cxt 0] basic.p4(576) Condition "hdr.ethernet.etherType == TYPE_YEQUDESU" (node_12) is false
[00:36:40.889] [bmv2] [T] [thread 91747] [81.0] [cxt 0] basic.p4(582) Condition "hdr.vxlan.isValid()" (node_15) is false
[00:36:40.889] [bmv2] [T] [thread 91747] [81.0] [cxt 0] basic.p4(586) Condition "hdr.ipv6.isValid()" (node_17) is true
[00:36:40.889] [bmv2] [T] [thread 91747] [81.0] [cxt 0] Applying table 'MyIngress.ipv6_lpm'
[00:36:40.889] [bmv2] [D] [thread 91747] [81.0] [cxt 0] Looking up key:
* hdr.ipv6.dstAddr    : ff0200000000000000000000000000fb

[00:36:40.889] [bmv2] [D] [thread 91747] [81.0] [cxt 0] Table 'MyIngress.ipv6_lpm': miss
[00:36:40.889] [bmv2] [D] [thread 91747] [81.0] [cxt 0] Action entry is NoAction - 
[00:36:40.889] [bmv2] [T] [thread 91747] [81.0] [cxt 0] Action NoAction
[00:36:40.889] [bmv2] [D] [thread 91747] [81.0] [cxt 0] Pipeline 'ingress': end
[00:36:40.889] [bmv2] [D] [thread 91747] [81.0] [cxt 0] Egress port is 0
[00:36:40.890] [bmv2] [D] [thread 91748] [81.0] [cxt 0] Pipeline 'egress': start
[00:36:40.890] [bmv2] [T] [thread 91748] [81.0] [cxt 0] basic.p4(684) Condition "standard_metadata.mcast_grp != 0" (node_28) is false
[00:36:40.890] [bmv2] [D] [thread 91748] [81.0] [cxt 0] Pipeline 'egress': end
[00:36:40.890] [bmv2] [D] [thread 91748] [81.0] [cxt 0] Deparser 'deparser': start
[00:36:40.890] [bmv2] [T] [thread 91748] [81.0] [cxt 0] Skipping checksum 'cksum' update because condition not met
[00:36:40.890] [bmv2] [D] [thread 91748] [81.0] [cxt 0] Deparsing header 'ethernet'
[00:36:40.890] [bmv2] [D] [thread 91748] [81.0] [cxt 0] Deparsing header 'ipv6'
[00:36:40.890] [bmv2] [D] [thread 91748] [81.0] [cxt 0] Deparser 'deparser': end
[00:36:40.890] [bmv2] [D] [thread 91752] [81.0] [cxt 0] Transmitting packet of size 211 out of port 0
[00:36:40.924] [bmv2] [D] [thread 91747] [82.0] [cxt 0] Processing packet received on port 3
[00:36:40.924] [bmv2] [D] [thread 91747] [82.0] [cxt 0] Parser 'parser': start
[00:36:40.924] [bmv2] [D] [thread 91747] [82.0] [cxt 0] Parser 'parser' entering state 'start'
[00:36:40.924] [bmv2] [D] [thread 91747] [82.0] [cxt 0] Extracting header 'ethernet'
[00:36:40.924] [bmv2] [D] [thread 91747] [82.0] [cxt 0] Parser state 'start': key is 86dd
[00:36:40.924] [bmv2] [T] [thread 91747] [82.0] [cxt 0] Bytes parsed: 14
[00:36:40.924] [bmv2] [D] [thread 91747] [82.0] [cxt 0] Parser 'parser' entering state 'parse_ipv6'
[00:36:40.924] [bmv2] [D] [thread 91747] [82.0] [cxt 0] Extracting header 'ipv6'
[00:36:40.924] [bmv2] [D] [thread 91747] [82.0] [cxt 0] Parser state 'parse_ipv6': key is 11
[00:36:40.924] [bmv2] [T] [thread 91747] [82.0] [cxt 0] Bytes parsed: 54
[00:36:40.924] [bmv2] [D] [thread 91747] [82.0] [cxt 0] Parser 'parser': end
[00:36:40.924] [bmv2] [D] [thread 91747] [82.0] [cxt 0] Pipeline 'ingress': start
[00:36:40.924] [bmv2] [T] [thread 91747] [82.0] [cxt 0] basic.p4(560) Condition "hdr.ethernet.etherType == TYPE_ARP" (node_2) is false
[00:36:40.924] [bmv2] [T] [thread 91747] [82.0] [cxt 0] basic.p4(563) Condition "hdr.ethernet.etherType == TYPE_SRCROUTING" (node_4) is false
[00:36:40.924] [bmv2] [T] [thread 91747] [82.0] [cxt 0] basic.p4(576) Condition "hdr.ethernet.etherType == TYPE_YEQUDESU" (node_12) is false
[00:36:40.924] [bmv2] [T] [thread 91747] [82.0] [cxt 0] basic.p4(582) Condition "hdr.vxlan.isValid()" (node_15) is false
[00:36:40.924] [bmv2] [T] [thread 91747] [82.0] [cxt 0] basic.p4(586) Condition "hdr.ipv6.isValid()" (node_17) is true
[00:36:40.924] [bmv2] [T] [thread 91747] [82.0] [cxt 0] Applying table 'MyIngress.ipv6_lpm'
[00:36:40.924] [bmv2] [D] [thread 91747] [82.0] [cxt 0] Looking up key:
* hdr.ipv6.dstAddr    : ff0200000000000000000000000000fb

[00:36:40.924] [bmv2] [D] [thread 91747] [82.0] [cxt 0] Table 'MyIngress.ipv6_lpm': miss
[00:36:40.924] [bmv2] [D] [thread 91747] [82.0] [cxt 0] Action entry is NoAction - 
[00:36:40.924] [bmv2] [T] [thread 91747] [82.0] [cxt 0] Action NoAction
[00:36:40.924] [bmv2] [D] [thread 91747] [82.0] [cxt 0] Pipeline 'ingress': end
[00:36:40.924] [bmv2] [D] [thread 91747] [82.0] [cxt 0] Egress port is 0
[00:36:40.924] [bmv2] [D] [thread 91748] [82.0] [cxt 0] Pipeline 'egress': start
[00:36:40.924] [bmv2] [T] [thread 91748] [82.0] [cxt 0] basic.p4(684) Condition "standard_metadata.mcast_grp != 0" (node_28) is false
[00:36:40.924] [bmv2] [D] [thread 91748] [82.0] [cxt 0] Pipeline 'egress': end
[00:36:40.924] [bmv2] [D] [thread 91748] [82.0] [cxt 0] Deparser 'deparser': start
[00:36:40.924] [bmv2] [T] [thread 91748] [82.0] [cxt 0] Skipping checksum 'cksum' update because condition not met
[00:36:40.924] [bmv2] [D] [thread 91748] [82.0] [cxt 0] Deparsing header 'ethernet'
[00:36:40.924] [bmv2] [D] [thread 91748] [82.0] [cxt 0] Deparsing header 'ipv6'
[00:36:40.924] [bmv2] [D] [thread 91748] [82.0] [cxt 0] Deparser 'deparser': end
[00:36:40.924] [bmv2] [D] [thread 91752] [82.0] [cxt 0] Transmitting packet of size 203 out of port 0
[00:36:40.946] [bmv2] [D] [thread 91747] [83.0] [cxt 0] Processing packet received on port 5
[00:36:40.946] [bmv2] [D] [thread 91747] [83.0] [cxt 0] Parser 'parser': start
[00:36:40.946] [bmv2] [D] [thread 91747] [83.0] [cxt 0] Parser 'parser' entering state 'start'
[00:36:40.946] [bmv2] [D] [thread 91747] [83.0] [cxt 0] Extracting header 'ethernet'
[00:36:40.946] [bmv2] [D] [thread 91747] [83.0] [cxt 0] Parser state 'start': key is 86dd
[00:36:40.946] [bmv2] [T] [thread 91747] [83.0] [cxt 0] Bytes parsed: 14
[00:36:40.946] [bmv2] [D] [thread 91747] [83.0] [cxt 0] Parser 'parser' entering state 'parse_ipv6'
[00:36:40.946] [bmv2] [D] [thread 91747] [83.0] [cxt 0] Extracting header 'ipv6'
[00:36:40.946] [bmv2] [D] [thread 91747] [83.0] [cxt 0] Parser state 'parse_ipv6': key is 11
[00:36:40.946] [bmv2] [T] [thread 91747] [83.0] [cxt 0] Bytes parsed: 54
[00:36:40.946] [bmv2] [D] [thread 91747] [83.0] [cxt 0] Parser 'parser': end
[00:36:40.946] [bmv2] [D] [thread 91747] [83.0] [cxt 0] Pipeline 'ingress': start
[00:36:40.946] [bmv2] [T] [thread 91747] [83.0] [cxt 0] basic.p4(560) Condition "hdr.ethernet.etherType == TYPE_ARP" (node_2) is false
[00:36:40.946] [bmv2] [T] [thread 91747] [83.0] [cxt 0] basic.p4(563) Condition "hdr.ethernet.etherType == TYPE_SRCROUTING" (node_4) is false
[00:36:40.946] [bmv2] [T] [thread 91747] [83.0] [cxt 0] basic.p4(576) Condition "hdr.ethernet.etherType == TYPE_YEQUDESU" (node_12) is false
[00:36:40.946] [bmv2] [T] [thread 91747] [83.0] [cxt 0] basic.p4(582) Condition "hdr.vxlan.isValid()" (node_15) is false
[00:36:40.946] [bmv2] [T] [thread 91747] [83.0] [cxt 0] basic.p4(586) Condition "hdr.ipv6.isValid()" (node_17) is true
[00:36:40.946] [bmv2] [T] [thread 91747] [83.0] [cxt 0] Applying table 'MyIngress.ipv6_lpm'
[00:36:40.946] [bmv2] [D] [thread 91747] [83.0] [cxt 0] Looking up key:
* hdr.ipv6.dstAddr    : ff0200000000000000000000000000fb

[00:36:40.946] [bmv2] [D] [thread 91747] [83.0] [cxt 0] Table 'MyIngress.ipv6_lpm': miss
[00:36:40.946] [bmv2] [D] [thread 91747] [83.0] [cxt 0] Action entry is NoAction - 
[00:36:40.946] [bmv2] [T] [thread 91747] [83.0] [cxt 0] Action NoAction
[00:36:40.946] [bmv2] [D] [thread 91747] [83.0] [cxt 0] Pipeline 'ingress': end
[00:36:40.946] [bmv2] [D] [thread 91747] [83.0] [cxt 0] Egress port is 0
[00:36:40.946] [bmv2] [D] [thread 91748] [83.0] [cxt 0] Pipeline 'egress': start
[00:36:40.946] [bmv2] [T] [thread 91748] [83.0] [cxt 0] basic.p4(684) Condition "standard_metadata.mcast_grp != 0" (node_28) is false
[00:36:40.946] [bmv2] [D] [thread 91748] [83.0] [cxt 0] Pipeline 'egress': end
[00:36:40.946] [bmv2] [D] [thread 91748] [83.0] [cxt 0] Deparser 'deparser': start
[00:36:40.946] [bmv2] [T] [thread 91748] [83.0] [cxt 0] Skipping checksum 'cksum' update because condition not met
[00:36:40.946] [bmv2] [D] [thread 91748] [83.0] [cxt 0] Deparsing header 'ethernet'
[00:36:40.946] [bmv2] [D] [thread 91748] [83.0] [cxt 0] Deparsing header 'ipv6'
[00:36:40.946] [bmv2] [D] [thread 91748] [83.0] [cxt 0] Deparser 'deparser': end
[00:36:40.946] [bmv2] [D] [thread 91752] [83.0] [cxt 0] Transmitting packet of size 211 out of port 0
[00:36:40.955] [bmv2] [D] [thread 91747] [84.0] [cxt 0] Processing packet received on port 2
[00:36:40.955] [bmv2] [D] [thread 91747] [84.0] [cxt 0] Parser 'parser': start
[00:36:40.955] [bmv2] [D] [thread 91747] [84.0] [cxt 0] Parser 'parser' entering state 'start'
[00:36:40.955] [bmv2] [D] [thread 91747] [84.0] [cxt 0] Extracting header 'ethernet'
[00:36:40.955] [bmv2] [D] [thread 91747] [84.0] [cxt 0] Parser state 'start': key is 86dd
[00:36:40.955] [bmv2] [T] [thread 91747] [84.0] [cxt 0] Bytes parsed: 14
[00:36:40.955] [bmv2] [D] [thread 91747] [84.0] [cxt 0] Parser 'parser' entering state 'parse_ipv6'
[00:36:40.955] [bmv2] [D] [thread 91747] [84.0] [cxt 0] Extracting header 'ipv6'
[00:36:40.955] [bmv2] [D] [thread 91747] [84.0] [cxt 0] Parser state 'parse_ipv6': key is 11
[00:36:40.955] [bmv2] [T] [thread 91747] [84.0] [cxt 0] Bytes parsed: 54
[00:36:40.955] [bmv2] [D] [thread 91747] [84.0] [cxt 0] Parser 'parser': end
[00:36:40.955] [bmv2] [D] [thread 91747] [84.0] [cxt 0] Pipeline 'ingress': start
[00:36:40.955] [bmv2] [T] [thread 91747] [84.0] [cxt 0] basic.p4(560) Condition "hdr.ethernet.etherType == TYPE_ARP" (node_2) is false
[00:36:40.955] [bmv2] [T] [thread 91747] [84.0] [cxt 0] basic.p4(563) Condition "hdr.ethernet.etherType == TYPE_SRCROUTING" (node_4) is false
[00:36:40.955] [bmv2] [T] [thread 91747] [84.0] [cxt 0] basic.p4(576) Condition "hdr.ethernet.etherType == TYPE_YEQUDESU" (node_12) is false
[00:36:40.955] [bmv2] [T] [thread 91747] [84.0] [cxt 0] basic.p4(582) Condition "hdr.vxlan.isValid()" (node_15) is false
[00:36:40.955] [bmv2] [T] [thread 91747] [84.0] [cxt 0] basic.p4(586) Condition "hdr.ipv6.isValid()" (node_17) is true
[00:36:40.955] [bmv2] [T] [thread 91747] [84.0] [cxt 0] Applying table 'MyIngress.ipv6_lpm'
[00:36:40.955] [bmv2] [D] [thread 91747] [84.0] [cxt 0] Looking up key:
* hdr.ipv6.dstAddr    : ff0200000000000000000000000000fb

[00:36:40.955] [bmv2] [D] [thread 91747] [84.0] [cxt 0] Table 'MyIngress.ipv6_lpm': miss
[00:36:40.955] [bmv2] [D] [thread 91747] [84.0] [cxt 0] Action entry is NoAction - 
[00:36:40.955] [bmv2] [T] [thread 91747] [84.0] [cxt 0] Action NoAction
[00:36:40.955] [bmv2] [D] [thread 91747] [84.0] [cxt 0] Pipeline 'ingress': end
[00:36:40.955] [bmv2] [D] [thread 91747] [84.0] [cxt 0] Egress port is 0
[00:36:40.956] [bmv2] [D] [thread 91748] [84.0] [cxt 0] Pipeline 'egress': start
[00:36:40.956] [bmv2] [T] [thread 91748] [84.0] [cxt 0] basic.p4(684) Condition "standard_metadata.mcast_grp != 0" (node_28) is false
[00:36:40.956] [bmv2] [D] [thread 91748] [84.0] [cxt 0] Pipeline 'egress': end
[00:36:40.956] [bmv2] [D] [thread 91748] [84.0] [cxt 0] Deparser 'deparser': start
[00:36:40.956] [bmv2] [T] [thread 91748] [84.0] [cxt 0] Skipping checksum 'cksum' update because condition not met
[00:36:40.956] [bmv2] [D] [thread 91748] [84.0] [cxt 0] Deparsing header 'ethernet'
[00:36:40.956] [bmv2] [D] [thread 91748] [84.0] [cxt 0] Deparsing header 'ipv6'
[00:36:40.956] [bmv2] [D] [thread 91748] [84.0] [cxt 0] Deparser 'deparser': end
[00:36:40.956] [bmv2] [D] [thread 91752] [84.0] [cxt 0] Transmitting packet of size 199 out of port 0
[00:36:40.988] [bmv2] [D] [thread 91747] [85.0] [cxt 0] Processing packet received on port 4
[00:36:40.988] [bmv2] [D] [thread 91747] [85.0] [cxt 0] Parser 'parser': start
[00:36:40.988] [bmv2] [D] [thread 91747] [85.0] [cxt 0] Parser 'parser' entering state 'start'
[00:36:40.988] [bmv2] [D] [thread 91747] [85.0] [cxt 0] Extracting header 'ethernet'
[00:36:40.988] [bmv2] [D] [thread 91747] [85.0] [cxt 0] Parser state 'start': key is 86dd
[00:36:40.988] [bmv2] [T] [thread 91747] [85.0] [cxt 0] Bytes parsed: 14
[00:36:40.988] [bmv2] [D] [thread 91747] [85.0] [cxt 0] Parser 'parser' entering state 'parse_ipv6'
[00:36:40.988] [bmv2] [D] [thread 91747] [85.0] [cxt 0] Extracting header 'ipv6'
[00:36:40.988] [bmv2] [D] [thread 91747] [85.0] [cxt 0] Parser state 'parse_ipv6': key is 11
[00:36:40.988] [bmv2] [T] [thread 91747] [85.0] [cxt 0] Bytes parsed: 54
[00:36:40.988] [bmv2] [D] [thread 91747] [85.0] [cxt 0] Parser 'parser': end
[00:36:40.988] [bmv2] [D] [thread 91747] [85.0] [cxt 0] Pipeline 'ingress': start
[00:36:40.989] [bmv2] [T] [thread 91747] [85.0] [cxt 0] basic.p4(560) Condition "hdr.ethernet.etherType == TYPE_ARP" (node_2) is false
[00:36:40.989] [bmv2] [T] [thread 91747] [85.0] [cxt 0] basic.p4(563) Condition "hdr.ethernet.etherType == TYPE_SRCROUTING" (node_4) is false
[00:36:40.989] [bmv2] [T] [thread 91747] [85.0] [cxt 0] basic.p4(576) Condition "hdr.ethernet.etherType == TYPE_YEQUDESU" (node_12) is false
[00:36:40.989] [bmv2] [T] [thread 91747] [85.0] [cxt 0] basic.p4(582) Condition "hdr.vxlan.isValid()" (node_15) is false
[00:36:40.989] [bmv2] [T] [thread 91747] [85.0] [cxt 0] basic.p4(586) Condition "hdr.ipv6.isValid()" (node_17) is true
[00:36:40.989] [bmv2] [T] [thread 91747] [85.0] [cxt 0] Applying table 'MyIngress.ipv6_lpm'
[00:36:40.989] [bmv2] [D] [thread 91747] [85.0] [cxt 0] Looking up key:
* hdr.ipv6.dstAddr    : ff0200000000000000000000000000fb

[00:36:40.989] [bmv2] [D] [thread 91747] [85.0] [cxt 0] Table 'MyIngress.ipv6_lpm': miss
[00:36:40.989] [bmv2] [D] [thread 91747] [85.0] [cxt 0] Action entry is NoAction - 
[00:36:40.989] [bmv2] [T] [thread 91747] [85.0] [cxt 0] Action NoAction
[00:36:40.989] [bmv2] [D] [thread 91747] [85.0] [cxt 0] Pipeline 'ingress': end
[00:36:40.989] [bmv2] [D] [thread 91747] [85.0] [cxt 0] Egress port is 0
[00:36:40.989] [bmv2] [D] [thread 91747] [86.0] [cxt 0] Processing packet received on port 5
[00:36:40.989] [bmv2] [D] [thread 91747] [86.0] [cxt 0] Parser 'parser': start
[00:36:40.989] [bmv2] [D] [thread 91747] [86.0] [cxt 0] Parser 'parser' entering state 'start'
[00:36:40.989] [bmv2] [D] [thread 91747] [86.0] [cxt 0] Extracting header 'ethernet'
[00:36:40.989] [bmv2] [D] [thread 91747] [86.0] [cxt 0] Parser state 'start': key is 86dd
[00:36:40.989] [bmv2] [T] [thread 91747] [86.0] [cxt 0] Bytes parsed: 14
[00:36:40.989] [bmv2] [D] [thread 91747] [86.0] [cxt 0] Parser 'parser' entering state 'parse_ipv6'
[00:36:40.989] [bmv2] [D] [thread 91747] [86.0] [cxt 0] Extracting header 'ipv6'
[00:36:40.989] [bmv2] [D] [thread 91747] [86.0] [cxt 0] Parser state 'parse_ipv6': key is 11
[00:36:40.989] [bmv2] [T] [thread 91747] [86.0] [cxt 0] Bytes parsed: 54
[00:36:40.989] [bmv2] [D] [thread 91747] [86.0] [cxt 0] Parser 'parser': end
[00:36:40.989] [bmv2] [D] [thread 91747] [86.0] [cxt 0] Pipeline 'ingress': start
[00:36:40.989] [bmv2] [T] [thread 91747] [86.0] [cxt 0] basic.p4(560) Condition "hdr.ethernet.etherType == TYPE_ARP" (node_2) is false
[00:36:40.989] [bmv2] [T] [thread 91747] [86.0] [cxt 0] basic.p4(563) Condition "hdr.ethernet.etherType == TYPE_SRCROUTING" (node_4) is false
[00:36:40.989] [bmv2] [T] [thread 91747] [86.0] [cxt 0] basic.p4(576) Condition "hdr.ethernet.etherType == TYPE_YEQUDESU" (node_12) is false
[00:36:40.989] [bmv2] [T] [thread 91747] [86.0] [cxt 0] basic.p4(582) Condition "hdr.vxlan.isValid()" (node_15) is false
[00:36:40.989] [bmv2] [T] [thread 91747] [86.0] [cxt 0] basic.p4(586) Condition "hdr.ipv6.isValid()" (node_17) is true
[00:36:40.989] [bmv2] [T] [thread 91747] [86.0] [cxt 0] Applying table 'MyIngress.ipv6_lpm'
[00:36:40.989] [bmv2] [D] [thread 91747] [86.0] [cxt 0] Looking up key:
* hdr.ipv6.dstAddr    : ff0200000000000000000000000000fb

[00:36:40.989] [bmv2] [D] [thread 91747] [86.0] [cxt 0] Table 'MyIngress.ipv6_lpm': miss
[00:36:40.989] [bmv2] [D] [thread 91747] [86.0] [cxt 0] Action entry is NoAction - 
[00:36:40.989] [bmv2] [T] [thread 91747] [86.0] [cxt 0] Action NoAction
[00:36:40.989] [bmv2] [D] [thread 91747] [86.0] [cxt 0] Pipeline 'ingress': end
[00:36:40.989] [bmv2] [D] [thread 91747] [86.0] [cxt 0] Egress port is 0
[00:36:40.989] [bmv2] [D] [thread 91748] [85.0] [cxt 0] Pipeline 'egress': start
[00:36:40.989] [bmv2] [T] [thread 91748] [85.0] [cxt 0] basic.p4(684) Condition "standard_metadata.mcast_grp != 0" (node_28) is false
[00:36:40.989] [bmv2] [D] [thread 91748] [85.0] [cxt 0] Pipeline 'egress': end
[00:36:40.989] [bmv2] [D] [thread 91748] [85.0] [cxt 0] Deparser 'deparser': start
[00:36:40.989] [bmv2] [T] [thread 91748] [85.0] [cxt 0] Skipping checksum 'cksum' update because condition not met
[00:36:40.989] [bmv2] [D] [thread 91748] [85.0] [cxt 0] Deparsing header 'ethernet'
[00:36:40.989] [bmv2] [D] [thread 91748] [85.0] [cxt 0] Deparsing header 'ipv6'
[00:36:40.989] [bmv2] [D] [thread 91748] [85.0] [cxt 0] Deparser 'deparser': end
[00:36:40.989] [bmv2] [D] [thread 91748] [86.0] [cxt 0] Pipeline 'egress': start
[00:36:40.989] [bmv2] [T] [thread 91748] [86.0] [cxt 0] basic.p4(684) Condition "standard_metadata.mcast_grp != 0" (node_28) is false
[00:36:40.989] [bmv2] [D] [thread 91748] [86.0] [cxt 0] Pipeline 'egress': end
[00:36:40.989] [bmv2] [D] [thread 91748] [86.0] [cxt 0] Deparser 'deparser': start
[00:36:40.989] [bmv2] [T] [thread 91748] [86.0] [cxt 0] Skipping checksum 'cksum' update because condition not met
[00:36:40.989] [bmv2] [D] [thread 91748] [86.0] [cxt 0] Deparsing header 'ethernet'
[00:36:40.989] [bmv2] [D] [thread 91748] [86.0] [cxt 0] Deparsing header 'ipv6'
[00:36:40.989] [bmv2] [D] [thread 91748] [86.0] [cxt 0] Deparser 'deparser': end
[00:36:40.989] [bmv2] [D] [thread 91752] [85.0] [cxt 0] Transmitting packet of size 203 out of port 0
[00:36:40.989] [bmv2] [D] [thread 91752] [86.0] [cxt 0] Transmitting packet of size 203 out of port 0
[00:36:41.010] [bmv2] [D] [thread 91747] [87.0] [cxt 0] Processing packet received on port 4
[00:36:41.010] [bmv2] [D] [thread 91747] [87.0] [cxt 0] Parser 'parser': start
[00:36:41.010] [bmv2] [D] [thread 91747] [87.0] [cxt 0] Parser 'parser' entering state 'start'
[00:36:41.010] [bmv2] [D] [thread 91747] [87.0] [cxt 0] Extracting header 'ethernet'
[00:36:41.010] [bmv2] [D] [thread 91747] [87.0] [cxt 0] Parser state 'start': key is 86dd
[00:36:41.010] [bmv2] [T] [thread 91747] [87.0] [cxt 0] Bytes parsed: 14
[00:36:41.010] [bmv2] [D] [thread 91747] [87.0] [cxt 0] Parser 'parser' entering state 'parse_ipv6'
[00:36:41.010] [bmv2] [D] [thread 91747] [87.0] [cxt 0] Extracting header 'ipv6'
[00:36:41.010] [bmv2] [D] [thread 91747] [87.0] [cxt 0] Parser state 'parse_ipv6': key is 11
[00:36:41.010] [bmv2] [T] [thread 91747] [87.0] [cxt 0] Bytes parsed: 54
[00:36:41.010] [bmv2] [D] [thread 91747] [87.0] [cxt 0] Parser 'parser': end
[00:36:41.010] [bmv2] [D] [thread 91747] [87.0] [cxt 0] Pipeline 'ingress': start
[00:36:41.010] [bmv2] [T] [thread 91747] [87.0] [cxt 0] basic.p4(560) Condition "hdr.ethernet.etherType == TYPE_ARP" (node_2) is false
[00:36:41.010] [bmv2] [T] [thread 91747] [87.0] [cxt 0] basic.p4(563) Condition "hdr.ethernet.etherType == TYPE_SRCROUTING" (node_4) is false
[00:36:41.010] [bmv2] [T] [thread 91747] [87.0] [cxt 0] basic.p4(576) Condition "hdr.ethernet.etherType == TYPE_YEQUDESU" (node_12) is false
[00:36:41.010] [bmv2] [T] [thread 91747] [87.0] [cxt 0] basic.p4(582) Condition "hdr.vxlan.isValid()" (node_15) is false
[00:36:41.010] [bmv2] [T] [thread 91747] [87.0] [cxt 0] basic.p4(586) Condition "hdr.ipv6.isValid()" (node_17) is true
[00:36:41.010] [bmv2] [T] [thread 91747] [87.0] [cxt 0] Applying table 'MyIngress.ipv6_lpm'
[00:36:41.010] [bmv2] [D] [thread 91747] [87.0] [cxt 0] Looking up key:
* hdr.ipv6.dstAddr    : ff0200000000000000000000000000fb

[00:36:41.010] [bmv2] [D] [thread 91747] [87.0] [cxt 0] Table 'MyIngress.ipv6_lpm': miss
[00:36:41.010] [bmv2] [D] [thread 91747] [87.0] [cxt 0] Action entry is NoAction - 
[00:36:41.010] [bmv2] [T] [thread 91747] [87.0] [cxt 0] Action NoAction
[00:36:41.010] [bmv2] [D] [thread 91747] [87.0] [cxt 0] Pipeline 'ingress': end
[00:36:41.010] [bmv2] [D] [thread 91747] [87.0] [cxt 0] Egress port is 0
[00:36:41.010] [bmv2] [D] [thread 91748] [87.0] [cxt 0] Pipeline 'egress': start
[00:36:41.010] [bmv2] [T] [thread 91748] [87.0] [cxt 0] basic.p4(684) Condition "standard_metadata.mcast_grp != 0" (node_28) is false
[00:36:41.010] [bmv2] [D] [thread 91748] [87.0] [cxt 0] Pipeline 'egress': end
[00:36:41.010] [bmv2] [D] [thread 91748] [87.0] [cxt 0] Deparser 'deparser': start
[00:36:41.010] [bmv2] [T] [thread 91748] [87.0] [cxt 0] Skipping checksum 'cksum' update because condition not met
[00:36:41.010] [bmv2] [D] [thread 91748] [87.0] [cxt 0] Deparsing header 'ethernet'
[00:36:41.010] [bmv2] [D] [thread 91748] [87.0] [cxt 0] Deparsing header 'ipv6'
[00:36:41.010] [bmv2] [D] [thread 91748] [87.0] [cxt 0] Deparser 'deparser': end
[00:36:41.010] [bmv2] [D] [thread 91752] [87.0] [cxt 0] Transmitting packet of size 211 out of port 0
[00:36:41.013] [bmv2] [D] [thread 91747] [88.0] [cxt 0] Processing packet received on port 3
[00:36:41.013] [bmv2] [D] [thread 91747] [88.0] [cxt 0] Parser 'parser': start
[00:36:41.013] [bmv2] [D] [thread 91747] [88.0] [cxt 0] Parser 'parser' entering state 'start'
[00:36:41.013] [bmv2] [D] [thread 91747] [88.0] [cxt 0] Extracting header 'ethernet'
[00:36:41.013] [bmv2] [D] [thread 91747] [88.0] [cxt 0] Parser state 'start': key is 86dd
[00:36:41.013] [bmv2] [T] [thread 91747] [88.0] [cxt 0] Bytes parsed: 14
[00:36:41.013] [bmv2] [D] [thread 91747] [88.0] [cxt 0] Parser 'parser' entering state 'parse_ipv6'
[00:36:41.013] [bmv2] [D] [thread 91747] [88.0] [cxt 0] Extracting header 'ipv6'
[00:36:41.013] [bmv2] [D] [thread 91747] [88.0] [cxt 0] Parser state 'parse_ipv6': key is 00
[00:36:41.013] [bmv2] [T] [thread 91747] [88.0] [cxt 0] Bytes parsed: 54
[00:36:41.013] [bmv2] [D] [thread 91747] [88.0] [cxt 0] Parser 'parser': end
[00:36:41.013] [bmv2] [D] [thread 91747] [88.0] [cxt 0] Pipeline 'ingress': start
[00:36:41.013] [bmv2] [T] [thread 91747] [88.0] [cxt 0] basic.p4(560) Condition "hdr.ethernet.etherType == TYPE_ARP" (node_2) is false
[00:36:41.013] [bmv2] [T] [thread 91747] [88.0] [cxt 0] basic.p4(563) Condition "hdr.ethernet.etherType == TYPE_SRCROUTING" (node_4) is false
[00:36:41.013] [bmv2] [T] [thread 91747] [88.0] [cxt 0] basic.p4(576) Condition "hdr.ethernet.etherType == TYPE_YEQUDESU" (node_12) is false
[00:36:41.013] [bmv2] [T] [thread 91747] [88.0] [cxt 0] basic.p4(582) Condition "hdr.vxlan.isValid()" (node_15) is false
[00:36:41.013] [bmv2] [T] [thread 91747] [88.0] [cxt 0] basic.p4(586) Condition "hdr.ipv6.isValid()" (node_17) is true
[00:36:41.013] [bmv2] [T] [thread 91747] [88.0] [cxt 0] Applying table 'MyIngress.ipv6_lpm'
[00:36:41.013] [bmv2] [D] [thread 91747] [88.0] [cxt 0] Looking up key:
* hdr.ipv6.dstAddr    : ff020000000000000000000000000016

[00:36:41.013] [bmv2] [D] [thread 91747] [88.0] [cxt 0] Table 'MyIngress.ipv6_lpm': miss
[00:36:41.013] [bmv2] [D] [thread 91747] [88.0] [cxt 0] Action entry is NoAction - 
[00:36:41.013] [bmv2] [T] [thread 91747] [88.0] [cxt 0] Action NoAction
[00:36:41.013] [bmv2] [D] [thread 91747] [88.0] [cxt 0] Pipeline 'ingress': end
[00:36:41.013] [bmv2] [D] [thread 91747] [88.0] [cxt 0] Egress port is 0
[00:36:41.014] [bmv2] [D] [thread 91748] [88.0] [cxt 0] Pipeline 'egress': start
[00:36:41.014] [bmv2] [T] [thread 91748] [88.0] [cxt 0] basic.p4(684) Condition "standard_metadata.mcast_grp != 0" (node_28) is false
[00:36:41.014] [bmv2] [D] [thread 91748] [88.0] [cxt 0] Pipeline 'egress': end
[00:36:41.014] [bmv2] [D] [thread 91748] [88.0] [cxt 0] Deparser 'deparser': start
[00:36:41.014] [bmv2] [T] [thread 91748] [88.0] [cxt 0] Skipping checksum 'cksum' update because condition not met
[00:36:41.014] [bmv2] [D] [thread 91748] [88.0] [cxt 0] Deparsing header 'ethernet'
[00:36:41.014] [bmv2] [D] [thread 91748] [88.0] [cxt 0] Deparsing header 'ipv6'
[00:36:41.014] [bmv2] [D] [thread 91748] [88.0] [cxt 0] Deparser 'deparser': end
[00:36:41.014] [bmv2] [D] [thread 91752] [88.0] [cxt 0] Transmitting packet of size 90 out of port 0
[00:36:41.076] [bmv2] [D] [thread 91747] [89.0] [cxt 0] Processing packet received on port 1
[00:36:41.076] [bmv2] [D] [thread 91747] [89.0] [cxt 0] Parser 'parser': start
[00:36:41.076] [bmv2] [D] [thread 91747] [89.0] [cxt 0] Parser 'parser' entering state 'start'
[00:36:41.076] [bmv2] [D] [thread 91747] [89.0] [cxt 0] Extracting header 'ethernet'
[00:36:41.076] [bmv2] [D] [thread 91747] [89.0] [cxt 0] Parser state 'start': key is 86dd
[00:36:41.076] [bmv2] [T] [thread 91747] [89.0] [cxt 0] Bytes parsed: 14
[00:36:41.076] [bmv2] [D] [thread 91747] [89.0] [cxt 0] Parser 'parser' entering state 'parse_ipv6'
[00:36:41.076] [bmv2] [D] [thread 91747] [89.0] [cxt 0] Extracting header 'ipv6'
[00:36:41.076] [bmv2] [D] [thread 91747] [89.0] [cxt 0] Parser state 'parse_ipv6': key is 11
[00:36:41.076] [bmv2] [T] [thread 91747] [89.0] [cxt 0] Bytes parsed: 54
[00:36:41.076] [bmv2] [D] [thread 91747] [89.0] [cxt 0] Parser 'parser': end
[00:36:41.076] [bmv2] [D] [thread 91747] [89.0] [cxt 0] Pipeline 'ingress': start
[00:36:41.076] [bmv2] [T] [thread 91747] [89.0] [cxt 0] basic.p4(560) Condition "hdr.ethernet.etherType == TYPE_ARP" (node_2) is false
[00:36:41.076] [bmv2] [T] [thread 91747] [89.0] [cxt 0] basic.p4(563) Condition "hdr.ethernet.etherType == TYPE_SRCROUTING" (node_4) is false
[00:36:41.076] [bmv2] [T] [thread 91747] [89.0] [cxt 0] basic.p4(576) Condition "hdr.ethernet.etherType == TYPE_YEQUDESU" (node_12) is false
[00:36:41.076] [bmv2] [T] [thread 91747] [89.0] [cxt 0] basic.p4(582) Condition "hdr.vxlan.isValid()" (node_15) is false
[00:36:41.076] [bmv2] [T] [thread 91747] [89.0] [cxt 0] basic.p4(586) Condition "hdr.ipv6.isValid()" (node_17) is true
[00:36:41.076] [bmv2] [T] [thread 91747] [89.0] [cxt 0] Applying table 'MyIngress.ipv6_lpm'
[00:36:41.076] [bmv2] [D] [thread 91747] [89.0] [cxt 0] Looking up key:
* hdr.ipv6.dstAddr    : ff0200000000000000000000000000fb

[00:36:41.076] [bmv2] [D] [thread 91747] [89.0] [cxt 0] Table 'MyIngress.ipv6_lpm': miss
[00:36:41.076] [bmv2] [D] [thread 91747] [89.0] [cxt 0] Action entry is NoAction - 
[00:36:41.076] [bmv2] [T] [thread 91747] [89.0] [cxt 0] Action NoAction
[00:36:41.076] [bmv2] [D] [thread 91747] [89.0] [cxt 0] Pipeline 'ingress': end
[00:36:41.076] [bmv2] [D] [thread 91747] [89.0] [cxt 0] Egress port is 0
[00:36:41.076] [bmv2] [D] [thread 91748] [89.0] [cxt 0] Pipeline 'egress': start
[00:36:41.076] [bmv2] [T] [thread 91748] [89.0] [cxt 0] basic.p4(684) Condition "standard_metadata.mcast_grp != 0" (node_28) is false
[00:36:41.076] [bmv2] [D] [thread 91748] [89.0] [cxt 0] Pipeline 'egress': end
[00:36:41.076] [bmv2] [D] [thread 91748] [89.0] [cxt 0] Deparser 'deparser': start
[00:36:41.076] [bmv2] [T] [thread 91748] [89.0] [cxt 0] Skipping checksum 'cksum' update because condition not met
[00:36:41.076] [bmv2] [D] [thread 91748] [89.0] [cxt 0] Deparsing header 'ethernet'
[00:36:41.076] [bmv2] [D] [thread 91748] [89.0] [cxt 0] Deparsing header 'ipv6'
[00:36:41.076] [bmv2] [D] [thread 91748] [89.0] [cxt 0] Deparser 'deparser': end
[00:36:41.076] [bmv2] [D] [thread 91752] [89.0] [cxt 0] Transmitting packet of size 211 out of port 0
[00:36:41.140] [bmv2] [D] [thread 91747] [90.0] [cxt 0] Processing packet received on port 3
[00:36:41.140] [bmv2] [D] [thread 91747] [90.0] [cxt 0] Parser 'parser': start
[00:36:41.140] [bmv2] [D] [thread 91747] [90.0] [cxt 0] Parser 'parser' entering state 'start'
[00:36:41.140] [bmv2] [D] [thread 91747] [90.0] [cxt 0] Extracting header 'ethernet'
[00:36:41.140] [bmv2] [D] [thread 91747] [90.0] [cxt 0] Parser state 'start': key is 86dd
[00:36:41.140] [bmv2] [T] [thread 91747] [90.0] [cxt 0] Bytes parsed: 14
[00:36:41.140] [bmv2] [D] [thread 91747] [90.0] [cxt 0] Parser 'parser' entering state 'parse_ipv6'
[00:36:41.140] [bmv2] [D] [thread 91747] [90.0] [cxt 0] Extracting header 'ipv6'
[00:36:41.140] [bmv2] [D] [thread 91747] [90.0] [cxt 0] Parser state 'parse_ipv6': key is 11
[00:36:41.140] [bmv2] [T] [thread 91747] [90.0] [cxt 0] Bytes parsed: 54
[00:36:41.140] [bmv2] [D] [thread 91747] [90.0] [cxt 0] Parser 'parser': end
[00:36:41.140] [bmv2] [D] [thread 91747] [90.0] [cxt 0] Pipeline 'ingress': start
[00:36:41.140] [bmv2] [T] [thread 91747] [90.0] [cxt 0] basic.p4(560) Condition "hdr.ethernet.etherType == TYPE_ARP" (node_2) is false
[00:36:41.140] [bmv2] [T] [thread 91747] [90.0] [cxt 0] basic.p4(563) Condition "hdr.ethernet.etherType == TYPE_SRCROUTING" (node_4) is false
[00:36:41.140] [bmv2] [T] [thread 91747] [90.0] [cxt 0] basic.p4(576) Condition "hdr.ethernet.etherType == TYPE_YEQUDESU" (node_12) is false
[00:36:41.140] [bmv2] [T] [thread 91747] [90.0] [cxt 0] basic.p4(582) Condition "hdr.vxlan.isValid()" (node_15) is false
[00:36:41.140] [bmv2] [T] [thread 91747] [90.0] [cxt 0] basic.p4(586) Condition "hdr.ipv6.isValid()" (node_17) is true
[00:36:41.140] [bmv2] [T] [thread 91747] [90.0] [cxt 0] Applying table 'MyIngress.ipv6_lpm'
[00:36:41.140] [bmv2] [D] [thread 91747] [90.0] [cxt 0] Looking up key:
* hdr.ipv6.dstAddr    : ff0200000000000000000000000000fb

[00:36:41.140] [bmv2] [D] [thread 91747] [90.0] [cxt 0] Table 'MyIngress.ipv6_lpm': miss
[00:36:41.140] [bmv2] [D] [thread 91747] [90.0] [cxt 0] Action entry is NoAction - 
[00:36:41.140] [bmv2] [T] [thread 91747] [90.0] [cxt 0] Action NoAction
[00:36:41.140] [bmv2] [D] [thread 91747] [90.0] [cxt 0] Pipeline 'ingress': end
[00:36:41.140] [bmv2] [D] [thread 91747] [90.0] [cxt 0] Egress port is 0
[00:36:41.140] [bmv2] [D] [thread 91747] [91.0] [cxt 0] Processing packet received on port 3
[00:36:41.140] [bmv2] [D] [thread 91747] [91.0] [cxt 0] Parser 'parser': start
[00:36:41.140] [bmv2] [D] [thread 91747] [91.0] [cxt 0] Parser 'parser' entering state 'start'
[00:36:41.140] [bmv2] [D] [thread 91747] [91.0] [cxt 0] Extracting header 'ethernet'
[00:36:41.140] [bmv2] [D] [thread 91747] [91.0] [cxt 0] Parser state 'start': key is 86dd
[00:36:41.140] [bmv2] [T] [thread 91747] [91.0] [cxt 0] Bytes parsed: 14
[00:36:41.140] [bmv2] [D] [thread 91747] [91.0] [cxt 0] Parser 'parser' entering state 'parse_ipv6'
[00:36:41.140] [bmv2] [D] [thread 91747] [91.0] [cxt 0] Extracting header 'ipv6'
[00:36:41.140] [bmv2] [D] [thread 91747] [91.0] [cxt 0] Parser state 'parse_ipv6': key is 11
[00:36:41.140] [bmv2] [T] [thread 91747] [91.0] [cxt 0] Bytes parsed: 54
[00:36:41.140] [bmv2] [D] [thread 91747] [91.0] [cxt 0] Parser 'parser': end
[00:36:41.140] [bmv2] [D] [thread 91747] [91.0] [cxt 0] Pipeline 'ingress': start
[00:36:41.140] [bmv2] [T] [thread 91747] [91.0] [cxt 0] basic.p4(560) Condition "hdr.ethernet.etherType == TYPE_ARP" (node_2) is false
[00:36:41.140] [bmv2] [T] [thread 91747] [91.0] [cxt 0] basic.p4(563) Condition "hdr.ethernet.etherType == TYPE_SRCROUTING" (node_4) is false
[00:36:41.140] [bmv2] [T] [thread 91747] [91.0] [cxt 0] basic.p4(576) Condition "hdr.ethernet.etherType == TYPE_YEQUDESU" (node_12) is false
[00:36:41.140] [bmv2] [T] [thread 91747] [91.0] [cxt 0] basic.p4(582) Condition "hdr.vxlan.isValid()" (node_15) is false
[00:36:41.140] [bmv2] [T] [thread 91747] [91.0] [cxt 0] basic.p4(586) Condition "hdr.ipv6.isValid()" (node_17) is true
[00:36:41.140] [bmv2] [T] [thread 91747] [91.0] [cxt 0] Applying table 'MyIngress.ipv6_lpm'
[00:36:41.140] [bmv2] [D] [thread 91747] [91.0] [cxt 0] Looking up key:
* hdr.ipv6.dstAddr    : ff0200000000000000000000000000fb

[00:36:41.140] [bmv2] [D] [thread 91747] [91.0] [cxt 0] Table 'MyIngress.ipv6_lpm': miss
[00:36:41.140] [bmv2] [D] [thread 91747] [91.0] [cxt 0] Action entry is NoAction - 
[00:36:41.140] [bmv2] [D] [thread 91748] [90.0] [cxt 0] Pipeline 'egress': start
[00:36:41.140] [bmv2] [T] [thread 91747] [91.0] [cxt 0] Action NoAction
[00:36:41.140] [bmv2] [D] [thread 91747] [91.0] [cxt 0] Pipeline 'ingress': end
[00:36:41.140] [bmv2] [T] [thread 91748] [90.0] [cxt 0] basic.p4(684) Condition "standard_metadata.mcast_grp != 0" (node_28) is false
[00:36:41.140] [bmv2] [D] [thread 91747] [91.0] [cxt 0] Egress port is 0
[00:36:41.140] [bmv2] [D] [thread 91748] [90.0] [cxt 0] Pipeline 'egress': end
[00:36:41.140] [bmv2] [D] [thread 91748] [90.0] [cxt 0] Deparser 'deparser': start
[00:36:41.140] [bmv2] [T] [thread 91748] [90.0] [cxt 0] Skipping checksum 'cksum' update because condition not met
[00:36:41.140] [bmv2] [D] [thread 91748] [90.0] [cxt 0] Deparsing header 'ethernet'
[00:36:41.140] [bmv2] [D] [thread 91748] [90.0] [cxt 0] Deparsing header 'ipv6'
[00:36:41.140] [bmv2] [D] [thread 91748] [90.0] [cxt 0] Deparser 'deparser': end
[00:36:41.140] [bmv2] [D] [thread 91748] [91.0] [cxt 0] Pipeline 'egress': start
[00:36:41.140] [bmv2] [T] [thread 91748] [91.0] [cxt 0] basic.p4(684) Condition "standard_metadata.mcast_grp != 0" (node_28) is false
[00:36:41.140] [bmv2] [D] [thread 91748] [91.0] [cxt 0] Pipeline 'egress': end
[00:36:41.140] [bmv2] [D] [thread 91748] [91.0] [cxt 0] Deparser 'deparser': start
[00:36:41.140] [bmv2] [T] [thread 91748] [91.0] [cxt 0] Skipping checksum 'cksum' update because condition not met
[00:36:41.140] [bmv2] [D] [thread 91748] [91.0] [cxt 0] Deparsing header 'ethernet'
[00:36:41.140] [bmv2] [D] [thread 91748] [91.0] [cxt 0] Deparsing header 'ipv6'
[00:36:41.140] [bmv2] [D] [thread 91748] [91.0] [cxt 0] Deparser 'deparser': end
[00:36:41.140] [bmv2] [D] [thread 91752] [90.0] [cxt 0] Transmitting packet of size 211 out of port 0
[00:36:41.140] [bmv2] [D] [thread 91752] [91.0] [cxt 0] Transmitting packet of size 113 out of port 0
[00:36:41.147] [bmv2] [D] [thread 91747] [92.0] [cxt 0] Processing packet received on port 5
[00:36:41.147] [bmv2] [D] [thread 91747] [92.0] [cxt 0] Parser 'parser': start
[00:36:41.147] [bmv2] [D] [thread 91747] [92.0] [cxt 0] Parser 'parser' entering state 'start'
[00:36:41.147] [bmv2] [D] [thread 91747] [92.0] [cxt 0] Extracting header 'ethernet'
[00:36:41.147] [bmv2] [D] [thread 91747] [92.0] [cxt 0] Parser state 'start': key is 86dd
[00:36:41.147] [bmv2] [T] [thread 91747] [92.0] [cxt 0] Bytes parsed: 14
[00:36:41.147] [bmv2] [D] [thread 91747] [92.0] [cxt 0] Parser 'parser' entering state 'parse_ipv6'
[00:36:41.147] [bmv2] [D] [thread 91747] [92.0] [cxt 0] Extracting header 'ipv6'
[00:36:41.147] [bmv2] [D] [thread 91747] [92.0] [cxt 0] Parser state 'parse_ipv6': key is 11
[00:36:41.147] [bmv2] [T] [thread 91747] [92.0] [cxt 0] Bytes parsed: 54
[00:36:41.147] [bmv2] [D] [thread 91747] [92.0] [cxt 0] Parser 'parser': end
[00:36:41.147] [bmv2] [D] [thread 91747] [92.0] [cxt 0] Pipeline 'ingress': start
[00:36:41.147] [bmv2] [T] [thread 91747] [92.0] [cxt 0] basic.p4(560) Condition "hdr.ethernet.etherType == TYPE_ARP" (node_2) is false
[00:36:41.147] [bmv2] [T] [thread 91747] [92.0] [cxt 0] basic.p4(563) Condition "hdr.ethernet.etherType == TYPE_SRCROUTING" (node_4) is false
[00:36:41.147] [bmv2] [T] [thread 91747] [92.0] [cxt 0] basic.p4(576) Condition "hdr.ethernet.etherType == TYPE_YEQUDESU" (node_12) is false
[00:36:41.147] [bmv2] [T] [thread 91747] [92.0] [cxt 0] basic.p4(582) Condition "hdr.vxlan.isValid()" (node_15) is false
[00:36:41.147] [bmv2] [T] [thread 91747] [92.0] [cxt 0] basic.p4(586) Condition "hdr.ipv6.isValid()" (node_17) is true
[00:36:41.147] [bmv2] [T] [thread 91747] [92.0] [cxt 0] Applying table 'MyIngress.ipv6_lpm'
[00:36:41.147] [bmv2] [D] [thread 91747] [92.0] [cxt 0] Looking up key:
* hdr.ipv6.dstAddr    : ff0200000000000000000000000000fb

[00:36:41.147] [bmv2] [D] [thread 91747] [92.0] [cxt 0] Table 'MyIngress.ipv6_lpm': miss
[00:36:41.147] [bmv2] [D] [thread 91747] [92.0] [cxt 0] Action entry is NoAction - 
[00:36:41.147] [bmv2] [T] [thread 91747] [92.0] [cxt 0] Action NoAction
[00:36:41.147] [bmv2] [D] [thread 91747] [92.0] [cxt 0] Pipeline 'ingress': end
[00:36:41.147] [bmv2] [D] [thread 91747] [92.0] [cxt 0] Egress port is 0
[00:36:41.147] [bmv2] [D] [thread 91748] [92.0] [cxt 0] Pipeline 'egress': start
[00:36:41.147] [bmv2] [T] [thread 91748] [92.0] [cxt 0] basic.p4(684) Condition "standard_metadata.mcast_grp != 0" (node_28) is false
[00:36:41.147] [bmv2] [D] [thread 91748] [92.0] [cxt 0] Pipeline 'egress': end
[00:36:41.147] [bmv2] [D] [thread 91748] [92.0] [cxt 0] Deparser 'deparser': start
[00:36:41.147] [bmv2] [T] [thread 91748] [92.0] [cxt 0] Skipping checksum 'cksum' update because condition not met
[00:36:41.147] [bmv2] [D] [thread 91748] [92.0] [cxt 0] Deparsing header 'ethernet'
[00:36:41.147] [bmv2] [D] [thread 91748] [92.0] [cxt 0] Deparsing header 'ipv6'
[00:36:41.147] [bmv2] [D] [thread 91748] [92.0] [cxt 0] Deparser 'deparser': end
[00:36:41.147] [bmv2] [D] [thread 91752] [92.0] [cxt 0] Transmitting packet of size 199 out of port 0
[00:36:41.166] [bmv2] [D] [thread 91747] [93.0] [cxt 0] Processing packet received on port 5
[00:36:41.166] [bmv2] [D] [thread 91747] [93.0] [cxt 0] Parser 'parser': start
[00:36:41.166] [bmv2] [D] [thread 91747] [93.0] [cxt 0] Parser 'parser' entering state 'start'
[00:36:41.166] [bmv2] [D] [thread 91747] [93.0] [cxt 0] Extracting header 'ethernet'
[00:36:41.166] [bmv2] [D] [thread 91747] [93.0] [cxt 0] Parser state 'start': key is 86dd
[00:36:41.166] [bmv2] [T] [thread 91747] [93.0] [cxt 0] Bytes parsed: 14
[00:36:41.166] [bmv2] [D] [thread 91747] [93.0] [cxt 0] Parser 'parser' entering state 'parse_ipv6'
[00:36:41.166] [bmv2] [D] [thread 91747] [93.0] [cxt 0] Extracting header 'ipv6'
[00:36:41.166] [bmv2] [D] [thread 91747] [93.0] [cxt 0] Parser state 'parse_ipv6': key is 00
[00:36:41.166] [bmv2] [T] [thread 91747] [93.0] [cxt 0] Bytes parsed: 54
[00:36:41.166] [bmv2] [D] [thread 91747] [93.0] [cxt 0] Parser 'parser': end
[00:36:41.166] [bmv2] [D] [thread 91747] [93.0] [cxt 0] Pipeline 'ingress': start
[00:36:41.166] [bmv2] [T] [thread 91747] [93.0] [cxt 0] basic.p4(560) Condition "hdr.ethernet.etherType == TYPE_ARP" (node_2) is false
[00:36:41.166] [bmv2] [T] [thread 91747] [93.0] [cxt 0] basic.p4(563) Condition "hdr.ethernet.etherType == TYPE_SRCROUTING" (node_4) is false
[00:36:41.166] [bmv2] [T] [thread 91747] [93.0] [cxt 0] basic.p4(576) Condition "hdr.ethernet.etherType == TYPE_YEQUDESU" (node_12) is false
[00:36:41.166] [bmv2] [T] [thread 91747] [93.0] [cxt 0] basic.p4(582) Condition "hdr.vxlan.isValid()" (node_15) is false
[00:36:41.166] [bmv2] [T] [thread 91747] [93.0] [cxt 0] basic.p4(586) Condition "hdr.ipv6.isValid()" (node_17) is true
[00:36:41.166] [bmv2] [T] [thread 91747] [93.0] [cxt 0] Applying table 'MyIngress.ipv6_lpm'
[00:36:41.166] [bmv2] [D] [thread 91747] [93.0] [cxt 0] Looking up key:
* hdr.ipv6.dstAddr    : ff020000000000000000000000000016

[00:36:41.166] [bmv2] [D] [thread 91747] [93.0] [cxt 0] Table 'MyIngress.ipv6_lpm': miss
[00:36:41.166] [bmv2] [D] [thread 91747] [93.0] [cxt 0] Action entry is NoAction - 
[00:36:41.166] [bmv2] [T] [thread 91747] [93.0] [cxt 0] Action NoAction
[00:36:41.166] [bmv2] [D] [thread 91747] [93.0] [cxt 0] Pipeline 'ingress': end
[00:36:41.166] [bmv2] [D] [thread 91747] [93.0] [cxt 0] Egress port is 0
[00:36:41.166] [bmv2] [D] [thread 91747] [94.0] [cxt 0] Processing packet received on port 5
[00:36:41.166] [bmv2] [D] [thread 91747] [94.0] [cxt 0] Parser 'parser': start
[00:36:41.166] [bmv2] [D] [thread 91747] [94.0] [cxt 0] Parser 'parser' entering state 'start'
[00:36:41.166] [bmv2] [D] [thread 91747] [94.0] [cxt 0] Extracting header 'ethernet'
[00:36:41.166] [bmv2] [D] [thread 91747] [94.0] [cxt 0] Parser state 'start': key is 86dd
[00:36:41.166] [bmv2] [T] [thread 91747] [94.0] [cxt 0] Bytes parsed: 14
[00:36:41.166] [bmv2] [D] [thread 91747] [94.0] [cxt 0] Parser 'parser' entering state 'parse_ipv6'
[00:36:41.166] [bmv2] [D] [thread 91747] [94.0] [cxt 0] Extracting header 'ipv6'
[00:36:41.166] [bmv2] [D] [thread 91747] [94.0] [cxt 0] Parser state 'parse_ipv6': key is 00
[00:36:41.166] [bmv2] [T] [thread 91747] [94.0] [cxt 0] Bytes parsed: 54
[00:36:41.166] [bmv2] [D] [thread 91747] [94.0] [cxt 0] Parser 'parser': end
[00:36:41.166] [bmv2] [D] [thread 91747] [94.0] [cxt 0] Pipeline 'ingress': start
[00:36:41.166] [bmv2] [T] [thread 91747] [94.0] [cxt 0] basic.p4(560) Condition "hdr.ethernet.etherType == TYPE_ARP" (node_2) is false
[00:36:41.166] [bmv2] [T] [thread 91747] [94.0] [cxt 0] basic.p4(563) Condition "hdr.ethernet.etherType == TYPE_SRCROUTING" (node_4) is false
[00:36:41.166] [bmv2] [T] [thread 91747] [94.0] [cxt 0] basic.p4(576) Condition "hdr.ethernet.etherType == TYPE_YEQUDESU" (node_12) is false
[00:36:41.166] [bmv2] [T] [thread 91747] [94.0] [cxt 0] basic.p4(582) Condition "hdr.vxlan.isValid()" (node_15) is false
[00:36:41.166] [bmv2] [T] [thread 91747] [94.0] [cxt 0] basic.p4(586) Condition "hdr.ipv6.isValid()" (node_17) is true
[00:36:41.166] [bmv2] [T] [thread 91747] [94.0] [cxt 0] Applying table 'MyIngress.ipv6_lpm'
[00:36:41.166] [bmv2] [D] [thread 91747] [94.0] [cxt 0] Looking up key:
* hdr.ipv6.dstAddr    : ff020000000000000000000000000016

[00:36:41.166] [bmv2] [D] [thread 91747] [94.0] [cxt 0] Table 'MyIngress.ipv6_lpm': miss
[00:36:41.166] [bmv2] [D] [thread 91747] [94.0] [cxt 0] Action entry is NoAction - 
[00:36:41.166] [bmv2] [T] [thread 91747] [94.0] [cxt 0] Action NoAction
[00:36:41.166] [bmv2] [D] [thread 91747] [94.0] [cxt 0] Pipeline 'ingress': end
[00:36:41.166] [bmv2] [D] [thread 91747] [94.0] [cxt 0] Egress port is 0
[00:36:41.166] [bmv2] [D] [thread 91748] [93.0] [cxt 0] Pipeline 'egress': start
[00:36:41.166] [bmv2] [T] [thread 91748] [93.0] [cxt 0] basic.p4(684) Condition "standard_metadata.mcast_grp != 0" (node_28) is false
[00:36:41.166] [bmv2] [D] [thread 91748] [93.0] [cxt 0] Pipeline 'egress': end
[00:36:41.166] [bmv2] [D] [thread 91748] [93.0] [cxt 0] Deparser 'deparser': start
[00:36:41.166] [bmv2] [T] [thread 91748] [93.0] [cxt 0] Skipping checksum 'cksum' update because condition not met
[00:36:41.166] [bmv2] [D] [thread 91748] [93.0] [cxt 0] Deparsing header 'ethernet'
[00:36:41.166] [bmv2] [D] [thread 91748] [93.0] [cxt 0] Deparsing header 'ipv6'
[00:36:41.166] [bmv2] [D] [thread 91748] [93.0] [cxt 0] Deparser 'deparser': end
[00:36:41.166] [bmv2] [D] [thread 91748] [94.0] [cxt 0] Pipeline 'egress': start
[00:36:41.166] [bmv2] [T] [thread 91748] [94.0] [cxt 0] basic.p4(684) Condition "standard_metadata.mcast_grp != 0" (node_28) is false
[00:36:41.166] [bmv2] [D] [thread 91748] [94.0] [cxt 0] Pipeline 'egress': end
[00:36:41.166] [bmv2] [D] [thread 91748] [94.0] [cxt 0] Deparser 'deparser': start
[00:36:41.166] [bmv2] [T] [thread 91748] [94.0] [cxt 0] Skipping checksum 'cksum' update because condition not met
[00:36:41.166] [bmv2] [D] [thread 91748] [94.0] [cxt 0] Deparsing header 'ethernet'
[00:36:41.166] [bmv2] [D] [thread 91748] [94.0] [cxt 0] Deparsing header 'ipv6'
[00:36:41.166] [bmv2] [D] [thread 91748] [94.0] [cxt 0] Deparser 'deparser': end
[00:36:41.166] [bmv2] [D] [thread 91752] [93.0] [cxt 0] Transmitting packet of size 90 out of port 0
[00:36:41.166] [bmv2] [D] [thread 91752] [94.0] [cxt 0] Transmitting packet of size 110 out of port 0
[00:36:41.210] [bmv2] [D] [thread 91747] [95.0] [cxt 0] Processing packet received on port 4
[00:36:41.210] [bmv2] [D] [thread 91747] [95.0] [cxt 0] Parser 'parser': start
[00:36:41.210] [bmv2] [D] [thread 91747] [95.0] [cxt 0] Parser 'parser' entering state 'start'
[00:36:41.210] [bmv2] [D] [thread 91747] [95.0] [cxt 0] Extracting header 'ethernet'
[00:36:41.210] [bmv2] [D] [thread 91747] [95.0] [cxt 0] Parser state 'start': key is 86dd
[00:36:41.210] [bmv2] [T] [thread 91747] [95.0] [cxt 0] Bytes parsed: 14
[00:36:41.210] [bmv2] [D] [thread 91747] [95.0] [cxt 0] Parser 'parser' entering state 'parse_ipv6'
[00:36:41.210] [bmv2] [D] [thread 91747] [95.0] [cxt 0] Extracting header 'ipv6'
[00:36:41.210] [bmv2] [D] [thread 91747] [95.0] [cxt 0] Parser state 'parse_ipv6': key is 11
[00:36:41.210] [bmv2] [T] [thread 91747] [95.0] [cxt 0] Bytes parsed: 54
[00:36:41.210] [bmv2] [D] [thread 91747] [95.0] [cxt 0] Parser 'parser': end
[00:36:41.210] [bmv2] [D] [thread 91747] [95.0] [cxt 0] Pipeline 'ingress': start
[00:36:41.210] [bmv2] [T] [thread 91747] [95.0] [cxt 0] basic.p4(560) Condition "hdr.ethernet.etherType == TYPE_ARP" (node_2) is false
[00:36:41.210] [bmv2] [T] [thread 91747] [95.0] [cxt 0] basic.p4(563) Condition "hdr.ethernet.etherType == TYPE_SRCROUTING" (node_4) is false
[00:36:41.210] [bmv2] [T] [thread 91747] [95.0] [cxt 0] basic.p4(576) Condition "hdr.ethernet.etherType == TYPE_YEQUDESU" (node_12) is false
[00:36:41.210] [bmv2] [T] [thread 91747] [95.0] [cxt 0] basic.p4(582) Condition "hdr.vxlan.isValid()" (node_15) is false
[00:36:41.210] [bmv2] [T] [thread 91747] [95.0] [cxt 0] basic.p4(586) Condition "hdr.ipv6.isValid()" (node_17) is true
[00:36:41.210] [bmv2] [T] [thread 91747] [95.0] [cxt 0] Applying table 'MyIngress.ipv6_lpm'
[00:36:41.210] [bmv2] [D] [thread 91747] [95.0] [cxt 0] Looking up key:
* hdr.ipv6.dstAddr    : ff0200000000000000000000000000fb

[00:36:41.210] [bmv2] [D] [thread 91747] [95.0] [cxt 0] Table 'MyIngress.ipv6_lpm': miss
[00:36:41.210] [bmv2] [D] [thread 91747] [95.0] [cxt 0] Action entry is NoAction - 
[00:36:41.210] [bmv2] [T] [thread 91747] [95.0] [cxt 0] Action NoAction
[00:36:41.210] [bmv2] [D] [thread 91747] [95.0] [cxt 0] Pipeline 'ingress': end
[00:36:41.210] [bmv2] [D] [thread 91747] [95.0] [cxt 0] Egress port is 0
[00:36:41.211] [bmv2] [D] [thread 91748] [95.0] [cxt 0] Pipeline 'egress': start
[00:36:41.211] [bmv2] [T] [thread 91748] [95.0] [cxt 0] basic.p4(684) Condition "standard_metadata.mcast_grp != 0" (node_28) is false
[00:36:41.211] [bmv2] [D] [thread 91748] [95.0] [cxt 0] Pipeline 'egress': end
[00:36:41.211] [bmv2] [D] [thread 91748] [95.0] [cxt 0] Deparser 'deparser': start
[00:36:41.211] [bmv2] [T] [thread 91748] [95.0] [cxt 0] Skipping checksum 'cksum' update because condition not met
[00:36:41.211] [bmv2] [D] [thread 91748] [95.0] [cxt 0] Deparsing header 'ethernet'
[00:36:41.211] [bmv2] [D] [thread 91748] [95.0] [cxt 0] Deparsing header 'ipv6'
[00:36:41.211] [bmv2] [D] [thread 91748] [95.0] [cxt 0] Deparser 'deparser': end
[00:36:41.211] [bmv2] [D] [thread 91752] [95.0] [cxt 0] Transmitting packet of size 199 out of port 0
[00:36:41.244] [bmv2] [D] [thread 91747] [96.0] [cxt 0] Processing packet received on port 2
[00:36:41.244] [bmv2] [D] [thread 91747] [96.0] [cxt 0] Parser 'parser': start
[00:36:41.244] [bmv2] [D] [thread 91747] [96.0] [cxt 0] Parser 'parser' entering state 'start'
[00:36:41.244] [bmv2] [D] [thread 91747] [96.0] [cxt 0] Extracting header 'ethernet'
[00:36:41.244] [bmv2] [D] [thread 91747] [96.0] [cxt 0] Parser state 'start': key is 86dd
[00:36:41.244] [bmv2] [T] [thread 91747] [96.0] [cxt 0] Bytes parsed: 14
[00:36:41.244] [bmv2] [D] [thread 91747] [96.0] [cxt 0] Parser 'parser' entering state 'parse_ipv6'
[00:36:41.244] [bmv2] [D] [thread 91747] [96.0] [cxt 0] Extracting header 'ipv6'
[00:36:41.244] [bmv2] [D] [thread 91747] [96.0] [cxt 0] Parser state 'parse_ipv6': key is 11
[00:36:41.244] [bmv2] [T] [thread 91747] [96.0] [cxt 0] Bytes parsed: 54
[00:36:41.244] [bmv2] [D] [thread 91747] [96.0] [cxt 0] Parser 'parser': end
[00:36:41.244] [bmv2] [D] [thread 91747] [96.0] [cxt 0] Pipeline 'ingress': start
[00:36:41.244] [bmv2] [T] [thread 91747] [96.0] [cxt 0] basic.p4(560) Condition "hdr.ethernet.etherType == TYPE_ARP" (node_2) is false
[00:36:41.244] [bmv2] [T] [thread 91747] [96.0] [cxt 0] basic.p4(563) Condition "hdr.ethernet.etherType == TYPE_SRCROUTING" (node_4) is false
[00:36:41.244] [bmv2] [T] [thread 91747] [96.0] [cxt 0] basic.p4(576) Condition "hdr.ethernet.etherType == TYPE_YEQUDESU" (node_12) is false
[00:36:41.244] [bmv2] [T] [thread 91747] [96.0] [cxt 0] basic.p4(582) Condition "hdr.vxlan.isValid()" (node_15) is false
[00:36:41.244] [bmv2] [T] [thread 91747] [96.0] [cxt 0] basic.p4(586) Condition "hdr.ipv6.isValid()" (node_17) is true
[00:36:41.244] [bmv2] [T] [thread 91747] [96.0] [cxt 0] Applying table 'MyIngress.ipv6_lpm'
[00:36:41.244] [bmv2] [D] [thread 91747] [96.0] [cxt 0] Looking up key:
* hdr.ipv6.dstAddr    : ff0200000000000000000000000000fb

[00:36:41.244] [bmv2] [D] [thread 91747] [96.0] [cxt 0] Table 'MyIngress.ipv6_lpm': miss
[00:36:41.244] [bmv2] [D] [thread 91747] [96.0] [cxt 0] Action entry is NoAction - 
[00:36:41.244] [bmv2] [T] [thread 91747] [96.0] [cxt 0] Action NoAction
[00:36:41.244] [bmv2] [D] [thread 91747] [96.0] [cxt 0] Pipeline 'ingress': end
[00:36:41.244] [bmv2] [D] [thread 91747] [96.0] [cxt 0] Egress port is 0
[00:36:41.244] [bmv2] [D] [thread 91748] [96.0] [cxt 0] Pipeline 'egress': start
[00:36:41.244] [bmv2] [T] [thread 91748] [96.0] [cxt 0] basic.p4(684) Condition "standard_metadata.mcast_grp != 0" (node_28) is false
[00:36:41.244] [bmv2] [D] [thread 91748] [96.0] [cxt 0] Pipeline 'egress': end
[00:36:41.244] [bmv2] [D] [thread 91748] [96.0] [cxt 0] Deparser 'deparser': start
[00:36:41.244] [bmv2] [T] [thread 91748] [96.0] [cxt 0] Skipping checksum 'cksum' update because condition not met
[00:36:41.244] [bmv2] [D] [thread 91748] [96.0] [cxt 0] Deparsing header 'ethernet'
[00:36:41.244] [bmv2] [D] [thread 91748] [96.0] [cxt 0] Deparsing header 'ipv6'
[00:36:41.244] [bmv2] [D] [thread 91748] [96.0] [cxt 0] Deparser 'deparser': end
[00:36:41.244] [bmv2] [D] [thread 91752] [96.0] [cxt 0] Transmitting packet of size 203 out of port 0
[00:36:41.276] [bmv2] [D] [thread 91747] [97.0] [cxt 0] Processing packet received on port 1
[00:36:41.276] [bmv2] [D] [thread 91747] [97.0] [cxt 0] Parser 'parser': start
[00:36:41.276] [bmv2] [D] [thread 91747] [97.0] [cxt 0] Parser 'parser' entering state 'start'
[00:36:41.276] [bmv2] [D] [thread 91747] [97.0] [cxt 0] Extracting header 'ethernet'
[00:36:41.276] [bmv2] [D] [thread 91747] [97.0] [cxt 0] Parser state 'start': key is 86dd
[00:36:41.276] [bmv2] [T] [thread 91747] [97.0] [cxt 0] Bytes parsed: 14
[00:36:41.276] [bmv2] [D] [thread 91747] [97.0] [cxt 0] Parser 'parser' entering state 'parse_ipv6'
[00:36:41.276] [bmv2] [D] [thread 91747] [97.0] [cxt 0] Extracting header 'ipv6'
[00:36:41.276] [bmv2] [D] [thread 91747] [97.0] [cxt 0] Parser state 'parse_ipv6': key is 11
[00:36:41.276] [bmv2] [T] [thread 91747] [97.0] [cxt 0] Bytes parsed: 54
[00:36:41.276] [bmv2] [D] [thread 91747] [97.0] [cxt 0] Parser 'parser': end
[00:36:41.276] [bmv2] [D] [thread 91747] [97.0] [cxt 0] Pipeline 'ingress': start
[00:36:41.276] [bmv2] [T] [thread 91747] [97.0] [cxt 0] basic.p4(560) Condition "hdr.ethernet.etherType == TYPE_ARP" (node_2) is false
[00:36:41.276] [bmv2] [T] [thread 91747] [97.0] [cxt 0] basic.p4(563) Condition "hdr.ethernet.etherType == TYPE_SRCROUTING" (node_4) is false
[00:36:41.276] [bmv2] [T] [thread 91747] [97.0] [cxt 0] basic.p4(576) Condition "hdr.ethernet.etherType == TYPE_YEQUDESU" (node_12) is false
[00:36:41.276] [bmv2] [T] [thread 91747] [97.0] [cxt 0] basic.p4(582) Condition "hdr.vxlan.isValid()" (node_15) is false
[00:36:41.276] [bmv2] [T] [thread 91747] [97.0] [cxt 0] basic.p4(586) Condition "hdr.ipv6.isValid()" (node_17) is true
[00:36:41.276] [bmv2] [T] [thread 91747] [97.0] [cxt 0] Applying table 'MyIngress.ipv6_lpm'
[00:36:41.276] [bmv2] [D] [thread 91747] [97.0] [cxt 0] Looking up key:
* hdr.ipv6.dstAddr    : ff0200000000000000000000000000fb

[00:36:41.276] [bmv2] [D] [thread 91747] [97.0] [cxt 0] Table 'MyIngress.ipv6_lpm': miss
[00:36:41.276] [bmv2] [D] [thread 91747] [97.0] [cxt 0] Action entry is NoAction - 
[00:36:41.276] [bmv2] [T] [thread 91747] [97.0] [cxt 0] Action NoAction
[00:36:41.276] [bmv2] [D] [thread 91747] [97.0] [cxt 0] Pipeline 'ingress': end
[00:36:41.276] [bmv2] [D] [thread 91747] [97.0] [cxt 0] Egress port is 0
[00:36:41.276] [bmv2] [D] [thread 91748] [97.0] [cxt 0] Pipeline 'egress': start
[00:36:41.276] [bmv2] [T] [thread 91748] [97.0] [cxt 0] basic.p4(684) Condition "standard_metadata.mcast_grp != 0" (node_28) is false
[00:36:41.276] [bmv2] [D] [thread 91748] [97.0] [cxt 0] Pipeline 'egress': end
[00:36:41.276] [bmv2] [D] [thread 91748] [97.0] [cxt 0] Deparser 'deparser': start
[00:36:41.276] [bmv2] [T] [thread 91748] [97.0] [cxt 0] Skipping checksum 'cksum' update because condition not met
[00:36:41.276] [bmv2] [D] [thread 91748] [97.0] [cxt 0] Deparsing header 'ethernet'
[00:36:41.276] [bmv2] [D] [thread 91748] [97.0] [cxt 0] Deparsing header 'ipv6'
[00:36:41.276] [bmv2] [D] [thread 91748] [97.0] [cxt 0] Deparser 'deparser': end
[00:36:41.276] [bmv2] [D] [thread 91752] [97.0] [cxt 0] Transmitting packet of size 199 out of port 0
[00:36:41.295] [bmv2] [D] [thread 91747] [98.0] [cxt 0] Processing packet received on port 1
[00:36:41.295] [bmv2] [D] [thread 91747] [98.0] [cxt 0] Parser 'parser': start
[00:36:41.295] [bmv2] [D] [thread 91747] [98.0] [cxt 0] Parser 'parser' entering state 'start'
[00:36:41.295] [bmv2] [D] [thread 91747] [98.0] [cxt 0] Extracting header 'ethernet'
[00:36:41.295] [bmv2] [D] [thread 91747] [98.0] [cxt 0] Parser state 'start': key is 86dd
[00:36:41.295] [bmv2] [T] [thread 91747] [98.0] [cxt 0] Bytes parsed: 14
[00:36:41.295] [bmv2] [D] [thread 91747] [98.0] [cxt 0] Parser 'parser' entering state 'parse_ipv6'
[00:36:41.295] [bmv2] [D] [thread 91747] [98.0] [cxt 0] Extracting header 'ipv6'
[00:36:41.295] [bmv2] [D] [thread 91747] [98.0] [cxt 0] Parser state 'parse_ipv6': key is 00
[00:36:41.295] [bmv2] [T] [thread 91747] [98.0] [cxt 0] Bytes parsed: 54
[00:36:41.295] [bmv2] [D] [thread 91747] [98.0] [cxt 0] Parser 'parser': end
[00:36:41.295] [bmv2] [D] [thread 91747] [98.0] [cxt 0] Pipeline 'ingress': start
[00:36:41.295] [bmv2] [T] [thread 91747] [98.0] [cxt 0] basic.p4(560) Condition "hdr.ethernet.etherType == TYPE_ARP" (node_2) is false
[00:36:41.295] [bmv2] [T] [thread 91747] [98.0] [cxt 0] basic.p4(563) Condition "hdr.ethernet.etherType == TYPE_SRCROUTING" (node_4) is false
[00:36:41.295] [bmv2] [T] [thread 91747] [98.0] [cxt 0] basic.p4(576) Condition "hdr.ethernet.etherType == TYPE_YEQUDESU" (node_12) is false
[00:36:41.295] [bmv2] [T] [thread 91747] [98.0] [cxt 0] basic.p4(582) Condition "hdr.vxlan.isValid()" (node_15) is false
[00:36:41.295] [bmv2] [T] [thread 91747] [98.0] [cxt 0] basic.p4(586) Condition "hdr.ipv6.isValid()" (node_17) is true
[00:36:41.295] [bmv2] [T] [thread 91747] [98.0] [cxt 0] Applying table 'MyIngress.ipv6_lpm'
[00:36:41.295] [bmv2] [D] [thread 91747] [98.0] [cxt 0] Looking up key:
* hdr.ipv6.dstAddr    : ff020000000000000000000000000016

[00:36:41.295] [bmv2] [D] [thread 91747] [98.0] [cxt 0] Table 'MyIngress.ipv6_lpm': miss
[00:36:41.295] [bmv2] [D] [thread 91747] [98.0] [cxt 0] Action entry is NoAction - 
[00:36:41.295] [bmv2] [T] [thread 91747] [98.0] [cxt 0] Action NoAction
[00:36:41.295] [bmv2] [D] [thread 91747] [98.0] [cxt 0] Pipeline 'ingress': end
[00:36:41.295] [bmv2] [D] [thread 91747] [98.0] [cxt 0] Egress port is 0
[00:36:41.295] [bmv2] [D] [thread 91747] [99.0] [cxt 0] Processing packet received on port 3
[00:36:41.295] [bmv2] [D] [thread 91747] [99.0] [cxt 0] Parser 'parser': start
[00:36:41.295] [bmv2] [D] [thread 91747] [99.0] [cxt 0] Parser 'parser' entering state 'start'
[00:36:41.295] [bmv2] [D] [thread 91747] [99.0] [cxt 0] Extracting header 'ethernet'
[00:36:41.295] [bmv2] [D] [thread 91747] [99.0] [cxt 0] Parser state 'start': key is 86dd
[00:36:41.295] [bmv2] [T] [thread 91747] [99.0] [cxt 0] Bytes parsed: 14
[00:36:41.295] [bmv2] [D] [thread 91747] [99.0] [cxt 0] Parser 'parser' entering state 'parse_ipv6'
[00:36:41.295] [bmv2] [D] [thread 91747] [99.0] [cxt 0] Extracting header 'ipv6'
[00:36:41.295] [bmv2] [D] [thread 91747] [99.0] [cxt 0] Parser state 'parse_ipv6': key is 00
[00:36:41.295] [bmv2] [T] [thread 91747] [99.0] [cxt 0] Bytes parsed: 54
[00:36:41.295] [bmv2] [D] [thread 91747] [99.0] [cxt 0] Parser 'parser': end
[00:36:41.295] [bmv2] [D] [thread 91747] [99.0] [cxt 0] Pipeline 'ingress': start
[00:36:41.295] [bmv2] [T] [thread 91747] [99.0] [cxt 0] basic.p4(560) Condition "hdr.ethernet.etherType == TYPE_ARP" (node_2) is false
[00:36:41.295] [bmv2] [T] [thread 91747] [99.0] [cxt 0] basic.p4(563) Condition "hdr.ethernet.etherType == TYPE_SRCROUTING" (node_4) is false
[00:36:41.295] [bmv2] [T] [thread 91747] [99.0] [cxt 0] basic.p4(576) Condition "hdr.ethernet.etherType == TYPE_YEQUDESU" (node_12) is false
[00:36:41.295] [bmv2] [T] [thread 91747] [99.0] [cxt 0] basic.p4(582) Condition "hdr.vxlan.isValid()" (node_15) is false
[00:36:41.295] [bmv2] [T] [thread 91747] [99.0] [cxt 0] basic.p4(586) Condition "hdr.ipv6.isValid()" (node_17) is true
[00:36:41.295] [bmv2] [T] [thread 91747] [99.0] [cxt 0] Applying table 'MyIngress.ipv6_lpm'
[00:36:41.295] [bmv2] [D] [thread 91747] [99.0] [cxt 0] Looking up key:
* hdr.ipv6.dstAddr    : ff020000000000000000000000000016

[00:36:41.295] [bmv2] [D] [thread 91747] [99.0] [cxt 0] Table 'MyIngress.ipv6_lpm': miss
[00:36:41.295] [bmv2] [D] [thread 91747] [99.0] [cxt 0] Action entry is NoAction - 
[00:36:41.295] [bmv2] [T] [thread 91747] [99.0] [cxt 0] Action NoAction
[00:36:41.295] [bmv2] [D] [thread 91747] [99.0] [cxt 0] Pipeline 'ingress': end
[00:36:41.295] [bmv2] [D] [thread 91747] [99.0] [cxt 0] Egress port is 0
[00:36:41.295] [bmv2] [D] [thread 91748] [98.0] [cxt 0] Pipeline 'egress': start
[00:36:41.295] [bmv2] [T] [thread 91748] [98.0] [cxt 0] basic.p4(684) Condition "standard_metadata.mcast_grp != 0" (node_28) is false
[00:36:41.295] [bmv2] [D] [thread 91748] [98.0] [cxt 0] Pipeline 'egress': end
[00:36:41.295] [bmv2] [D] [thread 91748] [98.0] [cxt 0] Deparser 'deparser': start
[00:36:41.295] [bmv2] [T] [thread 91748] [98.0] [cxt 0] Skipping checksum 'cksum' update because condition not met
[00:36:41.295] [bmv2] [D] [thread 91748] [98.0] [cxt 0] Deparsing header 'ethernet'
[00:36:41.295] [bmv2] [D] [thread 91748] [98.0] [cxt 0] Deparsing header 'ipv6'
[00:36:41.295] [bmv2] [D] [thread 91748] [98.0] [cxt 0] Deparser 'deparser': end
[00:36:41.295] [bmv2] [D] [thread 91748] [99.0] [cxt 0] Pipeline 'egress': start
[00:36:41.295] [bmv2] [T] [thread 91748] [99.0] [cxt 0] basic.p4(684) Condition "standard_metadata.mcast_grp != 0" (node_28) is false
[00:36:41.295] [bmv2] [D] [thread 91748] [99.0] [cxt 0] Pipeline 'egress': end
[00:36:41.295] [bmv2] [D] [thread 91748] [99.0] [cxt 0] Deparser 'deparser': start
[00:36:41.295] [bmv2] [T] [thread 91748] [99.0] [cxt 0] Skipping checksum 'cksum' update because condition not met
[00:36:41.295] [bmv2] [D] [thread 91748] [99.0] [cxt 0] Deparsing header 'ethernet'
[00:36:41.295] [bmv2] [D] [thread 91748] [99.0] [cxt 0] Deparsing header 'ipv6'
[00:36:41.295] [bmv2] [D] [thread 91748] [99.0] [cxt 0] Deparser 'deparser': end
[00:36:41.295] [bmv2] [D] [thread 91752] [98.0] [cxt 0] Transmitting packet of size 110 out of port 0
[00:36:41.295] [bmv2] [D] [thread 91752] [99.0] [cxt 0] Transmitting packet of size 110 out of port 0
[00:36:41.340] [bmv2] [D] [thread 91747] [100.0] [cxt 0] Processing packet received on port 3
[00:36:41.340] [bmv2] [D] [thread 91747] [100.0] [cxt 0] Parser 'parser': start
[00:36:41.340] [bmv2] [D] [thread 91747] [100.0] [cxt 0] Parser 'parser' entering state 'start'
[00:36:41.340] [bmv2] [D] [thread 91747] [100.0] [cxt 0] Extracting header 'ethernet'
[00:36:41.340] [bmv2] [D] [thread 91747] [100.0] [cxt 0] Parser state 'start': key is 86dd
[00:36:41.340] [bmv2] [T] [thread 91747] [100.0] [cxt 0] Bytes parsed: 14
[00:36:41.340] [bmv2] [D] [thread 91747] [100.0] [cxt 0] Parser 'parser' entering state 'parse_ipv6'
[00:36:41.340] [bmv2] [D] [thread 91747] [100.0] [cxt 0] Extracting header 'ipv6'
[00:36:41.340] [bmv2] [D] [thread 91747] [100.0] [cxt 0] Parser state 'parse_ipv6': key is 11
[00:36:41.340] [bmv2] [T] [thread 91747] [100.0] [cxt 0] Bytes parsed: 54
[00:36:41.340] [bmv2] [D] [thread 91747] [100.0] [cxt 0] Parser 'parser': end
[00:36:41.340] [bmv2] [D] [thread 91747] [100.0] [cxt 0] Pipeline 'ingress': start
[00:36:41.340] [bmv2] [T] [thread 91747] [100.0] [cxt 0] basic.p4(560) Condition "hdr.ethernet.etherType == TYPE_ARP" (node_2) is false
[00:36:41.340] [bmv2] [T] [thread 91747] [100.0] [cxt 0] basic.p4(563) Condition "hdr.ethernet.etherType == TYPE_SRCROUTING" (node_4) is false
[00:36:41.340] [bmv2] [T] [thread 91747] [100.0] [cxt 0] basic.p4(576) Condition "hdr.ethernet.etherType == TYPE_YEQUDESU" (node_12) is false
[00:36:41.340] [bmv2] [T] [thread 91747] [100.0] [cxt 0] basic.p4(582) Condition "hdr.vxlan.isValid()" (node_15) is false
[00:36:41.340] [bmv2] [T] [thread 91747] [100.0] [cxt 0] basic.p4(586) Condition "hdr.ipv6.isValid()" (node_17) is true
[00:36:41.340] [bmv2] [T] [thread 91747] [100.0] [cxt 0] Applying table 'MyIngress.ipv6_lpm'
[00:36:41.340] [bmv2] [D] [thread 91747] [100.0] [cxt 0] Looking up key:
* hdr.ipv6.dstAddr    : ff0200000000000000000000000000fb

[00:36:41.340] [bmv2] [D] [thread 91747] [100.0] [cxt 0] Table 'MyIngress.ipv6_lpm': miss
[00:36:41.340] [bmv2] [D] [thread 91747] [100.0] [cxt 0] Action entry is NoAction - 
[00:36:41.341] [bmv2] [T] [thread 91747] [100.0] [cxt 0] Action NoAction
[00:36:41.341] [bmv2] [D] [thread 91747] [100.0] [cxt 0] Pipeline 'ingress': end
[00:36:41.341] [bmv2] [D] [thread 91747] [100.0] [cxt 0] Egress port is 0
[00:36:41.341] [bmv2] [D] [thread 91748] [100.0] [cxt 0] Pipeline 'egress': start
[00:36:41.341] [bmv2] [T] [thread 91748] [100.0] [cxt 0] basic.p4(684) Condition "standard_metadata.mcast_grp != 0" (node_28) is false
[00:36:41.341] [bmv2] [D] [thread 91748] [100.0] [cxt 0] Pipeline 'egress': end
[00:36:41.341] [bmv2] [D] [thread 91748] [100.0] [cxt 0] Deparser 'deparser': start
[00:36:41.341] [bmv2] [T] [thread 91748] [100.0] [cxt 0] Skipping checksum 'cksum' update because condition not met
[00:36:41.341] [bmv2] [D] [thread 91748] [100.0] [cxt 0] Deparsing header 'ethernet'
[00:36:41.341] [bmv2] [D] [thread 91748] [100.0] [cxt 0] Deparsing header 'ipv6'
[00:36:41.341] [bmv2] [D] [thread 91748] [100.0] [cxt 0] Deparser 'deparser': end
[00:36:41.341] [bmv2] [D] [thread 91752] [100.0] [cxt 0] Transmitting packet of size 199 out of port 0
[00:36:41.358] [bmv2] [D] [thread 91747] [101.0] [cxt 0] Processing packet received on port 1
[00:36:41.358] [bmv2] [D] [thread 91747] [101.0] [cxt 0] Parser 'parser': start
[00:36:41.358] [bmv2] [D] [thread 91747] [101.0] [cxt 0] Parser 'parser' entering state 'start'
[00:36:41.358] [bmv2] [D] [thread 91747] [101.0] [cxt 0] Extracting header 'ethernet'
[00:36:41.358] [bmv2] [D] [thread 91747] [101.0] [cxt 0] Parser state 'start': key is 86dd
[00:36:41.358] [bmv2] [T] [thread 91747] [101.0] [cxt 0] Bytes parsed: 14
[00:36:41.358] [bmv2] [D] [thread 91747] [101.0] [cxt 0] Parser 'parser' entering state 'parse_ipv6'
[00:36:41.358] [bmv2] [D] [thread 91747] [101.0] [cxt 0] Extracting header 'ipv6'
[00:36:41.358] [bmv2] [D] [thread 91747] [101.0] [cxt 0] Parser state 'parse_ipv6': key is 00
[00:36:41.358] [bmv2] [T] [thread 91747] [101.0] [cxt 0] Bytes parsed: 54
[00:36:41.358] [bmv2] [D] [thread 91747] [101.0] [cxt 0] Parser 'parser': end
[00:36:41.358] [bmv2] [D] [thread 91747] [101.0] [cxt 0] Pipeline 'ingress': start
[00:36:41.358] [bmv2] [T] [thread 91747] [101.0] [cxt 0] basic.p4(560) Condition "hdr.ethernet.etherType == TYPE_ARP" (node_2) is false
[00:36:41.358] [bmv2] [T] [thread 91747] [101.0] [cxt 0] basic.p4(563) Condition "hdr.ethernet.etherType == TYPE_SRCROUTING" (node_4) is false
[00:36:41.358] [bmv2] [T] [thread 91747] [101.0] [cxt 0] basic.p4(576) Condition "hdr.ethernet.etherType == TYPE_YEQUDESU" (node_12) is false
[00:36:41.358] [bmv2] [T] [thread 91747] [101.0] [cxt 0] basic.p4(582) Condition "hdr.vxlan.isValid()" (node_15) is false
[00:36:41.358] [bmv2] [T] [thread 91747] [101.0] [cxt 0] basic.p4(586) Condition "hdr.ipv6.isValid()" (node_17) is true
[00:36:41.358] [bmv2] [T] [thread 91747] [101.0] [cxt 0] Applying table 'MyIngress.ipv6_lpm'
[00:36:41.358] [bmv2] [D] [thread 91747] [101.0] [cxt 0] Looking up key:
* hdr.ipv6.dstAddr    : ff020000000000000000000000000016

[00:36:41.358] [bmv2] [D] [thread 91747] [101.0] [cxt 0] Table 'MyIngress.ipv6_lpm': miss
[00:36:41.358] [bmv2] [D] [thread 91747] [101.0] [cxt 0] Action entry is NoAction - 
[00:36:41.358] [bmv2] [T] [thread 91747] [101.0] [cxt 0] Action NoAction
[00:36:41.358] [bmv2] [D] [thread 91747] [101.0] [cxt 0] Pipeline 'ingress': end
[00:36:41.358] [bmv2] [D] [thread 91747] [101.0] [cxt 0] Egress port is 0
[00:36:41.358] [bmv2] [D] [thread 91747] [102.0] [cxt 0] Processing packet received on port 4
[00:36:41.358] [bmv2] [D] [thread 91747] [102.0] [cxt 0] Parser 'parser': start
[00:36:41.358] [bmv2] [D] [thread 91747] [102.0] [cxt 0] Parser 'parser' entering state 'start'
[00:36:41.358] [bmv2] [D] [thread 91747] [102.0] [cxt 0] Extracting header 'ethernet'
[00:36:41.358] [bmv2] [D] [thread 91747] [102.0] [cxt 0] Parser state 'start': key is 86dd
[00:36:41.358] [bmv2] [T] [thread 91747] [102.0] [cxt 0] Bytes parsed: 14
[00:36:41.358] [bmv2] [D] [thread 91747] [102.0] [cxt 0] Parser 'parser' entering state 'parse_ipv6'
[00:36:41.358] [bmv2] [D] [thread 91747] [102.0] [cxt 0] Extracting header 'ipv6'
[00:36:41.358] [bmv2] [D] [thread 91747] [102.0] [cxt 0] Parser state 'parse_ipv6': key is 00
[00:36:41.358] [bmv2] [T] [thread 91747] [102.0] [cxt 0] Bytes parsed: 54
[00:36:41.358] [bmv2] [D] [thread 91747] [102.0] [cxt 0] Parser 'parser': end
[00:36:41.358] [bmv2] [D] [thread 91747] [102.0] [cxt 0] Pipeline 'ingress': start
[00:36:41.358] [bmv2] [T] [thread 91747] [102.0] [cxt 0] basic.p4(560) Condition "hdr.ethernet.etherType == TYPE_ARP" (node_2) is false
[00:36:41.358] [bmv2] [T] [thread 91747] [102.0] [cxt 0] basic.p4(563) Condition "hdr.ethernet.etherType == TYPE_SRCROUTING" (node_4) is false
[00:36:41.358] [bmv2] [T] [thread 91747] [102.0] [cxt 0] basic.p4(576) Condition "hdr.ethernet.etherType == TYPE_YEQUDESU" (node_12) is false
[00:36:41.358] [bmv2] [T] [thread 91747] [102.0] [cxt 0] basic.p4(582) Condition "hdr.vxlan.isValid()" (node_15) is false
[00:36:41.358] [bmv2] [T] [thread 91747] [102.0] [cxt 0] basic.p4(586) Condition "hdr.ipv6.isValid()" (node_17) is true
[00:36:41.358] [bmv2] [T] [thread 91747] [102.0] [cxt 0] Applying table 'MyIngress.ipv6_lpm'
[00:36:41.358] [bmv2] [D] [thread 91747] [102.0] [cxt 0] Looking up key:
* hdr.ipv6.dstAddr    : ff020000000000000000000000000016

[00:36:41.358] [bmv2] [D] [thread 91747] [102.0] [cxt 0] Table 'MyIngress.ipv6_lpm': miss
[00:36:41.358] [bmv2] [D] [thread 91747] [102.0] [cxt 0] Action entry is NoAction - 
[00:36:41.358] [bmv2] [T] [thread 91747] [102.0] [cxt 0] Action NoAction
[00:36:41.358] [bmv2] [D] [thread 91747] [102.0] [cxt 0] Pipeline 'ingress': end
[00:36:41.358] [bmv2] [D] [thread 91747] [102.0] [cxt 0] Egress port is 0
[00:36:41.358] [bmv2] [D] [thread 91747] [103.0] [cxt 0] Processing packet received on port 4
[00:36:41.358] [bmv2] [D] [thread 91747] [103.0] [cxt 0] Parser 'parser': start
[00:36:41.358] [bmv2] [D] [thread 91747] [103.0] [cxt 0] Parser 'parser' entering state 'start'
[00:36:41.358] [bmv2] [D] [thread 91747] [103.0] [cxt 0] Extracting header 'ethernet'
[00:36:41.358] [bmv2] [D] [thread 91747] [103.0] [cxt 0] Parser state 'start': key is 86dd
[00:36:41.358] [bmv2] [T] [thread 91747] [103.0] [cxt 0] Bytes parsed: 14
[00:36:41.358] [bmv2] [D] [thread 91747] [103.0] [cxt 0] Parser 'parser' entering state 'parse_ipv6'
[00:36:41.358] [bmv2] [D] [thread 91747] [103.0] [cxt 0] Extracting header 'ipv6'
[00:36:41.358] [bmv2] [D] [thread 91747] [103.0] [cxt 0] Parser state 'parse_ipv6': key is 00
[00:36:41.358] [bmv2] [T] [thread 91747] [103.0] [cxt 0] Bytes parsed: 54
[00:36:41.358] [bmv2] [D] [thread 91747] [103.0] [cxt 0] Parser 'parser': end
[00:36:41.358] [bmv2] [D] [thread 91747] [103.0] [cxt 0] Pipeline 'ingress': start
[00:36:41.358] [bmv2] [T] [thread 91747] [103.0] [cxt 0] basic.p4(560) Condition "hdr.ethernet.etherType == TYPE_ARP" (node_2) is false
[00:36:41.358] [bmv2] [T] [thread 91747] [103.0] [cxt 0] basic.p4(563) Condition "hdr.ethernet.etherType == TYPE_SRCROUTING" (node_4) is false
[00:36:41.358] [bmv2] [T] [thread 91747] [103.0] [cxt 0] basic.p4(576) Condition "hdr.ethernet.etherType == TYPE_YEQUDESU" (node_12) is false
[00:36:41.358] [bmv2] [T] [thread 91747] [103.0] [cxt 0] basic.p4(582) Condition "hdr.vxlan.isValid()" (node_15) is false
[00:36:41.358] [bmv2] [T] [thread 91747] [103.0] [cxt 0] basic.p4(586) Condition "hdr.ipv6.isValid()" (node_17) is true
[00:36:41.358] [bmv2] [T] [thread 91747] [103.0] [cxt 0] Applying table 'MyIngress.ipv6_lpm'
[00:36:41.358] [bmv2] [D] [thread 91747] [103.0] [cxt 0] Looking up key:
* hdr.ipv6.dstAddr    : ff020000000000000000000000000016

[00:36:41.358] [bmv2] [D] [thread 91747] [103.0] [cxt 0] Table 'MyIngress.ipv6_lpm': miss
[00:36:41.358] [bmv2] [D] [thread 91747] [103.0] [cxt 0] Action entry is NoAction - 
[00:36:41.358] [bmv2] [T] [thread 91747] [103.0] [cxt 0] Action NoAction
[00:36:41.358] [bmv2] [D] [thread 91747] [103.0] [cxt 0] Pipeline 'ingress': end
[00:36:41.358] [bmv2] [D] [thread 91747] [103.0] [cxt 0] Egress port is 0
[00:36:41.358] [bmv2] [D] [thread 91748] [101.0] [cxt 0] Pipeline 'egress': start
[00:36:41.358] [bmv2] [T] [thread 91748] [101.0] [cxt 0] basic.p4(684) Condition "standard_metadata.mcast_grp != 0" (node_28) is false
[00:36:41.358] [bmv2] [D] [thread 91748] [101.0] [cxt 0] Pipeline 'egress': end
[00:36:41.358] [bmv2] [D] [thread 91748] [101.0] [cxt 0] Deparser 'deparser': start
[00:36:41.358] [bmv2] [T] [thread 91748] [101.0] [cxt 0] Skipping checksum 'cksum' update because condition not met
[00:36:41.358] [bmv2] [D] [thread 91748] [101.0] [cxt 0] Deparsing header 'ethernet'
[00:36:41.358] [bmv2] [D] [thread 91748] [101.0] [cxt 0] Deparsing header 'ipv6'
[00:36:41.358] [bmv2] [D] [thread 91748] [101.0] [cxt 0] Deparser 'deparser': end
[00:36:41.358] [bmv2] [D] [thread 91752] [101.0] [cxt 0] Transmitting packet of size 90 out of port 0
[00:36:41.358] [bmv2] [D] [thread 91748] [102.0] [cxt 0] Pipeline 'egress': start
[00:36:41.358] [bmv2] [T] [thread 91748] [102.0] [cxt 0] basic.p4(684) Condition "standard_metadata.mcast_grp != 0" (node_28) is false
[00:36:41.358] [bmv2] [D] [thread 91748] [102.0] [cxt 0] Pipeline 'egress': end
[00:36:41.358] [bmv2] [D] [thread 91748] [102.0] [cxt 0] Deparser 'deparser': start
[00:36:41.358] [bmv2] [T] [thread 91748] [102.0] [cxt 0] Skipping checksum 'cksum' update because condition not met
[00:36:41.358] [bmv2] [D] [thread 91748] [102.0] [cxt 0] Deparsing header 'ethernet'
[00:36:41.358] [bmv2] [D] [thread 91748] [102.0] [cxt 0] Deparsing header 'ipv6'
[00:36:41.358] [bmv2] [D] [thread 91748] [102.0] [cxt 0] Deparser 'deparser': end
[00:36:41.359] [bmv2] [D] [thread 91752] [102.0] [cxt 0] Transmitting packet of size 110 out of port 0
[00:36:41.359] [bmv2] [D] [thread 91748] [103.0] [cxt 0] Pipeline 'egress': start
[00:36:41.359] [bmv2] [T] [thread 91748] [103.0] [cxt 0] basic.p4(684) Condition "standard_metadata.mcast_grp != 0" (node_28) is false
[00:36:41.359] [bmv2] [D] [thread 91748] [103.0] [cxt 0] Pipeline 'egress': end
[00:36:41.359] [bmv2] [D] [thread 91748] [103.0] [cxt 0] Deparser 'deparser': start
[00:36:41.359] [bmv2] [T] [thread 91748] [103.0] [cxt 0] Skipping checksum 'cksum' update because condition not met
[00:36:41.359] [bmv2] [D] [thread 91748] [103.0] [cxt 0] Deparsing header 'ethernet'
[00:36:41.359] [bmv2] [D] [thread 91748] [103.0] [cxt 0] Deparsing header 'ipv6'
[00:36:41.359] [bmv2] [D] [thread 91748] [103.0] [cxt 0] Deparser 'deparser': end
[00:36:41.359] [bmv2] [D] [thread 91752] [103.0] [cxt 0] Transmitting packet of size 90 out of port 0
[00:36:41.436] [bmv2] [D] [thread 91747] [104.0] [cxt 0] Processing packet received on port 5
[00:36:41.436] [bmv2] [D] [thread 91747] [104.0] [cxt 0] Parser 'parser': start
[00:36:41.436] [bmv2] [D] [thread 91747] [104.0] [cxt 0] Parser 'parser' entering state 'start'
[00:36:41.436] [bmv2] [D] [thread 91747] [104.0] [cxt 0] Extracting header 'ethernet'
[00:36:41.437] [bmv2] [D] [thread 91747] [104.0] [cxt 0] Parser state 'start': key is 86dd
[00:36:41.437] [bmv2] [T] [thread 91747] [104.0] [cxt 0] Bytes parsed: 14
[00:36:41.437] [bmv2] [D] [thread 91747] [104.0] [cxt 0] Parser 'parser' entering state 'parse_ipv6'
[00:36:41.437] [bmv2] [D] [thread 91747] [104.0] [cxt 0] Extracting header 'ipv6'
[00:36:41.437] [bmv2] [D] [thread 91747] [104.0] [cxt 0] Parser state 'parse_ipv6': key is 11
[00:36:41.437] [bmv2] [T] [thread 91747] [104.0] [cxt 0] Bytes parsed: 54
[00:36:41.437] [bmv2] [D] [thread 91747] [104.0] [cxt 0] Parser 'parser': end
[00:36:41.437] [bmv2] [D] [thread 91747] [104.0] [cxt 0] Pipeline 'ingress': start
[00:36:41.437] [bmv2] [T] [thread 91747] [104.0] [cxt 0] basic.p4(560) Condition "hdr.ethernet.etherType == TYPE_ARP" (node_2) is false
[00:36:41.437] [bmv2] [T] [thread 91747] [104.0] [cxt 0] basic.p4(563) Condition "hdr.ethernet.etherType == TYPE_SRCROUTING" (node_4) is false
[00:36:41.437] [bmv2] [T] [thread 91747] [104.0] [cxt 0] basic.p4(576) Condition "hdr.ethernet.etherType == TYPE_YEQUDESU" (node_12) is false
[00:36:41.437] [bmv2] [T] [thread 91747] [104.0] [cxt 0] basic.p4(582) Condition "hdr.vxlan.isValid()" (node_15) is false
[00:36:41.437] [bmv2] [T] [thread 91747] [104.0] [cxt 0] basic.p4(586) Condition "hdr.ipv6.isValid()" (node_17) is true
[00:36:41.437] [bmv2] [T] [thread 91747] [104.0] [cxt 0] Applying table 'MyIngress.ipv6_lpm'
[00:36:41.437] [bmv2] [D] [thread 91747] [104.0] [cxt 0] Looking up key:
* hdr.ipv6.dstAddr    : ff0200000000000000000000000000fb

[00:36:41.437] [bmv2] [D] [thread 91747] [104.0] [cxt 0] Table 'MyIngress.ipv6_lpm': miss
[00:36:41.437] [bmv2] [D] [thread 91747] [104.0] [cxt 0] Action entry is NoAction - 
[00:36:41.437] [bmv2] [T] [thread 91747] [104.0] [cxt 0] Action NoAction
[00:36:41.437] [bmv2] [D] [thread 91747] [104.0] [cxt 0] Pipeline 'ingress': end
[00:36:41.437] [bmv2] [D] [thread 91747] [104.0] [cxt 0] Egress port is 0
[00:36:41.437] [bmv2] [D] [thread 91748] [104.0] [cxt 0] Pipeline 'egress': start
[00:36:41.437] [bmv2] [T] [thread 91748] [104.0] [cxt 0] basic.p4(684) Condition "standard_metadata.mcast_grp != 0" (node_28) is false
[00:36:41.437] [bmv2] [D] [thread 91748] [104.0] [cxt 0] Pipeline 'egress': end
[00:36:41.437] [bmv2] [D] [thread 91748] [104.0] [cxt 0] Deparser 'deparser': start
[00:36:41.437] [bmv2] [T] [thread 91748] [104.0] [cxt 0] Skipping checksum 'cksum' update because condition not met
[00:36:41.437] [bmv2] [D] [thread 91748] [104.0] [cxt 0] Deparsing header 'ethernet'
[00:36:41.437] [bmv2] [D] [thread 91748] [104.0] [cxt 0] Deparsing header 'ipv6'
[00:36:41.437] [bmv2] [D] [thread 91748] [104.0] [cxt 0] Deparser 'deparser': end
[00:36:41.437] [bmv2] [D] [thread 91752] [104.0] [cxt 0] Transmitting packet of size 203 out of port 0
[00:36:41.500] [bmv2] [D] [thread 91747] [105.0] [cxt 0] Processing packet received on port 4
[00:36:41.500] [bmv2] [D] [thread 91747] [105.0] [cxt 0] Parser 'parser': start
[00:36:41.500] [bmv2] [D] [thread 91747] [105.0] [cxt 0] Parser 'parser' entering state 'start'
[00:36:41.500] [bmv2] [D] [thread 91747] [105.0] [cxt 0] Extracting header 'ethernet'
[00:36:41.500] [bmv2] [D] [thread 91747] [105.0] [cxt 0] Parser state 'start': key is 86dd
[00:36:41.500] [bmv2] [T] [thread 91747] [105.0] [cxt 0] Bytes parsed: 14
[00:36:41.500] [bmv2] [D] [thread 91747] [105.0] [cxt 0] Parser 'parser' entering state 'parse_ipv6'
[00:36:41.500] [bmv2] [D] [thread 91747] [105.0] [cxt 0] Extracting header 'ipv6'
[00:36:41.500] [bmv2] [D] [thread 91747] [105.0] [cxt 0] Parser state 'parse_ipv6': key is 11
[00:36:41.500] [bmv2] [T] [thread 91747] [105.0] [cxt 0] Bytes parsed: 54
[00:36:41.500] [bmv2] [D] [thread 91747] [105.0] [cxt 0] Parser 'parser': end
[00:36:41.500] [bmv2] [D] [thread 91747] [105.0] [cxt 0] Pipeline 'ingress': start
[00:36:41.500] [bmv2] [T] [thread 91747] [105.0] [cxt 0] basic.p4(560) Condition "hdr.ethernet.etherType == TYPE_ARP" (node_2) is false
[00:36:41.500] [bmv2] [T] [thread 91747] [105.0] [cxt 0] basic.p4(563) Condition "hdr.ethernet.etherType == TYPE_SRCROUTING" (node_4) is false
[00:36:41.500] [bmv2] [T] [thread 91747] [105.0] [cxt 0] basic.p4(576) Condition "hdr.ethernet.etherType == TYPE_YEQUDESU" (node_12) is false
[00:36:41.500] [bmv2] [T] [thread 91747] [105.0] [cxt 0] basic.p4(582) Condition "hdr.vxlan.isValid()" (node_15) is false
[00:36:41.500] [bmv2] [T] [thread 91747] [105.0] [cxt 0] basic.p4(586) Condition "hdr.ipv6.isValid()" (node_17) is true
[00:36:41.500] [bmv2] [T] [thread 91747] [105.0] [cxt 0] Applying table 'MyIngress.ipv6_lpm'
[00:36:41.500] [bmv2] [D] [thread 91747] [105.0] [cxt 0] Looking up key:
* hdr.ipv6.dstAddr    : ff0200000000000000000000000000fb

[00:36:41.500] [bmv2] [D] [thread 91747] [105.0] [cxt 0] Table 'MyIngress.ipv6_lpm': miss
[00:36:41.500] [bmv2] [D] [thread 91747] [105.0] [cxt 0] Action entry is NoAction - 
[00:36:41.500] [bmv2] [T] [thread 91747] [105.0] [cxt 0] Action NoAction
[00:36:41.500] [bmv2] [D] [thread 91747] [105.0] [cxt 0] Pipeline 'ingress': end
[00:36:41.500] [bmv2] [D] [thread 91747] [105.0] [cxt 0] Egress port is 0
[00:36:41.500] [bmv2] [D] [thread 91748] [105.0] [cxt 0] Pipeline 'egress': start
[00:36:41.500] [bmv2] [T] [thread 91748] [105.0] [cxt 0] basic.p4(684) Condition "standard_metadata.mcast_grp != 0" (node_28) is false
[00:36:41.500] [bmv2] [D] [thread 91748] [105.0] [cxt 0] Pipeline 'egress': end
[00:36:41.500] [bmv2] [D] [thread 91748] [105.0] [cxt 0] Deparser 'deparser': start
[00:36:41.500] [bmv2] [T] [thread 91748] [105.0] [cxt 0] Skipping checksum 'cksum' update because condition not met
[00:36:41.500] [bmv2] [D] [thread 91748] [105.0] [cxt 0] Deparsing header 'ethernet'
[00:36:41.500] [bmv2] [D] [thread 91748] [105.0] [cxt 0] Deparsing header 'ipv6'
[00:36:41.500] [bmv2] [D] [thread 91748] [105.0] [cxt 0] Deparser 'deparser': end
[00:36:41.500] [bmv2] [D] [thread 91752] [105.0] [cxt 0] Transmitting packet of size 203 out of port 0
[00:36:41.565] [bmv2] [D] [thread 91747] [106.0] [cxt 0] Processing packet received on port 1
[00:36:41.565] [bmv2] [D] [thread 91747] [106.0] [cxt 0] Parser 'parser': start
[00:36:41.565] [bmv2] [D] [thread 91747] [106.0] [cxt 0] Parser 'parser' entering state 'start'
[00:36:41.565] [bmv2] [D] [thread 91747] [106.0] [cxt 0] Extracting header 'ethernet'
[00:36:41.565] [bmv2] [D] [thread 91747] [106.0] [cxt 0] Parser state 'start': key is 86dd
[00:36:41.565] [bmv2] [T] [thread 91747] [106.0] [cxt 0] Bytes parsed: 14
[00:36:41.565] [bmv2] [D] [thread 91747] [106.0] [cxt 0] Parser 'parser' entering state 'parse_ipv6'
[00:36:41.565] [bmv2] [D] [thread 91747] [106.0] [cxt 0] Extracting header 'ipv6'
[00:36:41.565] [bmv2] [D] [thread 91747] [106.0] [cxt 0] Parser state 'parse_ipv6': key is 11
[00:36:41.565] [bmv2] [T] [thread 91747] [106.0] [cxt 0] Bytes parsed: 54
[00:36:41.565] [bmv2] [D] [thread 91747] [106.0] [cxt 0] Parser 'parser': end
[00:36:41.565] [bmv2] [D] [thread 91747] [106.0] [cxt 0] Pipeline 'ingress': start
[00:36:41.565] [bmv2] [T] [thread 91747] [106.0] [cxt 0] basic.p4(560) Condition "hdr.ethernet.etherType == TYPE_ARP" (node_2) is false
[00:36:41.565] [bmv2] [T] [thread 91747] [106.0] [cxt 0] basic.p4(563) Condition "hdr.ethernet.etherType == TYPE_SRCROUTING" (node_4) is false
[00:36:41.565] [bmv2] [T] [thread 91747] [106.0] [cxt 0] basic.p4(576) Condition "hdr.ethernet.etherType == TYPE_YEQUDESU" (node_12) is false
[00:36:41.565] [bmv2] [T] [thread 91747] [106.0] [cxt 0] basic.p4(582) Condition "hdr.vxlan.isValid()" (node_15) is false
[00:36:41.565] [bmv2] [T] [thread 91747] [106.0] [cxt 0] basic.p4(586) Condition "hdr.ipv6.isValid()" (node_17) is true
[00:36:41.565] [bmv2] [T] [thread 91747] [106.0] [cxt 0] Applying table 'MyIngress.ipv6_lpm'
[00:36:41.565] [bmv2] [D] [thread 91747] [106.0] [cxt 0] Looking up key:
* hdr.ipv6.dstAddr    : ff0200000000000000000000000000fb

[00:36:41.565] [bmv2] [D] [thread 91747] [106.0] [cxt 0] Table 'MyIngress.ipv6_lpm': miss
[00:36:41.565] [bmv2] [D] [thread 91747] [106.0] [cxt 0] Action entry is NoAction - 
[00:36:41.565] [bmv2] [T] [thread 91747] [106.0] [cxt 0] Action NoAction
[00:36:41.565] [bmv2] [D] [thread 91747] [106.0] [cxt 0] Pipeline 'ingress': end
[00:36:41.565] [bmv2] [D] [thread 91747] [106.0] [cxt 0] Egress port is 0
[00:36:41.565] [bmv2] [D] [thread 91748] [106.0] [cxt 0] Pipeline 'egress': start
[00:36:41.565] [bmv2] [T] [thread 91748] [106.0] [cxt 0] basic.p4(684) Condition "standard_metadata.mcast_grp != 0" (node_28) is false
[00:36:41.565] [bmv2] [D] [thread 91748] [106.0] [cxt 0] Pipeline 'egress': end
[00:36:41.565] [bmv2] [D] [thread 91748] [106.0] [cxt 0] Deparser 'deparser': start
[00:36:41.565] [bmv2] [T] [thread 91748] [106.0] [cxt 0] Skipping checksum 'cksum' update because condition not met
[00:36:41.565] [bmv2] [D] [thread 91748] [106.0] [cxt 0] Deparsing header 'ethernet'
[00:36:41.565] [bmv2] [D] [thread 91748] [106.0] [cxt 0] Deparsing header 'ipv6'
[00:36:41.565] [bmv2] [D] [thread 91748] [106.0] [cxt 0] Deparser 'deparser': end
[00:36:41.565] [bmv2] [D] [thread 91752] [106.0] [cxt 0] Transmitting packet of size 203 out of port 0
[00:36:41.628] [bmv2] [D] [thread 91747] [107.0] [cxt 0] Processing packet received on port 3
[00:36:41.628] [bmv2] [D] [thread 91747] [107.0] [cxt 0] Parser 'parser': start
[00:36:41.628] [bmv2] [D] [thread 91747] [107.0] [cxt 0] Parser 'parser' entering state 'start'
[00:36:41.628] [bmv2] [D] [thread 91747] [107.0] [cxt 0] Extracting header 'ethernet'
[00:36:41.628] [bmv2] [D] [thread 91747] [107.0] [cxt 0] Parser state 'start': key is 86dd
[00:36:41.628] [bmv2] [T] [thread 91747] [107.0] [cxt 0] Bytes parsed: 14
[00:36:41.628] [bmv2] [D] [thread 91747] [107.0] [cxt 0] Parser 'parser' entering state 'parse_ipv6'
[00:36:41.628] [bmv2] [D] [thread 91747] [107.0] [cxt 0] Extracting header 'ipv6'
[00:36:41.628] [bmv2] [D] [thread 91747] [107.0] [cxt 0] Parser state 'parse_ipv6': key is 11
[00:36:41.628] [bmv2] [T] [thread 91747] [107.0] [cxt 0] Bytes parsed: 54
[00:36:41.628] [bmv2] [D] [thread 91747] [107.0] [cxt 0] Parser 'parser': end
[00:36:41.628] [bmv2] [D] [thread 91747] [107.0] [cxt 0] Pipeline 'ingress': start
[00:36:41.628] [bmv2] [T] [thread 91747] [107.0] [cxt 0] basic.p4(560) Condition "hdr.ethernet.etherType == TYPE_ARP" (node_2) is false
[00:36:41.628] [bmv2] [T] [thread 91747] [107.0] [cxt 0] basic.p4(563) Condition "hdr.ethernet.etherType == TYPE_SRCROUTING" (node_4) is false
[00:36:41.628] [bmv2] [T] [thread 91747] [107.0] [cxt 0] basic.p4(576) Condition "hdr.ethernet.etherType == TYPE_YEQUDESU" (node_12) is false
[00:36:41.628] [bmv2] [T] [thread 91747] [107.0] [cxt 0] basic.p4(582) Condition "hdr.vxlan.isValid()" (node_15) is false
[00:36:41.628] [bmv2] [T] [thread 91747] [107.0] [cxt 0] basic.p4(586) Condition "hdr.ipv6.isValid()" (node_17) is true
[00:36:41.628] [bmv2] [T] [thread 91747] [107.0] [cxt 0] Applying table 'MyIngress.ipv6_lpm'
[00:36:41.628] [bmv2] [D] [thread 91747] [107.0] [cxt 0] Looking up key:
* hdr.ipv6.dstAddr    : ff0200000000000000000000000000fb

[00:36:41.628] [bmv2] [D] [thread 91747] [107.0] [cxt 0] Table 'MyIngress.ipv6_lpm': miss
[00:36:41.628] [bmv2] [D] [thread 91747] [107.0] [cxt 0] Action entry is NoAction - 
[00:36:41.628] [bmv2] [T] [thread 91747] [107.0] [cxt 0] Action NoAction
[00:36:41.628] [bmv2] [D] [thread 91747] [107.0] [cxt 0] Pipeline 'ingress': end
[00:36:41.628] [bmv2] [D] [thread 91747] [107.0] [cxt 0] Egress port is 0
[00:36:41.628] [bmv2] [D] [thread 91748] [107.0] [cxt 0] Pipeline 'egress': start
[00:36:41.628] [bmv2] [T] [thread 91748] [107.0] [cxt 0] basic.p4(684) Condition "standard_metadata.mcast_grp != 0" (node_28) is false
[00:36:41.628] [bmv2] [D] [thread 91748] [107.0] [cxt 0] Pipeline 'egress': end
[00:36:41.628] [bmv2] [D] [thread 91748] [107.0] [cxt 0] Deparser 'deparser': start
[00:36:41.628] [bmv2] [T] [thread 91748] [107.0] [cxt 0] Skipping checksum 'cksum' update because condition not met
[00:36:41.628] [bmv2] [D] [thread 91748] [107.0] [cxt 0] Deparsing header 'ethernet'
[00:36:41.628] [bmv2] [D] [thread 91748] [107.0] [cxt 0] Deparsing header 'ipv6'
[00:36:41.628] [bmv2] [D] [thread 91748] [107.0] [cxt 0] Deparser 'deparser': end
[00:36:41.628] [bmv2] [D] [thread 91752] [107.0] [cxt 0] Transmitting packet of size 203 out of port 0
[00:36:41.630] [bmv2] [D] [thread 91747] [108.0] [cxt 0] Processing packet received on port 2
[00:36:41.630] [bmv2] [D] [thread 91747] [108.0] [cxt 0] Parser 'parser': start
[00:36:41.630] [bmv2] [D] [thread 91747] [108.0] [cxt 0] Parser 'parser' entering state 'start'
[00:36:41.630] [bmv2] [D] [thread 91747] [108.0] [cxt 0] Extracting header 'ethernet'
[00:36:41.630] [bmv2] [D] [thread 91747] [108.0] [cxt 0] Parser state 'start': key is 86dd
[00:36:41.630] [bmv2] [T] [thread 91747] [108.0] [cxt 0] Bytes parsed: 14
[00:36:41.630] [bmv2] [D] [thread 91747] [108.0] [cxt 0] Parser 'parser' entering state 'parse_ipv6'
[00:36:41.630] [bmv2] [D] [thread 91747] [108.0] [cxt 0] Extracting header 'ipv6'
[00:36:41.630] [bmv2] [D] [thread 91747] [108.0] [cxt 0] Parser state 'parse_ipv6': key is 11
[00:36:41.630] [bmv2] [T] [thread 91747] [108.0] [cxt 0] Bytes parsed: 54
[00:36:41.630] [bmv2] [D] [thread 91747] [108.0] [cxt 0] Parser 'parser': end
[00:36:41.630] [bmv2] [D] [thread 91747] [108.0] [cxt 0] Pipeline 'ingress': start
[00:36:41.630] [bmv2] [T] [thread 91747] [108.0] [cxt 0] basic.p4(560) Condition "hdr.ethernet.etherType == TYPE_ARP" (node_2) is false
[00:36:41.630] [bmv2] [T] [thread 91747] [108.0] [cxt 0] basic.p4(563) Condition "hdr.ethernet.etherType == TYPE_SRCROUTING" (node_4) is false
[00:36:41.630] [bmv2] [T] [thread 91747] [108.0] [cxt 0] basic.p4(576) Condition "hdr.ethernet.etherType == TYPE_YEQUDESU" (node_12) is false
[00:36:41.630] [bmv2] [T] [thread 91747] [108.0] [cxt 0] basic.p4(582) Condition "hdr.vxlan.isValid()" (node_15) is false
[00:36:41.630] [bmv2] [T] [thread 91747] [108.0] [cxt 0] basic.p4(586) Condition "hdr.ipv6.isValid()" (node_17) is true
[00:36:41.630] [bmv2] [T] [thread 91747] [108.0] [cxt 0] Applying table 'MyIngress.ipv6_lpm'
[00:36:41.630] [bmv2] [D] [thread 91747] [108.0] [cxt 0] Looking up key:
* hdr.ipv6.dstAddr    : ff0200000000000000000000000000fb

[00:36:41.630] [bmv2] [D] [thread 91747] [108.0] [cxt 0] Table 'MyIngress.ipv6_lpm': miss
[00:36:41.630] [bmv2] [D] [thread 91747] [108.0] [cxt 0] Action entry is NoAction - 
[00:36:41.630] [bmv2] [T] [thread 91747] [108.0] [cxt 0] Action NoAction
[00:36:41.630] [bmv2] [D] [thread 91747] [108.0] [cxt 0] Pipeline 'ingress': end
[00:36:41.630] [bmv2] [D] [thread 91747] [108.0] [cxt 0] Egress port is 0
[00:36:41.631] [bmv2] [D] [thread 91748] [108.0] [cxt 0] Pipeline 'egress': start
[00:36:41.631] [bmv2] [T] [thread 91748] [108.0] [cxt 0] basic.p4(684) Condition "standard_metadata.mcast_grp != 0" (node_28) is false
[00:36:41.631] [bmv2] [D] [thread 91748] [108.0] [cxt 0] Pipeline 'egress': end
[00:36:41.631] [bmv2] [D] [thread 91748] [108.0] [cxt 0] Deparser 'deparser': start
[00:36:41.631] [bmv2] [T] [thread 91748] [108.0] [cxt 0] Skipping checksum 'cksum' update because condition not met
[00:36:41.631] [bmv2] [D] [thread 91748] [108.0] [cxt 0] Deparsing header 'ethernet'
[00:36:41.631] [bmv2] [D] [thread 91748] [108.0] [cxt 0] Deparsing header 'ipv6'
[00:36:41.631] [bmv2] [D] [thread 91748] [108.0] [cxt 0] Deparser 'deparser': end
[00:36:41.631] [bmv2] [D] [thread 91752] [108.0] [cxt 0] Transmitting packet of size 199 out of port 0
[00:36:41.695] [bmv2] [D] [thread 91747] [109.0] [cxt 0] Processing packet received on port 3
[00:36:41.695] [bmv2] [D] [thread 91747] [109.0] [cxt 0] Parser 'parser': start
[00:36:41.695] [bmv2] [D] [thread 91747] [109.0] [cxt 0] Parser 'parser' entering state 'start'
[00:36:41.695] [bmv2] [D] [thread 91747] [109.0] [cxt 0] Extracting header 'ethernet'
[00:36:41.695] [bmv2] [D] [thread 91747] [109.0] [cxt 0] Parser state 'start': key is 86dd
[00:36:41.695] [bmv2] [T] [thread 91747] [109.0] [cxt 0] Bytes parsed: 14
[00:36:41.695] [bmv2] [D] [thread 91747] [109.0] [cxt 0] Parser 'parser' entering state 'parse_ipv6'
[00:36:41.695] [bmv2] [D] [thread 91747] [109.0] [cxt 0] Extracting header 'ipv6'
[00:36:41.695] [bmv2] [D] [thread 91747] [109.0] [cxt 0] Parser state 'parse_ipv6': key is 11
[00:36:41.695] [bmv2] [T] [thread 91747] [109.0] [cxt 0] Bytes parsed: 54
[00:36:41.695] [bmv2] [D] [thread 91747] [109.0] [cxt 0] Parser 'parser': end
[00:36:41.695] [bmv2] [D] [thread 91747] [109.0] [cxt 0] Pipeline 'ingress': start
[00:36:41.695] [bmv2] [T] [thread 91747] [109.0] [cxt 0] basic.p4(560) Condition "hdr.ethernet.etherType == TYPE_ARP" (node_2) is false
[00:36:41.695] [bmv2] [T] [thread 91747] [109.0] [cxt 0] basic.p4(563) Condition "hdr.ethernet.etherType == TYPE_SRCROUTING" (node_4) is false
[00:36:41.695] [bmv2] [T] [thread 91747] [109.0] [cxt 0] basic.p4(576) Condition "hdr.ethernet.etherType == TYPE_YEQUDESU" (node_12) is false
[00:36:41.695] [bmv2] [T] [thread 91747] [109.0] [cxt 0] basic.p4(582) Condition "hdr.vxlan.isValid()" (node_15) is false
[00:36:41.695] [bmv2] [T] [thread 91747] [109.0] [cxt 0] basic.p4(586) Condition "hdr.ipv6.isValid()" (node_17) is true
[00:36:41.695] [bmv2] [T] [thread 91747] [109.0] [cxt 0] Applying table 'MyIngress.ipv6_lpm'
[00:36:41.695] [bmv2] [D] [thread 91747] [109.0] [cxt 0] Looking up key:
* hdr.ipv6.dstAddr    : ff0200000000000000000000000000fb

[00:36:41.695] [bmv2] [D] [thread 91747] [109.0] [cxt 0] Table 'MyIngress.ipv6_lpm': miss
[00:36:41.695] [bmv2] [D] [thread 91747] [109.0] [cxt 0] Action entry is NoAction - 
[00:36:41.695] [bmv2] [T] [thread 91747] [109.0] [cxt 0] Action NoAction
[00:36:41.695] [bmv2] [D] [thread 91747] [109.0] [cxt 0] Pipeline 'ingress': end
[00:36:41.695] [bmv2] [D] [thread 91747] [109.0] [cxt 0] Egress port is 0
[00:36:41.696] [bmv2] [D] [thread 91748] [109.0] [cxt 0] Pipeline 'egress': start
[00:36:41.696] [bmv2] [T] [thread 91748] [109.0] [cxt 0] basic.p4(684) Condition "standard_metadata.mcast_grp != 0" (node_28) is false
[00:36:41.696] [bmv2] [D] [thread 91748] [109.0] [cxt 0] Pipeline 'egress': end
[00:36:41.696] [bmv2] [D] [thread 91748] [109.0] [cxt 0] Deparser 'deparser': start
[00:36:41.696] [bmv2] [T] [thread 91748] [109.0] [cxt 0] Skipping checksum 'cksum' update because condition not met
[00:36:41.696] [bmv2] [D] [thread 91748] [109.0] [cxt 0] Deparsing header 'ethernet'
[00:36:41.696] [bmv2] [D] [thread 91748] [109.0] [cxt 0] Deparsing header 'ipv6'
[00:36:41.696] [bmv2] [D] [thread 91748] [109.0] [cxt 0] Deparser 'deparser': end
[00:36:41.696] [bmv2] [D] [thread 91752] [109.0] [cxt 0] Transmitting packet of size 199 out of port 0
[00:36:41.758] [bmv2] [D] [thread 91747] [110.0] [cxt 0] Processing packet received on port 4
[00:36:41.758] [bmv2] [D] [thread 91747] [110.0] [cxt 0] Parser 'parser': start
[00:36:41.758] [bmv2] [D] [thread 91747] [110.0] [cxt 0] Parser 'parser' entering state 'start'
[00:36:41.758] [bmv2] [D] [thread 91747] [110.0] [cxt 0] Extracting header 'ethernet'
[00:36:41.758] [bmv2] [D] [thread 91747] [110.0] [cxt 0] Parser state 'start': key is 86dd
[00:36:41.758] [bmv2] [T] [thread 91747] [110.0] [cxt 0] Bytes parsed: 14
[00:36:41.758] [bmv2] [D] [thread 91747] [110.0] [cxt 0] Parser 'parser' entering state 'parse_ipv6'
[00:36:41.758] [bmv2] [D] [thread 91747] [110.0] [cxt 0] Extracting header 'ipv6'
[00:36:41.758] [bmv2] [D] [thread 91747] [110.0] [cxt 0] Parser state 'parse_ipv6': key is 11
[00:36:41.758] [bmv2] [T] [thread 91747] [110.0] [cxt 0] Bytes parsed: 54
[00:36:41.758] [bmv2] [D] [thread 91747] [110.0] [cxt 0] Parser 'parser': end
[00:36:41.758] [bmv2] [D] [thread 91747] [110.0] [cxt 0] Pipeline 'ingress': start
[00:36:41.758] [bmv2] [T] [thread 91747] [110.0] [cxt 0] basic.p4(560) Condition "hdr.ethernet.etherType == TYPE_ARP" (node_2) is false
[00:36:41.758] [bmv2] [T] [thread 91747] [110.0] [cxt 0] basic.p4(563) Condition "hdr.ethernet.etherType == TYPE_SRCROUTING" (node_4) is false
[00:36:41.758] [bmv2] [T] [thread 91747] [110.0] [cxt 0] basic.p4(576) Condition "hdr.ethernet.etherType == TYPE_YEQUDESU" (node_12) is false
[00:36:41.758] [bmv2] [T] [thread 91747] [110.0] [cxt 0] basic.p4(582) Condition "hdr.vxlan.isValid()" (node_15) is false
[00:36:41.758] [bmv2] [T] [thread 91747] [110.0] [cxt 0] basic.p4(586) Condition "hdr.ipv6.isValid()" (node_17) is true
[00:36:41.758] [bmv2] [T] [thread 91747] [110.0] [cxt 0] Applying table 'MyIngress.ipv6_lpm'
[00:36:41.758] [bmv2] [D] [thread 91747] [110.0] [cxt 0] Looking up key:
* hdr.ipv6.dstAddr    : ff0200000000000000000000000000fb

[00:36:41.758] [bmv2] [D] [thread 91747] [110.0] [cxt 0] Table 'MyIngress.ipv6_lpm': miss
[00:36:41.758] [bmv2] [D] [thread 91747] [110.0] [cxt 0] Action entry is NoAction - 
[00:36:41.758] [bmv2] [T] [thread 91747] [110.0] [cxt 0] Action NoAction
[00:36:41.758] [bmv2] [D] [thread 91747] [110.0] [cxt 0] Pipeline 'ingress': end
[00:36:41.758] [bmv2] [D] [thread 91747] [110.0] [cxt 0] Egress port is 0
[00:36:41.758] [bmv2] [D] [thread 91747] [111.0] [cxt 0] Processing packet received on port 5
[00:36:41.758] [bmv2] [D] [thread 91747] [111.0] [cxt 0] Parser 'parser': start
[00:36:41.758] [bmv2] [D] [thread 91747] [111.0] [cxt 0] Parser 'parser' entering state 'start'
[00:36:41.758] [bmv2] [D] [thread 91747] [111.0] [cxt 0] Extracting header 'ethernet'
[00:36:41.758] [bmv2] [D] [thread 91747] [111.0] [cxt 0] Parser state 'start': key is 86dd
[00:36:41.758] [bmv2] [T] [thread 91747] [111.0] [cxt 0] Bytes parsed: 14
[00:36:41.758] [bmv2] [D] [thread 91747] [111.0] [cxt 0] Parser 'parser' entering state 'parse_ipv6'
[00:36:41.758] [bmv2] [D] [thread 91747] [111.0] [cxt 0] Extracting header 'ipv6'
[00:36:41.758] [bmv2] [D] [thread 91747] [111.0] [cxt 0] Parser state 'parse_ipv6': key is 11
[00:36:41.758] [bmv2] [T] [thread 91747] [111.0] [cxt 0] Bytes parsed: 54
[00:36:41.758] [bmv2] [D] [thread 91747] [111.0] [cxt 0] Parser 'parser': end
[00:36:41.758] [bmv2] [D] [thread 91747] [111.0] [cxt 0] Pipeline 'ingress': start
[00:36:41.758] [bmv2] [T] [thread 91747] [111.0] [cxt 0] basic.p4(560) Condition "hdr.ethernet.etherType == TYPE_ARP" (node_2) is false
[00:36:41.758] [bmv2] [T] [thread 91747] [111.0] [cxt 0] basic.p4(563) Condition "hdr.ethernet.etherType == TYPE_SRCROUTING" (node_4) is false
[00:36:41.758] [bmv2] [T] [thread 91747] [111.0] [cxt 0] basic.p4(576) Condition "hdr.ethernet.etherType == TYPE_YEQUDESU" (node_12) is false
[00:36:41.758] [bmv2] [T] [thread 91747] [111.0] [cxt 0] basic.p4(582) Condition "hdr.vxlan.isValid()" (node_15) is false
[00:36:41.758] [bmv2] [D] [thread 91748] [110.0] [cxt 0] Pipeline 'egress': start
[00:36:41.758] [bmv2] [T] [thread 91748] [110.0] [cxt 0] basic.p4(684) Condition "standard_metadata.mcast_grp != 0" (node_28) is false
[00:36:41.758] [bmv2] [D] [thread 91748] [110.0] [cxt 0] Pipeline 'egress': end
[00:36:41.758] [bmv2] [D] [thread 91748] [110.0] [cxt 0] Deparser 'deparser': start
[00:36:41.758] [bmv2] [T] [thread 91748] [110.0] [cxt 0] Skipping checksum 'cksum' update because condition not met
[00:36:41.758] [bmv2] [D] [thread 91748] [110.0] [cxt 0] Deparsing header 'ethernet'
[00:36:41.758] [bmv2] [D] [thread 91748] [110.0] [cxt 0] Deparsing header 'ipv6'
[00:36:41.758] [bmv2] [D] [thread 91748] [110.0] [cxt 0] Deparser 'deparser': end
[00:36:41.758] [bmv2] [T] [thread 91747] [111.0] [cxt 0] basic.p4(586) Condition "hdr.ipv6.isValid()" (node_17) is true
[00:36:41.758] [bmv2] [T] [thread 91747] [111.0] [cxt 0] Applying table 'MyIngress.ipv6_lpm'
[00:36:41.758] [bmv2] [D] [thread 91747] [111.0] [cxt 0] Looking up key:
* hdr.ipv6.dstAddr    : ff0200000000000000000000000000fb

[00:36:41.758] [bmv2] [D] [thread 91747] [111.0] [cxt 0] Table 'MyIngress.ipv6_lpm': miss
[00:36:41.758] [bmv2] [D] [thread 91747] [111.0] [cxt 0] Action entry is NoAction - 
[00:36:41.758] [bmv2] [T] [thread 91747] [111.0] [cxt 0] Action NoAction
[00:36:41.758] [bmv2] [D] [thread 91747] [111.0] [cxt 0] Pipeline 'ingress': end
[00:36:41.758] [bmv2] [D] [thread 91747] [111.0] [cxt 0] Egress port is 0
[00:36:41.758] [bmv2] [D] [thread 91752] [110.0] [cxt 0] Transmitting packet of size 199 out of port 0
[00:36:41.758] [bmv2] [D] [thread 91748] [111.0] [cxt 0] Pipeline 'egress': start
[00:36:41.758] [bmv2] [T] [thread 91748] [111.0] [cxt 0] basic.p4(684) Condition "standard_metadata.mcast_grp != 0" (node_28) is false
[00:36:41.758] [bmv2] [D] [thread 91748] [111.0] [cxt 0] Pipeline 'egress': end
[00:36:41.758] [bmv2] [D] [thread 91748] [111.0] [cxt 0] Deparser 'deparser': start
[00:36:41.758] [bmv2] [T] [thread 91748] [111.0] [cxt 0] Skipping checksum 'cksum' update because condition not met
[00:36:41.758] [bmv2] [D] [thread 91748] [111.0] [cxt 0] Deparsing header 'ethernet'
[00:36:41.758] [bmv2] [D] [thread 91748] [111.0] [cxt 0] Deparsing header 'ipv6'
[00:36:41.758] [bmv2] [D] [thread 91748] [111.0] [cxt 0] Deparser 'deparser': end
[00:36:41.758] [bmv2] [D] [thread 91752] [111.0] [cxt 0] Transmitting packet of size 199 out of port 0
[00:36:42.016] [bmv2] [D] [thread 91747] [112.0] [cxt 0] Processing packet received on port 2
[00:36:42.016] [bmv2] [D] [thread 91747] [112.0] [cxt 0] Parser 'parser': start
[00:36:42.016] [bmv2] [D] [thread 91747] [112.0] [cxt 0] Parser 'parser' entering state 'start'
[00:36:42.016] [bmv2] [D] [thread 91747] [112.0] [cxt 0] Extracting header 'ethernet'
[00:36:42.016] [bmv2] [D] [thread 91747] [112.0] [cxt 0] Parser state 'start': key is 86dd
[00:36:42.016] [bmv2] [T] [thread 91747] [112.0] [cxt 0] Bytes parsed: 14
[00:36:42.016] [bmv2] [D] [thread 91747] [112.0] [cxt 0] Parser 'parser' entering state 'parse_ipv6'
[00:36:42.016] [bmv2] [D] [thread 91747] [112.0] [cxt 0] Extracting header 'ipv6'
[00:36:42.016] [bmv2] [D] [thread 91747] [112.0] [cxt 0] Parser state 'parse_ipv6': key is 11
[00:36:42.016] [bmv2] [T] [thread 91747] [112.0] [cxt 0] Bytes parsed: 54
[00:36:42.016] [bmv2] [D] [thread 91747] [112.0] [cxt 0] Parser 'parser': end
[00:36:42.016] [bmv2] [D] [thread 91747] [112.0] [cxt 0] Pipeline 'ingress': start
[00:36:42.016] [bmv2] [T] [thread 91747] [112.0] [cxt 0] basic.p4(560) Condition "hdr.ethernet.etherType == TYPE_ARP" (node_2) is false
[00:36:42.016] [bmv2] [T] [thread 91747] [112.0] [cxt 0] basic.p4(563) Condition "hdr.ethernet.etherType == TYPE_SRCROUTING" (node_4) is false
[00:36:42.016] [bmv2] [T] [thread 91747] [112.0] [cxt 0] basic.p4(576) Condition "hdr.ethernet.etherType == TYPE_YEQUDESU" (node_12) is false
[00:36:42.016] [bmv2] [T] [thread 91747] [112.0] [cxt 0] basic.p4(582) Condition "hdr.vxlan.isValid()" (node_15) is false
[00:36:42.016] [bmv2] [T] [thread 91747] [112.0] [cxt 0] basic.p4(586) Condition "hdr.ipv6.isValid()" (node_17) is true
[00:36:42.016] [bmv2] [T] [thread 91747] [112.0] [cxt 0] Applying table 'MyIngress.ipv6_lpm'
[00:36:42.016] [bmv2] [D] [thread 91747] [112.0] [cxt 0] Looking up key:
* hdr.ipv6.dstAddr    : ff0200000000000000000000000000fb

[00:36:42.016] [bmv2] [D] [thread 91747] [112.0] [cxt 0] Table 'MyIngress.ipv6_lpm': miss
[00:36:42.016] [bmv2] [D] [thread 91747] [112.0] [cxt 0] Action entry is NoAction - 
[00:36:42.016] [bmv2] [T] [thread 91747] [112.0] [cxt 0] Action NoAction
[00:36:42.016] [bmv2] [D] [thread 91747] [112.0] [cxt 0] Pipeline 'ingress': end
[00:36:42.016] [bmv2] [D] [thread 91747] [112.0] [cxt 0] Egress port is 0
[00:36:42.017] [bmv2] [D] [thread 91748] [112.0] [cxt 0] Pipeline 'egress': start
[00:36:42.017] [bmv2] [T] [thread 91748] [112.0] [cxt 0] basic.p4(684) Condition "standard_metadata.mcast_grp != 0" (node_28) is false
[00:36:42.017] [bmv2] [D] [thread 91748] [112.0] [cxt 0] Pipeline 'egress': end
[00:36:42.017] [bmv2] [D] [thread 91748] [112.0] [cxt 0] Deparser 'deparser': start
[00:36:42.017] [bmv2] [T] [thread 91748] [112.0] [cxt 0] Skipping checksum 'cksum' update because condition not met
[00:36:42.017] [bmv2] [D] [thread 91748] [112.0] [cxt 0] Deparsing header 'ethernet'
[00:36:42.017] [bmv2] [D] [thread 91748] [112.0] [cxt 0] Deparsing header 'ipv6'
[00:36:42.017] [bmv2] [D] [thread 91748] [112.0] [cxt 0] Deparser 'deparser': end
[00:36:42.017] [bmv2] [D] [thread 91752] [112.0] [cxt 0] Transmitting packet of size 199 out of port 0
[00:36:42.207] [bmv2] [D] [thread 91747] [113.0] [cxt 0] Processing packet received on port 5
[00:36:42.207] [bmv2] [D] [thread 91747] [113.0] [cxt 0] Parser 'parser': start
[00:36:42.207] [bmv2] [D] [thread 91747] [113.0] [cxt 0] Parser 'parser' entering state 'start'
[00:36:42.207] [bmv2] [D] [thread 91747] [113.0] [cxt 0] Extracting header 'ethernet'
[00:36:42.207] [bmv2] [D] [thread 91747] [113.0] [cxt 0] Parser state 'start': key is 86dd
[00:36:42.207] [bmv2] [T] [thread 91747] [113.0] [cxt 0] Bytes parsed: 14
[00:36:42.207] [bmv2] [D] [thread 91747] [113.0] [cxt 0] Parser 'parser' entering state 'parse_ipv6'
[00:36:42.207] [bmv2] [D] [thread 91747] [113.0] [cxt 0] Extracting header 'ipv6'
[00:36:42.207] [bmv2] [D] [thread 91747] [113.0] [cxt 0] Parser state 'parse_ipv6': key is 11
[00:36:42.207] [bmv2] [T] [thread 91747] [113.0] [cxt 0] Bytes parsed: 54
[00:36:42.207] [bmv2] [D] [thread 91747] [113.0] [cxt 0] Parser 'parser': end
[00:36:42.207] [bmv2] [D] [thread 91747] [113.0] [cxt 0] Pipeline 'ingress': start
[00:36:42.207] [bmv2] [T] [thread 91747] [113.0] [cxt 0] basic.p4(560) Condition "hdr.ethernet.etherType == TYPE_ARP" (node_2) is false
[00:36:42.207] [bmv2] [T] [thread 91747] [113.0] [cxt 0] basic.p4(563) Condition "hdr.ethernet.etherType == TYPE_SRCROUTING" (node_4) is false
[00:36:42.207] [bmv2] [T] [thread 91747] [113.0] [cxt 0] basic.p4(576) Condition "hdr.ethernet.etherType == TYPE_YEQUDESU" (node_12) is false
[00:36:42.207] [bmv2] [T] [thread 91747] [113.0] [cxt 0] basic.p4(582) Condition "hdr.vxlan.isValid()" (node_15) is false
[00:36:42.207] [bmv2] [T] [thread 91747] [113.0] [cxt 0] basic.p4(586) Condition "hdr.ipv6.isValid()" (node_17) is true
[00:36:42.207] [bmv2] [T] [thread 91747] [113.0] [cxt 0] Applying table 'MyIngress.ipv6_lpm'
[00:36:42.207] [bmv2] [D] [thread 91747] [113.0] [cxt 0] Looking up key:
* hdr.ipv6.dstAddr    : ff0200000000000000000000000000fb

[00:36:42.207] [bmv2] [D] [thread 91747] [113.0] [cxt 0] Table 'MyIngress.ipv6_lpm': miss
[00:36:42.207] [bmv2] [D] [thread 91747] [113.0] [cxt 0] Action entry is NoAction - 
[00:36:42.207] [bmv2] [T] [thread 91747] [113.0] [cxt 0] Action NoAction
[00:36:42.207] [bmv2] [D] [thread 91747] [113.0] [cxt 0] Pipeline 'ingress': end
[00:36:42.207] [bmv2] [D] [thread 91747] [113.0] [cxt 0] Egress port is 0
[00:36:42.207] [bmv2] [D] [thread 91748] [113.0] [cxt 0] Pipeline 'egress': start
[00:36:42.207] [bmv2] [T] [thread 91748] [113.0] [cxt 0] basic.p4(684) Condition "standard_metadata.mcast_grp != 0" (node_28) is false
[00:36:42.207] [bmv2] [D] [thread 91748] [113.0] [cxt 0] Pipeline 'egress': end
[00:36:42.207] [bmv2] [D] [thread 91748] [113.0] [cxt 0] Deparser 'deparser': start
[00:36:42.207] [bmv2] [T] [thread 91748] [113.0] [cxt 0] Skipping checksum 'cksum' update because condition not met
[00:36:42.207] [bmv2] [D] [thread 91748] [113.0] [cxt 0] Deparsing header 'ethernet'
[00:36:42.207] [bmv2] [D] [thread 91748] [113.0] [cxt 0] Deparsing header 'ipv6'
[00:36:42.207] [bmv2] [D] [thread 91748] [113.0] [cxt 0] Deparser 'deparser': end
[00:36:42.208] [bmv2] [D] [thread 91752] [113.0] [cxt 0] Transmitting packet of size 199 out of port 0
[00:36:42.270] [bmv2] [D] [thread 91747] [114.0] [cxt 0] Processing packet received on port 4
[00:36:42.270] [bmv2] [D] [thread 91747] [114.0] [cxt 0] Parser 'parser': start
[00:36:42.270] [bmv2] [D] [thread 91747] [114.0] [cxt 0] Parser 'parser' entering state 'start'
[00:36:42.270] [bmv2] [D] [thread 91747] [114.0] [cxt 0] Extracting header 'ethernet'
[00:36:42.270] [bmv2] [D] [thread 91747] [114.0] [cxt 0] Parser state 'start': key is 86dd
[00:36:42.270] [bmv2] [T] [thread 91747] [114.0] [cxt 0] Bytes parsed: 14
[00:36:42.270] [bmv2] [D] [thread 91747] [114.0] [cxt 0] Parser 'parser' entering state 'parse_ipv6'
[00:36:42.270] [bmv2] [D] [thread 91747] [114.0] [cxt 0] Extracting header 'ipv6'
[00:36:42.270] [bmv2] [D] [thread 91747] [114.0] [cxt 0] Parser state 'parse_ipv6': key is 11
[00:36:42.270] [bmv2] [T] [thread 91747] [114.0] [cxt 0] Bytes parsed: 54
[00:36:42.270] [bmv2] [D] [thread 91747] [114.0] [cxt 0] Parser 'parser': end
[00:36:42.270] [bmv2] [D] [thread 91747] [114.0] [cxt 0] Pipeline 'ingress': start
[00:36:42.270] [bmv2] [T] [thread 91747] [114.0] [cxt 0] basic.p4(560) Condition "hdr.ethernet.etherType == TYPE_ARP" (node_2) is false
[00:36:42.270] [bmv2] [T] [thread 91747] [114.0] [cxt 0] basic.p4(563) Condition "hdr.ethernet.etherType == TYPE_SRCROUTING" (node_4) is false
[00:36:42.270] [bmv2] [T] [thread 91747] [114.0] [cxt 0] basic.p4(576) Condition "hdr.ethernet.etherType == TYPE_YEQUDESU" (node_12) is false
[00:36:42.270] [bmv2] [T] [thread 91747] [114.0] [cxt 0] basic.p4(582) Condition "hdr.vxlan.isValid()" (node_15) is false
[00:36:42.270] [bmv2] [T] [thread 91747] [114.0] [cxt 0] basic.p4(586) Condition "hdr.ipv6.isValid()" (node_17) is true
[00:36:42.270] [bmv2] [T] [thread 91747] [114.0] [cxt 0] Applying table 'MyIngress.ipv6_lpm'
[00:36:42.270] [bmv2] [D] [thread 91747] [114.0] [cxt 0] Looking up key:
* hdr.ipv6.dstAddr    : ff0200000000000000000000000000fb

[00:36:42.270] [bmv2] [D] [thread 91747] [114.0] [cxt 0] Table 'MyIngress.ipv6_lpm': miss
[00:36:42.270] [bmv2] [D] [thread 91747] [114.0] [cxt 0] Action entry is NoAction - 
[00:36:42.270] [bmv2] [T] [thread 91747] [114.0] [cxt 0] Action NoAction
[00:36:42.270] [bmv2] [D] [thread 91747] [114.0] [cxt 0] Pipeline 'ingress': end
[00:36:42.270] [bmv2] [D] [thread 91747] [114.0] [cxt 0] Egress port is 0
[00:36:42.271] [bmv2] [D] [thread 91748] [114.0] [cxt 0] Pipeline 'egress': start
[00:36:42.271] [bmv2] [T] [thread 91748] [114.0] [cxt 0] basic.p4(684) Condition "standard_metadata.mcast_grp != 0" (node_28) is false
[00:36:42.271] [bmv2] [D] [thread 91748] [114.0] [cxt 0] Pipeline 'egress': end
[00:36:42.271] [bmv2] [D] [thread 91748] [114.0] [cxt 0] Deparser 'deparser': start
[00:36:42.271] [bmv2] [T] [thread 91748] [114.0] [cxt 0] Skipping checksum 'cksum' update because condition not met
[00:36:42.271] [bmv2] [D] [thread 91748] [114.0] [cxt 0] Deparsing header 'ethernet'
[00:36:42.271] [bmv2] [D] [thread 91748] [114.0] [cxt 0] Deparsing header 'ipv6'
[00:36:42.271] [bmv2] [D] [thread 91748] [114.0] [cxt 0] Deparser 'deparser': end
[00:36:42.271] [bmv2] [D] [thread 91752] [114.0] [cxt 0] Transmitting packet of size 199 out of port 0
[00:36:42.337] [bmv2] [D] [thread 91747] [115.0] [cxt 0] Processing packet received on port 1
[00:36:42.337] [bmv2] [D] [thread 91747] [115.0] [cxt 0] Parser 'parser': start
[00:36:42.337] [bmv2] [D] [thread 91747] [115.0] [cxt 0] Parser 'parser' entering state 'start'
[00:36:42.337] [bmv2] [D] [thread 91747] [115.0] [cxt 0] Extracting header 'ethernet'
[00:36:42.337] [bmv2] [D] [thread 91747] [115.0] [cxt 0] Parser state 'start': key is 86dd
[00:36:42.337] [bmv2] [T] [thread 91747] [115.0] [cxt 0] Bytes parsed: 14
[00:36:42.337] [bmv2] [D] [thread 91747] [115.0] [cxt 0] Parser 'parser' entering state 'parse_ipv6'
[00:36:42.337] [bmv2] [D] [thread 91747] [115.0] [cxt 0] Extracting header 'ipv6'
[00:36:42.337] [bmv2] [D] [thread 91747] [115.0] [cxt 0] Parser state 'parse_ipv6': key is 11
[00:36:42.337] [bmv2] [T] [thread 91747] [115.0] [cxt 0] Bytes parsed: 54
[00:36:42.337] [bmv2] [D] [thread 91747] [115.0] [cxt 0] Parser 'parser': end
[00:36:42.337] [bmv2] [D] [thread 91747] [115.0] [cxt 0] Pipeline 'ingress': start
[00:36:42.337] [bmv2] [T] [thread 91747] [115.0] [cxt 0] basic.p4(560) Condition "hdr.ethernet.etherType == TYPE_ARP" (node_2) is false
[00:36:42.337] [bmv2] [T] [thread 91747] [115.0] [cxt 0] basic.p4(563) Condition "hdr.ethernet.etherType == TYPE_SRCROUTING" (node_4) is false
[00:36:42.337] [bmv2] [T] [thread 91747] [115.0] [cxt 0] basic.p4(576) Condition "hdr.ethernet.etherType == TYPE_YEQUDESU" (node_12) is false
[00:36:42.337] [bmv2] [T] [thread 91747] [115.0] [cxt 0] basic.p4(582) Condition "hdr.vxlan.isValid()" (node_15) is false
[00:36:42.337] [bmv2] [T] [thread 91747] [115.0] [cxt 0] basic.p4(586) Condition "hdr.ipv6.isValid()" (node_17) is true
[00:36:42.337] [bmv2] [T] [thread 91747] [115.0] [cxt 0] Applying table 'MyIngress.ipv6_lpm'
[00:36:42.337] [bmv2] [D] [thread 91747] [115.0] [cxt 0] Looking up key:
* hdr.ipv6.dstAddr    : ff0200000000000000000000000000fb

[00:36:42.337] [bmv2] [D] [thread 91747] [115.0] [cxt 0] Table 'MyIngress.ipv6_lpm': miss
[00:36:42.337] [bmv2] [D] [thread 91747] [115.0] [cxt 0] Action entry is NoAction - 
[00:36:42.337] [bmv2] [T] [thread 91747] [115.0] [cxt 0] Action NoAction
[00:36:42.337] [bmv2] [D] [thread 91747] [115.0] [cxt 0] Pipeline 'ingress': end
[00:36:42.337] [bmv2] [D] [thread 91747] [115.0] [cxt 0] Egress port is 0
[00:36:42.337] [bmv2] [D] [thread 91748] [115.0] [cxt 0] Pipeline 'egress': start
[00:36:42.337] [bmv2] [T] [thread 91748] [115.0] [cxt 0] basic.p4(684) Condition "standard_metadata.mcast_grp != 0" (node_28) is false
[00:36:42.337] [bmv2] [D] [thread 91748] [115.0] [cxt 0] Pipeline 'egress': end
[00:36:42.337] [bmv2] [D] [thread 91748] [115.0] [cxt 0] Deparser 'deparser': start
[00:36:42.337] [bmv2] [T] [thread 91748] [115.0] [cxt 0] Skipping checksum 'cksum' update because condition not met
[00:36:42.337] [bmv2] [D] [thread 91748] [115.0] [cxt 0] Deparsing header 'ethernet'
[00:36:42.337] [bmv2] [D] [thread 91748] [115.0] [cxt 0] Deparsing header 'ipv6'
[00:36:42.337] [bmv2] [D] [thread 91748] [115.0] [cxt 0] Deparser 'deparser': end
[00:36:42.337] [bmv2] [D] [thread 91752] [115.0] [cxt 0] Transmitting packet of size 199 out of port 0
[00:36:42.400] [bmv2] [D] [thread 91747] [116.0] [cxt 0] Processing packet received on port 3
[00:36:42.401] [bmv2] [D] [thread 91747] [116.0] [cxt 0] Parser 'parser': start
[00:36:42.401] [bmv2] [D] [thread 91747] [116.0] [cxt 0] Parser 'parser' entering state 'start'
[00:36:42.401] [bmv2] [D] [thread 91747] [116.0] [cxt 0] Extracting header 'ethernet'
[00:36:42.401] [bmv2] [D] [thread 91747] [116.0] [cxt 0] Parser state 'start': key is 86dd
[00:36:42.401] [bmv2] [T] [thread 91747] [116.0] [cxt 0] Bytes parsed: 14
[00:36:42.401] [bmv2] [D] [thread 91747] [116.0] [cxt 0] Parser 'parser' entering state 'parse_ipv6'
[00:36:42.401] [bmv2] [D] [thread 91747] [116.0] [cxt 0] Extracting header 'ipv6'
[00:36:42.401] [bmv2] [D] [thread 91747] [116.0] [cxt 0] Parser state 'parse_ipv6': key is 11
[00:36:42.401] [bmv2] [T] [thread 91747] [116.0] [cxt 0] Bytes parsed: 54
[00:36:42.401] [bmv2] [D] [thread 91747] [116.0] [cxt 0] Parser 'parser': end
[00:36:42.401] [bmv2] [D] [thread 91747] [116.0] [cxt 0] Pipeline 'ingress': start
[00:36:42.401] [bmv2] [T] [thread 91747] [116.0] [cxt 0] basic.p4(560) Condition "hdr.ethernet.etherType == TYPE_ARP" (node_2) is false
[00:36:42.401] [bmv2] [T] [thread 91747] [116.0] [cxt 0] basic.p4(563) Condition "hdr.ethernet.etherType == TYPE_SRCROUTING" (node_4) is false
[00:36:42.401] [bmv2] [T] [thread 91747] [116.0] [cxt 0] basic.p4(576) Condition "hdr.ethernet.etherType == TYPE_YEQUDESU" (node_12) is false
[00:36:42.401] [bmv2] [T] [thread 91747] [116.0] [cxt 0] basic.p4(582) Condition "hdr.vxlan.isValid()" (node_15) is false
[00:36:42.401] [bmv2] [T] [thread 91747] [116.0] [cxt 0] basic.p4(586) Condition "hdr.ipv6.isValid()" (node_17) is true
[00:36:42.401] [bmv2] [T] [thread 91747] [116.0] [cxt 0] Applying table 'MyIngress.ipv6_lpm'
[00:36:42.401] [bmv2] [D] [thread 91747] [116.0] [cxt 0] Looking up key:
* hdr.ipv6.dstAddr    : ff0200000000000000000000000000fb

[00:36:42.401] [bmv2] [D] [thread 91747] [116.0] [cxt 0] Table 'MyIngress.ipv6_lpm': miss
[00:36:42.401] [bmv2] [D] [thread 91747] [116.0] [cxt 0] Action entry is NoAction - 
[00:36:42.401] [bmv2] [T] [thread 91747] [116.0] [cxt 0] Action NoAction
[00:36:42.401] [bmv2] [D] [thread 91747] [116.0] [cxt 0] Pipeline 'ingress': end
[00:36:42.401] [bmv2] [D] [thread 91747] [116.0] [cxt 0] Egress port is 0
[00:36:42.401] [bmv2] [D] [thread 91748] [116.0] [cxt 0] Pipeline 'egress': start
[00:36:42.401] [bmv2] [T] [thread 91748] [116.0] [cxt 0] basic.p4(684) Condition "standard_metadata.mcast_grp != 0" (node_28) is false
[00:36:42.401] [bmv2] [D] [thread 91748] [116.0] [cxt 0] Pipeline 'egress': end
[00:36:42.401] [bmv2] [D] [thread 91748] [116.0] [cxt 0] Deparser 'deparser': start
[00:36:42.401] [bmv2] [T] [thread 91748] [116.0] [cxt 0] Skipping checksum 'cksum' update because condition not met
[00:36:42.401] [bmv2] [D] [thread 91748] [116.0] [cxt 0] Deparsing header 'ethernet'
[00:36:42.401] [bmv2] [D] [thread 91748] [116.0] [cxt 0] Deparsing header 'ipv6'
[00:36:42.401] [bmv2] [D] [thread 91748] [116.0] [cxt 0] Deparser 'deparser': end
[00:36:42.401] [bmv2] [D] [thread 91752] [116.0] [cxt 0] Transmitting packet of size 199 out of port 0
[00:36:42.861] [bmv2] [D] [thread 91747] [117.0] [cxt 0] Processing packet received on port 2
[00:36:42.861] [bmv2] [D] [thread 91747] [117.0] [cxt 0] Parser 'parser': start
[00:36:42.861] [bmv2] [D] [thread 91747] [117.0] [cxt 0] Parser 'parser' entering state 'start'
[00:36:42.861] [bmv2] [D] [thread 91747] [117.0] [cxt 0] Extracting header 'ethernet'
[00:36:42.861] [bmv2] [D] [thread 91747] [117.0] [cxt 0] Parser state 'start': key is 86dd
[00:36:42.861] [bmv2] [T] [thread 91747] [117.0] [cxt 0] Bytes parsed: 14
[00:36:42.861] [bmv2] [D] [thread 91747] [117.0] [cxt 0] Parser 'parser' entering state 'parse_ipv6'
[00:36:42.861] [bmv2] [D] [thread 91747] [117.0] [cxt 0] Extracting header 'ipv6'
[00:36:42.861] [bmv2] [D] [thread 91747] [117.0] [cxt 0] Parser state 'parse_ipv6': key is 11
[00:36:42.861] [bmv2] [T] [thread 91747] [117.0] [cxt 0] Bytes parsed: 54
[00:36:42.861] [bmv2] [D] [thread 91747] [117.0] [cxt 0] Parser 'parser': end
[00:36:42.861] [bmv2] [D] [thread 91747] [117.0] [cxt 0] Pipeline 'ingress': start
[00:36:42.861] [bmv2] [T] [thread 91747] [117.0] [cxt 0] basic.p4(560) Condition "hdr.ethernet.etherType == TYPE_ARP" (node_2) is false
[00:36:42.861] [bmv2] [T] [thread 91747] [117.0] [cxt 0] basic.p4(563) Condition "hdr.ethernet.etherType == TYPE_SRCROUTING" (node_4) is false
[00:36:42.861] [bmv2] [T] [thread 91747] [117.0] [cxt 0] basic.p4(576) Condition "hdr.ethernet.etherType == TYPE_YEQUDESU" (node_12) is false
[00:36:42.861] [bmv2] [T] [thread 91747] [117.0] [cxt 0] basic.p4(582) Condition "hdr.vxlan.isValid()" (node_15) is false
[00:36:42.861] [bmv2] [T] [thread 91747] [117.0] [cxt 0] basic.p4(586) Condition "hdr.ipv6.isValid()" (node_17) is true
[00:36:42.861] [bmv2] [T] [thread 91747] [117.0] [cxt 0] Applying table 'MyIngress.ipv6_lpm'
[00:36:42.861] [bmv2] [D] [thread 91747] [117.0] [cxt 0] Looking up key:
* hdr.ipv6.dstAddr    : ff0200000000000000000000000000fb

[00:36:42.861] [bmv2] [D] [thread 91747] [117.0] [cxt 0] Table 'MyIngress.ipv6_lpm': miss
[00:36:42.861] [bmv2] [D] [thread 91747] [117.0] [cxt 0] Action entry is NoAction - 
[00:36:42.861] [bmv2] [T] [thread 91747] [117.0] [cxt 0] Action NoAction
[00:36:42.861] [bmv2] [D] [thread 91747] [117.0] [cxt 0] Pipeline 'ingress': end
[00:36:42.861] [bmv2] [D] [thread 91747] [117.0] [cxt 0] Egress port is 0
[00:36:42.861] [bmv2] [D] [thread 91748] [117.0] [cxt 0] Pipeline 'egress': start
[00:36:42.861] [bmv2] [T] [thread 91748] [117.0] [cxt 0] basic.p4(684) Condition "standard_metadata.mcast_grp != 0" (node_28) is false
[00:36:42.861] [bmv2] [D] [thread 91748] [117.0] [cxt 0] Pipeline 'egress': end
[00:36:42.861] [bmv2] [D] [thread 91748] [117.0] [cxt 0] Deparser 'deparser': start
[00:36:42.861] [bmv2] [T] [thread 91748] [117.0] [cxt 0] Skipping checksum 'cksum' update because condition not met
[00:36:42.861] [bmv2] [D] [thread 91748] [117.0] [cxt 0] Deparsing header 'ethernet'
[00:36:42.861] [bmv2] [D] [thread 91748] [117.0] [cxt 0] Deparsing header 'ipv6'
[00:36:42.861] [bmv2] [D] [thread 91748] [117.0] [cxt 0] Deparser 'deparser': end
[00:36:42.861] [bmv2] [D] [thread 91752] [117.0] [cxt 0] Transmitting packet of size 203 out of port 0
[00:36:42.924] [bmv2] [D] [thread 91747] [118.0] [cxt 0] Processing packet received on port 3
[00:36:42.924] [bmv2] [D] [thread 91747] [118.0] [cxt 0] Parser 'parser': start
[00:36:42.924] [bmv2] [D] [thread 91747] [118.0] [cxt 0] Parser 'parser' entering state 'start'
[00:36:42.924] [bmv2] [D] [thread 91747] [118.0] [cxt 0] Extracting header 'ethernet'
[00:36:42.924] [bmv2] [D] [thread 91747] [118.0] [cxt 0] Parser state 'start': key is 86dd
[00:36:42.924] [bmv2] [T] [thread 91747] [118.0] [cxt 0] Bytes parsed: 14
[00:36:42.924] [bmv2] [D] [thread 91747] [118.0] [cxt 0] Parser 'parser' entering state 'parse_ipv6'
[00:36:42.924] [bmv2] [D] [thread 91747] [118.0] [cxt 0] Extracting header 'ipv6'
[00:36:42.924] [bmv2] [D] [thread 91747] [118.0] [cxt 0] Parser state 'parse_ipv6': key is 11
[00:36:42.924] [bmv2] [T] [thread 91747] [118.0] [cxt 0] Bytes parsed: 54
[00:36:42.924] [bmv2] [D] [thread 91747] [118.0] [cxt 0] Parser 'parser': end
[00:36:42.924] [bmv2] [D] [thread 91747] [118.0] [cxt 0] Pipeline 'ingress': start
[00:36:42.924] [bmv2] [T] [thread 91747] [118.0] [cxt 0] basic.p4(560) Condition "hdr.ethernet.etherType == TYPE_ARP" (node_2) is false
[00:36:42.924] [bmv2] [T] [thread 91747] [118.0] [cxt 0] basic.p4(563) Condition "hdr.ethernet.etherType == TYPE_SRCROUTING" (node_4) is false
[00:36:42.924] [bmv2] [T] [thread 91747] [118.0] [cxt 0] basic.p4(576) Condition "hdr.ethernet.etherType == TYPE_YEQUDESU" (node_12) is false
[00:36:42.924] [bmv2] [T] [thread 91747] [118.0] [cxt 0] basic.p4(582) Condition "hdr.vxlan.isValid()" (node_15) is false
[00:36:42.924] [bmv2] [T] [thread 91747] [118.0] [cxt 0] basic.p4(586) Condition "hdr.ipv6.isValid()" (node_17) is true
[00:36:42.924] [bmv2] [T] [thread 91747] [118.0] [cxt 0] Applying table 'MyIngress.ipv6_lpm'
[00:36:42.924] [bmv2] [D] [thread 91747] [118.0] [cxt 0] Looking up key:
* hdr.ipv6.dstAddr    : ff0200000000000000000000000000fb

[00:36:42.924] [bmv2] [D] [thread 91747] [118.0] [cxt 0] Table 'MyIngress.ipv6_lpm': miss
[00:36:42.924] [bmv2] [D] [thread 91747] [118.0] [cxt 0] Action entry is NoAction - 
[00:36:42.924] [bmv2] [T] [thread 91747] [118.0] [cxt 0] Action NoAction
[00:36:42.924] [bmv2] [D] [thread 91747] [118.0] [cxt 0] Pipeline 'ingress': end
[00:36:42.924] [bmv2] [D] [thread 91747] [118.0] [cxt 0] Egress port is 0
[00:36:42.924] [bmv2] [D] [thread 91748] [118.0] [cxt 0] Pipeline 'egress': start
[00:36:42.924] [bmv2] [T] [thread 91748] [118.0] [cxt 0] basic.p4(684) Condition "standard_metadata.mcast_grp != 0" (node_28) is false
[00:36:42.924] [bmv2] [D] [thread 91748] [118.0] [cxt 0] Pipeline 'egress': end
[00:36:42.924] [bmv2] [D] [thread 91748] [118.0] [cxt 0] Deparser 'deparser': start
[00:36:42.924] [bmv2] [T] [thread 91748] [118.0] [cxt 0] Skipping checksum 'cksum' update because condition not met
[00:36:42.924] [bmv2] [D] [thread 91748] [118.0] [cxt 0] Deparsing header 'ethernet'
[00:36:42.924] [bmv2] [D] [thread 91748] [118.0] [cxt 0] Deparsing header 'ipv6'
[00:36:42.924] [bmv2] [D] [thread 91748] [118.0] [cxt 0] Deparser 'deparser': end
[00:36:42.924] [bmv2] [D] [thread 91752] [118.0] [cxt 0] Transmitting packet of size 203 out of port 0
[00:36:42.991] [bmv2] [D] [thread 91747] [119.0] [cxt 0] Processing packet received on port 4
[00:36:42.991] [bmv2] [D] [thread 91747] [119.0] [cxt 0] Parser 'parser': start
[00:36:42.991] [bmv2] [D] [thread 91747] [119.0] [cxt 0] Parser 'parser' entering state 'start'
[00:36:42.991] [bmv2] [D] [thread 91747] [119.0] [cxt 0] Extracting header 'ethernet'
[00:36:42.991] [bmv2] [D] [thread 91747] [119.0] [cxt 0] Parser state 'start': key is 86dd
[00:36:42.991] [bmv2] [T] [thread 91747] [119.0] [cxt 0] Bytes parsed: 14
[00:36:42.991] [bmv2] [D] [thread 91747] [119.0] [cxt 0] Parser 'parser' entering state 'parse_ipv6'
[00:36:42.991] [bmv2] [D] [thread 91747] [119.0] [cxt 0] Extracting header 'ipv6'
[00:36:42.991] [bmv2] [D] [thread 91747] [119.0] [cxt 0] Parser state 'parse_ipv6': key is 11
[00:36:42.991] [bmv2] [T] [thread 91747] [119.0] [cxt 0] Bytes parsed: 54
[00:36:42.991] [bmv2] [D] [thread 91747] [119.0] [cxt 0] Parser 'parser': end
[00:36:42.991] [bmv2] [D] [thread 91747] [119.0] [cxt 0] Pipeline 'ingress': start
[00:36:42.991] [bmv2] [T] [thread 91747] [119.0] [cxt 0] basic.p4(560) Condition "hdr.ethernet.etherType == TYPE_ARP" (node_2) is false
[00:36:42.991] [bmv2] [T] [thread 91747] [119.0] [cxt 0] basic.p4(563) Condition "hdr.ethernet.etherType == TYPE_SRCROUTING" (node_4) is false
[00:36:42.991] [bmv2] [T] [thread 91747] [119.0] [cxt 0] basic.p4(576) Condition "hdr.ethernet.etherType == TYPE_YEQUDESU" (node_12) is false
[00:36:42.991] [bmv2] [T] [thread 91747] [119.0] [cxt 0] basic.p4(582) Condition "hdr.vxlan.isValid()" (node_15) is false
[00:36:42.991] [bmv2] [T] [thread 91747] [119.0] [cxt 0] basic.p4(586) Condition "hdr.ipv6.isValid()" (node_17) is true
[00:36:42.991] [bmv2] [T] [thread 91747] [119.0] [cxt 0] Applying table 'MyIngress.ipv6_lpm'
[00:36:42.991] [bmv2] [D] [thread 91747] [119.0] [cxt 0] Looking up key:
* hdr.ipv6.dstAddr    : ff0200000000000000000000000000fb

[00:36:42.991] [bmv2] [D] [thread 91747] [119.0] [cxt 0] Table 'MyIngress.ipv6_lpm': miss
[00:36:42.991] [bmv2] [D] [thread 91747] [119.0] [cxt 0] Action entry is NoAction - 
[00:36:42.991] [bmv2] [T] [thread 91747] [119.0] [cxt 0] Action NoAction
[00:36:42.991] [bmv2] [D] [thread 91747] [119.0] [cxt 0] Pipeline 'ingress': end
[00:36:42.991] [bmv2] [D] [thread 91747] [119.0] [cxt 0] Egress port is 0
[00:36:42.991] [bmv2] [D] [thread 91747] [120.0] [cxt 0] Processing packet received on port 5
[00:36:42.991] [bmv2] [D] [thread 91747] [120.0] [cxt 0] Parser 'parser': start
[00:36:42.991] [bmv2] [D] [thread 91747] [120.0] [cxt 0] Parser 'parser' entering state 'start'
[00:36:42.991] [bmv2] [D] [thread 91747] [120.0] [cxt 0] Extracting header 'ethernet'
[00:36:42.991] [bmv2] [D] [thread 91747] [120.0] [cxt 0] Parser state 'start': key is 86dd
[00:36:42.991] [bmv2] [T] [thread 91747] [120.0] [cxt 0] Bytes parsed: 14
[00:36:42.991] [bmv2] [D] [thread 91747] [120.0] [cxt 0] Parser 'parser' entering state 'parse_ipv6'
[00:36:42.991] [bmv2] [D] [thread 91747] [120.0] [cxt 0] Extracting header 'ipv6'
[00:36:42.991] [bmv2] [D] [thread 91747] [120.0] [cxt 0] Parser state 'parse_ipv6': key is 11
[00:36:42.991] [bmv2] [T] [thread 91747] [120.0] [cxt 0] Bytes parsed: 54
[00:36:42.991] [bmv2] [D] [thread 91747] [120.0] [cxt 0] Parser 'parser': end
[00:36:42.991] [bmv2] [D] [thread 91747] [120.0] [cxt 0] Pipeline 'ingress': start
[00:36:42.991] [bmv2] [T] [thread 91747] [120.0] [cxt 0] basic.p4(560) Condition "hdr.ethernet.etherType == TYPE_ARP" (node_2) is false
[00:36:42.991] [bmv2] [T] [thread 91747] [120.0] [cxt 0] basic.p4(563) Condition "hdr.ethernet.etherType == TYPE_SRCROUTING" (node_4) is false
[00:36:42.991] [bmv2] [T] [thread 91747] [120.0] [cxt 0] basic.p4(576) Condition "hdr.ethernet.etherType == TYPE_YEQUDESU" (node_12) is false
[00:36:42.991] [bmv2] [T] [thread 91747] [120.0] [cxt 0] basic.p4(582) Condition "hdr.vxlan.isValid()" (node_15) is false
[00:36:42.991] [bmv2] [T] [thread 91747] [120.0] [cxt 0] basic.p4(586) Condition "hdr.ipv6.isValid()" (node_17) is true
[00:36:42.991] [bmv2] [T] [thread 91747] [120.0] [cxt 0] Applying table 'MyIngress.ipv6_lpm'
[00:36:42.991] [bmv2] [D] [thread 91747] [120.0] [cxt 0] Looking up key:
* hdr.ipv6.dstAddr    : ff0200000000000000000000000000fb

[00:36:42.991] [bmv2] [D] [thread 91747] [120.0] [cxt 0] Table 'MyIngress.ipv6_lpm': miss
[00:36:42.991] [bmv2] [D] [thread 91747] [120.0] [cxt 0] Action entry is NoAction - 
[00:36:42.991] [bmv2] [T] [thread 91747] [120.0] [cxt 0] Action NoAction
[00:36:42.991] [bmv2] [D] [thread 91747] [120.0] [cxt 0] Pipeline 'ingress': end
[00:36:42.991] [bmv2] [D] [thread 91747] [120.0] [cxt 0] Egress port is 0
[00:36:42.991] [bmv2] [D] [thread 91748] [119.0] [cxt 0] Pipeline 'egress': start
[00:36:42.991] [bmv2] [T] [thread 91748] [119.0] [cxt 0] basic.p4(684) Condition "standard_metadata.mcast_grp != 0" (node_28) is false
[00:36:42.991] [bmv2] [D] [thread 91748] [119.0] [cxt 0] Pipeline 'egress': end
[00:36:42.991] [bmv2] [D] [thread 91748] [119.0] [cxt 0] Deparser 'deparser': start
[00:36:42.991] [bmv2] [T] [thread 91748] [119.0] [cxt 0] Skipping checksum 'cksum' update because condition not met
[00:36:42.991] [bmv2] [D] [thread 91748] [119.0] [cxt 0] Deparsing header 'ethernet'
[00:36:42.991] [bmv2] [D] [thread 91748] [119.0] [cxt 0] Deparsing header 'ipv6'
[00:36:42.991] [bmv2] [D] [thread 91748] [119.0] [cxt 0] Deparser 'deparser': end
[00:36:42.991] [bmv2] [D] [thread 91748] [120.0] [cxt 0] Pipeline 'egress': start
[00:36:42.991] [bmv2] [T] [thread 91748] [120.0] [cxt 0] basic.p4(684) Condition "standard_metadata.mcast_grp != 0" (node_28) is false
[00:36:42.991] [bmv2] [D] [thread 91748] [120.0] [cxt 0] Pipeline 'egress': end
[00:36:42.991] [bmv2] [D] [thread 91748] [120.0] [cxt 0] Deparser 'deparser': start
[00:36:42.991] [bmv2] [T] [thread 91748] [120.0] [cxt 0] Skipping checksum 'cksum' update because condition not met
[00:36:42.991] [bmv2] [D] [thread 91748] [120.0] [cxt 0] Deparsing header 'ethernet'
[00:36:42.991] [bmv2] [D] [thread 91748] [120.0] [cxt 0] Deparsing header 'ipv6'
[00:36:42.991] [bmv2] [D] [thread 91748] [120.0] [cxt 0] Deparser 'deparser': end
[00:36:42.991] [bmv2] [D] [thread 91752] [119.0] [cxt 0] Transmitting packet of size 203 out of port 0
[00:36:42.991] [bmv2] [D] [thread 91752] [120.0] [cxt 0] Transmitting packet of size 203 out of port 0
[00:36:43.244] [bmv2] [D] [thread 91747] [121.0] [cxt 0] Processing packet received on port 2
[00:36:43.244] [bmv2] [D] [thread 91747] [121.0] [cxt 0] Parser 'parser': start
[00:36:43.244] [bmv2] [D] [thread 91747] [121.0] [cxt 0] Parser 'parser' entering state 'start'
[00:36:43.244] [bmv2] [D] [thread 91747] [121.0] [cxt 0] Extracting header 'ethernet'
[00:36:43.244] [bmv2] [D] [thread 91747] [121.0] [cxt 0] Parser state 'start': key is 86dd
[00:36:43.244] [bmv2] [T] [thread 91747] [121.0] [cxt 0] Bytes parsed: 14
[00:36:43.244] [bmv2] [D] [thread 91747] [121.0] [cxt 0] Parser 'parser' entering state 'parse_ipv6'
[00:36:43.244] [bmv2] [D] [thread 91747] [121.0] [cxt 0] Extracting header 'ipv6'
[00:36:43.244] [bmv2] [D] [thread 91747] [121.0] [cxt 0] Parser state 'parse_ipv6': key is 11
[00:36:43.244] [bmv2] [T] [thread 91747] [121.0] [cxt 0] Bytes parsed: 54
[00:36:43.244] [bmv2] [D] [thread 91747] [121.0] [cxt 0] Parser 'parser': end
[00:36:43.244] [bmv2] [D] [thread 91747] [121.0] [cxt 0] Pipeline 'ingress': start
[00:36:43.244] [bmv2] [T] [thread 91747] [121.0] [cxt 0] basic.p4(560) Condition "hdr.ethernet.etherType == TYPE_ARP" (node_2) is false
[00:36:43.244] [bmv2] [T] [thread 91747] [121.0] [cxt 0] basic.p4(563) Condition "hdr.ethernet.etherType == TYPE_SRCROUTING" (node_4) is false
[00:36:43.244] [bmv2] [T] [thread 91747] [121.0] [cxt 0] basic.p4(576) Condition "hdr.ethernet.etherType == TYPE_YEQUDESU" (node_12) is false
[00:36:43.244] [bmv2] [T] [thread 91747] [121.0] [cxt 0] basic.p4(582) Condition "hdr.vxlan.isValid()" (node_15) is false
[00:36:43.244] [bmv2] [T] [thread 91747] [121.0] [cxt 0] basic.p4(586) Condition "hdr.ipv6.isValid()" (node_17) is true
[00:36:43.244] [bmv2] [T] [thread 91747] [121.0] [cxt 0] Applying table 'MyIngress.ipv6_lpm'
[00:36:43.244] [bmv2] [D] [thread 91747] [121.0] [cxt 0] Looking up key:
* hdr.ipv6.dstAddr    : ff0200000000000000000000000000fb

[00:36:43.244] [bmv2] [D] [thread 91747] [121.0] [cxt 0] Table 'MyIngress.ipv6_lpm': miss
[00:36:43.244] [bmv2] [D] [thread 91747] [121.0] [cxt 0] Action entry is NoAction - 
[00:36:43.244] [bmv2] [T] [thread 91747] [121.0] [cxt 0] Action NoAction
[00:36:43.244] [bmv2] [D] [thread 91747] [121.0] [cxt 0] Pipeline 'ingress': end
[00:36:43.244] [bmv2] [D] [thread 91747] [121.0] [cxt 0] Egress port is 0
[00:36:43.244] [bmv2] [D] [thread 91748] [121.0] [cxt 0] Pipeline 'egress': start
[00:36:43.244] [bmv2] [T] [thread 91748] [121.0] [cxt 0] basic.p4(684) Condition "standard_metadata.mcast_grp != 0" (node_28) is false
[00:36:43.244] [bmv2] [D] [thread 91748] [121.0] [cxt 0] Pipeline 'egress': end
[00:36:43.244] [bmv2] [D] [thread 91748] [121.0] [cxt 0] Deparser 'deparser': start
[00:36:43.244] [bmv2] [T] [thread 91748] [121.0] [cxt 0] Skipping checksum 'cksum' update because condition not met
[00:36:43.244] [bmv2] [D] [thread 91748] [121.0] [cxt 0] Deparsing header 'ethernet'
[00:36:43.244] [bmv2] [D] [thread 91748] [121.0] [cxt 0] Deparsing header 'ipv6'
[00:36:43.244] [bmv2] [D] [thread 91748] [121.0] [cxt 0] Deparser 'deparser': end
[00:36:43.244] [bmv2] [D] [thread 91752] [121.0] [cxt 0] Transmitting packet of size 203 out of port 0
[00:36:43.437] [bmv2] [D] [thread 91747] [122.0] [cxt 0] Processing packet received on port 5
[00:36:43.437] [bmv2] [D] [thread 91747] [122.0] [cxt 0] Parser 'parser': start
[00:36:43.437] [bmv2] [D] [thread 91747] [122.0] [cxt 0] Parser 'parser' entering state 'start'
[00:36:43.437] [bmv2] [D] [thread 91747] [122.0] [cxt 0] Extracting header 'ethernet'
[00:36:43.437] [bmv2] [D] [thread 91747] [122.0] [cxt 0] Parser state 'start': key is 86dd
[00:36:43.437] [bmv2] [T] [thread 91747] [122.0] [cxt 0] Bytes parsed: 14
[00:36:43.437] [bmv2] [D] [thread 91747] [122.0] [cxt 0] Parser 'parser' entering state 'parse_ipv6'
[00:36:43.437] [bmv2] [D] [thread 91747] [122.0] [cxt 0] Extracting header 'ipv6'
[00:36:43.437] [bmv2] [D] [thread 91747] [122.0] [cxt 0] Parser state 'parse_ipv6': key is 11
[00:36:43.437] [bmv2] [T] [thread 91747] [122.0] [cxt 0] Bytes parsed: 54
[00:36:43.437] [bmv2] [D] [thread 91747] [122.0] [cxt 0] Parser 'parser': end
[00:36:43.437] [bmv2] [D] [thread 91747] [122.0] [cxt 0] Pipeline 'ingress': start
[00:36:43.437] [bmv2] [T] [thread 91747] [122.0] [cxt 0] basic.p4(560) Condition "hdr.ethernet.etherType == TYPE_ARP" (node_2) is false
[00:36:43.437] [bmv2] [T] [thread 91747] [122.0] [cxt 0] basic.p4(563) Condition "hdr.ethernet.etherType == TYPE_SRCROUTING" (node_4) is false
[00:36:43.437] [bmv2] [T] [thread 91747] [122.0] [cxt 0] basic.p4(576) Condition "hdr.ethernet.etherType == TYPE_YEQUDESU" (node_12) is false
[00:36:43.437] [bmv2] [T] [thread 91747] [122.0] [cxt 0] basic.p4(582) Condition "hdr.vxlan.isValid()" (node_15) is false
[00:36:43.437] [bmv2] [T] [thread 91747] [122.0] [cxt 0] basic.p4(586) Condition "hdr.ipv6.isValid()" (node_17) is true
[00:36:43.437] [bmv2] [T] [thread 91747] [122.0] [cxt 0] Applying table 'MyIngress.ipv6_lpm'
[00:36:43.437] [bmv2] [D] [thread 91747] [122.0] [cxt 0] Looking up key:
* hdr.ipv6.dstAddr    : ff0200000000000000000000000000fb

[00:36:43.437] [bmv2] [D] [thread 91747] [122.0] [cxt 0] Table 'MyIngress.ipv6_lpm': miss
[00:36:43.437] [bmv2] [D] [thread 91747] [122.0] [cxt 0] Action entry is NoAction - 
[00:36:43.437] [bmv2] [T] [thread 91747] [122.0] [cxt 0] Action NoAction
[00:36:43.437] [bmv2] [D] [thread 91747] [122.0] [cxt 0] Pipeline 'ingress': end
[00:36:43.437] [bmv2] [D] [thread 91747] [122.0] [cxt 0] Egress port is 0
[00:36:43.437] [bmv2] [D] [thread 91748] [122.0] [cxt 0] Pipeline 'egress': start
[00:36:43.437] [bmv2] [T] [thread 91748] [122.0] [cxt 0] basic.p4(684) Condition "standard_metadata.mcast_grp != 0" (node_28) is false
[00:36:43.437] [bmv2] [D] [thread 91748] [122.0] [cxt 0] Pipeline 'egress': end
[00:36:43.437] [bmv2] [D] [thread 91748] [122.0] [cxt 0] Deparser 'deparser': start
[00:36:43.437] [bmv2] [T] [thread 91748] [122.0] [cxt 0] Skipping checksum 'cksum' update because condition not met
[00:36:43.437] [bmv2] [D] [thread 91748] [122.0] [cxt 0] Deparsing header 'ethernet'
[00:36:43.437] [bmv2] [D] [thread 91748] [122.0] [cxt 0] Deparsing header 'ipv6'
[00:36:43.437] [bmv2] [D] [thread 91748] [122.0] [cxt 0] Deparser 'deparser': end
[00:36:43.438] [bmv2] [D] [thread 91752] [122.0] [cxt 0] Transmitting packet of size 203 out of port 0
[00:36:43.501] [bmv2] [D] [thread 91747] [123.0] [cxt 0] Processing packet received on port 4
[00:36:43.501] [bmv2] [D] [thread 91747] [123.0] [cxt 0] Parser 'parser': start
[00:36:43.501] [bmv2] [D] [thread 91747] [123.0] [cxt 0] Parser 'parser' entering state 'start'
[00:36:43.501] [bmv2] [D] [thread 91747] [123.0] [cxt 0] Extracting header 'ethernet'
[00:36:43.501] [bmv2] [D] [thread 91747] [123.0] [cxt 0] Parser state 'start': key is 86dd
[00:36:43.501] [bmv2] [T] [thread 91747] [123.0] [cxt 0] Bytes parsed: 14
[00:36:43.501] [bmv2] [D] [thread 91747] [123.0] [cxt 0] Parser 'parser' entering state 'parse_ipv6'
[00:36:43.501] [bmv2] [D] [thread 91747] [123.0] [cxt 0] Extracting header 'ipv6'
[00:36:43.501] [bmv2] [D] [thread 91747] [123.0] [cxt 0] Parser state 'parse_ipv6': key is 11
[00:36:43.501] [bmv2] [T] [thread 91747] [123.0] [cxt 0] Bytes parsed: 54
[00:36:43.501] [bmv2] [D] [thread 91747] [123.0] [cxt 0] Parser 'parser': end
[00:36:43.501] [bmv2] [D] [thread 91747] [123.0] [cxt 0] Pipeline 'ingress': start
[00:36:43.501] [bmv2] [T] [thread 91747] [123.0] [cxt 0] basic.p4(560) Condition "hdr.ethernet.etherType == TYPE_ARP" (node_2) is false
[00:36:43.502] [bmv2] [T] [thread 91747] [123.0] [cxt 0] basic.p4(563) Condition "hdr.ethernet.etherType == TYPE_SRCROUTING" (node_4) is false
[00:36:43.502] [bmv2] [T] [thread 91747] [123.0] [cxt 0] basic.p4(576) Condition "hdr.ethernet.etherType == TYPE_YEQUDESU" (node_12) is false
[00:36:43.502] [bmv2] [T] [thread 91747] [123.0] [cxt 0] basic.p4(582) Condition "hdr.vxlan.isValid()" (node_15) is false
[00:36:43.502] [bmv2] [T] [thread 91747] [123.0] [cxt 0] basic.p4(586) Condition "hdr.ipv6.isValid()" (node_17) is true
[00:36:43.502] [bmv2] [T] [thread 91747] [123.0] [cxt 0] Applying table 'MyIngress.ipv6_lpm'
[00:36:43.502] [bmv2] [D] [thread 91747] [123.0] [cxt 0] Looking up key:
* hdr.ipv6.dstAddr    : ff0200000000000000000000000000fb

[00:36:43.502] [bmv2] [D] [thread 91747] [123.0] [cxt 0] Table 'MyIngress.ipv6_lpm': miss
[00:36:43.502] [bmv2] [D] [thread 91747] [123.0] [cxt 0] Action entry is NoAction - 
[00:36:43.502] [bmv2] [T] [thread 91747] [123.0] [cxt 0] Action NoAction
[00:36:43.502] [bmv2] [D] [thread 91747] [123.0] [cxt 0] Pipeline 'ingress': end
[00:36:43.502] [bmv2] [D] [thread 91747] [123.0] [cxt 0] Egress port is 0
[00:36:43.502] [bmv2] [D] [thread 91748] [123.0] [cxt 0] Pipeline 'egress': start
[00:36:43.502] [bmv2] [T] [thread 91748] [123.0] [cxt 0] basic.p4(684) Condition "standard_metadata.mcast_grp != 0" (node_28) is false
[00:36:43.502] [bmv2] [D] [thread 91748] [123.0] [cxt 0] Pipeline 'egress': end
[00:36:43.502] [bmv2] [D] [thread 91748] [123.0] [cxt 0] Deparser 'deparser': start
[00:36:43.502] [bmv2] [T] [thread 91748] [123.0] [cxt 0] Skipping checksum 'cksum' update because condition not met
[00:36:43.502] [bmv2] [D] [thread 91748] [123.0] [cxt 0] Deparsing header 'ethernet'
[00:36:43.502] [bmv2] [D] [thread 91748] [123.0] [cxt 0] Deparsing header 'ipv6'
[00:36:43.502] [bmv2] [D] [thread 91748] [123.0] [cxt 0] Deparser 'deparser': end
[00:36:43.502] [bmv2] [D] [thread 91752] [123.0] [cxt 0] Transmitting packet of size 203 out of port 0
[00:36:43.565] [bmv2] [D] [thread 91747] [124.0] [cxt 0] Processing packet received on port 1
[00:36:43.565] [bmv2] [D] [thread 91747] [124.0] [cxt 0] Parser 'parser': start
[00:36:43.565] [bmv2] [D] [thread 91747] [124.0] [cxt 0] Parser 'parser' entering state 'start'
[00:36:43.565] [bmv2] [D] [thread 91747] [124.0] [cxt 0] Extracting header 'ethernet'
[00:36:43.565] [bmv2] [D] [thread 91747] [124.0] [cxt 0] Parser state 'start': key is 86dd
[00:36:43.565] [bmv2] [T] [thread 91747] [124.0] [cxt 0] Bytes parsed: 14
[00:36:43.565] [bmv2] [D] [thread 91747] [124.0] [cxt 0] Parser 'parser' entering state 'parse_ipv6'
[00:36:43.565] [bmv2] [D] [thread 91747] [124.0] [cxt 0] Extracting header 'ipv6'
[00:36:43.565] [bmv2] [D] [thread 91747] [124.0] [cxt 0] Parser state 'parse_ipv6': key is 11
[00:36:43.565] [bmv2] [T] [thread 91747] [124.0] [cxt 0] Bytes parsed: 54
[00:36:43.565] [bmv2] [D] [thread 91747] [124.0] [cxt 0] Parser 'parser': end
[00:36:43.565] [bmv2] [D] [thread 91747] [124.0] [cxt 0] Pipeline 'ingress': start
[00:36:43.565] [bmv2] [T] [thread 91747] [124.0] [cxt 0] basic.p4(560) Condition "hdr.ethernet.etherType == TYPE_ARP" (node_2) is false
[00:36:43.565] [bmv2] [T] [thread 91747] [124.0] [cxt 0] basic.p4(563) Condition "hdr.ethernet.etherType == TYPE_SRCROUTING" (node_4) is false
[00:36:43.565] [bmv2] [T] [thread 91747] [124.0] [cxt 0] basic.p4(576) Condition "hdr.ethernet.etherType == TYPE_YEQUDESU" (node_12) is false
[00:36:43.565] [bmv2] [T] [thread 91747] [124.0] [cxt 0] basic.p4(582) Condition "hdr.vxlan.isValid()" (node_15) is false
[00:36:43.565] [bmv2] [T] [thread 91747] [124.0] [cxt 0] basic.p4(586) Condition "hdr.ipv6.isValid()" (node_17) is true
[00:36:43.565] [bmv2] [T] [thread 91747] [124.0] [cxt 0] Applying table 'MyIngress.ipv6_lpm'
[00:36:43.565] [bmv2] [D] [thread 91747] [124.0] [cxt 0] Looking up key:
* hdr.ipv6.dstAddr    : ff0200000000000000000000000000fb

[00:36:43.565] [bmv2] [D] [thread 91747] [124.0] [cxt 0] Table 'MyIngress.ipv6_lpm': miss
[00:36:43.565] [bmv2] [D] [thread 91747] [124.0] [cxt 0] Action entry is NoAction - 
[00:36:43.565] [bmv2] [T] [thread 91747] [124.0] [cxt 0] Action NoAction
[00:36:43.565] [bmv2] [D] [thread 91747] [124.0] [cxt 0] Pipeline 'ingress': end
[00:36:43.565] [bmv2] [D] [thread 91747] [124.0] [cxt 0] Egress port is 0
[00:36:43.565] [bmv2] [D] [thread 91748] [124.0] [cxt 0] Pipeline 'egress': start
[00:36:43.565] [bmv2] [T] [thread 91748] [124.0] [cxt 0] basic.p4(684) Condition "standard_metadata.mcast_grp != 0" (node_28) is false
[00:36:43.565] [bmv2] [D] [thread 91748] [124.0] [cxt 0] Pipeline 'egress': end
[00:36:43.565] [bmv2] [D] [thread 91748] [124.0] [cxt 0] Deparser 'deparser': start
[00:36:43.565] [bmv2] [T] [thread 91748] [124.0] [cxt 0] Skipping checksum 'cksum' update because condition not met
[00:36:43.565] [bmv2] [D] [thread 91748] [124.0] [cxt 0] Deparsing header 'ethernet'
[00:36:43.565] [bmv2] [D] [thread 91748] [124.0] [cxt 0] Deparsing header 'ipv6'
[00:36:43.565] [bmv2] [D] [thread 91748] [124.0] [cxt 0] Deparser 'deparser': end
[00:36:43.566] [bmv2] [D] [thread 91752] [124.0] [cxt 0] Transmitting packet of size 203 out of port 0
[00:36:43.629] [bmv2] [D] [thread 91747] [125.0] [cxt 0] Processing packet received on port 3
[00:36:43.629] [bmv2] [D] [thread 91747] [125.0] [cxt 0] Parser 'parser': start
[00:36:43.629] [bmv2] [D] [thread 91747] [125.0] [cxt 0] Parser 'parser' entering state 'start'
[00:36:43.629] [bmv2] [D] [thread 91747] [125.0] [cxt 0] Extracting header 'ethernet'
[00:36:43.629] [bmv2] [D] [thread 91747] [125.0] [cxt 0] Parser state 'start': key is 86dd
[00:36:43.629] [bmv2] [T] [thread 91747] [125.0] [cxt 0] Bytes parsed: 14
[00:36:43.629] [bmv2] [D] [thread 91747] [125.0] [cxt 0] Parser 'parser' entering state 'parse_ipv6'
[00:36:43.629] [bmv2] [D] [thread 91747] [125.0] [cxt 0] Extracting header 'ipv6'
[00:36:43.629] [bmv2] [D] [thread 91747] [125.0] [cxt 0] Parser state 'parse_ipv6': key is 11
[00:36:43.629] [bmv2] [T] [thread 91747] [125.0] [cxt 0] Bytes parsed: 54
[00:36:43.629] [bmv2] [D] [thread 91747] [125.0] [cxt 0] Parser 'parser': end
[00:36:43.629] [bmv2] [D] [thread 91747] [125.0] [cxt 0] Pipeline 'ingress': start
[00:36:43.629] [bmv2] [T] [thread 91747] [125.0] [cxt 0] basic.p4(560) Condition "hdr.ethernet.etherType == TYPE_ARP" (node_2) is false
[00:36:43.629] [bmv2] [T] [thread 91747] [125.0] [cxt 0] basic.p4(563) Condition "hdr.ethernet.etherType == TYPE_SRCROUTING" (node_4) is false
[00:36:43.629] [bmv2] [T] [thread 91747] [125.0] [cxt 0] basic.p4(576) Condition "hdr.ethernet.etherType == TYPE_YEQUDESU" (node_12) is false
[00:36:43.629] [bmv2] [T] [thread 91747] [125.0] [cxt 0] basic.p4(582) Condition "hdr.vxlan.isValid()" (node_15) is false
[00:36:43.629] [bmv2] [T] [thread 91747] [125.0] [cxt 0] basic.p4(586) Condition "hdr.ipv6.isValid()" (node_17) is true
[00:36:43.629] [bmv2] [T] [thread 91747] [125.0] [cxt 0] Applying table 'MyIngress.ipv6_lpm'
[00:36:43.629] [bmv2] [D] [thread 91747] [125.0] [cxt 0] Looking up key:
* hdr.ipv6.dstAddr    : ff0200000000000000000000000000fb

[00:36:43.629] [bmv2] [D] [thread 91747] [125.0] [cxt 0] Table 'MyIngress.ipv6_lpm': miss
[00:36:43.629] [bmv2] [D] [thread 91747] [125.0] [cxt 0] Action entry is NoAction - 
[00:36:43.629] [bmv2] [T] [thread 91747] [125.0] [cxt 0] Action NoAction
[00:36:43.629] [bmv2] [D] [thread 91747] [125.0] [cxt 0] Pipeline 'ingress': end
[00:36:43.629] [bmv2] [D] [thread 91747] [125.0] [cxt 0] Egress port is 0
[00:36:43.629] [bmv2] [D] [thread 91748] [125.0] [cxt 0] Pipeline 'egress': start
[00:36:43.629] [bmv2] [T] [thread 91748] [125.0] [cxt 0] basic.p4(684) Condition "standard_metadata.mcast_grp != 0" (node_28) is false
[00:36:43.629] [bmv2] [D] [thread 91748] [125.0] [cxt 0] Pipeline 'egress': end
[00:36:43.629] [bmv2] [D] [thread 91748] [125.0] [cxt 0] Deparser 'deparser': start
[00:36:43.629] [bmv2] [T] [thread 91748] [125.0] [cxt 0] Skipping checksum 'cksum' update because condition not met
[00:36:43.629] [bmv2] [D] [thread 91748] [125.0] [cxt 0] Deparsing header 'ethernet'
[00:36:43.629] [bmv2] [D] [thread 91748] [125.0] [cxt 0] Deparsing header 'ipv6'
[00:36:43.629] [bmv2] [D] [thread 91748] [125.0] [cxt 0] Deparser 'deparser': end
[00:36:43.629] [bmv2] [D] [thread 91752] [125.0] [cxt 0] Transmitting packet of size 203 out of port 0
[00:36:43.661] [bmv2] [D] [thread 91747] [126.0] [cxt 0] Processing packet received on port 2
[00:36:43.661] [bmv2] [D] [thread 91747] [126.0] [cxt 0] Parser 'parser': start
[00:36:43.661] [bmv2] [D] [thread 91747] [126.0] [cxt 0] Parser 'parser' entering state 'start'
[00:36:43.661] [bmv2] [D] [thread 91747] [126.0] [cxt 0] Extracting header 'ethernet'
[00:36:43.661] [bmv2] [D] [thread 91747] [126.0] [cxt 0] Parser state 'start': key is 86dd
[00:36:43.661] [bmv2] [T] [thread 91747] [126.0] [cxt 0] Bytes parsed: 14
[00:36:43.661] [bmv2] [D] [thread 91747] [126.0] [cxt 0] Parser 'parser' entering state 'parse_ipv6'
[00:36:43.661] [bmv2] [D] [thread 91747] [126.0] [cxt 0] Extracting header 'ipv6'
[00:36:43.661] [bmv2] [D] [thread 91747] [126.0] [cxt 0] Parser state 'parse_ipv6': key is 3a
[00:36:43.661] [bmv2] [T] [thread 91747] [126.0] [cxt 0] Bytes parsed: 54
[00:36:43.661] [bmv2] [D] [thread 91747] [126.0] [cxt 0] Parser 'parser': end
[00:36:43.661] [bmv2] [D] [thread 91747] [126.0] [cxt 0] Pipeline 'ingress': start
[00:36:43.661] [bmv2] [T] [thread 91747] [126.0] [cxt 0] basic.p4(560) Condition "hdr.ethernet.etherType == TYPE_ARP" (node_2) is false
[00:36:43.661] [bmv2] [T] [thread 91747] [126.0] [cxt 0] basic.p4(563) Condition "hdr.ethernet.etherType == TYPE_SRCROUTING" (node_4) is false
[00:36:43.661] [bmv2] [T] [thread 91747] [126.0] [cxt 0] basic.p4(576) Condition "hdr.ethernet.etherType == TYPE_YEQUDESU" (node_12) is false
[00:36:43.661] [bmv2] [T] [thread 91747] [126.0] [cxt 0] basic.p4(582) Condition "hdr.vxlan.isValid()" (node_15) is false
[00:36:43.661] [bmv2] [T] [thread 91747] [126.0] [cxt 0] basic.p4(586) Condition "hdr.ipv6.isValid()" (node_17) is true
[00:36:43.661] [bmv2] [T] [thread 91747] [126.0] [cxt 0] Applying table 'MyIngress.ipv6_lpm'
[00:36:43.661] [bmv2] [D] [thread 91747] [126.0] [cxt 0] Looking up key:
* hdr.ipv6.dstAddr    : ff020000000000000000000000000002

[00:36:43.661] [bmv2] [D] [thread 91747] [126.0] [cxt 0] Table 'MyIngress.ipv6_lpm': miss
[00:36:43.661] [bmv2] [D] [thread 91747] [126.0] [cxt 0] Action entry is NoAction - 
[00:36:43.661] [bmv2] [T] [thread 91747] [126.0] [cxt 0] Action NoAction
[00:36:43.661] [bmv2] [D] [thread 91747] [126.0] [cxt 0] Pipeline 'ingress': end
[00:36:43.661] [bmv2] [D] [thread 91747] [126.0] [cxt 0] Egress port is 0
[00:36:43.661] [bmv2] [D] [thread 91748] [126.0] [cxt 0] Pipeline 'egress': start
[00:36:43.661] [bmv2] [T] [thread 91748] [126.0] [cxt 0] basic.p4(684) Condition "standard_metadata.mcast_grp != 0" (node_28) is false
[00:36:43.661] [bmv2] [D] [thread 91748] [126.0] [cxt 0] Pipeline 'egress': end
[00:36:43.661] [bmv2] [D] [thread 91748] [126.0] [cxt 0] Deparser 'deparser': start
[00:36:43.661] [bmv2] [T] [thread 91748] [126.0] [cxt 0] Skipping checksum 'cksum' update because condition not met
[00:36:43.661] [bmv2] [D] [thread 91748] [126.0] [cxt 0] Deparsing header 'ethernet'
[00:36:43.661] [bmv2] [D] [thread 91748] [126.0] [cxt 0] Deparsing header 'ipv6'
[00:36:43.661] [bmv2] [D] [thread 91748] [126.0] [cxt 0] Deparser 'deparser': end
[00:36:43.662] [bmv2] [D] [thread 91752] [126.0] [cxt 0] Transmitting packet of size 70 out of port 0
[00:36:43.690] [bmv2] [D] [thread 91747] [127.0] [cxt 0] Processing packet received on port 2
[00:36:43.690] [bmv2] [D] [thread 91747] [127.0] [cxt 0] Parser 'parser': start
[00:36:43.691] [bmv2] [D] [thread 91747] [127.0] [cxt 0] Parser 'parser' entering state 'start'
[00:36:43.691] [bmv2] [D] [thread 91747] [127.0] [cxt 0] Extracting header 'ethernet'
[00:36:43.691] [bmv2] [D] [thread 91747] [127.0] [cxt 0] Parser state 'start': key is 86dd
[00:36:43.691] [bmv2] [T] [thread 91747] [127.0] [cxt 0] Bytes parsed: 14
[00:36:43.691] [bmv2] [D] [thread 91747] [127.0] [cxt 0] Parser 'parser' entering state 'parse_ipv6'
[00:36:43.691] [bmv2] [D] [thread 91747] [127.0] [cxt 0] Extracting header 'ipv6'
[00:36:43.691] [bmv2] [D] [thread 91747] [127.0] [cxt 0] Parser state 'parse_ipv6': key is 11
[00:36:43.691] [bmv2] [T] [thread 91747] [127.0] [cxt 0] Bytes parsed: 54
[00:36:43.691] [bmv2] [D] [thread 91747] [127.0] [cxt 0] Parser 'parser': end
[00:36:43.691] [bmv2] [D] [thread 91747] [127.0] [cxt 0] Pipeline 'ingress': start
[00:36:43.691] [bmv2] [T] [thread 91747] [127.0] [cxt 0] basic.p4(560) Condition "hdr.ethernet.etherType == TYPE_ARP" (node_2) is false
[00:36:43.691] [bmv2] [T] [thread 91747] [127.0] [cxt 0] basic.p4(563) Condition "hdr.ethernet.etherType == TYPE_SRCROUTING" (node_4) is false
[00:36:43.691] [bmv2] [T] [thread 91747] [127.0] [cxt 0] basic.p4(576) Condition "hdr.ethernet.etherType == TYPE_YEQUDESU" (node_12) is false
[00:36:43.691] [bmv2] [T] [thread 91747] [127.0] [cxt 0] basic.p4(582) Condition "hdr.vxlan.isValid()" (node_15) is false
[00:36:43.691] [bmv2] [T] [thread 91747] [127.0] [cxt 0] basic.p4(586) Condition "hdr.ipv6.isValid()" (node_17) is true
[00:36:43.691] [bmv2] [T] [thread 91747] [127.0] [cxt 0] Applying table 'MyIngress.ipv6_lpm'
[00:36:43.691] [bmv2] [D] [thread 91747] [127.0] [cxt 0] Looking up key:
* hdr.ipv6.dstAddr    : ff0200000000000000000000000000fb

[00:36:43.691] [bmv2] [D] [thread 91747] [127.0] [cxt 0] Table 'MyIngress.ipv6_lpm': miss
[00:36:43.691] [bmv2] [D] [thread 91747] [127.0] [cxt 0] Action entry is NoAction - 
[00:36:43.691] [bmv2] [T] [thread 91747] [127.0] [cxt 0] Action NoAction
[00:36:43.691] [bmv2] [D] [thread 91747] [127.0] [cxt 0] Pipeline 'ingress': end
[00:36:43.691] [bmv2] [D] [thread 91747] [127.0] [cxt 0] Egress port is 0
[00:36:43.691] [bmv2] [D] [thread 91748] [127.0] [cxt 0] Pipeline 'egress': start
[00:36:43.691] [bmv2] [T] [thread 91748] [127.0] [cxt 0] basic.p4(684) Condition "standard_metadata.mcast_grp != 0" (node_28) is false
[00:36:43.691] [bmv2] [D] [thread 91748] [127.0] [cxt 0] Pipeline 'egress': end
[00:36:43.691] [bmv2] [D] [thread 91748] [127.0] [cxt 0] Deparser 'deparser': start
[00:36:43.691] [bmv2] [T] [thread 91748] [127.0] [cxt 0] Skipping checksum 'cksum' update because condition not met
[00:36:43.691] [bmv2] [D] [thread 91748] [127.0] [cxt 0] Deparsing header 'ethernet'
[00:36:43.691] [bmv2] [D] [thread 91748] [127.0] [cxt 0] Deparsing header 'ipv6'
[00:36:43.691] [bmv2] [D] [thread 91748] [127.0] [cxt 0] Deparser 'deparser': end
[00:36:43.691] [bmv2] [D] [thread 91752] [127.0] [cxt 0] Transmitting packet of size 199 out of port 0
[00:36:43.725] [bmv2] [D] [thread 91747] [128.0] [cxt 0] Processing packet received on port 4
[00:36:43.725] [bmv2] [D] [thread 91747] [128.0] [cxt 0] Parser 'parser': start
[00:36:43.725] [bmv2] [D] [thread 91747] [128.0] [cxt 0] Parser 'parser' entering state 'start'
[00:36:43.725] [bmv2] [D] [thread 91747] [128.0] [cxt 0] Extracting header 'ethernet'
[00:36:43.725] [bmv2] [D] [thread 91747] [128.0] [cxt 0] Parser state 'start': key is 86dd
[00:36:43.725] [bmv2] [T] [thread 91747] [128.0] [cxt 0] Bytes parsed: 14
[00:36:43.725] [bmv2] [D] [thread 91747] [128.0] [cxt 0] Parser 'parser' entering state 'parse_ipv6'
[00:36:43.725] [bmv2] [D] [thread 91747] [128.0] [cxt 0] Extracting header 'ipv6'
[00:36:43.725] [bmv2] [D] [thread 91747] [128.0] [cxt 0] Parser state 'parse_ipv6': key is 3a
[00:36:43.725] [bmv2] [T] [thread 91747] [128.0] [cxt 0] Bytes parsed: 54
[00:36:43.725] [bmv2] [D] [thread 91747] [128.0] [cxt 0] Parser 'parser': end
[00:36:43.725] [bmv2] [D] [thread 91747] [128.0] [cxt 0] Pipeline 'ingress': start
[00:36:43.726] [bmv2] [T] [thread 91747] [128.0] [cxt 0] basic.p4(560) Condition "hdr.ethernet.etherType == TYPE_ARP" (node_2) is false
[00:36:43.726] [bmv2] [T] [thread 91747] [128.0] [cxt 0] basic.p4(563) Condition "hdr.ethernet.etherType == TYPE_SRCROUTING" (node_4) is false
[00:36:43.726] [bmv2] [T] [thread 91747] [128.0] [cxt 0] basic.p4(576) Condition "hdr.ethernet.etherType == TYPE_YEQUDESU" (node_12) is false
[00:36:43.726] [bmv2] [T] [thread 91747] [128.0] [cxt 0] basic.p4(582) Condition "hdr.vxlan.isValid()" (node_15) is false
[00:36:43.726] [bmv2] [T] [thread 91747] [128.0] [cxt 0] basic.p4(586) Condition "hdr.ipv6.isValid()" (node_17) is true
[00:36:43.726] [bmv2] [T] [thread 91747] [128.0] [cxt 0] Applying table 'MyIngress.ipv6_lpm'
[00:36:43.726] [bmv2] [D] [thread 91747] [128.0] [cxt 0] Looking up key:
* hdr.ipv6.dstAddr    : ff020000000000000000000000000002

[00:36:43.726] [bmv2] [D] [thread 91747] [128.0] [cxt 0] Table 'MyIngress.ipv6_lpm': miss
[00:36:43.726] [bmv2] [D] [thread 91747] [128.0] [cxt 0] Action entry is NoAction - 
[00:36:43.726] [bmv2] [T] [thread 91747] [128.0] [cxt 0] Action NoAction
[00:36:43.726] [bmv2] [D] [thread 91747] [128.0] [cxt 0] Pipeline 'ingress': end
[00:36:43.726] [bmv2] [D] [thread 91747] [128.0] [cxt 0] Egress port is 0
[00:36:43.726] [bmv2] [D] [thread 91748] [128.0] [cxt 0] Pipeline 'egress': start
[00:36:43.726] [bmv2] [T] [thread 91748] [128.0] [cxt 0] basic.p4(684) Condition "standard_metadata.mcast_grp != 0" (node_28) is false
[00:36:43.726] [bmv2] [D] [thread 91748] [128.0] [cxt 0] Pipeline 'egress': end
[00:36:43.726] [bmv2] [D] [thread 91748] [128.0] [cxt 0] Deparser 'deparser': start
[00:36:43.726] [bmv2] [T] [thread 91748] [128.0] [cxt 0] Skipping checksum 'cksum' update because condition not met
[00:36:43.726] [bmv2] [D] [thread 91748] [128.0] [cxt 0] Deparsing header 'ethernet'
[00:36:43.726] [bmv2] [D] [thread 91748] [128.0] [cxt 0] Deparsing header 'ipv6'
[00:36:43.726] [bmv2] [D] [thread 91748] [128.0] [cxt 0] Deparser 'deparser': end
[00:36:43.726] [bmv2] [D] [thread 91752] [128.0] [cxt 0] Transmitting packet of size 70 out of port 0
[00:36:43.753] [bmv2] [D] [thread 91747] [129.0] [cxt 0] Processing packet received on port 3
[00:36:43.754] [bmv2] [D] [thread 91747] [129.0] [cxt 0] Parser 'parser': start
[00:36:43.754] [bmv2] [D] [thread 91747] [129.0] [cxt 0] Parser 'parser' entering state 'start'
[00:36:43.754] [bmv2] [D] [thread 91747] [129.0] [cxt 0] Extracting header 'ethernet'
[00:36:43.754] [bmv2] [D] [thread 91747] [129.0] [cxt 0] Parser state 'start': key is 86dd
[00:36:43.754] [bmv2] [T] [thread 91747] [129.0] [cxt 0] Bytes parsed: 14
[00:36:43.754] [bmv2] [D] [thread 91747] [129.0] [cxt 0] Parser 'parser' entering state 'parse_ipv6'
[00:36:43.754] [bmv2] [D] [thread 91747] [129.0] [cxt 0] Extracting header 'ipv6'
[00:36:43.754] [bmv2] [D] [thread 91747] [129.0] [cxt 0] Parser state 'parse_ipv6': key is 11
[00:36:43.754] [bmv2] [T] [thread 91747] [129.0] [cxt 0] Bytes parsed: 54
[00:36:43.754] [bmv2] [D] [thread 91747] [129.0] [cxt 0] Parser 'parser': end
[00:36:43.754] [bmv2] [D] [thread 91747] [129.0] [cxt 0] Pipeline 'ingress': start
[00:36:43.754] [bmv2] [T] [thread 91747] [129.0] [cxt 0] basic.p4(560) Condition "hdr.ethernet.etherType == TYPE_ARP" (node_2) is false
[00:36:43.754] [bmv2] [T] [thread 91747] [129.0] [cxt 0] basic.p4(563) Condition "hdr.ethernet.etherType == TYPE_SRCROUTING" (node_4) is false
[00:36:43.754] [bmv2] [T] [thread 91747] [129.0] [cxt 0] basic.p4(576) Condition "hdr.ethernet.etherType == TYPE_YEQUDESU" (node_12) is false
[00:36:43.754] [bmv2] [T] [thread 91747] [129.0] [cxt 0] basic.p4(582) Condition "hdr.vxlan.isValid()" (node_15) is false
[00:36:43.754] [bmv2] [T] [thread 91747] [129.0] [cxt 0] basic.p4(586) Condition "hdr.ipv6.isValid()" (node_17) is true
[00:36:43.754] [bmv2] [T] [thread 91747] [129.0] [cxt 0] Applying table 'MyIngress.ipv6_lpm'
[00:36:43.754] [bmv2] [D] [thread 91747] [129.0] [cxt 0] Looking up key:
* hdr.ipv6.dstAddr    : ff0200000000000000000000000000fb

[00:36:43.754] [bmv2] [D] [thread 91747] [129.0] [cxt 0] Table 'MyIngress.ipv6_lpm': miss
[00:36:43.754] [bmv2] [D] [thread 91747] [129.0] [cxt 0] Action entry is NoAction - 
[00:36:43.754] [bmv2] [T] [thread 91747] [129.0] [cxt 0] Action NoAction
[00:36:43.754] [bmv2] [D] [thread 91747] [129.0] [cxt 0] Pipeline 'ingress': end
[00:36:43.754] [bmv2] [D] [thread 91747] [129.0] [cxt 0] Egress port is 0
[00:36:43.754] [bmv2] [D] [thread 91748] [129.0] [cxt 0] Pipeline 'egress': start
[00:36:43.754] [bmv2] [T] [thread 91748] [129.0] [cxt 0] basic.p4(684) Condition "standard_metadata.mcast_grp != 0" (node_28) is false
[00:36:43.754] [bmv2] [D] [thread 91748] [129.0] [cxt 0] Pipeline 'egress': end
[00:36:43.754] [bmv2] [D] [thread 91748] [129.0] [cxt 0] Deparser 'deparser': start
[00:36:43.754] [bmv2] [T] [thread 91748] [129.0] [cxt 0] Skipping checksum 'cksum' update because condition not met
[00:36:43.754] [bmv2] [D] [thread 91748] [129.0] [cxt 0] Deparsing header 'ethernet'
[00:36:43.754] [bmv2] [D] [thread 91748] [129.0] [cxt 0] Deparsing header 'ipv6'
[00:36:43.754] [bmv2] [D] [thread 91748] [129.0] [cxt 0] Deparser 'deparser': end
[00:36:43.754] [bmv2] [D] [thread 91752] [129.0] [cxt 0] Transmitting packet of size 199 out of port 0
[00:36:43.817] [bmv2] [D] [thread 91747] [130.0] [cxt 0] Processing packet received on port 4
[00:36:43.817] [bmv2] [D] [thread 91747] [130.0] [cxt 0] Parser 'parser': start
[00:36:43.817] [bmv2] [D] [thread 91747] [130.0] [cxt 0] Parser 'parser' entering state 'start'
[00:36:43.817] [bmv2] [D] [thread 91747] [130.0] [cxt 0] Extracting header 'ethernet'
[00:36:43.817] [bmv2] [D] [thread 91747] [130.0] [cxt 0] Parser state 'start': key is 86dd
[00:36:43.817] [bmv2] [T] [thread 91747] [130.0] [cxt 0] Bytes parsed: 14
[00:36:43.817] [bmv2] [D] [thread 91747] [130.0] [cxt 0] Parser 'parser' entering state 'parse_ipv6'
[00:36:43.817] [bmv2] [D] [thread 91747] [130.0] [cxt 0] Extracting header 'ipv6'
[00:36:43.817] [bmv2] [D] [thread 91747] [130.0] [cxt 0] Parser state 'parse_ipv6': key is 11
[00:36:43.817] [bmv2] [T] [thread 91747] [130.0] [cxt 0] Bytes parsed: 54
[00:36:43.817] [bmv2] [D] [thread 91747] [130.0] [cxt 0] Parser 'parser': end
[00:36:43.817] [bmv2] [D] [thread 91747] [130.0] [cxt 0] Pipeline 'ingress': start
[00:36:43.817] [bmv2] [T] [thread 91747] [130.0] [cxt 0] basic.p4(560) Condition "hdr.ethernet.etherType == TYPE_ARP" (node_2) is false
[00:36:43.817] [bmv2] [T] [thread 91747] [130.0] [cxt 0] basic.p4(563) Condition "hdr.ethernet.etherType == TYPE_SRCROUTING" (node_4) is false
[00:36:43.817] [bmv2] [T] [thread 91747] [130.0] [cxt 0] basic.p4(576) Condition "hdr.ethernet.etherType == TYPE_YEQUDESU" (node_12) is false
[00:36:43.817] [bmv2] [T] [thread 91747] [130.0] [cxt 0] basic.p4(582) Condition "hdr.vxlan.isValid()" (node_15) is false
[00:36:43.817] [bmv2] [T] [thread 91747] [130.0] [cxt 0] basic.p4(586) Condition "hdr.ipv6.isValid()" (node_17) is true
[00:36:43.817] [bmv2] [T] [thread 91747] [130.0] [cxt 0] Applying table 'MyIngress.ipv6_lpm'
[00:36:43.817] [bmv2] [D] [thread 91747] [130.0] [cxt 0] Looking up key:
* hdr.ipv6.dstAddr    : ff0200000000000000000000000000fb

[00:36:43.817] [bmv2] [D] [thread 91747] [130.0] [cxt 0] Table 'MyIngress.ipv6_lpm': miss
[00:36:43.817] [bmv2] [D] [thread 91747] [130.0] [cxt 0] Action entry is NoAction - 
[00:36:43.817] [bmv2] [T] [thread 91747] [130.0] [cxt 0] Action NoAction
[00:36:43.817] [bmv2] [D] [thread 91747] [130.0] [cxt 0] Pipeline 'ingress': end
[00:36:43.817] [bmv2] [D] [thread 91747] [130.0] [cxt 0] Egress port is 0
[00:36:43.817] [bmv2] [D] [thread 91747] [131.0] [cxt 0] Processing packet received on port 5
[00:36:43.817] [bmv2] [D] [thread 91747] [131.0] [cxt 0] Parser 'parser': start
[00:36:43.817] [bmv2] [D] [thread 91747] [131.0] [cxt 0] Parser 'parser' entering state 'start'
[00:36:43.817] [bmv2] [D] [thread 91747] [131.0] [cxt 0] Extracting header 'ethernet'
[00:36:43.817] [bmv2] [D] [thread 91747] [131.0] [cxt 0] Parser state 'start': key is 86dd
[00:36:43.817] [bmv2] [T] [thread 91747] [131.0] [cxt 0] Bytes parsed: 14
[00:36:43.817] [bmv2] [D] [thread 91747] [131.0] [cxt 0] Parser 'parser' entering state 'parse_ipv6'
[00:36:43.817] [bmv2] [D] [thread 91747] [131.0] [cxt 0] Extracting header 'ipv6'
[00:36:43.817] [bmv2] [D] [thread 91747] [131.0] [cxt 0] Parser state 'parse_ipv6': key is 11
[00:36:43.817] [bmv2] [T] [thread 91747] [131.0] [cxt 0] Bytes parsed: 54
[00:36:43.817] [bmv2] [D] [thread 91747] [131.0] [cxt 0] Parser 'parser': end
[00:36:43.817] [bmv2] [D] [thread 91747] [131.0] [cxt 0] Pipeline 'ingress': start
[00:36:43.817] [bmv2] [T] [thread 91747] [131.0] [cxt 0] basic.p4(560) Condition "hdr.ethernet.etherType == TYPE_ARP" (node_2) is false
[00:36:43.817] [bmv2] [T] [thread 91747] [131.0] [cxt 0] basic.p4(563) Condition "hdr.ethernet.etherType == TYPE_SRCROUTING" (node_4) is false
[00:36:43.817] [bmv2] [T] [thread 91747] [131.0] [cxt 0] basic.p4(576) Condition "hdr.ethernet.etherType == TYPE_YEQUDESU" (node_12) is false
[00:36:43.817] [bmv2] [T] [thread 91747] [131.0] [cxt 0] basic.p4(582) Condition "hdr.vxlan.isValid()" (node_15) is false
[00:36:43.817] [bmv2] [T] [thread 91747] [131.0] [cxt 0] basic.p4(586) Condition "hdr.ipv6.isValid()" (node_17) is true
[00:36:43.817] [bmv2] [T] [thread 91747] [131.0] [cxt 0] Applying table 'MyIngress.ipv6_lpm'
[00:36:43.817] [bmv2] [D] [thread 91747] [131.0] [cxt 0] Looking up key:
* hdr.ipv6.dstAddr    : ff0200000000000000000000000000fb

[00:36:43.817] [bmv2] [D] [thread 91747] [131.0] [cxt 0] Table 'MyIngress.ipv6_lpm': miss
[00:36:43.818] [bmv2] [D] [thread 91747] [131.0] [cxt 0] Action entry is NoAction - 
[00:36:43.818] [bmv2] [T] [thread 91747] [131.0] [cxt 0] Action NoAction
[00:36:43.818] [bmv2] [D] [thread 91747] [131.0] [cxt 0] Pipeline 'ingress': end
[00:36:43.818] [bmv2] [D] [thread 91747] [131.0] [cxt 0] Egress port is 0
[00:36:43.818] [bmv2] [D] [thread 91748] [130.0] [cxt 0] Pipeline 'egress': start
[00:36:43.818] [bmv2] [T] [thread 91748] [130.0] [cxt 0] basic.p4(684) Condition "standard_metadata.mcast_grp != 0" (node_28) is false
[00:36:43.818] [bmv2] [D] [thread 91748] [130.0] [cxt 0] Pipeline 'egress': end
[00:36:43.818] [bmv2] [D] [thread 91748] [130.0] [cxt 0] Deparser 'deparser': start
[00:36:43.818] [bmv2] [T] [thread 91748] [130.0] [cxt 0] Skipping checksum 'cksum' update because condition not met
[00:36:43.818] [bmv2] [D] [thread 91748] [130.0] [cxt 0] Deparsing header 'ethernet'
[00:36:43.818] [bmv2] [D] [thread 91748] [130.0] [cxt 0] Deparsing header 'ipv6'
[00:36:43.818] [bmv2] [D] [thread 91748] [130.0] [cxt 0] Deparser 'deparser': end
[00:36:43.818] [bmv2] [D] [thread 91748] [131.0] [cxt 0] Pipeline 'egress': start
[00:36:43.818] [bmv2] [T] [thread 91748] [131.0] [cxt 0] basic.p4(684) Condition "standard_metadata.mcast_grp != 0" (node_28) is false
[00:36:43.818] [bmv2] [D] [thread 91748] [131.0] [cxt 0] Pipeline 'egress': end
[00:36:43.818] [bmv2] [D] [thread 91748] [131.0] [cxt 0] Deparser 'deparser': start
[00:36:43.818] [bmv2] [T] [thread 91748] [131.0] [cxt 0] Skipping checksum 'cksum' update because condition not met
[00:36:43.818] [bmv2] [D] [thread 91748] [131.0] [cxt 0] Deparsing header 'ethernet'
[00:36:43.818] [bmv2] [D] [thread 91748] [131.0] [cxt 0] Deparsing header 'ipv6'
[00:36:43.818] [bmv2] [D] [thread 91748] [131.0] [cxt 0] Deparser 'deparser': end
[00:36:43.818] [bmv2] [D] [thread 91752] [130.0] [cxt 0] Transmitting packet of size 199 out of port 0
[00:36:43.818] [bmv2] [D] [thread 91752] [131.0] [cxt 0] Transmitting packet of size 199 out of port 0
[00:36:43.854] [bmv2] [D] [thread 91747] [132.0] [cxt 0] Processing packet received on port 5
[00:36:43.854] [bmv2] [D] [thread 91747] [132.0] [cxt 0] Parser 'parser': start
[00:36:43.854] [bmv2] [D] [thread 91747] [132.0] [cxt 0] Parser 'parser' entering state 'start'
[00:36:43.854] [bmv2] [D] [thread 91747] [132.0] [cxt 0] Extracting header 'ethernet'
[00:36:43.854] [bmv2] [D] [thread 91747] [132.0] [cxt 0] Parser state 'start': key is 86dd
[00:36:43.854] [bmv2] [T] [thread 91747] [132.0] [cxt 0] Bytes parsed: 14
[00:36:43.854] [bmv2] [D] [thread 91747] [132.0] [cxt 0] Parser 'parser' entering state 'parse_ipv6'
[00:36:43.854] [bmv2] [D] [thread 91747] [132.0] [cxt 0] Extracting header 'ipv6'
[00:36:43.854] [bmv2] [D] [thread 91747] [132.0] [cxt 0] Parser state 'parse_ipv6': key is 3a
[00:36:43.854] [bmv2] [T] [thread 91747] [132.0] [cxt 0] Bytes parsed: 54
[00:36:43.854] [bmv2] [D] [thread 91747] [132.0] [cxt 0] Parser 'parser': end
[00:36:43.854] [bmv2] [D] [thread 91747] [132.0] [cxt 0] Pipeline 'ingress': start
[00:36:43.854] [bmv2] [T] [thread 91747] [132.0] [cxt 0] basic.p4(560) Condition "hdr.ethernet.etherType == TYPE_ARP" (node_2) is false
[00:36:43.854] [bmv2] [T] [thread 91747] [132.0] [cxt 0] basic.p4(563) Condition "hdr.ethernet.etherType == TYPE_SRCROUTING" (node_4) is false
[00:36:43.854] [bmv2] [T] [thread 91747] [132.0] [cxt 0] basic.p4(576) Condition "hdr.ethernet.etherType == TYPE_YEQUDESU" (node_12) is false
[00:36:43.854] [bmv2] [T] [thread 91747] [132.0] [cxt 0] basic.p4(582) Condition "hdr.vxlan.isValid()" (node_15) is false
[00:36:43.854] [bmv2] [T] [thread 91747] [132.0] [cxt 0] basic.p4(586) Condition "hdr.ipv6.isValid()" (node_17) is true
[00:36:43.854] [bmv2] [T] [thread 91747] [132.0] [cxt 0] Applying table 'MyIngress.ipv6_lpm'
[00:36:43.854] [bmv2] [D] [thread 91747] [132.0] [cxt 0] Looking up key:
* hdr.ipv6.dstAddr    : ff020000000000000000000000000002

[00:36:43.854] [bmv2] [D] [thread 91747] [132.0] [cxt 0] Table 'MyIngress.ipv6_lpm': miss
[00:36:43.854] [bmv2] [D] [thread 91747] [132.0] [cxt 0] Action entry is NoAction - 
[00:36:43.854] [bmv2] [T] [thread 91747] [132.0] [cxt 0] Action NoAction
[00:36:43.854] [bmv2] [D] [thread 91747] [132.0] [cxt 0] Pipeline 'ingress': end
[00:36:43.854] [bmv2] [D] [thread 91747] [132.0] [cxt 0] Egress port is 0
[00:36:43.854] [bmv2] [D] [thread 91748] [132.0] [cxt 0] Pipeline 'egress': start
[00:36:43.854] [bmv2] [T] [thread 91748] [132.0] [cxt 0] basic.p4(684) Condition "standard_metadata.mcast_grp != 0" (node_28) is false
[00:36:43.854] [bmv2] [D] [thread 91748] [132.0] [cxt 0] Pipeline 'egress': end
[00:36:43.854] [bmv2] [D] [thread 91748] [132.0] [cxt 0] Deparser 'deparser': start
[00:36:43.854] [bmv2] [T] [thread 91748] [132.0] [cxt 0] Skipping checksum 'cksum' update because condition not met
[00:36:43.854] [bmv2] [D] [thread 91748] [132.0] [cxt 0] Deparsing header 'ethernet'
[00:36:43.854] [bmv2] [D] [thread 91748] [132.0] [cxt 0] Deparsing header 'ipv6'
[00:36:43.854] [bmv2] [D] [thread 91748] [132.0] [cxt 0] Deparser 'deparser': end
[00:36:43.855] [bmv2] [D] [thread 91752] [132.0] [cxt 0] Transmitting packet of size 70 out of port 0
[00:36:44.076] [bmv2] [D] [thread 91747] [133.0] [cxt 0] Processing packet received on port 2
[00:36:44.076] [bmv2] [D] [thread 91747] [133.0] [cxt 0] Parser 'parser': start
[00:36:44.076] [bmv2] [D] [thread 91747] [133.0] [cxt 0] Parser 'parser' entering state 'start'
[00:36:44.076] [bmv2] [D] [thread 91747] [133.0] [cxt 0] Extracting header 'ethernet'
[00:36:44.076] [bmv2] [D] [thread 91747] [133.0] [cxt 0] Parser state 'start': key is 86dd
[00:36:44.076] [bmv2] [T] [thread 91747] [133.0] [cxt 0] Bytes parsed: 14
[00:36:44.076] [bmv2] [D] [thread 91747] [133.0] [cxt 0] Parser 'parser' entering state 'parse_ipv6'
[00:36:44.076] [bmv2] [D] [thread 91747] [133.0] [cxt 0] Extracting header 'ipv6'
[00:36:44.076] [bmv2] [D] [thread 91747] [133.0] [cxt 0] Parser state 'parse_ipv6': key is 11
[00:36:44.076] [bmv2] [T] [thread 91747] [133.0] [cxt 0] Bytes parsed: 54
[00:36:44.076] [bmv2] [D] [thread 91747] [133.0] [cxt 0] Parser 'parser': end
[00:36:44.076] [bmv2] [D] [thread 91747] [133.0] [cxt 0] Pipeline 'ingress': start
[00:36:44.076] [bmv2] [T] [thread 91747] [133.0] [cxt 0] basic.p4(560) Condition "hdr.ethernet.etherType == TYPE_ARP" (node_2) is false
[00:36:44.076] [bmv2] [T] [thread 91747] [133.0] [cxt 0] basic.p4(563) Condition "hdr.ethernet.etherType == TYPE_SRCROUTING" (node_4) is false
[00:36:44.076] [bmv2] [T] [thread 91747] [133.0] [cxt 0] basic.p4(576) Condition "hdr.ethernet.etherType == TYPE_YEQUDESU" (node_12) is false
[00:36:44.076] [bmv2] [T] [thread 91747] [133.0] [cxt 0] basic.p4(582) Condition "hdr.vxlan.isValid()" (node_15) is false
[00:36:44.076] [bmv2] [T] [thread 91747] [133.0] [cxt 0] basic.p4(586) Condition "hdr.ipv6.isValid()" (node_17) is true
[00:36:44.076] [bmv2] [T] [thread 91747] [133.0] [cxt 0] Applying table 'MyIngress.ipv6_lpm'
[00:36:44.076] [bmv2] [D] [thread 91747] [133.0] [cxt 0] Looking up key:
* hdr.ipv6.dstAddr    : ff0200000000000000000000000000fb

[00:36:44.076] [bmv2] [D] [thread 91747] [133.0] [cxt 0] Table 'MyIngress.ipv6_lpm': miss
[00:36:44.076] [bmv2] [D] [thread 91747] [133.0] [cxt 0] Action entry is NoAction - 
[00:36:44.076] [bmv2] [T] [thread 91747] [133.0] [cxt 0] Action NoAction
[00:36:44.076] [bmv2] [D] [thread 91747] [133.0] [cxt 0] Pipeline 'ingress': end
[00:36:44.076] [bmv2] [D] [thread 91747] [133.0] [cxt 0] Egress port is 0
[00:36:44.077] [bmv2] [D] [thread 91748] [133.0] [cxt 0] Pipeline 'egress': start
[00:36:44.077] [bmv2] [T] [thread 91748] [133.0] [cxt 0] basic.p4(684) Condition "standard_metadata.mcast_grp != 0" (node_28) is false
[00:36:44.077] [bmv2] [D] [thread 91748] [133.0] [cxt 0] Pipeline 'egress': end
[00:36:44.077] [bmv2] [D] [thread 91748] [133.0] [cxt 0] Deparser 'deparser': start
[00:36:44.077] [bmv2] [T] [thread 91748] [133.0] [cxt 0] Skipping checksum 'cksum' update because condition not met
[00:36:44.077] [bmv2] [D] [thread 91748] [133.0] [cxt 0] Deparsing header 'ethernet'
[00:36:44.077] [bmv2] [D] [thread 91748] [133.0] [cxt 0] Deparsing header 'ipv6'
[00:36:44.077] [bmv2] [D] [thread 91748] [133.0] [cxt 0] Deparser 'deparser': end
[00:36:44.077] [bmv2] [D] [thread 91752] [133.0] [cxt 0] Transmitting packet of size 199 out of port 0
[00:36:44.173] [bmv2] [D] [thread 91747] [134.0] [cxt 0] Processing packet received on port 3
[00:36:44.173] [bmv2] [D] [thread 91747] [134.0] [cxt 0] Parser 'parser': start
[00:36:44.173] [bmv2] [D] [thread 91747] [134.0] [cxt 0] Parser 'parser' entering state 'start'
[00:36:44.173] [bmv2] [D] [thread 91747] [134.0] [cxt 0] Extracting header 'ethernet'
[00:36:44.173] [bmv2] [D] [thread 91747] [134.0] [cxt 0] Parser state 'start': key is 86dd
[00:36:44.173] [bmv2] [T] [thread 91747] [134.0] [cxt 0] Bytes parsed: 14
[00:36:44.173] [bmv2] [D] [thread 91747] [134.0] [cxt 0] Parser 'parser' entering state 'parse_ipv6'
[00:36:44.174] [bmv2] [D] [thread 91747] [134.0] [cxt 0] Extracting header 'ipv6'
[00:36:44.174] [bmv2] [D] [thread 91747] [134.0] [cxt 0] Parser state 'parse_ipv6': key is 3a
[00:36:44.174] [bmv2] [T] [thread 91747] [134.0] [cxt 0] Bytes parsed: 54
[00:36:44.174] [bmv2] [D] [thread 91747] [134.0] [cxt 0] Parser 'parser': end
[00:36:44.174] [bmv2] [D] [thread 91747] [134.0] [cxt 0] Pipeline 'ingress': start
[00:36:44.174] [bmv2] [T] [thread 91747] [134.0] [cxt 0] basic.p4(560) Condition "hdr.ethernet.etherType == TYPE_ARP" (node_2) is false
[00:36:44.174] [bmv2] [T] [thread 91747] [134.0] [cxt 0] basic.p4(563) Condition "hdr.ethernet.etherType == TYPE_SRCROUTING" (node_4) is false
[00:36:44.174] [bmv2] [T] [thread 91747] [134.0] [cxt 0] basic.p4(576) Condition "hdr.ethernet.etherType == TYPE_YEQUDESU" (node_12) is false
[00:36:44.174] [bmv2] [T] [thread 91747] [134.0] [cxt 0] basic.p4(582) Condition "hdr.vxlan.isValid()" (node_15) is false
[00:36:44.174] [bmv2] [T] [thread 91747] [134.0] [cxt 0] basic.p4(586) Condition "hdr.ipv6.isValid()" (node_17) is true
[00:36:44.174] [bmv2] [T] [thread 91747] [134.0] [cxt 0] Applying table 'MyIngress.ipv6_lpm'
[00:36:44.174] [bmv2] [D] [thread 91747] [134.0] [cxt 0] Looking up key:
* hdr.ipv6.dstAddr    : ff020000000000000000000000000002

[00:36:44.174] [bmv2] [D] [thread 91747] [134.0] [cxt 0] Table 'MyIngress.ipv6_lpm': miss
[00:36:44.174] [bmv2] [D] [thread 91747] [134.0] [cxt 0] Action entry is NoAction - 
[00:36:44.174] [bmv2] [T] [thread 91747] [134.0] [cxt 0] Action NoAction
[00:36:44.174] [bmv2] [D] [thread 91747] [134.0] [cxt 0] Pipeline 'ingress': end
[00:36:44.174] [bmv2] [D] [thread 91747] [134.0] [cxt 0] Egress port is 0
[00:36:44.174] [bmv2] [D] [thread 91748] [134.0] [cxt 0] Pipeline 'egress': start
[00:36:44.174] [bmv2] [T] [thread 91748] [134.0] [cxt 0] basic.p4(684) Condition "standard_metadata.mcast_grp != 0" (node_28) is false
[00:36:44.174] [bmv2] [D] [thread 91748] [134.0] [cxt 0] Pipeline 'egress': end
[00:36:44.174] [bmv2] [D] [thread 91748] [134.0] [cxt 0] Deparser 'deparser': start
[00:36:44.174] [bmv2] [T] [thread 91748] [134.0] [cxt 0] Skipping checksum 'cksum' update because condition not met
[00:36:44.174] [bmv2] [D] [thread 91748] [134.0] [cxt 0] Deparsing header 'ethernet'
[00:36:44.174] [bmv2] [D] [thread 91748] [134.0] [cxt 0] Deparsing header 'ipv6'
[00:36:44.174] [bmv2] [D] [thread 91748] [134.0] [cxt 0] Deparser 'deparser': end
[00:36:44.174] [bmv2] [D] [thread 91752] [134.0] [cxt 0] Transmitting packet of size 70 out of port 0
[00:36:44.267] [bmv2] [D] [thread 91747] [135.0] [cxt 0] Processing packet received on port 5
[00:36:44.268] [bmv2] [D] [thread 91747] [135.0] [cxt 0] Parser 'parser': start
[00:36:44.268] [bmv2] [D] [thread 91747] [135.0] [cxt 0] Parser 'parser' entering state 'start'
[00:36:44.268] [bmv2] [D] [thread 91747] [135.0] [cxt 0] Extracting header 'ethernet'
[00:36:44.268] [bmv2] [D] [thread 91747] [135.0] [cxt 0] Parser state 'start': key is 86dd
[00:36:44.268] [bmv2] [T] [thread 91747] [135.0] [cxt 0] Bytes parsed: 14
[00:36:44.268] [bmv2] [D] [thread 91747] [135.0] [cxt 0] Parser 'parser' entering state 'parse_ipv6'
[00:36:44.268] [bmv2] [D] [thread 91747] [135.0] [cxt 0] Extracting header 'ipv6'
[00:36:44.268] [bmv2] [D] [thread 91747] [135.0] [cxt 0] Parser state 'parse_ipv6': key is 11
[00:36:44.268] [bmv2] [T] [thread 91747] [135.0] [cxt 0] Bytes parsed: 54
[00:36:44.268] [bmv2] [D] [thread 91747] [135.0] [cxt 0] Parser 'parser': end
[00:36:44.268] [bmv2] [D] [thread 91747] [135.0] [cxt 0] Pipeline 'ingress': start
[00:36:44.268] [bmv2] [T] [thread 91747] [135.0] [cxt 0] basic.p4(560) Condition "hdr.ethernet.etherType == TYPE_ARP" (node_2) is false
[00:36:44.268] [bmv2] [T] [thread 91747] [135.0] [cxt 0] basic.p4(563) Condition "hdr.ethernet.etherType == TYPE_SRCROUTING" (node_4) is false
[00:36:44.268] [bmv2] [T] [thread 91747] [135.0] [cxt 0] basic.p4(576) Condition "hdr.ethernet.etherType == TYPE_YEQUDESU" (node_12) is false
[00:36:44.268] [bmv2] [T] [thread 91747] [135.0] [cxt 0] basic.p4(582) Condition "hdr.vxlan.isValid()" (node_15) is false
[00:36:44.268] [bmv2] [T] [thread 91747] [135.0] [cxt 0] basic.p4(586) Condition "hdr.ipv6.isValid()" (node_17) is true
[00:36:44.268] [bmv2] [T] [thread 91747] [135.0] [cxt 0] Applying table 'MyIngress.ipv6_lpm'
[00:36:44.268] [bmv2] [D] [thread 91747] [135.0] [cxt 0] Looking up key:
* hdr.ipv6.dstAddr    : ff0200000000000000000000000000fb

[00:36:44.268] [bmv2] [D] [thread 91747] [135.0] [cxt 0] Table 'MyIngress.ipv6_lpm': miss
[00:36:44.268] [bmv2] [D] [thread 91747] [135.0] [cxt 0] Action entry is NoAction - 
[00:36:44.268] [bmv2] [T] [thread 91747] [135.0] [cxt 0] Action NoAction
[00:36:44.268] [bmv2] [D] [thread 91747] [135.0] [cxt 0] Pipeline 'ingress': end
[00:36:44.268] [bmv2] [D] [thread 91747] [135.0] [cxt 0] Egress port is 0
[00:36:44.268] [bmv2] [D] [thread 91748] [135.0] [cxt 0] Pipeline 'egress': start
[00:36:44.268] [bmv2] [T] [thread 91748] [135.0] [cxt 0] basic.p4(684) Condition "standard_metadata.mcast_grp != 0" (node_28) is false
[00:36:44.268] [bmv2] [D] [thread 91748] [135.0] [cxt 0] Pipeline 'egress': end
[00:36:44.268] [bmv2] [D] [thread 91748] [135.0] [cxt 0] Deparser 'deparser': start
[00:36:44.268] [bmv2] [T] [thread 91748] [135.0] [cxt 0] Skipping checksum 'cksum' update because condition not met
[00:36:44.268] [bmv2] [D] [thread 91748] [135.0] [cxt 0] Deparsing header 'ethernet'
[00:36:44.268] [bmv2] [D] [thread 91748] [135.0] [cxt 0] Deparsing header 'ipv6'
[00:36:44.268] [bmv2] [D] [thread 91748] [135.0] [cxt 0] Deparser 'deparser': end
[00:36:44.268] [bmv2] [D] [thread 91752] [135.0] [cxt 0] Transmitting packet of size 199 out of port 0
[00:36:44.330] [bmv2] [D] [thread 91747] [136.0] [cxt 0] Processing packet received on port 4
[00:36:44.330] [bmv2] [D] [thread 91747] [136.0] [cxt 0] Parser 'parser': start
[00:36:44.330] [bmv2] [D] [thread 91747] [136.0] [cxt 0] Parser 'parser' entering state 'start'
[00:36:44.330] [bmv2] [D] [thread 91747] [136.0] [cxt 0] Extracting header 'ethernet'
[00:36:44.330] [bmv2] [D] [thread 91747] [136.0] [cxt 0] Parser state 'start': key is 86dd
[00:36:44.330] [bmv2] [T] [thread 91747] [136.0] [cxt 0] Bytes parsed: 14
[00:36:44.330] [bmv2] [D] [thread 91747] [136.0] [cxt 0] Parser 'parser' entering state 'parse_ipv6'
[00:36:44.330] [bmv2] [D] [thread 91747] [136.0] [cxt 0] Extracting header 'ipv6'
[00:36:44.330] [bmv2] [D] [thread 91747] [136.0] [cxt 0] Parser state 'parse_ipv6': key is 11
[00:36:44.330] [bmv2] [T] [thread 91747] [136.0] [cxt 0] Bytes parsed: 54
[00:36:44.330] [bmv2] [D] [thread 91747] [136.0] [cxt 0] Parser 'parser': end
[00:36:44.330] [bmv2] [D] [thread 91747] [136.0] [cxt 0] Pipeline 'ingress': start
[00:36:44.330] [bmv2] [T] [thread 91747] [136.0] [cxt 0] basic.p4(560) Condition "hdr.ethernet.etherType == TYPE_ARP" (node_2) is false
[00:36:44.330] [bmv2] [T] [thread 91747] [136.0] [cxt 0] basic.p4(563) Condition "hdr.ethernet.etherType == TYPE_SRCROUTING" (node_4) is false
[00:36:44.330] [bmv2] [T] [thread 91747] [136.0] [cxt 0] basic.p4(576) Condition "hdr.ethernet.etherType == TYPE_YEQUDESU" (node_12) is false
[00:36:44.330] [bmv2] [T] [thread 91747] [136.0] [cxt 0] basic.p4(582) Condition "hdr.vxlan.isValid()" (node_15) is false
[00:36:44.330] [bmv2] [T] [thread 91747] [136.0] [cxt 0] basic.p4(586) Condition "hdr.ipv6.isValid()" (node_17) is true
[00:36:44.330] [bmv2] [T] [thread 91747] [136.0] [cxt 0] Applying table 'MyIngress.ipv6_lpm'
[00:36:44.330] [bmv2] [D] [thread 91747] [136.0] [cxt 0] Looking up key:
* hdr.ipv6.dstAddr    : ff0200000000000000000000000000fb

[00:36:44.330] [bmv2] [D] [thread 91747] [136.0] [cxt 0] Table 'MyIngress.ipv6_lpm': miss
[00:36:44.330] [bmv2] [D] [thread 91747] [136.0] [cxt 0] Action entry is NoAction - 
[00:36:44.330] [bmv2] [T] [thread 91747] [136.0] [cxt 0] Action NoAction
[00:36:44.330] [bmv2] [D] [thread 91747] [136.0] [cxt 0] Pipeline 'ingress': end
[00:36:44.330] [bmv2] [D] [thread 91747] [136.0] [cxt 0] Egress port is 0
[00:36:44.330] [bmv2] [D] [thread 91748] [136.0] [cxt 0] Pipeline 'egress': start
[00:36:44.330] [bmv2] [T] [thread 91748] [136.0] [cxt 0] basic.p4(684) Condition "standard_metadata.mcast_grp != 0" (node_28) is false
[00:36:44.330] [bmv2] [D] [thread 91748] [136.0] [cxt 0] Pipeline 'egress': end
[00:36:44.330] [bmv2] [D] [thread 91748] [136.0] [cxt 0] Deparser 'deparser': start
[00:36:44.330] [bmv2] [T] [thread 91748] [136.0] [cxt 0] Skipping checksum 'cksum' update because condition not met
[00:36:44.330] [bmv2] [D] [thread 91748] [136.0] [cxt 0] Deparsing header 'ethernet'
[00:36:44.330] [bmv2] [D] [thread 91748] [136.0] [cxt 0] Deparsing header 'ipv6'
[00:36:44.330] [bmv2] [D] [thread 91748] [136.0] [cxt 0] Deparser 'deparser': end
[00:36:44.330] [bmv2] [D] [thread 91752] [136.0] [cxt 0] Transmitting packet of size 199 out of port 0
[00:36:44.397] [bmv2] [D] [thread 91747] [137.0] [cxt 0] Processing packet received on port 1
[00:36:44.397] [bmv2] [D] [thread 91747] [137.0] [cxt 0] Parser 'parser': start
[00:36:44.397] [bmv2] [D] [thread 91747] [137.0] [cxt 0] Parser 'parser' entering state 'start'
[00:36:44.397] [bmv2] [D] [thread 91747] [137.0] [cxt 0] Extracting header 'ethernet'
[00:36:44.397] [bmv2] [D] [thread 91747] [137.0] [cxt 0] Parser state 'start': key is 86dd
[00:36:44.397] [bmv2] [T] [thread 91747] [137.0] [cxt 0] Bytes parsed: 14
[00:36:44.397] [bmv2] [D] [thread 91747] [137.0] [cxt 0] Parser 'parser' entering state 'parse_ipv6'
[00:36:44.397] [bmv2] [D] [thread 91747] [137.0] [cxt 0] Extracting header 'ipv6'
[00:36:44.397] [bmv2] [D] [thread 91747] [137.0] [cxt 0] Parser state 'parse_ipv6': key is 11
[00:36:44.397] [bmv2] [T] [thread 91747] [137.0] [cxt 0] Bytes parsed: 54
[00:36:44.397] [bmv2] [D] [thread 91747] [137.0] [cxt 0] Parser 'parser': end
[00:36:44.397] [bmv2] [D] [thread 91747] [137.0] [cxt 0] Pipeline 'ingress': start
[00:36:44.397] [bmv2] [T] [thread 91747] [137.0] [cxt 0] basic.p4(560) Condition "hdr.ethernet.etherType == TYPE_ARP" (node_2) is false
[00:36:44.397] [bmv2] [T] [thread 91747] [137.0] [cxt 0] basic.p4(563) Condition "hdr.ethernet.etherType == TYPE_SRCROUTING" (node_4) is false
[00:36:44.397] [bmv2] [T] [thread 91747] [137.0] [cxt 0] basic.p4(576) Condition "hdr.ethernet.etherType == TYPE_YEQUDESU" (node_12) is false
[00:36:44.397] [bmv2] [T] [thread 91747] [137.0] [cxt 0] basic.p4(582) Condition "hdr.vxlan.isValid()" (node_15) is false
[00:36:44.397] [bmv2] [T] [thread 91747] [137.0] [cxt 0] basic.p4(586) Condition "hdr.ipv6.isValid()" (node_17) is true
[00:36:44.397] [bmv2] [T] [thread 91747] [137.0] [cxt 0] Applying table 'MyIngress.ipv6_lpm'
[00:36:44.397] [bmv2] [D] [thread 91747] [137.0] [cxt 0] Looking up key:
* hdr.ipv6.dstAddr    : ff0200000000000000000000000000fb

[00:36:44.397] [bmv2] [D] [thread 91747] [137.0] [cxt 0] Table 'MyIngress.ipv6_lpm': miss
[00:36:44.397] [bmv2] [D] [thread 91747] [137.0] [cxt 0] Action entry is NoAction - 
[00:36:44.397] [bmv2] [T] [thread 91747] [137.0] [cxt 0] Action NoAction
[00:36:44.397] [bmv2] [D] [thread 91747] [137.0] [cxt 0] Pipeline 'ingress': end
[00:36:44.397] [bmv2] [D] [thread 91747] [137.0] [cxt 0] Egress port is 0
[00:36:44.397] [bmv2] [D] [thread 91748] [137.0] [cxt 0] Pipeline 'egress': start
[00:36:44.397] [bmv2] [T] [thread 91748] [137.0] [cxt 0] basic.p4(684) Condition "standard_metadata.mcast_grp != 0" (node_28) is false
[00:36:44.397] [bmv2] [D] [thread 91748] [137.0] [cxt 0] Pipeline 'egress': end
[00:36:44.397] [bmv2] [D] [thread 91748] [137.0] [cxt 0] Deparser 'deparser': start
[00:36:44.397] [bmv2] [T] [thread 91748] [137.0] [cxt 0] Skipping checksum 'cksum' update because condition not met
[00:36:44.397] [bmv2] [D] [thread 91748] [137.0] [cxt 0] Deparsing header 'ethernet'
[00:36:44.397] [bmv2] [D] [thread 91748] [137.0] [cxt 0] Deparsing header 'ipv6'
[00:36:44.397] [bmv2] [D] [thread 91748] [137.0] [cxt 0] Deparser 'deparser': end
[00:36:44.397] [bmv2] [D] [thread 91752] [137.0] [cxt 0] Transmitting packet of size 199 out of port 0
[00:36:44.461] [bmv2] [D] [thread 91747] [138.0] [cxt 0] Processing packet received on port 3
[00:36:44.461] [bmv2] [D] [thread 91747] [138.0] [cxt 0] Parser 'parser': start
[00:36:44.461] [bmv2] [D] [thread 91747] [138.0] [cxt 0] Parser 'parser' entering state 'start'
[00:36:44.461] [bmv2] [D] [thread 91747] [138.0] [cxt 0] Extracting header 'ethernet'
[00:36:44.461] [bmv2] [D] [thread 91747] [138.0] [cxt 0] Parser state 'start': key is 86dd
[00:36:44.461] [bmv2] [T] [thread 91747] [138.0] [cxt 0] Bytes parsed: 14
[00:36:44.461] [bmv2] [D] [thread 91747] [138.0] [cxt 0] Parser 'parser' entering state 'parse_ipv6'
[00:36:44.461] [bmv2] [D] [thread 91747] [138.0] [cxt 0] Extracting header 'ipv6'
[00:36:44.461] [bmv2] [D] [thread 91747] [138.0] [cxt 0] Parser state 'parse_ipv6': key is 11
[00:36:44.461] [bmv2] [T] [thread 91747] [138.0] [cxt 0] Bytes parsed: 54
[00:36:44.461] [bmv2] [D] [thread 91747] [138.0] [cxt 0] Parser 'parser': end
[00:36:44.461] [bmv2] [D] [thread 91747] [138.0] [cxt 0] Pipeline 'ingress': start
[00:36:44.461] [bmv2] [T] [thread 91747] [138.0] [cxt 0] basic.p4(560) Condition "hdr.ethernet.etherType == TYPE_ARP" (node_2) is false
[00:36:44.461] [bmv2] [T] [thread 91747] [138.0] [cxt 0] basic.p4(563) Condition "hdr.ethernet.etherType == TYPE_SRCROUTING" (node_4) is false
[00:36:44.461] [bmv2] [T] [thread 91747] [138.0] [cxt 0] basic.p4(576) Condition "hdr.ethernet.etherType == TYPE_YEQUDESU" (node_12) is false
[00:36:44.461] [bmv2] [T] [thread 91747] [138.0] [cxt 0] basic.p4(582) Condition "hdr.vxlan.isValid()" (node_15) is false
[00:36:44.461] [bmv2] [T] [thread 91747] [138.0] [cxt 0] basic.p4(586) Condition "hdr.ipv6.isValid()" (node_17) is true
[00:36:44.461] [bmv2] [T] [thread 91747] [138.0] [cxt 0] Applying table 'MyIngress.ipv6_lpm'
[00:36:44.461] [bmv2] [D] [thread 91747] [138.0] [cxt 0] Looking up key:
* hdr.ipv6.dstAddr    : ff0200000000000000000000000000fb

[00:36:44.461] [bmv2] [D] [thread 91747] [138.0] [cxt 0] Table 'MyIngress.ipv6_lpm': miss
[00:36:44.461] [bmv2] [D] [thread 91747] [138.0] [cxt 0] Action entry is NoAction - 
[00:36:44.461] [bmv2] [T] [thread 91747] [138.0] [cxt 0] Action NoAction
[00:36:44.461] [bmv2] [D] [thread 91747] [138.0] [cxt 0] Pipeline 'ingress': end
[00:36:44.461] [bmv2] [D] [thread 91747] [138.0] [cxt 0] Egress port is 0
[00:36:44.461] [bmv2] [D] [thread 91748] [138.0] [cxt 0] Pipeline 'egress': start
[00:36:44.461] [bmv2] [T] [thread 91748] [138.0] [cxt 0] basic.p4(684) Condition "standard_metadata.mcast_grp != 0" (node_28) is false
[00:36:44.461] [bmv2] [D] [thread 91748] [138.0] [cxt 0] Pipeline 'egress': end
[00:36:44.461] [bmv2] [D] [thread 91748] [138.0] [cxt 0] Deparser 'deparser': start
[00:36:44.461] [bmv2] [T] [thread 91748] [138.0] [cxt 0] Skipping checksum 'cksum' update because condition not met
[00:36:44.461] [bmv2] [D] [thread 91748] [138.0] [cxt 0] Deparsing header 'ethernet'
[00:36:44.461] [bmv2] [D] [thread 91748] [138.0] [cxt 0] Deparsing header 'ipv6'
[00:36:44.461] [bmv2] [D] [thread 91748] [138.0] [cxt 0] Deparser 'deparser': end
[00:36:44.461] [bmv2] [D] [thread 91752] [138.0] [cxt 0] Transmitting packet of size 199 out of port 0
[00:36:44.685] [bmv2] [D] [thread 91747] [139.0] [cxt 0] Processing packet received on port 3
[00:36:44.685] [bmv2] [D] [thread 91747] [139.0] [cxt 0] Parser 'parser': start
[00:36:44.685] [bmv2] [D] [thread 91747] [139.0] [cxt 0] Parser 'parser' entering state 'start'
[00:36:44.685] [bmv2] [D] [thread 91747] [139.0] [cxt 0] Extracting header 'ethernet'
[00:36:44.685] [bmv2] [D] [thread 91747] [139.0] [cxt 0] Parser state 'start': key is 86dd
[00:36:44.685] [bmv2] [T] [thread 91747] [139.0] [cxt 0] Bytes parsed: 14
[00:36:44.685] [bmv2] [D] [thread 91747] [139.0] [cxt 0] Parser 'parser' entering state 'parse_ipv6'
[00:36:44.685] [bmv2] [D] [thread 91747] [139.0] [cxt 0] Extracting header 'ipv6'
[00:36:44.685] [bmv2] [D] [thread 91747] [139.0] [cxt 0] Parser state 'parse_ipv6': key is 3a
[00:36:44.685] [bmv2] [T] [thread 91747] [139.0] [cxt 0] Bytes parsed: 54
[00:36:44.685] [bmv2] [D] [thread 91747] [139.0] [cxt 0] Parser 'parser': end
[00:36:44.685] [bmv2] [D] [thread 91747] [139.0] [cxt 0] Pipeline 'ingress': start
[00:36:44.685] [bmv2] [T] [thread 91747] [139.0] [cxt 0] basic.p4(560) Condition "hdr.ethernet.etherType == TYPE_ARP" (node_2) is false
[00:36:44.685] [bmv2] [T] [thread 91747] [139.0] [cxt 0] basic.p4(563) Condition "hdr.ethernet.etherType == TYPE_SRCROUTING" (node_4) is false
[00:36:44.685] [bmv2] [T] [thread 91747] [139.0] [cxt 0] basic.p4(576) Condition "hdr.ethernet.etherType == TYPE_YEQUDESU" (node_12) is false
[00:36:44.685] [bmv2] [T] [thread 91747] [139.0] [cxt 0] basic.p4(582) Condition "hdr.vxlan.isValid()" (node_15) is false
[00:36:44.685] [bmv2] [T] [thread 91747] [139.0] [cxt 0] basic.p4(586) Condition "hdr.ipv6.isValid()" (node_17) is true
[00:36:44.685] [bmv2] [T] [thread 91747] [139.0] [cxt 0] Applying table 'MyIngress.ipv6_lpm'
[00:36:44.685] [bmv2] [D] [thread 91747] [139.0] [cxt 0] Looking up key:
* hdr.ipv6.dstAddr    : ff020000000000000000000000000002

[00:36:44.685] [bmv2] [D] [thread 91747] [139.0] [cxt 0] Table 'MyIngress.ipv6_lpm': miss
[00:36:44.685] [bmv2] [D] [thread 91747] [139.0] [cxt 0] Action entry is NoAction - 
[00:36:44.685] [bmv2] [T] [thread 91747] [139.0] [cxt 0] Action NoAction
[00:36:44.685] [bmv2] [D] [thread 91747] [139.0] [cxt 0] Pipeline 'ingress': end
[00:36:44.685] [bmv2] [D] [thread 91747] [139.0] [cxt 0] Egress port is 0
[00:36:44.685] [bmv2] [D] [thread 91747] [140.0] [cxt 0] Processing packet received on port 4
[00:36:44.685] [bmv2] [D] [thread 91747] [140.0] [cxt 0] Parser 'parser': start
[00:36:44.685] [bmv2] [D] [thread 91747] [140.0] [cxt 0] Parser 'parser' entering state 'start'
[00:36:44.686] [bmv2] [D] [thread 91747] [140.0] [cxt 0] Extracting header 'ethernet'
[00:36:44.686] [bmv2] [D] [thread 91747] [140.0] [cxt 0] Parser state 'start': key is 86dd
[00:36:44.686] [bmv2] [T] [thread 91747] [140.0] [cxt 0] Bytes parsed: 14
[00:36:44.686] [bmv2] [D] [thread 91747] [140.0] [cxt 0] Parser 'parser' entering state 'parse_ipv6'
[00:36:44.686] [bmv2] [D] [thread 91747] [140.0] [cxt 0] Extracting header 'ipv6'
[00:36:44.686] [bmv2] [D] [thread 91747] [140.0] [cxt 0] Parser state 'parse_ipv6': key is 3a
[00:36:44.686] [bmv2] [T] [thread 91747] [140.0] [cxt 0] Bytes parsed: 54
[00:36:44.686] [bmv2] [D] [thread 91747] [140.0] [cxt 0] Parser 'parser': end
[00:36:44.686] [bmv2] [D] [thread 91747] [140.0] [cxt 0] Pipeline 'ingress': start
[00:36:44.686] [bmv2] [T] [thread 91747] [140.0] [cxt 0] basic.p4(560) Condition "hdr.ethernet.etherType == TYPE_ARP" (node_2) is false
[00:36:44.686] [bmv2] [T] [thread 91747] [140.0] [cxt 0] basic.p4(563) Condition "hdr.ethernet.etherType == TYPE_SRCROUTING" (node_4) is false
[00:36:44.686] [bmv2] [T] [thread 91747] [140.0] [cxt 0] basic.p4(576) Condition "hdr.ethernet.etherType == TYPE_YEQUDESU" (node_12) is false
[00:36:44.686] [bmv2] [T] [thread 91747] [140.0] [cxt 0] basic.p4(582) Condition "hdr.vxlan.isValid()" (node_15) is false
[00:36:44.686] [bmv2] [T] [thread 91747] [140.0] [cxt 0] basic.p4(586) Condition "hdr.ipv6.isValid()" (node_17) is true
[00:36:44.686] [bmv2] [T] [thread 91747] [140.0] [cxt 0] Applying table 'MyIngress.ipv6_lpm'
[00:36:44.686] [bmv2] [D] [thread 91747] [140.0] [cxt 0] Looking up key:
* hdr.ipv6.dstAddr    : ff020000000000000000000000000002

[00:36:44.686] [bmv2] [D] [thread 91747] [140.0] [cxt 0] Table 'MyIngress.ipv6_lpm': miss
[00:36:44.686] [bmv2] [D] [thread 91747] [140.0] [cxt 0] Action entry is NoAction - 
[00:36:44.686] [bmv2] [T] [thread 91747] [140.0] [cxt 0] Action NoAction
[00:36:44.686] [bmv2] [D] [thread 91747] [140.0] [cxt 0] Pipeline 'ingress': end
[00:36:44.686] [bmv2] [D] [thread 91747] [140.0] [cxt 0] Egress port is 0
[00:36:44.686] [bmv2] [D] [thread 91747] [141.0] [cxt 0] Processing packet received on port 2
[00:36:44.686] [bmv2] [D] [thread 91747] [141.0] [cxt 0] Parser 'parser': start
[00:36:44.686] [bmv2] [D] [thread 91747] [141.0] [cxt 0] Parser 'parser' entering state 'start'
[00:36:44.686] [bmv2] [D] [thread 91747] [141.0] [cxt 0] Extracting header 'ethernet'
[00:36:44.686] [bmv2] [D] [thread 91747] [141.0] [cxt 0] Parser state 'start': key is 86dd
[00:36:44.686] [bmv2] [T] [thread 91747] [141.0] [cxt 0] Bytes parsed: 14
[00:36:44.686] [bmv2] [D] [thread 91747] [141.0] [cxt 0] Parser 'parser' entering state 'parse_ipv6'
[00:36:44.686] [bmv2] [D] [thread 91747] [141.0] [cxt 0] Extracting header 'ipv6'
[00:36:44.686] [bmv2] [D] [thread 91747] [141.0] [cxt 0] Parser state 'parse_ipv6': key is 3a
[00:36:44.686] [bmv2] [T] [thread 91747] [141.0] [cxt 0] Bytes parsed: 54
[00:36:44.686] [bmv2] [D] [thread 91747] [141.0] [cxt 0] Parser 'parser': end
[00:36:44.686] [bmv2] [D] [thread 91747] [141.0] [cxt 0] Pipeline 'ingress': start
[00:36:44.686] [bmv2] [T] [thread 91747] [141.0] [cxt 0] basic.p4(560) Condition "hdr.ethernet.etherType == TYPE_ARP" (node_2) is false
[00:36:44.686] [bmv2] [T] [thread 91747] [141.0] [cxt 0] basic.p4(563) Condition "hdr.ethernet.etherType == TYPE_SRCROUTING" (node_4) is false
[00:36:44.686] [bmv2] [T] [thread 91747] [141.0] [cxt 0] basic.p4(576) Condition "hdr.ethernet.etherType == TYPE_YEQUDESU" (node_12) is false
[00:36:44.686] [bmv2] [T] [thread 91747] [141.0] [cxt 0] basic.p4(582) Condition "hdr.vxlan.isValid()" (node_15) is false
[00:36:44.686] [bmv2] [T] [thread 91747] [141.0] [cxt 0] basic.p4(586) Condition "hdr.ipv6.isValid()" (node_17) is true
[00:36:44.686] [bmv2] [T] [thread 91747] [141.0] [cxt 0] Applying table 'MyIngress.ipv6_lpm'
[00:36:44.686] [bmv2] [D] [thread 91747] [141.0] [cxt 0] Looking up key:
* hdr.ipv6.dstAddr    : ff020000000000000000000000000002

[00:36:44.686] [bmv2] [D] [thread 91747] [141.0] [cxt 0] Table 'MyIngress.ipv6_lpm': miss
[00:36:44.686] [bmv2] [D] [thread 91747] [141.0] [cxt 0] Action entry is NoAction - 
[00:36:44.686] [bmv2] [T] [thread 91747] [141.0] [cxt 0] Action NoAction
[00:36:44.686] [bmv2] [D] [thread 91747] [141.0] [cxt 0] Pipeline 'ingress': end
[00:36:44.686] [bmv2] [D] [thread 91747] [141.0] [cxt 0] Egress port is 0
[00:36:44.686] [bmv2] [D] [thread 91747] [142.0] [cxt 0] Processing packet received on port 5
[00:36:44.686] [bmv2] [D] [thread 91747] [142.0] [cxt 0] Parser 'parser': start
[00:36:44.686] [bmv2] [D] [thread 91747] [142.0] [cxt 0] Parser 'parser' entering state 'start'
[00:36:44.686] [bmv2] [D] [thread 91747] [142.0] [cxt 0] Extracting header 'ethernet'
[00:36:44.686] [bmv2] [D] [thread 91747] [142.0] [cxt 0] Parser state 'start': key is 86dd
[00:36:44.686] [bmv2] [T] [thread 91747] [142.0] [cxt 0] Bytes parsed: 14
[00:36:44.686] [bmv2] [D] [thread 91747] [142.0] [cxt 0] Parser 'parser' entering state 'parse_ipv6'
[00:36:44.686] [bmv2] [D] [thread 91747] [142.0] [cxt 0] Extracting header 'ipv6'
[00:36:44.686] [bmv2] [D] [thread 91747] [142.0] [cxt 0] Parser state 'parse_ipv6': key is 3a
[00:36:44.686] [bmv2] [T] [thread 91747] [142.0] [cxt 0] Bytes parsed: 54
[00:36:44.686] [bmv2] [D] [thread 91748] [139.0] [cxt 0] Pipeline 'egress': start
[00:36:44.686] [bmv2] [D] [thread 91747] [142.0] [cxt 0] Parser 'parser': end
[00:36:44.686] [bmv2] [D] [thread 91747] [142.0] [cxt 0] Pipeline 'ingress': start
[00:36:44.686] [bmv2] [T] [thread 91748] [139.0] [cxt 0] basic.p4(684) Condition "standard_metadata.mcast_grp != 0" (node_28) is false
[00:36:44.686] [bmv2] [T] [thread 91747] [142.0] [cxt 0] basic.p4(560) Condition "hdr.ethernet.etherType == TYPE_ARP" (node_2) is false
[00:36:44.686] [bmv2] [T] [thread 91747] [142.0] [cxt 0] basic.p4(563) Condition "hdr.ethernet.etherType == TYPE_SRCROUTING" (node_4) is false
[00:36:44.686] [bmv2] [T] [thread 91747] [142.0] [cxt 0] basic.p4(576) Condition "hdr.ethernet.etherType == TYPE_YEQUDESU" (node_12) is false
[00:36:44.686] [bmv2] [T] [thread 91747] [142.0] [cxt 0] basic.p4(582) Condition "hdr.vxlan.isValid()" (node_15) is false
[00:36:44.686] [bmv2] [T] [thread 91747] [142.0] [cxt 0] basic.p4(586) Condition "hdr.ipv6.isValid()" (node_17) is true
[00:36:44.686] [bmv2] [T] [thread 91747] [142.0] [cxt 0] Applying table 'MyIngress.ipv6_lpm'
[00:36:44.686] [bmv2] [D] [thread 91747] [142.0] [cxt 0] Looking up key:
* hdr.ipv6.dstAddr    : ff020000000000000000000000000002

[00:36:44.686] [bmv2] [D] [thread 91748] [139.0] [cxt 0] Pipeline 'egress': end
[00:36:44.686] [bmv2] [D] [thread 91748] [139.0] [cxt 0] Deparser 'deparser': start
[00:36:44.686] [bmv2] [T] [thread 91748] [139.0] [cxt 0] Skipping checksum 'cksum' update because condition not met
[00:36:44.686] [bmv2] [D] [thread 91748] [139.0] [cxt 0] Deparsing header 'ethernet'
[00:36:44.686] [bmv2] [D] [thread 91748] [139.0] [cxt 0] Deparsing header 'ipv6'
[00:36:44.686] [bmv2] [D] [thread 91748] [139.0] [cxt 0] Deparser 'deparser': end
[00:36:44.686] [bmv2] [D] [thread 91748] [140.0] [cxt 0] Pipeline 'egress': start
[00:36:44.686] [bmv2] [T] [thread 91748] [140.0] [cxt 0] basic.p4(684) Condition "standard_metadata.mcast_grp != 0" (node_28) is false
[00:36:44.686] [bmv2] [D] [thread 91748] [140.0] [cxt 0] Pipeline 'egress': end
[00:36:44.686] [bmv2] [D] [thread 91748] [140.0] [cxt 0] Deparser 'deparser': start
[00:36:44.686] [bmv2] [T] [thread 91748] [140.0] [cxt 0] Skipping checksum 'cksum' update because condition not met
[00:36:44.686] [bmv2] [D] [thread 91747] [142.0] [cxt 0] Table 'MyIngress.ipv6_lpm': miss
[00:36:44.686] [bmv2] [D] [thread 91747] [142.0] [cxt 0] Action entry is NoAction - 
[00:36:44.686] [bmv2] [T] [thread 91747] [142.0] [cxt 0] Action NoAction
[00:36:44.686] [bmv2] [D] [thread 91747] [142.0] [cxt 0] Pipeline 'ingress': end
[00:36:44.686] [bmv2] [D] [thread 91747] [142.0] [cxt 0] Egress port is 0
[00:36:44.686] [bmv2] [D] [thread 91752] [139.0] [cxt 0] Transmitting packet of size 70 out of port 0
[00:36:44.686] [bmv2] [D] [thread 91748] [140.0] [cxt 0] Deparsing header 'ethernet'
[00:36:44.686] [bmv2] [D] [thread 91748] [140.0] [cxt 0] Deparsing header 'ipv6'
[00:36:44.686] [bmv2] [D] [thread 91748] [140.0] [cxt 0] Deparser 'deparser': end
[00:36:44.686] [bmv2] [D] [thread 91748] [141.0] [cxt 0] Pipeline 'egress': start
[00:36:44.686] [bmv2] [T] [thread 91748] [141.0] [cxt 0] basic.p4(684) Condition "standard_metadata.mcast_grp != 0" (node_28) is false
[00:36:44.686] [bmv2] [D] [thread 91748] [141.0] [cxt 0] Pipeline 'egress': end
[00:36:44.686] [bmv2] [D] [thread 91748] [141.0] [cxt 0] Deparser 'deparser': start
[00:36:44.686] [bmv2] [T] [thread 91748] [141.0] [cxt 0] Skipping checksum 'cksum' update because condition not met
[00:36:44.686] [bmv2] [D] [thread 91748] [141.0] [cxt 0] Deparsing header 'ethernet'
[00:36:44.686] [bmv2] [D] [thread 91748] [141.0] [cxt 0] Deparsing header 'ipv6'
[00:36:44.686] [bmv2] [D] [thread 91748] [141.0] [cxt 0] Deparser 'deparser': end
[00:36:44.686] [bmv2] [D] [thread 91748] [142.0] [cxt 0] Pipeline 'egress': start
[00:36:44.686] [bmv2] [T] [thread 91748] [142.0] [cxt 0] basic.p4(684) Condition "standard_metadata.mcast_grp != 0" (node_28) is false
[00:36:44.686] [bmv2] [D] [thread 91748] [142.0] [cxt 0] Pipeline 'egress': end
[00:36:44.686] [bmv2] [D] [thread 91748] [142.0] [cxt 0] Deparser 'deparser': start
[00:36:44.686] [bmv2] [T] [thread 91748] [142.0] [cxt 0] Skipping checksum 'cksum' update because condition not met
[00:36:44.686] [bmv2] [D] [thread 91748] [142.0] [cxt 0] Deparsing header 'ethernet'
[00:36:44.686] [bmv2] [D] [thread 91748] [142.0] [cxt 0] Deparsing header 'ipv6'
[00:36:44.686] [bmv2] [D] [thread 91748] [142.0] [cxt 0] Deparser 'deparser': end
[00:36:44.686] [bmv2] [D] [thread 91752] [140.0] [cxt 0] Transmitting packet of size 70 out of port 0
[00:36:44.686] [bmv2] [D] [thread 91752] [141.0] [cxt 0] Transmitting packet of size 70 out of port 0
[00:36:44.686] [bmv2] [D] [thread 91752] [142.0] [cxt 0] Transmitting packet of size 70 out of port 0
[00:36:45.179] [bmv2] [D] [thread 91747] [143.0] [cxt 0] Processing packet received on port 1
[00:36:45.179] [bmv2] [D] [thread 91747] [143.0] [cxt 0] Parser 'parser': start
[00:36:45.179] [bmv2] [D] [thread 91747] [143.0] [cxt 0] Parser 'parser' entering state 'start'
[00:36:45.179] [bmv2] [D] [thread 91747] [143.0] [cxt 0] Extracting header 'ethernet'
[00:36:45.179] [bmv2] [D] [thread 91747] [143.0] [cxt 0] Parser state 'start': key is 86dd
[00:36:45.179] [bmv2] [T] [thread 91747] [143.0] [cxt 0] Bytes parsed: 14
[00:36:45.179] [bmv2] [D] [thread 91747] [143.0] [cxt 0] Parser 'parser' entering state 'parse_ipv6'
[00:36:45.179] [bmv2] [D] [thread 91747] [143.0] [cxt 0] Extracting header 'ipv6'
[00:36:45.179] [bmv2] [D] [thread 91747] [143.0] [cxt 0] Parser state 'parse_ipv6': key is 00
[00:36:45.179] [bmv2] [T] [thread 91747] [143.0] [cxt 0] Bytes parsed: 54
[00:36:45.179] [bmv2] [D] [thread 91747] [143.0] [cxt 0] Parser 'parser': end
[00:36:45.179] [bmv2] [D] [thread 91747] [143.0] [cxt 0] Pipeline 'ingress': start
[00:36:45.179] [bmv2] [T] [thread 91747] [143.0] [cxt 0] basic.p4(560) Condition "hdr.ethernet.etherType == TYPE_ARP" (node_2) is false
[00:36:45.179] [bmv2] [T] [thread 91747] [143.0] [cxt 0] basic.p4(563) Condition "hdr.ethernet.etherType == TYPE_SRCROUTING" (node_4) is false
[00:36:45.179] [bmv2] [T] [thread 91747] [143.0] [cxt 0] basic.p4(576) Condition "hdr.ethernet.etherType == TYPE_YEQUDESU" (node_12) is false
[00:36:45.179] [bmv2] [T] [thread 91747] [143.0] [cxt 0] basic.p4(582) Condition "hdr.vxlan.isValid()" (node_15) is false
[00:36:45.179] [bmv2] [T] [thread 91747] [143.0] [cxt 0] basic.p4(586) Condition "hdr.ipv6.isValid()" (node_17) is true
[00:36:45.179] [bmv2] [T] [thread 91747] [143.0] [cxt 0] Applying table 'MyIngress.ipv6_lpm'
[00:36:45.179] [bmv2] [D] [thread 91747] [143.0] [cxt 0] Looking up key:
* hdr.ipv6.dstAddr    : ff020000000000000000000000000016

[00:36:45.179] [bmv2] [D] [thread 91747] [143.0] [cxt 0] Table 'MyIngress.ipv6_lpm': miss
[00:36:45.179] [bmv2] [D] [thread 91747] [143.0] [cxt 0] Action entry is NoAction - 
[00:36:45.180] [bmv2] [T] [thread 91747] [143.0] [cxt 0] Action NoAction
[00:36:45.180] [bmv2] [D] [thread 91747] [143.0] [cxt 0] Pipeline 'ingress': end
[00:36:45.180] [bmv2] [D] [thread 91747] [143.0] [cxt 0] Egress port is 0
[00:36:45.180] [bmv2] [D] [thread 91748] [143.0] [cxt 0] Pipeline 'egress': start
[00:36:45.180] [bmv2] [T] [thread 91748] [143.0] [cxt 0] basic.p4(684) Condition "standard_metadata.mcast_grp != 0" (node_28) is false
[00:36:45.180] [bmv2] [D] [thread 91748] [143.0] [cxt 0] Pipeline 'egress': end
[00:36:45.180] [bmv2] [D] [thread 91748] [143.0] [cxt 0] Deparser 'deparser': start
[00:36:45.180] [bmv2] [T] [thread 91748] [143.0] [cxt 0] Skipping checksum 'cksum' update because condition not met
[00:36:45.180] [bmv2] [D] [thread 91748] [143.0] [cxt 0] Deparsing header 'ethernet'
[00:36:45.180] [bmv2] [D] [thread 91748] [143.0] [cxt 0] Deparsing header 'ipv6'
[00:36:45.180] [bmv2] [D] [thread 91748] [143.0] [cxt 0] Deparser 'deparser': end
[00:36:45.180] [bmv2] [D] [thread 91752] [143.0] [cxt 0] Transmitting packet of size 90 out of port 0
[00:36:45.198] [bmv2] [D] [thread 91747] [144.0] [cxt 0] Processing packet received on port 1
[00:36:45.198] [bmv2] [D] [thread 91747] [144.0] [cxt 0] Parser 'parser': start
[00:36:45.198] [bmv2] [D] [thread 91747] [144.0] [cxt 0] Parser 'parser' entering state 'start'
[00:36:45.199] [bmv2] [D] [thread 91747] [144.0] [cxt 0] Extracting header 'ethernet'
[00:36:45.199] [bmv2] [D] [thread 91747] [144.0] [cxt 0] Parser state 'start': key is 86dd
[00:36:45.199] [bmv2] [T] [thread 91747] [144.0] [cxt 0] Bytes parsed: 14
[00:36:45.199] [bmv2] [D] [thread 91747] [144.0] [cxt 0] Parser 'parser' entering state 'parse_ipv6'
[00:36:45.199] [bmv2] [D] [thread 91747] [144.0] [cxt 0] Extracting header 'ipv6'
[00:36:45.199] [bmv2] [D] [thread 91747] [144.0] [cxt 0] Parser state 'parse_ipv6': key is 3a
[00:36:45.199] [bmv2] [T] [thread 91747] [144.0] [cxt 0] Bytes parsed: 54
[00:36:45.199] [bmv2] [D] [thread 91747] [144.0] [cxt 0] Parser 'parser': end
[00:36:45.199] [bmv2] [D] [thread 91747] [144.0] [cxt 0] Pipeline 'ingress': start
[00:36:45.199] [bmv2] [T] [thread 91747] [144.0] [cxt 0] basic.p4(560) Condition "hdr.ethernet.etherType == TYPE_ARP" (node_2) is false
[00:36:45.199] [bmv2] [T] [thread 91747] [144.0] [cxt 0] basic.p4(563) Condition "hdr.ethernet.etherType == TYPE_SRCROUTING" (node_4) is false
[00:36:45.199] [bmv2] [T] [thread 91747] [144.0] [cxt 0] basic.p4(576) Condition "hdr.ethernet.etherType == TYPE_YEQUDESU" (node_12) is false
[00:36:45.199] [bmv2] [T] [thread 91747] [144.0] [cxt 0] basic.p4(582) Condition "hdr.vxlan.isValid()" (node_15) is false
[00:36:45.199] [bmv2] [T] [thread 91747] [144.0] [cxt 0] basic.p4(586) Condition "hdr.ipv6.isValid()" (node_17) is true
[00:36:45.199] [bmv2] [T] [thread 91747] [144.0] [cxt 0] Applying table 'MyIngress.ipv6_lpm'
[00:36:45.199] [bmv2] [D] [thread 91747] [144.0] [cxt 0] Looking up key:
* hdr.ipv6.dstAddr    : ff020000000000000000000000000002

[00:36:45.199] [bmv2] [D] [thread 91747] [144.0] [cxt 0] Table 'MyIngress.ipv6_lpm': miss
[00:36:45.199] [bmv2] [D] [thread 91747] [144.0] [cxt 0] Action entry is NoAction - 
[00:36:45.199] [bmv2] [T] [thread 91747] [144.0] [cxt 0] Action NoAction
[00:36:45.199] [bmv2] [D] [thread 91747] [144.0] [cxt 0] Pipeline 'ingress': end
[00:36:45.199] [bmv2] [D] [thread 91747] [144.0] [cxt 0] Egress port is 0
[00:36:45.199] [bmv2] [D] [thread 91748] [144.0] [cxt 0] Pipeline 'egress': start
[00:36:45.199] [bmv2] [T] [thread 91748] [144.0] [cxt 0] basic.p4(684) Condition "standard_metadata.mcast_grp != 0" (node_28) is false
[00:36:45.199] [bmv2] [D] [thread 91748] [144.0] [cxt 0] Pipeline 'egress': end
[00:36:45.199] [bmv2] [D] [thread 91748] [144.0] [cxt 0] Deparser 'deparser': start
[00:36:45.199] [bmv2] [T] [thread 91748] [144.0] [cxt 0] Skipping checksum 'cksum' update because condition not met
[00:36:45.199] [bmv2] [D] [thread 91748] [144.0] [cxt 0] Deparsing header 'ethernet'
[00:36:45.199] [bmv2] [D] [thread 91748] [144.0] [cxt 0] Deparsing header 'ipv6'
[00:36:45.199] [bmv2] [D] [thread 91748] [144.0] [cxt 0] Deparser 'deparser': end
[00:36:45.199] [bmv2] [D] [thread 91752] [144.0] [cxt 0] Transmitting packet of size 70 out of port 0
[00:36:45.902] [bmv2] [D] [thread 91747] [145.0] [cxt 0] Processing packet received on port 1
[00:36:45.902] [bmv2] [D] [thread 91747] [145.0] [cxt 0] Parser 'parser': start
[00:36:45.902] [bmv2] [D] [thread 91747] [145.0] [cxt 0] Parser 'parser' entering state 'start'
[00:36:45.902] [bmv2] [D] [thread 91747] [145.0] [cxt 0] Extracting header 'ethernet'
[00:36:45.902] [bmv2] [D] [thread 91747] [145.0] [cxt 0] Parser state 'start': key is 86dd
[00:36:45.902] [bmv2] [T] [thread 91747] [145.0] [cxt 0] Bytes parsed: 14
[00:36:45.902] [bmv2] [D] [thread 91747] [145.0] [cxt 0] Parser 'parser' entering state 'parse_ipv6'
[00:36:45.902] [bmv2] [D] [thread 91747] [145.0] [cxt 0] Extracting header 'ipv6'
[00:36:45.902] [bmv2] [D] [thread 91747] [145.0] [cxt 0] Parser state 'parse_ipv6': key is 00
[00:36:45.902] [bmv2] [T] [thread 91747] [145.0] [cxt 0] Bytes parsed: 54
[00:36:45.902] [bmv2] [D] [thread 91747] [145.0] [cxt 0] Parser 'parser': end
[00:36:45.902] [bmv2] [D] [thread 91747] [145.0] [cxt 0] Pipeline 'ingress': start
[00:36:45.902] [bmv2] [T] [thread 91747] [145.0] [cxt 0] basic.p4(560) Condition "hdr.ethernet.etherType == TYPE_ARP" (node_2) is false
[00:36:45.902] [bmv2] [T] [thread 91747] [145.0] [cxt 0] basic.p4(563) Condition "hdr.ethernet.etherType == TYPE_SRCROUTING" (node_4) is false
[00:36:45.902] [bmv2] [T] [thread 91747] [145.0] [cxt 0] basic.p4(576) Condition "hdr.ethernet.etherType == TYPE_YEQUDESU" (node_12) is false
[00:36:45.902] [bmv2] [T] [thread 91747] [145.0] [cxt 0] basic.p4(582) Condition "hdr.vxlan.isValid()" (node_15) is false
[00:36:45.902] [bmv2] [T] [thread 91747] [145.0] [cxt 0] basic.p4(586) Condition "hdr.ipv6.isValid()" (node_17) is true
[00:36:45.902] [bmv2] [T] [thread 91747] [145.0] [cxt 0] Applying table 'MyIngress.ipv6_lpm'
[00:36:45.902] [bmv2] [D] [thread 91747] [145.0] [cxt 0] Looking up key:
* hdr.ipv6.dstAddr    : ff020000000000000000000000000016

[00:36:45.902] [bmv2] [D] [thread 91747] [145.0] [cxt 0] Table 'MyIngress.ipv6_lpm': miss
[00:36:45.902] [bmv2] [D] [thread 91747] [145.0] [cxt 0] Action entry is NoAction - 
[00:36:45.902] [bmv2] [T] [thread 91747] [145.0] [cxt 0] Action NoAction
[00:36:45.902] [bmv2] [D] [thread 91747] [145.0] [cxt 0] Pipeline 'ingress': end
[00:36:45.902] [bmv2] [D] [thread 91747] [145.0] [cxt 0] Egress port is 0
[00:36:45.902] [bmv2] [D] [thread 91748] [145.0] [cxt 0] Pipeline 'egress': start
[00:36:45.902] [bmv2] [T] [thread 91748] [145.0] [cxt 0] basic.p4(684) Condition "standard_metadata.mcast_grp != 0" (node_28) is false
[00:36:45.902] [bmv2] [D] [thread 91748] [145.0] [cxt 0] Pipeline 'egress': end
[00:36:45.902] [bmv2] [D] [thread 91748] [145.0] [cxt 0] Deparser 'deparser': start
[00:36:45.902] [bmv2] [T] [thread 91748] [145.0] [cxt 0] Skipping checksum 'cksum' update because condition not met
[00:36:45.902] [bmv2] [D] [thread 91748] [145.0] [cxt 0] Deparsing header 'ethernet'
[00:36:45.902] [bmv2] [D] [thread 91748] [145.0] [cxt 0] Deparsing header 'ipv6'
[00:36:45.902] [bmv2] [D] [thread 91748] [145.0] [cxt 0] Deparser 'deparser': end
[00:36:45.902] [bmv2] [D] [thread 91752] [145.0] [cxt 0] Transmitting packet of size 90 out of port 0
[00:36:45.966] [bmv2] [D] [thread 91747] [146.0] [cxt 0] Processing packet received on port 1
[00:36:45.966] [bmv2] [D] [thread 91747] [146.0] [cxt 0] Parser 'parser': start
[00:36:45.966] [bmv2] [D] [thread 91747] [146.0] [cxt 0] Parser 'parser' entering state 'start'
[00:36:45.966] [bmv2] [D] [thread 91747] [146.0] [cxt 0] Extracting header 'ethernet'
[00:36:45.966] [bmv2] [D] [thread 91747] [146.0] [cxt 0] Parser state 'start': key is 86dd
[00:36:45.966] [bmv2] [T] [thread 91747] [146.0] [cxt 0] Bytes parsed: 14
[00:36:45.966] [bmv2] [D] [thread 91747] [146.0] [cxt 0] Parser 'parser' entering state 'parse_ipv6'
[00:36:45.966] [bmv2] [D] [thread 91747] [146.0] [cxt 0] Extracting header 'ipv6'
[00:36:45.966] [bmv2] [D] [thread 91747] [146.0] [cxt 0] Parser state 'parse_ipv6': key is 3a
[00:36:45.966] [bmv2] [T] [thread 91747] [146.0] [cxt 0] Bytes parsed: 54
[00:36:45.966] [bmv2] [D] [thread 91747] [146.0] [cxt 0] Parser 'parser': end
[00:36:45.966] [bmv2] [D] [thread 91747] [146.0] [cxt 0] Pipeline 'ingress': start
[00:36:45.966] [bmv2] [T] [thread 91747] [146.0] [cxt 0] basic.p4(560) Condition "hdr.ethernet.etherType == TYPE_ARP" (node_2) is false
[00:36:45.966] [bmv2] [T] [thread 91747] [146.0] [cxt 0] basic.p4(563) Condition "hdr.ethernet.etherType == TYPE_SRCROUTING" (node_4) is false
[00:36:45.966] [bmv2] [T] [thread 91747] [146.0] [cxt 0] basic.p4(576) Condition "hdr.ethernet.etherType == TYPE_YEQUDESU" (node_12) is false
[00:36:45.966] [bmv2] [T] [thread 91747] [146.0] [cxt 0] basic.p4(582) Condition "hdr.vxlan.isValid()" (node_15) is false
[00:36:45.966] [bmv2] [T] [thread 91747] [146.0] [cxt 0] basic.p4(586) Condition "hdr.ipv6.isValid()" (node_17) is true
[00:36:45.966] [bmv2] [T] [thread 91747] [146.0] [cxt 0] Applying table 'MyIngress.ipv6_lpm'
[00:36:45.966] [bmv2] [D] [thread 91747] [146.0] [cxt 0] Looking up key:
* hdr.ipv6.dstAddr    : ff0200000000000000000001ff000111

[00:36:45.966] [bmv2] [D] [thread 91747] [146.0] [cxt 0] Table 'MyIngress.ipv6_lpm': miss
[00:36:45.966] [bmv2] [D] [thread 91747] [146.0] [cxt 0] Action entry is NoAction - 
[00:36:45.966] [bmv2] [T] [thread 91747] [146.0] [cxt 0] Action NoAction
[00:36:45.966] [bmv2] [D] [thread 91747] [146.0] [cxt 0] Pipeline 'ingress': end
[00:36:45.966] [bmv2] [D] [thread 91747] [146.0] [cxt 0] Egress port is 0
[00:36:45.967] [bmv2] [D] [thread 91748] [146.0] [cxt 0] Pipeline 'egress': start
[00:36:45.967] [bmv2] [T] [thread 91748] [146.0] [cxt 0] basic.p4(684) Condition "standard_metadata.mcast_grp != 0" (node_28) is false
[00:36:45.967] [bmv2] [D] [thread 91748] [146.0] [cxt 0] Pipeline 'egress': end
[00:36:45.967] [bmv2] [D] [thread 91748] [146.0] [cxt 0] Deparser 'deparser': start
[00:36:45.967] [bmv2] [T] [thread 91748] [146.0] [cxt 0] Skipping checksum 'cksum' update because condition not met
[00:36:45.967] [bmv2] [D] [thread 91748] [146.0] [cxt 0] Deparsing header 'ethernet'
[00:36:45.967] [bmv2] [D] [thread 91748] [146.0] [cxt 0] Deparsing header 'ipv6'
[00:36:45.967] [bmv2] [D] [thread 91748] [146.0] [cxt 0] Deparser 'deparser': end
[00:36:45.967] [bmv2] [D] [thread 91752] [146.0] [cxt 0] Transmitting packet of size 86 out of port 0
[00:36:46.864] [bmv2] [D] [thread 91747] [147.0] [cxt 0] Processing packet received on port 2
[00:36:46.864] [bmv2] [D] [thread 91747] [147.0] [cxt 0] Parser 'parser': start
[00:36:46.864] [bmv2] [D] [thread 91747] [147.0] [cxt 0] Parser 'parser' entering state 'start'
[00:36:46.864] [bmv2] [D] [thread 91747] [147.0] [cxt 0] Extracting header 'ethernet'
[00:36:46.864] [bmv2] [D] [thread 91747] [147.0] [cxt 0] Parser state 'start': key is 86dd
[00:36:46.864] [bmv2] [T] [thread 91747] [147.0] [cxt 0] Bytes parsed: 14
[00:36:46.864] [bmv2] [D] [thread 91747] [147.0] [cxt 0] Parser 'parser' entering state 'parse_ipv6'
[00:36:46.864] [bmv2] [D] [thread 91747] [147.0] [cxt 0] Extracting header 'ipv6'
[00:36:46.864] [bmv2] [D] [thread 91747] [147.0] [cxt 0] Parser state 'parse_ipv6': key is 11
[00:36:46.864] [bmv2] [T] [thread 91747] [147.0] [cxt 0] Bytes parsed: 54
[00:36:46.864] [bmv2] [D] [thread 91747] [147.0] [cxt 0] Parser 'parser': end
[00:36:46.864] [bmv2] [D] [thread 91747] [147.0] [cxt 0] Pipeline 'ingress': start
[00:36:46.864] [bmv2] [T] [thread 91747] [147.0] [cxt 0] basic.p4(560) Condition "hdr.ethernet.etherType == TYPE_ARP" (node_2) is false
[00:36:46.864] [bmv2] [T] [thread 91747] [147.0] [cxt 0] basic.p4(563) Condition "hdr.ethernet.etherType == TYPE_SRCROUTING" (node_4) is false
[00:36:46.864] [bmv2] [T] [thread 91747] [147.0] [cxt 0] basic.p4(576) Condition "hdr.ethernet.etherType == TYPE_YEQUDESU" (node_12) is false
[00:36:46.864] [bmv2] [T] [thread 91747] [147.0] [cxt 0] basic.p4(582) Condition "hdr.vxlan.isValid()" (node_15) is false
[00:36:46.864] [bmv2] [T] [thread 91747] [147.0] [cxt 0] basic.p4(586) Condition "hdr.ipv6.isValid()" (node_17) is true
[00:36:46.864] [bmv2] [T] [thread 91747] [147.0] [cxt 0] Applying table 'MyIngress.ipv6_lpm'
[00:36:46.864] [bmv2] [D] [thread 91747] [147.0] [cxt 0] Looking up key:
* hdr.ipv6.dstAddr    : ff0200000000000000000000000000fb

[00:36:46.864] [bmv2] [D] [thread 91747] [147.0] [cxt 0] Table 'MyIngress.ipv6_lpm': miss
[00:36:46.864] [bmv2] [D] [thread 91747] [147.0] [cxt 0] Action entry is NoAction - 
[00:36:46.864] [bmv2] [T] [thread 91747] [147.0] [cxt 0] Action NoAction
[00:36:46.864] [bmv2] [D] [thread 91747] [147.0] [cxt 0] Pipeline 'ingress': end
[00:36:46.864] [bmv2] [D] [thread 91747] [147.0] [cxt 0] Egress port is 0
[00:36:46.864] [bmv2] [D] [thread 91748] [147.0] [cxt 0] Pipeline 'egress': start
[00:36:46.864] [bmv2] [T] [thread 91748] [147.0] [cxt 0] basic.p4(684) Condition "standard_metadata.mcast_grp != 0" (node_28) is false
[00:36:46.864] [bmv2] [D] [thread 91748] [147.0] [cxt 0] Pipeline 'egress': end
[00:36:46.864] [bmv2] [D] [thread 91748] [147.0] [cxt 0] Deparser 'deparser': start
[00:36:46.864] [bmv2] [T] [thread 91748] [147.0] [cxt 0] Skipping checksum 'cksum' update because condition not met
[00:36:46.864] [bmv2] [D] [thread 91748] [147.0] [cxt 0] Deparsing header 'ethernet'
[00:36:46.864] [bmv2] [D] [thread 91748] [147.0] [cxt 0] Deparsing header 'ipv6'
[00:36:46.864] [bmv2] [D] [thread 91748] [147.0] [cxt 0] Deparser 'deparser': end
[00:36:46.864] [bmv2] [D] [thread 91752] [147.0] [cxt 0] Transmitting packet of size 203 out of port 0
[00:36:46.925] [bmv2] [D] [thread 91747] [148.0] [cxt 0] Processing packet received on port 3
[00:36:46.925] [bmv2] [D] [thread 91747] [148.0] [cxt 0] Parser 'parser': start
[00:36:46.925] [bmv2] [D] [thread 91747] [148.0] [cxt 0] Parser 'parser' entering state 'start'
[00:36:46.925] [bmv2] [D] [thread 91747] [148.0] [cxt 0] Extracting header 'ethernet'
[00:36:46.925] [bmv2] [D] [thread 91747] [148.0] [cxt 0] Parser state 'start': key is 86dd
[00:36:46.925] [bmv2] [T] [thread 91747] [148.0] [cxt 0] Bytes parsed: 14
[00:36:46.925] [bmv2] [D] [thread 91747] [148.0] [cxt 0] Parser 'parser' entering state 'parse_ipv6'
[00:36:46.925] [bmv2] [D] [thread 91747] [148.0] [cxt 0] Extracting header 'ipv6'
[00:36:46.925] [bmv2] [D] [thread 91747] [148.0] [cxt 0] Parser state 'parse_ipv6': key is 11
[00:36:46.925] [bmv2] [T] [thread 91747] [148.0] [cxt 0] Bytes parsed: 54
[00:36:46.925] [bmv2] [D] [thread 91747] [148.0] [cxt 0] Parser 'parser': end
[00:36:46.925] [bmv2] [D] [thread 91747] [148.0] [cxt 0] Pipeline 'ingress': start
[00:36:46.925] [bmv2] [T] [thread 91747] [148.0] [cxt 0] basic.p4(560) Condition "hdr.ethernet.etherType == TYPE_ARP" (node_2) is false
[00:36:46.925] [bmv2] [T] [thread 91747] [148.0] [cxt 0] basic.p4(563) Condition "hdr.ethernet.etherType == TYPE_SRCROUTING" (node_4) is false
[00:36:46.925] [bmv2] [T] [thread 91747] [148.0] [cxt 0] basic.p4(576) Condition "hdr.ethernet.etherType == TYPE_YEQUDESU" (node_12) is false
[00:36:46.925] [bmv2] [T] [thread 91747] [148.0] [cxt 0] basic.p4(582) Condition "hdr.vxlan.isValid()" (node_15) is false
[00:36:46.925] [bmv2] [T] [thread 91747] [148.0] [cxt 0] basic.p4(586) Condition "hdr.ipv6.isValid()" (node_17) is true
[00:36:46.925] [bmv2] [T] [thread 91747] [148.0] [cxt 0] Applying table 'MyIngress.ipv6_lpm'
[00:36:46.925] [bmv2] [D] [thread 91747] [148.0] [cxt 0] Looking up key:
* hdr.ipv6.dstAddr    : ff0200000000000000000000000000fb

[00:36:46.925] [bmv2] [D] [thread 91747] [148.0] [cxt 0] Table 'MyIngress.ipv6_lpm': miss
[00:36:46.925] [bmv2] [D] [thread 91747] [148.0] [cxt 0] Action entry is NoAction - 
[00:36:46.925] [bmv2] [T] [thread 91747] [148.0] [cxt 0] Action NoAction
[00:36:46.925] [bmv2] [D] [thread 91747] [148.0] [cxt 0] Pipeline 'ingress': end
[00:36:46.925] [bmv2] [D] [thread 91747] [148.0] [cxt 0] Egress port is 0
[00:36:46.926] [bmv2] [D] [thread 91748] [148.0] [cxt 0] Pipeline 'egress': start
[00:36:46.926] [bmv2] [T] [thread 91748] [148.0] [cxt 0] basic.p4(684) Condition "standard_metadata.mcast_grp != 0" (node_28) is false
[00:36:46.926] [bmv2] [D] [thread 91748] [148.0] [cxt 0] Pipeline 'egress': end
[00:36:46.926] [bmv2] [D] [thread 91748] [148.0] [cxt 0] Deparser 'deparser': start
[00:36:46.926] [bmv2] [T] [thread 91748] [148.0] [cxt 0] Skipping checksum 'cksum' update because condition not met
[00:36:46.926] [bmv2] [D] [thread 91748] [148.0] [cxt 0] Deparsing header 'ethernet'
[00:36:46.926] [bmv2] [D] [thread 91748] [148.0] [cxt 0] Deparsing header 'ipv6'
[00:36:46.926] [bmv2] [D] [thread 91748] [148.0] [cxt 0] Deparser 'deparser': end
[00:36:46.926] [bmv2] [D] [thread 91752] [148.0] [cxt 0] Transmitting packet of size 203 out of port 0
[00:36:46.990] [bmv2] [D] [thread 91747] [149.0] [cxt 0] Processing packet received on port 1
[00:36:46.990] [bmv2] [D] [thread 91747] [149.0] [cxt 0] Parser 'parser': start
[00:36:46.990] [bmv2] [D] [thread 91747] [149.0] [cxt 0] Parser 'parser' entering state 'start'
[00:36:46.990] [bmv2] [D] [thread 91747] [149.0] [cxt 0] Extracting header 'ethernet'
[00:36:46.990] [bmv2] [D] [thread 91747] [149.0] [cxt 0] Parser state 'start': key is 86dd
[00:36:46.990] [bmv2] [T] [thread 91747] [149.0] [cxt 0] Bytes parsed: 14
[00:36:46.990] [bmv2] [D] [thread 91747] [149.0] [cxt 0] Parser 'parser' entering state 'parse_ipv6'
[00:36:46.990] [bmv2] [D] [thread 91747] [149.0] [cxt 0] Extracting header 'ipv6'
[00:36:46.990] [bmv2] [D] [thread 91747] [149.0] [cxt 0] Parser state 'parse_ipv6': key is 00
[00:36:46.990] [bmv2] [T] [thread 91747] [149.0] [cxt 0] Bytes parsed: 54
[00:36:46.990] [bmv2] [D] [thread 91747] [149.0] [cxt 0] Parser 'parser': end
[00:36:46.990] [bmv2] [D] [thread 91747] [149.0] [cxt 0] Pipeline 'ingress': start
[00:36:46.990] [bmv2] [T] [thread 91747] [149.0] [cxt 0] basic.p4(560) Condition "hdr.ethernet.etherType == TYPE_ARP" (node_2) is false
[00:36:46.990] [bmv2] [T] [thread 91747] [149.0] [cxt 0] basic.p4(563) Condition "hdr.ethernet.etherType == TYPE_SRCROUTING" (node_4) is false
[00:36:46.990] [bmv2] [T] [thread 91747] [149.0] [cxt 0] basic.p4(576) Condition "hdr.ethernet.etherType == TYPE_YEQUDESU" (node_12) is false
[00:36:46.990] [bmv2] [T] [thread 91747] [149.0] [cxt 0] basic.p4(582) Condition "hdr.vxlan.isValid()" (node_15) is false
[00:36:46.990] [bmv2] [T] [thread 91747] [149.0] [cxt 0] basic.p4(586) Condition "hdr.ipv6.isValid()" (node_17) is true
[00:36:46.990] [bmv2] [T] [thread 91747] [149.0] [cxt 0] Applying table 'MyIngress.ipv6_lpm'
[00:36:46.990] [bmv2] [D] [thread 91747] [149.0] [cxt 0] Looking up key:
* hdr.ipv6.dstAddr    : ff020000000000000000000000000016

[00:36:46.990] [bmv2] [D] [thread 91747] [149.0] [cxt 0] Table 'MyIngress.ipv6_lpm': miss
[00:36:46.990] [bmv2] [D] [thread 91747] [149.0] [cxt 0] Action entry is NoAction - 
[00:36:46.990] [bmv2] [T] [thread 91747] [149.0] [cxt 0] Action NoAction
[00:36:46.990] [bmv2] [D] [thread 91747] [149.0] [cxt 0] Pipeline 'ingress': end
[00:36:46.990] [bmv2] [D] [thread 91747] [149.0] [cxt 0] Egress port is 0
[00:36:46.990] [bmv2] [D] [thread 91747] [150.0] [cxt 0] Processing packet received on port 1
[00:36:46.990] [bmv2] [D] [thread 91747] [150.0] [cxt 0] Parser 'parser': start
[00:36:46.990] [bmv2] [D] [thread 91747] [150.0] [cxt 0] Parser 'parser' entering state 'start'
[00:36:46.990] [bmv2] [D] [thread 91747] [150.0] [cxt 0] Extracting header 'ethernet'
[00:36:46.990] [bmv2] [D] [thread 91747] [150.0] [cxt 0] Parser state 'start': key is 86dd
[00:36:46.990] [bmv2] [T] [thread 91747] [150.0] [cxt 0] Bytes parsed: 14
[00:36:46.990] [bmv2] [D] [thread 91747] [150.0] [cxt 0] Parser 'parser' entering state 'parse_ipv6'
[00:36:46.990] [bmv2] [D] [thread 91747] [150.0] [cxt 0] Extracting header 'ipv6'
[00:36:46.990] [bmv2] [D] [thread 91747] [150.0] [cxt 0] Parser state 'parse_ipv6': key is 3a
[00:36:46.990] [bmv2] [T] [thread 91747] [150.0] [cxt 0] Bytes parsed: 54
[00:36:46.990] [bmv2] [D] [thread 91747] [150.0] [cxt 0] Parser 'parser': end
[00:36:46.991] [bmv2] [D] [thread 91747] [150.0] [cxt 0] Pipeline 'ingress': start
[00:36:46.991] [bmv2] [T] [thread 91747] [150.0] [cxt 0] basic.p4(560) Condition "hdr.ethernet.etherType == TYPE_ARP" (node_2) is false
[00:36:46.991] [bmv2] [T] [thread 91747] [150.0] [cxt 0] basic.p4(563) Condition "hdr.ethernet.etherType == TYPE_SRCROUTING" (node_4) is false
[00:36:46.991] [bmv2] [T] [thread 91747] [150.0] [cxt 0] basic.p4(576) Condition "hdr.ethernet.etherType == TYPE_YEQUDESU" (node_12) is false
[00:36:46.991] [bmv2] [T] [thread 91747] [150.0] [cxt 0] basic.p4(582) Condition "hdr.vxlan.isValid()" (node_15) is false
[00:36:46.991] [bmv2] [T] [thread 91747] [150.0] [cxt 0] basic.p4(586) Condition "hdr.ipv6.isValid()" (node_17) is true
[00:36:46.991] [bmv2] [T] [thread 91747] [150.0] [cxt 0] Applying table 'MyIngress.ipv6_lpm'
[00:36:46.991] [bmv2] [D] [thread 91747] [150.0] [cxt 0] Looking up key:
* hdr.ipv6.dstAddr    : ff020000000000000000000000000002

[00:36:46.991] [bmv2] [D] [thread 91747] [150.0] [cxt 0] Table 'MyIngress.ipv6_lpm': miss
[00:36:46.991] [bmv2] [D] [thread 91747] [150.0] [cxt 0] Action entry is NoAction - 
[00:36:46.991] [bmv2] [T] [thread 91747] [150.0] [cxt 0] Action NoAction
[00:36:46.991] [bmv2] [D] [thread 91747] [150.0] [cxt 0] Pipeline 'ingress': end
[00:36:46.991] [bmv2] [D] [thread 91747] [150.0] [cxt 0] Egress port is 0
[00:36:46.991] [bmv2] [D] [thread 91748] [149.0] [cxt 0] Pipeline 'egress': start
[00:36:46.991] [bmv2] [T] [thread 91748] [149.0] [cxt 0] basic.p4(684) Condition "standard_metadata.mcast_grp != 0" (node_28) is false
[00:36:46.991] [bmv2] [D] [thread 91748] [149.0] [cxt 0] Pipeline 'egress': end
[00:36:46.991] [bmv2] [D] [thread 91748] [149.0] [cxt 0] Deparser 'deparser': start
[00:36:46.991] [bmv2] [T] [thread 91748] [149.0] [cxt 0] Skipping checksum 'cksum' update because condition not met
[00:36:46.991] [bmv2] [D] [thread 91748] [149.0] [cxt 0] Deparsing header 'ethernet'
[00:36:46.991] [bmv2] [D] [thread 91748] [149.0] [cxt 0] Deparsing header 'ipv6'
[00:36:46.991] [bmv2] [D] [thread 91748] [149.0] [cxt 0] Deparser 'deparser': end
[00:36:46.991] [bmv2] [D] [thread 91747] [151.0] [cxt 0] Processing packet received on port 4
[00:36:46.991] [bmv2] [D] [thread 91747] [151.0] [cxt 0] Parser 'parser': start
[00:36:46.991] [bmv2] [D] [thread 91747] [151.0] [cxt 0] Parser 'parser' entering state 'start'
[00:36:46.991] [bmv2] [D] [thread 91747] [151.0] [cxt 0] Extracting header 'ethernet'
[00:36:46.991] [bmv2] [D] [thread 91747] [151.0] [cxt 0] Parser state 'start': key is 86dd
[00:36:46.991] [bmv2] [T] [thread 91747] [151.0] [cxt 0] Bytes parsed: 14
[00:36:46.991] [bmv2] [D] [thread 91747] [151.0] [cxt 0] Parser 'parser' entering state 'parse_ipv6'
[00:36:46.991] [bmv2] [D] [thread 91747] [151.0] [cxt 0] Extracting header 'ipv6'
[00:36:46.991] [bmv2] [D] [thread 91747] [151.0] [cxt 0] Parser state 'parse_ipv6': key is 11
[00:36:46.991] [bmv2] [T] [thread 91747] [151.0] [cxt 0] Bytes parsed: 54
[00:36:46.991] [bmv2] [D] [thread 91747] [151.0] [cxt 0] Parser 'parser': end
[00:36:46.991] [bmv2] [D] [thread 91747] [151.0] [cxt 0] Pipeline 'ingress': start
[00:36:46.991] [bmv2] [T] [thread 91747] [151.0] [cxt 0] basic.p4(560) Condition "hdr.ethernet.etherType == TYPE_ARP" (node_2) is false
[00:36:46.991] [bmv2] [T] [thread 91747] [151.0] [cxt 0] basic.p4(563) Condition "hdr.ethernet.etherType == TYPE_SRCROUTING" (node_4) is false
[00:36:46.991] [bmv2] [T] [thread 91747] [151.0] [cxt 0] basic.p4(576) Condition "hdr.ethernet.etherType == TYPE_YEQUDESU" (node_12) is false
[00:36:46.991] [bmv2] [T] [thread 91747] [151.0] [cxt 0] basic.p4(582) Condition "hdr.vxlan.isValid()" (node_15) is false
[00:36:46.991] [bmv2] [T] [thread 91747] [151.0] [cxt 0] basic.p4(586) Condition "hdr.ipv6.isValid()" (node_17) is true
[00:36:46.991] [bmv2] [T] [thread 91747] [151.0] [cxt 0] Applying table 'MyIngress.ipv6_lpm'
[00:36:46.991] [bmv2] [D] [thread 91747] [151.0] [cxt 0] Looking up key:
* hdr.ipv6.dstAddr    : ff0200000000000000000000000000fb

[00:36:46.991] [bmv2] [D] [thread 91747] [151.0] [cxt 0] Table 'MyIngress.ipv6_lpm': miss
[00:36:46.991] [bmv2] [D] [thread 91747] [151.0] [cxt 0] Action entry is NoAction - 
[00:36:46.991] [bmv2] [T] [thread 91747] [151.0] [cxt 0] Action NoAction
[00:36:46.991] [bmv2] [D] [thread 91747] [151.0] [cxt 0] Pipeline 'ingress': end
[00:36:46.991] [bmv2] [D] [thread 91748] [150.0] [cxt 0] Pipeline 'egress': start
[00:36:46.991] [bmv2] [D] [thread 91747] [151.0] [cxt 0] Egress port is 0
[00:36:46.991] [bmv2] [T] [thread 91748] [150.0] [cxt 0] basic.p4(684) Condition "standard_metadata.mcast_grp != 0" (node_28) is false
[00:36:46.991] [bmv2] [D] [thread 91748] [150.0] [cxt 0] Pipeline 'egress': end
[00:36:46.991] [bmv2] [D] [thread 91748] [150.0] [cxt 0] Deparser 'deparser': start
[00:36:46.991] [bmv2] [T] [thread 91748] [150.0] [cxt 0] Skipping checksum 'cksum' update because condition not met
[00:36:46.991] [bmv2] [D] [thread 91748] [150.0] [cxt 0] Deparsing header 'ethernet'
[00:36:46.991] [bmv2] [D] [thread 91748] [150.0] [cxt 0] Deparsing header 'ipv6'
[00:36:46.991] [bmv2] [D] [thread 91752] [149.0] [cxt 0] Transmitting packet of size 90 out of port 0
[00:36:46.991] [bmv2] [D] [thread 91747] [152.0] [cxt 0] Processing packet received on port 5
[00:36:46.991] [bmv2] [D] [thread 91747] [152.0] [cxt 0] Parser 'parser': start
[00:36:46.991] [bmv2] [D] [thread 91747] [152.0] [cxt 0] Parser 'parser' entering state 'start'
[00:36:46.991] [bmv2] [D] [thread 91747] [152.0] [cxt 0] Extracting header 'ethernet'
[00:36:46.991] [bmv2] [D] [thread 91748] [150.0] [cxt 0] Deparser 'deparser': end
[00:36:46.991] [bmv2] [D] [thread 91747] [152.0] [cxt 0] Parser state 'start': key is 86dd
[00:36:46.991] [bmv2] [T] [thread 91747] [152.0] [cxt 0] Bytes parsed: 14
[00:36:46.991] [bmv2] [D] [thread 91747] [152.0] [cxt 0] Parser 'parser' entering state 'parse_ipv6'
[00:36:46.991] [bmv2] [D] [thread 91747] [152.0] [cxt 0] Extracting header 'ipv6'
[00:36:46.991] [bmv2] [D] [thread 91747] [152.0] [cxt 0] Parser state 'parse_ipv6': key is 11
[00:36:46.991] [bmv2] [T] [thread 91747] [152.0] [cxt 0] Bytes parsed: 54
[00:36:46.991] [bmv2] [D] [thread 91747] [152.0] [cxt 0] Parser 'parser': end
[00:36:46.991] [bmv2] [D] [thread 91747] [152.0] [cxt 0] Pipeline 'ingress': start
[00:36:46.991] [bmv2] [T] [thread 91747] [152.0] [cxt 0] basic.p4(560) Condition "hdr.ethernet.etherType == TYPE_ARP" (node_2) is false
[00:36:46.992] [bmv2] [T] [thread 91747] [152.0] [cxt 0] basic.p4(563) Condition "hdr.ethernet.etherType == TYPE_SRCROUTING" (node_4) is false
[00:36:46.992] [bmv2] [T] [thread 91747] [152.0] [cxt 0] basic.p4(576) Condition "hdr.ethernet.etherType == TYPE_YEQUDESU" (node_12) is false
[00:36:46.992] [bmv2] [T] [thread 91747] [152.0] [cxt 0] basic.p4(582) Condition "hdr.vxlan.isValid()" (node_15) is false
[00:36:46.992] [bmv2] [T] [thread 91747] [152.0] [cxt 0] basic.p4(586) Condition "hdr.ipv6.isValid()" (node_17) is true
[00:36:46.992] [bmv2] [T] [thread 91747] [152.0] [cxt 0] Applying table 'MyIngress.ipv6_lpm'
[00:36:46.992] [bmv2] [D] [thread 91747] [152.0] [cxt 0] Looking up key:
* hdr.ipv6.dstAddr    : ff0200000000000000000000000000fb

[00:36:46.992] [bmv2] [D] [thread 91747] [152.0] [cxt 0] Table 'MyIngress.ipv6_lpm': miss
[00:36:46.992] [bmv2] [D] [thread 91747] [152.0] [cxt 0] Action entry is NoAction - 
[00:36:46.992] [bmv2] [T] [thread 91747] [152.0] [cxt 0] Action NoAction
[00:36:46.992] [bmv2] [D] [thread 91747] [152.0] [cxt 0] Pipeline 'ingress': end
[00:36:46.992] [bmv2] [D] [thread 91747] [152.0] [cxt 0] Egress port is 0
[00:36:46.992] [bmv2] [D] [thread 91748] [151.0] [cxt 0] Pipeline 'egress': start
[00:36:46.992] [bmv2] [T] [thread 91748] [151.0] [cxt 0] basic.p4(684) Condition "standard_metadata.mcast_grp != 0" (node_28) is false
[00:36:46.992] [bmv2] [D] [thread 91748] [151.0] [cxt 0] Pipeline 'egress': end
[00:36:46.992] [bmv2] [D] [thread 91748] [151.0] [cxt 0] Deparser 'deparser': start
[00:36:46.992] [bmv2] [T] [thread 91748] [151.0] [cxt 0] Skipping checksum 'cksum' update because condition not met
[00:36:46.992] [bmv2] [D] [thread 91748] [151.0] [cxt 0] Deparsing header 'ethernet'
[00:36:46.992] [bmv2] [D] [thread 91748] [151.0] [cxt 0] Deparsing header 'ipv6'
[00:36:46.992] [bmv2] [D] [thread 91752] [150.0] [cxt 0] Transmitting packet of size 70 out of port 0
[00:36:46.992] [bmv2] [D] [thread 91748] [151.0] [cxt 0] Deparser 'deparser': end
[00:36:46.992] [bmv2] [D] [thread 91748] [152.0] [cxt 0] Pipeline 'egress': start
[00:36:46.992] [bmv2] [T] [thread 91748] [152.0] [cxt 0] basic.p4(684) Condition "standard_metadata.mcast_grp != 0" (node_28) is false
[00:36:46.992] [bmv2] [D] [thread 91748] [152.0] [cxt 0] Pipeline 'egress': end
[00:36:46.992] [bmv2] [D] [thread 91748] [152.0] [cxt 0] Deparser 'deparser': start
[00:36:46.992] [bmv2] [T] [thread 91748] [152.0] [cxt 0] Skipping checksum 'cksum' update because condition not met
[00:36:46.992] [bmv2] [D] [thread 91748] [152.0] [cxt 0] Deparsing header 'ethernet'
[00:36:46.992] [bmv2] [D] [thread 91748] [152.0] [cxt 0] Deparsing header 'ipv6'
[00:36:46.992] [bmv2] [D] [thread 91748] [152.0] [cxt 0] Deparser 'deparser': end
[00:36:46.992] [bmv2] [D] [thread 91752] [151.0] [cxt 0] Transmitting packet of size 203 out of port 0
[00:36:46.992] [bmv2] [D] [thread 91752] [152.0] [cxt 0] Transmitting packet of size 203 out of port 0
[00:36:47.247] [bmv2] [D] [thread 91747] [153.0] [cxt 0] Processing packet received on port 2
[00:36:47.247] [bmv2] [D] [thread 91747] [153.0] [cxt 0] Parser 'parser': start
[00:36:47.247] [bmv2] [D] [thread 91747] [153.0] [cxt 0] Parser 'parser' entering state 'start'
[00:36:47.247] [bmv2] [D] [thread 91747] [153.0] [cxt 0] Extracting header 'ethernet'
[00:36:47.247] [bmv2] [D] [thread 91747] [153.0] [cxt 0] Parser state 'start': key is 86dd
[00:36:47.247] [bmv2] [T] [thread 91747] [153.0] [cxt 0] Bytes parsed: 14
[00:36:47.247] [bmv2] [D] [thread 91747] [153.0] [cxt 0] Parser 'parser' entering state 'parse_ipv6'
[00:36:47.247] [bmv2] [D] [thread 91747] [153.0] [cxt 0] Extracting header 'ipv6'
[00:36:47.247] [bmv2] [D] [thread 91747] [153.0] [cxt 0] Parser state 'parse_ipv6': key is 11
[00:36:47.247] [bmv2] [T] [thread 91747] [153.0] [cxt 0] Bytes parsed: 54
[00:36:47.247] [bmv2] [D] [thread 91747] [153.0] [cxt 0] Parser 'parser': end
[00:36:47.247] [bmv2] [D] [thread 91747] [153.0] [cxt 0] Pipeline 'ingress': start
[00:36:47.247] [bmv2] [T] [thread 91747] [153.0] [cxt 0] basic.p4(560) Condition "hdr.ethernet.etherType == TYPE_ARP" (node_2) is false
[00:36:47.247] [bmv2] [T] [thread 91747] [153.0] [cxt 0] basic.p4(563) Condition "hdr.ethernet.etherType == TYPE_SRCROUTING" (node_4) is false
[00:36:47.247] [bmv2] [T] [thread 91747] [153.0] [cxt 0] basic.p4(576) Condition "hdr.ethernet.etherType == TYPE_YEQUDESU" (node_12) is false
[00:36:47.247] [bmv2] [T] [thread 91747] [153.0] [cxt 0] basic.p4(582) Condition "hdr.vxlan.isValid()" (node_15) is false
[00:36:47.247] [bmv2] [T] [thread 91747] [153.0] [cxt 0] basic.p4(586) Condition "hdr.ipv6.isValid()" (node_17) is true
[00:36:47.247] [bmv2] [T] [thread 91747] [153.0] [cxt 0] Applying table 'MyIngress.ipv6_lpm'
[00:36:47.247] [bmv2] [D] [thread 91747] [153.0] [cxt 0] Looking up key:
* hdr.ipv6.dstAddr    : ff0200000000000000000000000000fb

[00:36:47.247] [bmv2] [D] [thread 91747] [153.0] [cxt 0] Table 'MyIngress.ipv6_lpm': miss
[00:36:47.247] [bmv2] [D] [thread 91747] [153.0] [cxt 0] Action entry is NoAction - 
[00:36:47.247] [bmv2] [T] [thread 91747] [153.0] [cxt 0] Action NoAction
[00:36:47.247] [bmv2] [D] [thread 91747] [153.0] [cxt 0] Pipeline 'ingress': end
[00:36:47.247] [bmv2] [D] [thread 91747] [153.0] [cxt 0] Egress port is 0
[00:36:47.247] [bmv2] [D] [thread 91748] [153.0] [cxt 0] Pipeline 'egress': start
[00:36:47.247] [bmv2] [T] [thread 91748] [153.0] [cxt 0] basic.p4(684) Condition "standard_metadata.mcast_grp != 0" (node_28) is false
[00:36:47.247] [bmv2] [D] [thread 91748] [153.0] [cxt 0] Pipeline 'egress': end
[00:36:47.247] [bmv2] [D] [thread 91748] [153.0] [cxt 0] Deparser 'deparser': start
[00:36:47.247] [bmv2] [T] [thread 91748] [153.0] [cxt 0] Skipping checksum 'cksum' update because condition not met
[00:36:47.247] [bmv2] [D] [thread 91748] [153.0] [cxt 0] Deparsing header 'ethernet'
[00:36:47.247] [bmv2] [D] [thread 91748] [153.0] [cxt 0] Deparsing header 'ipv6'
[00:36:47.247] [bmv2] [D] [thread 91748] [153.0] [cxt 0] Deparser 'deparser': end
[00:36:47.247] [bmv2] [D] [thread 91752] [153.0] [cxt 0] Transmitting packet of size 203 out of port 0
[00:36:47.438] [bmv2] [D] [thread 91747] [154.0] [cxt 0] Processing packet received on port 5
[00:36:47.438] [bmv2] [D] [thread 91747] [154.0] [cxt 0] Parser 'parser': start
[00:36:47.438] [bmv2] [D] [thread 91747] [154.0] [cxt 0] Parser 'parser' entering state 'start'
[00:36:47.438] [bmv2] [D] [thread 91747] [154.0] [cxt 0] Extracting header 'ethernet'
[00:36:47.439] [bmv2] [D] [thread 91747] [154.0] [cxt 0] Parser state 'start': key is 86dd
[00:36:47.439] [bmv2] [T] [thread 91747] [154.0] [cxt 0] Bytes parsed: 14
[00:36:47.439] [bmv2] [D] [thread 91747] [154.0] [cxt 0] Parser 'parser' entering state 'parse_ipv6'
[00:36:47.439] [bmv2] [D] [thread 91747] [154.0] [cxt 0] Extracting header 'ipv6'
[00:36:47.439] [bmv2] [D] [thread 91747] [154.0] [cxt 0] Parser state 'parse_ipv6': key is 11
[00:36:47.439] [bmv2] [T] [thread 91747] [154.0] [cxt 0] Bytes parsed: 54
[00:36:47.439] [bmv2] [D] [thread 91747] [154.0] [cxt 0] Parser 'parser': end
[00:36:47.439] [bmv2] [D] [thread 91747] [154.0] [cxt 0] Pipeline 'ingress': start
[00:36:47.439] [bmv2] [T] [thread 91747] [154.0] [cxt 0] basic.p4(560) Condition "hdr.ethernet.etherType == TYPE_ARP" (node_2) is false
[00:36:47.439] [bmv2] [T] [thread 91747] [154.0] [cxt 0] basic.p4(563) Condition "hdr.ethernet.etherType == TYPE_SRCROUTING" (node_4) is false
[00:36:47.439] [bmv2] [T] [thread 91747] [154.0] [cxt 0] basic.p4(576) Condition "hdr.ethernet.etherType == TYPE_YEQUDESU" (node_12) is false
[00:36:47.439] [bmv2] [T] [thread 91747] [154.0] [cxt 0] basic.p4(582) Condition "hdr.vxlan.isValid()" (node_15) is false
[00:36:47.439] [bmv2] [T] [thread 91747] [154.0] [cxt 0] basic.p4(586) Condition "hdr.ipv6.isValid()" (node_17) is true
[00:36:47.439] [bmv2] [T] [thread 91747] [154.0] [cxt 0] Applying table 'MyIngress.ipv6_lpm'
[00:36:47.439] [bmv2] [D] [thread 91747] [154.0] [cxt 0] Looking up key:
* hdr.ipv6.dstAddr    : ff0200000000000000000000000000fb

[00:36:47.439] [bmv2] [D] [thread 91747] [154.0] [cxt 0] Table 'MyIngress.ipv6_lpm': miss
[00:36:47.439] [bmv2] [D] [thread 91747] [154.0] [cxt 0] Action entry is NoAction - 
[00:36:47.439] [bmv2] [T] [thread 91747] [154.0] [cxt 0] Action NoAction
[00:36:47.439] [bmv2] [D] [thread 91747] [154.0] [cxt 0] Pipeline 'ingress': end
[00:36:47.439] [bmv2] [D] [thread 91747] [154.0] [cxt 0] Egress port is 0
[00:36:47.439] [bmv2] [D] [thread 91748] [154.0] [cxt 0] Pipeline 'egress': start
[00:36:47.439] [bmv2] [T] [thread 91748] [154.0] [cxt 0] basic.p4(684) Condition "standard_metadata.mcast_grp != 0" (node_28) is false
[00:36:47.439] [bmv2] [D] [thread 91748] [154.0] [cxt 0] Pipeline 'egress': end
[00:36:47.439] [bmv2] [D] [thread 91748] [154.0] [cxt 0] Deparser 'deparser': start
[00:36:47.439] [bmv2] [T] [thread 91748] [154.0] [cxt 0] Skipping checksum 'cksum' update because condition not met
[00:36:47.439] [bmv2] [D] [thread 91748] [154.0] [cxt 0] Deparsing header 'ethernet'
[00:36:47.439] [bmv2] [D] [thread 91748] [154.0] [cxt 0] Deparsing header 'ipv6'
[00:36:47.439] [bmv2] [D] [thread 91748] [154.0] [cxt 0] Deparser 'deparser': end
[00:36:47.439] [bmv2] [D] [thread 91752] [154.0] [cxt 0] Transmitting packet of size 203 out of port 0
[00:36:47.503] [bmv2] [D] [thread 91747] [155.0] [cxt 0] Processing packet received on port 4
[00:36:47.503] [bmv2] [D] [thread 91747] [155.0] [cxt 0] Parser 'parser': start
[00:36:47.503] [bmv2] [D] [thread 91747] [155.0] [cxt 0] Parser 'parser' entering state 'start'
[00:36:47.503] [bmv2] [D] [thread 91747] [155.0] [cxt 0] Extracting header 'ethernet'
[00:36:47.503] [bmv2] [D] [thread 91747] [155.0] [cxt 0] Parser state 'start': key is 86dd
[00:36:47.503] [bmv2] [T] [thread 91747] [155.0] [cxt 0] Bytes parsed: 14
[00:36:47.503] [bmv2] [D] [thread 91747] [155.0] [cxt 0] Parser 'parser' entering state 'parse_ipv6'
[00:36:47.503] [bmv2] [D] [thread 91747] [155.0] [cxt 0] Extracting header 'ipv6'
[00:36:47.503] [bmv2] [D] [thread 91747] [155.0] [cxt 0] Parser state 'parse_ipv6': key is 11
[00:36:47.503] [bmv2] [T] [thread 91747] [155.0] [cxt 0] Bytes parsed: 54
[00:36:47.503] [bmv2] [D] [thread 91747] [155.0] [cxt 0] Parser 'parser': end
[00:36:47.503] [bmv2] [D] [thread 91747] [155.0] [cxt 0] Pipeline 'ingress': start
[00:36:47.503] [bmv2] [T] [thread 91747] [155.0] [cxt 0] basic.p4(560) Condition "hdr.ethernet.etherType == TYPE_ARP" (node_2) is false
[00:36:47.503] [bmv2] [T] [thread 91747] [155.0] [cxt 0] basic.p4(563) Condition "hdr.ethernet.etherType == TYPE_SRCROUTING" (node_4) is false
[00:36:47.503] [bmv2] [T] [thread 91747] [155.0] [cxt 0] basic.p4(576) Condition "hdr.ethernet.etherType == TYPE_YEQUDESU" (node_12) is false
[00:36:47.503] [bmv2] [T] [thread 91747] [155.0] [cxt 0] basic.p4(582) Condition "hdr.vxlan.isValid()" (node_15) is false
[00:36:47.503] [bmv2] [T] [thread 91747] [155.0] [cxt 0] basic.p4(586) Condition "hdr.ipv6.isValid()" (node_17) is true
[00:36:47.503] [bmv2] [T] [thread 91747] [155.0] [cxt 0] Applying table 'MyIngress.ipv6_lpm'
[00:36:47.503] [bmv2] [D] [thread 91747] [155.0] [cxt 0] Looking up key:
* hdr.ipv6.dstAddr    : ff0200000000000000000000000000fb

[00:36:47.503] [bmv2] [D] [thread 91747] [155.0] [cxt 0] Table 'MyIngress.ipv6_lpm': miss
[00:36:47.503] [bmv2] [D] [thread 91747] [155.0] [cxt 0] Action entry is NoAction - 
[00:36:47.503] [bmv2] [T] [thread 91747] [155.0] [cxt 0] Action NoAction
[00:36:47.503] [bmv2] [D] [thread 91747] [155.0] [cxt 0] Pipeline 'ingress': end
[00:36:47.503] [bmv2] [D] [thread 91747] [155.0] [cxt 0] Egress port is 0
[00:36:47.504] [bmv2] [D] [thread 91748] [155.0] [cxt 0] Pipeline 'egress': start
[00:36:47.504] [bmv2] [T] [thread 91748] [155.0] [cxt 0] basic.p4(684) Condition "standard_metadata.mcast_grp != 0" (node_28) is false
[00:36:47.504] [bmv2] [D] [thread 91748] [155.0] [cxt 0] Pipeline 'egress': end
[00:36:47.504] [bmv2] [D] [thread 91748] [155.0] [cxt 0] Deparser 'deparser': start
[00:36:47.504] [bmv2] [T] [thread 91748] [155.0] [cxt 0] Skipping checksum 'cksum' update because condition not met
[00:36:47.504] [bmv2] [D] [thread 91748] [155.0] [cxt 0] Deparsing header 'ethernet'
[00:36:47.504] [bmv2] [D] [thread 91748] [155.0] [cxt 0] Deparsing header 'ipv6'
[00:36:47.504] [bmv2] [D] [thread 91748] [155.0] [cxt 0] Deparser 'deparser': end
[00:36:47.504] [bmv2] [D] [thread 91752] [155.0] [cxt 0] Transmitting packet of size 203 out of port 0
[00:36:47.567] [bmv2] [D] [thread 91747] [156.0] [cxt 0] Processing packet received on port 1
[00:36:47.567] [bmv2] [D] [thread 91747] [156.0] [cxt 0] Parser 'parser': start
[00:36:47.567] [bmv2] [D] [thread 91747] [156.0] [cxt 0] Parser 'parser' entering state 'start'
[00:36:47.567] [bmv2] [D] [thread 91747] [156.0] [cxt 0] Extracting header 'ethernet'
[00:36:47.567] [bmv2] [D] [thread 91747] [156.0] [cxt 0] Parser state 'start': key is 86dd
[00:36:47.567] [bmv2] [T] [thread 91747] [156.0] [cxt 0] Bytes parsed: 14
[00:36:47.567] [bmv2] [D] [thread 91747] [156.0] [cxt 0] Parser 'parser' entering state 'parse_ipv6'
[00:36:47.567] [bmv2] [D] [thread 91747] [156.0] [cxt 0] Extracting header 'ipv6'
[00:36:47.567] [bmv2] [D] [thread 91747] [156.0] [cxt 0] Parser state 'parse_ipv6': key is 11
[00:36:47.567] [bmv2] [T] [thread 91747] [156.0] [cxt 0] Bytes parsed: 54
[00:36:47.567] [bmv2] [D] [thread 91747] [156.0] [cxt 0] Parser 'parser': end
[00:36:47.567] [bmv2] [D] [thread 91747] [156.0] [cxt 0] Pipeline 'ingress': start
[00:36:47.567] [bmv2] [T] [thread 91747] [156.0] [cxt 0] basic.p4(560) Condition "hdr.ethernet.etherType == TYPE_ARP" (node_2) is false
[00:36:47.567] [bmv2] [T] [thread 91747] [156.0] [cxt 0] basic.p4(563) Condition "hdr.ethernet.etherType == TYPE_SRCROUTING" (node_4) is false
[00:36:47.567] [bmv2] [T] [thread 91747] [156.0] [cxt 0] basic.p4(576) Condition "hdr.ethernet.etherType == TYPE_YEQUDESU" (node_12) is false
[00:36:47.567] [bmv2] [T] [thread 91747] [156.0] [cxt 0] basic.p4(582) Condition "hdr.vxlan.isValid()" (node_15) is false
[00:36:47.567] [bmv2] [T] [thread 91747] [156.0] [cxt 0] basic.p4(586) Condition "hdr.ipv6.isValid()" (node_17) is true
[00:36:47.567] [bmv2] [T] [thread 91747] [156.0] [cxt 0] Applying table 'MyIngress.ipv6_lpm'
[00:36:47.567] [bmv2] [D] [thread 91747] [156.0] [cxt 0] Looking up key:
* hdr.ipv6.dstAddr    : ff0200000000000000000000000000fb

[00:36:47.567] [bmv2] [D] [thread 91747] [156.0] [cxt 0] Table 'MyIngress.ipv6_lpm': miss
[00:36:47.567] [bmv2] [D] [thread 91747] [156.0] [cxt 0] Action entry is NoAction - 
[00:36:47.567] [bmv2] [T] [thread 91747] [156.0] [cxt 0] Action NoAction
[00:36:47.567] [bmv2] [D] [thread 91747] [156.0] [cxt 0] Pipeline 'ingress': end
[00:36:47.567] [bmv2] [D] [thread 91747] [156.0] [cxt 0] Egress port is 0
[00:36:47.567] [bmv2] [D] [thread 91748] [156.0] [cxt 0] Pipeline 'egress': start
[00:36:47.567] [bmv2] [T] [thread 91748] [156.0] [cxt 0] basic.p4(684) Condition "standard_metadata.mcast_grp != 0" (node_28) is false
[00:36:47.567] [bmv2] [D] [thread 91748] [156.0] [cxt 0] Pipeline 'egress': end
[00:36:47.567] [bmv2] [D] [thread 91748] [156.0] [cxt 0] Deparser 'deparser': start
[00:36:47.567] [bmv2] [T] [thread 91748] [156.0] [cxt 0] Skipping checksum 'cksum' update because condition not met
[00:36:47.567] [bmv2] [D] [thread 91748] [156.0] [cxt 0] Deparsing header 'ethernet'
[00:36:47.567] [bmv2] [D] [thread 91748] [156.0] [cxt 0] Deparsing header 'ipv6'
[00:36:47.567] [bmv2] [D] [thread 91748] [156.0] [cxt 0] Deparser 'deparser': end
[00:36:47.567] [bmv2] [D] [thread 91752] [156.0] [cxt 0] Transmitting packet of size 203 out of port 0
[00:36:47.630] [bmv2] [D] [thread 91747] [157.0] [cxt 0] Processing packet received on port 3
[00:36:47.630] [bmv2] [D] [thread 91747] [157.0] [cxt 0] Parser 'parser': start
[00:36:47.630] [bmv2] [D] [thread 91747] [157.0] [cxt 0] Parser 'parser' entering state 'start'
[00:36:47.630] [bmv2] [D] [thread 91747] [157.0] [cxt 0] Extracting header 'ethernet'
[00:36:47.630] [bmv2] [D] [thread 91747] [157.0] [cxt 0] Parser state 'start': key is 86dd
[00:36:47.630] [bmv2] [T] [thread 91747] [157.0] [cxt 0] Bytes parsed: 14
[00:36:47.630] [bmv2] [D] [thread 91747] [157.0] [cxt 0] Parser 'parser' entering state 'parse_ipv6'
[00:36:47.630] [bmv2] [D] [thread 91747] [157.0] [cxt 0] Extracting header 'ipv6'
[00:36:47.630] [bmv2] [D] [thread 91747] [157.0] [cxt 0] Parser state 'parse_ipv6': key is 11
[00:36:47.630] [bmv2] [T] [thread 91747] [157.0] [cxt 0] Bytes parsed: 54
[00:36:47.630] [bmv2] [D] [thread 91747] [157.0] [cxt 0] Parser 'parser': end
[00:36:47.630] [bmv2] [D] [thread 91747] [157.0] [cxt 0] Pipeline 'ingress': start
[00:36:47.630] [bmv2] [T] [thread 91747] [157.0] [cxt 0] basic.p4(560) Condition "hdr.ethernet.etherType == TYPE_ARP" (node_2) is false
[00:36:47.630] [bmv2] [T] [thread 91747] [157.0] [cxt 0] basic.p4(563) Condition "hdr.ethernet.etherType == TYPE_SRCROUTING" (node_4) is false
[00:36:47.630] [bmv2] [T] [thread 91747] [157.0] [cxt 0] basic.p4(576) Condition "hdr.ethernet.etherType == TYPE_YEQUDESU" (node_12) is false
[00:36:47.630] [bmv2] [T] [thread 91747] [157.0] [cxt 0] basic.p4(582) Condition "hdr.vxlan.isValid()" (node_15) is false
[00:36:47.630] [bmv2] [T] [thread 91747] [157.0] [cxt 0] basic.p4(586) Condition "hdr.ipv6.isValid()" (node_17) is true
[00:36:47.630] [bmv2] [T] [thread 91747] [157.0] [cxt 0] Applying table 'MyIngress.ipv6_lpm'
[00:36:47.630] [bmv2] [D] [thread 91747] [157.0] [cxt 0] Looking up key:
* hdr.ipv6.dstAddr    : ff0200000000000000000000000000fb

[00:36:47.630] [bmv2] [D] [thread 91747] [157.0] [cxt 0] Table 'MyIngress.ipv6_lpm': miss
[00:36:47.630] [bmv2] [D] [thread 91747] [157.0] [cxt 0] Action entry is NoAction - 
[00:36:47.630] [bmv2] [T] [thread 91747] [157.0] [cxt 0] Action NoAction
[00:36:47.630] [bmv2] [D] [thread 91747] [157.0] [cxt 0] Pipeline 'ingress': end
[00:36:47.630] [bmv2] [D] [thread 91747] [157.0] [cxt 0] Egress port is 0
[00:36:47.630] [bmv2] [D] [thread 91748] [157.0] [cxt 0] Pipeline 'egress': start
[00:36:47.630] [bmv2] [T] [thread 91748] [157.0] [cxt 0] basic.p4(684) Condition "standard_metadata.mcast_grp != 0" (node_28) is false
[00:36:47.630] [bmv2] [D] [thread 91748] [157.0] [cxt 0] Pipeline 'egress': end
[00:36:47.630] [bmv2] [D] [thread 91748] [157.0] [cxt 0] Deparser 'deparser': start
[00:36:47.630] [bmv2] [T] [thread 91748] [157.0] [cxt 0] Skipping checksum 'cksum' update because condition not met
[00:36:47.630] [bmv2] [D] [thread 91748] [157.0] [cxt 0] Deparsing header 'ethernet'
[00:36:47.630] [bmv2] [D] [thread 91748] [157.0] [cxt 0] Deparsing header 'ipv6'
[00:36:47.630] [bmv2] [D] [thread 91748] [157.0] [cxt 0] Deparser 'deparser': end
[00:36:47.630] [bmv2] [D] [thread 91752] [157.0] [cxt 0] Transmitting packet of size 203 out of port 0
[00:36:47.886] [bmv2] [D] [thread 91747] [158.0] [cxt 0] Processing packet received on port 1
[00:36:47.886] [bmv2] [D] [thread 91747] [158.0] [cxt 0] Parser 'parser': start
[00:36:47.886] [bmv2] [D] [thread 91747] [158.0] [cxt 0] Parser 'parser' entering state 'start'
[00:36:47.886] [bmv2] [D] [thread 91747] [158.0] [cxt 0] Extracting header 'ethernet'
[00:36:47.886] [bmv2] [D] [thread 91747] [158.0] [cxt 0] Parser state 'start': key is 86dd
[00:36:47.886] [bmv2] [T] [thread 91747] [158.0] [cxt 0] Bytes parsed: 14
[00:36:47.886] [bmv2] [D] [thread 91747] [158.0] [cxt 0] Parser 'parser' entering state 'parse_ipv6'
[00:36:47.886] [bmv2] [D] [thread 91747] [158.0] [cxt 0] Extracting header 'ipv6'
[00:36:47.886] [bmv2] [D] [thread 91747] [158.0] [cxt 0] Parser state 'parse_ipv6': key is 00
[00:36:47.886] [bmv2] [T] [thread 91747] [158.0] [cxt 0] Bytes parsed: 54
[00:36:47.886] [bmv2] [D] [thread 91747] [158.0] [cxt 0] Parser 'parser': end
[00:36:47.886] [bmv2] [D] [thread 91747] [158.0] [cxt 0] Pipeline 'ingress': start
[00:36:47.886] [bmv2] [T] [thread 91747] [158.0] [cxt 0] basic.p4(560) Condition "hdr.ethernet.etherType == TYPE_ARP" (node_2) is false
[00:36:47.886] [bmv2] [T] [thread 91747] [158.0] [cxt 0] basic.p4(563) Condition "hdr.ethernet.etherType == TYPE_SRCROUTING" (node_4) is false
[00:36:47.886] [bmv2] [T] [thread 91747] [158.0] [cxt 0] basic.p4(576) Condition "hdr.ethernet.etherType == TYPE_YEQUDESU" (node_12) is false
[00:36:47.886] [bmv2] [T] [thread 91747] [158.0] [cxt 0] basic.p4(582) Condition "hdr.vxlan.isValid()" (node_15) is false
[00:36:47.886] [bmv2] [T] [thread 91747] [158.0] [cxt 0] basic.p4(586) Condition "hdr.ipv6.isValid()" (node_17) is true
[00:36:47.886] [bmv2] [T] [thread 91747] [158.0] [cxt 0] Applying table 'MyIngress.ipv6_lpm'
[00:36:47.886] [bmv2] [D] [thread 91747] [158.0] [cxt 0] Looking up key:
* hdr.ipv6.dstAddr    : ff020000000000000000000000000016

[00:36:47.886] [bmv2] [D] [thread 91747] [158.0] [cxt 0] Table 'MyIngress.ipv6_lpm': miss
[00:36:47.886] [bmv2] [D] [thread 91747] [158.0] [cxt 0] Action entry is NoAction - 
[00:36:47.886] [bmv2] [T] [thread 91747] [158.0] [cxt 0] Action NoAction
[00:36:47.886] [bmv2] [D] [thread 91747] [158.0] [cxt 0] Pipeline 'ingress': end
[00:36:47.886] [bmv2] [D] [thread 91747] [158.0] [cxt 0] Egress port is 0
[00:36:47.886] [bmv2] [D] [thread 91748] [158.0] [cxt 0] Pipeline 'egress': start
[00:36:47.886] [bmv2] [T] [thread 91748] [158.0] [cxt 0] basic.p4(684) Condition "standard_metadata.mcast_grp != 0" (node_28) is false
[00:36:47.886] [bmv2] [D] [thread 91748] [158.0] [cxt 0] Pipeline 'egress': end
[00:36:47.886] [bmv2] [D] [thread 91748] [158.0] [cxt 0] Deparser 'deparser': start
[00:36:47.886] [bmv2] [T] [thread 91748] [158.0] [cxt 0] Skipping checksum 'cksum' update because condition not met
[00:36:47.886] [bmv2] [D] [thread 91748] [158.0] [cxt 0] Deparsing header 'ethernet'
[00:36:47.887] [bmv2] [D] [thread 91748] [158.0] [cxt 0] Deparsing header 'ipv6'
[00:36:47.887] [bmv2] [D] [thread 91748] [158.0] [cxt 0] Deparser 'deparser': end
[00:36:47.887] [bmv2] [D] [thread 91752] [158.0] [cxt 0] Transmitting packet of size 90 out of port 0
[00:36:48.953] [bmv2] [W] [thread 92302] [P4Runtime] p4::tmp::P4DeviceConfig is deprecated
[00:36:48.958] [bmv2] [D] [thread 92302] Set default default entry for table 'MyIngress.arp_match': MyIngress.drop - 
[00:36:48.958] [bmv2] [D] [thread 92302] Set default default entry for table 'tbl_srcRoute_finish': MyIngress.srcRoute_finish - 
[00:36:48.958] [bmv2] [D] [thread 92302] Set default default entry for table 'MyIngress.ipv4_lpm_src': NoAction - 
[00:36:48.958] [bmv2] [D] [thread 92302] Set default default entry for table 'tbl_srcRoute_nhop': MyIngress.srcRoute_nhop - 
[00:36:48.958] [bmv2] [D] [thread 92302] Set default default entry for table 'tbl_update_ttl': MyIngress.update_ttl - 
[00:36:48.958] [bmv2] [D] [thread 92302] Set default default entry for table 'MyIngress.yequdesu_exact': MyIngress.drop - 
[00:36:48.958] [bmv2] [D] [thread 92302] Set default default entry for table 'MyIngress.vxlan_decap_exact': MyIngress.drop - 
[00:36:48.959] [bmv2] [D] [thread 92302] Set default default entry for table 'MyIngress.ipv6_lpm': NoAction - 
[00:36:48.959] [bmv2] [D] [thread 92302] Set default default entry for table 'MyIngress.vxlan_lpm': NoAction - 
[00:36:48.959] [bmv2] [D] [thread 92302] Set default default entry for table 'MyIngress.modality_schedule': NoAction - 
[00:36:48.959] [bmv2] [D] [thread 92302] Set default default entry for table 'MyIngress.adjudication': NoAction - 
[00:36:48.959] [bmv2] [D] [thread 92302] Set default default entry for table 'MyIngress.ipv4_lpm': NoAction - 
[00:36:48.959] [bmv2] [D] [thread 92302] Set default default entry for table 'MyEgress.egress_encap_ipv6': NoAction - 
[00:36:48.959] [bmv2] [D] [thread 92302] Set default default entry for table 'MyEgress.egress_encap_yequdesu': NoAction - 
[00:36:48.959] [bmv2] [D] [thread 92302] Set default default entry for table 'MyEgress.egress_encap_vxlan': NoAction - 
[00:36:48.961] [bmv2] [D] [thread 92302] simple_switch target has been notified of a config swap
[00:36:49.095] [bmv2] [D] [thread 92302] Entry 0 added to table 'MyIngress.ipv4_lpm'
[00:36:49.095] [bmv2] [D] [thread 92302] Dumping entry 0
Match key:
* hdr.ipv4.dstAddr    : LPM       0a000202/32
Action entry: MyIngress.ipv4_forward - ffffffffffff,2,

[00:36:49.099] [bmv2] [D] [thread 92303] Entry 1 added to table 'MyIngress.ipv4_lpm'
[00:36:49.099] [bmv2] [D] [thread 92303] Dumping entry 1
Match key:
* hdr.ipv4.dstAddr    : LPM       0a00020a/32
Action entry: MyIngress.ipv6_encap_ipv4 - ffffffffffff,3,

[00:36:49.100] [bmv2] [D] [thread 92302] Entry 2 added to table 'MyIngress.ipv4_lpm'
[00:36:49.100] [bmv2] [D] [thread 92302] Dumping entry 2
Match key:
* hdr.ipv4.dstAddr    : LPM       0a000204/32
Action entry: MyIngress.ipv4_forward - ffffffffffff,2,

[00:36:49.103] [bmv2] [D] [thread 92303] Entry 3 added to table 'MyIngress.ipv4_lpm'
[00:36:49.103] [bmv2] [D] [thread 92303] Dumping entry 3
Match key:
* hdr.ipv4.dstAddr    : LPM       0a000101/32
Action entry: MyIngress.ipv4_forward - 80000000111,1,

[00:36:49.106] [bmv2] [D] [thread 92302] Entry 4 added to table 'MyIngress.ipv4_lpm'
[00:36:49.106] [bmv2] [D] [thread 92302] Dumping entry 4
Match key:
* hdr.ipv4.dstAddr    : LPM       0a000103/32
Action entry: MyIngress.ipv4_forward - 80000000111,1,

[00:36:49.106] [bmv2] [D] [thread 92303] Entry 0 added to table 'MyIngress.ipv6_lpm'
[00:36:49.106] [bmv2] [D] [thread 92303] Dumping entry 0
Match key:
* hdr.ipv6.dstAddr    : LPM       20010db8000100000000000000000002/128
Action entry: MyIngress.ipv6_forward - ffffffffffff,3,

[00:36:49.114] [bmv2] [D] [thread 92302] Entry 1 added to table 'MyIngress.ipv6_lpm'
[00:36:49.114] [bmv2] [D] [thread 92302] Dumping entry 1
Match key:
* hdr.ipv6.dstAddr    : LPM       20010db8000100000000000000000001/128
Action entry: MyIngress.ipv6_forward - 80000000111,1,

[00:36:49.115] [bmv2] [D] [thread 92303] Entry 2 added to table 'MyIngress.ipv6_lpm'
[00:36:49.115] [bmv2] [D] [thread 92303] Dumping entry 2
Match key:
* hdr.ipv6.dstAddr    : LPM       20010db8000000000000000000000002/128
Action entry: MyIngress.ipv6_forward - ffffffffffff,3,

[00:36:49.119] [bmv2] [D] [thread 92302] Entry 3 added to table 'MyIngress.ipv6_lpm'
[00:36:49.119] [bmv2] [D] [thread 92302] Dumping entry 3
Match key:
* hdr.ipv6.dstAddr    : LPM       20010db8000000000000000000000001/128
Action entry: MyIngress.ipv6_decap_ipv4 - 80000000111,1,

[00:36:49.120] [bmv2] [D] [thread 92303] Removed entry 2 from table 'MyIngress.ipv4_lpm'
[00:36:49.120] [bmv2] [D] [thread 92302] Entry 16777218 added to table 'MyIngress.ipv4_lpm'
[00:36:49.120] [bmv2] [D] [thread 92302] Dumping entry 16777218
Match key:
* hdr.ipv4.dstAddr    : LPM       0a000204/32
Action entry: MyIngress.yequdesu_ingress - 12c,

[00:36:49.123] [bmv2] [D] [thread 92303] Entry 0 added to table 'MyIngress.yequdesu_exact'
[00:36:49.123] [bmv2] [D] [thread 92303] Dumping entry 0
Match key:
* hdr.yequdesu.dst_id : EXACT     012c
Action entry: MyIngress.yequdesu_forward - 4,

[00:36:49.130] [bmv2] [D] [thread 92302] Entry 1 added to table 'MyIngress.yequdesu_exact'
[00:36:49.130] [bmv2] [D] [thread 92302] Dumping entry 1
Match key:
* hdr.yequdesu.dst_id : EXACT     012d
Action entry: MyIngress.yequdesu_egress - 80000000111,1,

[00:36:49.130] [bmv2] [D] [thread 92303] Entry 0 added to table 'MyIngress.vxlan_lpm'
[00:36:49.130] [bmv2] [D] [thread 92303] Dumping entry 0
Match key:
* hdr.inner_ipv4.dstAddr: LPM       0a000202/32
Action entry: MyIngress.vxlan_encap - 64,ffffffffffff,5,

[00:36:49.133] [bmv2] [D] [thread 92302] Entry 0 added to table 'MyIngress.vxlan_decap_exact'
[00:36:49.133] [bmv2] [D] [thread 92302] Dumping entry 0
Match key:
* hdr.vxlan.vni       : EXACT     000065
Action entry: MyIngress.vxlan_decap - 

[00:36:49.133] [bmv2] [D] [thread 92303] Entry 0 added to table 'MyIngress.arp_match'
[00:36:49.133] [bmv2] [D] [thread 92303] Dumping entry 0
Match key:
* hdr.arp.oper        : EXACT     0001
* hdr.arp.tpa         : LPM       0a00010a/32
Action entry: MyIngress.send_arp_reply - 80000000100,

[00:36:49.134] [bmv2] [D] [thread 92302] mgrp node created for mgid 1
[00:36:49.134] [bmv2] [D] [thread 92302] node created for rid 3
[00:36:49.134] [bmv2] [D] [thread 92302] node associated with mgid 1
[00:36:49.135] [bmv2] [D] [thread 92303] Entry 0 added to table 'MyIngress.modality_schedule'
[00:36:49.135] [bmv2] [D] [thread 92303] Dumping entry 0
Match key:
* hdr.ipv4.dstAddr    : EXACT     0a000202
Action entry: MyIngress.set_mcast_grp - 1,

[00:36:49.136] [bmv2] [D] [thread 92302] Entry 0 added to table 'MyEgress.egress_encap_ipv6'
[00:36:49.137] [bmv2] [D] [thread 92302] Dumping entry 0
Match key:
* standard_metadata.egress_port: EXACT     0003
Action entry: MyEgress.encap_ipv6_egress - 20010db8000000000000000000000001,20010db8000000000000000000000002,

[00:36:49.138] [bmv2] [D] [thread 92303] Entry 0 added to table 'MyEgress.egress_encap_yequdesu'
[00:36:49.138] [bmv2] [D] [thread 92303] Dumping entry 0
Match key:
* standard_metadata.egress_port: EXACT     0004
Action entry: MyEgress.encap_yequdesu_egress - 12c,

[00:36:49.138] [bmv2] [D] [thread 92302] Entry 0 added to table 'MyEgress.egress_encap_vxlan'
[00:36:49.138] [bmv2] [D] [thread 92302] Dumping entry 0
Match key:
* standard_metadata.egress_port: EXACT     0005
Action entry: MyEgress.encap_vxlan_egress - 64,a00010a,a00020a,

[00:36:49.141] [bmv2] [D] [thread 92303] Entry 0 added to table 'MyIngress.adjudication'
[00:36:49.141] [bmv2] [D] [thread 92303] Dumping entry 0
Match key:
* hdr.ipv4.dstAddr    : EXACT     0a000101
Action entry: MyIngress.clone_to_cpu - 64,

[00:36:51.341] [bmv2] [D] [thread 91747] [159.0] [cxt 0] Processing packet received on port 1
[00:36:51.341] [bmv2] [D] [thread 91747] [159.0] [cxt 0] Parser 'parser': start
[00:36:51.341] [bmv2] [D] [thread 91747] [159.0] [cxt 0] Parser 'parser' entering state 'start'
[00:36:51.341] [bmv2] [D] [thread 91747] [159.0] [cxt 0] Extracting header 'ethernet'
[00:36:51.341] [bmv2] [D] [thread 91747] [159.0] [cxt 0] Parser state 'start': key is 86dd
[00:36:51.341] [bmv2] [T] [thread 91747] [159.0] [cxt 0] Bytes parsed: 14
[00:36:51.341] [bmv2] [D] [thread 91747] [159.0] [cxt 0] Parser 'parser' entering state 'parse_ipv6'
[00:36:51.341] [bmv2] [D] [thread 91747] [159.0] [cxt 0] Extracting header 'ipv6'
[00:36:51.341] [bmv2] [D] [thread 91747] [159.0] [cxt 0] Parser state 'parse_ipv6': key is 3a
[00:36:51.341] [bmv2] [T] [thread 91747] [159.0] [cxt 0] Bytes parsed: 54
[00:36:51.341] [bmv2] [D] [thread 91747] [159.0] [cxt 0] Parser 'parser': end
[00:36:51.341] [bmv2] [D] [thread 91747] [159.0] [cxt 0] Pipeline 'ingress': start
[00:36:51.341] [bmv2] [T] [thread 91747] [159.0] [cxt 0] basic.p4(560) Condition "hdr.ethernet.etherType == TYPE_ARP" (node_2) is false
[00:36:51.341] [bmv2] [T] [thread 91747] [159.0] [cxt 0] basic.p4(563) Condition "hdr.ethernet.etherType == TYPE_SRCROUTING" (node_4) is false
[00:36:51.341] [bmv2] [T] [thread 91747] [159.0] [cxt 0] basic.p4(576) Condition "hdr.ethernet.etherType == TYPE_YEQUDESU" (node_12) is false
[00:36:51.341] [bmv2] [T] [thread 91747] [159.0] [cxt 0] basic.p4(582) Condition "hdr.vxlan.isValid()" (node_15) is false
[00:36:51.341] [bmv2] [T] [thread 91747] [159.0] [cxt 0] basic.p4(586) Condition "hdr.ipv6.isValid()" (node_17) is true
[00:36:51.341] [bmv2] [T] [thread 91747] [159.0] [cxt 0] Applying table 'MyIngress.ipv6_lpm'
[00:36:51.341] [bmv2] [D] [thread 91747] [159.0] [cxt 0] Looking up key:
* hdr.ipv6.dstAddr    : ff020000000000000000000000000002

[00:36:51.341] [bmv2] [D] [thread 91747] [159.0] [cxt 0] Table 'MyIngress.ipv6_lpm': miss
[00:36:51.341] [bmv2] [D] [thread 91747] [159.0] [cxt 0] Action entry is NoAction - 
[00:36:51.341] [bmv2] [T] [thread 91747] [159.0] [cxt 0] Action NoAction
[00:36:51.342] [bmv2] [D] [thread 91747] [159.0] [cxt 0] Pipeline 'ingress': end
[00:36:51.342] [bmv2] [D] [thread 91747] [159.0] [cxt 0] Egress port is 0
[00:36:51.342] [bmv2] [D] [thread 91747] [160.0] [cxt 0] Processing packet received on port 2
[00:36:51.342] [bmv2] [D] [thread 91747] [160.0] [cxt 0] Parser 'parser': start
[00:36:51.342] [bmv2] [D] [thread 91747] [160.0] [cxt 0] Parser 'parser' entering state 'start'
[00:36:51.342] [bmv2] [D] [thread 91747] [160.0] [cxt 0] Extracting header 'ethernet'
[00:36:51.342] [bmv2] [D] [thread 91747] [160.0] [cxt 0] Parser state 'start': key is 86dd
[00:36:51.342] [bmv2] [T] [thread 91747] [160.0] [cxt 0] Bytes parsed: 14
[00:36:51.342] [bmv2] [D] [thread 91747] [160.0] [cxt 0] Parser 'parser' entering state 'parse_ipv6'
[00:36:51.342] [bmv2] [D] [thread 91747] [160.0] [cxt 0] Extracting header 'ipv6'
[00:36:51.342] [bmv2] [D] [thread 91747] [160.0] [cxt 0] Parser state 'parse_ipv6': key is 3a
[00:36:51.342] [bmv2] [T] [thread 91747] [160.0] [cxt 0] Bytes parsed: 54
[00:36:51.342] [bmv2] [D] [thread 91747] [160.0] [cxt 0] Parser 'parser': end
[00:36:51.342] [bmv2] [D] [thread 91747] [160.0] [cxt 0] Pipeline 'ingress': start
[00:36:51.342] [bmv2] [T] [thread 91747] [160.0] [cxt 0] basic.p4(560) Condition "hdr.ethernet.etherType == TYPE_ARP" (node_2) is false
[00:36:51.342] [bmv2] [T] [thread 91747] [160.0] [cxt 0] basic.p4(563) Condition "hdr.ethernet.etherType == TYPE_SRCROUTING" (node_4) is false
[00:36:51.342] [bmv2] [T] [thread 91747] [160.0] [cxt 0] basic.p4(576) Condition "hdr.ethernet.etherType == TYPE_YEQUDESU" (node_12) is false
[00:36:51.342] [bmv2] [T] [thread 91747] [160.0] [cxt 0] basic.p4(582) Condition "hdr.vxlan.isValid()" (node_15) is false
[00:36:51.342] [bmv2] [T] [thread 91747] [160.0] [cxt 0] basic.p4(586) Condition "hdr.ipv6.isValid()" (node_17) is true
[00:36:51.342] [bmv2] [T] [thread 91747] [160.0] [cxt 0] Applying table 'MyIngress.ipv6_lpm'
[00:36:51.342] [bmv2] [D] [thread 91747] [160.0] [cxt 0] Looking up key:
* hdr.ipv6.dstAddr    : ff020000000000000000000000000002

[00:36:51.342] [bmv2] [D] [thread 91747] [160.0] [cxt 0] Table 'MyIngress.ipv6_lpm': miss
[00:36:51.342] [bmv2] [D] [thread 91747] [160.0] [cxt 0] Action entry is NoAction - 
[00:36:51.342] [bmv2] [T] [thread 91747] [160.0] [cxt 0] Action NoAction
[00:36:51.342] [bmv2] [D] [thread 91747] [160.0] [cxt 0] Pipeline 'ingress': end
[00:36:51.342] [bmv2] [D] [thread 91747] [160.0] [cxt 0] Egress port is 0
[00:36:51.342] [bmv2] [D] [thread 91747] [161.0] [cxt 0] Processing packet received on port 4
[00:36:51.342] [bmv2] [D] [thread 91747] [161.0] [cxt 0] Parser 'parser': start
[00:36:51.342] [bmv2] [D] [thread 91747] [161.0] [cxt 0] Parser 'parser' entering state 'start'
[00:36:51.342] [bmv2] [D] [thread 91747] [161.0] [cxt 0] Extracting header 'ethernet'
[00:36:51.342] [bmv2] [D] [thread 91747] [161.0] [cxt 0] Parser state 'start': key is 86dd
[00:36:51.342] [bmv2] [T] [thread 91747] [161.0] [cxt 0] Bytes parsed: 14
[00:36:51.342] [bmv2] [D] [thread 91747] [161.0] [cxt 0] Parser 'parser' entering state 'parse_ipv6'
[00:36:51.342] [bmv2] [D] [thread 91747] [161.0] [cxt 0] Extracting header 'ipv6'
[00:36:51.342] [bmv2] [D] [thread 91747] [161.0] [cxt 0] Parser state 'parse_ipv6': key is 3a
[00:36:51.342] [bmv2] [T] [thread 91747] [161.0] [cxt 0] Bytes parsed: 54
[00:36:51.342] [bmv2] [D] [thread 91748] [159.0] [cxt 0] Pipeline 'egress': start
[00:36:51.342] [bmv2] [D] [thread 91747] [161.0] [cxt 0] Parser 'parser': end
[00:36:51.342] [bmv2] [T] [thread 91748] [159.0] [cxt 0] basic.p4(684) Condition "standard_metadata.mcast_grp != 0" (node_28) is false
[00:36:51.342] [bmv2] [D] [thread 91748] [159.0] [cxt 0] Pipeline 'egress': end
[00:36:51.342] [bmv2] [D] [thread 91748] [159.0] [cxt 0] Deparser 'deparser': start
[00:36:51.342] [bmv2] [T] [thread 91748] [159.0] [cxt 0] Skipping checksum 'cksum' update because condition not met
[00:36:51.342] [bmv2] [D] [thread 91748] [159.0] [cxt 0] Deparsing header 'ethernet'
[00:36:51.342] [bmv2] [D] [thread 91748] [159.0] [cxt 0] Deparsing header 'ipv6'
[00:36:51.342] [bmv2] [D] [thread 91748] [159.0] [cxt 0] Deparser 'deparser': end
[00:36:51.342] [bmv2] [D] [thread 91747] [161.0] [cxt 0] Pipeline 'ingress': start
[00:36:51.342] [bmv2] [T] [thread 91747] [161.0] [cxt 0] basic.p4(560) Condition "hdr.ethernet.etherType == TYPE_ARP" (node_2) is false
[00:36:51.342] [bmv2] [T] [thread 91747] [161.0] [cxt 0] basic.p4(563) Condition "hdr.ethernet.etherType == TYPE_SRCROUTING" (node_4) is false
[00:36:51.342] [bmv2] [D] [thread 91748] [160.0] [cxt 0] Pipeline 'egress': start
[00:36:51.342] [bmv2] [T] [thread 91748] [160.0] [cxt 0] basic.p4(684) Condition "standard_metadata.mcast_grp != 0" (node_28) is false
[00:36:51.342] [bmv2] [D] [thread 91748] [160.0] [cxt 0] Pipeline 'egress': end
[00:36:51.342] [bmv2] [D] [thread 91748] [160.0] [cxt 0] Deparser 'deparser': start
[00:36:51.342] [bmv2] [T] [thread 91748] [160.0] [cxt 0] Skipping checksum 'cksum' update because condition not met
[00:36:51.342] [bmv2] [D] [thread 91748] [160.0] [cxt 0] Deparsing header 'ethernet'
[00:36:51.342] [bmv2] [D] [thread 91748] [160.0] [cxt 0] Deparsing header 'ipv6'
[00:36:51.342] [bmv2] [D] [thread 91748] [160.0] [cxt 0] Deparser 'deparser': end
[00:36:51.342] [bmv2] [D] [thread 91752] [159.0] [cxt 0] Transmitting packet of size 70 out of port 0
[00:36:51.342] [bmv2] [D] [thread 91752] [160.0] [cxt 0] Transmitting packet of size 70 out of port 0
[00:36:51.342] [bmv2] [T] [thread 91747] [161.0] [cxt 0] basic.p4(576) Condition "hdr.ethernet.etherType == TYPE_YEQUDESU" (node_12) is false
[00:36:51.342] [bmv2] [T] [thread 91747] [161.0] [cxt 0] basic.p4(582) Condition "hdr.vxlan.isValid()" (node_15) is false
[00:36:51.342] [bmv2] [T] [thread 91747] [161.0] [cxt 0] basic.p4(586) Condition "hdr.ipv6.isValid()" (node_17) is true
[00:36:51.342] [bmv2] [T] [thread 91747] [161.0] [cxt 0] Applying table 'MyIngress.ipv6_lpm'
[00:36:51.342] [bmv2] [D] [thread 91747] [161.0] [cxt 0] Looking up key:
* hdr.ipv6.dstAddr    : ff020000000000000000000000000002

[00:36:51.342] [bmv2] [D] [thread 91747] [161.0] [cxt 0] Table 'MyIngress.ipv6_lpm': miss
[00:36:51.342] [bmv2] [D] [thread 91747] [161.0] [cxt 0] Action entry is NoAction - 
[00:36:51.342] [bmv2] [T] [thread 91747] [161.0] [cxt 0] Action NoAction
[00:36:51.342] [bmv2] [D] [thread 91747] [161.0] [cxt 0] Pipeline 'ingress': end
[00:36:51.342] [bmv2] [D] [thread 91747] [161.0] [cxt 0] Egress port is 0
[00:36:51.342] [bmv2] [D] [thread 91748] [161.0] [cxt 0] Pipeline 'egress': start
[00:36:51.342] [bmv2] [T] [thread 91748] [161.0] [cxt 0] basic.p4(684) Condition "standard_metadata.mcast_grp != 0" (node_28) is false
[00:36:51.342] [bmv2] [D] [thread 91748] [161.0] [cxt 0] Pipeline 'egress': end
[00:36:51.342] [bmv2] [D] [thread 91748] [161.0] [cxt 0] Deparser 'deparser': start
[00:36:51.342] [bmv2] [T] [thread 91748] [161.0] [cxt 0] Skipping checksum 'cksum' update because condition not met
[00:36:51.342] [bmv2] [D] [thread 91748] [161.0] [cxt 0] Deparsing header 'ethernet'
[00:36:51.342] [bmv2] [D] [thread 91748] [161.0] [cxt 0] Deparsing header 'ipv6'
[00:36:51.342] [bmv2] [D] [thread 91748] [161.0] [cxt 0] Deparser 'deparser': end
[00:36:51.342] [bmv2] [D] [thread 91752] [161.0] [cxt 0] Transmitting packet of size 70 out of port 0
[00:36:52.366] [bmv2] [D] [thread 91747] [162.0] [cxt 0] Processing packet received on port 5
[00:36:52.366] [bmv2] [D] [thread 91747] [162.0] [cxt 0] Parser 'parser': start
[00:36:52.366] [bmv2] [D] [thread 91747] [162.0] [cxt 0] Parser 'parser' entering state 'start'
[00:36:52.366] [bmv2] [D] [thread 91747] [162.0] [cxt 0] Extracting header 'ethernet'
[00:36:52.366] [bmv2] [D] [thread 91747] [162.0] [cxt 0] Parser state 'start': key is 86dd
[00:36:52.366] [bmv2] [T] [thread 91747] [162.0] [cxt 0] Bytes parsed: 14
[00:36:52.366] [bmv2] [D] [thread 91747] [162.0] [cxt 0] Parser 'parser' entering state 'parse_ipv6'
[00:36:52.366] [bmv2] [D] [thread 91747] [162.0] [cxt 0] Extracting header 'ipv6'
[00:36:52.366] [bmv2] [D] [thread 91747] [162.0] [cxt 0] Parser state 'parse_ipv6': key is 3a
[00:36:52.366] [bmv2] [T] [thread 91747] [162.0] [cxt 0] Bytes parsed: 54
[00:36:52.366] [bmv2] [D] [thread 91747] [162.0] [cxt 0] Parser 'parser': end
[00:36:52.366] [bmv2] [D] [thread 91747] [162.0] [cxt 0] Pipeline 'ingress': start
[00:36:52.366] [bmv2] [T] [thread 91747] [162.0] [cxt 0] basic.p4(560) Condition "hdr.ethernet.etherType == TYPE_ARP" (node_2) is false
[00:36:52.366] [bmv2] [T] [thread 91747] [162.0] [cxt 0] basic.p4(563) Condition "hdr.ethernet.etherType == TYPE_SRCROUTING" (node_4) is false
[00:36:52.366] [bmv2] [T] [thread 91747] [162.0] [cxt 0] basic.p4(576) Condition "hdr.ethernet.etherType == TYPE_YEQUDESU" (node_12) is false
[00:36:52.366] [bmv2] [T] [thread 91747] [162.0] [cxt 0] basic.p4(582) Condition "hdr.vxlan.isValid()" (node_15) is false
[00:36:52.367] [bmv2] [T] [thread 91747] [162.0] [cxt 0] basic.p4(586) Condition "hdr.ipv6.isValid()" (node_17) is true
[00:36:52.367] [bmv2] [T] [thread 91747] [162.0] [cxt 0] Applying table 'MyIngress.ipv6_lpm'
[00:36:52.367] [bmv2] [D] [thread 91747] [162.0] [cxt 0] Looking up key:
* hdr.ipv6.dstAddr    : ff020000000000000000000000000002

[00:36:52.367] [bmv2] [D] [thread 91747] [162.0] [cxt 0] Table 'MyIngress.ipv6_lpm': miss
[00:36:52.367] [bmv2] [D] [thread 91747] [162.0] [cxt 0] Action entry is NoAction - 
[00:36:52.367] [bmv2] [T] [thread 91747] [162.0] [cxt 0] Action NoAction
[00:36:52.367] [bmv2] [D] [thread 91747] [162.0] [cxt 0] Pipeline 'ingress': end
[00:36:52.367] [bmv2] [D] [thread 91747] [162.0] [cxt 0] Egress port is 0
[00:36:52.367] [bmv2] [D] [thread 91748] [162.0] [cxt 0] Pipeline 'egress': start
[00:36:52.367] [bmv2] [T] [thread 91748] [162.0] [cxt 0] basic.p4(684) Condition "standard_metadata.mcast_grp != 0" (node_28) is false
[00:36:52.367] [bmv2] [D] [thread 91748] [162.0] [cxt 0] Pipeline 'egress': end
[00:36:52.367] [bmv2] [D] [thread 91748] [162.0] [cxt 0] Deparser 'deparser': start
[00:36:52.367] [bmv2] [T] [thread 91748] [162.0] [cxt 0] Skipping checksum 'cksum' update because condition not met
[00:36:52.367] [bmv2] [D] [thread 91748] [162.0] [cxt 0] Deparsing header 'ethernet'
[00:36:52.367] [bmv2] [D] [thread 91748] [162.0] [cxt 0] Deparsing header 'ipv6'
[00:36:52.367] [bmv2] [D] [thread 91748] [162.0] [cxt 0] Deparser 'deparser': end
[00:36:52.367] [bmv2] [D] [thread 91752] [162.0] [cxt 0] Transmitting packet of size 70 out of port 0
[00:36:52.878] [bmv2] [D] [thread 91747] [163.0] [cxt 0] Processing packet received on port 3
[00:36:52.878] [bmv2] [D] [thread 91747] [163.0] [cxt 0] Parser 'parser': start
[00:36:52.878] [bmv2] [D] [thread 91747] [163.0] [cxt 0] Parser 'parser' entering state 'start'
[00:36:52.878] [bmv2] [D] [thread 91747] [163.0] [cxt 0] Extracting header 'ethernet'
[00:36:52.878] [bmv2] [D] [thread 91747] [163.0] [cxt 0] Parser state 'start': key is 86dd
[00:36:52.878] [bmv2] [T] [thread 91747] [163.0] [cxt 0] Bytes parsed: 14
[00:36:52.878] [bmv2] [D] [thread 91747] [163.0] [cxt 0] Parser 'parser' entering state 'parse_ipv6'
[00:36:52.878] [bmv2] [D] [thread 91747] [163.0] [cxt 0] Extracting header 'ipv6'
[00:36:52.878] [bmv2] [D] [thread 91747] [163.0] [cxt 0] Parser state 'parse_ipv6': key is 3a
[00:36:52.878] [bmv2] [T] [thread 91747] [163.0] [cxt 0] Bytes parsed: 54
[00:36:52.878] [bmv2] [D] [thread 91747] [163.0] [cxt 0] Parser 'parser': end
[00:36:52.878] [bmv2] [D] [thread 91747] [163.0] [cxt 0] Pipeline 'ingress': start
[00:36:52.878] [bmv2] [T] [thread 91747] [163.0] [cxt 0] basic.p4(560) Condition "hdr.ethernet.etherType == TYPE_ARP" (node_2) is false
[00:36:52.878] [bmv2] [T] [thread 91747] [163.0] [cxt 0] basic.p4(563) Condition "hdr.ethernet.etherType == TYPE_SRCROUTING" (node_4) is false
[00:36:52.878] [bmv2] [T] [thread 91747] [163.0] [cxt 0] basic.p4(576) Condition "hdr.ethernet.etherType == TYPE_YEQUDESU" (node_12) is false
[00:36:52.878] [bmv2] [T] [thread 91747] [163.0] [cxt 0] basic.p4(582) Condition "hdr.vxlan.isValid()" (node_15) is false
[00:36:52.878] [bmv2] [T] [thread 91747] [163.0] [cxt 0] basic.p4(586) Condition "hdr.ipv6.isValid()" (node_17) is true
[00:36:52.878] [bmv2] [T] [thread 91747] [163.0] [cxt 0] Applying table 'MyIngress.ipv6_lpm'
[00:36:52.878] [bmv2] [D] [thread 91747] [163.0] [cxt 0] Looking up key:
* hdr.ipv6.dstAddr    : ff020000000000000000000000000002

[00:36:52.878] [bmv2] [D] [thread 91747] [163.0] [cxt 0] Table 'MyIngress.ipv6_lpm': miss
[00:36:52.878] [bmv2] [D] [thread 91747] [163.0] [cxt 0] Action entry is NoAction - 
[00:36:52.878] [bmv2] [T] [thread 91747] [163.0] [cxt 0] Action NoAction
[00:36:52.878] [bmv2] [D] [thread 91747] [163.0] [cxt 0] Pipeline 'ingress': end
[00:36:52.878] [bmv2] [D] [thread 91747] [163.0] [cxt 0] Egress port is 0
[00:36:52.878] [bmv2] [D] [thread 91747] [164.0] [cxt 0] Processing packet received on port 3
[00:36:52.878] [bmv2] [D] [thread 91747] [164.0] [cxt 0] Parser 'parser': start
[00:36:52.878] [bmv2] [D] [thread 91747] [164.0] [cxt 0] Parser 'parser' entering state 'start'
[00:36:52.878] [bmv2] [D] [thread 91747] [164.0] [cxt 0] Extracting header 'ethernet'
[00:36:52.878] [bmv2] [D] [thread 91748] [163.0] [cxt 0] Pipeline 'egress': start
[00:36:52.878] [bmv2] [D] [thread 91747] [164.0] [cxt 0] Parser state 'start': key is 86dd
[00:36:52.878] [bmv2] [T] [thread 91747] [164.0] [cxt 0] Bytes parsed: 14
[00:36:52.878] [bmv2] [D] [thread 91747] [164.0] [cxt 0] Parser 'parser' entering state 'parse_ipv6'
[00:36:52.878] [bmv2] [D] [thread 91747] [164.0] [cxt 0] Extracting header 'ipv6'
[00:36:52.878] [bmv2] [D] [thread 91747] [164.0] [cxt 0] Parser state 'parse_ipv6': key is 3a
[00:36:52.878] [bmv2] [T] [thread 91747] [164.0] [cxt 0] Bytes parsed: 54
[00:36:52.878] [bmv2] [D] [thread 91747] [164.0] [cxt 0] Parser 'parser': end
[00:36:52.878] [bmv2] [D] [thread 91747] [164.0] [cxt 0] Pipeline 'ingress': start
[00:36:52.878] [bmv2] [T] [thread 91747] [164.0] [cxt 0] basic.p4(560) Condition "hdr.ethernet.etherType == TYPE_ARP" (node_2) is false
[00:36:52.878] [bmv2] [T] [thread 91747] [164.0] [cxt 0] basic.p4(563) Condition "hdr.ethernet.etherType == TYPE_SRCROUTING" (node_4) is false
[00:36:52.878] [bmv2] [T] [thread 91747] [164.0] [cxt 0] basic.p4(576) Condition "hdr.ethernet.etherType == TYPE_YEQUDESU" (node_12) is false
[00:36:52.878] [bmv2] [T] [thread 91748] [163.0] [cxt 0] basic.p4(684) Condition "standard_metadata.mcast_grp != 0" (node_28) is false
[00:36:52.878] [bmv2] [T] [thread 91747] [164.0] [cxt 0] basic.p4(582) Condition "hdr.vxlan.isValid()" (node_15) is false
[00:36:52.878] [bmv2] [D] [thread 91748] [163.0] [cxt 0] Pipeline 'egress': end
[00:36:52.878] [bmv2] [T] [thread 91747] [164.0] [cxt 0] basic.p4(586) Condition "hdr.ipv6.isValid()" (node_17) is true
[00:36:52.878] [bmv2] [T] [thread 91747] [164.0] [cxt 0] Applying table 'MyIngress.ipv6_lpm'
[00:36:52.878] [bmv2] [D] [thread 91748] [163.0] [cxt 0] Deparser 'deparser': start
[00:36:52.878] [bmv2] [D] [thread 91747] [164.0] [cxt 0] Looking up key:
* hdr.ipv6.dstAddr    : ff020000000000000000000000000002

[00:36:52.878] [bmv2] [D] [thread 91747] [164.0] [cxt 0] Table 'MyIngress.ipv6_lpm': miss
[00:36:52.878] [bmv2] [D] [thread 91747] [164.0] [cxt 0] Action entry is NoAction - 
[00:36:52.878] [bmv2] [T] [thread 91748] [163.0] [cxt 0] Skipping checksum 'cksum' update because condition not met
[00:36:52.878] [bmv2] [T] [thread 91747] [164.0] [cxt 0] Action NoAction
[00:36:52.878] [bmv2] [D] [thread 91748] [163.0] [cxt 0] Deparsing header 'ethernet'
[00:36:52.878] [bmv2] [D] [thread 91748] [163.0] [cxt 0] Deparsing header 'ipv6'
[00:36:52.878] [bmv2] [D] [thread 91748] [163.0] [cxt 0] Deparser 'deparser': end
[00:36:52.878] [bmv2] [D] [thread 91747] [164.0] [cxt 0] Pipeline 'ingress': end
[00:36:52.879] [bmv2] [D] [thread 91747] [164.0] [cxt 0] Egress port is 0
[00:36:52.879] [bmv2] [D] [thread 91752] [163.0] [cxt 0] Transmitting packet of size 70 out of port 0
[00:36:52.879] [bmv2] [D] [thread 91748] [164.0] [cxt 0] Pipeline 'egress': start
[00:36:52.879] [bmv2] [T] [thread 91748] [164.0] [cxt 0] basic.p4(684) Condition "standard_metadata.mcast_grp != 0" (node_28) is false
[00:36:52.879] [bmv2] [D] [thread 91748] [164.0] [cxt 0] Pipeline 'egress': end
[00:36:52.879] [bmv2] [D] [thread 91748] [164.0] [cxt 0] Deparser 'deparser': start
[00:36:52.879] [bmv2] [T] [thread 91748] [164.0] [cxt 0] Skipping checksum 'cksum' update because condition not met
[00:36:52.879] [bmv2] [D] [thread 91748] [164.0] [cxt 0] Deparsing header 'ethernet'
[00:36:52.879] [bmv2] [D] [thread 91748] [164.0] [cxt 0] Deparsing header 'ipv6'
[00:36:52.879] [bmv2] [D] [thread 91748] [164.0] [cxt 0] Deparser 'deparser': end
[00:36:52.879] [bmv2] [D] [thread 91752] [164.0] [cxt 0] Transmitting packet of size 70 out of port 0
[00:36:53.389] [bmv2] [D] [thread 91747] [165.0] [cxt 0] Processing packet received on port 2
[00:36:53.389] [bmv2] [D] [thread 91747] [165.0] [cxt 0] Parser 'parser': start
[00:36:53.389] [bmv2] [D] [thread 91747] [165.0] [cxt 0] Parser 'parser' entering state 'start'
[00:36:53.389] [bmv2] [D] [thread 91747] [165.0] [cxt 0] Extracting header 'ethernet'
[00:36:53.389] [bmv2] [D] [thread 91747] [165.0] [cxt 0] Parser state 'start': key is 86dd
[00:36:53.389] [bmv2] [T] [thread 91747] [165.0] [cxt 0] Bytes parsed: 14
[00:36:53.389] [bmv2] [D] [thread 91747] [165.0] [cxt 0] Parser 'parser' entering state 'parse_ipv6'
[00:36:53.389] [bmv2] [D] [thread 91747] [165.0] [cxt 0] Extracting header 'ipv6'
[00:36:53.389] [bmv2] [D] [thread 91747] [165.0] [cxt 0] Parser state 'parse_ipv6': key is 3a
[00:36:53.389] [bmv2] [T] [thread 91747] [165.0] [cxt 0] Bytes parsed: 54
[00:36:53.389] [bmv2] [D] [thread 91747] [165.0] [cxt 0] Parser 'parser': end
[00:36:53.389] [bmv2] [D] [thread 91747] [165.0] [cxt 0] Pipeline 'ingress': start
[00:36:53.389] [bmv2] [T] [thread 91747] [165.0] [cxt 0] basic.p4(560) Condition "hdr.ethernet.etherType == TYPE_ARP" (node_2) is false
[00:36:53.389] [bmv2] [T] [thread 91747] [165.0] [cxt 0] basic.p4(563) Condition "hdr.ethernet.etherType == TYPE_SRCROUTING" (node_4) is false
[00:36:53.389] [bmv2] [T] [thread 91747] [165.0] [cxt 0] basic.p4(576) Condition "hdr.ethernet.etherType == TYPE_YEQUDESU" (node_12) is false
[00:36:53.389] [bmv2] [T] [thread 91747] [165.0] [cxt 0] basic.p4(582) Condition "hdr.vxlan.isValid()" (node_15) is false
[00:36:53.389] [bmv2] [T] [thread 91747] [165.0] [cxt 0] basic.p4(586) Condition "hdr.ipv6.isValid()" (node_17) is true
[00:36:53.389] [bmv2] [T] [thread 91747] [165.0] [cxt 0] Applying table 'MyIngress.ipv6_lpm'
[00:36:53.389] [bmv2] [D] [thread 91747] [165.0] [cxt 0] Looking up key:
* hdr.ipv6.dstAddr    : ff020000000000000000000000000002

[00:36:53.389] [bmv2] [D] [thread 91747] [165.0] [cxt 0] Table 'MyIngress.ipv6_lpm': miss
[00:36:53.389] [bmv2] [D] [thread 91747] [165.0] [cxt 0] Action entry is NoAction - 
[00:36:53.389] [bmv2] [T] [thread 91747] [165.0] [cxt 0] Action NoAction
[00:36:53.389] [bmv2] [D] [thread 91747] [165.0] [cxt 0] Pipeline 'ingress': end
[00:36:53.389] [bmv2] [D] [thread 91747] [165.0] [cxt 0] Egress port is 0
[00:36:53.389] [bmv2] [D] [thread 91747] [166.0] [cxt 0] Processing packet received on port 4
[00:36:53.389] [bmv2] [D] [thread 91747] [166.0] [cxt 0] Parser 'parser': start
[00:36:53.389] [bmv2] [D] [thread 91747] [166.0] [cxt 0] Parser 'parser' entering state 'start'
[00:36:53.389] [bmv2] [D] [thread 91747] [166.0] [cxt 0] Extracting header 'ethernet'
[00:36:53.389] [bmv2] [D] [thread 91747] [166.0] [cxt 0] Parser state 'start': key is 86dd
[00:36:53.389] [bmv2] [T] [thread 91747] [166.0] [cxt 0] Bytes parsed: 14
[00:36:53.389] [bmv2] [D] [thread 91747] [166.0] [cxt 0] Parser 'parser' entering state 'parse_ipv6'
[00:36:53.390] [bmv2] [D] [thread 91747] [166.0] [cxt 0] Extracting header 'ipv6'
[00:36:53.390] [bmv2] [D] [thread 91747] [166.0] [cxt 0] Parser state 'parse_ipv6': key is 3a
[00:36:53.390] [bmv2] [T] [thread 91747] [166.0] [cxt 0] Bytes parsed: 54
[00:36:53.390] [bmv2] [D] [thread 91747] [166.0] [cxt 0] Parser 'parser': end
[00:36:53.390] [bmv2] [D] [thread 91747] [166.0] [cxt 0] Pipeline 'ingress': start
[00:36:53.390] [bmv2] [T] [thread 91747] [166.0] [cxt 0] basic.p4(560) Condition "hdr.ethernet.etherType == TYPE_ARP" (node_2) is false
[00:36:53.390] [bmv2] [T] [thread 91747] [166.0] [cxt 0] basic.p4(563) Condition "hdr.ethernet.etherType == TYPE_SRCROUTING" (node_4) is false
[00:36:53.390] [bmv2] [T] [thread 91747] [166.0] [cxt 0] basic.p4(576) Condition "hdr.ethernet.etherType == TYPE_YEQUDESU" (node_12) is false
[00:36:53.390] [bmv2] [T] [thread 91747] [166.0] [cxt 0] basic.p4(582) Condition "hdr.vxlan.isValid()" (node_15) is false
[00:36:53.390] [bmv2] [D] [thread 91748] [165.0] [cxt 0] Pipeline 'egress': start
[00:36:53.390] [bmv2] [T] [thread 91748] [165.0] [cxt 0] basic.p4(684) Condition "standard_metadata.mcast_grp != 0" (node_28) is false
[00:36:53.390] [bmv2] [D] [thread 91748] [165.0] [cxt 0] Pipeline 'egress': end
[00:36:53.390] [bmv2] [D] [thread 91748] [165.0] [cxt 0] Deparser 'deparser': start
[00:36:53.390] [bmv2] [T] [thread 91748] [165.0] [cxt 0] Skipping checksum 'cksum' update because condition not met
[00:36:53.390] [bmv2] [D] [thread 91748] [165.0] [cxt 0] Deparsing header 'ethernet'
[00:36:53.390] [bmv2] [T] [thread 91747] [166.0] [cxt 0] basic.p4(586) Condition "hdr.ipv6.isValid()" (node_17) is true
[00:36:53.390] [bmv2] [D] [thread 91748] [165.0] [cxt 0] Deparsing header 'ipv6'
[00:36:53.390] [bmv2] [T] [thread 91747] [166.0] [cxt 0] Applying table 'MyIngress.ipv6_lpm'
[00:36:53.390] [bmv2] [D] [thread 91747] [166.0] [cxt 0] Looking up key:
* hdr.ipv6.dstAddr    : ff020000000000000000000000000002

[00:36:53.390] [bmv2] [D] [thread 91747] [166.0] [cxt 0] Table 'MyIngress.ipv6_lpm': miss
[00:36:53.390] [bmv2] [D] [thread 91747] [166.0] [cxt 0] Action entry is NoAction - 
[00:36:53.390] [bmv2] [T] [thread 91747] [166.0] [cxt 0] Action NoAction
[00:36:53.390] [bmv2] [D] [thread 91747] [166.0] [cxt 0] Pipeline 'ingress': end
[00:36:53.390] [bmv2] [D] [thread 91747] [166.0] [cxt 0] Egress port is 0
[00:36:53.390] [bmv2] [D] [thread 91748] [165.0] [cxt 0] Deparser 'deparser': end
[00:36:53.390] [bmv2] [D] [thread 91748] [166.0] [cxt 0] Pipeline 'egress': start
[00:36:53.390] [bmv2] [T] [thread 91748] [166.0] [cxt 0] basic.p4(684) Condition "standard_metadata.mcast_grp != 0" (node_28) is false
[00:36:53.390] [bmv2] [D] [thread 91748] [166.0] [cxt 0] Pipeline 'egress': end
[00:36:53.390] [bmv2] [D] [thread 91748] [166.0] [cxt 0] Deparser 'deparser': start
[00:36:53.390] [bmv2] [T] [thread 91748] [166.0] [cxt 0] Skipping checksum 'cksum' update because condition not met
[00:36:53.390] [bmv2] [D] [thread 91748] [166.0] [cxt 0] Deparsing header 'ethernet'
[00:36:53.390] [bmv2] [D] [thread 91748] [166.0] [cxt 0] Deparsing header 'ipv6'
[00:36:53.390] [bmv2] [D] [thread 91752] [165.0] [cxt 0] Transmitting packet of size 70 out of port 0
[00:36:53.390] [bmv2] [D] [thread 91748] [166.0] [cxt 0] Deparser 'deparser': end
[00:36:53.390] [bmv2] [D] [thread 91752] [166.0] [cxt 0] Transmitting packet of size 70 out of port 0
[00:36:53.902] [bmv2] [D] [thread 91747] [167.0] [cxt 0] Processing packet received on port 1
[00:36:53.902] [bmv2] [D] [thread 91747] [167.0] [cxt 0] Parser 'parser': start
[00:36:53.902] [bmv2] [D] [thread 91747] [167.0] [cxt 0] Parser 'parser' entering state 'start'
[00:36:53.902] [bmv2] [D] [thread 91747] [167.0] [cxt 0] Extracting header 'ethernet'
[00:36:53.902] [bmv2] [D] [thread 91747] [167.0] [cxt 0] Parser state 'start': key is 86dd
[00:36:53.902] [bmv2] [T] [thread 91747] [167.0] [cxt 0] Bytes parsed: 14
[00:36:53.902] [bmv2] [D] [thread 91747] [167.0] [cxt 0] Parser 'parser' entering state 'parse_ipv6'
[00:36:53.902] [bmv2] [D] [thread 91747] [167.0] [cxt 0] Extracting header 'ipv6'
[00:36:53.902] [bmv2] [D] [thread 91747] [167.0] [cxt 0] Parser state 'parse_ipv6': key is 3a
[00:36:53.902] [bmv2] [T] [thread 91747] [167.0] [cxt 0] Bytes parsed: 54
[00:36:53.902] [bmv2] [D] [thread 91747] [167.0] [cxt 0] Parser 'parser': end
[00:36:53.902] [bmv2] [D] [thread 91747] [167.0] [cxt 0] Pipeline 'ingress': start
[00:36:53.902] [bmv2] [T] [thread 91747] [167.0] [cxt 0] basic.p4(560) Condition "hdr.ethernet.etherType == TYPE_ARP" (node_2) is false
[00:36:53.902] [bmv2] [T] [thread 91747] [167.0] [cxt 0] basic.p4(563) Condition "hdr.ethernet.etherType == TYPE_SRCROUTING" (node_4) is false
[00:36:53.902] [bmv2] [T] [thread 91747] [167.0] [cxt 0] basic.p4(576) Condition "hdr.ethernet.etherType == TYPE_YEQUDESU" (node_12) is false
[00:36:53.902] [bmv2] [T] [thread 91747] [167.0] [cxt 0] basic.p4(582) Condition "hdr.vxlan.isValid()" (node_15) is false
[00:36:53.902] [bmv2] [T] [thread 91747] [167.0] [cxt 0] basic.p4(586) Condition "hdr.ipv6.isValid()" (node_17) is true
[00:36:53.902] [bmv2] [T] [thread 91747] [167.0] [cxt 0] Applying table 'MyIngress.ipv6_lpm'
[00:36:53.902] [bmv2] [D] [thread 91747] [167.0] [cxt 0] Looking up key:
* hdr.ipv6.dstAddr    : ff020000000000000000000000000002

[00:36:53.902] [bmv2] [D] [thread 91747] [167.0] [cxt 0] Table 'MyIngress.ipv6_lpm': miss
[00:36:53.902] [bmv2] [D] [thread 91747] [167.0] [cxt 0] Action entry is NoAction - 
[00:36:53.902] [bmv2] [T] [thread 91747] [167.0] [cxt 0] Action NoAction
[00:36:53.902] [bmv2] [D] [thread 91747] [167.0] [cxt 0] Pipeline 'ingress': end
[00:36:53.902] [bmv2] [D] [thread 91747] [167.0] [cxt 0] Egress port is 0
[00:36:53.902] [bmv2] [D] [thread 91747] [168.0] [cxt 0] Processing packet received on port 5
[00:36:53.902] [bmv2] [D] [thread 91747] [168.0] [cxt 0] Parser 'parser': start
[00:36:53.902] [bmv2] [D] [thread 91747] [168.0] [cxt 0] Parser 'parser' entering state 'start'
[00:36:53.902] [bmv2] [D] [thread 91747] [168.0] [cxt 0] Extracting header 'ethernet'
[00:36:53.902] [bmv2] [D] [thread 91747] [168.0] [cxt 0] Parser state 'start': key is 86dd
[00:36:53.902] [bmv2] [T] [thread 91747] [168.0] [cxt 0] Bytes parsed: 14
[00:36:53.902] [bmv2] [D] [thread 91747] [168.0] [cxt 0] Parser 'parser' entering state 'parse_ipv6'
[00:36:53.902] [bmv2] [D] [thread 91747] [168.0] [cxt 0] Extracting header 'ipv6'
[00:36:53.902] [bmv2] [D] [thread 91747] [168.0] [cxt 0] Parser state 'parse_ipv6': key is 3a
[00:36:53.902] [bmv2] [T] [thread 91747] [168.0] [cxt 0] Bytes parsed: 54
[00:36:53.902] [bmv2] [D] [thread 91747] [168.0] [cxt 0] Parser 'parser': end
[00:36:53.902] [bmv2] [D] [thread 91747] [168.0] [cxt 0] Pipeline 'ingress': start
[00:36:53.902] [bmv2] [T] [thread 91747] [168.0] [cxt 0] basic.p4(560) Condition "hdr.ethernet.etherType == TYPE_ARP" (node_2) is false
[00:36:53.902] [bmv2] [T] [thread 91747] [168.0] [cxt 0] basic.p4(563) Condition "hdr.ethernet.etherType == TYPE_SRCROUTING" (node_4) is false
[00:36:53.902] [bmv2] [T] [thread 91747] [168.0] [cxt 0] basic.p4(576) Condition "hdr.ethernet.etherType == TYPE_YEQUDESU" (node_12) is false
[00:36:53.902] [bmv2] [T] [thread 91747] [168.0] [cxt 0] basic.p4(582) Condition "hdr.vxlan.isValid()" (node_15) is false
[00:36:53.902] [bmv2] [T] [thread 91747] [168.0] [cxt 0] basic.p4(586) Condition "hdr.ipv6.isValid()" (node_17) is true
[00:36:53.902] [bmv2] [T] [thread 91747] [168.0] [cxt 0] Applying table 'MyIngress.ipv6_lpm'
[00:36:53.902] [bmv2] [D] [thread 91747] [168.0] [cxt 0] Looking up key:
* hdr.ipv6.dstAddr    : ff020000000000000000000000000002

[00:36:53.902] [bmv2] [D] [thread 91747] [168.0] [cxt 0] Table 'MyIngress.ipv6_lpm': miss
[00:36:53.902] [bmv2] [D] [thread 91747] [168.0] [cxt 0] Action entry is NoAction - 
[00:36:53.902] [bmv2] [T] [thread 91747] [168.0] [cxt 0] Action NoAction
[00:36:53.902] [bmv2] [D] [thread 91747] [168.0] [cxt 0] Pipeline 'ingress': end
[00:36:53.902] [bmv2] [D] [thread 91747] [168.0] [cxt 0] Egress port is 0
[00:36:53.902] [bmv2] [D] [thread 91748] [167.0] [cxt 0] Pipeline 'egress': start
[00:36:53.902] [bmv2] [T] [thread 91748] [167.0] [cxt 0] basic.p4(684) Condition "standard_metadata.mcast_grp != 0" (node_28) is false
[00:36:53.902] [bmv2] [D] [thread 91748] [167.0] [cxt 0] Pipeline 'egress': end
[00:36:53.902] [bmv2] [D] [thread 91748] [167.0] [cxt 0] Deparser 'deparser': start
[00:36:53.902] [bmv2] [T] [thread 91748] [167.0] [cxt 0] Skipping checksum 'cksum' update because condition not met
[00:36:53.902] [bmv2] [D] [thread 91748] [167.0] [cxt 0] Deparsing header 'ethernet'
[00:36:53.902] [bmv2] [D] [thread 91748] [167.0] [cxt 0] Deparsing header 'ipv6'
[00:36:53.902] [bmv2] [D] [thread 91748] [167.0] [cxt 0] Deparser 'deparser': end
[00:36:53.902] [bmv2] [D] [thread 91748] [168.0] [cxt 0] Pipeline 'egress': start
[00:36:53.902] [bmv2] [T] [thread 91748] [168.0] [cxt 0] basic.p4(684) Condition "standard_metadata.mcast_grp != 0" (node_28) is false
[00:36:53.902] [bmv2] [D] [thread 91748] [168.0] [cxt 0] Pipeline 'egress': end
[00:36:53.902] [bmv2] [D] [thread 91748] [168.0] [cxt 0] Deparser 'deparser': start
[00:36:53.902] [bmv2] [T] [thread 91748] [168.0] [cxt 0] Skipping checksum 'cksum' update because condition not met
[00:36:53.902] [bmv2] [D] [thread 91748] [168.0] [cxt 0] Deparsing header 'ethernet'
[00:36:53.902] [bmv2] [D] [thread 91748] [168.0] [cxt 0] Deparsing header 'ipv6'
[00:36:53.902] [bmv2] [D] [thread 91748] [168.0] [cxt 0] Deparser 'deparser': end
[00:36:53.902] [bmv2] [D] [thread 91752] [167.0] [cxt 0] Transmitting packet of size 70 out of port 0
[00:36:53.902] [bmv2] [D] [thread 91752] [168.0] [cxt 0] Transmitting packet of size 70 out of port 0
[00:36:54.869] [bmv2] [D] [thread 91747] [169.0] [cxt 0] Processing packet received on port 2
[00:36:54.869] [bmv2] [D] [thread 91747] [169.0] [cxt 0] Parser 'parser': start
[00:36:54.869] [bmv2] [D] [thread 91747] [169.0] [cxt 0] Parser 'parser' entering state 'start'
[00:36:54.869] [bmv2] [D] [thread 91747] [169.0] [cxt 0] Extracting header 'ethernet'
[00:36:54.869] [bmv2] [D] [thread 91747] [169.0] [cxt 0] Parser state 'start': key is 86dd
[00:36:54.869] [bmv2] [T] [thread 91747] [169.0] [cxt 0] Bytes parsed: 14
[00:36:54.869] [bmv2] [D] [thread 91747] [169.0] [cxt 0] Parser 'parser' entering state 'parse_ipv6'
[00:36:54.869] [bmv2] [D] [thread 91747] [169.0] [cxt 0] Extracting header 'ipv6'
[00:36:54.869] [bmv2] [D] [thread 91747] [169.0] [cxt 0] Parser state 'parse_ipv6': key is 11
[00:36:54.869] [bmv2] [T] [thread 91747] [169.0] [cxt 0] Bytes parsed: 54
[00:36:54.869] [bmv2] [D] [thread 91747] [169.0] [cxt 0] Parser 'parser': end
[00:36:54.869] [bmv2] [D] [thread 91747] [169.0] [cxt 0] Pipeline 'ingress': start
[00:36:54.869] [bmv2] [T] [thread 91747] [169.0] [cxt 0] basic.p4(560) Condition "hdr.ethernet.etherType == TYPE_ARP" (node_2) is false
[00:36:54.869] [bmv2] [T] [thread 91747] [169.0] [cxt 0] basic.p4(563) Condition "hdr.ethernet.etherType == TYPE_SRCROUTING" (node_4) is false
[00:36:54.869] [bmv2] [T] [thread 91747] [169.0] [cxt 0] basic.p4(576) Condition "hdr.ethernet.etherType == TYPE_YEQUDESU" (node_12) is false
[00:36:54.869] [bmv2] [T] [thread 91747] [169.0] [cxt 0] basic.p4(582) Condition "hdr.vxlan.isValid()" (node_15) is false
[00:36:54.869] [bmv2] [T] [thread 91747] [169.0] [cxt 0] basic.p4(586) Condition "hdr.ipv6.isValid()" (node_17) is true
[00:36:54.869] [bmv2] [T] [thread 91747] [169.0] [cxt 0] Applying table 'MyIngress.ipv6_lpm'
[00:36:54.869] [bmv2] [D] [thread 91747] [169.0] [cxt 0] Looking up key:
* hdr.ipv6.dstAddr    : ff0200000000000000000000000000fb

[00:36:54.869] [bmv2] [D] [thread 91747] [169.0] [cxt 0] Table 'MyIngress.ipv6_lpm': miss
[00:36:54.869] [bmv2] [D] [thread 91747] [169.0] [cxt 0] Action entry is NoAction - 
[00:36:54.869] [bmv2] [T] [thread 91747] [169.0] [cxt 0] Action NoAction
[00:36:54.869] [bmv2] [D] [thread 91747] [169.0] [cxt 0] Pipeline 'ingress': end
[00:36:54.869] [bmv2] [D] [thread 91747] [169.0] [cxt 0] Egress port is 0
[00:36:54.869] [bmv2] [D] [thread 91748] [169.0] [cxt 0] Pipeline 'egress': start
[00:36:54.869] [bmv2] [T] [thread 91748] [169.0] [cxt 0] basic.p4(684) Condition "standard_metadata.mcast_grp != 0" (node_28) is false
[00:36:54.869] [bmv2] [D] [thread 91748] [169.0] [cxt 0] Pipeline 'egress': end
[00:36:54.869] [bmv2] [D] [thread 91748] [169.0] [cxt 0] Deparser 'deparser': start
[00:36:54.869] [bmv2] [T] [thread 91748] [169.0] [cxt 0] Skipping checksum 'cksum' update because condition not met
[00:36:54.869] [bmv2] [D] [thread 91748] [169.0] [cxt 0] Deparsing header 'ethernet'
[00:36:54.869] [bmv2] [D] [thread 91748] [169.0] [cxt 0] Deparsing header 'ipv6'
[00:36:54.869] [bmv2] [D] [thread 91748] [169.0] [cxt 0] Deparser 'deparser': end
[00:36:54.870] [bmv2] [D] [thread 91752] [169.0] [cxt 0] Transmitting packet of size 203 out of port 0
[00:36:54.926] [bmv2] [D] [thread 91747] [170.0] [cxt 0] Processing packet received on port 3
[00:36:54.926] [bmv2] [D] [thread 91747] [170.0] [cxt 0] Parser 'parser': start
[00:36:54.926] [bmv2] [D] [thread 91747] [170.0] [cxt 0] Parser 'parser' entering state 'start'
[00:36:54.926] [bmv2] [D] [thread 91747] [170.0] [cxt 0] Extracting header 'ethernet'
[00:36:54.926] [bmv2] [D] [thread 91747] [170.0] [cxt 0] Parser state 'start': key is 86dd
[00:36:54.926] [bmv2] [T] [thread 91747] [170.0] [cxt 0] Bytes parsed: 14
[00:36:54.926] [bmv2] [D] [thread 91747] [170.0] [cxt 0] Parser 'parser' entering state 'parse_ipv6'
[00:36:54.926] [bmv2] [D] [thread 91747] [170.0] [cxt 0] Extracting header 'ipv6'
[00:36:54.926] [bmv2] [D] [thread 91747] [170.0] [cxt 0] Parser state 'parse_ipv6': key is 11
[00:36:54.926] [bmv2] [T] [thread 91747] [170.0] [cxt 0] Bytes parsed: 54
[00:36:54.926] [bmv2] [D] [thread 91747] [170.0] [cxt 0] Parser 'parser': end
[00:36:54.926] [bmv2] [D] [thread 91747] [170.0] [cxt 0] Pipeline 'ingress': start
[00:36:54.926] [bmv2] [T] [thread 91747] [170.0] [cxt 0] basic.p4(560) Condition "hdr.ethernet.etherType == TYPE_ARP" (node_2) is false
[00:36:54.926] [bmv2] [T] [thread 91747] [170.0] [cxt 0] basic.p4(563) Condition "hdr.ethernet.etherType == TYPE_SRCROUTING" (node_4) is false
[00:36:54.926] [bmv2] [T] [thread 91747] [170.0] [cxt 0] basic.p4(576) Condition "hdr.ethernet.etherType == TYPE_YEQUDESU" (node_12) is false
[00:36:54.926] [bmv2] [T] [thread 91747] [170.0] [cxt 0] basic.p4(582) Condition "hdr.vxlan.isValid()" (node_15) is false
[00:36:54.926] [bmv2] [T] [thread 91747] [170.0] [cxt 0] basic.p4(586) Condition "hdr.ipv6.isValid()" (node_17) is true
[00:36:54.926] [bmv2] [T] [thread 91747] [170.0] [cxt 0] Applying table 'MyIngress.ipv6_lpm'
[00:36:54.926] [bmv2] [D] [thread 91747] [170.0] [cxt 0] Looking up key:
* hdr.ipv6.dstAddr    : ff0200000000000000000000000000fb

[00:36:54.926] [bmv2] [D] [thread 91747] [170.0] [cxt 0] Table 'MyIngress.ipv6_lpm': miss
[00:36:54.926] [bmv2] [D] [thread 91747] [170.0] [cxt 0] Action entry is NoAction - 
[00:36:54.926] [bmv2] [T] [thread 91747] [170.0] [cxt 0] Action NoAction
[00:36:54.926] [bmv2] [D] [thread 91747] [170.0] [cxt 0] Pipeline 'ingress': end
[00:36:54.926] [bmv2] [D] [thread 91747] [170.0] [cxt 0] Egress port is 0
[00:36:54.926] [bmv2] [D] [thread 91748] [170.0] [cxt 0] Pipeline 'egress': start
[00:36:54.926] [bmv2] [T] [thread 91748] [170.0] [cxt 0] basic.p4(684) Condition "standard_metadata.mcast_grp != 0" (node_28) is false
[00:36:54.926] [bmv2] [D] [thread 91748] [170.0] [cxt 0] Pipeline 'egress': end
[00:36:54.926] [bmv2] [D] [thread 91748] [170.0] [cxt 0] Deparser 'deparser': start
[00:36:54.926] [bmv2] [T] [thread 91748] [170.0] [cxt 0] Skipping checksum 'cksum' update because condition not met
[00:36:54.926] [bmv2] [D] [thread 91748] [170.0] [cxt 0] Deparsing header 'ethernet'
[00:36:54.926] [bmv2] [D] [thread 91748] [170.0] [cxt 0] Deparsing header 'ipv6'
[00:36:54.926] [bmv2] [D] [thread 91748] [170.0] [cxt 0] Deparser 'deparser': end
[00:36:54.927] [bmv2] [D] [thread 91752] [170.0] [cxt 0] Transmitting packet of size 203 out of port 0
[00:36:54.993] [bmv2] [D] [thread 91747] [171.0] [cxt 0] Processing packet received on port 5
[00:36:54.993] [bmv2] [D] [thread 91747] [171.0] [cxt 0] Parser 'parser': start
[00:36:54.993] [bmv2] [D] [thread 91747] [171.0] [cxt 0] Parser 'parser' entering state 'start'
[00:36:54.993] [bmv2] [D] [thread 91747] [171.0] [cxt 0] Extracting header 'ethernet'
[00:36:54.993] [bmv2] [D] [thread 91747] [171.0] [cxt 0] Parser state 'start': key is 86dd
[00:36:54.993] [bmv2] [T] [thread 91747] [171.0] [cxt 0] Bytes parsed: 14
[00:36:54.993] [bmv2] [D] [thread 91747] [171.0] [cxt 0] Parser 'parser' entering state 'parse_ipv6'
[00:36:54.993] [bmv2] [D] [thread 91747] [171.0] [cxt 0] Extracting header 'ipv6'
[00:36:54.993] [bmv2] [D] [thread 91747] [171.0] [cxt 0] Parser state 'parse_ipv6': key is 11
[00:36:54.993] [bmv2] [T] [thread 91747] [171.0] [cxt 0] Bytes parsed: 54
[00:36:54.993] [bmv2] [D] [thread 91747] [171.0] [cxt 0] Parser 'parser': end
[00:36:54.993] [bmv2] [D] [thread 91747] [171.0] [cxt 0] Pipeline 'ingress': start
[00:36:54.993] [bmv2] [T] [thread 91747] [171.0] [cxt 0] basic.p4(560) Condition "hdr.ethernet.etherType == TYPE_ARP" (node_2) is false
[00:36:54.993] [bmv2] [T] [thread 91747] [171.0] [cxt 0] basic.p4(563) Condition "hdr.ethernet.etherType == TYPE_SRCROUTING" (node_4) is false
[00:36:54.993] [bmv2] [T] [thread 91747] [171.0] [cxt 0] basic.p4(576) Condition "hdr.ethernet.etherType == TYPE_YEQUDESU" (node_12) is false
[00:36:54.993] [bmv2] [T] [thread 91747] [171.0] [cxt 0] basic.p4(582) Condition "hdr.vxlan.isValid()" (node_15) is false
[00:36:54.993] [bmv2] [T] [thread 91747] [171.0] [cxt 0] basic.p4(586) Condition "hdr.ipv6.isValid()" (node_17) is true
[00:36:54.993] [bmv2] [T] [thread 91747] [171.0] [cxt 0] Applying table 'MyIngress.ipv6_lpm'
[00:36:54.993] [bmv2] [D] [thread 91747] [171.0] [cxt 0] Looking up key:
* hdr.ipv6.dstAddr    : ff0200000000000000000000000000fb

[00:36:54.993] [bmv2] [D] [thread 91747] [171.0] [cxt 0] Table 'MyIngress.ipv6_lpm': miss
[00:36:54.993] [bmv2] [D] [thread 91747] [171.0] [cxt 0] Action entry is NoAction - 
[00:36:54.993] [bmv2] [T] [thread 91747] [171.0] [cxt 0] Action NoAction
[00:36:54.994] [bmv2] [D] [thread 91747] [171.0] [cxt 0] Pipeline 'ingress': end
[00:36:54.994] [bmv2] [D] [thread 91747] [171.0] [cxt 0] Egress port is 0
[00:36:54.994] [bmv2] [D] [thread 91747] [172.0] [cxt 0] Processing packet received on port 4
[00:36:54.994] [bmv2] [D] [thread 91747] [172.0] [cxt 0] Parser 'parser': start
[00:36:54.994] [bmv2] [D] [thread 91747] [172.0] [cxt 0] Parser 'parser' entering state 'start'
[00:36:54.994] [bmv2] [D] [thread 91747] [172.0] [cxt 0] Extracting header 'ethernet'
[00:36:54.994] [bmv2] [D] [thread 91747] [172.0] [cxt 0] Parser state 'start': key is 86dd
[00:36:54.994] [bmv2] [T] [thread 91747] [172.0] [cxt 0] Bytes parsed: 14
[00:36:54.994] [bmv2] [D] [thread 91747] [172.0] [cxt 0] Parser 'parser' entering state 'parse_ipv6'
[00:36:54.994] [bmv2] [D] [thread 91747] [172.0] [cxt 0] Extracting header 'ipv6'
[00:36:54.994] [bmv2] [D] [thread 91747] [172.0] [cxt 0] Parser state 'parse_ipv6': key is 11
[00:36:54.994] [bmv2] [T] [thread 91747] [172.0] [cxt 0] Bytes parsed: 54
[00:36:54.994] [bmv2] [D] [thread 91747] [172.0] [cxt 0] Parser 'parser': end
[00:36:54.994] [bmv2] [D] [thread 91747] [172.0] [cxt 0] Pipeline 'ingress': start
[00:36:54.994] [bmv2] [D] [thread 91748] [171.0] [cxt 0] Pipeline 'egress': start
[00:36:54.994] [bmv2] [T] [thread 91748] [171.0] [cxt 0] basic.p4(684) Condition "standard_metadata.mcast_grp != 0" (node_28) is false
[00:36:54.994] [bmv2] [D] [thread 91748] [171.0] [cxt 0] Pipeline 'egress': end
[00:36:54.994] [bmv2] [T] [thread 91747] [172.0] [cxt 0] basic.p4(560) Condition "hdr.ethernet.etherType == TYPE_ARP" (node_2) is false
[00:36:54.994] [bmv2] [D] [thread 91748] [171.0] [cxt 0] Deparser 'deparser': start
[00:36:54.994] [bmv2] [T] [thread 91747] [172.0] [cxt 0] basic.p4(563) Condition "hdr.ethernet.etherType == TYPE_SRCROUTING" (node_4) is false
[00:36:54.994] [bmv2] [T] [thread 91748] [171.0] [cxt 0] Skipping checksum 'cksum' update because condition not met
[00:36:54.994] [bmv2] [T] [thread 91747] [172.0] [cxt 0] basic.p4(576) Condition "hdr.ethernet.etherType == TYPE_YEQUDESU" (node_12) is false
[00:36:54.994] [bmv2] [D] [thread 91748] [171.0] [cxt 0] Deparsing header 'ethernet'
[00:36:54.994] [bmv2] [D] [thread 91748] [171.0] [cxt 0] Deparsing header 'ipv6'
[00:36:54.994] [bmv2] [T] [thread 91747] [172.0] [cxt 0] basic.p4(582) Condition "hdr.vxlan.isValid()" (node_15) is false
[00:36:54.994] [bmv2] [D] [thread 91748] [171.0] [cxt 0] Deparser 'deparser': end
[00:36:54.994] [bmv2] [T] [thread 91747] [172.0] [cxt 0] basic.p4(586) Condition "hdr.ipv6.isValid()" (node_17) is true
[00:36:54.994] [bmv2] [T] [thread 91747] [172.0] [cxt 0] Applying table 'MyIngress.ipv6_lpm'
[00:36:54.994] [bmv2] [D] [thread 91747] [172.0] [cxt 0] Looking up key:
* hdr.ipv6.dstAddr    : ff0200000000000000000000000000fb

[00:36:54.994] [bmv2] [D] [thread 91747] [172.0] [cxt 0] Table 'MyIngress.ipv6_lpm': miss
[00:36:54.994] [bmv2] [D] [thread 91747] [172.0] [cxt 0] Action entry is NoAction - 
[00:36:54.994] [bmv2] [T] [thread 91747] [172.0] [cxt 0] Action NoAction
[00:36:54.994] [bmv2] [D] [thread 91747] [172.0] [cxt 0] Pipeline 'ingress': end
[00:36:54.994] [bmv2] [D] [thread 91747] [172.0] [cxt 0] Egress port is 0
[00:36:54.994] [bmv2] [D] [thread 91752] [171.0] [cxt 0] Transmitting packet of size 203 out of port 0
[00:36:54.994] [bmv2] [D] [thread 91748] [172.0] [cxt 0] Pipeline 'egress': start
[00:36:54.994] [bmv2] [T] [thread 91748] [172.0] [cxt 0] basic.p4(684) Condition "standard_metadata.mcast_grp != 0" (node_28) is false
[00:36:54.994] [bmv2] [D] [thread 91748] [172.0] [cxt 0] Pipeline 'egress': end
[00:36:54.994] [bmv2] [D] [thread 91748] [172.0] [cxt 0] Deparser 'deparser': start
[00:36:54.994] [bmv2] [T] [thread 91748] [172.0] [cxt 0] Skipping checksum 'cksum' update because condition not met
[00:36:54.994] [bmv2] [D] [thread 91748] [172.0] [cxt 0] Deparsing header 'ethernet'
[00:36:54.994] [bmv2] [D] [thread 91748] [172.0] [cxt 0] Deparsing header 'ipv6'
[00:36:54.994] [bmv2] [D] [thread 91748] [172.0] [cxt 0] Deparser 'deparser': end
[00:36:54.994] [bmv2] [D] [thread 91752] [172.0] [cxt 0] Transmitting packet of size 203 out of port 0
[00:36:55.247] [bmv2] [D] [thread 91747] [173.0] [cxt 0] Processing packet received on port 2
[00:36:55.247] [bmv2] [D] [thread 91747] [173.0] [cxt 0] Parser 'parser': start
[00:36:55.247] [bmv2] [D] [thread 91747] [173.0] [cxt 0] Parser 'parser' entering state 'start'
[00:36:55.247] [bmv2] [D] [thread 91747] [173.0] [cxt 0] Extracting header 'ethernet'
[00:36:55.247] [bmv2] [D] [thread 91747] [173.0] [cxt 0] Parser state 'start': key is 86dd
[00:36:55.247] [bmv2] [T] [thread 91747] [173.0] [cxt 0] Bytes parsed: 14
[00:36:55.247] [bmv2] [D] [thread 91747] [173.0] [cxt 0] Parser 'parser' entering state 'parse_ipv6'
[00:36:55.247] [bmv2] [D] [thread 91747] [173.0] [cxt 0] Extracting header 'ipv6'
[00:36:55.247] [bmv2] [D] [thread 91747] [173.0] [cxt 0] Parser state 'parse_ipv6': key is 11
[00:36:55.247] [bmv2] [T] [thread 91747] [173.0] [cxt 0] Bytes parsed: 54
[00:36:55.247] [bmv2] [D] [thread 91747] [173.0] [cxt 0] Parser 'parser': end
[00:36:55.247] [bmv2] [D] [thread 91747] [173.0] [cxt 0] Pipeline 'ingress': start
[00:36:55.247] [bmv2] [T] [thread 91747] [173.0] [cxt 0] basic.p4(560) Condition "hdr.ethernet.etherType == TYPE_ARP" (node_2) is false
[00:36:55.247] [bmv2] [T] [thread 91747] [173.0] [cxt 0] basic.p4(563) Condition "hdr.ethernet.etherType == TYPE_SRCROUTING" (node_4) is false
[00:36:55.247] [bmv2] [T] [thread 91747] [173.0] [cxt 0] basic.p4(576) Condition "hdr.ethernet.etherType == TYPE_YEQUDESU" (node_12) is false
[00:36:55.247] [bmv2] [T] [thread 91747] [173.0] [cxt 0] basic.p4(582) Condition "hdr.vxlan.isValid()" (node_15) is false
[00:36:55.247] [bmv2] [T] [thread 91747] [173.0] [cxt 0] basic.p4(586) Condition "hdr.ipv6.isValid()" (node_17) is true
[00:36:55.247] [bmv2] [T] [thread 91747] [173.0] [cxt 0] Applying table 'MyIngress.ipv6_lpm'
[00:36:55.247] [bmv2] [D] [thread 91747] [173.0] [cxt 0] Looking up key:
* hdr.ipv6.dstAddr    : ff0200000000000000000000000000fb

[00:36:55.247] [bmv2] [D] [thread 91747] [173.0] [cxt 0] Table 'MyIngress.ipv6_lpm': miss
[00:36:55.247] [bmv2] [D] [thread 91747] [173.0] [cxt 0] Action entry is NoAction - 
[00:36:55.247] [bmv2] [T] [thread 91747] [173.0] [cxt 0] Action NoAction
[00:36:55.247] [bmv2] [D] [thread 91747] [173.0] [cxt 0] Pipeline 'ingress': end
[00:36:55.247] [bmv2] [D] [thread 91747] [173.0] [cxt 0] Egress port is 0
[00:36:55.247] [bmv2] [D] [thread 91748] [173.0] [cxt 0] Pipeline 'egress': start
[00:36:55.247] [bmv2] [T] [thread 91748] [173.0] [cxt 0] basic.p4(684) Condition "standard_metadata.mcast_grp != 0" (node_28) is false
[00:36:55.247] [bmv2] [D] [thread 91748] [173.0] [cxt 0] Pipeline 'egress': end
[00:36:55.247] [bmv2] [D] [thread 91748] [173.0] [cxt 0] Deparser 'deparser': start
[00:36:55.247] [bmv2] [T] [thread 91748] [173.0] [cxt 0] Skipping checksum 'cksum' update because condition not met
[00:36:55.247] [bmv2] [D] [thread 91748] [173.0] [cxt 0] Deparsing header 'ethernet'
[00:36:55.247] [bmv2] [D] [thread 91748] [173.0] [cxt 0] Deparsing header 'ipv6'
[00:36:55.247] [bmv2] [D] [thread 91748] [173.0] [cxt 0] Deparser 'deparser': end
[00:36:55.247] [bmv2] [D] [thread 91752] [173.0] [cxt 0] Transmitting packet of size 203 out of port 0
[00:36:55.439] [bmv2] [D] [thread 91747] [174.0] [cxt 0] Processing packet received on port 5
[00:36:55.439] [bmv2] [D] [thread 91747] [174.0] [cxt 0] Parser 'parser': start
[00:36:55.439] [bmv2] [D] [thread 91747] [174.0] [cxt 0] Parser 'parser' entering state 'start'
[00:36:55.439] [bmv2] [D] [thread 91747] [174.0] [cxt 0] Extracting header 'ethernet'
[00:36:55.439] [bmv2] [D] [thread 91747] [174.0] [cxt 0] Parser state 'start': key is 86dd
[00:36:55.439] [bmv2] [T] [thread 91747] [174.0] [cxt 0] Bytes parsed: 14
[00:36:55.439] [bmv2] [D] [thread 91747] [174.0] [cxt 0] Parser 'parser' entering state 'parse_ipv6'
[00:36:55.439] [bmv2] [D] [thread 91747] [174.0] [cxt 0] Extracting header 'ipv6'
[00:36:55.439] [bmv2] [D] [thread 91747] [174.0] [cxt 0] Parser state 'parse_ipv6': key is 11
[00:36:55.439] [bmv2] [T] [thread 91747] [174.0] [cxt 0] Bytes parsed: 54
[00:36:55.439] [bmv2] [D] [thread 91747] [174.0] [cxt 0] Parser 'parser': end
[00:36:55.439] [bmv2] [D] [thread 91747] [174.0] [cxt 0] Pipeline 'ingress': start
[00:36:55.439] [bmv2] [T] [thread 91747] [174.0] [cxt 0] basic.p4(560) Condition "hdr.ethernet.etherType == TYPE_ARP" (node_2) is false
[00:36:55.439] [bmv2] [T] [thread 91747] [174.0] [cxt 0] basic.p4(563) Condition "hdr.ethernet.etherType == TYPE_SRCROUTING" (node_4) is false
[00:36:55.439] [bmv2] [T] [thread 91747] [174.0] [cxt 0] basic.p4(576) Condition "hdr.ethernet.etherType == TYPE_YEQUDESU" (node_12) is false
[00:36:55.439] [bmv2] [T] [thread 91747] [174.0] [cxt 0] basic.p4(582) Condition "hdr.vxlan.isValid()" (node_15) is false
[00:36:55.439] [bmv2] [T] [thread 91747] [174.0] [cxt 0] basic.p4(586) Condition "hdr.ipv6.isValid()" (node_17) is true
[00:36:55.439] [bmv2] [T] [thread 91747] [174.0] [cxt 0] Applying table 'MyIngress.ipv6_lpm'
[00:36:55.439] [bmv2] [D] [thread 91747] [174.0] [cxt 0] Looking up key:
* hdr.ipv6.dstAddr    : ff0200000000000000000000000000fb

[00:36:55.439] [bmv2] [D] [thread 91747] [174.0] [cxt 0] Table 'MyIngress.ipv6_lpm': miss
[00:36:55.439] [bmv2] [D] [thread 91747] [174.0] [cxt 0] Action entry is NoAction - 
[00:36:55.439] [bmv2] [T] [thread 91747] [174.0] [cxt 0] Action NoAction
[00:36:55.439] [bmv2] [D] [thread 91747] [174.0] [cxt 0] Pipeline 'ingress': end
[00:36:55.439] [bmv2] [D] [thread 91747] [174.0] [cxt 0] Egress port is 0
[00:36:55.440] [bmv2] [D] [thread 91748] [174.0] [cxt 0] Pipeline 'egress': start
[00:36:55.440] [bmv2] [T] [thread 91748] [174.0] [cxt 0] basic.p4(684) Condition "standard_metadata.mcast_grp != 0" (node_28) is false
[00:36:55.440] [bmv2] [D] [thread 91748] [174.0] [cxt 0] Pipeline 'egress': end
[00:36:55.440] [bmv2] [D] [thread 91748] [174.0] [cxt 0] Deparser 'deparser': start
[00:36:55.440] [bmv2] [T] [thread 91748] [174.0] [cxt 0] Skipping checksum 'cksum' update because condition not met
[00:36:55.440] [bmv2] [D] [thread 91748] [174.0] [cxt 0] Deparsing header 'ethernet'
[00:36:55.440] [bmv2] [D] [thread 91748] [174.0] [cxt 0] Deparsing header 'ipv6'
[00:36:55.440] [bmv2] [D] [thread 91748] [174.0] [cxt 0] Deparser 'deparser': end
[00:36:55.440] [bmv2] [D] [thread 91752] [174.0] [cxt 0] Transmitting packet of size 203 out of port 0
[00:36:55.503] [bmv2] [D] [thread 91747] [175.0] [cxt 0] Processing packet received on port 4
[00:36:55.503] [bmv2] [D] [thread 91747] [175.0] [cxt 0] Parser 'parser': start
[00:36:55.503] [bmv2] [D] [thread 91747] [175.0] [cxt 0] Parser 'parser' entering state 'start'
[00:36:55.503] [bmv2] [D] [thread 91747] [175.0] [cxt 0] Extracting header 'ethernet'
[00:36:55.503] [bmv2] [D] [thread 91747] [175.0] [cxt 0] Parser state 'start': key is 86dd
[00:36:55.503] [bmv2] [T] [thread 91747] [175.0] [cxt 0] Bytes parsed: 14
[00:36:55.503] [bmv2] [D] [thread 91747] [175.0] [cxt 0] Parser 'parser' entering state 'parse_ipv6'
[00:36:55.503] [bmv2] [D] [thread 91747] [175.0] [cxt 0] Extracting header 'ipv6'
[00:36:55.503] [bmv2] [D] [thread 91747] [175.0] [cxt 0] Parser state 'parse_ipv6': key is 11
[00:36:55.503] [bmv2] [T] [thread 91747] [175.0] [cxt 0] Bytes parsed: 54
[00:36:55.503] [bmv2] [D] [thread 91747] [175.0] [cxt 0] Parser 'parser': end
[00:36:55.503] [bmv2] [D] [thread 91747] [175.0] [cxt 0] Pipeline 'ingress': start
[00:36:55.503] [bmv2] [T] [thread 91747] [175.0] [cxt 0] basic.p4(560) Condition "hdr.ethernet.etherType == TYPE_ARP" (node_2) is false
[00:36:55.503] [bmv2] [T] [thread 91747] [175.0] [cxt 0] basic.p4(563) Condition "hdr.ethernet.etherType == TYPE_SRCROUTING" (node_4) is false
[00:36:55.503] [bmv2] [T] [thread 91747] [175.0] [cxt 0] basic.p4(576) Condition "hdr.ethernet.etherType == TYPE_YEQUDESU" (node_12) is false
[00:36:55.503] [bmv2] [T] [thread 91747] [175.0] [cxt 0] basic.p4(582) Condition "hdr.vxlan.isValid()" (node_15) is false
[00:36:55.503] [bmv2] [T] [thread 91747] [175.0] [cxt 0] basic.p4(586) Condition "hdr.ipv6.isValid()" (node_17) is true
[00:36:55.503] [bmv2] [T] [thread 91747] [175.0] [cxt 0] Applying table 'MyIngress.ipv6_lpm'
[00:36:55.503] [bmv2] [D] [thread 91747] [175.0] [cxt 0] Looking up key:
* hdr.ipv6.dstAddr    : ff0200000000000000000000000000fb

[00:36:55.503] [bmv2] [D] [thread 91747] [175.0] [cxt 0] Table 'MyIngress.ipv6_lpm': miss
[00:36:55.503] [bmv2] [D] [thread 91747] [175.0] [cxt 0] Action entry is NoAction - 
[00:36:55.503] [bmv2] [T] [thread 91747] [175.0] [cxt 0] Action NoAction
[00:36:55.503] [bmv2] [D] [thread 91747] [175.0] [cxt 0] Pipeline 'ingress': end
[00:36:55.503] [bmv2] [D] [thread 91747] [175.0] [cxt 0] Egress port is 0
[00:36:55.504] [bmv2] [D] [thread 91748] [175.0] [cxt 0] Pipeline 'egress': start
[00:36:55.504] [bmv2] [T] [thread 91748] [175.0] [cxt 0] basic.p4(684) Condition "standard_metadata.mcast_grp != 0" (node_28) is false
[00:36:55.504] [bmv2] [D] [thread 91748] [175.0] [cxt 0] Pipeline 'egress': end
[00:36:55.504] [bmv2] [D] [thread 91748] [175.0] [cxt 0] Deparser 'deparser': start
[00:36:55.504] [bmv2] [T] [thread 91748] [175.0] [cxt 0] Skipping checksum 'cksum' update because condition not met
[00:36:55.504] [bmv2] [D] [thread 91748] [175.0] [cxt 0] Deparsing header 'ethernet'
[00:36:55.504] [bmv2] [D] [thread 91748] [175.0] [cxt 0] Deparsing header 'ipv6'
[00:36:55.504] [bmv2] [D] [thread 91748] [175.0] [cxt 0] Deparser 'deparser': end
[00:36:55.504] [bmv2] [D] [thread 91752] [175.0] [cxt 0] Transmitting packet of size 203 out of port 0
[00:36:55.567] [bmv2] [D] [thread 91747] [176.0] [cxt 0] Processing packet received on port 1
[00:36:55.567] [bmv2] [D] [thread 91747] [176.0] [cxt 0] Parser 'parser': start
[00:36:55.567] [bmv2] [D] [thread 91747] [176.0] [cxt 0] Parser 'parser' entering state 'start'
[00:36:55.567] [bmv2] [D] [thread 91747] [176.0] [cxt 0] Extracting header 'ethernet'
[00:36:55.567] [bmv2] [D] [thread 91747] [176.0] [cxt 0] Parser state 'start': key is 86dd
[00:36:55.567] [bmv2] [T] [thread 91747] [176.0] [cxt 0] Bytes parsed: 14
[00:36:55.567] [bmv2] [D] [thread 91747] [176.0] [cxt 0] Parser 'parser' entering state 'parse_ipv6'
[00:36:55.567] [bmv2] [D] [thread 91747] [176.0] [cxt 0] Extracting header 'ipv6'
[00:36:55.567] [bmv2] [D] [thread 91747] [176.0] [cxt 0] Parser state 'parse_ipv6': key is 11
[00:36:55.567] [bmv2] [T] [thread 91747] [176.0] [cxt 0] Bytes parsed: 54
[00:36:55.567] [bmv2] [D] [thread 91747] [176.0] [cxt 0] Parser 'parser': end
[00:36:55.567] [bmv2] [D] [thread 91747] [176.0] [cxt 0] Pipeline 'ingress': start
[00:36:55.567] [bmv2] [T] [thread 91747] [176.0] [cxt 0] basic.p4(560) Condition "hdr.ethernet.etherType == TYPE_ARP" (node_2) is false
[00:36:55.567] [bmv2] [T] [thread 91747] [176.0] [cxt 0] basic.p4(563) Condition "hdr.ethernet.etherType == TYPE_SRCROUTING" (node_4) is false
[00:36:55.567] [bmv2] [T] [thread 91747] [176.0] [cxt 0] basic.p4(576) Condition "hdr.ethernet.etherType == TYPE_YEQUDESU" (node_12) is false
[00:36:55.567] [bmv2] [T] [thread 91747] [176.0] [cxt 0] basic.p4(582) Condition "hdr.vxlan.isValid()" (node_15) is false
[00:36:55.567] [bmv2] [T] [thread 91747] [176.0] [cxt 0] basic.p4(586) Condition "hdr.ipv6.isValid()" (node_17) is true
[00:36:55.567] [bmv2] [T] [thread 91747] [176.0] [cxt 0] Applying table 'MyIngress.ipv6_lpm'
[00:36:55.567] [bmv2] [D] [thread 91747] [176.0] [cxt 0] Looking up key:
* hdr.ipv6.dstAddr    : ff0200000000000000000000000000fb

[00:36:55.567] [bmv2] [D] [thread 91747] [176.0] [cxt 0] Table 'MyIngress.ipv6_lpm': miss
[00:36:55.567] [bmv2] [D] [thread 91747] [176.0] [cxt 0] Action entry is NoAction - 
[00:36:55.567] [bmv2] [T] [thread 91747] [176.0] [cxt 0] Action NoAction
[00:36:55.567] [bmv2] [D] [thread 91747] [176.0] [cxt 0] Pipeline 'ingress': end
[00:36:55.567] [bmv2] [D] [thread 91747] [176.0] [cxt 0] Egress port is 0
[00:36:55.567] [bmv2] [D] [thread 91748] [176.0] [cxt 0] Pipeline 'egress': start
[00:36:55.567] [bmv2] [T] [thread 91748] [176.0] [cxt 0] basic.p4(684) Condition "standard_metadata.mcast_grp != 0" (node_28) is false
[00:36:55.567] [bmv2] [D] [thread 91748] [176.0] [cxt 0] Pipeline 'egress': end
[00:36:55.567] [bmv2] [D] [thread 91748] [176.0] [cxt 0] Deparser 'deparser': start
[00:36:55.567] [bmv2] [T] [thread 91748] [176.0] [cxt 0] Skipping checksum 'cksum' update because condition not met
[00:36:55.567] [bmv2] [D] [thread 91748] [176.0] [cxt 0] Deparsing header 'ethernet'
[00:36:55.567] [bmv2] [D] [thread 91748] [176.0] [cxt 0] Deparsing header 'ipv6'
[00:36:55.567] [bmv2] [D] [thread 91748] [176.0] [cxt 0] Deparser 'deparser': end
[00:36:55.568] [bmv2] [D] [thread 91752] [176.0] [cxt 0] Transmitting packet of size 203 out of port 0
[00:36:55.630] [bmv2] [D] [thread 91747] [177.0] [cxt 0] Processing packet received on port 3
[00:36:55.630] [bmv2] [D] [thread 91747] [177.0] [cxt 0] Parser 'parser': start
[00:36:55.630] [bmv2] [D] [thread 91747] [177.0] [cxt 0] Parser 'parser' entering state 'start'
[00:36:55.630] [bmv2] [D] [thread 91747] [177.0] [cxt 0] Extracting header 'ethernet'
[00:36:55.630] [bmv2] [D] [thread 91747] [177.0] [cxt 0] Parser state 'start': key is 86dd
[00:36:55.630] [bmv2] [T] [thread 91747] [177.0] [cxt 0] Bytes parsed: 14
[00:36:55.630] [bmv2] [D] [thread 91747] [177.0] [cxt 0] Parser 'parser' entering state 'parse_ipv6'
[00:36:55.630] [bmv2] [D] [thread 91747] [177.0] [cxt 0] Extracting header 'ipv6'
[00:36:55.630] [bmv2] [D] [thread 91747] [177.0] [cxt 0] Parser state 'parse_ipv6': key is 11
[00:36:55.630] [bmv2] [T] [thread 91747] [177.0] [cxt 0] Bytes parsed: 54
[00:36:55.630] [bmv2] [D] [thread 91747] [177.0] [cxt 0] Parser 'parser': end
[00:36:55.630] [bmv2] [D] [thread 91747] [177.0] [cxt 0] Pipeline 'ingress': start
[00:36:55.630] [bmv2] [T] [thread 91747] [177.0] [cxt 0] basic.p4(560) Condition "hdr.ethernet.etherType == TYPE_ARP" (node_2) is false
[00:36:55.630] [bmv2] [T] [thread 91747] [177.0] [cxt 0] basic.p4(563) Condition "hdr.ethernet.etherType == TYPE_SRCROUTING" (node_4) is false
[00:36:55.630] [bmv2] [T] [thread 91747] [177.0] [cxt 0] basic.p4(576) Condition "hdr.ethernet.etherType == TYPE_YEQUDESU" (node_12) is false
[00:36:55.630] [bmv2] [T] [thread 91747] [177.0] [cxt 0] basic.p4(582) Condition "hdr.vxlan.isValid()" (node_15) is false
[00:36:55.630] [bmv2] [T] [thread 91747] [177.0] [cxt 0] basic.p4(586) Condition "hdr.ipv6.isValid()" (node_17) is true
[00:36:55.630] [bmv2] [T] [thread 91747] [177.0] [cxt 0] Applying table 'MyIngress.ipv6_lpm'
[00:36:55.630] [bmv2] [D] [thread 91747] [177.0] [cxt 0] Looking up key:
* hdr.ipv6.dstAddr    : ff0200000000000000000000000000fb

[00:36:55.630] [bmv2] [D] [thread 91747] [177.0] [cxt 0] Table 'MyIngress.ipv6_lpm': miss
[00:36:55.630] [bmv2] [D] [thread 91747] [177.0] [cxt 0] Action entry is NoAction - 
[00:36:55.630] [bmv2] [T] [thread 91747] [177.0] [cxt 0] Action NoAction
[00:36:55.630] [bmv2] [D] [thread 91747] [177.0] [cxt 0] Pipeline 'ingress': end
[00:36:55.630] [bmv2] [D] [thread 91747] [177.0] [cxt 0] Egress port is 0
[00:36:55.630] [bmv2] [D] [thread 91748] [177.0] [cxt 0] Pipeline 'egress': start
[00:36:55.630] [bmv2] [T] [thread 91748] [177.0] [cxt 0] basic.p4(684) Condition "standard_metadata.mcast_grp != 0" (node_28) is false
[00:36:55.630] [bmv2] [D] [thread 91748] [177.0] [cxt 0] Pipeline 'egress': end
[00:36:55.630] [bmv2] [D] [thread 91748] [177.0] [cxt 0] Deparser 'deparser': start
[00:36:55.630] [bmv2] [T] [thread 91748] [177.0] [cxt 0] Skipping checksum 'cksum' update because condition not met
[00:36:55.630] [bmv2] [D] [thread 91748] [177.0] [cxt 0] Deparsing header 'ethernet'
[00:36:55.630] [bmv2] [D] [thread 91748] [177.0] [cxt 0] Deparsing header 'ipv6'
[00:36:55.630] [bmv2] [D] [thread 91748] [177.0] [cxt 0] Deparser 'deparser': end
[00:36:55.630] [bmv2] [D] [thread 91752] [177.0] [cxt 0] Transmitting packet of size 203 out of port 0
[00:37:00.131] [bmv2] [D] [thread 91747] [178.0] [cxt 0] Processing packet received on port 1
[00:37:00.131] [bmv2] [D] [thread 91747] [178.0] [cxt 0] Parser 'parser': start
[00:37:00.131] [bmv2] [D] [thread 91747] [178.0] [cxt 0] Parser 'parser' entering state 'start'
[00:37:00.131] [bmv2] [D] [thread 91747] [178.0] [cxt 0] Extracting header 'ethernet'
[00:37:00.131] [bmv2] [D] [thread 91747] [178.0] [cxt 0] Parser state 'start': key is 0800
[00:37:00.131] [bmv2] [T] [thread 91747] [178.0] [cxt 0] Bytes parsed: 14
[00:37:00.131] [bmv2] [D] [thread 91747] [178.0] [cxt 0] Parser 'parser' entering state 'parse_ipv4'
[00:37:00.132] [bmv2] [D] [thread 91747] [178.0] [cxt 0] Extracting header 'ipv4'
[00:37:00.132] [bmv2] [D] [thread 91747] [178.0] [cxt 0] Parser state 'parse_ipv4': key is 06
[00:37:00.132] [bmv2] [T] [thread 91747] [178.0] [cxt 0] Bytes parsed: 34
[00:37:00.132] [bmv2] [D] [thread 91747] [178.0] [cxt 0] Parser 'parser': end
[00:37:00.132] [bmv2] [D] [thread 91747] [178.0] [cxt 0] Pipeline 'ingress': start
[00:37:00.132] [bmv2] [T] [thread 91747] [178.0] [cxt 0] basic.p4(560) Condition "hdr.ethernet.etherType == TYPE_ARP" (node_2) is false
[00:37:00.132] [bmv2] [T] [thread 91747] [178.0] [cxt 0] basic.p4(563) Condition "hdr.ethernet.etherType == TYPE_SRCROUTING" (node_4) is false
[00:37:00.132] [bmv2] [T] [thread 91747] [178.0] [cxt 0] basic.p4(576) Condition "hdr.ethernet.etherType == TYPE_YEQUDESU" (node_12) is false
[00:37:00.132] [bmv2] [T] [thread 91747] [178.0] [cxt 0] basic.p4(582) Condition "hdr.vxlan.isValid()" (node_15) is false
[00:37:00.132] [bmv2] [T] [thread 91747] [178.0] [cxt 0] basic.p4(586) Condition "hdr.ipv6.isValid()" (node_17) is false
[00:37:00.132] [bmv2] [T] [thread 91747] [178.0] [cxt 0] basic.p4(590) Condition "hdr.ipv4.isValid()" (node_19) is true
[00:37:00.132] [bmv2] [T] [thread 91747] [178.0] [cxt 0] basic.p4(592) Condition "hdr.udp.isValid() && hdr.udp.dstPort == VXLAN_PORT" (node_20) is false
[00:37:00.132] [bmv2] [T] [thread 91747] [178.0] [cxt 0] Applying table 'MyIngress.modality_schedule'
[00:37:00.132] [bmv2] [D] [thread 91747] [178.0] [cxt 0] Looking up key:
* hdr.ipv4.dstAddr    : 0a000202

[00:37:00.132] [bmv2] [D] [thread 91747] [178.0] [cxt 0] Table 'MyIngress.modality_schedule': hit with handle 0
[00:37:00.132] [bmv2] [D] [thread 91747] [178.0] [cxt 0] Dumping entry 0
Match key:
* hdr.ipv4.dstAddr    : EXACT     0a000202
Action entry: MyIngress.set_mcast_grp - 1,

[00:37:00.132] [bmv2] [D] [thread 91747] [178.0] [cxt 0] Action entry is MyIngress.set_mcast_grp - 1,
[00:37:00.132] [bmv2] [T] [thread 91747] [178.0] [cxt 0] Action MyIngress.set_mcast_grp
[00:37:00.132] [bmv2] [T] [thread 91747] [178.0] [cxt 0] basic.p4(296) Primitive standard_metadata.mcast_grp = mcast_grp
[00:37:00.132] [bmv2] [T] [thread 91747] [178.0] [cxt 0] basic.p4(297) Primitive meta.do_multimodal = 1
[00:37:00.132] [bmv2] [T] [thread 91747] [178.0] [cxt 0] basic.p4(298) Primitive hdr.ipv4.ttl = 100
[00:37:00.132] [bmv2] [T] [thread 91747] [178.0] [cxt 0] basic.p4(597) Condition "meta.do_multimodal == 0" (node_23) is false
[00:37:00.132] [bmv2] [D] [thread 91747] [178.0] [cxt 0] Pipeline 'ingress': end
[00:37:00.132] [bmv2] [D] [thread 91747] [178.0] [cxt 0] Multicast requested for packet
[00:37:00.132] [bmv2] [D] [thread 91747] number of packets replicated : 4 for MGID: 1
[00:37:00.132] [bmv2] [D] [thread 91747] [178.0] [cxt 0] Replicating packet on port 2
[00:37:00.132] [bmv2] [D] [thread 91747] [178.0] [cxt 0] Replicating packet on port 3
[00:37:00.132] [bmv2] [D] [thread 91747] [178.0] [cxt 0] Replicating packet on port 4
[00:37:00.132] [bmv2] [D] [thread 91750] [178.1] [cxt 0] Pipeline 'egress': start
[00:37:00.132] [bmv2] [T] [thread 91750] [178.1] [cxt 0] basic.p4(684) Condition "standard_metadata.mcast_grp != 0" (node_28) is true
[00:37:00.132] [bmv2] [T] [thread 91750] [178.1] [cxt 0] Applying table 'MyEgress.egress_encap_ipv6'
[00:37:00.132] [bmv2] [D] [thread 91750] [178.1] [cxt 0] Looking up key:
* standard_metadata.egress_port: 0002

[00:37:00.132] [bmv2] [D] [thread 91750] [178.1] [cxt 0] Table 'MyEgress.egress_encap_ipv6': miss
[00:37:00.132] [bmv2] [D] [thread 91750] [178.1] [cxt 0] Action entry is NoAction - 
[00:37:00.132] [bmv2] [T] [thread 91750] [178.1] [cxt 0] Action NoAction
[00:37:00.132] [bmv2] [T] [thread 91750] [178.1] [cxt 0] Applying table 'MyEgress.egress_encap_yequdesu'
[00:37:00.132] [bmv2] [D] [thread 91750] [178.1] [cxt 0] Looking up key:
* standard_metadata.egress_port: 0002

[00:37:00.132] [bmv2] [D] [thread 91750] [178.1] [cxt 0] Table 'MyEgress.egress_encap_yequdesu': miss
[00:37:00.132] [bmv2] [D] [thread 91750] [178.1] [cxt 0] Action entry is NoAction - 
[00:37:00.132] [bmv2] [T] [thread 91750] [178.1] [cxt 0] Action NoAction
[00:37:00.132] [bmv2] [T] [thread 91750] [178.1] [cxt 0] Applying table 'MyEgress.egress_encap_vxlan'
[00:37:00.132] [bmv2] [D] [thread 91750] [178.1] [cxt 0] Looking up key:
* standard_metadata.egress_port: 0002

[00:37:00.132] [bmv2] [D] [thread 91750] [178.1] [cxt 0] Table 'MyEgress.egress_encap_vxlan': miss
[00:37:00.132] [bmv2] [D] [thread 91750] [178.1] [cxt 0] Action entry is NoAction - 
[00:37:00.132] [bmv2] [T] [thread 91750] [178.1] [cxt 0] Action NoAction
[00:37:00.132] [bmv2] [D] [thread 91750] [178.1] [cxt 0] Pipeline 'egress': end
[00:37:00.132] [bmv2] [D] [thread 91750] [178.1] [cxt 0] Deparser 'deparser': start
[00:37:00.132] [bmv2] [D] [thread 91750] [178.1] [cxt 0] Updating checksum 'cksum'
[00:37:00.132] [bmv2] [D] [thread 91747] [178.0] [cxt 0] Replicating packet on port 5
[00:37:00.132] [bmv2] [D] [thread 91750] [178.1] [cxt 0] Deparsing header 'ethernet'
[00:37:00.132] [bmv2] [D] [thread 91750] [178.1] [cxt 0] Deparsing header 'ipv4'
[00:37:00.132] [bmv2] [D] [thread 91750] [178.1] [cxt 0] Deparser 'deparser': end
[00:37:00.132] [bmv2] [D] [thread 91748] [178.3] [cxt 0] Pipeline 'egress': start
[00:37:00.132] [bmv2] [T] [thread 91748] [178.3] [cxt 0] basic.p4(684) Condition "standard_metadata.mcast_grp != 0" (node_28) is true
[00:37:00.132] [bmv2] [T] [thread 91748] [178.3] [cxt 0] Applying table 'MyEgress.egress_encap_ipv6'
[00:37:00.132] [bmv2] [D] [thread 91751] [178.2] [cxt 0] Pipeline 'egress': start
[00:37:00.132] [bmv2] [D] [thread 91752] [178.1] [cxt 0] Transmitting packet of size 64 out of port 2
[00:37:00.132] [bmv2] [T] [thread 91751] [178.2] [cxt 0] basic.p4(684) Condition "standard_metadata.mcast_grp != 0" (node_28) is true
[00:37:00.132] [bmv2] [T] [thread 91751] [178.2] [cxt 0] Applying table 'MyEgress.egress_encap_ipv6'
[00:37:00.132] [bmv2] [D] [thread 91751] [178.2] [cxt 0] Looking up key:
* standard_metadata.egress_port: 0003

[00:37:00.132] [bmv2] [D] [thread 91748] [178.3] [cxt 0] Looking up key:
* standard_metadata.egress_port: 0004

[00:37:00.132] [bmv2] [D] [thread 91751] [178.2] [cxt 0] Table 'MyEgress.egress_encap_ipv6': hit with handle 0
[00:37:00.132] [bmv2] [D] [thread 91748] [178.3] [cxt 0] Table 'MyEgress.egress_encap_ipv6': miss
[00:37:00.132] [bmv2] [D] [thread 91751] [178.2] [cxt 0] Dumping entry 0
Match key:
* standard_metadata.egress_port: EXACT     0003
Action entry: MyEgress.encap_ipv6_egress - 20010db8000000000000000000000001,20010db8000000000000000000000002,

[00:37:00.132] [bmv2] [D] [thread 91751] [178.2] [cxt 0] Action entry is MyEgress.encap_ipv6_egress - 20010db8000000000000000000000001,20010db8000000000000000000000002,
[00:37:00.132] [bmv2] [T] [thread 91751] [178.2] [cxt 0] Action MyEgress.encap_ipv6_egress
[00:37:00.132] [bmv2] [T] [thread 91751] [178.2] [cxt 0] basic.p4(616) Primitive hdr.ipv6.setValid()
[00:37:00.132] [bmv2] [T] [thread 91751] [178.2] [cxt 0] basic.p4(617) Primitive hdr.ipv6.version = 6
[00:37:00.132] [bmv2] [D] [thread 91749] [178.4] [cxt 0] Pipeline 'egress': start
[00:37:00.132] [bmv2] [T] [thread 91749] [178.4] [cxt 0] basic.p4(684) Condition "standard_metadata.mcast_grp != 0" (node_28) is true
[00:37:00.132] [bmv2] [T] [thread 91749] [178.4] [cxt 0] Applying table 'MyEgress.egress_encap_ipv6'
[00:37:00.132] [bmv2] [D] [thread 91749] [178.4] [cxt 0] Looking up key:
* standard_metadata.egress_port: 0005

[00:37:00.132] [bmv2] [D] [thread 91748] [178.3] [cxt 0] Action entry is NoAction - 
[00:37:00.132] [bmv2] [D] [thread 91749] [178.4] [cxt 0] Table 'MyEgress.egress_encap_ipv6': miss
[00:37:00.132] [bmv2] [D] [thread 91749] [178.4] [cxt 0] Action entry is NoAction - 
[00:37:00.132] [bmv2] [T] [thread 91749] [178.4] [cxt 0] Action NoAction
[00:37:00.132] [bmv2] [T] [thread 91749] [178.4] [cxt 0] Applying table 'MyEgress.egress_encap_yequdesu'
[00:37:00.132] [bmv2] [D] [thread 91749] [178.4] [cxt 0] Looking up key:
* standard_metadata.egress_port: 0005

[00:37:00.132] [bmv2] [T] [thread 91748] [178.3] [cxt 0] Action NoAction
[00:37:00.132] [bmv2] [D] [thread 91749] [178.4] [cxt 0] Table 'MyEgress.egress_encap_yequdesu': miss
[00:37:00.132] [bmv2] [T] [thread 91748] [178.3] [cxt 0] Applying table 'MyEgress.egress_encap_yequdesu'
[00:37:00.132] [bmv2] [T] [thread 91751] [178.2] [cxt 0] basic.p4(618) Primitive hdr.ipv6.trafficClass = 0
[00:37:00.132] [bmv2] [D] [thread 91749] [178.4] [cxt 0] Action entry is NoAction - 
[00:37:00.132] [bmv2] [T] [thread 91749] [178.4] [cxt 0] Action NoAction
[00:37:00.132] [bmv2] [T] [thread 91749] [178.4] [cxt 0] Applying table 'MyEgress.egress_encap_vxlan'
[00:37:00.132] [bmv2] [D] [thread 91749] [178.4] [cxt 0] Looking up key:
* standard_metadata.egress_port: 0005

[00:37:00.132] [bmv2] [D] [thread 91749] [178.4] [cxt 0] Table 'MyEgress.egress_encap_vxlan': hit with handle 0
[00:37:00.132] [bmv2] [D] [thread 91748] [178.3] [cxt 0] Looking up key:
* standard_metadata.egress_port: 0004

[00:37:00.132] [bmv2] [D] [thread 91749] [178.4] [cxt 0] Dumping entry 0
Match key:
* standard_metadata.egress_port: EXACT     0005
Action entry: MyEgress.encap_vxlan_egress - 64,a00010a,a00020a,

[00:37:00.132] [bmv2] [D] [thread 91748] [178.3] [cxt 0] Table 'MyEgress.egress_encap_yequdesu': hit with handle 0
[00:37:00.132] [bmv2] [D] [thread 91749] [178.4] [cxt 0] Action entry is MyEgress.encap_vxlan_egress - 64,a00010a,a00020a,
[00:37:00.132] [bmv2] [T] [thread 91749] [178.4] [cxt 0] Action MyEgress.encap_vxlan_egress
[00:37:00.132] [bmv2] [T] [thread 91749] [178.4] [cxt 0] basic.p4(7) Primitive 0x800; ...
[00:37:00.132] [bmv2] [T] [thread 91751] [178.2] [cxt 0] basic.p4(619) Primitive hdr.ipv6.flowLabel = 0
[00:37:00.132] [bmv2] [T] [thread 91751] [178.2] [cxt 0] basic.p4(620) Primitive hdr.ipv6.payLoadLen = hdr.ipv4.totalLen
[00:37:00.132] [bmv2] [T] [thread 91751] [178.2] [cxt 0] basic.p4(621) Primitive hdr.ipv6.nextHdr = 4
[00:37:00.132] [bmv2] [T] [thread 91751] [178.2] [cxt 0] basic.p4(622) Primitive hdr.ipv6.hopLimit = 64
[00:37:00.132] [bmv2] [T] [thread 91751] [178.2] [cxt 0] basic.p4(623) Primitive hdr.ipv6.srcAddr = src
[00:37:00.132] [bmv2] [T] [thread 91751] [178.2] [cxt 0] basic.p4(624) Primitive hdr.ipv6.dstAddr = dst
[00:37:00.132] [bmv2] [T] [thread 91751] [178.2] [cxt 0] basic.p4(625) Primitive hdr.ipv4.ttl = hdr.ipv4.ttl - 1
[00:37:00.132] [bmv2] [T] [thread 91749] [178.4] [cxt 0] basic.p4(639) Primitive hdr.ipv4.setValid()
[00:37:00.132] [bmv2] [T] [thread 91751] [178.2] [cxt 0] basic.p4(626) Primitive hdr.ethernet.etherType = 0x86dd
[00:37:00.132] [bmv2] [T] [thread 91749] [178.4] [cxt 0] basic.p4(640) Primitive hdr.ipv4.version = 4
[00:37:00.132] [bmv2] [T] [thread 91751] [178.2] [cxt 0] Applying table 'MyEgress.egress_encap_yequdesu'
[00:37:00.132] [bmv2] [T] [thread 91749] [178.4] [cxt 0] basic.p4(641) Primitive hdr.ipv4.ihl = 5
[00:37:00.132] [bmv2] [T] [thread 91749] [178.4] [cxt 0] basic.p4(642) Primitive hdr.ipv4.diffserv = 0
[00:37:00.132] [bmv2] [D] [thread 91751] [178.2] [cxt 0] Looking up key:
* standard_metadata.egress_port: 0003

[00:37:00.132] [bmv2] [T] [thread 91749] [178.4] [cxt 0] basic.p4(643) Primitive hdr.ipv4.totalLen = hdr.ipv4.totalLen + 50
[00:37:00.132] [bmv2] [D] [thread 91751] [178.2] [cxt 0] Table 'MyEgress.egress_encap_yequdesu': miss
[00:37:00.132] [bmv2] [T] [thread 91749] [178.4] [cxt 0] basic.p4(644) Primitive hdr.ipv4.identification = 0
[00:37:00.132] [bmv2] [D] [thread 91751] [178.2] [cxt 0] Action entry is NoAction - 
[00:37:00.132] [bmv2] [T] [thread 91749] [178.4] [cxt 0] basic.p4(645) Primitive hdr.ipv4.flags = 0
[00:37:00.132] [bmv2] [T] [thread 91751] [178.2] [cxt 0] Action NoAction
[00:37:00.132] [bmv2] [T] [thread 91749] [178.4] [cxt 0] basic.p4(646) Primitive hdr.ipv4.fragOffset = 0
[00:37:00.132] [bmv2] [T] [thread 91751] [178.2] [cxt 0] Applying table 'MyEgress.egress_encap_vxlan'
[00:37:00.132] [bmv2] [T] [thread 91749] [178.4] [cxt 0] basic.p4(647) Primitive hdr.ipv4.ttl = 64
[00:37:00.132] [bmv2] [D] [thread 91751] [178.2] [cxt 0] Looking up key:
* standard_metadata.egress_port: 0003

[00:37:00.132] [bmv2] [D] [thread 91751] [178.2] [cxt 0] Table 'MyEgress.egress_encap_vxlan': miss
[00:37:00.132] [bmv2] [D] [thread 91751] [178.2] [cxt 0] Action entry is NoAction - 
[00:37:00.132] [bmv2] [T] [thread 91751] [178.2] [cxt 0] Action NoAction
[00:37:00.132] [bmv2] [D] [thread 91751] [178.2] [cxt 0] Pipeline 'egress': end
[00:37:00.132] [bmv2] [T] [thread 91749] [178.4] [cxt 0] basic.p4(13) Primitive 17; ...
[00:37:00.132] [bmv2] [D] [thread 91751] [178.2] [cxt 0] Deparser 'deparser': start
[00:37:00.132] [bmv2] [T] [thread 91749] [178.4] [cxt 0] basic.p4(649) Primitive hdr.ipv4.srcAddr = src
[00:37:00.132] [bmv2] [D] [thread 91751] [178.2] [cxt 0] Updating checksum 'cksum'
[00:37:00.132] [bmv2] [T] [thread 91749] [178.4] [cxt 0] basic.p4(650) Primitive hdr.ipv4.dstAddr = dst
[00:37:00.132] [bmv2] [T] [thread 91749] [178.4] [cxt 0] basic.p4(652) Primitive hdr.udp.setValid()
[00:37:00.132] [bmv2] [D] [thread 91751] [178.2] [cxt 0] Deparsing header 'ethernet'
[00:37:00.132] [bmv2] [T] [thread 91749] [178.4] [cxt 0] basic.p4(653) Primitive hdr.udp.srcPort = 4789
[00:37:00.133] [bmv2] [D] [thread 91751] [178.2] [cxt 0] Deparsing header 'ipv4'
[00:37:00.133] [bmv2] [T] [thread 91749] [178.4] [cxt 0] basic.p4(654) Primitive hdr.udp.dstPort = 4789
[00:37:00.133] [bmv2] [D] [thread 91751] [178.2] [cxt 0] Deparsing header 'ipv6'
[00:37:00.133] [bmv2] [T] [thread 91749] [178.4] [cxt 0] basic.p4(655) Primitive hdr.udp.length = hdr.udp.length + 38
[00:37:00.133] [bmv2] [D] [thread 91751] [178.2] [cxt 0] Deparser 'deparser': end
[00:37:00.133] [bmv2] [T] [thread 91749] [178.4] [cxt 0] basic.p4(656) Primitive hdr.udp.checksum = 0
[00:37:00.133] [bmv2] [T] [thread 91749] [178.4] [cxt 0] basic.p4(658) Primitive hdr.vxlan.setValid()
[00:37:00.133] [bmv2] [T] [thread 91749] [178.4] [cxt 0] basic.p4(659) Primitive hdr.vxlan.flags = 0x08
[00:37:00.133] [bmv2] [T] [thread 91749] [178.4] [cxt 0] basic.p4(660) Primitive hdr.vxlan.reserved1 = 0
[00:37:00.133] [bmv2] [T] [thread 91749] [178.4] [cxt 0] basic.p4(661) Primitive hdr.vxlan.vni = vni
[00:37:00.133] [bmv2] [T] [thread 91749] [178.4] [cxt 0] basic.p4(662) Primitive hdr.vxlan.reserved2 = 0
[00:37:00.133] [bmv2] [D] [thread 91749] [178.4] [cxt 0] Pipeline 'egress': end
[00:37:00.133] [bmv2] [D] [thread 91749] [178.4] [cxt 0] Deparser 'deparser': start
[00:37:00.133] [bmv2] [D] [thread 91749] [178.4] [cxt 0] Updating checksum 'cksum'
[00:37:00.133] [bmv2] [D] [thread 91749] [178.4] [cxt 0] Deparsing header 'ethernet'
[00:37:00.133] [bmv2] [D] [thread 91749] [178.4] [cxt 0] Deparsing header 'ipv4'
[00:37:00.133] [bmv2] [D] [thread 91749] [178.4] [cxt 0] Deparsing header 'udp'
[00:37:00.133] [bmv2] [D] [thread 91749] [178.4] [cxt 0] Deparsing header 'vxlan'
[00:37:00.133] [bmv2] [D] [thread 91749] [178.4] [cxt 0] Deparser 'deparser': end
[00:37:00.132] [bmv2] [D] [thread 91748] [178.3] [cxt 0] Dumping entry 0
Match key:
* standard_metadata.egress_port: EXACT     0004
Action entry: MyEgress.encap_yequdesu_egress - 12c,

[00:37:00.133] [bmv2] [D] [thread 91748] [178.3] [cxt 0] Action entry is MyEgress.encap_yequdesu_egress - 12c,
[00:37:00.133] [bmv2] [T] [thread 91748] [178.3] [cxt 0] Action MyEgress.encap_yequdesu_egress
[00:37:00.133] [bmv2] [T] [thread 91748] [178.3] [cxt 0] basic.p4(630) Primitive hdr.yequdesu.setValid()
[00:37:00.133] [bmv2] [T] [thread 91748] [178.3] [cxt 0] basic.p4(631) Primitive hdr.yequdesu.dst_id = dst_id
[00:37:00.133] [bmv2] [T] [thread 91748] [178.3] [cxt 0] basic.p4(632) Primitive hdr.yequdesu.proto_id = 0x800
[00:37:00.133] [bmv2] [T] [thread 91748] [178.3] [cxt 0] basic.p4(6) Primitive 0x1313; ...
[00:37:00.133] [bmv2] [T] [thread 91748] [178.3] [cxt 0] Applying table 'MyEgress.egress_encap_vxlan'
[00:37:00.133] [bmv2] [D] [thread 91748] [178.3] [cxt 0] Looking up key:
* standard_metadata.egress_port: 0004

[00:37:00.133] [bmv2] [D] [thread 91748] [178.3] [cxt 0] Table 'MyEgress.egress_encap_vxlan': miss
[00:37:00.133] [bmv2] [D] [thread 91752] [178.2] [cxt 0] Transmitting packet of size 104 out of port 3
[00:37:00.133] [bmv2] [D] [thread 91748] [178.3] [cxt 0] Action entry is NoAction - 
[00:37:00.133] [bmv2] [T] [thread 91748] [178.3] [cxt 0] Action NoAction
[00:37:00.133] [bmv2] [D] [thread 91752] [178.4] [cxt 0] Transmitting packet of size 80 out of port 5
[00:37:00.133] [bmv2] [D] [thread 91748] [178.3] [cxt 0] Pipeline 'egress': end
[00:37:00.133] [bmv2] [D] [thread 91748] [178.3] [cxt 0] Deparser 'deparser': start
[00:37:00.133] [bmv2] [D] [thread 91748] [178.3] [cxt 0] Updating checksum 'cksum'
[00:37:00.133] [bmv2] [D] [thread 91748] [178.3] [cxt 0] Deparsing header 'ethernet'
[00:37:00.133] [bmv2] [D] [thread 91748] [178.3] [cxt 0] Deparsing header 'yequdesu'
[00:37:00.133] [bmv2] [D] [thread 91748] [178.3] [cxt 0] Deparsing header 'ipv4'
[00:37:00.133] [bmv2] [D] [thread 91748] [178.3] [cxt 0] Deparser 'deparser': end
[00:37:00.133] [bmv2] [D] [thread 91752] [178.3] [cxt 0] Transmitting packet of size 68 out of port 4
[00:37:00.137] [bmv2] [D] [thread 91747] [179.0] [cxt 0] Processing packet received on port 2
[00:37:00.137] [bmv2] [D] [thread 91747] [179.0] [cxt 0] Parser 'parser': start
[00:37:00.137] [bmv2] [D] [thread 91747] [179.0] [cxt 0] Parser 'parser' entering state 'start'
[00:37:00.137] [bmv2] [D] [thread 91747] [179.0] [cxt 0] Extracting header 'ethernet'
[00:37:00.137] [bmv2] [D] [thread 91747] [179.0] [cxt 0] Parser state 'start': key is 0800
[00:37:00.137] [bmv2] [T] [thread 91747] [179.0] [cxt 0] Bytes parsed: 14
[00:37:00.137] [bmv2] [D] [thread 91747] [179.0] [cxt 0] Parser 'parser' entering state 'parse_ipv4'
[00:37:00.137] [bmv2] [D] [thread 91747] [179.0] [cxt 0] Extracting header 'ipv4'
[00:37:00.137] [bmv2] [D] [thread 91747] [179.0] [cxt 0] Parser state 'parse_ipv4': key is 06
[00:37:00.137] [bmv2] [T] [thread 91747] [179.0] [cxt 0] Bytes parsed: 34
[00:37:00.137] [bmv2] [D] [thread 91747] [179.0] [cxt 0] Parser 'parser': end
[00:37:00.137] [bmv2] [D] [thread 91747] [179.0] [cxt 0] Pipeline 'ingress': start
[00:37:00.137] [bmv2] [T] [thread 91747] [179.0] [cxt 0] basic.p4(560) Condition "hdr.ethernet.etherType == TYPE_ARP" (node_2) is false
[00:37:00.137] [bmv2] [T] [thread 91747] [179.0] [cxt 0] basic.p4(563) Condition "hdr.ethernet.etherType == TYPE_SRCROUTING" (node_4) is false
[00:37:00.137] [bmv2] [T] [thread 91747] [179.0] [cxt 0] basic.p4(576) Condition "hdr.ethernet.etherType == TYPE_YEQUDESU" (node_12) is false
[00:37:00.137] [bmv2] [T] [thread 91747] [179.0] [cxt 0] basic.p4(582) Condition "hdr.vxlan.isValid()" (node_15) is false
[00:37:00.137] [bmv2] [T] [thread 91747] [179.0] [cxt 0] basic.p4(586) Condition "hdr.ipv6.isValid()" (node_17) is false
[00:37:00.137] [bmv2] [T] [thread 91747] [179.0] [cxt 0] basic.p4(590) Condition "hdr.ipv4.isValid()" (node_19) is true
[00:37:00.137] [bmv2] [T] [thread 91747] [179.0] [cxt 0] basic.p4(592) Condition "hdr.udp.isValid() && hdr.udp.dstPort == VXLAN_PORT" (node_20) is false
[00:37:00.137] [bmv2] [T] [thread 91747] [179.0] [cxt 0] Applying table 'MyIngress.modality_schedule'
[00:37:00.137] [bmv2] [D] [thread 91747] [179.0] [cxt 0] Looking up key:
* hdr.ipv4.dstAddr    : 0a000101

[00:37:00.137] [bmv2] [D] [thread 91747] [179.0] [cxt 0] Table 'MyIngress.modality_schedule': miss
[00:37:00.137] [bmv2] [D] [thread 91747] [179.0] [cxt 0] Action entry is NoAction - 
[00:37:00.137] [bmv2] [T] [thread 91747] [179.0] [cxt 0] Action NoAction
[00:37:00.137] [bmv2] [T] [thread 91747] [179.0] [cxt 0] basic.p4(597) Condition "meta.do_multimodal == 0" (node_23) is true
[00:37:00.137] [bmv2] [T] [thread 91747] [179.0] [cxt 0] Applying table 'MyIngress.adjudication'
[00:37:00.137] [bmv2] [D] [thread 91747] [179.0] [cxt 0] Looking up key:
* hdr.ipv4.dstAddr    : 0a000101

[00:37:00.137] [bmv2] [D] [thread 91747] [179.0] [cxt 0] Table 'MyIngress.adjudication': hit with handle 0
[00:37:00.137] [bmv2] [D] [thread 91747] [179.0] [cxt 0] Dumping entry 0
Match key:
* hdr.ipv4.dstAddr    : EXACT     0a000101
Action entry: MyIngress.clone_to_cpu - 64,

[00:37:00.137] [bmv2] [D] [thread 91747] [179.0] [cxt 0] Action entry is MyIngress.clone_to_cpu - 64,
[00:37:00.137] [bmv2] [T] [thread 91747] [179.0] [cxt 0] Action MyIngress.clone_to_cpu
[00:37:00.137] [bmv2] [T] [thread 91747] [179.0] [cxt 0] basic.p4(302) Primitive clone(CloneType.I2E, session_id)
[00:37:00.137] [bmv2] [T] [thread 91747] [179.0] [cxt 0] basic.p4(232) Primitive mark_to_drop(standard_metadata)
[00:37:00.137] [bmv2] [T] [thread 91747] [179.0] [cxt 0] Applying table 'MyIngress.ipv4_lpm'
[00:37:00.137] [bmv2] [D] [thread 91747] [179.0] [cxt 0] Looking up key:
* hdr.ipv4.dstAddr    : 0a000101

[00:37:00.137] [bmv2] [D] [thread 91747] [179.0] [cxt 0] Table 'MyIngress.ipv4_lpm': hit with handle 3
[00:37:00.137] [bmv2] [D] [thread 91747] [179.0] [cxt 0] Dumping entry 3
Match key:
* hdr.ipv4.dstAddr    : LPM       0a000101/32
Action entry: MyIngress.ipv4_forward - 80000000111,1,

[00:37:00.137] [bmv2] [D] [thread 91747] [179.0] [cxt 0] Action entry is MyIngress.ipv4_forward - 80000000111,1,
[00:37:00.137] [bmv2] [T] [thread 91747] [179.0] [cxt 0] Action MyIngress.ipv4_forward
[00:37:00.137] [bmv2] [T] [thread 91747] [179.0] [cxt 0] basic.p4(236) Primitive standard_metadata.egress_spec = port
[00:37:00.137] [bmv2] [T] [thread 91747] [179.0] [cxt 0] basic.p4(237) Primitive hdr.ethernet.srcAddr = hdr.ethernet.dstAddr
[00:37:00.137] [bmv2] [T] [thread 91747] [179.0] [cxt 0] basic.p4(238) Primitive hdr.ethernet.dstAddr = dstAddr
[00:37:00.137] [bmv2] [T] [thread 91747] [179.0] [cxt 0] basic.p4(239) Primitive hdr.ipv4.ttl = hdr.ipv4.ttl - 1
[00:37:00.137] [bmv2] [D] [thread 91747] [179.0] [cxt 0] Pipeline 'ingress': end
[00:37:00.137] [bmv2] [D] [thread 91747] [179.0] [cxt 0] Cloning packet at ingress
[00:37:00.137] [bmv2] [D] [thread 91747] [179.0] [cxt 0] Egress port is 1
[00:37:00.137] [bmv2] [D] [thread 91749] [179.0] [cxt 0] Pipeline 'egress': start
[00:37:00.137] [bmv2] [T] [thread 91749] [179.0] [cxt 0] basic.p4(684) Condition "standard_metadata.mcast_grp != 0" (node_28) is false
[00:37:00.137] [bmv2] [D] [thread 91749] [179.0] [cxt 0] Pipeline 'egress': end
[00:37:00.137] [bmv2] [D] [thread 91749] [179.0] [cxt 0] Deparser 'deparser': start
[00:37:00.137] [bmv2] [D] [thread 91749] [179.0] [cxt 0] Updating checksum 'cksum'
[00:37:00.137] [bmv2] [D] [thread 91749] [179.0] [cxt 0] Deparsing header 'ethernet'
[00:37:00.137] [bmv2] [D] [thread 91749] [179.0] [cxt 0] Deparsing header 'ipv4'
[00:37:00.137] [bmv2] [D] [thread 91749] [179.0] [cxt 0] Deparser 'deparser': end
[00:37:00.138] [bmv2] [D] [thread 91752] [179.0] [cxt 0] Transmitting packet of size 54 out of port 1
[00:37:00.138] [bmv2] [D] [thread 91747] [180.0] [cxt 0] Processing packet received on port 4
[00:37:00.138] [bmv2] [D] [thread 91747] [180.0] [cxt 0] Parser 'parser': start
[00:37:00.138] [bmv2] [D] [thread 91747] [180.0] [cxt 0] Parser 'parser' entering state 'start'
[00:37:00.138] [bmv2] [D] [thread 91747] [180.0] [cxt 0] Extracting header 'ethernet'
[00:37:00.138] [bmv2] [D] [thread 91747] [180.0] [cxt 0] Parser state 'start': key is 1313
[00:37:00.138] [bmv2] [T] [thread 91747] [180.0] [cxt 0] Bytes parsed: 14
[00:37:00.138] [bmv2] [D] [thread 91747] [180.0] [cxt 0] Parser 'parser' entering state 'parse_yequdesu'
[00:37:00.138] [bmv2] [D] [thread 91747] [180.0] [cxt 0] Extracting header 'yequdesu'
[00:37:00.138] [bmv2] [D] [thread 91747] [180.0] [cxt 0] Parser state 'parse_yequdesu': key is 0800
[00:37:00.138] [bmv2] [T] [thread 91747] [180.0] [cxt 0] Bytes parsed: 18
[00:37:00.138] [bmv2] [D] [thread 91747] [180.0] [cxt 0] Parser 'parser' entering state 'parse_ipv4'
[00:37:00.138] [bmv2] [D] [thread 91747] [180.0] [cxt 0] Extracting header 'ipv4'
[00:37:00.138] [bmv2] [D] [thread 91747] [180.0] [cxt 0] Parser state 'parse_ipv4': key is 06
[00:37:00.138] [bmv2] [T] [thread 91747] [180.0] [cxt 0] Bytes parsed: 38
[00:37:00.138] [bmv2] [D] [thread 91747] [180.0] [cxt 0] Parser 'parser': end
[00:37:00.138] [bmv2] [D] [thread 91747] [180.0] [cxt 0] Pipeline 'ingress': start
[00:37:00.138] [bmv2] [T] [thread 91747] [180.0] [cxt 0] basic.p4(560) Condition "hdr.ethernet.etherType == TYPE_ARP" (node_2) is false
[00:37:00.138] [bmv2] [T] [thread 91747] [180.0] [cxt 0] basic.p4(563) Condition "hdr.ethernet.etherType == TYPE_SRCROUTING" (node_4) is false
[00:37:00.138] [bmv2] [T] [thread 91747] [180.0] [cxt 0] basic.p4(576) Condition "hdr.ethernet.etherType == TYPE_YEQUDESU" (node_12) is true
[00:37:00.138] [bmv2] [T] [thread 91747] [180.0] [cxt 0] basic.p4(578) Condition "hdr.yequdesu.isValid()" (node_13) is true
[00:37:00.138] [bmv2] [T] [thread 91747] [180.0] [cxt 0] Applying table 'MyIngress.yequdesu_exact'
[00:37:00.138] [bmv2] [D] [thread 91747] [180.0] [cxt 0] Looking up key:
* hdr.yequdesu.dst_id : 012d

[00:37:00.138] [bmv2] [D] [thread 91747] [180.0] [cxt 0] Table 'MyIngress.yequdesu_exact': hit with handle 1
[00:37:00.138] [bmv2] [D] [thread 91747] [180.0] [cxt 0] Dumping entry 1
Match key:
* hdr.yequdesu.dst_id : EXACT     012d
Action entry: MyIngress.yequdesu_egress - 80000000111,1,

[00:37:00.138] [bmv2] [D] [thread 91747] [180.0] [cxt 0] Action entry is MyIngress.yequdesu_egress - 80000000111,1,
[00:37:00.138] [bmv2] [T] [thread 91747] [180.0] [cxt 0] Action MyIngress.yequdesu_egress
[00:37:00.138] [bmv2] [T] [thread 91747] [180.0] [cxt 0] basic.p4(262) Primitive standard_metadata.egress_spec = port
[00:37:00.138] [bmv2] [T] [thread 91747] [180.0] [cxt 0] basic.p4(263) Primitive hdr.ethernet.dstAddr = dstAddr
[00:37:00.138] [bmv2] [T] [thread 91747] [180.0] [cxt 0] basic.p4(264) Primitive hdr.ethernet.etherType = hdr.yequdesu.proto_id
[00:37:00.138] [bmv2] [T] [thread 91747] [180.0] [cxt 0] basic.p4(265) Primitive hdr.yequdesu.setInvalid()
[00:37:00.138] [bmv2] [D] [thread 91747] [180.0] [cxt 0] Pipeline 'ingress': end
[00:37:00.138] [bmv2] [D] [thread 91747] [180.0] [cxt 0] Egress port is 1
[00:37:00.138] [bmv2] [D] [thread 91747] [181.0] [cxt 0] Processing packet received on port 2
[00:37:00.138] [bmv2] [D] [thread 91747] [181.0] [cxt 0] Parser 'parser': start
[00:37:00.138] [bmv2] [D] [thread 91747] [181.0] [cxt 0] Parser 'parser' entering state 'start'
[00:37:00.138] [bmv2] [D] [thread 91747] [181.0] [cxt 0] Extracting header 'ethernet'
[00:37:00.138] [bmv2] [D] [thread 91747] [181.0] [cxt 0] Parser state 'start': key is 0800
[00:37:00.138] [bmv2] [T] [thread 91747] [181.0] [cxt 0] Bytes parsed: 14
[00:37:00.138] [bmv2] [D] [thread 91747] [181.0] [cxt 0] Parser 'parser' entering state 'parse_ipv4'
[00:37:00.138] [bmv2] [D] [thread 91747] [181.0] [cxt 0] Extracting header 'ipv4'
[00:37:00.138] [bmv2] [D] [thread 91747] [181.0] [cxt 0] Parser state 'parse_ipv4': key is 06
[00:37:00.138] [bmv2] [T] [thread 91747] [181.0] [cxt 0] Bytes parsed: 34
[00:37:00.138] [bmv2] [D] [thread 91747] [181.0] [cxt 0] Parser 'parser': end
[00:37:00.138] [bmv2] [D] [thread 91747] [181.0] [cxt 0] Pipeline 'ingress': start
[00:37:00.138] [bmv2] [T] [thread 91747] [181.0] [cxt 0] basic.p4(560) Condition "hdr.ethernet.etherType == TYPE_ARP" (node_2) is false
[00:37:00.138] [bmv2] [T] [thread 91747] [181.0] [cxt 0] basic.p4(563) Condition "hdr.ethernet.etherType == TYPE_SRCROUTING" (node_4) is false
[00:37:00.138] [bmv2] [T] [thread 91747] [181.0] [cxt 0] basic.p4(576) Condition "hdr.ethernet.etherType == TYPE_YEQUDESU" (node_12) is false
[00:37:00.138] [bmv2] [T] [thread 91747] [181.0] [cxt 0] basic.p4(582) Condition "hdr.vxlan.isValid()" (node_15) is false
[00:37:00.138] [bmv2] [T] [thread 91747] [181.0] [cxt 0] basic.p4(586) Condition "hdr.ipv6.isValid()" (node_17) is false
[00:37:00.138] [bmv2] [T] [thread 91747] [181.0] [cxt 0] basic.p4(590) Condition "hdr.ipv4.isValid()" (node_19) is true
[00:37:00.138] [bmv2] [T] [thread 91747] [181.0] [cxt 0] basic.p4(592) Condition "hdr.udp.isValid() && hdr.udp.dstPort == VXLAN_PORT" (node_20) is false
[00:37:00.138] [bmv2] [T] [thread 91747] [181.0] [cxt 0] Applying table 'MyIngress.modality_schedule'
[00:37:00.138] [bmv2] [D] [thread 91747] [181.0] [cxt 0] Looking up key:
* hdr.ipv4.dstAddr    : 0a000101

[00:37:00.138] [bmv2] [D] [thread 91747] [181.0] [cxt 0] Table 'MyIngress.modality_schedule': miss
[00:37:00.138] [bmv2] [D] [thread 91747] [181.0] [cxt 0] Action entry is NoAction - 
[00:37:00.138] [bmv2] [T] [thread 91747] [181.0] [cxt 0] Action NoAction
[00:37:00.138] [bmv2] [T] [thread 91747] [181.0] [cxt 0] basic.p4(597) Condition "meta.do_multimodal == 0" (node_23) is true
[00:37:00.138] [bmv2] [T] [thread 91747] [181.0] [cxt 0] Applying table 'MyIngress.adjudication'
[00:37:00.138] [bmv2] [D] [thread 91747] [181.0] [cxt 0] Looking up key:
* hdr.ipv4.dstAddr    : 0a000101

[00:37:00.138] [bmv2] [D] [thread 91749] [180.0] [cxt 0] Pipeline 'egress': start
[00:37:00.139] [bmv2] [D] [thread 91747] [181.0] [cxt 0] Table 'MyIngress.adjudication': hit with handle 0
[00:37:00.139] [bmv2] [T] [thread 91749] [180.0] [cxt 0] basic.p4(684) Condition "standard_metadata.mcast_grp != 0" (node_28) is false
[00:37:00.139] [bmv2] [D] [thread 91749] [180.0] [cxt 0] Pipeline 'egress': end
[00:37:00.139] [bmv2] [D] [thread 91749] [180.0] [cxt 0] Deparser 'deparser': start
[00:37:00.139] [bmv2] [D] [thread 91749] [180.0] [cxt 0] Updating checksum 'cksum'
[00:37:00.139] [bmv2] [D] [thread 91749] [180.0] [cxt 0] Deparsing header 'ethernet'
[00:37:00.139] [bmv2] [D] [thread 91747] [181.0] [cxt 0] Dumping entry 0
Match key:
* hdr.ipv4.dstAddr    : EXACT     0a000101
Action entry: MyIngress.clone_to_cpu - 64,

[00:37:00.139] [bmv2] [D] [thread 91747] [181.0] [cxt 0] Action entry is MyIngress.clone_to_cpu - 64,
[00:37:00.139] [bmv2] [T] [thread 91747] [181.0] [cxt 0] Action MyIngress.clone_to_cpu
[00:37:00.139] [bmv2] [T] [thread 91747] [181.0] [cxt 0] basic.p4(302) Primitive clone(CloneType.I2E, session_id)
[00:37:00.139] [bmv2] [T] [thread 91747] [181.0] [cxt 0] basic.p4(232) Primitive mark_to_drop(standard_metadata)
[00:37:00.139] [bmv2] [T] [thread 91747] [181.0] [cxt 0] Applying table 'MyIngress.ipv4_lpm'
[00:37:00.139] [bmv2] [D] [thread 91747] [181.0] [cxt 0] Looking up key:
* hdr.ipv4.dstAddr    : 0a000101

[00:37:00.139] [bmv2] [D] [thread 91749] [180.0] [cxt 0] Deparsing header 'ipv4'
[00:37:00.139] [bmv2] [D] [thread 91747] [181.0] [cxt 0] Table 'MyIngress.ipv4_lpm': hit with handle 3
[00:37:00.139] [bmv2] [D] [thread 91749] [180.0] [cxt 0] Deparser 'deparser': end
[00:37:00.139] [bmv2] [D] [thread 91747] [181.0] [cxt 0] Dumping entry 3
Match key:
* hdr.ipv4.dstAddr    : LPM       0a000101/32
Action entry: MyIngress.ipv4_forward - 80000000111,1,

[00:37:00.139] [bmv2] [D] [thread 91752] [180.0] [cxt 0] Transmitting packet of size 54 out of port 1
[00:37:00.139] [bmv2] [D] [thread 91747] [181.0] [cxt 0] Action entry is MyIngress.ipv4_forward - 80000000111,1,
[00:37:00.139] [bmv2] [T] [thread 91747] [181.0] [cxt 0] Action MyIngress.ipv4_forward
[00:37:00.139] [bmv2] [T] [thread 91747] [181.0] [cxt 0] basic.p4(236) Primitive standard_metadata.egress_spec = port
[00:37:00.139] [bmv2] [T] [thread 91747] [181.0] [cxt 0] basic.p4(237) Primitive hdr.ethernet.srcAddr = hdr.ethernet.dstAddr
[00:37:00.139] [bmv2] [T] [thread 91747] [181.0] [cxt 0] basic.p4(238) Primitive hdr.ethernet.dstAddr = dstAddr
[00:37:00.139] [bmv2] [T] [thread 91747] [181.0] [cxt 0] basic.p4(239) Primitive hdr.ipv4.ttl = hdr.ipv4.ttl - 1
[00:37:00.139] [bmv2] [D] [thread 91747] [181.0] [cxt 0] Pipeline 'ingress': end
[00:37:00.139] [bmv2] [D] [thread 91747] [181.0] [cxt 0] Cloning packet at ingress
[00:37:00.139] [bmv2] [D] [thread 91747] [181.0] [cxt 0] Egress port is 1
[00:37:00.139] [bmv2] [D] [thread 91747] [182.0] [cxt 0] Processing packet received on port 4
[00:37:00.139] [bmv2] [D] [thread 91747] [182.0] [cxt 0] Parser 'parser': start
[00:37:00.139] [bmv2] [D] [thread 91747] [182.0] [cxt 0] Parser 'parser' entering state 'start'
[00:37:00.139] [bmv2] [D] [thread 91747] [182.0] [cxt 0] Extracting header 'ethernet'
[00:37:00.139] [bmv2] [D] [thread 91747] [182.0] [cxt 0] Parser state 'start': key is 1313
[00:37:00.139] [bmv2] [T] [thread 91747] [182.0] [cxt 0] Bytes parsed: 14
[00:37:00.139] [bmv2] [D] [thread 91747] [182.0] [cxt 0] Parser 'parser' entering state 'parse_yequdesu'
[00:37:00.139] [bmv2] [D] [thread 91747] [182.0] [cxt 0] Extracting header 'yequdesu'
[00:37:00.139] [bmv2] [D] [thread 91747] [182.0] [cxt 0] Parser state 'parse_yequdesu': key is 0800
[00:37:00.139] [bmv2] [T] [thread 91747] [182.0] [cxt 0] Bytes parsed: 18
[00:37:00.139] [bmv2] [D] [thread 91747] [182.0] [cxt 0] Parser 'parser' entering state 'parse_ipv4'
[00:37:00.139] [bmv2] [D] [thread 91749] [181.0] [cxt 0] Pipeline 'egress': start
[00:37:00.139] [bmv2] [D] [thread 91747] [182.0] [cxt 0] Extracting header 'ipv4'
[00:37:00.139] [bmv2] [D] [thread 91747] [182.0] [cxt 0] Parser state 'parse_ipv4': key is 06
[00:37:00.139] [bmv2] [T] [thread 91749] [181.0] [cxt 0] basic.p4(684) Condition "standard_metadata.mcast_grp != 0" (node_28) is false
[00:37:00.139] [bmv2] [T] [thread 91747] [182.0] [cxt 0] Bytes parsed: 38
[00:37:00.139] [bmv2] [D] [thread 91749] [181.0] [cxt 0] Pipeline 'egress': end
[00:37:00.139] [bmv2] [D] [thread 91747] [182.0] [cxt 0] Parser 'parser': end
[00:37:00.139] [bmv2] [D] [thread 91749] [181.0] [cxt 0] Deparser 'deparser': start
[00:37:00.139] [bmv2] [D] [thread 91747] [182.0] [cxt 0] Pipeline 'ingress': start
[00:37:00.139] [bmv2] [D] [thread 91749] [181.0] [cxt 0] Updating checksum 'cksum'
[00:37:00.139] [bmv2] [T] [thread 91747] [182.0] [cxt 0] basic.p4(560) Condition "hdr.ethernet.etherType == TYPE_ARP" (node_2) is false
[00:37:00.139] [bmv2] [T] [thread 91747] [182.0] [cxt 0] basic.p4(563) Condition "hdr.ethernet.etherType == TYPE_SRCROUTING" (node_4) is false
[00:37:00.139] [bmv2] [D] [thread 91749] [181.0] [cxt 0] Deparsing header 'ethernet'
[00:37:00.139] [bmv2] [T] [thread 91747] [182.0] [cxt 0] basic.p4(576) Condition "hdr.ethernet.etherType == TYPE_YEQUDESU" (node_12) is true
[00:37:00.139] [bmv2] [D] [thread 91749] [181.0] [cxt 0] Deparsing header 'ipv4'
[00:37:00.139] [bmv2] [T] [thread 91747] [182.0] [cxt 0] basic.p4(578) Condition "hdr.yequdesu.isValid()" (node_13) is true
[00:37:00.139] [bmv2] [D] [thread 91749] [181.0] [cxt 0] Deparser 'deparser': end
[00:37:00.139] [bmv2] [T] [thread 91747] [182.0] [cxt 0] Applying table 'MyIngress.yequdesu_exact'
[00:37:00.139] [bmv2] [D] [thread 91747] [182.0] [cxt 0] Looking up key:
* hdr.yequdesu.dst_id : 012d

[00:37:00.139] [bmv2] [D] [thread 91747] [182.0] [cxt 0] Table 'MyIngress.yequdesu_exact': hit with handle 1
[00:37:00.139] [bmv2] [D] [thread 91747] [182.0] [cxt 0] Dumping entry 1
Match key:
* hdr.yequdesu.dst_id : EXACT     012d
Action entry: MyIngress.yequdesu_egress - 80000000111,1,

[00:37:00.139] [bmv2] [D] [thread 91747] [182.0] [cxt 0] Action entry is MyIngress.yequdesu_egress - 80000000111,1,
[00:37:00.139] [bmv2] [T] [thread 91747] [182.0] [cxt 0] Action MyIngress.yequdesu_egress
[00:37:00.139] [bmv2] [T] [thread 91747] [182.0] [cxt 0] basic.p4(262) Primitive standard_metadata.egress_spec = port
[00:37:00.139] [bmv2] [T] [thread 91747] [182.0] [cxt 0] basic.p4(263) Primitive hdr.ethernet.dstAddr = dstAddr
[00:37:00.139] [bmv2] [T] [thread 91747] [182.0] [cxt 0] basic.p4(264) Primitive hdr.ethernet.etherType = hdr.yequdesu.proto_id
[00:37:00.139] [bmv2] [T] [thread 91747] [182.0] [cxt 0] basic.p4(265) Primitive hdr.yequdesu.setInvalid()
[00:37:00.139] [bmv2] [D] [thread 91747] [182.0] [cxt 0] Pipeline 'ingress': end
[00:37:00.139] [bmv2] [D] [thread 91747] [182.0] [cxt 0] Egress port is 1
[00:37:00.139] [bmv2] [D] [thread 91749] [182.0] [cxt 0] Pipeline 'egress': start
[00:37:00.139] [bmv2] [T] [thread 91749] [182.0] [cxt 0] basic.p4(684) Condition "standard_metadata.mcast_grp != 0" (node_28) is false
[00:37:00.139] [bmv2] [D] [thread 91749] [182.0] [cxt 0] Pipeline 'egress': end
[00:37:00.139] [bmv2] [D] [thread 91749] [182.0] [cxt 0] Deparser 'deparser': start
[00:37:00.139] [bmv2] [D] [thread 91749] [182.0] [cxt 0] Updating checksum 'cksum'
[00:37:00.139] [bmv2] [D] [thread 91749] [182.0] [cxt 0] Deparsing header 'ethernet'
[00:37:00.139] [bmv2] [D] [thread 91749] [182.0] [cxt 0] Deparsing header 'ipv4'
[00:37:00.139] [bmv2] [D] [thread 91749] [182.0] [cxt 0] Deparser 'deparser': end
[00:37:00.139] [bmv2] [D] [thread 91752] [181.0] [cxt 0] Transmitting packet of size 54 out of port 1
[00:37:00.139] [bmv2] [D] [thread 91752] [182.0] [cxt 0] Transmitting packet of size 54 out of port 1
[00:37:00.557] [bmv2] [D] [thread 91747] [183.0] [cxt 0] Processing packet received on port 1
[00:37:00.557] [bmv2] [D] [thread 91747] [183.0] [cxt 0] Parser 'parser': start
[00:37:00.557] [bmv2] [D] [thread 91747] [183.0] [cxt 0] Parser 'parser' entering state 'start'
[00:37:00.557] [bmv2] [D] [thread 91747] [183.0] [cxt 0] Extracting header 'ethernet'
[00:37:00.557] [bmv2] [D] [thread 91747] [183.0] [cxt 0] Parser state 'start': key is 86dd
[00:37:00.557] [bmv2] [T] [thread 91747] [183.0] [cxt 0] Bytes parsed: 14
[00:37:00.557] [bmv2] [D] [thread 91747] [183.0] [cxt 0] Parser 'parser' entering state 'parse_ipv6'
[00:37:00.557] [bmv2] [D] [thread 91747] [183.0] [cxt 0] Extracting header 'ipv6'
[00:37:00.557] [bmv2] [D] [thread 91747] [183.0] [cxt 0] Parser state 'parse_ipv6': key is 3a
[00:37:00.557] [bmv2] [T] [thread 91747] [183.0] [cxt 0] Bytes parsed: 54
[00:37:00.557] [bmv2] [D] [thread 91747] [183.0] [cxt 0] Parser 'parser': end
[00:37:00.557] [bmv2] [D] [thread 91747] [183.0] [cxt 0] Pipeline 'ingress': start
[00:37:00.557] [bmv2] [T] [thread 91747] [183.0] [cxt 0] basic.p4(560) Condition "hdr.ethernet.etherType == TYPE_ARP" (node_2) is false
[00:37:00.557] [bmv2] [T] [thread 91747] [183.0] [cxt 0] basic.p4(563) Condition "hdr.ethernet.etherType == TYPE_SRCROUTING" (node_4) is false
[00:37:00.557] [bmv2] [T] [thread 91747] [183.0] [cxt 0] basic.p4(576) Condition "hdr.ethernet.etherType == TYPE_YEQUDESU" (node_12) is false
[00:37:00.557] [bmv2] [T] [thread 91747] [183.0] [cxt 0] basic.p4(582) Condition "hdr.vxlan.isValid()" (node_15) is false
[00:37:00.557] [bmv2] [T] [thread 91747] [183.0] [cxt 0] basic.p4(586) Condition "hdr.ipv6.isValid()" (node_17) is true
[00:37:00.558] [bmv2] [T] [thread 91747] [183.0] [cxt 0] Applying table 'MyIngress.ipv6_lpm'
[00:37:00.558] [bmv2] [D] [thread 91747] [183.0] [cxt 0] Looking up key:
* hdr.ipv6.dstAddr    : ff020000000000000000000000000002

[00:37:00.558] [bmv2] [D] [thread 91747] [183.0] [cxt 0] Table 'MyIngress.ipv6_lpm': miss
[00:37:00.558] [bmv2] [D] [thread 91747] [183.0] [cxt 0] Action entry is NoAction - 
[00:37:00.558] [bmv2] [T] [thread 91747] [183.0] [cxt 0] Action NoAction
[00:37:00.558] [bmv2] [D] [thread 91747] [183.0] [cxt 0] Pipeline 'ingress': end
[00:37:00.558] [bmv2] [D] [thread 91747] [183.0] [cxt 0] Egress port is 0
[00:37:00.558] [bmv2] [D] [thread 91748] [183.0] [cxt 0] Pipeline 'egress': start
[00:37:00.558] [bmv2] [T] [thread 91748] [183.0] [cxt 0] basic.p4(684) Condition "standard_metadata.mcast_grp != 0" (node_28) is false
[00:37:00.558] [bmv2] [D] [thread 91748] [183.0] [cxt 0] Pipeline 'egress': end
[00:37:00.558] [bmv2] [D] [thread 91748] [183.0] [cxt 0] Deparser 'deparser': start
[00:37:00.558] [bmv2] [T] [thread 91748] [183.0] [cxt 0] Skipping checksum 'cksum' update because condition not met
[00:37:00.558] [bmv2] [D] [thread 91748] [183.0] [cxt 0] Deparsing header 'ethernet'
[00:37:00.558] [bmv2] [D] [thread 91748] [183.0] [cxt 0] Deparsing header 'ipv6'
[00:37:00.558] [bmv2] [D] [thread 91748] [183.0] [cxt 0] Deparser 'deparser': end
[00:37:00.558] [bmv2] [D] [thread 91752] [183.0] [cxt 0] Transmitting packet of size 70 out of port 0
[00:37:06.189] [bmv2] [D] [thread 91747] [184.0] [cxt 0] Processing packet received on port 2
[00:37:06.189] [bmv2] [D] [thread 91747] [184.0] [cxt 0] Parser 'parser': start
[00:37:06.189] [bmv2] [D] [thread 91747] [184.0] [cxt 0] Parser 'parser' entering state 'start'
[00:37:06.189] [bmv2] [D] [thread 91747] [184.0] [cxt 0] Extracting header 'ethernet'
[00:37:06.189] [bmv2] [D] [thread 91747] [184.0] [cxt 0] Parser state 'start': key is 86dd
[00:37:06.189] [bmv2] [T] [thread 91747] [184.0] [cxt 0] Bytes parsed: 14
[00:37:06.189] [bmv2] [D] [thread 91747] [184.0] [cxt 0] Parser 'parser' entering state 'parse_ipv6'
[00:37:06.189] [bmv2] [D] [thread 91747] [184.0] [cxt 0] Extracting header 'ipv6'
[00:37:06.189] [bmv2] [D] [thread 91747] [184.0] [cxt 0] Parser state 'parse_ipv6': key is 3a
[00:37:06.189] [bmv2] [T] [thread 91747] [184.0] [cxt 0] Bytes parsed: 54
[00:37:06.189] [bmv2] [D] [thread 91747] [184.0] [cxt 0] Parser 'parser': end
[00:37:06.189] [bmv2] [D] [thread 91747] [184.0] [cxt 0] Pipeline 'ingress': start
[00:37:06.189] [bmv2] [T] [thread 91747] [184.0] [cxt 0] basic.p4(560) Condition "hdr.ethernet.etherType == TYPE_ARP" (node_2) is false
[00:37:06.189] [bmv2] [T] [thread 91747] [184.0] [cxt 0] basic.p4(563) Condition "hdr.ethernet.etherType == TYPE_SRCROUTING" (node_4) is false
[00:37:06.189] [bmv2] [T] [thread 91747] [184.0] [cxt 0] basic.p4(576) Condition "hdr.ethernet.etherType == TYPE_YEQUDESU" (node_12) is false
[00:37:06.189] [bmv2] [T] [thread 91747] [184.0] [cxt 0] basic.p4(582) Condition "hdr.vxlan.isValid()" (node_15) is false
[00:37:06.189] [bmv2] [T] [thread 91747] [184.0] [cxt 0] basic.p4(586) Condition "hdr.ipv6.isValid()" (node_17) is true
[00:37:06.189] [bmv2] [T] [thread 91747] [184.0] [cxt 0] Applying table 'MyIngress.ipv6_lpm'
[00:37:06.189] [bmv2] [D] [thread 91747] [184.0] [cxt 0] Looking up key:
* hdr.ipv6.dstAddr    : ff020000000000000000000000000002

[00:37:06.189] [bmv2] [D] [thread 91747] [184.0] [cxt 0] Table 'MyIngress.ipv6_lpm': miss
[00:37:06.189] [bmv2] [D] [thread 91747] [184.0] [cxt 0] Action entry is NoAction - 
[00:37:06.189] [bmv2] [T] [thread 91747] [184.0] [cxt 0] Action NoAction
[00:37:06.189] [bmv2] [D] [thread 91747] [184.0] [cxt 0] Pipeline 'ingress': end
[00:37:06.189] [bmv2] [D] [thread 91747] [184.0] [cxt 0] Egress port is 0
[00:37:06.189] [bmv2] [D] [thread 91747] [185.0] [cxt 0] Processing packet received on port 4
[00:37:06.189] [bmv2] [D] [thread 91747] [185.0] [cxt 0] Parser 'parser': start
[00:37:06.189] [bmv2] [D] [thread 91747] [185.0] [cxt 0] Parser 'parser' entering state 'start'
[00:37:06.189] [bmv2] [D] [thread 91747] [185.0] [cxt 0] Extracting header 'ethernet'
[00:37:06.189] [bmv2] [D] [thread 91747] [185.0] [cxt 0] Parser state 'start': key is 86dd
[00:37:06.189] [bmv2] [T] [thread 91747] [185.0] [cxt 0] Bytes parsed: 14
[00:37:06.189] [bmv2] [D] [thread 91747] [185.0] [cxt 0] Parser 'parser' entering state 'parse_ipv6'
[00:37:06.189] [bmv2] [D] [thread 91747] [185.0] [cxt 0] Extracting header 'ipv6'
[00:37:06.189] [bmv2] [D] [thread 91747] [185.0] [cxt 0] Parser state 'parse_ipv6': key is 3a
[00:37:06.189] [bmv2] [T] [thread 91747] [185.0] [cxt 0] Bytes parsed: 54
[00:37:06.189] [bmv2] [D] [thread 91747] [185.0] [cxt 0] Parser 'parser': end
[00:37:06.189] [bmv2] [D] [thread 91747] [185.0] [cxt 0] Pipeline 'ingress': start
[00:37:06.189] [bmv2] [T] [thread 91747] [185.0] [cxt 0] basic.p4(560) Condition "hdr.ethernet.etherType == TYPE_ARP" (node_2) is false
[00:37:06.189] [bmv2] [T] [thread 91747] [185.0] [cxt 0] basic.p4(563) Condition "hdr.ethernet.etherType == TYPE_SRCROUTING" (node_4) is false
[00:37:06.189] [bmv2] [T] [thread 91747] [185.0] [cxt 0] basic.p4(576) Condition "hdr.ethernet.etherType == TYPE_YEQUDESU" (node_12) is false
[00:37:06.189] [bmv2] [T] [thread 91747] [185.0] [cxt 0] basic.p4(582) Condition "hdr.vxlan.isValid()" (node_15) is false
[00:37:06.189] [bmv2] [T] [thread 91747] [185.0] [cxt 0] basic.p4(586) Condition "hdr.ipv6.isValid()" (node_17) is true
[00:37:06.189] [bmv2] [T] [thread 91747] [185.0] [cxt 0] Applying table 'MyIngress.ipv6_lpm'
[00:37:06.189] [bmv2] [D] [thread 91747] [185.0] [cxt 0] Looking up key:
* hdr.ipv6.dstAddr    : ff020000000000000000000000000002

[00:37:06.189] [bmv2] [D] [thread 91747] [185.0] [cxt 0] Table 'MyIngress.ipv6_lpm': miss
[00:37:06.189] [bmv2] [D] [thread 91747] [185.0] [cxt 0] Action entry is NoAction - 
[00:37:06.189] [bmv2] [T] [thread 91747] [185.0] [cxt 0] Action NoAction
[00:37:06.190] [bmv2] [D] [thread 91747] [185.0] [cxt 0] Pipeline 'ingress': end
[00:37:06.190] [bmv2] [D] [thread 91747] [185.0] [cxt 0] Egress port is 0
[00:37:06.190] [bmv2] [D] [thread 91748] [184.0] [cxt 0] Pipeline 'egress': start
[00:37:06.190] [bmv2] [T] [thread 91748] [184.0] [cxt 0] basic.p4(684) Condition "standard_metadata.mcast_grp != 0" (node_28) is false
[00:37:06.190] [bmv2] [D] [thread 91748] [184.0] [cxt 0] Pipeline 'egress': end
[00:37:06.190] [bmv2] [D] [thread 91748] [184.0] [cxt 0] Deparser 'deparser': start
[00:37:06.190] [bmv2] [T] [thread 91748] [184.0] [cxt 0] Skipping checksum 'cksum' update because condition not met
[00:37:06.190] [bmv2] [D] [thread 91748] [184.0] [cxt 0] Deparsing header 'ethernet'
[00:37:06.190] [bmv2] [D] [thread 91748] [184.0] [cxt 0] Deparsing header 'ipv6'
[00:37:06.190] [bmv2] [D] [thread 91748] [184.0] [cxt 0] Deparser 'deparser': end
[00:37:06.190] [bmv2] [D] [thread 91748] [185.0] [cxt 0] Pipeline 'egress': start
[00:37:06.190] [bmv2] [T] [thread 91748] [185.0] [cxt 0] basic.p4(684) Condition "standard_metadata.mcast_grp != 0" (node_28) is false
[00:37:06.190] [bmv2] [D] [thread 91748] [185.0] [cxt 0] Pipeline 'egress': end
[00:37:06.190] [bmv2] [D] [thread 91748] [185.0] [cxt 0] Deparser 'deparser': start
[00:37:06.190] [bmv2] [T] [thread 91748] [185.0] [cxt 0] Skipping checksum 'cksum' update because condition not met
[00:37:06.190] [bmv2] [D] [thread 91748] [185.0] [cxt 0] Deparsing header 'ethernet'
[00:37:06.190] [bmv2] [D] [thread 91748] [185.0] [cxt 0] Deparsing header 'ipv6'
[00:37:06.190] [bmv2] [D] [thread 91748] [185.0] [cxt 0] Deparser 'deparser': end
[00:37:06.190] [bmv2] [D] [thread 91752] [184.0] [cxt 0] Transmitting packet of size 70 out of port 0
[00:37:06.190] [bmv2] [D] [thread 91752] [185.0] [cxt 0] Transmitting packet of size 70 out of port 0
[00:37:08.237] [bmv2] [D] [thread 91747] [186.0] [cxt 0] Processing packet received on port 3
[00:37:08.237] [bmv2] [D] [thread 91747] [186.0] [cxt 0] Parser 'parser': start
[00:37:08.237] [bmv2] [D] [thread 91747] [186.0] [cxt 0] Parser 'parser' entering state 'start'
[00:37:08.237] [bmv2] [D] [thread 91747] [186.0] [cxt 0] Extracting header 'ethernet'
[00:37:08.237] [bmv2] [D] [thread 91747] [186.0] [cxt 0] Parser state 'start': key is 86dd
[00:37:08.237] [bmv2] [T] [thread 91747] [186.0] [cxt 0] Bytes parsed: 14
[00:37:08.237] [bmv2] [D] [thread 91747] [186.0] [cxt 0] Parser 'parser' entering state 'parse_ipv6'
[00:37:08.237] [bmv2] [D] [thread 91747] [186.0] [cxt 0] Extracting header 'ipv6'
[00:37:08.237] [bmv2] [D] [thread 91747] [186.0] [cxt 0] Parser state 'parse_ipv6': key is 3a
[00:37:08.237] [bmv2] [T] [thread 91747] [186.0] [cxt 0] Bytes parsed: 54
[00:37:08.237] [bmv2] [D] [thread 91747] [186.0] [cxt 0] Parser 'parser': end
[00:37:08.237] [bmv2] [D] [thread 91747] [186.0] [cxt 0] Pipeline 'ingress': start
[00:37:08.237] [bmv2] [T] [thread 91747] [186.0] [cxt 0] basic.p4(560) Condition "hdr.ethernet.etherType == TYPE_ARP" (node_2) is false
[00:37:08.237] [bmv2] [T] [thread 91747] [186.0] [cxt 0] basic.p4(563) Condition "hdr.ethernet.etherType == TYPE_SRCROUTING" (node_4) is false
[00:37:08.237] [bmv2] [T] [thread 91747] [186.0] [cxt 0] basic.p4(576) Condition "hdr.ethernet.etherType == TYPE_YEQUDESU" (node_12) is false
[00:37:08.237] [bmv2] [T] [thread 91747] [186.0] [cxt 0] basic.p4(582) Condition "hdr.vxlan.isValid()" (node_15) is false
[00:37:08.237] [bmv2] [T] [thread 91747] [186.0] [cxt 0] basic.p4(586) Condition "hdr.ipv6.isValid()" (node_17) is true
[00:37:08.237] [bmv2] [T] [thread 91747] [186.0] [cxt 0] Applying table 'MyIngress.ipv6_lpm'
[00:37:08.237] [bmv2] [D] [thread 91747] [186.0] [cxt 0] Looking up key:
* hdr.ipv6.dstAddr    : ff020000000000000000000000000002

[00:37:08.237] [bmv2] [D] [thread 91747] [186.0] [cxt 0] Table 'MyIngress.ipv6_lpm': miss
[00:37:08.237] [bmv2] [D] [thread 91747] [186.0] [cxt 0] Action entry is NoAction - 
[00:37:08.237] [bmv2] [T] [thread 91747] [186.0] [cxt 0] Action NoAction
[00:37:08.237] [bmv2] [D] [thread 91747] [186.0] [cxt 0] Pipeline 'ingress': end
[00:37:08.237] [bmv2] [D] [thread 91747] [186.0] [cxt 0] Egress port is 0
[00:37:08.238] [bmv2] [D] [thread 91748] [186.0] [cxt 0] Pipeline 'egress': start
[00:37:08.238] [bmv2] [T] [thread 91748] [186.0] [cxt 0] basic.p4(684) Condition "standard_metadata.mcast_grp != 0" (node_28) is false
[00:37:08.238] [bmv2] [D] [thread 91748] [186.0] [cxt 0] Pipeline 'egress': end
[00:37:08.238] [bmv2] [D] [thread 91748] [186.0] [cxt 0] Deparser 'deparser': start
[00:37:08.238] [bmv2] [T] [thread 91748] [186.0] [cxt 0] Skipping checksum 'cksum' update because condition not met
[00:37:08.238] [bmv2] [D] [thread 91748] [186.0] [cxt 0] Deparsing header 'ethernet'
[00:37:08.238] [bmv2] [D] [thread 91748] [186.0] [cxt 0] Deparsing header 'ipv6'
[00:37:08.238] [bmv2] [D] [thread 91748] [186.0] [cxt 0] Deparser 'deparser': end
[00:37:08.238] [bmv2] [D] [thread 91752] [186.0] [cxt 0] Transmitting packet of size 70 out of port 0
[00:37:09.261] [bmv2] [D] [thread 91747] [187.0] [cxt 0] Processing packet received on port 5
[00:37:09.261] [bmv2] [D] [thread 91747] [187.0] [cxt 0] Parser 'parser': start
[00:37:09.261] [bmv2] [D] [thread 91747] [187.0] [cxt 0] Parser 'parser' entering state 'start'
[00:37:09.261] [bmv2] [D] [thread 91747] [187.0] [cxt 0] Extracting header 'ethernet'
[00:37:09.261] [bmv2] [D] [thread 91747] [187.0] [cxt 0] Parser state 'start': key is 86dd
[00:37:09.261] [bmv2] [T] [thread 91747] [187.0] [cxt 0] Bytes parsed: 14
[00:37:09.261] [bmv2] [D] [thread 91747] [187.0] [cxt 0] Parser 'parser' entering state 'parse_ipv6'
[00:37:09.261] [bmv2] [D] [thread 91747] [187.0] [cxt 0] Extracting header 'ipv6'
[00:37:09.261] [bmv2] [D] [thread 91747] [187.0] [cxt 0] Parser state 'parse_ipv6': key is 3a
[00:37:09.261] [bmv2] [T] [thread 91747] [187.0] [cxt 0] Bytes parsed: 54
[00:37:09.261] [bmv2] [D] [thread 91747] [187.0] [cxt 0] Parser 'parser': end
[00:37:09.262] [bmv2] [D] [thread 91747] [187.0] [cxt 0] Pipeline 'ingress': start
[00:37:09.262] [bmv2] [T] [thread 91747] [187.0] [cxt 0] basic.p4(560) Condition "hdr.ethernet.etherType == TYPE_ARP" (node_2) is false
[00:37:09.262] [bmv2] [T] [thread 91747] [187.0] [cxt 0] basic.p4(563) Condition "hdr.ethernet.etherType == TYPE_SRCROUTING" (node_4) is false
[00:37:09.262] [bmv2] [T] [thread 91747] [187.0] [cxt 0] basic.p4(576) Condition "hdr.ethernet.etherType == TYPE_YEQUDESU" (node_12) is false
[00:37:09.262] [bmv2] [T] [thread 91747] [187.0] [cxt 0] basic.p4(582) Condition "hdr.vxlan.isValid()" (node_15) is false
[00:37:09.262] [bmv2] [T] [thread 91747] [187.0] [cxt 0] basic.p4(586) Condition "hdr.ipv6.isValid()" (node_17) is true
[00:37:09.262] [bmv2] [T] [thread 91747] [187.0] [cxt 0] Applying table 'MyIngress.ipv6_lpm'
[00:37:09.262] [bmv2] [D] [thread 91747] [187.0] [cxt 0] Looking up key:
* hdr.ipv6.dstAddr    : ff020000000000000000000000000002

[00:37:09.262] [bmv2] [D] [thread 91747] [187.0] [cxt 0] Table 'MyIngress.ipv6_lpm': miss
[00:37:09.262] [bmv2] [D] [thread 91747] [187.0] [cxt 0] Action entry is NoAction - 
[00:37:09.262] [bmv2] [T] [thread 91747] [187.0] [cxt 0] Action NoAction
[00:37:09.262] [bmv2] [D] [thread 91747] [187.0] [cxt 0] Pipeline 'ingress': end
[00:37:09.262] [bmv2] [D] [thread 91747] [187.0] [cxt 0] Egress port is 0
[00:37:09.262] [bmv2] [D] [thread 91748] [187.0] [cxt 0] Pipeline 'egress': start
[00:37:09.262] [bmv2] [T] [thread 91748] [187.0] [cxt 0] basic.p4(684) Condition "standard_metadata.mcast_grp != 0" (node_28) is false
[00:37:09.262] [bmv2] [D] [thread 91748] [187.0] [cxt 0] Pipeline 'egress': end
[00:37:09.262] [bmv2] [D] [thread 91748] [187.0] [cxt 0] Deparser 'deparser': start
[00:37:09.262] [bmv2] [T] [thread 91748] [187.0] [cxt 0] Skipping checksum 'cksum' update because condition not met
[00:37:09.262] [bmv2] [D] [thread 91748] [187.0] [cxt 0] Deparsing header 'ethernet'
[00:37:09.262] [bmv2] [D] [thread 91748] [187.0] [cxt 0] Deparsing header 'ipv6'
[00:37:09.262] [bmv2] [D] [thread 91748] [187.0] [cxt 0] Deparser 'deparser': end
[00:37:09.262] [bmv2] [D] [thread 91752] [187.0] [cxt 0] Transmitting packet of size 70 out of port 0
[00:37:10.286] [bmv2] [D] [thread 91747] [188.0] [cxt 0] Processing packet received on port 1
[00:37:10.286] [bmv2] [D] [thread 91747] [188.0] [cxt 0] Parser 'parser': start
[00:37:10.286] [bmv2] [D] [thread 91747] [188.0] [cxt 0] Parser 'parser' entering state 'start'
[00:37:10.286] [bmv2] [D] [thread 91747] [188.0] [cxt 0] Extracting header 'ethernet'
[00:37:10.286] [bmv2] [D] [thread 91747] [188.0] [cxt 0] Parser state 'start': key is 86dd
[00:37:10.286] [bmv2] [T] [thread 91747] [188.0] [cxt 0] Bytes parsed: 14
[00:37:10.286] [bmv2] [D] [thread 91747] [188.0] [cxt 0] Parser 'parser' entering state 'parse_ipv6'
[00:37:10.286] [bmv2] [D] [thread 91747] [188.0] [cxt 0] Extracting header 'ipv6'
[00:37:10.286] [bmv2] [D] [thread 91747] [188.0] [cxt 0] Parser state 'parse_ipv6': key is 3a
[00:37:10.286] [bmv2] [T] [thread 91747] [188.0] [cxt 0] Bytes parsed: 54
[00:37:10.286] [bmv2] [D] [thread 91747] [188.0] [cxt 0] Parser 'parser': end
[00:37:10.286] [bmv2] [D] [thread 91747] [188.0] [cxt 0] Pipeline 'ingress': start
[00:37:10.286] [bmv2] [T] [thread 91747] [188.0] [cxt 0] basic.p4(560) Condition "hdr.ethernet.etherType == TYPE_ARP" (node_2) is false
[00:37:10.286] [bmv2] [T] [thread 91747] [188.0] [cxt 0] basic.p4(563) Condition "hdr.ethernet.etherType == TYPE_SRCROUTING" (node_4) is false
[00:37:10.286] [bmv2] [T] [thread 91747] [188.0] [cxt 0] basic.p4(576) Condition "hdr.ethernet.etherType == TYPE_YEQUDESU" (node_12) is false
[00:37:10.286] [bmv2] [T] [thread 91747] [188.0] [cxt 0] basic.p4(582) Condition "hdr.vxlan.isValid()" (node_15) is false
[00:37:10.286] [bmv2] [T] [thread 91747] [188.0] [cxt 0] basic.p4(586) Condition "hdr.ipv6.isValid()" (node_17) is true
[00:37:10.286] [bmv2] [T] [thread 91747] [188.0] [cxt 0] Applying table 'MyIngress.ipv6_lpm'
[00:37:10.286] [bmv2] [D] [thread 91747] [188.0] [cxt 0] Looking up key:
* hdr.ipv6.dstAddr    : ff020000000000000000000000000002

[00:37:10.286] [bmv2] [D] [thread 91747] [188.0] [cxt 0] Table 'MyIngress.ipv6_lpm': miss
[00:37:10.286] [bmv2] [D] [thread 91747] [188.0] [cxt 0] Action entry is NoAction - 
[00:37:10.286] [bmv2] [T] [thread 91747] [188.0] [cxt 0] Action NoAction
[00:37:10.286] [bmv2] [D] [thread 91747] [188.0] [cxt 0] Pipeline 'ingress': end
[00:37:10.286] [bmv2] [D] [thread 91747] [188.0] [cxt 0] Egress port is 0
[00:37:10.286] [bmv2] [D] [thread 91748] [188.0] [cxt 0] Pipeline 'egress': start
[00:37:10.286] [bmv2] [T] [thread 91748] [188.0] [cxt 0] basic.p4(684) Condition "standard_metadata.mcast_grp != 0" (node_28) is false
[00:37:10.286] [bmv2] [D] [thread 91748] [188.0] [cxt 0] Pipeline 'egress': end
[00:37:10.286] [bmv2] [D] [thread 91748] [188.0] [cxt 0] Deparser 'deparser': start
[00:37:10.286] [bmv2] [T] [thread 91748] [188.0] [cxt 0] Skipping checksum 'cksum' update because condition not met
[00:37:10.286] [bmv2] [D] [thread 91748] [188.0] [cxt 0] Deparsing header 'ethernet'
[00:37:10.286] [bmv2] [D] [thread 91748] [188.0] [cxt 0] Deparsing header 'ipv6'
[00:37:10.286] [bmv2] [D] [thread 91748] [188.0] [cxt 0] Deparser 'deparser': end
[00:37:10.286] [bmv2] [D] [thread 91752] [188.0] [cxt 0] Transmitting packet of size 70 out of port 0
[00:37:10.798] [bmv2] [D] [thread 91747] [189.0] [cxt 0] Processing packet received on port 2
[00:37:10.798] [bmv2] [D] [thread 91747] [189.0] [cxt 0] Parser 'parser': start
[00:37:10.798] [bmv2] [D] [thread 91747] [189.0] [cxt 0] Parser 'parser' entering state 'start'
[00:37:10.798] [bmv2] [D] [thread 91747] [189.0] [cxt 0] Extracting header 'ethernet'
[00:37:10.798] [bmv2] [D] [thread 91747] [189.0] [cxt 0] Parser state 'start': key is 86dd
[00:37:10.798] [bmv2] [T] [thread 91747] [189.0] [cxt 0] Bytes parsed: 14
[00:37:10.798] [bmv2] [D] [thread 91747] [189.0] [cxt 0] Parser 'parser' entering state 'parse_ipv6'
[00:37:10.799] [bmv2] [D] [thread 91747] [189.0] [cxt 0] Extracting header 'ipv6'
[00:37:10.799] [bmv2] [D] [thread 91747] [189.0] [cxt 0] Parser state 'parse_ipv6': key is 3a
[00:37:10.799] [bmv2] [T] [thread 91747] [189.0] [cxt 0] Bytes parsed: 54
[00:37:10.799] [bmv2] [D] [thread 91747] [189.0] [cxt 0] Parser 'parser': end
[00:37:10.799] [bmv2] [D] [thread 91747] [189.0] [cxt 0] Pipeline 'ingress': start
[00:37:10.799] [bmv2] [T] [thread 91747] [189.0] [cxt 0] basic.p4(560) Condition "hdr.ethernet.etherType == TYPE_ARP" (node_2) is false
[00:37:10.799] [bmv2] [T] [thread 91747] [189.0] [cxt 0] basic.p4(563) Condition "hdr.ethernet.etherType == TYPE_SRCROUTING" (node_4) is false
[00:37:10.799] [bmv2] [T] [thread 91747] [189.0] [cxt 0] basic.p4(576) Condition "hdr.ethernet.etherType == TYPE_YEQUDESU" (node_12) is false
[00:37:10.799] [bmv2] [T] [thread 91747] [189.0] [cxt 0] basic.p4(582) Condition "hdr.vxlan.isValid()" (node_15) is false
[00:37:10.799] [bmv2] [T] [thread 91747] [189.0] [cxt 0] basic.p4(586) Condition "hdr.ipv6.isValid()" (node_17) is true
[00:37:10.799] [bmv2] [T] [thread 91747] [189.0] [cxt 0] Applying table 'MyIngress.ipv6_lpm'
[00:37:10.799] [bmv2] [D] [thread 91747] [189.0] [cxt 0] Looking up key:
* hdr.ipv6.dstAddr    : ff020000000000000000000000000002

[00:37:10.799] [bmv2] [D] [thread 91747] [189.0] [cxt 0] Table 'MyIngress.ipv6_lpm': miss
[00:37:10.799] [bmv2] [D] [thread 91747] [189.0] [cxt 0] Action entry is NoAction - 
[00:37:10.799] [bmv2] [T] [thread 91747] [189.0] [cxt 0] Action NoAction
[00:37:10.799] [bmv2] [D] [thread 91747] [189.0] [cxt 0] Pipeline 'ingress': end
[00:37:10.799] [bmv2] [D] [thread 91747] [189.0] [cxt 0] Egress port is 0
[00:37:10.799] [bmv2] [D] [thread 91747] [190.0] [cxt 0] Processing packet received on port 3
[00:37:10.799] [bmv2] [D] [thread 91747] [190.0] [cxt 0] Parser 'parser': start
[00:37:10.799] [bmv2] [D] [thread 91747] [190.0] [cxt 0] Parser 'parser' entering state 'start'
[00:37:10.799] [bmv2] [D] [thread 91747] [190.0] [cxt 0] Extracting header 'ethernet'
[00:37:10.799] [bmv2] [D] [thread 91747] [190.0] [cxt 0] Parser state 'start': key is 86dd
[00:37:10.799] [bmv2] [T] [thread 91747] [190.0] [cxt 0] Bytes parsed: 14
[00:37:10.799] [bmv2] [D] [thread 91747] [190.0] [cxt 0] Parser 'parser' entering state 'parse_ipv6'
[00:37:10.799] [bmv2] [D] [thread 91747] [190.0] [cxt 0] Extracting header 'ipv6'
[00:37:10.799] [bmv2] [D] [thread 91747] [190.0] [cxt 0] Parser state 'parse_ipv6': key is 3a
[00:37:10.799] [bmv2] [T] [thread 91747] [190.0] [cxt 0] Bytes parsed: 54
[00:37:10.799] [bmv2] [D] [thread 91747] [190.0] [cxt 0] Parser 'parser': end
[00:37:10.799] [bmv2] [D] [thread 91747] [190.0] [cxt 0] Pipeline 'ingress': start
[00:37:10.799] [bmv2] [T] [thread 91747] [190.0] [cxt 0] basic.p4(560) Condition "hdr.ethernet.etherType == TYPE_ARP" (node_2) is false
[00:37:10.799] [bmv2] [D] [thread 91748] [189.0] [cxt 0] Pipeline 'egress': start
[00:37:10.799] [bmv2] [T] [thread 91748] [189.0] [cxt 0] basic.p4(684) Condition "standard_metadata.mcast_grp != 0" (node_28) is false
[00:37:10.799] [bmv2] [D] [thread 91748] [189.0] [cxt 0] Pipeline 'egress': end
[00:37:10.799] [bmv2] [D] [thread 91748] [189.0] [cxt 0] Deparser 'deparser': start
[00:37:10.799] [bmv2] [T] [thread 91748] [189.0] [cxt 0] Skipping checksum 'cksum' update because condition not met
[00:37:10.799] [bmv2] [D] [thread 91748] [189.0] [cxt 0] Deparsing header 'ethernet'
[00:37:10.799] [bmv2] [T] [thread 91747] [190.0] [cxt 0] basic.p4(563) Condition "hdr.ethernet.etherType == TYPE_SRCROUTING" (node_4) is false
[00:37:10.799] [bmv2] [D] [thread 91748] [189.0] [cxt 0] Deparsing header 'ipv6'
[00:37:10.799] [bmv2] [D] [thread 91748] [189.0] [cxt 0] Deparser 'deparser': end
[00:37:10.799] [bmv2] [T] [thread 91747] [190.0] [cxt 0] basic.p4(576) Condition "hdr.ethernet.etherType == TYPE_YEQUDESU" (node_12) is false
[00:37:10.799] [bmv2] [T] [thread 91747] [190.0] [cxt 0] basic.p4(582) Condition "hdr.vxlan.isValid()" (node_15) is false
[00:37:10.799] [bmv2] [D] [thread 91752] [189.0] [cxt 0] Transmitting packet of size 70 out of port 0
[00:37:10.799] [bmv2] [T] [thread 91747] [190.0] [cxt 0] basic.p4(586) Condition "hdr.ipv6.isValid()" (node_17) is true
[00:37:10.799] [bmv2] [T] [thread 91747] [190.0] [cxt 0] Applying table 'MyIngress.ipv6_lpm'
[00:37:10.799] [bmv2] [D] [thread 91747] [190.0] [cxt 0] Looking up key:
* hdr.ipv6.dstAddr    : ff020000000000000000000000000002

[00:37:10.799] [bmv2] [D] [thread 91747] [190.0] [cxt 0] Table 'MyIngress.ipv6_lpm': miss
[00:37:10.799] [bmv2] [D] [thread 91747] [190.0] [cxt 0] Action entry is NoAction - 
[00:37:10.799] [bmv2] [T] [thread 91747] [190.0] [cxt 0] Action NoAction
[00:37:10.799] [bmv2] [D] [thread 91747] [190.0] [cxt 0] Pipeline 'ingress': end
[00:37:10.799] [bmv2] [D] [thread 91747] [190.0] [cxt 0] Egress port is 0
[00:37:10.799] [bmv2] [D] [thread 91747] [191.0] [cxt 0] Processing packet received on port 4
[00:37:10.799] [bmv2] [D] [thread 91747] [191.0] [cxt 0] Parser 'parser': start
[00:37:10.799] [bmv2] [D] [thread 91747] [191.0] [cxt 0] Parser 'parser' entering state 'start'
[00:37:10.799] [bmv2] [D] [thread 91747] [191.0] [cxt 0] Extracting header 'ethernet'
[00:37:10.799] [bmv2] [D] [thread 91747] [191.0] [cxt 0] Parser state 'start': key is 86dd
[00:37:10.799] [bmv2] [T] [thread 91747] [191.0] [cxt 0] Bytes parsed: 14
[00:37:10.799] [bmv2] [D] [thread 91747] [191.0] [cxt 0] Parser 'parser' entering state 'parse_ipv6'
[00:37:10.799] [bmv2] [D] [thread 91747] [191.0] [cxt 0] Extracting header 'ipv6'
[00:37:10.799] [bmv2] [D] [thread 91747] [191.0] [cxt 0] Parser state 'parse_ipv6': key is 3a
[00:37:10.799] [bmv2] [T] [thread 91747] [191.0] [cxt 0] Bytes parsed: 54
[00:37:10.799] [bmv2] [D] [thread 91747] [191.0] [cxt 0] Parser 'parser': end
[00:37:10.799] [bmv2] [D] [thread 91747] [191.0] [cxt 0] Pipeline 'ingress': start
[00:37:10.799] [bmv2] [T] [thread 91747] [191.0] [cxt 0] basic.p4(560) Condition "hdr.ethernet.etherType == TYPE_ARP" (node_2) is false
[00:37:10.799] [bmv2] [T] [thread 91747] [191.0] [cxt 0] basic.p4(563) Condition "hdr.ethernet.etherType == TYPE_SRCROUTING" (node_4) is false
[00:37:10.799] [bmv2] [T] [thread 91747] [191.0] [cxt 0] basic.p4(576) Condition "hdr.ethernet.etherType == TYPE_YEQUDESU" (node_12) is false
[00:37:10.799] [bmv2] [T] [thread 91747] [191.0] [cxt 0] basic.p4(582) Condition "hdr.vxlan.isValid()" (node_15) is false
[00:37:10.799] [bmv2] [T] [thread 91747] [191.0] [cxt 0] basic.p4(586) Condition "hdr.ipv6.isValid()" (node_17) is true
[00:37:10.799] [bmv2] [T] [thread 91747] [191.0] [cxt 0] Applying table 'MyIngress.ipv6_lpm'
[00:37:10.799] [bmv2] [D] [thread 91747] [191.0] [cxt 0] Looking up key:
* hdr.ipv6.dstAddr    : ff020000000000000000000000000002

[00:37:10.799] [bmv2] [D] [thread 91747] [191.0] [cxt 0] Table 'MyIngress.ipv6_lpm': miss
[00:37:10.799] [bmv2] [D] [thread 91747] [191.0] [cxt 0] Action entry is NoAction - 
[00:37:10.799] [bmv2] [T] [thread 91747] [191.0] [cxt 0] Action NoAction
[00:37:10.799] [bmv2] [D] [thread 91747] [191.0] [cxt 0] Pipeline 'ingress': end
[00:37:10.799] [bmv2] [D] [thread 91747] [191.0] [cxt 0] Egress port is 0
[00:37:10.799] [bmv2] [D] [thread 91748] [190.0] [cxt 0] Pipeline 'egress': start
[00:37:10.799] [bmv2] [T] [thread 91748] [190.0] [cxt 0] basic.p4(684) Condition "standard_metadata.mcast_grp != 0" (node_28) is false
[00:37:10.799] [bmv2] [D] [thread 91748] [190.0] [cxt 0] Pipeline 'egress': end
[00:37:10.799] [bmv2] [D] [thread 91748] [190.0] [cxt 0] Deparser 'deparser': start
[00:37:10.799] [bmv2] [T] [thread 91748] [190.0] [cxt 0] Skipping checksum 'cksum' update because condition not met
[00:37:10.799] [bmv2] [D] [thread 91748] [190.0] [cxt 0] Deparsing header 'ethernet'
[00:37:10.799] [bmv2] [D] [thread 91748] [190.0] [cxt 0] Deparsing header 'ipv6'
[00:37:10.799] [bmv2] [D] [thread 91748] [190.0] [cxt 0] Deparser 'deparser': end
[00:37:10.799] [bmv2] [D] [thread 91748] [191.0] [cxt 0] Pipeline 'egress': start
[00:37:10.799] [bmv2] [D] [thread 91752] [190.0] [cxt 0] Transmitting packet of size 70 out of port 0
[00:37:10.799] [bmv2] [T] [thread 91748] [191.0] [cxt 0] basic.p4(684) Condition "standard_metadata.mcast_grp != 0" (node_28) is false
[00:37:10.799] [bmv2] [D] [thread 91748] [191.0] [cxt 0] Pipeline 'egress': end
[00:37:10.799] [bmv2] [D] [thread 91748] [191.0] [cxt 0] Deparser 'deparser': start
[00:37:10.799] [bmv2] [T] [thread 91748] [191.0] [cxt 0] Skipping checksum 'cksum' update because condition not met
[00:37:10.799] [bmv2] [D] [thread 91748] [191.0] [cxt 0] Deparsing header 'ethernet'
[00:37:10.799] [bmv2] [D] [thread 91748] [191.0] [cxt 0] Deparsing header 'ipv6'
[00:37:10.799] [bmv2] [D] [thread 91748] [191.0] [cxt 0] Deparser 'deparser': end
[00:37:10.799] [bmv2] [D] [thread 91752] [191.0] [cxt 0] Transmitting packet of size 70 out of port 0
[00:37:10.875] [bmv2] [D] [thread 91747] [192.0] [cxt 0] Processing packet received on port 2
[00:37:10.875] [bmv2] [D] [thread 91747] [192.0] [cxt 0] Parser 'parser': start
[00:37:10.875] [bmv2] [D] [thread 91747] [192.0] [cxt 0] Parser 'parser' entering state 'start'
[00:37:10.875] [bmv2] [D] [thread 91747] [192.0] [cxt 0] Extracting header 'ethernet'
[00:37:10.875] [bmv2] [D] [thread 91747] [192.0] [cxt 0] Parser state 'start': key is 86dd
[00:37:10.875] [bmv2] [T] [thread 91747] [192.0] [cxt 0] Bytes parsed: 14
[00:37:10.875] [bmv2] [D] [thread 91747] [192.0] [cxt 0] Parser 'parser' entering state 'parse_ipv6'
[00:37:10.875] [bmv2] [D] [thread 91747] [192.0] [cxt 0] Extracting header 'ipv6'
[00:37:10.875] [bmv2] [D] [thread 91747] [192.0] [cxt 0] Parser state 'parse_ipv6': key is 11
[00:37:10.875] [bmv2] [T] [thread 91747] [192.0] [cxt 0] Bytes parsed: 54
[00:37:10.875] [bmv2] [D] [thread 91747] [192.0] [cxt 0] Parser 'parser': end
[00:37:10.875] [bmv2] [D] [thread 91747] [192.0] [cxt 0] Pipeline 'ingress': start
[00:37:10.875] [bmv2] [T] [thread 91747] [192.0] [cxt 0] basic.p4(560) Condition "hdr.ethernet.etherType == TYPE_ARP" (node_2) is false
[00:37:10.875] [bmv2] [T] [thread 91747] [192.0] [cxt 0] basic.p4(563) Condition "hdr.ethernet.etherType == TYPE_SRCROUTING" (node_4) is false
[00:37:10.875] [bmv2] [T] [thread 91747] [192.0] [cxt 0] basic.p4(576) Condition "hdr.ethernet.etherType == TYPE_YEQUDESU" (node_12) is false
[00:37:10.875] [bmv2] [T] [thread 91747] [192.0] [cxt 0] basic.p4(582) Condition "hdr.vxlan.isValid()" (node_15) is false
[00:37:10.875] [bmv2] [T] [thread 91747] [192.0] [cxt 0] basic.p4(586) Condition "hdr.ipv6.isValid()" (node_17) is true
[00:37:10.875] [bmv2] [T] [thread 91747] [192.0] [cxt 0] Applying table 'MyIngress.ipv6_lpm'
[00:37:10.875] [bmv2] [D] [thread 91747] [192.0] [cxt 0] Looking up key:
* hdr.ipv6.dstAddr    : ff0200000000000000000000000000fb

[00:37:10.875] [bmv2] [D] [thread 91747] [192.0] [cxt 0] Table 'MyIngress.ipv6_lpm': miss
[00:37:10.875] [bmv2] [D] [thread 91747] [192.0] [cxt 0] Action entry is NoAction - 
[00:37:10.875] [bmv2] [T] [thread 91747] [192.0] [cxt 0] Action NoAction
[00:37:10.875] [bmv2] [D] [thread 91747] [192.0] [cxt 0] Pipeline 'ingress': end
[00:37:10.875] [bmv2] [D] [thread 91747] [192.0] [cxt 0] Egress port is 0
[00:37:10.875] [bmv2] [D] [thread 91748] [192.0] [cxt 0] Pipeline 'egress': start
[00:37:10.875] [bmv2] [T] [thread 91748] [192.0] [cxt 0] basic.p4(684) Condition "standard_metadata.mcast_grp != 0" (node_28) is false
[00:37:10.875] [bmv2] [D] [thread 91748] [192.0] [cxt 0] Pipeline 'egress': end
[00:37:10.875] [bmv2] [D] [thread 91748] [192.0] [cxt 0] Deparser 'deparser': start
[00:37:10.875] [bmv2] [T] [thread 91748] [192.0] [cxt 0] Skipping checksum 'cksum' update because condition not met
[00:37:10.875] [bmv2] [D] [thread 91748] [192.0] [cxt 0] Deparsing header 'ethernet'
[00:37:10.875] [bmv2] [D] [thread 91748] [192.0] [cxt 0] Deparsing header 'ipv6'
[00:37:10.875] [bmv2] [D] [thread 91748] [192.0] [cxt 0] Deparser 'deparser': end
[00:37:10.875] [bmv2] [D] [thread 91752] [192.0] [cxt 0] Transmitting packet of size 203 out of port 0
[00:37:10.926] [bmv2] [D] [thread 91747] [193.0] [cxt 0] Processing packet received on port 3
[00:37:10.926] [bmv2] [D] [thread 91747] [193.0] [cxt 0] Parser 'parser': start
[00:37:10.926] [bmv2] [D] [thread 91747] [193.0] [cxt 0] Parser 'parser' entering state 'start'
[00:37:10.926] [bmv2] [D] [thread 91747] [193.0] [cxt 0] Extracting header 'ethernet'
[00:37:10.926] [bmv2] [D] [thread 91747] [193.0] [cxt 0] Parser state 'start': key is 86dd
[00:37:10.926] [bmv2] [T] [thread 91747] [193.0] [cxt 0] Bytes parsed: 14
[00:37:10.926] [bmv2] [D] [thread 91747] [193.0] [cxt 0] Parser 'parser' entering state 'parse_ipv6'
[00:37:10.926] [bmv2] [D] [thread 91747] [193.0] [cxt 0] Extracting header 'ipv6'
[00:37:10.926] [bmv2] [D] [thread 91747] [193.0] [cxt 0] Parser state 'parse_ipv6': key is 11
[00:37:10.926] [bmv2] [T] [thread 91747] [193.0] [cxt 0] Bytes parsed: 54
[00:37:10.926] [bmv2] [D] [thread 91747] [193.0] [cxt 0] Parser 'parser': end
[00:37:10.926] [bmv2] [D] [thread 91747] [193.0] [cxt 0] Pipeline 'ingress': start
[00:37:10.926] [bmv2] [T] [thread 91747] [193.0] [cxt 0] basic.p4(560) Condition "hdr.ethernet.etherType == TYPE_ARP" (node_2) is false
[00:37:10.926] [bmv2] [T] [thread 91747] [193.0] [cxt 0] basic.p4(563) Condition "hdr.ethernet.etherType == TYPE_SRCROUTING" (node_4) is false
[00:37:10.926] [bmv2] [T] [thread 91747] [193.0] [cxt 0] basic.p4(576) Condition "hdr.ethernet.etherType == TYPE_YEQUDESU" (node_12) is false
[00:37:10.926] [bmv2] [T] [thread 91747] [193.0] [cxt 0] basic.p4(582) Condition "hdr.vxlan.isValid()" (node_15) is false
[00:37:10.926] [bmv2] [T] [thread 91747] [193.0] [cxt 0] basic.p4(586) Condition "hdr.ipv6.isValid()" (node_17) is true
[00:37:10.926] [bmv2] [T] [thread 91747] [193.0] [cxt 0] Applying table 'MyIngress.ipv6_lpm'
[00:37:10.926] [bmv2] [D] [thread 91747] [193.0] [cxt 0] Looking up key:
* hdr.ipv6.dstAddr    : ff0200000000000000000000000000fb

[00:37:10.926] [bmv2] [D] [thread 91747] [193.0] [cxt 0] Table 'MyIngress.ipv6_lpm': miss
[00:37:10.926] [bmv2] [D] [thread 91747] [193.0] [cxt 0] Action entry is NoAction - 
[00:37:10.926] [bmv2] [T] [thread 91747] [193.0] [cxt 0] Action NoAction
[00:37:10.926] [bmv2] [D] [thread 91747] [193.0] [cxt 0] Pipeline 'ingress': end
[00:37:10.926] [bmv2] [D] [thread 91747] [193.0] [cxt 0] Egress port is 0
[00:37:10.926] [bmv2] [D] [thread 91748] [193.0] [cxt 0] Pipeline 'egress': start
[00:37:10.926] [bmv2] [T] [thread 91748] [193.0] [cxt 0] basic.p4(684) Condition "standard_metadata.mcast_grp != 0" (node_28) is false
[00:37:10.926] [bmv2] [D] [thread 91748] [193.0] [cxt 0] Pipeline 'egress': end
[00:37:10.926] [bmv2] [D] [thread 91748] [193.0] [cxt 0] Deparser 'deparser': start
[00:37:10.926] [bmv2] [T] [thread 91748] [193.0] [cxt 0] Skipping checksum 'cksum' update because condition not met
[00:37:10.926] [bmv2] [D] [thread 91748] [193.0] [cxt 0] Deparsing header 'ethernet'
[00:37:10.926] [bmv2] [D] [thread 91748] [193.0] [cxt 0] Deparsing header 'ipv6'
[00:37:10.926] [bmv2] [D] [thread 91748] [193.0] [cxt 0] Deparser 'deparser': end
[00:37:10.926] [bmv2] [D] [thread 91752] [193.0] [cxt 0] Transmitting packet of size 203 out of port 0
[00:37:10.993] [bmv2] [D] [thread 91747] [194.0] [cxt 0] Processing packet received on port 4
[00:37:10.993] [bmv2] [D] [thread 91747] [194.0] [cxt 0] Parser 'parser': start
[00:37:10.993] [bmv2] [D] [thread 91747] [194.0] [cxt 0] Parser 'parser' entering state 'start'
[00:37:10.993] [bmv2] [D] [thread 91747] [194.0] [cxt 0] Extracting header 'ethernet'
[00:37:10.993] [bmv2] [D] [thread 91747] [194.0] [cxt 0] Parser state 'start': key is 86dd
[00:37:10.993] [bmv2] [T] [thread 91747] [194.0] [cxt 0] Bytes parsed: 14
[00:37:10.993] [bmv2] [D] [thread 91747] [194.0] [cxt 0] Parser 'parser' entering state 'parse_ipv6'
[00:37:10.993] [bmv2] [D] [thread 91747] [194.0] [cxt 0] Extracting header 'ipv6'
[00:37:10.993] [bmv2] [D] [thread 91747] [194.0] [cxt 0] Parser state 'parse_ipv6': key is 11
[00:37:10.993] [bmv2] [T] [thread 91747] [194.0] [cxt 0] Bytes parsed: 54
[00:37:10.993] [bmv2] [D] [thread 91747] [194.0] [cxt 0] Parser 'parser': end
[00:37:10.993] [bmv2] [D] [thread 91747] [194.0] [cxt 0] Pipeline 'ingress': start
[00:37:10.993] [bmv2] [T] [thread 91747] [194.0] [cxt 0] basic.p4(560) Condition "hdr.ethernet.etherType == TYPE_ARP" (node_2) is false
[00:37:10.993] [bmv2] [T] [thread 91747] [194.0] [cxt 0] basic.p4(563) Condition "hdr.ethernet.etherType == TYPE_SRCROUTING" (node_4) is false
[00:37:10.993] [bmv2] [T] [thread 91747] [194.0] [cxt 0] basic.p4(576) Condition "hdr.ethernet.etherType == TYPE_YEQUDESU" (node_12) is false
[00:37:10.993] [bmv2] [T] [thread 91747] [194.0] [cxt 0] basic.p4(582) Condition "hdr.vxlan.isValid()" (node_15) is false
[00:37:10.993] [bmv2] [T] [thread 91747] [194.0] [cxt 0] basic.p4(586) Condition "hdr.ipv6.isValid()" (node_17) is true
[00:37:10.993] [bmv2] [T] [thread 91747] [194.0] [cxt 0] Applying table 'MyIngress.ipv6_lpm'
[00:37:10.993] [bmv2] [D] [thread 91747] [194.0] [cxt 0] Looking up key:
* hdr.ipv6.dstAddr    : ff0200000000000000000000000000fb

[00:37:10.993] [bmv2] [D] [thread 91747] [194.0] [cxt 0] Table 'MyIngress.ipv6_lpm': miss
[00:37:10.993] [bmv2] [D] [thread 91747] [194.0] [cxt 0] Action entry is NoAction - 
[00:37:10.993] [bmv2] [T] [thread 91747] [194.0] [cxt 0] Action NoAction
[00:37:10.993] [bmv2] [D] [thread 91747] [194.0] [cxt 0] Pipeline 'ingress': end
[00:37:10.993] [bmv2] [D] [thread 91747] [194.0] [cxt 0] Egress port is 0
[00:37:10.993] [bmv2] [D] [thread 91747] [195.0] [cxt 0] Processing packet received on port 5
[00:37:10.993] [bmv2] [D] [thread 91747] [195.0] [cxt 0] Parser 'parser': start
[00:37:10.993] [bmv2] [D] [thread 91747] [195.0] [cxt 0] Parser 'parser' entering state 'start'
[00:37:10.993] [bmv2] [D] [thread 91747] [195.0] [cxt 0] Extracting header 'ethernet'
[00:37:10.993] [bmv2] [D] [thread 91747] [195.0] [cxt 0] Parser state 'start': key is 86dd
[00:37:10.993] [bmv2] [T] [thread 91747] [195.0] [cxt 0] Bytes parsed: 14
[00:37:10.993] [bmv2] [D] [thread 91747] [195.0] [cxt 0] Parser 'parser' entering state 'parse_ipv6'
[00:37:10.993] [bmv2] [D] [thread 91747] [195.0] [cxt 0] Extracting header 'ipv6'
[00:37:10.993] [bmv2] [D] [thread 91747] [195.0] [cxt 0] Parser state 'parse_ipv6': key is 11
[00:37:10.993] [bmv2] [T] [thread 91747] [195.0] [cxt 0] Bytes parsed: 54
[00:37:10.993] [bmv2] [D] [thread 91747] [195.0] [cxt 0] Parser 'parser': end
[00:37:10.993] [bmv2] [D] [thread 91747] [195.0] [cxt 0] Pipeline 'ingress': start
[00:37:10.993] [bmv2] [D] [thread 91748] [194.0] [cxt 0] Pipeline 'egress': start
[00:37:10.993] [bmv2] [T] [thread 91748] [194.0] [cxt 0] basic.p4(684) Condition "standard_metadata.mcast_grp != 0" (node_28) is false
[00:37:10.993] [bmv2] [D] [thread 91748] [194.0] [cxt 0] Pipeline 'egress': end
[00:37:10.993] [bmv2] [D] [thread 91748] [194.0] [cxt 0] Deparser 'deparser': start
[00:37:10.993] [bmv2] [T] [thread 91748] [194.0] [cxt 0] Skipping checksum 'cksum' update because condition not met
[00:37:10.993] [bmv2] [T] [thread 91747] [195.0] [cxt 0] basic.p4(560) Condition "hdr.ethernet.etherType == TYPE_ARP" (node_2) is false
[00:37:10.994] [bmv2] [D] [thread 91748] [194.0] [cxt 0] Deparsing header 'ethernet'
[00:37:10.994] [bmv2] [T] [thread 91747] [195.0] [cxt 0] basic.p4(563) Condition "hdr.ethernet.etherType == TYPE_SRCROUTING" (node_4) is false
[00:37:10.994] [bmv2] [T] [thread 91747] [195.0] [cxt 0] basic.p4(576) Condition "hdr.ethernet.etherType == TYPE_YEQUDESU" (node_12) is false
[00:37:10.994] [bmv2] [T] [thread 91747] [195.0] [cxt 0] basic.p4(582) Condition "hdr.vxlan.isValid()" (node_15) is false
[00:37:10.994] [bmv2] [T] [thread 91747] [195.0] [cxt 0] basic.p4(586) Condition "hdr.ipv6.isValid()" (node_17) is true
[00:37:10.994] [bmv2] [D] [thread 91748] [194.0] [cxt 0] Deparsing header 'ipv6'
[00:37:10.994] [bmv2] [T] [thread 91747] [195.0] [cxt 0] Applying table 'MyIngress.ipv6_lpm'
[00:37:10.994] [bmv2] [D] [thread 91748] [194.0] [cxt 0] Deparser 'deparser': end
[00:37:10.994] [bmv2] [D] [thread 91747] [195.0] [cxt 0] Looking up key:
* hdr.ipv6.dstAddr    : ff0200000000000000000000000000fb

[00:37:10.994] [bmv2] [D] [thread 91747] [195.0] [cxt 0] Table 'MyIngress.ipv6_lpm': miss
[00:37:10.994] [bmv2] [D] [thread 91747] [195.0] [cxt 0] Action entry is NoAction - 
[00:37:10.994] [bmv2] [D] [thread 91752] [194.0] [cxt 0] Transmitting packet of size 203 out of port 0
[00:37:10.994] [bmv2] [T] [thread 91747] [195.0] [cxt 0] Action NoAction
[00:37:10.994] [bmv2] [D] [thread 91747] [195.0] [cxt 0] Pipeline 'ingress': end
[00:37:10.994] [bmv2] [D] [thread 91747] [195.0] [cxt 0] Egress port is 0
[00:37:10.994] [bmv2] [D] [thread 91748] [195.0] [cxt 0] Pipeline 'egress': start
[00:37:10.994] [bmv2] [T] [thread 91748] [195.0] [cxt 0] basic.p4(684) Condition "standard_metadata.mcast_grp != 0" (node_28) is false
[00:37:10.994] [bmv2] [D] [thread 91748] [195.0] [cxt 0] Pipeline 'egress': end
[00:37:10.994] [bmv2] [D] [thread 91748] [195.0] [cxt 0] Deparser 'deparser': start
[00:37:10.994] [bmv2] [T] [thread 91748] [195.0] [cxt 0] Skipping checksum 'cksum' update because condition not met
[00:37:10.994] [bmv2] [D] [thread 91748] [195.0] [cxt 0] Deparsing header 'ethernet'
[00:37:10.994] [bmv2] [D] [thread 91748] [195.0] [cxt 0] Deparsing header 'ipv6'
[00:37:10.994] [bmv2] [D] [thread 91748] [195.0] [cxt 0] Deparser 'deparser': end
[00:37:10.994] [bmv2] [D] [thread 91752] [195.0] [cxt 0] Transmitting packet of size 203 out of port 0
[00:37:11.249] [bmv2] [D] [thread 91747] [196.0] [cxt 0] Processing packet received on port 2
[00:37:11.249] [bmv2] [D] [thread 91747] [196.0] [cxt 0] Parser 'parser': start
[00:37:11.249] [bmv2] [D] [thread 91747] [196.0] [cxt 0] Parser 'parser' entering state 'start'
[00:37:11.249] [bmv2] [D] [thread 91747] [196.0] [cxt 0] Extracting header 'ethernet'
[00:37:11.249] [bmv2] [D] [thread 91747] [196.0] [cxt 0] Parser state 'start': key is 86dd
[00:37:11.249] [bmv2] [T] [thread 91747] [196.0] [cxt 0] Bytes parsed: 14
[00:37:11.249] [bmv2] [D] [thread 91747] [196.0] [cxt 0] Parser 'parser' entering state 'parse_ipv6'
[00:37:11.249] [bmv2] [D] [thread 91747] [196.0] [cxt 0] Extracting header 'ipv6'
[00:37:11.249] [bmv2] [D] [thread 91747] [196.0] [cxt 0] Parser state 'parse_ipv6': key is 11
[00:37:11.250] [bmv2] [T] [thread 91747] [196.0] [cxt 0] Bytes parsed: 54
[00:37:11.250] [bmv2] [D] [thread 91747] [196.0] [cxt 0] Parser 'parser': end
[00:37:11.250] [bmv2] [D] [thread 91747] [196.0] [cxt 0] Pipeline 'ingress': start
[00:37:11.250] [bmv2] [T] [thread 91747] [196.0] [cxt 0] basic.p4(560) Condition "hdr.ethernet.etherType == TYPE_ARP" (node_2) is false
[00:37:11.250] [bmv2] [T] [thread 91747] [196.0] [cxt 0] basic.p4(563) Condition "hdr.ethernet.etherType == TYPE_SRCROUTING" (node_4) is false
[00:37:11.250] [bmv2] [T] [thread 91747] [196.0] [cxt 0] basic.p4(576) Condition "hdr.ethernet.etherType == TYPE_YEQUDESU" (node_12) is false
[00:37:11.250] [bmv2] [T] [thread 91747] [196.0] [cxt 0] basic.p4(582) Condition "hdr.vxlan.isValid()" (node_15) is false
[00:37:11.250] [bmv2] [T] [thread 91747] [196.0] [cxt 0] basic.p4(586) Condition "hdr.ipv6.isValid()" (node_17) is true
[00:37:11.250] [bmv2] [T] [thread 91747] [196.0] [cxt 0] Applying table 'MyIngress.ipv6_lpm'
[00:37:11.250] [bmv2] [D] [thread 91747] [196.0] [cxt 0] Looking up key:
* hdr.ipv6.dstAddr    : ff0200000000000000000000000000fb

[00:37:11.250] [bmv2] [D] [thread 91747] [196.0] [cxt 0] Table 'MyIngress.ipv6_lpm': miss
[00:37:11.250] [bmv2] [D] [thread 91747] [196.0] [cxt 0] Action entry is NoAction - 
[00:37:11.250] [bmv2] [T] [thread 91747] [196.0] [cxt 0] Action NoAction
[00:37:11.250] [bmv2] [D] [thread 91747] [196.0] [cxt 0] Pipeline 'ingress': end
[00:37:11.250] [bmv2] [D] [thread 91747] [196.0] [cxt 0] Egress port is 0
[00:37:11.250] [bmv2] [D] [thread 91748] [196.0] [cxt 0] Pipeline 'egress': start
[00:37:11.250] [bmv2] [T] [thread 91748] [196.0] [cxt 0] basic.p4(684) Condition "standard_metadata.mcast_grp != 0" (node_28) is false
[00:37:11.250] [bmv2] [D] [thread 91748] [196.0] [cxt 0] Pipeline 'egress': end
[00:37:11.250] [bmv2] [D] [thread 91748] [196.0] [cxt 0] Deparser 'deparser': start
[00:37:11.250] [bmv2] [T] [thread 91748] [196.0] [cxt 0] Skipping checksum 'cksum' update because condition not met
[00:37:11.250] [bmv2] [D] [thread 91748] [196.0] [cxt 0] Deparsing header 'ethernet'
[00:37:11.250] [bmv2] [D] [thread 91748] [196.0] [cxt 0] Deparsing header 'ipv6'
[00:37:11.250] [bmv2] [D] [thread 91748] [196.0] [cxt 0] Deparser 'deparser': end
[00:37:11.250] [bmv2] [D] [thread 91752] [196.0] [cxt 0] Transmitting packet of size 203 out of port 0
[00:37:11.439] [bmv2] [D] [thread 91747] [197.0] [cxt 0] Processing packet received on port 5
[00:37:11.439] [bmv2] [D] [thread 91747] [197.0] [cxt 0] Parser 'parser': start
[00:37:11.439] [bmv2] [D] [thread 91747] [197.0] [cxt 0] Parser 'parser' entering state 'start'
[00:37:11.439] [bmv2] [D] [thread 91747] [197.0] [cxt 0] Extracting header 'ethernet'
[00:37:11.439] [bmv2] [D] [thread 91747] [197.0] [cxt 0] Parser state 'start': key is 86dd
[00:37:11.439] [bmv2] [T] [thread 91747] [197.0] [cxt 0] Bytes parsed: 14
[00:37:11.439] [bmv2] [D] [thread 91747] [197.0] [cxt 0] Parser 'parser' entering state 'parse_ipv6'
[00:37:11.439] [bmv2] [D] [thread 91747] [197.0] [cxt 0] Extracting header 'ipv6'
[00:37:11.439] [bmv2] [D] [thread 91747] [197.0] [cxt 0] Parser state 'parse_ipv6': key is 11
[00:37:11.439] [bmv2] [T] [thread 91747] [197.0] [cxt 0] Bytes parsed: 54
[00:37:11.439] [bmv2] [D] [thread 91747] [197.0] [cxt 0] Parser 'parser': end
[00:37:11.439] [bmv2] [D] [thread 91747] [197.0] [cxt 0] Pipeline 'ingress': start
[00:37:11.439] [bmv2] [T] [thread 91747] [197.0] [cxt 0] basic.p4(560) Condition "hdr.ethernet.etherType == TYPE_ARP" (node_2) is false
[00:37:11.439] [bmv2] [T] [thread 91747] [197.0] [cxt 0] basic.p4(563) Condition "hdr.ethernet.etherType == TYPE_SRCROUTING" (node_4) is false
[00:37:11.439] [bmv2] [T] [thread 91747] [197.0] [cxt 0] basic.p4(576) Condition "hdr.ethernet.etherType == TYPE_YEQUDESU" (node_12) is false
[00:37:11.439] [bmv2] [T] [thread 91747] [197.0] [cxt 0] basic.p4(582) Condition "hdr.vxlan.isValid()" (node_15) is false
[00:37:11.439] [bmv2] [T] [thread 91747] [197.0] [cxt 0] basic.p4(586) Condition "hdr.ipv6.isValid()" (node_17) is true
[00:37:11.439] [bmv2] [T] [thread 91747] [197.0] [cxt 0] Applying table 'MyIngress.ipv6_lpm'
[00:37:11.440] [bmv2] [D] [thread 91747] [197.0] [cxt 0] Looking up key:
* hdr.ipv6.dstAddr    : ff0200000000000000000000000000fb

[00:37:11.440] [bmv2] [D] [thread 91747] [197.0] [cxt 0] Table 'MyIngress.ipv6_lpm': miss
[00:37:11.440] [bmv2] [D] [thread 91747] [197.0] [cxt 0] Action entry is NoAction - 
[00:37:11.440] [bmv2] [T] [thread 91747] [197.0] [cxt 0] Action NoAction
[00:37:11.440] [bmv2] [D] [thread 91747] [197.0] [cxt 0] Pipeline 'ingress': end
[00:37:11.440] [bmv2] [D] [thread 91747] [197.0] [cxt 0] Egress port is 0
[00:37:11.440] [bmv2] [D] [thread 91748] [197.0] [cxt 0] Pipeline 'egress': start
[00:37:11.440] [bmv2] [T] [thread 91748] [197.0] [cxt 0] basic.p4(684) Condition "standard_metadata.mcast_grp != 0" (node_28) is false
[00:37:11.440] [bmv2] [D] [thread 91748] [197.0] [cxt 0] Pipeline 'egress': end
[00:37:11.440] [bmv2] [D] [thread 91748] [197.0] [cxt 0] Deparser 'deparser': start
[00:37:11.440] [bmv2] [T] [thread 91748] [197.0] [cxt 0] Skipping checksum 'cksum' update because condition not met
[00:37:11.440] [bmv2] [D] [thread 91748] [197.0] [cxt 0] Deparsing header 'ethernet'
[00:37:11.440] [bmv2] [D] [thread 91748] [197.0] [cxt 0] Deparsing header 'ipv6'
[00:37:11.440] [bmv2] [D] [thread 91748] [197.0] [cxt 0] Deparser 'deparser': end
[00:37:11.440] [bmv2] [D] [thread 91752] [197.0] [cxt 0] Transmitting packet of size 203 out of port 0
[00:37:11.504] [bmv2] [D] [thread 91747] [198.0] [cxt 0] Processing packet received on port 4
[00:37:11.504] [bmv2] [D] [thread 91747] [198.0] [cxt 0] Parser 'parser': start
[00:37:11.504] [bmv2] [D] [thread 91747] [198.0] [cxt 0] Parser 'parser' entering state 'start'
[00:37:11.504] [bmv2] [D] [thread 91747] [198.0] [cxt 0] Extracting header 'ethernet'
[00:37:11.504] [bmv2] [D] [thread 91747] [198.0] [cxt 0] Parser state 'start': key is 86dd
[00:37:11.504] [bmv2] [T] [thread 91747] [198.0] [cxt 0] Bytes parsed: 14
[00:37:11.504] [bmv2] [D] [thread 91747] [198.0] [cxt 0] Parser 'parser' entering state 'parse_ipv6'
[00:37:11.504] [bmv2] [D] [thread 91747] [198.0] [cxt 0] Extracting header 'ipv6'
[00:37:11.504] [bmv2] [D] [thread 91747] [198.0] [cxt 0] Parser state 'parse_ipv6': key is 11
[00:37:11.504] [bmv2] [T] [thread 91747] [198.0] [cxt 0] Bytes parsed: 54
[00:37:11.504] [bmv2] [D] [thread 91747] [198.0] [cxt 0] Parser 'parser': end
[00:37:11.504] [bmv2] [D] [thread 91747] [198.0] [cxt 0] Pipeline 'ingress': start
[00:37:11.504] [bmv2] [T] [thread 91747] [198.0] [cxt 0] basic.p4(560) Condition "hdr.ethernet.etherType == TYPE_ARP" (node_2) is false
[00:37:11.504] [bmv2] [T] [thread 91747] [198.0] [cxt 0] basic.p4(563) Condition "hdr.ethernet.etherType == TYPE_SRCROUTING" (node_4) is false
[00:37:11.504] [bmv2] [T] [thread 91747] [198.0] [cxt 0] basic.p4(576) Condition "hdr.ethernet.etherType == TYPE_YEQUDESU" (node_12) is false
[00:37:11.504] [bmv2] [T] [thread 91747] [198.0] [cxt 0] basic.p4(582) Condition "hdr.vxlan.isValid()" (node_15) is false
[00:37:11.504] [bmv2] [T] [thread 91747] [198.0] [cxt 0] basic.p4(586) Condition "hdr.ipv6.isValid()" (node_17) is true
[00:37:11.504] [bmv2] [T] [thread 91747] [198.0] [cxt 0] Applying table 'MyIngress.ipv6_lpm'
[00:37:11.504] [bmv2] [D] [thread 91747] [198.0] [cxt 0] Looking up key:
* hdr.ipv6.dstAddr    : ff0200000000000000000000000000fb

[00:37:11.504] [bmv2] [D] [thread 91747] [198.0] [cxt 0] Table 'MyIngress.ipv6_lpm': miss
[00:37:11.504] [bmv2] [D] [thread 91747] [198.0] [cxt 0] Action entry is NoAction - 
[00:37:11.504] [bmv2] [T] [thread 91747] [198.0] [cxt 0] Action NoAction
[00:37:11.504] [bmv2] [D] [thread 91747] [198.0] [cxt 0] Pipeline 'ingress': end
[00:37:11.504] [bmv2] [D] [thread 91747] [198.0] [cxt 0] Egress port is 0
[00:37:11.504] [bmv2] [D] [thread 91748] [198.0] [cxt 0] Pipeline 'egress': start
[00:37:11.504] [bmv2] [T] [thread 91748] [198.0] [cxt 0] basic.p4(684) Condition "standard_metadata.mcast_grp != 0" (node_28) is false
[00:37:11.504] [bmv2] [D] [thread 91748] [198.0] [cxt 0] Pipeline 'egress': end
[00:37:11.504] [bmv2] [D] [thread 91748] [198.0] [cxt 0] Deparser 'deparser': start
[00:37:11.504] [bmv2] [T] [thread 91748] [198.0] [cxt 0] Skipping checksum 'cksum' update because condition not met
[00:37:11.504] [bmv2] [D] [thread 91748] [198.0] [cxt 0] Deparsing header 'ethernet'
[00:37:11.504] [bmv2] [D] [thread 91748] [198.0] [cxt 0] Deparsing header 'ipv6'
[00:37:11.504] [bmv2] [D] [thread 91748] [198.0] [cxt 0] Deparser 'deparser': end
[00:37:11.504] [bmv2] [D] [thread 91752] [198.0] [cxt 0] Transmitting packet of size 203 out of port 0
[00:37:11.568] [bmv2] [D] [thread 91747] [199.0] [cxt 0] Processing packet received on port 1
[00:37:11.568] [bmv2] [D] [thread 91747] [199.0] [cxt 0] Parser 'parser': start
[00:37:11.568] [bmv2] [D] [thread 91747] [199.0] [cxt 0] Parser 'parser' entering state 'start'
[00:37:11.568] [bmv2] [D] [thread 91747] [199.0] [cxt 0] Extracting header 'ethernet'
[00:37:11.568] [bmv2] [D] [thread 91747] [199.0] [cxt 0] Parser state 'start': key is 86dd
[00:37:11.568] [bmv2] [T] [thread 91747] [199.0] [cxt 0] Bytes parsed: 14
[00:37:11.568] [bmv2] [D] [thread 91747] [199.0] [cxt 0] Parser 'parser' entering state 'parse_ipv6'
[00:37:11.568] [bmv2] [D] [thread 91747] [199.0] [cxt 0] Extracting header 'ipv6'
[00:37:11.568] [bmv2] [D] [thread 91747] [199.0] [cxt 0] Parser state 'parse_ipv6': key is 11
[00:37:11.568] [bmv2] [T] [thread 91747] [199.0] [cxt 0] Bytes parsed: 54
[00:37:11.568] [bmv2] [D] [thread 91747] [199.0] [cxt 0] Parser 'parser': end
[00:37:11.568] [bmv2] [D] [thread 91747] [199.0] [cxt 0] Pipeline 'ingress': start
[00:37:11.568] [bmv2] [T] [thread 91747] [199.0] [cxt 0] basic.p4(560) Condition "hdr.ethernet.etherType == TYPE_ARP" (node_2) is false
[00:37:11.568] [bmv2] [T] [thread 91747] [199.0] [cxt 0] basic.p4(563) Condition "hdr.ethernet.etherType == TYPE_SRCROUTING" (node_4) is false
[00:37:11.568] [bmv2] [T] [thread 91747] [199.0] [cxt 0] basic.p4(576) Condition "hdr.ethernet.etherType == TYPE_YEQUDESU" (node_12) is false
[00:37:11.568] [bmv2] [T] [thread 91747] [199.0] [cxt 0] basic.p4(582) Condition "hdr.vxlan.isValid()" (node_15) is false
[00:37:11.568] [bmv2] [T] [thread 91747] [199.0] [cxt 0] basic.p4(586) Condition "hdr.ipv6.isValid()" (node_17) is true
[00:37:11.568] [bmv2] [T] [thread 91747] [199.0] [cxt 0] Applying table 'MyIngress.ipv6_lpm'
[00:37:11.568] [bmv2] [D] [thread 91747] [199.0] [cxt 0] Looking up key:
* hdr.ipv6.dstAddr    : ff0200000000000000000000000000fb

[00:37:11.568] [bmv2] [D] [thread 91747] [199.0] [cxt 0] Table 'MyIngress.ipv6_lpm': miss
[00:37:11.568] [bmv2] [D] [thread 91747] [199.0] [cxt 0] Action entry is NoAction - 
[00:37:11.568] [bmv2] [T] [thread 91747] [199.0] [cxt 0] Action NoAction
[00:37:11.568] [bmv2] [D] [thread 91747] [199.0] [cxt 0] Pipeline 'ingress': end
[00:37:11.568] [bmv2] [D] [thread 91747] [199.0] [cxt 0] Egress port is 0
[00:37:11.568] [bmv2] [D] [thread 91748] [199.0] [cxt 0] Pipeline 'egress': start
[00:37:11.568] [bmv2] [T] [thread 91748] [199.0] [cxt 0] basic.p4(684) Condition "standard_metadata.mcast_grp != 0" (node_28) is false
[00:37:11.568] [bmv2] [D] [thread 91748] [199.0] [cxt 0] Pipeline 'egress': end
[00:37:11.568] [bmv2] [D] [thread 91748] [199.0] [cxt 0] Deparser 'deparser': start
[00:37:11.568] [bmv2] [T] [thread 91748] [199.0] [cxt 0] Skipping checksum 'cksum' update because condition not met
[00:37:11.568] [bmv2] [D] [thread 91748] [199.0] [cxt 0] Deparsing header 'ethernet'
[00:37:11.568] [bmv2] [D] [thread 91748] [199.0] [cxt 0] Deparsing header 'ipv6'
[00:37:11.568] [bmv2] [D] [thread 91748] [199.0] [cxt 0] Deparser 'deparser': end
[00:37:11.568] [bmv2] [D] [thread 91752] [199.0] [cxt 0] Transmitting packet of size 203 out of port 0
[00:37:11.632] [bmv2] [D] [thread 91747] [200.0] [cxt 0] Processing packet received on port 3
[00:37:11.632] [bmv2] [D] [thread 91747] [200.0] [cxt 0] Parser 'parser': start
[00:37:11.632] [bmv2] [D] [thread 91747] [200.0] [cxt 0] Parser 'parser' entering state 'start'
[00:37:11.632] [bmv2] [D] [thread 91747] [200.0] [cxt 0] Extracting header 'ethernet'
[00:37:11.632] [bmv2] [D] [thread 91747] [200.0] [cxt 0] Parser state 'start': key is 86dd
[00:37:11.632] [bmv2] [T] [thread 91747] [200.0] [cxt 0] Bytes parsed: 14
[00:37:11.632] [bmv2] [D] [thread 91747] [200.0] [cxt 0] Parser 'parser' entering state 'parse_ipv6'
[00:37:11.632] [bmv2] [D] [thread 91747] [200.0] [cxt 0] Extracting header 'ipv6'
[00:37:11.632] [bmv2] [D] [thread 91747] [200.0] [cxt 0] Parser state 'parse_ipv6': key is 11
[00:37:11.632] [bmv2] [T] [thread 91747] [200.0] [cxt 0] Bytes parsed: 54
[00:37:11.632] [bmv2] [D] [thread 91747] [200.0] [cxt 0] Parser 'parser': end
[00:37:11.632] [bmv2] [D] [thread 91747] [200.0] [cxt 0] Pipeline 'ingress': start
[00:37:11.632] [bmv2] [T] [thread 91747] [200.0] [cxt 0] basic.p4(560) Condition "hdr.ethernet.etherType == TYPE_ARP" (node_2) is false
[00:37:11.632] [bmv2] [T] [thread 91747] [200.0] [cxt 0] basic.p4(563) Condition "hdr.ethernet.etherType == TYPE_SRCROUTING" (node_4) is false
[00:37:11.632] [bmv2] [T] [thread 91747] [200.0] [cxt 0] basic.p4(576) Condition "hdr.ethernet.etherType == TYPE_YEQUDESU" (node_12) is false
[00:37:11.632] [bmv2] [T] [thread 91747] [200.0] [cxt 0] basic.p4(582) Condition "hdr.vxlan.isValid()" (node_15) is false
[00:37:11.632] [bmv2] [T] [thread 91747] [200.0] [cxt 0] basic.p4(586) Condition "hdr.ipv6.isValid()" (node_17) is true
[00:37:11.632] [bmv2] [T] [thread 91747] [200.0] [cxt 0] Applying table 'MyIngress.ipv6_lpm'
[00:37:11.632] [bmv2] [D] [thread 91747] [200.0] [cxt 0] Looking up key:
* hdr.ipv6.dstAddr    : ff0200000000000000000000000000fb

[00:37:11.632] [bmv2] [D] [thread 91747] [200.0] [cxt 0] Table 'MyIngress.ipv6_lpm': miss
[00:37:11.632] [bmv2] [D] [thread 91747] [200.0] [cxt 0] Action entry is NoAction - 
[00:37:11.632] [bmv2] [T] [thread 91747] [200.0] [cxt 0] Action NoAction
[00:37:11.632] [bmv2] [D] [thread 91747] [200.0] [cxt 0] Pipeline 'ingress': end
[00:37:11.632] [bmv2] [D] [thread 91747] [200.0] [cxt 0] Egress port is 0
[00:37:11.632] [bmv2] [D] [thread 91748] [200.0] [cxt 0] Pipeline 'egress': start
[00:37:11.632] [bmv2] [T] [thread 91748] [200.0] [cxt 0] basic.p4(684) Condition "standard_metadata.mcast_grp != 0" (node_28) is false
[00:37:11.632] [bmv2] [D] [thread 91748] [200.0] [cxt 0] Pipeline 'egress': end
[00:37:11.632] [bmv2] [D] [thread 91748] [200.0] [cxt 0] Deparser 'deparser': start
[00:37:11.632] [bmv2] [T] [thread 91748] [200.0] [cxt 0] Skipping checksum 'cksum' update because condition not met
[00:37:11.632] [bmv2] [D] [thread 91748] [200.0] [cxt 0] Deparsing header 'ethernet'
[00:37:11.632] [bmv2] [D] [thread 91748] [200.0] [cxt 0] Deparsing header 'ipv6'
[00:37:11.632] [bmv2] [D] [thread 91748] [200.0] [cxt 0] Deparser 'deparser': end
[00:37:11.632] [bmv2] [D] [thread 91752] [200.0] [cxt 0] Transmitting packet of size 203 out of port 0
[00:37:11.821] [bmv2] [D] [thread 91747] [201.0] [cxt 0] Processing packet received on port 5
[00:37:11.821] [bmv2] [D] [thread 91747] [201.0] [cxt 0] Parser 'parser': start
[00:37:11.821] [bmv2] [D] [thread 91747] [201.0] [cxt 0] Parser 'parser' entering state 'start'
[00:37:11.821] [bmv2] [D] [thread 91747] [201.0] [cxt 0] Extracting header 'ethernet'
[00:37:11.821] [bmv2] [D] [thread 91747] [201.0] [cxt 0] Parser state 'start': key is 86dd
[00:37:11.821] [bmv2] [T] [thread 91747] [201.0] [cxt 0] Bytes parsed: 14
[00:37:11.821] [bmv2] [D] [thread 91747] [201.0] [cxt 0] Parser 'parser' entering state 'parse_ipv6'
[00:37:11.821] [bmv2] [D] [thread 91747] [201.0] [cxt 0] Extracting header 'ipv6'
[00:37:11.821] [bmv2] [D] [thread 91747] [201.0] [cxt 0] Parser state 'parse_ipv6': key is 3a
[00:37:11.821] [bmv2] [T] [thread 91747] [201.0] [cxt 0] Bytes parsed: 54
[00:37:11.821] [bmv2] [D] [thread 91747] [201.0] [cxt 0] Parser 'parser': end
[00:37:11.821] [bmv2] [D] [thread 91747] [201.0] [cxt 0] Pipeline 'ingress': start
[00:37:11.821] [bmv2] [T] [thread 91747] [201.0] [cxt 0] basic.p4(560) Condition "hdr.ethernet.etherType == TYPE_ARP" (node_2) is false
[00:37:11.821] [bmv2] [T] [thread 91747] [201.0] [cxt 0] basic.p4(563) Condition "hdr.ethernet.etherType == TYPE_SRCROUTING" (node_4) is false
[00:37:11.821] [bmv2] [T] [thread 91747] [201.0] [cxt 0] basic.p4(576) Condition "hdr.ethernet.etherType == TYPE_YEQUDESU" (node_12) is false
[00:37:11.822] [bmv2] [T] [thread 91747] [201.0] [cxt 0] basic.p4(582) Condition "hdr.vxlan.isValid()" (node_15) is false
[00:37:11.822] [bmv2] [T] [thread 91747] [201.0] [cxt 0] basic.p4(586) Condition "hdr.ipv6.isValid()" (node_17) is true
[00:37:11.822] [bmv2] [T] [thread 91747] [201.0] [cxt 0] Applying table 'MyIngress.ipv6_lpm'
[00:37:11.822] [bmv2] [D] [thread 91747] [201.0] [cxt 0] Looking up key:
* hdr.ipv6.dstAddr    : ff020000000000000000000000000002

[00:37:11.822] [bmv2] [D] [thread 91747] [201.0] [cxt 0] Table 'MyIngress.ipv6_lpm': miss
[00:37:11.822] [bmv2] [D] [thread 91747] [201.0] [cxt 0] Action entry is NoAction - 
[00:37:11.822] [bmv2] [T] [thread 91747] [201.0] [cxt 0] Action NoAction
[00:37:11.822] [bmv2] [D] [thread 91747] [201.0] [cxt 0] Pipeline 'ingress': end
[00:37:11.822] [bmv2] [D] [thread 91747] [201.0] [cxt 0] Egress port is 0
[00:37:11.822] [bmv2] [D] [thread 91748] [201.0] [cxt 0] Pipeline 'egress': start
[00:37:11.822] [bmv2] [T] [thread 91748] [201.0] [cxt 0] basic.p4(684) Condition "standard_metadata.mcast_grp != 0" (node_28) is false
[00:37:11.822] [bmv2] [D] [thread 91748] [201.0] [cxt 0] Pipeline 'egress': end
[00:37:11.822] [bmv2] [D] [thread 91748] [201.0] [cxt 0] Deparser 'deparser': start
[00:37:11.822] [bmv2] [T] [thread 91748] [201.0] [cxt 0] Skipping checksum 'cksum' update because condition not met
[00:37:11.822] [bmv2] [D] [thread 91748] [201.0] [cxt 0] Deparsing header 'ethernet'
[00:37:11.822] [bmv2] [D] [thread 91748] [201.0] [cxt 0] Deparsing header 'ipv6'
[00:37:11.822] [bmv2] [D] [thread 91748] [201.0] [cxt 0] Deparser 'deparser': end
[00:37:11.822] [bmv2] [D] [thread 91752] [201.0] [cxt 0] Transmitting packet of size 70 out of port 0
[00:37:18.990] [bmv2] [D] [thread 91747] [202.0] [cxt 0] Processing packet received on port 1
[00:37:18.990] [bmv2] [D] [thread 91747] [202.0] [cxt 0] Parser 'parser': start
[00:37:18.990] [bmv2] [D] [thread 91747] [202.0] [cxt 0] Parser 'parser' entering state 'start'
[00:37:18.990] [bmv2] [D] [thread 91747] [202.0] [cxt 0] Extracting header 'ethernet'
[00:37:18.990] [bmv2] [D] [thread 91747] [202.0] [cxt 0] Parser state 'start': key is 86dd
[00:37:18.990] [bmv2] [T] [thread 91747] [202.0] [cxt 0] Bytes parsed: 14
[00:37:18.990] [bmv2] [D] [thread 91747] [202.0] [cxt 0] Parser 'parser' entering state 'parse_ipv6'
[00:37:18.990] [bmv2] [D] [thread 91747] [202.0] [cxt 0] Extracting header 'ipv6'
[00:37:18.990] [bmv2] [D] [thread 91747] [202.0] [cxt 0] Parser state 'parse_ipv6': key is 3a
[00:37:18.990] [bmv2] [T] [thread 91747] [202.0] [cxt 0] Bytes parsed: 54
[00:37:18.990] [bmv2] [D] [thread 91747] [202.0] [cxt 0] Parser 'parser': end
[00:37:18.990] [bmv2] [D] [thread 91747] [202.0] [cxt 0] Pipeline 'ingress': start
[00:37:18.990] [bmv2] [T] [thread 91747] [202.0] [cxt 0] basic.p4(560) Condition "hdr.ethernet.etherType == TYPE_ARP" (node_2) is false
[00:37:18.990] [bmv2] [T] [thread 91747] [202.0] [cxt 0] basic.p4(563) Condition "hdr.ethernet.etherType == TYPE_SRCROUTING" (node_4) is false
[00:37:18.990] [bmv2] [T] [thread 91747] [202.0] [cxt 0] basic.p4(576) Condition "hdr.ethernet.etherType == TYPE_YEQUDESU" (node_12) is false
[00:37:18.990] [bmv2] [T] [thread 91747] [202.0] [cxt 0] basic.p4(582) Condition "hdr.vxlan.isValid()" (node_15) is false
[00:37:18.990] [bmv2] [T] [thread 91747] [202.0] [cxt 0] basic.p4(586) Condition "hdr.ipv6.isValid()" (node_17) is true
[00:37:18.990] [bmv2] [T] [thread 91747] [202.0] [cxt 0] Applying table 'MyIngress.ipv6_lpm'
[00:37:18.990] [bmv2] [D] [thread 91747] [202.0] [cxt 0] Looking up key:
* hdr.ipv6.dstAddr    : ff020000000000000000000000000002

[00:37:18.990] [bmv2] [D] [thread 91747] [202.0] [cxt 0] Table 'MyIngress.ipv6_lpm': miss
[00:37:18.990] [bmv2] [D] [thread 91747] [202.0] [cxt 0] Action entry is NoAction - 
[00:37:18.990] [bmv2] [T] [thread 91747] [202.0] [cxt 0] Action NoAction
[00:37:18.990] [bmv2] [D] [thread 91747] [202.0] [cxt 0] Pipeline 'ingress': end
[00:37:18.990] [bmv2] [D] [thread 91747] [202.0] [cxt 0] Egress port is 0
[00:37:18.990] [bmv2] [D] [thread 91748] [202.0] [cxt 0] Pipeline 'egress': start
[00:37:18.990] [bmv2] [T] [thread 91748] [202.0] [cxt 0] basic.p4(684) Condition "standard_metadata.mcast_grp != 0" (node_28) is false
[00:37:18.990] [bmv2] [D] [thread 91748] [202.0] [cxt 0] Pipeline 'egress': end
[00:37:18.990] [bmv2] [D] [thread 91748] [202.0] [cxt 0] Deparser 'deparser': start
[00:37:18.990] [bmv2] [T] [thread 91748] [202.0] [cxt 0] Skipping checksum 'cksum' update because condition not met
[00:37:18.990] [bmv2] [D] [thread 91748] [202.0] [cxt 0] Deparsing header 'ethernet'
[00:37:18.990] [bmv2] [D] [thread 91748] [202.0] [cxt 0] Deparsing header 'ipv6'
[00:37:18.990] [bmv2] [D] [thread 91748] [202.0] [cxt 0] Deparser 'deparser': end
[00:37:18.990] [bmv2] [D] [thread 91752] [202.0] [cxt 0] Transmitting packet of size 70 out of port 0
[00:37:35.886] [bmv2] [D] [thread 91747] [203.0] [cxt 0] Processing packet received on port 2
[00:37:35.886] [bmv2] [D] [thread 91747] [203.0] [cxt 0] Parser 'parser': start
[00:37:35.886] [bmv2] [D] [thread 91747] [203.0] [cxt 0] Parser 'parser' entering state 'start'
[00:37:35.886] [bmv2] [D] [thread 91747] [203.0] [cxt 0] Extracting header 'ethernet'
[00:37:35.886] [bmv2] [D] [thread 91747] [203.0] [cxt 0] Parser state 'start': key is 86dd
[00:37:35.886] [bmv2] [T] [thread 91747] [203.0] [cxt 0] Bytes parsed: 14
[00:37:35.886] [bmv2] [D] [thread 91747] [203.0] [cxt 0] Parser 'parser' entering state 'parse_ipv6'
[00:37:35.886] [bmv2] [D] [thread 91747] [203.0] [cxt 0] Extracting header 'ipv6'
[00:37:35.886] [bmv2] [D] [thread 91747] [203.0] [cxt 0] Parser state 'parse_ipv6': key is 3a
[00:37:35.886] [bmv2] [T] [thread 91747] [203.0] [cxt 0] Bytes parsed: 54
[00:37:35.886] [bmv2] [D] [thread 91747] [203.0] [cxt 0] Parser 'parser': end
[00:37:35.886] [bmv2] [D] [thread 91747] [203.0] [cxt 0] Pipeline 'ingress': start
[00:37:35.886] [bmv2] [T] [thread 91747] [203.0] [cxt 0] basic.p4(560) Condition "hdr.ethernet.etherType == TYPE_ARP" (node_2) is false
[00:37:35.886] [bmv2] [T] [thread 91747] [203.0] [cxt 0] basic.p4(563) Condition "hdr.ethernet.etherType == TYPE_SRCROUTING" (node_4) is false
[00:37:35.886] [bmv2] [T] [thread 91747] [203.0] [cxt 0] basic.p4(576) Condition "hdr.ethernet.etherType == TYPE_YEQUDESU" (node_12) is false
[00:37:35.886] [bmv2] [T] [thread 91747] [203.0] [cxt 0] basic.p4(582) Condition "hdr.vxlan.isValid()" (node_15) is false
[00:37:35.886] [bmv2] [T] [thread 91747] [203.0] [cxt 0] basic.p4(586) Condition "hdr.ipv6.isValid()" (node_17) is true
[00:37:35.886] [bmv2] [T] [thread 91747] [203.0] [cxt 0] Applying table 'MyIngress.ipv6_lpm'
[00:37:35.886] [bmv2] [D] [thread 91747] [203.0] [cxt 0] Looking up key:
* hdr.ipv6.dstAddr    : ff020000000000000000000000000002

[00:37:35.886] [bmv2] [D] [thread 91747] [203.0] [cxt 0] Table 'MyIngress.ipv6_lpm': miss
[00:37:35.886] [bmv2] [D] [thread 91747] [203.0] [cxt 0] Action entry is NoAction - 
[00:37:35.886] [bmv2] [T] [thread 91747] [203.0] [cxt 0] Action NoAction
[00:37:35.886] [bmv2] [D] [thread 91747] [203.0] [cxt 0] Pipeline 'ingress': end
[00:37:35.886] [bmv2] [D] [thread 91747] [203.0] [cxt 0] Egress port is 0
[00:37:35.886] [bmv2] [D] [thread 91748] [203.0] [cxt 0] Pipeline 'egress': start
[00:37:35.886] [bmv2] [T] [thread 91748] [203.0] [cxt 0] basic.p4(684) Condition "standard_metadata.mcast_grp != 0" (node_28) is false
[00:37:35.886] [bmv2] [D] [thread 91748] [203.0] [cxt 0] Pipeline 'egress': end
[00:37:35.886] [bmv2] [D] [thread 91748] [203.0] [cxt 0] Deparser 'deparser': start
[00:37:35.886] [bmv2] [T] [thread 91748] [203.0] [cxt 0] Skipping checksum 'cksum' update because condition not met
[00:37:35.886] [bmv2] [D] [thread 91748] [203.0] [cxt 0] Deparsing header 'ethernet'
[00:37:35.886] [bmv2] [D] [thread 91748] [203.0] [cxt 0] Deparsing header 'ipv6'
[00:37:35.886] [bmv2] [D] [thread 91748] [203.0] [cxt 0] Deparser 'deparser': end
[00:37:35.886] [bmv2] [D] [thread 91752] [203.0] [cxt 0] Transmitting packet of size 70 out of port 0
[00:37:36.910] [bmv2] [D] [thread 91747] [204.0] [cxt 0] Processing packet received on port 4
[00:37:36.910] [bmv2] [D] [thread 91747] [204.0] [cxt 0] Parser 'parser': start
[00:37:36.910] [bmv2] [D] [thread 91747] [204.0] [cxt 0] Parser 'parser' entering state 'start'
[00:37:36.910] [bmv2] [D] [thread 91747] [204.0] [cxt 0] Extracting header 'ethernet'
[00:37:36.910] [bmv2] [D] [thread 91747] [204.0] [cxt 0] Parser state 'start': key is 86dd
[00:37:36.910] [bmv2] [T] [thread 91747] [204.0] [cxt 0] Bytes parsed: 14
[00:37:36.910] [bmv2] [D] [thread 91747] [204.0] [cxt 0] Parser 'parser' entering state 'parse_ipv6'
[00:37:36.910] [bmv2] [D] [thread 91747] [204.0] [cxt 0] Extracting header 'ipv6'
[00:37:36.910] [bmv2] [D] [thread 91747] [204.0] [cxt 0] Parser state 'parse_ipv6': key is 3a
[00:37:36.910] [bmv2] [T] [thread 91747] [204.0] [cxt 0] Bytes parsed: 54
[00:37:36.910] [bmv2] [D] [thread 91747] [204.0] [cxt 0] Parser 'parser': end
[00:37:36.910] [bmv2] [D] [thread 91747] [204.0] [cxt 0] Pipeline 'ingress': start
[00:37:36.910] [bmv2] [T] [thread 91747] [204.0] [cxt 0] basic.p4(560) Condition "hdr.ethernet.etherType == TYPE_ARP" (node_2) is false
[00:37:36.910] [bmv2] [T] [thread 91747] [204.0] [cxt 0] basic.p4(563) Condition "hdr.ethernet.etherType == TYPE_SRCROUTING" (node_4) is false
[00:37:36.910] [bmv2] [T] [thread 91747] [204.0] [cxt 0] basic.p4(576) Condition "hdr.ethernet.etherType == TYPE_YEQUDESU" (node_12) is false
[00:37:36.910] [bmv2] [T] [thread 91747] [204.0] [cxt 0] basic.p4(582) Condition "hdr.vxlan.isValid()" (node_15) is false
[00:37:36.910] [bmv2] [T] [thread 91747] [204.0] [cxt 0] basic.p4(586) Condition "hdr.ipv6.isValid()" (node_17) is true
[00:37:36.910] [bmv2] [T] [thread 91747] [204.0] [cxt 0] Applying table 'MyIngress.ipv6_lpm'
[00:37:36.910] [bmv2] [D] [thread 91747] [204.0] [cxt 0] Looking up key:
* hdr.ipv6.dstAddr    : ff020000000000000000000000000002

[00:37:36.910] [bmv2] [D] [thread 91747] [204.0] [cxt 0] Table 'MyIngress.ipv6_lpm': miss
[00:37:36.910] [bmv2] [D] [thread 91747] [204.0] [cxt 0] Action entry is NoAction - 
[00:37:36.910] [bmv2] [T] [thread 91747] [204.0] [cxt 0] Action NoAction
[00:37:36.910] [bmv2] [D] [thread 91747] [204.0] [cxt 0] Pipeline 'ingress': end
[00:37:36.910] [bmv2] [D] [thread 91747] [204.0] [cxt 0] Egress port is 0
[00:37:36.910] [bmv2] [D] [thread 91748] [204.0] [cxt 0] Pipeline 'egress': start
[00:37:36.910] [bmv2] [T] [thread 91748] [204.0] [cxt 0] basic.p4(684) Condition "standard_metadata.mcast_grp != 0" (node_28) is false
[00:37:36.910] [bmv2] [D] [thread 91748] [204.0] [cxt 0] Pipeline 'egress': end
[00:37:36.910] [bmv2] [D] [thread 91748] [204.0] [cxt 0] Deparser 'deparser': start
[00:37:36.910] [bmv2] [T] [thread 91748] [204.0] [cxt 0] Skipping checksum 'cksum' update because condition not met
[00:37:36.910] [bmv2] [D] [thread 91748] [204.0] [cxt 0] Deparsing header 'ethernet'
[00:37:36.910] [bmv2] [D] [thread 91748] [204.0] [cxt 0] Deparsing header 'ipv6'
[00:37:36.910] [bmv2] [D] [thread 91748] [204.0] [cxt 0] Deparser 'deparser': end
[00:37:36.910] [bmv2] [D] [thread 91752] [204.0] [cxt 0] Transmitting packet of size 70 out of port 0
[00:37:39.982] [bmv2] [D] [thread 91747] [205.0] [cxt 0] Processing packet received on port 3
[00:37:39.982] [bmv2] [D] [thread 91747] [205.0] [cxt 0] Parser 'parser': start
[00:37:39.982] [bmv2] [D] [thread 91747] [205.0] [cxt 0] Parser 'parser' entering state 'start'
[00:37:39.982] [bmv2] [D] [thread 91747] [205.0] [cxt 0] Extracting header 'ethernet'
[00:37:39.982] [bmv2] [D] [thread 91747] [205.0] [cxt 0] Parser state 'start': key is 86dd
[00:37:39.982] [bmv2] [T] [thread 91747] [205.0] [cxt 0] Bytes parsed: 14
[00:37:39.982] [bmv2] [D] [thread 91747] [205.0] [cxt 0] Parser 'parser' entering state 'parse_ipv6'
[00:37:39.982] [bmv2] [D] [thread 91747] [205.0] [cxt 0] Extracting header 'ipv6'
[00:37:39.982] [bmv2] [D] [thread 91747] [205.0] [cxt 0] Parser state 'parse_ipv6': key is 3a
[00:37:39.982] [bmv2] [T] [thread 91747] [205.0] [cxt 0] Bytes parsed: 54
[00:37:39.982] [bmv2] [D] [thread 91747] [205.0] [cxt 0] Parser 'parser': end
[00:37:39.982] [bmv2] [D] [thread 91747] [205.0] [cxt 0] Pipeline 'ingress': start
[00:37:39.982] [bmv2] [T] [thread 91747] [205.0] [cxt 0] basic.p4(560) Condition "hdr.ethernet.etherType == TYPE_ARP" (node_2) is false
[00:37:39.982] [bmv2] [T] [thread 91747] [205.0] [cxt 0] basic.p4(563) Condition "hdr.ethernet.etherType == TYPE_SRCROUTING" (node_4) is false
[00:37:39.982] [bmv2] [T] [thread 91747] [205.0] [cxt 0] basic.p4(576) Condition "hdr.ethernet.etherType == TYPE_YEQUDESU" (node_12) is false
[00:37:39.982] [bmv2] [T] [thread 91747] [205.0] [cxt 0] basic.p4(582) Condition "hdr.vxlan.isValid()" (node_15) is false
[00:37:39.982] [bmv2] [T] [thread 91747] [205.0] [cxt 0] basic.p4(586) Condition "hdr.ipv6.isValid()" (node_17) is true
[00:37:39.982] [bmv2] [T] [thread 91747] [205.0] [cxt 0] Applying table 'MyIngress.ipv6_lpm'
[00:37:39.982] [bmv2] [D] [thread 91747] [205.0] [cxt 0] Looking up key:
* hdr.ipv6.dstAddr    : ff020000000000000000000000000002

[00:37:39.982] [bmv2] [D] [thread 91747] [205.0] [cxt 0] Table 'MyIngress.ipv6_lpm': miss
[00:37:39.982] [bmv2] [D] [thread 91747] [205.0] [cxt 0] Action entry is NoAction - 
[00:37:39.982] [bmv2] [T] [thread 91747] [205.0] [cxt 0] Action NoAction
[00:37:39.982] [bmv2] [D] [thread 91747] [205.0] [cxt 0] Pipeline 'ingress': end
[00:37:39.982] [bmv2] [D] [thread 91747] [205.0] [cxt 0] Egress port is 0
[00:37:39.982] [bmv2] [D] [thread 91748] [205.0] [cxt 0] Pipeline 'egress': start
[00:37:39.982] [bmv2] [T] [thread 91748] [205.0] [cxt 0] basic.p4(684) Condition "standard_metadata.mcast_grp != 0" (node_28) is false
[00:37:39.982] [bmv2] [D] [thread 91748] [205.0] [cxt 0] Pipeline 'egress': end
[00:37:39.982] [bmv2] [D] [thread 91748] [205.0] [cxt 0] Deparser 'deparser': start
[00:37:39.982] [bmv2] [T] [thread 91748] [205.0] [cxt 0] Skipping checksum 'cksum' update because condition not met
[00:37:39.982] [bmv2] [D] [thread 91748] [205.0] [cxt 0] Deparsing header 'ethernet'
[00:37:39.982] [bmv2] [D] [thread 91748] [205.0] [cxt 0] Deparsing header 'ipv6'
[00:37:39.982] [bmv2] [D] [thread 91748] [205.0] [cxt 0] Deparser 'deparser': end
[00:37:39.982] [bmv2] [D] [thread 91752] [205.0] [cxt 0] Transmitting packet of size 70 out of port 0
[00:37:42.896] [bmv2] [D] [thread 91747] [206.0] [cxt 0] Processing packet received on port 2
[00:37:42.896] [bmv2] [D] [thread 91747] [206.0] [cxt 0] Parser 'parser': start
[00:37:42.896] [bmv2] [D] [thread 91747] [206.0] [cxt 0] Parser 'parser' entering state 'start'
[00:37:42.896] [bmv2] [D] [thread 91747] [206.0] [cxt 0] Extracting header 'ethernet'
[00:37:42.897] [bmv2] [D] [thread 91747] [206.0] [cxt 0] Parser state 'start': key is 86dd
[00:37:42.897] [bmv2] [T] [thread 91747] [206.0] [cxt 0] Bytes parsed: 14
[00:37:42.897] [bmv2] [D] [thread 91747] [206.0] [cxt 0] Parser 'parser' entering state 'parse_ipv6'
[00:37:42.897] [bmv2] [D] [thread 91747] [206.0] [cxt 0] Extracting header 'ipv6'
[00:37:42.897] [bmv2] [D] [thread 91747] [206.0] [cxt 0] Parser state 'parse_ipv6': key is 11
[00:37:42.897] [bmv2] [T] [thread 91747] [206.0] [cxt 0] Bytes parsed: 54
[00:37:42.897] [bmv2] [D] [thread 91747] [206.0] [cxt 0] Parser 'parser': end
[00:37:42.897] [bmv2] [D] [thread 91747] [206.0] [cxt 0] Pipeline 'ingress': start
[00:37:42.897] [bmv2] [T] [thread 91747] [206.0] [cxt 0] basic.p4(560) Condition "hdr.ethernet.etherType == TYPE_ARP" (node_2) is false
[00:37:42.897] [bmv2] [T] [thread 91747] [206.0] [cxt 0] basic.p4(563) Condition "hdr.ethernet.etherType == TYPE_SRCROUTING" (node_4) is false
[00:37:42.897] [bmv2] [T] [thread 91747] [206.0] [cxt 0] basic.p4(576) Condition "hdr.ethernet.etherType == TYPE_YEQUDESU" (node_12) is false
[00:37:42.897] [bmv2] [T] [thread 91747] [206.0] [cxt 0] basic.p4(582) Condition "hdr.vxlan.isValid()" (node_15) is false
[00:37:42.897] [bmv2] [T] [thread 91747] [206.0] [cxt 0] basic.p4(586) Condition "hdr.ipv6.isValid()" (node_17) is true
[00:37:42.897] [bmv2] [T] [thread 91747] [206.0] [cxt 0] Applying table 'MyIngress.ipv6_lpm'
[00:37:42.897] [bmv2] [D] [thread 91747] [206.0] [cxt 0] Looking up key:
* hdr.ipv6.dstAddr    : ff0200000000000000000000000000fb

[00:37:42.897] [bmv2] [D] [thread 91747] [206.0] [cxt 0] Table 'MyIngress.ipv6_lpm': miss
[00:37:42.897] [bmv2] [D] [thread 91747] [206.0] [cxt 0] Action entry is NoAction - 
[00:37:42.897] [bmv2] [T] [thread 91747] [206.0] [cxt 0] Action NoAction
[00:37:42.897] [bmv2] [D] [thread 91747] [206.0] [cxt 0] Pipeline 'ingress': end
[00:37:42.897] [bmv2] [D] [thread 91747] [206.0] [cxt 0] Egress port is 0
[00:37:42.897] [bmv2] [D] [thread 91748] [206.0] [cxt 0] Pipeline 'egress': start
[00:37:42.897] [bmv2] [T] [thread 91748] [206.0] [cxt 0] basic.p4(684) Condition "standard_metadata.mcast_grp != 0" (node_28) is false
[00:37:42.897] [bmv2] [D] [thread 91748] [206.0] [cxt 0] Pipeline 'egress': end
[00:37:42.897] [bmv2] [D] [thread 91748] [206.0] [cxt 0] Deparser 'deparser': start
[00:37:42.897] [bmv2] [T] [thread 91748] [206.0] [cxt 0] Skipping checksum 'cksum' update because condition not met
[00:37:42.897] [bmv2] [D] [thread 91748] [206.0] [cxt 0] Deparsing header 'ethernet'
[00:37:42.897] [bmv2] [D] [thread 91748] [206.0] [cxt 0] Deparsing header 'ipv6'
[00:37:42.897] [bmv2] [D] [thread 91748] [206.0] [cxt 0] Deparser 'deparser': end
[00:37:42.897] [bmv2] [D] [thread 91752] [206.0] [cxt 0] Transmitting packet of size 203 out of port 0
[00:37:42.927] [bmv2] [D] [thread 91747] [207.0] [cxt 0] Processing packet received on port 3
[00:37:42.927] [bmv2] [D] [thread 91747] [207.0] [cxt 0] Parser 'parser': start
[00:37:42.927] [bmv2] [D] [thread 91747] [207.0] [cxt 0] Parser 'parser' entering state 'start'
[00:37:42.927] [bmv2] [D] [thread 91747] [207.0] [cxt 0] Extracting header 'ethernet'
[00:37:42.927] [bmv2] [D] [thread 91747] [207.0] [cxt 0] Parser state 'start': key is 86dd
[00:37:42.927] [bmv2] [T] [thread 91747] [207.0] [cxt 0] Bytes parsed: 14
[00:37:42.927] [bmv2] [D] [thread 91747] [207.0] [cxt 0] Parser 'parser' entering state 'parse_ipv6'
[00:37:42.927] [bmv2] [D] [thread 91747] [207.0] [cxt 0] Extracting header 'ipv6'
[00:37:42.927] [bmv2] [D] [thread 91747] [207.0] [cxt 0] Parser state 'parse_ipv6': key is 11
[00:37:42.927] [bmv2] [T] [thread 91747] [207.0] [cxt 0] Bytes parsed: 54
[00:37:42.927] [bmv2] [D] [thread 91747] [207.0] [cxt 0] Parser 'parser': end
[00:37:42.927] [bmv2] [D] [thread 91747] [207.0] [cxt 0] Pipeline 'ingress': start
[00:37:42.927] [bmv2] [T] [thread 91747] [207.0] [cxt 0] basic.p4(560) Condition "hdr.ethernet.etherType == TYPE_ARP" (node_2) is false
[00:37:42.927] [bmv2] [T] [thread 91747] [207.0] [cxt 0] basic.p4(563) Condition "hdr.ethernet.etherType == TYPE_SRCROUTING" (node_4) is false
[00:37:42.927] [bmv2] [T] [thread 91747] [207.0] [cxt 0] basic.p4(576) Condition "hdr.ethernet.etherType == TYPE_YEQUDESU" (node_12) is false
[00:37:42.927] [bmv2] [T] [thread 91747] [207.0] [cxt 0] basic.p4(582) Condition "hdr.vxlan.isValid()" (node_15) is false
[00:37:42.927] [bmv2] [T] [thread 91747] [207.0] [cxt 0] basic.p4(586) Condition "hdr.ipv6.isValid()" (node_17) is true
[00:37:42.927] [bmv2] [T] [thread 91747] [207.0] [cxt 0] Applying table 'MyIngress.ipv6_lpm'
[00:37:42.927] [bmv2] [D] [thread 91747] [207.0] [cxt 0] Looking up key:
* hdr.ipv6.dstAddr    : ff0200000000000000000000000000fb

[00:37:42.927] [bmv2] [D] [thread 91747] [207.0] [cxt 0] Table 'MyIngress.ipv6_lpm': miss
[00:37:42.927] [bmv2] [D] [thread 91747] [207.0] [cxt 0] Action entry is NoAction - 
[00:37:42.927] [bmv2] [T] [thread 91747] [207.0] [cxt 0] Action NoAction
[00:37:42.927] [bmv2] [D] [thread 91747] [207.0] [cxt 0] Pipeline 'ingress': end
[00:37:42.927] [bmv2] [D] [thread 91747] [207.0] [cxt 0] Egress port is 0
[00:37:42.927] [bmv2] [D] [thread 91748] [207.0] [cxt 0] Pipeline 'egress': start
[00:37:42.927] [bmv2] [T] [thread 91748] [207.0] [cxt 0] basic.p4(684) Condition "standard_metadata.mcast_grp != 0" (node_28) is false
[00:37:42.927] [bmv2] [D] [thread 91748] [207.0] [cxt 0] Pipeline 'egress': end
[00:37:42.927] [bmv2] [D] [thread 91748] [207.0] [cxt 0] Deparser 'deparser': start
[00:37:42.927] [bmv2] [T] [thread 91748] [207.0] [cxt 0] Skipping checksum 'cksum' update because condition not met
[00:37:42.927] [bmv2] [D] [thread 91748] [207.0] [cxt 0] Deparsing header 'ethernet'
[00:37:42.927] [bmv2] [D] [thread 91748] [207.0] [cxt 0] Deparsing header 'ipv6'
[00:37:42.927] [bmv2] [D] [thread 91748] [207.0] [cxt 0] Deparser 'deparser': end
[00:37:42.927] [bmv2] [D] [thread 91752] [207.0] [cxt 0] Transmitting packet of size 203 out of port 0
[00:37:42.994] [bmv2] [D] [thread 91747] [208.0] [cxt 0] Processing packet received on port 5
[00:37:42.994] [bmv2] [D] [thread 91747] [208.0] [cxt 0] Parser 'parser': start
[00:37:42.994] [bmv2] [D] [thread 91747] [208.0] [cxt 0] Parser 'parser' entering state 'start'
[00:37:42.994] [bmv2] [D] [thread 91747] [208.0] [cxt 0] Extracting header 'ethernet'
[00:37:42.994] [bmv2] [D] [thread 91747] [208.0] [cxt 0] Parser state 'start': key is 86dd
[00:37:42.994] [bmv2] [T] [thread 91747] [208.0] [cxt 0] Bytes parsed: 14
[00:37:42.994] [bmv2] [D] [thread 91747] [208.0] [cxt 0] Parser 'parser' entering state 'parse_ipv6'
[00:37:42.994] [bmv2] [D] [thread 91747] [208.0] [cxt 0] Extracting header 'ipv6'
[00:37:42.994] [bmv2] [D] [thread 91747] [208.0] [cxt 0] Parser state 'parse_ipv6': key is 11
[00:37:42.994] [bmv2] [T] [thread 91747] [208.0] [cxt 0] Bytes parsed: 54
[00:37:42.994] [bmv2] [D] [thread 91747] [208.0] [cxt 0] Parser 'parser': end
[00:37:42.994] [bmv2] [D] [thread 91747] [208.0] [cxt 0] Pipeline 'ingress': start
[00:37:42.994] [bmv2] [T] [thread 91747] [208.0] [cxt 0] basic.p4(560) Condition "hdr.ethernet.etherType == TYPE_ARP" (node_2) is false
[00:37:42.994] [bmv2] [T] [thread 91747] [208.0] [cxt 0] basic.p4(563) Condition "hdr.ethernet.etherType == TYPE_SRCROUTING" (node_4) is false
[00:37:42.994] [bmv2] [T] [thread 91747] [208.0] [cxt 0] basic.p4(576) Condition "hdr.ethernet.etherType == TYPE_YEQUDESU" (node_12) is false
[00:37:42.994] [bmv2] [T] [thread 91747] [208.0] [cxt 0] basic.p4(582) Condition "hdr.vxlan.isValid()" (node_15) is false
[00:37:42.994] [bmv2] [T] [thread 91747] [208.0] [cxt 0] basic.p4(586) Condition "hdr.ipv6.isValid()" (node_17) is true
[00:37:42.994] [bmv2] [T] [thread 91747] [208.0] [cxt 0] Applying table 'MyIngress.ipv6_lpm'
[00:37:42.994] [bmv2] [D] [thread 91747] [208.0] [cxt 0] Looking up key:
* hdr.ipv6.dstAddr    : ff0200000000000000000000000000fb

[00:37:42.994] [bmv2] [D] [thread 91747] [208.0] [cxt 0] Table 'MyIngress.ipv6_lpm': miss
[00:37:42.994] [bmv2] [D] [thread 91747] [208.0] [cxt 0] Action entry is NoAction - 
[00:37:42.994] [bmv2] [T] [thread 91747] [208.0] [cxt 0] Action NoAction
[00:37:42.994] [bmv2] [D] [thread 91747] [208.0] [cxt 0] Pipeline 'ingress': end
[00:37:42.994] [bmv2] [D] [thread 91747] [208.0] [cxt 0] Egress port is 0
[00:37:42.994] [bmv2] [D] [thread 91748] [208.0] [cxt 0] Pipeline 'egress': start
[00:37:42.994] [bmv2] [T] [thread 91748] [208.0] [cxt 0] basic.p4(684) Condition "standard_metadata.mcast_grp != 0" (node_28) is false
[00:37:42.994] [bmv2] [D] [thread 91748] [208.0] [cxt 0] Pipeline 'egress': end
[00:37:42.994] [bmv2] [D] [thread 91748] [208.0] [cxt 0] Deparser 'deparser': start
[00:37:42.994] [bmv2] [T] [thread 91748] [208.0] [cxt 0] Skipping checksum 'cksum' update because condition not met
[00:37:42.994] [bmv2] [D] [thread 91748] [208.0] [cxt 0] Deparsing header 'ethernet'
[00:37:42.994] [bmv2] [D] [thread 91748] [208.0] [cxt 0] Deparsing header 'ipv6'
[00:37:42.994] [bmv2] [D] [thread 91748] [208.0] [cxt 0] Deparser 'deparser': end
[00:37:42.995] [bmv2] [D] [thread 91752] [208.0] [cxt 0] Transmitting packet of size 203 out of port 0
[00:37:42.995] [bmv2] [D] [thread 91747] [209.0] [cxt 0] Processing packet received on port 4
[00:37:42.995] [bmv2] [D] [thread 91747] [209.0] [cxt 0] Parser 'parser': start
[00:37:42.995] [bmv2] [D] [thread 91747] [209.0] [cxt 0] Parser 'parser' entering state 'start'
[00:37:42.995] [bmv2] [D] [thread 91747] [209.0] [cxt 0] Extracting header 'ethernet'
[00:37:42.995] [bmv2] [D] [thread 91747] [209.0] [cxt 0] Parser state 'start': key is 86dd
[00:37:42.995] [bmv2] [T] [thread 91747] [209.0] [cxt 0] Bytes parsed: 14
[00:37:42.995] [bmv2] [D] [thread 91747] [209.0] [cxt 0] Parser 'parser' entering state 'parse_ipv6'
[00:37:42.995] [bmv2] [D] [thread 91747] [209.0] [cxt 0] Extracting header 'ipv6'
[00:37:42.995] [bmv2] [D] [thread 91747] [209.0] [cxt 0] Parser state 'parse_ipv6': key is 11
[00:37:42.995] [bmv2] [T] [thread 91747] [209.0] [cxt 0] Bytes parsed: 54
[00:37:42.995] [bmv2] [D] [thread 91747] [209.0] [cxt 0] Parser 'parser': end
[00:37:42.995] [bmv2] [D] [thread 91747] [209.0] [cxt 0] Pipeline 'ingress': start
[00:37:42.995] [bmv2] [T] [thread 91747] [209.0] [cxt 0] basic.p4(560) Condition "hdr.ethernet.etherType == TYPE_ARP" (node_2) is false
[00:37:42.995] [bmv2] [T] [thread 91747] [209.0] [cxt 0] basic.p4(563) Condition "hdr.ethernet.etherType == TYPE_SRCROUTING" (node_4) is false
[00:37:42.995] [bmv2] [T] [thread 91747] [209.0] [cxt 0] basic.p4(576) Condition "hdr.ethernet.etherType == TYPE_YEQUDESU" (node_12) is false
[00:37:42.995] [bmv2] [T] [thread 91747] [209.0] [cxt 0] basic.p4(582) Condition "hdr.vxlan.isValid()" (node_15) is false
[00:37:42.995] [bmv2] [T] [thread 91747] [209.0] [cxt 0] basic.p4(586) Condition "hdr.ipv6.isValid()" (node_17) is true
[00:37:42.995] [bmv2] [T] [thread 91747] [209.0] [cxt 0] Applying table 'MyIngress.ipv6_lpm'
[00:37:42.995] [bmv2] [D] [thread 91747] [209.0] [cxt 0] Looking up key:
* hdr.ipv6.dstAddr    : ff0200000000000000000000000000fb

[00:37:42.995] [bmv2] [D] [thread 91747] [209.0] [cxt 0] Table 'MyIngress.ipv6_lpm': miss
[00:37:42.995] [bmv2] [D] [thread 91747] [209.0] [cxt 0] Action entry is NoAction - 
[00:37:42.995] [bmv2] [T] [thread 91747] [209.0] [cxt 0] Action NoAction
[00:37:42.995] [bmv2] [D] [thread 91747] [209.0] [cxt 0] Pipeline 'ingress': end
[00:37:42.995] [bmv2] [D] [thread 91747] [209.0] [cxt 0] Egress port is 0
[00:37:42.995] [bmv2] [D] [thread 91748] [209.0] [cxt 0] Pipeline 'egress': start
[00:37:42.995] [bmv2] [T] [thread 91748] [209.0] [cxt 0] basic.p4(684) Condition "standard_metadata.mcast_grp != 0" (node_28) is false
[00:37:42.995] [bmv2] [D] [thread 91748] [209.0] [cxt 0] Pipeline 'egress': end
[00:37:42.995] [bmv2] [D] [thread 91748] [209.0] [cxt 0] Deparser 'deparser': start
[00:37:42.995] [bmv2] [T] [thread 91748] [209.0] [cxt 0] Skipping checksum 'cksum' update because condition not met
[00:37:42.995] [bmv2] [D] [thread 91748] [209.0] [cxt 0] Deparsing header 'ethernet'
[00:37:42.995] [bmv2] [D] [thread 91748] [209.0] [cxt 0] Deparsing header 'ipv6'
[00:37:42.995] [bmv2] [D] [thread 91748] [209.0] [cxt 0] Deparser 'deparser': end
[00:37:42.995] [bmv2] [D] [thread 91752] [209.0] [cxt 0] Transmitting packet of size 203 out of port 0
[00:37:43.251] [bmv2] [D] [thread 91747] [210.0] [cxt 0] Processing packet received on port 2
[00:37:43.251] [bmv2] [D] [thread 91747] [210.0] [cxt 0] Parser 'parser': start
[00:37:43.251] [bmv2] [D] [thread 91747] [210.0] [cxt 0] Parser 'parser' entering state 'start'
[00:37:43.251] [bmv2] [D] [thread 91747] [210.0] [cxt 0] Extracting header 'ethernet'
[00:37:43.251] [bmv2] [D] [thread 91747] [210.0] [cxt 0] Parser state 'start': key is 86dd
[00:37:43.251] [bmv2] [T] [thread 91747] [210.0] [cxt 0] Bytes parsed: 14
[00:37:43.251] [bmv2] [D] [thread 91747] [210.0] [cxt 0] Parser 'parser' entering state 'parse_ipv6'
[00:37:43.251] [bmv2] [D] [thread 91747] [210.0] [cxt 0] Extracting header 'ipv6'
[00:37:43.251] [bmv2] [D] [thread 91747] [210.0] [cxt 0] Parser state 'parse_ipv6': key is 11
[00:37:43.251] [bmv2] [T] [thread 91747] [210.0] [cxt 0] Bytes parsed: 54
[00:37:43.251] [bmv2] [D] [thread 91747] [210.0] [cxt 0] Parser 'parser': end
[00:37:43.251] [bmv2] [D] [thread 91747] [210.0] [cxt 0] Pipeline 'ingress': start
[00:37:43.251] [bmv2] [T] [thread 91747] [210.0] [cxt 0] basic.p4(560) Condition "hdr.ethernet.etherType == TYPE_ARP" (node_2) is false
[00:37:43.251] [bmv2] [T] [thread 91747] [210.0] [cxt 0] basic.p4(563) Condition "hdr.ethernet.etherType == TYPE_SRCROUTING" (node_4) is false
[00:37:43.251] [bmv2] [T] [thread 91747] [210.0] [cxt 0] basic.p4(576) Condition "hdr.ethernet.etherType == TYPE_YEQUDESU" (node_12) is false
[00:37:43.251] [bmv2] [T] [thread 91747] [210.0] [cxt 0] basic.p4(582) Condition "hdr.vxlan.isValid()" (node_15) is false
[00:37:43.251] [bmv2] [T] [thread 91747] [210.0] [cxt 0] basic.p4(586) Condition "hdr.ipv6.isValid()" (node_17) is true
[00:37:43.251] [bmv2] [T] [thread 91747] [210.0] [cxt 0] Applying table 'MyIngress.ipv6_lpm'
[00:37:43.251] [bmv2] [D] [thread 91747] [210.0] [cxt 0] Looking up key:
* hdr.ipv6.dstAddr    : ff0200000000000000000000000000fb

[00:37:43.251] [bmv2] [D] [thread 91747] [210.0] [cxt 0] Table 'MyIngress.ipv6_lpm': miss
[00:37:43.251] [bmv2] [D] [thread 91747] [210.0] [cxt 0] Action entry is NoAction - 
[00:37:43.251] [bmv2] [T] [thread 91747] [210.0] [cxt 0] Action NoAction
[00:37:43.251] [bmv2] [D] [thread 91747] [210.0] [cxt 0] Pipeline 'ingress': end
[00:37:43.251] [bmv2] [D] [thread 91747] [210.0] [cxt 0] Egress port is 0
[00:37:43.251] [bmv2] [D] [thread 91748] [210.0] [cxt 0] Pipeline 'egress': start
[00:37:43.251] [bmv2] [T] [thread 91748] [210.0] [cxt 0] basic.p4(684) Condition "standard_metadata.mcast_grp != 0" (node_28) is false
[00:37:43.251] [bmv2] [D] [thread 91748] [210.0] [cxt 0] Pipeline 'egress': end
[00:37:43.251] [bmv2] [D] [thread 91748] [210.0] [cxt 0] Deparser 'deparser': start
[00:37:43.251] [bmv2] [T] [thread 91748] [210.0] [cxt 0] Skipping checksum 'cksum' update because condition not met
[00:37:43.251] [bmv2] [D] [thread 91748] [210.0] [cxt 0] Deparsing header 'ethernet'
[00:37:43.251] [bmv2] [D] [thread 91748] [210.0] [cxt 0] Deparsing header 'ipv6'
[00:37:43.251] [bmv2] [D] [thread 91748] [210.0] [cxt 0] Deparser 'deparser': end
[00:37:43.251] [bmv2] [D] [thread 91752] [210.0] [cxt 0] Transmitting packet of size 203 out of port 0
[00:37:43.442] [bmv2] [D] [thread 91747] [211.0] [cxt 0] Processing packet received on port 5
[00:37:43.442] [bmv2] [D] [thread 91747] [211.0] [cxt 0] Parser 'parser': start
[00:37:43.442] [bmv2] [D] [thread 91747] [211.0] [cxt 0] Parser 'parser' entering state 'start'
[00:37:43.442] [bmv2] [D] [thread 91747] [211.0] [cxt 0] Extracting header 'ethernet'
[00:37:43.442] [bmv2] [D] [thread 91747] [211.0] [cxt 0] Parser state 'start': key is 86dd
[00:37:43.442] [bmv2] [T] [thread 91747] [211.0] [cxt 0] Bytes parsed: 14
[00:37:43.442] [bmv2] [D] [thread 91747] [211.0] [cxt 0] Parser 'parser' entering state 'parse_ipv6'
[00:37:43.442] [bmv2] [D] [thread 91747] [211.0] [cxt 0] Extracting header 'ipv6'
[00:37:43.442] [bmv2] [D] [thread 91747] [211.0] [cxt 0] Parser state 'parse_ipv6': key is 11
[00:37:43.442] [bmv2] [T] [thread 91747] [211.0] [cxt 0] Bytes parsed: 54
[00:37:43.442] [bmv2] [D] [thread 91747] [211.0] [cxt 0] Parser 'parser': end
[00:37:43.442] [bmv2] [D] [thread 91747] [211.0] [cxt 0] Pipeline 'ingress': start
[00:37:43.442] [bmv2] [T] [thread 91747] [211.0] [cxt 0] basic.p4(560) Condition "hdr.ethernet.etherType == TYPE_ARP" (node_2) is false
[00:37:43.442] [bmv2] [T] [thread 91747] [211.0] [cxt 0] basic.p4(563) Condition "hdr.ethernet.etherType == TYPE_SRCROUTING" (node_4) is false
[00:37:43.442] [bmv2] [T] [thread 91747] [211.0] [cxt 0] basic.p4(576) Condition "hdr.ethernet.etherType == TYPE_YEQUDESU" (node_12) is false
[00:37:43.442] [bmv2] [T] [thread 91747] [211.0] [cxt 0] basic.p4(582) Condition "hdr.vxlan.isValid()" (node_15) is false
[00:37:43.442] [bmv2] [T] [thread 91747] [211.0] [cxt 0] basic.p4(586) Condition "hdr.ipv6.isValid()" (node_17) is true
[00:37:43.442] [bmv2] [T] [thread 91747] [211.0] [cxt 0] Applying table 'MyIngress.ipv6_lpm'
[00:37:43.442] [bmv2] [D] [thread 91747] [211.0] [cxt 0] Looking up key:
* hdr.ipv6.dstAddr    : ff0200000000000000000000000000fb

[00:37:43.442] [bmv2] [D] [thread 91747] [211.0] [cxt 0] Table 'MyIngress.ipv6_lpm': miss
[00:37:43.442] [bmv2] [D] [thread 91747] [211.0] [cxt 0] Action entry is NoAction - 
[00:37:43.442] [bmv2] [T] [thread 91747] [211.0] [cxt 0] Action NoAction
[00:37:43.442] [bmv2] [D] [thread 91747] [211.0] [cxt 0] Pipeline 'ingress': end
[00:37:43.442] [bmv2] [D] [thread 91747] [211.0] [cxt 0] Egress port is 0
[00:37:43.442] [bmv2] [D] [thread 91748] [211.0] [cxt 0] Pipeline 'egress': start
[00:37:43.442] [bmv2] [T] [thread 91748] [211.0] [cxt 0] basic.p4(684) Condition "standard_metadata.mcast_grp != 0" (node_28) is false
[00:37:43.442] [bmv2] [D] [thread 91748] [211.0] [cxt 0] Pipeline 'egress': end
[00:37:43.442] [bmv2] [D] [thread 91748] [211.0] [cxt 0] Deparser 'deparser': start
[00:37:43.442] [bmv2] [T] [thread 91748] [211.0] [cxt 0] Skipping checksum 'cksum' update because condition not met
[00:37:43.442] [bmv2] [D] [thread 91748] [211.0] [cxt 0] Deparsing header 'ethernet'
[00:37:43.442] [bmv2] [D] [thread 91748] [211.0] [cxt 0] Deparsing header 'ipv6'
[00:37:43.442] [bmv2] [D] [thread 91748] [211.0] [cxt 0] Deparser 'deparser': end
[00:37:43.442] [bmv2] [D] [thread 91752] [211.0] [cxt 0] Transmitting packet of size 203 out of port 0
[00:37:43.506] [bmv2] [D] [thread 91747] [212.0] [cxt 0] Processing packet received on port 4
[00:37:43.506] [bmv2] [D] [thread 91747] [212.0] [cxt 0] Parser 'parser': start
[00:37:43.506] [bmv2] [D] [thread 91747] [212.0] [cxt 0] Parser 'parser' entering state 'start'
[00:37:43.506] [bmv2] [D] [thread 91747] [212.0] [cxt 0] Extracting header 'ethernet'
[00:37:43.506] [bmv2] [D] [thread 91747] [212.0] [cxt 0] Parser state 'start': key is 86dd
[00:37:43.506] [bmv2] [T] [thread 91747] [212.0] [cxt 0] Bytes parsed: 14
[00:37:43.506] [bmv2] [D] [thread 91747] [212.0] [cxt 0] Parser 'parser' entering state 'parse_ipv6'
[00:37:43.506] [bmv2] [D] [thread 91747] [212.0] [cxt 0] Extracting header 'ipv6'
[00:37:43.506] [bmv2] [D] [thread 91747] [212.0] [cxt 0] Parser state 'parse_ipv6': key is 11
[00:37:43.506] [bmv2] [T] [thread 91747] [212.0] [cxt 0] Bytes parsed: 54
[00:37:43.506] [bmv2] [D] [thread 91747] [212.0] [cxt 0] Parser 'parser': end
[00:37:43.506] [bmv2] [D] [thread 91747] [212.0] [cxt 0] Pipeline 'ingress': start
[00:37:43.506] [bmv2] [T] [thread 91747] [212.0] [cxt 0] basic.p4(560) Condition "hdr.ethernet.etherType == TYPE_ARP" (node_2) is false
[00:37:43.506] [bmv2] [T] [thread 91747] [212.0] [cxt 0] basic.p4(563) Condition "hdr.ethernet.etherType == TYPE_SRCROUTING" (node_4) is false
[00:37:43.506] [bmv2] [T] [thread 91747] [212.0] [cxt 0] basic.p4(576) Condition "hdr.ethernet.etherType == TYPE_YEQUDESU" (node_12) is false
[00:37:43.506] [bmv2] [T] [thread 91747] [212.0] [cxt 0] basic.p4(582) Condition "hdr.vxlan.isValid()" (node_15) is false
[00:37:43.506] [bmv2] [T] [thread 91747] [212.0] [cxt 0] basic.p4(586) Condition "hdr.ipv6.isValid()" (node_17) is true
[00:37:43.506] [bmv2] [T] [thread 91747] [212.0] [cxt 0] Applying table 'MyIngress.ipv6_lpm'
[00:37:43.506] [bmv2] [D] [thread 91747] [212.0] [cxt 0] Looking up key:
* hdr.ipv6.dstAddr    : ff0200000000000000000000000000fb

[00:37:43.506] [bmv2] [D] [thread 91747] [212.0] [cxt 0] Table 'MyIngress.ipv6_lpm': miss
[00:37:43.506] [bmv2] [D] [thread 91747] [212.0] [cxt 0] Action entry is NoAction - 
[00:37:43.506] [bmv2] [T] [thread 91747] [212.0] [cxt 0] Action NoAction
[00:37:43.506] [bmv2] [D] [thread 91747] [212.0] [cxt 0] Pipeline 'ingress': end
[00:37:43.506] [bmv2] [D] [thread 91747] [212.0] [cxt 0] Egress port is 0
[00:37:43.506] [bmv2] [D] [thread 91748] [212.0] [cxt 0] Pipeline 'egress': start
[00:37:43.506] [bmv2] [T] [thread 91748] [212.0] [cxt 0] basic.p4(684) Condition "standard_metadata.mcast_grp != 0" (node_28) is false
[00:37:43.506] [bmv2] [D] [thread 91748] [212.0] [cxt 0] Pipeline 'egress': end
[00:37:43.506] [bmv2] [D] [thread 91748] [212.0] [cxt 0] Deparser 'deparser': start
[00:37:43.506] [bmv2] [T] [thread 91748] [212.0] [cxt 0] Skipping checksum 'cksum' update because condition not met
[00:37:43.506] [bmv2] [D] [thread 91748] [212.0] [cxt 0] Deparsing header 'ethernet'
[00:37:43.506] [bmv2] [D] [thread 91748] [212.0] [cxt 0] Deparsing header 'ipv6'
[00:37:43.506] [bmv2] [D] [thread 91748] [212.0] [cxt 0] Deparser 'deparser': end
[00:37:43.506] [bmv2] [D] [thread 91752] [212.0] [cxt 0] Transmitting packet of size 203 out of port 0
[00:37:43.569] [bmv2] [D] [thread 91747] [213.0] [cxt 0] Processing packet received on port 1
[00:37:43.569] [bmv2] [D] [thread 91747] [213.0] [cxt 0] Parser 'parser': start
[00:37:43.569] [bmv2] [D] [thread 91747] [213.0] [cxt 0] Parser 'parser' entering state 'start'
[00:37:43.569] [bmv2] [D] [thread 91747] [213.0] [cxt 0] Extracting header 'ethernet'
[00:37:43.569] [bmv2] [D] [thread 91747] [213.0] [cxt 0] Parser state 'start': key is 86dd
[00:37:43.569] [bmv2] [T] [thread 91747] [213.0] [cxt 0] Bytes parsed: 14
[00:37:43.569] [bmv2] [D] [thread 91747] [213.0] [cxt 0] Parser 'parser' entering state 'parse_ipv6'
[00:37:43.569] [bmv2] [D] [thread 91747] [213.0] [cxt 0] Extracting header 'ipv6'
[00:37:43.569] [bmv2] [D] [thread 91747] [213.0] [cxt 0] Parser state 'parse_ipv6': key is 11
[00:37:43.569] [bmv2] [T] [thread 91747] [213.0] [cxt 0] Bytes parsed: 54
[00:37:43.569] [bmv2] [D] [thread 91747] [213.0] [cxt 0] Parser 'parser': end
[00:37:43.569] [bmv2] [D] [thread 91747] [213.0] [cxt 0] Pipeline 'ingress': start
[00:37:43.569] [bmv2] [T] [thread 91747] [213.0] [cxt 0] basic.p4(560) Condition "hdr.ethernet.etherType == TYPE_ARP" (node_2) is false
[00:37:43.569] [bmv2] [T] [thread 91747] [213.0] [cxt 0] basic.p4(563) Condition "hdr.ethernet.etherType == TYPE_SRCROUTING" (node_4) is false
[00:37:43.569] [bmv2] [T] [thread 91747] [213.0] [cxt 0] basic.p4(576) Condition "hdr.ethernet.etherType == TYPE_YEQUDESU" (node_12) is false
[00:37:43.569] [bmv2] [T] [thread 91747] [213.0] [cxt 0] basic.p4(582) Condition "hdr.vxlan.isValid()" (node_15) is false
[00:37:43.569] [bmv2] [T] [thread 91747] [213.0] [cxt 0] basic.p4(586) Condition "hdr.ipv6.isValid()" (node_17) is true
[00:37:43.569] [bmv2] [T] [thread 91747] [213.0] [cxt 0] Applying table 'MyIngress.ipv6_lpm'
[00:37:43.569] [bmv2] [D] [thread 91747] [213.0] [cxt 0] Looking up key:
* hdr.ipv6.dstAddr    : ff0200000000000000000000000000fb

[00:37:43.569] [bmv2] [D] [thread 91747] [213.0] [cxt 0] Table 'MyIngress.ipv6_lpm': miss
[00:37:43.569] [bmv2] [D] [thread 91747] [213.0] [cxt 0] Action entry is NoAction - 
[00:37:43.569] [bmv2] [T] [thread 91747] [213.0] [cxt 0] Action NoAction
[00:37:43.569] [bmv2] [D] [thread 91747] [213.0] [cxt 0] Pipeline 'ingress': end
[00:37:43.569] [bmv2] [D] [thread 91747] [213.0] [cxt 0] Egress port is 0
[00:37:43.569] [bmv2] [D] [thread 91748] [213.0] [cxt 0] Pipeline 'egress': start
[00:37:43.569] [bmv2] [T] [thread 91748] [213.0] [cxt 0] basic.p4(684) Condition "standard_metadata.mcast_grp != 0" (node_28) is false
[00:37:43.569] [bmv2] [D] [thread 91748] [213.0] [cxt 0] Pipeline 'egress': end
[00:37:43.569] [bmv2] [D] [thread 91748] [213.0] [cxt 0] Deparser 'deparser': start
[00:37:43.569] [bmv2] [T] [thread 91748] [213.0] [cxt 0] Skipping checksum 'cksum' update because condition not met
[00:37:43.569] [bmv2] [D] [thread 91748] [213.0] [cxt 0] Deparsing header 'ethernet'
[00:37:43.569] [bmv2] [D] [thread 91748] [213.0] [cxt 0] Deparsing header 'ipv6'
[00:37:43.569] [bmv2] [D] [thread 91748] [213.0] [cxt 0] Deparser 'deparser': end
[00:37:43.569] [bmv2] [D] [thread 91752] [213.0] [cxt 0] Transmitting packet of size 203 out of port 0
[00:37:43.633] [bmv2] [D] [thread 91747] [214.0] [cxt 0] Processing packet received on port 3
[00:37:43.633] [bmv2] [D] [thread 91747] [214.0] [cxt 0] Parser 'parser': start
[00:37:43.633] [bmv2] [D] [thread 91747] [214.0] [cxt 0] Parser 'parser' entering state 'start'
[00:37:43.633] [bmv2] [D] [thread 91747] [214.0] [cxt 0] Extracting header 'ethernet'
[00:37:43.633] [bmv2] [D] [thread 91747] [214.0] [cxt 0] Parser state 'start': key is 86dd
[00:37:43.633] [bmv2] [T] [thread 91747] [214.0] [cxt 0] Bytes parsed: 14
[00:37:43.633] [bmv2] [D] [thread 91747] [214.0] [cxt 0] Parser 'parser' entering state 'parse_ipv6'
[00:37:43.633] [bmv2] [D] [thread 91747] [214.0] [cxt 0] Extracting header 'ipv6'
[00:37:43.633] [bmv2] [D] [thread 91747] [214.0] [cxt 0] Parser state 'parse_ipv6': key is 11
[00:37:43.633] [bmv2] [T] [thread 91747] [214.0] [cxt 0] Bytes parsed: 54
[00:37:43.633] [bmv2] [D] [thread 91747] [214.0] [cxt 0] Parser 'parser': end
[00:37:43.633] [bmv2] [D] [thread 91747] [214.0] [cxt 0] Pipeline 'ingress': start
[00:37:43.633] [bmv2] [T] [thread 91747] [214.0] [cxt 0] basic.p4(560) Condition "hdr.ethernet.etherType == TYPE_ARP" (node_2) is false
[00:37:43.633] [bmv2] [T] [thread 91747] [214.0] [cxt 0] basic.p4(563) Condition "hdr.ethernet.etherType == TYPE_SRCROUTING" (node_4) is false
[00:37:43.633] [bmv2] [T] [thread 91747] [214.0] [cxt 0] basic.p4(576) Condition "hdr.ethernet.etherType == TYPE_YEQUDESU" (node_12) is false
[00:37:43.633] [bmv2] [T] [thread 91747] [214.0] [cxt 0] basic.p4(582) Condition "hdr.vxlan.isValid()" (node_15) is false
[00:37:43.633] [bmv2] [T] [thread 91747] [214.0] [cxt 0] basic.p4(586) Condition "hdr.ipv6.isValid()" (node_17) is true
[00:37:43.633] [bmv2] [T] [thread 91747] [214.0] [cxt 0] Applying table 'MyIngress.ipv6_lpm'
[00:37:43.633] [bmv2] [D] [thread 91747] [214.0] [cxt 0] Looking up key:
* hdr.ipv6.dstAddr    : ff0200000000000000000000000000fb

[00:37:43.633] [bmv2] [D] [thread 91747] [214.0] [cxt 0] Table 'MyIngress.ipv6_lpm': miss
[00:37:43.633] [bmv2] [D] [thread 91747] [214.0] [cxt 0] Action entry is NoAction - 
[00:37:43.633] [bmv2] [T] [thread 91747] [214.0] [cxt 0] Action NoAction
[00:37:43.633] [bmv2] [D] [thread 91747] [214.0] [cxt 0] Pipeline 'ingress': end
[00:37:43.633] [bmv2] [D] [thread 91747] [214.0] [cxt 0] Egress port is 0
[00:37:43.633] [bmv2] [D] [thread 91748] [214.0] [cxt 0] Pipeline 'egress': start
[00:37:43.633] [bmv2] [T] [thread 91748] [214.0] [cxt 0] basic.p4(684) Condition "standard_metadata.mcast_grp != 0" (node_28) is false
[00:37:43.633] [bmv2] [D] [thread 91748] [214.0] [cxt 0] Pipeline 'egress': end
[00:37:43.633] [bmv2] [D] [thread 91748] [214.0] [cxt 0] Deparser 'deparser': start
[00:37:43.633] [bmv2] [T] [thread 91748] [214.0] [cxt 0] Skipping checksum 'cksum' update because condition not met
[00:37:43.633] [bmv2] [D] [thread 91748] [214.0] [cxt 0] Deparsing header 'ethernet'
[00:37:43.633] [bmv2] [D] [thread 91748] [214.0] [cxt 0] Deparsing header 'ipv6'
[00:37:43.633] [bmv2] [D] [thread 91748] [214.0] [cxt 0] Deparser 'deparser': end
[00:37:43.633] [bmv2] [D] [thread 91752] [214.0] [cxt 0] Transmitting packet of size 203 out of port 0
[00:37:45.614] [bmv2] [D] [thread 91747] [215.0] [cxt 0] Processing packet received on port 1
[00:37:45.614] [bmv2] [D] [thread 91747] [215.0] [cxt 0] Parser 'parser': start
[00:37:45.614] [bmv2] [D] [thread 91747] [215.0] [cxt 0] Parser 'parser' entering state 'start'
[00:37:45.614] [bmv2] [D] [thread 91747] [215.0] [cxt 0] Extracting header 'ethernet'
[00:37:45.614] [bmv2] [D] [thread 91747] [215.0] [cxt 0] Parser state 'start': key is 86dd
[00:37:45.614] [bmv2] [T] [thread 91747] [215.0] [cxt 0] Bytes parsed: 14
[00:37:45.614] [bmv2] [D] [thread 91747] [215.0] [cxt 0] Parser 'parser' entering state 'parse_ipv6'
[00:37:45.614] [bmv2] [D] [thread 91747] [215.0] [cxt 0] Extracting header 'ipv6'
[00:37:45.614] [bmv2] [D] [thread 91747] [215.0] [cxt 0] Parser state 'parse_ipv6': key is 3a
[00:37:45.614] [bmv2] [T] [thread 91747] [215.0] [cxt 0] Bytes parsed: 54
[00:37:45.614] [bmv2] [D] [thread 91747] [215.0] [cxt 0] Parser 'parser': end
[00:37:45.614] [bmv2] [D] [thread 91747] [215.0] [cxt 0] Pipeline 'ingress': start
[00:37:45.614] [bmv2] [T] [thread 91747] [215.0] [cxt 0] basic.p4(560) Condition "hdr.ethernet.etherType == TYPE_ARP" (node_2) is false
[00:37:45.614] [bmv2] [T] [thread 91747] [215.0] [cxt 0] basic.p4(563) Condition "hdr.ethernet.etherType == TYPE_SRCROUTING" (node_4) is false
[00:37:45.614] [bmv2] [T] [thread 91747] [215.0] [cxt 0] basic.p4(576) Condition "hdr.ethernet.etherType == TYPE_YEQUDESU" (node_12) is false
[00:37:45.614] [bmv2] [T] [thread 91747] [215.0] [cxt 0] basic.p4(582) Condition "hdr.vxlan.isValid()" (node_15) is false
[00:37:45.614] [bmv2] [T] [thread 91747] [215.0] [cxt 0] basic.p4(586) Condition "hdr.ipv6.isValid()" (node_17) is true
[00:37:45.614] [bmv2] [T] [thread 91747] [215.0] [cxt 0] Applying table 'MyIngress.ipv6_lpm'
[00:37:45.614] [bmv2] [D] [thread 91747] [215.0] [cxt 0] Looking up key:
* hdr.ipv6.dstAddr    : ff020000000000000000000000000002

[00:37:45.614] [bmv2] [D] [thread 91747] [215.0] [cxt 0] Table 'MyIngress.ipv6_lpm': miss
[00:37:45.614] [bmv2] [D] [thread 91747] [215.0] [cxt 0] Action entry is NoAction - 
[00:37:45.614] [bmv2] [T] [thread 91747] [215.0] [cxt 0] Action NoAction
[00:37:45.614] [bmv2] [D] [thread 91747] [215.0] [cxt 0] Pipeline 'ingress': end
[00:37:45.614] [bmv2] [D] [thread 91747] [215.0] [cxt 0] Egress port is 0
[00:37:45.614] [bmv2] [D] [thread 91747] [216.0] [cxt 0] Processing packet received on port 2
[00:37:45.614] [bmv2] [D] [thread 91747] [216.0] [cxt 0] Parser 'parser': start
[00:37:45.614] [bmv2] [D] [thread 91747] [216.0] [cxt 0] Parser 'parser' entering state 'start'
[00:37:45.614] [bmv2] [D] [thread 91747] [216.0] [cxt 0] Extracting header 'ethernet'
[00:37:45.614] [bmv2] [D] [thread 91747] [216.0] [cxt 0] Parser state 'start': key is 86dd
[00:37:45.614] [bmv2] [T] [thread 91747] [216.0] [cxt 0] Bytes parsed: 14
[00:37:45.614] [bmv2] [D] [thread 91747] [216.0] [cxt 0] Parser 'parser' entering state 'parse_ipv6'
[00:37:45.614] [bmv2] [D] [thread 91747] [216.0] [cxt 0] Extracting header 'ipv6'
[00:37:45.614] [bmv2] [D] [thread 91747] [216.0] [cxt 0] Parser state 'parse_ipv6': key is 3a
[00:37:45.614] [bmv2] [T] [thread 91747] [216.0] [cxt 0] Bytes parsed: 54
[00:37:45.614] [bmv2] [D] [thread 91747] [216.0] [cxt 0] Parser 'parser': end
[00:37:45.614] [bmv2] [D] [thread 91747] [216.0] [cxt 0] Pipeline 'ingress': start
[00:37:45.614] [bmv2] [T] [thread 91747] [216.0] [cxt 0] basic.p4(560) Condition "hdr.ethernet.etherType == TYPE_ARP" (node_2) is false
[00:37:45.614] [bmv2] [T] [thread 91747] [216.0] [cxt 0] basic.p4(563) Condition "hdr.ethernet.etherType == TYPE_SRCROUTING" (node_4) is false
[00:37:45.614] [bmv2] [T] [thread 91747] [216.0] [cxt 0] basic.p4(576) Condition "hdr.ethernet.etherType == TYPE_YEQUDESU" (node_12) is false
[00:37:45.614] [bmv2] [T] [thread 91747] [216.0] [cxt 0] basic.p4(582) Condition "hdr.vxlan.isValid()" (node_15) is false
[00:37:45.614] [bmv2] [T] [thread 91747] [216.0] [cxt 0] basic.p4(586) Condition "hdr.ipv6.isValid()" (node_17) is true
[00:37:45.614] [bmv2] [T] [thread 91747] [216.0] [cxt 0] Applying table 'MyIngress.ipv6_lpm'
[00:37:45.614] [bmv2] [D] [thread 91747] [216.0] [cxt 0] Looking up key:
* hdr.ipv6.dstAddr    : ff020000000000000000000000000002

[00:37:45.614] [bmv2] [D] [thread 91747] [216.0] [cxt 0] Table 'MyIngress.ipv6_lpm': miss
[00:37:45.614] [bmv2] [D] [thread 91747] [216.0] [cxt 0] Action entry is NoAction - 
[00:37:45.614] [bmv2] [T] [thread 91747] [216.0] [cxt 0] Action NoAction
[00:37:45.614] [bmv2] [D] [thread 91747] [216.0] [cxt 0] Pipeline 'ingress': end
[00:37:45.614] [bmv2] [D] [thread 91747] [216.0] [cxt 0] Egress port is 0
[00:37:45.614] [bmv2] [D] [thread 91747] [217.0] [cxt 0] Processing packet received on port 5
[00:37:45.614] [bmv2] [D] [thread 91747] [217.0] [cxt 0] Parser 'parser': start
[00:37:45.614] [bmv2] [D] [thread 91747] [217.0] [cxt 0] Parser 'parser' entering state 'start'
[00:37:45.614] [bmv2] [D] [thread 91747] [217.0] [cxt 0] Extracting header 'ethernet'
[00:37:45.614] [bmv2] [D] [thread 91747] [217.0] [cxt 0] Parser state 'start': key is 86dd
[00:37:45.614] [bmv2] [T] [thread 91747] [217.0] [cxt 0] Bytes parsed: 14
[00:37:45.614] [bmv2] [D] [thread 91747] [217.0] [cxt 0] Parser 'parser' entering state 'parse_ipv6'
[00:37:45.614] [bmv2] [D] [thread 91747] [217.0] [cxt 0] Extracting header 'ipv6'
[00:37:45.614] [bmv2] [D] [thread 91747] [217.0] [cxt 0] Parser state 'parse_ipv6': key is 3a
[00:37:45.614] [bmv2] [T] [thread 91747] [217.0] [cxt 0] Bytes parsed: 54
[00:37:45.614] [bmv2] [D] [thread 91747] [217.0] [cxt 0] Parser 'parser': end
[00:37:45.614] [bmv2] [D] [thread 91747] [217.0] [cxt 0] Pipeline 'ingress': start
[00:37:45.614] [bmv2] [T] [thread 91747] [217.0] [cxt 0] basic.p4(560) Condition "hdr.ethernet.etherType == TYPE_ARP" (node_2) is false
[00:37:45.614] [bmv2] [D] [thread 91748] [215.0] [cxt 0] Pipeline 'egress': start
[00:37:45.614] [bmv2] [T] [thread 91748] [215.0] [cxt 0] basic.p4(684) Condition "standard_metadata.mcast_grp != 0" (node_28) is false
[00:37:45.614] [bmv2] [D] [thread 91748] [215.0] [cxt 0] Pipeline 'egress': end
[00:37:45.614] [bmv2] [D] [thread 91748] [215.0] [cxt 0] Deparser 'deparser': start
[00:37:45.614] [bmv2] [T] [thread 91747] [217.0] [cxt 0] basic.p4(563) Condition "hdr.ethernet.etherType == TYPE_SRCROUTING" (node_4) is false
[00:37:45.614] [bmv2] [T] [thread 91747] [217.0] [cxt 0] basic.p4(576) Condition "hdr.ethernet.etherType == TYPE_YEQUDESU" (node_12) is false
[00:37:45.614] [bmv2] [T] [thread 91747] [217.0] [cxt 0] basic.p4(582) Condition "hdr.vxlan.isValid()" (node_15) is false
[00:37:45.614] [bmv2] [T] [thread 91747] [217.0] [cxt 0] basic.p4(586) Condition "hdr.ipv6.isValid()" (node_17) is true
[00:37:45.614] [bmv2] [T] [thread 91747] [217.0] [cxt 0] Applying table 'MyIngress.ipv6_lpm'
[00:37:45.614] [bmv2] [D] [thread 91747] [217.0] [cxt 0] Looking up key:
* hdr.ipv6.dstAddr    : ff020000000000000000000000000002

[00:37:45.614] [bmv2] [D] [thread 91747] [217.0] [cxt 0] Table 'MyIngress.ipv6_lpm': miss
[00:37:45.614] [bmv2] [D] [thread 91747] [217.0] [cxt 0] Action entry is NoAction - 
[00:37:45.614] [bmv2] [T] [thread 91747] [217.0] [cxt 0] Action NoAction
[00:37:45.614] [bmv2] [T] [thread 91748] [215.0] [cxt 0] Skipping checksum 'cksum' update because condition not met
[00:37:45.614] [bmv2] [D] [thread 91748] [215.0] [cxt 0] Deparsing header 'ethernet'
[00:37:45.614] [bmv2] [D] [thread 91748] [215.0] [cxt 0] Deparsing header 'ipv6'
[00:37:45.614] [bmv2] [D] [thread 91748] [215.0] [cxt 0] Deparser 'deparser': end
[00:37:45.614] [bmv2] [D] [thread 91748] [216.0] [cxt 0] Pipeline 'egress': start
[00:37:45.614] [bmv2] [T] [thread 91748] [216.0] [cxt 0] basic.p4(684) Condition "standard_metadata.mcast_grp != 0" (node_28) is false
[00:37:45.614] [bmv2] [D] [thread 91748] [216.0] [cxt 0] Pipeline 'egress': end
[00:37:45.614] [bmv2] [D] [thread 91752] [215.0] [cxt 0] Transmitting packet of size 70 out of port 0
[00:37:45.614] [bmv2] [D] [thread 91747] [217.0] [cxt 0] Pipeline 'ingress': end
[00:37:45.614] [bmv2] [D] [thread 91747] [217.0] [cxt 0] Egress port is 0
[00:37:45.614] [bmv2] [D] [thread 91748] [216.0] [cxt 0] Deparser 'deparser': start
[00:37:45.614] [bmv2] [T] [thread 91748] [216.0] [cxt 0] Skipping checksum 'cksum' update because condition not met
[00:37:45.614] [bmv2] [D] [thread 91748] [216.0] [cxt 0] Deparsing header 'ethernet'
[00:37:45.614] [bmv2] [D] [thread 91748] [216.0] [cxt 0] Deparsing header 'ipv6'
[00:37:45.614] [bmv2] [D] [thread 91748] [216.0] [cxt 0] Deparser 'deparser': end
[00:37:45.614] [bmv2] [D] [thread 91748] [217.0] [cxt 0] Pipeline 'egress': start
[00:37:45.614] [bmv2] [T] [thread 91748] [217.0] [cxt 0] basic.p4(684) Condition "standard_metadata.mcast_grp != 0" (node_28) is false
[00:37:45.614] [bmv2] [D] [thread 91748] [217.0] [cxt 0] Pipeline 'egress': end
[00:37:45.614] [bmv2] [D] [thread 91748] [217.0] [cxt 0] Deparser 'deparser': start
[00:37:45.614] [bmv2] [T] [thread 91748] [217.0] [cxt 0] Skipping checksum 'cksum' update because condition not met
[00:37:45.614] [bmv2] [D] [thread 91748] [217.0] [cxt 0] Deparsing header 'ethernet'
[00:37:45.614] [bmv2] [D] [thread 91748] [217.0] [cxt 0] Deparsing header 'ipv6'
[00:37:45.614] [bmv2] [D] [thread 91748] [217.0] [cxt 0] Deparser 'deparser': end
[00:37:45.614] [bmv2] [D] [thread 91752] [216.0] [cxt 0] Transmitting packet of size 70 out of port 0
[00:37:45.614] [bmv2] [D] [thread 91752] [217.0] [cxt 0] Transmitting packet of size 70 out of port 0
[00:37:49.710] [bmv2] [D] [thread 91747] [218.0] [cxt 0] Processing packet received on port 3
[00:37:49.710] [bmv2] [D] [thread 91747] [218.0] [cxt 0] Parser 'parser': start
[00:37:49.710] [bmv2] [D] [thread 91747] [218.0] [cxt 0] Parser 'parser' entering state 'start'
[00:37:49.710] [bmv2] [D] [thread 91747] [218.0] [cxt 0] Extracting header 'ethernet'
[00:37:49.710] [bmv2] [D] [thread 91747] [218.0] [cxt 0] Parser state 'start': key is 86dd
[00:37:49.710] [bmv2] [T] [thread 91747] [218.0] [cxt 0] Bytes parsed: 14
[00:37:49.710] [bmv2] [D] [thread 91747] [218.0] [cxt 0] Parser 'parser' entering state 'parse_ipv6'
[00:37:49.710] [bmv2] [D] [thread 91747] [218.0] [cxt 0] Extracting header 'ipv6'
[00:37:49.710] [bmv2] [D] [thread 91747] [218.0] [cxt 0] Parser state 'parse_ipv6': key is 3a
[00:37:49.710] [bmv2] [T] [thread 91747] [218.0] [cxt 0] Bytes parsed: 54
[00:37:49.710] [bmv2] [D] [thread 91747] [218.0] [cxt 0] Parser 'parser': end
[00:37:49.710] [bmv2] [D] [thread 91747] [218.0] [cxt 0] Pipeline 'ingress': start
[00:37:49.710] [bmv2] [T] [thread 91747] [218.0] [cxt 0] basic.p4(560) Condition "hdr.ethernet.etherType == TYPE_ARP" (node_2) is false
[00:37:49.711] [bmv2] [T] [thread 91747] [218.0] [cxt 0] basic.p4(563) Condition "hdr.ethernet.etherType == TYPE_SRCROUTING" (node_4) is false
[00:37:49.711] [bmv2] [T] [thread 91747] [218.0] [cxt 0] basic.p4(576) Condition "hdr.ethernet.etherType == TYPE_YEQUDESU" (node_12) is false
[00:37:49.711] [bmv2] [T] [thread 91747] [218.0] [cxt 0] basic.p4(582) Condition "hdr.vxlan.isValid()" (node_15) is false
[00:37:49.711] [bmv2] [T] [thread 91747] [218.0] [cxt 0] basic.p4(586) Condition "hdr.ipv6.isValid()" (node_17) is true
[00:37:49.711] [bmv2] [T] [thread 91747] [218.0] [cxt 0] Applying table 'MyIngress.ipv6_lpm'
[00:37:49.711] [bmv2] [D] [thread 91747] [218.0] [cxt 0] Looking up key:
* hdr.ipv6.dstAddr    : ff020000000000000000000000000002

[00:37:49.711] [bmv2] [D] [thread 91747] [218.0] [cxt 0] Table 'MyIngress.ipv6_lpm': miss
[00:37:49.711] [bmv2] [D] [thread 91747] [218.0] [cxt 0] Action entry is NoAction - 
[00:37:49.711] [bmv2] [T] [thread 91747] [218.0] [cxt 0] Action NoAction
[00:37:49.711] [bmv2] [D] [thread 91747] [218.0] [cxt 0] Pipeline 'ingress': end
[00:37:49.711] [bmv2] [D] [thread 91747] [218.0] [cxt 0] Egress port is 0
[00:37:49.711] [bmv2] [D] [thread 91747] [219.0] [cxt 0] Processing packet received on port 4
[00:37:49.711] [bmv2] [D] [thread 91747] [219.0] [cxt 0] Parser 'parser': start
[00:37:49.711] [bmv2] [D] [thread 91747] [219.0] [cxt 0] Parser 'parser' entering state 'start'
[00:37:49.711] [bmv2] [D] [thread 91747] [219.0] [cxt 0] Extracting header 'ethernet'
[00:37:49.711] [bmv2] [D] [thread 91747] [219.0] [cxt 0] Parser state 'start': key is 86dd
[00:37:49.711] [bmv2] [T] [thread 91747] [219.0] [cxt 0] Bytes parsed: 14
[00:37:49.711] [bmv2] [D] [thread 91747] [219.0] [cxt 0] Parser 'parser' entering state 'parse_ipv6'
[00:37:49.711] [bmv2] [D] [thread 91747] [219.0] [cxt 0] Extracting header 'ipv6'
[00:37:49.711] [bmv2] [D] [thread 91747] [219.0] [cxt 0] Parser state 'parse_ipv6': key is 3a
[00:37:49.711] [bmv2] [T] [thread 91747] [219.0] [cxt 0] Bytes parsed: 54
[00:37:49.711] [bmv2] [D] [thread 91747] [219.0] [cxt 0] Parser 'parser': end
[00:37:49.711] [bmv2] [D] [thread 91747] [219.0] [cxt 0] Pipeline 'ingress': start
[00:37:49.711] [bmv2] [T] [thread 91747] [219.0] [cxt 0] basic.p4(560) Condition "hdr.ethernet.etherType == TYPE_ARP" (node_2) is false
[00:37:49.711] [bmv2] [D] [thread 91748] [218.0] [cxt 0] Pipeline 'egress': start
[00:37:49.711] [bmv2] [T] [thread 91748] [218.0] [cxt 0] basic.p4(684) Condition "standard_metadata.mcast_grp != 0" (node_28) is false
[00:37:49.711] [bmv2] [D] [thread 91748] [218.0] [cxt 0] Pipeline 'egress': end
[00:37:49.711] [bmv2] [D] [thread 91748] [218.0] [cxt 0] Deparser 'deparser': start
[00:37:49.711] [bmv2] [T] [thread 91748] [218.0] [cxt 0] Skipping checksum 'cksum' update because condition not met
[00:37:49.711] [bmv2] [D] [thread 91748] [218.0] [cxt 0] Deparsing header 'ethernet'
[00:37:49.711] [bmv2] [D] [thread 91748] [218.0] [cxt 0] Deparsing header 'ipv6'
[00:37:49.711] [bmv2] [D] [thread 91748] [218.0] [cxt 0] Deparser 'deparser': end
[00:37:49.711] [bmv2] [D] [thread 91752] [218.0] [cxt 0] Transmitting packet of size 70 out of port 0
[00:37:49.711] [bmv2] [T] [thread 91747] [219.0] [cxt 0] basic.p4(563) Condition "hdr.ethernet.etherType == TYPE_SRCROUTING" (node_4) is false
[00:37:49.711] [bmv2] [T] [thread 91747] [219.0] [cxt 0] basic.p4(576) Condition "hdr.ethernet.etherType == TYPE_YEQUDESU" (node_12) is false
[00:37:49.711] [bmv2] [T] [thread 91747] [219.0] [cxt 0] basic.p4(582) Condition "hdr.vxlan.isValid()" (node_15) is false
[00:37:49.711] [bmv2] [T] [thread 91747] [219.0] [cxt 0] basic.p4(586) Condition "hdr.ipv6.isValid()" (node_17) is true
[00:37:49.711] [bmv2] [T] [thread 91747] [219.0] [cxt 0] Applying table 'MyIngress.ipv6_lpm'
[00:37:49.711] [bmv2] [D] [thread 91747] [219.0] [cxt 0] Looking up key:
* hdr.ipv6.dstAddr    : ff020000000000000000000000000002

[00:37:49.711] [bmv2] [D] [thread 91747] [219.0] [cxt 0] Table 'MyIngress.ipv6_lpm': miss
[00:37:49.711] [bmv2] [D] [thread 91747] [219.0] [cxt 0] Action entry is NoAction - 
[00:37:49.711] [bmv2] [T] [thread 91747] [219.0] [cxt 0] Action NoAction
[00:37:49.711] [bmv2] [D] [thread 91747] [219.0] [cxt 0] Pipeline 'ingress': end
[00:37:49.711] [bmv2] [D] [thread 91747] [219.0] [cxt 0] Egress port is 0
[00:37:49.711] [bmv2] [D] [thread 91747] [220.0] [cxt 0] Processing packet received on port 5
[00:37:49.711] [bmv2] [D] [thread 91747] [220.0] [cxt 0] Parser 'parser': start
[00:37:49.711] [bmv2] [D] [thread 91747] [220.0] [cxt 0] Parser 'parser' entering state 'start'
[00:37:49.711] [bmv2] [D] [thread 91747] [220.0] [cxt 0] Extracting header 'ethernet'
[00:37:49.711] [bmv2] [D] [thread 91747] [220.0] [cxt 0] Parser state 'start': key is 86dd
[00:37:49.711] [bmv2] [T] [thread 91747] [220.0] [cxt 0] Bytes parsed: 14
[00:37:49.711] [bmv2] [D] [thread 91747] [220.0] [cxt 0] Parser 'parser' entering state 'parse_ipv6'
[00:37:49.711] [bmv2] [D] [thread 91747] [220.0] [cxt 0] Extracting header 'ipv6'
[00:37:49.711] [bmv2] [D] [thread 91747] [220.0] [cxt 0] Parser state 'parse_ipv6': key is 3a
[00:37:49.711] [bmv2] [T] [thread 91747] [220.0] [cxt 0] Bytes parsed: 54
[00:37:49.711] [bmv2] [D] [thread 91747] [220.0] [cxt 0] Parser 'parser': end
[00:37:49.711] [bmv2] [D] [thread 91747] [220.0] [cxt 0] Pipeline 'ingress': start
[00:37:49.711] [bmv2] [T] [thread 91747] [220.0] [cxt 0] basic.p4(560) Condition "hdr.ethernet.etherType == TYPE_ARP" (node_2) is false
[00:37:49.711] [bmv2] [T] [thread 91747] [220.0] [cxt 0] basic.p4(563) Condition "hdr.ethernet.etherType == TYPE_SRCROUTING" (node_4) is false
[00:37:49.711] [bmv2] [T] [thread 91747] [220.0] [cxt 0] basic.p4(576) Condition "hdr.ethernet.etherType == TYPE_YEQUDESU" (node_12) is false
[00:37:49.711] [bmv2] [T] [thread 91747] [220.0] [cxt 0] basic.p4(582) Condition "hdr.vxlan.isValid()" (node_15) is false
[00:37:49.711] [bmv2] [T] [thread 91747] [220.0] [cxt 0] basic.p4(586) Condition "hdr.ipv6.isValid()" (node_17) is true
[00:37:49.711] [bmv2] [T] [thread 91747] [220.0] [cxt 0] Applying table 'MyIngress.ipv6_lpm'
[00:37:49.711] [bmv2] [D] [thread 91747] [220.0] [cxt 0] Looking up key:
* hdr.ipv6.dstAddr    : ff020000000000000000000000000002

[00:37:49.711] [bmv2] [D] [thread 91747] [220.0] [cxt 0] Table 'MyIngress.ipv6_lpm': miss
[00:37:49.712] [bmv2] [D] [thread 91747] [220.0] [cxt 0] Action entry is NoAction - 
[00:37:49.712] [bmv2] [T] [thread 91747] [220.0] [cxt 0] Action NoAction
[00:37:49.712] [bmv2] [D] [thread 91747] [220.0] [cxt 0] Pipeline 'ingress': end
[00:37:49.712] [bmv2] [D] [thread 91747] [220.0] [cxt 0] Egress port is 0
[00:37:49.712] [bmv2] [D] [thread 91748] [219.0] [cxt 0] Pipeline 'egress': start
[00:37:49.712] [bmv2] [T] [thread 91748] [219.0] [cxt 0] basic.p4(684) Condition "standard_metadata.mcast_grp != 0" (node_28) is false
[00:37:49.712] [bmv2] [D] [thread 91748] [219.0] [cxt 0] Pipeline 'egress': end
[00:37:49.712] [bmv2] [D] [thread 91748] [219.0] [cxt 0] Deparser 'deparser': start
[00:37:49.712] [bmv2] [T] [thread 91748] [219.0] [cxt 0] Skipping checksum 'cksum' update because condition not met
[00:37:49.712] [bmv2] [D] [thread 91748] [219.0] [cxt 0] Deparsing header 'ethernet'
[00:37:49.712] [bmv2] [D] [thread 91748] [219.0] [cxt 0] Deparsing header 'ipv6'
[00:37:49.712] [bmv2] [D] [thread 91748] [219.0] [cxt 0] Deparser 'deparser': end
[00:37:49.712] [bmv2] [D] [thread 91748] [220.0] [cxt 0] Pipeline 'egress': start
[00:37:49.712] [bmv2] [T] [thread 91748] [220.0] [cxt 0] basic.p4(684) Condition "standard_metadata.mcast_grp != 0" (node_28) is false
[00:37:49.712] [bmv2] [D] [thread 91748] [220.0] [cxt 0] Pipeline 'egress': end
[00:37:49.712] [bmv2] [D] [thread 91748] [220.0] [cxt 0] Deparser 'deparser': start
[00:37:49.712] [bmv2] [T] [thread 91748] [220.0] [cxt 0] Skipping checksum 'cksum' update because condition not met
[00:37:49.712] [bmv2] [D] [thread 91748] [220.0] [cxt 0] Deparsing header 'ethernet'
[00:37:49.712] [bmv2] [D] [thread 91748] [220.0] [cxt 0] Deparsing header 'ipv6'
[00:37:49.712] [bmv2] [D] [thread 91748] [220.0] [cxt 0] Deparser 'deparser': end
[00:37:49.712] [bmv2] [D] [thread 91752] [219.0] [cxt 0] Transmitting packet of size 70 out of port 0
[00:37:49.712] [bmv2] [D] [thread 91752] [220.0] [cxt 0] Transmitting packet of size 70 out of port 0
[00:37:57.901] [bmv2] [D] [thread 91747] [221.0] [cxt 0] Processing packet received on port 1
[00:37:57.901] [bmv2] [D] [thread 91747] [221.0] [cxt 0] Parser 'parser': start
[00:37:57.901] [bmv2] [D] [thread 91747] [221.0] [cxt 0] Parser 'parser' entering state 'start'
[00:37:57.901] [bmv2] [D] [thread 91747] [221.0] [cxt 0] Extracting header 'ethernet'
[00:37:57.901] [bmv2] [D] [thread 91747] [221.0] [cxt 0] Parser state 'start': key is 86dd
[00:37:57.901] [bmv2] [T] [thread 91747] [221.0] [cxt 0] Bytes parsed: 14
[00:37:57.901] [bmv2] [D] [thread 91747] [221.0] [cxt 0] Parser 'parser' entering state 'parse_ipv6'
[00:37:57.901] [bmv2] [D] [thread 91747] [221.0] [cxt 0] Extracting header 'ipv6'
[00:37:57.901] [bmv2] [D] [thread 91747] [221.0] [cxt 0] Parser state 'parse_ipv6': key is 3a
[00:37:57.901] [bmv2] [T] [thread 91747] [221.0] [cxt 0] Bytes parsed: 54
[00:37:57.901] [bmv2] [D] [thread 91747] [221.0] [cxt 0] Parser 'parser': end
[00:37:57.901] [bmv2] [D] [thread 91747] [221.0] [cxt 0] Pipeline 'ingress': start
[00:37:57.901] [bmv2] [T] [thread 91747] [221.0] [cxt 0] basic.p4(560) Condition "hdr.ethernet.etherType == TYPE_ARP" (node_2) is false
[00:37:57.901] [bmv2] [T] [thread 91747] [221.0] [cxt 0] basic.p4(563) Condition "hdr.ethernet.etherType == TYPE_SRCROUTING" (node_4) is false
[00:37:57.901] [bmv2] [T] [thread 91747] [221.0] [cxt 0] basic.p4(576) Condition "hdr.ethernet.etherType == TYPE_YEQUDESU" (node_12) is false
[00:37:57.901] [bmv2] [T] [thread 91747] [221.0] [cxt 0] basic.p4(582) Condition "hdr.vxlan.isValid()" (node_15) is false
[00:37:57.901] [bmv2] [T] [thread 91747] [221.0] [cxt 0] basic.p4(586) Condition "hdr.ipv6.isValid()" (node_17) is true
[00:37:57.901] [bmv2] [T] [thread 91747] [221.0] [cxt 0] Applying table 'MyIngress.ipv6_lpm'
[00:37:57.901] [bmv2] [D] [thread 91747] [221.0] [cxt 0] Looking up key:
* hdr.ipv6.dstAddr    : ff020000000000000000000000000002

[00:37:57.901] [bmv2] [D] [thread 91747] [221.0] [cxt 0] Table 'MyIngress.ipv6_lpm': miss
[00:37:57.901] [bmv2] [D] [thread 91747] [221.0] [cxt 0] Action entry is NoAction - 
[00:37:57.901] [bmv2] [T] [thread 91747] [221.0] [cxt 0] Action NoAction
[00:37:57.901] [bmv2] [D] [thread 91747] [221.0] [cxt 0] Pipeline 'ingress': end
[00:37:57.901] [bmv2] [D] [thread 91747] [221.0] [cxt 0] Egress port is 0
[00:37:57.901] [bmv2] [D] [thread 91748] [221.0] [cxt 0] Pipeline 'egress': start
[00:37:57.901] [bmv2] [T] [thread 91748] [221.0] [cxt 0] basic.p4(684) Condition "standard_metadata.mcast_grp != 0" (node_28) is false
[00:37:57.901] [bmv2] [D] [thread 91748] [221.0] [cxt 0] Pipeline 'egress': end
[00:37:57.901] [bmv2] [D] [thread 91748] [221.0] [cxt 0] Deparser 'deparser': start
[00:37:57.901] [bmv2] [T] [thread 91748] [221.0] [cxt 0] Skipping checksum 'cksum' update because condition not met
[00:37:57.901] [bmv2] [D] [thread 91748] [221.0] [cxt 0] Deparsing header 'ethernet'
[00:37:57.901] [bmv2] [D] [thread 91748] [221.0] [cxt 0] Deparsing header 'ipv6'
[00:37:57.901] [bmv2] [D] [thread 91748] [221.0] [cxt 0] Deparser 'deparser': end
[00:37:57.902] [bmv2] [D] [thread 91752] [221.0] [cxt 0] Transmitting packet of size 70 out of port 0
[00:38:38.862] [bmv2] [D] [thread 91747] [222.0] [cxt 0] Processing packet received on port 2
[00:38:38.862] [bmv2] [D] [thread 91747] [222.0] [cxt 0] Parser 'parser': start
[00:38:38.862] [bmv2] [D] [thread 91747] [222.0] [cxt 0] Parser 'parser' entering state 'start'
[00:38:38.862] [bmv2] [D] [thread 91747] [222.0] [cxt 0] Extracting header 'ethernet'
[00:38:38.862] [bmv2] [D] [thread 91747] [222.0] [cxt 0] Parser state 'start': key is 86dd
[00:38:38.862] [bmv2] [T] [thread 91747] [222.0] [cxt 0] Bytes parsed: 14
[00:38:38.862] [bmv2] [D] [thread 91747] [222.0] [cxt 0] Parser 'parser' entering state 'parse_ipv6'
[00:38:38.862] [bmv2] [D] [thread 91747] [222.0] [cxt 0] Extracting header 'ipv6'
[00:38:38.862] [bmv2] [D] [thread 91747] [222.0] [cxt 0] Parser state 'parse_ipv6': key is 3a
[00:38:38.862] [bmv2] [T] [thread 91747] [222.0] [cxt 0] Bytes parsed: 54
[00:38:38.862] [bmv2] [D] [thread 91747] [222.0] [cxt 0] Parser 'parser': end
[00:38:38.862] [bmv2] [D] [thread 91747] [222.0] [cxt 0] Pipeline 'ingress': start
[00:38:38.862] [bmv2] [T] [thread 91747] [222.0] [cxt 0] basic.p4(560) Condition "hdr.ethernet.etherType == TYPE_ARP" (node_2) is false
[00:38:38.862] [bmv2] [T] [thread 91747] [222.0] [cxt 0] basic.p4(563) Condition "hdr.ethernet.etherType == TYPE_SRCROUTING" (node_4) is false
[00:38:38.862] [bmv2] [T] [thread 91747] [222.0] [cxt 0] basic.p4(576) Condition "hdr.ethernet.etherType == TYPE_YEQUDESU" (node_12) is false
[00:38:38.862] [bmv2] [T] [thread 91747] [222.0] [cxt 0] basic.p4(582) Condition "hdr.vxlan.isValid()" (node_15) is false
[00:38:38.862] [bmv2] [T] [thread 91747] [222.0] [cxt 0] basic.p4(586) Condition "hdr.ipv6.isValid()" (node_17) is true
[00:38:38.862] [bmv2] [T] [thread 91747] [222.0] [cxt 0] Applying table 'MyIngress.ipv6_lpm'
[00:38:38.862] [bmv2] [D] [thread 91747] [222.0] [cxt 0] Looking up key:
* hdr.ipv6.dstAddr    : ff020000000000000000000000000002

[00:38:38.862] [bmv2] [D] [thread 91747] [222.0] [cxt 0] Table 'MyIngress.ipv6_lpm': miss
[00:38:38.862] [bmv2] [D] [thread 91747] [222.0] [cxt 0] Action entry is NoAction - 
[00:38:38.862] [bmv2] [T] [thread 91747] [222.0] [cxt 0] Action NoAction
[00:38:38.862] [bmv2] [D] [thread 91747] [222.0] [cxt 0] Pipeline 'ingress': end
[00:38:38.862] [bmv2] [D] [thread 91747] [222.0] [cxt 0] Egress port is 0
[00:38:38.862] [bmv2] [D] [thread 91747] [223.0] [cxt 0] Processing packet received on port 4
[00:38:38.862] [bmv2] [D] [thread 91747] [223.0] [cxt 0] Parser 'parser': start
[00:38:38.862] [bmv2] [D] [thread 91747] [223.0] [cxt 0] Parser 'parser' entering state 'start'
[00:38:38.862] [bmv2] [D] [thread 91747] [223.0] [cxt 0] Extracting header 'ethernet'
[00:38:38.862] [bmv2] [D] [thread 91747] [223.0] [cxt 0] Parser state 'start': key is 86dd
[00:38:38.862] [bmv2] [T] [thread 91747] [223.0] [cxt 0] Bytes parsed: 14
[00:38:38.862] [bmv2] [D] [thread 91747] [223.0] [cxt 0] Parser 'parser' entering state 'parse_ipv6'
[00:38:38.862] [bmv2] [D] [thread 91747] [223.0] [cxt 0] Extracting header 'ipv6'
[00:38:38.862] [bmv2] [D] [thread 91747] [223.0] [cxt 0] Parser state 'parse_ipv6': key is 3a
[00:38:38.862] [bmv2] [T] [thread 91747] [223.0] [cxt 0] Bytes parsed: 54
[00:38:38.862] [bmv2] [D] [thread 91747] [223.0] [cxt 0] Parser 'parser': end
[00:38:38.862] [bmv2] [D] [thread 91747] [223.0] [cxt 0] Pipeline 'ingress': start
[00:38:38.862] [bmv2] [T] [thread 91747] [223.0] [cxt 0] basic.p4(560) Condition "hdr.ethernet.etherType == TYPE_ARP" (node_2) is false
[00:38:38.862] [bmv2] [T] [thread 91747] [223.0] [cxt 0] basic.p4(563) Condition "hdr.ethernet.etherType == TYPE_SRCROUTING" (node_4) is false
[00:38:38.862] [bmv2] [T] [thread 91747] [223.0] [cxt 0] basic.p4(576) Condition "hdr.ethernet.etherType == TYPE_YEQUDESU" (node_12) is false
[00:38:38.862] [bmv2] [T] [thread 91747] [223.0] [cxt 0] basic.p4(582) Condition "hdr.vxlan.isValid()" (node_15) is false
[00:38:38.862] [bmv2] [T] [thread 91747] [223.0] [cxt 0] basic.p4(586) Condition "hdr.ipv6.isValid()" (node_17) is true
[00:38:38.862] [bmv2] [T] [thread 91747] [223.0] [cxt 0] Applying table 'MyIngress.ipv6_lpm'
[00:38:38.862] [bmv2] [D] [thread 91747] [223.0] [cxt 0] Looking up key:
* hdr.ipv6.dstAddr    : ff020000000000000000000000000002

[00:38:38.862] [bmv2] [D] [thread 91748] [222.0] [cxt 0] Pipeline 'egress': start
[00:38:38.862] [bmv2] [D] [thread 91747] [223.0] [cxt 0] Table 'MyIngress.ipv6_lpm': miss
[00:38:38.862] [bmv2] [T] [thread 91748] [222.0] [cxt 0] basic.p4(684) Condition "standard_metadata.mcast_grp != 0" (node_28) is false
[00:38:38.862] [bmv2] [D] [thread 91747] [223.0] [cxt 0] Action entry is NoAction - 
[00:38:38.862] [bmv2] [D] [thread 91748] [222.0] [cxt 0] Pipeline 'egress': end
[00:38:38.862] [bmv2] [T] [thread 91747] [223.0] [cxt 0] Action NoAction
[00:38:38.862] [bmv2] [D] [thread 91747] [223.0] [cxt 0] Pipeline 'ingress': end
[00:38:38.862] [bmv2] [D] [thread 91747] [223.0] [cxt 0] Egress port is 0
[00:38:38.862] [bmv2] [D] [thread 91748] [222.0] [cxt 0] Deparser 'deparser': start
[00:38:38.862] [bmv2] [T] [thread 91748] [222.0] [cxt 0] Skipping checksum 'cksum' update because condition not met
[00:38:38.862] [bmv2] [D] [thread 91748] [222.0] [cxt 0] Deparsing header 'ethernet'
[00:38:38.862] [bmv2] [D] [thread 91748] [222.0] [cxt 0] Deparsing header 'ipv6'
[00:38:38.862] [bmv2] [D] [thread 91748] [222.0] [cxt 0] Deparser 'deparser': end
[00:38:38.862] [bmv2] [D] [thread 91748] [223.0] [cxt 0] Pipeline 'egress': start
[00:38:38.862] [bmv2] [T] [thread 91748] [223.0] [cxt 0] basic.p4(684) Condition "standard_metadata.mcast_grp != 0" (node_28) is false
[00:38:38.862] [bmv2] [D] [thread 91748] [223.0] [cxt 0] Pipeline 'egress': end
[00:38:38.862] [bmv2] [D] [thread 91748] [223.0] [cxt 0] Deparser 'deparser': start
[00:38:38.862] [bmv2] [T] [thread 91748] [223.0] [cxt 0] Skipping checksum 'cksum' update because condition not met
[00:38:38.862] [bmv2] [D] [thread 91748] [223.0] [cxt 0] Deparsing header 'ethernet'
[00:38:38.862] [bmv2] [D] [thread 91748] [223.0] [cxt 0] Deparsing header 'ipv6'
[00:38:38.862] [bmv2] [D] [thread 91752] [222.0] [cxt 0] Transmitting packet of size 70 out of port 0
[00:38:38.862] [bmv2] [D] [thread 91748] [223.0] [cxt 0] Deparser 'deparser': end
[00:38:38.862] [bmv2] [D] [thread 91752] [223.0] [cxt 0] Transmitting packet of size 70 out of port 0
[00:38:46.899] [bmv2] [D] [thread 91747] [224.0] [cxt 0] Processing packet received on port 2
[00:38:46.899] [bmv2] [D] [thread 91747] [224.0] [cxt 0] Parser 'parser': start
[00:38:46.899] [bmv2] [D] [thread 91747] [224.0] [cxt 0] Parser 'parser' entering state 'start'
[00:38:46.899] [bmv2] [D] [thread 91747] [224.0] [cxt 0] Extracting header 'ethernet'
[00:38:46.899] [bmv2] [D] [thread 91747] [224.0] [cxt 0] Parser state 'start': key is 86dd
[00:38:46.899] [bmv2] [T] [thread 91747] [224.0] [cxt 0] Bytes parsed: 14
[00:38:46.899] [bmv2] [D] [thread 91747] [224.0] [cxt 0] Parser 'parser' entering state 'parse_ipv6'
[00:38:46.899] [bmv2] [D] [thread 91747] [224.0] [cxt 0] Extracting header 'ipv6'
[00:38:46.899] [bmv2] [D] [thread 91747] [224.0] [cxt 0] Parser state 'parse_ipv6': key is 11
[00:38:46.899] [bmv2] [T] [thread 91747] [224.0] [cxt 0] Bytes parsed: 54
[00:38:46.899] [bmv2] [D] [thread 91747] [224.0] [cxt 0] Parser 'parser': end
[00:38:46.899] [bmv2] [D] [thread 91747] [224.0] [cxt 0] Pipeline 'ingress': start
[00:38:46.899] [bmv2] [T] [thread 91747] [224.0] [cxt 0] basic.p4(560) Condition "hdr.ethernet.etherType == TYPE_ARP" (node_2) is false
[00:38:46.899] [bmv2] [T] [thread 91747] [224.0] [cxt 0] basic.p4(563) Condition "hdr.ethernet.etherType == TYPE_SRCROUTING" (node_4) is false
[00:38:46.899] [bmv2] [T] [thread 91747] [224.0] [cxt 0] basic.p4(576) Condition "hdr.ethernet.etherType == TYPE_YEQUDESU" (node_12) is false
[00:38:46.899] [bmv2] [T] [thread 91747] [224.0] [cxt 0] basic.p4(582) Condition "hdr.vxlan.isValid()" (node_15) is false
[00:38:46.899] [bmv2] [T] [thread 91747] [224.0] [cxt 0] basic.p4(586) Condition "hdr.ipv6.isValid()" (node_17) is true
[00:38:46.899] [bmv2] [T] [thread 91747] [224.0] [cxt 0] Applying table 'MyIngress.ipv6_lpm'
[00:38:46.899] [bmv2] [D] [thread 91747] [224.0] [cxt 0] Looking up key:
* hdr.ipv6.dstAddr    : ff0200000000000000000000000000fb

[00:38:46.899] [bmv2] [D] [thread 91747] [224.0] [cxt 0] Table 'MyIngress.ipv6_lpm': miss
[00:38:46.899] [bmv2] [D] [thread 91747] [224.0] [cxt 0] Action entry is NoAction - 
[00:38:46.899] [bmv2] [T] [thread 91747] [224.0] [cxt 0] Action NoAction
[00:38:46.899] [bmv2] [D] [thread 91747] [224.0] [cxt 0] Pipeline 'ingress': end
[00:38:46.899] [bmv2] [D] [thread 91747] [224.0] [cxt 0] Egress port is 0
[00:38:46.899] [bmv2] [D] [thread 91748] [224.0] [cxt 0] Pipeline 'egress': start
[00:38:46.899] [bmv2] [T] [thread 91748] [224.0] [cxt 0] basic.p4(684) Condition "standard_metadata.mcast_grp != 0" (node_28) is false
[00:38:46.899] [bmv2] [D] [thread 91748] [224.0] [cxt 0] Pipeline 'egress': end
[00:38:46.899] [bmv2] [D] [thread 91748] [224.0] [cxt 0] Deparser 'deparser': start
[00:38:46.899] [bmv2] [T] [thread 91748] [224.0] [cxt 0] Skipping checksum 'cksum' update because condition not met
[00:38:46.899] [bmv2] [D] [thread 91748] [224.0] [cxt 0] Deparsing header 'ethernet'
[00:38:46.899] [bmv2] [D] [thread 91748] [224.0] [cxt 0] Deparsing header 'ipv6'
[00:38:46.899] [bmv2] [D] [thread 91748] [224.0] [cxt 0] Deparser 'deparser': end
[00:38:46.899] [bmv2] [D] [thread 91752] [224.0] [cxt 0] Transmitting packet of size 203 out of port 0
[00:38:46.928] [bmv2] [D] [thread 91747] [225.0] [cxt 0] Processing packet received on port 3
[00:38:46.928] [bmv2] [D] [thread 91747] [225.0] [cxt 0] Parser 'parser': start
[00:38:46.928] [bmv2] [D] [thread 91747] [225.0] [cxt 0] Parser 'parser' entering state 'start'
[00:38:46.928] [bmv2] [D] [thread 91747] [225.0] [cxt 0] Extracting header 'ethernet'
[00:38:46.928] [bmv2] [D] [thread 91747] [225.0] [cxt 0] Parser state 'start': key is 86dd
[00:38:46.928] [bmv2] [T] [thread 91747] [225.0] [cxt 0] Bytes parsed: 14
[00:38:46.928] [bmv2] [D] [thread 91747] [225.0] [cxt 0] Parser 'parser' entering state 'parse_ipv6'
[00:38:46.928] [bmv2] [D] [thread 91747] [225.0] [cxt 0] Extracting header 'ipv6'
[00:38:46.928] [bmv2] [D] [thread 91747] [225.0] [cxt 0] Parser state 'parse_ipv6': key is 11
[00:38:46.928] [bmv2] [T] [thread 91747] [225.0] [cxt 0] Bytes parsed: 54
[00:38:46.928] [bmv2] [D] [thread 91747] [225.0] [cxt 0] Parser 'parser': end
[00:38:46.928] [bmv2] [D] [thread 91747] [225.0] [cxt 0] Pipeline 'ingress': start
[00:38:46.928] [bmv2] [T] [thread 91747] [225.0] [cxt 0] basic.p4(560) Condition "hdr.ethernet.etherType == TYPE_ARP" (node_2) is false
[00:38:46.928] [bmv2] [T] [thread 91747] [225.0] [cxt 0] basic.p4(563) Condition "hdr.ethernet.etherType == TYPE_SRCROUTING" (node_4) is false
[00:38:46.928] [bmv2] [T] [thread 91747] [225.0] [cxt 0] basic.p4(576) Condition "hdr.ethernet.etherType == TYPE_YEQUDESU" (node_12) is false
[00:38:46.928] [bmv2] [T] [thread 91747] [225.0] [cxt 0] basic.p4(582) Condition "hdr.vxlan.isValid()" (node_15) is false
[00:38:46.928] [bmv2] [T] [thread 91747] [225.0] [cxt 0] basic.p4(586) Condition "hdr.ipv6.isValid()" (node_17) is true
[00:38:46.928] [bmv2] [T] [thread 91747] [225.0] [cxt 0] Applying table 'MyIngress.ipv6_lpm'
[00:38:46.928] [bmv2] [D] [thread 91747] [225.0] [cxt 0] Looking up key:
* hdr.ipv6.dstAddr    : ff0200000000000000000000000000fb

[00:38:46.928] [bmv2] [D] [thread 91747] [225.0] [cxt 0] Table 'MyIngress.ipv6_lpm': miss
[00:38:46.928] [bmv2] [D] [thread 91747] [225.0] [cxt 0] Action entry is NoAction - 
[00:38:46.928] [bmv2] [T] [thread 91747] [225.0] [cxt 0] Action NoAction
[00:38:46.928] [bmv2] [D] [thread 91747] [225.0] [cxt 0] Pipeline 'ingress': end
[00:38:46.928] [bmv2] [D] [thread 91747] [225.0] [cxt 0] Egress port is 0
[00:38:46.929] [bmv2] [D] [thread 91748] [225.0] [cxt 0] Pipeline 'egress': start
[00:38:46.929] [bmv2] [T] [thread 91748] [225.0] [cxt 0] basic.p4(684) Condition "standard_metadata.mcast_grp != 0" (node_28) is false
[00:38:46.929] [bmv2] [D] [thread 91748] [225.0] [cxt 0] Pipeline 'egress': end
[00:38:46.929] [bmv2] [D] [thread 91748] [225.0] [cxt 0] Deparser 'deparser': start
[00:38:46.929] [bmv2] [T] [thread 91748] [225.0] [cxt 0] Skipping checksum 'cksum' update because condition not met
[00:38:46.929] [bmv2] [D] [thread 91748] [225.0] [cxt 0] Deparsing header 'ethernet'
[00:38:46.929] [bmv2] [D] [thread 91748] [225.0] [cxt 0] Deparsing header 'ipv6'
[00:38:46.929] [bmv2] [D] [thread 91748] [225.0] [cxt 0] Deparser 'deparser': end
[00:38:46.929] [bmv2] [D] [thread 91752] [225.0] [cxt 0] Transmitting packet of size 203 out of port 0
[00:38:46.995] [bmv2] [D] [thread 91747] [226.0] [cxt 0] Processing packet received on port 4
[00:38:46.995] [bmv2] [D] [thread 91747] [226.0] [cxt 0] Parser 'parser': start
[00:38:46.995] [bmv2] [D] [thread 91747] [226.0] [cxt 0] Parser 'parser' entering state 'start'
[00:38:46.995] [bmv2] [D] [thread 91747] [226.0] [cxt 0] Extracting header 'ethernet'
[00:38:46.995] [bmv2] [D] [thread 91747] [226.0] [cxt 0] Parser state 'start': key is 86dd
[00:38:46.995] [bmv2] [T] [thread 91747] [226.0] [cxt 0] Bytes parsed: 14
[00:38:46.995] [bmv2] [D] [thread 91747] [226.0] [cxt 0] Parser 'parser' entering state 'parse_ipv6'
[00:38:46.995] [bmv2] [D] [thread 91747] [226.0] [cxt 0] Extracting header 'ipv6'
[00:38:46.995] [bmv2] [D] [thread 91747] [226.0] [cxt 0] Parser state 'parse_ipv6': key is 11
[00:38:46.995] [bmv2] [T] [thread 91747] [226.0] [cxt 0] Bytes parsed: 54
[00:38:46.995] [bmv2] [D] [thread 91747] [226.0] [cxt 0] Parser 'parser': end
[00:38:46.995] [bmv2] [D] [thread 91747] [226.0] [cxt 0] Pipeline 'ingress': start
[00:38:46.995] [bmv2] [T] [thread 91747] [226.0] [cxt 0] basic.p4(560) Condition "hdr.ethernet.etherType == TYPE_ARP" (node_2) is false
[00:38:46.995] [bmv2] [T] [thread 91747] [226.0] [cxt 0] basic.p4(563) Condition "hdr.ethernet.etherType == TYPE_SRCROUTING" (node_4) is false
[00:38:46.995] [bmv2] [T] [thread 91747] [226.0] [cxt 0] basic.p4(576) Condition "hdr.ethernet.etherType == TYPE_YEQUDESU" (node_12) is false
[00:38:46.995] [bmv2] [T] [thread 91747] [226.0] [cxt 0] basic.p4(582) Condition "hdr.vxlan.isValid()" (node_15) is false
[00:38:46.995] [bmv2] [T] [thread 91747] [226.0] [cxt 0] basic.p4(586) Condition "hdr.ipv6.isValid()" (node_17) is true
[00:38:46.995] [bmv2] [T] [thread 91747] [226.0] [cxt 0] Applying table 'MyIngress.ipv6_lpm'
[00:38:46.995] [bmv2] [D] [thread 91747] [226.0] [cxt 0] Looking up key:
* hdr.ipv6.dstAddr    : ff0200000000000000000000000000fb

[00:38:46.995] [bmv2] [D] [thread 91747] [226.0] [cxt 0] Table 'MyIngress.ipv6_lpm': miss
[00:38:46.995] [bmv2] [D] [thread 91747] [226.0] [cxt 0] Action entry is NoAction - 
[00:38:46.995] [bmv2] [T] [thread 91747] [226.0] [cxt 0] Action NoAction
[00:38:46.995] [bmv2] [D] [thread 91747] [226.0] [cxt 0] Pipeline 'ingress': end
[00:38:46.995] [bmv2] [D] [thread 91747] [226.0] [cxt 0] Egress port is 0
[00:38:46.995] [bmv2] [D] [thread 91747] [227.0] [cxt 0] Processing packet received on port 5
[00:38:46.995] [bmv2] [D] [thread 91747] [227.0] [cxt 0] Parser 'parser': start
[00:38:46.995] [bmv2] [D] [thread 91747] [227.0] [cxt 0] Parser 'parser' entering state 'start'
[00:38:46.995] [bmv2] [D] [thread 91747] [227.0] [cxt 0] Extracting header 'ethernet'
[00:38:46.995] [bmv2] [D] [thread 91747] [227.0] [cxt 0] Parser state 'start': key is 86dd
[00:38:46.995] [bmv2] [T] [thread 91747] [227.0] [cxt 0] Bytes parsed: 14
[00:38:46.995] [bmv2] [D] [thread 91747] [227.0] [cxt 0] Parser 'parser' entering state 'parse_ipv6'
[00:38:46.995] [bmv2] [D] [thread 91747] [227.0] [cxt 0] Extracting header 'ipv6'
[00:38:46.995] [bmv2] [D] [thread 91747] [227.0] [cxt 0] Parser state 'parse_ipv6': key is 11
[00:38:46.995] [bmv2] [T] [thread 91747] [227.0] [cxt 0] Bytes parsed: 54
[00:38:46.995] [bmv2] [D] [thread 91747] [227.0] [cxt 0] Parser 'parser': end
[00:38:46.995] [bmv2] [D] [thread 91747] [227.0] [cxt 0] Pipeline 'ingress': start
[00:38:46.995] [bmv2] [T] [thread 91747] [227.0] [cxt 0] basic.p4(560) Condition "hdr.ethernet.etherType == TYPE_ARP" (node_2) is false
[00:38:46.995] [bmv2] [T] [thread 91747] [227.0] [cxt 0] basic.p4(563) Condition "hdr.ethernet.etherType == TYPE_SRCROUTING" (node_4) is false
[00:38:46.995] [bmv2] [T] [thread 91747] [227.0] [cxt 0] basic.p4(576) Condition "hdr.ethernet.etherType == TYPE_YEQUDESU" (node_12) is false
[00:38:46.995] [bmv2] [T] [thread 91747] [227.0] [cxt 0] basic.p4(582) Condition "hdr.vxlan.isValid()" (node_15) is false
[00:38:46.995] [bmv2] [T] [thread 91747] [227.0] [cxt 0] basic.p4(586) Condition "hdr.ipv6.isValid()" (node_17) is true
[00:38:46.995] [bmv2] [D] [thread 91748] [226.0] [cxt 0] Pipeline 'egress': start
[00:38:46.995] [bmv2] [T] [thread 91747] [227.0] [cxt 0] Applying table 'MyIngress.ipv6_lpm'
[00:38:46.995] [bmv2] [T] [thread 91748] [226.0] [cxt 0] basic.p4(684) Condition "standard_metadata.mcast_grp != 0" (node_28) is false
[00:38:46.995] [bmv2] [D] [thread 91748] [226.0] [cxt 0] Pipeline 'egress': end
[00:38:46.995] [bmv2] [D] [thread 91748] [226.0] [cxt 0] Deparser 'deparser': start
[00:38:46.995] [bmv2] [T] [thread 91748] [226.0] [cxt 0] Skipping checksum 'cksum' update because condition not met
[00:38:46.995] [bmv2] [D] [thread 91748] [226.0] [cxt 0] Deparsing header 'ethernet'
[00:38:46.995] [bmv2] [D] [thread 91748] [226.0] [cxt 0] Deparsing header 'ipv6'
[00:38:46.995] [bmv2] [D] [thread 91748] [226.0] [cxt 0] Deparser 'deparser': end
[00:38:46.995] [bmv2] [D] [thread 91747] [227.0] [cxt 0] Looking up key:
* hdr.ipv6.dstAddr    : ff0200000000000000000000000000fb

[00:38:46.995] [bmv2] [D] [thread 91747] [227.0] [cxt 0] Table 'MyIngress.ipv6_lpm': miss
[00:38:46.995] [bmv2] [D] [thread 91747] [227.0] [cxt 0] Action entry is NoAction - 
[00:38:46.995] [bmv2] [T] [thread 91747] [227.0] [cxt 0] Action NoAction
[00:38:46.995] [bmv2] [D] [thread 91747] [227.0] [cxt 0] Pipeline 'ingress': end
[00:38:46.995] [bmv2] [D] [thread 91747] [227.0] [cxt 0] Egress port is 0
[00:38:46.995] [bmv2] [D] [thread 91748] [227.0] [cxt 0] Pipeline 'egress': start
[00:38:46.995] [bmv2] [D] [thread 91752] [226.0] [cxt 0] Transmitting packet of size 203 out of port 0
[00:38:46.995] [bmv2] [T] [thread 91748] [227.0] [cxt 0] basic.p4(684) Condition "standard_metadata.mcast_grp != 0" (node_28) is false
[00:38:46.995] [bmv2] [D] [thread 91748] [227.0] [cxt 0] Pipeline 'egress': end
[00:38:46.995] [bmv2] [D] [thread 91748] [227.0] [cxt 0] Deparser 'deparser': start
[00:38:46.995] [bmv2] [T] [thread 91748] [227.0] [cxt 0] Skipping checksum 'cksum' update because condition not met
[00:38:46.995] [bmv2] [D] [thread 91748] [227.0] [cxt 0] Deparsing header 'ethernet'
[00:38:46.995] [bmv2] [D] [thread 91748] [227.0] [cxt 0] Deparsing header 'ipv6'
[00:38:46.995] [bmv2] [D] [thread 91748] [227.0] [cxt 0] Deparser 'deparser': end
[00:38:46.995] [bmv2] [D] [thread 91752] [227.0] [cxt 0] Transmitting packet of size 203 out of port 0
[00:38:47.053] [bmv2] [D] [thread 91747] [228.0] [cxt 0] Processing packet received on port 3
[00:38:47.053] [bmv2] [D] [thread 91747] [228.0] [cxt 0] Parser 'parser': start
[00:38:47.053] [bmv2] [D] [thread 91747] [228.0] [cxt 0] Parser 'parser' entering state 'start'
[00:38:47.053] [bmv2] [D] [thread 91747] [228.0] [cxt 0] Extracting header 'ethernet'
[00:38:47.053] [bmv2] [D] [thread 91747] [228.0] [cxt 0] Parser state 'start': key is 86dd
[00:38:47.053] [bmv2] [T] [thread 91747] [228.0] [cxt 0] Bytes parsed: 14
[00:38:47.053] [bmv2] [D] [thread 91747] [228.0] [cxt 0] Parser 'parser' entering state 'parse_ipv6'
[00:38:47.053] [bmv2] [D] [thread 91747] [228.0] [cxt 0] Extracting header 'ipv6'
[00:38:47.053] [bmv2] [D] [thread 91747] [228.0] [cxt 0] Parser state 'parse_ipv6': key is 3a
[00:38:47.053] [bmv2] [T] [thread 91747] [228.0] [cxt 0] Bytes parsed: 54
[00:38:47.053] [bmv2] [D] [thread 91747] [228.0] [cxt 0] Parser 'parser': end
[00:38:47.053] [bmv2] [D] [thread 91747] [228.0] [cxt 0] Pipeline 'ingress': start
[00:38:47.053] [bmv2] [T] [thread 91747] [228.0] [cxt 0] basic.p4(560) Condition "hdr.ethernet.etherType == TYPE_ARP" (node_2) is false
[00:38:47.053] [bmv2] [T] [thread 91747] [228.0] [cxt 0] basic.p4(563) Condition "hdr.ethernet.etherType == TYPE_SRCROUTING" (node_4) is false
[00:38:47.053] [bmv2] [T] [thread 91747] [228.0] [cxt 0] basic.p4(576) Condition "hdr.ethernet.etherType == TYPE_YEQUDESU" (node_12) is false
[00:38:47.053] [bmv2] [T] [thread 91747] [228.0] [cxt 0] basic.p4(582) Condition "hdr.vxlan.isValid()" (node_15) is false
[00:38:47.053] [bmv2] [T] [thread 91747] [228.0] [cxt 0] basic.p4(586) Condition "hdr.ipv6.isValid()" (node_17) is true
[00:38:47.053] [bmv2] [T] [thread 91747] [228.0] [cxt 0] Applying table 'MyIngress.ipv6_lpm'
[00:38:47.053] [bmv2] [D] [thread 91747] [228.0] [cxt 0] Looking up key:
* hdr.ipv6.dstAddr    : ff020000000000000000000000000002

[00:38:47.053] [bmv2] [D] [thread 91747] [228.0] [cxt 0] Table 'MyIngress.ipv6_lpm': miss
[00:38:47.053] [bmv2] [D] [thread 91747] [228.0] [cxt 0] Action entry is NoAction - 
[00:38:47.053] [bmv2] [T] [thread 91747] [228.0] [cxt 0] Action NoAction
[00:38:47.053] [bmv2] [D] [thread 91747] [228.0] [cxt 0] Pipeline 'ingress': end
[00:38:47.054] [bmv2] [D] [thread 91747] [228.0] [cxt 0] Egress port is 0
[00:38:47.054] [bmv2] [D] [thread 91748] [228.0] [cxt 0] Pipeline 'egress': start
[00:38:47.054] [bmv2] [T] [thread 91748] [228.0] [cxt 0] basic.p4(684) Condition "standard_metadata.mcast_grp != 0" (node_28) is false
[00:38:47.054] [bmv2] [D] [thread 91748] [228.0] [cxt 0] Pipeline 'egress': end
[00:38:47.054] [bmv2] [D] [thread 91748] [228.0] [cxt 0] Deparser 'deparser': start
[00:38:47.054] [bmv2] [T] [thread 91748] [228.0] [cxt 0] Skipping checksum 'cksum' update because condition not met
[00:38:47.054] [bmv2] [D] [thread 91748] [228.0] [cxt 0] Deparsing header 'ethernet'
[00:38:47.054] [bmv2] [D] [thread 91748] [228.0] [cxt 0] Deparsing header 'ipv6'
[00:38:47.054] [bmv2] [D] [thread 91748] [228.0] [cxt 0] Deparser 'deparser': end
[00:38:47.054] [bmv2] [D] [thread 91752] [228.0] [cxt 0] Transmitting packet of size 70 out of port 0
[00:38:47.252] [bmv2] [D] [thread 91747] [229.0] [cxt 0] Processing packet received on port 2
[00:38:47.252] [bmv2] [D] [thread 91747] [229.0] [cxt 0] Parser 'parser': start
[00:38:47.252] [bmv2] [D] [thread 91747] [229.0] [cxt 0] Parser 'parser' entering state 'start'
[00:38:47.252] [bmv2] [D] [thread 91747] [229.0] [cxt 0] Extracting header 'ethernet'
[00:38:47.252] [bmv2] [D] [thread 91747] [229.0] [cxt 0] Parser state 'start': key is 86dd
[00:38:47.252] [bmv2] [T] [thread 91747] [229.0] [cxt 0] Bytes parsed: 14
[00:38:47.252] [bmv2] [D] [thread 91747] [229.0] [cxt 0] Parser 'parser' entering state 'parse_ipv6'
[00:38:47.252] [bmv2] [D] [thread 91747] [229.0] [cxt 0] Extracting header 'ipv6'
[00:38:47.252] [bmv2] [D] [thread 91747] [229.0] [cxt 0] Parser state 'parse_ipv6': key is 11
[00:38:47.252] [bmv2] [T] [thread 91747] [229.0] [cxt 0] Bytes parsed: 54
[00:38:47.252] [bmv2] [D] [thread 91747] [229.0] [cxt 0] Parser 'parser': end
[00:38:47.252] [bmv2] [D] [thread 91747] [229.0] [cxt 0] Pipeline 'ingress': start
[00:38:47.252] [bmv2] [T] [thread 91747] [229.0] [cxt 0] basic.p4(560) Condition "hdr.ethernet.etherType == TYPE_ARP" (node_2) is false
[00:38:47.252] [bmv2] [T] [thread 91747] [229.0] [cxt 0] basic.p4(563) Condition "hdr.ethernet.etherType == TYPE_SRCROUTING" (node_4) is false
[00:38:47.252] [bmv2] [T] [thread 91747] [229.0] [cxt 0] basic.p4(576) Condition "hdr.ethernet.etherType == TYPE_YEQUDESU" (node_12) is false
[00:38:47.252] [bmv2] [T] [thread 91747] [229.0] [cxt 0] basic.p4(582) Condition "hdr.vxlan.isValid()" (node_15) is false
[00:38:47.252] [bmv2] [T] [thread 91747] [229.0] [cxt 0] basic.p4(586) Condition "hdr.ipv6.isValid()" (node_17) is true
[00:38:47.252] [bmv2] [T] [thread 91747] [229.0] [cxt 0] Applying table 'MyIngress.ipv6_lpm'
[00:38:47.252] [bmv2] [D] [thread 91747] [229.0] [cxt 0] Looking up key:
* hdr.ipv6.dstAddr    : ff0200000000000000000000000000fb

[00:38:47.252] [bmv2] [D] [thread 91747] [229.0] [cxt 0] Table 'MyIngress.ipv6_lpm': miss
[00:38:47.252] [bmv2] [D] [thread 91747] [229.0] [cxt 0] Action entry is NoAction - 
[00:38:47.252] [bmv2] [T] [thread 91747] [229.0] [cxt 0] Action NoAction
[00:38:47.252] [bmv2] [D] [thread 91747] [229.0] [cxt 0] Pipeline 'ingress': end
[00:38:47.252] [bmv2] [D] [thread 91747] [229.0] [cxt 0] Egress port is 0
[00:38:47.252] [bmv2] [D] [thread 91748] [229.0] [cxt 0] Pipeline 'egress': start
[00:38:47.252] [bmv2] [T] [thread 91748] [229.0] [cxt 0] basic.p4(684) Condition "standard_metadata.mcast_grp != 0" (node_28) is false
[00:38:47.252] [bmv2] [D] [thread 91748] [229.0] [cxt 0] Pipeline 'egress': end
[00:38:47.252] [bmv2] [D] [thread 91748] [229.0] [cxt 0] Deparser 'deparser': start
[00:38:47.252] [bmv2] [T] [thread 91748] [229.0] [cxt 0] Skipping checksum 'cksum' update because condition not met
[00:38:47.252] [bmv2] [D] [thread 91748] [229.0] [cxt 0] Deparsing header 'ethernet'
[00:38:47.252] [bmv2] [D] [thread 91748] [229.0] [cxt 0] Deparsing header 'ipv6'
[00:38:47.252] [bmv2] [D] [thread 91748] [229.0] [cxt 0] Deparser 'deparser': end
[00:38:47.252] [bmv2] [D] [thread 91752] [229.0] [cxt 0] Transmitting packet of size 203 out of port 0
[00:38:47.441] [bmv2] [D] [thread 91747] [230.0] [cxt 0] Processing packet received on port 5
[00:38:47.441] [bmv2] [D] [thread 91747] [230.0] [cxt 0] Parser 'parser': start
[00:38:47.441] [bmv2] [D] [thread 91747] [230.0] [cxt 0] Parser 'parser' entering state 'start'
[00:38:47.441] [bmv2] [D] [thread 91747] [230.0] [cxt 0] Extracting header 'ethernet'
[00:38:47.441] [bmv2] [D] [thread 91747] [230.0] [cxt 0] Parser state 'start': key is 86dd
[00:38:47.441] [bmv2] [T] [thread 91747] [230.0] [cxt 0] Bytes parsed: 14
[00:38:47.441] [bmv2] [D] [thread 91747] [230.0] [cxt 0] Parser 'parser' entering state 'parse_ipv6'
[00:38:47.441] [bmv2] [D] [thread 91747] [230.0] [cxt 0] Extracting header 'ipv6'
[00:38:47.441] [bmv2] [D] [thread 91747] [230.0] [cxt 0] Parser state 'parse_ipv6': key is 11
[00:38:47.441] [bmv2] [T] [thread 91747] [230.0] [cxt 0] Bytes parsed: 54
[00:38:47.441] [bmv2] [D] [thread 91747] [230.0] [cxt 0] Parser 'parser': end
[00:38:47.441] [bmv2] [D] [thread 91747] [230.0] [cxt 0] Pipeline 'ingress': start
[00:38:47.441] [bmv2] [T] [thread 91747] [230.0] [cxt 0] basic.p4(560) Condition "hdr.ethernet.etherType == TYPE_ARP" (node_2) is false
[00:38:47.441] [bmv2] [T] [thread 91747] [230.0] [cxt 0] basic.p4(563) Condition "hdr.ethernet.etherType == TYPE_SRCROUTING" (node_4) is false
[00:38:47.442] [bmv2] [T] [thread 91747] [230.0] [cxt 0] basic.p4(576) Condition "hdr.ethernet.etherType == TYPE_YEQUDESU" (node_12) is false
[00:38:47.442] [bmv2] [T] [thread 91747] [230.0] [cxt 0] basic.p4(582) Condition "hdr.vxlan.isValid()" (node_15) is false
[00:38:47.442] [bmv2] [T] [thread 91747] [230.0] [cxt 0] basic.p4(586) Condition "hdr.ipv6.isValid()" (node_17) is true
[00:38:47.442] [bmv2] [T] [thread 91747] [230.0] [cxt 0] Applying table 'MyIngress.ipv6_lpm'
[00:38:47.442] [bmv2] [D] [thread 91747] [230.0] [cxt 0] Looking up key:
* hdr.ipv6.dstAddr    : ff0200000000000000000000000000fb

[00:38:47.442] [bmv2] [D] [thread 91747] [230.0] [cxt 0] Table 'MyIngress.ipv6_lpm': miss
[00:38:47.442] [bmv2] [D] [thread 91747] [230.0] [cxt 0] Action entry is NoAction - 
[00:38:47.442] [bmv2] [T] [thread 91747] [230.0] [cxt 0] Action NoAction
[00:38:47.442] [bmv2] [D] [thread 91747] [230.0] [cxt 0] Pipeline 'ingress': end
[00:38:47.442] [bmv2] [D] [thread 91747] [230.0] [cxt 0] Egress port is 0
[00:38:47.442] [bmv2] [D] [thread 91748] [230.0] [cxt 0] Pipeline 'egress': start
[00:38:47.442] [bmv2] [T] [thread 91748] [230.0] [cxt 0] basic.p4(684) Condition "standard_metadata.mcast_grp != 0" (node_28) is false
[00:38:47.442] [bmv2] [D] [thread 91748] [230.0] [cxt 0] Pipeline 'egress': end
[00:38:47.442] [bmv2] [D] [thread 91748] [230.0] [cxt 0] Deparser 'deparser': start
[00:38:47.442] [bmv2] [T] [thread 91748] [230.0] [cxt 0] Skipping checksum 'cksum' update because condition not met
[00:38:47.442] [bmv2] [D] [thread 91748] [230.0] [cxt 0] Deparsing header 'ethernet'
[00:38:47.442] [bmv2] [D] [thread 91748] [230.0] [cxt 0] Deparsing header 'ipv6'
[00:38:47.442] [bmv2] [D] [thread 91748] [230.0] [cxt 0] Deparser 'deparser': end
[00:38:47.442] [bmv2] [D] [thread 91752] [230.0] [cxt 0] Transmitting packet of size 203 out of port 0
[00:38:47.507] [bmv2] [D] [thread 91747] [231.0] [cxt 0] Processing packet received on port 4
[00:38:47.507] [bmv2] [D] [thread 91747] [231.0] [cxt 0] Parser 'parser': start
[00:38:47.507] [bmv2] [D] [thread 91747] [231.0] [cxt 0] Parser 'parser' entering state 'start'
[00:38:47.507] [bmv2] [D] [thread 91747] [231.0] [cxt 0] Extracting header 'ethernet'
[00:38:47.507] [bmv2] [D] [thread 91747] [231.0] [cxt 0] Parser state 'start': key is 86dd
[00:38:47.507] [bmv2] [T] [thread 91747] [231.0] [cxt 0] Bytes parsed: 14
[00:38:47.507] [bmv2] [D] [thread 91747] [231.0] [cxt 0] Parser 'parser' entering state 'parse_ipv6'
[00:38:47.507] [bmv2] [D] [thread 91747] [231.0] [cxt 0] Extracting header 'ipv6'
[00:38:47.507] [bmv2] [D] [thread 91747] [231.0] [cxt 0] Parser state 'parse_ipv6': key is 11
[00:38:47.507] [bmv2] [T] [thread 91747] [231.0] [cxt 0] Bytes parsed: 54
[00:38:47.507] [bmv2] [D] [thread 91747] [231.0] [cxt 0] Parser 'parser': end
[00:38:47.507] [bmv2] [D] [thread 91747] [231.0] [cxt 0] Pipeline 'ingress': start
[00:38:47.507] [bmv2] [T] [thread 91747] [231.0] [cxt 0] basic.p4(560) Condition "hdr.ethernet.etherType == TYPE_ARP" (node_2) is false
[00:38:47.507] [bmv2] [T] [thread 91747] [231.0] [cxt 0] basic.p4(563) Condition "hdr.ethernet.etherType == TYPE_SRCROUTING" (node_4) is false
[00:38:47.507] [bmv2] [T] [thread 91747] [231.0] [cxt 0] basic.p4(576) Condition "hdr.ethernet.etherType == TYPE_YEQUDESU" (node_12) is false
[00:38:47.507] [bmv2] [T] [thread 91747] [231.0] [cxt 0] basic.p4(582) Condition "hdr.vxlan.isValid()" (node_15) is false
[00:38:47.507] [bmv2] [T] [thread 91747] [231.0] [cxt 0] basic.p4(586) Condition "hdr.ipv6.isValid()" (node_17) is true
[00:38:47.507] [bmv2] [T] [thread 91747] [231.0] [cxt 0] Applying table 'MyIngress.ipv6_lpm'
[00:38:47.507] [bmv2] [D] [thread 91747] [231.0] [cxt 0] Looking up key:
* hdr.ipv6.dstAddr    : ff0200000000000000000000000000fb

[00:38:47.507] [bmv2] [D] [thread 91747] [231.0] [cxt 0] Table 'MyIngress.ipv6_lpm': miss
[00:38:47.507] [bmv2] [D] [thread 91747] [231.0] [cxt 0] Action entry is NoAction - 
[00:38:47.507] [bmv2] [T] [thread 91747] [231.0] [cxt 0] Action NoAction
[00:38:47.507] [bmv2] [D] [thread 91747] [231.0] [cxt 0] Pipeline 'ingress': end
[00:38:47.507] [bmv2] [D] [thread 91747] [231.0] [cxt 0] Egress port is 0
[00:38:47.507] [bmv2] [D] [thread 91748] [231.0] [cxt 0] Pipeline 'egress': start
[00:38:47.507] [bmv2] [T] [thread 91748] [231.0] [cxt 0] basic.p4(684) Condition "standard_metadata.mcast_grp != 0" (node_28) is false
[00:38:47.507] [bmv2] [D] [thread 91748] [231.0] [cxt 0] Pipeline 'egress': end
[00:38:47.507] [bmv2] [D] [thread 91748] [231.0] [cxt 0] Deparser 'deparser': start
[00:38:47.507] [bmv2] [T] [thread 91748] [231.0] [cxt 0] Skipping checksum 'cksum' update because condition not met
[00:38:47.507] [bmv2] [D] [thread 91748] [231.0] [cxt 0] Deparsing header 'ethernet'
[00:38:47.507] [bmv2] [D] [thread 91748] [231.0] [cxt 0] Deparsing header 'ipv6'
[00:38:47.507] [bmv2] [D] [thread 91748] [231.0] [cxt 0] Deparser 'deparser': end
[00:38:47.507] [bmv2] [D] [thread 91752] [231.0] [cxt 0] Transmitting packet of size 203 out of port 0
[00:38:47.571] [bmv2] [D] [thread 91747] [232.0] [cxt 0] Processing packet received on port 1
[00:38:47.571] [bmv2] [D] [thread 91747] [232.0] [cxt 0] Parser 'parser': start
[00:38:47.571] [bmv2] [D] [thread 91747] [232.0] [cxt 0] Parser 'parser' entering state 'start'
[00:38:47.571] [bmv2] [D] [thread 91747] [232.0] [cxt 0] Extracting header 'ethernet'
[00:38:47.571] [bmv2] [D] [thread 91747] [232.0] [cxt 0] Parser state 'start': key is 86dd
[00:38:47.571] [bmv2] [T] [thread 91747] [232.0] [cxt 0] Bytes parsed: 14
[00:38:47.571] [bmv2] [D] [thread 91747] [232.0] [cxt 0] Parser 'parser' entering state 'parse_ipv6'
[00:38:47.571] [bmv2] [D] [thread 91747] [232.0] [cxt 0] Extracting header 'ipv6'
[00:38:47.571] [bmv2] [D] [thread 91747] [232.0] [cxt 0] Parser state 'parse_ipv6': key is 11
[00:38:47.571] [bmv2] [T] [thread 91747] [232.0] [cxt 0] Bytes parsed: 54
[00:38:47.571] [bmv2] [D] [thread 91747] [232.0] [cxt 0] Parser 'parser': end
[00:38:47.571] [bmv2] [D] [thread 91747] [232.0] [cxt 0] Pipeline 'ingress': start
[00:38:47.571] [bmv2] [T] [thread 91747] [232.0] [cxt 0] basic.p4(560) Condition "hdr.ethernet.etherType == TYPE_ARP" (node_2) is false
[00:38:47.571] [bmv2] [T] [thread 91747] [232.0] [cxt 0] basic.p4(563) Condition "hdr.ethernet.etherType == TYPE_SRCROUTING" (node_4) is false
[00:38:47.571] [bmv2] [T] [thread 91747] [232.0] [cxt 0] basic.p4(576) Condition "hdr.ethernet.etherType == TYPE_YEQUDESU" (node_12) is false
[00:38:47.571] [bmv2] [T] [thread 91747] [232.0] [cxt 0] basic.p4(582) Condition "hdr.vxlan.isValid()" (node_15) is false
[00:38:47.571] [bmv2] [T] [thread 91747] [232.0] [cxt 0] basic.p4(586) Condition "hdr.ipv6.isValid()" (node_17) is true
[00:38:47.571] [bmv2] [T] [thread 91747] [232.0] [cxt 0] Applying table 'MyIngress.ipv6_lpm'
[00:38:47.571] [bmv2] [D] [thread 91747] [232.0] [cxt 0] Looking up key:
* hdr.ipv6.dstAddr    : ff0200000000000000000000000000fb

[00:38:47.571] [bmv2] [D] [thread 91747] [232.0] [cxt 0] Table 'MyIngress.ipv6_lpm': miss
[00:38:47.571] [bmv2] [D] [thread 91747] [232.0] [cxt 0] Action entry is NoAction - 
[00:38:47.571] [bmv2] [T] [thread 91747] [232.0] [cxt 0] Action NoAction
[00:38:47.571] [bmv2] [D] [thread 91747] [232.0] [cxt 0] Pipeline 'ingress': end
[00:38:47.571] [bmv2] [D] [thread 91747] [232.0] [cxt 0] Egress port is 0
[00:38:47.571] [bmv2] [D] [thread 91748] [232.0] [cxt 0] Pipeline 'egress': start
[00:38:47.571] [bmv2] [T] [thread 91748] [232.0] [cxt 0] basic.p4(684) Condition "standard_metadata.mcast_grp != 0" (node_28) is false
[00:38:47.571] [bmv2] [D] [thread 91748] [232.0] [cxt 0] Pipeline 'egress': end
[00:38:47.571] [bmv2] [D] [thread 91748] [232.0] [cxt 0] Deparser 'deparser': start
[00:38:47.571] [bmv2] [T] [thread 91748] [232.0] [cxt 0] Skipping checksum 'cksum' update because condition not met
[00:38:47.571] [bmv2] [D] [thread 91748] [232.0] [cxt 0] Deparsing header 'ethernet'
[00:38:47.571] [bmv2] [D] [thread 91748] [232.0] [cxt 0] Deparsing header 'ipv6'
[00:38:47.571] [bmv2] [D] [thread 91748] [232.0] [cxt 0] Deparser 'deparser': end
[00:38:47.571] [bmv2] [D] [thread 91752] [232.0] [cxt 0] Transmitting packet of size 203 out of port 0
[00:38:47.634] [bmv2] [D] [thread 91747] [233.0] [cxt 0] Processing packet received on port 3
[00:38:47.634] [bmv2] [D] [thread 91747] [233.0] [cxt 0] Parser 'parser': start
[00:38:47.634] [bmv2] [D] [thread 91747] [233.0] [cxt 0] Parser 'parser' entering state 'start'
[00:38:47.634] [bmv2] [D] [thread 91747] [233.0] [cxt 0] Extracting header 'ethernet'
[00:38:47.634] [bmv2] [D] [thread 91747] [233.0] [cxt 0] Parser state 'start': key is 86dd
[00:38:47.634] [bmv2] [T] [thread 91747] [233.0] [cxt 0] Bytes parsed: 14
[00:38:47.634] [bmv2] [D] [thread 91747] [233.0] [cxt 0] Parser 'parser' entering state 'parse_ipv6'
[00:38:47.634] [bmv2] [D] [thread 91747] [233.0] [cxt 0] Extracting header 'ipv6'
[00:38:47.634] [bmv2] [D] [thread 91747] [233.0] [cxt 0] Parser state 'parse_ipv6': key is 11
[00:38:47.634] [bmv2] [T] [thread 91747] [233.0] [cxt 0] Bytes parsed: 54
[00:38:47.634] [bmv2] [D] [thread 91747] [233.0] [cxt 0] Parser 'parser': end
[00:38:47.634] [bmv2] [D] [thread 91747] [233.0] [cxt 0] Pipeline 'ingress': start
[00:38:47.634] [bmv2] [T] [thread 91747] [233.0] [cxt 0] basic.p4(560) Condition "hdr.ethernet.etherType == TYPE_ARP" (node_2) is false
[00:38:47.634] [bmv2] [T] [thread 91747] [233.0] [cxt 0] basic.p4(563) Condition "hdr.ethernet.etherType == TYPE_SRCROUTING" (node_4) is false
[00:38:47.635] [bmv2] [T] [thread 91747] [233.0] [cxt 0] basic.p4(576) Condition "hdr.ethernet.etherType == TYPE_YEQUDESU" (node_12) is false
[00:38:47.635] [bmv2] [T] [thread 91747] [233.0] [cxt 0] basic.p4(582) Condition "hdr.vxlan.isValid()" (node_15) is false
[00:38:47.635] [bmv2] [T] [thread 91747] [233.0] [cxt 0] basic.p4(586) Condition "hdr.ipv6.isValid()" (node_17) is true
[00:38:47.635] [bmv2] [T] [thread 91747] [233.0] [cxt 0] Applying table 'MyIngress.ipv6_lpm'
[00:38:47.635] [bmv2] [D] [thread 91747] [233.0] [cxt 0] Looking up key:
* hdr.ipv6.dstAddr    : ff0200000000000000000000000000fb

[00:38:47.635] [bmv2] [D] [thread 91747] [233.0] [cxt 0] Table 'MyIngress.ipv6_lpm': miss
[00:38:47.635] [bmv2] [D] [thread 91747] [233.0] [cxt 0] Action entry is NoAction - 
[00:38:47.635] [bmv2] [T] [thread 91747] [233.0] [cxt 0] Action NoAction
[00:38:47.635] [bmv2] [D] [thread 91747] [233.0] [cxt 0] Pipeline 'ingress': end
[00:38:47.635] [bmv2] [D] [thread 91747] [233.0] [cxt 0] Egress port is 0
[00:38:47.635] [bmv2] [D] [thread 91748] [233.0] [cxt 0] Pipeline 'egress': start
[00:38:47.635] [bmv2] [T] [thread 91748] [233.0] [cxt 0] basic.p4(684) Condition "standard_metadata.mcast_grp != 0" (node_28) is false
[00:38:47.635] [bmv2] [D] [thread 91748] [233.0] [cxt 0] Pipeline 'egress': end
[00:38:47.635] [bmv2] [D] [thread 91748] [233.0] [cxt 0] Deparser 'deparser': start
[00:38:47.635] [bmv2] [T] [thread 91748] [233.0] [cxt 0] Skipping checksum 'cksum' update because condition not met
[00:38:47.635] [bmv2] [D] [thread 91748] [233.0] [cxt 0] Deparsing header 'ethernet'
[00:38:47.635] [bmv2] [D] [thread 91748] [233.0] [cxt 0] Deparsing header 'ipv6'
[00:38:47.635] [bmv2] [D] [thread 91748] [233.0] [cxt 0] Deparser 'deparser': end
[00:38:47.635] [bmv2] [D] [thread 91752] [233.0] [cxt 0] Transmitting packet of size 203 out of port 0
[00:38:55.246] [bmv2] [D] [thread 91747] [234.0] [cxt 0] Processing packet received on port 1
[00:38:55.246] [bmv2] [D] [thread 91747] [234.0] [cxt 0] Parser 'parser': start
[00:38:55.246] [bmv2] [D] [thread 91747] [234.0] [cxt 0] Parser 'parser' entering state 'start'
[00:38:55.246] [bmv2] [D] [thread 91747] [234.0] [cxt 0] Extracting header 'ethernet'
[00:38:55.246] [bmv2] [D] [thread 91747] [234.0] [cxt 0] Parser state 'start': key is 86dd
[00:38:55.246] [bmv2] [T] [thread 91747] [234.0] [cxt 0] Bytes parsed: 14
[00:38:55.246] [bmv2] [D] [thread 91747] [234.0] [cxt 0] Parser 'parser' entering state 'parse_ipv6'
[00:38:55.246] [bmv2] [D] [thread 91747] [234.0] [cxt 0] Extracting header 'ipv6'
[00:38:55.246] [bmv2] [D] [thread 91747] [234.0] [cxt 0] Parser state 'parse_ipv6': key is 3a
[00:38:55.246] [bmv2] [T] [thread 91747] [234.0] [cxt 0] Bytes parsed: 54
[00:38:55.246] [bmv2] [D] [thread 91747] [234.0] [cxt 0] Parser 'parser': end
[00:38:55.246] [bmv2] [D] [thread 91747] [234.0] [cxt 0] Pipeline 'ingress': start
[00:38:55.246] [bmv2] [T] [thread 91747] [234.0] [cxt 0] basic.p4(560) Condition "hdr.ethernet.etherType == TYPE_ARP" (node_2) is false
[00:38:55.246] [bmv2] [T] [thread 91747] [234.0] [cxt 0] basic.p4(563) Condition "hdr.ethernet.etherType == TYPE_SRCROUTING" (node_4) is false
[00:38:55.246] [bmv2] [T] [thread 91747] [234.0] [cxt 0] basic.p4(576) Condition "hdr.ethernet.etherType == TYPE_YEQUDESU" (node_12) is false
[00:38:55.246] [bmv2] [T] [thread 91747] [234.0] [cxt 0] basic.p4(582) Condition "hdr.vxlan.isValid()" (node_15) is false
[00:38:55.246] [bmv2] [T] [thread 91747] [234.0] [cxt 0] basic.p4(586) Condition "hdr.ipv6.isValid()" (node_17) is true
[00:38:55.246] [bmv2] [T] [thread 91747] [234.0] [cxt 0] Applying table 'MyIngress.ipv6_lpm'
[00:38:55.246] [bmv2] [D] [thread 91747] [234.0] [cxt 0] Looking up key:
* hdr.ipv6.dstAddr    : ff020000000000000000000000000002

[00:38:55.246] [bmv2] [D] [thread 91747] [234.0] [cxt 0] Table 'MyIngress.ipv6_lpm': miss
[00:38:55.246] [bmv2] [D] [thread 91747] [234.0] [cxt 0] Action entry is NoAction - 
[00:38:55.246] [bmv2] [T] [thread 91747] [234.0] [cxt 0] Action NoAction
[00:38:55.246] [bmv2] [D] [thread 91747] [234.0] [cxt 0] Pipeline 'ingress': end
[00:38:55.246] [bmv2] [D] [thread 91747] [234.0] [cxt 0] Egress port is 0
[00:38:55.246] [bmv2] [D] [thread 91748] [234.0] [cxt 0] Pipeline 'egress': start
[00:38:55.246] [bmv2] [T] [thread 91748] [234.0] [cxt 0] basic.p4(684) Condition "standard_metadata.mcast_grp != 0" (node_28) is false
[00:38:55.246] [bmv2] [D] [thread 91748] [234.0] [cxt 0] Pipeline 'egress': end
[00:38:55.246] [bmv2] [D] [thread 91748] [234.0] [cxt 0] Deparser 'deparser': start
[00:38:55.246] [bmv2] [T] [thread 91748] [234.0] [cxt 0] Skipping checksum 'cksum' update because condition not met
[00:38:55.246] [bmv2] [D] [thread 91748] [234.0] [cxt 0] Deparsing header 'ethernet'
[00:38:55.246] [bmv2] [D] [thread 91748] [234.0] [cxt 0] Deparsing header 'ipv6'
[00:38:55.246] [bmv2] [D] [thread 91748] [234.0] [cxt 0] Deparser 'deparser': end
[00:38:55.246] [bmv2] [D] [thread 91752] [234.0] [cxt 0] Transmitting packet of size 70 out of port 0
[00:38:59.343] [bmv2] [D] [thread 91747] [235.0] [cxt 0] Processing packet received on port 2
[00:38:59.343] [bmv2] [D] [thread 91747] [235.0] [cxt 0] Parser 'parser': start
[00:38:59.343] [bmv2] [D] [thread 91747] [235.0] [cxt 0] Parser 'parser' entering state 'start'
[00:38:59.343] [bmv2] [D] [thread 91747] [235.0] [cxt 0] Extracting header 'ethernet'
[00:38:59.343] [bmv2] [D] [thread 91747] [235.0] [cxt 0] Parser state 'start': key is 86dd
[00:38:59.343] [bmv2] [T] [thread 91747] [235.0] [cxt 0] Bytes parsed: 14
[00:38:59.343] [bmv2] [D] [thread 91747] [235.0] [cxt 0] Parser 'parser' entering state 'parse_ipv6'
[00:38:59.343] [bmv2] [D] [thread 91747] [235.0] [cxt 0] Extracting header 'ipv6'
[00:38:59.343] [bmv2] [D] [thread 91747] [235.0] [cxt 0] Parser state 'parse_ipv6': key is 3a
[00:38:59.343] [bmv2] [T] [thread 91747] [235.0] [cxt 0] Bytes parsed: 54
[00:38:59.343] [bmv2] [D] [thread 91747] [235.0] [cxt 0] Parser 'parser': end
[00:38:59.343] [bmv2] [D] [thread 91747] [235.0] [cxt 0] Pipeline 'ingress': start
[00:38:59.343] [bmv2] [T] [thread 91747] [235.0] [cxt 0] basic.p4(560) Condition "hdr.ethernet.etherType == TYPE_ARP" (node_2) is false
[00:38:59.343] [bmv2] [T] [thread 91747] [235.0] [cxt 0] basic.p4(563) Condition "hdr.ethernet.etherType == TYPE_SRCROUTING" (node_4) is false
[00:38:59.343] [bmv2] [T] [thread 91747] [235.0] [cxt 0] basic.p4(576) Condition "hdr.ethernet.etherType == TYPE_YEQUDESU" (node_12) is false
[00:38:59.343] [bmv2] [T] [thread 91747] [235.0] [cxt 0] basic.p4(582) Condition "hdr.vxlan.isValid()" (node_15) is false
[00:38:59.343] [bmv2] [T] [thread 91747] [235.0] [cxt 0] basic.p4(586) Condition "hdr.ipv6.isValid()" (node_17) is true
[00:38:59.343] [bmv2] [T] [thread 91747] [235.0] [cxt 0] Applying table 'MyIngress.ipv6_lpm'
[00:38:59.343] [bmv2] [D] [thread 91747] [235.0] [cxt 0] Looking up key:
* hdr.ipv6.dstAddr    : ff020000000000000000000000000002

[00:38:59.343] [bmv2] [D] [thread 91747] [235.0] [cxt 0] Table 'MyIngress.ipv6_lpm': miss
[00:38:59.343] [bmv2] [D] [thread 91747] [235.0] [cxt 0] Action entry is NoAction - 
[00:38:59.343] [bmv2] [T] [thread 91747] [235.0] [cxt 0] Action NoAction
[00:38:59.343] [bmv2] [D] [thread 91747] [235.0] [cxt 0] Pipeline 'ingress': end
[00:38:59.343] [bmv2] [D] [thread 91747] [235.0] [cxt 0] Egress port is 0
[00:38:59.343] [bmv2] [D] [thread 91747] [236.0] [cxt 0] Processing packet received on port 5
[00:38:59.343] [bmv2] [D] [thread 91747] [236.0] [cxt 0] Parser 'parser': start
[00:38:59.343] [bmv2] [D] [thread 91747] [236.0] [cxt 0] Parser 'parser' entering state 'start'
[00:38:59.343] [bmv2] [D] [thread 91747] [236.0] [cxt 0] Extracting header 'ethernet'
[00:38:59.343] [bmv2] [D] [thread 91747] [236.0] [cxt 0] Parser state 'start': key is 86dd
[00:38:59.343] [bmv2] [T] [thread 91747] [236.0] [cxt 0] Bytes parsed: 14
[00:38:59.343] [bmv2] [D] [thread 91747] [236.0] [cxt 0] Parser 'parser' entering state 'parse_ipv6'
[00:38:59.343] [bmv2] [D] [thread 91747] [236.0] [cxt 0] Extracting header 'ipv6'
[00:38:59.343] [bmv2] [D] [thread 91747] [236.0] [cxt 0] Parser state 'parse_ipv6': key is 3a
[00:38:59.343] [bmv2] [T] [thread 91747] [236.0] [cxt 0] Bytes parsed: 54
[00:38:59.343] [bmv2] [D] [thread 91747] [236.0] [cxt 0] Parser 'parser': end
[00:38:59.343] [bmv2] [D] [thread 91747] [236.0] [cxt 0] Pipeline 'ingress': start
[00:38:59.343] [bmv2] [T] [thread 91747] [236.0] [cxt 0] basic.p4(560) Condition "hdr.ethernet.etherType == TYPE_ARP" (node_2) is false
[00:38:59.343] [bmv2] [D] [thread 91748] [235.0] [cxt 0] Pipeline 'egress': start
[00:38:59.343] [bmv2] [T] [thread 91747] [236.0] [cxt 0] basic.p4(563) Condition "hdr.ethernet.etherType == TYPE_SRCROUTING" (node_4) is false
[00:38:59.343] [bmv2] [T] [thread 91748] [235.0] [cxt 0] basic.p4(684) Condition "standard_metadata.mcast_grp != 0" (node_28) is false
[00:38:59.343] [bmv2] [D] [thread 91748] [235.0] [cxt 0] Pipeline 'egress': end
[00:38:59.343] [bmv2] [D] [thread 91748] [235.0] [cxt 0] Deparser 'deparser': start
[00:38:59.343] [bmv2] [T] [thread 91748] [235.0] [cxt 0] Skipping checksum 'cksum' update because condition not met
[00:38:59.343] [bmv2] [D] [thread 91748] [235.0] [cxt 0] Deparsing header 'ethernet'
[00:38:59.343] [bmv2] [D] [thread 91748] [235.0] [cxt 0] Deparsing header 'ipv6'
[00:38:59.343] [bmv2] [D] [thread 91748] [235.0] [cxt 0] Deparser 'deparser': end
[00:38:59.343] [bmv2] [T] [thread 91747] [236.0] [cxt 0] basic.p4(576) Condition "hdr.ethernet.etherType == TYPE_YEQUDESU" (node_12) is false
[00:38:59.343] [bmv2] [T] [thread 91747] [236.0] [cxt 0] basic.p4(582) Condition "hdr.vxlan.isValid()" (node_15) is false
[00:38:59.343] [bmv2] [T] [thread 91747] [236.0] [cxt 0] basic.p4(586) Condition "hdr.ipv6.isValid()" (node_17) is true
[00:38:59.343] [bmv2] [T] [thread 91747] [236.0] [cxt 0] Applying table 'MyIngress.ipv6_lpm'
[00:38:59.343] [bmv2] [D] [thread 91747] [236.0] [cxt 0] Looking up key:
* hdr.ipv6.dstAddr    : ff020000000000000000000000000002

[00:38:59.343] [bmv2] [D] [thread 91747] [236.0] [cxt 0] Table 'MyIngress.ipv6_lpm': miss
[00:38:59.343] [bmv2] [D] [thread 91747] [236.0] [cxt 0] Action entry is NoAction - 
[00:38:59.344] [bmv2] [D] [thread 91752] [235.0] [cxt 0] Transmitting packet of size 70 out of port 0
[00:38:59.344] [bmv2] [T] [thread 91747] [236.0] [cxt 0] Action NoAction
[00:38:59.344] [bmv2] [D] [thread 91747] [236.0] [cxt 0] Pipeline 'ingress': end
[00:38:59.344] [bmv2] [D] [thread 91747] [236.0] [cxt 0] Egress port is 0
[00:38:59.344] [bmv2] [D] [thread 91748] [236.0] [cxt 0] Pipeline 'egress': start
[00:38:59.344] [bmv2] [T] [thread 91748] [236.0] [cxt 0] basic.p4(684) Condition "standard_metadata.mcast_grp != 0" (node_28) is false
[00:38:59.344] [bmv2] [D] [thread 91748] [236.0] [cxt 0] Pipeline 'egress': end
[00:38:59.344] [bmv2] [D] [thread 91748] [236.0] [cxt 0] Deparser 'deparser': start
[00:38:59.344] [bmv2] [T] [thread 91748] [236.0] [cxt 0] Skipping checksum 'cksum' update because condition not met
[00:38:59.344] [bmv2] [D] [thread 91748] [236.0] [cxt 0] Deparsing header 'ethernet'
[00:38:59.344] [bmv2] [D] [thread 91748] [236.0] [cxt 0] Deparsing header 'ipv6'
[00:38:59.344] [bmv2] [D] [thread 91748] [236.0] [cxt 0] Deparser 'deparser': end
[00:38:59.344] [bmv2] [D] [thread 91752] [236.0] [cxt 0] Transmitting packet of size 70 out of port 0
[00:39:03.438] [bmv2] [D] [thread 91747] [237.0] [cxt 0] Processing packet received on port 4
[00:39:03.438] [bmv2] [D] [thread 91747] [237.0] [cxt 0] Parser 'parser': start
[00:39:03.438] [bmv2] [D] [thread 91747] [237.0] [cxt 0] Parser 'parser' entering state 'start'
[00:39:03.438] [bmv2] [D] [thread 91747] [237.0] [cxt 0] Extracting header 'ethernet'
[00:39:03.438] [bmv2] [D] [thread 91747] [237.0] [cxt 0] Parser state 'start': key is 86dd
[00:39:03.438] [bmv2] [T] [thread 91747] [237.0] [cxt 0] Bytes parsed: 14
[00:39:03.438] [bmv2] [D] [thread 91747] [237.0] [cxt 0] Parser 'parser' entering state 'parse_ipv6'
[00:39:03.438] [bmv2] [D] [thread 91747] [237.0] [cxt 0] Extracting header 'ipv6'
[00:39:03.438] [bmv2] [D] [thread 91747] [237.0] [cxt 0] Parser state 'parse_ipv6': key is 3a
[00:39:03.438] [bmv2] [T] [thread 91747] [237.0] [cxt 0] Bytes parsed: 54
[00:39:03.438] [bmv2] [D] [thread 91747] [237.0] [cxt 0] Parser 'parser': end
[00:39:03.438] [bmv2] [D] [thread 91747] [237.0] [cxt 0] Pipeline 'ingress': start
[00:39:03.438] [bmv2] [T] [thread 91747] [237.0] [cxt 0] basic.p4(560) Condition "hdr.ethernet.etherType == TYPE_ARP" (node_2) is false
[00:39:03.438] [bmv2] [T] [thread 91747] [237.0] [cxt 0] basic.p4(563) Condition "hdr.ethernet.etherType == TYPE_SRCROUTING" (node_4) is false
[00:39:03.438] [bmv2] [T] [thread 91747] [237.0] [cxt 0] basic.p4(576) Condition "hdr.ethernet.etherType == TYPE_YEQUDESU" (node_12) is false
[00:39:03.438] [bmv2] [T] [thread 91747] [237.0] [cxt 0] basic.p4(582) Condition "hdr.vxlan.isValid()" (node_15) is false
[00:39:03.438] [bmv2] [T] [thread 91747] [237.0] [cxt 0] basic.p4(586) Condition "hdr.ipv6.isValid()" (node_17) is true
[00:39:03.438] [bmv2] [T] [thread 91747] [237.0] [cxt 0] Applying table 'MyIngress.ipv6_lpm'
[00:39:03.438] [bmv2] [D] [thread 91747] [237.0] [cxt 0] Looking up key:
* hdr.ipv6.dstAddr    : ff020000000000000000000000000002

[00:39:03.438] [bmv2] [D] [thread 91747] [237.0] [cxt 0] Table 'MyIngress.ipv6_lpm': miss
[00:39:03.438] [bmv2] [D] [thread 91747] [237.0] [cxt 0] Action entry is NoAction - 
[00:39:03.438] [bmv2] [T] [thread 91747] [237.0] [cxt 0] Action NoAction
[00:39:03.438] [bmv2] [D] [thread 91747] [237.0] [cxt 0] Pipeline 'ingress': end
[00:39:03.438] [bmv2] [D] [thread 91747] [237.0] [cxt 0] Egress port is 0
[00:39:03.438] [bmv2] [D] [thread 91747] [238.0] [cxt 0] Processing packet received on port 3
[00:39:03.438] [bmv2] [D] [thread 91747] [238.0] [cxt 0] Parser 'parser': start
[00:39:03.438] [bmv2] [D] [thread 91747] [238.0] [cxt 0] Parser 'parser' entering state 'start'
[00:39:03.438] [bmv2] [D] [thread 91747] [238.0] [cxt 0] Extracting header 'ethernet'
[00:39:03.438] [bmv2] [D] [thread 91747] [238.0] [cxt 0] Parser state 'start': key is 86dd
[00:39:03.438] [bmv2] [T] [thread 91747] [238.0] [cxt 0] Bytes parsed: 14
[00:39:03.438] [bmv2] [D] [thread 91747] [238.0] [cxt 0] Parser 'parser' entering state 'parse_ipv6'
[00:39:03.438] [bmv2] [D] [thread 91747] [238.0] [cxt 0] Extracting header 'ipv6'
[00:39:03.438] [bmv2] [D] [thread 91747] [238.0] [cxt 0] Parser state 'parse_ipv6': key is 3a
[00:39:03.438] [bmv2] [T] [thread 91747] [238.0] [cxt 0] Bytes parsed: 54
[00:39:03.438] [bmv2] [D] [thread 91747] [238.0] [cxt 0] Parser 'parser': end
[00:39:03.438] [bmv2] [D] [thread 91747] [238.0] [cxt 0] Pipeline 'ingress': start
[00:39:03.438] [bmv2] [T] [thread 91747] [238.0] [cxt 0] basic.p4(560) Condition "hdr.ethernet.etherType == TYPE_ARP" (node_2) is false
[00:39:03.438] [bmv2] [T] [thread 91747] [238.0] [cxt 0] basic.p4(563) Condition "hdr.ethernet.etherType == TYPE_SRCROUTING" (node_4) is false
[00:39:03.438] [bmv2] [T] [thread 91747] [238.0] [cxt 0] basic.p4(576) Condition "hdr.ethernet.etherType == TYPE_YEQUDESU" (node_12) is false
[00:39:03.438] [bmv2] [T] [thread 91747] [238.0] [cxt 0] basic.p4(582) Condition "hdr.vxlan.isValid()" (node_15) is false
[00:39:03.438] [bmv2] [T] [thread 91747] [238.0] [cxt 0] basic.p4(586) Condition "hdr.ipv6.isValid()" (node_17) is true
[00:39:03.438] [bmv2] [T] [thread 91747] [238.0] [cxt 0] Applying table 'MyIngress.ipv6_lpm'
[00:39:03.438] [bmv2] [D] [thread 91748] [237.0] [cxt 0] Pipeline 'egress': start
[00:39:03.438] [bmv2] [D] [thread 91747] [238.0] [cxt 0] Looking up key:
* hdr.ipv6.dstAddr    : ff020000000000000000000000000002

[00:39:03.438] [bmv2] [T] [thread 91748] [237.0] [cxt 0] basic.p4(684) Condition "standard_metadata.mcast_grp != 0" (node_28) is false
[00:39:03.438] [bmv2] [D] [thread 91747] [238.0] [cxt 0] Table 'MyIngress.ipv6_lpm': miss
[00:39:03.438] [bmv2] [D] [thread 91748] [237.0] [cxt 0] Pipeline 'egress': end
[00:39:03.438] [bmv2] [D] [thread 91747] [238.0] [cxt 0] Action entry is NoAction - 
[00:39:03.438] [bmv2] [D] [thread 91748] [237.0] [cxt 0] Deparser 'deparser': start
[00:39:03.438] [bmv2] [T] [thread 91747] [238.0] [cxt 0] Action NoAction
[00:39:03.438] [bmv2] [T] [thread 91748] [237.0] [cxt 0] Skipping checksum 'cksum' update because condition not met
[00:39:03.438] [bmv2] [D] [thread 91747] [238.0] [cxt 0] Pipeline 'ingress': end
[00:39:03.438] [bmv2] [D] [thread 91748] [237.0] [cxt 0] Deparsing header 'ethernet'
[00:39:03.438] [bmv2] [D] [thread 91748] [237.0] [cxt 0] Deparsing header 'ipv6'
[00:39:03.438] [bmv2] [D] [thread 91748] [237.0] [cxt 0] Deparser 'deparser': end
[00:39:03.438] [bmv2] [D] [thread 91747] [238.0] [cxt 0] Egress port is 0
[00:39:03.438] [bmv2] [D] [thread 91752] [237.0] [cxt 0] Transmitting packet of size 70 out of port 0
[00:39:03.438] [bmv2] [D] [thread 91748] [238.0] [cxt 0] Pipeline 'egress': start
[00:39:03.438] [bmv2] [T] [thread 91748] [238.0] [cxt 0] basic.p4(684) Condition "standard_metadata.mcast_grp != 0" (node_28) is false
[00:39:03.438] [bmv2] [D] [thread 91748] [238.0] [cxt 0] Pipeline 'egress': end
[00:39:03.438] [bmv2] [D] [thread 91748] [238.0] [cxt 0] Deparser 'deparser': start
[00:39:03.438] [bmv2] [T] [thread 91748] [238.0] [cxt 0] Skipping checksum 'cksum' update because condition not met
[00:39:03.438] [bmv2] [D] [thread 91748] [238.0] [cxt 0] Deparsing header 'ethernet'
[00:39:03.438] [bmv2] [D] [thread 91748] [238.0] [cxt 0] Deparsing header 'ipv6'
[00:39:03.438] [bmv2] [D] [thread 91748] [238.0] [cxt 0] Deparser 'deparser': end
[00:39:03.439] [bmv2] [D] [thread 91752] [238.0] [cxt 0] Transmitting packet of size 70 out of port 0
[00:39:07.535] [bmv2] [D] [thread 91747] [239.0] [cxt 0] Processing packet received on port 5
[00:39:07.535] [bmv2] [D] [thread 91747] [239.0] [cxt 0] Parser 'parser': start
[00:39:07.535] [bmv2] [D] [thread 91747] [239.0] [cxt 0] Parser 'parser' entering state 'start'
[00:39:07.535] [bmv2] [D] [thread 91747] [239.0] [cxt 0] Extracting header 'ethernet'
[00:39:07.535] [bmv2] [D] [thread 91747] [239.0] [cxt 0] Parser state 'start': key is 86dd
[00:39:07.535] [bmv2] [T] [thread 91747] [239.0] [cxt 0] Bytes parsed: 14
[00:39:07.535] [bmv2] [D] [thread 91747] [239.0] [cxt 0] Parser 'parser' entering state 'parse_ipv6'
[00:39:07.535] [bmv2] [D] [thread 91747] [239.0] [cxt 0] Extracting header 'ipv6'
[00:39:07.535] [bmv2] [D] [thread 91747] [239.0] [cxt 0] Parser state 'parse_ipv6': key is 3a
[00:39:07.535] [bmv2] [T] [thread 91747] [239.0] [cxt 0] Bytes parsed: 54
[00:39:07.535] [bmv2] [D] [thread 91747] [239.0] [cxt 0] Parser 'parser': end
[00:39:07.535] [bmv2] [D] [thread 91747] [239.0] [cxt 0] Pipeline 'ingress': start
[00:39:07.535] [bmv2] [T] [thread 91747] [239.0] [cxt 0] basic.p4(560) Condition "hdr.ethernet.etherType == TYPE_ARP" (node_2) is false
[00:39:07.535] [bmv2] [T] [thread 91747] [239.0] [cxt 0] basic.p4(563) Condition "hdr.ethernet.etherType == TYPE_SRCROUTING" (node_4) is false
[00:39:07.535] [bmv2] [T] [thread 91747] [239.0] [cxt 0] basic.p4(576) Condition "hdr.ethernet.etherType == TYPE_YEQUDESU" (node_12) is false
[00:39:07.535] [bmv2] [T] [thread 91747] [239.0] [cxt 0] basic.p4(582) Condition "hdr.vxlan.isValid()" (node_15) is false
[00:39:07.535] [bmv2] [T] [thread 91747] [239.0] [cxt 0] basic.p4(586) Condition "hdr.ipv6.isValid()" (node_17) is true
[00:39:07.535] [bmv2] [T] [thread 91747] [239.0] [cxt 0] Applying table 'MyIngress.ipv6_lpm'
[00:39:07.535] [bmv2] [D] [thread 91747] [239.0] [cxt 0] Looking up key:
* hdr.ipv6.dstAddr    : ff020000000000000000000000000002

[00:39:07.535] [bmv2] [D] [thread 91747] [239.0] [cxt 0] Table 'MyIngress.ipv6_lpm': miss
[00:39:07.535] [bmv2] [D] [thread 91747] [239.0] [cxt 0] Action entry is NoAction - 
[00:39:07.535] [bmv2] [T] [thread 91747] [239.0] [cxt 0] Action NoAction
[00:39:07.535] [bmv2] [D] [thread 91747] [239.0] [cxt 0] Pipeline 'ingress': end
[00:39:07.536] [bmv2] [D] [thread 91747] [239.0] [cxt 0] Egress port is 0
[00:39:07.536] [bmv2] [D] [thread 91748] [239.0] [cxt 0] Pipeline 'egress': start
[00:39:07.536] [bmv2] [T] [thread 91748] [239.0] [cxt 0] basic.p4(684) Condition "standard_metadata.mcast_grp != 0" (node_28) is false
[00:39:07.536] [bmv2] [D] [thread 91748] [239.0] [cxt 0] Pipeline 'egress': end
[00:39:07.536] [bmv2] [D] [thread 91748] [239.0] [cxt 0] Deparser 'deparser': start
[00:39:07.536] [bmv2] [T] [thread 91748] [239.0] [cxt 0] Skipping checksum 'cksum' update because condition not met
[00:39:07.536] [bmv2] [D] [thread 91748] [239.0] [cxt 0] Deparsing header 'ethernet'
[00:39:07.536] [bmv2] [D] [thread 91748] [239.0] [cxt 0] Deparsing header 'ipv6'
[00:39:07.536] [bmv2] [D] [thread 91748] [239.0] [cxt 0] Deparser 'deparser': end
[00:39:07.536] [bmv2] [D] [thread 91752] [239.0] [cxt 0] Transmitting packet of size 70 out of port 0
[00:39:11.629] [bmv2] [D] [thread 91747] [240.0] [cxt 0] Processing packet received on port 1
[00:39:11.629] [bmv2] [D] [thread 91747] [240.0] [cxt 0] Parser 'parser': start
[00:39:11.629] [bmv2] [D] [thread 91747] [240.0] [cxt 0] Parser 'parser' entering state 'start'
[00:39:11.629] [bmv2] [D] [thread 91747] [240.0] [cxt 0] Extracting header 'ethernet'
[00:39:11.629] [bmv2] [D] [thread 91747] [240.0] [cxt 0] Parser state 'start': key is 86dd
[00:39:11.629] [bmv2] [T] [thread 91747] [240.0] [cxt 0] Bytes parsed: 14
[00:39:11.629] [bmv2] [D] [thread 91747] [240.0] [cxt 0] Parser 'parser' entering state 'parse_ipv6'
[00:39:11.629] [bmv2] [D] [thread 91747] [240.0] [cxt 0] Extracting header 'ipv6'
[00:39:11.629] [bmv2] [D] [thread 91747] [240.0] [cxt 0] Parser state 'parse_ipv6': key is 3a
[00:39:11.629] [bmv2] [T] [thread 91747] [240.0] [cxt 0] Bytes parsed: 54
[00:39:11.629] [bmv2] [D] [thread 91747] [240.0] [cxt 0] Parser 'parser': end
[00:39:11.629] [bmv2] [D] [thread 91747] [240.0] [cxt 0] Pipeline 'ingress': start
[00:39:11.629] [bmv2] [T] [thread 91747] [240.0] [cxt 0] basic.p4(560) Condition "hdr.ethernet.etherType == TYPE_ARP" (node_2) is false
[00:39:11.629] [bmv2] [T] [thread 91747] [240.0] [cxt 0] basic.p4(563) Condition "hdr.ethernet.etherType == TYPE_SRCROUTING" (node_4) is false
[00:39:11.629] [bmv2] [T] [thread 91747] [240.0] [cxt 0] basic.p4(576) Condition "hdr.ethernet.etherType == TYPE_YEQUDESU" (node_12) is false
[00:39:11.629] [bmv2] [T] [thread 91747] [240.0] [cxt 0] basic.p4(582) Condition "hdr.vxlan.isValid()" (node_15) is false
[00:39:11.629] [bmv2] [T] [thread 91747] [240.0] [cxt 0] basic.p4(586) Condition "hdr.ipv6.isValid()" (node_17) is true
[00:39:11.629] [bmv2] [T] [thread 91747] [240.0] [cxt 0] Applying table 'MyIngress.ipv6_lpm'
[00:39:11.629] [bmv2] [D] [thread 91747] [240.0] [cxt 0] Looking up key:
* hdr.ipv6.dstAddr    : ff020000000000000000000000000002

[00:39:11.629] [bmv2] [D] [thread 91747] [240.0] [cxt 0] Table 'MyIngress.ipv6_lpm': miss
[00:39:11.629] [bmv2] [D] [thread 91747] [240.0] [cxt 0] Action entry is NoAction - 
[00:39:11.629] [bmv2] [T] [thread 91747] [240.0] [cxt 0] Action NoAction
[00:39:11.629] [bmv2] [D] [thread 91747] [240.0] [cxt 0] Pipeline 'ingress': end
[00:39:11.629] [bmv2] [D] [thread 91747] [240.0] [cxt 0] Egress port is 0
[00:39:11.630] [bmv2] [D] [thread 91748] [240.0] [cxt 0] Pipeline 'egress': start
[00:39:11.630] [bmv2] [T] [thread 91748] [240.0] [cxt 0] basic.p4(684) Condition "standard_metadata.mcast_grp != 0" (node_28) is false
[00:39:11.630] [bmv2] [D] [thread 91748] [240.0] [cxt 0] Pipeline 'egress': end
[00:39:11.630] [bmv2] [D] [thread 91748] [240.0] [cxt 0] Deparser 'deparser': start
[00:39:11.630] [bmv2] [T] [thread 91748] [240.0] [cxt 0] Skipping checksum 'cksum' update because condition not met
[00:39:11.630] [bmv2] [D] [thread 91748] [240.0] [cxt 0] Deparsing header 'ethernet'
[00:39:11.630] [bmv2] [D] [thread 91748] [240.0] [cxt 0] Deparsing header 'ipv6'
[00:39:11.630] [bmv2] [D] [thread 91748] [240.0] [cxt 0] Deparser 'deparser': end
[00:39:11.630] [bmv2] [D] [thread 91752] [240.0] [cxt 0] Transmitting packet of size 70 out of port 0
[00:40:45.838] [bmv2] [D] [thread 91747] [241.0] [cxt 0] Processing packet received on port 2
[00:40:45.838] [bmv2] [D] [thread 91747] [241.0] [cxt 0] Parser 'parser': start
[00:40:45.838] [bmv2] [D] [thread 91747] [241.0] [cxt 0] Parser 'parser' entering state 'start'
[00:40:45.838] [bmv2] [D] [thread 91747] [241.0] [cxt 0] Extracting header 'ethernet'
[00:40:45.838] [bmv2] [D] [thread 91747] [241.0] [cxt 0] Parser state 'start': key is 86dd
[00:40:45.838] [bmv2] [T] [thread 91747] [241.0] [cxt 0] Bytes parsed: 14
[00:40:45.838] [bmv2] [D] [thread 91747] [241.0] [cxt 0] Parser 'parser' entering state 'parse_ipv6'
[00:40:45.838] [bmv2] [D] [thread 91747] [241.0] [cxt 0] Extracting header 'ipv6'
[00:40:45.838] [bmv2] [D] [thread 91747] [241.0] [cxt 0] Parser state 'parse_ipv6': key is 3a
[00:40:45.838] [bmv2] [T] [thread 91747] [241.0] [cxt 0] Bytes parsed: 54
[00:40:45.838] [bmv2] [D] [thread 91747] [241.0] [cxt 0] Parser 'parser': end
[00:40:45.838] [bmv2] [D] [thread 91747] [241.0] [cxt 0] Pipeline 'ingress': start
[00:40:45.838] [bmv2] [T] [thread 91747] [241.0] [cxt 0] basic.p4(560) Condition "hdr.ethernet.etherType == TYPE_ARP" (node_2) is false
[00:40:45.838] [bmv2] [T] [thread 91747] [241.0] [cxt 0] basic.p4(563) Condition "hdr.ethernet.etherType == TYPE_SRCROUTING" (node_4) is false
[00:40:45.838] [bmv2] [T] [thread 91747] [241.0] [cxt 0] basic.p4(576) Condition "hdr.ethernet.etherType == TYPE_YEQUDESU" (node_12) is false
[00:40:45.838] [bmv2] [T] [thread 91747] [241.0] [cxt 0] basic.p4(582) Condition "hdr.vxlan.isValid()" (node_15) is false
[00:40:45.838] [bmv2] [T] [thread 91747] [241.0] [cxt 0] basic.p4(586) Condition "hdr.ipv6.isValid()" (node_17) is true
[00:40:45.838] [bmv2] [T] [thread 91747] [241.0] [cxt 0] Applying table 'MyIngress.ipv6_lpm'
[00:40:45.838] [bmv2] [D] [thread 91747] [241.0] [cxt 0] Looking up key:
* hdr.ipv6.dstAddr    : ff020000000000000000000000000002

[00:40:45.838] [bmv2] [D] [thread 91747] [241.0] [cxt 0] Table 'MyIngress.ipv6_lpm': miss
[00:40:45.838] [bmv2] [D] [thread 91747] [241.0] [cxt 0] Action entry is NoAction - 
[00:40:45.838] [bmv2] [T] [thread 91747] [241.0] [cxt 0] Action NoAction
[00:40:45.838] [bmv2] [D] [thread 91747] [241.0] [cxt 0] Pipeline 'ingress': end
[00:40:45.838] [bmv2] [D] [thread 91747] [241.0] [cxt 0] Egress port is 0
[00:40:45.838] [bmv2] [D] [thread 91748] [241.0] [cxt 0] Pipeline 'egress': start
[00:40:45.838] [bmv2] [T] [thread 91748] [241.0] [cxt 0] basic.p4(684) Condition "standard_metadata.mcast_grp != 0" (node_28) is false
[00:40:45.838] [bmv2] [D] [thread 91748] [241.0] [cxt 0] Pipeline 'egress': end
[00:40:45.838] [bmv2] [D] [thread 91748] [241.0] [cxt 0] Deparser 'deparser': start
[00:40:45.838] [bmv2] [T] [thread 91748] [241.0] [cxt 0] Skipping checksum 'cksum' update because condition not met
[00:40:45.838] [bmv2] [D] [thread 91748] [241.0] [cxt 0] Deparsing header 'ethernet'
[00:40:45.838] [bmv2] [D] [thread 91748] [241.0] [cxt 0] Deparsing header 'ipv6'
[00:40:45.838] [bmv2] [D] [thread 91748] [241.0] [cxt 0] Deparser 'deparser': end
[00:40:45.839] [bmv2] [D] [thread 91752] [241.0] [cxt 0] Transmitting packet of size 70 out of port 0
[00:40:49.934] [bmv2] [D] [thread 91747] [242.0] [cxt 0] Processing packet received on port 4
[00:40:49.934] [bmv2] [D] [thread 91747] [242.0] [cxt 0] Parser 'parser': start
[00:40:49.934] [bmv2] [D] [thread 91747] [242.0] [cxt 0] Parser 'parser' entering state 'start'
[00:40:49.934] [bmv2] [D] [thread 91747] [242.0] [cxt 0] Extracting header 'ethernet'
[00:40:49.934] [bmv2] [D] [thread 91747] [242.0] [cxt 0] Parser state 'start': key is 86dd
[00:40:49.934] [bmv2] [T] [thread 91747] [242.0] [cxt 0] Bytes parsed: 14
[00:40:49.934] [bmv2] [D] [thread 91747] [242.0] [cxt 0] Parser 'parser' entering state 'parse_ipv6'
[00:40:49.934] [bmv2] [D] [thread 91747] [242.0] [cxt 0] Extracting header 'ipv6'
[00:40:49.934] [bmv2] [D] [thread 91747] [242.0] [cxt 0] Parser state 'parse_ipv6': key is 3a
[00:40:49.934] [bmv2] [T] [thread 91747] [242.0] [cxt 0] Bytes parsed: 54
[00:40:49.934] [bmv2] [D] [thread 91747] [242.0] [cxt 0] Parser 'parser': end
[00:40:49.934] [bmv2] [D] [thread 91747] [242.0] [cxt 0] Pipeline 'ingress': start
[00:40:49.934] [bmv2] [T] [thread 91747] [242.0] [cxt 0] basic.p4(560) Condition "hdr.ethernet.etherType == TYPE_ARP" (node_2) is false
[00:40:49.934] [bmv2] [T] [thread 91747] [242.0] [cxt 0] basic.p4(563) Condition "hdr.ethernet.etherType == TYPE_SRCROUTING" (node_4) is false
[00:40:49.934] [bmv2] [T] [thread 91747] [242.0] [cxt 0] basic.p4(576) Condition "hdr.ethernet.etherType == TYPE_YEQUDESU" (node_12) is false
[00:40:49.934] [bmv2] [T] [thread 91747] [242.0] [cxt 0] basic.p4(582) Condition "hdr.vxlan.isValid()" (node_15) is false
[00:40:49.934] [bmv2] [T] [thread 91747] [242.0] [cxt 0] basic.p4(586) Condition "hdr.ipv6.isValid()" (node_17) is true
[00:40:49.934] [bmv2] [T] [thread 91747] [242.0] [cxt 0] Applying table 'MyIngress.ipv6_lpm'
[00:40:49.934] [bmv2] [D] [thread 91747] [242.0] [cxt 0] Looking up key:
* hdr.ipv6.dstAddr    : ff020000000000000000000000000002

[00:40:49.934] [bmv2] [D] [thread 91747] [242.0] [cxt 0] Table 'MyIngress.ipv6_lpm': miss
[00:40:49.934] [bmv2] [D] [thread 91747] [242.0] [cxt 0] Action entry is NoAction - 
[00:40:49.934] [bmv2] [T] [thread 91747] [242.0] [cxt 0] Action NoAction
[00:40:49.934] [bmv2] [D] [thread 91747] [242.0] [cxt 0] Pipeline 'ingress': end
[00:40:49.934] [bmv2] [D] [thread 91747] [242.0] [cxt 0] Egress port is 0
[00:40:49.935] [bmv2] [D] [thread 91748] [242.0] [cxt 0] Pipeline 'egress': start
[00:40:49.935] [bmv2] [T] [thread 91748] [242.0] [cxt 0] basic.p4(684) Condition "standard_metadata.mcast_grp != 0" (node_28) is false
[00:40:49.935] [bmv2] [D] [thread 91748] [242.0] [cxt 0] Pipeline 'egress': end
[00:40:49.935] [bmv2] [D] [thread 91748] [242.0] [cxt 0] Deparser 'deparser': start
[00:40:49.935] [bmv2] [T] [thread 91748] [242.0] [cxt 0] Skipping checksum 'cksum' update because condition not met
[00:40:49.935] [bmv2] [D] [thread 91748] [242.0] [cxt 0] Deparsing header 'ethernet'
[00:40:49.935] [bmv2] [D] [thread 91748] [242.0] [cxt 0] Deparsing header 'ipv6'
[00:40:49.935] [bmv2] [D] [thread 91748] [242.0] [cxt 0] Deparser 'deparser': end
[00:40:49.935] [bmv2] [D] [thread 91752] [242.0] [cxt 0] Transmitting packet of size 70 out of port 0
[00:40:54.903] [bmv2] [D] [thread 91747] [243.0] [cxt 0] Processing packet received on port 2
[00:40:54.903] [bmv2] [D] [thread 91747] [243.0] [cxt 0] Parser 'parser': start
[00:40:54.903] [bmv2] [D] [thread 91747] [243.0] [cxt 0] Parser 'parser' entering state 'start'
[00:40:54.903] [bmv2] [D] [thread 91747] [243.0] [cxt 0] Extracting header 'ethernet'
[00:40:54.904] [bmv2] [D] [thread 91747] [243.0] [cxt 0] Parser state 'start': key is 86dd
[00:40:54.904] [bmv2] [T] [thread 91747] [243.0] [cxt 0] Bytes parsed: 14
[00:40:54.904] [bmv2] [D] [thread 91747] [243.0] [cxt 0] Parser 'parser' entering state 'parse_ipv6'
[00:40:54.904] [bmv2] [D] [thread 91747] [243.0] [cxt 0] Extracting header 'ipv6'
[00:40:54.904] [bmv2] [D] [thread 91747] [243.0] [cxt 0] Parser state 'parse_ipv6': key is 11
[00:40:54.904] [bmv2] [T] [thread 91747] [243.0] [cxt 0] Bytes parsed: 54
[00:40:54.904] [bmv2] [D] [thread 91747] [243.0] [cxt 0] Parser 'parser': end
[00:40:54.904] [bmv2] [D] [thread 91747] [243.0] [cxt 0] Pipeline 'ingress': start
[00:40:54.904] [bmv2] [T] [thread 91747] [243.0] [cxt 0] basic.p4(560) Condition "hdr.ethernet.etherType == TYPE_ARP" (node_2) is false
[00:40:54.904] [bmv2] [T] [thread 91747] [243.0] [cxt 0] basic.p4(563) Condition "hdr.ethernet.etherType == TYPE_SRCROUTING" (node_4) is false
[00:40:54.904] [bmv2] [T] [thread 91747] [243.0] [cxt 0] basic.p4(576) Condition "hdr.ethernet.etherType == TYPE_YEQUDESU" (node_12) is false
[00:40:54.904] [bmv2] [T] [thread 91747] [243.0] [cxt 0] basic.p4(582) Condition "hdr.vxlan.isValid()" (node_15) is false
[00:40:54.904] [bmv2] [T] [thread 91747] [243.0] [cxt 0] basic.p4(586) Condition "hdr.ipv6.isValid()" (node_17) is true
[00:40:54.904] [bmv2] [T] [thread 91747] [243.0] [cxt 0] Applying table 'MyIngress.ipv6_lpm'
[00:40:54.904] [bmv2] [D] [thread 91747] [243.0] [cxt 0] Looking up key:
* hdr.ipv6.dstAddr    : ff0200000000000000000000000000fb

[00:40:54.904] [bmv2] [D] [thread 91747] [243.0] [cxt 0] Table 'MyIngress.ipv6_lpm': miss
[00:40:54.904] [bmv2] [D] [thread 91747] [243.0] [cxt 0] Action entry is NoAction - 
[00:40:54.904] [bmv2] [T] [thread 91747] [243.0] [cxt 0] Action NoAction
[00:40:54.904] [bmv2] [D] [thread 91747] [243.0] [cxt 0] Pipeline 'ingress': end
[00:40:54.904] [bmv2] [D] [thread 91747] [243.0] [cxt 0] Egress port is 0
[00:40:54.904] [bmv2] [D] [thread 91748] [243.0] [cxt 0] Pipeline 'egress': start
[00:40:54.904] [bmv2] [T] [thread 91748] [243.0] [cxt 0] basic.p4(684) Condition "standard_metadata.mcast_grp != 0" (node_28) is false
[00:40:54.904] [bmv2] [D] [thread 91748] [243.0] [cxt 0] Pipeline 'egress': end
[00:40:54.904] [bmv2] [D] [thread 91748] [243.0] [cxt 0] Deparser 'deparser': start
[00:40:54.904] [bmv2] [T] [thread 91748] [243.0] [cxt 0] Skipping checksum 'cksum' update because condition not met
[00:40:54.904] [bmv2] [D] [thread 91748] [243.0] [cxt 0] Deparsing header 'ethernet'
[00:40:54.904] [bmv2] [D] [thread 91748] [243.0] [cxt 0] Deparsing header 'ipv6'
[00:40:54.904] [bmv2] [D] [thread 91748] [243.0] [cxt 0] Deparser 'deparser': end
[00:40:54.904] [bmv2] [D] [thread 91752] [243.0] [cxt 0] Transmitting packet of size 203 out of port 0
[00:40:54.929] [bmv2] [D] [thread 91747] [244.0] [cxt 0] Processing packet received on port 3
[00:40:54.929] [bmv2] [D] [thread 91747] [244.0] [cxt 0] Parser 'parser': start
[00:40:54.929] [bmv2] [D] [thread 91747] [244.0] [cxt 0] Parser 'parser' entering state 'start'
[00:40:54.929] [bmv2] [D] [thread 91747] [244.0] [cxt 0] Extracting header 'ethernet'
[00:40:54.929] [bmv2] [D] [thread 91747] [244.0] [cxt 0] Parser state 'start': key is 86dd
[00:40:54.929] [bmv2] [T] [thread 91747] [244.0] [cxt 0] Bytes parsed: 14
[00:40:54.929] [bmv2] [D] [thread 91747] [244.0] [cxt 0] Parser 'parser' entering state 'parse_ipv6'
[00:40:54.929] [bmv2] [D] [thread 91747] [244.0] [cxt 0] Extracting header 'ipv6'
[00:40:54.929] [bmv2] [D] [thread 91747] [244.0] [cxt 0] Parser state 'parse_ipv6': key is 11
[00:40:54.929] [bmv2] [T] [thread 91747] [244.0] [cxt 0] Bytes parsed: 54
[00:40:54.929] [bmv2] [D] [thread 91747] [244.0] [cxt 0] Parser 'parser': end
[00:40:54.930] [bmv2] [D] [thread 91747] [244.0] [cxt 0] Pipeline 'ingress': start
[00:40:54.930] [bmv2] [T] [thread 91747] [244.0] [cxt 0] basic.p4(560) Condition "hdr.ethernet.etherType == TYPE_ARP" (node_2) is false
[00:40:54.930] [bmv2] [T] [thread 91747] [244.0] [cxt 0] basic.p4(563) Condition "hdr.ethernet.etherType == TYPE_SRCROUTING" (node_4) is false
[00:40:54.930] [bmv2] [T] [thread 91747] [244.0] [cxt 0] basic.p4(576) Condition "hdr.ethernet.etherType == TYPE_YEQUDESU" (node_12) is false
[00:40:54.930] [bmv2] [T] [thread 91747] [244.0] [cxt 0] basic.p4(582) Condition "hdr.vxlan.isValid()" (node_15) is false
[00:40:54.930] [bmv2] [T] [thread 91747] [244.0] [cxt 0] basic.p4(586) Condition "hdr.ipv6.isValid()" (node_17) is true
[00:40:54.930] [bmv2] [T] [thread 91747] [244.0] [cxt 0] Applying table 'MyIngress.ipv6_lpm'
[00:40:54.930] [bmv2] [D] [thread 91747] [244.0] [cxt 0] Looking up key:
* hdr.ipv6.dstAddr    : ff0200000000000000000000000000fb

[00:40:54.930] [bmv2] [D] [thread 91747] [244.0] [cxt 0] Table 'MyIngress.ipv6_lpm': miss
[00:40:54.930] [bmv2] [D] [thread 91747] [244.0] [cxt 0] Action entry is NoAction - 
[00:40:54.930] [bmv2] [T] [thread 91747] [244.0] [cxt 0] Action NoAction
[00:40:54.930] [bmv2] [D] [thread 91747] [244.0] [cxt 0] Pipeline 'ingress': end
[00:40:54.930] [bmv2] [D] [thread 91747] [244.0] [cxt 0] Egress port is 0
[00:40:54.930] [bmv2] [D] [thread 91748] [244.0] [cxt 0] Pipeline 'egress': start
[00:40:54.930] [bmv2] [T] [thread 91748] [244.0] [cxt 0] basic.p4(684) Condition "standard_metadata.mcast_grp != 0" (node_28) is false
[00:40:54.930] [bmv2] [D] [thread 91748] [244.0] [cxt 0] Pipeline 'egress': end
[00:40:54.930] [bmv2] [D] [thread 91748] [244.0] [cxt 0] Deparser 'deparser': start
[00:40:54.930] [bmv2] [T] [thread 91748] [244.0] [cxt 0] Skipping checksum 'cksum' update because condition not met
[00:40:54.930] [bmv2] [D] [thread 91748] [244.0] [cxt 0] Deparsing header 'ethernet'
[00:40:54.930] [bmv2] [D] [thread 91748] [244.0] [cxt 0] Deparsing header 'ipv6'
[00:40:54.930] [bmv2] [D] [thread 91748] [244.0] [cxt 0] Deparser 'deparser': end
[00:40:54.930] [bmv2] [D] [thread 91752] [244.0] [cxt 0] Transmitting packet of size 203 out of port 0
[00:40:54.997] [bmv2] [D] [thread 91747] [245.0] [cxt 0] Processing packet received on port 5
[00:40:54.997] [bmv2] [D] [thread 91747] [245.0] [cxt 0] Parser 'parser': start
[00:40:54.997] [bmv2] [D] [thread 91747] [245.0] [cxt 0] Parser 'parser' entering state 'start'
[00:40:54.997] [bmv2] [D] [thread 91747] [245.0] [cxt 0] Extracting header 'ethernet'
[00:40:54.997] [bmv2] [D] [thread 91747] [245.0] [cxt 0] Parser state 'start': key is 86dd
[00:40:54.997] [bmv2] [T] [thread 91747] [245.0] [cxt 0] Bytes parsed: 14
[00:40:54.997] [bmv2] [D] [thread 91747] [245.0] [cxt 0] Parser 'parser' entering state 'parse_ipv6'
[00:40:54.997] [bmv2] [D] [thread 91747] [245.0] [cxt 0] Extracting header 'ipv6'
[00:40:54.997] [bmv2] [D] [thread 91747] [245.0] [cxt 0] Parser state 'parse_ipv6': key is 11
[00:40:54.997] [bmv2] [T] [thread 91747] [245.0] [cxt 0] Bytes parsed: 54
[00:40:54.997] [bmv2] [D] [thread 91747] [245.0] [cxt 0] Parser 'parser': end
[00:40:54.997] [bmv2] [D] [thread 91747] [245.0] [cxt 0] Pipeline 'ingress': start
[00:40:54.997] [bmv2] [T] [thread 91747] [245.0] [cxt 0] basic.p4(560) Condition "hdr.ethernet.etherType == TYPE_ARP" (node_2) is false
[00:40:54.997] [bmv2] [T] [thread 91747] [245.0] [cxt 0] basic.p4(563) Condition "hdr.ethernet.etherType == TYPE_SRCROUTING" (node_4) is false
[00:40:54.997] [bmv2] [T] [thread 91747] [245.0] [cxt 0] basic.p4(576) Condition "hdr.ethernet.etherType == TYPE_YEQUDESU" (node_12) is false
[00:40:54.997] [bmv2] [T] [thread 91747] [245.0] [cxt 0] basic.p4(582) Condition "hdr.vxlan.isValid()" (node_15) is false
[00:40:54.997] [bmv2] [T] [thread 91747] [245.0] [cxt 0] basic.p4(586) Condition "hdr.ipv6.isValid()" (node_17) is true
[00:40:54.997] [bmv2] [T] [thread 91747] [245.0] [cxt 0] Applying table 'MyIngress.ipv6_lpm'
[00:40:54.997] [bmv2] [D] [thread 91747] [245.0] [cxt 0] Looking up key:
* hdr.ipv6.dstAddr    : ff0200000000000000000000000000fb

[00:40:54.997] [bmv2] [D] [thread 91747] [245.0] [cxt 0] Table 'MyIngress.ipv6_lpm': miss
[00:40:54.997] [bmv2] [D] [thread 91747] [245.0] [cxt 0] Action entry is NoAction - 
[00:40:54.997] [bmv2] [T] [thread 91747] [245.0] [cxt 0] Action NoAction
[00:40:54.997] [bmv2] [D] [thread 91747] [245.0] [cxt 0] Pipeline 'ingress': end
[00:40:54.997] [bmv2] [D] [thread 91747] [245.0] [cxt 0] Egress port is 0
[00:40:54.997] [bmv2] [D] [thread 91747] [246.0] [cxt 0] Processing packet received on port 4
[00:40:54.997] [bmv2] [D] [thread 91747] [246.0] [cxt 0] Parser 'parser': start
[00:40:54.997] [bmv2] [D] [thread 91747] [246.0] [cxt 0] Parser 'parser' entering state 'start'
[00:40:54.997] [bmv2] [D] [thread 91747] [246.0] [cxt 0] Extracting header 'ethernet'
[00:40:54.997] [bmv2] [D] [thread 91747] [246.0] [cxt 0] Parser state 'start': key is 86dd
[00:40:54.997] [bmv2] [T] [thread 91747] [246.0] [cxt 0] Bytes parsed: 14
[00:40:54.997] [bmv2] [D] [thread 91747] [246.0] [cxt 0] Parser 'parser' entering state 'parse_ipv6'
[00:40:54.997] [bmv2] [D] [thread 91747] [246.0] [cxt 0] Extracting header 'ipv6'
[00:40:54.997] [bmv2] [D] [thread 91747] [246.0] [cxt 0] Parser state 'parse_ipv6': key is 11
[00:40:54.997] [bmv2] [D] [thread 91748] [245.0] [cxt 0] Pipeline 'egress': start
[00:40:54.997] [bmv2] [T] [thread 91748] [245.0] [cxt 0] basic.p4(684) Condition "standard_metadata.mcast_grp != 0" (node_28) is false
[00:40:54.997] [bmv2] [D] [thread 91748] [245.0] [cxt 0] Pipeline 'egress': end
[00:40:54.997] [bmv2] [D] [thread 91748] [245.0] [cxt 0] Deparser 'deparser': start
[00:40:54.997] [bmv2] [T] [thread 91748] [245.0] [cxt 0] Skipping checksum 'cksum' update because condition not met
[00:40:54.997] [bmv2] [D] [thread 91748] [245.0] [cxt 0] Deparsing header 'ethernet'
[00:40:54.997] [bmv2] [D] [thread 91748] [245.0] [cxt 0] Deparsing header 'ipv6'
[00:40:54.997] [bmv2] [D] [thread 91748] [245.0] [cxt 0] Deparser 'deparser': end
[00:40:54.997] [bmv2] [T] [thread 91747] [246.0] [cxt 0] Bytes parsed: 54
[00:40:54.997] [bmv2] [D] [thread 91747] [246.0] [cxt 0] Parser 'parser': end
[00:40:54.997] [bmv2] [D] [thread 91747] [246.0] [cxt 0] Pipeline 'ingress': start
[00:40:54.997] [bmv2] [T] [thread 91747] [246.0] [cxt 0] basic.p4(560) Condition "hdr.ethernet.etherType == TYPE_ARP" (node_2) is false
[00:40:54.997] [bmv2] [T] [thread 91747] [246.0] [cxt 0] basic.p4(563) Condition "hdr.ethernet.etherType == TYPE_SRCROUTING" (node_4) is false
[00:40:54.997] [bmv2] [T] [thread 91747] [246.0] [cxt 0] basic.p4(576) Condition "hdr.ethernet.etherType == TYPE_YEQUDESU" (node_12) is false
[00:40:54.997] [bmv2] [T] [thread 91747] [246.0] [cxt 0] basic.p4(582) Condition "hdr.vxlan.isValid()" (node_15) is false
[00:40:54.997] [bmv2] [T] [thread 91747] [246.0] [cxt 0] basic.p4(586) Condition "hdr.ipv6.isValid()" (node_17) is true
[00:40:54.997] [bmv2] [T] [thread 91747] [246.0] [cxt 0] Applying table 'MyIngress.ipv6_lpm'
[00:40:54.997] [bmv2] [D] [thread 91747] [246.0] [cxt 0] Looking up key:
* hdr.ipv6.dstAddr    : ff0200000000000000000000000000fb

[00:40:54.997] [bmv2] [D] [thread 91747] [246.0] [cxt 0] Table 'MyIngress.ipv6_lpm': miss
[00:40:54.997] [bmv2] [D] [thread 91752] [245.0] [cxt 0] Transmitting packet of size 203 out of port 0
[00:40:54.997] [bmv2] [D] [thread 91747] [246.0] [cxt 0] Action entry is NoAction - 
[00:40:54.997] [bmv2] [T] [thread 91747] [246.0] [cxt 0] Action NoAction
[00:40:54.997] [bmv2] [D] [thread 91747] [246.0] [cxt 0] Pipeline 'ingress': end
[00:40:54.997] [bmv2] [D] [thread 91747] [246.0] [cxt 0] Egress port is 0
[00:40:54.997] [bmv2] [D] [thread 91748] [246.0] [cxt 0] Pipeline 'egress': start
[00:40:54.997] [bmv2] [T] [thread 91748] [246.0] [cxt 0] basic.p4(684) Condition "standard_metadata.mcast_grp != 0" (node_28) is false
[00:40:54.997] [bmv2] [D] [thread 91748] [246.0] [cxt 0] Pipeline 'egress': end
[00:40:54.997] [bmv2] [D] [thread 91748] [246.0] [cxt 0] Deparser 'deparser': start
[00:40:54.997] [bmv2] [T] [thread 91748] [246.0] [cxt 0] Skipping checksum 'cksum' update because condition not met
[00:40:54.997] [bmv2] [D] [thread 91748] [246.0] [cxt 0] Deparsing header 'ethernet'
[00:40:54.997] [bmv2] [D] [thread 91748] [246.0] [cxt 0] Deparsing header 'ipv6'
[00:40:54.997] [bmv2] [D] [thread 91748] [246.0] [cxt 0] Deparser 'deparser': end
[00:40:54.997] [bmv2] [D] [thread 91752] [246.0] [cxt 0] Transmitting packet of size 203 out of port 0
[00:40:55.252] [bmv2] [D] [thread 91747] [247.0] [cxt 0] Processing packet received on port 2
[00:40:55.252] [bmv2] [D] [thread 91747] [247.0] [cxt 0] Parser 'parser': start
[00:40:55.252] [bmv2] [D] [thread 91747] [247.0] [cxt 0] Parser 'parser' entering state 'start'
[00:40:55.252] [bmv2] [D] [thread 91747] [247.0] [cxt 0] Extracting header 'ethernet'
[00:40:55.252] [bmv2] [D] [thread 91747] [247.0] [cxt 0] Parser state 'start': key is 86dd
[00:40:55.252] [bmv2] [T] [thread 91747] [247.0] [cxt 0] Bytes parsed: 14
[00:40:55.252] [bmv2] [D] [thread 91747] [247.0] [cxt 0] Parser 'parser' entering state 'parse_ipv6'
[00:40:55.252] [bmv2] [D] [thread 91747] [247.0] [cxt 0] Extracting header 'ipv6'
[00:40:55.252] [bmv2] [D] [thread 91747] [247.0] [cxt 0] Parser state 'parse_ipv6': key is 11
[00:40:55.252] [bmv2] [T] [thread 91747] [247.0] [cxt 0] Bytes parsed: 54
[00:40:55.252] [bmv2] [D] [thread 91747] [247.0] [cxt 0] Parser 'parser': end
[00:40:55.252] [bmv2] [D] [thread 91747] [247.0] [cxt 0] Pipeline 'ingress': start
[00:40:55.253] [bmv2] [T] [thread 91747] [247.0] [cxt 0] basic.p4(560) Condition "hdr.ethernet.etherType == TYPE_ARP" (node_2) is false
[00:40:55.253] [bmv2] [T] [thread 91747] [247.0] [cxt 0] basic.p4(563) Condition "hdr.ethernet.etherType == TYPE_SRCROUTING" (node_4) is false
[00:40:55.253] [bmv2] [T] [thread 91747] [247.0] [cxt 0] basic.p4(576) Condition "hdr.ethernet.etherType == TYPE_YEQUDESU" (node_12) is false
[00:40:55.253] [bmv2] [T] [thread 91747] [247.0] [cxt 0] basic.p4(582) Condition "hdr.vxlan.isValid()" (node_15) is false
[00:40:55.253] [bmv2] [T] [thread 91747] [247.0] [cxt 0] basic.p4(586) Condition "hdr.ipv6.isValid()" (node_17) is true
[00:40:55.253] [bmv2] [T] [thread 91747] [247.0] [cxt 0] Applying table 'MyIngress.ipv6_lpm'
[00:40:55.253] [bmv2] [D] [thread 91747] [247.0] [cxt 0] Looking up key:
* hdr.ipv6.dstAddr    : ff0200000000000000000000000000fb

[00:40:55.253] [bmv2] [D] [thread 91747] [247.0] [cxt 0] Table 'MyIngress.ipv6_lpm': miss
[00:40:55.253] [bmv2] [D] [thread 91747] [247.0] [cxt 0] Action entry is NoAction - 
[00:40:55.253] [bmv2] [T] [thread 91747] [247.0] [cxt 0] Action NoAction
[00:40:55.253] [bmv2] [D] [thread 91747] [247.0] [cxt 0] Pipeline 'ingress': end
[00:40:55.253] [bmv2] [D] [thread 91747] [247.0] [cxt 0] Egress port is 0
[00:40:55.253] [bmv2] [D] [thread 91748] [247.0] [cxt 0] Pipeline 'egress': start
[00:40:55.253] [bmv2] [T] [thread 91748] [247.0] [cxt 0] basic.p4(684) Condition "standard_metadata.mcast_grp != 0" (node_28) is false
[00:40:55.253] [bmv2] [D] [thread 91748] [247.0] [cxt 0] Pipeline 'egress': end
[00:40:55.253] [bmv2] [D] [thread 91748] [247.0] [cxt 0] Deparser 'deparser': start
[00:40:55.253] [bmv2] [T] [thread 91748] [247.0] [cxt 0] Skipping checksum 'cksum' update because condition not met
[00:40:55.253] [bmv2] [D] [thread 91748] [247.0] [cxt 0] Deparsing header 'ethernet'
[00:40:55.253] [bmv2] [D] [thread 91748] [247.0] [cxt 0] Deparsing header 'ipv6'
[00:40:55.253] [bmv2] [D] [thread 91748] [247.0] [cxt 0] Deparser 'deparser': end
[00:40:55.253] [bmv2] [D] [thread 91752] [247.0] [cxt 0] Transmitting packet of size 203 out of port 0
[00:40:55.442] [bmv2] [D] [thread 91747] [248.0] [cxt 0] Processing packet received on port 5
[00:40:55.442] [bmv2] [D] [thread 91747] [248.0] [cxt 0] Parser 'parser': start
[00:40:55.442] [bmv2] [D] [thread 91747] [248.0] [cxt 0] Parser 'parser' entering state 'start'
[00:40:55.442] [bmv2] [D] [thread 91747] [248.0] [cxt 0] Extracting header 'ethernet'
[00:40:55.442] [bmv2] [D] [thread 91747] [248.0] [cxt 0] Parser state 'start': key is 86dd
[00:40:55.442] [bmv2] [T] [thread 91747] [248.0] [cxt 0] Bytes parsed: 14
[00:40:55.442] [bmv2] [D] [thread 91747] [248.0] [cxt 0] Parser 'parser' entering state 'parse_ipv6'
[00:40:55.442] [bmv2] [D] [thread 91747] [248.0] [cxt 0] Extracting header 'ipv6'
[00:40:55.442] [bmv2] [D] [thread 91747] [248.0] [cxt 0] Parser state 'parse_ipv6': key is 11
[00:40:55.442] [bmv2] [T] [thread 91747] [248.0] [cxt 0] Bytes parsed: 54
[00:40:55.442] [bmv2] [D] [thread 91747] [248.0] [cxt 0] Parser 'parser': end
[00:40:55.442] [bmv2] [D] [thread 91747] [248.0] [cxt 0] Pipeline 'ingress': start
[00:40:55.442] [bmv2] [T] [thread 91747] [248.0] [cxt 0] basic.p4(560) Condition "hdr.ethernet.etherType == TYPE_ARP" (node_2) is false
[00:40:55.442] [bmv2] [T] [thread 91747] [248.0] [cxt 0] basic.p4(563) Condition "hdr.ethernet.etherType == TYPE_SRCROUTING" (node_4) is false
[00:40:55.442] [bmv2] [T] [thread 91747] [248.0] [cxt 0] basic.p4(576) Condition "hdr.ethernet.etherType == TYPE_YEQUDESU" (node_12) is false
[00:40:55.442] [bmv2] [T] [thread 91747] [248.0] [cxt 0] basic.p4(582) Condition "hdr.vxlan.isValid()" (node_15) is false
[00:40:55.442] [bmv2] [T] [thread 91747] [248.0] [cxt 0] basic.p4(586) Condition "hdr.ipv6.isValid()" (node_17) is true
[00:40:55.442] [bmv2] [T] [thread 91747] [248.0] [cxt 0] Applying table 'MyIngress.ipv6_lpm'
[00:40:55.442] [bmv2] [D] [thread 91747] [248.0] [cxt 0] Looking up key:
* hdr.ipv6.dstAddr    : ff0200000000000000000000000000fb

[00:40:55.442] [bmv2] [D] [thread 91747] [248.0] [cxt 0] Table 'MyIngress.ipv6_lpm': miss
[00:40:55.442] [bmv2] [D] [thread 91747] [248.0] [cxt 0] Action entry is NoAction - 
[00:40:55.442] [bmv2] [T] [thread 91747] [248.0] [cxt 0] Action NoAction
[00:40:55.442] [bmv2] [D] [thread 91747] [248.0] [cxt 0] Pipeline 'ingress': end
[00:40:55.442] [bmv2] [D] [thread 91747] [248.0] [cxt 0] Egress port is 0
[00:40:55.442] [bmv2] [D] [thread 91748] [248.0] [cxt 0] Pipeline 'egress': start
[00:40:55.442] [bmv2] [T] [thread 91748] [248.0] [cxt 0] basic.p4(684) Condition "standard_metadata.mcast_grp != 0" (node_28) is false
[00:40:55.442] [bmv2] [D] [thread 91748] [248.0] [cxt 0] Pipeline 'egress': end
[00:40:55.442] [bmv2] [D] [thread 91748] [248.0] [cxt 0] Deparser 'deparser': start
[00:40:55.442] [bmv2] [T] [thread 91748] [248.0] [cxt 0] Skipping checksum 'cksum' update because condition not met
[00:40:55.442] [bmv2] [D] [thread 91748] [248.0] [cxt 0] Deparsing header 'ethernet'
[00:40:55.442] [bmv2] [D] [thread 91748] [248.0] [cxt 0] Deparsing header 'ipv6'
[00:40:55.442] [bmv2] [D] [thread 91748] [248.0] [cxt 0] Deparser 'deparser': end
[00:40:55.442] [bmv2] [D] [thread 91752] [248.0] [cxt 0] Transmitting packet of size 203 out of port 0
[00:40:55.507] [bmv2] [D] [thread 91747] [249.0] [cxt 0] Processing packet received on port 4
[00:40:55.507] [bmv2] [D] [thread 91747] [249.0] [cxt 0] Parser 'parser': start
[00:40:55.507] [bmv2] [D] [thread 91747] [249.0] [cxt 0] Parser 'parser' entering state 'start'
[00:40:55.507] [bmv2] [D] [thread 91747] [249.0] [cxt 0] Extracting header 'ethernet'
[00:40:55.507] [bmv2] [D] [thread 91747] [249.0] [cxt 0] Parser state 'start': key is 86dd
[00:40:55.507] [bmv2] [T] [thread 91747] [249.0] [cxt 0] Bytes parsed: 14
[00:40:55.507] [bmv2] [D] [thread 91747] [249.0] [cxt 0] Parser 'parser' entering state 'parse_ipv6'
[00:40:55.507] [bmv2] [D] [thread 91747] [249.0] [cxt 0] Extracting header 'ipv6'
[00:40:55.507] [bmv2] [D] [thread 91747] [249.0] [cxt 0] Parser state 'parse_ipv6': key is 11
[00:40:55.507] [bmv2] [T] [thread 91747] [249.0] [cxt 0] Bytes parsed: 54
[00:40:55.507] [bmv2] [D] [thread 91747] [249.0] [cxt 0] Parser 'parser': end
[00:40:55.507] [bmv2] [D] [thread 91747] [249.0] [cxt 0] Pipeline 'ingress': start
[00:40:55.507] [bmv2] [T] [thread 91747] [249.0] [cxt 0] basic.p4(560) Condition "hdr.ethernet.etherType == TYPE_ARP" (node_2) is false
[00:40:55.507] [bmv2] [T] [thread 91747] [249.0] [cxt 0] basic.p4(563) Condition "hdr.ethernet.etherType == TYPE_SRCROUTING" (node_4) is false
[00:40:55.507] [bmv2] [T] [thread 91747] [249.0] [cxt 0] basic.p4(576) Condition "hdr.ethernet.etherType == TYPE_YEQUDESU" (node_12) is false
[00:40:55.507] [bmv2] [T] [thread 91747] [249.0] [cxt 0] basic.p4(582) Condition "hdr.vxlan.isValid()" (node_15) is false
[00:40:55.507] [bmv2] [T] [thread 91747] [249.0] [cxt 0] basic.p4(586) Condition "hdr.ipv6.isValid()" (node_17) is true
[00:40:55.507] [bmv2] [T] [thread 91747] [249.0] [cxt 0] Applying table 'MyIngress.ipv6_lpm'
[00:40:55.507] [bmv2] [D] [thread 91747] [249.0] [cxt 0] Looking up key:
* hdr.ipv6.dstAddr    : ff0200000000000000000000000000fb

[00:40:55.507] [bmv2] [D] [thread 91747] [249.0] [cxt 0] Table 'MyIngress.ipv6_lpm': miss
[00:40:55.507] [bmv2] [D] [thread 91747] [249.0] [cxt 0] Action entry is NoAction - 
[00:40:55.507] [bmv2] [T] [thread 91747] [249.0] [cxt 0] Action NoAction
[00:40:55.507] [bmv2] [D] [thread 91747] [249.0] [cxt 0] Pipeline 'ingress': end
[00:40:55.507] [bmv2] [D] [thread 91747] [249.0] [cxt 0] Egress port is 0
[00:40:55.507] [bmv2] [D] [thread 91748] [249.0] [cxt 0] Pipeline 'egress': start
[00:40:55.507] [bmv2] [T] [thread 91748] [249.0] [cxt 0] basic.p4(684) Condition "standard_metadata.mcast_grp != 0" (node_28) is false
[00:40:55.507] [bmv2] [D] [thread 91748] [249.0] [cxt 0] Pipeline 'egress': end
[00:40:55.507] [bmv2] [D] [thread 91748] [249.0] [cxt 0] Deparser 'deparser': start
[00:40:55.507] [bmv2] [T] [thread 91748] [249.0] [cxt 0] Skipping checksum 'cksum' update because condition not met
[00:40:55.507] [bmv2] [D] [thread 91748] [249.0] [cxt 0] Deparsing header 'ethernet'
[00:40:55.507] [bmv2] [D] [thread 91748] [249.0] [cxt 0] Deparsing header 'ipv6'
[00:40:55.507] [bmv2] [D] [thread 91748] [249.0] [cxt 0] Deparser 'deparser': end
[00:40:55.507] [bmv2] [D] [thread 91752] [249.0] [cxt 0] Transmitting packet of size 203 out of port 0
[00:40:55.572] [bmv2] [D] [thread 91747] [250.0] [cxt 0] Processing packet received on port 1
[00:40:55.572] [bmv2] [D] [thread 91747] [250.0] [cxt 0] Parser 'parser': start
[00:40:55.572] [bmv2] [D] [thread 91747] [250.0] [cxt 0] Parser 'parser' entering state 'start'
[00:40:55.572] [bmv2] [D] [thread 91747] [250.0] [cxt 0] Extracting header 'ethernet'
[00:40:55.572] [bmv2] [D] [thread 91747] [250.0] [cxt 0] Parser state 'start': key is 86dd
[00:40:55.572] [bmv2] [T] [thread 91747] [250.0] [cxt 0] Bytes parsed: 14
[00:40:55.572] [bmv2] [D] [thread 91747] [250.0] [cxt 0] Parser 'parser' entering state 'parse_ipv6'
[00:40:55.572] [bmv2] [D] [thread 91747] [250.0] [cxt 0] Extracting header 'ipv6'
[00:40:55.572] [bmv2] [D] [thread 91747] [250.0] [cxt 0] Parser state 'parse_ipv6': key is 11
[00:40:55.572] [bmv2] [T] [thread 91747] [250.0] [cxt 0] Bytes parsed: 54
[00:40:55.572] [bmv2] [D] [thread 91747] [250.0] [cxt 0] Parser 'parser': end
[00:40:55.572] [bmv2] [D] [thread 91747] [250.0] [cxt 0] Pipeline 'ingress': start
[00:40:55.572] [bmv2] [T] [thread 91747] [250.0] [cxt 0] basic.p4(560) Condition "hdr.ethernet.etherType == TYPE_ARP" (node_2) is false
[00:40:55.572] [bmv2] [T] [thread 91747] [250.0] [cxt 0] basic.p4(563) Condition "hdr.ethernet.etherType == TYPE_SRCROUTING" (node_4) is false
[00:40:55.572] [bmv2] [T] [thread 91747] [250.0] [cxt 0] basic.p4(576) Condition "hdr.ethernet.etherType == TYPE_YEQUDESU" (node_12) is false
[00:40:55.572] [bmv2] [T] [thread 91747] [250.0] [cxt 0] basic.p4(582) Condition "hdr.vxlan.isValid()" (node_15) is false
[00:40:55.572] [bmv2] [T] [thread 91747] [250.0] [cxt 0] basic.p4(586) Condition "hdr.ipv6.isValid()" (node_17) is true
[00:40:55.572] [bmv2] [T] [thread 91747] [250.0] [cxt 0] Applying table 'MyIngress.ipv6_lpm'
[00:40:55.572] [bmv2] [D] [thread 91747] [250.0] [cxt 0] Looking up key:
* hdr.ipv6.dstAddr    : ff0200000000000000000000000000fb

[00:40:55.572] [bmv2] [D] [thread 91747] [250.0] [cxt 0] Table 'MyIngress.ipv6_lpm': miss
[00:40:55.572] [bmv2] [D] [thread 91747] [250.0] [cxt 0] Action entry is NoAction - 
[00:40:55.572] [bmv2] [T] [thread 91747] [250.0] [cxt 0] Action NoAction
[00:40:55.572] [bmv2] [D] [thread 91747] [250.0] [cxt 0] Pipeline 'ingress': end
[00:40:55.572] [bmv2] [D] [thread 91747] [250.0] [cxt 0] Egress port is 0
[00:40:55.572] [bmv2] [D] [thread 91748] [250.0] [cxt 0] Pipeline 'egress': start
[00:40:55.572] [bmv2] [T] [thread 91748] [250.0] [cxt 0] basic.p4(684) Condition "standard_metadata.mcast_grp != 0" (node_28) is false
[00:40:55.572] [bmv2] [D] [thread 91748] [250.0] [cxt 0] Pipeline 'egress': end
[00:40:55.572] [bmv2] [D] [thread 91748] [250.0] [cxt 0] Deparser 'deparser': start
[00:40:55.572] [bmv2] [T] [thread 91748] [250.0] [cxt 0] Skipping checksum 'cksum' update because condition not met
[00:40:55.572] [bmv2] [D] [thread 91748] [250.0] [cxt 0] Deparsing header 'ethernet'
[00:40:55.572] [bmv2] [D] [thread 91748] [250.0] [cxt 0] Deparsing header 'ipv6'
[00:40:55.572] [bmv2] [D] [thread 91748] [250.0] [cxt 0] Deparser 'deparser': end
[00:40:55.572] [bmv2] [D] [thread 91752] [250.0] [cxt 0] Transmitting packet of size 203 out of port 0
[00:40:55.634] [bmv2] [D] [thread 91747] [251.0] [cxt 0] Processing packet received on port 3
[00:40:55.634] [bmv2] [D] [thread 91747] [251.0] [cxt 0] Parser 'parser': start
[00:40:55.634] [bmv2] [D] [thread 91747] [251.0] [cxt 0] Parser 'parser' entering state 'start'
[00:40:55.634] [bmv2] [D] [thread 91747] [251.0] [cxt 0] Extracting header 'ethernet'
[00:40:55.634] [bmv2] [D] [thread 91747] [251.0] [cxt 0] Parser state 'start': key is 86dd
[00:40:55.634] [bmv2] [T] [thread 91747] [251.0] [cxt 0] Bytes parsed: 14
[00:40:55.634] [bmv2] [D] [thread 91747] [251.0] [cxt 0] Parser 'parser' entering state 'parse_ipv6'
[00:40:55.634] [bmv2] [D] [thread 91747] [251.0] [cxt 0] Extracting header 'ipv6'
[00:40:55.634] [bmv2] [D] [thread 91747] [251.0] [cxt 0] Parser state 'parse_ipv6': key is 11
[00:40:55.634] [bmv2] [T] [thread 91747] [251.0] [cxt 0] Bytes parsed: 54
[00:40:55.634] [bmv2] [D] [thread 91747] [251.0] [cxt 0] Parser 'parser': end
[00:40:55.634] [bmv2] [D] [thread 91747] [251.0] [cxt 0] Pipeline 'ingress': start
[00:40:55.634] [bmv2] [T] [thread 91747] [251.0] [cxt 0] basic.p4(560) Condition "hdr.ethernet.etherType == TYPE_ARP" (node_2) is false
[00:40:55.634] [bmv2] [T] [thread 91747] [251.0] [cxt 0] basic.p4(563) Condition "hdr.ethernet.etherType == TYPE_SRCROUTING" (node_4) is false
[00:40:55.634] [bmv2] [T] [thread 91747] [251.0] [cxt 0] basic.p4(576) Condition "hdr.ethernet.etherType == TYPE_YEQUDESU" (node_12) is false
[00:40:55.634] [bmv2] [T] [thread 91747] [251.0] [cxt 0] basic.p4(582) Condition "hdr.vxlan.isValid()" (node_15) is false
[00:40:55.634] [bmv2] [T] [thread 91747] [251.0] [cxt 0] basic.p4(586) Condition "hdr.ipv6.isValid()" (node_17) is true
[00:40:55.634] [bmv2] [T] [thread 91747] [251.0] [cxt 0] Applying table 'MyIngress.ipv6_lpm'
[00:40:55.634] [bmv2] [D] [thread 91747] [251.0] [cxt 0] Looking up key:
* hdr.ipv6.dstAddr    : ff0200000000000000000000000000fb

[00:40:55.634] [bmv2] [D] [thread 91747] [251.0] [cxt 0] Table 'MyIngress.ipv6_lpm': miss
[00:40:55.634] [bmv2] [D] [thread 91747] [251.0] [cxt 0] Action entry is NoAction - 
[00:40:55.634] [bmv2] [T] [thread 91747] [251.0] [cxt 0] Action NoAction
[00:40:55.634] [bmv2] [D] [thread 91747] [251.0] [cxt 0] Pipeline 'ingress': end
[00:40:55.634] [bmv2] [D] [thread 91747] [251.0] [cxt 0] Egress port is 0
[00:40:55.634] [bmv2] [D] [thread 91748] [251.0] [cxt 0] Pipeline 'egress': start
[00:40:55.634] [bmv2] [T] [thread 91748] [251.0] [cxt 0] basic.p4(684) Condition "standard_metadata.mcast_grp != 0" (node_28) is false
[00:40:55.634] [bmv2] [D] [thread 91748] [251.0] [cxt 0] Pipeline 'egress': end
[00:40:55.634] [bmv2] [D] [thread 91748] [251.0] [cxt 0] Deparser 'deparser': start
[00:40:55.634] [bmv2] [T] [thread 91748] [251.0] [cxt 0] Skipping checksum 'cksum' update because condition not met
[00:40:55.634] [bmv2] [D] [thread 91748] [251.0] [cxt 0] Deparsing header 'ethernet'
[00:40:55.634] [bmv2] [D] [thread 91748] [251.0] [cxt 0] Deparsing header 'ipv6'
[00:40:55.634] [bmv2] [D] [thread 91748] [251.0] [cxt 0] Deparser 'deparser': end
[00:40:55.634] [bmv2] [D] [thread 91752] [251.0] [cxt 0] Transmitting packet of size 203 out of port 0
[00:41:06.317] [bmv2] [D] [thread 91747] [252.0] [cxt 0] Processing packet received on port 3
[00:41:06.317] [bmv2] [D] [thread 91747] [252.0] [cxt 0] Parser 'parser': start
[00:41:06.317] [bmv2] [D] [thread 91747] [252.0] [cxt 0] Parser 'parser' entering state 'start'
[00:41:06.317] [bmv2] [D] [thread 91747] [252.0] [cxt 0] Extracting header 'ethernet'
[00:41:06.317] [bmv2] [D] [thread 91747] [252.0] [cxt 0] Parser state 'start': key is 86dd
[00:41:06.318] [bmv2] [T] [thread 91747] [252.0] [cxt 0] Bytes parsed: 14
[00:41:06.318] [bmv2] [D] [thread 91747] [252.0] [cxt 0] Parser 'parser' entering state 'parse_ipv6'
[00:41:06.318] [bmv2] [D] [thread 91747] [252.0] [cxt 0] Extracting header 'ipv6'
[00:41:06.318] [bmv2] [D] [thread 91747] [252.0] [cxt 0] Parser state 'parse_ipv6': key is 3a
[00:41:06.318] [bmv2] [T] [thread 91747] [252.0] [cxt 0] Bytes parsed: 54
[00:41:06.318] [bmv2] [D] [thread 91747] [252.0] [cxt 0] Parser 'parser': end
[00:41:06.318] [bmv2] [D] [thread 91747] [252.0] [cxt 0] Pipeline 'ingress': start
[00:41:06.318] [bmv2] [T] [thread 91747] [252.0] [cxt 0] basic.p4(560) Condition "hdr.ethernet.etherType == TYPE_ARP" (node_2) is false
[00:41:06.318] [bmv2] [T] [thread 91747] [252.0] [cxt 0] basic.p4(563) Condition "hdr.ethernet.etherType == TYPE_SRCROUTING" (node_4) is false
[00:41:06.318] [bmv2] [T] [thread 91747] [252.0] [cxt 0] basic.p4(576) Condition "hdr.ethernet.etherType == TYPE_YEQUDESU" (node_12) is false
[00:41:06.318] [bmv2] [T] [thread 91747] [252.0] [cxt 0] basic.p4(582) Condition "hdr.vxlan.isValid()" (node_15) is false
[00:41:06.318] [bmv2] [T] [thread 91747] [252.0] [cxt 0] basic.p4(586) Condition "hdr.ipv6.isValid()" (node_17) is true
[00:41:06.318] [bmv2] [T] [thread 91747] [252.0] [cxt 0] Applying table 'MyIngress.ipv6_lpm'
[00:41:06.318] [bmv2] [D] [thread 91747] [252.0] [cxt 0] Looking up key:
* hdr.ipv6.dstAddr    : ff020000000000000000000000000002

[00:41:06.318] [bmv2] [D] [thread 91747] [252.0] [cxt 0] Table 'MyIngress.ipv6_lpm': miss
[00:41:06.318] [bmv2] [D] [thread 91747] [252.0] [cxt 0] Action entry is NoAction - 
[00:41:06.318] [bmv2] [T] [thread 91747] [252.0] [cxt 0] Action NoAction
[00:41:06.318] [bmv2] [D] [thread 91747] [252.0] [cxt 0] Pipeline 'ingress': end
[00:41:06.318] [bmv2] [D] [thread 91747] [252.0] [cxt 0] Egress port is 0
[00:41:06.318] [bmv2] [D] [thread 91748] [252.0] [cxt 0] Pipeline 'egress': start
[00:41:06.318] [bmv2] [T] [thread 91748] [252.0] [cxt 0] basic.p4(684) Condition "standard_metadata.mcast_grp != 0" (node_28) is false
[00:41:06.318] [bmv2] [D] [thread 91748] [252.0] [cxt 0] Pipeline 'egress': end
[00:41:06.318] [bmv2] [D] [thread 91748] [252.0] [cxt 0] Deparser 'deparser': start
[00:41:06.318] [bmv2] [T] [thread 91748] [252.0] [cxt 0] Skipping checksum 'cksum' update because condition not met
[00:41:06.318] [bmv2] [D] [thread 91748] [252.0] [cxt 0] Deparsing header 'ethernet'
[00:41:06.318] [bmv2] [D] [thread 91748] [252.0] [cxt 0] Deparsing header 'ipv6'
[00:41:06.318] [bmv2] [D] [thread 91748] [252.0] [cxt 0] Deparser 'deparser': end
[00:41:06.318] [bmv2] [D] [thread 91752] [252.0] [cxt 0] Transmitting packet of size 70 out of port 0
[00:41:10.414] [bmv2] [D] [thread 91747] [253.0] [cxt 0] Processing packet received on port 1
[00:41:10.414] [bmv2] [D] [thread 91747] [253.0] [cxt 0] Parser 'parser': start
[00:41:10.414] [bmv2] [D] [thread 91747] [253.0] [cxt 0] Parser 'parser' entering state 'start'
[00:41:10.414] [bmv2] [D] [thread 91747] [253.0] [cxt 0] Extracting header 'ethernet'
[00:41:10.414] [bmv2] [D] [thread 91747] [253.0] [cxt 0] Parser state 'start': key is 86dd
[00:41:10.414] [bmv2] [T] [thread 91747] [253.0] [cxt 0] Bytes parsed: 14
[00:41:10.414] [bmv2] [D] [thread 91747] [253.0] [cxt 0] Parser 'parser' entering state 'parse_ipv6'
[00:41:10.414] [bmv2] [D] [thread 91747] [253.0] [cxt 0] Extracting header 'ipv6'
[00:41:10.414] [bmv2] [D] [thread 91747] [253.0] [cxt 0] Parser state 'parse_ipv6': key is 3a
[00:41:10.414] [bmv2] [T] [thread 91747] [253.0] [cxt 0] Bytes parsed: 54
[00:41:10.414] [bmv2] [D] [thread 91747] [253.0] [cxt 0] Parser 'parser': end
[00:41:10.414] [bmv2] [D] [thread 91747] [253.0] [cxt 0] Pipeline 'ingress': start
[00:41:10.414] [bmv2] [T] [thread 91747] [253.0] [cxt 0] basic.p4(560) Condition "hdr.ethernet.etherType == TYPE_ARP" (node_2) is false
[00:41:10.414] [bmv2] [T] [thread 91747] [253.0] [cxt 0] basic.p4(563) Condition "hdr.ethernet.etherType == TYPE_SRCROUTING" (node_4) is false
[00:41:10.414] [bmv2] [T] [thread 91747] [253.0] [cxt 0] basic.p4(576) Condition "hdr.ethernet.etherType == TYPE_YEQUDESU" (node_12) is false
[00:41:10.414] [bmv2] [T] [thread 91747] [253.0] [cxt 0] basic.p4(582) Condition "hdr.vxlan.isValid()" (node_15) is false
[00:41:10.414] [bmv2] [T] [thread 91747] [253.0] [cxt 0] basic.p4(586) Condition "hdr.ipv6.isValid()" (node_17) is true
[00:41:10.414] [bmv2] [T] [thread 91747] [253.0] [cxt 0] Applying table 'MyIngress.ipv6_lpm'
[00:41:10.414] [bmv2] [D] [thread 91747] [253.0] [cxt 0] Looking up key:
* hdr.ipv6.dstAddr    : ff020000000000000000000000000002

[00:41:10.414] [bmv2] [D] [thread 91747] [253.0] [cxt 0] Table 'MyIngress.ipv6_lpm': miss
[00:41:10.414] [bmv2] [D] [thread 91747] [253.0] [cxt 0] Action entry is NoAction - 
[00:41:10.414] [bmv2] [T] [thread 91747] [253.0] [cxt 0] Action NoAction
[00:41:10.414] [bmv2] [D] [thread 91747] [253.0] [cxt 0] Pipeline 'ingress': end
[00:41:10.414] [bmv2] [D] [thread 91747] [253.0] [cxt 0] Egress port is 0
[00:41:10.414] [bmv2] [D] [thread 91748] [253.0] [cxt 0] Pipeline 'egress': start
[00:41:10.414] [bmv2] [T] [thread 91748] [253.0] [cxt 0] basic.p4(684) Condition "standard_metadata.mcast_grp != 0" (node_28) is false
[00:41:10.414] [bmv2] [D] [thread 91748] [253.0] [cxt 0] Pipeline 'egress': end
[00:41:10.414] [bmv2] [D] [thread 91748] [253.0] [cxt 0] Deparser 'deparser': start
[00:41:10.414] [bmv2] [T] [thread 91748] [253.0] [cxt 0] Skipping checksum 'cksum' update because condition not met
[00:41:10.414] [bmv2] [D] [thread 91748] [253.0] [cxt 0] Deparsing header 'ethernet'
[00:41:10.414] [bmv2] [D] [thread 91748] [253.0] [cxt 0] Deparsing header 'ipv6'
[00:41:10.414] [bmv2] [D] [thread 91748] [253.0] [cxt 0] Deparser 'deparser': end
[00:41:10.414] [bmv2] [D] [thread 91752] [253.0] [cxt 0] Transmitting packet of size 70 out of port 0
[00:41:26.798] [bmv2] [D] [thread 91747] [254.0] [cxt 0] Processing packet received on port 2
[00:41:26.798] [bmv2] [D] [thread 91747] [254.0] [cxt 0] Parser 'parser': start
[00:41:26.798] [bmv2] [D] [thread 91747] [254.0] [cxt 0] Parser 'parser' entering state 'start'
[00:41:26.798] [bmv2] [D] [thread 91747] [254.0] [cxt 0] Extracting header 'ethernet'
[00:41:26.798] [bmv2] [D] [thread 91747] [254.0] [cxt 0] Parser state 'start': key is 86dd
[00:41:26.798] [bmv2] [T] [thread 91747] [254.0] [cxt 0] Bytes parsed: 14
[00:41:26.798] [bmv2] [D] [thread 91747] [254.0] [cxt 0] Parser 'parser' entering state 'parse_ipv6'
[00:41:26.798] [bmv2] [D] [thread 91747] [254.0] [cxt 0] Extracting header 'ipv6'
[00:41:26.798] [bmv2] [D] [thread 91747] [254.0] [cxt 0] Parser state 'parse_ipv6': key is 3a
[00:41:26.798] [bmv2] [T] [thread 91747] [254.0] [cxt 0] Bytes parsed: 54
[00:41:26.798] [bmv2] [D] [thread 91747] [254.0] [cxt 0] Parser 'parser': end
[00:41:26.798] [bmv2] [D] [thread 91747] [254.0] [cxt 0] Pipeline 'ingress': start
[00:41:26.798] [bmv2] [T] [thread 91747] [254.0] [cxt 0] basic.p4(560) Condition "hdr.ethernet.etherType == TYPE_ARP" (node_2) is false
[00:41:26.798] [bmv2] [T] [thread 91747] [254.0] [cxt 0] basic.p4(563) Condition "hdr.ethernet.etherType == TYPE_SRCROUTING" (node_4) is false
[00:41:26.798] [bmv2] [T] [thread 91747] [254.0] [cxt 0] basic.p4(576) Condition "hdr.ethernet.etherType == TYPE_YEQUDESU" (node_12) is false
[00:41:26.798] [bmv2] [T] [thread 91747] [254.0] [cxt 0] basic.p4(582) Condition "hdr.vxlan.isValid()" (node_15) is false
[00:41:26.798] [bmv2] [T] [thread 91747] [254.0] [cxt 0] basic.p4(586) Condition "hdr.ipv6.isValid()" (node_17) is true
[00:41:26.798] [bmv2] [T] [thread 91747] [254.0] [cxt 0] Applying table 'MyIngress.ipv6_lpm'
[00:41:26.798] [bmv2] [D] [thread 91747] [254.0] [cxt 0] Looking up key:
* hdr.ipv6.dstAddr    : ff020000000000000000000000000002

[00:41:26.798] [bmv2] [D] [thread 91747] [254.0] [cxt 0] Table 'MyIngress.ipv6_lpm': miss
[00:41:26.798] [bmv2] [D] [thread 91747] [254.0] [cxt 0] Action entry is NoAction - 
[00:41:26.798] [bmv2] [T] [thread 91747] [254.0] [cxt 0] Action NoAction
[00:41:26.798] [bmv2] [D] [thread 91747] [254.0] [cxt 0] Pipeline 'ingress': end
[00:41:26.798] [bmv2] [D] [thread 91747] [254.0] [cxt 0] Egress port is 0
[00:41:26.798] [bmv2] [D] [thread 91748] [254.0] [cxt 0] Pipeline 'egress': start
[00:41:26.798] [bmv2] [T] [thread 91748] [254.0] [cxt 0] basic.p4(684) Condition "standard_metadata.mcast_grp != 0" (node_28) is false
[00:41:26.798] [bmv2] [D] [thread 91748] [254.0] [cxt 0] Pipeline 'egress': end
[00:41:26.798] [bmv2] [D] [thread 91748] [254.0] [cxt 0] Deparser 'deparser': start
[00:41:26.798] [bmv2] [T] [thread 91748] [254.0] [cxt 0] Skipping checksum 'cksum' update because condition not met
[00:41:26.798] [bmv2] [D] [thread 91748] [254.0] [cxt 0] Deparsing header 'ethernet'
[00:41:26.798] [bmv2] [D] [thread 91748] [254.0] [cxt 0] Deparsing header 'ipv6'
[00:41:26.798] [bmv2] [D] [thread 91748] [254.0] [cxt 0] Deparser 'deparser': end
[00:41:26.798] [bmv2] [D] [thread 91752] [254.0] [cxt 0] Transmitting packet of size 70 out of port 0
[00:41:30.893] [bmv2] [D] [thread 91747] [255.0] [cxt 0] Processing packet received on port 3
[00:41:30.893] [bmv2] [D] [thread 91747] [255.0] [cxt 0] Parser 'parser': start
[00:41:30.893] [bmv2] [D] [thread 91747] [255.0] [cxt 0] Parser 'parser' entering state 'start'
[00:41:30.893] [bmv2] [D] [thread 91747] [255.0] [cxt 0] Extracting header 'ethernet'
[00:41:30.893] [bmv2] [D] [thread 91747] [255.0] [cxt 0] Parser state 'start': key is 86dd
[00:41:30.893] [bmv2] [T] [thread 91747] [255.0] [cxt 0] Bytes parsed: 14
[00:41:30.893] [bmv2] [D] [thread 91747] [255.0] [cxt 0] Parser 'parser' entering state 'parse_ipv6'
[00:41:30.893] [bmv2] [D] [thread 91747] [255.0] [cxt 0] Extracting header 'ipv6'
[00:41:30.893] [bmv2] [D] [thread 91747] [255.0] [cxt 0] Parser state 'parse_ipv6': key is 3a
[00:41:30.893] [bmv2] [T] [thread 91747] [255.0] [cxt 0] Bytes parsed: 54
[00:41:30.893] [bmv2] [D] [thread 91747] [255.0] [cxt 0] Parser 'parser': end
[00:41:30.894] [bmv2] [D] [thread 91747] [255.0] [cxt 0] Pipeline 'ingress': start
[00:41:30.894] [bmv2] [T] [thread 91747] [255.0] [cxt 0] basic.p4(560) Condition "hdr.ethernet.etherType == TYPE_ARP" (node_2) is false
[00:41:30.894] [bmv2] [T] [thread 91747] [255.0] [cxt 0] basic.p4(563) Condition "hdr.ethernet.etherType == TYPE_SRCROUTING" (node_4) is false
[00:41:30.894] [bmv2] [T] [thread 91747] [255.0] [cxt 0] basic.p4(576) Condition "hdr.ethernet.etherType == TYPE_YEQUDESU" (node_12) is false
[00:41:30.894] [bmv2] [T] [thread 91747] [255.0] [cxt 0] basic.p4(582) Condition "hdr.vxlan.isValid()" (node_15) is false
[00:41:30.894] [bmv2] [T] [thread 91747] [255.0] [cxt 0] basic.p4(586) Condition "hdr.ipv6.isValid()" (node_17) is true
[00:41:30.894] [bmv2] [T] [thread 91747] [255.0] [cxt 0] Applying table 'MyIngress.ipv6_lpm'
[00:41:30.894] [bmv2] [D] [thread 91747] [255.0] [cxt 0] Looking up key:
* hdr.ipv6.dstAddr    : ff020000000000000000000000000002

[00:41:30.894] [bmv2] [D] [thread 91747] [255.0] [cxt 0] Table 'MyIngress.ipv6_lpm': miss
[00:41:30.894] [bmv2] [D] [thread 91747] [255.0] [cxt 0] Action entry is NoAction - 
[00:41:30.894] [bmv2] [T] [thread 91747] [255.0] [cxt 0] Action NoAction
[00:41:30.894] [bmv2] [D] [thread 91747] [255.0] [cxt 0] Pipeline 'ingress': end
[00:41:30.894] [bmv2] [D] [thread 91747] [255.0] [cxt 0] Egress port is 0
[00:41:30.894] [bmv2] [D] [thread 91747] [256.0] [cxt 0] Processing packet received on port 4
[00:41:30.894] [bmv2] [D] [thread 91747] [256.0] [cxt 0] Parser 'parser': start
[00:41:30.894] [bmv2] [D] [thread 91747] [256.0] [cxt 0] Parser 'parser' entering state 'start'
[00:41:30.894] [bmv2] [D] [thread 91747] [256.0] [cxt 0] Extracting header 'ethernet'
[00:41:30.894] [bmv2] [D] [thread 91747] [256.0] [cxt 0] Parser state 'start': key is 86dd
[00:41:30.894] [bmv2] [T] [thread 91747] [256.0] [cxt 0] Bytes parsed: 14
[00:41:30.894] [bmv2] [D] [thread 91747] [256.0] [cxt 0] Parser 'parser' entering state 'parse_ipv6'
[00:41:30.894] [bmv2] [D] [thread 91747] [256.0] [cxt 0] Extracting header 'ipv6'
[00:41:30.894] [bmv2] [D] [thread 91747] [256.0] [cxt 0] Parser state 'parse_ipv6': key is 3a
[00:41:30.894] [bmv2] [T] [thread 91747] [256.0] [cxt 0] Bytes parsed: 54
[00:41:30.894] [bmv2] [D] [thread 91747] [256.0] [cxt 0] Parser 'parser': end
[00:41:30.894] [bmv2] [D] [thread 91747] [256.0] [cxt 0] Pipeline 'ingress': start
[00:41:30.894] [bmv2] [T] [thread 91747] [256.0] [cxt 0] basic.p4(560) Condition "hdr.ethernet.etherType == TYPE_ARP" (node_2) is false
[00:41:30.894] [bmv2] [T] [thread 91747] [256.0] [cxt 0] basic.p4(563) Condition "hdr.ethernet.etherType == TYPE_SRCROUTING" (node_4) is false
[00:41:30.894] [bmv2] [T] [thread 91747] [256.0] [cxt 0] basic.p4(576) Condition "hdr.ethernet.etherType == TYPE_YEQUDESU" (node_12) is false
[00:41:30.894] [bmv2] [T] [thread 91747] [256.0] [cxt 0] basic.p4(582) Condition "hdr.vxlan.isValid()" (node_15) is false
[00:41:30.894] [bmv2] [T] [thread 91747] [256.0] [cxt 0] basic.p4(586) Condition "hdr.ipv6.isValid()" (node_17) is true
[00:41:30.894] [bmv2] [T] [thread 91747] [256.0] [cxt 0] Applying table 'MyIngress.ipv6_lpm'
[00:41:30.894] [bmv2] [D] [thread 91747] [256.0] [cxt 0] Looking up key:
* hdr.ipv6.dstAddr    : ff020000000000000000000000000002

[00:41:30.894] [bmv2] [D] [thread 91747] [256.0] [cxt 0] Table 'MyIngress.ipv6_lpm': miss
[00:41:30.894] [bmv2] [D] [thread 91747] [256.0] [cxt 0] Action entry is NoAction - 
[00:41:30.894] [bmv2] [T] [thread 91747] [256.0] [cxt 0] Action NoAction
[00:41:30.894] [bmv2] [D] [thread 91747] [256.0] [cxt 0] Pipeline 'ingress': end
[00:41:30.894] [bmv2] [D] [thread 91747] [256.0] [cxt 0] Egress port is 0
[00:41:30.894] [bmv2] [D] [thread 91748] [255.0] [cxt 0] Pipeline 'egress': start
[00:41:30.894] [bmv2] [T] [thread 91748] [255.0] [cxt 0] basic.p4(684) Condition "standard_metadata.mcast_grp != 0" (node_28) is false
[00:41:30.894] [bmv2] [D] [thread 91748] [255.0] [cxt 0] Pipeline 'egress': end
[00:41:30.894] [bmv2] [D] [thread 91748] [255.0] [cxt 0] Deparser 'deparser': start
[00:41:30.894] [bmv2] [T] [thread 91748] [255.0] [cxt 0] Skipping checksum 'cksum' update because condition not met
[00:41:30.894] [bmv2] [D] [thread 91748] [255.0] [cxt 0] Deparsing header 'ethernet'
[00:41:30.894] [bmv2] [D] [thread 91748] [255.0] [cxt 0] Deparsing header 'ipv6'
[00:41:30.894] [bmv2] [D] [thread 91748] [255.0] [cxt 0] Deparser 'deparser': end
[00:41:30.894] [bmv2] [D] [thread 91748] [256.0] [cxt 0] Pipeline 'egress': start
[00:41:30.894] [bmv2] [D] [thread 91752] [255.0] [cxt 0] Transmitting packet of size 70 out of port 0
[00:41:30.894] [bmv2] [T] [thread 91748] [256.0] [cxt 0] basic.p4(684) Condition "standard_metadata.mcast_grp != 0" (node_28) is false
[00:41:30.894] [bmv2] [D] [thread 91748] [256.0] [cxt 0] Pipeline 'egress': end
[00:41:30.894] [bmv2] [D] [thread 91748] [256.0] [cxt 0] Deparser 'deparser': start
[00:41:30.894] [bmv2] [T] [thread 91748] [256.0] [cxt 0] Skipping checksum 'cksum' update because condition not met
[00:41:30.894] [bmv2] [D] [thread 91748] [256.0] [cxt 0] Deparsing header 'ethernet'
[00:41:30.894] [bmv2] [D] [thread 91748] [256.0] [cxt 0] Deparsing header 'ipv6'
[00:41:30.894] [bmv2] [D] [thread 91748] [256.0] [cxt 0] Deparser 'deparser': end
[00:41:30.894] [bmv2] [D] [thread 91752] [256.0] [cxt 0] Transmitting packet of size 70 out of port 0
[00:41:32.059] [bmv2] [D] [thread 91747] [257.0] [cxt 0] Processing packet received on port 1
[00:41:32.059] [bmv2] [D] [thread 91747] [257.0] [cxt 0] Parser 'parser': start
[00:41:32.059] [bmv2] [D] [thread 91747] [257.0] [cxt 0] Parser 'parser' entering state 'start'
[00:41:32.059] [bmv2] [D] [thread 91747] [257.0] [cxt 0] Extracting header 'ethernet'
[00:41:32.059] [bmv2] [D] [thread 91747] [257.0] [cxt 0] Parser state 'start': key is 0800
[00:41:32.059] [bmv2] [T] [thread 91747] [257.0] [cxt 0] Bytes parsed: 14
[00:41:32.059] [bmv2] [D] [thread 91747] [257.0] [cxt 0] Parser 'parser' entering state 'parse_ipv4'
[00:41:32.059] [bmv2] [D] [thread 91747] [257.0] [cxt 0] Extracting header 'ipv4'
[00:41:32.059] [bmv2] [D] [thread 91747] [257.0] [cxt 0] Parser state 'parse_ipv4': key is 06
[00:41:32.059] [bmv2] [T] [thread 91747] [257.0] [cxt 0] Bytes parsed: 34
[00:41:32.059] [bmv2] [D] [thread 91747] [257.0] [cxt 0] Parser 'parser': end
[00:41:32.059] [bmv2] [D] [thread 91747] [257.0] [cxt 0] Pipeline 'ingress': start
[00:41:32.059] [bmv2] [T] [thread 91747] [257.0] [cxt 0] basic.p4(560) Condition "hdr.ethernet.etherType == TYPE_ARP" (node_2) is false
[00:41:32.059] [bmv2] [T] [thread 91747] [257.0] [cxt 0] basic.p4(563) Condition "hdr.ethernet.etherType == TYPE_SRCROUTING" (node_4) is false
[00:41:32.059] [bmv2] [T] [thread 91747] [257.0] [cxt 0] basic.p4(576) Condition "hdr.ethernet.etherType == TYPE_YEQUDESU" (node_12) is false
[00:41:32.059] [bmv2] [T] [thread 91747] [257.0] [cxt 0] basic.p4(582) Condition "hdr.vxlan.isValid()" (node_15) is false
[00:41:32.059] [bmv2] [T] [thread 91747] [257.0] [cxt 0] basic.p4(586) Condition "hdr.ipv6.isValid()" (node_17) is false
[00:41:32.059] [bmv2] [T] [thread 91747] [257.0] [cxt 0] basic.p4(590) Condition "hdr.ipv4.isValid()" (node_19) is true
[00:41:32.059] [bmv2] [T] [thread 91747] [257.0] [cxt 0] basic.p4(592) Condition "hdr.udp.isValid() && hdr.udp.dstPort == VXLAN_PORT" (node_20) is false
[00:41:32.059] [bmv2] [T] [thread 91747] [257.0] [cxt 0] Applying table 'MyIngress.modality_schedule'
[00:41:32.059] [bmv2] [D] [thread 91747] [257.0] [cxt 0] Looking up key:
* hdr.ipv4.dstAddr    : 0a000202

[00:41:32.059] [bmv2] [D] [thread 91747] [257.0] [cxt 0] Table 'MyIngress.modality_schedule': hit with handle 0
[00:41:32.059] [bmv2] [D] [thread 91747] [257.0] [cxt 0] Dumping entry 0
Match key:
* hdr.ipv4.dstAddr    : EXACT     0a000202
Action entry: MyIngress.set_mcast_grp - 1,

[00:41:32.059] [bmv2] [D] [thread 91747] [257.0] [cxt 0] Action entry is MyIngress.set_mcast_grp - 1,
[00:41:32.059] [bmv2] [T] [thread 91747] [257.0] [cxt 0] Action MyIngress.set_mcast_grp
[00:41:32.059] [bmv2] [T] [thread 91747] [257.0] [cxt 0] basic.p4(296) Primitive standard_metadata.mcast_grp = mcast_grp
[00:41:32.059] [bmv2] [T] [thread 91747] [257.0] [cxt 0] basic.p4(297) Primitive meta.do_multimodal = 1
[00:41:32.059] [bmv2] [T] [thread 91747] [257.0] [cxt 0] basic.p4(298) Primitive hdr.ipv4.ttl = 100
[00:41:32.059] [bmv2] [T] [thread 91747] [257.0] [cxt 0] basic.p4(597) Condition "meta.do_multimodal == 0" (node_23) is false
[00:41:32.059] [bmv2] [D] [thread 91747] [257.0] [cxt 0] Pipeline 'ingress': end
[00:41:32.059] [bmv2] [D] [thread 91747] [257.0] [cxt 0] Multicast requested for packet
[00:41:32.059] [bmv2] [D] [thread 91747] number of packets replicated : 4 for MGID: 1
[00:41:32.059] [bmv2] [D] [thread 91747] [257.0] [cxt 0] Replicating packet on port 2
[00:41:32.059] [bmv2] [D] [thread 91747] [257.0] [cxt 0] Replicating packet on port 3
[00:41:32.059] [bmv2] [D] [thread 91747] [257.0] [cxt 0] Replicating packet on port 4
[00:41:32.059] [bmv2] [D] [thread 91747] [257.0] [cxt 0] Replicating packet on port 5
[00:41:32.059] [bmv2] [D] [thread 91748] [257.3] [cxt 0] Pipeline 'egress': start
[00:41:32.059] [bmv2] [T] [thread 91748] [257.3] [cxt 0] basic.p4(684) Condition "standard_metadata.mcast_grp != 0" (node_28) is true
[00:41:32.059] [bmv2] [T] [thread 91748] [257.3] [cxt 0] Applying table 'MyEgress.egress_encap_ipv6'
[00:41:32.060] [bmv2] [D] [thread 91748] [257.3] [cxt 0] Looking up key:
* standard_metadata.egress_port: 0004

[00:41:32.060] [bmv2] [D] [thread 91748] [257.3] [cxt 0] Table 'MyEgress.egress_encap_ipv6': miss
[00:41:32.060] [bmv2] [D] [thread 91748] [257.3] [cxt 0] Action entry is NoAction - 
[00:41:32.060] [bmv2] [D] [thread 91750] [257.1] [cxt 0] Pipeline 'egress': start
[00:41:32.060] [bmv2] [T] [thread 91750] [257.1] [cxt 0] basic.p4(684) Condition "standard_metadata.mcast_grp != 0" (node_28) is true
[00:41:32.060] [bmv2] [T] [thread 91750] [257.1] [cxt 0] Applying table 'MyEgress.egress_encap_ipv6'
[00:41:32.060] [bmv2] [T] [thread 91748] [257.3] [cxt 0] Action NoAction
[00:41:32.060] [bmv2] [T] [thread 91748] [257.3] [cxt 0] Applying table 'MyEgress.egress_encap_yequdesu'
[00:41:32.060] [bmv2] [D] [thread 91750] [257.1] [cxt 0] Looking up key:
* standard_metadata.egress_port: 0002

[00:41:32.060] [bmv2] [D] [thread 91748] [257.3] [cxt 0] Looking up key:
* standard_metadata.egress_port: 0004

[00:41:32.060] [bmv2] [D] [thread 91750] [257.1] [cxt 0] Table 'MyEgress.egress_encap_ipv6': miss
[00:41:32.060] [bmv2] [D] [thread 91751] [257.2] [cxt 0] Pipeline 'egress': start
[00:41:32.060] [bmv2] [D] [thread 91750] [257.1] [cxt 0] Action entry is NoAction - 
[00:41:32.060] [bmv2] [T] [thread 91751] [257.2] [cxt 0] basic.p4(684) Condition "standard_metadata.mcast_grp != 0" (node_28) is true
[00:41:32.060] [bmv2] [T] [thread 91751] [257.2] [cxt 0] Applying table 'MyEgress.egress_encap_ipv6'
[00:41:32.060] [bmv2] [T] [thread 91750] [257.1] [cxt 0] Action NoAction
[00:41:32.060] [bmv2] [D] [thread 91751] [257.2] [cxt 0] Looking up key:
* standard_metadata.egress_port: 0003

[00:41:32.060] [bmv2] [T] [thread 91750] [257.1] [cxt 0] Applying table 'MyEgress.egress_encap_yequdesu'
[00:41:32.060] [bmv2] [D] [thread 91751] [257.2] [cxt 0] Table 'MyEgress.egress_encap_ipv6': hit with handle 0
[00:41:32.060] [bmv2] [D] [thread 91750] [257.1] [cxt 0] Looking up key:
* standard_metadata.egress_port: 0002

[00:41:32.060] [bmv2] [D] [thread 91751] [257.2] [cxt 0] Dumping entry 0
Match key:
* standard_metadata.egress_port: EXACT     0003
Action entry: MyEgress.encap_ipv6_egress - 20010db8000000000000000000000001,20010db8000000000000000000000002,

[00:41:32.060] [bmv2] [D] [thread 91751] [257.2] [cxt 0] Action entry is MyEgress.encap_ipv6_egress - 20010db8000000000000000000000001,20010db8000000000000000000000002,
[00:41:32.060] [bmv2] [D] [thread 91750] [257.1] [cxt 0] Table 'MyEgress.egress_encap_yequdesu': miss
[00:41:32.060] [bmv2] [T] [thread 91751] [257.2] [cxt 0] Action MyEgress.encap_ipv6_egress
[00:41:32.060] [bmv2] [D] [thread 91750] [257.1] [cxt 0] Action entry is NoAction - 
[00:41:32.060] [bmv2] [T] [thread 91751] [257.2] [cxt 0] basic.p4(616) Primitive hdr.ipv6.setValid()
[00:41:32.060] [bmv2] [T] [thread 91750] [257.1] [cxt 0] Action NoAction
[00:41:32.060] [bmv2] [T] [thread 91751] [257.2] [cxt 0] basic.p4(617) Primitive hdr.ipv6.version = 6
[00:41:32.060] [bmv2] [T] [thread 91750] [257.1] [cxt 0] Applying table 'MyEgress.egress_encap_vxlan'
[00:41:32.060] [bmv2] [T] [thread 91751] [257.2] [cxt 0] basic.p4(618) Primitive hdr.ipv6.trafficClass = 0
[00:41:32.060] [bmv2] [T] [thread 91751] [257.2] [cxt 0] basic.p4(619) Primitive hdr.ipv6.flowLabel = 0
[00:41:32.060] [bmv2] [D] [thread 91750] [257.1] [cxt 0] Looking up key:
* standard_metadata.egress_port: 0002

[00:41:32.060] [bmv2] [D] [thread 91748] [257.3] [cxt 0] Table 'MyEgress.egress_encap_yequdesu': hit with handle 0
[00:41:32.060] [bmv2] [D] [thread 91748] [257.3] [cxt 0] Dumping entry 0
Match key:
* standard_metadata.egress_port: EXACT     0004
Action entry: MyEgress.encap_yequdesu_egress - 12c,

[00:41:32.060] [bmv2] [D] [thread 91750] [257.1] [cxt 0] Table 'MyEgress.egress_encap_vxlan': miss
[00:41:32.060] [bmv2] [D] [thread 91748] [257.3] [cxt 0] Action entry is MyEgress.encap_yequdesu_egress - 12c,
[00:41:32.060] [bmv2] [D] [thread 91750] [257.1] [cxt 0] Action entry is NoAction - 
[00:41:32.060] [bmv2] [T] [thread 91748] [257.3] [cxt 0] Action MyEgress.encap_yequdesu_egress
[00:41:32.060] [bmv2] [T] [thread 91750] [257.1] [cxt 0] Action NoAction
[00:41:32.060] [bmv2] [T] [thread 91751] [257.2] [cxt 0] basic.p4(620) Primitive hdr.ipv6.payLoadLen = hdr.ipv4.totalLen
[00:41:32.060] [bmv2] [T] [thread 91751] [257.2] [cxt 0] basic.p4(621) Primitive hdr.ipv6.nextHdr = 4
[00:41:32.060] [bmv2] [T] [thread 91751] [257.2] [cxt 0] basic.p4(622) Primitive hdr.ipv6.hopLimit = 64
[00:41:32.060] [bmv2] [T] [thread 91748] [257.3] [cxt 0] basic.p4(630) Primitive hdr.yequdesu.setValid()
[00:41:32.060] [bmv2] [T] [thread 91748] [257.3] [cxt 0] basic.p4(631) Primitive hdr.yequdesu.dst_id = dst_id
[00:41:32.060] [bmv2] [T] [thread 91748] [257.3] [cxt 0] basic.p4(632) Primitive hdr.yequdesu.proto_id = 0x800
[00:41:32.060] [bmv2] [T] [thread 91748] [257.3] [cxt 0] basic.p4(6) Primitive 0x1313; ...
[00:41:32.060] [bmv2] [T] [thread 91748] [257.3] [cxt 0] Applying table 'MyEgress.egress_encap_vxlan'
[00:41:32.060] [bmv2] [D] [thread 91748] [257.3] [cxt 0] Looking up key:
* standard_metadata.egress_port: 0004

[00:41:32.060] [bmv2] [D] [thread 91748] [257.3] [cxt 0] Table 'MyEgress.egress_encap_vxlan': miss
[00:41:32.060] [bmv2] [D] [thread 91748] [257.3] [cxt 0] Action entry is NoAction - 
[00:41:32.060] [bmv2] [T] [thread 91748] [257.3] [cxt 0] Action NoAction
[00:41:32.060] [bmv2] [D] [thread 91748] [257.3] [cxt 0] Pipeline 'egress': end
[00:41:32.060] [bmv2] [D] [thread 91748] [257.3] [cxt 0] Deparser 'deparser': start
[00:41:32.060] [bmv2] [D] [thread 91748] [257.3] [cxt 0] Updating checksum 'cksum'
[00:41:32.060] [bmv2] [D] [thread 91749] [257.4] [cxt 0] Pipeline 'egress': start
[00:41:32.060] [bmv2] [D] [thread 91748] [257.3] [cxt 0] Deparsing header 'ethernet'
[00:41:32.060] [bmv2] [T] [thread 91749] [257.4] [cxt 0] basic.p4(684) Condition "standard_metadata.mcast_grp != 0" (node_28) is true
[00:41:32.060] [bmv2] [D] [thread 91748] [257.3] [cxt 0] Deparsing header 'yequdesu'
[00:41:32.060] [bmv2] [T] [thread 91749] [257.4] [cxt 0] Applying table 'MyEgress.egress_encap_ipv6'
[00:41:32.060] [bmv2] [D] [thread 91748] [257.3] [cxt 0] Deparsing header 'ipv4'
[00:41:32.060] [bmv2] [D] [thread 91748] [257.3] [cxt 0] Deparser 'deparser': end
[00:41:32.060] [bmv2] [D] [thread 91749] [257.4] [cxt 0] Looking up key:
* standard_metadata.egress_port: 0005

[00:41:32.060] [bmv2] [D] [thread 91749] [257.4] [cxt 0] Table 'MyEgress.egress_encap_ipv6': miss
[00:41:32.060] [bmv2] [T] [thread 91751] [257.2] [cxt 0] basic.p4(623) Primitive hdr.ipv6.srcAddr = src
[00:41:32.060] [bmv2] [D] [thread 91749] [257.4] [cxt 0] Action entry is NoAction - 
[00:41:32.060] [bmv2] [T] [thread 91751] [257.2] [cxt 0] basic.p4(624) Primitive hdr.ipv6.dstAddr = dst
[00:41:32.060] [bmv2] [T] [thread 91751] [257.2] [cxt 0] basic.p4(625) Primitive hdr.ipv4.ttl = hdr.ipv4.ttl - 1
[00:41:32.060] [bmv2] [T] [thread 91749] [257.4] [cxt 0] Action NoAction
[00:41:32.060] [bmv2] [T] [thread 91749] [257.4] [cxt 0] Applying table 'MyEgress.egress_encap_yequdesu'
[00:41:32.060] [bmv2] [D] [thread 91752] [257.3] [cxt 0] Transmitting packet of size 68 out of port 4
[00:41:32.060] [bmv2] [D] [thread 91749] [257.4] [cxt 0] Looking up key:
* standard_metadata.egress_port: 0005

[00:41:32.060] [bmv2] [T] [thread 91751] [257.2] [cxt 0] basic.p4(626) Primitive hdr.ethernet.etherType = 0x86dd
[00:41:32.060] [bmv2] [D] [thread 91749] [257.4] [cxt 0] Table 'MyEgress.egress_encap_yequdesu': miss
[00:41:32.060] [bmv2] [T] [thread 91751] [257.2] [cxt 0] Applying table 'MyEgress.egress_encap_yequdesu'
[00:41:32.060] [bmv2] [D] [thread 91749] [257.4] [cxt 0] Action entry is NoAction - 
[00:41:32.060] [bmv2] [T] [thread 91749] [257.4] [cxt 0] Action NoAction
[00:41:32.060] [bmv2] [T] [thread 91749] [257.4] [cxt 0] Applying table 'MyEgress.egress_encap_vxlan'
[00:41:32.060] [bmv2] [D] [thread 91749] [257.4] [cxt 0] Looking up key:
* standard_metadata.egress_port: 0005

[00:41:32.060] [bmv2] [D] [thread 91751] [257.2] [cxt 0] Looking up key:
* standard_metadata.egress_port: 0003

[00:41:32.060] [bmv2] [D] [thread 91751] [257.2] [cxt 0] Table 'MyEgress.egress_encap_yequdesu': miss
[00:41:32.060] [bmv2] [D] [thread 91749] [257.4] [cxt 0] Table 'MyEgress.egress_encap_vxlan': hit with handle 0
[00:41:32.060] [bmv2] [D] [thread 91751] [257.2] [cxt 0] Action entry is NoAction - 
[00:41:32.060] [bmv2] [T] [thread 91751] [257.2] [cxt 0] Action NoAction
[00:41:32.060] [bmv2] [T] [thread 91751] [257.2] [cxt 0] Applying table 'MyEgress.egress_encap_vxlan'
[00:41:32.060] [bmv2] [D] [thread 91749] [257.4] [cxt 0] Dumping entry 0
Match key:
* standard_metadata.egress_port: EXACT     0005
Action entry: MyEgress.encap_vxlan_egress - 64,a00010a,a00020a,

[00:41:32.060] [bmv2] [D] [thread 91749] [257.4] [cxt 0] Action entry is MyEgress.encap_vxlan_egress - 64,a00010a,a00020a,
[00:41:32.060] [bmv2] [T] [thread 91749] [257.4] [cxt 0] Action MyEgress.encap_vxlan_egress
[00:41:32.060] [bmv2] [T] [thread 91749] [257.4] [cxt 0] basic.p4(7) Primitive 0x800; ...
[00:41:32.060] [bmv2] [D] [thread 91751] [257.2] [cxt 0] Looking up key:
* standard_metadata.egress_port: 0003

[00:41:32.060] [bmv2] [T] [thread 91749] [257.4] [cxt 0] basic.p4(639) Primitive hdr.ipv4.setValid()
[00:41:32.060] [bmv2] [T] [thread 91749] [257.4] [cxt 0] basic.p4(640) Primitive hdr.ipv4.version = 4
[00:41:32.060] [bmv2] [T] [thread 91749] [257.4] [cxt 0] basic.p4(641) Primitive hdr.ipv4.ihl = 5
[00:41:32.060] [bmv2] [T] [thread 91749] [257.4] [cxt 0] basic.p4(642) Primitive hdr.ipv4.diffserv = 0
[00:41:32.060] [bmv2] [T] [thread 91749] [257.4] [cxt 0] basic.p4(643) Primitive hdr.ipv4.totalLen = hdr.ipv4.totalLen + 50
[00:41:32.060] [bmv2] [T] [thread 91749] [257.4] [cxt 0] basic.p4(644) Primitive hdr.ipv4.identification = 0
[00:41:32.060] [bmv2] [T] [thread 91749] [257.4] [cxt 0] basic.p4(645) Primitive hdr.ipv4.flags = 0
[00:41:32.060] [bmv2] [T] [thread 91749] [257.4] [cxt 0] basic.p4(646) Primitive hdr.ipv4.fragOffset = 0
[00:41:32.060] [bmv2] [T] [thread 91749] [257.4] [cxt 0] basic.p4(647) Primitive hdr.ipv4.ttl = 64
[00:41:32.060] [bmv2] [T] [thread 91749] [257.4] [cxt 0] basic.p4(13) Primitive 17; ...
[00:41:32.060] [bmv2] [T] [thread 91749] [257.4] [cxt 0] basic.p4(649) Primitive hdr.ipv4.srcAddr = src
[00:41:32.060] [bmv2] [T] [thread 91749] [257.4] [cxt 0] basic.p4(650) Primitive hdr.ipv4.dstAddr = dst
[00:41:32.060] [bmv2] [T] [thread 91749] [257.4] [cxt 0] basic.p4(652) Primitive hdr.udp.setValid()
[00:41:32.060] [bmv2] [T] [thread 91749] [257.4] [cxt 0] basic.p4(653) Primitive hdr.udp.srcPort = 4789
[00:41:32.060] [bmv2] [T] [thread 91749] [257.4] [cxt 0] basic.p4(654) Primitive hdr.udp.dstPort = 4789
[00:41:32.060] [bmv2] [T] [thread 91749] [257.4] [cxt 0] basic.p4(655) Primitive hdr.udp.length = hdr.udp.length + 38
[00:41:32.060] [bmv2] [T] [thread 91749] [257.4] [cxt 0] basic.p4(656) Primitive hdr.udp.checksum = 0
[00:41:32.060] [bmv2] [T] [thread 91749] [257.4] [cxt 0] basic.p4(658) Primitive hdr.vxlan.setValid()
[00:41:32.060] [bmv2] [T] [thread 91749] [257.4] [cxt 0] basic.p4(659) Primitive hdr.vxlan.flags = 0x08
[00:41:32.060] [bmv2] [T] [thread 91749] [257.4] [cxt 0] basic.p4(660) Primitive hdr.vxlan.reserved1 = 0
[00:41:32.060] [bmv2] [T] [thread 91749] [257.4] [cxt 0] basic.p4(661) Primitive hdr.vxlan.vni = vni
[00:41:32.060] [bmv2] [T] [thread 91749] [257.4] [cxt 0] basic.p4(662) Primitive hdr.vxlan.reserved2 = 0
[00:41:32.060] [bmv2] [D] [thread 91751] [257.2] [cxt 0] Table 'MyEgress.egress_encap_vxlan': miss
[00:41:32.060] [bmv2] [D] [thread 91749] [257.4] [cxt 0] Pipeline 'egress': end
[00:41:32.060] [bmv2] [D] [thread 91751] [257.2] [cxt 0] Action entry is NoAction - 
[00:41:32.060] [bmv2] [T] [thread 91751] [257.2] [cxt 0] Action NoAction
[00:41:32.060] [bmv2] [D] [thread 91749] [257.4] [cxt 0] Deparser 'deparser': start
[00:41:32.060] [bmv2] [D] [thread 91750] [257.1] [cxt 0] Pipeline 'egress': end
[00:41:32.060] [bmv2] [D] [thread 91750] [257.1] [cxt 0] Deparser 'deparser': start
[00:41:32.060] [bmv2] [D] [thread 91751] [257.2] [cxt 0] Pipeline 'egress': end
[00:41:32.060] [bmv2] [D] [thread 91749] [257.4] [cxt 0] Updating checksum 'cksum'
[00:41:32.060] [bmv2] [D] [thread 91750] [257.1] [cxt 0] Updating checksum 'cksum'
[00:41:32.060] [bmv2] [D] [thread 91750] [257.1] [cxt 0] Deparsing header 'ethernet'
[00:41:32.060] [bmv2] [D] [thread 91751] [257.2] [cxt 0] Deparser 'deparser': start
[00:41:32.060] [bmv2] [D] [thread 91751] [257.2] [cxt 0] Updating checksum 'cksum'
[00:41:32.060] [bmv2] [D] [thread 91751] [257.2] [cxt 0] Deparsing header 'ethernet'
[00:41:32.060] [bmv2] [D] [thread 91751] [257.2] [cxt 0] Deparsing header 'ipv4'
[00:41:32.060] [bmv2] [D] [thread 91751] [257.2] [cxt 0] Deparsing header 'ipv6'
[00:41:32.061] [bmv2] [D] [thread 91751] [257.2] [cxt 0] Deparser 'deparser': end
[00:41:32.061] [bmv2] [D] [thread 91750] [257.1] [cxt 0] Deparsing header 'ipv4'
[00:41:32.061] [bmv2] [D] [thread 91750] [257.1] [cxt 0] Deparser 'deparser': end
[00:41:32.061] [bmv2] [D] [thread 91749] [257.4] [cxt 0] Deparsing header 'ethernet'
[00:41:32.061] [bmv2] [D] [thread 91749] [257.4] [cxt 0] Deparsing header 'ipv4'
[00:41:32.061] [bmv2] [D] [thread 91749] [257.4] [cxt 0] Deparsing header 'udp'
[00:41:32.061] [bmv2] [D] [thread 91749] [257.4] [cxt 0] Deparsing header 'vxlan'
[00:41:32.061] [bmv2] [D] [thread 91749] [257.4] [cxt 0] Deparser 'deparser': end
[00:41:32.061] [bmv2] [D] [thread 91752] [257.2] [cxt 0] Transmitting packet of size 104 out of port 3
[00:41:32.061] [bmv2] [D] [thread 91752] [257.1] [cxt 0] Transmitting packet of size 64 out of port 2
[00:41:32.061] [bmv2] [D] [thread 91752] [257.4] [cxt 0] Transmitting packet of size 80 out of port 5
[00:41:32.066] [bmv2] [D] [thread 91747] [258.0] [cxt 0] Processing packet received on port 4
[00:41:32.066] [bmv2] [D] [thread 91747] [258.0] [cxt 0] Parser 'parser': start
[00:41:32.066] [bmv2] [D] [thread 91747] [258.0] [cxt 0] Parser 'parser' entering state 'start'
[00:41:32.066] [bmv2] [D] [thread 91747] [258.0] [cxt 0] Extracting header 'ethernet'
[00:41:32.066] [bmv2] [D] [thread 91747] [258.0] [cxt 0] Parser state 'start': key is 1313
[00:41:32.066] [bmv2] [T] [thread 91747] [258.0] [cxt 0] Bytes parsed: 14
[00:41:32.066] [bmv2] [D] [thread 91747] [258.0] [cxt 0] Parser 'parser' entering state 'parse_yequdesu'
[00:41:32.066] [bmv2] [D] [thread 91747] [258.0] [cxt 0] Extracting header 'yequdesu'
[00:41:32.066] [bmv2] [D] [thread 91747] [258.0] [cxt 0] Parser state 'parse_yequdesu': key is 0800
[00:41:32.066] [bmv2] [T] [thread 91747] [258.0] [cxt 0] Bytes parsed: 18
[00:41:32.066] [bmv2] [D] [thread 91747] [258.0] [cxt 0] Parser 'parser' entering state 'parse_ipv4'
[00:41:32.066] [bmv2] [D] [thread 91747] [258.0] [cxt 0] Extracting header 'ipv4'
[00:41:32.066] [bmv2] [D] [thread 91747] [258.0] [cxt 0] Parser state 'parse_ipv4': key is 06
[00:41:32.066] [bmv2] [T] [thread 91747] [258.0] [cxt 0] Bytes parsed: 38
[00:41:32.066] [bmv2] [D] [thread 91747] [258.0] [cxt 0] Parser 'parser': end
[00:41:32.066] [bmv2] [D] [thread 91747] [258.0] [cxt 0] Pipeline 'ingress': start
[00:41:32.066] [bmv2] [T] [thread 91747] [258.0] [cxt 0] basic.p4(560) Condition "hdr.ethernet.etherType == TYPE_ARP" (node_2) is false
[00:41:32.066] [bmv2] [T] [thread 91747] [258.0] [cxt 0] basic.p4(563) Condition "hdr.ethernet.etherType == TYPE_SRCROUTING" (node_4) is false
[00:41:32.066] [bmv2] [T] [thread 91747] [258.0] [cxt 0] basic.p4(576) Condition "hdr.ethernet.etherType == TYPE_YEQUDESU" (node_12) is true
[00:41:32.066] [bmv2] [T] [thread 91747] [258.0] [cxt 0] basic.p4(578) Condition "hdr.yequdesu.isValid()" (node_13) is true
[00:41:32.066] [bmv2] [T] [thread 91747] [258.0] [cxt 0] Applying table 'MyIngress.yequdesu_exact'
[00:41:32.066] [bmv2] [D] [thread 91747] [258.0] [cxt 0] Looking up key:
* hdr.yequdesu.dst_id : 012d

[00:41:32.066] [bmv2] [D] [thread 91747] [258.0] [cxt 0] Table 'MyIngress.yequdesu_exact': hit with handle 1
[00:41:32.066] [bmv2] [D] [thread 91747] [258.0] [cxt 0] Dumping entry 1
Match key:
* hdr.yequdesu.dst_id : EXACT     012d
Action entry: MyIngress.yequdesu_egress - 80000000111,1,

[00:41:32.066] [bmv2] [D] [thread 91747] [258.0] [cxt 0] Action entry is MyIngress.yequdesu_egress - 80000000111,1,
[00:41:32.066] [bmv2] [T] [thread 91747] [258.0] [cxt 0] Action MyIngress.yequdesu_egress
[00:41:32.066] [bmv2] [T] [thread 91747] [258.0] [cxt 0] basic.p4(262) Primitive standard_metadata.egress_spec = port
[00:41:32.066] [bmv2] [T] [thread 91747] [258.0] [cxt 0] basic.p4(263) Primitive hdr.ethernet.dstAddr = dstAddr
[00:41:32.066] [bmv2] [T] [thread 91747] [258.0] [cxt 0] basic.p4(264) Primitive hdr.ethernet.etherType = hdr.yequdesu.proto_id
[00:41:32.066] [bmv2] [T] [thread 91747] [258.0] [cxt 0] basic.p4(265) Primitive hdr.yequdesu.setInvalid()
[00:41:32.066] [bmv2] [D] [thread 91747] [258.0] [cxt 0] Pipeline 'ingress': end
[00:41:32.066] [bmv2] [D] [thread 91747] [258.0] [cxt 0] Egress port is 1
[00:41:32.066] [bmv2] [D] [thread 91747] [259.0] [cxt 0] Processing packet received on port 2
[00:41:32.066] [bmv2] [D] [thread 91747] [259.0] [cxt 0] Parser 'parser': start
[00:41:32.066] [bmv2] [D] [thread 91747] [259.0] [cxt 0] Parser 'parser' entering state 'start'
[00:41:32.066] [bmv2] [D] [thread 91747] [259.0] [cxt 0] Extracting header 'ethernet'
[00:41:32.066] [bmv2] [D] [thread 91747] [259.0] [cxt 0] Parser state 'start': key is 0800
[00:41:32.066] [bmv2] [T] [thread 91747] [259.0] [cxt 0] Bytes parsed: 14
[00:41:32.066] [bmv2] [D] [thread 91747] [259.0] [cxt 0] Parser 'parser' entering state 'parse_ipv4'
[00:41:32.066] [bmv2] [D] [thread 91747] [259.0] [cxt 0] Extracting header 'ipv4'
[00:41:32.066] [bmv2] [D] [thread 91747] [259.0] [cxt 0] Parser state 'parse_ipv4': key is 06
[00:41:32.066] [bmv2] [T] [thread 91747] [259.0] [cxt 0] Bytes parsed: 34
[00:41:32.066] [bmv2] [D] [thread 91747] [259.0] [cxt 0] Parser 'parser': end
[00:41:32.066] [bmv2] [D] [thread 91747] [259.0] [cxt 0] Pipeline 'ingress': start
[00:41:32.066] [bmv2] [T] [thread 91747] [259.0] [cxt 0] basic.p4(560) Condition "hdr.ethernet.etherType == TYPE_ARP" (node_2) is false
[00:41:32.066] [bmv2] [T] [thread 91747] [259.0] [cxt 0] basic.p4(563) Condition "hdr.ethernet.etherType == TYPE_SRCROUTING" (node_4) is false
[00:41:32.066] [bmv2] [T] [thread 91747] [259.0] [cxt 0] basic.p4(576) Condition "hdr.ethernet.etherType == TYPE_YEQUDESU" (node_12) is false
[00:41:32.066] [bmv2] [T] [thread 91747] [259.0] [cxt 0] basic.p4(582) Condition "hdr.vxlan.isValid()" (node_15) is false
[00:41:32.066] [bmv2] [T] [thread 91747] [259.0] [cxt 0] basic.p4(586) Condition "hdr.ipv6.isValid()" (node_17) is false
[00:41:32.066] [bmv2] [T] [thread 91747] [259.0] [cxt 0] basic.p4(590) Condition "hdr.ipv4.isValid()" (node_19) is true
[00:41:32.066] [bmv2] [T] [thread 91747] [259.0] [cxt 0] basic.p4(592) Condition "hdr.udp.isValid() && hdr.udp.dstPort == VXLAN_PORT" (node_20) is false
[00:41:32.066] [bmv2] [T] [thread 91747] [259.0] [cxt 0] Applying table 'MyIngress.modality_schedule'
[00:41:32.066] [bmv2] [D] [thread 91747] [259.0] [cxt 0] Looking up key:
* hdr.ipv4.dstAddr    : 0a000101

[00:41:32.066] [bmv2] [D] [thread 91747] [259.0] [cxt 0] Table 'MyIngress.modality_schedule': miss
[00:41:32.066] [bmv2] [D] [thread 91747] [259.0] [cxt 0] Action entry is NoAction - 
[00:41:32.066] [bmv2] [T] [thread 91747] [259.0] [cxt 0] Action NoAction
[00:41:32.066] [bmv2] [T] [thread 91747] [259.0] [cxt 0] basic.p4(597) Condition "meta.do_multimodal == 0" (node_23) is true
[00:41:32.066] [bmv2] [T] [thread 91747] [259.0] [cxt 0] Applying table 'MyIngress.adjudication'
[00:41:32.066] [bmv2] [D] [thread 91747] [259.0] [cxt 0] Looking up key:
* hdr.ipv4.dstAddr    : 0a000101

[00:41:32.066] [bmv2] [D] [thread 91747] [259.0] [cxt 0] Table 'MyIngress.adjudication': hit with handle 0
[00:41:32.066] [bmv2] [D] [thread 91747] [259.0] [cxt 0] Dumping entry 0
Match key:
* hdr.ipv4.dstAddr    : EXACT     0a000101
Action entry: MyIngress.clone_to_cpu - 64,

[00:41:32.066] [bmv2] [D] [thread 91747] [259.0] [cxt 0] Action entry is MyIngress.clone_to_cpu - 64,
[00:41:32.066] [bmv2] [T] [thread 91747] [259.0] [cxt 0] Action MyIngress.clone_to_cpu
[00:41:32.066] [bmv2] [T] [thread 91747] [259.0] [cxt 0] basic.p4(302) Primitive clone(CloneType.I2E, session_id)
[00:41:32.066] [bmv2] [T] [thread 91747] [259.0] [cxt 0] basic.p4(232) Primitive mark_to_drop(standard_metadata)
[00:41:32.066] [bmv2] [T] [thread 91747] [259.0] [cxt 0] Applying table 'MyIngress.ipv4_lpm'
[00:41:32.066] [bmv2] [D] [thread 91747] [259.0] [cxt 0] Looking up key:
* hdr.ipv4.dstAddr    : 0a000101

[00:41:32.066] [bmv2] [D] [thread 91747] [259.0] [cxt 0] Table 'MyIngress.ipv4_lpm': hit with handle 3
[00:41:32.066] [bmv2] [D] [thread 91747] [259.0] [cxt 0] Dumping entry 3
Match key:
* hdr.ipv4.dstAddr    : LPM       0a000101/32
Action entry: MyIngress.ipv4_forward - 80000000111,1,

[00:41:32.066] [bmv2] [D] [thread 91747] [259.0] [cxt 0] Action entry is MyIngress.ipv4_forward - 80000000111,1,
[00:41:32.066] [bmv2] [T] [thread 91747] [259.0] [cxt 0] Action MyIngress.ipv4_forward
[00:41:32.066] [bmv2] [T] [thread 91747] [259.0] [cxt 0] basic.p4(236) Primitive standard_metadata.egress_spec = port
[00:41:32.066] [bmv2] [T] [thread 91747] [259.0] [cxt 0] basic.p4(237) Primitive hdr.ethernet.srcAddr = hdr.ethernet.dstAddr
[00:41:32.066] [bmv2] [T] [thread 91747] [259.0] [cxt 0] basic.p4(238) Primitive hdr.ethernet.dstAddr = dstAddr
[00:41:32.066] [bmv2] [T] [thread 91747] [259.0] [cxt 0] basic.p4(239) Primitive hdr.ipv4.ttl = hdr.ipv4.ttl - 1
[00:41:32.066] [bmv2] [D] [thread 91747] [259.0] [cxt 0] Pipeline 'ingress': end
[00:41:32.066] [bmv2] [D] [thread 91747] [259.0] [cxt 0] Cloning packet at ingress
[00:41:32.066] [bmv2] [D] [thread 91747] [259.0] [cxt 0] Egress port is 1
[00:41:32.066] [bmv2] [D] [thread 91749] [258.0] [cxt 0] Pipeline 'egress': start
[00:41:32.066] [bmv2] [T] [thread 91749] [258.0] [cxt 0] basic.p4(684) Condition "standard_metadata.mcast_grp != 0" (node_28) is false
[00:41:32.066] [bmv2] [D] [thread 91749] [258.0] [cxt 0] Pipeline 'egress': end
[00:41:32.066] [bmv2] [D] [thread 91749] [258.0] [cxt 0] Deparser 'deparser': start
[00:41:32.066] [bmv2] [D] [thread 91749] [258.0] [cxt 0] Updating checksum 'cksum'
[00:41:32.066] [bmv2] [D] [thread 91749] [258.0] [cxt 0] Deparsing header 'ethernet'
[00:41:32.066] [bmv2] [D] [thread 91749] [258.0] [cxt 0] Deparsing header 'ipv4'
[00:41:32.066] [bmv2] [D] [thread 91749] [258.0] [cxt 0] Deparser 'deparser': end
[00:41:32.066] [bmv2] [D] [thread 91749] [259.0] [cxt 0] Pipeline 'egress': start
[00:41:32.066] [bmv2] [T] [thread 91749] [259.0] [cxt 0] basic.p4(684) Condition "standard_metadata.mcast_grp != 0" (node_28) is false
[00:41:32.066] [bmv2] [D] [thread 91749] [259.0] [cxt 0] Pipeline 'egress': end
[00:41:32.066] [bmv2] [D] [thread 91749] [259.0] [cxt 0] Deparser 'deparser': start
[00:41:32.066] [bmv2] [D] [thread 91749] [259.0] [cxt 0] Updating checksum 'cksum'
[00:41:32.066] [bmv2] [D] [thread 91749] [259.0] [cxt 0] Deparsing header 'ethernet'
[00:41:32.066] [bmv2] [D] [thread 91749] [259.0] [cxt 0] Deparsing header 'ipv4'
[00:41:32.066] [bmv2] [D] [thread 91749] [259.0] [cxt 0] Deparser 'deparser': end
[00:41:32.067] [bmv2] [D] [thread 91752] [258.0] [cxt 0] Transmitting packet of size 54 out of port 1
[00:41:32.067] [bmv2] [D] [thread 91752] [259.0] [cxt 0] Transmitting packet of size 54 out of port 1
[00:41:32.069] [bmv2] [D] [thread 91747] [260.0] [cxt 0] Processing packet received on port 2
[00:41:32.069] [bmv2] [D] [thread 91747] [260.0] [cxt 0] Parser 'parser': start
[00:41:32.069] [bmv2] [D] [thread 91747] [260.0] [cxt 0] Parser 'parser' entering state 'start'
[00:41:32.069] [bmv2] [D] [thread 91747] [260.0] [cxt 0] Extracting header 'ethernet'
[00:41:32.069] [bmv2] [D] [thread 91747] [260.0] [cxt 0] Parser state 'start': key is 0800
[00:41:32.069] [bmv2] [T] [thread 91747] [260.0] [cxt 0] Bytes parsed: 14
[00:41:32.069] [bmv2] [D] [thread 91747] [260.0] [cxt 0] Parser 'parser' entering state 'parse_ipv4'
[00:41:32.069] [bmv2] [D] [thread 91747] [260.0] [cxt 0] Extracting header 'ipv4'
[00:41:32.069] [bmv2] [D] [thread 91747] [260.0] [cxt 0] Parser state 'parse_ipv4': key is 06
[00:41:32.069] [bmv2] [T] [thread 91747] [260.0] [cxt 0] Bytes parsed: 34
[00:41:32.069] [bmv2] [D] [thread 91747] [260.0] [cxt 0] Parser 'parser': end
[00:41:32.069] [bmv2] [D] [thread 91747] [260.0] [cxt 0] Pipeline 'ingress': start
[00:41:32.069] [bmv2] [T] [thread 91747] [260.0] [cxt 0] basic.p4(560) Condition "hdr.ethernet.etherType == TYPE_ARP" (node_2) is false
[00:41:32.069] [bmv2] [T] [thread 91747] [260.0] [cxt 0] basic.p4(563) Condition "hdr.ethernet.etherType == TYPE_SRCROUTING" (node_4) is false
[00:41:32.069] [bmv2] [T] [thread 91747] [260.0] [cxt 0] basic.p4(576) Condition "hdr.ethernet.etherType == TYPE_YEQUDESU" (node_12) is false
[00:41:32.069] [bmv2] [T] [thread 91747] [260.0] [cxt 0] basic.p4(582) Condition "hdr.vxlan.isValid()" (node_15) is false
[00:41:32.069] [bmv2] [T] [thread 91747] [260.0] [cxt 0] basic.p4(586) Condition "hdr.ipv6.isValid()" (node_17) is false
[00:41:32.069] [bmv2] [T] [thread 91747] [260.0] [cxt 0] basic.p4(590) Condition "hdr.ipv4.isValid()" (node_19) is true
[00:41:32.069] [bmv2] [T] [thread 91747] [260.0] [cxt 0] basic.p4(592) Condition "hdr.udp.isValid() && hdr.udp.dstPort == VXLAN_PORT" (node_20) is false
[00:41:32.069] [bmv2] [T] [thread 91747] [260.0] [cxt 0] Applying table 'MyIngress.modality_schedule'
[00:41:32.069] [bmv2] [D] [thread 91747] [260.0] [cxt 0] Looking up key:
* hdr.ipv4.dstAddr    : 0a000101

[00:41:32.069] [bmv2] [D] [thread 91747] [260.0] [cxt 0] Table 'MyIngress.modality_schedule': miss
[00:41:32.069] [bmv2] [D] [thread 91747] [260.0] [cxt 0] Action entry is NoAction - 
[00:41:32.069] [bmv2] [T] [thread 91747] [260.0] [cxt 0] Action NoAction
[00:41:32.069] [bmv2] [T] [thread 91747] [260.0] [cxt 0] basic.p4(597) Condition "meta.do_multimodal == 0" (node_23) is true
[00:41:32.069] [bmv2] [T] [thread 91747] [260.0] [cxt 0] Applying table 'MyIngress.adjudication'
[00:41:32.069] [bmv2] [D] [thread 91747] [260.0] [cxt 0] Looking up key:
* hdr.ipv4.dstAddr    : 0a000101

[00:41:32.069] [bmv2] [D] [thread 91747] [260.0] [cxt 0] Table 'MyIngress.adjudication': hit with handle 0
[00:41:32.069] [bmv2] [D] [thread 91747] [260.0] [cxt 0] Dumping entry 0
Match key:
* hdr.ipv4.dstAddr    : EXACT     0a000101
Action entry: MyIngress.clone_to_cpu - 64,

[00:41:32.069] [bmv2] [D] [thread 91747] [260.0] [cxt 0] Action entry is MyIngress.clone_to_cpu - 64,
[00:41:32.069] [bmv2] [T] [thread 91747] [260.0] [cxt 0] Action MyIngress.clone_to_cpu
[00:41:32.069] [bmv2] [T] [thread 91747] [260.0] [cxt 0] basic.p4(302) Primitive clone(CloneType.I2E, session_id)
[00:41:32.069] [bmv2] [T] [thread 91747] [260.0] [cxt 0] basic.p4(232) Primitive mark_to_drop(standard_metadata)
[00:41:32.069] [bmv2] [T] [thread 91747] [260.0] [cxt 0] Applying table 'MyIngress.ipv4_lpm'
[00:41:32.069] [bmv2] [D] [thread 91747] [260.0] [cxt 0] Looking up key:
* hdr.ipv4.dstAddr    : 0a000101

[00:41:32.069] [bmv2] [D] [thread 91747] [260.0] [cxt 0] Table 'MyIngress.ipv4_lpm': hit with handle 3
[00:41:32.069] [bmv2] [D] [thread 91747] [260.0] [cxt 0] Dumping entry 3
Match key:
* hdr.ipv4.dstAddr    : LPM       0a000101/32
Action entry: MyIngress.ipv4_forward - 80000000111,1,

[00:41:32.069] [bmv2] [D] [thread 91747] [260.0] [cxt 0] Action entry is MyIngress.ipv4_forward - 80000000111,1,
[00:41:32.069] [bmv2] [T] [thread 91747] [260.0] [cxt 0] Action MyIngress.ipv4_forward
[00:41:32.069] [bmv2] [T] [thread 91747] [260.0] [cxt 0] basic.p4(236) Primitive standard_metadata.egress_spec = port
[00:41:32.069] [bmv2] [T] [thread 91747] [260.0] [cxt 0] basic.p4(237) Primitive hdr.ethernet.srcAddr = hdr.ethernet.dstAddr
[00:41:32.069] [bmv2] [T] [thread 91747] [260.0] [cxt 0] basic.p4(238) Primitive hdr.ethernet.dstAddr = dstAddr
[00:41:32.069] [bmv2] [T] [thread 91747] [260.0] [cxt 0] basic.p4(239) Primitive hdr.ipv4.ttl = hdr.ipv4.ttl - 1
[00:41:32.069] [bmv2] [D] [thread 91747] [260.0] [cxt 0] Pipeline 'ingress': end
[00:41:32.069] [bmv2] [D] [thread 91747] [260.0] [cxt 0] Cloning packet at ingress
[00:41:32.069] [bmv2] [D] [thread 91747] [260.0] [cxt 0] Egress port is 1
[00:41:32.069] [bmv2] [D] [thread 91749] [260.0] [cxt 0] Pipeline 'egress': start
[00:41:32.069] [bmv2] [T] [thread 91749] [260.0] [cxt 0] basic.p4(684) Condition "standard_metadata.mcast_grp != 0" (node_28) is false
[00:41:32.069] [bmv2] [D] [thread 91749] [260.0] [cxt 0] Pipeline 'egress': end
[00:41:32.069] [bmv2] [D] [thread 91749] [260.0] [cxt 0] Deparser 'deparser': start
[00:41:32.069] [bmv2] [D] [thread 91749] [260.0] [cxt 0] Updating checksum 'cksum'
[00:41:32.069] [bmv2] [D] [thread 91749] [260.0] [cxt 0] Deparsing header 'ethernet'
[00:41:32.069] [bmv2] [D] [thread 91749] [260.0] [cxt 0] Deparsing header 'ipv4'
[00:41:32.069] [bmv2] [D] [thread 91749] [260.0] [cxt 0] Deparser 'deparser': end
[00:41:32.069] [bmv2] [D] [thread 91752] [260.0] [cxt 0] Transmitting packet of size 54 out of port 1
[00:41:32.069] [bmv2] [D] [thread 91747] [261.0] [cxt 0] Processing packet received on port 4
[00:41:32.069] [bmv2] [D] [thread 91747] [261.0] [cxt 0] Parser 'parser': start
[00:41:32.069] [bmv2] [D] [thread 91747] [261.0] [cxt 0] Parser 'parser' entering state 'start'
[00:41:32.069] [bmv2] [D] [thread 91747] [261.0] [cxt 0] Extracting header 'ethernet'
[00:41:32.069] [bmv2] [D] [thread 91747] [261.0] [cxt 0] Parser state 'start': key is 1313
[00:41:32.069] [bmv2] [T] [thread 91747] [261.0] [cxt 0] Bytes parsed: 14
[00:41:32.069] [bmv2] [D] [thread 91747] [261.0] [cxt 0] Parser 'parser' entering state 'parse_yequdesu'
[00:41:32.069] [bmv2] [D] [thread 91747] [261.0] [cxt 0] Extracting header 'yequdesu'
[00:41:32.069] [bmv2] [D] [thread 91747] [261.0] [cxt 0] Parser state 'parse_yequdesu': key is 0800
[00:41:32.069] [bmv2] [T] [thread 91747] [261.0] [cxt 0] Bytes parsed: 18
[00:41:32.069] [bmv2] [D] [thread 91747] [261.0] [cxt 0] Parser 'parser' entering state 'parse_ipv4'
[00:41:32.070] [bmv2] [D] [thread 91747] [261.0] [cxt 0] Extracting header 'ipv4'
[00:41:32.070] [bmv2] [D] [thread 91747] [261.0] [cxt 0] Parser state 'parse_ipv4': key is 06
[00:41:32.070] [bmv2] [T] [thread 91747] [261.0] [cxt 0] Bytes parsed: 38
[00:41:32.070] [bmv2] [D] [thread 91747] [261.0] [cxt 0] Parser 'parser': end
[00:41:32.070] [bmv2] [D] [thread 91747] [261.0] [cxt 0] Pipeline 'ingress': start
[00:41:32.070] [bmv2] [T] [thread 91747] [261.0] [cxt 0] basic.p4(560) Condition "hdr.ethernet.etherType == TYPE_ARP" (node_2) is false
[00:41:32.070] [bmv2] [T] [thread 91747] [261.0] [cxt 0] basic.p4(563) Condition "hdr.ethernet.etherType == TYPE_SRCROUTING" (node_4) is false
[00:41:32.070] [bmv2] [T] [thread 91747] [261.0] [cxt 0] basic.p4(576) Condition "hdr.ethernet.etherType == TYPE_YEQUDESU" (node_12) is true
[00:41:32.070] [bmv2] [T] [thread 91747] [261.0] [cxt 0] basic.p4(578) Condition "hdr.yequdesu.isValid()" (node_13) is true
[00:41:32.070] [bmv2] [T] [thread 91747] [261.0] [cxt 0] Applying table 'MyIngress.yequdesu_exact'
[00:41:32.070] [bmv2] [D] [thread 91747] [261.0] [cxt 0] Looking up key:
* hdr.yequdesu.dst_id : 012d

[00:41:32.070] [bmv2] [D] [thread 91747] [261.0] [cxt 0] Table 'MyIngress.yequdesu_exact': hit with handle 1
[00:41:32.070] [bmv2] [D] [thread 91747] [261.0] [cxt 0] Dumping entry 1
Match key:
* hdr.yequdesu.dst_id : EXACT     012d
Action entry: MyIngress.yequdesu_egress - 80000000111,1,

[00:41:32.070] [bmv2] [D] [thread 91747] [261.0] [cxt 0] Action entry is MyIngress.yequdesu_egress - 80000000111,1,
[00:41:32.070] [bmv2] [T] [thread 91747] [261.0] [cxt 0] Action MyIngress.yequdesu_egress
[00:41:32.070] [bmv2] [T] [thread 91747] [261.0] [cxt 0] basic.p4(262) Primitive standard_metadata.egress_spec = port
[00:41:32.070] [bmv2] [T] [thread 91747] [261.0] [cxt 0] basic.p4(263) Primitive hdr.ethernet.dstAddr = dstAddr
[00:41:32.070] [bmv2] [T] [thread 91747] [261.0] [cxt 0] basic.p4(264) Primitive hdr.ethernet.etherType = hdr.yequdesu.proto_id
[00:41:32.070] [bmv2] [T] [thread 91747] [261.0] [cxt 0] basic.p4(265) Primitive hdr.yequdesu.setInvalid()
[00:41:32.070] [bmv2] [D] [thread 91747] [261.0] [cxt 0] Pipeline 'ingress': end
[00:41:32.070] [bmv2] [D] [thread 91747] [261.0] [cxt 0] Egress port is 1
[00:41:32.070] [bmv2] [D] [thread 91749] [261.0] [cxt 0] Pipeline 'egress': start
[00:41:32.070] [bmv2] [T] [thread 91749] [261.0] [cxt 0] basic.p4(684) Condition "standard_metadata.mcast_grp != 0" (node_28) is false
[00:41:32.070] [bmv2] [D] [thread 91749] [261.0] [cxt 0] Pipeline 'egress': end
[00:41:32.070] [bmv2] [D] [thread 91749] [261.0] [cxt 0] Deparser 'deparser': start
[00:41:32.070] [bmv2] [D] [thread 91749] [261.0] [cxt 0] Updating checksum 'cksum'
[00:41:32.070] [bmv2] [D] [thread 91749] [261.0] [cxt 0] Deparsing header 'ethernet'
[00:41:32.070] [bmv2] [D] [thread 91749] [261.0] [cxt 0] Deparsing header 'ipv4'
[00:41:32.070] [bmv2] [D] [thread 91749] [261.0] [cxt 0] Deparser 'deparser': end
[00:41:32.070] [bmv2] [D] [thread 91752] [261.0] [cxt 0] Transmitting packet of size 54 out of port 1
[00:41:34.337] [bmv2] [D] [thread 91747] [262.0] [cxt 0] Processing packet received on port 1
[00:41:34.337] [bmv2] [D] [thread 91747] [262.0] [cxt 0] Parser 'parser': start
[00:41:34.337] [bmv2] [D] [thread 91747] [262.0] [cxt 0] Parser 'parser' entering state 'start'
[00:41:34.337] [bmv2] [D] [thread 91747] [262.0] [cxt 0] Extracting header 'ethernet'
[00:41:34.337] [bmv2] [D] [thread 91747] [262.0] [cxt 0] Parser state 'start': key is 0800
[00:41:34.337] [bmv2] [T] [thread 91747] [262.0] [cxt 0] Bytes parsed: 14
[00:41:34.337] [bmv2] [D] [thread 91747] [262.0] [cxt 0] Parser 'parser' entering state 'parse_ipv4'
[00:41:34.337] [bmv2] [D] [thread 91747] [262.0] [cxt 0] Extracting header 'ipv4'
[00:41:34.337] [bmv2] [D] [thread 91747] [262.0] [cxt 0] Parser state 'parse_ipv4': key is 06
[00:41:34.337] [bmv2] [T] [thread 91747] [262.0] [cxt 0] Bytes parsed: 34
[00:41:34.337] [bmv2] [D] [thread 91747] [262.0] [cxt 0] Parser 'parser': end
[00:41:34.337] [bmv2] [D] [thread 91747] [262.0] [cxt 0] Pipeline 'ingress': start
[00:41:34.337] [bmv2] [T] [thread 91747] [262.0] [cxt 0] basic.p4(560) Condition "hdr.ethernet.etherType == TYPE_ARP" (node_2) is false
[00:41:34.337] [bmv2] [T] [thread 91747] [262.0] [cxt 0] basic.p4(563) Condition "hdr.ethernet.etherType == TYPE_SRCROUTING" (node_4) is false
[00:41:34.337] [bmv2] [T] [thread 91747] [262.0] [cxt 0] basic.p4(576) Condition "hdr.ethernet.etherType == TYPE_YEQUDESU" (node_12) is false
[00:41:34.337] [bmv2] [T] [thread 91747] [262.0] [cxt 0] basic.p4(582) Condition "hdr.vxlan.isValid()" (node_15) is false
[00:41:34.337] [bmv2] [T] [thread 91747] [262.0] [cxt 0] basic.p4(586) Condition "hdr.ipv6.isValid()" (node_17) is false
[00:41:34.337] [bmv2] [T] [thread 91747] [262.0] [cxt 0] basic.p4(590) Condition "hdr.ipv4.isValid()" (node_19) is true
[00:41:34.337] [bmv2] [T] [thread 91747] [262.0] [cxt 0] basic.p4(592) Condition "hdr.udp.isValid() && hdr.udp.dstPort == VXLAN_PORT" (node_20) is false
[00:41:34.337] [bmv2] [T] [thread 91747] [262.0] [cxt 0] Applying table 'MyIngress.modality_schedule'
[00:41:34.337] [bmv2] [D] [thread 91747] [262.0] [cxt 0] Looking up key:
* hdr.ipv4.dstAddr    : 0a000202

[00:41:34.337] [bmv2] [D] [thread 91747] [262.0] [cxt 0] Table 'MyIngress.modality_schedule': hit with handle 0
[00:41:34.337] [bmv2] [D] [thread 91747] [262.0] [cxt 0] Dumping entry 0
Match key:
* hdr.ipv4.dstAddr    : EXACT     0a000202
Action entry: MyIngress.set_mcast_grp - 1,

[00:41:34.337] [bmv2] [D] [thread 91747] [262.0] [cxt 0] Action entry is MyIngress.set_mcast_grp - 1,
[00:41:34.337] [bmv2] [T] [thread 91747] [262.0] [cxt 0] Action MyIngress.set_mcast_grp
[00:41:34.337] [bmv2] [T] [thread 91747] [262.0] [cxt 0] basic.p4(296) Primitive standard_metadata.mcast_grp = mcast_grp
[00:41:34.337] [bmv2] [T] [thread 91747] [262.0] [cxt 0] basic.p4(297) Primitive meta.do_multimodal = 1
[00:41:34.337] [bmv2] [T] [thread 91747] [262.0] [cxt 0] basic.p4(298) Primitive hdr.ipv4.ttl = 100
[00:41:34.337] [bmv2] [T] [thread 91747] [262.0] [cxt 0] basic.p4(597) Condition "meta.do_multimodal == 0" (node_23) is false
[00:41:34.337] [bmv2] [D] [thread 91747] [262.0] [cxt 0] Pipeline 'ingress': end
[00:41:34.337] [bmv2] [D] [thread 91747] [262.0] [cxt 0] Multicast requested for packet
[00:41:34.337] [bmv2] [D] [thread 91747] number of packets replicated : 4 for MGID: 1
[00:41:34.337] [bmv2] [D] [thread 91747] [262.0] [cxt 0] Replicating packet on port 2
[00:41:34.337] [bmv2] [D] [thread 91747] [262.0] [cxt 0] Replicating packet on port 3
[00:41:34.337] [bmv2] [D] [thread 91747] [262.0] [cxt 0] Replicating packet on port 4
[00:41:34.337] [bmv2] [D] [thread 91747] [262.0] [cxt 0] Replicating packet on port 5
[00:41:34.337] [bmv2] [D] [thread 91748] [262.3] [cxt 0] Pipeline 'egress': start
[00:41:34.337] [bmv2] [D] [thread 91749] [262.4] [cxt 0] Pipeline 'egress': start
[00:41:34.337] [bmv2] [T] [thread 91749] [262.4] [cxt 0] basic.p4(684) Condition "standard_metadata.mcast_grp != 0" (node_28) is true
[00:41:34.337] [bmv2] [D] [thread 91751] [262.2] [cxt 0] Pipeline 'egress': start
[00:41:34.337] [bmv2] [T] [thread 91751] [262.2] [cxt 0] basic.p4(684) Condition "standard_metadata.mcast_grp != 0" (node_28) is true
[00:41:34.337] [bmv2] [T] [thread 91749] [262.4] [cxt 0] Applying table 'MyEgress.egress_encap_ipv6'
[00:41:34.337] [bmv2] [T] [thread 91751] [262.2] [cxt 0] Applying table 'MyEgress.egress_encap_ipv6'
[00:41:34.337] [bmv2] [D] [thread 91749] [262.4] [cxt 0] Looking up key:
* standard_metadata.egress_port: 0005

[00:41:34.337] [bmv2] [D] [thread 91751] [262.2] [cxt 0] Looking up key:
* standard_metadata.egress_port: 0003

[00:41:34.337] [bmv2] [D] [thread 91749] [262.4] [cxt 0] Table 'MyEgress.egress_encap_ipv6': miss
[00:41:34.337] [bmv2] [D] [thread 91751] [262.2] [cxt 0] Table 'MyEgress.egress_encap_ipv6': hit with handle 0
[00:41:34.337] [bmv2] [D] [thread 91749] [262.4] [cxt 0] Action entry is NoAction - 
[00:41:34.337] [bmv2] [T] [thread 91749] [262.4] [cxt 0] Action NoAction
[00:41:34.337] [bmv2] [D] [thread 91751] [262.2] [cxt 0] Dumping entry 0
Match key:
* standard_metadata.egress_port: EXACT     0003
Action entry: MyEgress.encap_ipv6_egress - 20010db8000000000000000000000001,20010db8000000000000000000000002,

[00:41:34.337] [bmv2] [T] [thread 91749] [262.4] [cxt 0] Applying table 'MyEgress.egress_encap_yequdesu'
[00:41:34.337] [bmv2] [D] [thread 91751] [262.2] [cxt 0] Action entry is MyEgress.encap_ipv6_egress - 20010db8000000000000000000000001,20010db8000000000000000000000002,
[00:41:34.337] [bmv2] [D] [thread 91749] [262.4] [cxt 0] Looking up key:
* standard_metadata.egress_port: 0005

[00:41:34.337] [bmv2] [T] [thread 91751] [262.2] [cxt 0] Action MyEgress.encap_ipv6_egress
[00:41:34.337] [bmv2] [D] [thread 91749] [262.4] [cxt 0] Table 'MyEgress.egress_encap_yequdesu': miss
[00:41:34.337] [bmv2] [T] [thread 91751] [262.2] [cxt 0] basic.p4(616) Primitive hdr.ipv6.setValid()
[00:41:34.337] [bmv2] [D] [thread 91749] [262.4] [cxt 0] Action entry is NoAction - 
[00:41:34.337] [bmv2] [T] [thread 91749] [262.4] [cxt 0] Action NoAction
[00:41:34.337] [bmv2] [T] [thread 91751] [262.2] [cxt 0] basic.p4(617) Primitive hdr.ipv6.version = 6
[00:41:34.337] [bmv2] [T] [thread 91749] [262.4] [cxt 0] Applying table 'MyEgress.egress_encap_vxlan'
[00:41:34.337] [bmv2] [T] [thread 91751] [262.2] [cxt 0] basic.p4(618) Primitive hdr.ipv6.trafficClass = 0
[00:41:34.337] [bmv2] [D] [thread 91749] [262.4] [cxt 0] Looking up key:
* standard_metadata.egress_port: 0005

[00:41:34.337] [bmv2] [T] [thread 91751] [262.2] [cxt 0] basic.p4(619) Primitive hdr.ipv6.flowLabel = 0
[00:41:34.337] [bmv2] [T] [thread 91751] [262.2] [cxt 0] basic.p4(620) Primitive hdr.ipv6.payLoadLen = hdr.ipv4.totalLen
[00:41:34.337] [bmv2] [D] [thread 91749] [262.4] [cxt 0] Table 'MyEgress.egress_encap_vxlan': hit with handle 0
[00:41:34.337] [bmv2] [T] [thread 91751] [262.2] [cxt 0] basic.p4(621) Primitive hdr.ipv6.nextHdr = 4
[00:41:34.337] [bmv2] [T] [thread 91751] [262.2] [cxt 0] basic.p4(622) Primitive hdr.ipv6.hopLimit = 64
[00:41:34.337] [bmv2] [D] [thread 91749] [262.4] [cxt 0] Dumping entry 0
Match key:
* standard_metadata.egress_port: EXACT     0005
Action entry: MyEgress.encap_vxlan_egress - 64,a00010a,a00020a,

[00:41:34.337] [bmv2] [T] [thread 91751] [262.2] [cxt 0] basic.p4(623) Primitive hdr.ipv6.srcAddr = src
[00:41:34.337] [bmv2] [D] [thread 91749] [262.4] [cxt 0] Action entry is MyEgress.encap_vxlan_egress - 64,a00010a,a00020a,
[00:41:34.337] [bmv2] [T] [thread 91751] [262.2] [cxt 0] basic.p4(624) Primitive hdr.ipv6.dstAddr = dst
[00:41:34.337] [bmv2] [T] [thread 91749] [262.4] [cxt 0] Action MyEgress.encap_vxlan_egress
[00:41:34.337] [bmv2] [T] [thread 91751] [262.2] [cxt 0] basic.p4(625) Primitive hdr.ipv4.ttl = hdr.ipv4.ttl - 1
[00:41:34.337] [bmv2] [T] [thread 91749] [262.4] [cxt 0] basic.p4(7) Primitive 0x800; ...
[00:41:34.337] [bmv2] [T] [thread 91751] [262.2] [cxt 0] basic.p4(626) Primitive hdr.ethernet.etherType = 0x86dd
[00:41:34.337] [bmv2] [T] [thread 91749] [262.4] [cxt 0] basic.p4(639) Primitive hdr.ipv4.setValid()
[00:41:34.337] [bmv2] [T] [thread 91751] [262.2] [cxt 0] Applying table 'MyEgress.egress_encap_yequdesu'
[00:41:34.337] [bmv2] [D] [thread 91751] [262.2] [cxt 0] Looking up key:
* standard_metadata.egress_port: 0003

[00:41:34.337] [bmv2] [D] [thread 91750] [262.1] [cxt 0] Pipeline 'egress': start
[00:41:34.337] [bmv2] [D] [thread 91751] [262.2] [cxt 0] Table 'MyEgress.egress_encap_yequdesu': miss
[00:41:34.337] [bmv2] [T] [thread 91750] [262.1] [cxt 0] basic.p4(684) Condition "standard_metadata.mcast_grp != 0" (node_28) is true
[00:41:34.337] [bmv2] [T] [thread 91748] [262.3] [cxt 0] basic.p4(684) Condition "standard_metadata.mcast_grp != 0" (node_28) is true
[00:41:34.337] [bmv2] [T] [thread 91749] [262.4] [cxt 0] basic.p4(640) Primitive hdr.ipv4.version = 4
[00:41:34.337] [bmv2] [T] [thread 91748] [262.3] [cxt 0] Applying table 'MyEgress.egress_encap_ipv6'
[00:41:34.337] [bmv2] [D] [thread 91748] [262.3] [cxt 0] Looking up key:
* standard_metadata.egress_port: 0004

[00:41:34.337] [bmv2] [T] [thread 91750] [262.1] [cxt 0] Applying table 'MyEgress.egress_encap_ipv6'
[00:41:34.337] [bmv2] [D] [thread 91748] [262.3] [cxt 0] Table 'MyEgress.egress_encap_ipv6': miss
[00:41:34.337] [bmv2] [D] [thread 91748] [262.3] [cxt 0] Action entry is NoAction - 
[00:41:34.337] [bmv2] [D] [thread 91750] [262.1] [cxt 0] Looking up key:
* standard_metadata.egress_port: 0002

[00:41:34.337] [bmv2] [T] [thread 91748] [262.3] [cxt 0] Action NoAction
[00:41:34.337] [bmv2] [D] [thread 91750] [262.1] [cxt 0] Table 'MyEgress.egress_encap_ipv6': miss
[00:41:34.337] [bmv2] [T] [thread 91748] [262.3] [cxt 0] Applying table 'MyEgress.egress_encap_yequdesu'
[00:41:34.337] [bmv2] [D] [thread 91750] [262.1] [cxt 0] Action entry is NoAction - 
[00:41:34.337] [bmv2] [D] [thread 91748] [262.3] [cxt 0] Looking up key:
* standard_metadata.egress_port: 0004

[00:41:34.337] [bmv2] [T] [thread 91750] [262.1] [cxt 0] Action NoAction
[00:41:34.337] [bmv2] [D] [thread 91748] [262.3] [cxt 0] Table 'MyEgress.egress_encap_yequdesu': hit with handle 0
[00:41:34.337] [bmv2] [T] [thread 91750] [262.1] [cxt 0] Applying table 'MyEgress.egress_encap_yequdesu'
[00:41:34.337] [bmv2] [D] [thread 91748] [262.3] [cxt 0] Dumping entry 0
Match key:
* standard_metadata.egress_port: EXACT     0004
Action entry: MyEgress.encap_yequdesu_egress - 12c,

[00:41:34.337] [bmv2] [D] [thread 91748] [262.3] [cxt 0] Action entry is MyEgress.encap_yequdesu_egress - 12c,
[00:41:34.337] [bmv2] [T] [thread 91748] [262.3] [cxt 0] Action MyEgress.encap_yequdesu_egress
[00:41:34.337] [bmv2] [T] [thread 91748] [262.3] [cxt 0] basic.p4(630) Primitive hdr.yequdesu.setValid()
[00:41:34.337] [bmv2] [T] [thread 91748] [262.3] [cxt 0] basic.p4(631) Primitive hdr.yequdesu.dst_id = dst_id
[00:41:34.337] [bmv2] [T] [thread 91748] [262.3] [cxt 0] basic.p4(632) Primitive hdr.yequdesu.proto_id = 0x800
[00:41:34.337] [bmv2] [T] [thread 91748] [262.3] [cxt 0] basic.p4(6) Primitive 0x1313; ...
[00:41:34.337] [bmv2] [D] [thread 91750] [262.1] [cxt 0] Looking up key:
* standard_metadata.egress_port: 0002

[00:41:34.337] [bmv2] [T] [thread 91748] [262.3] [cxt 0] Applying table 'MyEgress.egress_encap_vxlan'
[00:41:34.337] [bmv2] [D] [thread 91750] [262.1] [cxt 0] Table 'MyEgress.egress_encap_yequdesu': miss
[00:41:34.337] [bmv2] [D] [thread 91748] [262.3] [cxt 0] Looking up key:
* standard_metadata.egress_port: 0004

[00:41:34.337] [bmv2] [D] [thread 91750] [262.1] [cxt 0] Action entry is NoAction - 
[00:41:34.337] [bmv2] [D] [thread 91748] [262.3] [cxt 0] Table 'MyEgress.egress_encap_vxlan': miss
[00:41:34.337] [bmv2] [T] [thread 91750] [262.1] [cxt 0] Action NoAction
[00:41:34.337] [bmv2] [D] [thread 91748] [262.3] [cxt 0] Action entry is NoAction - 
[00:41:34.337] [bmv2] [T] [thread 91750] [262.1] [cxt 0] Applying table 'MyEgress.egress_encap_vxlan'
[00:41:34.337] [bmv2] [T] [thread 91748] [262.3] [cxt 0] Action NoAction
[00:41:34.337] [bmv2] [D] [thread 91748] [262.3] [cxt 0] Pipeline 'egress': end
[00:41:34.337] [bmv2] [D] [thread 91750] [262.1] [cxt 0] Looking up key:
* standard_metadata.egress_port: 0002

[00:41:34.337] [bmv2] [D] [thread 91748] [262.3] [cxt 0] Deparser 'deparser': start
[00:41:34.337] [bmv2] [D] [thread 91750] [262.1] [cxt 0] Table 'MyEgress.egress_encap_vxlan': miss
[00:41:34.337] [bmv2] [D] [thread 91750] [262.1] [cxt 0] Action entry is NoAction - 
[00:41:34.337] [bmv2] [D] [thread 91748] [262.3] [cxt 0] Updating checksum 'cksum'
[00:41:34.337] [bmv2] [T] [thread 91750] [262.1] [cxt 0] Action NoAction
[00:41:34.337] [bmv2] [D] [thread 91750] [262.1] [cxt 0] Pipeline 'egress': end
[00:41:34.337] [bmv2] [D] [thread 91750] [262.1] [cxt 0] Deparser 'deparser': start
[00:41:34.337] [bmv2] [D] [thread 91748] [262.3] [cxt 0] Deparsing header 'ethernet'
[00:41:34.337] [bmv2] [D] [thread 91750] [262.1] [cxt 0] Updating checksum 'cksum'
[00:41:34.337] [bmv2] [D] [thread 91751] [262.2] [cxt 0] Action entry is NoAction - 
[00:41:34.337] [bmv2] [T] [thread 91751] [262.2] [cxt 0] Action NoAction
[00:41:34.337] [bmv2] [T] [thread 91751] [262.2] [cxt 0] Applying table 'MyEgress.egress_encap_vxlan'
[00:41:34.337] [bmv2] [D] [thread 91750] [262.1] [cxt 0] Deparsing header 'ethernet'
[00:41:34.337] [bmv2] [D] [thread 91751] [262.2] [cxt 0] Looking up key:
* standard_metadata.egress_port: 0003

[00:41:34.337] [bmv2] [D] [thread 91751] [262.2] [cxt 0] Table 'MyEgress.egress_encap_vxlan': miss
[00:41:34.337] [bmv2] [D] [thread 91751] [262.2] [cxt 0] Action entry is NoAction - 
[00:41:34.337] [bmv2] [T] [thread 91751] [262.2] [cxt 0] Action NoAction
[00:41:34.337] [bmv2] [D] [thread 91751] [262.2] [cxt 0] Pipeline 'egress': end
[00:41:34.337] [bmv2] [D] [thread 91751] [262.2] [cxt 0] Deparser 'deparser': start
[00:41:34.337] [bmv2] [D] [thread 91751] [262.2] [cxt 0] Updating checksum 'cksum'
[00:41:34.337] [bmv2] [D] [thread 91751] [262.2] [cxt 0] Deparsing header 'ethernet'
[00:41:34.337] [bmv2] [T] [thread 91749] [262.4] [cxt 0] basic.p4(641) Primitive hdr.ipv4.ihl = 5
[00:41:34.337] [bmv2] [D] [thread 91751] [262.2] [cxt 0] Deparsing header 'ipv4'
[00:41:34.338] [bmv2] [T] [thread 91749] [262.4] [cxt 0] basic.p4(642) Primitive hdr.ipv4.diffserv = 0
[00:41:34.338] [bmv2] [D] [thread 91751] [262.2] [cxt 0] Deparsing header 'ipv6'
[00:41:34.338] [bmv2] [T] [thread 91749] [262.4] [cxt 0] basic.p4(643) Primitive hdr.ipv4.totalLen = hdr.ipv4.totalLen + 50
[00:41:34.338] [bmv2] [D] [thread 91751] [262.2] [cxt 0] Deparser 'deparser': end
[00:41:34.338] [bmv2] [T] [thread 91749] [262.4] [cxt 0] basic.p4(644) Primitive hdr.ipv4.identification = 0
[00:41:34.337] [bmv2] [D] [thread 91748] [262.3] [cxt 0] Deparsing header 'yequdesu'
[00:41:34.338] [bmv2] [T] [thread 91749] [262.4] [cxt 0] basic.p4(645) Primitive hdr.ipv4.flags = 0
[00:41:34.338] [bmv2] [D] [thread 91748] [262.3] [cxt 0] Deparsing header 'ipv4'
[00:41:34.338] [bmv2] [T] [thread 91749] [262.4] [cxt 0] basic.p4(646) Primitive hdr.ipv4.fragOffset = 0
[00:41:34.338] [bmv2] [D] [thread 91748] [262.3] [cxt 0] Deparser 'deparser': end
[00:41:34.338] [bmv2] [T] [thread 91749] [262.4] [cxt 0] basic.p4(647) Primitive hdr.ipv4.ttl = 64
[00:41:34.338] [bmv2] [T] [thread 91749] [262.4] [cxt 0] basic.p4(13) Primitive 17; ...
[00:41:34.338] [bmv2] [T] [thread 91749] [262.4] [cxt 0] basic.p4(649) Primitive hdr.ipv4.srcAddr = src
[00:41:34.338] [bmv2] [T] [thread 91749] [262.4] [cxt 0] basic.p4(650) Primitive hdr.ipv4.dstAddr = dst
[00:41:34.338] [bmv2] [T] [thread 91749] [262.4] [cxt 0] basic.p4(652) Primitive hdr.udp.setValid()
[00:41:34.338] [bmv2] [T] [thread 91749] [262.4] [cxt 0] basic.p4(653) Primitive hdr.udp.srcPort = 4789
[00:41:34.338] [bmv2] [T] [thread 91749] [262.4] [cxt 0] basic.p4(654) Primitive hdr.udp.dstPort = 4789
[00:41:34.338] [bmv2] [T] [thread 91749] [262.4] [cxt 0] basic.p4(655) Primitive hdr.udp.length = hdr.udp.length + 38
[00:41:34.338] [bmv2] [T] [thread 91749] [262.4] [cxt 0] basic.p4(656) Primitive hdr.udp.checksum = 0
[00:41:34.338] [bmv2] [T] [thread 91749] [262.4] [cxt 0] basic.p4(658) Primitive hdr.vxlan.setValid()
[00:41:34.338] [bmv2] [T] [thread 91749] [262.4] [cxt 0] basic.p4(659) Primitive hdr.vxlan.flags = 0x08
[00:41:34.338] [bmv2] [T] [thread 91749] [262.4] [cxt 0] basic.p4(660) Primitive hdr.vxlan.reserved1 = 0
[00:41:34.338] [bmv2] [T] [thread 91749] [262.4] [cxt 0] basic.p4(661) Primitive hdr.vxlan.vni = vni
[00:41:34.338] [bmv2] [T] [thread 91749] [262.4] [cxt 0] basic.p4(662) Primitive hdr.vxlan.reserved2 = 0
[00:41:34.338] [bmv2] [D] [thread 91749] [262.4] [cxt 0] Pipeline 'egress': end
[00:41:34.338] [bmv2] [D] [thread 91749] [262.4] [cxt 0] Deparser 'deparser': start
[00:41:34.338] [bmv2] [D] [thread 91749] [262.4] [cxt 0] Updating checksum 'cksum'
[00:41:34.338] [bmv2] [D] [thread 91749] [262.4] [cxt 0] Deparsing header 'ethernet'
[00:41:34.338] [bmv2] [D] [thread 91749] [262.4] [cxt 0] Deparsing header 'ipv4'
[00:41:34.338] [bmv2] [D] [thread 91749] [262.4] [cxt 0] Deparsing header 'udp'
[00:41:34.338] [bmv2] [D] [thread 91749] [262.4] [cxt 0] Deparsing header 'vxlan'
[00:41:34.338] [bmv2] [D] [thread 91749] [262.4] [cxt 0] Deparser 'deparser': end
[00:41:34.337] [bmv2] [D] [thread 91750] [262.1] [cxt 0] Deparsing header 'ipv4'
[00:41:34.338] [bmv2] [D] [thread 91750] [262.1] [cxt 0] Deparser 'deparser': end
[00:41:34.338] [bmv2] [D] [thread 91752] [262.2] [cxt 0] Transmitting packet of size 104 out of port 3
[00:41:34.338] [bmv2] [D] [thread 91752] [262.3] [cxt 0] Transmitting packet of size 68 out of port 4
[00:41:34.338] [bmv2] [D] [thread 91752] [262.4] [cxt 0] Transmitting packet of size 80 out of port 5
[00:41:34.338] [bmv2] [D] [thread 91752] [262.1] [cxt 0] Transmitting packet of size 64 out of port 2
[00:41:34.343] [bmv2] [D] [thread 91747] [263.0] [cxt 0] Processing packet received on port 2
[00:41:34.343] [bmv2] [D] [thread 91747] [263.0] [cxt 0] Parser 'parser': start
[00:41:34.343] [bmv2] [D] [thread 91747] [263.0] [cxt 0] Parser 'parser' entering state 'start'
[00:41:34.343] [bmv2] [D] [thread 91747] [263.0] [cxt 0] Extracting header 'ethernet'
[00:41:34.343] [bmv2] [D] [thread 91747] [263.0] [cxt 0] Parser state 'start': key is 0800
[00:41:34.343] [bmv2] [T] [thread 91747] [263.0] [cxt 0] Bytes parsed: 14
[00:41:34.343] [bmv2] [D] [thread 91747] [263.0] [cxt 0] Parser 'parser' entering state 'parse_ipv4'
[00:41:34.343] [bmv2] [D] [thread 91747] [263.0] [cxt 0] Extracting header 'ipv4'
[00:41:34.343] [bmv2] [D] [thread 91747] [263.0] [cxt 0] Parser state 'parse_ipv4': key is 06
[00:41:34.343] [bmv2] [T] [thread 91747] [263.0] [cxt 0] Bytes parsed: 34
[00:41:34.343] [bmv2] [D] [thread 91747] [263.0] [cxt 0] Parser 'parser': end
[00:41:34.343] [bmv2] [D] [thread 91747] [263.0] [cxt 0] Pipeline 'ingress': start
[00:41:34.343] [bmv2] [T] [thread 91747] [263.0] [cxt 0] basic.p4(560) Condition "hdr.ethernet.etherType == TYPE_ARP" (node_2) is false
[00:41:34.343] [bmv2] [T] [thread 91747] [263.0] [cxt 0] basic.p4(563) Condition "hdr.ethernet.etherType == TYPE_SRCROUTING" (node_4) is false
[00:41:34.343] [bmv2] [T] [thread 91747] [263.0] [cxt 0] basic.p4(576) Condition "hdr.ethernet.etherType == TYPE_YEQUDESU" (node_12) is false
[00:41:34.343] [bmv2] [T] [thread 91747] [263.0] [cxt 0] basic.p4(582) Condition "hdr.vxlan.isValid()" (node_15) is false
[00:41:34.343] [bmv2] [T] [thread 91747] [263.0] [cxt 0] basic.p4(586) Condition "hdr.ipv6.isValid()" (node_17) is false
[00:41:34.343] [bmv2] [T] [thread 91747] [263.0] [cxt 0] basic.p4(590) Condition "hdr.ipv4.isValid()" (node_19) is true
[00:41:34.343] [bmv2] [T] [thread 91747] [263.0] [cxt 0] basic.p4(592) Condition "hdr.udp.isValid() && hdr.udp.dstPort == VXLAN_PORT" (node_20) is false
[00:41:34.343] [bmv2] [T] [thread 91747] [263.0] [cxt 0] Applying table 'MyIngress.modality_schedule'
[00:41:34.343] [bmv2] [D] [thread 91747] [263.0] [cxt 0] Looking up key:
* hdr.ipv4.dstAddr    : 0a000101

[00:41:34.343] [bmv2] [D] [thread 91747] [263.0] [cxt 0] Table 'MyIngress.modality_schedule': miss
[00:41:34.343] [bmv2] [D] [thread 91747] [263.0] [cxt 0] Action entry is NoAction - 
[00:41:34.344] [bmv2] [T] [thread 91747] [263.0] [cxt 0] Action NoAction
[00:41:34.344] [bmv2] [T] [thread 91747] [263.0] [cxt 0] basic.p4(597) Condition "meta.do_multimodal == 0" (node_23) is true
[00:41:34.344] [bmv2] [T] [thread 91747] [263.0] [cxt 0] Applying table 'MyIngress.adjudication'
[00:41:34.344] [bmv2] [D] [thread 91747] [263.0] [cxt 0] Looking up key:
* hdr.ipv4.dstAddr    : 0a000101

[00:41:34.344] [bmv2] [D] [thread 91747] [263.0] [cxt 0] Table 'MyIngress.adjudication': hit with handle 0
[00:41:34.344] [bmv2] [D] [thread 91747] [263.0] [cxt 0] Dumping entry 0
Match key:
* hdr.ipv4.dstAddr    : EXACT     0a000101
Action entry: MyIngress.clone_to_cpu - 64,

[00:41:34.344] [bmv2] [D] [thread 91747] [263.0] [cxt 0] Action entry is MyIngress.clone_to_cpu - 64,
[00:41:34.344] [bmv2] [T] [thread 91747] [263.0] [cxt 0] Action MyIngress.clone_to_cpu
[00:41:34.344] [bmv2] [T] [thread 91747] [263.0] [cxt 0] basic.p4(302) Primitive clone(CloneType.I2E, session_id)
[00:41:34.344] [bmv2] [T] [thread 91747] [263.0] [cxt 0] basic.p4(232) Primitive mark_to_drop(standard_metadata)
[00:41:34.344] [bmv2] [T] [thread 91747] [263.0] [cxt 0] Applying table 'MyIngress.ipv4_lpm'
[00:41:34.344] [bmv2] [D] [thread 91747] [263.0] [cxt 0] Looking up key:
* hdr.ipv4.dstAddr    : 0a000101

[00:41:34.344] [bmv2] [D] [thread 91747] [263.0] [cxt 0] Table 'MyIngress.ipv4_lpm': hit with handle 3
[00:41:34.344] [bmv2] [D] [thread 91747] [263.0] [cxt 0] Dumping entry 3
Match key:
* hdr.ipv4.dstAddr    : LPM       0a000101/32
Action entry: MyIngress.ipv4_forward - 80000000111,1,

[00:41:34.344] [bmv2] [D] [thread 91747] [263.0] [cxt 0] Action entry is MyIngress.ipv4_forward - 80000000111,1,
[00:41:34.344] [bmv2] [T] [thread 91747] [263.0] [cxt 0] Action MyIngress.ipv4_forward
[00:41:34.344] [bmv2] [T] [thread 91747] [263.0] [cxt 0] basic.p4(236) Primitive standard_metadata.egress_spec = port
[00:41:34.344] [bmv2] [T] [thread 91747] [263.0] [cxt 0] basic.p4(237) Primitive hdr.ethernet.srcAddr = hdr.ethernet.dstAddr
[00:41:34.344] [bmv2] [T] [thread 91747] [263.0] [cxt 0] basic.p4(238) Primitive hdr.ethernet.dstAddr = dstAddr
[00:41:34.344] [bmv2] [T] [thread 91747] [263.0] [cxt 0] basic.p4(239) Primitive hdr.ipv4.ttl = hdr.ipv4.ttl - 1
[00:41:34.344] [bmv2] [D] [thread 91747] [263.0] [cxt 0] Pipeline 'ingress': end
[00:41:34.344] [bmv2] [D] [thread 91747] [263.0] [cxt 0] Cloning packet at ingress
[00:41:34.344] [bmv2] [D] [thread 91747] [263.0] [cxt 0] Egress port is 1
[00:41:34.344] [bmv2] [D] [thread 91749] [263.0] [cxt 0] Pipeline 'egress': start
[00:41:34.344] [bmv2] [T] [thread 91749] [263.0] [cxt 0] basic.p4(684) Condition "standard_metadata.mcast_grp != 0" (node_28) is false
[00:41:34.344] [bmv2] [D] [thread 91749] [263.0] [cxt 0] Pipeline 'egress': end
[00:41:34.344] [bmv2] [D] [thread 91749] [263.0] [cxt 0] Deparser 'deparser': start
[00:41:34.344] [bmv2] [D] [thread 91749] [263.0] [cxt 0] Updating checksum 'cksum'
[00:41:34.344] [bmv2] [D] [thread 91749] [263.0] [cxt 0] Deparsing header 'ethernet'
[00:41:34.344] [bmv2] [D] [thread 91749] [263.0] [cxt 0] Deparsing header 'ipv4'
[00:41:34.344] [bmv2] [D] [thread 91749] [263.0] [cxt 0] Deparser 'deparser': end
[00:41:34.344] [bmv2] [D] [thread 91752] [263.0] [cxt 0] Transmitting packet of size 54 out of port 1
[00:41:34.344] [bmv2] [D] [thread 91747] [264.0] [cxt 0] Processing packet received on port 2
[00:41:34.344] [bmv2] [D] [thread 91747] [264.0] [cxt 0] Parser 'parser': start
[00:41:34.344] [bmv2] [D] [thread 91747] [264.0] [cxt 0] Parser 'parser' entering state 'start'
[00:41:34.344] [bmv2] [D] [thread 91747] [264.0] [cxt 0] Extracting header 'ethernet'
[00:41:34.344] [bmv2] [D] [thread 91747] [264.0] [cxt 0] Parser state 'start': key is 0800
[00:41:34.344] [bmv2] [T] [thread 91747] [264.0] [cxt 0] Bytes parsed: 14
[00:41:34.344] [bmv2] [D] [thread 91747] [264.0] [cxt 0] Parser 'parser' entering state 'parse_ipv4'
[00:41:34.344] [bmv2] [D] [thread 91747] [264.0] [cxt 0] Extracting header 'ipv4'
[00:41:34.344] [bmv2] [D] [thread 91747] [264.0] [cxt 0] Parser state 'parse_ipv4': key is 06
[00:41:34.344] [bmv2] [T] [thread 91747] [264.0] [cxt 0] Bytes parsed: 34
[00:41:34.344] [bmv2] [D] [thread 91747] [264.0] [cxt 0] Parser 'parser': end
[00:41:34.344] [bmv2] [D] [thread 91747] [264.0] [cxt 0] Pipeline 'ingress': start
[00:41:34.344] [bmv2] [T] [thread 91747] [264.0] [cxt 0] basic.p4(560) Condition "hdr.ethernet.etherType == TYPE_ARP" (node_2) is false
[00:41:34.344] [bmv2] [T] [thread 91747] [264.0] [cxt 0] basic.p4(563) Condition "hdr.ethernet.etherType == TYPE_SRCROUTING" (node_4) is false
[00:41:34.344] [bmv2] [T] [thread 91747] [264.0] [cxt 0] basic.p4(576) Condition "hdr.ethernet.etherType == TYPE_YEQUDESU" (node_12) is false
[00:41:34.344] [bmv2] [T] [thread 91747] [264.0] [cxt 0] basic.p4(582) Condition "hdr.vxlan.isValid()" (node_15) is false
[00:41:34.344] [bmv2] [T] [thread 91747] [264.0] [cxt 0] basic.p4(586) Condition "hdr.ipv6.isValid()" (node_17) is false
[00:41:34.344] [bmv2] [T] [thread 91747] [264.0] [cxt 0] basic.p4(590) Condition "hdr.ipv4.isValid()" (node_19) is true
[00:41:34.345] [bmv2] [T] [thread 91747] [264.0] [cxt 0] basic.p4(592) Condition "hdr.udp.isValid() && hdr.udp.dstPort == VXLAN_PORT" (node_20) is false
[00:41:34.345] [bmv2] [T] [thread 91747] [264.0] [cxt 0] Applying table 'MyIngress.modality_schedule'
[00:41:34.345] [bmv2] [D] [thread 91747] [264.0] [cxt 0] Looking up key:
* hdr.ipv4.dstAddr    : 0a000101

[00:41:34.345] [bmv2] [D] [thread 91747] [264.0] [cxt 0] Table 'MyIngress.modality_schedule': miss
[00:41:34.345] [bmv2] [D] [thread 91747] [264.0] [cxt 0] Action entry is NoAction - 
[00:41:34.345] [bmv2] [T] [thread 91747] [264.0] [cxt 0] Action NoAction
[00:41:34.345] [bmv2] [T] [thread 91747] [264.0] [cxt 0] basic.p4(597) Condition "meta.do_multimodal == 0" (node_23) is true
[00:41:34.345] [bmv2] [T] [thread 91747] [264.0] [cxt 0] Applying table 'MyIngress.adjudication'
[00:41:34.345] [bmv2] [D] [thread 91747] [264.0] [cxt 0] Looking up key:
* hdr.ipv4.dstAddr    : 0a000101

[00:41:34.345] [bmv2] [D] [thread 91747] [264.0] [cxt 0] Table 'MyIngress.adjudication': hit with handle 0
[00:41:34.345] [bmv2] [D] [thread 91747] [264.0] [cxt 0] Dumping entry 0
Match key:
* hdr.ipv4.dstAddr    : EXACT     0a000101
Action entry: MyIngress.clone_to_cpu - 64,

[00:41:34.345] [bmv2] [D] [thread 91747] [264.0] [cxt 0] Action entry is MyIngress.clone_to_cpu - 64,
[00:41:34.345] [bmv2] [T] [thread 91747] [264.0] [cxt 0] Action MyIngress.clone_to_cpu
[00:41:34.345] [bmv2] [T] [thread 91747] [264.0] [cxt 0] basic.p4(302) Primitive clone(CloneType.I2E, session_id)
[00:41:34.345] [bmv2] [T] [thread 91747] [264.0] [cxt 0] basic.p4(232) Primitive mark_to_drop(standard_metadata)
[00:41:34.345] [bmv2] [T] [thread 91747] [264.0] [cxt 0] Applying table 'MyIngress.ipv4_lpm'
[00:41:34.345] [bmv2] [D] [thread 91747] [264.0] [cxt 0] Looking up key:
* hdr.ipv4.dstAddr    : 0a000101

[00:41:34.345] [bmv2] [D] [thread 91747] [264.0] [cxt 0] Table 'MyIngress.ipv4_lpm': hit with handle 3
[00:41:34.345] [bmv2] [D] [thread 91747] [264.0] [cxt 0] Dumping entry 3
Match key:
* hdr.ipv4.dstAddr    : LPM       0a000101/32
Action entry: MyIngress.ipv4_forward - 80000000111,1,

[00:41:34.345] [bmv2] [D] [thread 91747] [264.0] [cxt 0] Action entry is MyIngress.ipv4_forward - 80000000111,1,
[00:41:34.345] [bmv2] [T] [thread 91747] [264.0] [cxt 0] Action MyIngress.ipv4_forward
[00:41:34.345] [bmv2] [T] [thread 91747] [264.0] [cxt 0] basic.p4(236) Primitive standard_metadata.egress_spec = port
[00:41:34.345] [bmv2] [T] [thread 91747] [264.0] [cxt 0] basic.p4(237) Primitive hdr.ethernet.srcAddr = hdr.ethernet.dstAddr
[00:41:34.345] [bmv2] [T] [thread 91747] [264.0] [cxt 0] basic.p4(238) Primitive hdr.ethernet.dstAddr = dstAddr
[00:41:34.345] [bmv2] [T] [thread 91747] [264.0] [cxt 0] basic.p4(239) Primitive hdr.ipv4.ttl = hdr.ipv4.ttl - 1
[00:41:34.345] [bmv2] [D] [thread 91747] [264.0] [cxt 0] Pipeline 'ingress': end
[00:41:34.345] [bmv2] [D] [thread 91747] [264.0] [cxt 0] Cloning packet at ingress
[00:41:34.345] [bmv2] [D] [thread 91747] [264.0] [cxt 0] Egress port is 1
[00:41:34.345] [bmv2] [D] [thread 91747] [265.0] [cxt 0] Processing packet received on port 4
[00:41:34.345] [bmv2] [D] [thread 91747] [265.0] [cxt 0] Parser 'parser': start
[00:41:34.345] [bmv2] [D] [thread 91747] [265.0] [cxt 0] Parser 'parser' entering state 'start'
[00:41:34.345] [bmv2] [D] [thread 91747] [265.0] [cxt 0] Extracting header 'ethernet'
[00:41:34.345] [bmv2] [D] [thread 91747] [265.0] [cxt 0] Parser state 'start': key is 1313
[00:41:34.345] [bmv2] [T] [thread 91747] [265.0] [cxt 0] Bytes parsed: 14
[00:41:34.345] [bmv2] [D] [thread 91747] [265.0] [cxt 0] Parser 'parser' entering state 'parse_yequdesu'
[00:41:34.345] [bmv2] [D] [thread 91747] [265.0] [cxt 0] Extracting header 'yequdesu'
[00:41:34.345] [bmv2] [D] [thread 91747] [265.0] [cxt 0] Parser state 'parse_yequdesu': key is 0800
[00:41:34.345] [bmv2] [T] [thread 91747] [265.0] [cxt 0] Bytes parsed: 18
[00:41:34.345] [bmv2] [D] [thread 91747] [265.0] [cxt 0] Parser 'parser' entering state 'parse_ipv4'
[00:41:34.345] [bmv2] [D] [thread 91747] [265.0] [cxt 0] Extracting header 'ipv4'
[00:41:34.345] [bmv2] [D] [thread 91747] [265.0] [cxt 0] Parser state 'parse_ipv4': key is 06
[00:41:34.345] [bmv2] [T] [thread 91747] [265.0] [cxt 0] Bytes parsed: 38
[00:41:34.345] [bmv2] [D] [thread 91747] [265.0] [cxt 0] Parser 'parser': end
[00:41:34.345] [bmv2] [D] [thread 91747] [265.0] [cxt 0] Pipeline 'ingress': start
[00:41:34.345] [bmv2] [T] [thread 91747] [265.0] [cxt 0] basic.p4(560) Condition "hdr.ethernet.etherType == TYPE_ARP" (node_2) is false
[00:41:34.345] [bmv2] [T] [thread 91747] [265.0] [cxt 0] basic.p4(563) Condition "hdr.ethernet.etherType == TYPE_SRCROUTING" (node_4) is false
[00:41:34.345] [bmv2] [T] [thread 91747] [265.0] [cxt 0] basic.p4(576) Condition "hdr.ethernet.etherType == TYPE_YEQUDESU" (node_12) is true
[00:41:34.345] [bmv2] [T] [thread 91747] [265.0] [cxt 0] basic.p4(578) Condition "hdr.yequdesu.isValid()" (node_13) is true
[00:41:34.345] [bmv2] [T] [thread 91747] [265.0] [cxt 0] Applying table 'MyIngress.yequdesu_exact'
[00:41:34.345] [bmv2] [D] [thread 91747] [265.0] [cxt 0] Looking up key:
* hdr.yequdesu.dst_id : 012d

[00:41:34.345] [bmv2] [D] [thread 91747] [265.0] [cxt 0] Table 'MyIngress.yequdesu_exact': hit with handle 1
[00:41:34.345] [bmv2] [D] [thread 91747] [265.0] [cxt 0] Dumping entry 1
Match key:
* hdr.yequdesu.dst_id : EXACT     012d
Action entry: MyIngress.yequdesu_egress - 80000000111,1,

[00:41:34.345] [bmv2] [D] [thread 91747] [265.0] [cxt 0] Action entry is MyIngress.yequdesu_egress - 80000000111,1,
[00:41:34.345] [bmv2] [T] [thread 91747] [265.0] [cxt 0] Action MyIngress.yequdesu_egress
[00:41:34.345] [bmv2] [T] [thread 91747] [265.0] [cxt 0] basic.p4(262) Primitive standard_metadata.egress_spec = port
[00:41:34.345] [bmv2] [T] [thread 91747] [265.0] [cxt 0] basic.p4(263) Primitive hdr.ethernet.dstAddr = dstAddr
[00:41:34.345] [bmv2] [T] [thread 91747] [265.0] [cxt 0] basic.p4(264) Primitive hdr.ethernet.etherType = hdr.yequdesu.proto_id
[00:41:34.345] [bmv2] [T] [thread 91747] [265.0] [cxt 0] basic.p4(265) Primitive hdr.yequdesu.setInvalid()
[00:41:34.345] [bmv2] [D] [thread 91747] [265.0] [cxt 0] Pipeline 'ingress': end
[00:41:34.345] [bmv2] [D] [thread 91747] [265.0] [cxt 0] Egress port is 1
[00:41:34.345] [bmv2] [D] [thread 91747] [266.0] [cxt 0] Processing packet received on port 4
[00:41:34.345] [bmv2] [D] [thread 91747] [266.0] [cxt 0] Parser 'parser': start
[00:41:34.345] [bmv2] [D] [thread 91747] [266.0] [cxt 0] Parser 'parser' entering state 'start'
[00:41:34.345] [bmv2] [D] [thread 91747] [266.0] [cxt 0] Extracting header 'ethernet'
[00:41:34.345] [bmv2] [D] [thread 91747] [266.0] [cxt 0] Parser state 'start': key is 1313
[00:41:34.345] [bmv2] [T] [thread 91747] [266.0] [cxt 0] Bytes parsed: 14
[00:41:34.345] [bmv2] [D] [thread 91747] [266.0] [cxt 0] Parser 'parser' entering state 'parse_yequdesu'
[00:41:34.345] [bmv2] [D] [thread 91747] [266.0] [cxt 0] Extracting header 'yequdesu'
[00:41:34.345] [bmv2] [D] [thread 91747] [266.0] [cxt 0] Parser state 'parse_yequdesu': key is 0800
[00:41:34.345] [bmv2] [T] [thread 91747] [266.0] [cxt 0] Bytes parsed: 18
[00:41:34.345] [bmv2] [D] [thread 91747] [266.0] [cxt 0] Parser 'parser' entering state 'parse_ipv4'
[00:41:34.345] [bmv2] [D] [thread 91747] [266.0] [cxt 0] Extracting header 'ipv4'
[00:41:34.345] [bmv2] [D] [thread 91747] [266.0] [cxt 0] Parser state 'parse_ipv4': key is 06
[00:41:34.345] [bmv2] [T] [thread 91747] [266.0] [cxt 0] Bytes parsed: 38
[00:41:34.345] [bmv2] [D] [thread 91747] [266.0] [cxt 0] Parser 'parser': end
[00:41:34.345] [bmv2] [D] [thread 91747] [266.0] [cxt 0] Pipeline 'ingress': start
[00:41:34.345] [bmv2] [T] [thread 91747] [266.0] [cxt 0] basic.p4(560) Condition "hdr.ethernet.etherType == TYPE_ARP" (node_2) is false
[00:41:34.345] [bmv2] [T] [thread 91747] [266.0] [cxt 0] basic.p4(563) Condition "hdr.ethernet.etherType == TYPE_SRCROUTING" (node_4) is false
[00:41:34.345] [bmv2] [T] [thread 91747] [266.0] [cxt 0] basic.p4(576) Condition "hdr.ethernet.etherType == TYPE_YEQUDESU" (node_12) is true
[00:41:34.345] [bmv2] [T] [thread 91747] [266.0] [cxt 0] basic.p4(578) Condition "hdr.yequdesu.isValid()" (node_13) is true
[00:41:34.345] [bmv2] [T] [thread 91747] [266.0] [cxt 0] Applying table 'MyIngress.yequdesu_exact'
[00:41:34.345] [bmv2] [D] [thread 91747] [266.0] [cxt 0] Looking up key:
* hdr.yequdesu.dst_id : 012d

[00:41:34.345] [bmv2] [D] [thread 91747] [266.0] [cxt 0] Table 'MyIngress.yequdesu_exact': hit with handle 1
[00:41:34.345] [bmv2] [D] [thread 91747] [266.0] [cxt 0] Dumping entry 1
Match key:
* hdr.yequdesu.dst_id : EXACT     012d
Action entry: MyIngress.yequdesu_egress - 80000000111,1,

[00:41:34.345] [bmv2] [D] [thread 91747] [266.0] [cxt 0] Action entry is MyIngress.yequdesu_egress - 80000000111,1,
[00:41:34.345] [bmv2] [T] [thread 91747] [266.0] [cxt 0] Action MyIngress.yequdesu_egress
[00:41:34.345] [bmv2] [T] [thread 91747] [266.0] [cxt 0] basic.p4(262) Primitive standard_metadata.egress_spec = port
[00:41:34.345] [bmv2] [T] [thread 91747] [266.0] [cxt 0] basic.p4(263) Primitive hdr.ethernet.dstAddr = dstAddr
[00:41:34.345] [bmv2] [T] [thread 91747] [266.0] [cxt 0] basic.p4(264) Primitive hdr.ethernet.etherType = hdr.yequdesu.proto_id
[00:41:34.345] [bmv2] [T] [thread 91747] [266.0] [cxt 0] basic.p4(265) Primitive hdr.yequdesu.setInvalid()
[00:41:34.345] [bmv2] [D] [thread 91747] [266.0] [cxt 0] Pipeline 'ingress': end
[00:41:34.345] [bmv2] [D] [thread 91747] [266.0] [cxt 0] Egress port is 1
[00:41:34.345] [bmv2] [D] [thread 91749] [264.0] [cxt 0] Pipeline 'egress': start
[00:41:34.345] [bmv2] [T] [thread 91749] [264.0] [cxt 0] basic.p4(684) Condition "standard_metadata.mcast_grp != 0" (node_28) is false
[00:41:34.345] [bmv2] [D] [thread 91749] [264.0] [cxt 0] Pipeline 'egress': end
[00:41:34.345] [bmv2] [D] [thread 91749] [264.0] [cxt 0] Deparser 'deparser': start
[00:41:34.345] [bmv2] [D] [thread 91749] [264.0] [cxt 0] Updating checksum 'cksum'
[00:41:34.345] [bmv2] [D] [thread 91749] [264.0] [cxt 0] Deparsing header 'ethernet'
[00:41:34.345] [bmv2] [D] [thread 91749] [264.0] [cxt 0] Deparsing header 'ipv4'
[00:41:34.345] [bmv2] [D] [thread 91749] [264.0] [cxt 0] Deparser 'deparser': end
[00:41:34.345] [bmv2] [D] [thread 91749] [265.0] [cxt 0] Pipeline 'egress': start
[00:41:34.345] [bmv2] [T] [thread 91749] [265.0] [cxt 0] basic.p4(684) Condition "standard_metadata.mcast_grp != 0" (node_28) is false
[00:41:34.345] [bmv2] [D] [thread 91749] [265.0] [cxt 0] Pipeline 'egress': end
[00:41:34.345] [bmv2] [D] [thread 91749] [265.0] [cxt 0] Deparser 'deparser': start
[00:41:34.345] [bmv2] [D] [thread 91749] [265.0] [cxt 0] Updating checksum 'cksum'
[00:41:34.345] [bmv2] [D] [thread 91749] [265.0] [cxt 0] Deparsing header 'ethernet'
[00:41:34.345] [bmv2] [D] [thread 91749] [265.0] [cxt 0] Deparsing header 'ipv4'
[00:41:34.345] [bmv2] [D] [thread 91749] [265.0] [cxt 0] Deparser 'deparser': end
[00:41:34.345] [bmv2] [D] [thread 91749] [266.0] [cxt 0] Pipeline 'egress': start
[00:41:34.345] [bmv2] [T] [thread 91749] [266.0] [cxt 0] basic.p4(684) Condition "standard_metadata.mcast_grp != 0" (node_28) is false
[00:41:34.345] [bmv2] [D] [thread 91749] [266.0] [cxt 0] Pipeline 'egress': end
[00:41:34.345] [bmv2] [D] [thread 91749] [266.0] [cxt 0] Deparser 'deparser': start
[00:41:34.345] [bmv2] [D] [thread 91749] [266.0] [cxt 0] Updating checksum 'cksum'
[00:41:34.345] [bmv2] [D] [thread 91749] [266.0] [cxt 0] Deparsing header 'ethernet'
[00:41:34.345] [bmv2] [D] [thread 91749] [266.0] [cxt 0] Deparsing header 'ipv4'
[00:41:34.345] [bmv2] [D] [thread 91749] [266.0] [cxt 0] Deparser 'deparser': end
[00:41:34.345] [bmv2] [D] [thread 91752] [264.0] [cxt 0] Transmitting packet of size 54 out of port 1
[00:41:34.345] [bmv2] [D] [thread 91752] [265.0] [cxt 0] Transmitting packet of size 54 out of port 1
[00:41:34.345] [bmv2] [D] [thread 91752] [266.0] [cxt 0] Transmitting packet of size 54 out of port 1
[00:41:34.989] [bmv2] [D] [thread 91747] [267.0] [cxt 0] Processing packet received on port 5
[00:41:34.989] [bmv2] [D] [thread 91747] [267.0] [cxt 0] Parser 'parser': start
[00:41:34.989] [bmv2] [D] [thread 91747] [267.0] [cxt 0] Parser 'parser' entering state 'start'
[00:41:34.989] [bmv2] [D] [thread 91747] [267.0] [cxt 0] Extracting header 'ethernet'
[00:41:34.989] [bmv2] [D] [thread 91747] [267.0] [cxt 0] Parser state 'start': key is 86dd
[00:41:34.989] [bmv2] [T] [thread 91747] [267.0] [cxt 0] Bytes parsed: 14
[00:41:34.989] [bmv2] [D] [thread 91747] [267.0] [cxt 0] Parser 'parser' entering state 'parse_ipv6'
[00:41:34.989] [bmv2] [D] [thread 91747] [267.0] [cxt 0] Extracting header 'ipv6'
[00:41:34.989] [bmv2] [D] [thread 91747] [267.0] [cxt 0] Parser state 'parse_ipv6': key is 3a
[00:41:34.989] [bmv2] [T] [thread 91747] [267.0] [cxt 0] Bytes parsed: 54
[00:41:34.989] [bmv2] [D] [thread 91747] [267.0] [cxt 0] Parser 'parser': end
[00:41:34.989] [bmv2] [D] [thread 91747] [267.0] [cxt 0] Pipeline 'ingress': start
[00:41:34.989] [bmv2] [T] [thread 91747] [267.0] [cxt 0] basic.p4(560) Condition "hdr.ethernet.etherType == TYPE_ARP" (node_2) is false
[00:41:34.989] [bmv2] [T] [thread 91747] [267.0] [cxt 0] basic.p4(563) Condition "hdr.ethernet.etherType == TYPE_SRCROUTING" (node_4) is false
[00:41:34.989] [bmv2] [T] [thread 91747] [267.0] [cxt 0] basic.p4(576) Condition "hdr.ethernet.etherType == TYPE_YEQUDESU" (node_12) is false
[00:41:34.989] [bmv2] [T] [thread 91747] [267.0] [cxt 0] basic.p4(582) Condition "hdr.vxlan.isValid()" (node_15) is false
[00:41:34.989] [bmv2] [T] [thread 91747] [267.0] [cxt 0] basic.p4(586) Condition "hdr.ipv6.isValid()" (node_17) is true
[00:41:34.989] [bmv2] [T] [thread 91747] [267.0] [cxt 0] Applying table 'MyIngress.ipv6_lpm'
[00:41:34.989] [bmv2] [D] [thread 91747] [267.0] [cxt 0] Looking up key:
* hdr.ipv6.dstAddr    : ff020000000000000000000000000002

[00:41:34.990] [bmv2] [D] [thread 91747] [267.0] [cxt 0] Table 'MyIngress.ipv6_lpm': miss
[00:41:34.990] [bmv2] [D] [thread 91747] [267.0] [cxt 0] Action entry is NoAction - 
[00:41:34.990] [bmv2] [T] [thread 91747] [267.0] [cxt 0] Action NoAction
[00:41:34.990] [bmv2] [D] [thread 91747] [267.0] [cxt 0] Pipeline 'ingress': end
[00:41:34.990] [bmv2] [D] [thread 91747] [267.0] [cxt 0] Egress port is 0
[00:41:34.990] [bmv2] [D] [thread 91748] [267.0] [cxt 0] Pipeline 'egress': start
[00:41:34.990] [bmv2] [T] [thread 91748] [267.0] [cxt 0] basic.p4(684) Condition "standard_metadata.mcast_grp != 0" (node_28) is false
[00:41:34.990] [bmv2] [D] [thread 91748] [267.0] [cxt 0] Pipeline 'egress': end
[00:41:34.990] [bmv2] [D] [thread 91748] [267.0] [cxt 0] Deparser 'deparser': start
[00:41:34.990] [bmv2] [T] [thread 91748] [267.0] [cxt 0] Skipping checksum 'cksum' update because condition not met
[00:41:34.990] [bmv2] [D] [thread 91748] [267.0] [cxt 0] Deparsing header 'ethernet'
[00:41:34.990] [bmv2] [D] [thread 91748] [267.0] [cxt 0] Deparsing header 'ipv6'
[00:41:34.990] [bmv2] [D] [thread 91748] [267.0] [cxt 0] Deparser 'deparser': end
[00:41:34.990] [bmv2] [D] [thread 91752] [267.0] [cxt 0] Transmitting packet of size 70 out of port 0
[00:41:43.182] [bmv2] [D] [thread 91747] [268.0] [cxt 0] Processing packet received on port 1
[00:41:43.182] [bmv2] [D] [thread 91747] [268.0] [cxt 0] Parser 'parser': start
[00:41:43.182] [bmv2] [D] [thread 91747] [268.0] [cxt 0] Parser 'parser' entering state 'start'
[00:41:43.182] [bmv2] [D] [thread 91747] [268.0] [cxt 0] Extracting header 'ethernet'
[00:41:43.182] [bmv2] [D] [thread 91747] [268.0] [cxt 0] Parser state 'start': key is 86dd
[00:41:43.182] [bmv2] [T] [thread 91747] [268.0] [cxt 0] Bytes parsed: 14
[00:41:43.182] [bmv2] [D] [thread 91747] [268.0] [cxt 0] Parser 'parser' entering state 'parse_ipv6'
[00:41:43.182] [bmv2] [D] [thread 91747] [268.0] [cxt 0] Extracting header 'ipv6'
[00:41:43.182] [bmv2] [D] [thread 91747] [268.0] [cxt 0] Parser state 'parse_ipv6': key is 3a
[00:41:43.182] [bmv2] [T] [thread 91747] [268.0] [cxt 0] Bytes parsed: 54
[00:41:43.182] [bmv2] [D] [thread 91747] [268.0] [cxt 0] Parser 'parser': end
[00:41:43.182] [bmv2] [D] [thread 91747] [268.0] [cxt 0] Pipeline 'ingress': start
[00:41:43.182] [bmv2] [T] [thread 91747] [268.0] [cxt 0] basic.p4(560) Condition "hdr.ethernet.etherType == TYPE_ARP" (node_2) is false
[00:41:43.182] [bmv2] [T] [thread 91747] [268.0] [cxt 0] basic.p4(563) Condition "hdr.ethernet.etherType == TYPE_SRCROUTING" (node_4) is false
[00:41:43.182] [bmv2] [T] [thread 91747] [268.0] [cxt 0] basic.p4(576) Condition "hdr.ethernet.etherType == TYPE_YEQUDESU" (node_12) is false
[00:41:43.182] [bmv2] [T] [thread 91747] [268.0] [cxt 0] basic.p4(582) Condition "hdr.vxlan.isValid()" (node_15) is false
[00:41:43.182] [bmv2] [T] [thread 91747] [268.0] [cxt 0] basic.p4(586) Condition "hdr.ipv6.isValid()" (node_17) is true
[00:41:43.182] [bmv2] [T] [thread 91747] [268.0] [cxt 0] Applying table 'MyIngress.ipv6_lpm'
[00:41:43.182] [bmv2] [D] [thread 91747] [268.0] [cxt 0] Looking up key:
* hdr.ipv6.dstAddr    : ff020000000000000000000000000002

[00:41:43.182] [bmv2] [D] [thread 91747] [268.0] [cxt 0] Table 'MyIngress.ipv6_lpm': miss
[00:41:43.182] [bmv2] [D] [thread 91747] [268.0] [cxt 0] Action entry is NoAction - 
[00:41:43.182] [bmv2] [T] [thread 91747] [268.0] [cxt 0] Action NoAction
[00:41:43.182] [bmv2] [D] [thread 91747] [268.0] [cxt 0] Pipeline 'ingress': end
[00:41:43.182] [bmv2] [D] [thread 91747] [268.0] [cxt 0] Egress port is 0
[00:41:43.182] [bmv2] [D] [thread 91748] [268.0] [cxt 0] Pipeline 'egress': start
[00:41:43.182] [bmv2] [T] [thread 91748] [268.0] [cxt 0] basic.p4(684) Condition "standard_metadata.mcast_grp != 0" (node_28) is false
[00:41:43.182] [bmv2] [D] [thread 91748] [268.0] [cxt 0] Pipeline 'egress': end
[00:41:43.182] [bmv2] [D] [thread 91748] [268.0] [cxt 0] Deparser 'deparser': start
[00:41:43.182] [bmv2] [T] [thread 91748] [268.0] [cxt 0] Skipping checksum 'cksum' update because condition not met
[00:41:43.182] [bmv2] [D] [thread 91748] [268.0] [cxt 0] Deparsing header 'ethernet'
[00:41:43.182] [bmv2] [D] [thread 91748] [268.0] [cxt 0] Deparsing header 'ipv6'
[00:41:43.182] [bmv2] [D] [thread 91748] [268.0] [cxt 0] Deparser 'deparser': end
[00:41:43.183] [bmv2] [D] [thread 91752] [268.0] [cxt 0] Transmitting packet of size 70 out of port 0
[00:41:51.375] [bmv2] [D] [thread 91747] [269.0] [cxt 0] Processing packet received on port 5
[00:41:51.375] [bmv2] [D] [thread 91747] [269.0] [cxt 0] Parser 'parser': start
[00:41:51.375] [bmv2] [D] [thread 91747] [269.0] [cxt 0] Parser 'parser' entering state 'start'
[00:41:51.375] [bmv2] [D] [thread 91747] [269.0] [cxt 0] Extracting header 'ethernet'
[00:41:51.375] [bmv2] [D] [thread 91747] [269.0] [cxt 0] Parser state 'start': key is 86dd
[00:41:51.375] [bmv2] [T] [thread 91747] [269.0] [cxt 0] Bytes parsed: 14
[00:41:51.375] [bmv2] [D] [thread 91747] [269.0] [cxt 0] Parser 'parser' entering state 'parse_ipv6'
[00:41:51.375] [bmv2] [D] [thread 91747] [269.0] [cxt 0] Extracting header 'ipv6'
[00:41:51.375] [bmv2] [D] [thread 91747] [269.0] [cxt 0] Parser state 'parse_ipv6': key is 3a
[00:41:51.375] [bmv2] [T] [thread 91747] [269.0] [cxt 0] Bytes parsed: 54
[00:41:51.375] [bmv2] [D] [thread 91747] [269.0] [cxt 0] Parser 'parser': end
[00:41:51.375] [bmv2] [D] [thread 91747] [269.0] [cxt 0] Pipeline 'ingress': start
[00:41:51.375] [bmv2] [T] [thread 91747] [269.0] [cxt 0] basic.p4(560) Condition "hdr.ethernet.etherType == TYPE_ARP" (node_2) is false
[00:41:51.375] [bmv2] [T] [thread 91747] [269.0] [cxt 0] basic.p4(563) Condition "hdr.ethernet.etherType == TYPE_SRCROUTING" (node_4) is false
[00:41:51.375] [bmv2] [T] [thread 91747] [269.0] [cxt 0] basic.p4(576) Condition "hdr.ethernet.etherType == TYPE_YEQUDESU" (node_12) is false
[00:41:51.375] [bmv2] [T] [thread 91747] [269.0] [cxt 0] basic.p4(582) Condition "hdr.vxlan.isValid()" (node_15) is false
[00:41:51.375] [bmv2] [T] [thread 91747] [269.0] [cxt 0] basic.p4(586) Condition "hdr.ipv6.isValid()" (node_17) is true
[00:41:51.375] [bmv2] [T] [thread 91747] [269.0] [cxt 0] Applying table 'MyIngress.ipv6_lpm'
[00:41:51.375] [bmv2] [D] [thread 91747] [269.0] [cxt 0] Looking up key:
* hdr.ipv6.dstAddr    : ff020000000000000000000000000002

[00:41:51.375] [bmv2] [D] [thread 91747] [269.0] [cxt 0] Table 'MyIngress.ipv6_lpm': miss
[00:41:51.375] [bmv2] [D] [thread 91747] [269.0] [cxt 0] Action entry is NoAction - 
[00:41:51.375] [bmv2] [T] [thread 91747] [269.0] [cxt 0] Action NoAction
[00:41:51.375] [bmv2] [D] [thread 91747] [269.0] [cxt 0] Pipeline 'ingress': end
[00:41:51.375] [bmv2] [D] [thread 91747] [269.0] [cxt 0] Egress port is 0
[00:41:51.375] [bmv2] [D] [thread 91748] [269.0] [cxt 0] Pipeline 'egress': start
[00:41:51.375] [bmv2] [T] [thread 91748] [269.0] [cxt 0] basic.p4(684) Condition "standard_metadata.mcast_grp != 0" (node_28) is false
[00:41:51.375] [bmv2] [D] [thread 91748] [269.0] [cxt 0] Pipeline 'egress': end
[00:41:51.375] [bmv2] [D] [thread 91748] [269.0] [cxt 0] Deparser 'deparser': start
[00:41:51.375] [bmv2] [T] [thread 91748] [269.0] [cxt 0] Skipping checksum 'cksum' update because condition not met
[00:41:51.375] [bmv2] [D] [thread 91748] [269.0] [cxt 0] Deparsing header 'ethernet'
[00:41:51.375] [bmv2] [D] [thread 91748] [269.0] [cxt 0] Deparsing header 'ipv6'
[00:41:51.375] [bmv2] [D] [thread 91748] [269.0] [cxt 0] Deparser 'deparser': end
[00:41:51.375] [bmv2] [D] [thread 91752] [269.0] [cxt 0] Transmitting packet of size 70 out of port 0
