Calling target program-options parser
[00:36:39.957] [bmv2] [D] [thread 91936] Set default default entry for table 'MyIngress.arp_match': MyIngress.drop - 
[00:36:39.957] [bmv2] [D] [thread 91936] Set default default entry for table 'tbl_srcRoute_finish': MyIngress.srcRoute_finish - 
[00:36:39.957] [bmv2] [D] [thread 91936] Set default default entry for table 'MyIngress.ipv4_lpm_src': NoAction - 
[00:36:39.957] [bmv2] [D] [thread 91936] Set default default entry for table 'tbl_srcRoute_nhop': MyIngress.srcRoute_nhop - 
[00:36:39.957] [bmv2] [D] [thread 91936] Set default default entry for table 'tbl_update_ttl': MyIngress.update_ttl - 
[00:36:39.957] [bmv2] [D] [thread 91936] Set default default entry for table 'MyIngress.yequdesu_exact': MyIngress.drop - 
[00:36:39.957] [bmv2] [D] [thread 91936] Set default default entry for table 'MyIngress.vxlan_decap_exact': MyIngress.drop - 
[00:36:39.957] [bmv2] [D] [thread 91936] Set default default entry for table 'MyIngress.ipv6_lpm': NoAction - 
[00:36:39.957] [bmv2] [D] [thread 91936] Set default default entry for table 'MyIngress.vxlan_lpm': NoAction - 
[00:36:39.957] [bmv2] [D] [thread 91936] Set default default entry for table 'MyIngress.modality_schedule': NoAction - 
[00:36:39.957] [bmv2] [D] [thread 91936] Set default default entry for table 'MyIngress.adjudication': NoAction - 
[00:36:39.957] [bmv2] [D] [thread 91936] Set default default entry for table 'MyIngress.ipv4_lpm': NoAction - 
[00:36:39.957] [bmv2] [D] [thread 91936] Set default default entry for table 'MyEgress.egress_encap_ipv6': NoAction - 
[00:36:39.957] [bmv2] [D] [thread 91936] Set default default entry for table 'MyEgress.egress_encap_yequdesu': NoAction - 
[00:36:39.957] [bmv2] [D] [thread 91936] Set default default entry for table 'MyEgress.egress_encap_vxlan': NoAction - 
Adding interface s11-eth1 as port 1
[00:36:39.961] [bmv2] [D] [thread 91936] Adding interface s11-eth1 as port 1
Adding interface s11-eth2 as port 2
[00:36:39.979] [bmv2] [D] [thread 91936] Adding interface s11-eth2 as port 2
Server listening on 0.0.0.0:50053
[00:36:40.007] [bmv2] [I] [thread 91936] Starting Thrift server on port 9092
[00:36:40.007] [bmv2] [I] [thread 91936] Thrift server was started
[00:36:40.016] [bmv2] [D] [thread 91956] [0.0] [cxt 0] Processing packet received on port 2
[00:36:40.016] [bmv2] [D] [thread 91956] [0.0] [cxt 0] Parser 'parser': start
[00:36:40.016] [bmv2] [D] [thread 91956] [0.0] [cxt 0] Parser 'parser' entering state 'start'
[00:36:40.016] [bmv2] [D] [thread 91956] [0.0] [cxt 0] Extracting header 'ethernet'
[00:36:40.016] [bmv2] [D] [thread 91956] [0.0] [cxt 0] Parser state 'start': key is 86dd
[00:36:40.016] [bmv2] [T] [thread 91956] [0.0] [cxt 0] Bytes parsed: 14
[00:36:40.016] [bmv2] [D] [thread 91956] [0.0] [cxt 0] Parser 'parser' entering state 'parse_ipv6'
[00:36:40.016] [bmv2] [D] [thread 91956] [0.0] [cxt 0] Extracting header 'ipv6'
[00:36:40.016] [bmv2] [D] [thread 91956] [0.0] [cxt 0] Parser state 'parse_ipv6': key is 00
[00:36:40.016] [bmv2] [T] [thread 91956] [0.0] [cxt 0] Bytes parsed: 54
[00:36:40.016] [bmv2] [D] [thread 91956] [0.0] [cxt 0] Parser 'parser': end
[00:36:40.016] [bmv2] [D] [thread 91956] [0.0] [cxt 0] Pipeline 'ingress': start
[00:36:40.016] [bmv2] [T] [thread 91956] [0.0] [cxt 0] basic.p4(560) Condition "hdr.ethernet.etherType == TYPE_ARP" (node_2) is false
[00:36:40.016] [bmv2] [T] [thread 91956] [0.0] [cxt 0] basic.p4(563) Condition "hdr.ethernet.etherType == TYPE_SRCROUTING" (node_4) is false
[00:36:40.016] [bmv2] [T] [thread 91956] [0.0] [cxt 0] basic.p4(576) Condition "hdr.ethernet.etherType == TYPE_YEQUDESU" (node_12) is false
[00:36:40.016] [bmv2] [T] [thread 91956] [0.0] [cxt 0] basic.p4(582) Condition "hdr.vxlan.isValid()" (node_15) is false
[00:36:40.016] [bmv2] [T] [thread 91956] [0.0] [cxt 0] basic.p4(586) Condition "hdr.ipv6.isValid()" (node_17) is true
[00:36:40.016] [bmv2] [T] [thread 91956] [0.0] [cxt 0] Applying table 'MyIngress.ipv6_lpm'
[00:36:40.016] [bmv2] [D] [thread 91956] [0.0] [cxt 0] Looking up key:
* hdr.ipv6.dstAddr    : ff020000000000000000000000000016

[00:36:40.016] [bmv2] [D] [thread 91956] [0.0] [cxt 0] Table 'MyIngress.ipv6_lpm': miss
[00:36:40.016] [bmv2] [D] [thread 91956] [0.0] [cxt 0] Action entry is NoAction - 
[00:36:40.016] [bmv2] [T] [thread 91956] [0.0] [cxt 0] Action NoAction
[00:36:40.016] [bmv2] [D] [thread 91956] [0.0] [cxt 0] Pipeline 'ingress': end
[00:36:40.016] [bmv2] [D] [thread 91956] [0.0] [cxt 0] Egress port is 0
[00:36:40.016] [bmv2] [D] [thread 91956] [1.0] [cxt 0] Processing packet received on port 2
[00:36:40.016] [bmv2] [D] [thread 91956] [1.0] [cxt 0] Parser 'parser': start
[00:36:40.016] [bmv2] [D] [thread 91956] [1.0] [cxt 0] Parser 'parser' entering state 'start'
[00:36:40.016] [bmv2] [D] [thread 91956] [1.0] [cxt 0] Extracting header 'ethernet'
[00:36:40.016] [bmv2] [D] [thread 91956] [1.0] [cxt 0] Parser state 'start': key is 86dd
[00:36:40.016] [bmv2] [T] [thread 91956] [1.0] [cxt 0] Bytes parsed: 14
[00:36:40.016] [bmv2] [D] [thread 91956] [1.0] [cxt 0] Parser 'parser' entering state 'parse_ipv6'
[00:36:40.016] [bmv2] [D] [thread 91956] [1.0] [cxt 0] Extracting header 'ipv6'
[00:36:40.016] [bmv2] [D] [thread 91956] [1.0] [cxt 0] Parser state 'parse_ipv6': key is 3a
[00:36:40.016] [bmv2] [T] [thread 91956] [1.0] [cxt 0] Bytes parsed: 54
[00:36:40.016] [bmv2] [D] [thread 91956] [1.0] [cxt 0] Parser 'parser': end
[00:36:40.016] [bmv2] [D] [thread 91956] [1.0] [cxt 0] Pipeline 'ingress': start
[00:36:40.016] [bmv2] [T] [thread 91956] [1.0] [cxt 0] basic.p4(560) Condition "hdr.ethernet.etherType == TYPE_ARP" (node_2) is false
[00:36:40.016] [bmv2] [T] [thread 91956] [1.0] [cxt 0] basic.p4(563) Condition "hdr.ethernet.etherType == TYPE_SRCROUTING" (node_4) is false
[00:36:40.016] [bmv2] [T] [thread 91956] [1.0] [cxt 0] basic.p4(576) Condition "hdr.ethernet.etherType == TYPE_YEQUDESU" (node_12) is false
[00:36:40.016] [bmv2] [T] [thread 91956] [1.0] [cxt 0] basic.p4(582) Condition "hdr.vxlan.isValid()" (node_15) is false
[00:36:40.016] [bmv2] [T] [thread 91956] [1.0] [cxt 0] basic.p4(586) Condition "hdr.ipv6.isValid()" (node_17) is true
[00:36:40.016] [bmv2] [T] [thread 91956] [1.0] [cxt 0] Applying table 'MyIngress.ipv6_lpm'
[00:36:40.016] [bmv2] [D] [thread 91956] [1.0] [cxt 0] Looking up key:
* hdr.ipv6.dstAddr    : ff020000000000000000000000000002

[00:36:40.016] [bmv2] [D] [thread 91956] [1.0] [cxt 0] Table 'MyIngress.ipv6_lpm': miss
[00:36:40.016] [bmv2] [D] [thread 91956] [1.0] [cxt 0] Action entry is NoAction - 
[00:36:40.016] [bmv2] [T] [thread 91956] [1.0] [cxt 0] Action NoAction
[00:36:40.016] [bmv2] [D] [thread 91956] [1.0] [cxt 0] Pipeline 'ingress': end
[00:36:40.016] [bmv2] [D] [thread 91956] [1.0] [cxt 0] Egress port is 0
[00:36:40.016] [bmv2] [D] [thread 91957] [0.0] [cxt 0] Pipeline 'egress': start
[00:36:40.016] [bmv2] [T] [thread 91957] [0.0] [cxt 0] basic.p4(684) Condition "standard_metadata.mcast_grp != 0" (node_28) is false
[00:36:40.016] [bmv2] [D] [thread 91957] [0.0] [cxt 0] Pipeline 'egress': end
[00:36:40.016] [bmv2] [D] [thread 91957] [0.0] [cxt 0] Deparser 'deparser': start
[00:36:40.016] [bmv2] [T] [thread 91957] [0.0] [cxt 0] Skipping checksum 'cksum' update because condition not met
[00:36:40.016] [bmv2] [D] [thread 91957] [0.0] [cxt 0] Deparsing header 'ethernet'
[00:36:40.016] [bmv2] [D] [thread 91957] [0.0] [cxt 0] Deparsing header 'ipv6'
[00:36:40.016] [bmv2] [D] [thread 91957] [0.0] [cxt 0] Deparser 'deparser': end
[00:36:40.016] [bmv2] [D] [thread 91957] [1.0] [cxt 0] Pipeline 'egress': start
[00:36:40.016] [bmv2] [T] [thread 91957] [1.0] [cxt 0] basic.p4(684) Condition "standard_metadata.mcast_grp != 0" (node_28) is false
[00:36:40.016] [bmv2] [D] [thread 91957] [1.0] [cxt 0] Pipeline 'egress': end
[00:36:40.016] [bmv2] [D] [thread 91957] [1.0] [cxt 0] Deparser 'deparser': start
[00:36:40.016] [bmv2] [T] [thread 91957] [1.0] [cxt 0] Skipping checksum 'cksum' update because condition not met
[00:36:40.016] [bmv2] [D] [thread 91957] [1.0] [cxt 0] Deparsing header 'ethernet'
[00:36:40.016] [bmv2] [D] [thread 91957] [1.0] [cxt 0] Deparsing header 'ipv6'
[00:36:40.016] [bmv2] [D] [thread 91957] [1.0] [cxt 0] Deparser 'deparser': end
[00:36:40.017] [bmv2] [D] [thread 91961] [0.0] [cxt 0] Transmitting packet of size 90 out of port 0
[00:36:40.017] [bmv2] [D] [thread 91961] [1.0] [cxt 0] Transmitting packet of size 70 out of port 0
[00:36:40.018] [bmv2] [D] [thread 91956] [2.0] [cxt 0] Processing packet received on port 2
[00:36:40.018] [bmv2] [D] [thread 91956] [2.0] [cxt 0] Parser 'parser': start
[00:36:40.018] [bmv2] [D] [thread 91956] [2.0] [cxt 0] Parser 'parser' entering state 'start'
[00:36:40.018] [bmv2] [D] [thread 91956] [2.0] [cxt 0] Extracting header 'ethernet'
[00:36:40.018] [bmv2] [D] [thread 91956] [2.0] [cxt 0] Parser state 'start': key is 86dd
[00:36:40.018] [bmv2] [T] [thread 91956] [2.0] [cxt 0] Bytes parsed: 14
[00:36:40.018] [bmv2] [D] [thread 91956] [2.0] [cxt 0] Parser 'parser' entering state 'parse_ipv6'
[00:36:40.018] [bmv2] [D] [thread 91956] [2.0] [cxt 0] Extracting header 'ipv6'
[00:36:40.018] [bmv2] [D] [thread 91956] [2.0] [cxt 0] Parser state 'parse_ipv6': key is 00
[00:36:40.018] [bmv2] [T] [thread 91956] [2.0] [cxt 0] Bytes parsed: 54
[00:36:40.018] [bmv2] [D] [thread 91956] [2.0] [cxt 0] Parser 'parser': end
[00:36:40.018] [bmv2] [D] [thread 91956] [2.0] [cxt 0] Pipeline 'ingress': start
[00:36:40.018] [bmv2] [T] [thread 91956] [2.0] [cxt 0] basic.p4(560) Condition "hdr.ethernet.etherType == TYPE_ARP" (node_2) is false
[00:36:40.018] [bmv2] [T] [thread 91956] [2.0] [cxt 0] basic.p4(563) Condition "hdr.ethernet.etherType == TYPE_SRCROUTING" (node_4) is false
[00:36:40.018] [bmv2] [T] [thread 91956] [2.0] [cxt 0] basic.p4(576) Condition "hdr.ethernet.etherType == TYPE_YEQUDESU" (node_12) is false
[00:36:40.018] [bmv2] [T] [thread 91956] [2.0] [cxt 0] basic.p4(582) Condition "hdr.vxlan.isValid()" (node_15) is false
[00:36:40.018] [bmv2] [T] [thread 91956] [2.0] [cxt 0] basic.p4(586) Condition "hdr.ipv6.isValid()" (node_17) is true
[00:36:40.018] [bmv2] [T] [thread 91956] [2.0] [cxt 0] Applying table 'MyIngress.ipv6_lpm'
[00:36:40.018] [bmv2] [D] [thread 91956] [2.0] [cxt 0] Looking up key:
* hdr.ipv6.dstAddr    : ff020000000000000000000000000016

[00:36:40.018] [bmv2] [D] [thread 91956] [2.0] [cxt 0] Table 'MyIngress.ipv6_lpm': miss
[00:36:40.018] [bmv2] [D] [thread 91956] [2.0] [cxt 0] Action entry is NoAction - 
[00:36:40.018] [bmv2] [T] [thread 91956] [2.0] [cxt 0] Action NoAction
[00:36:40.018] [bmv2] [D] [thread 91956] [2.0] [cxt 0] Pipeline 'ingress': end
[00:36:40.018] [bmv2] [D] [thread 91956] [2.0] [cxt 0] Egress port is 0
[00:36:40.018] [bmv2] [D] [thread 91957] [2.0] [cxt 0] Pipeline 'egress': start
[00:36:40.018] [bmv2] [T] [thread 91957] [2.0] [cxt 0] basic.p4(684) Condition "standard_metadata.mcast_grp != 0" (node_28) is false
[00:36:40.018] [bmv2] [D] [thread 91957] [2.0] [cxt 0] Pipeline 'egress': end
[00:36:40.018] [bmv2] [D] [thread 91957] [2.0] [cxt 0] Deparser 'deparser': start
[00:36:40.018] [bmv2] [T] [thread 91957] [2.0] [cxt 0] Skipping checksum 'cksum' update because condition not met
[00:36:40.018] [bmv2] [D] [thread 91957] [2.0] [cxt 0] Deparsing header 'ethernet'
[00:36:40.018] [bmv2] [D] [thread 91957] [2.0] [cxt 0] Deparsing header 'ipv6'
[00:36:40.018] [bmv2] [D] [thread 91957] [2.0] [cxt 0] Deparser 'deparser': end
[00:36:40.019] [bmv2] [D] [thread 91961] [2.0] [cxt 0] Transmitting packet of size 90 out of port 0
[00:36:40.115] [bmv2] [D] [thread 91956] [3.0] [cxt 0] Processing packet received on port 2
[00:36:40.115] [bmv2] [D] [thread 91956] [3.0] [cxt 0] Parser 'parser': start
[00:36:40.115] [bmv2] [D] [thread 91956] [3.0] [cxt 0] Parser 'parser' entering state 'start'
[00:36:40.115] [bmv2] [D] [thread 91956] [3.0] [cxt 0] Extracting header 'ethernet'
[00:36:40.115] [bmv2] [D] [thread 91956] [3.0] [cxt 0] Parser state 'start': key is 86dd
[00:36:40.115] [bmv2] [T] [thread 91956] [3.0] [cxt 0] Bytes parsed: 14
[00:36:40.115] [bmv2] [D] [thread 91956] [3.0] [cxt 0] Parser 'parser' entering state 'parse_ipv6'
[00:36:40.115] [bmv2] [D] [thread 91956] [3.0] [cxt 0] Extracting header 'ipv6'
[00:36:40.115] [bmv2] [D] [thread 91956] [3.0] [cxt 0] Parser state 'parse_ipv6': key is 11
[00:36:40.115] [bmv2] [T] [thread 91956] [3.0] [cxt 0] Bytes parsed: 54
[00:36:40.115] [bmv2] [D] [thread 91956] [3.0] [cxt 0] Parser 'parser': end
[00:36:40.115] [bmv2] [D] [thread 91956] [3.0] [cxt 0] Pipeline 'ingress': start
[00:36:40.115] [bmv2] [T] [thread 91956] [3.0] [cxt 0] basic.p4(560) Condition "hdr.ethernet.etherType == TYPE_ARP" (node_2) is false
[00:36:40.115] [bmv2] [T] [thread 91956] [3.0] [cxt 0] basic.p4(563) Condition "hdr.ethernet.etherType == TYPE_SRCROUTING" (node_4) is false
[00:36:40.115] [bmv2] [T] [thread 91956] [3.0] [cxt 0] basic.p4(576) Condition "hdr.ethernet.etherType == TYPE_YEQUDESU" (node_12) is false
[00:36:40.115] [bmv2] [T] [thread 91956] [3.0] [cxt 0] basic.p4(582) Condition "hdr.vxlan.isValid()" (node_15) is false
[00:36:40.115] [bmv2] [T] [thread 91956] [3.0] [cxt 0] basic.p4(586) Condition "hdr.ipv6.isValid()" (node_17) is true
[00:36:40.115] [bmv2] [T] [thread 91956] [3.0] [cxt 0] Applying table 'MyIngress.ipv6_lpm'
[00:36:40.115] [bmv2] [D] [thread 91956] [3.0] [cxt 0] Looking up key:
* hdr.ipv6.dstAddr    : ff0200000000000000000000000000fb

[00:36:40.115] [bmv2] [D] [thread 91956] [3.0] [cxt 0] Table 'MyIngress.ipv6_lpm': miss
[00:36:40.115] [bmv2] [D] [thread 91956] [3.0] [cxt 0] Action entry is NoAction - 
[00:36:40.115] [bmv2] [T] [thread 91956] [3.0] [cxt 0] Action NoAction
[00:36:40.115] [bmv2] [D] [thread 91956] [3.0] [cxt 0] Pipeline 'ingress': end
[00:36:40.115] [bmv2] [D] [thread 91956] [3.0] [cxt 0] Egress port is 0
[00:36:40.116] [bmv2] [D] [thread 91957] [3.0] [cxt 0] Pipeline 'egress': start
[00:36:40.116] [bmv2] [T] [thread 91957] [3.0] [cxt 0] basic.p4(684) Condition "standard_metadata.mcast_grp != 0" (node_28) is false
[00:36:40.116] [bmv2] [D] [thread 91957] [3.0] [cxt 0] Pipeline 'egress': end
[00:36:40.116] [bmv2] [D] [thread 91957] [3.0] [cxt 0] Deparser 'deparser': start
[00:36:40.116] [bmv2] [T] [thread 91957] [3.0] [cxt 0] Skipping checksum 'cksum' update because condition not met
[00:36:40.116] [bmv2] [D] [thread 91957] [3.0] [cxt 0] Deparsing header 'ethernet'
[00:36:40.116] [bmv2] [D] [thread 91957] [3.0] [cxt 0] Deparsing header 'ipv6'
[00:36:40.116] [bmv2] [D] [thread 91957] [3.0] [cxt 0] Deparser 'deparser': end
[00:36:40.116] [bmv2] [D] [thread 91961] [3.0] [cxt 0] Transmitting packet of size 203 out of port 0
[00:36:40.120] [bmv2] [D] [thread 91956] [4.0] [cxt 0] Processing packet received on port 1
[00:36:40.120] [bmv2] [D] [thread 91956] [4.0] [cxt 0] Parser 'parser': start
[00:36:40.120] [bmv2] [D] [thread 91956] [4.0] [cxt 0] Parser 'parser' entering state 'start'
[00:36:40.120] [bmv2] [D] [thread 91956] [4.0] [cxt 0] Extracting header 'ethernet'
[00:36:40.120] [bmv2] [D] [thread 91956] [4.0] [cxt 0] Parser state 'start': key is 86dd
[00:36:40.120] [bmv2] [T] [thread 91956] [4.0] [cxt 0] Bytes parsed: 14
[00:36:40.120] [bmv2] [D] [thread 91956] [4.0] [cxt 0] Parser 'parser' entering state 'parse_ipv6'
[00:36:40.120] [bmv2] [D] [thread 91956] [4.0] [cxt 0] Extracting header 'ipv6'
[00:36:40.120] [bmv2] [D] [thread 91956] [4.0] [cxt 0] Parser state 'parse_ipv6': key is 11
[00:36:40.120] [bmv2] [T] [thread 91956] [4.0] [cxt 0] Bytes parsed: 54
[00:36:40.120] [bmv2] [D] [thread 91956] [4.0] [cxt 0] Parser 'parser': end
[00:36:40.120] [bmv2] [D] [thread 91956] [4.0] [cxt 0] Pipeline 'ingress': start
[00:36:40.120] [bmv2] [T] [thread 91956] [4.0] [cxt 0] basic.p4(560) Condition "hdr.ethernet.etherType == TYPE_ARP" (node_2) is false
[00:36:40.120] [bmv2] [T] [thread 91956] [4.0] [cxt 0] basic.p4(563) Condition "hdr.ethernet.etherType == TYPE_SRCROUTING" (node_4) is false
[00:36:40.120] [bmv2] [T] [thread 91956] [4.0] [cxt 0] basic.p4(576) Condition "hdr.ethernet.etherType == TYPE_YEQUDESU" (node_12) is false
[00:36:40.120] [bmv2] [T] [thread 91956] [4.0] [cxt 0] basic.p4(582) Condition "hdr.vxlan.isValid()" (node_15) is false
[00:36:40.120] [bmv2] [T] [thread 91956] [4.0] [cxt 0] basic.p4(586) Condition "hdr.ipv6.isValid()" (node_17) is true
[00:36:40.120] [bmv2] [T] [thread 91956] [4.0] [cxt 0] Applying table 'MyIngress.ipv6_lpm'
[00:36:40.120] [bmv2] [D] [thread 91956] [4.0] [cxt 0] Looking up key:
* hdr.ipv6.dstAddr    : ff0200000000000000000000000000fb

[00:36:40.120] [bmv2] [D] [thread 91956] [4.0] [cxt 0] Table 'MyIngress.ipv6_lpm': miss
[00:36:40.120] [bmv2] [D] [thread 91956] [4.0] [cxt 0] Action entry is NoAction - 
[00:36:40.120] [bmv2] [T] [thread 91956] [4.0] [cxt 0] Action NoAction
[00:36:40.120] [bmv2] [D] [thread 91956] [4.0] [cxt 0] Pipeline 'ingress': end
[00:36:40.120] [bmv2] [D] [thread 91956] [4.0] [cxt 0] Egress port is 0
[00:36:40.121] [bmv2] [D] [thread 91957] [4.0] [cxt 0] Pipeline 'egress': start
[00:36:40.121] [bmv2] [T] [thread 91957] [4.0] [cxt 0] basic.p4(684) Condition "standard_metadata.mcast_grp != 0" (node_28) is false
[00:36:40.121] [bmv2] [D] [thread 91957] [4.0] [cxt 0] Pipeline 'egress': end
[00:36:40.121] [bmv2] [D] [thread 91957] [4.0] [cxt 0] Deparser 'deparser': start
[00:36:40.121] [bmv2] [T] [thread 91957] [4.0] [cxt 0] Skipping checksum 'cksum' update because condition not met
[00:36:40.121] [bmv2] [D] [thread 91957] [4.0] [cxt 0] Deparsing header 'ethernet'
[00:36:40.121] [bmv2] [D] [thread 91957] [4.0] [cxt 0] Deparsing header 'ipv6'
[00:36:40.121] [bmv2] [D] [thread 91957] [4.0] [cxt 0] Deparser 'deparser': end
[00:36:40.121] [bmv2] [D] [thread 91961] [4.0] [cxt 0] Transmitting packet of size 211 out of port 0
[00:36:40.124] [bmv2] [D] [thread 91956] [5.0] [cxt 0] Processing packet received on port 2
[00:36:40.124] [bmv2] [D] [thread 91956] [5.0] [cxt 0] Parser 'parser': start
[00:36:40.124] [bmv2] [D] [thread 91956] [5.0] [cxt 0] Parser 'parser' entering state 'start'
[00:36:40.124] [bmv2] [D] [thread 91956] [5.0] [cxt 0] Extracting header 'ethernet'
[00:36:40.124] [bmv2] [D] [thread 91956] [5.0] [cxt 0] Parser state 'start': key is 86dd
[00:36:40.124] [bmv2] [T] [thread 91956] [5.0] [cxt 0] Bytes parsed: 14
[00:36:40.124] [bmv2] [D] [thread 91956] [5.0] [cxt 0] Parser 'parser' entering state 'parse_ipv6'
[00:36:40.124] [bmv2] [D] [thread 91956] [5.0] [cxt 0] Extracting header 'ipv6'
[00:36:40.124] [bmv2] [D] [thread 91956] [5.0] [cxt 0] Parser state 'parse_ipv6': key is 11
[00:36:40.124] [bmv2] [T] [thread 91956] [5.0] [cxt 0] Bytes parsed: 54
[00:36:40.124] [bmv2] [D] [thread 91956] [5.0] [cxt 0] Parser 'parser': end
[00:36:40.124] [bmv2] [D] [thread 91956] [5.0] [cxt 0] Pipeline 'ingress': start
[00:36:40.124] [bmv2] [T] [thread 91956] [5.0] [cxt 0] basic.p4(560) Condition "hdr.ethernet.etherType == TYPE_ARP" (node_2) is false
[00:36:40.124] [bmv2] [T] [thread 91956] [5.0] [cxt 0] basic.p4(563) Condition "hdr.ethernet.etherType == TYPE_SRCROUTING" (node_4) is false
[00:36:40.124] [bmv2] [T] [thread 91956] [5.0] [cxt 0] basic.p4(576) Condition "hdr.ethernet.etherType == TYPE_YEQUDESU" (node_12) is false
[00:36:40.124] [bmv2] [T] [thread 91956] [5.0] [cxt 0] basic.p4(582) Condition "hdr.vxlan.isValid()" (node_15) is false
[00:36:40.124] [bmv2] [T] [thread 91956] [5.0] [cxt 0] basic.p4(586) Condition "hdr.ipv6.isValid()" (node_17) is true
[00:36:40.124] [bmv2] [T] [thread 91956] [5.0] [cxt 0] Applying table 'MyIngress.ipv6_lpm'
[00:36:40.124] [bmv2] [D] [thread 91956] [5.0] [cxt 0] Looking up key:
* hdr.ipv6.dstAddr    : ff0200000000000000000000000000fb

[00:36:40.124] [bmv2] [D] [thread 91956] [5.0] [cxt 0] Table 'MyIngress.ipv6_lpm': miss
[00:36:40.124] [bmv2] [D] [thread 91956] [5.0] [cxt 0] Action entry is NoAction - 
[00:36:40.124] [bmv2] [T] [thread 91956] [5.0] [cxt 0] Action NoAction
[00:36:40.124] [bmv2] [D] [thread 91956] [5.0] [cxt 0] Pipeline 'ingress': end
[00:36:40.124] [bmv2] [D] [thread 91956] [5.0] [cxt 0] Egress port is 0
[00:36:40.124] [bmv2] [D] [thread 91957] [5.0] [cxt 0] Pipeline 'egress': start
[00:36:40.124] [bmv2] [T] [thread 91957] [5.0] [cxt 0] basic.p4(684) Condition "standard_metadata.mcast_grp != 0" (node_28) is false
[00:36:40.124] [bmv2] [D] [thread 91957] [5.0] [cxt 0] Pipeline 'egress': end
[00:36:40.124] [bmv2] [D] [thread 91957] [5.0] [cxt 0] Deparser 'deparser': start
[00:36:40.124] [bmv2] [T] [thread 91957] [5.0] [cxt 0] Skipping checksum 'cksum' update because condition not met
[00:36:40.124] [bmv2] [D] [thread 91957] [5.0] [cxt 0] Deparsing header 'ethernet'
[00:36:40.124] [bmv2] [D] [thread 91957] [5.0] [cxt 0] Deparsing header 'ipv6'
[00:36:40.124] [bmv2] [D] [thread 91957] [5.0] [cxt 0] Deparser 'deparser': end
[00:36:40.125] [bmv2] [D] [thread 91961] [5.0] [cxt 0] Transmitting packet of size 211 out of port 0
[00:36:40.142] [bmv2] [D] [thread 91956] [6.0] [cxt 0] Processing packet received on port 1
[00:36:40.142] [bmv2] [D] [thread 91956] [6.0] [cxt 0] Parser 'parser': start
[00:36:40.142] [bmv2] [D] [thread 91956] [6.0] [cxt 0] Parser 'parser' entering state 'start'
[00:36:40.142] [bmv2] [D] [thread 91956] [6.0] [cxt 0] Extracting header 'ethernet'
[00:36:40.142] [bmv2] [D] [thread 91956] [6.0] [cxt 0] Parser state 'start': key is 86dd
[00:36:40.142] [bmv2] [T] [thread 91956] [6.0] [cxt 0] Bytes parsed: 14
[00:36:40.142] [bmv2] [D] [thread 91956] [6.0] [cxt 0] Parser 'parser' entering state 'parse_ipv6'
[00:36:40.142] [bmv2] [D] [thread 91956] [6.0] [cxt 0] Extracting header 'ipv6'
[00:36:40.142] [bmv2] [D] [thread 91956] [6.0] [cxt 0] Parser state 'parse_ipv6': key is 00
[00:36:40.142] [bmv2] [T] [thread 91956] [6.0] [cxt 0] Bytes parsed: 54
[00:36:40.142] [bmv2] [D] [thread 91956] [6.0] [cxt 0] Parser 'parser': end
[00:36:40.142] [bmv2] [D] [thread 91956] [6.0] [cxt 0] Pipeline 'ingress': start
[00:36:40.142] [bmv2] [T] [thread 91956] [6.0] [cxt 0] basic.p4(560) Condition "hdr.ethernet.etherType == TYPE_ARP" (node_2) is false
[00:36:40.142] [bmv2] [T] [thread 91956] [6.0] [cxt 0] basic.p4(563) Condition "hdr.ethernet.etherType == TYPE_SRCROUTING" (node_4) is false
[00:36:40.142] [bmv2] [T] [thread 91956] [6.0] [cxt 0] basic.p4(576) Condition "hdr.ethernet.etherType == TYPE_YEQUDESU" (node_12) is false
[00:36:40.142] [bmv2] [T] [thread 91956] [6.0] [cxt 0] basic.p4(582) Condition "hdr.vxlan.isValid()" (node_15) is false
[00:36:40.142] [bmv2] [T] [thread 91956] [6.0] [cxt 0] basic.p4(586) Condition "hdr.ipv6.isValid()" (node_17) is true
[00:36:40.142] [bmv2] [T] [thread 91956] [6.0] [cxt 0] Applying table 'MyIngress.ipv6_lpm'
[00:36:40.142] [bmv2] [D] [thread 91956] [6.0] [cxt 0] Looking up key:
* hdr.ipv6.dstAddr    : ff020000000000000000000000000016

[00:36:40.142] [bmv2] [D] [thread 91956] [6.0] [cxt 0] Table 'MyIngress.ipv6_lpm': miss
[00:36:40.142] [bmv2] [D] [thread 91956] [6.0] [cxt 0] Action entry is NoAction - 
[00:36:40.142] [bmv2] [T] [thread 91956] [6.0] [cxt 0] Action NoAction
[00:36:40.142] [bmv2] [D] [thread 91956] [6.0] [cxt 0] Pipeline 'ingress': end
[00:36:40.142] [bmv2] [D] [thread 91956] [6.0] [cxt 0] Egress port is 0
[00:36:40.142] [bmv2] [D] [thread 91956] [7.0] [cxt 0] Processing packet received on port 1
[00:36:40.142] [bmv2] [D] [thread 91956] [7.0] [cxt 0] Parser 'parser': start
[00:36:40.142] [bmv2] [D] [thread 91956] [7.0] [cxt 0] Parser 'parser' entering state 'start'
[00:36:40.142] [bmv2] [D] [thread 91956] [7.0] [cxt 0] Extracting header 'ethernet'
[00:36:40.142] [bmv2] [D] [thread 91956] [7.0] [cxt 0] Parser state 'start': key is 86dd
[00:36:40.142] [bmv2] [T] [thread 91956] [7.0] [cxt 0] Bytes parsed: 14
[00:36:40.142] [bmv2] [D] [thread 91956] [7.0] [cxt 0] Parser 'parser' entering state 'parse_ipv6'
[00:36:40.142] [bmv2] [D] [thread 91956] [7.0] [cxt 0] Extracting header 'ipv6'
[00:36:40.142] [bmv2] [D] [thread 91956] [7.0] [cxt 0] Parser state 'parse_ipv6': key is 3a
[00:36:40.142] [bmv2] [T] [thread 91956] [7.0] [cxt 0] Bytes parsed: 54
[00:36:40.142] [bmv2] [D] [thread 91956] [7.0] [cxt 0] Parser 'parser': end
[00:36:40.142] [bmv2] [D] [thread 91956] [7.0] [cxt 0] Pipeline 'ingress': start
[00:36:40.142] [bmv2] [T] [thread 91956] [7.0] [cxt 0] basic.p4(560) Condition "hdr.ethernet.etherType == TYPE_ARP" (node_2) is false
[00:36:40.142] [bmv2] [T] [thread 91956] [7.0] [cxt 0] basic.p4(563) Condition "hdr.ethernet.etherType == TYPE_SRCROUTING" (node_4) is false
[00:36:40.142] [bmv2] [D] [thread 91957] [6.0] [cxt 0] Pipeline 'egress': start
[00:36:40.142] [bmv2] [T] [thread 91957] [6.0] [cxt 0] basic.p4(684) Condition "standard_metadata.mcast_grp != 0" (node_28) is false
[00:36:40.142] [bmv2] [D] [thread 91957] [6.0] [cxt 0] Pipeline 'egress': end
[00:36:40.142] [bmv2] [D] [thread 91957] [6.0] [cxt 0] Deparser 'deparser': start
[00:36:40.142] [bmv2] [T] [thread 91956] [7.0] [cxt 0] basic.p4(576) Condition "hdr.ethernet.etherType == TYPE_YEQUDESU" (node_12) is false
[00:36:40.142] [bmv2] [T] [thread 91957] [6.0] [cxt 0] Skipping checksum 'cksum' update because condition not met
[00:36:40.142] [bmv2] [T] [thread 91956] [7.0] [cxt 0] basic.p4(582) Condition "hdr.vxlan.isValid()" (node_15) is false
[00:36:40.142] [bmv2] [D] [thread 91957] [6.0] [cxt 0] Deparsing header 'ethernet'
[00:36:40.142] [bmv2] [T] [thread 91956] [7.0] [cxt 0] basic.p4(586) Condition "hdr.ipv6.isValid()" (node_17) is true
[00:36:40.142] [bmv2] [D] [thread 91957] [6.0] [cxt 0] Deparsing header 'ipv6'
[00:36:40.142] [bmv2] [T] [thread 91956] [7.0] [cxt 0] Applying table 'MyIngress.ipv6_lpm'
[00:36:40.142] [bmv2] [D] [thread 91957] [6.0] [cxt 0] Deparser 'deparser': end
[00:36:40.142] [bmv2] [D] [thread 91956] [7.0] [cxt 0] Looking up key:
* hdr.ipv6.dstAddr    : ff020000000000000000000000000002

[00:36:40.142] [bmv2] [D] [thread 91956] [7.0] [cxt 0] Table 'MyIngress.ipv6_lpm': miss
[00:36:40.142] [bmv2] [D] [thread 91956] [7.0] [cxt 0] Action entry is NoAction - 
[00:36:40.142] [bmv2] [T] [thread 91956] [7.0] [cxt 0] Action NoAction
[00:36:40.142] [bmv2] [D] [thread 91956] [7.0] [cxt 0] Pipeline 'ingress': end
[00:36:40.142] [bmv2] [D] [thread 91956] [7.0] [cxt 0] Egress port is 0
[00:36:40.142] [bmv2] [D] [thread 91957] [7.0] [cxt 0] Pipeline 'egress': start
[00:36:40.142] [bmv2] [D] [thread 91961] [6.0] [cxt 0] Transmitting packet of size 90 out of port 0
[00:36:40.142] [bmv2] [T] [thread 91957] [7.0] [cxt 0] basic.p4(684) Condition "standard_metadata.mcast_grp != 0" (node_28) is false
[00:36:40.142] [bmv2] [D] [thread 91957] [7.0] [cxt 0] Pipeline 'egress': end
[00:36:40.142] [bmv2] [D] [thread 91957] [7.0] [cxt 0] Deparser 'deparser': start
[00:36:40.142] [bmv2] [T] [thread 91957] [7.0] [cxt 0] Skipping checksum 'cksum' update because condition not met
[00:36:40.142] [bmv2] [D] [thread 91957] [7.0] [cxt 0] Deparsing header 'ethernet'
[00:36:40.142] [bmv2] [D] [thread 91957] [7.0] [cxt 0] Deparsing header 'ipv6'
[00:36:40.142] [bmv2] [D] [thread 91957] [7.0] [cxt 0] Deparser 'deparser': end
[00:36:40.142] [bmv2] [D] [thread 91961] [7.0] [cxt 0] Transmitting packet of size 70 out of port 0
[00:36:40.144] [bmv2] [D] [thread 91956] [8.0] [cxt 0] Processing packet received on port 1
[00:36:40.144] [bmv2] [D] [thread 91956] [8.0] [cxt 0] Parser 'parser': start
[00:36:40.144] [bmv2] [D] [thread 91956] [8.0] [cxt 0] Parser 'parser' entering state 'start'
[00:36:40.144] [bmv2] [D] [thread 91956] [8.0] [cxt 0] Extracting header 'ethernet'
[00:36:40.144] [bmv2] [D] [thread 91956] [8.0] [cxt 0] Parser state 'start': key is 86dd
[00:36:40.144] [bmv2] [T] [thread 91956] [8.0] [cxt 0] Bytes parsed: 14
[00:36:40.144] [bmv2] [D] [thread 91956] [8.0] [cxt 0] Parser 'parser' entering state 'parse_ipv6'
[00:36:40.144] [bmv2] [D] [thread 91956] [8.0] [cxt 0] Extracting header 'ipv6'
[00:36:40.144] [bmv2] [D] [thread 91956] [8.0] [cxt 0] Parser state 'parse_ipv6': key is 00
[00:36:40.144] [bmv2] [T] [thread 91956] [8.0] [cxt 0] Bytes parsed: 54
[00:36:40.144] [bmv2] [D] [thread 91956] [8.0] [cxt 0] Parser 'parser': end
[00:36:40.144] [bmv2] [D] [thread 91956] [8.0] [cxt 0] Pipeline 'ingress': start
[00:36:40.144] [bmv2] [T] [thread 91956] [8.0] [cxt 0] basic.p4(560) Condition "hdr.ethernet.etherType == TYPE_ARP" (node_2) is false
[00:36:40.144] [bmv2] [T] [thread 91956] [8.0] [cxt 0] basic.p4(563) Condition "hdr.ethernet.etherType == TYPE_SRCROUTING" (node_4) is false
[00:36:40.144] [bmv2] [T] [thread 91956] [8.0] [cxt 0] basic.p4(576) Condition "hdr.ethernet.etherType == TYPE_YEQUDESU" (node_12) is false
[00:36:40.144] [bmv2] [T] [thread 91956] [8.0] [cxt 0] basic.p4(582) Condition "hdr.vxlan.isValid()" (node_15) is false
[00:36:40.144] [bmv2] [T] [thread 91956] [8.0] [cxt 0] basic.p4(586) Condition "hdr.ipv6.isValid()" (node_17) is true
[00:36:40.144] [bmv2] [T] [thread 91956] [8.0] [cxt 0] Applying table 'MyIngress.ipv6_lpm'
[00:36:40.144] [bmv2] [D] [thread 91956] [8.0] [cxt 0] Looking up key:
* hdr.ipv6.dstAddr    : ff020000000000000000000000000016

[00:36:40.144] [bmv2] [D] [thread 91956] [8.0] [cxt 0] Table 'MyIngress.ipv6_lpm': miss
[00:36:40.144] [bmv2] [D] [thread 91956] [8.0] [cxt 0] Action entry is NoAction - 
[00:36:40.144] [bmv2] [T] [thread 91956] [8.0] [cxt 0] Action NoAction
[00:36:40.144] [bmv2] [D] [thread 91956] [8.0] [cxt 0] Pipeline 'ingress': end
[00:36:40.144] [bmv2] [D] [thread 91956] [8.0] [cxt 0] Egress port is 0
[00:36:40.144] [bmv2] [D] [thread 91957] [8.0] [cxt 0] Pipeline 'egress': start
[00:36:40.144] [bmv2] [T] [thread 91957] [8.0] [cxt 0] basic.p4(684) Condition "standard_metadata.mcast_grp != 0" (node_28) is false
[00:36:40.144] [bmv2] [D] [thread 91957] [8.0] [cxt 0] Pipeline 'egress': end
[00:36:40.144] [bmv2] [D] [thread 91957] [8.0] [cxt 0] Deparser 'deparser': start
[00:36:40.144] [bmv2] [T] [thread 91957] [8.0] [cxt 0] Skipping checksum 'cksum' update because condition not met
[00:36:40.144] [bmv2] [D] [thread 91957] [8.0] [cxt 0] Deparsing header 'ethernet'
[00:36:40.144] [bmv2] [D] [thread 91957] [8.0] [cxt 0] Deparsing header 'ipv6'
[00:36:40.144] [bmv2] [D] [thread 91957] [8.0] [cxt 0] Deparser 'deparser': end
[00:36:40.145] [bmv2] [D] [thread 91961] [8.0] [cxt 0] Transmitting packet of size 90 out of port 0
[00:36:40.243] [bmv2] [D] [thread 91956] [9.0] [cxt 0] Processing packet received on port 1
[00:36:40.243] [bmv2] [D] [thread 91956] [9.0] [cxt 0] Parser 'parser': start
[00:36:40.243] [bmv2] [D] [thread 91956] [9.0] [cxt 0] Parser 'parser' entering state 'start'
[00:36:40.243] [bmv2] [D] [thread 91956] [9.0] [cxt 0] Extracting header 'ethernet'
[00:36:40.243] [bmv2] [D] [thread 91956] [9.0] [cxt 0] Parser state 'start': key is 86dd
[00:36:40.243] [bmv2] [T] [thread 91956] [9.0] [cxt 0] Bytes parsed: 14
[00:36:40.243] [bmv2] [D] [thread 91956] [9.0] [cxt 0] Parser 'parser' entering state 'parse_ipv6'
[00:36:40.243] [bmv2] [D] [thread 91956] [9.0] [cxt 0] Extracting header 'ipv6'
[00:36:40.243] [bmv2] [D] [thread 91956] [9.0] [cxt 0] Parser state 'parse_ipv6': key is 11
[00:36:40.243] [bmv2] [T] [thread 91956] [9.0] [cxt 0] Bytes parsed: 54
[00:36:40.243] [bmv2] [D] [thread 91956] [9.0] [cxt 0] Parser 'parser': end
[00:36:40.243] [bmv2] [D] [thread 91956] [9.0] [cxt 0] Pipeline 'ingress': start
[00:36:40.243] [bmv2] [T] [thread 91956] [9.0] [cxt 0] basic.p4(560) Condition "hdr.ethernet.etherType == TYPE_ARP" (node_2) is false
[00:36:40.243] [bmv2] [T] [thread 91956] [9.0] [cxt 0] basic.p4(563) Condition "hdr.ethernet.etherType == TYPE_SRCROUTING" (node_4) is false
[00:36:40.243] [bmv2] [T] [thread 91956] [9.0] [cxt 0] basic.p4(576) Condition "hdr.ethernet.etherType == TYPE_YEQUDESU" (node_12) is false
[00:36:40.243] [bmv2] [T] [thread 91956] [9.0] [cxt 0] basic.p4(582) Condition "hdr.vxlan.isValid()" (node_15) is false
[00:36:40.243] [bmv2] [T] [thread 91956] [9.0] [cxt 0] basic.p4(586) Condition "hdr.ipv6.isValid()" (node_17) is true
[00:36:40.243] [bmv2] [T] [thread 91956] [9.0] [cxt 0] Applying table 'MyIngress.ipv6_lpm'
[00:36:40.243] [bmv2] [D] [thread 91956] [9.0] [cxt 0] Looking up key:
* hdr.ipv6.dstAddr    : ff0200000000000000000000000000fb

[00:36:40.243] [bmv2] [D] [thread 91956] [9.0] [cxt 0] Table 'MyIngress.ipv6_lpm': miss
[00:36:40.243] [bmv2] [D] [thread 91956] [9.0] [cxt 0] Action entry is NoAction - 
[00:36:40.243] [bmv2] [T] [thread 91956] [9.0] [cxt 0] Action NoAction
[00:36:40.243] [bmv2] [D] [thread 91956] [9.0] [cxt 0] Pipeline 'ingress': end
[00:36:40.243] [bmv2] [D] [thread 91956] [9.0] [cxt 0] Egress port is 0
[00:36:40.243] [bmv2] [D] [thread 91957] [9.0] [cxt 0] Pipeline 'egress': start
[00:36:40.243] [bmv2] [T] [thread 91957] [9.0] [cxt 0] basic.p4(684) Condition "standard_metadata.mcast_grp != 0" (node_28) is false
[00:36:40.243] [bmv2] [D] [thread 91957] [9.0] [cxt 0] Pipeline 'egress': end
[00:36:40.243] [bmv2] [D] [thread 91957] [9.0] [cxt 0] Deparser 'deparser': start
[00:36:40.243] [bmv2] [T] [thread 91957] [9.0] [cxt 0] Skipping checksum 'cksum' update because condition not met
[00:36:40.243] [bmv2] [D] [thread 91957] [9.0] [cxt 0] Deparsing header 'ethernet'
[00:36:40.243] [bmv2] [D] [thread 91957] [9.0] [cxt 0] Deparsing header 'ipv6'
[00:36:40.243] [bmv2] [D] [thread 91957] [9.0] [cxt 0] Deparser 'deparser': end
[00:36:40.243] [bmv2] [D] [thread 91961] [9.0] [cxt 0] Transmitting packet of size 203 out of port 0
[00:36:40.252] [bmv2] [D] [thread 91956] [10.0] [cxt 0] Processing packet received on port 1
[00:36:40.252] [bmv2] [D] [thread 91956] [10.0] [cxt 0] Parser 'parser': start
[00:36:40.252] [bmv2] [D] [thread 91956] [10.0] [cxt 0] Parser 'parser' entering state 'start'
[00:36:40.252] [bmv2] [D] [thread 91956] [10.0] [cxt 0] Extracting header 'ethernet'
[00:36:40.252] [bmv2] [D] [thread 91956] [10.0] [cxt 0] Parser state 'start': key is 86dd
[00:36:40.252] [bmv2] [T] [thread 91956] [10.0] [cxt 0] Bytes parsed: 14
[00:36:40.252] [bmv2] [D] [thread 91956] [10.0] [cxt 0] Parser 'parser' entering state 'parse_ipv6'
[00:36:40.252] [bmv2] [D] [thread 91956] [10.0] [cxt 0] Extracting header 'ipv6'
[00:36:40.252] [bmv2] [D] [thread 91956] [10.0] [cxt 0] Parser state 'parse_ipv6': key is 11
[00:36:40.252] [bmv2] [T] [thread 91956] [10.0] [cxt 0] Bytes parsed: 54
[00:36:40.252] [bmv2] [D] [thread 91956] [10.0] [cxt 0] Parser 'parser': end
[00:36:40.252] [bmv2] [D] [thread 91956] [10.0] [cxt 0] Pipeline 'ingress': start
[00:36:40.252] [bmv2] [T] [thread 91956] [10.0] [cxt 0] basic.p4(560) Condition "hdr.ethernet.etherType == TYPE_ARP" (node_2) is false
[00:36:40.252] [bmv2] [T] [thread 91956] [10.0] [cxt 0] basic.p4(563) Condition "hdr.ethernet.etherType == TYPE_SRCROUTING" (node_4) is false
[00:36:40.252] [bmv2] [T] [thread 91956] [10.0] [cxt 0] basic.p4(576) Condition "hdr.ethernet.etherType == TYPE_YEQUDESU" (node_12) is false
[00:36:40.252] [bmv2] [T] [thread 91956] [10.0] [cxt 0] basic.p4(582) Condition "hdr.vxlan.isValid()" (node_15) is false
[00:36:40.252] [bmv2] [T] [thread 91956] [10.0] [cxt 0] basic.p4(586) Condition "hdr.ipv6.isValid()" (node_17) is true
[00:36:40.252] [bmv2] [T] [thread 91956] [10.0] [cxt 0] Applying table 'MyIngress.ipv6_lpm'
[00:36:40.252] [bmv2] [D] [thread 91956] [10.0] [cxt 0] Looking up key:
* hdr.ipv6.dstAddr    : ff0200000000000000000000000000fb

[00:36:40.252] [bmv2] [D] [thread 91956] [10.0] [cxt 0] Table 'MyIngress.ipv6_lpm': miss
[00:36:40.252] [bmv2] [D] [thread 91956] [10.0] [cxt 0] Action entry is NoAction - 
[00:36:40.252] [bmv2] [T] [thread 91956] [10.0] [cxt 0] Action NoAction
[00:36:40.252] [bmv2] [D] [thread 91956] [10.0] [cxt 0] Pipeline 'ingress': end
[00:36:40.252] [bmv2] [D] [thread 91956] [10.0] [cxt 0] Egress port is 0
[00:36:40.252] [bmv2] [D] [thread 91957] [10.0] [cxt 0] Pipeline 'egress': start
[00:36:40.252] [bmv2] [T] [thread 91957] [10.0] [cxt 0] basic.p4(684) Condition "standard_metadata.mcast_grp != 0" (node_28) is false
[00:36:40.252] [bmv2] [D] [thread 91957] [10.0] [cxt 0] Pipeline 'egress': end
[00:36:40.252] [bmv2] [D] [thread 91957] [10.0] [cxt 0] Deparser 'deparser': start
[00:36:40.252] [bmv2] [T] [thread 91957] [10.0] [cxt 0] Skipping checksum 'cksum' update because condition not met
[00:36:40.253] [bmv2] [D] [thread 91957] [10.0] [cxt 0] Deparsing header 'ethernet'
[00:36:40.253] [bmv2] [D] [thread 91957] [10.0] [cxt 0] Deparsing header 'ipv6'
[00:36:40.253] [bmv2] [D] [thread 91957] [10.0] [cxt 0] Deparser 'deparser': end
[00:36:40.253] [bmv2] [D] [thread 91961] [10.0] [cxt 0] Transmitting packet of size 211 out of port 0
[00:36:40.335] [bmv2] [D] [thread 91956] [11.0] [cxt 0] Processing packet received on port 1
[00:36:40.335] [bmv2] [D] [thread 91956] [11.0] [cxt 0] Parser 'parser': start
[00:36:40.335] [bmv2] [D] [thread 91956] [11.0] [cxt 0] Parser 'parser' entering state 'start'
[00:36:40.335] [bmv2] [D] [thread 91956] [11.0] [cxt 0] Extracting header 'ethernet'
[00:36:40.335] [bmv2] [D] [thread 91956] [11.0] [cxt 0] Parser state 'start': key is 86dd
[00:36:40.335] [bmv2] [T] [thread 91956] [11.0] [cxt 0] Bytes parsed: 14
[00:36:40.335] [bmv2] [D] [thread 91956] [11.0] [cxt 0] Parser 'parser' entering state 'parse_ipv6'
[00:36:40.335] [bmv2] [D] [thread 91956] [11.0] [cxt 0] Extracting header 'ipv6'
[00:36:40.335] [bmv2] [D] [thread 91956] [11.0] [cxt 0] Parser state 'parse_ipv6': key is 00
[00:36:40.335] [bmv2] [T] [thread 91956] [11.0] [cxt 0] Bytes parsed: 54
[00:36:40.335] [bmv2] [D] [thread 91956] [11.0] [cxt 0] Parser 'parser': end
[00:36:40.335] [bmv2] [D] [thread 91956] [11.0] [cxt 0] Pipeline 'ingress': start
[00:36:40.335] [bmv2] [T] [thread 91956] [11.0] [cxt 0] basic.p4(560) Condition "hdr.ethernet.etherType == TYPE_ARP" (node_2) is false
[00:36:40.335] [bmv2] [T] [thread 91956] [11.0] [cxt 0] basic.p4(563) Condition "hdr.ethernet.etherType == TYPE_SRCROUTING" (node_4) is false
[00:36:40.335] [bmv2] [T] [thread 91956] [11.0] [cxt 0] basic.p4(576) Condition "hdr.ethernet.etherType == TYPE_YEQUDESU" (node_12) is false
[00:36:40.335] [bmv2] [T] [thread 91956] [11.0] [cxt 0] basic.p4(582) Condition "hdr.vxlan.isValid()" (node_15) is false
[00:36:40.335] [bmv2] [T] [thread 91956] [11.0] [cxt 0] basic.p4(586) Condition "hdr.ipv6.isValid()" (node_17) is true
[00:36:40.335] [bmv2] [T] [thread 91956] [11.0] [cxt 0] Applying table 'MyIngress.ipv6_lpm'
[00:36:40.335] [bmv2] [D] [thread 91956] [11.0] [cxt 0] Looking up key:
* hdr.ipv6.dstAddr    : ff020000000000000000000000000016

[00:36:40.335] [bmv2] [D] [thread 91956] [11.0] [cxt 0] Table 'MyIngress.ipv6_lpm': miss
[00:36:40.335] [bmv2] [D] [thread 91956] [11.0] [cxt 0] Action entry is NoAction - 
[00:36:40.335] [bmv2] [T] [thread 91956] [11.0] [cxt 0] Action NoAction
[00:36:40.335] [bmv2] [D] [thread 91956] [11.0] [cxt 0] Pipeline 'ingress': end
[00:36:40.335] [bmv2] [D] [thread 91956] [11.0] [cxt 0] Egress port is 0
[00:36:40.336] [bmv2] [D] [thread 91957] [11.0] [cxt 0] Pipeline 'egress': start
[00:36:40.336] [bmv2] [T] [thread 91957] [11.0] [cxt 0] basic.p4(684) Condition "standard_metadata.mcast_grp != 0" (node_28) is false
[00:36:40.336] [bmv2] [D] [thread 91957] [11.0] [cxt 0] Pipeline 'egress': end
[00:36:40.336] [bmv2] [D] [thread 91957] [11.0] [cxt 0] Deparser 'deparser': start
[00:36:40.336] [bmv2] [T] [thread 91957] [11.0] [cxt 0] Skipping checksum 'cksum' update because condition not met
[00:36:40.336] [bmv2] [D] [thread 91957] [11.0] [cxt 0] Deparsing header 'ethernet'
[00:36:40.336] [bmv2] [D] [thread 91957] [11.0] [cxt 0] Deparsing header 'ipv6'
[00:36:40.336] [bmv2] [D] [thread 91957] [11.0] [cxt 0] Deparser 'deparser': end
[00:36:40.337] [bmv2] [D] [thread 91961] [11.0] [cxt 0] Transmitting packet of size 90 out of port 0
[00:36:40.371] [bmv2] [D] [thread 91956] [12.0] [cxt 0] Processing packet received on port 1
[00:36:40.371] [bmv2] [D] [thread 91956] [12.0] [cxt 0] Parser 'parser': start
[00:36:40.371] [bmv2] [D] [thread 91956] [12.0] [cxt 0] Parser 'parser' entering state 'start'
[00:36:40.371] [bmv2] [D] [thread 91956] [12.0] [cxt 0] Extracting header 'ethernet'
[00:36:40.371] [bmv2] [D] [thread 91956] [12.0] [cxt 0] Parser state 'start': key is 86dd
[00:36:40.371] [bmv2] [T] [thread 91956] [12.0] [cxt 0] Bytes parsed: 14
[00:36:40.371] [bmv2] [D] [thread 91956] [12.0] [cxt 0] Parser 'parser' entering state 'parse_ipv6'
[00:36:40.371] [bmv2] [D] [thread 91956] [12.0] [cxt 0] Extracting header 'ipv6'
[00:36:40.371] [bmv2] [D] [thread 91956] [12.0] [cxt 0] Parser state 'parse_ipv6': key is 11
[00:36:40.371] [bmv2] [T] [thread 91956] [12.0] [cxt 0] Bytes parsed: 54
[00:36:40.371] [bmv2] [D] [thread 91956] [12.0] [cxt 0] Parser 'parser': end
[00:36:40.371] [bmv2] [D] [thread 91956] [12.0] [cxt 0] Pipeline 'ingress': start
[00:36:40.371] [bmv2] [T] [thread 91956] [12.0] [cxt 0] basic.p4(560) Condition "hdr.ethernet.etherType == TYPE_ARP" (node_2) is false
[00:36:40.371] [bmv2] [T] [thread 91956] [12.0] [cxt 0] basic.p4(563) Condition "hdr.ethernet.etherType == TYPE_SRCROUTING" (node_4) is false
[00:36:40.371] [bmv2] [T] [thread 91956] [12.0] [cxt 0] basic.p4(576) Condition "hdr.ethernet.etherType == TYPE_YEQUDESU" (node_12) is false
[00:36:40.371] [bmv2] [T] [thread 91956] [12.0] [cxt 0] basic.p4(582) Condition "hdr.vxlan.isValid()" (node_15) is false
[00:36:40.371] [bmv2] [T] [thread 91956] [12.0] [cxt 0] basic.p4(586) Condition "hdr.ipv6.isValid()" (node_17) is true
[00:36:40.371] [bmv2] [T] [thread 91956] [12.0] [cxt 0] Applying table 'MyIngress.ipv6_lpm'
[00:36:40.371] [bmv2] [D] [thread 91956] [12.0] [cxt 0] Looking up key:
* hdr.ipv6.dstAddr    : ff0200000000000000000000000000fb

[00:36:40.371] [bmv2] [D] [thread 91956] [12.0] [cxt 0] Table 'MyIngress.ipv6_lpm': miss
[00:36:40.371] [bmv2] [D] [thread 91956] [12.0] [cxt 0] Action entry is NoAction - 
[00:36:40.371] [bmv2] [T] [thread 91956] [12.0] [cxt 0] Action NoAction
[00:36:40.371] [bmv2] [D] [thread 91956] [12.0] [cxt 0] Pipeline 'ingress': end
[00:36:40.371] [bmv2] [D] [thread 91956] [12.0] [cxt 0] Egress port is 0
[00:36:40.371] [bmv2] [D] [thread 91957] [12.0] [cxt 0] Pipeline 'egress': start
[00:36:40.371] [bmv2] [T] [thread 91957] [12.0] [cxt 0] basic.p4(684) Condition "standard_metadata.mcast_grp != 0" (node_28) is false
[00:36:40.371] [bmv2] [D] [thread 91957] [12.0] [cxt 0] Pipeline 'egress': end
[00:36:40.371] [bmv2] [D] [thread 91957] [12.0] [cxt 0] Deparser 'deparser': start
[00:36:40.371] [bmv2] [T] [thread 91957] [12.0] [cxt 0] Skipping checksum 'cksum' update because condition not met
[00:36:40.371] [bmv2] [D] [thread 91957] [12.0] [cxt 0] Deparsing header 'ethernet'
[00:36:40.371] [bmv2] [D] [thread 91957] [12.0] [cxt 0] Deparsing header 'ipv6'
[00:36:40.371] [bmv2] [D] [thread 91957] [12.0] [cxt 0] Deparser 'deparser': end
[00:36:40.371] [bmv2] [D] [thread 91961] [12.0] [cxt 0] Transmitting packet of size 211 out of port 0
[00:36:40.375] [bmv2] [D] [thread 91956] [13.0] [cxt 0] Processing packet received on port 2
[00:36:40.375] [bmv2] [D] [thread 91956] [13.0] [cxt 0] Parser 'parser': start
[00:36:40.375] [bmv2] [D] [thread 91956] [13.0] [cxt 0] Parser 'parser' entering state 'start'
[00:36:40.375] [bmv2] [D] [thread 91956] [13.0] [cxt 0] Extracting header 'ethernet'
[00:36:40.375] [bmv2] [D] [thread 91956] [13.0] [cxt 0] Parser state 'start': key is 86dd
[00:36:40.375] [bmv2] [T] [thread 91956] [13.0] [cxt 0] Bytes parsed: 14
[00:36:40.375] [bmv2] [D] [thread 91956] [13.0] [cxt 0] Parser 'parser' entering state 'parse_ipv6'
[00:36:40.375] [bmv2] [D] [thread 91956] [13.0] [cxt 0] Extracting header 'ipv6'
[00:36:40.375] [bmv2] [D] [thread 91956] [13.0] [cxt 0] Parser state 'parse_ipv6': key is 11
[00:36:40.375] [bmv2] [T] [thread 91956] [13.0] [cxt 0] Bytes parsed: 54
[00:36:40.375] [bmv2] [D] [thread 91956] [13.0] [cxt 0] Parser 'parser': end
[00:36:40.375] [bmv2] [D] [thread 91956] [13.0] [cxt 0] Pipeline 'ingress': start
[00:36:40.375] [bmv2] [T] [thread 91956] [13.0] [cxt 0] basic.p4(560) Condition "hdr.ethernet.etherType == TYPE_ARP" (node_2) is false
[00:36:40.375] [bmv2] [T] [thread 91956] [13.0] [cxt 0] basic.p4(563) Condition "hdr.ethernet.etherType == TYPE_SRCROUTING" (node_4) is false
[00:36:40.375] [bmv2] [T] [thread 91956] [13.0] [cxt 0] basic.p4(576) Condition "hdr.ethernet.etherType == TYPE_YEQUDESU" (node_12) is false
[00:36:40.375] [bmv2] [T] [thread 91956] [13.0] [cxt 0] basic.p4(582) Condition "hdr.vxlan.isValid()" (node_15) is false
[00:36:40.375] [bmv2] [T] [thread 91956] [13.0] [cxt 0] basic.p4(586) Condition "hdr.ipv6.isValid()" (node_17) is true
[00:36:40.375] [bmv2] [T] [thread 91956] [13.0] [cxt 0] Applying table 'MyIngress.ipv6_lpm'
[00:36:40.375] [bmv2] [D] [thread 91956] [13.0] [cxt 0] Looking up key:
* hdr.ipv6.dstAddr    : ff0200000000000000000000000000fb

[00:36:40.375] [bmv2] [D] [thread 91956] [13.0] [cxt 0] Table 'MyIngress.ipv6_lpm': miss
[00:36:40.375] [bmv2] [D] [thread 91956] [13.0] [cxt 0] Action entry is NoAction - 
[00:36:40.375] [bmv2] [T] [thread 91956] [13.0] [cxt 0] Action NoAction
[00:36:40.375] [bmv2] [D] [thread 91956] [13.0] [cxt 0] Pipeline 'ingress': end
[00:36:40.375] [bmv2] [D] [thread 91956] [13.0] [cxt 0] Egress port is 0
[00:36:40.375] [bmv2] [D] [thread 91957] [13.0] [cxt 0] Pipeline 'egress': start
[00:36:40.375] [bmv2] [T] [thread 91957] [13.0] [cxt 0] basic.p4(684) Condition "standard_metadata.mcast_grp != 0" (node_28) is false
[00:36:40.375] [bmv2] [D] [thread 91957] [13.0] [cxt 0] Pipeline 'egress': end
[00:36:40.375] [bmv2] [D] [thread 91957] [13.0] [cxt 0] Deparser 'deparser': start
[00:36:40.375] [bmv2] [T] [thread 91957] [13.0] [cxt 0] Skipping checksum 'cksum' update because condition not met
[00:36:40.375] [bmv2] [D] [thread 91957] [13.0] [cxt 0] Deparsing header 'ethernet'
[00:36:40.375] [bmv2] [D] [thread 91957] [13.0] [cxt 0] Deparsing header 'ipv6'
[00:36:40.375] [bmv2] [D] [thread 91957] [13.0] [cxt 0] Deparser 'deparser': end
[00:36:40.375] [bmv2] [D] [thread 91961] [13.0] [cxt 0] Transmitting packet of size 211 out of port 0
[00:36:40.463] [bmv2] [D] [thread 91956] [14.0] [cxt 0] Processing packet received on port 2
[00:36:40.463] [bmv2] [D] [thread 91956] [14.0] [cxt 0] Parser 'parser': start
[00:36:40.463] [bmv2] [D] [thread 91956] [14.0] [cxt 0] Parser 'parser' entering state 'start'
[00:36:40.463] [bmv2] [D] [thread 91956] [14.0] [cxt 0] Extracting header 'ethernet'
[00:36:40.463] [bmv2] [D] [thread 91956] [14.0] [cxt 0] Parser state 'start': key is 86dd
[00:36:40.463] [bmv2] [T] [thread 91956] [14.0] [cxt 0] Bytes parsed: 14
[00:36:40.463] [bmv2] [D] [thread 91956] [14.0] [cxt 0] Parser 'parser' entering state 'parse_ipv6'
[00:36:40.463] [bmv2] [D] [thread 91956] [14.0] [cxt 0] Extracting header 'ipv6'
[00:36:40.463] [bmv2] [D] [thread 91956] [14.0] [cxt 0] Parser state 'parse_ipv6': key is 00
[00:36:40.463] [bmv2] [T] [thread 91956] [14.0] [cxt 0] Bytes parsed: 54
[00:36:40.463] [bmv2] [D] [thread 91956] [14.0] [cxt 0] Parser 'parser': end
[00:36:40.463] [bmv2] [D] [thread 91956] [14.0] [cxt 0] Pipeline 'ingress': start
[00:36:40.463] [bmv2] [T] [thread 91956] [14.0] [cxt 0] basic.p4(560) Condition "hdr.ethernet.etherType == TYPE_ARP" (node_2) is false
[00:36:40.463] [bmv2] [T] [thread 91956] [14.0] [cxt 0] basic.p4(563) Condition "hdr.ethernet.etherType == TYPE_SRCROUTING" (node_4) is false
[00:36:40.463] [bmv2] [T] [thread 91956] [14.0] [cxt 0] basic.p4(576) Condition "hdr.ethernet.etherType == TYPE_YEQUDESU" (node_12) is false
[00:36:40.463] [bmv2] [T] [thread 91956] [14.0] [cxt 0] basic.p4(582) Condition "hdr.vxlan.isValid()" (node_15) is false
[00:36:40.463] [bmv2] [T] [thread 91956] [14.0] [cxt 0] basic.p4(586) Condition "hdr.ipv6.isValid()" (node_17) is true
[00:36:40.463] [bmv2] [T] [thread 91956] [14.0] [cxt 0] Applying table 'MyIngress.ipv6_lpm'
[00:36:40.463] [bmv2] [D] [thread 91956] [14.0] [cxt 0] Looking up key:
* hdr.ipv6.dstAddr    : ff020000000000000000000000000016

[00:36:40.463] [bmv2] [D] [thread 91956] [14.0] [cxt 0] Table 'MyIngress.ipv6_lpm': miss
[00:36:40.463] [bmv2] [D] [thread 91956] [14.0] [cxt 0] Action entry is NoAction - 
[00:36:40.463] [bmv2] [T] [thread 91956] [14.0] [cxt 0] Action NoAction
[00:36:40.463] [bmv2] [D] [thread 91956] [14.0] [cxt 0] Pipeline 'ingress': end
[00:36:40.463] [bmv2] [D] [thread 91956] [14.0] [cxt 0] Egress port is 0
[00:36:40.463] [bmv2] [D] [thread 91956] [15.0] [cxt 0] Processing packet received on port 2
[00:36:40.463] [bmv2] [D] [thread 91956] [15.0] [cxt 0] Parser 'parser': start
[00:36:40.463] [bmv2] [D] [thread 91956] [15.0] [cxt 0] Parser 'parser' entering state 'start'
[00:36:40.463] [bmv2] [D] [thread 91956] [15.0] [cxt 0] Extracting header 'ethernet'
[00:36:40.463] [bmv2] [D] [thread 91956] [15.0] [cxt 0] Parser state 'start': key is 86dd
[00:36:40.463] [bmv2] [T] [thread 91956] [15.0] [cxt 0] Bytes parsed: 14
[00:36:40.463] [bmv2] [D] [thread 91956] [15.0] [cxt 0] Parser 'parser' entering state 'parse_ipv6'
[00:36:40.463] [bmv2] [D] [thread 91956] [15.0] [cxt 0] Extracting header 'ipv6'
[00:36:40.463] [bmv2] [D] [thread 91956] [15.0] [cxt 0] Parser state 'parse_ipv6': key is 3a
[00:36:40.463] [bmv2] [T] [thread 91956] [15.0] [cxt 0] Bytes parsed: 54
[00:36:40.463] [bmv2] [D] [thread 91956] [15.0] [cxt 0] Parser 'parser': end
[00:36:40.463] [bmv2] [D] [thread 91956] [15.0] [cxt 0] Pipeline 'ingress': start
[00:36:40.463] [bmv2] [T] [thread 91956] [15.0] [cxt 0] basic.p4(560) Condition "hdr.ethernet.etherType == TYPE_ARP" (node_2) is false
[00:36:40.463] [bmv2] [T] [thread 91956] [15.0] [cxt 0] basic.p4(563) Condition "hdr.ethernet.etherType == TYPE_SRCROUTING" (node_4) is false
[00:36:40.463] [bmv2] [T] [thread 91956] [15.0] [cxt 0] basic.p4(576) Condition "hdr.ethernet.etherType == TYPE_YEQUDESU" (node_12) is false
[00:36:40.463] [bmv2] [T] [thread 91956] [15.0] [cxt 0] basic.p4(582) Condition "hdr.vxlan.isValid()" (node_15) is false
[00:36:40.463] [bmv2] [T] [thread 91956] [15.0] [cxt 0] basic.p4(586) Condition "hdr.ipv6.isValid()" (node_17) is true
[00:36:40.463] [bmv2] [T] [thread 91956] [15.0] [cxt 0] Applying table 'MyIngress.ipv6_lpm'
[00:36:40.463] [bmv2] [D] [thread 91956] [15.0] [cxt 0] Looking up key:
* hdr.ipv6.dstAddr    : ff020000000000000000000000000002

[00:36:40.463] [bmv2] [D] [thread 91956] [15.0] [cxt 0] Table 'MyIngress.ipv6_lpm': miss
[00:36:40.463] [bmv2] [D] [thread 91956] [15.0] [cxt 0] Action entry is NoAction - 
[00:36:40.463] [bmv2] [T] [thread 91956] [15.0] [cxt 0] Action NoAction
[00:36:40.463] [bmv2] [D] [thread 91956] [15.0] [cxt 0] Pipeline 'ingress': end
[00:36:40.463] [bmv2] [D] [thread 91956] [15.0] [cxt 0] Egress port is 0
[00:36:40.463] [bmv2] [D] [thread 91957] [14.0] [cxt 0] Pipeline 'egress': start
[00:36:40.463] [bmv2] [T] [thread 91957] [14.0] [cxt 0] basic.p4(684) Condition "standard_metadata.mcast_grp != 0" (node_28) is false
[00:36:40.463] [bmv2] [D] [thread 91957] [14.0] [cxt 0] Pipeline 'egress': end
[00:36:40.463] [bmv2] [D] [thread 91957] [14.0] [cxt 0] Deparser 'deparser': start
[00:36:40.463] [bmv2] [T] [thread 91957] [14.0] [cxt 0] Skipping checksum 'cksum' update because condition not met
[00:36:40.463] [bmv2] [D] [thread 91957] [14.0] [cxt 0] Deparsing header 'ethernet'
[00:36:40.463] [bmv2] [D] [thread 91957] [14.0] [cxt 0] Deparsing header 'ipv6'
[00:36:40.463] [bmv2] [D] [thread 91957] [14.0] [cxt 0] Deparser 'deparser': end
[00:36:40.464] [bmv2] [D] [thread 91957] [15.0] [cxt 0] Pipeline 'egress': start
[00:36:40.464] [bmv2] [T] [thread 91957] [15.0] [cxt 0] basic.p4(684) Condition "standard_metadata.mcast_grp != 0" (node_28) is false
[00:36:40.464] [bmv2] [D] [thread 91957] [15.0] [cxt 0] Pipeline 'egress': end
[00:36:40.464] [bmv2] [D] [thread 91957] [15.0] [cxt 0] Deparser 'deparser': start
[00:36:40.464] [bmv2] [T] [thread 91957] [15.0] [cxt 0] Skipping checksum 'cksum' update because condition not met
[00:36:40.464] [bmv2] [D] [thread 91957] [15.0] [cxt 0] Deparsing header 'ethernet'
[00:36:40.464] [bmv2] [D] [thread 91957] [15.0] [cxt 0] Deparsing header 'ipv6'
[00:36:40.464] [bmv2] [D] [thread 91957] [15.0] [cxt 0] Deparser 'deparser': end
[00:36:40.465] [bmv2] [D] [thread 91961] [14.0] [cxt 0] Transmitting packet of size 90 out of port 0
[00:36:40.465] [bmv2] [D] [thread 91961] [15.0] [cxt 0] Transmitting packet of size 70 out of port 0
[00:36:40.465] [bmv2] [D] [thread 91956] [16.0] [cxt 0] Processing packet received on port 2
[00:36:40.465] [bmv2] [D] [thread 91956] [16.0] [cxt 0] Parser 'parser': start
[00:36:40.465] [bmv2] [D] [thread 91956] [16.0] [cxt 0] Parser 'parser' entering state 'start'
[00:36:40.465] [bmv2] [D] [thread 91956] [16.0] [cxt 0] Extracting header 'ethernet'
[00:36:40.465] [bmv2] [D] [thread 91956] [16.0] [cxt 0] Parser state 'start': key is 86dd
[00:36:40.465] [bmv2] [T] [thread 91956] [16.0] [cxt 0] Bytes parsed: 14
[00:36:40.465] [bmv2] [D] [thread 91956] [16.0] [cxt 0] Parser 'parser' entering state 'parse_ipv6'
[00:36:40.465] [bmv2] [D] [thread 91956] [16.0] [cxt 0] Extracting header 'ipv6'
[00:36:40.465] [bmv2] [D] [thread 91956] [16.0] [cxt 0] Parser state 'parse_ipv6': key is 00
[00:36:40.465] [bmv2] [T] [thread 91956] [16.0] [cxt 0] Bytes parsed: 54
[00:36:40.465] [bmv2] [D] [thread 91956] [16.0] [cxt 0] Parser 'parser': end
[00:36:40.465] [bmv2] [D] [thread 91956] [16.0] [cxt 0] Pipeline 'ingress': start
[00:36:40.465] [bmv2] [T] [thread 91956] [16.0] [cxt 0] basic.p4(560) Condition "hdr.ethernet.etherType == TYPE_ARP" (node_2) is false
[00:36:40.465] [bmv2] [T] [thread 91956] [16.0] [cxt 0] basic.p4(563) Condition "hdr.ethernet.etherType == TYPE_SRCROUTING" (node_4) is false
[00:36:40.465] [bmv2] [T] [thread 91956] [16.0] [cxt 0] basic.p4(576) Condition "hdr.ethernet.etherType == TYPE_YEQUDESU" (node_12) is false
[00:36:40.465] [bmv2] [T] [thread 91956] [16.0] [cxt 0] basic.p4(582) Condition "hdr.vxlan.isValid()" (node_15) is false
[00:36:40.465] [bmv2] [T] [thread 91956] [16.0] [cxt 0] basic.p4(586) Condition "hdr.ipv6.isValid()" (node_17) is true
[00:36:40.465] [bmv2] [T] [thread 91956] [16.0] [cxt 0] Applying table 'MyIngress.ipv6_lpm'
[00:36:40.465] [bmv2] [D] [thread 91956] [16.0] [cxt 0] Looking up key:
* hdr.ipv6.dstAddr    : ff020000000000000000000000000016

[00:36:40.465] [bmv2] [D] [thread 91956] [16.0] [cxt 0] Table 'MyIngress.ipv6_lpm': miss
[00:36:40.465] [bmv2] [D] [thread 91956] [16.0] [cxt 0] Action entry is NoAction - 
[00:36:40.465] [bmv2] [T] [thread 91956] [16.0] [cxt 0] Action NoAction
[00:36:40.465] [bmv2] [D] [thread 91956] [16.0] [cxt 0] Pipeline 'ingress': end
[00:36:40.465] [bmv2] [D] [thread 91956] [16.0] [cxt 0] Egress port is 0
[00:36:40.466] [bmv2] [D] [thread 91957] [16.0] [cxt 0] Pipeline 'egress': start
[00:36:40.466] [bmv2] [T] [thread 91957] [16.0] [cxt 0] basic.p4(684) Condition "standard_metadata.mcast_grp != 0" (node_28) is false
[00:36:40.466] [bmv2] [D] [thread 91957] [16.0] [cxt 0] Pipeline 'egress': end
[00:36:40.466] [bmv2] [D] [thread 91957] [16.0] [cxt 0] Deparser 'deparser': start
[00:36:40.466] [bmv2] [T] [thread 91957] [16.0] [cxt 0] Skipping checksum 'cksum' update because condition not met
[00:36:40.466] [bmv2] [D] [thread 91957] [16.0] [cxt 0] Deparsing header 'ethernet'
[00:36:40.466] [bmv2] [D] [thread 91957] [16.0] [cxt 0] Deparsing header 'ipv6'
[00:36:40.466] [bmv2] [D] [thread 91957] [16.0] [cxt 0] Deparser 'deparser': end
[00:36:40.466] [bmv2] [D] [thread 91961] [16.0] [cxt 0] Transmitting packet of size 90 out of port 0
[00:36:40.503] [bmv2] [D] [thread 91956] [17.0] [cxt 0] Processing packet received on port 1
[00:36:40.503] [bmv2] [D] [thread 91956] [17.0] [cxt 0] Parser 'parser': start
[00:36:40.503] [bmv2] [D] [thread 91956] [17.0] [cxt 0] Parser 'parser' entering state 'start'
[00:36:40.503] [bmv2] [D] [thread 91956] [17.0] [cxt 0] Extracting header 'ethernet'
[00:36:40.503] [bmv2] [D] [thread 91956] [17.0] [cxt 0] Parser state 'start': key is 86dd
[00:36:40.503] [bmv2] [T] [thread 91956] [17.0] [cxt 0] Bytes parsed: 14
[00:36:40.503] [bmv2] [D] [thread 91956] [17.0] [cxt 0] Parser 'parser' entering state 'parse_ipv6'
[00:36:40.503] [bmv2] [D] [thread 91956] [17.0] [cxt 0] Extracting header 'ipv6'
[00:36:40.503] [bmv2] [D] [thread 91956] [17.0] [cxt 0] Parser state 'parse_ipv6': key is 11
[00:36:40.503] [bmv2] [T] [thread 91956] [17.0] [cxt 0] Bytes parsed: 54
[00:36:40.503] [bmv2] [D] [thread 91956] [17.0] [cxt 0] Parser 'parser': end
[00:36:40.503] [bmv2] [D] [thread 91956] [17.0] [cxt 0] Pipeline 'ingress': start
[00:36:40.503] [bmv2] [T] [thread 91956] [17.0] [cxt 0] basic.p4(560) Condition "hdr.ethernet.etherType == TYPE_ARP" (node_2) is false
[00:36:40.503] [bmv2] [T] [thread 91956] [17.0] [cxt 0] basic.p4(563) Condition "hdr.ethernet.etherType == TYPE_SRCROUTING" (node_4) is false
[00:36:40.503] [bmv2] [T] [thread 91956] [17.0] [cxt 0] basic.p4(576) Condition "hdr.ethernet.etherType == TYPE_YEQUDESU" (node_12) is false
[00:36:40.503] [bmv2] [T] [thread 91956] [17.0] [cxt 0] basic.p4(582) Condition "hdr.vxlan.isValid()" (node_15) is false
[00:36:40.503] [bmv2] [T] [thread 91956] [17.0] [cxt 0] basic.p4(586) Condition "hdr.ipv6.isValid()" (node_17) is true
[00:36:40.503] [bmv2] [T] [thread 91956] [17.0] [cxt 0] Applying table 'MyIngress.ipv6_lpm'
[00:36:40.503] [bmv2] [D] [thread 91956] [17.0] [cxt 0] Looking up key:
* hdr.ipv6.dstAddr    : ff0200000000000000000000000000fb

[00:36:40.503] [bmv2] [D] [thread 91956] [17.0] [cxt 0] Table 'MyIngress.ipv6_lpm': miss
[00:36:40.503] [bmv2] [D] [thread 91956] [17.0] [cxt 0] Action entry is NoAction - 
[00:36:40.504] [bmv2] [T] [thread 91956] [17.0] [cxt 0] Action NoAction
[00:36:40.504] [bmv2] [D] [thread 91956] [17.0] [cxt 0] Pipeline 'ingress': end
[00:36:40.504] [bmv2] [D] [thread 91956] [17.0] [cxt 0] Egress port is 0
[00:36:40.504] [bmv2] [D] [thread 91957] [17.0] [cxt 0] Pipeline 'egress': start
[00:36:40.504] [bmv2] [T] [thread 91957] [17.0] [cxt 0] basic.p4(684) Condition "standard_metadata.mcast_grp != 0" (node_28) is false
[00:36:40.504] [bmv2] [D] [thread 91957] [17.0] [cxt 0] Pipeline 'egress': end
[00:36:40.504] [bmv2] [D] [thread 91957] [17.0] [cxt 0] Deparser 'deparser': start
[00:36:40.504] [bmv2] [T] [thread 91957] [17.0] [cxt 0] Skipping checksum 'cksum' update because condition not met
[00:36:40.504] [bmv2] [D] [thread 91957] [17.0] [cxt 0] Deparsing header 'ethernet'
[00:36:40.504] [bmv2] [D] [thread 91957] [17.0] [cxt 0] Deparsing header 'ipv6'
[00:36:40.504] [bmv2] [D] [thread 91957] [17.0] [cxt 0] Deparser 'deparser': end
[00:36:40.504] [bmv2] [D] [thread 91961] [17.0] [cxt 0] Transmitting packet of size 211 out of port 0
[00:36:40.563] [bmv2] [D] [thread 91956] [18.0] [cxt 0] Processing packet received on port 2
[00:36:40.563] [bmv2] [D] [thread 91956] [18.0] [cxt 0] Parser 'parser': start
[00:36:40.563] [bmv2] [D] [thread 91956] [18.0] [cxt 0] Parser 'parser' entering state 'start'
[00:36:40.563] [bmv2] [D] [thread 91956] [18.0] [cxt 0] Extracting header 'ethernet'
[00:36:40.563] [bmv2] [D] [thread 91956] [18.0] [cxt 0] Parser state 'start': key is 86dd
[00:36:40.563] [bmv2] [T] [thread 91956] [18.0] [cxt 0] Bytes parsed: 14
[00:36:40.563] [bmv2] [D] [thread 91956] [18.0] [cxt 0] Parser 'parser' entering state 'parse_ipv6'
[00:36:40.563] [bmv2] [D] [thread 91956] [18.0] [cxt 0] Extracting header 'ipv6'
[00:36:40.563] [bmv2] [D] [thread 91956] [18.0] [cxt 0] Parser state 'parse_ipv6': key is 11
[00:36:40.563] [bmv2] [T] [thread 91956] [18.0] [cxt 0] Bytes parsed: 54
[00:36:40.563] [bmv2] [D] [thread 91956] [18.0] [cxt 0] Parser 'parser': end
[00:36:40.563] [bmv2] [D] [thread 91956] [18.0] [cxt 0] Pipeline 'ingress': start
[00:36:40.563] [bmv2] [T] [thread 91956] [18.0] [cxt 0] basic.p4(560) Condition "hdr.ethernet.etherType == TYPE_ARP" (node_2) is false
[00:36:40.563] [bmv2] [T] [thread 91956] [18.0] [cxt 0] basic.p4(563) Condition "hdr.ethernet.etherType == TYPE_SRCROUTING" (node_4) is false
[00:36:40.563] [bmv2] [T] [thread 91956] [18.0] [cxt 0] basic.p4(576) Condition "hdr.ethernet.etherType == TYPE_YEQUDESU" (node_12) is false
[00:36:40.563] [bmv2] [T] [thread 91956] [18.0] [cxt 0] basic.p4(582) Condition "hdr.vxlan.isValid()" (node_15) is false
[00:36:40.563] [bmv2] [T] [thread 91956] [18.0] [cxt 0] basic.p4(586) Condition "hdr.ipv6.isValid()" (node_17) is true
[00:36:40.563] [bmv2] [T] [thread 91956] [18.0] [cxt 0] Applying table 'MyIngress.ipv6_lpm'
[00:36:40.563] [bmv2] [D] [thread 91956] [18.0] [cxt 0] Looking up key:
* hdr.ipv6.dstAddr    : ff0200000000000000000000000000fb

[00:36:40.563] [bmv2] [D] [thread 91956] [18.0] [cxt 0] Table 'MyIngress.ipv6_lpm': miss
[00:36:40.563] [bmv2] [D] [thread 91956] [18.0] [cxt 0] Action entry is NoAction - 
[00:36:40.563] [bmv2] [T] [thread 91956] [18.0] [cxt 0] Action NoAction
[00:36:40.563] [bmv2] [D] [thread 91956] [18.0] [cxt 0] Pipeline 'ingress': end
[00:36:40.563] [bmv2] [D] [thread 91956] [18.0] [cxt 0] Egress port is 0
[00:36:40.563] [bmv2] [D] [thread 91957] [18.0] [cxt 0] Pipeline 'egress': start
[00:36:40.563] [bmv2] [T] [thread 91957] [18.0] [cxt 0] basic.p4(684) Condition "standard_metadata.mcast_grp != 0" (node_28) is false
[00:36:40.563] [bmv2] [D] [thread 91957] [18.0] [cxt 0] Pipeline 'egress': end
[00:36:40.563] [bmv2] [D] [thread 91957] [18.0] [cxt 0] Deparser 'deparser': start
[00:36:40.563] [bmv2] [T] [thread 91957] [18.0] [cxt 0] Skipping checksum 'cksum' update because condition not met
[00:36:40.563] [bmv2] [D] [thread 91957] [18.0] [cxt 0] Deparsing header 'ethernet'
[00:36:40.563] [bmv2] [D] [thread 91957] [18.0] [cxt 0] Deparsing header 'ipv6'
[00:36:40.563] [bmv2] [D] [thread 91957] [18.0] [cxt 0] Deparser 'deparser': end
[00:36:40.563] [bmv2] [D] [thread 91961] [18.0] [cxt 0] Transmitting packet of size 203 out of port 0
[00:36:40.571] [bmv2] [D] [thread 91956] [19.0] [cxt 0] Processing packet received on port 1
[00:36:40.571] [bmv2] [D] [thread 91956] [19.0] [cxt 0] Parser 'parser': start
[00:36:40.571] [bmv2] [D] [thread 91956] [19.0] [cxt 0] Parser 'parser' entering state 'start'
[00:36:40.571] [bmv2] [D] [thread 91956] [19.0] [cxt 0] Extracting header 'ethernet'
[00:36:40.571] [bmv2] [D] [thread 91956] [19.0] [cxt 0] Parser state 'start': key is 86dd
[00:36:40.571] [bmv2] [T] [thread 91956] [19.0] [cxt 0] Bytes parsed: 14
[00:36:40.571] [bmv2] [D] [thread 91956] [19.0] [cxt 0] Parser 'parser' entering state 'parse_ipv6'
[00:36:40.571] [bmv2] [D] [thread 91956] [19.0] [cxt 0] Extracting header 'ipv6'
[00:36:40.571] [bmv2] [D] [thread 91956] [19.0] [cxt 0] Parser state 'parse_ipv6': key is 11
[00:36:40.571] [bmv2] [T] [thread 91956] [19.0] [cxt 0] Bytes parsed: 54
[00:36:40.571] [bmv2] [D] [thread 91956] [19.0] [cxt 0] Parser 'parser': end
[00:36:40.571] [bmv2] [D] [thread 91956] [19.0] [cxt 0] Pipeline 'ingress': start
[00:36:40.571] [bmv2] [T] [thread 91956] [19.0] [cxt 0] basic.p4(560) Condition "hdr.ethernet.etherType == TYPE_ARP" (node_2) is false
[00:36:40.571] [bmv2] [T] [thread 91956] [19.0] [cxt 0] basic.p4(563) Condition "hdr.ethernet.etherType == TYPE_SRCROUTING" (node_4) is false
[00:36:40.571] [bmv2] [T] [thread 91956] [19.0] [cxt 0] basic.p4(576) Condition "hdr.ethernet.etherType == TYPE_YEQUDESU" (node_12) is false
[00:36:40.571] [bmv2] [T] [thread 91956] [19.0] [cxt 0] basic.p4(582) Condition "hdr.vxlan.isValid()" (node_15) is false
[00:36:40.571] [bmv2] [T] [thread 91956] [19.0] [cxt 0] basic.p4(586) Condition "hdr.ipv6.isValid()" (node_17) is true
[00:36:40.571] [bmv2] [T] [thread 91956] [19.0] [cxt 0] Applying table 'MyIngress.ipv6_lpm'
[00:36:40.571] [bmv2] [D] [thread 91956] [19.0] [cxt 0] Looking up key:
* hdr.ipv6.dstAddr    : ff0200000000000000000000000000fb

[00:36:40.571] [bmv2] [D] [thread 91956] [19.0] [cxt 0] Table 'MyIngress.ipv6_lpm': miss
[00:36:40.571] [bmv2] [D] [thread 91956] [19.0] [cxt 0] Action entry is NoAction - 
[00:36:40.571] [bmv2] [T] [thread 91956] [19.0] [cxt 0] Action NoAction
[00:36:40.571] [bmv2] [D] [thread 91956] [19.0] [cxt 0] Pipeline 'ingress': end
[00:36:40.571] [bmv2] [D] [thread 91956] [19.0] [cxt 0] Egress port is 0
[00:36:40.571] [bmv2] [D] [thread 91957] [19.0] [cxt 0] Pipeline 'egress': start
[00:36:40.571] [bmv2] [T] [thread 91957] [19.0] [cxt 0] basic.p4(684) Condition "standard_metadata.mcast_grp != 0" (node_28) is false
[00:36:40.571] [bmv2] [D] [thread 91957] [19.0] [cxt 0] Pipeline 'egress': end
[00:36:40.571] [bmv2] [D] [thread 91957] [19.0] [cxt 0] Deparser 'deparser': start
[00:36:40.571] [bmv2] [T] [thread 91957] [19.0] [cxt 0] Skipping checksum 'cksum' update because condition not met
[00:36:40.571] [bmv2] [D] [thread 91957] [19.0] [cxt 0] Deparsing header 'ethernet'
[00:36:40.571] [bmv2] [D] [thread 91957] [19.0] [cxt 0] Deparsing header 'ipv6'
[00:36:40.571] [bmv2] [D] [thread 91957] [19.0] [cxt 0] Deparser 'deparser': end
[00:36:40.571] [bmv2] [D] [thread 91961] [19.0] [cxt 0] Transmitting packet of size 199 out of port 0
[00:36:40.573] [bmv2] [D] [thread 91956] [20.0] [cxt 0] Processing packet received on port 2
[00:36:40.573] [bmv2] [D] [thread 91956] [20.0] [cxt 0] Parser 'parser': start
[00:36:40.573] [bmv2] [D] [thread 91956] [20.0] [cxt 0] Parser 'parser' entering state 'start'
[00:36:40.573] [bmv2] [D] [thread 91956] [20.0] [cxt 0] Extracting header 'ethernet'
[00:36:40.573] [bmv2] [D] [thread 91956] [20.0] [cxt 0] Parser state 'start': key is 86dd
[00:36:40.573] [bmv2] [T] [thread 91956] [20.0] [cxt 0] Bytes parsed: 14
[00:36:40.573] [bmv2] [D] [thread 91956] [20.0] [cxt 0] Parser 'parser' entering state 'parse_ipv6'
[00:36:40.573] [bmv2] [D] [thread 91956] [20.0] [cxt 0] Extracting header 'ipv6'
[00:36:40.573] [bmv2] [D] [thread 91956] [20.0] [cxt 0] Parser state 'parse_ipv6': key is 11
[00:36:40.573] [bmv2] [T] [thread 91956] [20.0] [cxt 0] Bytes parsed: 54
[00:36:40.573] [bmv2] [D] [thread 91956] [20.0] [cxt 0] Parser 'parser': end
[00:36:40.573] [bmv2] [D] [thread 91956] [20.0] [cxt 0] Pipeline 'ingress': start
[00:36:40.573] [bmv2] [T] [thread 91956] [20.0] [cxt 0] basic.p4(560) Condition "hdr.ethernet.etherType == TYPE_ARP" (node_2) is false
[00:36:40.573] [bmv2] [T] [thread 91956] [20.0] [cxt 0] basic.p4(563) Condition "hdr.ethernet.etherType == TYPE_SRCROUTING" (node_4) is false
[00:36:40.573] [bmv2] [T] [thread 91956] [20.0] [cxt 0] basic.p4(576) Condition "hdr.ethernet.etherType == TYPE_YEQUDESU" (node_12) is false
[00:36:40.573] [bmv2] [T] [thread 91956] [20.0] [cxt 0] basic.p4(582) Condition "hdr.vxlan.isValid()" (node_15) is false
[00:36:40.573] [bmv2] [T] [thread 91956] [20.0] [cxt 0] basic.p4(586) Condition "hdr.ipv6.isValid()" (node_17) is true
[00:36:40.573] [bmv2] [T] [thread 91956] [20.0] [cxt 0] Applying table 'MyIngress.ipv6_lpm'
[00:36:40.573] [bmv2] [D] [thread 91956] [20.0] [cxt 0] Looking up key:
* hdr.ipv6.dstAddr    : ff0200000000000000000000000000fb

[00:36:40.573] [bmv2] [D] [thread 91956] [20.0] [cxt 0] Table 'MyIngress.ipv6_lpm': miss
[00:36:40.573] [bmv2] [D] [thread 91956] [20.0] [cxt 0] Action entry is NoAction - 
[00:36:40.573] [bmv2] [T] [thread 91956] [20.0] [cxt 0] Action NoAction
[00:36:40.573] [bmv2] [D] [thread 91956] [20.0] [cxt 0] Pipeline 'ingress': end
[00:36:40.573] [bmv2] [D] [thread 91956] [20.0] [cxt 0] Egress port is 0
[00:36:40.574] [bmv2] [D] [thread 91957] [20.0] [cxt 0] Pipeline 'egress': start
[00:36:40.574] [bmv2] [T] [thread 91957] [20.0] [cxt 0] basic.p4(684) Condition "standard_metadata.mcast_grp != 0" (node_28) is false
[00:36:40.574] [bmv2] [D] [thread 91957] [20.0] [cxt 0] Pipeline 'egress': end
[00:36:40.574] [bmv2] [D] [thread 91957] [20.0] [cxt 0] Deparser 'deparser': start
[00:36:40.574] [bmv2] [T] [thread 91957] [20.0] [cxt 0] Skipping checksum 'cksum' update because condition not met
[00:36:40.574] [bmv2] [D] [thread 91957] [20.0] [cxt 0] Deparsing header 'ethernet'
[00:36:40.574] [bmv2] [D] [thread 91957] [20.0] [cxt 0] Deparsing header 'ipv6'
[00:36:40.574] [bmv2] [D] [thread 91957] [20.0] [cxt 0] Deparser 'deparser': end
[00:36:40.574] [bmv2] [D] [thread 91961] [20.0] [cxt 0] Transmitting packet of size 211 out of port 0
[00:36:40.626] [bmv2] [D] [thread 91956] [21.0] [cxt 0] Processing packet received on port 2
[00:36:40.626] [bmv2] [D] [thread 91956] [21.0] [cxt 0] Parser 'parser': start
[00:36:40.626] [bmv2] [D] [thread 91956] [21.0] [cxt 0] Parser 'parser' entering state 'start'
[00:36:40.626] [bmv2] [D] [thread 91956] [21.0] [cxt 0] Extracting header 'ethernet'
[00:36:40.626] [bmv2] [D] [thread 91956] [21.0] [cxt 0] Parser state 'start': key is 86dd
[00:36:40.626] [bmv2] [T] [thread 91956] [21.0] [cxt 0] Bytes parsed: 14
[00:36:40.626] [bmv2] [D] [thread 91956] [21.0] [cxt 0] Parser 'parser' entering state 'parse_ipv6'
[00:36:40.626] [bmv2] [D] [thread 91956] [21.0] [cxt 0] Extracting header 'ipv6'
[00:36:40.626] [bmv2] [D] [thread 91956] [21.0] [cxt 0] Parser state 'parse_ipv6': key is 11
[00:36:40.626] [bmv2] [T] [thread 91956] [21.0] [cxt 0] Bytes parsed: 54
[00:36:40.626] [bmv2] [D] [thread 91956] [21.0] [cxt 0] Parser 'parser': end
[00:36:40.626] [bmv2] [D] [thread 91956] [21.0] [cxt 0] Pipeline 'ingress': start
[00:36:40.626] [bmv2] [T] [thread 91956] [21.0] [cxt 0] basic.p4(560) Condition "hdr.ethernet.etherType == TYPE_ARP" (node_2) is false
[00:36:40.626] [bmv2] [T] [thread 91956] [21.0] [cxt 0] basic.p4(563) Condition "hdr.ethernet.etherType == TYPE_SRCROUTING" (node_4) is false
[00:36:40.626] [bmv2] [T] [thread 91956] [21.0] [cxt 0] basic.p4(576) Condition "hdr.ethernet.etherType == TYPE_YEQUDESU" (node_12) is false
[00:36:40.626] [bmv2] [T] [thread 91956] [21.0] [cxt 0] basic.p4(582) Condition "hdr.vxlan.isValid()" (node_15) is false
[00:36:40.626] [bmv2] [T] [thread 91956] [21.0] [cxt 0] basic.p4(586) Condition "hdr.ipv6.isValid()" (node_17) is true
[00:36:40.626] [bmv2] [T] [thread 91956] [21.0] [cxt 0] Applying table 'MyIngress.ipv6_lpm'
[00:36:40.626] [bmv2] [D] [thread 91956] [21.0] [cxt 0] Looking up key:
* hdr.ipv6.dstAddr    : ff0200000000000000000000000000fb

[00:36:40.626] [bmv2] [D] [thread 91956] [21.0] [cxt 0] Table 'MyIngress.ipv6_lpm': miss
[00:36:40.626] [bmv2] [D] [thread 91956] [21.0] [cxt 0] Action entry is NoAction - 
[00:36:40.626] [bmv2] [T] [thread 91956] [21.0] [cxt 0] Action NoAction
[00:36:40.626] [bmv2] [D] [thread 91956] [21.0] [cxt 0] Pipeline 'ingress': end
[00:36:40.626] [bmv2] [D] [thread 91956] [21.0] [cxt 0] Egress port is 0
[00:36:40.626] [bmv2] [D] [thread 91957] [21.0] [cxt 0] Pipeline 'egress': start
[00:36:40.626] [bmv2] [T] [thread 91957] [21.0] [cxt 0] basic.p4(684) Condition "standard_metadata.mcast_grp != 0" (node_28) is false
[00:36:40.626] [bmv2] [D] [thread 91957] [21.0] [cxt 0] Pipeline 'egress': end
[00:36:40.626] [bmv2] [D] [thread 91957] [21.0] [cxt 0] Deparser 'deparser': start
[00:36:40.626] [bmv2] [T] [thread 91957] [21.0] [cxt 0] Skipping checksum 'cksum' update because condition not met
[00:36:40.626] [bmv2] [D] [thread 91957] [21.0] [cxt 0] Deparsing header 'ethernet'
[00:36:40.626] [bmv2] [D] [thread 91957] [21.0] [cxt 0] Deparsing header 'ipv6'
[00:36:40.626] [bmv2] [D] [thread 91957] [21.0] [cxt 0] Deparser 'deparser': end
[00:36:40.627] [bmv2] [D] [thread 91961] [21.0] [cxt 0] Transmitting packet of size 211 out of port 0
[00:36:40.653] [bmv2] [D] [thread 91956] [22.0] [cxt 0] Processing packet received on port 1
[00:36:40.653] [bmv2] [D] [thread 91956] [22.0] [cxt 0] Parser 'parser': start
[00:36:40.653] [bmv2] [D] [thread 91956] [22.0] [cxt 0] Parser 'parser' entering state 'start'
[00:36:40.653] [bmv2] [D] [thread 91956] [22.0] [cxt 0] Extracting header 'ethernet'
[00:36:40.653] [bmv2] [D] [thread 91956] [22.0] [cxt 0] Parser state 'start': key is 86dd
[00:36:40.653] [bmv2] [T] [thread 91956] [22.0] [cxt 0] Bytes parsed: 14
[00:36:40.653] [bmv2] [D] [thread 91956] [22.0] [cxt 0] Parser 'parser' entering state 'parse_ipv6'
[00:36:40.654] [bmv2] [D] [thread 91956] [22.0] [cxt 0] Extracting header 'ipv6'
[00:36:40.654] [bmv2] [D] [thread 91956] [22.0] [cxt 0] Parser state 'parse_ipv6': key is 00
[00:36:40.654] [bmv2] [T] [thread 91956] [22.0] [cxt 0] Bytes parsed: 54
[00:36:40.654] [bmv2] [D] [thread 91956] [22.0] [cxt 0] Parser 'parser': end
[00:36:40.654] [bmv2] [D] [thread 91956] [22.0] [cxt 0] Pipeline 'ingress': start
[00:36:40.654] [bmv2] [T] [thread 91956] [22.0] [cxt 0] basic.p4(560) Condition "hdr.ethernet.etherType == TYPE_ARP" (node_2) is false
[00:36:40.654] [bmv2] [T] [thread 91956] [22.0] [cxt 0] basic.p4(563) Condition "hdr.ethernet.etherType == TYPE_SRCROUTING" (node_4) is false
[00:36:40.654] [bmv2] [T] [thread 91956] [22.0] [cxt 0] basic.p4(576) Condition "hdr.ethernet.etherType == TYPE_YEQUDESU" (node_12) is false
[00:36:40.654] [bmv2] [T] [thread 91956] [22.0] [cxt 0] basic.p4(582) Condition "hdr.vxlan.isValid()" (node_15) is false
[00:36:40.654] [bmv2] [T] [thread 91956] [22.0] [cxt 0] basic.p4(586) Condition "hdr.ipv6.isValid()" (node_17) is true
[00:36:40.654] [bmv2] [T] [thread 91956] [22.0] [cxt 0] Applying table 'MyIngress.ipv6_lpm'
[00:36:40.654] [bmv2] [D] [thread 91956] [22.0] [cxt 0] Looking up key:
* hdr.ipv6.dstAddr    : ff020000000000000000000000000016

[00:36:40.654] [bmv2] [D] [thread 91956] [22.0] [cxt 0] Table 'MyIngress.ipv6_lpm': miss
[00:36:40.654] [bmv2] [D] [thread 91956] [22.0] [cxt 0] Action entry is NoAction - 
[00:36:40.654] [bmv2] [T] [thread 91956] [22.0] [cxt 0] Action NoAction
[00:36:40.654] [bmv2] [D] [thread 91956] [22.0] [cxt 0] Pipeline 'ingress': end
[00:36:40.654] [bmv2] [D] [thread 91956] [22.0] [cxt 0] Egress port is 0
[00:36:40.654] [bmv2] [D] [thread 91957] [22.0] [cxt 0] Pipeline 'egress': start
[00:36:40.654] [bmv2] [T] [thread 91957] [22.0] [cxt 0] basic.p4(684) Condition "standard_metadata.mcast_grp != 0" (node_28) is false
[00:36:40.654] [bmv2] [D] [thread 91957] [22.0] [cxt 0] Pipeline 'egress': end
[00:36:40.654] [bmv2] [D] [thread 91957] [22.0] [cxt 0] Deparser 'deparser': start
[00:36:40.654] [bmv2] [T] [thread 91957] [22.0] [cxt 0] Skipping checksum 'cksum' update because condition not met
[00:36:40.654] [bmv2] [D] [thread 91957] [22.0] [cxt 0] Deparsing header 'ethernet'
[00:36:40.654] [bmv2] [D] [thread 91957] [22.0] [cxt 0] Deparsing header 'ipv6'
[00:36:40.654] [bmv2] [D] [thread 91957] [22.0] [cxt 0] Deparser 'deparser': end
[00:36:40.654] [bmv2] [D] [thread 91961] [22.0] [cxt 0] Transmitting packet of size 110 out of port 0
[00:36:40.717] [bmv2] [D] [thread 91956] [23.0] [cxt 0] Processing packet received on port 1
[00:36:40.717] [bmv2] [D] [thread 91956] [23.0] [cxt 0] Parser 'parser': start
[00:36:40.717] [bmv2] [D] [thread 91956] [23.0] [cxt 0] Parser 'parser' entering state 'start'
[00:36:40.717] [bmv2] [D] [thread 91956] [23.0] [cxt 0] Extracting header 'ethernet'
[00:36:40.717] [bmv2] [D] [thread 91956] [23.0] [cxt 0] Parser state 'start': key is 86dd
[00:36:40.717] [bmv2] [T] [thread 91956] [23.0] [cxt 0] Bytes parsed: 14
[00:36:40.717] [bmv2] [D] [thread 91956] [23.0] [cxt 0] Parser 'parser' entering state 'parse_ipv6'
[00:36:40.717] [bmv2] [D] [thread 91956] [23.0] [cxt 0] Extracting header 'ipv6'
[00:36:40.717] [bmv2] [D] [thread 91956] [23.0] [cxt 0] Parser state 'parse_ipv6': key is 00
[00:36:40.717] [bmv2] [T] [thread 91956] [23.0] [cxt 0] Bytes parsed: 54
[00:36:40.717] [bmv2] [D] [thread 91956] [23.0] [cxt 0] Parser 'parser': end
[00:36:40.717] [bmv2] [D] [thread 91956] [23.0] [cxt 0] Pipeline 'ingress': start
[00:36:40.717] [bmv2] [T] [thread 91956] [23.0] [cxt 0] basic.p4(560) Condition "hdr.ethernet.etherType == TYPE_ARP" (node_2) is false
[00:36:40.717] [bmv2] [T] [thread 91956] [23.0] [cxt 0] basic.p4(563) Condition "hdr.ethernet.etherType == TYPE_SRCROUTING" (node_4) is false
[00:36:40.717] [bmv2] [T] [thread 91956] [23.0] [cxt 0] basic.p4(576) Condition "hdr.ethernet.etherType == TYPE_YEQUDESU" (node_12) is false
[00:36:40.717] [bmv2] [T] [thread 91956] [23.0] [cxt 0] basic.p4(582) Condition "hdr.vxlan.isValid()" (node_15) is false
[00:36:40.718] [bmv2] [T] [thread 91956] [23.0] [cxt 0] basic.p4(586) Condition "hdr.ipv6.isValid()" (node_17) is true
[00:36:40.718] [bmv2] [T] [thread 91956] [23.0] [cxt 0] Applying table 'MyIngress.ipv6_lpm'
[00:36:40.718] [bmv2] [D] [thread 91956] [23.0] [cxt 0] Looking up key:
* hdr.ipv6.dstAddr    : ff020000000000000000000000000016

[00:36:40.718] [bmv2] [D] [thread 91956] [23.0] [cxt 0] Table 'MyIngress.ipv6_lpm': miss
[00:36:40.718] [bmv2] [D] [thread 91956] [23.0] [cxt 0] Action entry is NoAction - 
[00:36:40.718] [bmv2] [T] [thread 91956] [23.0] [cxt 0] Action NoAction
[00:36:40.718] [bmv2] [D] [thread 91956] [23.0] [cxt 0] Pipeline 'ingress': end
[00:36:40.718] [bmv2] [D] [thread 91956] [23.0] [cxt 0] Egress port is 0
[00:36:40.718] [bmv2] [D] [thread 91957] [23.0] [cxt 0] Pipeline 'egress': start
[00:36:40.718] [bmv2] [T] [thread 91957] [23.0] [cxt 0] basic.p4(684) Condition "standard_metadata.mcast_grp != 0" (node_28) is false
[00:36:40.718] [bmv2] [D] [thread 91957] [23.0] [cxt 0] Pipeline 'egress': end
[00:36:40.718] [bmv2] [D] [thread 91957] [23.0] [cxt 0] Deparser 'deparser': start
[00:36:40.718] [bmv2] [T] [thread 91957] [23.0] [cxt 0] Skipping checksum 'cksum' update because condition not met
[00:36:40.718] [bmv2] [D] [thread 91957] [23.0] [cxt 0] Deparsing header 'ethernet'
[00:36:40.718] [bmv2] [D] [thread 91957] [23.0] [cxt 0] Deparsing header 'ipv6'
[00:36:40.718] [bmv2] [D] [thread 91957] [23.0] [cxt 0] Deparser 'deparser': end
[00:36:40.718] [bmv2] [D] [thread 91961] [23.0] [cxt 0] Transmitting packet of size 90 out of port 0
[00:36:40.754] [bmv2] [D] [thread 91956] [24.0] [cxt 0] Processing packet received on port 1
[00:36:40.754] [bmv2] [D] [thread 91956] [24.0] [cxt 0] Parser 'parser': start
[00:36:40.754] [bmv2] [D] [thread 91956] [24.0] [cxt 0] Parser 'parser' entering state 'start'
[00:36:40.754] [bmv2] [D] [thread 91956] [24.0] [cxt 0] Extracting header 'ethernet'
[00:36:40.754] [bmv2] [D] [thread 91956] [24.0] [cxt 0] Parser state 'start': key is 86dd
[00:36:40.754] [bmv2] [T] [thread 91956] [24.0] [cxt 0] Bytes parsed: 14
[00:36:40.754] [bmv2] [D] [thread 91956] [24.0] [cxt 0] Parser 'parser' entering state 'parse_ipv6'
[00:36:40.754] [bmv2] [D] [thread 91956] [24.0] [cxt 0] Extracting header 'ipv6'
[00:36:40.754] [bmv2] [D] [thread 91956] [24.0] [cxt 0] Parser state 'parse_ipv6': key is 11
[00:36:40.754] [bmv2] [T] [thread 91956] [24.0] [cxt 0] Bytes parsed: 54
[00:36:40.754] [bmv2] [D] [thread 91956] [24.0] [cxt 0] Parser 'parser': end
[00:36:40.754] [bmv2] [D] [thread 91956] [24.0] [cxt 0] Pipeline 'ingress': start
[00:36:40.754] [bmv2] [T] [thread 91956] [24.0] [cxt 0] basic.p4(560) Condition "hdr.ethernet.etherType == TYPE_ARP" (node_2) is false
[00:36:40.754] [bmv2] [T] [thread 91956] [24.0] [cxt 0] basic.p4(563) Condition "hdr.ethernet.etherType == TYPE_SRCROUTING" (node_4) is false
[00:36:40.754] [bmv2] [T] [thread 91956] [24.0] [cxt 0] basic.p4(576) Condition "hdr.ethernet.etherType == TYPE_YEQUDESU" (node_12) is false
[00:36:40.754] [bmv2] [T] [thread 91956] [24.0] [cxt 0] basic.p4(582) Condition "hdr.vxlan.isValid()" (node_15) is false
[00:36:40.754] [bmv2] [T] [thread 91956] [24.0] [cxt 0] basic.p4(586) Condition "hdr.ipv6.isValid()" (node_17) is true
[00:36:40.754] [bmv2] [T] [thread 91956] [24.0] [cxt 0] Applying table 'MyIngress.ipv6_lpm'
[00:36:40.754] [bmv2] [D] [thread 91956] [24.0] [cxt 0] Looking up key:
* hdr.ipv6.dstAddr    : ff0200000000000000000000000000fb

[00:36:40.754] [bmv2] [D] [thread 91956] [24.0] [cxt 0] Table 'MyIngress.ipv6_lpm': miss
[00:36:40.754] [bmv2] [D] [thread 91956] [24.0] [cxt 0] Action entry is NoAction - 
[00:36:40.754] [bmv2] [T] [thread 91956] [24.0] [cxt 0] Action NoAction
[00:36:40.754] [bmv2] [D] [thread 91956] [24.0] [cxt 0] Pipeline 'ingress': end
[00:36:40.754] [bmv2] [D] [thread 91956] [24.0] [cxt 0] Egress port is 0
[00:36:40.755] [bmv2] [D] [thread 91957] [24.0] [cxt 0] Pipeline 'egress': start
[00:36:40.755] [bmv2] [T] [thread 91957] [24.0] [cxt 0] basic.p4(684) Condition "standard_metadata.mcast_grp != 0" (node_28) is false
[00:36:40.755] [bmv2] [D] [thread 91957] [24.0] [cxt 0] Pipeline 'egress': end
[00:36:40.755] [bmv2] [D] [thread 91957] [24.0] [cxt 0] Deparser 'deparser': start
[00:36:40.755] [bmv2] [T] [thread 91957] [24.0] [cxt 0] Skipping checksum 'cksum' update because condition not met
[00:36:40.755] [bmv2] [D] [thread 91957] [24.0] [cxt 0] Deparsing header 'ethernet'
[00:36:40.755] [bmv2] [D] [thread 91957] [24.0] [cxt 0] Deparsing header 'ipv6'
[00:36:40.755] [bmv2] [D] [thread 91957] [24.0] [cxt 0] Deparser 'deparser': end
[00:36:40.755] [bmv2] [D] [thread 91961] [24.0] [cxt 0] Transmitting packet of size 211 out of port 0
[00:36:40.782] [bmv2] [D] [thread 91956] [25.0] [cxt 0] Processing packet received on port 2
[00:36:40.782] [bmv2] [D] [thread 91956] [25.0] [cxt 0] Parser 'parser': start
[00:36:40.782] [bmv2] [D] [thread 91956] [25.0] [cxt 0] Parser 'parser' entering state 'start'
[00:36:40.782] [bmv2] [D] [thread 91956] [25.0] [cxt 0] Extracting header 'ethernet'
[00:36:40.782] [bmv2] [D] [thread 91956] [25.0] [cxt 0] Parser state 'start': key is 86dd
[00:36:40.782] [bmv2] [T] [thread 91956] [25.0] [cxt 0] Bytes parsed: 14
[00:36:40.782] [bmv2] [D] [thread 91956] [25.0] [cxt 0] Parser 'parser' entering state 'parse_ipv6'
[00:36:40.782] [bmv2] [D] [thread 91956] [25.0] [cxt 0] Extracting header 'ipv6'
[00:36:40.782] [bmv2] [D] [thread 91956] [25.0] [cxt 0] Parser state 'parse_ipv6': key is 00
[00:36:40.782] [bmv2] [T] [thread 91956] [25.0] [cxt 0] Bytes parsed: 54
[00:36:40.782] [bmv2] [D] [thread 91956] [25.0] [cxt 0] Parser 'parser': end
[00:36:40.782] [bmv2] [D] [thread 91956] [25.0] [cxt 0] Pipeline 'ingress': start
[00:36:40.782] [bmv2] [T] [thread 91956] [25.0] [cxt 0] basic.p4(560) Condition "hdr.ethernet.etherType == TYPE_ARP" (node_2) is false
[00:36:40.782] [bmv2] [T] [thread 91956] [25.0] [cxt 0] basic.p4(563) Condition "hdr.ethernet.etherType == TYPE_SRCROUTING" (node_4) is false
[00:36:40.782] [bmv2] [T] [thread 91956] [25.0] [cxt 0] basic.p4(576) Condition "hdr.ethernet.etherType == TYPE_YEQUDESU" (node_12) is false
[00:36:40.782] [bmv2] [T] [thread 91956] [25.0] [cxt 0] basic.p4(582) Condition "hdr.vxlan.isValid()" (node_15) is false
[00:36:40.782] [bmv2] [T] [thread 91956] [25.0] [cxt 0] basic.p4(586) Condition "hdr.ipv6.isValid()" (node_17) is true
[00:36:40.782] [bmv2] [T] [thread 91956] [25.0] [cxt 0] Applying table 'MyIngress.ipv6_lpm'
[00:36:40.782] [bmv2] [D] [thread 91956] [25.0] [cxt 0] Looking up key:
* hdr.ipv6.dstAddr    : ff020000000000000000000000000016

[00:36:40.782] [bmv2] [D] [thread 91956] [25.0] [cxt 0] Table 'MyIngress.ipv6_lpm': miss
[00:36:40.782] [bmv2] [D] [thread 91956] [25.0] [cxt 0] Action entry is NoAction - 
[00:36:40.782] [bmv2] [T] [thread 91956] [25.0] [cxt 0] Action NoAction
[00:36:40.782] [bmv2] [D] [thread 91956] [25.0] [cxt 0] Pipeline 'ingress': end
[00:36:40.782] [bmv2] [D] [thread 91956] [25.0] [cxt 0] Egress port is 0
[00:36:40.782] [bmv2] [D] [thread 91957] [25.0] [cxt 0] Pipeline 'egress': start
[00:36:40.782] [bmv2] [T] [thread 91957] [25.0] [cxt 0] basic.p4(684) Condition "standard_metadata.mcast_grp != 0" (node_28) is false
[00:36:40.782] [bmv2] [D] [thread 91957] [25.0] [cxt 0] Pipeline 'egress': end
[00:36:40.782] [bmv2] [D] [thread 91957] [25.0] [cxt 0] Deparser 'deparser': start
[00:36:40.782] [bmv2] [T] [thread 91957] [25.0] [cxt 0] Skipping checksum 'cksum' update because condition not met
[00:36:40.782] [bmv2] [D] [thread 91957] [25.0] [cxt 0] Deparsing header 'ethernet'
[00:36:40.782] [bmv2] [D] [thread 91957] [25.0] [cxt 0] Deparsing header 'ipv6'
[00:36:40.782] [bmv2] [D] [thread 91957] [25.0] [cxt 0] Deparser 'deparser': end
[00:36:40.782] [bmv2] [D] [thread 91961] [25.0] [cxt 0] Transmitting packet of size 90 out of port 0
[00:36:40.823] [bmv2] [D] [thread 91956] [26.0] [cxt 0] Processing packet received on port 2
[00:36:40.823] [bmv2] [D] [thread 91956] [26.0] [cxt 0] Parser 'parser': start
[00:36:40.823] [bmv2] [D] [thread 91956] [26.0] [cxt 0] Parser 'parser' entering state 'start'
[00:36:40.823] [bmv2] [D] [thread 91956] [26.0] [cxt 0] Extracting header 'ethernet'
[00:36:40.823] [bmv2] [D] [thread 91956] [26.0] [cxt 0] Parser state 'start': key is 86dd
[00:36:40.823] [bmv2] [T] [thread 91956] [26.0] [cxt 0] Bytes parsed: 14
[00:36:40.823] [bmv2] [D] [thread 91956] [26.0] [cxt 0] Parser 'parser' entering state 'parse_ipv6'
[00:36:40.823] [bmv2] [D] [thread 91956] [26.0] [cxt 0] Extracting header 'ipv6'
[00:36:40.823] [bmv2] [D] [thread 91956] [26.0] [cxt 0] Parser state 'parse_ipv6': key is 11
[00:36:40.823] [bmv2] [T] [thread 91956] [26.0] [cxt 0] Bytes parsed: 54
[00:36:40.823] [bmv2] [D] [thread 91956] [26.0] [cxt 0] Parser 'parser': end
[00:36:40.823] [bmv2] [D] [thread 91956] [26.0] [cxt 0] Pipeline 'ingress': start
[00:36:40.823] [bmv2] [T] [thread 91956] [26.0] [cxt 0] basic.p4(560) Condition "hdr.ethernet.etherType == TYPE_ARP" (node_2) is false
[00:36:40.823] [bmv2] [T] [thread 91956] [26.0] [cxt 0] basic.p4(563) Condition "hdr.ethernet.etherType == TYPE_SRCROUTING" (node_4) is false
[00:36:40.823] [bmv2] [T] [thread 91956] [26.0] [cxt 0] basic.p4(576) Condition "hdr.ethernet.etherType == TYPE_YEQUDESU" (node_12) is false
[00:36:40.823] [bmv2] [T] [thread 91956] [26.0] [cxt 0] basic.p4(582) Condition "hdr.vxlan.isValid()" (node_15) is false
[00:36:40.823] [bmv2] [T] [thread 91956] [26.0] [cxt 0] basic.p4(586) Condition "hdr.ipv6.isValid()" (node_17) is true
[00:36:40.823] [bmv2] [T] [thread 91956] [26.0] [cxt 0] Applying table 'MyIngress.ipv6_lpm'
[00:36:40.823] [bmv2] [D] [thread 91956] [26.0] [cxt 0] Looking up key:
* hdr.ipv6.dstAddr    : ff0200000000000000000000000000fb

[00:36:40.823] [bmv2] [D] [thread 91956] [26.0] [cxt 0] Table 'MyIngress.ipv6_lpm': miss
[00:36:40.823] [bmv2] [D] [thread 91956] [26.0] [cxt 0] Action entry is NoAction - 
[00:36:40.823] [bmv2] [T] [thread 91956] [26.0] [cxt 0] Action NoAction
[00:36:40.823] [bmv2] [D] [thread 91956] [26.0] [cxt 0] Pipeline 'ingress': end
[00:36:40.823] [bmv2] [D] [thread 91956] [26.0] [cxt 0] Egress port is 0
[00:36:40.823] [bmv2] [D] [thread 91957] [26.0] [cxt 0] Pipeline 'egress': start
[00:36:40.823] [bmv2] [T] [thread 91957] [26.0] [cxt 0] basic.p4(684) Condition "standard_metadata.mcast_grp != 0" (node_28) is false
[00:36:40.823] [bmv2] [D] [thread 91957] [26.0] [cxt 0] Pipeline 'egress': end
[00:36:40.823] [bmv2] [D] [thread 91957] [26.0] [cxt 0] Deparser 'deparser': start
[00:36:40.823] [bmv2] [T] [thread 91957] [26.0] [cxt 0] Skipping checksum 'cksum' update because condition not met
[00:36:40.823] [bmv2] [D] [thread 91957] [26.0] [cxt 0] Deparsing header 'ethernet'
[00:36:40.823] [bmv2] [D] [thread 91957] [26.0] [cxt 0] Deparsing header 'ipv6'
[00:36:40.823] [bmv2] [D] [thread 91957] [26.0] [cxt 0] Deparser 'deparser': end
[00:36:40.823] [bmv2] [D] [thread 91961] [26.0] [cxt 0] Transmitting packet of size 211 out of port 0
[00:36:40.826] [bmv2] [D] [thread 91956] [27.0] [cxt 0] Processing packet received on port 2
[00:36:40.826] [bmv2] [D] [thread 91956] [27.0] [cxt 0] Parser 'parser': start
[00:36:40.826] [bmv2] [D] [thread 91956] [27.0] [cxt 0] Parser 'parser' entering state 'start'
[00:36:40.826] [bmv2] [D] [thread 91956] [27.0] [cxt 0] Extracting header 'ethernet'
[00:36:40.826] [bmv2] [D] [thread 91956] [27.0] [cxt 0] Parser state 'start': key is 86dd
[00:36:40.826] [bmv2] [T] [thread 91956] [27.0] [cxt 0] Bytes parsed: 14
[00:36:40.826] [bmv2] [D] [thread 91956] [27.0] [cxt 0] Parser 'parser' entering state 'parse_ipv6'
[00:36:40.826] [bmv2] [D] [thread 91956] [27.0] [cxt 0] Extracting header 'ipv6'
[00:36:40.826] [bmv2] [D] [thread 91956] [27.0] [cxt 0] Parser state 'parse_ipv6': key is 11
[00:36:40.826] [bmv2] [T] [thread 91956] [27.0] [cxt 0] Bytes parsed: 54
[00:36:40.826] [bmv2] [D] [thread 91956] [27.0] [cxt 0] Parser 'parser': end
[00:36:40.826] [bmv2] [D] [thread 91956] [27.0] [cxt 0] Pipeline 'ingress': start
[00:36:40.826] [bmv2] [T] [thread 91956] [27.0] [cxt 0] basic.p4(560) Condition "hdr.ethernet.etherType == TYPE_ARP" (node_2) is false
[00:36:40.826] [bmv2] [T] [thread 91956] [27.0] [cxt 0] basic.p4(563) Condition "hdr.ethernet.etherType == TYPE_SRCROUTING" (node_4) is false
[00:36:40.826] [bmv2] [T] [thread 91956] [27.0] [cxt 0] basic.p4(576) Condition "hdr.ethernet.etherType == TYPE_YEQUDESU" (node_12) is false
[00:36:40.826] [bmv2] [T] [thread 91956] [27.0] [cxt 0] basic.p4(582) Condition "hdr.vxlan.isValid()" (node_15) is false
[00:36:40.826] [bmv2] [T] [thread 91956] [27.0] [cxt 0] basic.p4(586) Condition "hdr.ipv6.isValid()" (node_17) is true
[00:36:40.826] [bmv2] [T] [thread 91956] [27.0] [cxt 0] Applying table 'MyIngress.ipv6_lpm'
[00:36:40.826] [bmv2] [D] [thread 91956] [27.0] [cxt 0] Looking up key:
* hdr.ipv6.dstAddr    : ff0200000000000000000000000000fb

[00:36:40.826] [bmv2] [D] [thread 91956] [27.0] [cxt 0] Table 'MyIngress.ipv6_lpm': miss
[00:36:40.826] [bmv2] [D] [thread 91956] [27.0] [cxt 0] Action entry is NoAction - 
[00:36:40.826] [bmv2] [T] [thread 91956] [27.0] [cxt 0] Action NoAction
[00:36:40.826] [bmv2] [D] [thread 91956] [27.0] [cxt 0] Pipeline 'ingress': end
[00:36:40.826] [bmv2] [D] [thread 91956] [27.0] [cxt 0] Egress port is 0
[00:36:40.826] [bmv2] [D] [thread 91957] [27.0] [cxt 0] Pipeline 'egress': start
[00:36:40.826] [bmv2] [T] [thread 91957] [27.0] [cxt 0] basic.p4(684) Condition "standard_metadata.mcast_grp != 0" (node_28) is false
[00:36:40.826] [bmv2] [D] [thread 91957] [27.0] [cxt 0] Pipeline 'egress': end
[00:36:40.826] [bmv2] [D] [thread 91957] [27.0] [cxt 0] Deparser 'deparser': start
[00:36:40.826] [bmv2] [T] [thread 91957] [27.0] [cxt 0] Skipping checksum 'cksum' update because condition not met
[00:36:40.826] [bmv2] [D] [thread 91957] [27.0] [cxt 0] Deparsing header 'ethernet'
[00:36:40.826] [bmv2] [D] [thread 91957] [27.0] [cxt 0] Deparsing header 'ipv6'
[00:36:40.826] [bmv2] [D] [thread 91957] [27.0] [cxt 0] Deparser 'deparser': end
[00:36:40.827] [bmv2] [D] [thread 91961] [27.0] [cxt 0] Transmitting packet of size 199 out of port 0
[00:36:40.845] [bmv2] [D] [thread 91956] [28.0] [cxt 0] Processing packet received on port 1
[00:36:40.845] [bmv2] [D] [thread 91956] [28.0] [cxt 0] Parser 'parser': start
[00:36:40.845] [bmv2] [D] [thread 91956] [28.0] [cxt 0] Parser 'parser' entering state 'start'
[00:36:40.845] [bmv2] [D] [thread 91956] [28.0] [cxt 0] Extracting header 'ethernet'
[00:36:40.845] [bmv2] [D] [thread 91956] [28.0] [cxt 0] Parser state 'start': key is 86dd
[00:36:40.845] [bmv2] [T] [thread 91956] [28.0] [cxt 0] Bytes parsed: 14
[00:36:40.845] [bmv2] [D] [thread 91956] [28.0] [cxt 0] Parser 'parser' entering state 'parse_ipv6'
[00:36:40.845] [bmv2] [D] [thread 91956] [28.0] [cxt 0] Extracting header 'ipv6'
[00:36:40.845] [bmv2] [D] [thread 91956] [28.0] [cxt 0] Parser state 'parse_ipv6': key is 00
[00:36:40.846] [bmv2] [T] [thread 91956] [28.0] [cxt 0] Bytes parsed: 54
[00:36:40.846] [bmv2] [D] [thread 91956] [28.0] [cxt 0] Parser 'parser': end
[00:36:40.846] [bmv2] [D] [thread 91956] [28.0] [cxt 0] Pipeline 'ingress': start
[00:36:40.846] [bmv2] [T] [thread 91956] [28.0] [cxt 0] basic.p4(560) Condition "hdr.ethernet.etherType == TYPE_ARP" (node_2) is false
[00:36:40.846] [bmv2] [T] [thread 91956] [28.0] [cxt 0] basic.p4(563) Condition "hdr.ethernet.etherType == TYPE_SRCROUTING" (node_4) is false
[00:36:40.846] [bmv2] [T] [thread 91956] [28.0] [cxt 0] basic.p4(576) Condition "hdr.ethernet.etherType == TYPE_YEQUDESU" (node_12) is false
[00:36:40.846] [bmv2] [T] [thread 91956] [28.0] [cxt 0] basic.p4(582) Condition "hdr.vxlan.isValid()" (node_15) is false
[00:36:40.846] [bmv2] [T] [thread 91956] [28.0] [cxt 0] basic.p4(586) Condition "hdr.ipv6.isValid()" (node_17) is true
[00:36:40.846] [bmv2] [T] [thread 91956] [28.0] [cxt 0] Applying table 'MyIngress.ipv6_lpm'
[00:36:40.846] [bmv2] [D] [thread 91956] [28.0] [cxt 0] Looking up key:
* hdr.ipv6.dstAddr    : ff020000000000000000000000000016

[00:36:40.846] [bmv2] [D] [thread 91956] [28.0] [cxt 0] Table 'MyIngress.ipv6_lpm': miss
[00:36:40.846] [bmv2] [D] [thread 91956] [28.0] [cxt 0] Action entry is NoAction - 
[00:36:40.846] [bmv2] [T] [thread 91956] [28.0] [cxt 0] Action NoAction
[00:36:40.846] [bmv2] [D] [thread 91956] [28.0] [cxt 0] Pipeline 'ingress': end
[00:36:40.846] [bmv2] [D] [thread 91956] [28.0] [cxt 0] Egress port is 0
[00:36:40.846] [bmv2] [D] [thread 91957] [28.0] [cxt 0] Pipeline 'egress': start
[00:36:40.846] [bmv2] [T] [thread 91957] [28.0] [cxt 0] basic.p4(684) Condition "standard_metadata.mcast_grp != 0" (node_28) is false
[00:36:40.846] [bmv2] [D] [thread 91957] [28.0] [cxt 0] Pipeline 'egress': end
[00:36:40.846] [bmv2] [D] [thread 91957] [28.0] [cxt 0] Deparser 'deparser': start
[00:36:40.846] [bmv2] [T] [thread 91957] [28.0] [cxt 0] Skipping checksum 'cksum' update because condition not met
[00:36:40.846] [bmv2] [D] [thread 91957] [28.0] [cxt 0] Deparsing header 'ethernet'
[00:36:40.846] [bmv2] [D] [thread 91957] [28.0] [cxt 0] Deparsing header 'ipv6'
[00:36:40.846] [bmv2] [D] [thread 91957] [28.0] [cxt 0] Deparser 'deparser': end
[00:36:40.846] [bmv2] [D] [thread 91961] [28.0] [cxt 0] Transmitting packet of size 110 out of port 0
[00:36:40.861] [bmv2] [D] [thread 91956] [29.0] [cxt 0] Processing packet received on port 1
[00:36:40.861] [bmv2] [D] [thread 91956] [29.0] [cxt 0] Parser 'parser': start
[00:36:40.861] [bmv2] [D] [thread 91956] [29.0] [cxt 0] Parser 'parser' entering state 'start'
[00:36:40.861] [bmv2] [D] [thread 91956] [29.0] [cxt 0] Extracting header 'ethernet'
[00:36:40.861] [bmv2] [D] [thread 91956] [29.0] [cxt 0] Parser state 'start': key is 86dd
[00:36:40.861] [bmv2] [T] [thread 91956] [29.0] [cxt 0] Bytes parsed: 14
[00:36:40.861] [bmv2] [D] [thread 91956] [29.0] [cxt 0] Parser 'parser' entering state 'parse_ipv6'
[00:36:40.861] [bmv2] [D] [thread 91956] [29.0] [cxt 0] Extracting header 'ipv6'
[00:36:40.861] [bmv2] [D] [thread 91956] [29.0] [cxt 0] Parser state 'parse_ipv6': key is 11
[00:36:40.861] [bmv2] [T] [thread 91956] [29.0] [cxt 0] Bytes parsed: 54
[00:36:40.861] [bmv2] [D] [thread 91956] [29.0] [cxt 0] Parser 'parser': end
[00:36:40.861] [bmv2] [D] [thread 91956] [29.0] [cxt 0] Pipeline 'ingress': start
[00:36:40.861] [bmv2] [T] [thread 91956] [29.0] [cxt 0] basic.p4(560) Condition "hdr.ethernet.etherType == TYPE_ARP" (node_2) is false
[00:36:40.861] [bmv2] [T] [thread 91956] [29.0] [cxt 0] basic.p4(563) Condition "hdr.ethernet.etherType == TYPE_SRCROUTING" (node_4) is false
[00:36:40.861] [bmv2] [T] [thread 91956] [29.0] [cxt 0] basic.p4(576) Condition "hdr.ethernet.etherType == TYPE_YEQUDESU" (node_12) is false
[00:36:40.861] [bmv2] [T] [thread 91956] [29.0] [cxt 0] basic.p4(582) Condition "hdr.vxlan.isValid()" (node_15) is false
[00:36:40.861] [bmv2] [T] [thread 91956] [29.0] [cxt 0] basic.p4(586) Condition "hdr.ipv6.isValid()" (node_17) is true
[00:36:40.861] [bmv2] [T] [thread 91956] [29.0] [cxt 0] Applying table 'MyIngress.ipv6_lpm'
[00:36:40.861] [bmv2] [D] [thread 91956] [29.0] [cxt 0] Looking up key:
* hdr.ipv6.dstAddr    : ff0200000000000000000000000000fb

[00:36:40.861] [bmv2] [D] [thread 91956] [29.0] [cxt 0] Table 'MyIngress.ipv6_lpm': miss
[00:36:40.861] [bmv2] [D] [thread 91956] [29.0] [cxt 0] Action entry is NoAction - 
[00:36:40.861] [bmv2] [T] [thread 91956] [29.0] [cxt 0] Action NoAction
[00:36:40.861] [bmv2] [D] [thread 91956] [29.0] [cxt 0] Pipeline 'ingress': end
[00:36:40.861] [bmv2] [D] [thread 91956] [29.0] [cxt 0] Egress port is 0
[00:36:40.861] [bmv2] [D] [thread 91957] [29.0] [cxt 0] Pipeline 'egress': start
[00:36:40.861] [bmv2] [T] [thread 91957] [29.0] [cxt 0] basic.p4(684) Condition "standard_metadata.mcast_grp != 0" (node_28) is false
[00:36:40.861] [bmv2] [D] [thread 91957] [29.0] [cxt 0] Pipeline 'egress': end
[00:36:40.861] [bmv2] [D] [thread 91957] [29.0] [cxt 0] Deparser 'deparser': start
[00:36:40.861] [bmv2] [T] [thread 91957] [29.0] [cxt 0] Skipping checksum 'cksum' update because condition not met
[00:36:40.861] [bmv2] [D] [thread 91957] [29.0] [cxt 0] Deparsing header 'ethernet'
[00:36:40.861] [bmv2] [D] [thread 91957] [29.0] [cxt 0] Deparsing header 'ipv6'
[00:36:40.861] [bmv2] [D] [thread 91957] [29.0] [cxt 0] Deparser 'deparser': end
[00:36:40.861] [bmv2] [D] [thread 91961] [29.0] [cxt 0] Transmitting packet of size 203 out of port 0
[00:36:40.910] [bmv2] [D] [thread 91956] [30.0] [cxt 0] Processing packet received on port 2
[00:36:40.910] [bmv2] [D] [thread 91956] [30.0] [cxt 0] Parser 'parser': start
[00:36:40.910] [bmv2] [D] [thread 91956] [30.0] [cxt 0] Parser 'parser' entering state 'start'
[00:36:40.910] [bmv2] [D] [thread 91956] [30.0] [cxt 0] Extracting header 'ethernet'
[00:36:40.910] [bmv2] [D] [thread 91956] [30.0] [cxt 0] Parser state 'start': key is 86dd
[00:36:40.910] [bmv2] [T] [thread 91956] [30.0] [cxt 0] Bytes parsed: 14
[00:36:40.910] [bmv2] [D] [thread 91956] [30.0] [cxt 0] Parser 'parser' entering state 'parse_ipv6'
[00:36:40.910] [bmv2] [D] [thread 91956] [30.0] [cxt 0] Extracting header 'ipv6'
[00:36:40.910] [bmv2] [D] [thread 91956] [30.0] [cxt 0] Parser state 'parse_ipv6': key is 00
[00:36:40.910] [bmv2] [T] [thread 91956] [30.0] [cxt 0] Bytes parsed: 54
[00:36:40.910] [bmv2] [D] [thread 91956] [30.0] [cxt 0] Parser 'parser': end
[00:36:40.910] [bmv2] [D] [thread 91956] [30.0] [cxt 0] Pipeline 'ingress': start
[00:36:40.910] [bmv2] [T] [thread 91956] [30.0] [cxt 0] basic.p4(560) Condition "hdr.ethernet.etherType == TYPE_ARP" (node_2) is false
[00:36:40.910] [bmv2] [T] [thread 91956] [30.0] [cxt 0] basic.p4(563) Condition "hdr.ethernet.etherType == TYPE_SRCROUTING" (node_4) is false
[00:36:40.910] [bmv2] [T] [thread 91956] [30.0] [cxt 0] basic.p4(576) Condition "hdr.ethernet.etherType == TYPE_YEQUDESU" (node_12) is false
[00:36:40.910] [bmv2] [T] [thread 91956] [30.0] [cxt 0] basic.p4(582) Condition "hdr.vxlan.isValid()" (node_15) is false
[00:36:40.910] [bmv2] [T] [thread 91956] [30.0] [cxt 0] basic.p4(586) Condition "hdr.ipv6.isValid()" (node_17) is true
[00:36:40.910] [bmv2] [T] [thread 91956] [30.0] [cxt 0] Applying table 'MyIngress.ipv6_lpm'
[00:36:40.910] [bmv2] [D] [thread 91956] [30.0] [cxt 0] Looking up key:
* hdr.ipv6.dstAddr    : ff020000000000000000000000000016

[00:36:40.910] [bmv2] [D] [thread 91956] [30.0] [cxt 0] Table 'MyIngress.ipv6_lpm': miss
[00:36:40.910] [bmv2] [D] [thread 91956] [30.0] [cxt 0] Action entry is NoAction - 
[00:36:40.910] [bmv2] [T] [thread 91956] [30.0] [cxt 0] Action NoAction
[00:36:40.910] [bmv2] [D] [thread 91956] [30.0] [cxt 0] Pipeline 'ingress': end
[00:36:40.910] [bmv2] [D] [thread 91956] [30.0] [cxt 0] Egress port is 0
[00:36:40.910] [bmv2] [D] [thread 91957] [30.0] [cxt 0] Pipeline 'egress': start
[00:36:40.910] [bmv2] [T] [thread 91957] [30.0] [cxt 0] basic.p4(684) Condition "standard_metadata.mcast_grp != 0" (node_28) is false
[00:36:40.910] [bmv2] [D] [thread 91957] [30.0] [cxt 0] Pipeline 'egress': end
[00:36:40.910] [bmv2] [D] [thread 91957] [30.0] [cxt 0] Deparser 'deparser': start
[00:36:40.910] [bmv2] [T] [thread 91957] [30.0] [cxt 0] Skipping checksum 'cksum' update because condition not met
[00:36:40.910] [bmv2] [D] [thread 91957] [30.0] [cxt 0] Deparsing header 'ethernet'
[00:36:40.910] [bmv2] [D] [thread 91957] [30.0] [cxt 0] Deparsing header 'ipv6'
[00:36:40.910] [bmv2] [D] [thread 91957] [30.0] [cxt 0] Deparser 'deparser': end
[00:36:40.910] [bmv2] [D] [thread 91961] [30.0] [cxt 0] Transmitting packet of size 110 out of port 0
[00:36:40.955] [bmv2] [D] [thread 91956] [31.0] [cxt 0] Processing packet received on port 1
[00:36:40.955] [bmv2] [D] [thread 91956] [31.0] [cxt 0] Parser 'parser': start
[00:36:40.955] [bmv2] [D] [thread 91956] [31.0] [cxt 0] Parser 'parser' entering state 'start'
[00:36:40.955] [bmv2] [D] [thread 91956] [31.0] [cxt 0] Extracting header 'ethernet'
[00:36:40.955] [bmv2] [D] [thread 91956] [31.0] [cxt 0] Parser state 'start': key is 86dd
[00:36:40.955] [bmv2] [T] [thread 91956] [31.0] [cxt 0] Bytes parsed: 14
[00:36:40.955] [bmv2] [D] [thread 91956] [31.0] [cxt 0] Parser 'parser' entering state 'parse_ipv6'
[00:36:40.955] [bmv2] [D] [thread 91956] [31.0] [cxt 0] Extracting header 'ipv6'
[00:36:40.955] [bmv2] [D] [thread 91956] [31.0] [cxt 0] Parser state 'parse_ipv6': key is 11
[00:36:40.955] [bmv2] [T] [thread 91956] [31.0] [cxt 0] Bytes parsed: 54
[00:36:40.955] [bmv2] [D] [thread 91956] [31.0] [cxt 0] Parser 'parser': end
[00:36:40.955] [bmv2] [D] [thread 91956] [31.0] [cxt 0] Pipeline 'ingress': start
[00:36:40.955] [bmv2] [T] [thread 91956] [31.0] [cxt 0] basic.p4(560) Condition "hdr.ethernet.etherType == TYPE_ARP" (node_2) is false
[00:36:40.955] [bmv2] [T] [thread 91956] [31.0] [cxt 0] basic.p4(563) Condition "hdr.ethernet.etherType == TYPE_SRCROUTING" (node_4) is false
[00:36:40.955] [bmv2] [T] [thread 91956] [31.0] [cxt 0] basic.p4(576) Condition "hdr.ethernet.etherType == TYPE_YEQUDESU" (node_12) is false
[00:36:40.955] [bmv2] [T] [thread 91956] [31.0] [cxt 0] basic.p4(582) Condition "hdr.vxlan.isValid()" (node_15) is false
[00:36:40.955] [bmv2] [T] [thread 91956] [31.0] [cxt 0] basic.p4(586) Condition "hdr.ipv6.isValid()" (node_17) is true
[00:36:40.955] [bmv2] [T] [thread 91956] [31.0] [cxt 0] Applying table 'MyIngress.ipv6_lpm'
[00:36:40.955] [bmv2] [D] [thread 91956] [31.0] [cxt 0] Looking up key:
* hdr.ipv6.dstAddr    : ff0200000000000000000000000000fb

[00:36:40.955] [bmv2] [D] [thread 91956] [31.0] [cxt 0] Table 'MyIngress.ipv6_lpm': miss
[00:36:40.955] [bmv2] [D] [thread 91956] [31.0] [cxt 0] Action entry is NoAction - 
[00:36:40.955] [bmv2] [T] [thread 91956] [31.0] [cxt 0] Action NoAction
[00:36:40.955] [bmv2] [D] [thread 91956] [31.0] [cxt 0] Pipeline 'ingress': end
[00:36:40.956] [bmv2] [D] [thread 91956] [31.0] [cxt 0] Egress port is 0
[00:36:40.956] [bmv2] [D] [thread 91957] [31.0] [cxt 0] Pipeline 'egress': start
[00:36:40.956] [bmv2] [T] [thread 91957] [31.0] [cxt 0] basic.p4(684) Condition "standard_metadata.mcast_grp != 0" (node_28) is false
[00:36:40.956] [bmv2] [D] [thread 91957] [31.0] [cxt 0] Pipeline 'egress': end
[00:36:40.956] [bmv2] [D] [thread 91957] [31.0] [cxt 0] Deparser 'deparser': start
[00:36:40.956] [bmv2] [T] [thread 91957] [31.0] [cxt 0] Skipping checksum 'cksum' update because condition not met
[00:36:40.956] [bmv2] [D] [thread 91957] [31.0] [cxt 0] Deparsing header 'ethernet'
[00:36:40.956] [bmv2] [D] [thread 91957] [31.0] [cxt 0] Deparsing header 'ipv6'
[00:36:40.956] [bmv2] [D] [thread 91957] [31.0] [cxt 0] Deparser 'deparser': end
[00:36:40.956] [bmv2] [D] [thread 91961] [31.0] [cxt 0] Transmitting packet of size 199 out of port 0
[00:36:41.075] [bmv2] [D] [thread 91956] [32.0] [cxt 0] Processing packet received on port 2
[00:36:41.075] [bmv2] [D] [thread 91956] [32.0] [cxt 0] Parser 'parser': start
[00:36:41.075] [bmv2] [D] [thread 91956] [32.0] [cxt 0] Parser 'parser' entering state 'start'
[00:36:41.075] [bmv2] [D] [thread 91956] [32.0] [cxt 0] Extracting header 'ethernet'
[00:36:41.075] [bmv2] [D] [thread 91956] [32.0] [cxt 0] Parser state 'start': key is 86dd
[00:36:41.075] [bmv2] [T] [thread 91956] [32.0] [cxt 0] Bytes parsed: 14
[00:36:41.075] [bmv2] [D] [thread 91956] [32.0] [cxt 0] Parser 'parser' entering state 'parse_ipv6'
[00:36:41.075] [bmv2] [D] [thread 91956] [32.0] [cxt 0] Extracting header 'ipv6'
[00:36:41.075] [bmv2] [D] [thread 91956] [32.0] [cxt 0] Parser state 'parse_ipv6': key is 11
[00:36:41.075] [bmv2] [T] [thread 91956] [32.0] [cxt 0] Bytes parsed: 54
[00:36:41.075] [bmv2] [D] [thread 91956] [32.0] [cxt 0] Parser 'parser': end
[00:36:41.075] [bmv2] [D] [thread 91956] [32.0] [cxt 0] Pipeline 'ingress': start
[00:36:41.075] [bmv2] [T] [thread 91956] [32.0] [cxt 0] basic.p4(560) Condition "hdr.ethernet.etherType == TYPE_ARP" (node_2) is false
[00:36:41.075] [bmv2] [T] [thread 91956] [32.0] [cxt 0] basic.p4(563) Condition "hdr.ethernet.etherType == TYPE_SRCROUTING" (node_4) is false
[00:36:41.075] [bmv2] [T] [thread 91956] [32.0] [cxt 0] basic.p4(576) Condition "hdr.ethernet.etherType == TYPE_YEQUDESU" (node_12) is false
[00:36:41.075] [bmv2] [T] [thread 91956] [32.0] [cxt 0] basic.p4(582) Condition "hdr.vxlan.isValid()" (node_15) is false
[00:36:41.075] [bmv2] [T] [thread 91956] [32.0] [cxt 0] basic.p4(586) Condition "hdr.ipv6.isValid()" (node_17) is true
[00:36:41.075] [bmv2] [T] [thread 91956] [32.0] [cxt 0] Applying table 'MyIngress.ipv6_lpm'
[00:36:41.075] [bmv2] [D] [thread 91956] [32.0] [cxt 0] Looking up key:
* hdr.ipv6.dstAddr    : ff0200000000000000000000000000fb

[00:36:41.075] [bmv2] [D] [thread 91956] [32.0] [cxt 0] Table 'MyIngress.ipv6_lpm': miss
[00:36:41.076] [bmv2] [D] [thread 91956] [32.0] [cxt 0] Action entry is NoAction - 
[00:36:41.076] [bmv2] [T] [thread 91956] [32.0] [cxt 0] Action NoAction
[00:36:41.076] [bmv2] [D] [thread 91956] [32.0] [cxt 0] Pipeline 'ingress': end
[00:36:41.076] [bmv2] [D] [thread 91956] [32.0] [cxt 0] Egress port is 0
[00:36:41.076] [bmv2] [D] [thread 91957] [32.0] [cxt 0] Pipeline 'egress': start
[00:36:41.076] [bmv2] [T] [thread 91957] [32.0] [cxt 0] basic.p4(684) Condition "standard_metadata.mcast_grp != 0" (node_28) is false
[00:36:41.076] [bmv2] [D] [thread 91957] [32.0] [cxt 0] Pipeline 'egress': end
[00:36:41.076] [bmv2] [D] [thread 91957] [32.0] [cxt 0] Deparser 'deparser': start
[00:36:41.076] [bmv2] [T] [thread 91957] [32.0] [cxt 0] Skipping checksum 'cksum' update because condition not met
[00:36:41.076] [bmv2] [D] [thread 91957] [32.0] [cxt 0] Deparsing header 'ethernet'
[00:36:41.076] [bmv2] [D] [thread 91957] [32.0] [cxt 0] Deparsing header 'ipv6'
[00:36:41.076] [bmv2] [D] [thread 91957] [32.0] [cxt 0] Deparser 'deparser': end
[00:36:41.076] [bmv2] [D] [thread 91961] [32.0] [cxt 0] Transmitting packet of size 211 out of port 0
[00:36:41.101] [bmv2] [D] [thread 91956] [33.0] [cxt 0] Processing packet received on port 2
[00:36:41.101] [bmv2] [D] [thread 91956] [33.0] [cxt 0] Parser 'parser': start
[00:36:41.101] [bmv2] [D] [thread 91956] [33.0] [cxt 0] Parser 'parser' entering state 'start'
[00:36:41.101] [bmv2] [D] [thread 91956] [33.0] [cxt 0] Extracting header 'ethernet'
[00:36:41.101] [bmv2] [D] [thread 91956] [33.0] [cxt 0] Parser state 'start': key is 86dd
[00:36:41.101] [bmv2] [T] [thread 91956] [33.0] [cxt 0] Bytes parsed: 14
[00:36:41.101] [bmv2] [D] [thread 91956] [33.0] [cxt 0] Parser 'parser' entering state 'parse_ipv6'
[00:36:41.101] [bmv2] [D] [thread 91956] [33.0] [cxt 0] Extracting header 'ipv6'
[00:36:41.101] [bmv2] [D] [thread 91956] [33.0] [cxt 0] Parser state 'parse_ipv6': key is 00
[00:36:41.101] [bmv2] [T] [thread 91956] [33.0] [cxt 0] Bytes parsed: 54
[00:36:41.101] [bmv2] [D] [thread 91956] [33.0] [cxt 0] Parser 'parser': end
[00:36:41.101] [bmv2] [D] [thread 91956] [33.0] [cxt 0] Pipeline 'ingress': start
[00:36:41.101] [bmv2] [T] [thread 91956] [33.0] [cxt 0] basic.p4(560) Condition "hdr.ethernet.etherType == TYPE_ARP" (node_2) is false
[00:36:41.101] [bmv2] [T] [thread 91956] [33.0] [cxt 0] basic.p4(563) Condition "hdr.ethernet.etherType == TYPE_SRCROUTING" (node_4) is false
[00:36:41.101] [bmv2] [T] [thread 91956] [33.0] [cxt 0] basic.p4(576) Condition "hdr.ethernet.etherType == TYPE_YEQUDESU" (node_12) is false
[00:36:41.101] [bmv2] [T] [thread 91956] [33.0] [cxt 0] basic.p4(582) Condition "hdr.vxlan.isValid()" (node_15) is false
[00:36:41.101] [bmv2] [T] [thread 91956] [33.0] [cxt 0] basic.p4(586) Condition "hdr.ipv6.isValid()" (node_17) is true
[00:36:41.101] [bmv2] [T] [thread 91956] [33.0] [cxt 0] Applying table 'MyIngress.ipv6_lpm'
[00:36:41.101] [bmv2] [D] [thread 91956] [33.0] [cxt 0] Looking up key:
* hdr.ipv6.dstAddr    : ff020000000000000000000000000016

[00:36:41.101] [bmv2] [D] [thread 91956] [33.0] [cxt 0] Table 'MyIngress.ipv6_lpm': miss
[00:36:41.101] [bmv2] [D] [thread 91956] [33.0] [cxt 0] Action entry is NoAction - 
[00:36:41.101] [bmv2] [T] [thread 91956] [33.0] [cxt 0] Action NoAction
[00:36:41.101] [bmv2] [D] [thread 91956] [33.0] [cxt 0] Pipeline 'ingress': end
[00:36:41.101] [bmv2] [D] [thread 91956] [33.0] [cxt 0] Egress port is 0
[00:36:41.102] [bmv2] [D] [thread 91957] [33.0] [cxt 0] Pipeline 'egress': start
[00:36:41.102] [bmv2] [T] [thread 91957] [33.0] [cxt 0] basic.p4(684) Condition "standard_metadata.mcast_grp != 0" (node_28) is false
[00:36:41.102] [bmv2] [D] [thread 91957] [33.0] [cxt 0] Pipeline 'egress': end
[00:36:41.102] [bmv2] [D] [thread 91957] [33.0] [cxt 0] Deparser 'deparser': start
[00:36:41.102] [bmv2] [T] [thread 91957] [33.0] [cxt 0] Skipping checksum 'cksum' update because condition not met
[00:36:41.102] [bmv2] [D] [thread 91957] [33.0] [cxt 0] Deparsing header 'ethernet'
[00:36:41.102] [bmv2] [D] [thread 91957] [33.0] [cxt 0] Deparsing header 'ipv6'
[00:36:41.102] [bmv2] [D] [thread 91957] [33.0] [cxt 0] Deparser 'deparser': end
[00:36:41.102] [bmv2] [D] [thread 91961] [33.0] [cxt 0] Transmitting packet of size 90 out of port 0
[00:36:41.117] [bmv2] [D] [thread 91956] [34.0] [cxt 0] Processing packet received on port 2
[00:36:41.117] [bmv2] [D] [thread 91956] [34.0] [cxt 0] Parser 'parser': start
[00:36:41.117] [bmv2] [D] [thread 91956] [34.0] [cxt 0] Parser 'parser' entering state 'start'
[00:36:41.117] [bmv2] [D] [thread 91956] [34.0] [cxt 0] Extracting header 'ethernet'
[00:36:41.117] [bmv2] [D] [thread 91956] [34.0] [cxt 0] Parser state 'start': key is 86dd
[00:36:41.117] [bmv2] [T] [thread 91956] [34.0] [cxt 0] Bytes parsed: 14
[00:36:41.117] [bmv2] [D] [thread 91956] [34.0] [cxt 0] Parser 'parser' entering state 'parse_ipv6'
[00:36:41.117] [bmv2] [D] [thread 91956] [34.0] [cxt 0] Extracting header 'ipv6'
[00:36:41.117] [bmv2] [D] [thread 91956] [34.0] [cxt 0] Parser state 'parse_ipv6': key is 11
[00:36:41.117] [bmv2] [T] [thread 91956] [34.0] [cxt 0] Bytes parsed: 54
[00:36:41.117] [bmv2] [D] [thread 91956] [34.0] [cxt 0] Parser 'parser': end
[00:36:41.117] [bmv2] [D] [thread 91956] [34.0] [cxt 0] Pipeline 'ingress': start
[00:36:41.117] [bmv2] [T] [thread 91956] [34.0] [cxt 0] basic.p4(560) Condition "hdr.ethernet.etherType == TYPE_ARP" (node_2) is false
[00:36:41.117] [bmv2] [T] [thread 91956] [34.0] [cxt 0] basic.p4(563) Condition "hdr.ethernet.etherType == TYPE_SRCROUTING" (node_4) is false
[00:36:41.117] [bmv2] [T] [thread 91956] [34.0] [cxt 0] basic.p4(576) Condition "hdr.ethernet.etherType == TYPE_YEQUDESU" (node_12) is false
[00:36:41.117] [bmv2] [T] [thread 91956] [34.0] [cxt 0] basic.p4(582) Condition "hdr.vxlan.isValid()" (node_15) is false
[00:36:41.117] [bmv2] [T] [thread 91956] [34.0] [cxt 0] basic.p4(586) Condition "hdr.ipv6.isValid()" (node_17) is true
[00:36:41.117] [bmv2] [T] [thread 91956] [34.0] [cxt 0] Applying table 'MyIngress.ipv6_lpm'
[00:36:41.117] [bmv2] [D] [thread 91956] [34.0] [cxt 0] Looking up key:
* hdr.ipv6.dstAddr    : ff0200000000000000000000000000fb

[00:36:41.117] [bmv2] [D] [thread 91956] [34.0] [cxt 0] Table 'MyIngress.ipv6_lpm': miss
[00:36:41.117] [bmv2] [D] [thread 91956] [34.0] [cxt 0] Action entry is NoAction - 
[00:36:41.117] [bmv2] [T] [thread 91956] [34.0] [cxt 0] Action NoAction
[00:36:41.117] [bmv2] [D] [thread 91956] [34.0] [cxt 0] Pipeline 'ingress': end
[00:36:41.117] [bmv2] [D] [thread 91956] [34.0] [cxt 0] Egress port is 0
[00:36:41.118] [bmv2] [D] [thread 91957] [34.0] [cxt 0] Pipeline 'egress': start
[00:36:41.118] [bmv2] [T] [thread 91957] [34.0] [cxt 0] basic.p4(684) Condition "standard_metadata.mcast_grp != 0" (node_28) is false
[00:36:41.118] [bmv2] [D] [thread 91957] [34.0] [cxt 0] Pipeline 'egress': end
[00:36:41.118] [bmv2] [D] [thread 91957] [34.0] [cxt 0] Deparser 'deparser': start
[00:36:41.118] [bmv2] [T] [thread 91957] [34.0] [cxt 0] Skipping checksum 'cksum' update because condition not met
[00:36:41.118] [bmv2] [D] [thread 91957] [34.0] [cxt 0] Deparsing header 'ethernet'
[00:36:41.118] [bmv2] [D] [thread 91957] [34.0] [cxt 0] Deparsing header 'ipv6'
[00:36:41.118] [bmv2] [D] [thread 91957] [34.0] [cxt 0] Deparser 'deparser': end
[00:36:41.118] [bmv2] [D] [thread 91961] [34.0] [cxt 0] Transmitting packet of size 203 out of port 0
[00:36:41.244] [bmv2] [D] [thread 91956] [35.0] [cxt 0] Processing packet received on port 1
[00:36:41.244] [bmv2] [D] [thread 91956] [35.0] [cxt 0] Parser 'parser': start
[00:36:41.244] [bmv2] [D] [thread 91956] [35.0] [cxt 0] Parser 'parser' entering state 'start'
[00:36:41.244] [bmv2] [D] [thread 91956] [35.0] [cxt 0] Extracting header 'ethernet'
[00:36:41.244] [bmv2] [D] [thread 91956] [35.0] [cxt 0] Parser state 'start': key is 86dd
[00:36:41.244] [bmv2] [T] [thread 91956] [35.0] [cxt 0] Bytes parsed: 14
[00:36:41.244] [bmv2] [D] [thread 91956] [35.0] [cxt 0] Parser 'parser' entering state 'parse_ipv6'
[00:36:41.244] [bmv2] [D] [thread 91956] [35.0] [cxt 0] Extracting header 'ipv6'
[00:36:41.244] [bmv2] [D] [thread 91956] [35.0] [cxt 0] Parser state 'parse_ipv6': key is 11
[00:36:41.244] [bmv2] [T] [thread 91956] [35.0] [cxt 0] Bytes parsed: 54
[00:36:41.244] [bmv2] [D] [thread 91956] [35.0] [cxt 0] Parser 'parser': end
[00:36:41.244] [bmv2] [D] [thread 91956] [35.0] [cxt 0] Pipeline 'ingress': start
[00:36:41.244] [bmv2] [T] [thread 91956] [35.0] [cxt 0] basic.p4(560) Condition "hdr.ethernet.etherType == TYPE_ARP" (node_2) is false
[00:36:41.244] [bmv2] [T] [thread 91956] [35.0] [cxt 0] basic.p4(563) Condition "hdr.ethernet.etherType == TYPE_SRCROUTING" (node_4) is false
[00:36:41.244] [bmv2] [T] [thread 91956] [35.0] [cxt 0] basic.p4(576) Condition "hdr.ethernet.etherType == TYPE_YEQUDESU" (node_12) is false
[00:36:41.244] [bmv2] [T] [thread 91956] [35.0] [cxt 0] basic.p4(582) Condition "hdr.vxlan.isValid()" (node_15) is false
[00:36:41.244] [bmv2] [T] [thread 91956] [35.0] [cxt 0] basic.p4(586) Condition "hdr.ipv6.isValid()" (node_17) is true
[00:36:41.244] [bmv2] [T] [thread 91956] [35.0] [cxt 0] Applying table 'MyIngress.ipv6_lpm'
[00:36:41.244] [bmv2] [D] [thread 91956] [35.0] [cxt 0] Looking up key:
* hdr.ipv6.dstAddr    : ff0200000000000000000000000000fb

[00:36:41.244] [bmv2] [D] [thread 91956] [35.0] [cxt 0] Table 'MyIngress.ipv6_lpm': miss
[00:36:41.244] [bmv2] [D] [thread 91956] [35.0] [cxt 0] Action entry is NoAction - 
[00:36:41.244] [bmv2] [T] [thread 91956] [35.0] [cxt 0] Action NoAction
[00:36:41.244] [bmv2] [D] [thread 91956] [35.0] [cxt 0] Pipeline 'ingress': end
[00:36:41.244] [bmv2] [D] [thread 91956] [35.0] [cxt 0] Egress port is 0
[00:36:41.244] [bmv2] [D] [thread 91957] [35.0] [cxt 0] Pipeline 'egress': start
[00:36:41.244] [bmv2] [T] [thread 91957] [35.0] [cxt 0] basic.p4(684) Condition "standard_metadata.mcast_grp != 0" (node_28) is false
[00:36:41.244] [bmv2] [D] [thread 91957] [35.0] [cxt 0] Pipeline 'egress': end
[00:36:41.244] [bmv2] [D] [thread 91957] [35.0] [cxt 0] Deparser 'deparser': start
[00:36:41.244] [bmv2] [T] [thread 91957] [35.0] [cxt 0] Skipping checksum 'cksum' update because condition not met
[00:36:41.244] [bmv2] [D] [thread 91957] [35.0] [cxt 0] Deparsing header 'ethernet'
[00:36:41.244] [bmv2] [D] [thread 91957] [35.0] [cxt 0] Deparsing header 'ipv6'
[00:36:41.244] [bmv2] [D] [thread 91957] [35.0] [cxt 0] Deparser 'deparser': end
[00:36:41.245] [bmv2] [D] [thread 91961] [35.0] [cxt 0] Transmitting packet of size 203 out of port 0
[00:36:41.276] [bmv2] [D] [thread 91956] [36.0] [cxt 0] Processing packet received on port 2
[00:36:41.276] [bmv2] [D] [thread 91956] [36.0] [cxt 0] Parser 'parser': start
[00:36:41.276] [bmv2] [D] [thread 91956] [36.0] [cxt 0] Parser 'parser' entering state 'start'
[00:36:41.276] [bmv2] [D] [thread 91956] [36.0] [cxt 0] Extracting header 'ethernet'
[00:36:41.276] [bmv2] [D] [thread 91956] [36.0] [cxt 0] Parser state 'start': key is 86dd
[00:36:41.276] [bmv2] [T] [thread 91956] [36.0] [cxt 0] Bytes parsed: 14
[00:36:41.276] [bmv2] [D] [thread 91956] [36.0] [cxt 0] Parser 'parser' entering state 'parse_ipv6'
[00:36:41.276] [bmv2] [D] [thread 91956] [36.0] [cxt 0] Extracting header 'ipv6'
[00:36:41.276] [bmv2] [D] [thread 91956] [36.0] [cxt 0] Parser state 'parse_ipv6': key is 11
[00:36:41.276] [bmv2] [T] [thread 91956] [36.0] [cxt 0] Bytes parsed: 54
[00:36:41.276] [bmv2] [D] [thread 91956] [36.0] [cxt 0] Parser 'parser': end
[00:36:41.276] [bmv2] [D] [thread 91956] [36.0] [cxt 0] Pipeline 'ingress': start
[00:36:41.276] [bmv2] [T] [thread 91956] [36.0] [cxt 0] basic.p4(560) Condition "hdr.ethernet.etherType == TYPE_ARP" (node_2) is false
[00:36:41.276] [bmv2] [T] [thread 91956] [36.0] [cxt 0] basic.p4(563) Condition "hdr.ethernet.etherType == TYPE_SRCROUTING" (node_4) is false
[00:36:41.276] [bmv2] [T] [thread 91956] [36.0] [cxt 0] basic.p4(576) Condition "hdr.ethernet.etherType == TYPE_YEQUDESU" (node_12) is false
[00:36:41.276] [bmv2] [T] [thread 91956] [36.0] [cxt 0] basic.p4(582) Condition "hdr.vxlan.isValid()" (node_15) is false
[00:36:41.276] [bmv2] [T] [thread 91956] [36.0] [cxt 0] basic.p4(586) Condition "hdr.ipv6.isValid()" (node_17) is true
[00:36:41.276] [bmv2] [T] [thread 91956] [36.0] [cxt 0] Applying table 'MyIngress.ipv6_lpm'
[00:36:41.276] [bmv2] [D] [thread 91956] [36.0] [cxt 0] Looking up key:
* hdr.ipv6.dstAddr    : ff0200000000000000000000000000fb

[00:36:41.276] [bmv2] [D] [thread 91956] [36.0] [cxt 0] Table 'MyIngress.ipv6_lpm': miss
[00:36:41.276] [bmv2] [D] [thread 91956] [36.0] [cxt 0] Action entry is NoAction - 
[00:36:41.276] [bmv2] [T] [thread 91956] [36.0] [cxt 0] Action NoAction
[00:36:41.276] [bmv2] [D] [thread 91956] [36.0] [cxt 0] Pipeline 'ingress': end
[00:36:41.276] [bmv2] [D] [thread 91956] [36.0] [cxt 0] Egress port is 0
[00:36:41.277] [bmv2] [D] [thread 91957] [36.0] [cxt 0] Pipeline 'egress': start
[00:36:41.277] [bmv2] [T] [thread 91957] [36.0] [cxt 0] basic.p4(684) Condition "standard_metadata.mcast_grp != 0" (node_28) is false
[00:36:41.277] [bmv2] [D] [thread 91957] [36.0] [cxt 0] Pipeline 'egress': end
[00:36:41.277] [bmv2] [D] [thread 91957] [36.0] [cxt 0] Deparser 'deparser': start
[00:36:41.277] [bmv2] [T] [thread 91957] [36.0] [cxt 0] Skipping checksum 'cksum' update because condition not met
[00:36:41.277] [bmv2] [D] [thread 91957] [36.0] [cxt 0] Deparsing header 'ethernet'
[00:36:41.277] [bmv2] [D] [thread 91957] [36.0] [cxt 0] Deparsing header 'ipv6'
[00:36:41.277] [bmv2] [D] [thread 91957] [36.0] [cxt 0] Deparser 'deparser': end
[00:36:41.277] [bmv2] [D] [thread 91961] [36.0] [cxt 0] Transmitting packet of size 199 out of port 0
[00:36:41.421] [bmv2] [D] [thread 91956] [37.0] [cxt 0] Processing packet received on port 2
[00:36:41.421] [bmv2] [D] [thread 91956] [37.0] [cxt 0] Parser 'parser': start
[00:36:41.421] [bmv2] [D] [thread 91956] [37.0] [cxt 0] Parser 'parser' entering state 'start'
[00:36:41.421] [bmv2] [D] [thread 91956] [37.0] [cxt 0] Extracting header 'ethernet'
[00:36:41.421] [bmv2] [D] [thread 91956] [37.0] [cxt 0] Parser state 'start': key is 86dd
[00:36:41.421] [bmv2] [T] [thread 91956] [37.0] [cxt 0] Bytes parsed: 14
[00:36:41.421] [bmv2] [D] [thread 91956] [37.0] [cxt 0] Parser 'parser' entering state 'parse_ipv6'
[00:36:41.421] [bmv2] [D] [thread 91956] [37.0] [cxt 0] Extracting header 'ipv6'
[00:36:41.421] [bmv2] [D] [thread 91956] [37.0] [cxt 0] Parser state 'parse_ipv6': key is 00
[00:36:41.421] [bmv2] [T] [thread 91956] [37.0] [cxt 0] Bytes parsed: 54
[00:36:41.421] [bmv2] [D] [thread 91956] [37.0] [cxt 0] Parser 'parser': end
[00:36:41.421] [bmv2] [D] [thread 91956] [37.0] [cxt 0] Pipeline 'ingress': start
[00:36:41.421] [bmv2] [T] [thread 91956] [37.0] [cxt 0] basic.p4(560) Condition "hdr.ethernet.etherType == TYPE_ARP" (node_2) is false
[00:36:41.421] [bmv2] [T] [thread 91956] [37.0] [cxt 0] basic.p4(563) Condition "hdr.ethernet.etherType == TYPE_SRCROUTING" (node_4) is false
[00:36:41.421] [bmv2] [T] [thread 91956] [37.0] [cxt 0] basic.p4(576) Condition "hdr.ethernet.etherType == TYPE_YEQUDESU" (node_12) is false
[00:36:41.421] [bmv2] [T] [thread 91956] [37.0] [cxt 0] basic.p4(582) Condition "hdr.vxlan.isValid()" (node_15) is false
[00:36:41.421] [bmv2] [T] [thread 91956] [37.0] [cxt 0] basic.p4(586) Condition "hdr.ipv6.isValid()" (node_17) is true
[00:36:41.421] [bmv2] [T] [thread 91956] [37.0] [cxt 0] Applying table 'MyIngress.ipv6_lpm'
[00:36:41.421] [bmv2] [D] [thread 91956] [37.0] [cxt 0] Looking up key:
* hdr.ipv6.dstAddr    : ff020000000000000000000000000016

[00:36:41.421] [bmv2] [D] [thread 91956] [37.0] [cxt 0] Table 'MyIngress.ipv6_lpm': miss
[00:36:41.421] [bmv2] [D] [thread 91956] [37.0] [cxt 0] Action entry is NoAction - 
[00:36:41.421] [bmv2] [T] [thread 91956] [37.0] [cxt 0] Action NoAction
[00:36:41.421] [bmv2] [D] [thread 91956] [37.0] [cxt 0] Pipeline 'ingress': end
[00:36:41.421] [bmv2] [D] [thread 91956] [37.0] [cxt 0] Egress port is 0
[00:36:41.422] [bmv2] [D] [thread 91957] [37.0] [cxt 0] Pipeline 'egress': start
[00:36:41.422] [bmv2] [T] [thread 91957] [37.0] [cxt 0] basic.p4(684) Condition "standard_metadata.mcast_grp != 0" (node_28) is false
[00:36:41.422] [bmv2] [D] [thread 91957] [37.0] [cxt 0] Pipeline 'egress': end
[00:36:41.422] [bmv2] [D] [thread 91957] [37.0] [cxt 0] Deparser 'deparser': start
[00:36:41.422] [bmv2] [T] [thread 91957] [37.0] [cxt 0] Skipping checksum 'cksum' update because condition not met
[00:36:41.422] [bmv2] [D] [thread 91957] [37.0] [cxt 0] Deparsing header 'ethernet'
[00:36:41.422] [bmv2] [D] [thread 91957] [37.0] [cxt 0] Deparsing header 'ipv6'
[00:36:41.422] [bmv2] [D] [thread 91957] [37.0] [cxt 0] Deparser 'deparser': end
[00:36:41.422] [bmv2] [D] [thread 91961] [37.0] [cxt 0] Transmitting packet of size 110 out of port 0
[00:36:41.565] [bmv2] [D] [thread 91956] [38.0] [cxt 0] Processing packet received on port 2
[00:36:41.565] [bmv2] [D] [thread 91956] [38.0] [cxt 0] Parser 'parser': start
[00:36:41.565] [bmv2] [D] [thread 91956] [38.0] [cxt 0] Parser 'parser' entering state 'start'
[00:36:41.565] [bmv2] [D] [thread 91956] [38.0] [cxt 0] Extracting header 'ethernet'
[00:36:41.565] [bmv2] [D] [thread 91956] [38.0] [cxt 0] Parser state 'start': key is 86dd
[00:36:41.565] [bmv2] [T] [thread 91956] [38.0] [cxt 0] Bytes parsed: 14
[00:36:41.565] [bmv2] [D] [thread 91956] [38.0] [cxt 0] Parser 'parser' entering state 'parse_ipv6'
[00:36:41.565] [bmv2] [D] [thread 91956] [38.0] [cxt 0] Extracting header 'ipv6'
[00:36:41.565] [bmv2] [D] [thread 91956] [38.0] [cxt 0] Parser state 'parse_ipv6': key is 11
[00:36:41.565] [bmv2] [T] [thread 91956] [38.0] [cxt 0] Bytes parsed: 54
[00:36:41.565] [bmv2] [D] [thread 91956] [38.0] [cxt 0] Parser 'parser': end
[00:36:41.565] [bmv2] [D] [thread 91956] [38.0] [cxt 0] Pipeline 'ingress': start
[00:36:41.565] [bmv2] [T] [thread 91956] [38.0] [cxt 0] basic.p4(560) Condition "hdr.ethernet.etherType == TYPE_ARP" (node_2) is false
[00:36:41.565] [bmv2] [T] [thread 91956] [38.0] [cxt 0] basic.p4(563) Condition "hdr.ethernet.etherType == TYPE_SRCROUTING" (node_4) is false
[00:36:41.565] [bmv2] [T] [thread 91956] [38.0] [cxt 0] basic.p4(576) Condition "hdr.ethernet.etherType == TYPE_YEQUDESU" (node_12) is false
[00:36:41.565] [bmv2] [T] [thread 91956] [38.0] [cxt 0] basic.p4(582) Condition "hdr.vxlan.isValid()" (node_15) is false
[00:36:41.565] [bmv2] [T] [thread 91956] [38.0] [cxt 0] basic.p4(586) Condition "hdr.ipv6.isValid()" (node_17) is true
[00:36:41.565] [bmv2] [T] [thread 91956] [38.0] [cxt 0] Applying table 'MyIngress.ipv6_lpm'
[00:36:41.565] [bmv2] [D] [thread 91956] [38.0] [cxt 0] Looking up key:
* hdr.ipv6.dstAddr    : ff0200000000000000000000000000fb

[00:36:41.565] [bmv2] [D] [thread 91956] [38.0] [cxt 0] Table 'MyIngress.ipv6_lpm': miss
[00:36:41.565] [bmv2] [D] [thread 91956] [38.0] [cxt 0] Action entry is NoAction - 
[00:36:41.565] [bmv2] [T] [thread 91956] [38.0] [cxt 0] Action NoAction
[00:36:41.565] [bmv2] [D] [thread 91956] [38.0] [cxt 0] Pipeline 'ingress': end
[00:36:41.565] [bmv2] [D] [thread 91956] [38.0] [cxt 0] Egress port is 0
[00:36:41.565] [bmv2] [D] [thread 91957] [38.0] [cxt 0] Pipeline 'egress': start
[00:36:41.565] [bmv2] [T] [thread 91957] [38.0] [cxt 0] basic.p4(684) Condition "standard_metadata.mcast_grp != 0" (node_28) is false
[00:36:41.565] [bmv2] [D] [thread 91957] [38.0] [cxt 0] Pipeline 'egress': end
[00:36:41.565] [bmv2] [D] [thread 91957] [38.0] [cxt 0] Deparser 'deparser': start
[00:36:41.565] [bmv2] [T] [thread 91957] [38.0] [cxt 0] Skipping checksum 'cksum' update because condition not met
[00:36:41.565] [bmv2] [D] [thread 91957] [38.0] [cxt 0] Deparsing header 'ethernet'
[00:36:41.565] [bmv2] [D] [thread 91957] [38.0] [cxt 0] Deparsing header 'ipv6'
[00:36:41.565] [bmv2] [D] [thread 91957] [38.0] [cxt 0] Deparser 'deparser': end
[00:36:41.565] [bmv2] [D] [thread 91961] [38.0] [cxt 0] Transmitting packet of size 203 out of port 0
[00:36:41.630] [bmv2] [D] [thread 91956] [39.0] [cxt 0] Processing packet received on port 1
[00:36:41.630] [bmv2] [D] [thread 91956] [39.0] [cxt 0] Parser 'parser': start
[00:36:41.630] [bmv2] [D] [thread 91956] [39.0] [cxt 0] Parser 'parser' entering state 'start'
[00:36:41.631] [bmv2] [D] [thread 91956] [39.0] [cxt 0] Extracting header 'ethernet'
[00:36:41.631] [bmv2] [D] [thread 91956] [39.0] [cxt 0] Parser state 'start': key is 86dd
[00:36:41.631] [bmv2] [T] [thread 91956] [39.0] [cxt 0] Bytes parsed: 14
[00:36:41.631] [bmv2] [D] [thread 91956] [39.0] [cxt 0] Parser 'parser' entering state 'parse_ipv6'
[00:36:41.631] [bmv2] [D] [thread 91956] [39.0] [cxt 0] Extracting header 'ipv6'
[00:36:41.631] [bmv2] [D] [thread 91956] [39.0] [cxt 0] Parser state 'parse_ipv6': key is 11
[00:36:41.631] [bmv2] [T] [thread 91956] [39.0] [cxt 0] Bytes parsed: 54
[00:36:41.631] [bmv2] [D] [thread 91956] [39.0] [cxt 0] Parser 'parser': end
[00:36:41.631] [bmv2] [D] [thread 91956] [39.0] [cxt 0] Pipeline 'ingress': start
[00:36:41.631] [bmv2] [T] [thread 91956] [39.0] [cxt 0] basic.p4(560) Condition "hdr.ethernet.etherType == TYPE_ARP" (node_2) is false
[00:36:41.631] [bmv2] [T] [thread 91956] [39.0] [cxt 0] basic.p4(563) Condition "hdr.ethernet.etherType == TYPE_SRCROUTING" (node_4) is false
[00:36:41.631] [bmv2] [T] [thread 91956] [39.0] [cxt 0] basic.p4(576) Condition "hdr.ethernet.etherType == TYPE_YEQUDESU" (node_12) is false
[00:36:41.631] [bmv2] [T] [thread 91956] [39.0] [cxt 0] basic.p4(582) Condition "hdr.vxlan.isValid()" (node_15) is false
[00:36:41.631] [bmv2] [T] [thread 91956] [39.0] [cxt 0] basic.p4(586) Condition "hdr.ipv6.isValid()" (node_17) is true
[00:36:41.631] [bmv2] [T] [thread 91956] [39.0] [cxt 0] Applying table 'MyIngress.ipv6_lpm'
[00:36:41.631] [bmv2] [D] [thread 91956] [39.0] [cxt 0] Looking up key:
* hdr.ipv6.dstAddr    : ff0200000000000000000000000000fb

[00:36:41.631] [bmv2] [D] [thread 91956] [39.0] [cxt 0] Table 'MyIngress.ipv6_lpm': miss
[00:36:41.631] [bmv2] [D] [thread 91956] [39.0] [cxt 0] Action entry is NoAction - 
[00:36:41.631] [bmv2] [T] [thread 91956] [39.0] [cxt 0] Action NoAction
[00:36:41.631] [bmv2] [D] [thread 91956] [39.0] [cxt 0] Pipeline 'ingress': end
[00:36:41.631] [bmv2] [D] [thread 91956] [39.0] [cxt 0] Egress port is 0
[00:36:41.631] [bmv2] [D] [thread 91957] [39.0] [cxt 0] Pipeline 'egress': start
[00:36:41.631] [bmv2] [T] [thread 91957] [39.0] [cxt 0] basic.p4(684) Condition "standard_metadata.mcast_grp != 0" (node_28) is false
[00:36:41.631] [bmv2] [D] [thread 91957] [39.0] [cxt 0] Pipeline 'egress': end
[00:36:41.631] [bmv2] [D] [thread 91957] [39.0] [cxt 0] Deparser 'deparser': start
[00:36:41.631] [bmv2] [T] [thread 91957] [39.0] [cxt 0] Skipping checksum 'cksum' update because condition not met
[00:36:41.631] [bmv2] [D] [thread 91957] [39.0] [cxt 0] Deparsing header 'ethernet'
[00:36:41.631] [bmv2] [D] [thread 91957] [39.0] [cxt 0] Deparsing header 'ipv6'
[00:36:41.631] [bmv2] [D] [thread 91957] [39.0] [cxt 0] Deparser 'deparser': end
[00:36:41.631] [bmv2] [D] [thread 91961] [39.0] [cxt 0] Transmitting packet of size 199 out of port 0
[00:36:41.886] [bmv2] [D] [thread 91956] [40.0] [cxt 0] Processing packet received on port 2
[00:36:41.886] [bmv2] [D] [thread 91956] [40.0] [cxt 0] Parser 'parser': start
[00:36:41.886] [bmv2] [D] [thread 91956] [40.0] [cxt 0] Parser 'parser' entering state 'start'
[00:36:41.886] [bmv2] [D] [thread 91956] [40.0] [cxt 0] Extracting header 'ethernet'
[00:36:41.886] [bmv2] [D] [thread 91956] [40.0] [cxt 0] Parser state 'start': key is 86dd
[00:36:41.886] [bmv2] [T] [thread 91956] [40.0] [cxt 0] Bytes parsed: 14
[00:36:41.886] [bmv2] [D] [thread 91956] [40.0] [cxt 0] Parser 'parser' entering state 'parse_ipv6'
[00:36:41.886] [bmv2] [D] [thread 91956] [40.0] [cxt 0] Extracting header 'ipv6'
[00:36:41.886] [bmv2] [D] [thread 91956] [40.0] [cxt 0] Parser state 'parse_ipv6': key is 11
[00:36:41.886] [bmv2] [T] [thread 91956] [40.0] [cxt 0] Bytes parsed: 54
[00:36:41.886] [bmv2] [D] [thread 91956] [40.0] [cxt 0] Parser 'parser': end
[00:36:41.886] [bmv2] [D] [thread 91956] [40.0] [cxt 0] Pipeline 'ingress': start
[00:36:41.886] [bmv2] [T] [thread 91956] [40.0] [cxt 0] basic.p4(560) Condition "hdr.ethernet.etherType == TYPE_ARP" (node_2) is false
[00:36:41.886] [bmv2] [T] [thread 91956] [40.0] [cxt 0] basic.p4(563) Condition "hdr.ethernet.etherType == TYPE_SRCROUTING" (node_4) is false
[00:36:41.886] [bmv2] [T] [thread 91956] [40.0] [cxt 0] basic.p4(576) Condition "hdr.ethernet.etherType == TYPE_YEQUDESU" (node_12) is false
[00:36:41.886] [bmv2] [T] [thread 91956] [40.0] [cxt 0] basic.p4(582) Condition "hdr.vxlan.isValid()" (node_15) is false
[00:36:41.886] [bmv2] [T] [thread 91956] [40.0] [cxt 0] basic.p4(586) Condition "hdr.ipv6.isValid()" (node_17) is true
[00:36:41.886] [bmv2] [T] [thread 91956] [40.0] [cxt 0] Applying table 'MyIngress.ipv6_lpm'
[00:36:41.886] [bmv2] [D] [thread 91956] [40.0] [cxt 0] Looking up key:
* hdr.ipv6.dstAddr    : ff0200000000000000000000000000fb

[00:36:41.886] [bmv2] [D] [thread 91956] [40.0] [cxt 0] Table 'MyIngress.ipv6_lpm': miss
[00:36:41.886] [bmv2] [D] [thread 91956] [40.0] [cxt 0] Action entry is NoAction - 
[00:36:41.886] [bmv2] [T] [thread 91956] [40.0] [cxt 0] Action NoAction
[00:36:41.886] [bmv2] [D] [thread 91956] [40.0] [cxt 0] Pipeline 'ingress': end
[00:36:41.886] [bmv2] [D] [thread 91956] [40.0] [cxt 0] Egress port is 0
[00:36:41.886] [bmv2] [D] [thread 91957] [40.0] [cxt 0] Pipeline 'egress': start
[00:36:41.886] [bmv2] [T] [thread 91957] [40.0] [cxt 0] basic.p4(684) Condition "standard_metadata.mcast_grp != 0" (node_28) is false
[00:36:41.886] [bmv2] [D] [thread 91957] [40.0] [cxt 0] Pipeline 'egress': end
[00:36:41.886] [bmv2] [D] [thread 91957] [40.0] [cxt 0] Deparser 'deparser': start
[00:36:41.886] [bmv2] [T] [thread 91957] [40.0] [cxt 0] Skipping checksum 'cksum' update because condition not met
[00:36:41.886] [bmv2] [D] [thread 91957] [40.0] [cxt 0] Deparsing header 'ethernet'
[00:36:41.886] [bmv2] [D] [thread 91957] [40.0] [cxt 0] Deparsing header 'ipv6'
[00:36:41.886] [bmv2] [D] [thread 91957] [40.0] [cxt 0] Deparser 'deparser': end
[00:36:41.886] [bmv2] [D] [thread 91961] [40.0] [cxt 0] Transmitting packet of size 199 out of port 0
[00:36:42.016] [bmv2] [D] [thread 91956] [41.0] [cxt 0] Processing packet received on port 1
[00:36:42.016] [bmv2] [D] [thread 91956] [41.0] [cxt 0] Parser 'parser': start
[00:36:42.016] [bmv2] [D] [thread 91956] [41.0] [cxt 0] Parser 'parser' entering state 'start'
[00:36:42.016] [bmv2] [D] [thread 91956] [41.0] [cxt 0] Extracting header 'ethernet'
[00:36:42.016] [bmv2] [D] [thread 91956] [41.0] [cxt 0] Parser state 'start': key is 86dd
[00:36:42.016] [bmv2] [T] [thread 91956] [41.0] [cxt 0] Bytes parsed: 14
[00:36:42.016] [bmv2] [D] [thread 91956] [41.0] [cxt 0] Parser 'parser' entering state 'parse_ipv6'
[00:36:42.016] [bmv2] [D] [thread 91956] [41.0] [cxt 0] Extracting header 'ipv6'
[00:36:42.016] [bmv2] [D] [thread 91956] [41.0] [cxt 0] Parser state 'parse_ipv6': key is 11
[00:36:42.016] [bmv2] [T] [thread 91956] [41.0] [cxt 0] Bytes parsed: 54
[00:36:42.016] [bmv2] [D] [thread 91956] [41.0] [cxt 0] Parser 'parser': end
[00:36:42.016] [bmv2] [D] [thread 91956] [41.0] [cxt 0] Pipeline 'ingress': start
[00:36:42.016] [bmv2] [T] [thread 91956] [41.0] [cxt 0] basic.p4(560) Condition "hdr.ethernet.etherType == TYPE_ARP" (node_2) is false
[00:36:42.016] [bmv2] [T] [thread 91956] [41.0] [cxt 0] basic.p4(563) Condition "hdr.ethernet.etherType == TYPE_SRCROUTING" (node_4) is false
[00:36:42.016] [bmv2] [T] [thread 91956] [41.0] [cxt 0] basic.p4(576) Condition "hdr.ethernet.etherType == TYPE_YEQUDESU" (node_12) is false
[00:36:42.016] [bmv2] [T] [thread 91956] [41.0] [cxt 0] basic.p4(582) Condition "hdr.vxlan.isValid()" (node_15) is false
[00:36:42.016] [bmv2] [T] [thread 91956] [41.0] [cxt 0] basic.p4(586) Condition "hdr.ipv6.isValid()" (node_17) is true
[00:36:42.016] [bmv2] [T] [thread 91956] [41.0] [cxt 0] Applying table 'MyIngress.ipv6_lpm'
[00:36:42.016] [bmv2] [D] [thread 91956] [41.0] [cxt 0] Looking up key:
* hdr.ipv6.dstAddr    : ff0200000000000000000000000000fb

[00:36:42.016] [bmv2] [D] [thread 91956] [41.0] [cxt 0] Table 'MyIngress.ipv6_lpm': miss
[00:36:42.016] [bmv2] [D] [thread 91956] [41.0] [cxt 0] Action entry is NoAction - 
[00:36:42.016] [bmv2] [T] [thread 91956] [41.0] [cxt 0] Action NoAction
[00:36:42.016] [bmv2] [D] [thread 91956] [41.0] [cxt 0] Pipeline 'ingress': end
[00:36:42.016] [bmv2] [D] [thread 91956] [41.0] [cxt 0] Egress port is 0
[00:36:42.016] [bmv2] [D] [thread 91957] [41.0] [cxt 0] Pipeline 'egress': start
[00:36:42.016] [bmv2] [T] [thread 91957] [41.0] [cxt 0] basic.p4(684) Condition "standard_metadata.mcast_grp != 0" (node_28) is false
[00:36:42.016] [bmv2] [D] [thread 91957] [41.0] [cxt 0] Pipeline 'egress': end
[00:36:42.016] [bmv2] [D] [thread 91957] [41.0] [cxt 0] Deparser 'deparser': start
[00:36:42.016] [bmv2] [T] [thread 91957] [41.0] [cxt 0] Skipping checksum 'cksum' update because condition not met
[00:36:42.016] [bmv2] [D] [thread 91957] [41.0] [cxt 0] Deparsing header 'ethernet'
[00:36:42.016] [bmv2] [D] [thread 91957] [41.0] [cxt 0] Deparsing header 'ipv6'
[00:36:42.016] [bmv2] [D] [thread 91957] [41.0] [cxt 0] Deparser 'deparser': end
[00:36:42.017] [bmv2] [D] [thread 91961] [41.0] [cxt 0] Transmitting packet of size 199 out of port 0
[00:36:42.337] [bmv2] [D] [thread 91956] [42.0] [cxt 0] Processing packet received on port 2
[00:36:42.337] [bmv2] [D] [thread 91956] [42.0] [cxt 0] Parser 'parser': start
[00:36:42.337] [bmv2] [D] [thread 91956] [42.0] [cxt 0] Parser 'parser' entering state 'start'
[00:36:42.337] [bmv2] [D] [thread 91956] [42.0] [cxt 0] Extracting header 'ethernet'
[00:36:42.337] [bmv2] [D] [thread 91956] [42.0] [cxt 0] Parser state 'start': key is 86dd
[00:36:42.337] [bmv2] [T] [thread 91956] [42.0] [cxt 0] Bytes parsed: 14
[00:36:42.337] [bmv2] [D] [thread 91956] [42.0] [cxt 0] Parser 'parser' entering state 'parse_ipv6'
[00:36:42.337] [bmv2] [D] [thread 91956] [42.0] [cxt 0] Extracting header 'ipv6'
[00:36:42.337] [bmv2] [D] [thread 91956] [42.0] [cxt 0] Parser state 'parse_ipv6': key is 11
[00:36:42.337] [bmv2] [T] [thread 91956] [42.0] [cxt 0] Bytes parsed: 54
[00:36:42.337] [bmv2] [D] [thread 91956] [42.0] [cxt 0] Parser 'parser': end
[00:36:42.337] [bmv2] [D] [thread 91956] [42.0] [cxt 0] Pipeline 'ingress': start
[00:36:42.337] [bmv2] [T] [thread 91956] [42.0] [cxt 0] basic.p4(560) Condition "hdr.ethernet.etherType == TYPE_ARP" (node_2) is false
[00:36:42.337] [bmv2] [T] [thread 91956] [42.0] [cxt 0] basic.p4(563) Condition "hdr.ethernet.etherType == TYPE_SRCROUTING" (node_4) is false
[00:36:42.337] [bmv2] [T] [thread 91956] [42.0] [cxt 0] basic.p4(576) Condition "hdr.ethernet.etherType == TYPE_YEQUDESU" (node_12) is false
[00:36:42.337] [bmv2] [T] [thread 91956] [42.0] [cxt 0] basic.p4(582) Condition "hdr.vxlan.isValid()" (node_15) is false
[00:36:42.337] [bmv2] [T] [thread 91956] [42.0] [cxt 0] basic.p4(586) Condition "hdr.ipv6.isValid()" (node_17) is true
[00:36:42.337] [bmv2] [T] [thread 91956] [42.0] [cxt 0] Applying table 'MyIngress.ipv6_lpm'
[00:36:42.337] [bmv2] [D] [thread 91956] [42.0] [cxt 0] Looking up key:
* hdr.ipv6.dstAddr    : ff0200000000000000000000000000fb

[00:36:42.337] [bmv2] [D] [thread 91956] [42.0] [cxt 0] Table 'MyIngress.ipv6_lpm': miss
[00:36:42.337] [bmv2] [D] [thread 91956] [42.0] [cxt 0] Action entry is NoAction - 
[00:36:42.337] [bmv2] [T] [thread 91956] [42.0] [cxt 0] Action NoAction
[00:36:42.337] [bmv2] [D] [thread 91956] [42.0] [cxt 0] Pipeline 'ingress': end
[00:36:42.337] [bmv2] [D] [thread 91956] [42.0] [cxt 0] Egress port is 0
[00:36:42.337] [bmv2] [D] [thread 91957] [42.0] [cxt 0] Pipeline 'egress': start
[00:36:42.337] [bmv2] [T] [thread 91957] [42.0] [cxt 0] basic.p4(684) Condition "standard_metadata.mcast_grp != 0" (node_28) is false
[00:36:42.337] [bmv2] [D] [thread 91957] [42.0] [cxt 0] Pipeline 'egress': end
[00:36:42.337] [bmv2] [D] [thread 91957] [42.0] [cxt 0] Deparser 'deparser': start
[00:36:42.337] [bmv2] [T] [thread 91957] [42.0] [cxt 0] Skipping checksum 'cksum' update because condition not met
[00:36:42.337] [bmv2] [D] [thread 91957] [42.0] [cxt 0] Deparsing header 'ethernet'
[00:36:42.337] [bmv2] [D] [thread 91957] [42.0] [cxt 0] Deparsing header 'ipv6'
[00:36:42.337] [bmv2] [D] [thread 91957] [42.0] [cxt 0] Deparser 'deparser': end
[00:36:42.337] [bmv2] [D] [thread 91961] [42.0] [cxt 0] Transmitting packet of size 199 out of port 0
[00:36:42.861] [bmv2] [D] [thread 91956] [43.0] [cxt 0] Processing packet received on port 1
[00:36:42.861] [bmv2] [D] [thread 91956] [43.0] [cxt 0] Parser 'parser': start
[00:36:42.861] [bmv2] [D] [thread 91956] [43.0] [cxt 0] Parser 'parser' entering state 'start'
[00:36:42.861] [bmv2] [D] [thread 91956] [43.0] [cxt 0] Extracting header 'ethernet'
[00:36:42.861] [bmv2] [D] [thread 91956] [43.0] [cxt 0] Parser state 'start': key is 86dd
[00:36:42.861] [bmv2] [T] [thread 91956] [43.0] [cxt 0] Bytes parsed: 14
[00:36:42.861] [bmv2] [D] [thread 91956] [43.0] [cxt 0] Parser 'parser' entering state 'parse_ipv6'
[00:36:42.861] [bmv2] [D] [thread 91956] [43.0] [cxt 0] Extracting header 'ipv6'
[00:36:42.861] [bmv2] [D] [thread 91956] [43.0] [cxt 0] Parser state 'parse_ipv6': key is 11
[00:36:42.861] [bmv2] [T] [thread 91956] [43.0] [cxt 0] Bytes parsed: 54
[00:36:42.861] [bmv2] [D] [thread 91956] [43.0] [cxt 0] Parser 'parser': end
[00:36:42.861] [bmv2] [D] [thread 91956] [43.0] [cxt 0] Pipeline 'ingress': start
[00:36:42.861] [bmv2] [T] [thread 91956] [43.0] [cxt 0] basic.p4(560) Condition "hdr.ethernet.etherType == TYPE_ARP" (node_2) is false
[00:36:42.861] [bmv2] [T] [thread 91956] [43.0] [cxt 0] basic.p4(563) Condition "hdr.ethernet.etherType == TYPE_SRCROUTING" (node_4) is false
[00:36:42.861] [bmv2] [T] [thread 91956] [43.0] [cxt 0] basic.p4(576) Condition "hdr.ethernet.etherType == TYPE_YEQUDESU" (node_12) is false
[00:36:42.861] [bmv2] [T] [thread 91956] [43.0] [cxt 0] basic.p4(582) Condition "hdr.vxlan.isValid()" (node_15) is false
[00:36:42.861] [bmv2] [T] [thread 91956] [43.0] [cxt 0] basic.p4(586) Condition "hdr.ipv6.isValid()" (node_17) is true
[00:36:42.861] [bmv2] [T] [thread 91956] [43.0] [cxt 0] Applying table 'MyIngress.ipv6_lpm'
[00:36:42.861] [bmv2] [D] [thread 91956] [43.0] [cxt 0] Looking up key:
* hdr.ipv6.dstAddr    : ff0200000000000000000000000000fb

[00:36:42.861] [bmv2] [D] [thread 91956] [43.0] [cxt 0] Table 'MyIngress.ipv6_lpm': miss
[00:36:42.861] [bmv2] [D] [thread 91956] [43.0] [cxt 0] Action entry is NoAction - 
[00:36:42.861] [bmv2] [T] [thread 91956] [43.0] [cxt 0] Action NoAction
[00:36:42.861] [bmv2] [D] [thread 91956] [43.0] [cxt 0] Pipeline 'ingress': end
[00:36:42.861] [bmv2] [D] [thread 91956] [43.0] [cxt 0] Egress port is 0
[00:36:42.861] [bmv2] [D] [thread 91957] [43.0] [cxt 0] Pipeline 'egress': start
[00:36:42.861] [bmv2] [T] [thread 91957] [43.0] [cxt 0] basic.p4(684) Condition "standard_metadata.mcast_grp != 0" (node_28) is false
[00:36:42.861] [bmv2] [D] [thread 91957] [43.0] [cxt 0] Pipeline 'egress': end
[00:36:42.861] [bmv2] [D] [thread 91957] [43.0] [cxt 0] Deparser 'deparser': start
[00:36:42.861] [bmv2] [T] [thread 91957] [43.0] [cxt 0] Skipping checksum 'cksum' update because condition not met
[00:36:42.861] [bmv2] [D] [thread 91957] [43.0] [cxt 0] Deparsing header 'ethernet'
[00:36:42.861] [bmv2] [D] [thread 91957] [43.0] [cxt 0] Deparsing header 'ipv6'
[00:36:42.861] [bmv2] [D] [thread 91957] [43.0] [cxt 0] Deparser 'deparser': end
[00:36:42.861] [bmv2] [D] [thread 91961] [43.0] [cxt 0] Transmitting packet of size 203 out of port 0
[00:36:43.119] [bmv2] [D] [thread 91956] [44.0] [cxt 0] Processing packet received on port 2
[00:36:43.119] [bmv2] [D] [thread 91956] [44.0] [cxt 0] Parser 'parser': start
[00:36:43.119] [bmv2] [D] [thread 91956] [44.0] [cxt 0] Parser 'parser' entering state 'start'
[00:36:43.119] [bmv2] [D] [thread 91956] [44.0] [cxt 0] Extracting header 'ethernet'
[00:36:43.119] [bmv2] [D] [thread 91956] [44.0] [cxt 0] Parser state 'start': key is 86dd
[00:36:43.119] [bmv2] [T] [thread 91956] [44.0] [cxt 0] Bytes parsed: 14
[00:36:43.119] [bmv2] [D] [thread 91956] [44.0] [cxt 0] Parser 'parser' entering state 'parse_ipv6'
[00:36:43.119] [bmv2] [D] [thread 91956] [44.0] [cxt 0] Extracting header 'ipv6'
[00:36:43.119] [bmv2] [D] [thread 91956] [44.0] [cxt 0] Parser state 'parse_ipv6': key is 11
[00:36:43.119] [bmv2] [T] [thread 91956] [44.0] [cxt 0] Bytes parsed: 54
[00:36:43.119] [bmv2] [D] [thread 91956] [44.0] [cxt 0] Parser 'parser': end
[00:36:43.119] [bmv2] [D] [thread 91956] [44.0] [cxt 0] Pipeline 'ingress': start
[00:36:43.119] [bmv2] [T] [thread 91956] [44.0] [cxt 0] basic.p4(560) Condition "hdr.ethernet.etherType == TYPE_ARP" (node_2) is false
[00:36:43.119] [bmv2] [T] [thread 91956] [44.0] [cxt 0] basic.p4(563) Condition "hdr.ethernet.etherType == TYPE_SRCROUTING" (node_4) is false
[00:36:43.119] [bmv2] [T] [thread 91956] [44.0] [cxt 0] basic.p4(576) Condition "hdr.ethernet.etherType == TYPE_YEQUDESU" (node_12) is false
[00:36:43.119] [bmv2] [T] [thread 91956] [44.0] [cxt 0] basic.p4(582) Condition "hdr.vxlan.isValid()" (node_15) is false
[00:36:43.119] [bmv2] [T] [thread 91956] [44.0] [cxt 0] basic.p4(586) Condition "hdr.ipv6.isValid()" (node_17) is true
[00:36:43.119] [bmv2] [T] [thread 91956] [44.0] [cxt 0] Applying table 'MyIngress.ipv6_lpm'
[00:36:43.119] [bmv2] [D] [thread 91956] [44.0] [cxt 0] Looking up key:
* hdr.ipv6.dstAddr    : ff0200000000000000000000000000fb

[00:36:43.119] [bmv2] [D] [thread 91956] [44.0] [cxt 0] Table 'MyIngress.ipv6_lpm': miss
[00:36:43.119] [bmv2] [D] [thread 91956] [44.0] [cxt 0] Action entry is NoAction - 
[00:36:43.119] [bmv2] [T] [thread 91956] [44.0] [cxt 0] Action NoAction
[00:36:43.119] [bmv2] [D] [thread 91956] [44.0] [cxt 0] Pipeline 'ingress': end
[00:36:43.119] [bmv2] [D] [thread 91956] [44.0] [cxt 0] Egress port is 0
[00:36:43.119] [bmv2] [D] [thread 91957] [44.0] [cxt 0] Pipeline 'egress': start
[00:36:43.119] [bmv2] [T] [thread 91957] [44.0] [cxt 0] basic.p4(684) Condition "standard_metadata.mcast_grp != 0" (node_28) is false
[00:36:43.119] [bmv2] [D] [thread 91957] [44.0] [cxt 0] Pipeline 'egress': end
[00:36:43.119] [bmv2] [D] [thread 91957] [44.0] [cxt 0] Deparser 'deparser': start
[00:36:43.119] [bmv2] [T] [thread 91957] [44.0] [cxt 0] Skipping checksum 'cksum' update because condition not met
[00:36:43.119] [bmv2] [D] [thread 91957] [44.0] [cxt 0] Deparsing header 'ethernet'
[00:36:43.119] [bmv2] [D] [thread 91957] [44.0] [cxt 0] Deparsing header 'ipv6'
[00:36:43.119] [bmv2] [D] [thread 91957] [44.0] [cxt 0] Deparser 'deparser': end
[00:36:43.119] [bmv2] [D] [thread 91961] [44.0] [cxt 0] Transmitting packet of size 203 out of port 0
[00:36:43.244] [bmv2] [D] [thread 91956] [45.0] [cxt 0] Processing packet received on port 1
[00:36:43.244] [bmv2] [D] [thread 91956] [45.0] [cxt 0] Parser 'parser': start
[00:36:43.244] [bmv2] [D] [thread 91956] [45.0] [cxt 0] Parser 'parser' entering state 'start'
[00:36:43.244] [bmv2] [D] [thread 91956] [45.0] [cxt 0] Extracting header 'ethernet'
[00:36:43.244] [bmv2] [D] [thread 91956] [45.0] [cxt 0] Parser state 'start': key is 86dd
[00:36:43.244] [bmv2] [T] [thread 91956] [45.0] [cxt 0] Bytes parsed: 14
[00:36:43.244] [bmv2] [D] [thread 91956] [45.0] [cxt 0] Parser 'parser' entering state 'parse_ipv6'
[00:36:43.244] [bmv2] [D] [thread 91956] [45.0] [cxt 0] Extracting header 'ipv6'
[00:36:43.244] [bmv2] [D] [thread 91956] [45.0] [cxt 0] Parser state 'parse_ipv6': key is 11
[00:36:43.244] [bmv2] [T] [thread 91956] [45.0] [cxt 0] Bytes parsed: 54
[00:36:43.244] [bmv2] [D] [thread 91956] [45.0] [cxt 0] Parser 'parser': end
[00:36:43.244] [bmv2] [D] [thread 91956] [45.0] [cxt 0] Pipeline 'ingress': start
[00:36:43.244] [bmv2] [T] [thread 91956] [45.0] [cxt 0] basic.p4(560) Condition "hdr.ethernet.etherType == TYPE_ARP" (node_2) is false
[00:36:43.244] [bmv2] [T] [thread 91956] [45.0] [cxt 0] basic.p4(563) Condition "hdr.ethernet.etherType == TYPE_SRCROUTING" (node_4) is false
[00:36:43.244] [bmv2] [T] [thread 91956] [45.0] [cxt 0] basic.p4(576) Condition "hdr.ethernet.etherType == TYPE_YEQUDESU" (node_12) is false
[00:36:43.244] [bmv2] [T] [thread 91956] [45.0] [cxt 0] basic.p4(582) Condition "hdr.vxlan.isValid()" (node_15) is false
[00:36:43.244] [bmv2] [T] [thread 91956] [45.0] [cxt 0] basic.p4(586) Condition "hdr.ipv6.isValid()" (node_17) is true
[00:36:43.244] [bmv2] [T] [thread 91956] [45.0] [cxt 0] Applying table 'MyIngress.ipv6_lpm'
[00:36:43.244] [bmv2] [D] [thread 91956] [45.0] [cxt 0] Looking up key:
* hdr.ipv6.dstAddr    : ff0200000000000000000000000000fb

[00:36:43.244] [bmv2] [D] [thread 91956] [45.0] [cxt 0] Table 'MyIngress.ipv6_lpm': miss
[00:36:43.244] [bmv2] [D] [thread 91956] [45.0] [cxt 0] Action entry is NoAction - 
[00:36:43.244] [bmv2] [T] [thread 91956] [45.0] [cxt 0] Action NoAction
[00:36:43.244] [bmv2] [D] [thread 91956] [45.0] [cxt 0] Pipeline 'ingress': end
[00:36:43.244] [bmv2] [D] [thread 91956] [45.0] [cxt 0] Egress port is 0
[00:36:43.244] [bmv2] [D] [thread 91957] [45.0] [cxt 0] Pipeline 'egress': start
[00:36:43.244] [bmv2] [T] [thread 91957] [45.0] [cxt 0] basic.p4(684) Condition "standard_metadata.mcast_grp != 0" (node_28) is false
[00:36:43.244] [bmv2] [D] [thread 91957] [45.0] [cxt 0] Pipeline 'egress': end
[00:36:43.244] [bmv2] [D] [thread 91957] [45.0] [cxt 0] Deparser 'deparser': start
[00:36:43.244] [bmv2] [T] [thread 91957] [45.0] [cxt 0] Skipping checksum 'cksum' update because condition not met
[00:36:43.244] [bmv2] [D] [thread 91957] [45.0] [cxt 0] Deparsing header 'ethernet'
[00:36:43.244] [bmv2] [D] [thread 91957] [45.0] [cxt 0] Deparsing header 'ipv6'
[00:36:43.244] [bmv2] [D] [thread 91957] [45.0] [cxt 0] Deparser 'deparser': end
[00:36:43.244] [bmv2] [D] [thread 91961] [45.0] [cxt 0] Transmitting packet of size 203 out of port 0
[00:36:43.565] [bmv2] [D] [thread 91956] [46.0] [cxt 0] Processing packet received on port 2
[00:36:43.565] [bmv2] [D] [thread 91956] [46.0] [cxt 0] Parser 'parser': start
[00:36:43.565] [bmv2] [D] [thread 91956] [46.0] [cxt 0] Parser 'parser' entering state 'start'
[00:36:43.565] [bmv2] [D] [thread 91956] [46.0] [cxt 0] Extracting header 'ethernet'
[00:36:43.565] [bmv2] [D] [thread 91956] [46.0] [cxt 0] Parser state 'start': key is 86dd
[00:36:43.565] [bmv2] [T] [thread 91956] [46.0] [cxt 0] Bytes parsed: 14
[00:36:43.565] [bmv2] [D] [thread 91956] [46.0] [cxt 0] Parser 'parser' entering state 'parse_ipv6'
[00:36:43.565] [bmv2] [D] [thread 91956] [46.0] [cxt 0] Extracting header 'ipv6'
[00:36:43.565] [bmv2] [D] [thread 91956] [46.0] [cxt 0] Parser state 'parse_ipv6': key is 11
[00:36:43.565] [bmv2] [T] [thread 91956] [46.0] [cxt 0] Bytes parsed: 54
[00:36:43.565] [bmv2] [D] [thread 91956] [46.0] [cxt 0] Parser 'parser': end
[00:36:43.565] [bmv2] [D] [thread 91956] [46.0] [cxt 0] Pipeline 'ingress': start
[00:36:43.565] [bmv2] [T] [thread 91956] [46.0] [cxt 0] basic.p4(560) Condition "hdr.ethernet.etherType == TYPE_ARP" (node_2) is false
[00:36:43.565] [bmv2] [T] [thread 91956] [46.0] [cxt 0] basic.p4(563) Condition "hdr.ethernet.etherType == TYPE_SRCROUTING" (node_4) is false
[00:36:43.565] [bmv2] [T] [thread 91956] [46.0] [cxt 0] basic.p4(576) Condition "hdr.ethernet.etherType == TYPE_YEQUDESU" (node_12) is false
[00:36:43.565] [bmv2] [T] [thread 91956] [46.0] [cxt 0] basic.p4(582) Condition "hdr.vxlan.isValid()" (node_15) is false
[00:36:43.565] [bmv2] [T] [thread 91956] [46.0] [cxt 0] basic.p4(586) Condition "hdr.ipv6.isValid()" (node_17) is true
[00:36:43.565] [bmv2] [T] [thread 91956] [46.0] [cxt 0] Applying table 'MyIngress.ipv6_lpm'
[00:36:43.565] [bmv2] [D] [thread 91956] [46.0] [cxt 0] Looking up key:
* hdr.ipv6.dstAddr    : ff0200000000000000000000000000fb

[00:36:43.565] [bmv2] [D] [thread 91956] [46.0] [cxt 0] Table 'MyIngress.ipv6_lpm': miss
[00:36:43.565] [bmv2] [D] [thread 91956] [46.0] [cxt 0] Action entry is NoAction - 
[00:36:43.565] [bmv2] [T] [thread 91956] [46.0] [cxt 0] Action NoAction
[00:36:43.565] [bmv2] [D] [thread 91956] [46.0] [cxt 0] Pipeline 'ingress': end
[00:36:43.565] [bmv2] [D] [thread 91956] [46.0] [cxt 0] Egress port is 0
[00:36:43.566] [bmv2] [D] [thread 91957] [46.0] [cxt 0] Pipeline 'egress': start
[00:36:43.566] [bmv2] [T] [thread 91957] [46.0] [cxt 0] basic.p4(684) Condition "standard_metadata.mcast_grp != 0" (node_28) is false
[00:36:43.566] [bmv2] [D] [thread 91957] [46.0] [cxt 0] Pipeline 'egress': end
[00:36:43.566] [bmv2] [D] [thread 91957] [46.0] [cxt 0] Deparser 'deparser': start
[00:36:43.566] [bmv2] [T] [thread 91957] [46.0] [cxt 0] Skipping checksum 'cksum' update because condition not met
[00:36:43.566] [bmv2] [D] [thread 91957] [46.0] [cxt 0] Deparsing header 'ethernet'
[00:36:43.566] [bmv2] [D] [thread 91957] [46.0] [cxt 0] Deparsing header 'ipv6'
[00:36:43.566] [bmv2] [D] [thread 91957] [46.0] [cxt 0] Deparser 'deparser': end
[00:36:43.566] [bmv2] [D] [thread 91961] [46.0] [cxt 0] Transmitting packet of size 203 out of port 0
[00:36:43.661] [bmv2] [D] [thread 91956] [47.0] [cxt 0] Processing packet received on port 1
[00:36:43.661] [bmv2] [D] [thread 91956] [47.0] [cxt 0] Parser 'parser': start
[00:36:43.661] [bmv2] [D] [thread 91956] [47.0] [cxt 0] Parser 'parser' entering state 'start'
[00:36:43.661] [bmv2] [D] [thread 91956] [47.0] [cxt 0] Extracting header 'ethernet'
[00:36:43.661] [bmv2] [D] [thread 91956] [47.0] [cxt 0] Parser state 'start': key is 86dd
[00:36:43.661] [bmv2] [T] [thread 91956] [47.0] [cxt 0] Bytes parsed: 14
[00:36:43.661] [bmv2] [D] [thread 91956] [47.0] [cxt 0] Parser 'parser' entering state 'parse_ipv6'
[00:36:43.661] [bmv2] [D] [thread 91956] [47.0] [cxt 0] Extracting header 'ipv6'
[00:36:43.661] [bmv2] [D] [thread 91956] [47.0] [cxt 0] Parser state 'parse_ipv6': key is 3a
[00:36:43.661] [bmv2] [T] [thread 91956] [47.0] [cxt 0] Bytes parsed: 54
[00:36:43.661] [bmv2] [D] [thread 91956] [47.0] [cxt 0] Parser 'parser': end
[00:36:43.661] [bmv2] [D] [thread 91956] [47.0] [cxt 0] Pipeline 'ingress': start
[00:36:43.661] [bmv2] [T] [thread 91956] [47.0] [cxt 0] basic.p4(560) Condition "hdr.ethernet.etherType == TYPE_ARP" (node_2) is false
[00:36:43.661] [bmv2] [T] [thread 91956] [47.0] [cxt 0] basic.p4(563) Condition "hdr.ethernet.etherType == TYPE_SRCROUTING" (node_4) is false
[00:36:43.661] [bmv2] [T] [thread 91956] [47.0] [cxt 0] basic.p4(576) Condition "hdr.ethernet.etherType == TYPE_YEQUDESU" (node_12) is false
[00:36:43.661] [bmv2] [T] [thread 91956] [47.0] [cxt 0] basic.p4(582) Condition "hdr.vxlan.isValid()" (node_15) is false
[00:36:43.661] [bmv2] [T] [thread 91956] [47.0] [cxt 0] basic.p4(586) Condition "hdr.ipv6.isValid()" (node_17) is true
[00:36:43.661] [bmv2] [T] [thread 91956] [47.0] [cxt 0] Applying table 'MyIngress.ipv6_lpm'
[00:36:43.661] [bmv2] [D] [thread 91956] [47.0] [cxt 0] Looking up key:
* hdr.ipv6.dstAddr    : ff020000000000000000000000000002

[00:36:43.661] [bmv2] [D] [thread 91956] [47.0] [cxt 0] Table 'MyIngress.ipv6_lpm': miss
[00:36:43.661] [bmv2] [D] [thread 91956] [47.0] [cxt 0] Action entry is NoAction - 
[00:36:43.661] [bmv2] [T] [thread 91956] [47.0] [cxt 0] Action NoAction
[00:36:43.661] [bmv2] [D] [thread 91956] [47.0] [cxt 0] Pipeline 'ingress': end
[00:36:43.661] [bmv2] [D] [thread 91956] [47.0] [cxt 0] Egress port is 0
[00:36:43.661] [bmv2] [D] [thread 91957] [47.0] [cxt 0] Pipeline 'egress': start
[00:36:43.661] [bmv2] [T] [thread 91957] [47.0] [cxt 0] basic.p4(684) Condition "standard_metadata.mcast_grp != 0" (node_28) is false
[00:36:43.661] [bmv2] [D] [thread 91957] [47.0] [cxt 0] Pipeline 'egress': end
[00:36:43.661] [bmv2] [D] [thread 91957] [47.0] [cxt 0] Deparser 'deparser': start
[00:36:43.661] [bmv2] [T] [thread 91957] [47.0] [cxt 0] Skipping checksum 'cksum' update because condition not met
[00:36:43.661] [bmv2] [D] [thread 91957] [47.0] [cxt 0] Deparsing header 'ethernet'
[00:36:43.661] [bmv2] [D] [thread 91957] [47.0] [cxt 0] Deparsing header 'ipv6'
[00:36:43.662] [bmv2] [D] [thread 91957] [47.0] [cxt 0] Deparser 'deparser': end
[00:36:43.662] [bmv2] [D] [thread 91961] [47.0] [cxt 0] Transmitting packet of size 70 out of port 0
[00:36:43.690] [bmv2] [D] [thread 91956] [48.0] [cxt 0] Processing packet received on port 1
[00:36:43.690] [bmv2] [D] [thread 91956] [48.0] [cxt 0] Parser 'parser': start
[00:36:43.690] [bmv2] [D] [thread 91956] [48.0] [cxt 0] Parser 'parser' entering state 'start'
[00:36:43.690] [bmv2] [D] [thread 91956] [48.0] [cxt 0] Extracting header 'ethernet'
[00:36:43.690] [bmv2] [D] [thread 91956] [48.0] [cxt 0] Parser state 'start': key is 86dd
[00:36:43.690] [bmv2] [T] [thread 91956] [48.0] [cxt 0] Bytes parsed: 14
[00:36:43.690] [bmv2] [D] [thread 91956] [48.0] [cxt 0] Parser 'parser' entering state 'parse_ipv6'
[00:36:43.690] [bmv2] [D] [thread 91956] [48.0] [cxt 0] Extracting header 'ipv6'
[00:36:43.690] [bmv2] [D] [thread 91956] [48.0] [cxt 0] Parser state 'parse_ipv6': key is 11
[00:36:43.690] [bmv2] [T] [thread 91956] [48.0] [cxt 0] Bytes parsed: 54
[00:36:43.690] [bmv2] [D] [thread 91956] [48.0] [cxt 0] Parser 'parser': end
[00:36:43.690] [bmv2] [D] [thread 91956] [48.0] [cxt 0] Pipeline 'ingress': start
[00:36:43.690] [bmv2] [T] [thread 91956] [48.0] [cxt 0] basic.p4(560) Condition "hdr.ethernet.etherType == TYPE_ARP" (node_2) is false
[00:36:43.690] [bmv2] [T] [thread 91956] [48.0] [cxt 0] basic.p4(563) Condition "hdr.ethernet.etherType == TYPE_SRCROUTING" (node_4) is false
[00:36:43.690] [bmv2] [T] [thread 91956] [48.0] [cxt 0] basic.p4(576) Condition "hdr.ethernet.etherType == TYPE_YEQUDESU" (node_12) is false
[00:36:43.690] [bmv2] [T] [thread 91956] [48.0] [cxt 0] basic.p4(582) Condition "hdr.vxlan.isValid()" (node_15) is false
[00:36:43.690] [bmv2] [T] [thread 91956] [48.0] [cxt 0] basic.p4(586) Condition "hdr.ipv6.isValid()" (node_17) is true
[00:36:43.690] [bmv2] [T] [thread 91956] [48.0] [cxt 0] Applying table 'MyIngress.ipv6_lpm'
[00:36:43.690] [bmv2] [D] [thread 91956] [48.0] [cxt 0] Looking up key:
* hdr.ipv6.dstAddr    : ff0200000000000000000000000000fb

[00:36:43.690] [bmv2] [D] [thread 91956] [48.0] [cxt 0] Table 'MyIngress.ipv6_lpm': miss
[00:36:43.690] [bmv2] [D] [thread 91956] [48.0] [cxt 0] Action entry is NoAction - 
[00:36:43.690] [bmv2] [T] [thread 91956] [48.0] [cxt 0] Action NoAction
[00:36:43.690] [bmv2] [D] [thread 91956] [48.0] [cxt 0] Pipeline 'ingress': end
[00:36:43.690] [bmv2] [D] [thread 91956] [48.0] [cxt 0] Egress port is 0
[00:36:43.691] [bmv2] [D] [thread 91957] [48.0] [cxt 0] Pipeline 'egress': start
[00:36:43.691] [bmv2] [T] [thread 91957] [48.0] [cxt 0] basic.p4(684) Condition "standard_metadata.mcast_grp != 0" (node_28) is false
[00:36:43.691] [bmv2] [D] [thread 91957] [48.0] [cxt 0] Pipeline 'egress': end
[00:36:43.691] [bmv2] [D] [thread 91957] [48.0] [cxt 0] Deparser 'deparser': start
[00:36:43.691] [bmv2] [T] [thread 91957] [48.0] [cxt 0] Skipping checksum 'cksum' update because condition not met
[00:36:43.691] [bmv2] [D] [thread 91957] [48.0] [cxt 0] Deparsing header 'ethernet'
[00:36:43.691] [bmv2] [D] [thread 91957] [48.0] [cxt 0] Deparsing header 'ipv6'
[00:36:43.691] [bmv2] [D] [thread 91957] [48.0] [cxt 0] Deparser 'deparser': end
[00:36:43.691] [bmv2] [D] [thread 91961] [48.0] [cxt 0] Transmitting packet of size 199 out of port 0
[00:36:43.946] [bmv2] [D] [thread 91956] [49.0] [cxt 0] Processing packet received on port 2
[00:36:43.946] [bmv2] [D] [thread 91956] [49.0] [cxt 0] Parser 'parser': start
[00:36:43.946] [bmv2] [D] [thread 91956] [49.0] [cxt 0] Parser 'parser' entering state 'start'
[00:36:43.946] [bmv2] [D] [thread 91956] [49.0] [cxt 0] Extracting header 'ethernet'
[00:36:43.946] [bmv2] [D] [thread 91956] [49.0] [cxt 0] Parser state 'start': key is 86dd
[00:36:43.946] [bmv2] [T] [thread 91956] [49.0] [cxt 0] Bytes parsed: 14
[00:36:43.946] [bmv2] [D] [thread 91956] [49.0] [cxt 0] Parser 'parser' entering state 'parse_ipv6'
[00:36:43.946] [bmv2] [D] [thread 91956] [49.0] [cxt 0] Extracting header 'ipv6'
[00:36:43.946] [bmv2] [D] [thread 91956] [49.0] [cxt 0] Parser state 'parse_ipv6': key is 11
[00:36:43.946] [bmv2] [T] [thread 91956] [49.0] [cxt 0] Bytes parsed: 54
[00:36:43.946] [bmv2] [D] [thread 91956] [49.0] [cxt 0] Parser 'parser': end
[00:36:43.946] [bmv2] [D] [thread 91956] [49.0] [cxt 0] Pipeline 'ingress': start
[00:36:43.946] [bmv2] [T] [thread 91956] [49.0] [cxt 0] basic.p4(560) Condition "hdr.ethernet.etherType == TYPE_ARP" (node_2) is false
[00:36:43.946] [bmv2] [T] [thread 91956] [49.0] [cxt 0] basic.p4(563) Condition "hdr.ethernet.etherType == TYPE_SRCROUTING" (node_4) is false
[00:36:43.946] [bmv2] [T] [thread 91956] [49.0] [cxt 0] basic.p4(576) Condition "hdr.ethernet.etherType == TYPE_YEQUDESU" (node_12) is false
[00:36:43.946] [bmv2] [T] [thread 91956] [49.0] [cxt 0] basic.p4(582) Condition "hdr.vxlan.isValid()" (node_15) is false
[00:36:43.946] [bmv2] [T] [thread 91956] [49.0] [cxt 0] basic.p4(586) Condition "hdr.ipv6.isValid()" (node_17) is true
[00:36:43.946] [bmv2] [T] [thread 91956] [49.0] [cxt 0] Applying table 'MyIngress.ipv6_lpm'
[00:36:43.946] [bmv2] [D] [thread 91956] [49.0] [cxt 0] Looking up key:
* hdr.ipv6.dstAddr    : ff0200000000000000000000000000fb

[00:36:43.946] [bmv2] [D] [thread 91956] [49.0] [cxt 0] Table 'MyIngress.ipv6_lpm': miss
[00:36:43.946] [bmv2] [D] [thread 91956] [49.0] [cxt 0] Action entry is NoAction - 
[00:36:43.946] [bmv2] [T] [thread 91956] [49.0] [cxt 0] Action NoAction
[00:36:43.946] [bmv2] [D] [thread 91956] [49.0] [cxt 0] Pipeline 'ingress': end
[00:36:43.946] [bmv2] [D] [thread 91956] [49.0] [cxt 0] Egress port is 0
[00:36:43.946] [bmv2] [D] [thread 91957] [49.0] [cxt 0] Pipeline 'egress': start
[00:36:43.946] [bmv2] [T] [thread 91957] [49.0] [cxt 0] basic.p4(684) Condition "standard_metadata.mcast_grp != 0" (node_28) is false
[00:36:43.946] [bmv2] [D] [thread 91957] [49.0] [cxt 0] Pipeline 'egress': end
[00:36:43.946] [bmv2] [D] [thread 91957] [49.0] [cxt 0] Deparser 'deparser': start
[00:36:43.946] [bmv2] [T] [thread 91957] [49.0] [cxt 0] Skipping checksum 'cksum' update because condition not met
[00:36:43.946] [bmv2] [D] [thread 91957] [49.0] [cxt 0] Deparsing header 'ethernet'
[00:36:43.946] [bmv2] [D] [thread 91957] [49.0] [cxt 0] Deparsing header 'ipv6'
[00:36:43.946] [bmv2] [D] [thread 91957] [49.0] [cxt 0] Deparser 'deparser': end
[00:36:43.946] [bmv2] [D] [thread 91961] [49.0] [cxt 0] Transmitting packet of size 199 out of port 0
[00:36:44.076] [bmv2] [D] [thread 91956] [50.0] [cxt 0] Processing packet received on port 1
[00:36:44.076] [bmv2] [D] [thread 91956] [50.0] [cxt 0] Parser 'parser': start
[00:36:44.076] [bmv2] [D] [thread 91956] [50.0] [cxt 0] Parser 'parser' entering state 'start'
[00:36:44.076] [bmv2] [D] [thread 91956] [50.0] [cxt 0] Extracting header 'ethernet'
[00:36:44.076] [bmv2] [D] [thread 91956] [50.0] [cxt 0] Parser state 'start': key is 86dd
[00:36:44.076] [bmv2] [T] [thread 91956] [50.0] [cxt 0] Bytes parsed: 14
[00:36:44.076] [bmv2] [D] [thread 91956] [50.0] [cxt 0] Parser 'parser' entering state 'parse_ipv6'
[00:36:44.076] [bmv2] [D] [thread 91956] [50.0] [cxt 0] Extracting header 'ipv6'
[00:36:44.076] [bmv2] [D] [thread 91956] [50.0] [cxt 0] Parser state 'parse_ipv6': key is 11
[00:36:44.076] [bmv2] [T] [thread 91956] [50.0] [cxt 0] Bytes parsed: 54
[00:36:44.076] [bmv2] [D] [thread 91956] [50.0] [cxt 0] Parser 'parser': end
[00:36:44.076] [bmv2] [D] [thread 91956] [50.0] [cxt 0] Pipeline 'ingress': start
[00:36:44.076] [bmv2] [T] [thread 91956] [50.0] [cxt 0] basic.p4(560) Condition "hdr.ethernet.etherType == TYPE_ARP" (node_2) is false
[00:36:44.076] [bmv2] [T] [thread 91956] [50.0] [cxt 0] basic.p4(563) Condition "hdr.ethernet.etherType == TYPE_SRCROUTING" (node_4) is false
[00:36:44.076] [bmv2] [T] [thread 91956] [50.0] [cxt 0] basic.p4(576) Condition "hdr.ethernet.etherType == TYPE_YEQUDESU" (node_12) is false
[00:36:44.076] [bmv2] [T] [thread 91956] [50.0] [cxt 0] basic.p4(582) Condition "hdr.vxlan.isValid()" (node_15) is false
[00:36:44.076] [bmv2] [T] [thread 91956] [50.0] [cxt 0] basic.p4(586) Condition "hdr.ipv6.isValid()" (node_17) is true
[00:36:44.076] [bmv2] [T] [thread 91956] [50.0] [cxt 0] Applying table 'MyIngress.ipv6_lpm'
[00:36:44.076] [bmv2] [D] [thread 91956] [50.0] [cxt 0] Looking up key:
* hdr.ipv6.dstAddr    : ff0200000000000000000000000000fb

[00:36:44.076] [bmv2] [D] [thread 91956] [50.0] [cxt 0] Table 'MyIngress.ipv6_lpm': miss
[00:36:44.076] [bmv2] [D] [thread 91956] [50.0] [cxt 0] Action entry is NoAction - 
[00:36:44.076] [bmv2] [T] [thread 91956] [50.0] [cxt 0] Action NoAction
[00:36:44.076] [bmv2] [D] [thread 91956] [50.0] [cxt 0] Pipeline 'ingress': end
[00:36:44.076] [bmv2] [D] [thread 91956] [50.0] [cxt 0] Egress port is 0
[00:36:44.076] [bmv2] [D] [thread 91957] [50.0] [cxt 0] Pipeline 'egress': start
[00:36:44.076] [bmv2] [T] [thread 91957] [50.0] [cxt 0] basic.p4(684) Condition "standard_metadata.mcast_grp != 0" (node_28) is false
[00:36:44.076] [bmv2] [D] [thread 91957] [50.0] [cxt 0] Pipeline 'egress': end
[00:36:44.076] [bmv2] [D] [thread 91957] [50.0] [cxt 0] Deparser 'deparser': start
[00:36:44.076] [bmv2] [T] [thread 91957] [50.0] [cxt 0] Skipping checksum 'cksum' update because condition not met
[00:36:44.076] [bmv2] [D] [thread 91957] [50.0] [cxt 0] Deparsing header 'ethernet'
[00:36:44.076] [bmv2] [D] [thread 91957] [50.0] [cxt 0] Deparsing header 'ipv6'
[00:36:44.076] [bmv2] [D] [thread 91957] [50.0] [cxt 0] Deparser 'deparser': end
[00:36:44.076] [bmv2] [D] [thread 91961] [50.0] [cxt 0] Transmitting packet of size 199 out of port 0
[00:36:44.397] [bmv2] [D] [thread 91956] [51.0] [cxt 0] Processing packet received on port 2
[00:36:44.397] [bmv2] [D] [thread 91956] [51.0] [cxt 0] Parser 'parser': start
[00:36:44.397] [bmv2] [D] [thread 91956] [51.0] [cxt 0] Parser 'parser' entering state 'start'
[00:36:44.397] [bmv2] [D] [thread 91956] [51.0] [cxt 0] Extracting header 'ethernet'
[00:36:44.397] [bmv2] [D] [thread 91956] [51.0] [cxt 0] Parser state 'start': key is 86dd
[00:36:44.397] [bmv2] [T] [thread 91956] [51.0] [cxt 0] Bytes parsed: 14
[00:36:44.397] [bmv2] [D] [thread 91956] [51.0] [cxt 0] Parser 'parser' entering state 'parse_ipv6'
[00:36:44.397] [bmv2] [D] [thread 91956] [51.0] [cxt 0] Extracting header 'ipv6'
[00:36:44.397] [bmv2] [D] [thread 91956] [51.0] [cxt 0] Parser state 'parse_ipv6': key is 11
[00:36:44.397] [bmv2] [T] [thread 91956] [51.0] [cxt 0] Bytes parsed: 54
[00:36:44.397] [bmv2] [D] [thread 91956] [51.0] [cxt 0] Parser 'parser': end
[00:36:44.397] [bmv2] [D] [thread 91956] [51.0] [cxt 0] Pipeline 'ingress': start
[00:36:44.397] [bmv2] [T] [thread 91956] [51.0] [cxt 0] basic.p4(560) Condition "hdr.ethernet.etherType == TYPE_ARP" (node_2) is false
[00:36:44.397] [bmv2] [T] [thread 91956] [51.0] [cxt 0] basic.p4(563) Condition "hdr.ethernet.etherType == TYPE_SRCROUTING" (node_4) is false
[00:36:44.397] [bmv2] [T] [thread 91956] [51.0] [cxt 0] basic.p4(576) Condition "hdr.ethernet.etherType == TYPE_YEQUDESU" (node_12) is false
[00:36:44.397] [bmv2] [T] [thread 91956] [51.0] [cxt 0] basic.p4(582) Condition "hdr.vxlan.isValid()" (node_15) is false
[00:36:44.397] [bmv2] [T] [thread 91956] [51.0] [cxt 0] basic.p4(586) Condition "hdr.ipv6.isValid()" (node_17) is true
[00:36:44.397] [bmv2] [T] [thread 91956] [51.0] [cxt 0] Applying table 'MyIngress.ipv6_lpm'
[00:36:44.397] [bmv2] [D] [thread 91956] [51.0] [cxt 0] Looking up key:
* hdr.ipv6.dstAddr    : ff0200000000000000000000000000fb

[00:36:44.397] [bmv2] [D] [thread 91956] [51.0] [cxt 0] Table 'MyIngress.ipv6_lpm': miss
[00:36:44.397] [bmv2] [D] [thread 91956] [51.0] [cxt 0] Action entry is NoAction - 
[00:36:44.397] [bmv2] [T] [thread 91956] [51.0] [cxt 0] Action NoAction
[00:36:44.397] [bmv2] [D] [thread 91956] [51.0] [cxt 0] Pipeline 'ingress': end
[00:36:44.397] [bmv2] [D] [thread 91956] [51.0] [cxt 0] Egress port is 0
[00:36:44.397] [bmv2] [D] [thread 91957] [51.0] [cxt 0] Pipeline 'egress': start
[00:36:44.397] [bmv2] [T] [thread 91957] [51.0] [cxt 0] basic.p4(684) Condition "standard_metadata.mcast_grp != 0" (node_28) is false
[00:36:44.397] [bmv2] [D] [thread 91957] [51.0] [cxt 0] Pipeline 'egress': end
[00:36:44.397] [bmv2] [D] [thread 91957] [51.0] [cxt 0] Deparser 'deparser': start
[00:36:44.397] [bmv2] [T] [thread 91957] [51.0] [cxt 0] Skipping checksum 'cksum' update because condition not met
[00:36:44.397] [bmv2] [D] [thread 91957] [51.0] [cxt 0] Deparsing header 'ethernet'
[00:36:44.397] [bmv2] [D] [thread 91957] [51.0] [cxt 0] Deparsing header 'ipv6'
[00:36:44.397] [bmv2] [D] [thread 91957] [51.0] [cxt 0] Deparser 'deparser': end
[00:36:44.397] [bmv2] [D] [thread 91961] [51.0] [cxt 0] Transmitting packet of size 199 out of port 0
[00:36:44.429] [bmv2] [D] [thread 91956] [52.0] [cxt 0] Processing packet received on port 2
[00:36:44.429] [bmv2] [D] [thread 91956] [52.0] [cxt 0] Parser 'parser': start
[00:36:44.429] [bmv2] [D] [thread 91956] [52.0] [cxt 0] Parser 'parser' entering state 'start'
[00:36:44.429] [bmv2] [D] [thread 91956] [52.0] [cxt 0] Extracting header 'ethernet'
[00:36:44.429] [bmv2] [D] [thread 91956] [52.0] [cxt 0] Parser state 'start': key is 86dd
[00:36:44.429] [bmv2] [T] [thread 91956] [52.0] [cxt 0] Bytes parsed: 14
[00:36:44.429] [bmv2] [D] [thread 91956] [52.0] [cxt 0] Parser 'parser' entering state 'parse_ipv6'
[00:36:44.429] [bmv2] [D] [thread 91956] [52.0] [cxt 0] Extracting header 'ipv6'
[00:36:44.429] [bmv2] [D] [thread 91956] [52.0] [cxt 0] Parser state 'parse_ipv6': key is 3a
[00:36:44.429] [bmv2] [T] [thread 91956] [52.0] [cxt 0] Bytes parsed: 54
[00:36:44.429] [bmv2] [D] [thread 91956] [52.0] [cxt 0] Parser 'parser': end
[00:36:44.429] [bmv2] [D] [thread 91956] [52.0] [cxt 0] Pipeline 'ingress': start
[00:36:44.429] [bmv2] [T] [thread 91956] [52.0] [cxt 0] basic.p4(560) Condition "hdr.ethernet.etherType == TYPE_ARP" (node_2) is false
[00:36:44.429] [bmv2] [T] [thread 91956] [52.0] [cxt 0] basic.p4(563) Condition "hdr.ethernet.etherType == TYPE_SRCROUTING" (node_4) is false
[00:36:44.429] [bmv2] [T] [thread 91956] [52.0] [cxt 0] basic.p4(576) Condition "hdr.ethernet.etherType == TYPE_YEQUDESU" (node_12) is false
[00:36:44.429] [bmv2] [T] [thread 91956] [52.0] [cxt 0] basic.p4(582) Condition "hdr.vxlan.isValid()" (node_15) is false
[00:36:44.429] [bmv2] [T] [thread 91956] [52.0] [cxt 0] basic.p4(586) Condition "hdr.ipv6.isValid()" (node_17) is true
[00:36:44.429] [bmv2] [T] [thread 91956] [52.0] [cxt 0] Applying table 'MyIngress.ipv6_lpm'
[00:36:44.429] [bmv2] [D] [thread 91956] [52.0] [cxt 0] Looking up key:
* hdr.ipv6.dstAddr    : ff020000000000000000000000000002

[00:36:44.429] [bmv2] [D] [thread 91956] [52.0] [cxt 0] Table 'MyIngress.ipv6_lpm': miss
[00:36:44.429] [bmv2] [D] [thread 91956] [52.0] [cxt 0] Action entry is NoAction - 
[00:36:44.429] [bmv2] [T] [thread 91956] [52.0] [cxt 0] Action NoAction
[00:36:44.429] [bmv2] [D] [thread 91956] [52.0] [cxt 0] Pipeline 'ingress': end
[00:36:44.429] [bmv2] [D] [thread 91956] [52.0] [cxt 0] Egress port is 0
[00:36:44.430] [bmv2] [D] [thread 91957] [52.0] [cxt 0] Pipeline 'egress': start
[00:36:44.430] [bmv2] [T] [thread 91957] [52.0] [cxt 0] basic.p4(684) Condition "standard_metadata.mcast_grp != 0" (node_28) is false
[00:36:44.430] [bmv2] [D] [thread 91957] [52.0] [cxt 0] Pipeline 'egress': end
[00:36:44.430] [bmv2] [D] [thread 91957] [52.0] [cxt 0] Deparser 'deparser': start
[00:36:44.430] [bmv2] [T] [thread 91957] [52.0] [cxt 0] Skipping checksum 'cksum' update because condition not met
[00:36:44.430] [bmv2] [D] [thread 91957] [52.0] [cxt 0] Deparsing header 'ethernet'
[00:36:44.430] [bmv2] [D] [thread 91957] [52.0] [cxt 0] Deparsing header 'ipv6'
[00:36:44.430] [bmv2] [D] [thread 91957] [52.0] [cxt 0] Deparser 'deparser': end
[00:36:44.430] [bmv2] [D] [thread 91961] [52.0] [cxt 0] Transmitting packet of size 70 out of port 0
[00:36:44.685] [bmv2] [D] [thread 91956] [53.0] [cxt 0] Processing packet received on port 1
[00:36:44.685] [bmv2] [D] [thread 91956] [53.0] [cxt 0] Parser 'parser': start
[00:36:44.685] [bmv2] [D] [thread 91956] [53.0] [cxt 0] Parser 'parser' entering state 'start'
[00:36:44.685] [bmv2] [D] [thread 91956] [53.0] [cxt 0] Extracting header 'ethernet'
[00:36:44.685] [bmv2] [D] [thread 91956] [53.0] [cxt 0] Parser state 'start': key is 86dd
[00:36:44.686] [bmv2] [T] [thread 91956] [53.0] [cxt 0] Bytes parsed: 14
[00:36:44.686] [bmv2] [D] [thread 91956] [53.0] [cxt 0] Parser 'parser' entering state 'parse_ipv6'
[00:36:44.686] [bmv2] [D] [thread 91956] [53.0] [cxt 0] Extracting header 'ipv6'
[00:36:44.686] [bmv2] [D] [thread 91956] [53.0] [cxt 0] Parser state 'parse_ipv6': key is 3a
[00:36:44.686] [bmv2] [T] [thread 91956] [53.0] [cxt 0] Bytes parsed: 54
[00:36:44.686] [bmv2] [D] [thread 91956] [53.0] [cxt 0] Parser 'parser': end
[00:36:44.686] [bmv2] [D] [thread 91956] [53.0] [cxt 0] Pipeline 'ingress': start
[00:36:44.686] [bmv2] [T] [thread 91956] [53.0] [cxt 0] basic.p4(560) Condition "hdr.ethernet.etherType == TYPE_ARP" (node_2) is false
[00:36:44.686] [bmv2] [T] [thread 91956] [53.0] [cxt 0] basic.p4(563) Condition "hdr.ethernet.etherType == TYPE_SRCROUTING" (node_4) is false
[00:36:44.686] [bmv2] [T] [thread 91956] [53.0] [cxt 0] basic.p4(576) Condition "hdr.ethernet.etherType == TYPE_YEQUDESU" (node_12) is false
[00:36:44.686] [bmv2] [T] [thread 91956] [53.0] [cxt 0] basic.p4(582) Condition "hdr.vxlan.isValid()" (node_15) is false
[00:36:44.686] [bmv2] [T] [thread 91956] [53.0] [cxt 0] basic.p4(586) Condition "hdr.ipv6.isValid()" (node_17) is true
[00:36:44.686] [bmv2] [T] [thread 91956] [53.0] [cxt 0] Applying table 'MyIngress.ipv6_lpm'
[00:36:44.686] [bmv2] [D] [thread 91956] [53.0] [cxt 0] Looking up key:
* hdr.ipv6.dstAddr    : ff020000000000000000000000000002

[00:36:44.686] [bmv2] [D] [thread 91956] [53.0] [cxt 0] Table 'MyIngress.ipv6_lpm': miss
[00:36:44.686] [bmv2] [D] [thread 91956] [53.0] [cxt 0] Action entry is NoAction - 
[00:36:44.686] [bmv2] [T] [thread 91956] [53.0] [cxt 0] Action NoAction
[00:36:44.686] [bmv2] [D] [thread 91956] [53.0] [cxt 0] Pipeline 'ingress': end
[00:36:44.686] [bmv2] [D] [thread 91956] [53.0] [cxt 0] Egress port is 0
[00:36:44.686] [bmv2] [D] [thread 91956] [54.0] [cxt 0] Processing packet received on port 2
[00:36:44.686] [bmv2] [D] [thread 91956] [54.0] [cxt 0] Parser 'parser': start
[00:36:44.686] [bmv2] [D] [thread 91956] [54.0] [cxt 0] Parser 'parser' entering state 'start'
[00:36:44.686] [bmv2] [D] [thread 91956] [54.0] [cxt 0] Extracting header 'ethernet'
[00:36:44.686] [bmv2] [D] [thread 91956] [54.0] [cxt 0] Parser state 'start': key is 86dd
[00:36:44.686] [bmv2] [T] [thread 91956] [54.0] [cxt 0] Bytes parsed: 14
[00:36:44.686] [bmv2] [D] [thread 91956] [54.0] [cxt 0] Parser 'parser' entering state 'parse_ipv6'
[00:36:44.686] [bmv2] [D] [thread 91956] [54.0] [cxt 0] Extracting header 'ipv6'
[00:36:44.686] [bmv2] [D] [thread 91956] [54.0] [cxt 0] Parser state 'parse_ipv6': key is 3a
[00:36:44.686] [bmv2] [T] [thread 91956] [54.0] [cxt 0] Bytes parsed: 54
[00:36:44.686] [bmv2] [D] [thread 91956] [54.0] [cxt 0] Parser 'parser': end
[00:36:44.686] [bmv2] [D] [thread 91956] [54.0] [cxt 0] Pipeline 'ingress': start
[00:36:44.686] [bmv2] [T] [thread 91956] [54.0] [cxt 0] basic.p4(560) Condition "hdr.ethernet.etherType == TYPE_ARP" (node_2) is false
[00:36:44.686] [bmv2] [T] [thread 91956] [54.0] [cxt 0] basic.p4(563) Condition "hdr.ethernet.etherType == TYPE_SRCROUTING" (node_4) is false
[00:36:44.686] [bmv2] [T] [thread 91956] [54.0] [cxt 0] basic.p4(576) Condition "hdr.ethernet.etherType == TYPE_YEQUDESU" (node_12) is false
[00:36:44.686] [bmv2] [T] [thread 91956] [54.0] [cxt 0] basic.p4(582) Condition "hdr.vxlan.isValid()" (node_15) is false
[00:36:44.686] [bmv2] [T] [thread 91956] [54.0] [cxt 0] basic.p4(586) Condition "hdr.ipv6.isValid()" (node_17) is true
[00:36:44.686] [bmv2] [T] [thread 91956] [54.0] [cxt 0] Applying table 'MyIngress.ipv6_lpm'
[00:36:44.686] [bmv2] [D] [thread 91956] [54.0] [cxt 0] Looking up key:
* hdr.ipv6.dstAddr    : ff020000000000000000000000000002

[00:36:44.686] [bmv2] [D] [thread 91956] [54.0] [cxt 0] Table 'MyIngress.ipv6_lpm': miss
[00:36:44.686] [bmv2] [D] [thread 91957] [53.0] [cxt 0] Pipeline 'egress': start
[00:36:44.686] [bmv2] [T] [thread 91957] [53.0] [cxt 0] basic.p4(684) Condition "standard_metadata.mcast_grp != 0" (node_28) is false
[00:36:44.686] [bmv2] [D] [thread 91957] [53.0] [cxt 0] Pipeline 'egress': end
[00:36:44.686] [bmv2] [D] [thread 91957] [53.0] [cxt 0] Deparser 'deparser': start
[00:36:44.686] [bmv2] [T] [thread 91957] [53.0] [cxt 0] Skipping checksum 'cksum' update because condition not met
[00:36:44.686] [bmv2] [D] [thread 91956] [54.0] [cxt 0] Action entry is NoAction - 
[00:36:44.686] [bmv2] [D] [thread 91957] [53.0] [cxt 0] Deparsing header 'ethernet'
[00:36:44.686] [bmv2] [T] [thread 91956] [54.0] [cxt 0] Action NoAction
[00:36:44.686] [bmv2] [D] [thread 91956] [54.0] [cxt 0] Pipeline 'ingress': end
[00:36:44.686] [bmv2] [D] [thread 91956] [54.0] [cxt 0] Egress port is 0
[00:36:44.686] [bmv2] [D] [thread 91957] [53.0] [cxt 0] Deparsing header 'ipv6'
[00:36:44.686] [bmv2] [D] [thread 91957] [53.0] [cxt 0] Deparser 'deparser': end
[00:36:44.686] [bmv2] [D] [thread 91957] [54.0] [cxt 0] Pipeline 'egress': start
[00:36:44.686] [bmv2] [D] [thread 91961] [53.0] [cxt 0] Transmitting packet of size 70 out of port 0
[00:36:44.686] [bmv2] [T] [thread 91957] [54.0] [cxt 0] basic.p4(684) Condition "standard_metadata.mcast_grp != 0" (node_28) is false
[00:36:44.686] [bmv2] [D] [thread 91957] [54.0] [cxt 0] Pipeline 'egress': end
[00:36:44.686] [bmv2] [D] [thread 91957] [54.0] [cxt 0] Deparser 'deparser': start
[00:36:44.686] [bmv2] [T] [thread 91957] [54.0] [cxt 0] Skipping checksum 'cksum' update because condition not met
[00:36:44.686] [bmv2] [D] [thread 91957] [54.0] [cxt 0] Deparsing header 'ethernet'
[00:36:44.686] [bmv2] [D] [thread 91957] [54.0] [cxt 0] Deparsing header 'ipv6'
[00:36:44.686] [bmv2] [D] [thread 91957] [54.0] [cxt 0] Deparser 'deparser': end
[00:36:44.686] [bmv2] [D] [thread 91961] [54.0] [cxt 0] Transmitting packet of size 70 out of port 0
[00:36:46.864] [bmv2] [D] [thread 91956] [55.0] [cxt 0] Processing packet received on port 1
[00:36:46.864] [bmv2] [D] [thread 91956] [55.0] [cxt 0] Parser 'parser': start
[00:36:46.864] [bmv2] [D] [thread 91956] [55.0] [cxt 0] Parser 'parser' entering state 'start'
[00:36:46.864] [bmv2] [D] [thread 91956] [55.0] [cxt 0] Extracting header 'ethernet'
[00:36:46.864] [bmv2] [D] [thread 91956] [55.0] [cxt 0] Parser state 'start': key is 86dd
[00:36:46.864] [bmv2] [T] [thread 91956] [55.0] [cxt 0] Bytes parsed: 14
[00:36:46.864] [bmv2] [D] [thread 91956] [55.0] [cxt 0] Parser 'parser' entering state 'parse_ipv6'
[00:36:46.864] [bmv2] [D] [thread 91956] [55.0] [cxt 0] Extracting header 'ipv6'
[00:36:46.864] [bmv2] [D] [thread 91956] [55.0] [cxt 0] Parser state 'parse_ipv6': key is 11
[00:36:46.864] [bmv2] [T] [thread 91956] [55.0] [cxt 0] Bytes parsed: 54
[00:36:46.864] [bmv2] [D] [thread 91956] [55.0] [cxt 0] Parser 'parser': end
[00:36:46.864] [bmv2] [D] [thread 91956] [55.0] [cxt 0] Pipeline 'ingress': start
[00:36:46.864] [bmv2] [T] [thread 91956] [55.0] [cxt 0] basic.p4(560) Condition "hdr.ethernet.etherType == TYPE_ARP" (node_2) is false
[00:36:46.864] [bmv2] [T] [thread 91956] [55.0] [cxt 0] basic.p4(563) Condition "hdr.ethernet.etherType == TYPE_SRCROUTING" (node_4) is false
[00:36:46.864] [bmv2] [T] [thread 91956] [55.0] [cxt 0] basic.p4(576) Condition "hdr.ethernet.etherType == TYPE_YEQUDESU" (node_12) is false
[00:36:46.864] [bmv2] [T] [thread 91956] [55.0] [cxt 0] basic.p4(582) Condition "hdr.vxlan.isValid()" (node_15) is false
[00:36:46.864] [bmv2] [T] [thread 91956] [55.0] [cxt 0] basic.p4(586) Condition "hdr.ipv6.isValid()" (node_17) is true
[00:36:46.864] [bmv2] [T] [thread 91956] [55.0] [cxt 0] Applying table 'MyIngress.ipv6_lpm'
[00:36:46.864] [bmv2] [D] [thread 91956] [55.0] [cxt 0] Looking up key:
* hdr.ipv6.dstAddr    : ff0200000000000000000000000000fb

[00:36:46.864] [bmv2] [D] [thread 91956] [55.0] [cxt 0] Table 'MyIngress.ipv6_lpm': miss
[00:36:46.864] [bmv2] [D] [thread 91956] [55.0] [cxt 0] Action entry is NoAction - 
[00:36:46.864] [bmv2] [T] [thread 91956] [55.0] [cxt 0] Action NoAction
[00:36:46.864] [bmv2] [D] [thread 91956] [55.0] [cxt 0] Pipeline 'ingress': end
[00:36:46.864] [bmv2] [D] [thread 91956] [55.0] [cxt 0] Egress port is 0
[00:36:46.864] [bmv2] [D] [thread 91957] [55.0] [cxt 0] Pipeline 'egress': start
[00:36:46.864] [bmv2] [T] [thread 91957] [55.0] [cxt 0] basic.p4(684) Condition "standard_metadata.mcast_grp != 0" (node_28) is false
[00:36:46.864] [bmv2] [D] [thread 91957] [55.0] [cxt 0] Pipeline 'egress': end
[00:36:46.864] [bmv2] [D] [thread 91957] [55.0] [cxt 0] Deparser 'deparser': start
[00:36:46.864] [bmv2] [T] [thread 91957] [55.0] [cxt 0] Skipping checksum 'cksum' update because condition not met
[00:36:46.864] [bmv2] [D] [thread 91957] [55.0] [cxt 0] Deparsing header 'ethernet'
[00:36:46.864] [bmv2] [D] [thread 91957] [55.0] [cxt 0] Deparsing header 'ipv6'
[00:36:46.864] [bmv2] [D] [thread 91957] [55.0] [cxt 0] Deparser 'deparser': end
[00:36:46.864] [bmv2] [D] [thread 91961] [55.0] [cxt 0] Transmitting packet of size 203 out of port 0
[00:36:47.119] [bmv2] [D] [thread 91956] [56.0] [cxt 0] Processing packet received on port 2
[00:36:47.119] [bmv2] [D] [thread 91956] [56.0] [cxt 0] Parser 'parser': start
[00:36:47.119] [bmv2] [D] [thread 91956] [56.0] [cxt 0] Parser 'parser' entering state 'start'
[00:36:47.119] [bmv2] [D] [thread 91956] [56.0] [cxt 0] Extracting header 'ethernet'
[00:36:47.119] [bmv2] [D] [thread 91956] [56.0] [cxt 0] Parser state 'start': key is 86dd
[00:36:47.119] [bmv2] [T] [thread 91956] [56.0] [cxt 0] Bytes parsed: 14
[00:36:47.119] [bmv2] [D] [thread 91956] [56.0] [cxt 0] Parser 'parser' entering state 'parse_ipv6'
[00:36:47.119] [bmv2] [D] [thread 91956] [56.0] [cxt 0] Extracting header 'ipv6'
[00:36:47.119] [bmv2] [D] [thread 91956] [56.0] [cxt 0] Parser state 'parse_ipv6': key is 11
[00:36:47.119] [bmv2] [T] [thread 91956] [56.0] [cxt 0] Bytes parsed: 54
[00:36:47.119] [bmv2] [D] [thread 91956] [56.0] [cxt 0] Parser 'parser': end
[00:36:47.119] [bmv2] [D] [thread 91956] [56.0] [cxt 0] Pipeline 'ingress': start
[00:36:47.119] [bmv2] [T] [thread 91956] [56.0] [cxt 0] basic.p4(560) Condition "hdr.ethernet.etherType == TYPE_ARP" (node_2) is false
[00:36:47.119] [bmv2] [T] [thread 91956] [56.0] [cxt 0] basic.p4(563) Condition "hdr.ethernet.etherType == TYPE_SRCROUTING" (node_4) is false
[00:36:47.119] [bmv2] [T] [thread 91956] [56.0] [cxt 0] basic.p4(576) Condition "hdr.ethernet.etherType == TYPE_YEQUDESU" (node_12) is false
[00:36:47.119] [bmv2] [T] [thread 91956] [56.0] [cxt 0] basic.p4(582) Condition "hdr.vxlan.isValid()" (node_15) is false
[00:36:47.119] [bmv2] [T] [thread 91956] [56.0] [cxt 0] basic.p4(586) Condition "hdr.ipv6.isValid()" (node_17) is true
[00:36:47.119] [bmv2] [T] [thread 91956] [56.0] [cxt 0] Applying table 'MyIngress.ipv6_lpm'
[00:36:47.119] [bmv2] [D] [thread 91956] [56.0] [cxt 0] Looking up key:
* hdr.ipv6.dstAddr    : ff0200000000000000000000000000fb

[00:36:47.119] [bmv2] [D] [thread 91956] [56.0] [cxt 0] Table 'MyIngress.ipv6_lpm': miss
[00:36:47.119] [bmv2] [D] [thread 91956] [56.0] [cxt 0] Action entry is NoAction - 
[00:36:47.119] [bmv2] [T] [thread 91956] [56.0] [cxt 0] Action NoAction
[00:36:47.119] [bmv2] [D] [thread 91956] [56.0] [cxt 0] Pipeline 'ingress': end
[00:36:47.119] [bmv2] [D] [thread 91956] [56.0] [cxt 0] Egress port is 0
[00:36:47.119] [bmv2] [D] [thread 91957] [56.0] [cxt 0] Pipeline 'egress': start
[00:36:47.119] [bmv2] [T] [thread 91957] [56.0] [cxt 0] basic.p4(684) Condition "standard_metadata.mcast_grp != 0" (node_28) is false
[00:36:47.119] [bmv2] [D] [thread 91957] [56.0] [cxt 0] Pipeline 'egress': end
[00:36:47.119] [bmv2] [D] [thread 91957] [56.0] [cxt 0] Deparser 'deparser': start
[00:36:47.119] [bmv2] [T] [thread 91957] [56.0] [cxt 0] Skipping checksum 'cksum' update because condition not met
[00:36:47.119] [bmv2] [D] [thread 91957] [56.0] [cxt 0] Deparsing header 'ethernet'
[00:36:47.119] [bmv2] [D] [thread 91957] [56.0] [cxt 0] Deparsing header 'ipv6'
[00:36:47.119] [bmv2] [D] [thread 91957] [56.0] [cxt 0] Deparser 'deparser': end
[00:36:47.119] [bmv2] [D] [thread 91961] [56.0] [cxt 0] Transmitting packet of size 203 out of port 0
[00:36:47.246] [bmv2] [D] [thread 91956] [57.0] [cxt 0] Processing packet received on port 1
[00:36:47.246] [bmv2] [D] [thread 91956] [57.0] [cxt 0] Parser 'parser': start
[00:36:47.246] [bmv2] [D] [thread 91956] [57.0] [cxt 0] Parser 'parser' entering state 'start'
[00:36:47.246] [bmv2] [D] [thread 91956] [57.0] [cxt 0] Extracting header 'ethernet'
[00:36:47.246] [bmv2] [D] [thread 91956] [57.0] [cxt 0] Parser state 'start': key is 86dd
[00:36:47.246] [bmv2] [T] [thread 91956] [57.0] [cxt 0] Bytes parsed: 14
[00:36:47.246] [bmv2] [D] [thread 91956] [57.0] [cxt 0] Parser 'parser' entering state 'parse_ipv6'
[00:36:47.246] [bmv2] [D] [thread 91956] [57.0] [cxt 0] Extracting header 'ipv6'
[00:36:47.246] [bmv2] [D] [thread 91956] [57.0] [cxt 0] Parser state 'parse_ipv6': key is 11
[00:36:47.246] [bmv2] [T] [thread 91956] [57.0] [cxt 0] Bytes parsed: 54
[00:36:47.246] [bmv2] [D] [thread 91956] [57.0] [cxt 0] Parser 'parser': end
[00:36:47.246] [bmv2] [D] [thread 91956] [57.0] [cxt 0] Pipeline 'ingress': start
[00:36:47.246] [bmv2] [T] [thread 91956] [57.0] [cxt 0] basic.p4(560) Condition "hdr.ethernet.etherType == TYPE_ARP" (node_2) is false
[00:36:47.246] [bmv2] [T] [thread 91956] [57.0] [cxt 0] basic.p4(563) Condition "hdr.ethernet.etherType == TYPE_SRCROUTING" (node_4) is false
[00:36:47.246] [bmv2] [T] [thread 91956] [57.0] [cxt 0] basic.p4(576) Condition "hdr.ethernet.etherType == TYPE_YEQUDESU" (node_12) is false
[00:36:47.246] [bmv2] [T] [thread 91956] [57.0] [cxt 0] basic.p4(582) Condition "hdr.vxlan.isValid()" (node_15) is false
[00:36:47.246] [bmv2] [T] [thread 91956] [57.0] [cxt 0] basic.p4(586) Condition "hdr.ipv6.isValid()" (node_17) is true
[00:36:47.246] [bmv2] [T] [thread 91956] [57.0] [cxt 0] Applying table 'MyIngress.ipv6_lpm'
[00:36:47.246] [bmv2] [D] [thread 91956] [57.0] [cxt 0] Looking up key:
* hdr.ipv6.dstAddr    : ff0200000000000000000000000000fb

[00:36:47.246] [bmv2] [D] [thread 91956] [57.0] [cxt 0] Table 'MyIngress.ipv6_lpm': miss
[00:36:47.246] [bmv2] [D] [thread 91956] [57.0] [cxt 0] Action entry is NoAction - 
[00:36:47.246] [bmv2] [T] [thread 91956] [57.0] [cxt 0] Action NoAction
[00:36:47.246] [bmv2] [D] [thread 91956] [57.0] [cxt 0] Pipeline 'ingress': end
[00:36:47.246] [bmv2] [D] [thread 91956] [57.0] [cxt 0] Egress port is 0
[00:36:47.247] [bmv2] [D] [thread 91957] [57.0] [cxt 0] Pipeline 'egress': start
[00:36:47.247] [bmv2] [T] [thread 91957] [57.0] [cxt 0] basic.p4(684) Condition "standard_metadata.mcast_grp != 0" (node_28) is false
[00:36:47.247] [bmv2] [D] [thread 91957] [57.0] [cxt 0] Pipeline 'egress': end
[00:36:47.247] [bmv2] [D] [thread 91957] [57.0] [cxt 0] Deparser 'deparser': start
[00:36:47.247] [bmv2] [T] [thread 91957] [57.0] [cxt 0] Skipping checksum 'cksum' update because condition not met
[00:36:47.247] [bmv2] [D] [thread 91957] [57.0] [cxt 0] Deparsing header 'ethernet'
[00:36:47.247] [bmv2] [D] [thread 91957] [57.0] [cxt 0] Deparsing header 'ipv6'
[00:36:47.247] [bmv2] [D] [thread 91957] [57.0] [cxt 0] Deparser 'deparser': end
[00:36:47.247] [bmv2] [D] [thread 91961] [57.0] [cxt 0] Transmitting packet of size 203 out of port 0
[00:36:47.567] [bmv2] [D] [thread 91956] [58.0] [cxt 0] Processing packet received on port 2
[00:36:47.567] [bmv2] [D] [thread 91956] [58.0] [cxt 0] Parser 'parser': start
[00:36:47.567] [bmv2] [D] [thread 91956] [58.0] [cxt 0] Parser 'parser' entering state 'start'
[00:36:47.567] [bmv2] [D] [thread 91956] [58.0] [cxt 0] Extracting header 'ethernet'
[00:36:47.567] [bmv2] [D] [thread 91956] [58.0] [cxt 0] Parser state 'start': key is 86dd
[00:36:47.567] [bmv2] [T] [thread 91956] [58.0] [cxt 0] Bytes parsed: 14
[00:36:47.567] [bmv2] [D] [thread 91956] [58.0] [cxt 0] Parser 'parser' entering state 'parse_ipv6'
[00:36:47.567] [bmv2] [D] [thread 91956] [58.0] [cxt 0] Extracting header 'ipv6'
[00:36:47.567] [bmv2] [D] [thread 91956] [58.0] [cxt 0] Parser state 'parse_ipv6': key is 11
[00:36:47.567] [bmv2] [T] [thread 91956] [58.0] [cxt 0] Bytes parsed: 54
[00:36:47.567] [bmv2] [D] [thread 91956] [58.0] [cxt 0] Parser 'parser': end
[00:36:47.567] [bmv2] [D] [thread 91956] [58.0] [cxt 0] Pipeline 'ingress': start
[00:36:47.567] [bmv2] [T] [thread 91956] [58.0] [cxt 0] basic.p4(560) Condition "hdr.ethernet.etherType == TYPE_ARP" (node_2) is false
[00:36:47.567] [bmv2] [T] [thread 91956] [58.0] [cxt 0] basic.p4(563) Condition "hdr.ethernet.etherType == TYPE_SRCROUTING" (node_4) is false
[00:36:47.567] [bmv2] [T] [thread 91956] [58.0] [cxt 0] basic.p4(576) Condition "hdr.ethernet.etherType == TYPE_YEQUDESU" (node_12) is false
[00:36:47.567] [bmv2] [T] [thread 91956] [58.0] [cxt 0] basic.p4(582) Condition "hdr.vxlan.isValid()" (node_15) is false
[00:36:47.567] [bmv2] [T] [thread 91956] [58.0] [cxt 0] basic.p4(586) Condition "hdr.ipv6.isValid()" (node_17) is true
[00:36:47.567] [bmv2] [T] [thread 91956] [58.0] [cxt 0] Applying table 'MyIngress.ipv6_lpm'
[00:36:47.567] [bmv2] [D] [thread 91956] [58.0] [cxt 0] Looking up key:
* hdr.ipv6.dstAddr    : ff0200000000000000000000000000fb

[00:36:47.567] [bmv2] [D] [thread 91956] [58.0] [cxt 0] Table 'MyIngress.ipv6_lpm': miss
[00:36:47.567] [bmv2] [D] [thread 91956] [58.0] [cxt 0] Action entry is NoAction - 
[00:36:47.567] [bmv2] [T] [thread 91956] [58.0] [cxt 0] Action NoAction
[00:36:47.567] [bmv2] [D] [thread 91956] [58.0] [cxt 0] Pipeline 'ingress': end
[00:36:47.567] [bmv2] [D] [thread 91956] [58.0] [cxt 0] Egress port is 0
[00:36:47.567] [bmv2] [D] [thread 91957] [58.0] [cxt 0] Pipeline 'egress': start
[00:36:47.567] [bmv2] [T] [thread 91957] [58.0] [cxt 0] basic.p4(684) Condition "standard_metadata.mcast_grp != 0" (node_28) is false
[00:36:47.567] [bmv2] [D] [thread 91957] [58.0] [cxt 0] Pipeline 'egress': end
[00:36:47.567] [bmv2] [D] [thread 91957] [58.0] [cxt 0] Deparser 'deparser': start
[00:36:47.567] [bmv2] [T] [thread 91957] [58.0] [cxt 0] Skipping checksum 'cksum' update because condition not met
[00:36:47.567] [bmv2] [D] [thread 91957] [58.0] [cxt 0] Deparsing header 'ethernet'
[00:36:47.567] [bmv2] [D] [thread 91957] [58.0] [cxt 0] Deparsing header 'ipv6'
[00:36:47.567] [bmv2] [D] [thread 91957] [58.0] [cxt 0] Deparser 'deparser': end
[00:36:47.567] [bmv2] [D] [thread 91961] [58.0] [cxt 0] Transmitting packet of size 203 out of port 0
[00:36:48.978] [bmv2] [W] [thread 92319] [P4Runtime] p4::tmp::P4DeviceConfig is deprecated
[00:36:48.983] [bmv2] [D] [thread 92319] Set default default entry for table 'MyIngress.arp_match': MyIngress.drop - 
[00:36:48.983] [bmv2] [D] [thread 92319] Set default default entry for table 'tbl_srcRoute_finish': MyIngress.srcRoute_finish - 
[00:36:48.983] [bmv2] [D] [thread 92319] Set default default entry for table 'MyIngress.ipv4_lpm_src': NoAction - 
[00:36:48.983] [bmv2] [D] [thread 92319] Set default default entry for table 'tbl_srcRoute_nhop': MyIngress.srcRoute_nhop - 
[00:36:48.983] [bmv2] [D] [thread 92319] Set default default entry for table 'tbl_update_ttl': MyIngress.update_ttl - 
[00:36:48.983] [bmv2] [D] [thread 92319] Set default default entry for table 'MyIngress.yequdesu_exact': MyIngress.drop - 
[00:36:48.983] [bmv2] [D] [thread 92319] Set default default entry for table 'MyIngress.vxlan_decap_exact': MyIngress.drop - 
[00:36:48.983] [bmv2] [D] [thread 92319] Set default default entry for table 'MyIngress.ipv6_lpm': NoAction - 
[00:36:48.983] [bmv2] [D] [thread 92319] Set default default entry for table 'MyIngress.vxlan_lpm': NoAction - 
[00:36:48.983] [bmv2] [D] [thread 92319] Set default default entry for table 'MyIngress.modality_schedule': NoAction - 
[00:36:48.983] [bmv2] [D] [thread 92319] Set default default entry for table 'MyIngress.adjudication': NoAction - 
[00:36:48.983] [bmv2] [D] [thread 92319] Set default default entry for table 'MyIngress.ipv4_lpm': NoAction - 
[00:36:48.984] [bmv2] [D] [thread 92319] Set default default entry for table 'MyEgress.egress_encap_ipv6': NoAction - 
[00:36:48.984] [bmv2] [D] [thread 92319] Set default default entry for table 'MyEgress.egress_encap_yequdesu': NoAction - 
[00:36:48.984] [bmv2] [D] [thread 92319] Set default default entry for table 'MyEgress.egress_encap_vxlan': NoAction - 
[00:36:48.986] [bmv2] [D] [thread 92319] simple_switch target has been notified of a config swap
[00:36:49.096] [bmv2] [D] [thread 92319] Entry 0 added to table 'MyIngress.ipv4_lpm'
[00:36:49.096] [bmv2] [D] [thread 92319] Dumping entry 0
Match key:
* hdr.ipv4.dstAddr    : LPM       0a000202/32
Action entry: MyIngress.ipv4_forward - ffffffffffff,2,

[00:36:49.100] [bmv2] [D] [thread 92321] Entry 1 added to table 'MyIngress.ipv4_lpm'
[00:36:49.100] [bmv2] [D] [thread 92321] Dumping entry 1
Match key:
* hdr.ipv4.dstAddr    : LPM       0a000204/32
Action entry: MyIngress.ipv4_forward - ffffffffffff,2,

[00:36:49.103] [bmv2] [D] [thread 92319] Entry 2 added to table 'MyIngress.ipv4_lpm'
[00:36:49.103] [bmv2] [D] [thread 92319] Dumping entry 2
Match key:
* hdr.ipv4.dstAddr    : LPM       0a000101/32
Action entry: MyIngress.ipv4_forward - ffffffffffff,1,

[00:36:49.105] [bmv2] [D] [thread 92321] Entry 3 added to table 'MyIngress.ipv4_lpm'
[00:36:49.105] [bmv2] [D] [thread 92321] Dumping entry 3
Match key:
* hdr.ipv4.dstAddr    : LPM       0a000103/32
Action entry: MyIngress.ipv4_forward - ffffffffffff,1,

[00:36:51.342] [bmv2] [D] [thread 91956] [59.0] [cxt 0] Processing packet received on port 1
[00:36:51.342] [bmv2] [D] [thread 91956] [59.0] [cxt 0] Parser 'parser': start
[00:36:51.342] [bmv2] [D] [thread 91956] [59.0] [cxt 0] Parser 'parser' entering state 'start'
[00:36:51.342] [bmv2] [D] [thread 91956] [59.0] [cxt 0] Extracting header 'ethernet'
[00:36:51.342] [bmv2] [D] [thread 91956] [59.0] [cxt 0] Parser state 'start': key is 86dd
[00:36:51.342] [bmv2] [T] [thread 91956] [59.0] [cxt 0] Bytes parsed: 14
[00:36:51.342] [bmv2] [D] [thread 91956] [59.0] [cxt 0] Parser 'parser' entering state 'parse_ipv6'
[00:36:51.342] [bmv2] [D] [thread 91956] [59.0] [cxt 0] Extracting header 'ipv6'
[00:36:51.342] [bmv2] [D] [thread 91956] [59.0] [cxt 0] Parser state 'parse_ipv6': key is 3a
[00:36:51.342] [bmv2] [T] [thread 91956] [59.0] [cxt 0] Bytes parsed: 54
[00:36:51.342] [bmv2] [D] [thread 91956] [59.0] [cxt 0] Parser 'parser': end
[00:36:51.342] [bmv2] [D] [thread 91956] [59.0] [cxt 0] Pipeline 'ingress': start
[00:36:51.342] [bmv2] [T] [thread 91956] [59.0] [cxt 0] basic.p4(560) Condition "hdr.ethernet.etherType == TYPE_ARP" (node_2) is false
[00:36:51.342] [bmv2] [T] [thread 91956] [59.0] [cxt 0] basic.p4(563) Condition "hdr.ethernet.etherType == TYPE_SRCROUTING" (node_4) is false
[00:36:51.342] [bmv2] [T] [thread 91956] [59.0] [cxt 0] basic.p4(576) Condition "hdr.ethernet.etherType == TYPE_YEQUDESU" (node_12) is false
[00:36:51.342] [bmv2] [T] [thread 91956] [59.0] [cxt 0] basic.p4(582) Condition "hdr.vxlan.isValid()" (node_15) is false
[00:36:51.342] [bmv2] [T] [thread 91956] [59.0] [cxt 0] basic.p4(586) Condition "hdr.ipv6.isValid()" (node_17) is true
[00:36:51.342] [bmv2] [T] [thread 91956] [59.0] [cxt 0] Applying table 'MyIngress.ipv6_lpm'
[00:36:51.342] [bmv2] [D] [thread 91956] [59.0] [cxt 0] Looking up key:
* hdr.ipv6.dstAddr    : ff020000000000000000000000000002

[00:36:51.342] [bmv2] [D] [thread 91956] [59.0] [cxt 0] Table 'MyIngress.ipv6_lpm': miss
[00:36:51.342] [bmv2] [D] [thread 91956] [59.0] [cxt 0] Action entry is NoAction - 
[00:36:51.342] [bmv2] [T] [thread 91956] [59.0] [cxt 0] Action NoAction
[00:36:51.342] [bmv2] [D] [thread 91956] [59.0] [cxt 0] Pipeline 'ingress': end
[00:36:51.342] [bmv2] [D] [thread 91956] [59.0] [cxt 0] Egress port is 0
[00:36:51.342] [bmv2] [D] [thread 91957] [59.0] [cxt 0] Pipeline 'egress': start
[00:36:51.342] [bmv2] [T] [thread 91957] [59.0] [cxt 0] basic.p4(684) Condition "standard_metadata.mcast_grp != 0" (node_28) is false
[00:36:51.342] [bmv2] [D] [thread 91957] [59.0] [cxt 0] Pipeline 'egress': end
[00:36:51.342] [bmv2] [D] [thread 91957] [59.0] [cxt 0] Deparser 'deparser': start
[00:36:51.342] [bmv2] [T] [thread 91957] [59.0] [cxt 0] Skipping checksum 'cksum' update because condition not met
[00:36:51.342] [bmv2] [D] [thread 91957] [59.0] [cxt 0] Deparsing header 'ethernet'
[00:36:51.342] [bmv2] [D] [thread 91957] [59.0] [cxt 0] Deparsing header 'ipv6'
[00:36:51.342] [bmv2] [D] [thread 91957] [59.0] [cxt 0] Deparser 'deparser': end
[00:36:51.342] [bmv2] [D] [thread 91961] [59.0] [cxt 0] Transmitting packet of size 70 out of port 0
[00:36:52.878] [bmv2] [D] [thread 91956] [60.0] [cxt 0] Processing packet received on port 2
[00:36:52.878] [bmv2] [D] [thread 91956] [60.0] [cxt 0] Parser 'parser': start
[00:36:52.878] [bmv2] [D] [thread 91956] [60.0] [cxt 0] Parser 'parser' entering state 'start'
[00:36:52.878] [bmv2] [D] [thread 91956] [60.0] [cxt 0] Extracting header 'ethernet'
[00:36:52.878] [bmv2] [D] [thread 91956] [60.0] [cxt 0] Parser state 'start': key is 86dd
[00:36:52.878] [bmv2] [T] [thread 91956] [60.0] [cxt 0] Bytes parsed: 14
[00:36:52.878] [bmv2] [D] [thread 91956] [60.0] [cxt 0] Parser 'parser' entering state 'parse_ipv6'
[00:36:52.878] [bmv2] [D] [thread 91956] [60.0] [cxt 0] Extracting header 'ipv6'
[00:36:52.878] [bmv2] [D] [thread 91956] [60.0] [cxt 0] Parser state 'parse_ipv6': key is 3a
[00:36:52.878] [bmv2] [T] [thread 91956] [60.0] [cxt 0] Bytes parsed: 54
[00:36:52.878] [bmv2] [D] [thread 91956] [60.0] [cxt 0] Parser 'parser': end
[00:36:52.878] [bmv2] [D] [thread 91956] [60.0] [cxt 0] Pipeline 'ingress': start
[00:36:52.878] [bmv2] [T] [thread 91956] [60.0] [cxt 0] basic.p4(560) Condition "hdr.ethernet.etherType == TYPE_ARP" (node_2) is false
[00:36:52.878] [bmv2] [T] [thread 91956] [60.0] [cxt 0] basic.p4(563) Condition "hdr.ethernet.etherType == TYPE_SRCROUTING" (node_4) is false
[00:36:52.878] [bmv2] [T] [thread 91956] [60.0] [cxt 0] basic.p4(576) Condition "hdr.ethernet.etherType == TYPE_YEQUDESU" (node_12) is false
[00:36:52.878] [bmv2] [T] [thread 91956] [60.0] [cxt 0] basic.p4(582) Condition "hdr.vxlan.isValid()" (node_15) is false
[00:36:52.878] [bmv2] [T] [thread 91956] [60.0] [cxt 0] basic.p4(586) Condition "hdr.ipv6.isValid()" (node_17) is true
[00:36:52.878] [bmv2] [T] [thread 91956] [60.0] [cxt 0] Applying table 'MyIngress.ipv6_lpm'
[00:36:52.878] [bmv2] [D] [thread 91956] [60.0] [cxt 0] Looking up key:
* hdr.ipv6.dstAddr    : ff020000000000000000000000000002

[00:36:52.878] [bmv2] [D] [thread 91956] [60.0] [cxt 0] Table 'MyIngress.ipv6_lpm': miss
[00:36:52.878] [bmv2] [D] [thread 91956] [60.0] [cxt 0] Action entry is NoAction - 
[00:36:52.878] [bmv2] [T] [thread 91956] [60.0] [cxt 0] Action NoAction
[00:36:52.878] [bmv2] [D] [thread 91956] [60.0] [cxt 0] Pipeline 'ingress': end
[00:36:52.878] [bmv2] [D] [thread 91956] [60.0] [cxt 0] Egress port is 0
[00:36:52.878] [bmv2] [D] [thread 91957] [60.0] [cxt 0] Pipeline 'egress': start
[00:36:52.878] [bmv2] [T] [thread 91957] [60.0] [cxt 0] basic.p4(684) Condition "standard_metadata.mcast_grp != 0" (node_28) is false
[00:36:52.878] [bmv2] [D] [thread 91957] [60.0] [cxt 0] Pipeline 'egress': end
[00:36:52.878] [bmv2] [D] [thread 91957] [60.0] [cxt 0] Deparser 'deparser': start
[00:36:52.878] [bmv2] [T] [thread 91957] [60.0] [cxt 0] Skipping checksum 'cksum' update because condition not met
[00:36:52.878] [bmv2] [D] [thread 91957] [60.0] [cxt 0] Deparsing header 'ethernet'
[00:36:52.878] [bmv2] [D] [thread 91957] [60.0] [cxt 0] Deparsing header 'ipv6'
[00:36:52.878] [bmv2] [D] [thread 91957] [60.0] [cxt 0] Deparser 'deparser': end
[00:36:52.878] [bmv2] [D] [thread 91961] [60.0] [cxt 0] Transmitting packet of size 70 out of port 0
[00:36:53.389] [bmv2] [D] [thread 91956] [61.0] [cxt 0] Processing packet received on port 1
[00:36:53.389] [bmv2] [D] [thread 91956] [61.0] [cxt 0] Parser 'parser': start
[00:36:53.389] [bmv2] [D] [thread 91956] [61.0] [cxt 0] Parser 'parser' entering state 'start'
[00:36:53.389] [bmv2] [D] [thread 91956] [61.0] [cxt 0] Extracting header 'ethernet'
[00:36:53.390] [bmv2] [D] [thread 91956] [61.0] [cxt 0] Parser state 'start': key is 86dd
[00:36:53.390] [bmv2] [T] [thread 91956] [61.0] [cxt 0] Bytes parsed: 14
[00:36:53.390] [bmv2] [D] [thread 91956] [61.0] [cxt 0] Parser 'parser' entering state 'parse_ipv6'
[00:36:53.390] [bmv2] [D] [thread 91956] [61.0] [cxt 0] Extracting header 'ipv6'
[00:36:53.390] [bmv2] [D] [thread 91956] [61.0] [cxt 0] Parser state 'parse_ipv6': key is 3a
[00:36:53.390] [bmv2] [T] [thread 91956] [61.0] [cxt 0] Bytes parsed: 54
[00:36:53.390] [bmv2] [D] [thread 91956] [61.0] [cxt 0] Parser 'parser': end
[00:36:53.390] [bmv2] [D] [thread 91956] [61.0] [cxt 0] Pipeline 'ingress': start
[00:36:53.390] [bmv2] [T] [thread 91956] [61.0] [cxt 0] basic.p4(560) Condition "hdr.ethernet.etherType == TYPE_ARP" (node_2) is false
[00:36:53.390] [bmv2] [T] [thread 91956] [61.0] [cxt 0] basic.p4(563) Condition "hdr.ethernet.etherType == TYPE_SRCROUTING" (node_4) is false
[00:36:53.390] [bmv2] [T] [thread 91956] [61.0] [cxt 0] basic.p4(576) Condition "hdr.ethernet.etherType == TYPE_YEQUDESU" (node_12) is false
[00:36:53.390] [bmv2] [T] [thread 91956] [61.0] [cxt 0] basic.p4(582) Condition "hdr.vxlan.isValid()" (node_15) is false
[00:36:53.390] [bmv2] [T] [thread 91956] [61.0] [cxt 0] basic.p4(586) Condition "hdr.ipv6.isValid()" (node_17) is true
[00:36:53.390] [bmv2] [T] [thread 91956] [61.0] [cxt 0] Applying table 'MyIngress.ipv6_lpm'
[00:36:53.390] [bmv2] [D] [thread 91956] [61.0] [cxt 0] Looking up key:
* hdr.ipv6.dstAddr    : ff020000000000000000000000000002

[00:36:53.390] [bmv2] [D] [thread 91956] [61.0] [cxt 0] Table 'MyIngress.ipv6_lpm': miss
[00:36:53.390] [bmv2] [D] [thread 91956] [61.0] [cxt 0] Action entry is NoAction - 
[00:36:53.390] [bmv2] [T] [thread 91956] [61.0] [cxt 0] Action NoAction
[00:36:53.390] [bmv2] [D] [thread 91956] [61.0] [cxt 0] Pipeline 'ingress': end
[00:36:53.390] [bmv2] [D] [thread 91956] [61.0] [cxt 0] Egress port is 0
[00:36:53.390] [bmv2] [D] [thread 91957] [61.0] [cxt 0] Pipeline 'egress': start
[00:36:53.390] [bmv2] [T] [thread 91957] [61.0] [cxt 0] basic.p4(684) Condition "standard_metadata.mcast_grp != 0" (node_28) is false
[00:36:53.390] [bmv2] [D] [thread 91957] [61.0] [cxt 0] Pipeline 'egress': end
[00:36:53.390] [bmv2] [D] [thread 91957] [61.0] [cxt 0] Deparser 'deparser': start
[00:36:53.390] [bmv2] [T] [thread 91957] [61.0] [cxt 0] Skipping checksum 'cksum' update because condition not met
[00:36:53.390] [bmv2] [D] [thread 91957] [61.0] [cxt 0] Deparsing header 'ethernet'
[00:36:53.390] [bmv2] [D] [thread 91957] [61.0] [cxt 0] Deparsing header 'ipv6'
[00:36:53.390] [bmv2] [D] [thread 91957] [61.0] [cxt 0] Deparser 'deparser': end
[00:36:53.390] [bmv2] [D] [thread 91961] [61.0] [cxt 0] Transmitting packet of size 70 out of port 0
[00:36:53.901] [bmv2] [D] [thread 91956] [62.0] [cxt 0] Processing packet received on port 2
[00:36:53.902] [bmv2] [D] [thread 91956] [62.0] [cxt 0] Parser 'parser': start
[00:36:53.902] [bmv2] [D] [thread 91956] [62.0] [cxt 0] Parser 'parser' entering state 'start'
[00:36:53.902] [bmv2] [D] [thread 91956] [62.0] [cxt 0] Extracting header 'ethernet'
[00:36:53.902] [bmv2] [D] [thread 91956] [62.0] [cxt 0] Parser state 'start': key is 86dd
[00:36:53.902] [bmv2] [T] [thread 91956] [62.0] [cxt 0] Bytes parsed: 14
[00:36:53.902] [bmv2] [D] [thread 91956] [62.0] [cxt 0] Parser 'parser' entering state 'parse_ipv6'
[00:36:53.902] [bmv2] [D] [thread 91956] [62.0] [cxt 0] Extracting header 'ipv6'
[00:36:53.902] [bmv2] [D] [thread 91956] [62.0] [cxt 0] Parser state 'parse_ipv6': key is 3a
[00:36:53.902] [bmv2] [T] [thread 91956] [62.0] [cxt 0] Bytes parsed: 54
[00:36:53.902] [bmv2] [D] [thread 91956] [62.0] [cxt 0] Parser 'parser': end
[00:36:53.902] [bmv2] [D] [thread 91956] [62.0] [cxt 0] Pipeline 'ingress': start
[00:36:53.902] [bmv2] [T] [thread 91956] [62.0] [cxt 0] basic.p4(560) Condition "hdr.ethernet.etherType == TYPE_ARP" (node_2) is false
[00:36:53.902] [bmv2] [T] [thread 91956] [62.0] [cxt 0] basic.p4(563) Condition "hdr.ethernet.etherType == TYPE_SRCROUTING" (node_4) is false
[00:36:53.902] [bmv2] [T] [thread 91956] [62.0] [cxt 0] basic.p4(576) Condition "hdr.ethernet.etherType == TYPE_YEQUDESU" (node_12) is false
[00:36:53.902] [bmv2] [T] [thread 91956] [62.0] [cxt 0] basic.p4(582) Condition "hdr.vxlan.isValid()" (node_15) is false
[00:36:53.902] [bmv2] [T] [thread 91956] [62.0] [cxt 0] basic.p4(586) Condition "hdr.ipv6.isValid()" (node_17) is true
[00:36:53.902] [bmv2] [T] [thread 91956] [62.0] [cxt 0] Applying table 'MyIngress.ipv6_lpm'
[00:36:53.902] [bmv2] [D] [thread 91956] [62.0] [cxt 0] Looking up key:
* hdr.ipv6.dstAddr    : ff020000000000000000000000000002

[00:36:53.902] [bmv2] [D] [thread 91956] [62.0] [cxt 0] Table 'MyIngress.ipv6_lpm': miss
[00:36:53.902] [bmv2] [D] [thread 91956] [62.0] [cxt 0] Action entry is NoAction - 
[00:36:53.902] [bmv2] [T] [thread 91956] [62.0] [cxt 0] Action NoAction
[00:36:53.902] [bmv2] [D] [thread 91956] [62.0] [cxt 0] Pipeline 'ingress': end
[00:36:53.902] [bmv2] [D] [thread 91956] [62.0] [cxt 0] Egress port is 0
[00:36:53.902] [bmv2] [D] [thread 91957] [62.0] [cxt 0] Pipeline 'egress': start
[00:36:53.902] [bmv2] [T] [thread 91957] [62.0] [cxt 0] basic.p4(684) Condition "standard_metadata.mcast_grp != 0" (node_28) is false
[00:36:53.902] [bmv2] [D] [thread 91957] [62.0] [cxt 0] Pipeline 'egress': end
[00:36:53.902] [bmv2] [D] [thread 91957] [62.0] [cxt 0] Deparser 'deparser': start
[00:36:53.902] [bmv2] [T] [thread 91957] [62.0] [cxt 0] Skipping checksum 'cksum' update because condition not met
[00:36:53.902] [bmv2] [D] [thread 91957] [62.0] [cxt 0] Deparsing header 'ethernet'
[00:36:53.902] [bmv2] [D] [thread 91957] [62.0] [cxt 0] Deparsing header 'ipv6'
[00:36:53.902] [bmv2] [D] [thread 91957] [62.0] [cxt 0] Deparser 'deparser': end
[00:36:53.902] [bmv2] [D] [thread 91961] [62.0] [cxt 0] Transmitting packet of size 70 out of port 0
[00:36:54.869] [bmv2] [D] [thread 91956] [63.0] [cxt 0] Processing packet received on port 1
[00:36:54.869] [bmv2] [D] [thread 91956] [63.0] [cxt 0] Parser 'parser': start
[00:36:54.869] [bmv2] [D] [thread 91956] [63.0] [cxt 0] Parser 'parser' entering state 'start'
[00:36:54.869] [bmv2] [D] [thread 91956] [63.0] [cxt 0] Extracting header 'ethernet'
[00:36:54.869] [bmv2] [D] [thread 91956] [63.0] [cxt 0] Parser state 'start': key is 86dd
[00:36:54.869] [bmv2] [T] [thread 91956] [63.0] [cxt 0] Bytes parsed: 14
[00:36:54.869] [bmv2] [D] [thread 91956] [63.0] [cxt 0] Parser 'parser' entering state 'parse_ipv6'
[00:36:54.869] [bmv2] [D] [thread 91956] [63.0] [cxt 0] Extracting header 'ipv6'
[00:36:54.869] [bmv2] [D] [thread 91956] [63.0] [cxt 0] Parser state 'parse_ipv6': key is 11
[00:36:54.869] [bmv2] [T] [thread 91956] [63.0] [cxt 0] Bytes parsed: 54
[00:36:54.869] [bmv2] [D] [thread 91956] [63.0] [cxt 0] Parser 'parser': end
[00:36:54.869] [bmv2] [D] [thread 91956] [63.0] [cxt 0] Pipeline 'ingress': start
[00:36:54.869] [bmv2] [T] [thread 91956] [63.0] [cxt 0] basic.p4(560) Condition "hdr.ethernet.etherType == TYPE_ARP" (node_2) is false
[00:36:54.869] [bmv2] [T] [thread 91956] [63.0] [cxt 0] basic.p4(563) Condition "hdr.ethernet.etherType == TYPE_SRCROUTING" (node_4) is false
[00:36:54.869] [bmv2] [T] [thread 91956] [63.0] [cxt 0] basic.p4(576) Condition "hdr.ethernet.etherType == TYPE_YEQUDESU" (node_12) is false
[00:36:54.869] [bmv2] [T] [thread 91956] [63.0] [cxt 0] basic.p4(582) Condition "hdr.vxlan.isValid()" (node_15) is false
[00:36:54.869] [bmv2] [T] [thread 91956] [63.0] [cxt 0] basic.p4(586) Condition "hdr.ipv6.isValid()" (node_17) is true
[00:36:54.869] [bmv2] [T] [thread 91956] [63.0] [cxt 0] Applying table 'MyIngress.ipv6_lpm'
[00:36:54.869] [bmv2] [D] [thread 91956] [63.0] [cxt 0] Looking up key:
* hdr.ipv6.dstAddr    : ff0200000000000000000000000000fb

[00:36:54.869] [bmv2] [D] [thread 91956] [63.0] [cxt 0] Table 'MyIngress.ipv6_lpm': miss
[00:36:54.869] [bmv2] [D] [thread 91956] [63.0] [cxt 0] Action entry is NoAction - 
[00:36:54.869] [bmv2] [T] [thread 91956] [63.0] [cxt 0] Action NoAction
[00:36:54.869] [bmv2] [D] [thread 91956] [63.0] [cxt 0] Pipeline 'ingress': end
[00:36:54.869] [bmv2] [D] [thread 91956] [63.0] [cxt 0] Egress port is 0
[00:36:54.870] [bmv2] [D] [thread 91957] [63.0] [cxt 0] Pipeline 'egress': start
[00:36:54.870] [bmv2] [T] [thread 91957] [63.0] [cxt 0] basic.p4(684) Condition "standard_metadata.mcast_grp != 0" (node_28) is false
[00:36:54.870] [bmv2] [D] [thread 91957] [63.0] [cxt 0] Pipeline 'egress': end
[00:36:54.870] [bmv2] [D] [thread 91957] [63.0] [cxt 0] Deparser 'deparser': start
[00:36:54.870] [bmv2] [T] [thread 91957] [63.0] [cxt 0] Skipping checksum 'cksum' update because condition not met
[00:36:54.870] [bmv2] [D] [thread 91957] [63.0] [cxt 0] Deparsing header 'ethernet'
[00:36:54.870] [bmv2] [D] [thread 91957] [63.0] [cxt 0] Deparsing header 'ipv6'
[00:36:54.870] [bmv2] [D] [thread 91957] [63.0] [cxt 0] Deparser 'deparser': end
[00:36:54.870] [bmv2] [D] [thread 91961] [63.0] [cxt 0] Transmitting packet of size 203 out of port 0
[00:36:55.119] [bmv2] [D] [thread 91956] [64.0] [cxt 0] Processing packet received on port 2
[00:36:55.119] [bmv2] [D] [thread 91956] [64.0] [cxt 0] Parser 'parser': start
[00:36:55.119] [bmv2] [D] [thread 91956] [64.0] [cxt 0] Parser 'parser' entering state 'start'
[00:36:55.119] [bmv2] [D] [thread 91956] [64.0] [cxt 0] Extracting header 'ethernet'
[00:36:55.119] [bmv2] [D] [thread 91956] [64.0] [cxt 0] Parser state 'start': key is 86dd
[00:36:55.119] [bmv2] [T] [thread 91956] [64.0] [cxt 0] Bytes parsed: 14
[00:36:55.119] [bmv2] [D] [thread 91956] [64.0] [cxt 0] Parser 'parser' entering state 'parse_ipv6'
[00:36:55.119] [bmv2] [D] [thread 91956] [64.0] [cxt 0] Extracting header 'ipv6'
[00:36:55.119] [bmv2] [D] [thread 91956] [64.0] [cxt 0] Parser state 'parse_ipv6': key is 11
[00:36:55.119] [bmv2] [T] [thread 91956] [64.0] [cxt 0] Bytes parsed: 54
[00:36:55.119] [bmv2] [D] [thread 91956] [64.0] [cxt 0] Parser 'parser': end
[00:36:55.119] [bmv2] [D] [thread 91956] [64.0] [cxt 0] Pipeline 'ingress': start
[00:36:55.119] [bmv2] [T] [thread 91956] [64.0] [cxt 0] basic.p4(560) Condition "hdr.ethernet.etherType == TYPE_ARP" (node_2) is false
[00:36:55.119] [bmv2] [T] [thread 91956] [64.0] [cxt 0] basic.p4(563) Condition "hdr.ethernet.etherType == TYPE_SRCROUTING" (node_4) is false
[00:36:55.119] [bmv2] [T] [thread 91956] [64.0] [cxt 0] basic.p4(576) Condition "hdr.ethernet.etherType == TYPE_YEQUDESU" (node_12) is false
[00:36:55.119] [bmv2] [T] [thread 91956] [64.0] [cxt 0] basic.p4(582) Condition "hdr.vxlan.isValid()" (node_15) is false
[00:36:55.119] [bmv2] [T] [thread 91956] [64.0] [cxt 0] basic.p4(586) Condition "hdr.ipv6.isValid()" (node_17) is true
[00:36:55.119] [bmv2] [T] [thread 91956] [64.0] [cxt 0] Applying table 'MyIngress.ipv6_lpm'
[00:36:55.119] [bmv2] [D] [thread 91956] [64.0] [cxt 0] Looking up key:
* hdr.ipv6.dstAddr    : ff0200000000000000000000000000fb

[00:36:55.119] [bmv2] [D] [thread 91956] [64.0] [cxt 0] Table 'MyIngress.ipv6_lpm': miss
[00:36:55.119] [bmv2] [D] [thread 91956] [64.0] [cxt 0] Action entry is NoAction - 
[00:36:55.119] [bmv2] [T] [thread 91956] [64.0] [cxt 0] Action NoAction
[00:36:55.119] [bmv2] [D] [thread 91956] [64.0] [cxt 0] Pipeline 'ingress': end
[00:36:55.119] [bmv2] [D] [thread 91956] [64.0] [cxt 0] Egress port is 0
[00:36:55.119] [bmv2] [D] [thread 91957] [64.0] [cxt 0] Pipeline 'egress': start
[00:36:55.119] [bmv2] [T] [thread 91957] [64.0] [cxt 0] basic.p4(684) Condition "standard_metadata.mcast_grp != 0" (node_28) is false
[00:36:55.119] [bmv2] [D] [thread 91957] [64.0] [cxt 0] Pipeline 'egress': end
[00:36:55.119] [bmv2] [D] [thread 91957] [64.0] [cxt 0] Deparser 'deparser': start
[00:36:55.119] [bmv2] [T] [thread 91957] [64.0] [cxt 0] Skipping checksum 'cksum' update because condition not met
[00:36:55.119] [bmv2] [D] [thread 91957] [64.0] [cxt 0] Deparsing header 'ethernet'
[00:36:55.119] [bmv2] [D] [thread 91957] [64.0] [cxt 0] Deparsing header 'ipv6'
[00:36:55.119] [bmv2] [D] [thread 91957] [64.0] [cxt 0] Deparser 'deparser': end
[00:36:55.119] [bmv2] [D] [thread 91961] [64.0] [cxt 0] Transmitting packet of size 203 out of port 0
[00:36:55.247] [bmv2] [D] [thread 91956] [65.0] [cxt 0] Processing packet received on port 1
[00:36:55.247] [bmv2] [D] [thread 91956] [65.0] [cxt 0] Parser 'parser': start
[00:36:55.247] [bmv2] [D] [thread 91956] [65.0] [cxt 0] Parser 'parser' entering state 'start'
[00:36:55.247] [bmv2] [D] [thread 91956] [65.0] [cxt 0] Extracting header 'ethernet'
[00:36:55.247] [bmv2] [D] [thread 91956] [65.0] [cxt 0] Parser state 'start': key is 86dd
[00:36:55.247] [bmv2] [T] [thread 91956] [65.0] [cxt 0] Bytes parsed: 14
[00:36:55.247] [bmv2] [D] [thread 91956] [65.0] [cxt 0] Parser 'parser' entering state 'parse_ipv6'
[00:36:55.247] [bmv2] [D] [thread 91956] [65.0] [cxt 0] Extracting header 'ipv6'
[00:36:55.247] [bmv2] [D] [thread 91956] [65.0] [cxt 0] Parser state 'parse_ipv6': key is 11
[00:36:55.247] [bmv2] [T] [thread 91956] [65.0] [cxt 0] Bytes parsed: 54
[00:36:55.247] [bmv2] [D] [thread 91956] [65.0] [cxt 0] Parser 'parser': end
[00:36:55.247] [bmv2] [D] [thread 91956] [65.0] [cxt 0] Pipeline 'ingress': start
[00:36:55.247] [bmv2] [T] [thread 91956] [65.0] [cxt 0] basic.p4(560) Condition "hdr.ethernet.etherType == TYPE_ARP" (node_2) is false
[00:36:55.247] [bmv2] [T] [thread 91956] [65.0] [cxt 0] basic.p4(563) Condition "hdr.ethernet.etherType == TYPE_SRCROUTING" (node_4) is false
[00:36:55.247] [bmv2] [T] [thread 91956] [65.0] [cxt 0] basic.p4(576) Condition "hdr.ethernet.etherType == TYPE_YEQUDESU" (node_12) is false
[00:36:55.247] [bmv2] [T] [thread 91956] [65.0] [cxt 0] basic.p4(582) Condition "hdr.vxlan.isValid()" (node_15) is false
[00:36:55.247] [bmv2] [T] [thread 91956] [65.0] [cxt 0] basic.p4(586) Condition "hdr.ipv6.isValid()" (node_17) is true
[00:36:55.247] [bmv2] [T] [thread 91956] [65.0] [cxt 0] Applying table 'MyIngress.ipv6_lpm'
[00:36:55.247] [bmv2] [D] [thread 91956] [65.0] [cxt 0] Looking up key:
* hdr.ipv6.dstAddr    : ff0200000000000000000000000000fb

[00:36:55.247] [bmv2] [D] [thread 91956] [65.0] [cxt 0] Table 'MyIngress.ipv6_lpm': miss
[00:36:55.247] [bmv2] [D] [thread 91956] [65.0] [cxt 0] Action entry is NoAction - 
[00:36:55.247] [bmv2] [T] [thread 91956] [65.0] [cxt 0] Action NoAction
[00:36:55.247] [bmv2] [D] [thread 91956] [65.0] [cxt 0] Pipeline 'ingress': end
[00:36:55.247] [bmv2] [D] [thread 91956] [65.0] [cxt 0] Egress port is 0
[00:36:55.247] [bmv2] [D] [thread 91957] [65.0] [cxt 0] Pipeline 'egress': start
[00:36:55.247] [bmv2] [T] [thread 91957] [65.0] [cxt 0] basic.p4(684) Condition "standard_metadata.mcast_grp != 0" (node_28) is false
[00:36:55.247] [bmv2] [D] [thread 91957] [65.0] [cxt 0] Pipeline 'egress': end
[00:36:55.247] [bmv2] [D] [thread 91957] [65.0] [cxt 0] Deparser 'deparser': start
[00:36:55.247] [bmv2] [T] [thread 91957] [65.0] [cxt 0] Skipping checksum 'cksum' update because condition not met
[00:36:55.247] [bmv2] [D] [thread 91957] [65.0] [cxt 0] Deparsing header 'ethernet'
[00:36:55.247] [bmv2] [D] [thread 91957] [65.0] [cxt 0] Deparsing header 'ipv6'
[00:36:55.247] [bmv2] [D] [thread 91957] [65.0] [cxt 0] Deparser 'deparser': end
[00:36:55.247] [bmv2] [D] [thread 91961] [65.0] [cxt 0] Transmitting packet of size 203 out of port 0
[00:36:55.567] [bmv2] [D] [thread 91956] [66.0] [cxt 0] Processing packet received on port 2
[00:36:55.567] [bmv2] [D] [thread 91956] [66.0] [cxt 0] Parser 'parser': start
[00:36:55.567] [bmv2] [D] [thread 91956] [66.0] [cxt 0] Parser 'parser' entering state 'start'
[00:36:55.567] [bmv2] [D] [thread 91956] [66.0] [cxt 0] Extracting header 'ethernet'
[00:36:55.567] [bmv2] [D] [thread 91956] [66.0] [cxt 0] Parser state 'start': key is 86dd
[00:36:55.567] [bmv2] [T] [thread 91956] [66.0] [cxt 0] Bytes parsed: 14
[00:36:55.567] [bmv2] [D] [thread 91956] [66.0] [cxt 0] Parser 'parser' entering state 'parse_ipv6'
[00:36:55.567] [bmv2] [D] [thread 91956] [66.0] [cxt 0] Extracting header 'ipv6'
[00:36:55.567] [bmv2] [D] [thread 91956] [66.0] [cxt 0] Parser state 'parse_ipv6': key is 11
[00:36:55.567] [bmv2] [T] [thread 91956] [66.0] [cxt 0] Bytes parsed: 54
[00:36:55.567] [bmv2] [D] [thread 91956] [66.0] [cxt 0] Parser 'parser': end
[00:36:55.567] [bmv2] [D] [thread 91956] [66.0] [cxt 0] Pipeline 'ingress': start
[00:36:55.567] [bmv2] [T] [thread 91956] [66.0] [cxt 0] basic.p4(560) Condition "hdr.ethernet.etherType == TYPE_ARP" (node_2) is false
[00:36:55.567] [bmv2] [T] [thread 91956] [66.0] [cxt 0] basic.p4(563) Condition "hdr.ethernet.etherType == TYPE_SRCROUTING" (node_4) is false
[00:36:55.567] [bmv2] [T] [thread 91956] [66.0] [cxt 0] basic.p4(576) Condition "hdr.ethernet.etherType == TYPE_YEQUDESU" (node_12) is false
[00:36:55.567] [bmv2] [T] [thread 91956] [66.0] [cxt 0] basic.p4(582) Condition "hdr.vxlan.isValid()" (node_15) is false
[00:36:55.567] [bmv2] [T] [thread 91956] [66.0] [cxt 0] basic.p4(586) Condition "hdr.ipv6.isValid()" (node_17) is true
[00:36:55.567] [bmv2] [T] [thread 91956] [66.0] [cxt 0] Applying table 'MyIngress.ipv6_lpm'
[00:36:55.567] [bmv2] [D] [thread 91956] [66.0] [cxt 0] Looking up key:
* hdr.ipv6.dstAddr    : ff0200000000000000000000000000fb

[00:36:55.567] [bmv2] [D] [thread 91956] [66.0] [cxt 0] Table 'MyIngress.ipv6_lpm': miss
[00:36:55.567] [bmv2] [D] [thread 91956] [66.0] [cxt 0] Action entry is NoAction - 
[00:36:55.567] [bmv2] [T] [thread 91956] [66.0] [cxt 0] Action NoAction
[00:36:55.567] [bmv2] [D] [thread 91956] [66.0] [cxt 0] Pipeline 'ingress': end
[00:36:55.567] [bmv2] [D] [thread 91956] [66.0] [cxt 0] Egress port is 0
[00:36:55.567] [bmv2] [D] [thread 91957] [66.0] [cxt 0] Pipeline 'egress': start
[00:36:55.567] [bmv2] [T] [thread 91957] [66.0] [cxt 0] basic.p4(684) Condition "standard_metadata.mcast_grp != 0" (node_28) is false
[00:36:55.567] [bmv2] [D] [thread 91957] [66.0] [cxt 0] Pipeline 'egress': end
[00:36:55.567] [bmv2] [D] [thread 91957] [66.0] [cxt 0] Deparser 'deparser': start
[00:36:55.567] [bmv2] [T] [thread 91957] [66.0] [cxt 0] Skipping checksum 'cksum' update because condition not met
[00:36:55.567] [bmv2] [D] [thread 91957] [66.0] [cxt 0] Deparsing header 'ethernet'
[00:36:55.567] [bmv2] [D] [thread 91957] [66.0] [cxt 0] Deparsing header 'ipv6'
[00:36:55.567] [bmv2] [D] [thread 91957] [66.0] [cxt 0] Deparser 'deparser': end
[00:36:55.567] [bmv2] [D] [thread 91961] [66.0] [cxt 0] Transmitting packet of size 203 out of port 0
[00:37:00.132] [bmv2] [D] [thread 91956] [67.0] [cxt 0] Processing packet received on port 1
[00:37:00.132] [bmv2] [D] [thread 91956] [67.0] [cxt 0] Parser 'parser': start
[00:37:00.132] [bmv2] [D] [thread 91956] [67.0] [cxt 0] Parser 'parser' entering state 'start'
[00:37:00.132] [bmv2] [D] [thread 91956] [67.0] [cxt 0] Extracting header 'ethernet'
[00:37:00.132] [bmv2] [D] [thread 91956] [67.0] [cxt 0] Parser state 'start': key is 0800
[00:37:00.132] [bmv2] [T] [thread 91956] [67.0] [cxt 0] Bytes parsed: 14
[00:37:00.132] [bmv2] [D] [thread 91956] [67.0] [cxt 0] Parser 'parser' entering state 'parse_ipv4'
[00:37:00.132] [bmv2] [D] [thread 91956] [67.0] [cxt 0] Extracting header 'ipv4'
[00:37:00.132] [bmv2] [D] [thread 91956] [67.0] [cxt 0] Parser state 'parse_ipv4': key is 06
[00:37:00.132] [bmv2] [T] [thread 91956] [67.0] [cxt 0] Bytes parsed: 34
[00:37:00.132] [bmv2] [D] [thread 91956] [67.0] [cxt 0] Parser 'parser': end
[00:37:00.132] [bmv2] [D] [thread 91956] [67.0] [cxt 0] Pipeline 'ingress': start
[00:37:00.132] [bmv2] [T] [thread 91956] [67.0] [cxt 0] basic.p4(560) Condition "hdr.ethernet.etherType == TYPE_ARP" (node_2) is false
[00:37:00.132] [bmv2] [T] [thread 91956] [67.0] [cxt 0] basic.p4(563) Condition "hdr.ethernet.etherType == TYPE_SRCROUTING" (node_4) is false
[00:37:00.132] [bmv2] [T] [thread 91956] [67.0] [cxt 0] basic.p4(576) Condition "hdr.ethernet.etherType == TYPE_YEQUDESU" (node_12) is false
[00:37:00.132] [bmv2] [T] [thread 91956] [67.0] [cxt 0] basic.p4(582) Condition "hdr.vxlan.isValid()" (node_15) is false
[00:37:00.132] [bmv2] [T] [thread 91956] [67.0] [cxt 0] basic.p4(586) Condition "hdr.ipv6.isValid()" (node_17) is false
[00:37:00.132] [bmv2] [T] [thread 91956] [67.0] [cxt 0] basic.p4(590) Condition "hdr.ipv4.isValid()" (node_19) is true
[00:37:00.132] [bmv2] [T] [thread 91956] [67.0] [cxt 0] basic.p4(592) Condition "hdr.udp.isValid() && hdr.udp.dstPort == VXLAN_PORT" (node_20) is false
[00:37:00.132] [bmv2] [T] [thread 91956] [67.0] [cxt 0] Applying table 'MyIngress.modality_schedule'
[00:37:00.132] [bmv2] [D] [thread 91956] [67.0] [cxt 0] Looking up key:
* hdr.ipv4.dstAddr    : 0a000202

[00:37:00.132] [bmv2] [D] [thread 91956] [67.0] [cxt 0] Table 'MyIngress.modality_schedule': miss
[00:37:00.132] [bmv2] [D] [thread 91956] [67.0] [cxt 0] Action entry is NoAction - 
[00:37:00.132] [bmv2] [T] [thread 91956] [67.0] [cxt 0] Action NoAction
[00:37:00.132] [bmv2] [T] [thread 91956] [67.0] [cxt 0] basic.p4(597) Condition "meta.do_multimodal == 0" (node_23) is true
[00:37:00.132] [bmv2] [T] [thread 91956] [67.0] [cxt 0] Applying table 'MyIngress.adjudication'
[00:37:00.132] [bmv2] [D] [thread 91956] [67.0] [cxt 0] Looking up key:
* hdr.ipv4.dstAddr    : 0a000202

[00:37:00.133] [bmv2] [D] [thread 91956] [67.0] [cxt 0] Table 'MyIngress.adjudication': miss
[00:37:00.133] [bmv2] [D] [thread 91956] [67.0] [cxt 0] Action entry is NoAction - 
[00:37:00.133] [bmv2] [T] [thread 91956] [67.0] [cxt 0] Action NoAction
[00:37:00.133] [bmv2] [T] [thread 91956] [67.0] [cxt 0] Applying table 'MyIngress.ipv4_lpm'
[00:37:00.133] [bmv2] [D] [thread 91956] [67.0] [cxt 0] Looking up key:
* hdr.ipv4.dstAddr    : 0a000202

[00:37:00.133] [bmv2] [D] [thread 91956] [67.0] [cxt 0] Table 'MyIngress.ipv4_lpm': hit with handle 0
[00:37:00.133] [bmv2] [D] [thread 91956] [67.0] [cxt 0] Dumping entry 0
Match key:
* hdr.ipv4.dstAddr    : LPM       0a000202/32
Action entry: MyIngress.ipv4_forward - ffffffffffff,2,

[00:37:00.133] [bmv2] [D] [thread 91956] [67.0] [cxt 0] Action entry is MyIngress.ipv4_forward - ffffffffffff,2,
[00:37:00.133] [bmv2] [T] [thread 91956] [67.0] [cxt 0] Action MyIngress.ipv4_forward
[00:37:00.133] [bmv2] [T] [thread 91956] [67.0] [cxt 0] basic.p4(236) Primitive standard_metadata.egress_spec = port
[00:37:00.133] [bmv2] [T] [thread 91956] [67.0] [cxt 0] basic.p4(237) Primitive hdr.ethernet.srcAddr = hdr.ethernet.dstAddr
[00:37:00.133] [bmv2] [T] [thread 91956] [67.0] [cxt 0] basic.p4(238) Primitive hdr.ethernet.dstAddr = dstAddr
[00:37:00.133] [bmv2] [T] [thread 91956] [67.0] [cxt 0] basic.p4(239) Primitive hdr.ipv4.ttl = hdr.ipv4.ttl - 1
[00:37:00.133] [bmv2] [D] [thread 91956] [67.0] [cxt 0] Pipeline 'ingress': end
[00:37:00.133] [bmv2] [D] [thread 91956] [67.0] [cxt 0] Egress port is 2
[00:37:00.133] [bmv2] [D] [thread 91959] [67.0] [cxt 0] Pipeline 'egress': start
[00:37:00.133] [bmv2] [T] [thread 91959] [67.0] [cxt 0] basic.p4(684) Condition "standard_metadata.mcast_grp != 0" (node_28) is false
[00:37:00.133] [bmv2] [D] [thread 91959] [67.0] [cxt 0] Pipeline 'egress': end
[00:37:00.133] [bmv2] [D] [thread 91959] [67.0] [cxt 0] Deparser 'deparser': start
[00:37:00.133] [bmv2] [D] [thread 91959] [67.0] [cxt 0] Updating checksum 'cksum'
[00:37:00.133] [bmv2] [D] [thread 91959] [67.0] [cxt 0] Deparsing header 'ethernet'
[00:37:00.133] [bmv2] [D] [thread 91959] [67.0] [cxt 0] Deparsing header 'ipv4'
[00:37:00.133] [bmv2] [D] [thread 91959] [67.0] [cxt 0] Deparser 'deparser': end
[00:37:00.133] [bmv2] [D] [thread 91961] [67.0] [cxt 0] Transmitting packet of size 64 out of port 2
[00:37:00.136] [bmv2] [D] [thread 91956] [68.0] [cxt 0] Processing packet received on port 2
[00:37:00.136] [bmv2] [D] [thread 91956] [68.0] [cxt 0] Parser 'parser': start
[00:37:00.136] [bmv2] [D] [thread 91956] [68.0] [cxt 0] Parser 'parser' entering state 'start'
[00:37:00.136] [bmv2] [D] [thread 91956] [68.0] [cxt 0] Extracting header 'ethernet'
[00:37:00.136] [bmv2] [D] [thread 91956] [68.0] [cxt 0] Parser state 'start': key is 0800
[00:37:00.136] [bmv2] [T] [thread 91956] [68.0] [cxt 0] Bytes parsed: 14
[00:37:00.136] [bmv2] [D] [thread 91956] [68.0] [cxt 0] Parser 'parser' entering state 'parse_ipv4'
[00:37:00.136] [bmv2] [D] [thread 91956] [68.0] [cxt 0] Extracting header 'ipv4'
[00:37:00.136] [bmv2] [D] [thread 91956] [68.0] [cxt 0] Parser state 'parse_ipv4': key is 06
[00:37:00.136] [bmv2] [T] [thread 91956] [68.0] [cxt 0] Bytes parsed: 34
[00:37:00.136] [bmv2] [D] [thread 91956] [68.0] [cxt 0] Parser 'parser': end
[00:37:00.136] [bmv2] [D] [thread 91956] [68.0] [cxt 0] Pipeline 'ingress': start
[00:37:00.136] [bmv2] [T] [thread 91956] [68.0] [cxt 0] basic.p4(560) Condition "hdr.ethernet.etherType == TYPE_ARP" (node_2) is false
[00:37:00.136] [bmv2] [T] [thread 91956] [68.0] [cxt 0] basic.p4(563) Condition "hdr.ethernet.etherType == TYPE_SRCROUTING" (node_4) is false
[00:37:00.136] [bmv2] [T] [thread 91956] [68.0] [cxt 0] basic.p4(576) Condition "hdr.ethernet.etherType == TYPE_YEQUDESU" (node_12) is false
[00:37:00.136] [bmv2] [T] [thread 91956] [68.0] [cxt 0] basic.p4(582) Condition "hdr.vxlan.isValid()" (node_15) is false
[00:37:00.136] [bmv2] [T] [thread 91956] [68.0] [cxt 0] basic.p4(586) Condition "hdr.ipv6.isValid()" (node_17) is false
[00:37:00.136] [bmv2] [T] [thread 91956] [68.0] [cxt 0] basic.p4(590) Condition "hdr.ipv4.isValid()" (node_19) is true
[00:37:00.136] [bmv2] [T] [thread 91956] [68.0] [cxt 0] basic.p4(592) Condition "hdr.udp.isValid() && hdr.udp.dstPort == VXLAN_PORT" (node_20) is false
[00:37:00.136] [bmv2] [T] [thread 91956] [68.0] [cxt 0] Applying table 'MyIngress.modality_schedule'
[00:37:00.136] [bmv2] [D] [thread 91956] [68.0] [cxt 0] Looking up key:
* hdr.ipv4.dstAddr    : 0a000101

[00:37:00.136] [bmv2] [D] [thread 91956] [68.0] [cxt 0] Table 'MyIngress.modality_schedule': miss
[00:37:00.136] [bmv2] [D] [thread 91956] [68.0] [cxt 0] Action entry is NoAction - 
[00:37:00.136] [bmv2] [T] [thread 91956] [68.0] [cxt 0] Action NoAction
[00:37:00.136] [bmv2] [T] [thread 91956] [68.0] [cxt 0] basic.p4(597) Condition "meta.do_multimodal == 0" (node_23) is true
[00:37:00.136] [bmv2] [T] [thread 91956] [68.0] [cxt 0] Applying table 'MyIngress.adjudication'
[00:37:00.136] [bmv2] [D] [thread 91956] [68.0] [cxt 0] Looking up key:
* hdr.ipv4.dstAddr    : 0a000101

[00:37:00.136] [bmv2] [D] [thread 91956] [68.0] [cxt 0] Table 'MyIngress.adjudication': miss
[00:37:00.136] [bmv2] [D] [thread 91956] [68.0] [cxt 0] Action entry is NoAction - 
[00:37:00.136] [bmv2] [T] [thread 91956] [68.0] [cxt 0] Action NoAction
[00:37:00.136] [bmv2] [T] [thread 91956] [68.0] [cxt 0] Applying table 'MyIngress.ipv4_lpm'
[00:37:00.136] [bmv2] [D] [thread 91956] [68.0] [cxt 0] Looking up key:
* hdr.ipv4.dstAddr    : 0a000101

[00:37:00.136] [bmv2] [D] [thread 91956] [68.0] [cxt 0] Table 'MyIngress.ipv4_lpm': hit with handle 2
[00:37:00.136] [bmv2] [D] [thread 91956] [68.0] [cxt 0] Dumping entry 2
Match key:
* hdr.ipv4.dstAddr    : LPM       0a000101/32
Action entry: MyIngress.ipv4_forward - ffffffffffff,1,

[00:37:00.136] [bmv2] [D] [thread 91956] [68.0] [cxt 0] Action entry is MyIngress.ipv4_forward - ffffffffffff,1,
[00:37:00.136] [bmv2] [T] [thread 91956] [68.0] [cxt 0] Action MyIngress.ipv4_forward
[00:37:00.136] [bmv2] [T] [thread 91956] [68.0] [cxt 0] basic.p4(236) Primitive standard_metadata.egress_spec = port
[00:37:00.136] [bmv2] [T] [thread 91956] [68.0] [cxt 0] basic.p4(237) Primitive hdr.ethernet.srcAddr = hdr.ethernet.dstAddr
[00:37:00.136] [bmv2] [T] [thread 91956] [68.0] [cxt 0] basic.p4(238) Primitive hdr.ethernet.dstAddr = dstAddr
[00:37:00.136] [bmv2] [T] [thread 91956] [68.0] [cxt 0] basic.p4(239) Primitive hdr.ipv4.ttl = hdr.ipv4.ttl - 1
[00:37:00.136] [bmv2] [D] [thread 91956] [68.0] [cxt 0] Pipeline 'ingress': end
[00:37:00.136] [bmv2] [D] [thread 91956] [68.0] [cxt 0] Egress port is 1
[00:37:00.137] [bmv2] [D] [thread 91958] [68.0] [cxt 0] Pipeline 'egress': start
[00:37:00.137] [bmv2] [T] [thread 91958] [68.0] [cxt 0] basic.p4(684) Condition "standard_metadata.mcast_grp != 0" (node_28) is false
[00:37:00.137] [bmv2] [D] [thread 91958] [68.0] [cxt 0] Pipeline 'egress': end
[00:37:00.137] [bmv2] [D] [thread 91958] [68.0] [cxt 0] Deparser 'deparser': start
[00:37:00.137] [bmv2] [D] [thread 91958] [68.0] [cxt 0] Updating checksum 'cksum'
[00:37:00.137] [bmv2] [D] [thread 91958] [68.0] [cxt 0] Deparsing header 'ethernet'
[00:37:00.137] [bmv2] [D] [thread 91958] [68.0] [cxt 0] Deparsing header 'ipv4'
[00:37:00.137] [bmv2] [D] [thread 91958] [68.0] [cxt 0] Deparser 'deparser': end
[00:37:00.137] [bmv2] [D] [thread 91961] [68.0] [cxt 0] Transmitting packet of size 54 out of port 1
[00:37:00.137] [bmv2] [D] [thread 91956] [69.0] [cxt 0] Processing packet received on port 2
[00:37:00.137] [bmv2] [D] [thread 91956] [69.0] [cxt 0] Parser 'parser': start
[00:37:00.137] [bmv2] [D] [thread 91956] [69.0] [cxt 0] Parser 'parser' entering state 'start'
[00:37:00.137] [bmv2] [D] [thread 91956] [69.0] [cxt 0] Extracting header 'ethernet'
[00:37:00.137] [bmv2] [D] [thread 91956] [69.0] [cxt 0] Parser state 'start': key is 0800
[00:37:00.138] [bmv2] [T] [thread 91956] [69.0] [cxt 0] Bytes parsed: 14
[00:37:00.138] [bmv2] [D] [thread 91956] [69.0] [cxt 0] Parser 'parser' entering state 'parse_ipv4'
[00:37:00.138] [bmv2] [D] [thread 91956] [69.0] [cxt 0] Extracting header 'ipv4'
[00:37:00.138] [bmv2] [D] [thread 91956] [69.0] [cxt 0] Parser state 'parse_ipv4': key is 06
[00:37:00.138] [bmv2] [T] [thread 91956] [69.0] [cxt 0] Bytes parsed: 34
[00:37:00.138] [bmv2] [D] [thread 91956] [69.0] [cxt 0] Parser 'parser': end
[00:37:00.138] [bmv2] [D] [thread 91956] [69.0] [cxt 0] Pipeline 'ingress': start
[00:37:00.138] [bmv2] [T] [thread 91956] [69.0] [cxt 0] basic.p4(560) Condition "hdr.ethernet.etherType == TYPE_ARP" (node_2) is false
[00:37:00.138] [bmv2] [T] [thread 91956] [69.0] [cxt 0] basic.p4(563) Condition "hdr.ethernet.etherType == TYPE_SRCROUTING" (node_4) is false
[00:37:00.138] [bmv2] [T] [thread 91956] [69.0] [cxt 0] basic.p4(576) Condition "hdr.ethernet.etherType == TYPE_YEQUDESU" (node_12) is false
[00:37:00.138] [bmv2] [T] [thread 91956] [69.0] [cxt 0] basic.p4(582) Condition "hdr.vxlan.isValid()" (node_15) is false
[00:37:00.138] [bmv2] [T] [thread 91956] [69.0] [cxt 0] basic.p4(586) Condition "hdr.ipv6.isValid()" (node_17) is false
[00:37:00.138] [bmv2] [T] [thread 91956] [69.0] [cxt 0] basic.p4(590) Condition "hdr.ipv4.isValid()" (node_19) is true
[00:37:00.138] [bmv2] [T] [thread 91956] [69.0] [cxt 0] basic.p4(592) Condition "hdr.udp.isValid() && hdr.udp.dstPort == VXLAN_PORT" (node_20) is false
[00:37:00.138] [bmv2] [T] [thread 91956] [69.0] [cxt 0] Applying table 'MyIngress.modality_schedule'
[00:37:00.138] [bmv2] [D] [thread 91956] [69.0] [cxt 0] Looking up key:
* hdr.ipv4.dstAddr    : 0a000101

[00:37:00.138] [bmv2] [D] [thread 91956] [69.0] [cxt 0] Table 'MyIngress.modality_schedule': miss
[00:37:00.138] [bmv2] [D] [thread 91956] [69.0] [cxt 0] Action entry is NoAction - 
[00:37:00.138] [bmv2] [T] [thread 91956] [69.0] [cxt 0] Action NoAction
[00:37:00.138] [bmv2] [T] [thread 91956] [69.0] [cxt 0] basic.p4(597) Condition "meta.do_multimodal == 0" (node_23) is true
[00:37:00.138] [bmv2] [T] [thread 91956] [69.0] [cxt 0] Applying table 'MyIngress.adjudication'
[00:37:00.138] [bmv2] [D] [thread 91956] [69.0] [cxt 0] Looking up key:
* hdr.ipv4.dstAddr    : 0a000101

[00:37:00.138] [bmv2] [D] [thread 91956] [69.0] [cxt 0] Table 'MyIngress.adjudication': miss
[00:37:00.138] [bmv2] [D] [thread 91956] [69.0] [cxt 0] Action entry is NoAction - 
[00:37:00.138] [bmv2] [T] [thread 91956] [69.0] [cxt 0] Action NoAction
[00:37:00.138] [bmv2] [T] [thread 91956] [69.0] [cxt 0] Applying table 'MyIngress.ipv4_lpm'
[00:37:00.138] [bmv2] [D] [thread 91956] [69.0] [cxt 0] Looking up key:
* hdr.ipv4.dstAddr    : 0a000101

[00:37:00.138] [bmv2] [D] [thread 91956] [69.0] [cxt 0] Table 'MyIngress.ipv4_lpm': hit with handle 2
[00:37:00.138] [bmv2] [D] [thread 91956] [69.0] [cxt 0] Dumping entry 2
Match key:
* hdr.ipv4.dstAddr    : LPM       0a000101/32
Action entry: MyIngress.ipv4_forward - ffffffffffff,1,

[00:37:00.138] [bmv2] [D] [thread 91956] [69.0] [cxt 0] Action entry is MyIngress.ipv4_forward - ffffffffffff,1,
[00:37:00.138] [bmv2] [T] [thread 91956] [69.0] [cxt 0] Action MyIngress.ipv4_forward
[00:37:00.138] [bmv2] [T] [thread 91956] [69.0] [cxt 0] basic.p4(236) Primitive standard_metadata.egress_spec = port
[00:37:00.138] [bmv2] [T] [thread 91956] [69.0] [cxt 0] basic.p4(237) Primitive hdr.ethernet.srcAddr = hdr.ethernet.dstAddr
[00:37:00.138] [bmv2] [T] [thread 91956] [69.0] [cxt 0] basic.p4(238) Primitive hdr.ethernet.dstAddr = dstAddr
[00:37:00.138] [bmv2] [T] [thread 91956] [69.0] [cxt 0] basic.p4(239) Primitive hdr.ipv4.ttl = hdr.ipv4.ttl - 1
[00:37:00.138] [bmv2] [D] [thread 91956] [69.0] [cxt 0] Pipeline 'ingress': end
[00:37:00.138] [bmv2] [D] [thread 91956] [69.0] [cxt 0] Egress port is 1
[00:37:00.138] [bmv2] [D] [thread 91958] [69.0] [cxt 0] Pipeline 'egress': start
[00:37:00.138] [bmv2] [T] [thread 91958] [69.0] [cxt 0] basic.p4(684) Condition "standard_metadata.mcast_grp != 0" (node_28) is false
[00:37:00.138] [bmv2] [D] [thread 91958] [69.0] [cxt 0] Pipeline 'egress': end
[00:37:00.138] [bmv2] [D] [thread 91958] [69.0] [cxt 0] Deparser 'deparser': start
[00:37:00.138] [bmv2] [D] [thread 91958] [69.0] [cxt 0] Updating checksum 'cksum'
[00:37:00.138] [bmv2] [D] [thread 91958] [69.0] [cxt 0] Deparsing header 'ethernet'
[00:37:00.138] [bmv2] [D] [thread 91958] [69.0] [cxt 0] Deparsing header 'ipv4'
[00:37:00.138] [bmv2] [D] [thread 91958] [69.0] [cxt 0] Deparser 'deparser': end
[00:37:00.138] [bmv2] [D] [thread 91961] [69.0] [cxt 0] Transmitting packet of size 54 out of port 1
[00:37:06.189] [bmv2] [D] [thread 91956] [70.0] [cxt 0] Processing packet received on port 1
[00:37:06.190] [bmv2] [D] [thread 91956] [70.0] [cxt 0] Parser 'parser': start
[00:37:06.190] [bmv2] [D] [thread 91956] [70.0] [cxt 0] Parser 'parser' entering state 'start'
[00:37:06.190] [bmv2] [D] [thread 91956] [70.0] [cxt 0] Extracting header 'ethernet'
[00:37:06.190] [bmv2] [D] [thread 91956] [70.0] [cxt 0] Parser state 'start': key is 86dd
[00:37:06.190] [bmv2] [T] [thread 91956] [70.0] [cxt 0] Bytes parsed: 14
[00:37:06.190] [bmv2] [D] [thread 91956] [70.0] [cxt 0] Parser 'parser' entering state 'parse_ipv6'
[00:37:06.190] [bmv2] [D] [thread 91956] [70.0] [cxt 0] Extracting header 'ipv6'
[00:37:06.190] [bmv2] [D] [thread 91956] [70.0] [cxt 0] Parser state 'parse_ipv6': key is 3a
[00:37:06.190] [bmv2] [T] [thread 91956] [70.0] [cxt 0] Bytes parsed: 54
[00:37:06.190] [bmv2] [D] [thread 91956] [70.0] [cxt 0] Parser 'parser': end
[00:37:06.190] [bmv2] [D] [thread 91956] [70.0] [cxt 0] Pipeline 'ingress': start
[00:37:06.190] [bmv2] [T] [thread 91956] [70.0] [cxt 0] basic.p4(560) Condition "hdr.ethernet.etherType == TYPE_ARP" (node_2) is false
[00:37:06.190] [bmv2] [T] [thread 91956] [70.0] [cxt 0] basic.p4(563) Condition "hdr.ethernet.etherType == TYPE_SRCROUTING" (node_4) is false
[00:37:06.190] [bmv2] [T] [thread 91956] [70.0] [cxt 0] basic.p4(576) Condition "hdr.ethernet.etherType == TYPE_YEQUDESU" (node_12) is false
[00:37:06.190] [bmv2] [T] [thread 91956] [70.0] [cxt 0] basic.p4(582) Condition "hdr.vxlan.isValid()" (node_15) is false
[00:37:06.190] [bmv2] [T] [thread 91956] [70.0] [cxt 0] basic.p4(586) Condition "hdr.ipv6.isValid()" (node_17) is true
[00:37:06.190] [bmv2] [T] [thread 91956] [70.0] [cxt 0] Applying table 'MyIngress.ipv6_lpm'
[00:37:06.190] [bmv2] [D] [thread 91956] [70.0] [cxt 0] Looking up key:
* hdr.ipv6.dstAddr    : ff020000000000000000000000000002

[00:37:06.190] [bmv2] [D] [thread 91956] [70.0] [cxt 0] Table 'MyIngress.ipv6_lpm': miss
[00:37:06.190] [bmv2] [D] [thread 91956] [70.0] [cxt 0] Action entry is NoAction - 
[00:37:06.190] [bmv2] [T] [thread 91956] [70.0] [cxt 0] Action NoAction
[00:37:06.190] [bmv2] [D] [thread 91956] [70.0] [cxt 0] Pipeline 'ingress': end
[00:37:06.190] [bmv2] [D] [thread 91956] [70.0] [cxt 0] Egress port is 0
[00:37:06.190] [bmv2] [D] [thread 91957] [70.0] [cxt 0] Pipeline 'egress': start
[00:37:06.190] [bmv2] [T] [thread 91957] [70.0] [cxt 0] basic.p4(684) Condition "standard_metadata.mcast_grp != 0" (node_28) is false
[00:37:06.190] [bmv2] [D] [thread 91957] [70.0] [cxt 0] Pipeline 'egress': end
[00:37:06.190] [bmv2] [D] [thread 91957] [70.0] [cxt 0] Deparser 'deparser': start
[00:37:06.190] [bmv2] [T] [thread 91957] [70.0] [cxt 0] Skipping checksum 'cksum' update because condition not met
[00:37:06.190] [bmv2] [D] [thread 91957] [70.0] [cxt 0] Deparsing header 'ethernet'
[00:37:06.190] [bmv2] [D] [thread 91957] [70.0] [cxt 0] Deparsing header 'ipv6'
[00:37:06.190] [bmv2] [D] [thread 91957] [70.0] [cxt 0] Deparser 'deparser': end
[00:37:06.190] [bmv2] [D] [thread 91961] [70.0] [cxt 0] Transmitting packet of size 70 out of port 0
[00:37:10.286] [bmv2] [D] [thread 91956] [71.0] [cxt 0] Processing packet received on port 2
[00:37:10.286] [bmv2] [D] [thread 91956] [71.0] [cxt 0] Parser 'parser': start
[00:37:10.286] [bmv2] [D] [thread 91956] [71.0] [cxt 0] Parser 'parser' entering state 'start'
[00:37:10.286] [bmv2] [D] [thread 91956] [71.0] [cxt 0] Extracting header 'ethernet'
[00:37:10.286] [bmv2] [D] [thread 91956] [71.0] [cxt 0] Parser state 'start': key is 86dd
[00:37:10.286] [bmv2] [T] [thread 91956] [71.0] [cxt 0] Bytes parsed: 14
[00:37:10.286] [bmv2] [D] [thread 91956] [71.0] [cxt 0] Parser 'parser' entering state 'parse_ipv6'
[00:37:10.286] [bmv2] [D] [thread 91956] [71.0] [cxt 0] Extracting header 'ipv6'
[00:37:10.286] [bmv2] [D] [thread 91956] [71.0] [cxt 0] Parser state 'parse_ipv6': key is 3a
[00:37:10.286] [bmv2] [T] [thread 91956] [71.0] [cxt 0] Bytes parsed: 54
[00:37:10.286] [bmv2] [D] [thread 91956] [71.0] [cxt 0] Parser 'parser': end
[00:37:10.286] [bmv2] [D] [thread 91956] [71.0] [cxt 0] Pipeline 'ingress': start
[00:37:10.286] [bmv2] [T] [thread 91956] [71.0] [cxt 0] basic.p4(560) Condition "hdr.ethernet.etherType == TYPE_ARP" (node_2) is false
[00:37:10.286] [bmv2] [T] [thread 91956] [71.0] [cxt 0] basic.p4(563) Condition "hdr.ethernet.etherType == TYPE_SRCROUTING" (node_4) is false
[00:37:10.286] [bmv2] [T] [thread 91956] [71.0] [cxt 0] basic.p4(576) Condition "hdr.ethernet.etherType == TYPE_YEQUDESU" (node_12) is false
[00:37:10.286] [bmv2] [T] [thread 91956] [71.0] [cxt 0] basic.p4(582) Condition "hdr.vxlan.isValid()" (node_15) is false
[00:37:10.286] [bmv2] [T] [thread 91956] [71.0] [cxt 0] basic.p4(586) Condition "hdr.ipv6.isValid()" (node_17) is true
[00:37:10.286] [bmv2] [T] [thread 91956] [71.0] [cxt 0] Applying table 'MyIngress.ipv6_lpm'
[00:37:10.286] [bmv2] [D] [thread 91956] [71.0] [cxt 0] Looking up key:
* hdr.ipv6.dstAddr    : ff020000000000000000000000000002

[00:37:10.286] [bmv2] [D] [thread 91956] [71.0] [cxt 0] Table 'MyIngress.ipv6_lpm': miss
[00:37:10.286] [bmv2] [D] [thread 91956] [71.0] [cxt 0] Action entry is NoAction - 
[00:37:10.286] [bmv2] [T] [thread 91956] [71.0] [cxt 0] Action NoAction
[00:37:10.286] [bmv2] [D] [thread 91956] [71.0] [cxt 0] Pipeline 'ingress': end
[00:37:10.286] [bmv2] [D] [thread 91956] [71.0] [cxt 0] Egress port is 0
[00:37:10.286] [bmv2] [D] [thread 91957] [71.0] [cxt 0] Pipeline 'egress': start
[00:37:10.287] [bmv2] [T] [thread 91957] [71.0] [cxt 0] basic.p4(684) Condition "standard_metadata.mcast_grp != 0" (node_28) is false
[00:37:10.287] [bmv2] [D] [thread 91957] [71.0] [cxt 0] Pipeline 'egress': end
[00:37:10.287] [bmv2] [D] [thread 91957] [71.0] [cxt 0] Deparser 'deparser': start
[00:37:10.287] [bmv2] [T] [thread 91957] [71.0] [cxt 0] Skipping checksum 'cksum' update because condition not met
[00:37:10.287] [bmv2] [D] [thread 91957] [71.0] [cxt 0] Deparsing header 'ethernet'
[00:37:10.287] [bmv2] [D] [thread 91957] [71.0] [cxt 0] Deparsing header 'ipv6'
[00:37:10.287] [bmv2] [D] [thread 91957] [71.0] [cxt 0] Deparser 'deparser': end
[00:37:10.287] [bmv2] [D] [thread 91961] [71.0] [cxt 0] Transmitting packet of size 70 out of port 0
[00:37:10.798] [bmv2] [D] [thread 91956] [72.0] [cxt 0] Processing packet received on port 1
[00:37:10.798] [bmv2] [D] [thread 91956] [72.0] [cxt 0] Parser 'parser': start
[00:37:10.798] [bmv2] [D] [thread 91956] [72.0] [cxt 0] Parser 'parser' entering state 'start'
[00:37:10.798] [bmv2] [D] [thread 91956] [72.0] [cxt 0] Extracting header 'ethernet'
[00:37:10.798] [bmv2] [D] [thread 91956] [72.0] [cxt 0] Parser state 'start': key is 86dd
[00:37:10.798] [bmv2] [T] [thread 91956] [72.0] [cxt 0] Bytes parsed: 14
[00:37:10.798] [bmv2] [D] [thread 91956] [72.0] [cxt 0] Parser 'parser' entering state 'parse_ipv6'
[00:37:10.798] [bmv2] [D] [thread 91956] [72.0] [cxt 0] Extracting header 'ipv6'
[00:37:10.798] [bmv2] [D] [thread 91956] [72.0] [cxt 0] Parser state 'parse_ipv6': key is 3a
[00:37:10.798] [bmv2] [T] [thread 91956] [72.0] [cxt 0] Bytes parsed: 54
[00:37:10.798] [bmv2] [D] [thread 91956] [72.0] [cxt 0] Parser 'parser': end
[00:37:10.799] [bmv2] [D] [thread 91956] [72.0] [cxt 0] Pipeline 'ingress': start
[00:37:10.799] [bmv2] [T] [thread 91956] [72.0] [cxt 0] basic.p4(560) Condition "hdr.ethernet.etherType == TYPE_ARP" (node_2) is false
[00:37:10.799] [bmv2] [T] [thread 91956] [72.0] [cxt 0] basic.p4(563) Condition "hdr.ethernet.etherType == TYPE_SRCROUTING" (node_4) is false
[00:37:10.799] [bmv2] [T] [thread 91956] [72.0] [cxt 0] basic.p4(576) Condition "hdr.ethernet.etherType == TYPE_YEQUDESU" (node_12) is false
[00:37:10.799] [bmv2] [T] [thread 91956] [72.0] [cxt 0] basic.p4(582) Condition "hdr.vxlan.isValid()" (node_15) is false
[00:37:10.799] [bmv2] [T] [thread 91956] [72.0] [cxt 0] basic.p4(586) Condition "hdr.ipv6.isValid()" (node_17) is true
[00:37:10.799] [bmv2] [T] [thread 91956] [72.0] [cxt 0] Applying table 'MyIngress.ipv6_lpm'
[00:37:10.799] [bmv2] [D] [thread 91956] [72.0] [cxt 0] Looking up key:
* hdr.ipv6.dstAddr    : ff020000000000000000000000000002

[00:37:10.799] [bmv2] [D] [thread 91956] [72.0] [cxt 0] Table 'MyIngress.ipv6_lpm': miss
[00:37:10.799] [bmv2] [D] [thread 91956] [72.0] [cxt 0] Action entry is NoAction - 
[00:37:10.799] [bmv2] [T] [thread 91956] [72.0] [cxt 0] Action NoAction
[00:37:10.799] [bmv2] [D] [thread 91956] [72.0] [cxt 0] Pipeline 'ingress': end
[00:37:10.799] [bmv2] [D] [thread 91956] [72.0] [cxt 0] Egress port is 0
[00:37:10.799] [bmv2] [D] [thread 91957] [72.0] [cxt 0] Pipeline 'egress': start
[00:37:10.799] [bmv2] [T] [thread 91957] [72.0] [cxt 0] basic.p4(684) Condition "standard_metadata.mcast_grp != 0" (node_28) is false
[00:37:10.799] [bmv2] [D] [thread 91957] [72.0] [cxt 0] Pipeline 'egress': end
[00:37:10.799] [bmv2] [D] [thread 91957] [72.0] [cxt 0] Deparser 'deparser': start
[00:37:10.799] [bmv2] [T] [thread 91957] [72.0] [cxt 0] Skipping checksum 'cksum' update because condition not met
[00:37:10.799] [bmv2] [D] [thread 91957] [72.0] [cxt 0] Deparsing header 'ethernet'
[00:37:10.799] [bmv2] [D] [thread 91957] [72.0] [cxt 0] Deparsing header 'ipv6'
[00:37:10.799] [bmv2] [D] [thread 91957] [72.0] [cxt 0] Deparser 'deparser': end
[00:37:10.799] [bmv2] [D] [thread 91961] [72.0] [cxt 0] Transmitting packet of size 70 out of port 0
[00:37:10.875] [bmv2] [D] [thread 91956] [73.0] [cxt 0] Processing packet received on port 1
[00:37:10.875] [bmv2] [D] [thread 91956] [73.0] [cxt 0] Parser 'parser': start
[00:37:10.875] [bmv2] [D] [thread 91956] [73.0] [cxt 0] Parser 'parser' entering state 'start'
[00:37:10.875] [bmv2] [D] [thread 91956] [73.0] [cxt 0] Extracting header 'ethernet'
[00:37:10.875] [bmv2] [D] [thread 91956] [73.0] [cxt 0] Parser state 'start': key is 86dd
[00:37:10.875] [bmv2] [T] [thread 91956] [73.0] [cxt 0] Bytes parsed: 14
[00:37:10.875] [bmv2] [D] [thread 91956] [73.0] [cxt 0] Parser 'parser' entering state 'parse_ipv6'
[00:37:10.875] [bmv2] [D] [thread 91956] [73.0] [cxt 0] Extracting header 'ipv6'
[00:37:10.875] [bmv2] [D] [thread 91956] [73.0] [cxt 0] Parser state 'parse_ipv6': key is 11
[00:37:10.875] [bmv2] [T] [thread 91956] [73.0] [cxt 0] Bytes parsed: 54
[00:37:10.875] [bmv2] [D] [thread 91956] [73.0] [cxt 0] Parser 'parser': end
[00:37:10.875] [bmv2] [D] [thread 91956] [73.0] [cxt 0] Pipeline 'ingress': start
[00:37:10.875] [bmv2] [T] [thread 91956] [73.0] [cxt 0] basic.p4(560) Condition "hdr.ethernet.etherType == TYPE_ARP" (node_2) is false
[00:37:10.875] [bmv2] [T] [thread 91956] [73.0] [cxt 0] basic.p4(563) Condition "hdr.ethernet.etherType == TYPE_SRCROUTING" (node_4) is false
[00:37:10.875] [bmv2] [T] [thread 91956] [73.0] [cxt 0] basic.p4(576) Condition "hdr.ethernet.etherType == TYPE_YEQUDESU" (node_12) is false
[00:37:10.875] [bmv2] [T] [thread 91956] [73.0] [cxt 0] basic.p4(582) Condition "hdr.vxlan.isValid()" (node_15) is false
[00:37:10.875] [bmv2] [T] [thread 91956] [73.0] [cxt 0] basic.p4(586) Condition "hdr.ipv6.isValid()" (node_17) is true
[00:37:10.875] [bmv2] [T] [thread 91956] [73.0] [cxt 0] Applying table 'MyIngress.ipv6_lpm'
[00:37:10.875] [bmv2] [D] [thread 91956] [73.0] [cxt 0] Looking up key:
* hdr.ipv6.dstAddr    : ff0200000000000000000000000000fb

[00:37:10.875] [bmv2] [D] [thread 91956] [73.0] [cxt 0] Table 'MyIngress.ipv6_lpm': miss
[00:37:10.875] [bmv2] [D] [thread 91956] [73.0] [cxt 0] Action entry is NoAction - 
[00:37:10.875] [bmv2] [T] [thread 91956] [73.0] [cxt 0] Action NoAction
[00:37:10.875] [bmv2] [D] [thread 91956] [73.0] [cxt 0] Pipeline 'ingress': end
[00:37:10.875] [bmv2] [D] [thread 91956] [73.0] [cxt 0] Egress port is 0
[00:37:10.875] [bmv2] [D] [thread 91957] [73.0] [cxt 0] Pipeline 'egress': start
[00:37:10.875] [bmv2] [T] [thread 91957] [73.0] [cxt 0] basic.p4(684) Condition "standard_metadata.mcast_grp != 0" (node_28) is false
[00:37:10.875] [bmv2] [D] [thread 91957] [73.0] [cxt 0] Pipeline 'egress': end
[00:37:10.875] [bmv2] [D] [thread 91957] [73.0] [cxt 0] Deparser 'deparser': start
[00:37:10.875] [bmv2] [T] [thread 91957] [73.0] [cxt 0] Skipping checksum 'cksum' update because condition not met
[00:37:10.875] [bmv2] [D] [thread 91957] [73.0] [cxt 0] Deparsing header 'ethernet'
[00:37:10.875] [bmv2] [D] [thread 91957] [73.0] [cxt 0] Deparsing header 'ipv6'
[00:37:10.875] [bmv2] [D] [thread 91957] [73.0] [cxt 0] Deparser 'deparser': end
[00:37:10.875] [bmv2] [D] [thread 91961] [73.0] [cxt 0] Transmitting packet of size 203 out of port 0
[00:37:11.119] [bmv2] [D] [thread 91956] [74.0] [cxt 0] Processing packet received on port 2
[00:37:11.119] [bmv2] [D] [thread 91956] [74.0] [cxt 0] Parser 'parser': start
[00:37:11.119] [bmv2] [D] [thread 91956] [74.0] [cxt 0] Parser 'parser' entering state 'start'
[00:37:11.119] [bmv2] [D] [thread 91956] [74.0] [cxt 0] Extracting header 'ethernet'
[00:37:11.119] [bmv2] [D] [thread 91956] [74.0] [cxt 0] Parser state 'start': key is 86dd
[00:37:11.119] [bmv2] [T] [thread 91956] [74.0] [cxt 0] Bytes parsed: 14
[00:37:11.119] [bmv2] [D] [thread 91956] [74.0] [cxt 0] Parser 'parser' entering state 'parse_ipv6'
[00:37:11.119] [bmv2] [D] [thread 91956] [74.0] [cxt 0] Extracting header 'ipv6'
[00:37:11.119] [bmv2] [D] [thread 91956] [74.0] [cxt 0] Parser state 'parse_ipv6': key is 11
[00:37:11.119] [bmv2] [T] [thread 91956] [74.0] [cxt 0] Bytes parsed: 54
[00:37:11.119] [bmv2] [D] [thread 91956] [74.0] [cxt 0] Parser 'parser': end
[00:37:11.119] [bmv2] [D] [thread 91956] [74.0] [cxt 0] Pipeline 'ingress': start
[00:37:11.119] [bmv2] [T] [thread 91956] [74.0] [cxt 0] basic.p4(560) Condition "hdr.ethernet.etherType == TYPE_ARP" (node_2) is false
[00:37:11.119] [bmv2] [T] [thread 91956] [74.0] [cxt 0] basic.p4(563) Condition "hdr.ethernet.etherType == TYPE_SRCROUTING" (node_4) is false
[00:37:11.119] [bmv2] [T] [thread 91956] [74.0] [cxt 0] basic.p4(576) Condition "hdr.ethernet.etherType == TYPE_YEQUDESU" (node_12) is false
[00:37:11.119] [bmv2] [T] [thread 91956] [74.0] [cxt 0] basic.p4(582) Condition "hdr.vxlan.isValid()" (node_15) is false
[00:37:11.119] [bmv2] [T] [thread 91956] [74.0] [cxt 0] basic.p4(586) Condition "hdr.ipv6.isValid()" (node_17) is true
[00:37:11.119] [bmv2] [T] [thread 91956] [74.0] [cxt 0] Applying table 'MyIngress.ipv6_lpm'
[00:37:11.119] [bmv2] [D] [thread 91956] [74.0] [cxt 0] Looking up key:
* hdr.ipv6.dstAddr    : ff0200000000000000000000000000fb

[00:37:11.119] [bmv2] [D] [thread 91956] [74.0] [cxt 0] Table 'MyIngress.ipv6_lpm': miss
[00:37:11.119] [bmv2] [D] [thread 91956] [74.0] [cxt 0] Action entry is NoAction - 
[00:37:11.119] [bmv2] [T] [thread 91956] [74.0] [cxt 0] Action NoAction
[00:37:11.119] [bmv2] [D] [thread 91956] [74.0] [cxt 0] Pipeline 'ingress': end
[00:37:11.119] [bmv2] [D] [thread 91956] [74.0] [cxt 0] Egress port is 0
[00:37:11.119] [bmv2] [D] [thread 91957] [74.0] [cxt 0] Pipeline 'egress': start
[00:37:11.119] [bmv2] [T] [thread 91957] [74.0] [cxt 0] basic.p4(684) Condition "standard_metadata.mcast_grp != 0" (node_28) is false
[00:37:11.119] [bmv2] [D] [thread 91957] [74.0] [cxt 0] Pipeline 'egress': end
[00:37:11.119] [bmv2] [D] [thread 91957] [74.0] [cxt 0] Deparser 'deparser': start
[00:37:11.119] [bmv2] [T] [thread 91957] [74.0] [cxt 0] Skipping checksum 'cksum' update because condition not met
[00:37:11.119] [bmv2] [D] [thread 91957] [74.0] [cxt 0] Deparsing header 'ethernet'
[00:37:11.119] [bmv2] [D] [thread 91957] [74.0] [cxt 0] Deparsing header 'ipv6'
[00:37:11.119] [bmv2] [D] [thread 91957] [74.0] [cxt 0] Deparser 'deparser': end
[00:37:11.119] [bmv2] [D] [thread 91961] [74.0] [cxt 0] Transmitting packet of size 203 out of port 0
[00:37:11.249] [bmv2] [D] [thread 91956] [75.0] [cxt 0] Processing packet received on port 1
[00:37:11.249] [bmv2] [D] [thread 91956] [75.0] [cxt 0] Parser 'parser': start
[00:37:11.249] [bmv2] [D] [thread 91956] [75.0] [cxt 0] Parser 'parser' entering state 'start'
[00:37:11.249] [bmv2] [D] [thread 91956] [75.0] [cxt 0] Extracting header 'ethernet'
[00:37:11.249] [bmv2] [D] [thread 91956] [75.0] [cxt 0] Parser state 'start': key is 86dd
[00:37:11.249] [bmv2] [T] [thread 91956] [75.0] [cxt 0] Bytes parsed: 14
[00:37:11.249] [bmv2] [D] [thread 91956] [75.0] [cxt 0] Parser 'parser' entering state 'parse_ipv6'
[00:37:11.249] [bmv2] [D] [thread 91956] [75.0] [cxt 0] Extracting header 'ipv6'
[00:37:11.249] [bmv2] [D] [thread 91956] [75.0] [cxt 0] Parser state 'parse_ipv6': key is 11
[00:37:11.249] [bmv2] [T] [thread 91956] [75.0] [cxt 0] Bytes parsed: 54
[00:37:11.249] [bmv2] [D] [thread 91956] [75.0] [cxt 0] Parser 'parser': end
[00:37:11.249] [bmv2] [D] [thread 91956] [75.0] [cxt 0] Pipeline 'ingress': start
[00:37:11.249] [bmv2] [T] [thread 91956] [75.0] [cxt 0] basic.p4(560) Condition "hdr.ethernet.etherType == TYPE_ARP" (node_2) is false
[00:37:11.249] [bmv2] [T] [thread 91956] [75.0] [cxt 0] basic.p4(563) Condition "hdr.ethernet.etherType == TYPE_SRCROUTING" (node_4) is false
[00:37:11.249] [bmv2] [T] [thread 91956] [75.0] [cxt 0] basic.p4(576) Condition "hdr.ethernet.etherType == TYPE_YEQUDESU" (node_12) is false
[00:37:11.249] [bmv2] [T] [thread 91956] [75.0] [cxt 0] basic.p4(582) Condition "hdr.vxlan.isValid()" (node_15) is false
[00:37:11.249] [bmv2] [T] [thread 91956] [75.0] [cxt 0] basic.p4(586) Condition "hdr.ipv6.isValid()" (node_17) is true
[00:37:11.249] [bmv2] [T] [thread 91956] [75.0] [cxt 0] Applying table 'MyIngress.ipv6_lpm'
[00:37:11.249] [bmv2] [D] [thread 91956] [75.0] [cxt 0] Looking up key:
* hdr.ipv6.dstAddr    : ff0200000000000000000000000000fb

[00:37:11.249] [bmv2] [D] [thread 91956] [75.0] [cxt 0] Table 'MyIngress.ipv6_lpm': miss
[00:37:11.249] [bmv2] [D] [thread 91956] [75.0] [cxt 0] Action entry is NoAction - 
[00:37:11.249] [bmv2] [T] [thread 91956] [75.0] [cxt 0] Action NoAction
[00:37:11.249] [bmv2] [D] [thread 91956] [75.0] [cxt 0] Pipeline 'ingress': end
[00:37:11.249] [bmv2] [D] [thread 91956] [75.0] [cxt 0] Egress port is 0
[00:37:11.249] [bmv2] [D] [thread 91957] [75.0] [cxt 0] Pipeline 'egress': start
[00:37:11.249] [bmv2] [T] [thread 91957] [75.0] [cxt 0] basic.p4(684) Condition "standard_metadata.mcast_grp != 0" (node_28) is false
[00:37:11.249] [bmv2] [D] [thread 91957] [75.0] [cxt 0] Pipeline 'egress': end
[00:37:11.249] [bmv2] [D] [thread 91957] [75.0] [cxt 0] Deparser 'deparser': start
[00:37:11.249] [bmv2] [T] [thread 91957] [75.0] [cxt 0] Skipping checksum 'cksum' update because condition not met
[00:37:11.249] [bmv2] [D] [thread 91957] [75.0] [cxt 0] Deparsing header 'ethernet'
[00:37:11.249] [bmv2] [D] [thread 91957] [75.0] [cxt 0] Deparsing header 'ipv6'
[00:37:11.249] [bmv2] [D] [thread 91957] [75.0] [cxt 0] Deparser 'deparser': end
[00:37:11.250] [bmv2] [D] [thread 91961] [75.0] [cxt 0] Transmitting packet of size 203 out of port 0
[00:37:11.568] [bmv2] [D] [thread 91956] [76.0] [cxt 0] Processing packet received on port 2
[00:37:11.568] [bmv2] [D] [thread 91956] [76.0] [cxt 0] Parser 'parser': start
[00:37:11.568] [bmv2] [D] [thread 91956] [76.0] [cxt 0] Parser 'parser' entering state 'start'
[00:37:11.568] [bmv2] [D] [thread 91956] [76.0] [cxt 0] Extracting header 'ethernet'
[00:37:11.568] [bmv2] [D] [thread 91956] [76.0] [cxt 0] Parser state 'start': key is 86dd
[00:37:11.568] [bmv2] [T] [thread 91956] [76.0] [cxt 0] Bytes parsed: 14
[00:37:11.568] [bmv2] [D] [thread 91956] [76.0] [cxt 0] Parser 'parser' entering state 'parse_ipv6'
[00:37:11.568] [bmv2] [D] [thread 91956] [76.0] [cxt 0] Extracting header 'ipv6'
[00:37:11.568] [bmv2] [D] [thread 91956] [76.0] [cxt 0] Parser state 'parse_ipv6': key is 11
[00:37:11.568] [bmv2] [T] [thread 91956] [76.0] [cxt 0] Bytes parsed: 54
[00:37:11.568] [bmv2] [D] [thread 91956] [76.0] [cxt 0] Parser 'parser': end
[00:37:11.568] [bmv2] [D] [thread 91956] [76.0] [cxt 0] Pipeline 'ingress': start
[00:37:11.568] [bmv2] [T] [thread 91956] [76.0] [cxt 0] basic.p4(560) Condition "hdr.ethernet.etherType == TYPE_ARP" (node_2) is false
[00:37:11.568] [bmv2] [T] [thread 91956] [76.0] [cxt 0] basic.p4(563) Condition "hdr.ethernet.etherType == TYPE_SRCROUTING" (node_4) is false
[00:37:11.568] [bmv2] [T] [thread 91956] [76.0] [cxt 0] basic.p4(576) Condition "hdr.ethernet.etherType == TYPE_YEQUDESU" (node_12) is false
[00:37:11.568] [bmv2] [T] [thread 91956] [76.0] [cxt 0] basic.p4(582) Condition "hdr.vxlan.isValid()" (node_15) is false
[00:37:11.568] [bmv2] [T] [thread 91956] [76.0] [cxt 0] basic.p4(586) Condition "hdr.ipv6.isValid()" (node_17) is true
[00:37:11.568] [bmv2] [T] [thread 91956] [76.0] [cxt 0] Applying table 'MyIngress.ipv6_lpm'
[00:37:11.568] [bmv2] [D] [thread 91956] [76.0] [cxt 0] Looking up key:
* hdr.ipv6.dstAddr    : ff0200000000000000000000000000fb

[00:37:11.568] [bmv2] [D] [thread 91956] [76.0] [cxt 0] Table 'MyIngress.ipv6_lpm': miss
[00:37:11.568] [bmv2] [D] [thread 91956] [76.0] [cxt 0] Action entry is NoAction - 
[00:37:11.568] [bmv2] [T] [thread 91956] [76.0] [cxt 0] Action NoAction
[00:37:11.568] [bmv2] [D] [thread 91956] [76.0] [cxt 0] Pipeline 'ingress': end
[00:37:11.568] [bmv2] [D] [thread 91956] [76.0] [cxt 0] Egress port is 0
[00:37:11.569] [bmv2] [D] [thread 91957] [76.0] [cxt 0] Pipeline 'egress': start
[00:37:11.569] [bmv2] [T] [thread 91957] [76.0] [cxt 0] basic.p4(684) Condition "standard_metadata.mcast_grp != 0" (node_28) is false
[00:37:11.569] [bmv2] [D] [thread 91957] [76.0] [cxt 0] Pipeline 'egress': end
[00:37:11.569] [bmv2] [D] [thread 91957] [76.0] [cxt 0] Deparser 'deparser': start
[00:37:11.569] [bmv2] [T] [thread 91957] [76.0] [cxt 0] Skipping checksum 'cksum' update because condition not met
[00:37:11.569] [bmv2] [D] [thread 91957] [76.0] [cxt 0] Deparsing header 'ethernet'
[00:37:11.569] [bmv2] [D] [thread 91957] [76.0] [cxt 0] Deparsing header 'ipv6'
[00:37:11.569] [bmv2] [D] [thread 91957] [76.0] [cxt 0] Deparser 'deparser': end
[00:37:11.569] [bmv2] [D] [thread 91961] [76.0] [cxt 0] Transmitting packet of size 203 out of port 0
[00:37:12.333] [bmv2] [D] [thread 91956] [77.0] [cxt 0] Processing packet received on port 2
[00:37:12.333] [bmv2] [D] [thread 91956] [77.0] [cxt 0] Parser 'parser': start
[00:37:12.333] [bmv2] [D] [thread 91956] [77.0] [cxt 0] Parser 'parser' entering state 'start'
[00:37:12.333] [bmv2] [D] [thread 91956] [77.0] [cxt 0] Extracting header 'ethernet'
[00:37:12.333] [bmv2] [D] [thread 91956] [77.0] [cxt 0] Parser state 'start': key is 86dd
[00:37:12.333] [bmv2] [T] [thread 91956] [77.0] [cxt 0] Bytes parsed: 14
[00:37:12.333] [bmv2] [D] [thread 91956] [77.0] [cxt 0] Parser 'parser' entering state 'parse_ipv6'
[00:37:12.333] [bmv2] [D] [thread 91956] [77.0] [cxt 0] Extracting header 'ipv6'
[00:37:12.333] [bmv2] [D] [thread 91956] [77.0] [cxt 0] Parser state 'parse_ipv6': key is 3a
[00:37:12.333] [bmv2] [T] [thread 91956] [77.0] [cxt 0] Bytes parsed: 54
[00:37:12.333] [bmv2] [D] [thread 91956] [77.0] [cxt 0] Parser 'parser': end
[00:37:12.333] [bmv2] [D] [thread 91956] [77.0] [cxt 0] Pipeline 'ingress': start
[00:37:12.333] [bmv2] [T] [thread 91956] [77.0] [cxt 0] basic.p4(560) Condition "hdr.ethernet.etherType == TYPE_ARP" (node_2) is false
[00:37:12.333] [bmv2] [T] [thread 91956] [77.0] [cxt 0] basic.p4(563) Condition "hdr.ethernet.etherType == TYPE_SRCROUTING" (node_4) is false
[00:37:12.333] [bmv2] [T] [thread 91956] [77.0] [cxt 0] basic.p4(576) Condition "hdr.ethernet.etherType == TYPE_YEQUDESU" (node_12) is false
[00:37:12.333] [bmv2] [T] [thread 91956] [77.0] [cxt 0] basic.p4(582) Condition "hdr.vxlan.isValid()" (node_15) is false
[00:37:12.333] [bmv2] [T] [thread 91956] [77.0] [cxt 0] basic.p4(586) Condition "hdr.ipv6.isValid()" (node_17) is true
[00:37:12.333] [bmv2] [T] [thread 91956] [77.0] [cxt 0] Applying table 'MyIngress.ipv6_lpm'
[00:37:12.333] [bmv2] [D] [thread 91956] [77.0] [cxt 0] Looking up key:
* hdr.ipv6.dstAddr    : ff020000000000000000000000000002

[00:37:12.333] [bmv2] [D] [thread 91956] [77.0] [cxt 0] Table 'MyIngress.ipv6_lpm': miss
[00:37:12.333] [bmv2] [D] [thread 91956] [77.0] [cxt 0] Action entry is NoAction - 
[00:37:12.333] [bmv2] [T] [thread 91956] [77.0] [cxt 0] Action NoAction
[00:37:12.333] [bmv2] [D] [thread 91956] [77.0] [cxt 0] Pipeline 'ingress': end
[00:37:12.333] [bmv2] [D] [thread 91956] [77.0] [cxt 0] Egress port is 0
[00:37:12.333] [bmv2] [D] [thread 91957] [77.0] [cxt 0] Pipeline 'egress': start
[00:37:12.333] [bmv2] [T] [thread 91957] [77.0] [cxt 0] basic.p4(684) Condition "standard_metadata.mcast_grp != 0" (node_28) is false
[00:37:12.333] [bmv2] [D] [thread 91957] [77.0] [cxt 0] Pipeline 'egress': end
[00:37:12.333] [bmv2] [D] [thread 91957] [77.0] [cxt 0] Deparser 'deparser': start
[00:37:12.333] [bmv2] [T] [thread 91957] [77.0] [cxt 0] Skipping checksum 'cksum' update because condition not met
[00:37:12.333] [bmv2] [D] [thread 91957] [77.0] [cxt 0] Deparsing header 'ethernet'
[00:37:12.333] [bmv2] [D] [thread 91957] [77.0] [cxt 0] Deparsing header 'ipv6'
[00:37:12.333] [bmv2] [D] [thread 91957] [77.0] [cxt 0] Deparser 'deparser': end
[00:37:12.334] [bmv2] [D] [thread 91961] [77.0] [cxt 0] Transmitting packet of size 70 out of port 0
[00:37:35.886] [bmv2] [D] [thread 91956] [78.0] [cxt 0] Processing packet received on port 1
[00:37:35.886] [bmv2] [D] [thread 91956] [78.0] [cxt 0] Parser 'parser': start
[00:37:35.886] [bmv2] [D] [thread 91956] [78.0] [cxt 0] Parser 'parser' entering state 'start'
[00:37:35.886] [bmv2] [D] [thread 91956] [78.0] [cxt 0] Extracting header 'ethernet'
[00:37:35.886] [bmv2] [D] [thread 91956] [78.0] [cxt 0] Parser state 'start': key is 86dd
[00:37:35.886] [bmv2] [T] [thread 91956] [78.0] [cxt 0] Bytes parsed: 14
[00:37:35.886] [bmv2] [D] [thread 91956] [78.0] [cxt 0] Parser 'parser' entering state 'parse_ipv6'
[00:37:35.886] [bmv2] [D] [thread 91956] [78.0] [cxt 0] Extracting header 'ipv6'
[00:37:35.886] [bmv2] [D] [thread 91956] [78.0] [cxt 0] Parser state 'parse_ipv6': key is 3a
[00:37:35.886] [bmv2] [T] [thread 91956] [78.0] [cxt 0] Bytes parsed: 54
[00:37:35.886] [bmv2] [D] [thread 91956] [78.0] [cxt 0] Parser 'parser': end
[00:37:35.886] [bmv2] [D] [thread 91956] [78.0] [cxt 0] Pipeline 'ingress': start
[00:37:35.886] [bmv2] [T] [thread 91956] [78.0] [cxt 0] basic.p4(560) Condition "hdr.ethernet.etherType == TYPE_ARP" (node_2) is false
[00:37:35.886] [bmv2] [T] [thread 91956] [78.0] [cxt 0] basic.p4(563) Condition "hdr.ethernet.etherType == TYPE_SRCROUTING" (node_4) is false
[00:37:35.886] [bmv2] [T] [thread 91956] [78.0] [cxt 0] basic.p4(576) Condition "hdr.ethernet.etherType == TYPE_YEQUDESU" (node_12) is false
[00:37:35.886] [bmv2] [T] [thread 91956] [78.0] [cxt 0] basic.p4(582) Condition "hdr.vxlan.isValid()" (node_15) is false
[00:37:35.886] [bmv2] [T] [thread 91956] [78.0] [cxt 0] basic.p4(586) Condition "hdr.ipv6.isValid()" (node_17) is true
[00:37:35.886] [bmv2] [T] [thread 91956] [78.0] [cxt 0] Applying table 'MyIngress.ipv6_lpm'
[00:37:35.886] [bmv2] [D] [thread 91956] [78.0] [cxt 0] Looking up key:
* hdr.ipv6.dstAddr    : ff020000000000000000000000000002

[00:37:35.886] [bmv2] [D] [thread 91956] [78.0] [cxt 0] Table 'MyIngress.ipv6_lpm': miss
[00:37:35.886] [bmv2] [D] [thread 91956] [78.0] [cxt 0] Action entry is NoAction - 
[00:37:35.886] [bmv2] [T] [thread 91956] [78.0] [cxt 0] Action NoAction
[00:37:35.886] [bmv2] [D] [thread 91956] [78.0] [cxt 0] Pipeline 'ingress': end
[00:37:35.886] [bmv2] [D] [thread 91956] [78.0] [cxt 0] Egress port is 0
[00:37:35.886] [bmv2] [D] [thread 91957] [78.0] [cxt 0] Pipeline 'egress': start
[00:37:35.886] [bmv2] [T] [thread 91957] [78.0] [cxt 0] basic.p4(684) Condition "standard_metadata.mcast_grp != 0" (node_28) is false
[00:37:35.886] [bmv2] [D] [thread 91957] [78.0] [cxt 0] Pipeline 'egress': end
[00:37:35.886] [bmv2] [D] [thread 91957] [78.0] [cxt 0] Deparser 'deparser': start
[00:37:35.886] [bmv2] [T] [thread 91957] [78.0] [cxt 0] Skipping checksum 'cksum' update because condition not met
[00:37:35.886] [bmv2] [D] [thread 91957] [78.0] [cxt 0] Deparsing header 'ethernet'
[00:37:35.886] [bmv2] [D] [thread 91957] [78.0] [cxt 0] Deparsing header 'ipv6'
[00:37:35.886] [bmv2] [D] [thread 91957] [78.0] [cxt 0] Deparser 'deparser': end
[00:37:35.886] [bmv2] [D] [thread 91961] [78.0] [cxt 0] Transmitting packet of size 70 out of port 0
[00:37:42.896] [bmv2] [D] [thread 91956] [79.0] [cxt 0] Processing packet received on port 1
[00:37:42.896] [bmv2] [D] [thread 91956] [79.0] [cxt 0] Parser 'parser': start
[00:37:42.896] [bmv2] [D] [thread 91956] [79.0] [cxt 0] Parser 'parser' entering state 'start'
[00:37:42.896] [bmv2] [D] [thread 91956] [79.0] [cxt 0] Extracting header 'ethernet'
[00:37:42.896] [bmv2] [D] [thread 91956] [79.0] [cxt 0] Parser state 'start': key is 86dd
[00:37:42.896] [bmv2] [T] [thread 91956] [79.0] [cxt 0] Bytes parsed: 14
[00:37:42.896] [bmv2] [D] [thread 91956] [79.0] [cxt 0] Parser 'parser' entering state 'parse_ipv6'
[00:37:42.896] [bmv2] [D] [thread 91956] [79.0] [cxt 0] Extracting header 'ipv6'
[00:37:42.896] [bmv2] [D] [thread 91956] [79.0] [cxt 0] Parser state 'parse_ipv6': key is 11
[00:37:42.896] [bmv2] [T] [thread 91956] [79.0] [cxt 0] Bytes parsed: 54
[00:37:42.896] [bmv2] [D] [thread 91956] [79.0] [cxt 0] Parser 'parser': end
[00:37:42.896] [bmv2] [D] [thread 91956] [79.0] [cxt 0] Pipeline 'ingress': start
[00:37:42.896] [bmv2] [T] [thread 91956] [79.0] [cxt 0] basic.p4(560) Condition "hdr.ethernet.etherType == TYPE_ARP" (node_2) is false
[00:37:42.896] [bmv2] [T] [thread 91956] [79.0] [cxt 0] basic.p4(563) Condition "hdr.ethernet.etherType == TYPE_SRCROUTING" (node_4) is false
[00:37:42.896] [bmv2] [T] [thread 91956] [79.0] [cxt 0] basic.p4(576) Condition "hdr.ethernet.etherType == TYPE_YEQUDESU" (node_12) is false
[00:37:42.896] [bmv2] [T] [thread 91956] [79.0] [cxt 0] basic.p4(582) Condition "hdr.vxlan.isValid()" (node_15) is false
[00:37:42.897] [bmv2] [T] [thread 91956] [79.0] [cxt 0] basic.p4(586) Condition "hdr.ipv6.isValid()" (node_17) is true
[00:37:42.897] [bmv2] [T] [thread 91956] [79.0] [cxt 0] Applying table 'MyIngress.ipv6_lpm'
[00:37:42.897] [bmv2] [D] [thread 91956] [79.0] [cxt 0] Looking up key:
* hdr.ipv6.dstAddr    : ff0200000000000000000000000000fb

[00:37:42.897] [bmv2] [D] [thread 91956] [79.0] [cxt 0] Table 'MyIngress.ipv6_lpm': miss
[00:37:42.897] [bmv2] [D] [thread 91956] [79.0] [cxt 0] Action entry is NoAction - 
[00:37:42.897] [bmv2] [T] [thread 91956] [79.0] [cxt 0] Action NoAction
[00:37:42.897] [bmv2] [D] [thread 91956] [79.0] [cxt 0] Pipeline 'ingress': end
[00:37:42.897] [bmv2] [D] [thread 91956] [79.0] [cxt 0] Egress port is 0
[00:37:42.897] [bmv2] [D] [thread 91957] [79.0] [cxt 0] Pipeline 'egress': start
[00:37:42.897] [bmv2] [T] [thread 91957] [79.0] [cxt 0] basic.p4(684) Condition "standard_metadata.mcast_grp != 0" (node_28) is false
[00:37:42.897] [bmv2] [D] [thread 91957] [79.0] [cxt 0] Pipeline 'egress': end
[00:37:42.897] [bmv2] [D] [thread 91957] [79.0] [cxt 0] Deparser 'deparser': start
[00:37:42.897] [bmv2] [T] [thread 91957] [79.0] [cxt 0] Skipping checksum 'cksum' update because condition not met
[00:37:42.897] [bmv2] [D] [thread 91957] [79.0] [cxt 0] Deparsing header 'ethernet'
[00:37:42.897] [bmv2] [D] [thread 91957] [79.0] [cxt 0] Deparsing header 'ipv6'
[00:37:42.897] [bmv2] [D] [thread 91957] [79.0] [cxt 0] Deparser 'deparser': end
[00:37:42.897] [bmv2] [D] [thread 91961] [79.0] [cxt 0] Transmitting packet of size 203 out of port 0
[00:37:43.120] [bmv2] [D] [thread 91956] [80.0] [cxt 0] Processing packet received on port 2
[00:37:43.120] [bmv2] [D] [thread 91956] [80.0] [cxt 0] Parser 'parser': start
[00:37:43.120] [bmv2] [D] [thread 91956] [80.0] [cxt 0] Parser 'parser' entering state 'start'
[00:37:43.120] [bmv2] [D] [thread 91956] [80.0] [cxt 0] Extracting header 'ethernet'
[00:37:43.120] [bmv2] [D] [thread 91956] [80.0] [cxt 0] Parser state 'start': key is 86dd
[00:37:43.120] [bmv2] [T] [thread 91956] [80.0] [cxt 0] Bytes parsed: 14
[00:37:43.120] [bmv2] [D] [thread 91956] [80.0] [cxt 0] Parser 'parser' entering state 'parse_ipv6'
[00:37:43.120] [bmv2] [D] [thread 91956] [80.0] [cxt 0] Extracting header 'ipv6'
[00:37:43.120] [bmv2] [D] [thread 91956] [80.0] [cxt 0] Parser state 'parse_ipv6': key is 11
[00:37:43.120] [bmv2] [T] [thread 91956] [80.0] [cxt 0] Bytes parsed: 54
[00:37:43.120] [bmv2] [D] [thread 91956] [80.0] [cxt 0] Parser 'parser': end
[00:37:43.120] [bmv2] [D] [thread 91956] [80.0] [cxt 0] Pipeline 'ingress': start
[00:37:43.120] [bmv2] [T] [thread 91956] [80.0] [cxt 0] basic.p4(560) Condition "hdr.ethernet.etherType == TYPE_ARP" (node_2) is false
[00:37:43.121] [bmv2] [T] [thread 91956] [80.0] [cxt 0] basic.p4(563) Condition "hdr.ethernet.etherType == TYPE_SRCROUTING" (node_4) is false
[00:37:43.121] [bmv2] [T] [thread 91956] [80.0] [cxt 0] basic.p4(576) Condition "hdr.ethernet.etherType == TYPE_YEQUDESU" (node_12) is false
[00:37:43.121] [bmv2] [T] [thread 91956] [80.0] [cxt 0] basic.p4(582) Condition "hdr.vxlan.isValid()" (node_15) is false
[00:37:43.121] [bmv2] [T] [thread 91956] [80.0] [cxt 0] basic.p4(586) Condition "hdr.ipv6.isValid()" (node_17) is true
[00:37:43.121] [bmv2] [T] [thread 91956] [80.0] [cxt 0] Applying table 'MyIngress.ipv6_lpm'
[00:37:43.121] [bmv2] [D] [thread 91956] [80.0] [cxt 0] Looking up key:
* hdr.ipv6.dstAddr    : ff0200000000000000000000000000fb

[00:37:43.121] [bmv2] [D] [thread 91956] [80.0] [cxt 0] Table 'MyIngress.ipv6_lpm': miss
[00:37:43.121] [bmv2] [D] [thread 91956] [80.0] [cxt 0] Action entry is NoAction - 
[00:37:43.121] [bmv2] [T] [thread 91956] [80.0] [cxt 0] Action NoAction
[00:37:43.121] [bmv2] [D] [thread 91956] [80.0] [cxt 0] Pipeline 'ingress': end
[00:37:43.121] [bmv2] [D] [thread 91956] [80.0] [cxt 0] Egress port is 0
[00:37:43.121] [bmv2] [D] [thread 91957] [80.0] [cxt 0] Pipeline 'egress': start
[00:37:43.121] [bmv2] [T] [thread 91957] [80.0] [cxt 0] basic.p4(684) Condition "standard_metadata.mcast_grp != 0" (node_28) is false
[00:37:43.121] [bmv2] [D] [thread 91957] [80.0] [cxt 0] Pipeline 'egress': end
[00:37:43.121] [bmv2] [D] [thread 91957] [80.0] [cxt 0] Deparser 'deparser': start
[00:37:43.121] [bmv2] [T] [thread 91957] [80.0] [cxt 0] Skipping checksum 'cksum' update because condition not met
[00:37:43.121] [bmv2] [D] [thread 91957] [80.0] [cxt 0] Deparsing header 'ethernet'
[00:37:43.121] [bmv2] [D] [thread 91957] [80.0] [cxt 0] Deparsing header 'ipv6'
[00:37:43.121] [bmv2] [D] [thread 91957] [80.0] [cxt 0] Deparser 'deparser': end
[00:37:43.121] [bmv2] [D] [thread 91961] [80.0] [cxt 0] Transmitting packet of size 203 out of port 0
[00:37:43.251] [bmv2] [D] [thread 91956] [81.0] [cxt 0] Processing packet received on port 1
[00:37:43.251] [bmv2] [D] [thread 91956] [81.0] [cxt 0] Parser 'parser': start
[00:37:43.251] [bmv2] [D] [thread 91956] [81.0] [cxt 0] Parser 'parser' entering state 'start'
[00:37:43.251] [bmv2] [D] [thread 91956] [81.0] [cxt 0] Extracting header 'ethernet'
[00:37:43.251] [bmv2] [D] [thread 91956] [81.0] [cxt 0] Parser state 'start': key is 86dd
[00:37:43.251] [bmv2] [T] [thread 91956] [81.0] [cxt 0] Bytes parsed: 14
[00:37:43.251] [bmv2] [D] [thread 91956] [81.0] [cxt 0] Parser 'parser' entering state 'parse_ipv6'
[00:37:43.251] [bmv2] [D] [thread 91956] [81.0] [cxt 0] Extracting header 'ipv6'
[00:37:43.251] [bmv2] [D] [thread 91956] [81.0] [cxt 0] Parser state 'parse_ipv6': key is 11
[00:37:43.251] [bmv2] [T] [thread 91956] [81.0] [cxt 0] Bytes parsed: 54
[00:37:43.251] [bmv2] [D] [thread 91956] [81.0] [cxt 0] Parser 'parser': end
[00:37:43.251] [bmv2] [D] [thread 91956] [81.0] [cxt 0] Pipeline 'ingress': start
[00:37:43.251] [bmv2] [T] [thread 91956] [81.0] [cxt 0] basic.p4(560) Condition "hdr.ethernet.etherType == TYPE_ARP" (node_2) is false
[00:37:43.251] [bmv2] [T] [thread 91956] [81.0] [cxt 0] basic.p4(563) Condition "hdr.ethernet.etherType == TYPE_SRCROUTING" (node_4) is false
[00:37:43.251] [bmv2] [T] [thread 91956] [81.0] [cxt 0] basic.p4(576) Condition "hdr.ethernet.etherType == TYPE_YEQUDESU" (node_12) is false
[00:37:43.251] [bmv2] [T] [thread 91956] [81.0] [cxt 0] basic.p4(582) Condition "hdr.vxlan.isValid()" (node_15) is false
[00:37:43.251] [bmv2] [T] [thread 91956] [81.0] [cxt 0] basic.p4(586) Condition "hdr.ipv6.isValid()" (node_17) is true
[00:37:43.251] [bmv2] [T] [thread 91956] [81.0] [cxt 0] Applying table 'MyIngress.ipv6_lpm'
[00:37:43.251] [bmv2] [D] [thread 91956] [81.0] [cxt 0] Looking up key:
* hdr.ipv6.dstAddr    : ff0200000000000000000000000000fb

[00:37:43.251] [bmv2] [D] [thread 91956] [81.0] [cxt 0] Table 'MyIngress.ipv6_lpm': miss
[00:37:43.251] [bmv2] [D] [thread 91956] [81.0] [cxt 0] Action entry is NoAction - 
[00:37:43.251] [bmv2] [T] [thread 91956] [81.0] [cxt 0] Action NoAction
[00:37:43.251] [bmv2] [D] [thread 91956] [81.0] [cxt 0] Pipeline 'ingress': end
[00:37:43.251] [bmv2] [D] [thread 91956] [81.0] [cxt 0] Egress port is 0
[00:37:43.251] [bmv2] [D] [thread 91957] [81.0] [cxt 0] Pipeline 'egress': start
[00:37:43.251] [bmv2] [T] [thread 91957] [81.0] [cxt 0] basic.p4(684) Condition "standard_metadata.mcast_grp != 0" (node_28) is false
[00:37:43.251] [bmv2] [D] [thread 91957] [81.0] [cxt 0] Pipeline 'egress': end
[00:37:43.251] [bmv2] [D] [thread 91957] [81.0] [cxt 0] Deparser 'deparser': start
[00:37:43.251] [bmv2] [T] [thread 91957] [81.0] [cxt 0] Skipping checksum 'cksum' update because condition not met
[00:37:43.251] [bmv2] [D] [thread 91957] [81.0] [cxt 0] Deparsing header 'ethernet'
[00:37:43.251] [bmv2] [D] [thread 91957] [81.0] [cxt 0] Deparsing header 'ipv6'
[00:37:43.251] [bmv2] [D] [thread 91957] [81.0] [cxt 0] Deparser 'deparser': end
[00:37:43.251] [bmv2] [D] [thread 91961] [81.0] [cxt 0] Transmitting packet of size 203 out of port 0
[00:37:43.569] [bmv2] [D] [thread 91956] [82.0] [cxt 0] Processing packet received on port 2
[00:37:43.569] [bmv2] [D] [thread 91956] [82.0] [cxt 0] Parser 'parser': start
[00:37:43.569] [bmv2] [D] [thread 91956] [82.0] [cxt 0] Parser 'parser' entering state 'start'
[00:37:43.569] [bmv2] [D] [thread 91956] [82.0] [cxt 0] Extracting header 'ethernet'
[00:37:43.569] [bmv2] [D] [thread 91956] [82.0] [cxt 0] Parser state 'start': key is 86dd
[00:37:43.569] [bmv2] [T] [thread 91956] [82.0] [cxt 0] Bytes parsed: 14
[00:37:43.569] [bmv2] [D] [thread 91956] [82.0] [cxt 0] Parser 'parser' entering state 'parse_ipv6'
[00:37:43.569] [bmv2] [D] [thread 91956] [82.0] [cxt 0] Extracting header 'ipv6'
[00:37:43.569] [bmv2] [D] [thread 91956] [82.0] [cxt 0] Parser state 'parse_ipv6': key is 11
[00:37:43.569] [bmv2] [T] [thread 91956] [82.0] [cxt 0] Bytes parsed: 54
[00:37:43.569] [bmv2] [D] [thread 91956] [82.0] [cxt 0] Parser 'parser': end
[00:37:43.569] [bmv2] [D] [thread 91956] [82.0] [cxt 0] Pipeline 'ingress': start
[00:37:43.569] [bmv2] [T] [thread 91956] [82.0] [cxt 0] basic.p4(560) Condition "hdr.ethernet.etherType == TYPE_ARP" (node_2) is false
[00:37:43.569] [bmv2] [T] [thread 91956] [82.0] [cxt 0] basic.p4(563) Condition "hdr.ethernet.etherType == TYPE_SRCROUTING" (node_4) is false
[00:37:43.569] [bmv2] [T] [thread 91956] [82.0] [cxt 0] basic.p4(576) Condition "hdr.ethernet.etherType == TYPE_YEQUDESU" (node_12) is false
[00:37:43.569] [bmv2] [T] [thread 91956] [82.0] [cxt 0] basic.p4(582) Condition "hdr.vxlan.isValid()" (node_15) is false
[00:37:43.569] [bmv2] [T] [thread 91956] [82.0] [cxt 0] basic.p4(586) Condition "hdr.ipv6.isValid()" (node_17) is true
[00:37:43.569] [bmv2] [T] [thread 91956] [82.0] [cxt 0] Applying table 'MyIngress.ipv6_lpm'
[00:37:43.569] [bmv2] [D] [thread 91956] [82.0] [cxt 0] Looking up key:
* hdr.ipv6.dstAddr    : ff0200000000000000000000000000fb

[00:37:43.569] [bmv2] [D] [thread 91956] [82.0] [cxt 0] Table 'MyIngress.ipv6_lpm': miss
[00:37:43.570] [bmv2] [D] [thread 91956] [82.0] [cxt 0] Action entry is NoAction - 
[00:37:43.570] [bmv2] [T] [thread 91956] [82.0] [cxt 0] Action NoAction
[00:37:43.570] [bmv2] [D] [thread 91956] [82.0] [cxt 0] Pipeline 'ingress': end
[00:37:43.570] [bmv2] [D] [thread 91956] [82.0] [cxt 0] Egress port is 0
[00:37:43.570] [bmv2] [D] [thread 91957] [82.0] [cxt 0] Pipeline 'egress': start
[00:37:43.570] [bmv2] [T] [thread 91957] [82.0] [cxt 0] basic.p4(684) Condition "standard_metadata.mcast_grp != 0" (node_28) is false
[00:37:43.570] [bmv2] [D] [thread 91957] [82.0] [cxt 0] Pipeline 'egress': end
[00:37:43.570] [bmv2] [D] [thread 91957] [82.0] [cxt 0] Deparser 'deparser': start
[00:37:43.570] [bmv2] [T] [thread 91957] [82.0] [cxt 0] Skipping checksum 'cksum' update because condition not met
[00:37:43.570] [bmv2] [D] [thread 91957] [82.0] [cxt 0] Deparsing header 'ethernet'
[00:37:43.570] [bmv2] [D] [thread 91957] [82.0] [cxt 0] Deparsing header 'ipv6'
[00:37:43.570] [bmv2] [D] [thread 91957] [82.0] [cxt 0] Deparser 'deparser': end
[00:37:43.570] [bmv2] [D] [thread 91961] [82.0] [cxt 0] Transmitting packet of size 203 out of port 0
[00:37:45.614] [bmv2] [D] [thread 91956] [83.0] [cxt 0] Processing packet received on port 1
[00:37:45.614] [bmv2] [D] [thread 91956] [83.0] [cxt 0] Parser 'parser': start
[00:37:45.614] [bmv2] [D] [thread 91956] [83.0] [cxt 0] Parser 'parser' entering state 'start'
[00:37:45.614] [bmv2] [D] [thread 91956] [83.0] [cxt 0] Extracting header 'ethernet'
[00:37:45.614] [bmv2] [D] [thread 91956] [83.0] [cxt 0] Parser state 'start': key is 86dd
[00:37:45.614] [bmv2] [T] [thread 91956] [83.0] [cxt 0] Bytes parsed: 14
[00:37:45.614] [bmv2] [D] [thread 91956] [83.0] [cxt 0] Parser 'parser' entering state 'parse_ipv6'
[00:37:45.614] [bmv2] [D] [thread 91956] [83.0] [cxt 0] Extracting header 'ipv6'
[00:37:45.614] [bmv2] [D] [thread 91956] [83.0] [cxt 0] Parser state 'parse_ipv6': key is 3a
[00:37:45.614] [bmv2] [T] [thread 91956] [83.0] [cxt 0] Bytes parsed: 54
[00:37:45.614] [bmv2] [D] [thread 91956] [83.0] [cxt 0] Parser 'parser': end
[00:37:45.614] [bmv2] [D] [thread 91956] [83.0] [cxt 0] Pipeline 'ingress': start
[00:37:45.614] [bmv2] [T] [thread 91956] [83.0] [cxt 0] basic.p4(560) Condition "hdr.ethernet.etherType == TYPE_ARP" (node_2) is false
[00:37:45.614] [bmv2] [T] [thread 91956] [83.0] [cxt 0] basic.p4(563) Condition "hdr.ethernet.etherType == TYPE_SRCROUTING" (node_4) is false
[00:37:45.614] [bmv2] [T] [thread 91956] [83.0] [cxt 0] basic.p4(576) Condition "hdr.ethernet.etherType == TYPE_YEQUDESU" (node_12) is false
[00:37:45.614] [bmv2] [T] [thread 91956] [83.0] [cxt 0] basic.p4(582) Condition "hdr.vxlan.isValid()" (node_15) is false
[00:37:45.614] [bmv2] [T] [thread 91956] [83.0] [cxt 0] basic.p4(586) Condition "hdr.ipv6.isValid()" (node_17) is true
[00:37:45.614] [bmv2] [T] [thread 91956] [83.0] [cxt 0] Applying table 'MyIngress.ipv6_lpm'
[00:37:45.614] [bmv2] [D] [thread 91956] [83.0] [cxt 0] Looking up key:
* hdr.ipv6.dstAddr    : ff020000000000000000000000000002

[00:37:45.614] [bmv2] [D] [thread 91956] [83.0] [cxt 0] Table 'MyIngress.ipv6_lpm': miss
[00:37:45.614] [bmv2] [D] [thread 91956] [83.0] [cxt 0] Action entry is NoAction - 
[00:37:45.614] [bmv2] [T] [thread 91956] [83.0] [cxt 0] Action NoAction
[00:37:45.614] [bmv2] [D] [thread 91956] [83.0] [cxt 0] Pipeline 'ingress': end
[00:37:45.614] [bmv2] [D] [thread 91956] [83.0] [cxt 0] Egress port is 0
[00:37:45.614] [bmv2] [D] [thread 91957] [83.0] [cxt 0] Pipeline 'egress': start
[00:37:45.614] [bmv2] [T] [thread 91957] [83.0] [cxt 0] basic.p4(684) Condition "standard_metadata.mcast_grp != 0" (node_28) is false
[00:37:45.614] [bmv2] [D] [thread 91957] [83.0] [cxt 0] Pipeline 'egress': end
[00:37:45.614] [bmv2] [D] [thread 91957] [83.0] [cxt 0] Deparser 'deparser': start
[00:37:45.614] [bmv2] [T] [thread 91957] [83.0] [cxt 0] Skipping checksum 'cksum' update because condition not met
[00:37:45.614] [bmv2] [D] [thread 91957] [83.0] [cxt 0] Deparsing header 'ethernet'
[00:37:45.614] [bmv2] [D] [thread 91957] [83.0] [cxt 0] Deparsing header 'ipv6'
[00:37:45.614] [bmv2] [D] [thread 91957] [83.0] [cxt 0] Deparser 'deparser': end
[00:37:45.614] [bmv2] [D] [thread 91961] [83.0] [cxt 0] Transmitting packet of size 70 out of port 0
[00:37:49.710] [bmv2] [D] [thread 91956] [84.0] [cxt 0] Processing packet received on port 2
[00:37:49.711] [bmv2] [D] [thread 91956] [84.0] [cxt 0] Parser 'parser': start
[00:37:49.711] [bmv2] [D] [thread 91956] [84.0] [cxt 0] Parser 'parser' entering state 'start'
[00:37:49.711] [bmv2] [D] [thread 91956] [84.0] [cxt 0] Extracting header 'ethernet'
[00:37:49.711] [bmv2] [D] [thread 91956] [84.0] [cxt 0] Parser state 'start': key is 86dd
[00:37:49.711] [bmv2] [T] [thread 91956] [84.0] [cxt 0] Bytes parsed: 14
[00:37:49.711] [bmv2] [D] [thread 91956] [84.0] [cxt 0] Parser 'parser' entering state 'parse_ipv6'
[00:37:49.711] [bmv2] [D] [thread 91956] [84.0] [cxt 0] Extracting header 'ipv6'
[00:37:49.711] [bmv2] [D] [thread 91956] [84.0] [cxt 0] Parser state 'parse_ipv6': key is 3a
[00:37:49.711] [bmv2] [T] [thread 91956] [84.0] [cxt 0] Bytes parsed: 54
[00:37:49.711] [bmv2] [D] [thread 91956] [84.0] [cxt 0] Parser 'parser': end
[00:37:49.711] [bmv2] [D] [thread 91956] [84.0] [cxt 0] Pipeline 'ingress': start
[00:37:49.711] [bmv2] [T] [thread 91956] [84.0] [cxt 0] basic.p4(560) Condition "hdr.ethernet.etherType == TYPE_ARP" (node_2) is false
[00:37:49.711] [bmv2] [T] [thread 91956] [84.0] [cxt 0] basic.p4(563) Condition "hdr.ethernet.etherType == TYPE_SRCROUTING" (node_4) is false
[00:37:49.711] [bmv2] [T] [thread 91956] [84.0] [cxt 0] basic.p4(576) Condition "hdr.ethernet.etherType == TYPE_YEQUDESU" (node_12) is false
[00:37:49.711] [bmv2] [T] [thread 91956] [84.0] [cxt 0] basic.p4(582) Condition "hdr.vxlan.isValid()" (node_15) is false
[00:37:49.711] [bmv2] [T] [thread 91956] [84.0] [cxt 0] basic.p4(586) Condition "hdr.ipv6.isValid()" (node_17) is true
[00:37:49.711] [bmv2] [T] [thread 91956] [84.0] [cxt 0] Applying table 'MyIngress.ipv6_lpm'
[00:37:49.711] [bmv2] [D] [thread 91956] [84.0] [cxt 0] Looking up key:
* hdr.ipv6.dstAddr    : ff020000000000000000000000000002

[00:37:49.711] [bmv2] [D] [thread 91956] [84.0] [cxt 0] Table 'MyIngress.ipv6_lpm': miss
[00:37:49.711] [bmv2] [D] [thread 91956] [84.0] [cxt 0] Action entry is NoAction - 
[00:37:49.711] [bmv2] [T] [thread 91956] [84.0] [cxt 0] Action NoAction
[00:37:49.711] [bmv2] [D] [thread 91956] [84.0] [cxt 0] Pipeline 'ingress': end
[00:37:49.711] [bmv2] [D] [thread 91956] [84.0] [cxt 0] Egress port is 0
[00:37:49.711] [bmv2] [D] [thread 91956] [85.0] [cxt 0] Processing packet received on port 2
[00:37:49.711] [bmv2] [D] [thread 91956] [85.0] [cxt 0] Parser 'parser': start
[00:37:49.711] [bmv2] [D] [thread 91956] [85.0] [cxt 0] Parser 'parser' entering state 'start'
[00:37:49.711] [bmv2] [D] [thread 91956] [85.0] [cxt 0] Extracting header 'ethernet'
[00:37:49.711] [bmv2] [D] [thread 91956] [85.0] [cxt 0] Parser state 'start': key is 86dd
[00:37:49.711] [bmv2] [T] [thread 91956] [85.0] [cxt 0] Bytes parsed: 14
[00:37:49.711] [bmv2] [D] [thread 91956] [85.0] [cxt 0] Parser 'parser' entering state 'parse_ipv6'
[00:37:49.711] [bmv2] [D] [thread 91956] [85.0] [cxt 0] Extracting header 'ipv6'
[00:37:49.711] [bmv2] [D] [thread 91956] [85.0] [cxt 0] Parser state 'parse_ipv6': key is 3a
[00:37:49.711] [bmv2] [T] [thread 91956] [85.0] [cxt 0] Bytes parsed: 54
[00:37:49.711] [bmv2] [D] [thread 91956] [85.0] [cxt 0] Parser 'parser': end
[00:37:49.711] [bmv2] [D] [thread 91956] [85.0] [cxt 0] Pipeline 'ingress': start
[00:37:49.711] [bmv2] [T] [thread 91956] [85.0] [cxt 0] basic.p4(560) Condition "hdr.ethernet.etherType == TYPE_ARP" (node_2) is false
[00:37:49.711] [bmv2] [T] [thread 91956] [85.0] [cxt 0] basic.p4(563) Condition "hdr.ethernet.etherType == TYPE_SRCROUTING" (node_4) is false
[00:37:49.711] [bmv2] [T] [thread 91956] [85.0] [cxt 0] basic.p4(576) Condition "hdr.ethernet.etherType == TYPE_YEQUDESU" (node_12) is false
[00:37:49.711] [bmv2] [T] [thread 91956] [85.0] [cxt 0] basic.p4(582) Condition "hdr.vxlan.isValid()" (node_15) is false
[00:37:49.711] [bmv2] [T] [thread 91956] [85.0] [cxt 0] basic.p4(586) Condition "hdr.ipv6.isValid()" (node_17) is true
[00:37:49.711] [bmv2] [T] [thread 91956] [85.0] [cxt 0] Applying table 'MyIngress.ipv6_lpm'
[00:37:49.711] [bmv2] [D] [thread 91956] [85.0] [cxt 0] Looking up key:
* hdr.ipv6.dstAddr    : ff020000000000000000000000000002

[00:37:49.711] [bmv2] [D] [thread 91956] [85.0] [cxt 0] Table 'MyIngress.ipv6_lpm': miss
[00:37:49.711] [bmv2] [D] [thread 91956] [85.0] [cxt 0] Action entry is NoAction - 
[00:37:49.711] [bmv2] [T] [thread 91956] [85.0] [cxt 0] Action NoAction
[00:37:49.711] [bmv2] [D] [thread 91956] [85.0] [cxt 0] Pipeline 'ingress': end
[00:37:49.711] [bmv2] [D] [thread 91956] [85.0] [cxt 0] Egress port is 0
[00:37:49.711] [bmv2] [D] [thread 91957] [84.0] [cxt 0] Pipeline 'egress': start
[00:37:49.711] [bmv2] [T] [thread 91957] [84.0] [cxt 0] basic.p4(684) Condition "standard_metadata.mcast_grp != 0" (node_28) is false
[00:37:49.711] [bmv2] [D] [thread 91957] [84.0] [cxt 0] Pipeline 'egress': end
[00:37:49.711] [bmv2] [D] [thread 91957] [84.0] [cxt 0] Deparser 'deparser': start
[00:37:49.711] [bmv2] [T] [thread 91957] [84.0] [cxt 0] Skipping checksum 'cksum' update because condition not met
[00:37:49.711] [bmv2] [D] [thread 91957] [84.0] [cxt 0] Deparsing header 'ethernet'
[00:37:49.711] [bmv2] [D] [thread 91957] [84.0] [cxt 0] Deparsing header 'ipv6'
[00:37:49.711] [bmv2] [D] [thread 91957] [84.0] [cxt 0] Deparser 'deparser': end
[00:37:49.711] [bmv2] [D] [thread 91957] [85.0] [cxt 0] Pipeline 'egress': start
[00:37:49.711] [bmv2] [T] [thread 91957] [85.0] [cxt 0] basic.p4(684) Condition "standard_metadata.mcast_grp != 0" (node_28) is false
[00:37:49.711] [bmv2] [D] [thread 91957] [85.0] [cxt 0] Pipeline 'egress': end
[00:37:49.711] [bmv2] [D] [thread 91957] [85.0] [cxt 0] Deparser 'deparser': start
[00:37:49.711] [bmv2] [T] [thread 91957] [85.0] [cxt 0] Skipping checksum 'cksum' update because condition not met
[00:37:49.711] [bmv2] [D] [thread 91957] [85.0] [cxt 0] Deparsing header 'ethernet'
[00:37:49.711] [bmv2] [D] [thread 91957] [85.0] [cxt 0] Deparsing header 'ipv6'
[00:37:49.711] [bmv2] [D] [thread 91957] [85.0] [cxt 0] Deparser 'deparser': end
[00:37:49.711] [bmv2] [D] [thread 91961] [84.0] [cxt 0] Transmitting packet of size 70 out of port 0
[00:37:49.711] [bmv2] [D] [thread 91961] [85.0] [cxt 0] Transmitting packet of size 70 out of port 0
[00:38:38.862] [bmv2] [D] [thread 91956] [86.0] [cxt 0] Processing packet received on port 1
[00:38:38.862] [bmv2] [D] [thread 91956] [86.0] [cxt 0] Parser 'parser': start
[00:38:38.862] [bmv2] [D] [thread 91956] [86.0] [cxt 0] Parser 'parser' entering state 'start'
[00:38:38.862] [bmv2] [D] [thread 91956] [86.0] [cxt 0] Extracting header 'ethernet'
[00:38:38.862] [bmv2] [D] [thread 91956] [86.0] [cxt 0] Parser state 'start': key is 86dd
[00:38:38.862] [bmv2] [T] [thread 91956] [86.0] [cxt 0] Bytes parsed: 14
[00:38:38.862] [bmv2] [D] [thread 91956] [86.0] [cxt 0] Parser 'parser' entering state 'parse_ipv6'
[00:38:38.862] [bmv2] [D] [thread 91956] [86.0] [cxt 0] Extracting header 'ipv6'
[00:38:38.862] [bmv2] [D] [thread 91956] [86.0] [cxt 0] Parser state 'parse_ipv6': key is 3a
[00:38:38.862] [bmv2] [T] [thread 91956] [86.0] [cxt 0] Bytes parsed: 54
[00:38:38.862] [bmv2] [D] [thread 91956] [86.0] [cxt 0] Parser 'parser': end
[00:38:38.862] [bmv2] [D] [thread 91956] [86.0] [cxt 0] Pipeline 'ingress': start
[00:38:38.862] [bmv2] [T] [thread 91956] [86.0] [cxt 0] basic.p4(560) Condition "hdr.ethernet.etherType == TYPE_ARP" (node_2) is false
[00:38:38.862] [bmv2] [T] [thread 91956] [86.0] [cxt 0] basic.p4(563) Condition "hdr.ethernet.etherType == TYPE_SRCROUTING" (node_4) is false
[00:38:38.862] [bmv2] [T] [thread 91956] [86.0] [cxt 0] basic.p4(576) Condition "hdr.ethernet.etherType == TYPE_YEQUDESU" (node_12) is false
[00:38:38.862] [bmv2] [T] [thread 91956] [86.0] [cxt 0] basic.p4(582) Condition "hdr.vxlan.isValid()" (node_15) is false
[00:38:38.862] [bmv2] [T] [thread 91956] [86.0] [cxt 0] basic.p4(586) Condition "hdr.ipv6.isValid()" (node_17) is true
[00:38:38.862] [bmv2] [T] [thread 91956] [86.0] [cxt 0] Applying table 'MyIngress.ipv6_lpm'
[00:38:38.862] [bmv2] [D] [thread 91956] [86.0] [cxt 0] Looking up key:
* hdr.ipv6.dstAddr    : ff020000000000000000000000000002

[00:38:38.862] [bmv2] [D] [thread 91956] [86.0] [cxt 0] Table 'MyIngress.ipv6_lpm': miss
[00:38:38.862] [bmv2] [D] [thread 91956] [86.0] [cxt 0] Action entry is NoAction - 
[00:38:38.862] [bmv2] [T] [thread 91956] [86.0] [cxt 0] Action NoAction
[00:38:38.862] [bmv2] [D] [thread 91956] [86.0] [cxt 0] Pipeline 'ingress': end
[00:38:38.862] [bmv2] [D] [thread 91956] [86.0] [cxt 0] Egress port is 0
[00:38:38.862] [bmv2] [D] [thread 91957] [86.0] [cxt 0] Pipeline 'egress': start
[00:38:38.862] [bmv2] [T] [thread 91957] [86.0] [cxt 0] basic.p4(684) Condition "standard_metadata.mcast_grp != 0" (node_28) is false
[00:38:38.862] [bmv2] [D] [thread 91957] [86.0] [cxt 0] Pipeline 'egress': end
[00:38:38.862] [bmv2] [D] [thread 91957] [86.0] [cxt 0] Deparser 'deparser': start
[00:38:38.862] [bmv2] [T] [thread 91957] [86.0] [cxt 0] Skipping checksum 'cksum' update because condition not met
[00:38:38.862] [bmv2] [D] [thread 91957] [86.0] [cxt 0] Deparsing header 'ethernet'
[00:38:38.862] [bmv2] [D] [thread 91957] [86.0] [cxt 0] Deparsing header 'ipv6'
[00:38:38.862] [bmv2] [D] [thread 91957] [86.0] [cxt 0] Deparser 'deparser': end
[00:38:38.862] [bmv2] [D] [thread 91961] [86.0] [cxt 0] Transmitting packet of size 70 out of port 0
[00:38:46.899] [bmv2] [D] [thread 91956] [87.0] [cxt 0] Processing packet received on port 1
[00:38:46.899] [bmv2] [D] [thread 91956] [87.0] [cxt 0] Parser 'parser': start
[00:38:46.899] [bmv2] [D] [thread 91956] [87.0] [cxt 0] Parser 'parser' entering state 'start'
[00:38:46.899] [bmv2] [D] [thread 91956] [87.0] [cxt 0] Extracting header 'ethernet'
[00:38:46.899] [bmv2] [D] [thread 91956] [87.0] [cxt 0] Parser state 'start': key is 86dd
[00:38:46.899] [bmv2] [T] [thread 91956] [87.0] [cxt 0] Bytes parsed: 14
[00:38:46.899] [bmv2] [D] [thread 91956] [87.0] [cxt 0] Parser 'parser' entering state 'parse_ipv6'
[00:38:46.899] [bmv2] [D] [thread 91956] [87.0] [cxt 0] Extracting header 'ipv6'
[00:38:46.899] [bmv2] [D] [thread 91956] [87.0] [cxt 0] Parser state 'parse_ipv6': key is 11
[00:38:46.899] [bmv2] [T] [thread 91956] [87.0] [cxt 0] Bytes parsed: 54
[00:38:46.899] [bmv2] [D] [thread 91956] [87.0] [cxt 0] Parser 'parser': end
[00:38:46.899] [bmv2] [D] [thread 91956] [87.0] [cxt 0] Pipeline 'ingress': start
[00:38:46.899] [bmv2] [T] [thread 91956] [87.0] [cxt 0] basic.p4(560) Condition "hdr.ethernet.etherType == TYPE_ARP" (node_2) is false
[00:38:46.899] [bmv2] [T] [thread 91956] [87.0] [cxt 0] basic.p4(563) Condition "hdr.ethernet.etherType == TYPE_SRCROUTING" (node_4) is false
[00:38:46.899] [bmv2] [T] [thread 91956] [87.0] [cxt 0] basic.p4(576) Condition "hdr.ethernet.etherType == TYPE_YEQUDESU" (node_12) is false
[00:38:46.899] [bmv2] [T] [thread 91956] [87.0] [cxt 0] basic.p4(582) Condition "hdr.vxlan.isValid()" (node_15) is false
[00:38:46.899] [bmv2] [T] [thread 91956] [87.0] [cxt 0] basic.p4(586) Condition "hdr.ipv6.isValid()" (node_17) is true
[00:38:46.899] [bmv2] [T] [thread 91956] [87.0] [cxt 0] Applying table 'MyIngress.ipv6_lpm'
[00:38:46.899] [bmv2] [D] [thread 91956] [87.0] [cxt 0] Looking up key:
* hdr.ipv6.dstAddr    : ff0200000000000000000000000000fb

[00:38:46.899] [bmv2] [D] [thread 91956] [87.0] [cxt 0] Table 'MyIngress.ipv6_lpm': miss
[00:38:46.899] [bmv2] [D] [thread 91956] [87.0] [cxt 0] Action entry is NoAction - 
[00:38:46.899] [bmv2] [T] [thread 91956] [87.0] [cxt 0] Action NoAction
[00:38:46.899] [bmv2] [D] [thread 91956] [87.0] [cxt 0] Pipeline 'ingress': end
[00:38:46.899] [bmv2] [D] [thread 91956] [87.0] [cxt 0] Egress port is 0
[00:38:46.899] [bmv2] [D] [thread 91957] [87.0] [cxt 0] Pipeline 'egress': start
[00:38:46.899] [bmv2] [T] [thread 91957] [87.0] [cxt 0] basic.p4(684) Condition "standard_metadata.mcast_grp != 0" (node_28) is false
[00:38:46.899] [bmv2] [D] [thread 91957] [87.0] [cxt 0] Pipeline 'egress': end
[00:38:46.899] [bmv2] [D] [thread 91957] [87.0] [cxt 0] Deparser 'deparser': start
[00:38:46.899] [bmv2] [T] [thread 91957] [87.0] [cxt 0] Skipping checksum 'cksum' update because condition not met
[00:38:46.899] [bmv2] [D] [thread 91957] [87.0] [cxt 0] Deparsing header 'ethernet'
[00:38:46.899] [bmv2] [D] [thread 91957] [87.0] [cxt 0] Deparsing header 'ipv6'
[00:38:46.899] [bmv2] [D] [thread 91957] [87.0] [cxt 0] Deparser 'deparser': end
[00:38:46.899] [bmv2] [D] [thread 91961] [87.0] [cxt 0] Transmitting packet of size 203 out of port 0
[00:38:47.121] [bmv2] [D] [thread 91956] [88.0] [cxt 0] Processing packet received on port 2
[00:38:47.121] [bmv2] [D] [thread 91956] [88.0] [cxt 0] Parser 'parser': start
[00:38:47.121] [bmv2] [D] [thread 91956] [88.0] [cxt 0] Parser 'parser' entering state 'start'
[00:38:47.121] [bmv2] [D] [thread 91956] [88.0] [cxt 0] Extracting header 'ethernet'
[00:38:47.121] [bmv2] [D] [thread 91956] [88.0] [cxt 0] Parser state 'start': key is 86dd
[00:38:47.121] [bmv2] [T] [thread 91956] [88.0] [cxt 0] Bytes parsed: 14
[00:38:47.121] [bmv2] [D] [thread 91956] [88.0] [cxt 0] Parser 'parser' entering state 'parse_ipv6'
[00:38:47.121] [bmv2] [D] [thread 91956] [88.0] [cxt 0] Extracting header 'ipv6'
[00:38:47.121] [bmv2] [D] [thread 91956] [88.0] [cxt 0] Parser state 'parse_ipv6': key is 11
[00:38:47.121] [bmv2] [T] [thread 91956] [88.0] [cxt 0] Bytes parsed: 54
[00:38:47.122] [bmv2] [D] [thread 91956] [88.0] [cxt 0] Parser 'parser': end
[00:38:47.122] [bmv2] [D] [thread 91956] [88.0] [cxt 0] Pipeline 'ingress': start
[00:38:47.122] [bmv2] [T] [thread 91956] [88.0] [cxt 0] basic.p4(560) Condition "hdr.ethernet.etherType == TYPE_ARP" (node_2) is false
[00:38:47.122] [bmv2] [T] [thread 91956] [88.0] [cxt 0] basic.p4(563) Condition "hdr.ethernet.etherType == TYPE_SRCROUTING" (node_4) is false
[00:38:47.122] [bmv2] [T] [thread 91956] [88.0] [cxt 0] basic.p4(576) Condition "hdr.ethernet.etherType == TYPE_YEQUDESU" (node_12) is false
[00:38:47.122] [bmv2] [T] [thread 91956] [88.0] [cxt 0] basic.p4(582) Condition "hdr.vxlan.isValid()" (node_15) is false
[00:38:47.122] [bmv2] [T] [thread 91956] [88.0] [cxt 0] basic.p4(586) Condition "hdr.ipv6.isValid()" (node_17) is true
[00:38:47.122] [bmv2] [T] [thread 91956] [88.0] [cxt 0] Applying table 'MyIngress.ipv6_lpm'
[00:38:47.122] [bmv2] [D] [thread 91956] [88.0] [cxt 0] Looking up key:
* hdr.ipv6.dstAddr    : ff0200000000000000000000000000fb

[00:38:47.122] [bmv2] [D] [thread 91956] [88.0] [cxt 0] Table 'MyIngress.ipv6_lpm': miss
[00:38:47.122] [bmv2] [D] [thread 91956] [88.0] [cxt 0] Action entry is NoAction - 
[00:38:47.122] [bmv2] [T] [thread 91956] [88.0] [cxt 0] Action NoAction
[00:38:47.122] [bmv2] [D] [thread 91956] [88.0] [cxt 0] Pipeline 'ingress': end
[00:38:47.122] [bmv2] [D] [thread 91956] [88.0] [cxt 0] Egress port is 0
[00:38:47.122] [bmv2] [D] [thread 91957] [88.0] [cxt 0] Pipeline 'egress': start
[00:38:47.122] [bmv2] [T] [thread 91957] [88.0] [cxt 0] basic.p4(684) Condition "standard_metadata.mcast_grp != 0" (node_28) is false
[00:38:47.122] [bmv2] [D] [thread 91957] [88.0] [cxt 0] Pipeline 'egress': end
[00:38:47.122] [bmv2] [D] [thread 91957] [88.0] [cxt 0] Deparser 'deparser': start
[00:38:47.122] [bmv2] [T] [thread 91957] [88.0] [cxt 0] Skipping checksum 'cksum' update because condition not met
[00:38:47.122] [bmv2] [D] [thread 91957] [88.0] [cxt 0] Deparsing header 'ethernet'
[00:38:47.122] [bmv2] [D] [thread 91957] [88.0] [cxt 0] Deparsing header 'ipv6'
[00:38:47.122] [bmv2] [D] [thread 91957] [88.0] [cxt 0] Deparser 'deparser': end
[00:38:47.122] [bmv2] [D] [thread 91961] [88.0] [cxt 0] Transmitting packet of size 203 out of port 0
[00:38:47.252] [bmv2] [D] [thread 91956] [89.0] [cxt 0] Processing packet received on port 1
[00:38:47.252] [bmv2] [D] [thread 91956] [89.0] [cxt 0] Parser 'parser': start
[00:38:47.252] [bmv2] [D] [thread 91956] [89.0] [cxt 0] Parser 'parser' entering state 'start'
[00:38:47.252] [bmv2] [D] [thread 91956] [89.0] [cxt 0] Extracting header 'ethernet'
[00:38:47.252] [bmv2] [D] [thread 91956] [89.0] [cxt 0] Parser state 'start': key is 86dd
[00:38:47.252] [bmv2] [T] [thread 91956] [89.0] [cxt 0] Bytes parsed: 14
[00:38:47.252] [bmv2] [D] [thread 91956] [89.0] [cxt 0] Parser 'parser' entering state 'parse_ipv6'
[00:38:47.252] [bmv2] [D] [thread 91956] [89.0] [cxt 0] Extracting header 'ipv6'
[00:38:47.252] [bmv2] [D] [thread 91956] [89.0] [cxt 0] Parser state 'parse_ipv6': key is 11
[00:38:47.252] [bmv2] [T] [thread 91956] [89.0] [cxt 0] Bytes parsed: 54
[00:38:47.252] [bmv2] [D] [thread 91956] [89.0] [cxt 0] Parser 'parser': end
[00:38:47.252] [bmv2] [D] [thread 91956] [89.0] [cxt 0] Pipeline 'ingress': start
[00:38:47.252] [bmv2] [T] [thread 91956] [89.0] [cxt 0] basic.p4(560) Condition "hdr.ethernet.etherType == TYPE_ARP" (node_2) is false
[00:38:47.252] [bmv2] [T] [thread 91956] [89.0] [cxt 0] basic.p4(563) Condition "hdr.ethernet.etherType == TYPE_SRCROUTING" (node_4) is false
[00:38:47.252] [bmv2] [T] [thread 91956] [89.0] [cxt 0] basic.p4(576) Condition "hdr.ethernet.etherType == TYPE_YEQUDESU" (node_12) is false
[00:38:47.252] [bmv2] [T] [thread 91956] [89.0] [cxt 0] basic.p4(582) Condition "hdr.vxlan.isValid()" (node_15) is false
[00:38:47.252] [bmv2] [T] [thread 91956] [89.0] [cxt 0] basic.p4(586) Condition "hdr.ipv6.isValid()" (node_17) is true
[00:38:47.252] [bmv2] [T] [thread 91956] [89.0] [cxt 0] Applying table 'MyIngress.ipv6_lpm'
[00:38:47.252] [bmv2] [D] [thread 91956] [89.0] [cxt 0] Looking up key:
* hdr.ipv6.dstAddr    : ff0200000000000000000000000000fb

[00:38:47.252] [bmv2] [D] [thread 91956] [89.0] [cxt 0] Table 'MyIngress.ipv6_lpm': miss
[00:38:47.252] [bmv2] [D] [thread 91956] [89.0] [cxt 0] Action entry is NoAction - 
[00:38:47.252] [bmv2] [T] [thread 91956] [89.0] [cxt 0] Action NoAction
[00:38:47.252] [bmv2] [D] [thread 91956] [89.0] [cxt 0] Pipeline 'ingress': end
[00:38:47.252] [bmv2] [D] [thread 91956] [89.0] [cxt 0] Egress port is 0
[00:38:47.252] [bmv2] [D] [thread 91957] [89.0] [cxt 0] Pipeline 'egress': start
[00:38:47.252] [bmv2] [T] [thread 91957] [89.0] [cxt 0] basic.p4(684) Condition "standard_metadata.mcast_grp != 0" (node_28) is false
[00:38:47.252] [bmv2] [D] [thread 91957] [89.0] [cxt 0] Pipeline 'egress': end
[00:38:47.252] [bmv2] [D] [thread 91957] [89.0] [cxt 0] Deparser 'deparser': start
[00:38:47.252] [bmv2] [T] [thread 91957] [89.0] [cxt 0] Skipping checksum 'cksum' update because condition not met
[00:38:47.252] [bmv2] [D] [thread 91957] [89.0] [cxt 0] Deparsing header 'ethernet'
[00:38:47.252] [bmv2] [D] [thread 91957] [89.0] [cxt 0] Deparsing header 'ipv6'
[00:38:47.252] [bmv2] [D] [thread 91957] [89.0] [cxt 0] Deparser 'deparser': end
[00:38:47.252] [bmv2] [D] [thread 91961] [89.0] [cxt 0] Transmitting packet of size 203 out of port 0
[00:38:47.571] [bmv2] [D] [thread 91956] [90.0] [cxt 0] Processing packet received on port 2
[00:38:47.571] [bmv2] [D] [thread 91956] [90.0] [cxt 0] Parser 'parser': start
[00:38:47.571] [bmv2] [D] [thread 91956] [90.0] [cxt 0] Parser 'parser' entering state 'start'
[00:38:47.571] [bmv2] [D] [thread 91956] [90.0] [cxt 0] Extracting header 'ethernet'
[00:38:47.571] [bmv2] [D] [thread 91956] [90.0] [cxt 0] Parser state 'start': key is 86dd
[00:38:47.571] [bmv2] [T] [thread 91956] [90.0] [cxt 0] Bytes parsed: 14
[00:38:47.571] [bmv2] [D] [thread 91956] [90.0] [cxt 0] Parser 'parser' entering state 'parse_ipv6'
[00:38:47.571] [bmv2] [D] [thread 91956] [90.0] [cxt 0] Extracting header 'ipv6'
[00:38:47.571] [bmv2] [D] [thread 91956] [90.0] [cxt 0] Parser state 'parse_ipv6': key is 11
[00:38:47.571] [bmv2] [T] [thread 91956] [90.0] [cxt 0] Bytes parsed: 54
[00:38:47.571] [bmv2] [D] [thread 91956] [90.0] [cxt 0] Parser 'parser': end
[00:38:47.571] [bmv2] [D] [thread 91956] [90.0] [cxt 0] Pipeline 'ingress': start
[00:38:47.571] [bmv2] [T] [thread 91956] [90.0] [cxt 0] basic.p4(560) Condition "hdr.ethernet.etherType == TYPE_ARP" (node_2) is false
[00:38:47.571] [bmv2] [T] [thread 91956] [90.0] [cxt 0] basic.p4(563) Condition "hdr.ethernet.etherType == TYPE_SRCROUTING" (node_4) is false
[00:38:47.571] [bmv2] [T] [thread 91956] [90.0] [cxt 0] basic.p4(576) Condition "hdr.ethernet.etherType == TYPE_YEQUDESU" (node_12) is false
[00:38:47.571] [bmv2] [T] [thread 91956] [90.0] [cxt 0] basic.p4(582) Condition "hdr.vxlan.isValid()" (node_15) is false
[00:38:47.571] [bmv2] [T] [thread 91956] [90.0] [cxt 0] basic.p4(586) Condition "hdr.ipv6.isValid()" (node_17) is true
[00:38:47.571] [bmv2] [T] [thread 91956] [90.0] [cxt 0] Applying table 'MyIngress.ipv6_lpm'
[00:38:47.571] [bmv2] [D] [thread 91956] [90.0] [cxt 0] Looking up key:
* hdr.ipv6.dstAddr    : ff0200000000000000000000000000fb

[00:38:47.571] [bmv2] [D] [thread 91956] [90.0] [cxt 0] Table 'MyIngress.ipv6_lpm': miss
[00:38:47.571] [bmv2] [D] [thread 91956] [90.0] [cxt 0] Action entry is NoAction - 
[00:38:47.571] [bmv2] [T] [thread 91956] [90.0] [cxt 0] Action NoAction
[00:38:47.571] [bmv2] [D] [thread 91956] [90.0] [cxt 0] Pipeline 'ingress': end
[00:38:47.571] [bmv2] [D] [thread 91956] [90.0] [cxt 0] Egress port is 0
[00:38:47.571] [bmv2] [D] [thread 91957] [90.0] [cxt 0] Pipeline 'egress': start
[00:38:47.571] [bmv2] [T] [thread 91957] [90.0] [cxt 0] basic.p4(684) Condition "standard_metadata.mcast_grp != 0" (node_28) is false
[00:38:47.571] [bmv2] [D] [thread 91957] [90.0] [cxt 0] Pipeline 'egress': end
[00:38:47.571] [bmv2] [D] [thread 91957] [90.0] [cxt 0] Deparser 'deparser': start
[00:38:47.571] [bmv2] [T] [thread 91957] [90.0] [cxt 0] Skipping checksum 'cksum' update because condition not met
[00:38:47.571] [bmv2] [D] [thread 91957] [90.0] [cxt 0] Deparsing header 'ethernet'
[00:38:47.571] [bmv2] [D] [thread 91957] [90.0] [cxt 0] Deparsing header 'ipv6'
[00:38:47.571] [bmv2] [D] [thread 91957] [90.0] [cxt 0] Deparser 'deparser': end
[00:38:47.571] [bmv2] [D] [thread 91961] [90.0] [cxt 0] Transmitting packet of size 203 out of port 0
[00:38:59.343] [bmv2] [D] [thread 91956] [91.0] [cxt 0] Processing packet received on port 1
[00:38:59.343] [bmv2] [D] [thread 91956] [91.0] [cxt 0] Parser 'parser': start
[00:38:59.343] [bmv2] [D] [thread 91956] [91.0] [cxt 0] Parser 'parser' entering state 'start'
[00:38:59.343] [bmv2] [D] [thread 91956] [91.0] [cxt 0] Extracting header 'ethernet'
[00:38:59.343] [bmv2] [D] [thread 91956] [91.0] [cxt 0] Parser state 'start': key is 86dd
[00:38:59.343] [bmv2] [T] [thread 91956] [91.0] [cxt 0] Bytes parsed: 14
[00:38:59.343] [bmv2] [D] [thread 91956] [91.0] [cxt 0] Parser 'parser' entering state 'parse_ipv6'
[00:38:59.343] [bmv2] [D] [thread 91956] [91.0] [cxt 0] Extracting header 'ipv6'
[00:38:59.343] [bmv2] [D] [thread 91956] [91.0] [cxt 0] Parser state 'parse_ipv6': key is 3a
[00:38:59.343] [bmv2] [T] [thread 91956] [91.0] [cxt 0] Bytes parsed: 54
[00:38:59.343] [bmv2] [D] [thread 91956] [91.0] [cxt 0] Parser 'parser': end
[00:38:59.343] [bmv2] [D] [thread 91956] [91.0] [cxt 0] Pipeline 'ingress': start
[00:38:59.343] [bmv2] [T] [thread 91956] [91.0] [cxt 0] basic.p4(560) Condition "hdr.ethernet.etherType == TYPE_ARP" (node_2) is false
[00:38:59.343] [bmv2] [T] [thread 91956] [91.0] [cxt 0] basic.p4(563) Condition "hdr.ethernet.etherType == TYPE_SRCROUTING" (node_4) is false
[00:38:59.343] [bmv2] [T] [thread 91956] [91.0] [cxt 0] basic.p4(576) Condition "hdr.ethernet.etherType == TYPE_YEQUDESU" (node_12) is false
[00:38:59.343] [bmv2] [T] [thread 91956] [91.0] [cxt 0] basic.p4(582) Condition "hdr.vxlan.isValid()" (node_15) is false
[00:38:59.343] [bmv2] [T] [thread 91956] [91.0] [cxt 0] basic.p4(586) Condition "hdr.ipv6.isValid()" (node_17) is true
[00:38:59.343] [bmv2] [T] [thread 91956] [91.0] [cxt 0] Applying table 'MyIngress.ipv6_lpm'
[00:38:59.343] [bmv2] [D] [thread 91956] [91.0] [cxt 0] Looking up key:
* hdr.ipv6.dstAddr    : ff020000000000000000000000000002

[00:38:59.343] [bmv2] [D] [thread 91956] [91.0] [cxt 0] Table 'MyIngress.ipv6_lpm': miss
[00:38:59.343] [bmv2] [D] [thread 91956] [91.0] [cxt 0] Action entry is NoAction - 
[00:38:59.343] [bmv2] [T] [thread 91956] [91.0] [cxt 0] Action NoAction
[00:38:59.343] [bmv2] [D] [thread 91956] [91.0] [cxt 0] Pipeline 'ingress': end
[00:38:59.343] [bmv2] [D] [thread 91956] [91.0] [cxt 0] Egress port is 0
[00:38:59.343] [bmv2] [D] [thread 91957] [91.0] [cxt 0] Pipeline 'egress': start
[00:38:59.343] [bmv2] [T] [thread 91957] [91.0] [cxt 0] basic.p4(684) Condition "standard_metadata.mcast_grp != 0" (node_28) is false
[00:38:59.343] [bmv2] [D] [thread 91957] [91.0] [cxt 0] Pipeline 'egress': end
[00:38:59.343] [bmv2] [D] [thread 91957] [91.0] [cxt 0] Deparser 'deparser': start
[00:38:59.343] [bmv2] [T] [thread 91957] [91.0] [cxt 0] Skipping checksum 'cksum' update because condition not met
[00:38:59.343] [bmv2] [D] [thread 91957] [91.0] [cxt 0] Deparsing header 'ethernet'
[00:38:59.343] [bmv2] [D] [thread 91957] [91.0] [cxt 0] Deparsing header 'ipv6'
[00:38:59.343] [bmv2] [D] [thread 91957] [91.0] [cxt 0] Deparser 'deparser': end
[00:38:59.343] [bmv2] [D] [thread 91961] [91.0] [cxt 0] Transmitting packet of size 70 out of port 0
[00:39:03.437] [bmv2] [D] [thread 91956] [92.0] [cxt 0] Processing packet received on port 2
[00:39:03.438] [bmv2] [D] [thread 91956] [92.0] [cxt 0] Parser 'parser': start
[00:39:03.438] [bmv2] [D] [thread 91956] [92.0] [cxt 0] Parser 'parser' entering state 'start'
[00:39:03.438] [bmv2] [D] [thread 91956] [92.0] [cxt 0] Extracting header 'ethernet'
[00:39:03.438] [bmv2] [D] [thread 91956] [92.0] [cxt 0] Parser state 'start': key is 86dd
[00:39:03.438] [bmv2] [T] [thread 91956] [92.0] [cxt 0] Bytes parsed: 14
[00:39:03.438] [bmv2] [D] [thread 91956] [92.0] [cxt 0] Parser 'parser' entering state 'parse_ipv6'
[00:39:03.438] [bmv2] [D] [thread 91956] [92.0] [cxt 0] Extracting header 'ipv6'
[00:39:03.438] [bmv2] [D] [thread 91956] [92.0] [cxt 0] Parser state 'parse_ipv6': key is 3a
[00:39:03.438] [bmv2] [T] [thread 91956] [92.0] [cxt 0] Bytes parsed: 54
[00:39:03.438] [bmv2] [D] [thread 91956] [92.0] [cxt 0] Parser 'parser': end
[00:39:03.438] [bmv2] [D] [thread 91956] [92.0] [cxt 0] Pipeline 'ingress': start
[00:39:03.438] [bmv2] [T] [thread 91956] [92.0] [cxt 0] basic.p4(560) Condition "hdr.ethernet.etherType == TYPE_ARP" (node_2) is false
[00:39:03.438] [bmv2] [T] [thread 91956] [92.0] [cxt 0] basic.p4(563) Condition "hdr.ethernet.etherType == TYPE_SRCROUTING" (node_4) is false
[00:39:03.438] [bmv2] [T] [thread 91956] [92.0] [cxt 0] basic.p4(576) Condition "hdr.ethernet.etherType == TYPE_YEQUDESU" (node_12) is false
[00:39:03.438] [bmv2] [T] [thread 91956] [92.0] [cxt 0] basic.p4(582) Condition "hdr.vxlan.isValid()" (node_15) is false
[00:39:03.438] [bmv2] [T] [thread 91956] [92.0] [cxt 0] basic.p4(586) Condition "hdr.ipv6.isValid()" (node_17) is true
[00:39:03.438] [bmv2] [T] [thread 91956] [92.0] [cxt 0] Applying table 'MyIngress.ipv6_lpm'
[00:39:03.438] [bmv2] [D] [thread 91956] [92.0] [cxt 0] Looking up key:
* hdr.ipv6.dstAddr    : ff020000000000000000000000000002

[00:39:03.438] [bmv2] [D] [thread 91956] [92.0] [cxt 0] Table 'MyIngress.ipv6_lpm': miss
[00:39:03.438] [bmv2] [D] [thread 91956] [92.0] [cxt 0] Action entry is NoAction - 
[00:39:03.438] [bmv2] [T] [thread 91956] [92.0] [cxt 0] Action NoAction
[00:39:03.438] [bmv2] [D] [thread 91956] [92.0] [cxt 0] Pipeline 'ingress': end
[00:39:03.438] [bmv2] [D] [thread 91956] [92.0] [cxt 0] Egress port is 0
[00:39:03.438] [bmv2] [D] [thread 91957] [92.0] [cxt 0] Pipeline 'egress': start
[00:39:03.438] [bmv2] [T] [thread 91957] [92.0] [cxt 0] basic.p4(684) Condition "standard_metadata.mcast_grp != 0" (node_28) is false
[00:39:03.438] [bmv2] [D] [thread 91957] [92.0] [cxt 0] Pipeline 'egress': end
[00:39:03.438] [bmv2] [D] [thread 91957] [92.0] [cxt 0] Deparser 'deparser': start
[00:39:03.438] [bmv2] [T] [thread 91957] [92.0] [cxt 0] Skipping checksum 'cksum' update because condition not met
[00:39:03.438] [bmv2] [D] [thread 91957] [92.0] [cxt 0] Deparsing header 'ethernet'
[00:39:03.438] [bmv2] [D] [thread 91957] [92.0] [cxt 0] Deparsing header 'ipv6'
[00:39:03.438] [bmv2] [D] [thread 91957] [92.0] [cxt 0] Deparser 'deparser': end
[00:39:03.438] [bmv2] [D] [thread 91961] [92.0] [cxt 0] Transmitting packet of size 70 out of port 0
[00:39:07.535] [bmv2] [D] [thread 91956] [93.0] [cxt 0] Processing packet received on port 2
[00:39:07.535] [bmv2] [D] [thread 91956] [93.0] [cxt 0] Parser 'parser': start
[00:39:07.535] [bmv2] [D] [thread 91956] [93.0] [cxt 0] Parser 'parser' entering state 'start'
[00:39:07.535] [bmv2] [D] [thread 91956] [93.0] [cxt 0] Extracting header 'ethernet'
[00:39:07.535] [bmv2] [D] [thread 91956] [93.0] [cxt 0] Parser state 'start': key is 86dd
[00:39:07.535] [bmv2] [T] [thread 91956] [93.0] [cxt 0] Bytes parsed: 14
[00:39:07.535] [bmv2] [D] [thread 91956] [93.0] [cxt 0] Parser 'parser' entering state 'parse_ipv6'
[00:39:07.535] [bmv2] [D] [thread 91956] [93.0] [cxt 0] Extracting header 'ipv6'
[00:39:07.535] [bmv2] [D] [thread 91956] [93.0] [cxt 0] Parser state 'parse_ipv6': key is 3a
[00:39:07.535] [bmv2] [T] [thread 91956] [93.0] [cxt 0] Bytes parsed: 54
[00:39:07.535] [bmv2] [D] [thread 91956] [93.0] [cxt 0] Parser 'parser': end
[00:39:07.535] [bmv2] [D] [thread 91956] [93.0] [cxt 0] Pipeline 'ingress': start
[00:39:07.535] [bmv2] [T] [thread 91956] [93.0] [cxt 0] basic.p4(560) Condition "hdr.ethernet.etherType == TYPE_ARP" (node_2) is false
[00:39:07.535] [bmv2] [T] [thread 91956] [93.0] [cxt 0] basic.p4(563) Condition "hdr.ethernet.etherType == TYPE_SRCROUTING" (node_4) is false
[00:39:07.535] [bmv2] [T] [thread 91956] [93.0] [cxt 0] basic.p4(576) Condition "hdr.ethernet.etherType == TYPE_YEQUDESU" (node_12) is false
[00:39:07.535] [bmv2] [T] [thread 91956] [93.0] [cxt 0] basic.p4(582) Condition "hdr.vxlan.isValid()" (node_15) is false
[00:39:07.535] [bmv2] [T] [thread 91956] [93.0] [cxt 0] basic.p4(586) Condition "hdr.ipv6.isValid()" (node_17) is true
[00:39:07.535] [bmv2] [T] [thread 91956] [93.0] [cxt 0] Applying table 'MyIngress.ipv6_lpm'
[00:39:07.535] [bmv2] [D] [thread 91956] [93.0] [cxt 0] Looking up key:
* hdr.ipv6.dstAddr    : ff020000000000000000000000000002

[00:39:07.535] [bmv2] [D] [thread 91956] [93.0] [cxt 0] Table 'MyIngress.ipv6_lpm': miss
[00:39:07.535] [bmv2] [D] [thread 91956] [93.0] [cxt 0] Action entry is NoAction - 
[00:39:07.535] [bmv2] [T] [thread 91956] [93.0] [cxt 0] Action NoAction
[00:39:07.535] [bmv2] [D] [thread 91956] [93.0] [cxt 0] Pipeline 'ingress': end
[00:39:07.535] [bmv2] [D] [thread 91956] [93.0] [cxt 0] Egress port is 0
[00:39:07.536] [bmv2] [D] [thread 91957] [93.0] [cxt 0] Pipeline 'egress': start
[00:39:07.536] [bmv2] [T] [thread 91957] [93.0] [cxt 0] basic.p4(684) Condition "standard_metadata.mcast_grp != 0" (node_28) is false
[00:39:07.536] [bmv2] [D] [thread 91957] [93.0] [cxt 0] Pipeline 'egress': end
[00:39:07.536] [bmv2] [D] [thread 91957] [93.0] [cxt 0] Deparser 'deparser': start
[00:39:07.536] [bmv2] [T] [thread 91957] [93.0] [cxt 0] Skipping checksum 'cksum' update because condition not met
[00:39:07.536] [bmv2] [D] [thread 91957] [93.0] [cxt 0] Deparsing header 'ethernet'
[00:39:07.536] [bmv2] [D] [thread 91957] [93.0] [cxt 0] Deparsing header 'ipv6'
[00:39:07.536] [bmv2] [D] [thread 91957] [93.0] [cxt 0] Deparser 'deparser': end
[00:39:07.536] [bmv2] [D] [thread 91961] [93.0] [cxt 0] Transmitting packet of size 70 out of port 0
[00:40:45.838] [bmv2] [D] [thread 91956] [94.0] [cxt 0] Processing packet received on port 1
[00:40:45.838] [bmv2] [D] [thread 91956] [94.0] [cxt 0] Parser 'parser': start
[00:40:45.838] [bmv2] [D] [thread 91956] [94.0] [cxt 0] Parser 'parser' entering state 'start'
[00:40:45.838] [bmv2] [D] [thread 91956] [94.0] [cxt 0] Extracting header 'ethernet'
[00:40:45.838] [bmv2] [D] [thread 91956] [94.0] [cxt 0] Parser state 'start': key is 86dd
[00:40:45.838] [bmv2] [T] [thread 91956] [94.0] [cxt 0] Bytes parsed: 14
[00:40:45.838] [bmv2] [D] [thread 91956] [94.0] [cxt 0] Parser 'parser' entering state 'parse_ipv6'
[00:40:45.838] [bmv2] [D] [thread 91956] [94.0] [cxt 0] Extracting header 'ipv6'
[00:40:45.838] [bmv2] [D] [thread 91956] [94.0] [cxt 0] Parser state 'parse_ipv6': key is 3a
[00:40:45.838] [bmv2] [T] [thread 91956] [94.0] [cxt 0] Bytes parsed: 54
[00:40:45.838] [bmv2] [D] [thread 91956] [94.0] [cxt 0] Parser 'parser': end
[00:40:45.838] [bmv2] [D] [thread 91956] [94.0] [cxt 0] Pipeline 'ingress': start
[00:40:45.838] [bmv2] [T] [thread 91956] [94.0] [cxt 0] basic.p4(560) Condition "hdr.ethernet.etherType == TYPE_ARP" (node_2) is false
[00:40:45.838] [bmv2] [T] [thread 91956] [94.0] [cxt 0] basic.p4(563) Condition "hdr.ethernet.etherType == TYPE_SRCROUTING" (node_4) is false
[00:40:45.838] [bmv2] [T] [thread 91956] [94.0] [cxt 0] basic.p4(576) Condition "hdr.ethernet.etherType == TYPE_YEQUDESU" (node_12) is false
[00:40:45.838] [bmv2] [T] [thread 91956] [94.0] [cxt 0] basic.p4(582) Condition "hdr.vxlan.isValid()" (node_15) is false
[00:40:45.838] [bmv2] [T] [thread 91956] [94.0] [cxt 0] basic.p4(586) Condition "hdr.ipv6.isValid()" (node_17) is true
[00:40:45.838] [bmv2] [T] [thread 91956] [94.0] [cxt 0] Applying table 'MyIngress.ipv6_lpm'
[00:40:45.838] [bmv2] [D] [thread 91956] [94.0] [cxt 0] Looking up key:
* hdr.ipv6.dstAddr    : ff020000000000000000000000000002

[00:40:45.838] [bmv2] [D] [thread 91956] [94.0] [cxt 0] Table 'MyIngress.ipv6_lpm': miss
[00:40:45.838] [bmv2] [D] [thread 91956] [94.0] [cxt 0] Action entry is NoAction - 
[00:40:45.838] [bmv2] [T] [thread 91956] [94.0] [cxt 0] Action NoAction
[00:40:45.838] [bmv2] [D] [thread 91956] [94.0] [cxt 0] Pipeline 'ingress': end
[00:40:45.838] [bmv2] [D] [thread 91956] [94.0] [cxt 0] Egress port is 0
[00:40:45.839] [bmv2] [D] [thread 91957] [94.0] [cxt 0] Pipeline 'egress': start
[00:40:45.839] [bmv2] [T] [thread 91957] [94.0] [cxt 0] basic.p4(684) Condition "standard_metadata.mcast_grp != 0" (node_28) is false
[00:40:45.839] [bmv2] [D] [thread 91957] [94.0] [cxt 0] Pipeline 'egress': end
[00:40:45.839] [bmv2] [D] [thread 91957] [94.0] [cxt 0] Deparser 'deparser': start
[00:40:45.839] [bmv2] [T] [thread 91957] [94.0] [cxt 0] Skipping checksum 'cksum' update because condition not met
[00:40:45.839] [bmv2] [D] [thread 91957] [94.0] [cxt 0] Deparsing header 'ethernet'
[00:40:45.839] [bmv2] [D] [thread 91957] [94.0] [cxt 0] Deparsing header 'ipv6'
[00:40:45.839] [bmv2] [D] [thread 91957] [94.0] [cxt 0] Deparser 'deparser': end
[00:40:45.839] [bmv2] [D] [thread 91961] [94.0] [cxt 0] Transmitting packet of size 70 out of port 0
[00:40:54.903] [bmv2] [D] [thread 91956] [95.0] [cxt 0] Processing packet received on port 1
[00:40:54.904] [bmv2] [D] [thread 91956] [95.0] [cxt 0] Parser 'parser': start
[00:40:54.904] [bmv2] [D] [thread 91956] [95.0] [cxt 0] Parser 'parser' entering state 'start'
[00:40:54.904] [bmv2] [D] [thread 91956] [95.0] [cxt 0] Extracting header 'ethernet'
[00:40:54.904] [bmv2] [D] [thread 91956] [95.0] [cxt 0] Parser state 'start': key is 86dd
[00:40:54.904] [bmv2] [T] [thread 91956] [95.0] [cxt 0] Bytes parsed: 14
[00:40:54.904] [bmv2] [D] [thread 91956] [95.0] [cxt 0] Parser 'parser' entering state 'parse_ipv6'
[00:40:54.904] [bmv2] [D] [thread 91956] [95.0] [cxt 0] Extracting header 'ipv6'
[00:40:54.904] [bmv2] [D] [thread 91956] [95.0] [cxt 0] Parser state 'parse_ipv6': key is 11
[00:40:54.904] [bmv2] [T] [thread 91956] [95.0] [cxt 0] Bytes parsed: 54
[00:40:54.904] [bmv2] [D] [thread 91956] [95.0] [cxt 0] Parser 'parser': end
[00:40:54.904] [bmv2] [D] [thread 91956] [95.0] [cxt 0] Pipeline 'ingress': start
[00:40:54.904] [bmv2] [T] [thread 91956] [95.0] [cxt 0] basic.p4(560) Condition "hdr.ethernet.etherType == TYPE_ARP" (node_2) is false
[00:40:54.904] [bmv2] [T] [thread 91956] [95.0] [cxt 0] basic.p4(563) Condition "hdr.ethernet.etherType == TYPE_SRCROUTING" (node_4) is false
[00:40:54.904] [bmv2] [T] [thread 91956] [95.0] [cxt 0] basic.p4(576) Condition "hdr.ethernet.etherType == TYPE_YEQUDESU" (node_12) is false
[00:40:54.904] [bmv2] [T] [thread 91956] [95.0] [cxt 0] basic.p4(582) Condition "hdr.vxlan.isValid()" (node_15) is false
[00:40:54.904] [bmv2] [T] [thread 91956] [95.0] [cxt 0] basic.p4(586) Condition "hdr.ipv6.isValid()" (node_17) is true
[00:40:54.904] [bmv2] [T] [thread 91956] [95.0] [cxt 0] Applying table 'MyIngress.ipv6_lpm'
[00:40:54.904] [bmv2] [D] [thread 91956] [95.0] [cxt 0] Looking up key:
* hdr.ipv6.dstAddr    : ff0200000000000000000000000000fb

[00:40:54.904] [bmv2] [D] [thread 91956] [95.0] [cxt 0] Table 'MyIngress.ipv6_lpm': miss
[00:40:54.904] [bmv2] [D] [thread 91956] [95.0] [cxt 0] Action entry is NoAction - 
[00:40:54.904] [bmv2] [T] [thread 91956] [95.0] [cxt 0] Action NoAction
[00:40:54.904] [bmv2] [D] [thread 91956] [95.0] [cxt 0] Pipeline 'ingress': end
[00:40:54.904] [bmv2] [D] [thread 91956] [95.0] [cxt 0] Egress port is 0
[00:40:54.904] [bmv2] [D] [thread 91957] [95.0] [cxt 0] Pipeline 'egress': start
[00:40:54.904] [bmv2] [T] [thread 91957] [95.0] [cxt 0] basic.p4(684) Condition "standard_metadata.mcast_grp != 0" (node_28) is false
[00:40:54.904] [bmv2] [D] [thread 91957] [95.0] [cxt 0] Pipeline 'egress': end
[00:40:54.904] [bmv2] [D] [thread 91957] [95.0] [cxt 0] Deparser 'deparser': start
[00:40:54.904] [bmv2] [T] [thread 91957] [95.0] [cxt 0] Skipping checksum 'cksum' update because condition not met
[00:40:54.904] [bmv2] [D] [thread 91957] [95.0] [cxt 0] Deparsing header 'ethernet'
[00:40:54.904] [bmv2] [D] [thread 91957] [95.0] [cxt 0] Deparsing header 'ipv6'
[00:40:54.904] [bmv2] [D] [thread 91957] [95.0] [cxt 0] Deparser 'deparser': end
[00:40:54.904] [bmv2] [D] [thread 91961] [95.0] [cxt 0] Transmitting packet of size 203 out of port 0
[00:40:55.122] [bmv2] [D] [thread 91956] [96.0] [cxt 0] Processing packet received on port 2
[00:40:55.122] [bmv2] [D] [thread 91956] [96.0] [cxt 0] Parser 'parser': start
[00:40:55.122] [bmv2] [D] [thread 91956] [96.0] [cxt 0] Parser 'parser' entering state 'start'
[00:40:55.122] [bmv2] [D] [thread 91956] [96.0] [cxt 0] Extracting header 'ethernet'
[00:40:55.122] [bmv2] [D] [thread 91956] [96.0] [cxt 0] Parser state 'start': key is 86dd
[00:40:55.122] [bmv2] [T] [thread 91956] [96.0] [cxt 0] Bytes parsed: 14
[00:40:55.122] [bmv2] [D] [thread 91956] [96.0] [cxt 0] Parser 'parser' entering state 'parse_ipv6'
[00:40:55.122] [bmv2] [D] [thread 91956] [96.0] [cxt 0] Extracting header 'ipv6'
[00:40:55.122] [bmv2] [D] [thread 91956] [96.0] [cxt 0] Parser state 'parse_ipv6': key is 11
[00:40:55.122] [bmv2] [T] [thread 91956] [96.0] [cxt 0] Bytes parsed: 54
[00:40:55.122] [bmv2] [D] [thread 91956] [96.0] [cxt 0] Parser 'parser': end
[00:40:55.122] [bmv2] [D] [thread 91956] [96.0] [cxt 0] Pipeline 'ingress': start
[00:40:55.122] [bmv2] [T] [thread 91956] [96.0] [cxt 0] basic.p4(560) Condition "hdr.ethernet.etherType == TYPE_ARP" (node_2) is false
[00:40:55.122] [bmv2] [T] [thread 91956] [96.0] [cxt 0] basic.p4(563) Condition "hdr.ethernet.etherType == TYPE_SRCROUTING" (node_4) is false
[00:40:55.122] [bmv2] [T] [thread 91956] [96.0] [cxt 0] basic.p4(576) Condition "hdr.ethernet.etherType == TYPE_YEQUDESU" (node_12) is false
[00:40:55.122] [bmv2] [T] [thread 91956] [96.0] [cxt 0] basic.p4(582) Condition "hdr.vxlan.isValid()" (node_15) is false
[00:40:55.122] [bmv2] [T] [thread 91956] [96.0] [cxt 0] basic.p4(586) Condition "hdr.ipv6.isValid()" (node_17) is true
[00:40:55.122] [bmv2] [T] [thread 91956] [96.0] [cxt 0] Applying table 'MyIngress.ipv6_lpm'
[00:40:55.122] [bmv2] [D] [thread 91956] [96.0] [cxt 0] Looking up key:
* hdr.ipv6.dstAddr    : ff0200000000000000000000000000fb

[00:40:55.122] [bmv2] [D] [thread 91956] [96.0] [cxt 0] Table 'MyIngress.ipv6_lpm': miss
[00:40:55.122] [bmv2] [D] [thread 91956] [96.0] [cxt 0] Action entry is NoAction - 
[00:40:55.122] [bmv2] [T] [thread 91956] [96.0] [cxt 0] Action NoAction
[00:40:55.122] [bmv2] [D] [thread 91956] [96.0] [cxt 0] Pipeline 'ingress': end
[00:40:55.122] [bmv2] [D] [thread 91956] [96.0] [cxt 0] Egress port is 0
[00:40:55.123] [bmv2] [D] [thread 91957] [96.0] [cxt 0] Pipeline 'egress': start
[00:40:55.123] [bmv2] [T] [thread 91957] [96.0] [cxt 0] basic.p4(684) Condition "standard_metadata.mcast_grp != 0" (node_28) is false
[00:40:55.123] [bmv2] [D] [thread 91957] [96.0] [cxt 0] Pipeline 'egress': end
[00:40:55.123] [bmv2] [D] [thread 91957] [96.0] [cxt 0] Deparser 'deparser': start
[00:40:55.123] [bmv2] [T] [thread 91957] [96.0] [cxt 0] Skipping checksum 'cksum' update because condition not met
[00:40:55.123] [bmv2] [D] [thread 91957] [96.0] [cxt 0] Deparsing header 'ethernet'
[00:40:55.123] [bmv2] [D] [thread 91957] [96.0] [cxt 0] Deparsing header 'ipv6'
[00:40:55.123] [bmv2] [D] [thread 91957] [96.0] [cxt 0] Deparser 'deparser': end
[00:40:55.123] [bmv2] [D] [thread 91961] [96.0] [cxt 0] Transmitting packet of size 203 out of port 0
[00:40:55.252] [bmv2] [D] [thread 91956] [97.0] [cxt 0] Processing packet received on port 1
[00:40:55.252] [bmv2] [D] [thread 91956] [97.0] [cxt 0] Parser 'parser': start
[00:40:55.252] [bmv2] [D] [thread 91956] [97.0] [cxt 0] Parser 'parser' entering state 'start'
[00:40:55.252] [bmv2] [D] [thread 91956] [97.0] [cxt 0] Extracting header 'ethernet'
[00:40:55.252] [bmv2] [D] [thread 91956] [97.0] [cxt 0] Parser state 'start': key is 86dd
[00:40:55.252] [bmv2] [T] [thread 91956] [97.0] [cxt 0] Bytes parsed: 14
[00:40:55.252] [bmv2] [D] [thread 91956] [97.0] [cxt 0] Parser 'parser' entering state 'parse_ipv6'
[00:40:55.252] [bmv2] [D] [thread 91956] [97.0] [cxt 0] Extracting header 'ipv6'
[00:40:55.252] [bmv2] [D] [thread 91956] [97.0] [cxt 0] Parser state 'parse_ipv6': key is 11
[00:40:55.252] [bmv2] [T] [thread 91956] [97.0] [cxt 0] Bytes parsed: 54
[00:40:55.252] [bmv2] [D] [thread 91956] [97.0] [cxt 0] Parser 'parser': end
[00:40:55.253] [bmv2] [D] [thread 91956] [97.0] [cxt 0] Pipeline 'ingress': start
[00:40:55.253] [bmv2] [T] [thread 91956] [97.0] [cxt 0] basic.p4(560) Condition "hdr.ethernet.etherType == TYPE_ARP" (node_2) is false
[00:40:55.253] [bmv2] [T] [thread 91956] [97.0] [cxt 0] basic.p4(563) Condition "hdr.ethernet.etherType == TYPE_SRCROUTING" (node_4) is false
[00:40:55.253] [bmv2] [T] [thread 91956] [97.0] [cxt 0] basic.p4(576) Condition "hdr.ethernet.etherType == TYPE_YEQUDESU" (node_12) is false
[00:40:55.253] [bmv2] [T] [thread 91956] [97.0] [cxt 0] basic.p4(582) Condition "hdr.vxlan.isValid()" (node_15) is false
[00:40:55.253] [bmv2] [T] [thread 91956] [97.0] [cxt 0] basic.p4(586) Condition "hdr.ipv6.isValid()" (node_17) is true
[00:40:55.253] [bmv2] [T] [thread 91956] [97.0] [cxt 0] Applying table 'MyIngress.ipv6_lpm'
[00:40:55.253] [bmv2] [D] [thread 91956] [97.0] [cxt 0] Looking up key:
* hdr.ipv6.dstAddr    : ff0200000000000000000000000000fb

[00:40:55.253] [bmv2] [D] [thread 91956] [97.0] [cxt 0] Table 'MyIngress.ipv6_lpm': miss
[00:40:55.253] [bmv2] [D] [thread 91956] [97.0] [cxt 0] Action entry is NoAction - 
[00:40:55.253] [bmv2] [T] [thread 91956] [97.0] [cxt 0] Action NoAction
[00:40:55.253] [bmv2] [D] [thread 91956] [97.0] [cxt 0] Pipeline 'ingress': end
[00:40:55.253] [bmv2] [D] [thread 91956] [97.0] [cxt 0] Egress port is 0
[00:40:55.253] [bmv2] [D] [thread 91957] [97.0] [cxt 0] Pipeline 'egress': start
[00:40:55.253] [bmv2] [T] [thread 91957] [97.0] [cxt 0] basic.p4(684) Condition "standard_metadata.mcast_grp != 0" (node_28) is false
[00:40:55.253] [bmv2] [D] [thread 91957] [97.0] [cxt 0] Pipeline 'egress': end
[00:40:55.253] [bmv2] [D] [thread 91957] [97.0] [cxt 0] Deparser 'deparser': start
[00:40:55.253] [bmv2] [T] [thread 91957] [97.0] [cxt 0] Skipping checksum 'cksum' update because condition not met
[00:40:55.253] [bmv2] [D] [thread 91957] [97.0] [cxt 0] Deparsing header 'ethernet'
[00:40:55.253] [bmv2] [D] [thread 91957] [97.0] [cxt 0] Deparsing header 'ipv6'
[00:40:55.253] [bmv2] [D] [thread 91957] [97.0] [cxt 0] Deparser 'deparser': end
[00:40:55.253] [bmv2] [D] [thread 91961] [97.0] [cxt 0] Transmitting packet of size 203 out of port 0
[00:40:55.571] [bmv2] [D] [thread 91956] [98.0] [cxt 0] Processing packet received on port 2
[00:40:55.571] [bmv2] [D] [thread 91956] [98.0] [cxt 0] Parser 'parser': start
[00:40:55.571] [bmv2] [D] [thread 91956] [98.0] [cxt 0] Parser 'parser' entering state 'start'
[00:40:55.571] [bmv2] [D] [thread 91956] [98.0] [cxt 0] Extracting header 'ethernet'
[00:40:55.571] [bmv2] [D] [thread 91956] [98.0] [cxt 0] Parser state 'start': key is 86dd
[00:40:55.571] [bmv2] [T] [thread 91956] [98.0] [cxt 0] Bytes parsed: 14
[00:40:55.571] [bmv2] [D] [thread 91956] [98.0] [cxt 0] Parser 'parser' entering state 'parse_ipv6'
[00:40:55.571] [bmv2] [D] [thread 91956] [98.0] [cxt 0] Extracting header 'ipv6'
[00:40:55.571] [bmv2] [D] [thread 91956] [98.0] [cxt 0] Parser state 'parse_ipv6': key is 11
[00:40:55.572] [bmv2] [T] [thread 91956] [98.0] [cxt 0] Bytes parsed: 54
[00:40:55.572] [bmv2] [D] [thread 91956] [98.0] [cxt 0] Parser 'parser': end
[00:40:55.572] [bmv2] [D] [thread 91956] [98.0] [cxt 0] Pipeline 'ingress': start
[00:40:55.572] [bmv2] [T] [thread 91956] [98.0] [cxt 0] basic.p4(560) Condition "hdr.ethernet.etherType == TYPE_ARP" (node_2) is false
[00:40:55.572] [bmv2] [T] [thread 91956] [98.0] [cxt 0] basic.p4(563) Condition "hdr.ethernet.etherType == TYPE_SRCROUTING" (node_4) is false
[00:40:55.572] [bmv2] [T] [thread 91956] [98.0] [cxt 0] basic.p4(576) Condition "hdr.ethernet.etherType == TYPE_YEQUDESU" (node_12) is false
[00:40:55.572] [bmv2] [T] [thread 91956] [98.0] [cxt 0] basic.p4(582) Condition "hdr.vxlan.isValid()" (node_15) is false
[00:40:55.572] [bmv2] [T] [thread 91956] [98.0] [cxt 0] basic.p4(586) Condition "hdr.ipv6.isValid()" (node_17) is true
[00:40:55.572] [bmv2] [T] [thread 91956] [98.0] [cxt 0] Applying table 'MyIngress.ipv6_lpm'
[00:40:55.572] [bmv2] [D] [thread 91956] [98.0] [cxt 0] Looking up key:
* hdr.ipv6.dstAddr    : ff0200000000000000000000000000fb

[00:40:55.572] [bmv2] [D] [thread 91956] [98.0] [cxt 0] Table 'MyIngress.ipv6_lpm': miss
[00:40:55.572] [bmv2] [D] [thread 91956] [98.0] [cxt 0] Action entry is NoAction - 
[00:40:55.572] [bmv2] [T] [thread 91956] [98.0] [cxt 0] Action NoAction
[00:40:55.572] [bmv2] [D] [thread 91956] [98.0] [cxt 0] Pipeline 'ingress': end
[00:40:55.572] [bmv2] [D] [thread 91956] [98.0] [cxt 0] Egress port is 0
[00:40:55.572] [bmv2] [D] [thread 91957] [98.0] [cxt 0] Pipeline 'egress': start
[00:40:55.572] [bmv2] [T] [thread 91957] [98.0] [cxt 0] basic.p4(684) Condition "standard_metadata.mcast_grp != 0" (node_28) is false
[00:40:55.572] [bmv2] [D] [thread 91957] [98.0] [cxt 0] Pipeline 'egress': end
[00:40:55.572] [bmv2] [D] [thread 91957] [98.0] [cxt 0] Deparser 'deparser': start
[00:40:55.572] [bmv2] [T] [thread 91957] [98.0] [cxt 0] Skipping checksum 'cksum' update because condition not met
[00:40:55.572] [bmv2] [D] [thread 91957] [98.0] [cxt 0] Deparsing header 'ethernet'
[00:40:55.572] [bmv2] [D] [thread 91957] [98.0] [cxt 0] Deparsing header 'ipv6'
[00:40:55.572] [bmv2] [D] [thread 91957] [98.0] [cxt 0] Deparser 'deparser': end
[00:40:55.572] [bmv2] [D] [thread 91961] [98.0] [cxt 0] Transmitting packet of size 203 out of port 0
[00:41:26.798] [bmv2] [D] [thread 91956] [99.0] [cxt 0] Processing packet received on port 1
[00:41:26.798] [bmv2] [D] [thread 91956] [99.0] [cxt 0] Parser 'parser': start
[00:41:26.798] [bmv2] [D] [thread 91956] [99.0] [cxt 0] Parser 'parser' entering state 'start'
[00:41:26.798] [bmv2] [D] [thread 91956] [99.0] [cxt 0] Extracting header 'ethernet'
[00:41:26.798] [bmv2] [D] [thread 91956] [99.0] [cxt 0] Parser state 'start': key is 86dd
[00:41:26.798] [bmv2] [T] [thread 91956] [99.0] [cxt 0] Bytes parsed: 14
[00:41:26.798] [bmv2] [D] [thread 91956] [99.0] [cxt 0] Parser 'parser' entering state 'parse_ipv6'
[00:41:26.798] [bmv2] [D] [thread 91956] [99.0] [cxt 0] Extracting header 'ipv6'
[00:41:26.798] [bmv2] [D] [thread 91956] [99.0] [cxt 0] Parser state 'parse_ipv6': key is 3a
[00:41:26.798] [bmv2] [T] [thread 91956] [99.0] [cxt 0] Bytes parsed: 54
[00:41:26.798] [bmv2] [D] [thread 91956] [99.0] [cxt 0] Parser 'parser': end
[00:41:26.798] [bmv2] [D] [thread 91956] [99.0] [cxt 0] Pipeline 'ingress': start
[00:41:26.798] [bmv2] [T] [thread 91956] [99.0] [cxt 0] basic.p4(560) Condition "hdr.ethernet.etherType == TYPE_ARP" (node_2) is false
[00:41:26.799] [bmv2] [T] [thread 91956] [99.0] [cxt 0] basic.p4(563) Condition "hdr.ethernet.etherType == TYPE_SRCROUTING" (node_4) is false
[00:41:26.799] [bmv2] [T] [thread 91956] [99.0] [cxt 0] basic.p4(576) Condition "hdr.ethernet.etherType == TYPE_YEQUDESU" (node_12) is false
[00:41:26.799] [bmv2] [T] [thread 91956] [99.0] [cxt 0] basic.p4(582) Condition "hdr.vxlan.isValid()" (node_15) is false
[00:41:26.799] [bmv2] [T] [thread 91956] [99.0] [cxt 0] basic.p4(586) Condition "hdr.ipv6.isValid()" (node_17) is true
[00:41:26.799] [bmv2] [T] [thread 91956] [99.0] [cxt 0] Applying table 'MyIngress.ipv6_lpm'
[00:41:26.799] [bmv2] [D] [thread 91956] [99.0] [cxt 0] Looking up key:
* hdr.ipv6.dstAddr    : ff020000000000000000000000000002

[00:41:26.799] [bmv2] [D] [thread 91956] [99.0] [cxt 0] Table 'MyIngress.ipv6_lpm': miss
[00:41:26.799] [bmv2] [D] [thread 91956] [99.0] [cxt 0] Action entry is NoAction - 
[00:41:26.799] [bmv2] [T] [thread 91956] [99.0] [cxt 0] Action NoAction
[00:41:26.799] [bmv2] [D] [thread 91956] [99.0] [cxt 0] Pipeline 'ingress': end
[00:41:26.799] [bmv2] [D] [thread 91956] [99.0] [cxt 0] Egress port is 0
[00:41:26.799] [bmv2] [D] [thread 91956] [100.0] [cxt 0] Processing packet received on port 2
[00:41:26.799] [bmv2] [D] [thread 91956] [100.0] [cxt 0] Parser 'parser': start
[00:41:26.799] [bmv2] [D] [thread 91956] [100.0] [cxt 0] Parser 'parser' entering state 'start'
[00:41:26.799] [bmv2] [D] [thread 91956] [100.0] [cxt 0] Extracting header 'ethernet'
[00:41:26.799] [bmv2] [D] [thread 91956] [100.0] [cxt 0] Parser state 'start': key is 86dd
[00:41:26.799] [bmv2] [T] [thread 91956] [100.0] [cxt 0] Bytes parsed: 14
[00:41:26.799] [bmv2] [D] [thread 91956] [100.0] [cxt 0] Parser 'parser' entering state 'parse_ipv6'
[00:41:26.799] [bmv2] [D] [thread 91956] [100.0] [cxt 0] Extracting header 'ipv6'
[00:41:26.799] [bmv2] [D] [thread 91956] [100.0] [cxt 0] Parser state 'parse_ipv6': key is 3a
[00:41:26.799] [bmv2] [T] [thread 91956] [100.0] [cxt 0] Bytes parsed: 54
[00:41:26.799] [bmv2] [D] [thread 91956] [100.0] [cxt 0] Parser 'parser': end
[00:41:26.799] [bmv2] [D] [thread 91956] [100.0] [cxt 0] Pipeline 'ingress': start
[00:41:26.799] [bmv2] [T] [thread 91956] [100.0] [cxt 0] basic.p4(560) Condition "hdr.ethernet.etherType == TYPE_ARP" (node_2) is false
[00:41:26.799] [bmv2] [T] [thread 91956] [100.0] [cxt 0] basic.p4(563) Condition "hdr.ethernet.etherType == TYPE_SRCROUTING" (node_4) is false
[00:41:26.799] [bmv2] [T] [thread 91956] [100.0] [cxt 0] basic.p4(576) Condition "hdr.ethernet.etherType == TYPE_YEQUDESU" (node_12) is false
[00:41:26.799] [bmv2] [T] [thread 91956] [100.0] [cxt 0] basic.p4(582) Condition "hdr.vxlan.isValid()" (node_15) is false
[00:41:26.799] [bmv2] [T] [thread 91956] [100.0] [cxt 0] basic.p4(586) Condition "hdr.ipv6.isValid()" (node_17) is true
[00:41:26.799] [bmv2] [T] [thread 91956] [100.0] [cxt 0] Applying table 'MyIngress.ipv6_lpm'
[00:41:26.799] [bmv2] [D] [thread 91956] [100.0] [cxt 0] Looking up key:
* hdr.ipv6.dstAddr    : ff020000000000000000000000000002

[00:41:26.799] [bmv2] [D] [thread 91956] [100.0] [cxt 0] Table 'MyIngress.ipv6_lpm': miss
[00:41:26.799] [bmv2] [D] [thread 91956] [100.0] [cxt 0] Action entry is NoAction - 
[00:41:26.799] [bmv2] [T] [thread 91956] [100.0] [cxt 0] Action NoAction
[00:41:26.799] [bmv2] [D] [thread 91956] [100.0] [cxt 0] Pipeline 'ingress': end
[00:41:26.799] [bmv2] [D] [thread 91956] [100.0] [cxt 0] Egress port is 0
[00:41:26.799] [bmv2] [D] [thread 91957] [99.0] [cxt 0] Pipeline 'egress': start
[00:41:26.799] [bmv2] [T] [thread 91957] [99.0] [cxt 0] basic.p4(684) Condition "standard_metadata.mcast_grp != 0" (node_28) is false
[00:41:26.799] [bmv2] [D] [thread 91957] [99.0] [cxt 0] Pipeline 'egress': end
[00:41:26.799] [bmv2] [D] [thread 91957] [99.0] [cxt 0] Deparser 'deparser': start
[00:41:26.799] [bmv2] [T] [thread 91957] [99.0] [cxt 0] Skipping checksum 'cksum' update because condition not met
[00:41:26.799] [bmv2] [D] [thread 91957] [99.0] [cxt 0] Deparsing header 'ethernet'
[00:41:26.799] [bmv2] [D] [thread 91957] [99.0] [cxt 0] Deparsing header 'ipv6'
[00:41:26.799] [bmv2] [D] [thread 91957] [99.0] [cxt 0] Deparser 'deparser': end
[00:41:26.799] [bmv2] [D] [thread 91957] [100.0] [cxt 0] Pipeline 'egress': start
[00:41:26.799] [bmv2] [T] [thread 91957] [100.0] [cxt 0] basic.p4(684) Condition "standard_metadata.mcast_grp != 0" (node_28) is false
[00:41:26.799] [bmv2] [D] [thread 91957] [100.0] [cxt 0] Pipeline 'egress': end
[00:41:26.799] [bmv2] [D] [thread 91957] [100.0] [cxt 0] Deparser 'deparser': start
[00:41:26.799] [bmv2] [T] [thread 91957] [100.0] [cxt 0] Skipping checksum 'cksum' update because condition not met
[00:41:26.799] [bmv2] [D] [thread 91957] [100.0] [cxt 0] Deparsing header 'ethernet'
[00:41:26.799] [bmv2] [D] [thread 91957] [100.0] [cxt 0] Deparsing header 'ipv6'
[00:41:26.799] [bmv2] [D] [thread 91957] [100.0] [cxt 0] Deparser 'deparser': end
[00:41:26.799] [bmv2] [D] [thread 91961] [99.0] [cxt 0] Transmitting packet of size 70 out of port 0
[00:41:26.799] [bmv2] [D] [thread 91961] [100.0] [cxt 0] Transmitting packet of size 70 out of port 0
[00:41:32.061] [bmv2] [D] [thread 91956] [101.0] [cxt 0] Processing packet received on port 1
[00:41:32.061] [bmv2] [D] [thread 91956] [101.0] [cxt 0] Parser 'parser': start
[00:41:32.061] [bmv2] [D] [thread 91956] [101.0] [cxt 0] Parser 'parser' entering state 'start'
[00:41:32.061] [bmv2] [D] [thread 91956] [101.0] [cxt 0] Extracting header 'ethernet'
[00:41:32.061] [bmv2] [D] [thread 91956] [101.0] [cxt 0] Parser state 'start': key is 0800
[00:41:32.061] [bmv2] [T] [thread 91956] [101.0] [cxt 0] Bytes parsed: 14
[00:41:32.061] [bmv2] [D] [thread 91956] [101.0] [cxt 0] Parser 'parser' entering state 'parse_ipv4'
[00:41:32.061] [bmv2] [D] [thread 91956] [101.0] [cxt 0] Extracting header 'ipv4'
[00:41:32.061] [bmv2] [D] [thread 91956] [101.0] [cxt 0] Parser state 'parse_ipv4': key is 06
[00:41:32.061] [bmv2] [T] [thread 91956] [101.0] [cxt 0] Bytes parsed: 34
[00:41:32.061] [bmv2] [D] [thread 91956] [101.0] [cxt 0] Parser 'parser': end
[00:41:32.061] [bmv2] [D] [thread 91956] [101.0] [cxt 0] Pipeline 'ingress': start
[00:41:32.061] [bmv2] [T] [thread 91956] [101.0] [cxt 0] basic.p4(560) Condition "hdr.ethernet.etherType == TYPE_ARP" (node_2) is false
[00:41:32.061] [bmv2] [T] [thread 91956] [101.0] [cxt 0] basic.p4(563) Condition "hdr.ethernet.etherType == TYPE_SRCROUTING" (node_4) is false
[00:41:32.061] [bmv2] [T] [thread 91956] [101.0] [cxt 0] basic.p4(576) Condition "hdr.ethernet.etherType == TYPE_YEQUDESU" (node_12) is false
[00:41:32.061] [bmv2] [T] [thread 91956] [101.0] [cxt 0] basic.p4(582) Condition "hdr.vxlan.isValid()" (node_15) is false
[00:41:32.061] [bmv2] [T] [thread 91956] [101.0] [cxt 0] basic.p4(586) Condition "hdr.ipv6.isValid()" (node_17) is false
[00:41:32.061] [bmv2] [T] [thread 91956] [101.0] [cxt 0] basic.p4(590) Condition "hdr.ipv4.isValid()" (node_19) is true
[00:41:32.061] [bmv2] [T] [thread 91956] [101.0] [cxt 0] basic.p4(592) Condition "hdr.udp.isValid() && hdr.udp.dstPort == VXLAN_PORT" (node_20) is false
[00:41:32.061] [bmv2] [T] [thread 91956] [101.0] [cxt 0] Applying table 'MyIngress.modality_schedule'
[00:41:32.061] [bmv2] [D] [thread 91956] [101.0] [cxt 0] Looking up key:
* hdr.ipv4.dstAddr    : 0a000202

[00:41:32.061] [bmv2] [D] [thread 91956] [101.0] [cxt 0] Table 'MyIngress.modality_schedule': miss
[00:41:32.061] [bmv2] [D] [thread 91956] [101.0] [cxt 0] Action entry is NoAction - 
[00:41:32.061] [bmv2] [T] [thread 91956] [101.0] [cxt 0] Action NoAction
[00:41:32.061] [bmv2] [T] [thread 91956] [101.0] [cxt 0] basic.p4(597) Condition "meta.do_multimodal == 0" (node_23) is true
[00:41:32.061] [bmv2] [T] [thread 91956] [101.0] [cxt 0] Applying table 'MyIngress.adjudication'
[00:41:32.061] [bmv2] [D] [thread 91956] [101.0] [cxt 0] Looking up key:
* hdr.ipv4.dstAddr    : 0a000202

[00:41:32.061] [bmv2] [D] [thread 91956] [101.0] [cxt 0] Table 'MyIngress.adjudication': miss
[00:41:32.061] [bmv2] [D] [thread 91956] [101.0] [cxt 0] Action entry is NoAction - 
[00:41:32.061] [bmv2] [T] [thread 91956] [101.0] [cxt 0] Action NoAction
[00:41:32.061] [bmv2] [T] [thread 91956] [101.0] [cxt 0] Applying table 'MyIngress.ipv4_lpm'
[00:41:32.061] [bmv2] [D] [thread 91956] [101.0] [cxt 0] Looking up key:
* hdr.ipv4.dstAddr    : 0a000202

[00:41:32.061] [bmv2] [D] [thread 91956] [101.0] [cxt 0] Table 'MyIngress.ipv4_lpm': hit with handle 0
[00:41:32.061] [bmv2] [D] [thread 91956] [101.0] [cxt 0] Dumping entry 0
Match key:
* hdr.ipv4.dstAddr    : LPM       0a000202/32
Action entry: MyIngress.ipv4_forward - ffffffffffff,2,

[00:41:32.061] [bmv2] [D] [thread 91956] [101.0] [cxt 0] Action entry is MyIngress.ipv4_forward - ffffffffffff,2,
[00:41:32.061] [bmv2] [T] [thread 91956] [101.0] [cxt 0] Action MyIngress.ipv4_forward
[00:41:32.061] [bmv2] [T] [thread 91956] [101.0] [cxt 0] basic.p4(236) Primitive standard_metadata.egress_spec = port
[00:41:32.062] [bmv2] [T] [thread 91956] [101.0] [cxt 0] basic.p4(237) Primitive hdr.ethernet.srcAddr = hdr.ethernet.dstAddr
[00:41:32.062] [bmv2] [T] [thread 91956] [101.0] [cxt 0] basic.p4(238) Primitive hdr.ethernet.dstAddr = dstAddr
[00:41:32.062] [bmv2] [T] [thread 91956] [101.0] [cxt 0] basic.p4(239) Primitive hdr.ipv4.ttl = hdr.ipv4.ttl - 1
[00:41:32.062] [bmv2] [D] [thread 91956] [101.0] [cxt 0] Pipeline 'ingress': end
[00:41:32.062] [bmv2] [D] [thread 91956] [101.0] [cxt 0] Egress port is 2
[00:41:32.062] [bmv2] [D] [thread 91959] [101.0] [cxt 0] Pipeline 'egress': start
[00:41:32.062] [bmv2] [T] [thread 91959] [101.0] [cxt 0] basic.p4(684) Condition "standard_metadata.mcast_grp != 0" (node_28) is false
[00:41:32.062] [bmv2] [D] [thread 91959] [101.0] [cxt 0] Pipeline 'egress': end
[00:41:32.062] [bmv2] [D] [thread 91959] [101.0] [cxt 0] Deparser 'deparser': start
[00:41:32.062] [bmv2] [D] [thread 91959] [101.0] [cxt 0] Updating checksum 'cksum'
[00:41:32.062] [bmv2] [D] [thread 91959] [101.0] [cxt 0] Deparsing header 'ethernet'
[00:41:32.062] [bmv2] [D] [thread 91959] [101.0] [cxt 0] Deparsing header 'ipv4'
[00:41:32.062] [bmv2] [D] [thread 91959] [101.0] [cxt 0] Deparser 'deparser': end
[00:41:32.062] [bmv2] [D] [thread 91961] [101.0] [cxt 0] Transmitting packet of size 64 out of port 2
[00:41:32.065] [bmv2] [D] [thread 91956] [102.0] [cxt 0] Processing packet received on port 2
[00:41:32.065] [bmv2] [D] [thread 91956] [102.0] [cxt 0] Parser 'parser': start
[00:41:32.065] [bmv2] [D] [thread 91956] [102.0] [cxt 0] Parser 'parser' entering state 'start'
[00:41:32.065] [bmv2] [D] [thread 91956] [102.0] [cxt 0] Extracting header 'ethernet'
[00:41:32.065] [bmv2] [D] [thread 91956] [102.0] [cxt 0] Parser state 'start': key is 0800
[00:41:32.065] [bmv2] [T] [thread 91956] [102.0] [cxt 0] Bytes parsed: 14
[00:41:32.065] [bmv2] [D] [thread 91956] [102.0] [cxt 0] Parser 'parser' entering state 'parse_ipv4'
[00:41:32.065] [bmv2] [D] [thread 91956] [102.0] [cxt 0] Extracting header 'ipv4'
[00:41:32.065] [bmv2] [D] [thread 91956] [102.0] [cxt 0] Parser state 'parse_ipv4': key is 06
[00:41:32.065] [bmv2] [T] [thread 91956] [102.0] [cxt 0] Bytes parsed: 34
[00:41:32.065] [bmv2] [D] [thread 91956] [102.0] [cxt 0] Parser 'parser': end
[00:41:32.065] [bmv2] [D] [thread 91956] [102.0] [cxt 0] Pipeline 'ingress': start
[00:41:32.065] [bmv2] [T] [thread 91956] [102.0] [cxt 0] basic.p4(560) Condition "hdr.ethernet.etherType == TYPE_ARP" (node_2) is false
[00:41:32.065] [bmv2] [T] [thread 91956] [102.0] [cxt 0] basic.p4(563) Condition "hdr.ethernet.etherType == TYPE_SRCROUTING" (node_4) is false
[00:41:32.065] [bmv2] [T] [thread 91956] [102.0] [cxt 0] basic.p4(576) Condition "hdr.ethernet.etherType == TYPE_YEQUDESU" (node_12) is false
[00:41:32.065] [bmv2] [T] [thread 91956] [102.0] [cxt 0] basic.p4(582) Condition "hdr.vxlan.isValid()" (node_15) is false
[00:41:32.065] [bmv2] [T] [thread 91956] [102.0] [cxt 0] basic.p4(586) Condition "hdr.ipv6.isValid()" (node_17) is false
[00:41:32.065] [bmv2] [T] [thread 91956] [102.0] [cxt 0] basic.p4(590) Condition "hdr.ipv4.isValid()" (node_19) is true
[00:41:32.065] [bmv2] [T] [thread 91956] [102.0] [cxt 0] basic.p4(592) Condition "hdr.udp.isValid() && hdr.udp.dstPort == VXLAN_PORT" (node_20) is false
[00:41:32.065] [bmv2] [T] [thread 91956] [102.0] [cxt 0] Applying table 'MyIngress.modality_schedule'
[00:41:32.065] [bmv2] [D] [thread 91956] [102.0] [cxt 0] Looking up key:
* hdr.ipv4.dstAddr    : 0a000101

[00:41:32.065] [bmv2] [D] [thread 91956] [102.0] [cxt 0] Table 'MyIngress.modality_schedule': miss
[00:41:32.065] [bmv2] [D] [thread 91956] [102.0] [cxt 0] Action entry is NoAction - 
[00:41:32.065] [bmv2] [T] [thread 91956] [102.0] [cxt 0] Action NoAction
[00:41:32.065] [bmv2] [T] [thread 91956] [102.0] [cxt 0] basic.p4(597) Condition "meta.do_multimodal == 0" (node_23) is true
[00:41:32.065] [bmv2] [T] [thread 91956] [102.0] [cxt 0] Applying table 'MyIngress.adjudication'
[00:41:32.065] [bmv2] [D] [thread 91956] [102.0] [cxt 0] Looking up key:
* hdr.ipv4.dstAddr    : 0a000101

[00:41:32.065] [bmv2] [D] [thread 91956] [102.0] [cxt 0] Table 'MyIngress.adjudication': miss
[00:41:32.065] [bmv2] [D] [thread 91956] [102.0] [cxt 0] Action entry is NoAction - 
[00:41:32.065] [bmv2] [T] [thread 91956] [102.0] [cxt 0] Action NoAction
[00:41:32.065] [bmv2] [T] [thread 91956] [102.0] [cxt 0] Applying table 'MyIngress.ipv4_lpm'
[00:41:32.065] [bmv2] [D] [thread 91956] [102.0] [cxt 0] Looking up key:
* hdr.ipv4.dstAddr    : 0a000101

[00:41:32.065] [bmv2] [D] [thread 91956] [102.0] [cxt 0] Table 'MyIngress.ipv4_lpm': hit with handle 2
[00:41:32.065] [bmv2] [D] [thread 91956] [102.0] [cxt 0] Dumping entry 2
Match key:
* hdr.ipv4.dstAddr    : LPM       0a000101/32
Action entry: MyIngress.ipv4_forward - ffffffffffff,1,

[00:41:32.065] [bmv2] [D] [thread 91956] [102.0] [cxt 0] Action entry is MyIngress.ipv4_forward - ffffffffffff,1,
[00:41:32.065] [bmv2] [T] [thread 91956] [102.0] [cxt 0] Action MyIngress.ipv4_forward
[00:41:32.065] [bmv2] [T] [thread 91956] [102.0] [cxt 0] basic.p4(236) Primitive standard_metadata.egress_spec = port
[00:41:32.065] [bmv2] [T] [thread 91956] [102.0] [cxt 0] basic.p4(237) Primitive hdr.ethernet.srcAddr = hdr.ethernet.dstAddr
[00:41:32.065] [bmv2] [T] [thread 91956] [102.0] [cxt 0] basic.p4(238) Primitive hdr.ethernet.dstAddr = dstAddr
[00:41:32.065] [bmv2] [T] [thread 91956] [102.0] [cxt 0] basic.p4(239) Primitive hdr.ipv4.ttl = hdr.ipv4.ttl - 1
[00:41:32.065] [bmv2] [D] [thread 91956] [102.0] [cxt 0] Pipeline 'ingress': end
[00:41:32.065] [bmv2] [D] [thread 91956] [102.0] [cxt 0] Egress port is 1
[00:41:32.065] [bmv2] [D] [thread 91958] [102.0] [cxt 0] Pipeline 'egress': start
[00:41:32.066] [bmv2] [T] [thread 91958] [102.0] [cxt 0] basic.p4(684) Condition "standard_metadata.mcast_grp != 0" (node_28) is false
[00:41:32.066] [bmv2] [D] [thread 91958] [102.0] [cxt 0] Pipeline 'egress': end
[00:41:32.066] [bmv2] [D] [thread 91958] [102.0] [cxt 0] Deparser 'deparser': start
[00:41:32.066] [bmv2] [D] [thread 91958] [102.0] [cxt 0] Updating checksum 'cksum'
[00:41:32.066] [bmv2] [D] [thread 91958] [102.0] [cxt 0] Deparsing header 'ethernet'
[00:41:32.066] [bmv2] [D] [thread 91958] [102.0] [cxt 0] Deparsing header 'ipv4'
[00:41:32.066] [bmv2] [D] [thread 91958] [102.0] [cxt 0] Deparser 'deparser': end
[00:41:32.066] [bmv2] [D] [thread 91961] [102.0] [cxt 0] Transmitting packet of size 54 out of port 1
[00:41:32.068] [bmv2] [D] [thread 91956] [103.0] [cxt 0] Processing packet received on port 2
[00:41:32.068] [bmv2] [D] [thread 91956] [103.0] [cxt 0] Parser 'parser': start
[00:41:32.068] [bmv2] [D] [thread 91956] [103.0] [cxt 0] Parser 'parser' entering state 'start'
[00:41:32.068] [bmv2] [D] [thread 91956] [103.0] [cxt 0] Extracting header 'ethernet'
[00:41:32.068] [bmv2] [D] [thread 91956] [103.0] [cxt 0] Parser state 'start': key is 0800
[00:41:32.068] [bmv2] [T] [thread 91956] [103.0] [cxt 0] Bytes parsed: 14
[00:41:32.068] [bmv2] [D] [thread 91956] [103.0] [cxt 0] Parser 'parser' entering state 'parse_ipv4'
[00:41:32.068] [bmv2] [D] [thread 91956] [103.0] [cxt 0] Extracting header 'ipv4'
[00:41:32.068] [bmv2] [D] [thread 91956] [103.0] [cxt 0] Parser state 'parse_ipv4': key is 06
[00:41:32.068] [bmv2] [T] [thread 91956] [103.0] [cxt 0] Bytes parsed: 34
[00:41:32.068] [bmv2] [D] [thread 91956] [103.0] [cxt 0] Parser 'parser': end
[00:41:32.068] [bmv2] [D] [thread 91956] [103.0] [cxt 0] Pipeline 'ingress': start
[00:41:32.068] [bmv2] [T] [thread 91956] [103.0] [cxt 0] basic.p4(560) Condition "hdr.ethernet.etherType == TYPE_ARP" (node_2) is false
[00:41:32.068] [bmv2] [T] [thread 91956] [103.0] [cxt 0] basic.p4(563) Condition "hdr.ethernet.etherType == TYPE_SRCROUTING" (node_4) is false
[00:41:32.068] [bmv2] [T] [thread 91956] [103.0] [cxt 0] basic.p4(576) Condition "hdr.ethernet.etherType == TYPE_YEQUDESU" (node_12) is false
[00:41:32.068] [bmv2] [T] [thread 91956] [103.0] [cxt 0] basic.p4(582) Condition "hdr.vxlan.isValid()" (node_15) is false
[00:41:32.068] [bmv2] [T] [thread 91956] [103.0] [cxt 0] basic.p4(586) Condition "hdr.ipv6.isValid()" (node_17) is false
[00:41:32.068] [bmv2] [T] [thread 91956] [103.0] [cxt 0] basic.p4(590) Condition "hdr.ipv4.isValid()" (node_19) is true
[00:41:32.068] [bmv2] [T] [thread 91956] [103.0] [cxt 0] basic.p4(592) Condition "hdr.udp.isValid() && hdr.udp.dstPort == VXLAN_PORT" (node_20) is false
[00:41:32.068] [bmv2] [T] [thread 91956] [103.0] [cxt 0] Applying table 'MyIngress.modality_schedule'
[00:41:32.068] [bmv2] [D] [thread 91956] [103.0] [cxt 0] Looking up key:
* hdr.ipv4.dstAddr    : 0a000101

[00:41:32.068] [bmv2] [D] [thread 91956] [103.0] [cxt 0] Table 'MyIngress.modality_schedule': miss
[00:41:32.068] [bmv2] [D] [thread 91956] [103.0] [cxt 0] Action entry is NoAction - 
[00:41:32.068] [bmv2] [T] [thread 91956] [103.0] [cxt 0] Action NoAction
[00:41:32.068] [bmv2] [T] [thread 91956] [103.0] [cxt 0] basic.p4(597) Condition "meta.do_multimodal == 0" (node_23) is true
[00:41:32.068] [bmv2] [T] [thread 91956] [103.0] [cxt 0] Applying table 'MyIngress.adjudication'
[00:41:32.068] [bmv2] [D] [thread 91956] [103.0] [cxt 0] Looking up key:
* hdr.ipv4.dstAddr    : 0a000101

[00:41:32.068] [bmv2] [D] [thread 91956] [103.0] [cxt 0] Table 'MyIngress.adjudication': miss
[00:41:32.068] [bmv2] [D] [thread 91956] [103.0] [cxt 0] Action entry is NoAction - 
[00:41:32.068] [bmv2] [T] [thread 91956] [103.0] [cxt 0] Action NoAction
[00:41:32.068] [bmv2] [T] [thread 91956] [103.0] [cxt 0] Applying table 'MyIngress.ipv4_lpm'
[00:41:32.068] [bmv2] [D] [thread 91956] [103.0] [cxt 0] Looking up key:
* hdr.ipv4.dstAddr    : 0a000101

[00:41:32.068] [bmv2] [D] [thread 91956] [103.0] [cxt 0] Table 'MyIngress.ipv4_lpm': hit with handle 2
[00:41:32.068] [bmv2] [D] [thread 91956] [103.0] [cxt 0] Dumping entry 2
Match key:
* hdr.ipv4.dstAddr    : LPM       0a000101/32
Action entry: MyIngress.ipv4_forward - ffffffffffff,1,

[00:41:32.068] [bmv2] [D] [thread 91956] [103.0] [cxt 0] Action entry is MyIngress.ipv4_forward - ffffffffffff,1,
[00:41:32.068] [bmv2] [T] [thread 91956] [103.0] [cxt 0] Action MyIngress.ipv4_forward
[00:41:32.068] [bmv2] [T] [thread 91956] [103.0] [cxt 0] basic.p4(236) Primitive standard_metadata.egress_spec = port
[00:41:32.068] [bmv2] [T] [thread 91956] [103.0] [cxt 0] basic.p4(237) Primitive hdr.ethernet.srcAddr = hdr.ethernet.dstAddr
[00:41:32.068] [bmv2] [T] [thread 91956] [103.0] [cxt 0] basic.p4(238) Primitive hdr.ethernet.dstAddr = dstAddr
[00:41:32.068] [bmv2] [T] [thread 91956] [103.0] [cxt 0] basic.p4(239) Primitive hdr.ipv4.ttl = hdr.ipv4.ttl - 1
[00:41:32.068] [bmv2] [D] [thread 91956] [103.0] [cxt 0] Pipeline 'ingress': end
[00:41:32.068] [bmv2] [D] [thread 91956] [103.0] [cxt 0] Egress port is 1
[00:41:32.068] [bmv2] [D] [thread 91958] [103.0] [cxt 0] Pipeline 'egress': start
[00:41:32.068] [bmv2] [T] [thread 91958] [103.0] [cxt 0] basic.p4(684) Condition "standard_metadata.mcast_grp != 0" (node_28) is false
[00:41:32.068] [bmv2] [D] [thread 91958] [103.0] [cxt 0] Pipeline 'egress': end
[00:41:32.068] [bmv2] [D] [thread 91958] [103.0] [cxt 0] Deparser 'deparser': start
[00:41:32.068] [bmv2] [D] [thread 91958] [103.0] [cxt 0] Updating checksum 'cksum'
[00:41:32.068] [bmv2] [D] [thread 91958] [103.0] [cxt 0] Deparsing header 'ethernet'
[00:41:32.068] [bmv2] [D] [thread 91958] [103.0] [cxt 0] Deparsing header 'ipv4'
[00:41:32.068] [bmv2] [D] [thread 91958] [103.0] [cxt 0] Deparser 'deparser': end
[00:41:32.069] [bmv2] [D] [thread 91961] [103.0] [cxt 0] Transmitting packet of size 54 out of port 1
[00:41:34.338] [bmv2] [D] [thread 91956] [104.0] [cxt 0] Processing packet received on port 1
[00:41:34.338] [bmv2] [D] [thread 91956] [104.0] [cxt 0] Parser 'parser': start
[00:41:34.338] [bmv2] [D] [thread 91956] [104.0] [cxt 0] Parser 'parser' entering state 'start'
[00:41:34.338] [bmv2] [D] [thread 91956] [104.0] [cxt 0] Extracting header 'ethernet'
[00:41:34.338] [bmv2] [D] [thread 91956] [104.0] [cxt 0] Parser state 'start': key is 0800
[00:41:34.338] [bmv2] [T] [thread 91956] [104.0] [cxt 0] Bytes parsed: 14
[00:41:34.338] [bmv2] [D] [thread 91956] [104.0] [cxt 0] Parser 'parser' entering state 'parse_ipv4'
[00:41:34.338] [bmv2] [D] [thread 91956] [104.0] [cxt 0] Extracting header 'ipv4'
[00:41:34.338] [bmv2] [D] [thread 91956] [104.0] [cxt 0] Parser state 'parse_ipv4': key is 06
[00:41:34.338] [bmv2] [T] [thread 91956] [104.0] [cxt 0] Bytes parsed: 34
[00:41:34.338] [bmv2] [D] [thread 91956] [104.0] [cxt 0] Parser 'parser': end
[00:41:34.338] [bmv2] [D] [thread 91956] [104.0] [cxt 0] Pipeline 'ingress': start
[00:41:34.338] [bmv2] [T] [thread 91956] [104.0] [cxt 0] basic.p4(560) Condition "hdr.ethernet.etherType == TYPE_ARP" (node_2) is false
[00:41:34.338] [bmv2] [T] [thread 91956] [104.0] [cxt 0] basic.p4(563) Condition "hdr.ethernet.etherType == TYPE_SRCROUTING" (node_4) is false
[00:41:34.338] [bmv2] [T] [thread 91956] [104.0] [cxt 0] basic.p4(576) Condition "hdr.ethernet.etherType == TYPE_YEQUDESU" (node_12) is false
[00:41:34.338] [bmv2] [T] [thread 91956] [104.0] [cxt 0] basic.p4(582) Condition "hdr.vxlan.isValid()" (node_15) is false
[00:41:34.338] [bmv2] [T] [thread 91956] [104.0] [cxt 0] basic.p4(586) Condition "hdr.ipv6.isValid()" (node_17) is false
[00:41:34.338] [bmv2] [T] [thread 91956] [104.0] [cxt 0] basic.p4(590) Condition "hdr.ipv4.isValid()" (node_19) is true
[00:41:34.338] [bmv2] [T] [thread 91956] [104.0] [cxt 0] basic.p4(592) Condition "hdr.udp.isValid() && hdr.udp.dstPort == VXLAN_PORT" (node_20) is false
[00:41:34.338] [bmv2] [T] [thread 91956] [104.0] [cxt 0] Applying table 'MyIngress.modality_schedule'
[00:41:34.338] [bmv2] [D] [thread 91956] [104.0] [cxt 0] Looking up key:
* hdr.ipv4.dstAddr    : 0a000202

[00:41:34.338] [bmv2] [D] [thread 91956] [104.0] [cxt 0] Table 'MyIngress.modality_schedule': miss
[00:41:34.338] [bmv2] [D] [thread 91956] [104.0] [cxt 0] Action entry is NoAction - 
[00:41:34.338] [bmv2] [T] [thread 91956] [104.0] [cxt 0] Action NoAction
[00:41:34.338] [bmv2] [T] [thread 91956] [104.0] [cxt 0] basic.p4(597) Condition "meta.do_multimodal == 0" (node_23) is true
[00:41:34.338] [bmv2] [T] [thread 91956] [104.0] [cxt 0] Applying table 'MyIngress.adjudication'
[00:41:34.338] [bmv2] [D] [thread 91956] [104.0] [cxt 0] Looking up key:
* hdr.ipv4.dstAddr    : 0a000202

[00:41:34.338] [bmv2] [D] [thread 91956] [104.0] [cxt 0] Table 'MyIngress.adjudication': miss
[00:41:34.338] [bmv2] [D] [thread 91956] [104.0] [cxt 0] Action entry is NoAction - 
[00:41:34.338] [bmv2] [T] [thread 91956] [104.0] [cxt 0] Action NoAction
[00:41:34.338] [bmv2] [T] [thread 91956] [104.0] [cxt 0] Applying table 'MyIngress.ipv4_lpm'
[00:41:34.338] [bmv2] [D] [thread 91956] [104.0] [cxt 0] Looking up key:
* hdr.ipv4.dstAddr    : 0a000202

[00:41:34.338] [bmv2] [D] [thread 91956] [104.0] [cxt 0] Table 'MyIngress.ipv4_lpm': hit with handle 0
[00:41:34.338] [bmv2] [D] [thread 91956] [104.0] [cxt 0] Dumping entry 0
Match key:
* hdr.ipv4.dstAddr    : LPM       0a000202/32
Action entry: MyIngress.ipv4_forward - ffffffffffff,2,

[00:41:34.338] [bmv2] [D] [thread 91956] [104.0] [cxt 0] Action entry is MyIngress.ipv4_forward - ffffffffffff,2,
[00:41:34.338] [bmv2] [T] [thread 91956] [104.0] [cxt 0] Action MyIngress.ipv4_forward
[00:41:34.338] [bmv2] [T] [thread 91956] [104.0] [cxt 0] basic.p4(236) Primitive standard_metadata.egress_spec = port
[00:41:34.338] [bmv2] [T] [thread 91956] [104.0] [cxt 0] basic.p4(237) Primitive hdr.ethernet.srcAddr = hdr.ethernet.dstAddr
[00:41:34.338] [bmv2] [T] [thread 91956] [104.0] [cxt 0] basic.p4(238) Primitive hdr.ethernet.dstAddr = dstAddr
[00:41:34.338] [bmv2] [T] [thread 91956] [104.0] [cxt 0] basic.p4(239) Primitive hdr.ipv4.ttl = hdr.ipv4.ttl - 1
[00:41:34.338] [bmv2] [D] [thread 91956] [104.0] [cxt 0] Pipeline 'ingress': end
[00:41:34.338] [bmv2] [D] [thread 91956] [104.0] [cxt 0] Egress port is 2
[00:41:34.338] [bmv2] [D] [thread 91959] [104.0] [cxt 0] Pipeline 'egress': start
[00:41:34.338] [bmv2] [T] [thread 91959] [104.0] [cxt 0] basic.p4(684) Condition "standard_metadata.mcast_grp != 0" (node_28) is false
[00:41:34.338] [bmv2] [D] [thread 91959] [104.0] [cxt 0] Pipeline 'egress': end
[00:41:34.338] [bmv2] [D] [thread 91959] [104.0] [cxt 0] Deparser 'deparser': start
[00:41:34.338] [bmv2] [D] [thread 91959] [104.0] [cxt 0] Updating checksum 'cksum'
[00:41:34.338] [bmv2] [D] [thread 91959] [104.0] [cxt 0] Deparsing header 'ethernet'
[00:41:34.338] [bmv2] [D] [thread 91959] [104.0] [cxt 0] Deparsing header 'ipv4'
[00:41:34.338] [bmv2] [D] [thread 91959] [104.0] [cxt 0] Deparser 'deparser': end
[00:41:34.339] [bmv2] [D] [thread 91961] [104.0] [cxt 0] Transmitting packet of size 64 out of port 2
[00:41:34.342] [bmv2] [D] [thread 91956] [105.0] [cxt 0] Processing packet received on port 2
[00:41:34.342] [bmv2] [D] [thread 91956] [105.0] [cxt 0] Parser 'parser': start
[00:41:34.342] [bmv2] [D] [thread 91956] [105.0] [cxt 0] Parser 'parser' entering state 'start'
[00:41:34.342] [bmv2] [D] [thread 91956] [105.0] [cxt 0] Extracting header 'ethernet'
[00:41:34.342] [bmv2] [D] [thread 91956] [105.0] [cxt 0] Parser state 'start': key is 0800
[00:41:34.342] [bmv2] [T] [thread 91956] [105.0] [cxt 0] Bytes parsed: 14
[00:41:34.342] [bmv2] [D] [thread 91956] [105.0] [cxt 0] Parser 'parser' entering state 'parse_ipv4'
[00:41:34.342] [bmv2] [D] [thread 91956] [105.0] [cxt 0] Extracting header 'ipv4'
[00:41:34.342] [bmv2] [D] [thread 91956] [105.0] [cxt 0] Parser state 'parse_ipv4': key is 06
[00:41:34.342] [bmv2] [T] [thread 91956] [105.0] [cxt 0] Bytes parsed: 34
[00:41:34.342] [bmv2] [D] [thread 91956] [105.0] [cxt 0] Parser 'parser': end
[00:41:34.342] [bmv2] [D] [thread 91956] [105.0] [cxt 0] Pipeline 'ingress': start
[00:41:34.342] [bmv2] [T] [thread 91956] [105.0] [cxt 0] basic.p4(560) Condition "hdr.ethernet.etherType == TYPE_ARP" (node_2) is false
[00:41:34.342] [bmv2] [T] [thread 91956] [105.0] [cxt 0] basic.p4(563) Condition "hdr.ethernet.etherType == TYPE_SRCROUTING" (node_4) is false
[00:41:34.342] [bmv2] [T] [thread 91956] [105.0] [cxt 0] basic.p4(576) Condition "hdr.ethernet.etherType == TYPE_YEQUDESU" (node_12) is false
[00:41:34.342] [bmv2] [T] [thread 91956] [105.0] [cxt 0] basic.p4(582) Condition "hdr.vxlan.isValid()" (node_15) is false
[00:41:34.342] [bmv2] [T] [thread 91956] [105.0] [cxt 0] basic.p4(586) Condition "hdr.ipv6.isValid()" (node_17) is false
[00:41:34.342] [bmv2] [T] [thread 91956] [105.0] [cxt 0] basic.p4(590) Condition "hdr.ipv4.isValid()" (node_19) is true
[00:41:34.342] [bmv2] [T] [thread 91956] [105.0] [cxt 0] basic.p4(592) Condition "hdr.udp.isValid() && hdr.udp.dstPort == VXLAN_PORT" (node_20) is false
[00:41:34.342] [bmv2] [T] [thread 91956] [105.0] [cxt 0] Applying table 'MyIngress.modality_schedule'
[00:41:34.342] [bmv2] [D] [thread 91956] [105.0] [cxt 0] Looking up key:
* hdr.ipv4.dstAddr    : 0a000101

[00:41:34.342] [bmv2] [D] [thread 91956] [105.0] [cxt 0] Table 'MyIngress.modality_schedule': miss
[00:41:34.342] [bmv2] [D] [thread 91956] [105.0] [cxt 0] Action entry is NoAction - 
[00:41:34.342] [bmv2] [T] [thread 91956] [105.0] [cxt 0] Action NoAction
[00:41:34.342] [bmv2] [T] [thread 91956] [105.0] [cxt 0] basic.p4(597) Condition "meta.do_multimodal == 0" (node_23) is true
[00:41:34.342] [bmv2] [T] [thread 91956] [105.0] [cxt 0] Applying table 'MyIngress.adjudication'
[00:41:34.342] [bmv2] [D] [thread 91956] [105.0] [cxt 0] Looking up key:
* hdr.ipv4.dstAddr    : 0a000101

[00:41:34.342] [bmv2] [D] [thread 91956] [105.0] [cxt 0] Table 'MyIngress.adjudication': miss
[00:41:34.342] [bmv2] [D] [thread 91956] [105.0] [cxt 0] Action entry is NoAction - 
[00:41:34.342] [bmv2] [T] [thread 91956] [105.0] [cxt 0] Action NoAction
[00:41:34.342] [bmv2] [T] [thread 91956] [105.0] [cxt 0] Applying table 'MyIngress.ipv4_lpm'
[00:41:34.342] [bmv2] [D] [thread 91956] [105.0] [cxt 0] Looking up key:
* hdr.ipv4.dstAddr    : 0a000101

[00:41:34.342] [bmv2] [D] [thread 91956] [105.0] [cxt 0] Table 'MyIngress.ipv4_lpm': hit with handle 2
[00:41:34.342] [bmv2] [D] [thread 91956] [105.0] [cxt 0] Dumping entry 2
Match key:
* hdr.ipv4.dstAddr    : LPM       0a000101/32
Action entry: MyIngress.ipv4_forward - ffffffffffff,1,

[00:41:34.342] [bmv2] [D] [thread 91956] [105.0] [cxt 0] Action entry is MyIngress.ipv4_forward - ffffffffffff,1,
[00:41:34.342] [bmv2] [T] [thread 91956] [105.0] [cxt 0] Action MyIngress.ipv4_forward
[00:41:34.342] [bmv2] [T] [thread 91956] [105.0] [cxt 0] basic.p4(236) Primitive standard_metadata.egress_spec = port
[00:41:34.342] [bmv2] [T] [thread 91956] [105.0] [cxt 0] basic.p4(237) Primitive hdr.ethernet.srcAddr = hdr.ethernet.dstAddr
[00:41:34.342] [bmv2] [T] [thread 91956] [105.0] [cxt 0] basic.p4(238) Primitive hdr.ethernet.dstAddr = dstAddr
[00:41:34.342] [bmv2] [T] [thread 91956] [105.0] [cxt 0] basic.p4(239) Primitive hdr.ipv4.ttl = hdr.ipv4.ttl - 1
[00:41:34.342] [bmv2] [D] [thread 91956] [105.0] [cxt 0] Pipeline 'ingress': end
[00:41:34.342] [bmv2] [D] [thread 91956] [105.0] [cxt 0] Egress port is 1
[00:41:34.342] [bmv2] [D] [thread 91956] [106.0] [cxt 0] Processing packet received on port 2
[00:41:34.342] [bmv2] [D] [thread 91956] [106.0] [cxt 0] Parser 'parser': start
[00:41:34.342] [bmv2] [D] [thread 91956] [106.0] [cxt 0] Parser 'parser' entering state 'start'
[00:41:34.342] [bmv2] [D] [thread 91956] [106.0] [cxt 0] Extracting header 'ethernet'
[00:41:34.342] [bmv2] [D] [thread 91956] [106.0] [cxt 0] Parser state 'start': key is 0800
[00:41:34.342] [bmv2] [T] [thread 91956] [106.0] [cxt 0] Bytes parsed: 14
[00:41:34.342] [bmv2] [D] [thread 91956] [106.0] [cxt 0] Parser 'parser' entering state 'parse_ipv4'
[00:41:34.342] [bmv2] [D] [thread 91956] [106.0] [cxt 0] Extracting header 'ipv4'
[00:41:34.342] [bmv2] [D] [thread 91956] [106.0] [cxt 0] Parser state 'parse_ipv4': key is 06
[00:41:34.342] [bmv2] [T] [thread 91956] [106.0] [cxt 0] Bytes parsed: 34
[00:41:34.342] [bmv2] [D] [thread 91956] [106.0] [cxt 0] Parser 'parser': end
[00:41:34.342] [bmv2] [D] [thread 91956] [106.0] [cxt 0] Pipeline 'ingress': start
[00:41:34.342] [bmv2] [D] [thread 91958] [105.0] [cxt 0] Pipeline 'egress': start
[00:41:34.342] [bmv2] [T] [thread 91958] [105.0] [cxt 0] basic.p4(684) Condition "standard_metadata.mcast_grp != 0" (node_28) is false
[00:41:34.342] [bmv2] [T] [thread 91956] [106.0] [cxt 0] basic.p4(560) Condition "hdr.ethernet.etherType == TYPE_ARP" (node_2) is false
[00:41:34.342] [bmv2] [T] [thread 91956] [106.0] [cxt 0] basic.p4(563) Condition "hdr.ethernet.etherType == TYPE_SRCROUTING" (node_4) is false
[00:41:34.342] [bmv2] [T] [thread 91956] [106.0] [cxt 0] basic.p4(576) Condition "hdr.ethernet.etherType == TYPE_YEQUDESU" (node_12) is false
[00:41:34.342] [bmv2] [T] [thread 91956] [106.0] [cxt 0] basic.p4(582) Condition "hdr.vxlan.isValid()" (node_15) is false
[00:41:34.342] [bmv2] [T] [thread 91956] [106.0] [cxt 0] basic.p4(586) Condition "hdr.ipv6.isValid()" (node_17) is false
[00:41:34.342] [bmv2] [T] [thread 91956] [106.0] [cxt 0] basic.p4(590) Condition "hdr.ipv4.isValid()" (node_19) is true
[00:41:34.342] [bmv2] [T] [thread 91956] [106.0] [cxt 0] basic.p4(592) Condition "hdr.udp.isValid() && hdr.udp.dstPort == VXLAN_PORT" (node_20) is false
[00:41:34.342] [bmv2] [T] [thread 91956] [106.0] [cxt 0] Applying table 'MyIngress.modality_schedule'
[00:41:34.343] [bmv2] [D] [thread 91956] [106.0] [cxt 0] Looking up key:
* hdr.ipv4.dstAddr    : 0a000101

[00:41:34.343] [bmv2] [D] [thread 91956] [106.0] [cxt 0] Table 'MyIngress.modality_schedule': miss
[00:41:34.343] [bmv2] [D] [thread 91956] [106.0] [cxt 0] Action entry is NoAction - 
[00:41:34.343] [bmv2] [T] [thread 91956] [106.0] [cxt 0] Action NoAction
[00:41:34.343] [bmv2] [T] [thread 91956] [106.0] [cxt 0] basic.p4(597) Condition "meta.do_multimodal == 0" (node_23) is true
[00:41:34.342] [bmv2] [D] [thread 91958] [105.0] [cxt 0] Pipeline 'egress': end
[00:41:34.343] [bmv2] [D] [thread 91958] [105.0] [cxt 0] Deparser 'deparser': start
[00:41:34.343] [bmv2] [D] [thread 91958] [105.0] [cxt 0] Updating checksum 'cksum'
[00:41:34.343] [bmv2] [T] [thread 91956] [106.0] [cxt 0] Applying table 'MyIngress.adjudication'
[00:41:34.343] [bmv2] [D] [thread 91958] [105.0] [cxt 0] Deparsing header 'ethernet'
[00:41:34.343] [bmv2] [D] [thread 91958] [105.0] [cxt 0] Deparsing header 'ipv4'
[00:41:34.343] [bmv2] [D] [thread 91958] [105.0] [cxt 0] Deparser 'deparser': end
[00:41:34.343] [bmv2] [D] [thread 91956] [106.0] [cxt 0] Looking up key:
* hdr.ipv4.dstAddr    : 0a000101

[00:41:34.343] [bmv2] [D] [thread 91956] [106.0] [cxt 0] Table 'MyIngress.adjudication': miss
[00:41:34.343] [bmv2] [D] [thread 91956] [106.0] [cxt 0] Action entry is NoAction - 
[00:41:34.343] [bmv2] [D] [thread 91961] [105.0] [cxt 0] Transmitting packet of size 54 out of port 1
[00:41:34.343] [bmv2] [T] [thread 91956] [106.0] [cxt 0] Action NoAction
[00:41:34.343] [bmv2] [T] [thread 91956] [106.0] [cxt 0] Applying table 'MyIngress.ipv4_lpm'
[00:41:34.343] [bmv2] [D] [thread 91956] [106.0] [cxt 0] Looking up key:
* hdr.ipv4.dstAddr    : 0a000101

[00:41:34.343] [bmv2] [D] [thread 91956] [106.0] [cxt 0] Table 'MyIngress.ipv4_lpm': hit with handle 2
[00:41:34.343] [bmv2] [D] [thread 91956] [106.0] [cxt 0] Dumping entry 2
Match key:
* hdr.ipv4.dstAddr    : LPM       0a000101/32
Action entry: MyIngress.ipv4_forward - ffffffffffff,1,

[00:41:34.343] [bmv2] [D] [thread 91956] [106.0] [cxt 0] Action entry is MyIngress.ipv4_forward - ffffffffffff,1,
[00:41:34.343] [bmv2] [T] [thread 91956] [106.0] [cxt 0] Action MyIngress.ipv4_forward
[00:41:34.343] [bmv2] [T] [thread 91956] [106.0] [cxt 0] basic.p4(236) Primitive standard_metadata.egress_spec = port
[00:41:34.343] [bmv2] [T] [thread 91956] [106.0] [cxt 0] basic.p4(237) Primitive hdr.ethernet.srcAddr = hdr.ethernet.dstAddr
[00:41:34.343] [bmv2] [T] [thread 91956] [106.0] [cxt 0] basic.p4(238) Primitive hdr.ethernet.dstAddr = dstAddr
[00:41:34.343] [bmv2] [T] [thread 91956] [106.0] [cxt 0] basic.p4(239) Primitive hdr.ipv4.ttl = hdr.ipv4.ttl - 1
[00:41:34.343] [bmv2] [D] [thread 91956] [106.0] [cxt 0] Pipeline 'ingress': end
[00:41:34.343] [bmv2] [D] [thread 91956] [106.0] [cxt 0] Egress port is 1
[00:41:34.343] [bmv2] [D] [thread 91958] [106.0] [cxt 0] Pipeline 'egress': start
[00:41:34.343] [bmv2] [T] [thread 91958] [106.0] [cxt 0] basic.p4(684) Condition "standard_metadata.mcast_grp != 0" (node_28) is false
[00:41:34.343] [bmv2] [D] [thread 91958] [106.0] [cxt 0] Pipeline 'egress': end
[00:41:34.343] [bmv2] [D] [thread 91958] [106.0] [cxt 0] Deparser 'deparser': start
[00:41:34.343] [bmv2] [D] [thread 91958] [106.0] [cxt 0] Updating checksum 'cksum'
[00:41:34.343] [bmv2] [D] [thread 91958] [106.0] [cxt 0] Deparsing header 'ethernet'
[00:41:34.343] [bmv2] [D] [thread 91958] [106.0] [cxt 0] Deparsing header 'ipv4'
[00:41:34.343] [bmv2] [D] [thread 91958] [106.0] [cxt 0] Deparser 'deparser': end
[00:41:34.343] [bmv2] [D] [thread 91961] [106.0] [cxt 0] Transmitting packet of size 54 out of port 1
[00:41:39.087] [bmv2] [D] [thread 91956] [107.0] [cxt 0] Processing packet received on port 2
[00:41:39.087] [bmv2] [D] [thread 91956] [107.0] [cxt 0] Parser 'parser': start
[00:41:39.087] [bmv2] [D] [thread 91956] [107.0] [cxt 0] Parser 'parser' entering state 'start'
[00:41:39.087] [bmv2] [D] [thread 91956] [107.0] [cxt 0] Extracting header 'ethernet'
[00:41:39.087] [bmv2] [D] [thread 91956] [107.0] [cxt 0] Parser state 'start': key is 86dd
[00:41:39.087] [bmv2] [T] [thread 91956] [107.0] [cxt 0] Bytes parsed: 14
[00:41:39.087] [bmv2] [D] [thread 91956] [107.0] [cxt 0] Parser 'parser' entering state 'parse_ipv6'
[00:41:39.087] [bmv2] [D] [thread 91956] [107.0] [cxt 0] Extracting header 'ipv6'
[00:41:39.087] [bmv2] [D] [thread 91956] [107.0] [cxt 0] Parser state 'parse_ipv6': key is 3a
[00:41:39.087] [bmv2] [T] [thread 91956] [107.0] [cxt 0] Bytes parsed: 54
[00:41:39.087] [bmv2] [D] [thread 91956] [107.0] [cxt 0] Parser 'parser': end
[00:41:39.087] [bmv2] [D] [thread 91956] [107.0] [cxt 0] Pipeline 'ingress': start
[00:41:39.087] [bmv2] [T] [thread 91956] [107.0] [cxt 0] basic.p4(560) Condition "hdr.ethernet.etherType == TYPE_ARP" (node_2) is false
[00:41:39.087] [bmv2] [T] [thread 91956] [107.0] [cxt 0] basic.p4(563) Condition "hdr.ethernet.etherType == TYPE_SRCROUTING" (node_4) is false
[00:41:39.087] [bmv2] [T] [thread 91956] [107.0] [cxt 0] basic.p4(576) Condition "hdr.ethernet.etherType == TYPE_YEQUDESU" (node_12) is false
[00:41:39.087] [bmv2] [T] [thread 91956] [107.0] [cxt 0] basic.p4(582) Condition "hdr.vxlan.isValid()" (node_15) is false
[00:41:39.087] [bmv2] [T] [thread 91956] [107.0] [cxt 0] basic.p4(586) Condition "hdr.ipv6.isValid()" (node_17) is true
[00:41:39.087] [bmv2] [T] [thread 91956] [107.0] [cxt 0] Applying table 'MyIngress.ipv6_lpm'
[00:41:39.087] [bmv2] [D] [thread 91956] [107.0] [cxt 0] Looking up key:
* hdr.ipv6.dstAddr    : ff020000000000000000000000000002

[00:41:39.087] [bmv2] [D] [thread 91956] [107.0] [cxt 0] Table 'MyIngress.ipv6_lpm': miss
[00:41:39.087] [bmv2] [D] [thread 91956] [107.0] [cxt 0] Action entry is NoAction - 
[00:41:39.087] [bmv2] [T] [thread 91956] [107.0] [cxt 0] Action NoAction
[00:41:39.087] [bmv2] [D] [thread 91956] [107.0] [cxt 0] Pipeline 'ingress': end
[00:41:39.087] [bmv2] [D] [thread 91956] [107.0] [cxt 0] Egress port is 0
[00:41:39.088] [bmv2] [D] [thread 91957] [107.0] [cxt 0] Pipeline 'egress': start
[00:41:39.088] [bmv2] [T] [thread 91957] [107.0] [cxt 0] basic.p4(684) Condition "standard_metadata.mcast_grp != 0" (node_28) is false
[00:41:39.088] [bmv2] [D] [thread 91957] [107.0] [cxt 0] Pipeline 'egress': end
[00:41:39.088] [bmv2] [D] [thread 91957] [107.0] [cxt 0] Deparser 'deparser': start
[00:41:39.088] [bmv2] [T] [thread 91957] [107.0] [cxt 0] Skipping checksum 'cksum' update because condition not met
[00:41:39.088] [bmv2] [D] [thread 91957] [107.0] [cxt 0] Deparsing header 'ethernet'
[00:41:39.088] [bmv2] [D] [thread 91957] [107.0] [cxt 0] Deparsing header 'ipv6'
[00:41:39.088] [bmv2] [D] [thread 91957] [107.0] [cxt 0] Deparser 'deparser': end
[00:41:39.088] [bmv2] [D] [thread 91961] [107.0] [cxt 0] Transmitting packet of size 70 out of port 0
