Calling target program-options parser
[02:45:15.076] [bmv2] [D] [thread 160646] Set default default entry for table 'MyIngress.arp_match': MyIngress.drop - 
[02:45:15.077] [bmv2] [D] [thread 160646] Set default default entry for table 'tbl_srcRoute_finish': MyIngress.srcRoute_finish - 
[02:45:15.077] [bmv2] [D] [thread 160646] Set default default entry for table 'MyIngress.ipv4_lpm_src': NoAction - 
[02:45:15.077] [bmv2] [D] [thread 160646] Set default default entry for table 'tbl_srcRoute_nhop': MyIngress.srcRoute_nhop - 
[02:45:15.077] [bmv2] [D] [thread 160646] Set default default entry for table 'tbl_update_ttl': MyIngress.update_ttl - 
[02:45:15.077] [bmv2] [D] [thread 160646] Set default default entry for table 'MyIngress.yequdesu_exact': MyIngress.drop - 
[02:45:15.077] [bmv2] [D] [thread 160646] Set default default entry for table 'MyIngress.vxlan_decap_exact': MyIngress.drop - 
[02:45:15.077] [bmv2] [D] [thread 160646] Set default default entry for table 'MyIngress.ipv6_lpm': NoAction - 
[02:45:15.077] [bmv2] [D] [thread 160646] Set default default entry for table 'MyIngress.vxlan_lpm': NoAction - 
[02:45:15.077] [bmv2] [D] [thread 160646] Set default default entry for table 'MyIngress.modality_schedule': NoAction - 
[02:45:15.077] [bmv2] [D] [thread 160646] Set default default entry for table 'MyIngress.adjudication': NoAction - 
[02:45:15.077] [bmv2] [D] [thread 160646] Set default default entry for table 'MyIngress.ipv4_lpm': NoAction - 
[02:45:15.077] [bmv2] [D] [thread 160646] Set default default entry for table 'MyEgress.egress_encap_ipv6': NoAction - 
[02:45:15.077] [bmv2] [D] [thread 160646] Set default default entry for table 'MyEgress.egress_encap_yequdesu': NoAction - 
[02:45:15.077] [bmv2] [D] [thread 160646] Set default default entry for table 'MyEgress.egress_encap_vxlan': NoAction - 
Adding interface s12-eth1 as port 1
[02:45:15.084] [bmv2] [D] [thread 160646] Adding interface s12-eth1 as port 1
Adding interface s12-eth2 as port 2
[02:45:15.096] [bmv2] [D] [thread 160646] Adding interface s12-eth2 as port 2
Server listening on 0.0.0.0:50054
[02:45:15.114] [bmv2] [I] [thread 160646] Starting Thrift server on port 9093
[02:45:15.115] [bmv2] [I] [thread 160646] Thrift server was started
[02:45:15.151] [bmv2] [D] [thread 160688] [0.0] [cxt 0] Processing packet received on port 1
[02:45:15.151] [bmv2] [D] [thread 160688] [0.0] [cxt 0] Parser 'parser': start
[02:45:15.151] [bmv2] [D] [thread 160688] [0.0] [cxt 0] Parser 'parser' entering state 'start'
[02:45:15.151] [bmv2] [D] [thread 160688] [0.0] [cxt 0] Extracting header 'ethernet'
[02:45:15.151] [bmv2] [D] [thread 160688] [0.0] [cxt 0] Parser state 'start': key is 86dd
[02:45:15.151] [bmv2] [T] [thread 160688] [0.0] [cxt 0] Bytes parsed: 14
[02:45:15.151] [bmv2] [D] [thread 160688] [0.0] [cxt 0] Parser 'parser' entering state 'parse_ipv6'
[02:45:15.151] [bmv2] [D] [thread 160688] [0.0] [cxt 0] Extracting header 'ipv6'
[02:45:15.151] [bmv2] [D] [thread 160688] [0.0] [cxt 0] Parser state 'parse_ipv6': key is 00
[02:45:15.151] [bmv2] [T] [thread 160688] [0.0] [cxt 0] Bytes parsed: 54
[02:45:15.151] [bmv2] [D] [thread 160688] [0.0] [cxt 0] Parser 'parser': end
[02:45:15.151] [bmv2] [D] [thread 160688] [0.0] [cxt 0] Pipeline 'ingress': start
[02:45:15.151] [bmv2] [T] [thread 160688] [0.0] [cxt 0] basic.p4(565) Condition "hdr.ethernet.etherType == TYPE_ARP" (node_2) is false
[02:45:15.151] [bmv2] [T] [thread 160688] [0.0] [cxt 0] basic.p4(568) Condition "hdr.ethernet.etherType == TYPE_SRCROUTING" (node_4) is false
[02:45:15.151] [bmv2] [T] [thread 160688] [0.0] [cxt 0] basic.p4(581) Condition "hdr.ethernet.etherType == TYPE_YEQUDESU" (node_12) is false
[02:45:15.151] [bmv2] [T] [thread 160688] [0.0] [cxt 0] basic.p4(587) Condition "hdr.vxlan.isValid()" (node_15) is false
[02:45:15.151] [bmv2] [T] [thread 160688] [0.0] [cxt 0] basic.p4(591) Condition "hdr.ipv6.isValid()" (node_17) is true
[02:45:15.151] [bmv2] [T] [thread 160688] [0.0] [cxt 0] Applying table 'MyIngress.ipv6_lpm'
[02:45:15.151] [bmv2] [D] [thread 160688] [0.0] [cxt 0] Looking up key:
* hdr.ipv6.dstAddr    : ff020000000000000000000000000016

[02:45:15.151] [bmv2] [D] [thread 160688] [0.0] [cxt 0] Table 'MyIngress.ipv6_lpm': miss
[02:45:15.151] [bmv2] [D] [thread 160688] [0.0] [cxt 0] Action entry is NoAction - 
[02:45:15.151] [bmv2] [T] [thread 160688] [0.0] [cxt 0] Action NoAction
[02:45:15.151] [bmv2] [D] [thread 160688] [0.0] [cxt 0] Pipeline 'ingress': end
[02:45:15.151] [bmv2] [D] [thread 160688] [0.0] [cxt 0] Egress port is 0
[02:45:15.151] [bmv2] [D] [thread 160689] [0.0] [cxt 0] Pipeline 'egress': start
[02:45:15.151] [bmv2] [T] [thread 160689] [0.0] [cxt 0] Applying table 'MyEgress.egress_encap_ipv6'
[02:45:15.151] [bmv2] [D] [thread 160689] [0.0] [cxt 0] Looking up key:
* standard_metadata.egress_port: 0000

[02:45:15.151] [bmv2] [D] [thread 160689] [0.0] [cxt 0] Table 'MyEgress.egress_encap_ipv6': miss
[02:45:15.151] [bmv2] [D] [thread 160689] [0.0] [cxt 0] Action entry is NoAction - 
[02:45:15.151] [bmv2] [T] [thread 160689] [0.0] [cxt 0] Action NoAction
[02:45:15.151] [bmv2] [T] [thread 160689] [0.0] [cxt 0] Applying table 'MyEgress.egress_encap_yequdesu'
[02:45:15.151] [bmv2] [D] [thread 160689] [0.0] [cxt 0] Looking up key:
* standard_metadata.egress_port: 0000

[02:45:15.151] [bmv2] [D] [thread 160689] [0.0] [cxt 0] Table 'MyEgress.egress_encap_yequdesu': miss
[02:45:15.151] [bmv2] [D] [thread 160689] [0.0] [cxt 0] Action entry is NoAction - 
[02:45:15.151] [bmv2] [T] [thread 160689] [0.0] [cxt 0] Action NoAction
[02:45:15.151] [bmv2] [T] [thread 160689] [0.0] [cxt 0] Applying table 'MyEgress.egress_encap_vxlan'
[02:45:15.151] [bmv2] [D] [thread 160689] [0.0] [cxt 0] Looking up key:
* standard_metadata.egress_port: 0000

[02:45:15.151] [bmv2] [D] [thread 160689] [0.0] [cxt 0] Table 'MyEgress.egress_encap_vxlan': miss
[02:45:15.151] [bmv2] [D] [thread 160689] [0.0] [cxt 0] Action entry is NoAction - 
[02:45:15.151] [bmv2] [T] [thread 160689] [0.0] [cxt 0] Action NoAction
[02:45:15.151] [bmv2] [D] [thread 160689] [0.0] [cxt 0] Pipeline 'egress': end
[02:45:15.151] [bmv2] [D] [thread 160689] [0.0] [cxt 0] Deparser 'deparser': start
[02:45:15.151] [bmv2] [T] [thread 160689] [0.0] [cxt 0] Skipping checksum 'cksum' update because condition not met
[02:45:15.151] [bmv2] [D] [thread 160689] [0.0] [cxt 0] Deparsing header 'ethernet'
[02:45:15.151] [bmv2] [D] [thread 160689] [0.0] [cxt 0] Deparsing header 'ipv6'
[02:45:15.151] [bmv2] [D] [thread 160689] [0.0] [cxt 0] Deparser 'deparser': end
[02:45:15.151] [bmv2] [D] [thread 160693] [0.0] [cxt 0] Transmitting packet of size 110 out of port 0
[02:45:15.168] [bmv2] [D] [thread 160688] [1.0] [cxt 0] Processing packet received on port 2
[02:45:15.168] [bmv2] [D] [thread 160688] [1.0] [cxt 0] Parser 'parser': start
[02:45:15.168] [bmv2] [D] [thread 160688] [1.0] [cxt 0] Parser 'parser' entering state 'start'
[02:45:15.168] [bmv2] [D] [thread 160688] [1.0] [cxt 0] Extracting header 'ethernet'
[02:45:15.168] [bmv2] [D] [thread 160688] [1.0] [cxt 0] Parser state 'start': key is 86dd
[02:45:15.168] [bmv2] [T] [thread 160688] [1.0] [cxt 0] Bytes parsed: 14
[02:45:15.168] [bmv2] [D] [thread 160688] [1.0] [cxt 0] Parser 'parser' entering state 'parse_ipv6'
[02:45:15.168] [bmv2] [D] [thread 160688] [1.0] [cxt 0] Extracting header 'ipv6'
[02:45:15.168] [bmv2] [D] [thread 160688] [1.0] [cxt 0] Parser state 'parse_ipv6': key is 11
[02:45:15.168] [bmv2] [T] [thread 160688] [1.0] [cxt 0] Bytes parsed: 54
[02:45:15.168] [bmv2] [D] [thread 160688] [1.0] [cxt 0] Parser 'parser': end
[02:45:15.168] [bmv2] [D] [thread 160688] [1.0] [cxt 0] Pipeline 'ingress': start
[02:45:15.168] [bmv2] [T] [thread 160688] [1.0] [cxt 0] basic.p4(565) Condition "hdr.ethernet.etherType == TYPE_ARP" (node_2) is false
[02:45:15.168] [bmv2] [T] [thread 160688] [1.0] [cxt 0] basic.p4(568) Condition "hdr.ethernet.etherType == TYPE_SRCROUTING" (node_4) is false
[02:45:15.168] [bmv2] [T] [thread 160688] [1.0] [cxt 0] basic.p4(581) Condition "hdr.ethernet.etherType == TYPE_YEQUDESU" (node_12) is false
[02:45:15.168] [bmv2] [T] [thread 160688] [1.0] [cxt 0] basic.p4(587) Condition "hdr.vxlan.isValid()" (node_15) is false
[02:45:15.168] [bmv2] [T] [thread 160688] [1.0] [cxt 0] basic.p4(591) Condition "hdr.ipv6.isValid()" (node_17) is true
[02:45:15.168] [bmv2] [T] [thread 160688] [1.0] [cxt 0] Applying table 'MyIngress.ipv6_lpm'
[02:45:15.168] [bmv2] [D] [thread 160688] [1.0] [cxt 0] Looking up key:
* hdr.ipv6.dstAddr    : ff0200000000000000000000000000fb

[02:45:15.168] [bmv2] [D] [thread 160688] [1.0] [cxt 0] Table 'MyIngress.ipv6_lpm': miss
[02:45:15.168] [bmv2] [D] [thread 160688] [1.0] [cxt 0] Action entry is NoAction - 
[02:45:15.168] [bmv2] [T] [thread 160688] [1.0] [cxt 0] Action NoAction
[02:45:15.168] [bmv2] [D] [thread 160688] [1.0] [cxt 0] Pipeline 'ingress': end
[02:45:15.168] [bmv2] [D] [thread 160688] [1.0] [cxt 0] Egress port is 0
[02:45:15.168] [bmv2] [D] [thread 160689] [1.0] [cxt 0] Pipeline 'egress': start
[02:45:15.168] [bmv2] [T] [thread 160689] [1.0] [cxt 0] Applying table 'MyEgress.egress_encap_ipv6'
[02:45:15.168] [bmv2] [D] [thread 160689] [1.0] [cxt 0] Looking up key:
* standard_metadata.egress_port: 0000

[02:45:15.168] [bmv2] [D] [thread 160689] [1.0] [cxt 0] Table 'MyEgress.egress_encap_ipv6': miss
[02:45:15.168] [bmv2] [D] [thread 160689] [1.0] [cxt 0] Action entry is NoAction - 
[02:45:15.168] [bmv2] [T] [thread 160689] [1.0] [cxt 0] Action NoAction
[02:45:15.168] [bmv2] [T] [thread 160689] [1.0] [cxt 0] Applying table 'MyEgress.egress_encap_yequdesu'
[02:45:15.168] [bmv2] [D] [thread 160689] [1.0] [cxt 0] Looking up key:
* standard_metadata.egress_port: 0000

[02:45:15.169] [bmv2] [D] [thread 160689] [1.0] [cxt 0] Table 'MyEgress.egress_encap_yequdesu': miss
[02:45:15.169] [bmv2] [D] [thread 160689] [1.0] [cxt 0] Action entry is NoAction - 
[02:45:15.169] [bmv2] [T] [thread 160689] [1.0] [cxt 0] Action NoAction
[02:45:15.169] [bmv2] [T] [thread 160689] [1.0] [cxt 0] Applying table 'MyEgress.egress_encap_vxlan'
[02:45:15.169] [bmv2] [D] [thread 160689] [1.0] [cxt 0] Looking up key:
* standard_metadata.egress_port: 0000

[02:45:15.169] [bmv2] [D] [thread 160689] [1.0] [cxt 0] Table 'MyEgress.egress_encap_vxlan': miss
[02:45:15.169] [bmv2] [D] [thread 160689] [1.0] [cxt 0] Action entry is NoAction - 
[02:45:15.169] [bmv2] [T] [thread 160689] [1.0] [cxt 0] Action NoAction
[02:45:15.169] [bmv2] [D] [thread 160689] [1.0] [cxt 0] Pipeline 'egress': end
[02:45:15.169] [bmv2] [D] [thread 160689] [1.0] [cxt 0] Deparser 'deparser': start
[02:45:15.169] [bmv2] [T] [thread 160689] [1.0] [cxt 0] Skipping checksum 'cksum' update because condition not met
[02:45:15.169] [bmv2] [D] [thread 160689] [1.0] [cxt 0] Deparsing header 'ethernet'
[02:45:15.169] [bmv2] [D] [thread 160689] [1.0] [cxt 0] Deparsing header 'ipv6'
[02:45:15.169] [bmv2] [D] [thread 160689] [1.0] [cxt 0] Deparser 'deparser': end
[02:45:15.169] [bmv2] [D] [thread 160693] [1.0] [cxt 0] Transmitting packet of size 211 out of port 0
[02:45:15.214] [bmv2] [D] [thread 160688] [2.0] [cxt 0] Processing packet received on port 1
[02:45:15.214] [bmv2] [D] [thread 160688] [2.0] [cxt 0] Parser 'parser': start
[02:45:15.214] [bmv2] [D] [thread 160688] [2.0] [cxt 0] Parser 'parser' entering state 'start'
[02:45:15.214] [bmv2] [D] [thread 160688] [2.0] [cxt 0] Extracting header 'ethernet'
[02:45:15.214] [bmv2] [D] [thread 160688] [2.0] [cxt 0] Parser state 'start': key is 86dd
[02:45:15.214] [bmv2] [T] [thread 160688] [2.0] [cxt 0] Bytes parsed: 14
[02:45:15.214] [bmv2] [D] [thread 160688] [2.0] [cxt 0] Parser 'parser' entering state 'parse_ipv6'
[02:45:15.214] [bmv2] [D] [thread 160688] [2.0] [cxt 0] Extracting header 'ipv6'
[02:45:15.214] [bmv2] [D] [thread 160688] [2.0] [cxt 0] Parser state 'parse_ipv6': key is 00
[02:45:15.214] [bmv2] [T] [thread 160688] [2.0] [cxt 0] Bytes parsed: 54
[02:45:15.214] [bmv2] [D] [thread 160688] [2.0] [cxt 0] Parser 'parser': end
[02:45:15.214] [bmv2] [D] [thread 160688] [2.0] [cxt 0] Pipeline 'ingress': start
[02:45:15.214] [bmv2] [T] [thread 160688] [2.0] [cxt 0] basic.p4(565) Condition "hdr.ethernet.etherType == TYPE_ARP" (node_2) is false
[02:45:15.214] [bmv2] [T] [thread 160688] [2.0] [cxt 0] basic.p4(568) Condition "hdr.ethernet.etherType == TYPE_SRCROUTING" (node_4) is false
[02:45:15.214] [bmv2] [T] [thread 160688] [2.0] [cxt 0] basic.p4(581) Condition "hdr.ethernet.etherType == TYPE_YEQUDESU" (node_12) is false
[02:45:15.214] [bmv2] [T] [thread 160688] [2.0] [cxt 0] basic.p4(587) Condition "hdr.vxlan.isValid()" (node_15) is false
[02:45:15.214] [bmv2] [T] [thread 160688] [2.0] [cxt 0] basic.p4(591) Condition "hdr.ipv6.isValid()" (node_17) is true
[02:45:15.214] [bmv2] [T] [thread 160688] [2.0] [cxt 0] Applying table 'MyIngress.ipv6_lpm'
[02:45:15.214] [bmv2] [D] [thread 160688] [2.0] [cxt 0] Looking up key:
* hdr.ipv6.dstAddr    : ff020000000000000000000000000016

[02:45:15.214] [bmv2] [D] [thread 160688] [2.0] [cxt 0] Table 'MyIngress.ipv6_lpm': miss
[02:45:15.214] [bmv2] [D] [thread 160688] [2.0] [cxt 0] Action entry is NoAction - 
[02:45:15.214] [bmv2] [T] [thread 160688] [2.0] [cxt 0] Action NoAction
[02:45:15.214] [bmv2] [D] [thread 160688] [2.0] [cxt 0] Pipeline 'ingress': end
[02:45:15.214] [bmv2] [D] [thread 160688] [2.0] [cxt 0] Egress port is 0
[02:45:15.214] [bmv2] [D] [thread 160689] [2.0] [cxt 0] Pipeline 'egress': start
[02:45:15.214] [bmv2] [T] [thread 160689] [2.0] [cxt 0] Applying table 'MyEgress.egress_encap_ipv6'
[02:45:15.214] [bmv2] [D] [thread 160689] [2.0] [cxt 0] Looking up key:
* standard_metadata.egress_port: 0000

[02:45:15.214] [bmv2] [D] [thread 160689] [2.0] [cxt 0] Table 'MyEgress.egress_encap_ipv6': miss
[02:45:15.214] [bmv2] [D] [thread 160689] [2.0] [cxt 0] Action entry is NoAction - 
[02:45:15.214] [bmv2] [T] [thread 160689] [2.0] [cxt 0] Action NoAction
[02:45:15.214] [bmv2] [T] [thread 160689] [2.0] [cxt 0] Applying table 'MyEgress.egress_encap_yequdesu'
[02:45:15.214] [bmv2] [D] [thread 160689] [2.0] [cxt 0] Looking up key:
* standard_metadata.egress_port: 0000

[02:45:15.214] [bmv2] [D] [thread 160689] [2.0] [cxt 0] Table 'MyEgress.egress_encap_yequdesu': miss
[02:45:15.214] [bmv2] [D] [thread 160689] [2.0] [cxt 0] Action entry is NoAction - 
[02:45:15.214] [bmv2] [T] [thread 160689] [2.0] [cxt 0] Action NoAction
[02:45:15.214] [bmv2] [T] [thread 160689] [2.0] [cxt 0] Applying table 'MyEgress.egress_encap_vxlan'
[02:45:15.214] [bmv2] [D] [thread 160689] [2.0] [cxt 0] Looking up key:
* standard_metadata.egress_port: 0000

[02:45:15.214] [bmv2] [D] [thread 160689] [2.0] [cxt 0] Table 'MyEgress.egress_encap_vxlan': miss
[02:45:15.214] [bmv2] [D] [thread 160689] [2.0] [cxt 0] Action entry is NoAction - 
[02:45:15.214] [bmv2] [T] [thread 160689] [2.0] [cxt 0] Action NoAction
[02:45:15.214] [bmv2] [D] [thread 160689] [2.0] [cxt 0] Pipeline 'egress': end
[02:45:15.214] [bmv2] [D] [thread 160689] [2.0] [cxt 0] Deparser 'deparser': start
[02:45:15.214] [bmv2] [T] [thread 160689] [2.0] [cxt 0] Skipping checksum 'cksum' update because condition not met
[02:45:15.214] [bmv2] [D] [thread 160689] [2.0] [cxt 0] Deparsing header 'ethernet'
[02:45:15.214] [bmv2] [D] [thread 160689] [2.0] [cxt 0] Deparsing header 'ipv6'
[02:45:15.214] [bmv2] [D] [thread 160689] [2.0] [cxt 0] Deparser 'deparser': end
[02:45:15.214] [bmv2] [D] [thread 160693] [2.0] [cxt 0] Transmitting packet of size 90 out of port 0
[02:45:15.222] [bmv2] [D] [thread 160688] [3.0] [cxt 0] Processing packet received on port 1
[02:45:15.222] [bmv2] [D] [thread 160688] [3.0] [cxt 0] Parser 'parser': start
[02:45:15.222] [bmv2] [D] [thread 160688] [3.0] [cxt 0] Parser 'parser' entering state 'start'
[02:45:15.222] [bmv2] [D] [thread 160688] [3.0] [cxt 0] Extracting header 'ethernet'
[02:45:15.222] [bmv2] [D] [thread 160688] [3.0] [cxt 0] Parser state 'start': key is 86dd
[02:45:15.222] [bmv2] [T] [thread 160688] [3.0] [cxt 0] Bytes parsed: 14
[02:45:15.222] [bmv2] [D] [thread 160688] [3.0] [cxt 0] Parser 'parser' entering state 'parse_ipv6'
[02:45:15.222] [bmv2] [D] [thread 160688] [3.0] [cxt 0] Extracting header 'ipv6'
[02:45:15.222] [bmv2] [D] [thread 160688] [3.0] [cxt 0] Parser state 'parse_ipv6': key is 11
[02:45:15.222] [bmv2] [T] [thread 160688] [3.0] [cxt 0] Bytes parsed: 54
[02:45:15.222] [bmv2] [D] [thread 160688] [3.0] [cxt 0] Parser 'parser': end
[02:45:15.222] [bmv2] [D] [thread 160688] [3.0] [cxt 0] Pipeline 'ingress': start
[02:45:15.222] [bmv2] [T] [thread 160688] [3.0] [cxt 0] basic.p4(565) Condition "hdr.ethernet.etherType == TYPE_ARP" (node_2) is false
[02:45:15.222] [bmv2] [T] [thread 160688] [3.0] [cxt 0] basic.p4(568) Condition "hdr.ethernet.etherType == TYPE_SRCROUTING" (node_4) is false
[02:45:15.222] [bmv2] [T] [thread 160688] [3.0] [cxt 0] basic.p4(581) Condition "hdr.ethernet.etherType == TYPE_YEQUDESU" (node_12) is false
[02:45:15.222] [bmv2] [T] [thread 160688] [3.0] [cxt 0] basic.p4(587) Condition "hdr.vxlan.isValid()" (node_15) is false
[02:45:15.222] [bmv2] [T] [thread 160688] [3.0] [cxt 0] basic.p4(591) Condition "hdr.ipv6.isValid()" (node_17) is true
[02:45:15.222] [bmv2] [T] [thread 160688] [3.0] [cxt 0] Applying table 'MyIngress.ipv6_lpm'
[02:45:15.222] [bmv2] [D] [thread 160688] [3.0] [cxt 0] Looking up key:
* hdr.ipv6.dstAddr    : ff0200000000000000000000000000fb

[02:45:15.222] [bmv2] [D] [thread 160688] [3.0] [cxt 0] Table 'MyIngress.ipv6_lpm': miss
[02:45:15.222] [bmv2] [D] [thread 160688] [3.0] [cxt 0] Action entry is NoAction - 
[02:45:15.222] [bmv2] [T] [thread 160688] [3.0] [cxt 0] Action NoAction
[02:45:15.222] [bmv2] [D] [thread 160688] [3.0] [cxt 0] Pipeline 'ingress': end
[02:45:15.222] [bmv2] [D] [thread 160688] [3.0] [cxt 0] Egress port is 0
[02:45:15.222] [bmv2] [D] [thread 160689] [3.0] [cxt 0] Pipeline 'egress': start
[02:45:15.222] [bmv2] [T] [thread 160689] [3.0] [cxt 0] Applying table 'MyEgress.egress_encap_ipv6'
[02:45:15.222] [bmv2] [D] [thread 160689] [3.0] [cxt 0] Looking up key:
* standard_metadata.egress_port: 0000

[02:45:15.222] [bmv2] [D] [thread 160689] [3.0] [cxt 0] Table 'MyEgress.egress_encap_ipv6': miss
[02:45:15.222] [bmv2] [D] [thread 160689] [3.0] [cxt 0] Action entry is NoAction - 
[02:45:15.222] [bmv2] [T] [thread 160689] [3.0] [cxt 0] Action NoAction
[02:45:15.222] [bmv2] [T] [thread 160689] [3.0] [cxt 0] Applying table 'MyEgress.egress_encap_yequdesu'
[02:45:15.222] [bmv2] [D] [thread 160689] [3.0] [cxt 0] Looking up key:
* standard_metadata.egress_port: 0000

[02:45:15.222] [bmv2] [D] [thread 160689] [3.0] [cxt 0] Table 'MyEgress.egress_encap_yequdesu': miss
[02:45:15.222] [bmv2] [D] [thread 160689] [3.0] [cxt 0] Action entry is NoAction - 
[02:45:15.222] [bmv2] [T] [thread 160689] [3.0] [cxt 0] Action NoAction
[02:45:15.222] [bmv2] [T] [thread 160689] [3.0] [cxt 0] Applying table 'MyEgress.egress_encap_vxlan'
[02:45:15.222] [bmv2] [D] [thread 160689] [3.0] [cxt 0] Looking up key:
* standard_metadata.egress_port: 0000

[02:45:15.222] [bmv2] [D] [thread 160689] [3.0] [cxt 0] Table 'MyEgress.egress_encap_vxlan': miss
[02:45:15.222] [bmv2] [D] [thread 160689] [3.0] [cxt 0] Action entry is NoAction - 
[02:45:15.222] [bmv2] [T] [thread 160689] [3.0] [cxt 0] Action NoAction
[02:45:15.222] [bmv2] [D] [thread 160689] [3.0] [cxt 0] Pipeline 'egress': end
[02:45:15.222] [bmv2] [D] [thread 160689] [3.0] [cxt 0] Deparser 'deparser': start
[02:45:15.222] [bmv2] [T] [thread 160689] [3.0] [cxt 0] Skipping checksum 'cksum' update because condition not met
[02:45:15.222] [bmv2] [D] [thread 160689] [3.0] [cxt 0] Deparsing header 'ethernet'
[02:45:15.222] [bmv2] [D] [thread 160689] [3.0] [cxt 0] Deparsing header 'ipv6'
[02:45:15.222] [bmv2] [D] [thread 160689] [3.0] [cxt 0] Deparser 'deparser': end
[02:45:15.222] [bmv2] [D] [thread 160693] [3.0] [cxt 0] Transmitting packet of size 211 out of port 0
[02:45:15.287] [bmv2] [D] [thread 160688] [4.0] [cxt 0] Processing packet received on port 1
[02:45:15.287] [bmv2] [D] [thread 160688] [4.0] [cxt 0] Parser 'parser': start
[02:45:15.287] [bmv2] [D] [thread 160688] [4.0] [cxt 0] Parser 'parser' entering state 'start'
[02:45:15.287] [bmv2] [D] [thread 160688] [4.0] [cxt 0] Extracting header 'ethernet'
[02:45:15.287] [bmv2] [D] [thread 160688] [4.0] [cxt 0] Parser state 'start': key is 86dd
[02:45:15.287] [bmv2] [T] [thread 160688] [4.0] [cxt 0] Bytes parsed: 14
[02:45:15.287] [bmv2] [D] [thread 160688] [4.0] [cxt 0] Parser 'parser' entering state 'parse_ipv6'
[02:45:15.287] [bmv2] [D] [thread 160688] [4.0] [cxt 0] Extracting header 'ipv6'
[02:45:15.287] [bmv2] [D] [thread 160688] [4.0] [cxt 0] Parser state 'parse_ipv6': key is 11
[02:45:15.287] [bmv2] [T] [thread 160688] [4.0] [cxt 0] Bytes parsed: 54
[02:45:15.287] [bmv2] [D] [thread 160688] [4.0] [cxt 0] Parser 'parser': end
[02:45:15.287] [bmv2] [D] [thread 160688] [4.0] [cxt 0] Pipeline 'ingress': start
[02:45:15.287] [bmv2] [T] [thread 160688] [4.0] [cxt 0] basic.p4(565) Condition "hdr.ethernet.etherType == TYPE_ARP" (node_2) is false
[02:45:15.287] [bmv2] [T] [thread 160688] [4.0] [cxt 0] basic.p4(568) Condition "hdr.ethernet.etherType == TYPE_SRCROUTING" (node_4) is false
[02:45:15.287] [bmv2] [T] [thread 160688] [4.0] [cxt 0] basic.p4(581) Condition "hdr.ethernet.etherType == TYPE_YEQUDESU" (node_12) is false
[02:45:15.287] [bmv2] [T] [thread 160688] [4.0] [cxt 0] basic.p4(587) Condition "hdr.vxlan.isValid()" (node_15) is false
[02:45:15.287] [bmv2] [T] [thread 160688] [4.0] [cxt 0] basic.p4(591) Condition "hdr.ipv6.isValid()" (node_17) is true
[02:45:15.287] [bmv2] [T] [thread 160688] [4.0] [cxt 0] Applying table 'MyIngress.ipv6_lpm'
[02:45:15.287] [bmv2] [D] [thread 160688] [4.0] [cxt 0] Looking up key:
* hdr.ipv6.dstAddr    : ff0200000000000000000000000000fb

[02:45:15.287] [bmv2] [D] [thread 160688] [4.0] [cxt 0] Table 'MyIngress.ipv6_lpm': miss
[02:45:15.287] [bmv2] [D] [thread 160688] [4.0] [cxt 0] Action entry is NoAction - 
[02:45:15.287] [bmv2] [T] [thread 160688] [4.0] [cxt 0] Action NoAction
[02:45:15.287] [bmv2] [D] [thread 160688] [4.0] [cxt 0] Pipeline 'ingress': end
[02:45:15.287] [bmv2] [D] [thread 160688] [4.0] [cxt 0] Egress port is 0
[02:45:15.287] [bmv2] [D] [thread 160689] [4.0] [cxt 0] Pipeline 'egress': start
[02:45:15.287] [bmv2] [T] [thread 160689] [4.0] [cxt 0] Applying table 'MyEgress.egress_encap_ipv6'
[02:45:15.287] [bmv2] [D] [thread 160689] [4.0] [cxt 0] Looking up key:
* standard_metadata.egress_port: 0000

[02:45:15.287] [bmv2] [D] [thread 160689] [4.0] [cxt 0] Table 'MyEgress.egress_encap_ipv6': miss
[02:45:15.287] [bmv2] [D] [thread 160689] [4.0] [cxt 0] Action entry is NoAction - 
[02:45:15.287] [bmv2] [T] [thread 160689] [4.0] [cxt 0] Action NoAction
[02:45:15.287] [bmv2] [T] [thread 160689] [4.0] [cxt 0] Applying table 'MyEgress.egress_encap_yequdesu'
[02:45:15.287] [bmv2] [D] [thread 160689] [4.0] [cxt 0] Looking up key:
* standard_metadata.egress_port: 0000

[02:45:15.287] [bmv2] [D] [thread 160689] [4.0] [cxt 0] Table 'MyEgress.egress_encap_yequdesu': miss
[02:45:15.287] [bmv2] [D] [thread 160689] [4.0] [cxt 0] Action entry is NoAction - 
[02:45:15.287] [bmv2] [T] [thread 160689] [4.0] [cxt 0] Action NoAction
[02:45:15.287] [bmv2] [T] [thread 160689] [4.0] [cxt 0] Applying table 'MyEgress.egress_encap_vxlan'
[02:45:15.287] [bmv2] [D] [thread 160689] [4.0] [cxt 0] Looking up key:
* standard_metadata.egress_port: 0000

[02:45:15.287] [bmv2] [D] [thread 160689] [4.0] [cxt 0] Table 'MyEgress.egress_encap_vxlan': miss
[02:45:15.287] [bmv2] [D] [thread 160689] [4.0] [cxt 0] Action entry is NoAction - 
[02:45:15.287] [bmv2] [T] [thread 160689] [4.0] [cxt 0] Action NoAction
[02:45:15.287] [bmv2] [D] [thread 160689] [4.0] [cxt 0] Pipeline 'egress': end
[02:45:15.287] [bmv2] [D] [thread 160689] [4.0] [cxt 0] Deparser 'deparser': start
[02:45:15.287] [bmv2] [T] [thread 160689] [4.0] [cxt 0] Skipping checksum 'cksum' update because condition not met
[02:45:15.287] [bmv2] [D] [thread 160689] [4.0] [cxt 0] Deparsing header 'ethernet'
[02:45:15.287] [bmv2] [D] [thread 160689] [4.0] [cxt 0] Deparsing header 'ipv6'
[02:45:15.287] [bmv2] [D] [thread 160689] [4.0] [cxt 0] Deparser 'deparser': end
[02:45:15.287] [bmv2] [D] [thread 160693] [4.0] [cxt 0] Transmitting packet of size 211 out of port 0
[02:45:15.357] [bmv2] [D] [thread 160688] [5.0] [cxt 0] Processing packet received on port 2
[02:45:15.357] [bmv2] [D] [thread 160688] [5.0] [cxt 0] Parser 'parser': start
[02:45:15.357] [bmv2] [D] [thread 160688] [5.0] [cxt 0] Parser 'parser' entering state 'start'
[02:45:15.357] [bmv2] [D] [thread 160688] [5.0] [cxt 0] Extracting header 'ethernet'
[02:45:15.357] [bmv2] [D] [thread 160688] [5.0] [cxt 0] Parser state 'start': key is 86dd
[02:45:15.357] [bmv2] [T] [thread 160688] [5.0] [cxt 0] Bytes parsed: 14
[02:45:15.357] [bmv2] [D] [thread 160688] [5.0] [cxt 0] Parser 'parser' entering state 'parse_ipv6'
[02:45:15.357] [bmv2] [D] [thread 160688] [5.0] [cxt 0] Extracting header 'ipv6'
[02:45:15.357] [bmv2] [D] [thread 160688] [5.0] [cxt 0] Parser state 'parse_ipv6': key is 11
[02:45:15.357] [bmv2] [T] [thread 160688] [5.0] [cxt 0] Bytes parsed: 54
[02:45:15.357] [bmv2] [D] [thread 160688] [5.0] [cxt 0] Parser 'parser': end
[02:45:15.357] [bmv2] [D] [thread 160688] [5.0] [cxt 0] Pipeline 'ingress': start
[02:45:15.357] [bmv2] [T] [thread 160688] [5.0] [cxt 0] basic.p4(565) Condition "hdr.ethernet.etherType == TYPE_ARP" (node_2) is false
[02:45:15.357] [bmv2] [T] [thread 160688] [5.0] [cxt 0] basic.p4(568) Condition "hdr.ethernet.etherType == TYPE_SRCROUTING" (node_4) is false
[02:45:15.357] [bmv2] [T] [thread 160688] [5.0] [cxt 0] basic.p4(581) Condition "hdr.ethernet.etherType == TYPE_YEQUDESU" (node_12) is false
[02:45:15.357] [bmv2] [T] [thread 160688] [5.0] [cxt 0] basic.p4(587) Condition "hdr.vxlan.isValid()" (node_15) is false
[02:45:15.357] [bmv2] [T] [thread 160688] [5.0] [cxt 0] basic.p4(591) Condition "hdr.ipv6.isValid()" (node_17) is true
[02:45:15.357] [bmv2] [T] [thread 160688] [5.0] [cxt 0] Applying table 'MyIngress.ipv6_lpm'
[02:45:15.357] [bmv2] [D] [thread 160688] [5.0] [cxt 0] Looking up key:
* hdr.ipv6.dstAddr    : ff0200000000000000000000000000fb

[02:45:15.357] [bmv2] [D] [thread 160688] [5.0] [cxt 0] Table 'MyIngress.ipv6_lpm': miss
[02:45:15.357] [bmv2] [D] [thread 160688] [5.0] [cxt 0] Action entry is NoAction - 
[02:45:15.357] [bmv2] [T] [thread 160688] [5.0] [cxt 0] Action NoAction
[02:45:15.357] [bmv2] [D] [thread 160688] [5.0] [cxt 0] Pipeline 'ingress': end
[02:45:15.357] [bmv2] [D] [thread 160688] [5.0] [cxt 0] Egress port is 0
[02:45:15.357] [bmv2] [D] [thread 160689] [5.0] [cxt 0] Pipeline 'egress': start
[02:45:15.357] [bmv2] [T] [thread 160689] [5.0] [cxt 0] Applying table 'MyEgress.egress_encap_ipv6'
[02:45:15.357] [bmv2] [D] [thread 160689] [5.0] [cxt 0] Looking up key:
* standard_metadata.egress_port: 0000

[02:45:15.357] [bmv2] [D] [thread 160689] [5.0] [cxt 0] Table 'MyEgress.egress_encap_ipv6': miss
[02:45:15.357] [bmv2] [D] [thread 160689] [5.0] [cxt 0] Action entry is NoAction - 
[02:45:15.357] [bmv2] [T] [thread 160689] [5.0] [cxt 0] Action NoAction
[02:45:15.357] [bmv2] [T] [thread 160689] [5.0] [cxt 0] Applying table 'MyEgress.egress_encap_yequdesu'
[02:45:15.357] [bmv2] [D] [thread 160689] [5.0] [cxt 0] Looking up key:
* standard_metadata.egress_port: 0000

[02:45:15.357] [bmv2] [D] [thread 160689] [5.0] [cxt 0] Table 'MyEgress.egress_encap_yequdesu': miss
[02:45:15.357] [bmv2] [D] [thread 160689] [5.0] [cxt 0] Action entry is NoAction - 
[02:45:15.357] [bmv2] [T] [thread 160689] [5.0] [cxt 0] Action NoAction
[02:45:15.357] [bmv2] [T] [thread 160689] [5.0] [cxt 0] Applying table 'MyEgress.egress_encap_vxlan'
[02:45:15.357] [bmv2] [D] [thread 160689] [5.0] [cxt 0] Looking up key:
* standard_metadata.egress_port: 0000

[02:45:15.357] [bmv2] [D] [thread 160689] [5.0] [cxt 0] Table 'MyEgress.egress_encap_vxlan': miss
[02:45:15.357] [bmv2] [D] [thread 160689] [5.0] [cxt 0] Action entry is NoAction - 
[02:45:15.357] [bmv2] [T] [thread 160689] [5.0] [cxt 0] Action NoAction
[02:45:15.357] [bmv2] [D] [thread 160689] [5.0] [cxt 0] Pipeline 'egress': end
[02:45:15.357] [bmv2] [D] [thread 160689] [5.0] [cxt 0] Deparser 'deparser': start
[02:45:15.357] [bmv2] [T] [thread 160689] [5.0] [cxt 0] Skipping checksum 'cksum' update because condition not met
[02:45:15.357] [bmv2] [D] [thread 160689] [5.0] [cxt 0] Deparsing header 'ethernet'
[02:45:15.357] [bmv2] [D] [thread 160689] [5.0] [cxt 0] Deparsing header 'ipv6'
[02:45:15.357] [bmv2] [D] [thread 160689] [5.0] [cxt 0] Deparser 'deparser': end
[02:45:15.357] [bmv2] [D] [thread 160693] [5.0] [cxt 0] Transmitting packet of size 211 out of port 0
[02:45:15.405] [bmv2] [D] [thread 160688] [6.0] [cxt 0] Processing packet received on port 2
[02:45:15.405] [bmv2] [D] [thread 160688] [6.0] [cxt 0] Parser 'parser': start
[02:45:15.405] [bmv2] [D] [thread 160688] [6.0] [cxt 0] Parser 'parser' entering state 'start'
[02:45:15.405] [bmv2] [D] [thread 160688] [6.0] [cxt 0] Extracting header 'ethernet'
[02:45:15.405] [bmv2] [D] [thread 160688] [6.0] [cxt 0] Parser state 'start': key is 86dd
[02:45:15.406] [bmv2] [T] [thread 160688] [6.0] [cxt 0] Bytes parsed: 14
[02:45:15.406] [bmv2] [D] [thread 160688] [6.0] [cxt 0] Parser 'parser' entering state 'parse_ipv6'
[02:45:15.406] [bmv2] [D] [thread 160688] [6.0] [cxt 0] Extracting header 'ipv6'
[02:45:15.406] [bmv2] [D] [thread 160688] [6.0] [cxt 0] Parser state 'parse_ipv6': key is 00
[02:45:15.406] [bmv2] [T] [thread 160688] [6.0] [cxt 0] Bytes parsed: 54
[02:45:15.406] [bmv2] [D] [thread 160688] [6.0] [cxt 0] Parser 'parser': end
[02:45:15.406] [bmv2] [D] [thread 160688] [6.0] [cxt 0] Pipeline 'ingress': start
[02:45:15.406] [bmv2] [T] [thread 160688] [6.0] [cxt 0] basic.p4(565) Condition "hdr.ethernet.etherType == TYPE_ARP" (node_2) is false
[02:45:15.406] [bmv2] [T] [thread 160688] [6.0] [cxt 0] basic.p4(568) Condition "hdr.ethernet.etherType == TYPE_SRCROUTING" (node_4) is false
[02:45:15.406] [bmv2] [T] [thread 160688] [6.0] [cxt 0] basic.p4(581) Condition "hdr.ethernet.etherType == TYPE_YEQUDESU" (node_12) is false
[02:45:15.406] [bmv2] [T] [thread 160688] [6.0] [cxt 0] basic.p4(587) Condition "hdr.vxlan.isValid()" (node_15) is false
[02:45:15.406] [bmv2] [T] [thread 160688] [6.0] [cxt 0] basic.p4(591) Condition "hdr.ipv6.isValid()" (node_17) is true
[02:45:15.406] [bmv2] [T] [thread 160688] [6.0] [cxt 0] Applying table 'MyIngress.ipv6_lpm'
[02:45:15.406] [bmv2] [D] [thread 160688] [6.0] [cxt 0] Looking up key:
* hdr.ipv6.dstAddr    : ff020000000000000000000000000016

[02:45:15.406] [bmv2] [D] [thread 160688] [6.0] [cxt 0] Table 'MyIngress.ipv6_lpm': miss
[02:45:15.406] [bmv2] [D] [thread 160688] [6.0] [cxt 0] Action entry is NoAction - 
[02:45:15.406] [bmv2] [T] [thread 160688] [6.0] [cxt 0] Action NoAction
[02:45:15.406] [bmv2] [D] [thread 160688] [6.0] [cxt 0] Pipeline 'ingress': end
[02:45:15.406] [bmv2] [D] [thread 160688] [6.0] [cxt 0] Egress port is 0
[02:45:15.406] [bmv2] [D] [thread 160689] [6.0] [cxt 0] Pipeline 'egress': start
[02:45:15.406] [bmv2] [T] [thread 160689] [6.0] [cxt 0] Applying table 'MyEgress.egress_encap_ipv6'
[02:45:15.406] [bmv2] [D] [thread 160689] [6.0] [cxt 0] Looking up key:
* standard_metadata.egress_port: 0000

[02:45:15.406] [bmv2] [D] [thread 160689] [6.0] [cxt 0] Table 'MyEgress.egress_encap_ipv6': miss
[02:45:15.406] [bmv2] [D] [thread 160689] [6.0] [cxt 0] Action entry is NoAction - 
[02:45:15.406] [bmv2] [T] [thread 160689] [6.0] [cxt 0] Action NoAction
[02:45:15.406] [bmv2] [T] [thread 160689] [6.0] [cxt 0] Applying table 'MyEgress.egress_encap_yequdesu'
[02:45:15.406] [bmv2] [D] [thread 160689] [6.0] [cxt 0] Looking up key:
* standard_metadata.egress_port: 0000

[02:45:15.406] [bmv2] [D] [thread 160689] [6.0] [cxt 0] Table 'MyEgress.egress_encap_yequdesu': miss
[02:45:15.406] [bmv2] [D] [thread 160689] [6.0] [cxt 0] Action entry is NoAction - 
[02:45:15.406] [bmv2] [T] [thread 160689] [6.0] [cxt 0] Action NoAction
[02:45:15.406] [bmv2] [T] [thread 160689] [6.0] [cxt 0] Applying table 'MyEgress.egress_encap_vxlan'
[02:45:15.406] [bmv2] [D] [thread 160689] [6.0] [cxt 0] Looking up key:
* standard_metadata.egress_port: 0000

[02:45:15.406] [bmv2] [D] [thread 160689] [6.0] [cxt 0] Table 'MyEgress.egress_encap_vxlan': miss
[02:45:15.406] [bmv2] [D] [thread 160689] [6.0] [cxt 0] Action entry is NoAction - 
[02:45:15.406] [bmv2] [T] [thread 160689] [6.0] [cxt 0] Action NoAction
[02:45:15.406] [bmv2] [D] [thread 160689] [6.0] [cxt 0] Pipeline 'egress': end
[02:45:15.406] [bmv2] [D] [thread 160689] [6.0] [cxt 0] Deparser 'deparser': start
[02:45:15.406] [bmv2] [T] [thread 160689] [6.0] [cxt 0] Skipping checksum 'cksum' update because condition not met
[02:45:15.406] [bmv2] [D] [thread 160689] [6.0] [cxt 0] Deparsing header 'ethernet'
[02:45:15.406] [bmv2] [D] [thread 160689] [6.0] [cxt 0] Deparsing header 'ipv6'
[02:45:15.406] [bmv2] [D] [thread 160689] [6.0] [cxt 0] Deparser 'deparser': end
[02:45:15.406] [bmv2] [D] [thread 160693] [6.0] [cxt 0] Transmitting packet of size 110 out of port 0
[02:45:15.420] [bmv2] [D] [thread 160688] [7.0] [cxt 0] Processing packet received on port 2
[02:45:15.420] [bmv2] [D] [thread 160688] [7.0] [cxt 0] Parser 'parser': start
[02:45:15.420] [bmv2] [D] [thread 160688] [7.0] [cxt 0] Parser 'parser' entering state 'start'
[02:45:15.420] [bmv2] [D] [thread 160688] [7.0] [cxt 0] Extracting header 'ethernet'
[02:45:15.420] [bmv2] [D] [thread 160688] [7.0] [cxt 0] Parser state 'start': key is 86dd
[02:45:15.420] [bmv2] [T] [thread 160688] [7.0] [cxt 0] Bytes parsed: 14
[02:45:15.420] [bmv2] [D] [thread 160688] [7.0] [cxt 0] Parser 'parser' entering state 'parse_ipv6'
[02:45:15.420] [bmv2] [D] [thread 160688] [7.0] [cxt 0] Extracting header 'ipv6'
[02:45:15.420] [bmv2] [D] [thread 160688] [7.0] [cxt 0] Parser state 'parse_ipv6': key is 11
[02:45:15.420] [bmv2] [T] [thread 160688] [7.0] [cxt 0] Bytes parsed: 54
[02:45:15.420] [bmv2] [D] [thread 160688] [7.0] [cxt 0] Parser 'parser': end
[02:45:15.420] [bmv2] [D] [thread 160688] [7.0] [cxt 0] Pipeline 'ingress': start
[02:45:15.420] [bmv2] [T] [thread 160688] [7.0] [cxt 0] basic.p4(565) Condition "hdr.ethernet.etherType == TYPE_ARP" (node_2) is false
[02:45:15.420] [bmv2] [T] [thread 160688] [7.0] [cxt 0] basic.p4(568) Condition "hdr.ethernet.etherType == TYPE_SRCROUTING" (node_4) is false
[02:45:15.420] [bmv2] [T] [thread 160688] [7.0] [cxt 0] basic.p4(581) Condition "hdr.ethernet.etherType == TYPE_YEQUDESU" (node_12) is false
[02:45:15.420] [bmv2] [T] [thread 160688] [7.0] [cxt 0] basic.p4(587) Condition "hdr.vxlan.isValid()" (node_15) is false
[02:45:15.420] [bmv2] [T] [thread 160688] [7.0] [cxt 0] basic.p4(591) Condition "hdr.ipv6.isValid()" (node_17) is true
[02:45:15.420] [bmv2] [T] [thread 160688] [7.0] [cxt 0] Applying table 'MyIngress.ipv6_lpm'
[02:45:15.420] [bmv2] [D] [thread 160688] [7.0] [cxt 0] Looking up key:
* hdr.ipv6.dstAddr    : ff0200000000000000000000000000fb

[02:45:15.420] [bmv2] [D] [thread 160688] [7.0] [cxt 0] Table 'MyIngress.ipv6_lpm': miss
[02:45:15.420] [bmv2] [D] [thread 160688] [7.0] [cxt 0] Action entry is NoAction - 
[02:45:15.420] [bmv2] [T] [thread 160688] [7.0] [cxt 0] Action NoAction
[02:45:15.420] [bmv2] [D] [thread 160688] [7.0] [cxt 0] Pipeline 'ingress': end
[02:45:15.420] [bmv2] [D] [thread 160688] [7.0] [cxt 0] Egress port is 0
[02:45:15.420] [bmv2] [D] [thread 160689] [7.0] [cxt 0] Pipeline 'egress': start
[02:45:15.420] [bmv2] [T] [thread 160689] [7.0] [cxt 0] Applying table 'MyEgress.egress_encap_ipv6'
[02:45:15.420] [bmv2] [D] [thread 160689] [7.0] [cxt 0] Looking up key:
* standard_metadata.egress_port: 0000

[02:45:15.420] [bmv2] [D] [thread 160689] [7.0] [cxt 0] Table 'MyEgress.egress_encap_ipv6': miss
[02:45:15.420] [bmv2] [D] [thread 160689] [7.0] [cxt 0] Action entry is NoAction - 
[02:45:15.420] [bmv2] [T] [thread 160689] [7.0] [cxt 0] Action NoAction
[02:45:15.420] [bmv2] [T] [thread 160689] [7.0] [cxt 0] Applying table 'MyEgress.egress_encap_yequdesu'
[02:45:15.420] [bmv2] [D] [thread 160689] [7.0] [cxt 0] Looking up key:
* standard_metadata.egress_port: 0000

[02:45:15.420] [bmv2] [D] [thread 160689] [7.0] [cxt 0] Table 'MyEgress.egress_encap_yequdesu': miss
[02:45:15.420] [bmv2] [D] [thread 160689] [7.0] [cxt 0] Action entry is NoAction - 
[02:45:15.420] [bmv2] [T] [thread 160689] [7.0] [cxt 0] Action NoAction
[02:45:15.420] [bmv2] [T] [thread 160689] [7.0] [cxt 0] Applying table 'MyEgress.egress_encap_vxlan'
[02:45:15.420] [bmv2] [D] [thread 160689] [7.0] [cxt 0] Looking up key:
* standard_metadata.egress_port: 0000

[02:45:15.420] [bmv2] [D] [thread 160689] [7.0] [cxt 0] Table 'MyEgress.egress_encap_vxlan': miss
[02:45:15.420] [bmv2] [D] [thread 160689] [7.0] [cxt 0] Action entry is NoAction - 
[02:45:15.420] [bmv2] [T] [thread 160689] [7.0] [cxt 0] Action NoAction
[02:45:15.420] [bmv2] [D] [thread 160689] [7.0] [cxt 0] Pipeline 'egress': end
[02:45:15.420] [bmv2] [D] [thread 160689] [7.0] [cxt 0] Deparser 'deparser': start
[02:45:15.420] [bmv2] [T] [thread 160689] [7.0] [cxt 0] Skipping checksum 'cksum' update because condition not met
[02:45:15.420] [bmv2] [D] [thread 160689] [7.0] [cxt 0] Deparsing header 'ethernet'
[02:45:15.420] [bmv2] [D] [thread 160689] [7.0] [cxt 0] Deparsing header 'ipv6'
[02:45:15.420] [bmv2] [D] [thread 160689] [7.0] [cxt 0] Deparser 'deparser': end
[02:45:15.420] [bmv2] [D] [thread 160693] [7.0] [cxt 0] Transmitting packet of size 211 out of port 0
[02:45:15.422] [bmv2] [D] [thread 160688] [8.0] [cxt 0] Processing packet received on port 1
[02:45:15.422] [bmv2] [D] [thread 160688] [8.0] [cxt 0] Parser 'parser': start
[02:45:15.422] [bmv2] [D] [thread 160688] [8.0] [cxt 0] Parser 'parser' entering state 'start'
[02:45:15.422] [bmv2] [D] [thread 160688] [8.0] [cxt 0] Extracting header 'ethernet'
[02:45:15.422] [bmv2] [D] [thread 160688] [8.0] [cxt 0] Parser state 'start': key is 86dd
[02:45:15.422] [bmv2] [T] [thread 160688] [8.0] [cxt 0] Bytes parsed: 14
[02:45:15.422] [bmv2] [D] [thread 160688] [8.0] [cxt 0] Parser 'parser' entering state 'parse_ipv6'
[02:45:15.422] [bmv2] [D] [thread 160688] [8.0] [cxt 0] Extracting header 'ipv6'
[02:45:15.422] [bmv2] [D] [thread 160688] [8.0] [cxt 0] Parser state 'parse_ipv6': key is 11
[02:45:15.422] [bmv2] [T] [thread 160688] [8.0] [cxt 0] Bytes parsed: 54
[02:45:15.422] [bmv2] [D] [thread 160688] [8.0] [cxt 0] Parser 'parser': end
[02:45:15.422] [bmv2] [D] [thread 160688] [8.0] [cxt 0] Pipeline 'ingress': start
[02:45:15.422] [bmv2] [T] [thread 160688] [8.0] [cxt 0] basic.p4(565) Condition "hdr.ethernet.etherType == TYPE_ARP" (node_2) is false
[02:45:15.422] [bmv2] [T] [thread 160688] [8.0] [cxt 0] basic.p4(568) Condition "hdr.ethernet.etherType == TYPE_SRCROUTING" (node_4) is false
[02:45:15.422] [bmv2] [T] [thread 160688] [8.0] [cxt 0] basic.p4(581) Condition "hdr.ethernet.etherType == TYPE_YEQUDESU" (node_12) is false
[02:45:15.422] [bmv2] [T] [thread 160688] [8.0] [cxt 0] basic.p4(587) Condition "hdr.vxlan.isValid()" (node_15) is false
[02:45:15.422] [bmv2] [T] [thread 160688] [8.0] [cxt 0] basic.p4(591) Condition "hdr.ipv6.isValid()" (node_17) is true
[02:45:15.422] [bmv2] [T] [thread 160688] [8.0] [cxt 0] Applying table 'MyIngress.ipv6_lpm'
[02:45:15.422] [bmv2] [D] [thread 160688] [8.0] [cxt 0] Looking up key:
* hdr.ipv6.dstAddr    : ff0200000000000000000000000000fb

[02:45:15.422] [bmv2] [D] [thread 160688] [8.0] [cxt 0] Table 'MyIngress.ipv6_lpm': miss
[02:45:15.422] [bmv2] [D] [thread 160688] [8.0] [cxt 0] Action entry is NoAction - 
[02:45:15.422] [bmv2] [T] [thread 160688] [8.0] [cxt 0] Action NoAction
[02:45:15.422] [bmv2] [D] [thread 160688] [8.0] [cxt 0] Pipeline 'ingress': end
[02:45:15.422] [bmv2] [D] [thread 160688] [8.0] [cxt 0] Egress port is 0
[02:45:15.423] [bmv2] [D] [thread 160689] [8.0] [cxt 0] Pipeline 'egress': start
[02:45:15.423] [bmv2] [T] [thread 160689] [8.0] [cxt 0] Applying table 'MyEgress.egress_encap_ipv6'
[02:45:15.423] [bmv2] [D] [thread 160689] [8.0] [cxt 0] Looking up key:
* standard_metadata.egress_port: 0000

[02:45:15.423] [bmv2] [D] [thread 160689] [8.0] [cxt 0] Table 'MyEgress.egress_encap_ipv6': miss
[02:45:15.423] [bmv2] [D] [thread 160689] [8.0] [cxt 0] Action entry is NoAction - 
[02:45:15.423] [bmv2] [T] [thread 160689] [8.0] [cxt 0] Action NoAction
[02:45:15.423] [bmv2] [T] [thread 160689] [8.0] [cxt 0] Applying table 'MyEgress.egress_encap_yequdesu'
[02:45:15.423] [bmv2] [D] [thread 160689] [8.0] [cxt 0] Looking up key:
* standard_metadata.egress_port: 0000

[02:45:15.423] [bmv2] [D] [thread 160689] [8.0] [cxt 0] Table 'MyEgress.egress_encap_yequdesu': miss
[02:45:15.423] [bmv2] [D] [thread 160689] [8.0] [cxt 0] Action entry is NoAction - 
[02:45:15.423] [bmv2] [T] [thread 160689] [8.0] [cxt 0] Action NoAction
[02:45:15.423] [bmv2] [T] [thread 160689] [8.0] [cxt 0] Applying table 'MyEgress.egress_encap_vxlan'
[02:45:15.423] [bmv2] [D] [thread 160689] [8.0] [cxt 0] Looking up key:
* standard_metadata.egress_port: 0000

[02:45:15.423] [bmv2] [D] [thread 160689] [8.0] [cxt 0] Table 'MyEgress.egress_encap_vxlan': miss
[02:45:15.423] [bmv2] [D] [thread 160689] [8.0] [cxt 0] Action entry is NoAction - 
[02:45:15.423] [bmv2] [T] [thread 160689] [8.0] [cxt 0] Action NoAction
[02:45:15.423] [bmv2] [D] [thread 160689] [8.0] [cxt 0] Pipeline 'egress': end
[02:45:15.423] [bmv2] [D] [thread 160689] [8.0] [cxt 0] Deparser 'deparser': start
[02:45:15.423] [bmv2] [T] [thread 160689] [8.0] [cxt 0] Skipping checksum 'cksum' update because condition not met
[02:45:15.423] [bmv2] [D] [thread 160689] [8.0] [cxt 0] Deparsing header 'ethernet'
[02:45:15.423] [bmv2] [D] [thread 160689] [8.0] [cxt 0] Deparsing header 'ipv6'
[02:45:15.423] [bmv2] [D] [thread 160689] [8.0] [cxt 0] Deparser 'deparser': end
[02:45:15.423] [bmv2] [D] [thread 160693] [8.0] [cxt 0] Transmitting packet of size 199 out of port 0
[02:45:15.488] [bmv2] [D] [thread 160688] [9.0] [cxt 0] Processing packet received on port 1
[02:45:15.488] [bmv2] [D] [thread 160688] [9.0] [cxt 0] Parser 'parser': start
[02:45:15.488] [bmv2] [D] [thread 160688] [9.0] [cxt 0] Parser 'parser' entering state 'start'
[02:45:15.488] [bmv2] [D] [thread 160688] [9.0] [cxt 0] Extracting header 'ethernet'
[02:45:15.488] [bmv2] [D] [thread 160688] [9.0] [cxt 0] Parser state 'start': key is 86dd
[02:45:15.488] [bmv2] [T] [thread 160688] [9.0] [cxt 0] Bytes parsed: 14
[02:45:15.488] [bmv2] [D] [thread 160688] [9.0] [cxt 0] Parser 'parser' entering state 'parse_ipv6'
[02:45:15.488] [bmv2] [D] [thread 160688] [9.0] [cxt 0] Extracting header 'ipv6'
[02:45:15.488] [bmv2] [D] [thread 160688] [9.0] [cxt 0] Parser state 'parse_ipv6': key is 11
[02:45:15.488] [bmv2] [T] [thread 160688] [9.0] [cxt 0] Bytes parsed: 54
[02:45:15.488] [bmv2] [D] [thread 160688] [9.0] [cxt 0] Parser 'parser': end
[02:45:15.488] [bmv2] [D] [thread 160688] [9.0] [cxt 0] Pipeline 'ingress': start
[02:45:15.488] [bmv2] [T] [thread 160688] [9.0] [cxt 0] basic.p4(565) Condition "hdr.ethernet.etherType == TYPE_ARP" (node_2) is false
[02:45:15.488] [bmv2] [T] [thread 160688] [9.0] [cxt 0] basic.p4(568) Condition "hdr.ethernet.etherType == TYPE_SRCROUTING" (node_4) is false
[02:45:15.488] [bmv2] [T] [thread 160688] [9.0] [cxt 0] basic.p4(581) Condition "hdr.ethernet.etherType == TYPE_YEQUDESU" (node_12) is false
[02:45:15.488] [bmv2] [T] [thread 160688] [9.0] [cxt 0] basic.p4(587) Condition "hdr.vxlan.isValid()" (node_15) is false
[02:45:15.488] [bmv2] [T] [thread 160688] [9.0] [cxt 0] basic.p4(591) Condition "hdr.ipv6.isValid()" (node_17) is true
[02:45:15.488] [bmv2] [T] [thread 160688] [9.0] [cxt 0] Applying table 'MyIngress.ipv6_lpm'
[02:45:15.488] [bmv2] [D] [thread 160688] [9.0] [cxt 0] Looking up key:
* hdr.ipv6.dstAddr    : ff0200000000000000000000000000fb

[02:45:15.488] [bmv2] [D] [thread 160688] [9.0] [cxt 0] Table 'MyIngress.ipv6_lpm': miss
[02:45:15.488] [bmv2] [D] [thread 160688] [9.0] [cxt 0] Action entry is NoAction - 
[02:45:15.488] [bmv2] [T] [thread 160688] [9.0] [cxt 0] Action NoAction
[02:45:15.488] [bmv2] [D] [thread 160688] [9.0] [cxt 0] Pipeline 'ingress': end
[02:45:15.488] [bmv2] [D] [thread 160688] [9.0] [cxt 0] Egress port is 0
[02:45:15.488] [bmv2] [D] [thread 160689] [9.0] [cxt 0] Pipeline 'egress': start
[02:45:15.488] [bmv2] [T] [thread 160689] [9.0] [cxt 0] Applying table 'MyEgress.egress_encap_ipv6'
[02:45:15.488] [bmv2] [D] [thread 160689] [9.0] [cxt 0] Looking up key:
* standard_metadata.egress_port: 0000

[02:45:15.488] [bmv2] [D] [thread 160689] [9.0] [cxt 0] Table 'MyEgress.egress_encap_ipv6': miss
[02:45:15.488] [bmv2] [D] [thread 160689] [9.0] [cxt 0] Action entry is NoAction - 
[02:45:15.488] [bmv2] [T] [thread 160689] [9.0] [cxt 0] Action NoAction
[02:45:15.488] [bmv2] [T] [thread 160689] [9.0] [cxt 0] Applying table 'MyEgress.egress_encap_yequdesu'
[02:45:15.488] [bmv2] [D] [thread 160689] [9.0] [cxt 0] Looking up key:
* standard_metadata.egress_port: 0000

[02:45:15.488] [bmv2] [D] [thread 160689] [9.0] [cxt 0] Table 'MyEgress.egress_encap_yequdesu': miss
[02:45:15.488] [bmv2] [D] [thread 160689] [9.0] [cxt 0] Action entry is NoAction - 
[02:45:15.488] [bmv2] [T] [thread 160689] [9.0] [cxt 0] Action NoAction
[02:45:15.488] [bmv2] [T] [thread 160689] [9.0] [cxt 0] Applying table 'MyEgress.egress_encap_vxlan'
[02:45:15.488] [bmv2] [D] [thread 160689] [9.0] [cxt 0] Looking up key:
* standard_metadata.egress_port: 0000

[02:45:15.488] [bmv2] [D] [thread 160689] [9.0] [cxt 0] Table 'MyEgress.egress_encap_vxlan': miss
[02:45:15.488] [bmv2] [D] [thread 160689] [9.0] [cxt 0] Action entry is NoAction - 
[02:45:15.488] [bmv2] [T] [thread 160689] [9.0] [cxt 0] Action NoAction
[02:45:15.488] [bmv2] [D] [thread 160689] [9.0] [cxt 0] Pipeline 'egress': end
[02:45:15.488] [bmv2] [D] [thread 160689] [9.0] [cxt 0] Deparser 'deparser': start
[02:45:15.488] [bmv2] [T] [thread 160689] [9.0] [cxt 0] Skipping checksum 'cksum' update because condition not met
[02:45:15.488] [bmv2] [D] [thread 160689] [9.0] [cxt 0] Deparsing header 'ethernet'
[02:45:15.488] [bmv2] [D] [thread 160689] [9.0] [cxt 0] Deparsing header 'ipv6'
[02:45:15.488] [bmv2] [D] [thread 160689] [9.0] [cxt 0] Deparser 'deparser': end
[02:45:15.488] [bmv2] [D] [thread 160693] [9.0] [cxt 0] Transmitting packet of size 199 out of port 0
[02:45:15.548] [bmv2] [D] [thread 160688] [10.0] [cxt 0] Processing packet received on port 1
[02:45:15.548] [bmv2] [D] [thread 160688] [10.0] [cxt 0] Parser 'parser': start
[02:45:15.548] [bmv2] [D] [thread 160688] [10.0] [cxt 0] Parser 'parser' entering state 'start'
[02:45:15.548] [bmv2] [D] [thread 160688] [10.0] [cxt 0] Extracting header 'ethernet'
[02:45:15.548] [bmv2] [D] [thread 160688] [10.0] [cxt 0] Parser state 'start': key is 86dd
[02:45:15.548] [bmv2] [T] [thread 160688] [10.0] [cxt 0] Bytes parsed: 14
[02:45:15.548] [bmv2] [D] [thread 160688] [10.0] [cxt 0] Parser 'parser' entering state 'parse_ipv6'
[02:45:15.548] [bmv2] [D] [thread 160688] [10.0] [cxt 0] Extracting header 'ipv6'
[02:45:15.548] [bmv2] [D] [thread 160688] [10.0] [cxt 0] Parser state 'parse_ipv6': key is 11
[02:45:15.548] [bmv2] [T] [thread 160688] [10.0] [cxt 0] Bytes parsed: 54
[02:45:15.549] [bmv2] [D] [thread 160688] [10.0] [cxt 0] Parser 'parser': end
[02:45:15.549] [bmv2] [D] [thread 160688] [10.0] [cxt 0] Pipeline 'ingress': start
[02:45:15.549] [bmv2] [T] [thread 160688] [10.0] [cxt 0] basic.p4(565) Condition "hdr.ethernet.etherType == TYPE_ARP" (node_2) is false
[02:45:15.549] [bmv2] [T] [thread 160688] [10.0] [cxt 0] basic.p4(568) Condition "hdr.ethernet.etherType == TYPE_SRCROUTING" (node_4) is false
[02:45:15.549] [bmv2] [T] [thread 160688] [10.0] [cxt 0] basic.p4(581) Condition "hdr.ethernet.etherType == TYPE_YEQUDESU" (node_12) is false
[02:45:15.549] [bmv2] [T] [thread 160688] [10.0] [cxt 0] basic.p4(587) Condition "hdr.vxlan.isValid()" (node_15) is false
[02:45:15.549] [bmv2] [T] [thread 160688] [10.0] [cxt 0] basic.p4(591) Condition "hdr.ipv6.isValid()" (node_17) is true
[02:45:15.549] [bmv2] [T] [thread 160688] [10.0] [cxt 0] Applying table 'MyIngress.ipv6_lpm'
[02:45:15.549] [bmv2] [D] [thread 160688] [10.0] [cxt 0] Looking up key:
* hdr.ipv6.dstAddr    : ff0200000000000000000000000000fb

[02:45:15.549] [bmv2] [D] [thread 160688] [10.0] [cxt 0] Table 'MyIngress.ipv6_lpm': miss
[02:45:15.549] [bmv2] [D] [thread 160688] [10.0] [cxt 0] Action entry is NoAction - 
[02:45:15.549] [bmv2] [T] [thread 160688] [10.0] [cxt 0] Action NoAction
[02:45:15.549] [bmv2] [D] [thread 160688] [10.0] [cxt 0] Pipeline 'ingress': end
[02:45:15.549] [bmv2] [D] [thread 160688] [10.0] [cxt 0] Egress port is 0
[02:45:15.549] [bmv2] [D] [thread 160689] [10.0] [cxt 0] Pipeline 'egress': start
[02:45:15.549] [bmv2] [T] [thread 160689] [10.0] [cxt 0] Applying table 'MyEgress.egress_encap_ipv6'
[02:45:15.549] [bmv2] [D] [thread 160689] [10.0] [cxt 0] Looking up key:
* standard_metadata.egress_port: 0000

[02:45:15.549] [bmv2] [D] [thread 160689] [10.0] [cxt 0] Table 'MyEgress.egress_encap_ipv6': miss
[02:45:15.549] [bmv2] [D] [thread 160689] [10.0] [cxt 0] Action entry is NoAction - 
[02:45:15.549] [bmv2] [T] [thread 160689] [10.0] [cxt 0] Action NoAction
[02:45:15.549] [bmv2] [T] [thread 160689] [10.0] [cxt 0] Applying table 'MyEgress.egress_encap_yequdesu'
[02:45:15.549] [bmv2] [D] [thread 160689] [10.0] [cxt 0] Looking up key:
* standard_metadata.egress_port: 0000

[02:45:15.549] [bmv2] [D] [thread 160689] [10.0] [cxt 0] Table 'MyEgress.egress_encap_yequdesu': miss
[02:45:15.549] [bmv2] [D] [thread 160689] [10.0] [cxt 0] Action entry is NoAction - 
[02:45:15.549] [bmv2] [T] [thread 160689] [10.0] [cxt 0] Action NoAction
[02:45:15.549] [bmv2] [T] [thread 160689] [10.0] [cxt 0] Applying table 'MyEgress.egress_encap_vxlan'
[02:45:15.549] [bmv2] [D] [thread 160689] [10.0] [cxt 0] Looking up key:
* standard_metadata.egress_port: 0000

[02:45:15.549] [bmv2] [D] [thread 160689] [10.0] [cxt 0] Table 'MyEgress.egress_encap_vxlan': miss
[02:45:15.549] [bmv2] [D] [thread 160689] [10.0] [cxt 0] Action entry is NoAction - 
[02:45:15.549] [bmv2] [T] [thread 160689] [10.0] [cxt 0] Action NoAction
[02:45:15.549] [bmv2] [D] [thread 160689] [10.0] [cxt 0] Pipeline 'egress': end
[02:45:15.549] [bmv2] [D] [thread 160689] [10.0] [cxt 0] Deparser 'deparser': start
[02:45:15.549] [bmv2] [T] [thread 160689] [10.0] [cxt 0] Skipping checksum 'cksum' update because condition not met
[02:45:15.549] [bmv2] [D] [thread 160689] [10.0] [cxt 0] Deparsing header 'ethernet'
[02:45:15.549] [bmv2] [D] [thread 160689] [10.0] [cxt 0] Deparsing header 'ipv6'
[02:45:15.549] [bmv2] [D] [thread 160689] [10.0] [cxt 0] Deparser 'deparser': end
[02:45:15.549] [bmv2] [D] [thread 160693] [10.0] [cxt 0] Transmitting packet of size 203 out of port 0
[02:45:15.607] [bmv2] [D] [thread 160688] [11.0] [cxt 0] Processing packet received on port 2
[02:45:15.607] [bmv2] [D] [thread 160688] [11.0] [cxt 0] Parser 'parser': start
[02:45:15.607] [bmv2] [D] [thread 160688] [11.0] [cxt 0] Parser 'parser' entering state 'start'
[02:45:15.607] [bmv2] [D] [thread 160688] [11.0] [cxt 0] Extracting header 'ethernet'
[02:45:15.607] [bmv2] [D] [thread 160688] [11.0] [cxt 0] Parser state 'start': key is 86dd
[02:45:15.607] [bmv2] [T] [thread 160688] [11.0] [cxt 0] Bytes parsed: 14
[02:45:15.607] [bmv2] [D] [thread 160688] [11.0] [cxt 0] Parser 'parser' entering state 'parse_ipv6'
[02:45:15.607] [bmv2] [D] [thread 160688] [11.0] [cxt 0] Extracting header 'ipv6'
[02:45:15.607] [bmv2] [D] [thread 160688] [11.0] [cxt 0] Parser state 'parse_ipv6': key is 11
[02:45:15.607] [bmv2] [T] [thread 160688] [11.0] [cxt 0] Bytes parsed: 54
[02:45:15.607] [bmv2] [D] [thread 160688] [11.0] [cxt 0] Parser 'parser': end
[02:45:15.607] [bmv2] [D] [thread 160688] [11.0] [cxt 0] Pipeline 'ingress': start
[02:45:15.607] [bmv2] [T] [thread 160688] [11.0] [cxt 0] basic.p4(565) Condition "hdr.ethernet.etherType == TYPE_ARP" (node_2) is false
[02:45:15.607] [bmv2] [T] [thread 160688] [11.0] [cxt 0] basic.p4(568) Condition "hdr.ethernet.etherType == TYPE_SRCROUTING" (node_4) is false
[02:45:15.607] [bmv2] [T] [thread 160688] [11.0] [cxt 0] basic.p4(581) Condition "hdr.ethernet.etherType == TYPE_YEQUDESU" (node_12) is false
[02:45:15.607] [bmv2] [T] [thread 160688] [11.0] [cxt 0] basic.p4(587) Condition "hdr.vxlan.isValid()" (node_15) is false
[02:45:15.607] [bmv2] [T] [thread 160688] [11.0] [cxt 0] basic.p4(591) Condition "hdr.ipv6.isValid()" (node_17) is true
[02:45:15.607] [bmv2] [T] [thread 160688] [11.0] [cxt 0] Applying table 'MyIngress.ipv6_lpm'
[02:45:15.607] [bmv2] [D] [thread 160688] [11.0] [cxt 0] Looking up key:
* hdr.ipv6.dstAddr    : ff0200000000000000000000000000fb

[02:45:15.607] [bmv2] [D] [thread 160688] [11.0] [cxt 0] Table 'MyIngress.ipv6_lpm': miss
[02:45:15.607] [bmv2] [D] [thread 160688] [11.0] [cxt 0] Action entry is NoAction - 
[02:45:15.607] [bmv2] [T] [thread 160688] [11.0] [cxt 0] Action NoAction
[02:45:15.607] [bmv2] [D] [thread 160688] [11.0] [cxt 0] Pipeline 'ingress': end
[02:45:15.607] [bmv2] [D] [thread 160688] [11.0] [cxt 0] Egress port is 0
[02:45:15.607] [bmv2] [D] [thread 160689] [11.0] [cxt 0] Pipeline 'egress': start
[02:45:15.607] [bmv2] [T] [thread 160689] [11.0] [cxt 0] Applying table 'MyEgress.egress_encap_ipv6'
[02:45:15.607] [bmv2] [D] [thread 160689] [11.0] [cxt 0] Looking up key:
* standard_metadata.egress_port: 0000

[02:45:15.607] [bmv2] [D] [thread 160689] [11.0] [cxt 0] Table 'MyEgress.egress_encap_ipv6': miss
[02:45:15.607] [bmv2] [D] [thread 160689] [11.0] [cxt 0] Action entry is NoAction - 
[02:45:15.607] [bmv2] [T] [thread 160689] [11.0] [cxt 0] Action NoAction
[02:45:15.607] [bmv2] [T] [thread 160689] [11.0] [cxt 0] Applying table 'MyEgress.egress_encap_yequdesu'
[02:45:15.607] [bmv2] [D] [thread 160689] [11.0] [cxt 0] Looking up key:
* standard_metadata.egress_port: 0000

[02:45:15.607] [bmv2] [D] [thread 160689] [11.0] [cxt 0] Table 'MyEgress.egress_encap_yequdesu': miss
[02:45:15.607] [bmv2] [D] [thread 160689] [11.0] [cxt 0] Action entry is NoAction - 
[02:45:15.607] [bmv2] [T] [thread 160689] [11.0] [cxt 0] Action NoAction
[02:45:15.607] [bmv2] [T] [thread 160689] [11.0] [cxt 0] Applying table 'MyEgress.egress_encap_vxlan'
[02:45:15.607] [bmv2] [D] [thread 160689] [11.0] [cxt 0] Looking up key:
* standard_metadata.egress_port: 0000

[02:45:15.607] [bmv2] [D] [thread 160689] [11.0] [cxt 0] Table 'MyEgress.egress_encap_vxlan': miss
[02:45:15.607] [bmv2] [D] [thread 160689] [11.0] [cxt 0] Action entry is NoAction - 
[02:45:15.607] [bmv2] [T] [thread 160689] [11.0] [cxt 0] Action NoAction
[02:45:15.607] [bmv2] [D] [thread 160689] [11.0] [cxt 0] Pipeline 'egress': end
[02:45:15.607] [bmv2] [D] [thread 160689] [11.0] [cxt 0] Deparser 'deparser': start
[02:45:15.607] [bmv2] [T] [thread 160689] [11.0] [cxt 0] Skipping checksum 'cksum' update because condition not met
[02:45:15.607] [bmv2] [D] [thread 160689] [11.0] [cxt 0] Deparsing header 'ethernet'
[02:45:15.607] [bmv2] [D] [thread 160689] [11.0] [cxt 0] Deparsing header 'ipv6'
[02:45:15.607] [bmv2] [D] [thread 160689] [11.0] [cxt 0] Deparser 'deparser': end
[02:45:15.607] [bmv2] [D] [thread 160693] [11.0] [cxt 0] Transmitting packet of size 211 out of port 0
[02:45:15.671] [bmv2] [D] [thread 160688] [12.0] [cxt 0] Processing packet received on port 2
[02:45:15.671] [bmv2] [D] [thread 160688] [12.0] [cxt 0] Parser 'parser': start
[02:45:15.671] [bmv2] [D] [thread 160688] [12.0] [cxt 0] Parser 'parser' entering state 'start'
[02:45:15.671] [bmv2] [D] [thread 160688] [12.0] [cxt 0] Extracting header 'ethernet'
[02:45:15.671] [bmv2] [D] [thread 160688] [12.0] [cxt 0] Parser state 'start': key is 86dd
[02:45:15.671] [bmv2] [T] [thread 160688] [12.0] [cxt 0] Bytes parsed: 14
[02:45:15.671] [bmv2] [D] [thread 160688] [12.0] [cxt 0] Parser 'parser' entering state 'parse_ipv6'
[02:45:15.671] [bmv2] [D] [thread 160688] [12.0] [cxt 0] Extracting header 'ipv6'
[02:45:15.671] [bmv2] [D] [thread 160688] [12.0] [cxt 0] Parser state 'parse_ipv6': key is 11
[02:45:15.671] [bmv2] [T] [thread 160688] [12.0] [cxt 0] Bytes parsed: 54
[02:45:15.671] [bmv2] [D] [thread 160688] [12.0] [cxt 0] Parser 'parser': end
[02:45:15.671] [bmv2] [D] [thread 160688] [12.0] [cxt 0] Pipeline 'ingress': start
[02:45:15.671] [bmv2] [T] [thread 160688] [12.0] [cxt 0] basic.p4(565) Condition "hdr.ethernet.etherType == TYPE_ARP" (node_2) is false
[02:45:15.671] [bmv2] [T] [thread 160688] [12.0] [cxt 0] basic.p4(568) Condition "hdr.ethernet.etherType == TYPE_SRCROUTING" (node_4) is false
[02:45:15.671] [bmv2] [T] [thread 160688] [12.0] [cxt 0] basic.p4(581) Condition "hdr.ethernet.etherType == TYPE_YEQUDESU" (node_12) is false
[02:45:15.671] [bmv2] [T] [thread 160688] [12.0] [cxt 0] basic.p4(587) Condition "hdr.vxlan.isValid()" (node_15) is false
[02:45:15.671] [bmv2] [T] [thread 160688] [12.0] [cxt 0] basic.p4(591) Condition "hdr.ipv6.isValid()" (node_17) is true
[02:45:15.671] [bmv2] [T] [thread 160688] [12.0] [cxt 0] Applying table 'MyIngress.ipv6_lpm'
[02:45:15.671] [bmv2] [D] [thread 160688] [12.0] [cxt 0] Looking up key:
* hdr.ipv6.dstAddr    : ff0200000000000000000000000000fb

[02:45:15.671] [bmv2] [D] [thread 160688] [12.0] [cxt 0] Table 'MyIngress.ipv6_lpm': miss
[02:45:15.671] [bmv2] [D] [thread 160688] [12.0] [cxt 0] Action entry is NoAction - 
[02:45:15.671] [bmv2] [T] [thread 160688] [12.0] [cxt 0] Action NoAction
[02:45:15.671] [bmv2] [D] [thread 160688] [12.0] [cxt 0] Pipeline 'ingress': end
[02:45:15.671] [bmv2] [D] [thread 160688] [12.0] [cxt 0] Egress port is 0
[02:45:15.671] [bmv2] [D] [thread 160689] [12.0] [cxt 0] Pipeline 'egress': start
[02:45:15.671] [bmv2] [T] [thread 160689] [12.0] [cxt 0] Applying table 'MyEgress.egress_encap_ipv6'
[02:45:15.671] [bmv2] [D] [thread 160689] [12.0] [cxt 0] Looking up key:
* standard_metadata.egress_port: 0000

[02:45:15.671] [bmv2] [D] [thread 160689] [12.0] [cxt 0] Table 'MyEgress.egress_encap_ipv6': miss
[02:45:15.671] [bmv2] [D] [thread 160689] [12.0] [cxt 0] Action entry is NoAction - 
[02:45:15.671] [bmv2] [T] [thread 160689] [12.0] [cxt 0] Action NoAction
[02:45:15.671] [bmv2] [T] [thread 160689] [12.0] [cxt 0] Applying table 'MyEgress.egress_encap_yequdesu'
[02:45:15.671] [bmv2] [D] [thread 160689] [12.0] [cxt 0] Looking up key:
* standard_metadata.egress_port: 0000

[02:45:15.671] [bmv2] [D] [thread 160689] [12.0] [cxt 0] Table 'MyEgress.egress_encap_yequdesu': miss
[02:45:15.671] [bmv2] [D] [thread 160689] [12.0] [cxt 0] Action entry is NoAction - 
[02:45:15.671] [bmv2] [T] [thread 160689] [12.0] [cxt 0] Action NoAction
[02:45:15.671] [bmv2] [T] [thread 160689] [12.0] [cxt 0] Applying table 'MyEgress.egress_encap_vxlan'
[02:45:15.671] [bmv2] [D] [thread 160689] [12.0] [cxt 0] Looking up key:
* standard_metadata.egress_port: 0000

[02:45:15.671] [bmv2] [D] [thread 160689] [12.0] [cxt 0] Table 'MyEgress.egress_encap_vxlan': miss
[02:45:15.671] [bmv2] [D] [thread 160689] [12.0] [cxt 0] Action entry is NoAction - 
[02:45:15.671] [bmv2] [T] [thread 160689] [12.0] [cxt 0] Action NoAction
[02:45:15.671] [bmv2] [D] [thread 160689] [12.0] [cxt 0] Pipeline 'egress': end
[02:45:15.671] [bmv2] [D] [thread 160689] [12.0] [cxt 0] Deparser 'deparser': start
[02:45:15.671] [bmv2] [T] [thread 160689] [12.0] [cxt 0] Skipping checksum 'cksum' update because condition not met
[02:45:15.671] [bmv2] [D] [thread 160689] [12.0] [cxt 0] Deparsing header 'ethernet'
[02:45:15.671] [bmv2] [D] [thread 160689] [12.0] [cxt 0] Deparsing header 'ipv6'
[02:45:15.671] [bmv2] [D] [thread 160689] [12.0] [cxt 0] Deparser 'deparser': end
[02:45:15.671] [bmv2] [D] [thread 160693] [12.0] [cxt 0] Transmitting packet of size 211 out of port 0
[02:45:15.792] [bmv2] [D] [thread 160688] [13.0] [cxt 0] Processing packet received on port 2
[02:45:15.792] [bmv2] [D] [thread 160688] [13.0] [cxt 0] Parser 'parser': start
[02:45:15.792] [bmv2] [D] [thread 160688] [13.0] [cxt 0] Parser 'parser' entering state 'start'
[02:45:15.792] [bmv2] [D] [thread 160688] [13.0] [cxt 0] Extracting header 'ethernet'
[02:45:15.792] [bmv2] [D] [thread 160688] [13.0] [cxt 0] Parser state 'start': key is 86dd
[02:45:15.792] [bmv2] [T] [thread 160688] [13.0] [cxt 0] Bytes parsed: 14
[02:45:15.792] [bmv2] [D] [thread 160688] [13.0] [cxt 0] Parser 'parser' entering state 'parse_ipv6'
[02:45:15.792] [bmv2] [D] [thread 160688] [13.0] [cxt 0] Extracting header 'ipv6'
[02:45:15.792] [bmv2] [D] [thread 160688] [13.0] [cxt 0] Parser state 'parse_ipv6': key is 00
[02:45:15.792] [bmv2] [T] [thread 160688] [13.0] [cxt 0] Bytes parsed: 54
[02:45:15.792] [bmv2] [D] [thread 160688] [13.0] [cxt 0] Parser 'parser': end
[02:45:15.792] [bmv2] [D] [thread 160688] [13.0] [cxt 0] Pipeline 'ingress': start
[02:45:15.792] [bmv2] [T] [thread 160688] [13.0] [cxt 0] basic.p4(565) Condition "hdr.ethernet.etherType == TYPE_ARP" (node_2) is false
[02:45:15.792] [bmv2] [T] [thread 160688] [13.0] [cxt 0] basic.p4(568) Condition "hdr.ethernet.etherType == TYPE_SRCROUTING" (node_4) is false
[02:45:15.792] [bmv2] [T] [thread 160688] [13.0] [cxt 0] basic.p4(581) Condition "hdr.ethernet.etherType == TYPE_YEQUDESU" (node_12) is false
[02:45:15.792] [bmv2] [T] [thread 160688] [13.0] [cxt 0] basic.p4(587) Condition "hdr.vxlan.isValid()" (node_15) is false
[02:45:15.792] [bmv2] [T] [thread 160688] [13.0] [cxt 0] basic.p4(591) Condition "hdr.ipv6.isValid()" (node_17) is true
[02:45:15.792] [bmv2] [T] [thread 160688] [13.0] [cxt 0] Applying table 'MyIngress.ipv6_lpm'
[02:45:15.792] [bmv2] [D] [thread 160688] [13.0] [cxt 0] Looking up key:
* hdr.ipv6.dstAddr    : ff020000000000000000000000000016

[02:45:15.792] [bmv2] [D] [thread 160688] [13.0] [cxt 0] Table 'MyIngress.ipv6_lpm': miss
[02:45:15.792] [bmv2] [D] [thread 160688] [13.0] [cxt 0] Action entry is NoAction - 
[02:45:15.792] [bmv2] [T] [thread 160688] [13.0] [cxt 0] Action NoAction
[02:45:15.792] [bmv2] [D] [thread 160688] [13.0] [cxt 0] Pipeline 'ingress': end
[02:45:15.792] [bmv2] [D] [thread 160688] [13.0] [cxt 0] Egress port is 0
[02:45:15.792] [bmv2] [D] [thread 160689] [13.0] [cxt 0] Pipeline 'egress': start
[02:45:15.792] [bmv2] [T] [thread 160689] [13.0] [cxt 0] Applying table 'MyEgress.egress_encap_ipv6'
[02:45:15.792] [bmv2] [D] [thread 160689] [13.0] [cxt 0] Looking up key:
* standard_metadata.egress_port: 0000

[02:45:15.792] [bmv2] [D] [thread 160689] [13.0] [cxt 0] Table 'MyEgress.egress_encap_ipv6': miss
[02:45:15.792] [bmv2] [D] [thread 160689] [13.0] [cxt 0] Action entry is NoAction - 
[02:45:15.792] [bmv2] [T] [thread 160689] [13.0] [cxt 0] Action NoAction
[02:45:15.792] [bmv2] [T] [thread 160689] [13.0] [cxt 0] Applying table 'MyEgress.egress_encap_yequdesu'
[02:45:15.792] [bmv2] [D] [thread 160689] [13.0] [cxt 0] Looking up key:
* standard_metadata.egress_port: 0000

[02:45:15.792] [bmv2] [D] [thread 160689] [13.0] [cxt 0] Table 'MyEgress.egress_encap_yequdesu': miss
[02:45:15.792] [bmv2] [D] [thread 160689] [13.0] [cxt 0] Action entry is NoAction - 
[02:45:15.793] [bmv2] [T] [thread 160689] [13.0] [cxt 0] Action NoAction
[02:45:15.793] [bmv2] [T] [thread 160689] [13.0] [cxt 0] Applying table 'MyEgress.egress_encap_vxlan'
[02:45:15.793] [bmv2] [D] [thread 160689] [13.0] [cxt 0] Looking up key:
* standard_metadata.egress_port: 0000

[02:45:15.793] [bmv2] [D] [thread 160689] [13.0] [cxt 0] Table 'MyEgress.egress_encap_vxlan': miss
[02:45:15.793] [bmv2] [D] [thread 160689] [13.0] [cxt 0] Action entry is NoAction - 
[02:45:15.793] [bmv2] [T] [thread 160689] [13.0] [cxt 0] Action NoAction
[02:45:15.793] [bmv2] [D] [thread 160689] [13.0] [cxt 0] Pipeline 'egress': end
[02:45:15.793] [bmv2] [D] [thread 160689] [13.0] [cxt 0] Deparser 'deparser': start
[02:45:15.793] [bmv2] [T] [thread 160689] [13.0] [cxt 0] Skipping checksum 'cksum' update because condition not met
[02:45:15.793] [bmv2] [D] [thread 160689] [13.0] [cxt 0] Deparsing header 'ethernet'
[02:45:15.793] [bmv2] [D] [thread 160689] [13.0] [cxt 0] Deparsing header 'ipv6'
[02:45:15.793] [bmv2] [D] [thread 160689] [13.0] [cxt 0] Deparser 'deparser': end
[02:45:15.793] [bmv2] [D] [thread 160693] [13.0] [cxt 0] Transmitting packet of size 90 out of port 0
[02:45:15.808] [bmv2] [D] [thread 160688] [14.0] [cxt 0] Processing packet received on port 2
[02:45:15.808] [bmv2] [D] [thread 160688] [14.0] [cxt 0] Parser 'parser': start
[02:45:15.808] [bmv2] [D] [thread 160688] [14.0] [cxt 0] Parser 'parser' entering state 'start'
[02:45:15.808] [bmv2] [D] [thread 160688] [14.0] [cxt 0] Extracting header 'ethernet'
[02:45:15.808] [bmv2] [D] [thread 160688] [14.0] [cxt 0] Parser state 'start': key is 86dd
[02:45:15.808] [bmv2] [T] [thread 160688] [14.0] [cxt 0] Bytes parsed: 14
[02:45:15.808] [bmv2] [D] [thread 160688] [14.0] [cxt 0] Parser 'parser' entering state 'parse_ipv6'
[02:45:15.808] [bmv2] [D] [thread 160688] [14.0] [cxt 0] Extracting header 'ipv6'
[02:45:15.808] [bmv2] [D] [thread 160688] [14.0] [cxt 0] Parser state 'parse_ipv6': key is 11
[02:45:15.808] [bmv2] [T] [thread 160688] [14.0] [cxt 0] Bytes parsed: 54
[02:45:15.808] [bmv2] [D] [thread 160688] [14.0] [cxt 0] Parser 'parser': end
[02:45:15.808] [bmv2] [D] [thread 160688] [14.0] [cxt 0] Pipeline 'ingress': start
[02:45:15.808] [bmv2] [T] [thread 160688] [14.0] [cxt 0] basic.p4(565) Condition "hdr.ethernet.etherType == TYPE_ARP" (node_2) is false
[02:45:15.808] [bmv2] [T] [thread 160688] [14.0] [cxt 0] basic.p4(568) Condition "hdr.ethernet.etherType == TYPE_SRCROUTING" (node_4) is false
[02:45:15.809] [bmv2] [T] [thread 160688] [14.0] [cxt 0] basic.p4(581) Condition "hdr.ethernet.etherType == TYPE_YEQUDESU" (node_12) is false
[02:45:15.809] [bmv2] [T] [thread 160688] [14.0] [cxt 0] basic.p4(587) Condition "hdr.vxlan.isValid()" (node_15) is false
[02:45:15.809] [bmv2] [T] [thread 160688] [14.0] [cxt 0] basic.p4(591) Condition "hdr.ipv6.isValid()" (node_17) is true
[02:45:15.809] [bmv2] [T] [thread 160688] [14.0] [cxt 0] Applying table 'MyIngress.ipv6_lpm'
[02:45:15.809] [bmv2] [D] [thread 160688] [14.0] [cxt 0] Looking up key:
* hdr.ipv6.dstAddr    : ff0200000000000000000000000000fb

[02:45:15.809] [bmv2] [D] [thread 160688] [14.0] [cxt 0] Table 'MyIngress.ipv6_lpm': miss
[02:45:15.809] [bmv2] [D] [thread 160688] [14.0] [cxt 0] Action entry is NoAction - 
[02:45:15.809] [bmv2] [T] [thread 160688] [14.0] [cxt 0] Action NoAction
[02:45:15.809] [bmv2] [D] [thread 160688] [14.0] [cxt 0] Pipeline 'ingress': end
[02:45:15.809] [bmv2] [D] [thread 160688] [14.0] [cxt 0] Egress port is 0
[02:45:15.809] [bmv2] [D] [thread 160689] [14.0] [cxt 0] Pipeline 'egress': start
[02:45:15.809] [bmv2] [T] [thread 160689] [14.0] [cxt 0] Applying table 'MyEgress.egress_encap_ipv6'
[02:45:15.809] [bmv2] [D] [thread 160689] [14.0] [cxt 0] Looking up key:
* standard_metadata.egress_port: 0000

[02:45:15.809] [bmv2] [D] [thread 160689] [14.0] [cxt 0] Table 'MyEgress.egress_encap_ipv6': miss
[02:45:15.809] [bmv2] [D] [thread 160689] [14.0] [cxt 0] Action entry is NoAction - 
[02:45:15.809] [bmv2] [T] [thread 160689] [14.0] [cxt 0] Action NoAction
[02:45:15.809] [bmv2] [T] [thread 160689] [14.0] [cxt 0] Applying table 'MyEgress.egress_encap_yequdesu'
[02:45:15.809] [bmv2] [D] [thread 160689] [14.0] [cxt 0] Looking up key:
* standard_metadata.egress_port: 0000

[02:45:15.809] [bmv2] [D] [thread 160689] [14.0] [cxt 0] Table 'MyEgress.egress_encap_yequdesu': miss
[02:45:15.809] [bmv2] [D] [thread 160689] [14.0] [cxt 0] Action entry is NoAction - 
[02:45:15.809] [bmv2] [T] [thread 160689] [14.0] [cxt 0] Action NoAction
[02:45:15.809] [bmv2] [T] [thread 160689] [14.0] [cxt 0] Applying table 'MyEgress.egress_encap_vxlan'
[02:45:15.809] [bmv2] [D] [thread 160689] [14.0] [cxt 0] Looking up key:
* standard_metadata.egress_port: 0000

[02:45:15.809] [bmv2] [D] [thread 160689] [14.0] [cxt 0] Table 'MyEgress.egress_encap_vxlan': miss
[02:45:15.809] [bmv2] [D] [thread 160689] [14.0] [cxt 0] Action entry is NoAction - 
[02:45:15.809] [bmv2] [T] [thread 160689] [14.0] [cxt 0] Action NoAction
[02:45:15.809] [bmv2] [D] [thread 160689] [14.0] [cxt 0] Pipeline 'egress': end
[02:45:15.809] [bmv2] [D] [thread 160689] [14.0] [cxt 0] Deparser 'deparser': start
[02:45:15.809] [bmv2] [T] [thread 160689] [14.0] [cxt 0] Skipping checksum 'cksum' update because condition not met
[02:45:15.809] [bmv2] [D] [thread 160689] [14.0] [cxt 0] Deparsing header 'ethernet'
[02:45:15.809] [bmv2] [D] [thread 160689] [14.0] [cxt 0] Deparsing header 'ipv6'
[02:45:15.809] [bmv2] [D] [thread 160689] [14.0] [cxt 0] Deparser 'deparser': end
[02:45:15.809] [bmv2] [D] [thread 160693] [14.0] [cxt 0] Transmitting packet of size 199 out of port 0
[02:45:15.853] [bmv2] [D] [thread 160688] [15.0] [cxt 0] Processing packet received on port 2
[02:45:15.853] [bmv2] [D] [thread 160688] [15.0] [cxt 0] Parser 'parser': start
[02:45:15.853] [bmv2] [D] [thread 160688] [15.0] [cxt 0] Parser 'parser' entering state 'start'
[02:45:15.853] [bmv2] [D] [thread 160688] [15.0] [cxt 0] Extracting header 'ethernet'
[02:45:15.853] [bmv2] [D] [thread 160688] [15.0] [cxt 0] Parser state 'start': key is 86dd
[02:45:15.853] [bmv2] [T] [thread 160688] [15.0] [cxt 0] Bytes parsed: 14
[02:45:15.853] [bmv2] [D] [thread 160688] [15.0] [cxt 0] Parser 'parser' entering state 'parse_ipv6'
[02:45:15.853] [bmv2] [D] [thread 160688] [15.0] [cxt 0] Extracting header 'ipv6'
[02:45:15.853] [bmv2] [D] [thread 160688] [15.0] [cxt 0] Parser state 'parse_ipv6': key is 00
[02:45:15.853] [bmv2] [T] [thread 160688] [15.0] [cxt 0] Bytes parsed: 54
[02:45:15.853] [bmv2] [D] [thread 160688] [15.0] [cxt 0] Parser 'parser': end
[02:45:15.853] [bmv2] [D] [thread 160688] [15.0] [cxt 0] Pipeline 'ingress': start
[02:45:15.853] [bmv2] [T] [thread 160688] [15.0] [cxt 0] basic.p4(565) Condition "hdr.ethernet.etherType == TYPE_ARP" (node_2) is false
[02:45:15.853] [bmv2] [T] [thread 160688] [15.0] [cxt 0] basic.p4(568) Condition "hdr.ethernet.etherType == TYPE_SRCROUTING" (node_4) is false
[02:45:15.853] [bmv2] [T] [thread 160688] [15.0] [cxt 0] basic.p4(581) Condition "hdr.ethernet.etherType == TYPE_YEQUDESU" (node_12) is false
[02:45:15.853] [bmv2] [T] [thread 160688] [15.0] [cxt 0] basic.p4(587) Condition "hdr.vxlan.isValid()" (node_15) is false
[02:45:15.853] [bmv2] [T] [thread 160688] [15.0] [cxt 0] basic.p4(591) Condition "hdr.ipv6.isValid()" (node_17) is true
[02:45:15.853] [bmv2] [T] [thread 160688] [15.0] [cxt 0] Applying table 'MyIngress.ipv6_lpm'
[02:45:15.853] [bmv2] [D] [thread 160688] [15.0] [cxt 0] Looking up key:
* hdr.ipv6.dstAddr    : ff020000000000000000000000000016

[02:45:15.853] [bmv2] [D] [thread 160688] [15.0] [cxt 0] Table 'MyIngress.ipv6_lpm': miss
[02:45:15.853] [bmv2] [D] [thread 160688] [15.0] [cxt 0] Action entry is NoAction - 
[02:45:15.853] [bmv2] [T] [thread 160688] [15.0] [cxt 0] Action NoAction
[02:45:15.853] [bmv2] [D] [thread 160688] [15.0] [cxt 0] Pipeline 'ingress': end
[02:45:15.853] [bmv2] [D] [thread 160688] [15.0] [cxt 0] Egress port is 0
[02:45:15.854] [bmv2] [D] [thread 160689] [15.0] [cxt 0] Pipeline 'egress': start
[02:45:15.854] [bmv2] [T] [thread 160689] [15.0] [cxt 0] Applying table 'MyEgress.egress_encap_ipv6'
[02:45:15.854] [bmv2] [D] [thread 160689] [15.0] [cxt 0] Looking up key:
* standard_metadata.egress_port: 0000

[02:45:15.854] [bmv2] [D] [thread 160689] [15.0] [cxt 0] Table 'MyEgress.egress_encap_ipv6': miss
[02:45:15.854] [bmv2] [D] [thread 160689] [15.0] [cxt 0] Action entry is NoAction - 
[02:45:15.854] [bmv2] [T] [thread 160689] [15.0] [cxt 0] Action NoAction
[02:45:15.854] [bmv2] [T] [thread 160689] [15.0] [cxt 0] Applying table 'MyEgress.egress_encap_yequdesu'
[02:45:15.854] [bmv2] [D] [thread 160689] [15.0] [cxt 0] Looking up key:
* standard_metadata.egress_port: 0000

[02:45:15.854] [bmv2] [D] [thread 160689] [15.0] [cxt 0] Table 'MyEgress.egress_encap_yequdesu': miss
[02:45:15.854] [bmv2] [D] [thread 160689] [15.0] [cxt 0] Action entry is NoAction - 
[02:45:15.854] [bmv2] [T] [thread 160689] [15.0] [cxt 0] Action NoAction
[02:45:15.854] [bmv2] [T] [thread 160689] [15.0] [cxt 0] Applying table 'MyEgress.egress_encap_vxlan'
[02:45:15.854] [bmv2] [D] [thread 160689] [15.0] [cxt 0] Looking up key:
* standard_metadata.egress_port: 0000

[02:45:15.854] [bmv2] [D] [thread 160689] [15.0] [cxt 0] Table 'MyEgress.egress_encap_vxlan': miss
[02:45:15.854] [bmv2] [D] [thread 160689] [15.0] [cxt 0] Action entry is NoAction - 
[02:45:15.854] [bmv2] [T] [thread 160689] [15.0] [cxt 0] Action NoAction
[02:45:15.854] [bmv2] [D] [thread 160689] [15.0] [cxt 0] Pipeline 'egress': end
[02:45:15.854] [bmv2] [D] [thread 160689] [15.0] [cxt 0] Deparser 'deparser': start
[02:45:15.854] [bmv2] [T] [thread 160689] [15.0] [cxt 0] Skipping checksum 'cksum' update because condition not met
[02:45:15.854] [bmv2] [D] [thread 160689] [15.0] [cxt 0] Deparsing header 'ethernet'
[02:45:15.854] [bmv2] [D] [thread 160689] [15.0] [cxt 0] Deparsing header 'ipv6'
[02:45:15.854] [bmv2] [D] [thread 160689] [15.0] [cxt 0] Deparser 'deparser': end
[02:45:15.854] [bmv2] [D] [thread 160693] [15.0] [cxt 0] Transmitting packet of size 110 out of port 0
[02:45:15.871] [bmv2] [D] [thread 160688] [16.0] [cxt 0] Processing packet received on port 2
[02:45:15.871] [bmv2] [D] [thread 160688] [16.0] [cxt 0] Parser 'parser': start
[02:45:15.871] [bmv2] [D] [thread 160688] [16.0] [cxt 0] Parser 'parser' entering state 'start'
[02:45:15.871] [bmv2] [D] [thread 160688] [16.0] [cxt 0] Extracting header 'ethernet'
[02:45:15.871] [bmv2] [D] [thread 160688] [16.0] [cxt 0] Parser state 'start': key is 86dd
[02:45:15.871] [bmv2] [T] [thread 160688] [16.0] [cxt 0] Bytes parsed: 14
[02:45:15.871] [bmv2] [D] [thread 160688] [16.0] [cxt 0] Parser 'parser' entering state 'parse_ipv6'
[02:45:15.871] [bmv2] [D] [thread 160688] [16.0] [cxt 0] Extracting header 'ipv6'
[02:45:15.871] [bmv2] [D] [thread 160688] [16.0] [cxt 0] Parser state 'parse_ipv6': key is 11
[02:45:15.871] [bmv2] [T] [thread 160688] [16.0] [cxt 0] Bytes parsed: 54
[02:45:15.871] [bmv2] [D] [thread 160688] [16.0] [cxt 0] Parser 'parser': end
[02:45:15.871] [bmv2] [D] [thread 160688] [16.0] [cxt 0] Pipeline 'ingress': start
[02:45:15.871] [bmv2] [T] [thread 160688] [16.0] [cxt 0] basic.p4(565) Condition "hdr.ethernet.etherType == TYPE_ARP" (node_2) is false
[02:45:15.871] [bmv2] [T] [thread 160688] [16.0] [cxt 0] basic.p4(568) Condition "hdr.ethernet.etherType == TYPE_SRCROUTING" (node_4) is false
[02:45:15.871] [bmv2] [T] [thread 160688] [16.0] [cxt 0] basic.p4(581) Condition "hdr.ethernet.etherType == TYPE_YEQUDESU" (node_12) is false
[02:45:15.871] [bmv2] [T] [thread 160688] [16.0] [cxt 0] basic.p4(587) Condition "hdr.vxlan.isValid()" (node_15) is false
[02:45:15.871] [bmv2] [T] [thread 160688] [16.0] [cxt 0] basic.p4(591) Condition "hdr.ipv6.isValid()" (node_17) is true
[02:45:15.871] [bmv2] [T] [thread 160688] [16.0] [cxt 0] Applying table 'MyIngress.ipv6_lpm'
[02:45:15.871] [bmv2] [D] [thread 160688] [16.0] [cxt 0] Looking up key:
* hdr.ipv6.dstAddr    : ff0200000000000000000000000000fb

[02:45:15.871] [bmv2] [D] [thread 160688] [16.0] [cxt 0] Table 'MyIngress.ipv6_lpm': miss
[02:45:15.871] [bmv2] [D] [thread 160688] [16.0] [cxt 0] Action entry is NoAction - 
[02:45:15.871] [bmv2] [T] [thread 160688] [16.0] [cxt 0] Action NoAction
[02:45:15.871] [bmv2] [D] [thread 160688] [16.0] [cxt 0] Pipeline 'ingress': end
[02:45:15.871] [bmv2] [D] [thread 160688] [16.0] [cxt 0] Egress port is 0
[02:45:15.872] [bmv2] [D] [thread 160689] [16.0] [cxt 0] Pipeline 'egress': start
[02:45:15.872] [bmv2] [T] [thread 160689] [16.0] [cxt 0] Applying table 'MyEgress.egress_encap_ipv6'
[02:45:15.872] [bmv2] [D] [thread 160689] [16.0] [cxt 0] Looking up key:
* standard_metadata.egress_port: 0000

[02:45:15.872] [bmv2] [D] [thread 160689] [16.0] [cxt 0] Table 'MyEgress.egress_encap_ipv6': miss
[02:45:15.872] [bmv2] [D] [thread 160689] [16.0] [cxt 0] Action entry is NoAction - 
[02:45:15.872] [bmv2] [T] [thread 160689] [16.0] [cxt 0] Action NoAction
[02:45:15.872] [bmv2] [T] [thread 160689] [16.0] [cxt 0] Applying table 'MyEgress.egress_encap_yequdesu'
[02:45:15.872] [bmv2] [D] [thread 160689] [16.0] [cxt 0] Looking up key:
* standard_metadata.egress_port: 0000

[02:45:15.872] [bmv2] [D] [thread 160689] [16.0] [cxt 0] Table 'MyEgress.egress_encap_yequdesu': miss
[02:45:15.872] [bmv2] [D] [thread 160689] [16.0] [cxt 0] Action entry is NoAction - 
[02:45:15.872] [bmv2] [T] [thread 160689] [16.0] [cxt 0] Action NoAction
[02:45:15.872] [bmv2] [T] [thread 160689] [16.0] [cxt 0] Applying table 'MyEgress.egress_encap_vxlan'
[02:45:15.872] [bmv2] [D] [thread 160689] [16.0] [cxt 0] Looking up key:
* standard_metadata.egress_port: 0000

[02:45:15.872] [bmv2] [D] [thread 160689] [16.0] [cxt 0] Table 'MyEgress.egress_encap_vxlan': miss
[02:45:15.872] [bmv2] [D] [thread 160689] [16.0] [cxt 0] Action entry is NoAction - 
[02:45:15.872] [bmv2] [T] [thread 160689] [16.0] [cxt 0] Action NoAction
[02:45:15.872] [bmv2] [D] [thread 160689] [16.0] [cxt 0] Pipeline 'egress': end
[02:45:15.872] [bmv2] [D] [thread 160689] [16.0] [cxt 0] Deparser 'deparser': start
[02:45:15.872] [bmv2] [T] [thread 160689] [16.0] [cxt 0] Skipping checksum 'cksum' update because condition not met
[02:45:15.872] [bmv2] [D] [thread 160689] [16.0] [cxt 0] Deparsing header 'ethernet'
[02:45:15.872] [bmv2] [D] [thread 160689] [16.0] [cxt 0] Deparsing header 'ipv6'
[02:45:15.872] [bmv2] [D] [thread 160689] [16.0] [cxt 0] Deparser 'deparser': end
[02:45:15.872] [bmv2] [D] [thread 160693] [16.0] [cxt 0] Transmitting packet of size 199 out of port 0
[02:45:15.933] [bmv2] [D] [thread 160688] [17.0] [cxt 0] Processing packet received on port 2
[02:45:15.933] [bmv2] [D] [thread 160688] [17.0] [cxt 0] Parser 'parser': start
[02:45:15.933] [bmv2] [D] [thread 160688] [17.0] [cxt 0] Parser 'parser' entering state 'start'
[02:45:15.933] [bmv2] [D] [thread 160688] [17.0] [cxt 0] Extracting header 'ethernet'
[02:45:15.933] [bmv2] [D] [thread 160688] [17.0] [cxt 0] Parser state 'start': key is 86dd
[02:45:15.933] [bmv2] [T] [thread 160688] [17.0] [cxt 0] Bytes parsed: 14
[02:45:15.933] [bmv2] [D] [thread 160688] [17.0] [cxt 0] Parser 'parser' entering state 'parse_ipv6'
[02:45:15.933] [bmv2] [D] [thread 160688] [17.0] [cxt 0] Extracting header 'ipv6'
[02:45:15.933] [bmv2] [D] [thread 160688] [17.0] [cxt 0] Parser state 'parse_ipv6': key is 11
[02:45:15.933] [bmv2] [T] [thread 160688] [17.0] [cxt 0] Bytes parsed: 54
[02:45:15.933] [bmv2] [D] [thread 160688] [17.0] [cxt 0] Parser 'parser': end
[02:45:15.933] [bmv2] [D] [thread 160688] [17.0] [cxt 0] Pipeline 'ingress': start
[02:45:15.933] [bmv2] [T] [thread 160688] [17.0] [cxt 0] basic.p4(565) Condition "hdr.ethernet.etherType == TYPE_ARP" (node_2) is false
[02:45:15.933] [bmv2] [T] [thread 160688] [17.0] [cxt 0] basic.p4(568) Condition "hdr.ethernet.etherType == TYPE_SRCROUTING" (node_4) is false
[02:45:15.933] [bmv2] [T] [thread 160688] [17.0] [cxt 0] basic.p4(581) Condition "hdr.ethernet.etherType == TYPE_YEQUDESU" (node_12) is false
[02:45:15.933] [bmv2] [T] [thread 160688] [17.0] [cxt 0] basic.p4(587) Condition "hdr.vxlan.isValid()" (node_15) is false
[02:45:15.933] [bmv2] [T] [thread 160688] [17.0] [cxt 0] basic.p4(591) Condition "hdr.ipv6.isValid()" (node_17) is true
[02:45:15.933] [bmv2] [T] [thread 160688] [17.0] [cxt 0] Applying table 'MyIngress.ipv6_lpm'
[02:45:15.933] [bmv2] [D] [thread 160688] [17.0] [cxt 0] Looking up key:
* hdr.ipv6.dstAddr    : ff0200000000000000000000000000fb

[02:45:15.933] [bmv2] [D] [thread 160688] [17.0] [cxt 0] Table 'MyIngress.ipv6_lpm': miss
[02:45:15.933] [bmv2] [D] [thread 160688] [17.0] [cxt 0] Action entry is NoAction - 
[02:45:15.933] [bmv2] [T] [thread 160688] [17.0] [cxt 0] Action NoAction
[02:45:15.933] [bmv2] [D] [thread 160688] [17.0] [cxt 0] Pipeline 'ingress': end
[02:45:15.933] [bmv2] [D] [thread 160688] [17.0] [cxt 0] Egress port is 0
[02:45:15.934] [bmv2] [D] [thread 160689] [17.0] [cxt 0] Pipeline 'egress': start
[02:45:15.934] [bmv2] [T] [thread 160689] [17.0] [cxt 0] Applying table 'MyEgress.egress_encap_ipv6'
[02:45:15.934] [bmv2] [D] [thread 160689] [17.0] [cxt 0] Looking up key:
* standard_metadata.egress_port: 0000

[02:45:15.934] [bmv2] [D] [thread 160689] [17.0] [cxt 0] Table 'MyEgress.egress_encap_ipv6': miss
[02:45:15.934] [bmv2] [D] [thread 160689] [17.0] [cxt 0] Action entry is NoAction - 
[02:45:15.934] [bmv2] [T] [thread 160689] [17.0] [cxt 0] Action NoAction
[02:45:15.934] [bmv2] [T] [thread 160689] [17.0] [cxt 0] Applying table 'MyEgress.egress_encap_yequdesu'
[02:45:15.934] [bmv2] [D] [thread 160689] [17.0] [cxt 0] Looking up key:
* standard_metadata.egress_port: 0000

[02:45:15.934] [bmv2] [D] [thread 160689] [17.0] [cxt 0] Table 'MyEgress.egress_encap_yequdesu': miss
[02:45:15.934] [bmv2] [D] [thread 160689] [17.0] [cxt 0] Action entry is NoAction - 
[02:45:15.934] [bmv2] [T] [thread 160689] [17.0] [cxt 0] Action NoAction
[02:45:15.934] [bmv2] [T] [thread 160689] [17.0] [cxt 0] Applying table 'MyEgress.egress_encap_vxlan'
[02:45:15.934] [bmv2] [D] [thread 160689] [17.0] [cxt 0] Looking up key:
* standard_metadata.egress_port: 0000

[02:45:15.934] [bmv2] [D] [thread 160689] [17.0] [cxt 0] Table 'MyEgress.egress_encap_vxlan': miss
[02:45:15.934] [bmv2] [D] [thread 160689] [17.0] [cxt 0] Action entry is NoAction - 
[02:45:15.934] [bmv2] [T] [thread 160689] [17.0] [cxt 0] Action NoAction
[02:45:15.934] [bmv2] [D] [thread 160689] [17.0] [cxt 0] Pipeline 'egress': end
[02:45:15.934] [bmv2] [D] [thread 160689] [17.0] [cxt 0] Deparser 'deparser': start
[02:45:15.934] [bmv2] [T] [thread 160689] [17.0] [cxt 0] Skipping checksum 'cksum' update because condition not met
[02:45:15.934] [bmv2] [D] [thread 160689] [17.0] [cxt 0] Deparsing header 'ethernet'
[02:45:15.934] [bmv2] [D] [thread 160689] [17.0] [cxt 0] Deparsing header 'ipv6'
[02:45:15.934] [bmv2] [D] [thread 160689] [17.0] [cxt 0] Deparser 'deparser': end
[02:45:15.934] [bmv2] [D] [thread 160693] [17.0] [cxt 0] Transmitting packet of size 203 out of port 0
[02:45:16.647] [bmv2] [D] [thread 160688] [18.0] [cxt 0] Processing packet received on port 1
[02:45:16.647] [bmv2] [D] [thread 160688] [18.0] [cxt 0] Parser 'parser': start
[02:45:16.647] [bmv2] [D] [thread 160688] [18.0] [cxt 0] Parser 'parser' entering state 'start'
[02:45:16.647] [bmv2] [D] [thread 160688] [18.0] [cxt 0] Extracting header 'ethernet'
[02:45:16.647] [bmv2] [D] [thread 160688] [18.0] [cxt 0] Parser state 'start': key is 86dd
[02:45:16.647] [bmv2] [T] [thread 160688] [18.0] [cxt 0] Bytes parsed: 14
[02:45:16.647] [bmv2] [D] [thread 160688] [18.0] [cxt 0] Parser 'parser' entering state 'parse_ipv6'
[02:45:16.647] [bmv2] [D] [thread 160688] [18.0] [cxt 0] Extracting header 'ipv6'
[02:45:16.647] [bmv2] [D] [thread 160688] [18.0] [cxt 0] Parser state 'parse_ipv6': key is 11
[02:45:16.647] [bmv2] [T] [thread 160688] [18.0] [cxt 0] Bytes parsed: 54
[02:45:16.647] [bmv2] [D] [thread 160688] [18.0] [cxt 0] Parser 'parser': end
[02:45:16.647] [bmv2] [D] [thread 160688] [18.0] [cxt 0] Pipeline 'ingress': start
[02:45:16.647] [bmv2] [T] [thread 160688] [18.0] [cxt 0] basic.p4(565) Condition "hdr.ethernet.etherType == TYPE_ARP" (node_2) is false
[02:45:16.647] [bmv2] [T] [thread 160688] [18.0] [cxt 0] basic.p4(568) Condition "hdr.ethernet.etherType == TYPE_SRCROUTING" (node_4) is false
[02:45:16.647] [bmv2] [T] [thread 160688] [18.0] [cxt 0] basic.p4(581) Condition "hdr.ethernet.etherType == TYPE_YEQUDESU" (node_12) is false
[02:45:16.647] [bmv2] [T] [thread 160688] [18.0] [cxt 0] basic.p4(587) Condition "hdr.vxlan.isValid()" (node_15) is false
[02:45:16.647] [bmv2] [T] [thread 160688] [18.0] [cxt 0] basic.p4(591) Condition "hdr.ipv6.isValid()" (node_17) is true
[02:45:16.647] [bmv2] [T] [thread 160688] [18.0] [cxt 0] Applying table 'MyIngress.ipv6_lpm'
[02:45:16.647] [bmv2] [D] [thread 160688] [18.0] [cxt 0] Looking up key:
* hdr.ipv6.dstAddr    : ff0200000000000000000000000000fb

[02:45:16.647] [bmv2] [D] [thread 160688] [18.0] [cxt 0] Table 'MyIngress.ipv6_lpm': miss
[02:45:16.647] [bmv2] [D] [thread 160688] [18.0] [cxt 0] Action entry is NoAction - 
[02:45:16.647] [bmv2] [T] [thread 160688] [18.0] [cxt 0] Action NoAction
[02:45:16.647] [bmv2] [D] [thread 160688] [18.0] [cxt 0] Pipeline 'ingress': end
[02:45:16.647] [bmv2] [D] [thread 160688] [18.0] [cxt 0] Egress port is 0
[02:45:16.647] [bmv2] [D] [thread 160689] [18.0] [cxt 0] Pipeline 'egress': start
[02:45:16.647] [bmv2] [T] [thread 160689] [18.0] [cxt 0] Applying table 'MyEgress.egress_encap_ipv6'
[02:45:16.647] [bmv2] [D] [thread 160689] [18.0] [cxt 0] Looking up key:
* standard_metadata.egress_port: 0000

[02:45:16.647] [bmv2] [D] [thread 160689] [18.0] [cxt 0] Table 'MyEgress.egress_encap_ipv6': miss
[02:45:16.647] [bmv2] [D] [thread 160689] [18.0] [cxt 0] Action entry is NoAction - 
[02:45:16.647] [bmv2] [T] [thread 160689] [18.0] [cxt 0] Action NoAction
[02:45:16.647] [bmv2] [T] [thread 160689] [18.0] [cxt 0] Applying table 'MyEgress.egress_encap_yequdesu'
[02:45:16.647] [bmv2] [D] [thread 160689] [18.0] [cxt 0] Looking up key:
* standard_metadata.egress_port: 0000

[02:45:16.647] [bmv2] [D] [thread 160689] [18.0] [cxt 0] Table 'MyEgress.egress_encap_yequdesu': miss
[02:45:16.647] [bmv2] [D] [thread 160689] [18.0] [cxt 0] Action entry is NoAction - 
[02:45:16.647] [bmv2] [T] [thread 160689] [18.0] [cxt 0] Action NoAction
[02:45:16.647] [bmv2] [T] [thread 160689] [18.0] [cxt 0] Applying table 'MyEgress.egress_encap_vxlan'
[02:45:16.647] [bmv2] [D] [thread 160689] [18.0] [cxt 0] Looking up key:
* standard_metadata.egress_port: 0000

[02:45:16.647] [bmv2] [D] [thread 160689] [18.0] [cxt 0] Table 'MyEgress.egress_encap_vxlan': miss
[02:45:16.647] [bmv2] [D] [thread 160689] [18.0] [cxt 0] Action entry is NoAction - 
[02:45:16.647] [bmv2] [T] [thread 160689] [18.0] [cxt 0] Action NoAction
[02:45:16.647] [bmv2] [D] [thread 160689] [18.0] [cxt 0] Pipeline 'egress': end
[02:45:16.647] [bmv2] [D] [thread 160689] [18.0] [cxt 0] Deparser 'deparser': start
[02:45:16.647] [bmv2] [T] [thread 160689] [18.0] [cxt 0] Skipping checksum 'cksum' update because condition not met
[02:45:16.647] [bmv2] [D] [thread 160689] [18.0] [cxt 0] Deparsing header 'ethernet'
[02:45:16.647] [bmv2] [D] [thread 160689] [18.0] [cxt 0] Deparsing header 'ipv6'
[02:45:16.647] [bmv2] [D] [thread 160689] [18.0] [cxt 0] Deparser 'deparser': end
[02:45:16.648] [bmv2] [D] [thread 160693] [18.0] [cxt 0] Transmitting packet of size 199 out of port 0
[02:45:16.711] [bmv2] [D] [thread 160688] [19.0] [cxt 0] Processing packet received on port 1
[02:45:16.711] [bmv2] [D] [thread 160688] [19.0] [cxt 0] Parser 'parser': start
[02:45:16.711] [bmv2] [D] [thread 160688] [19.0] [cxt 0] Parser 'parser' entering state 'start'
[02:45:16.711] [bmv2] [D] [thread 160688] [19.0] [cxt 0] Extracting header 'ethernet'
[02:45:16.711] [bmv2] [D] [thread 160688] [19.0] [cxt 0] Parser state 'start': key is 86dd
[02:45:16.711] [bmv2] [T] [thread 160688] [19.0] [cxt 0] Bytes parsed: 14
[02:45:16.711] [bmv2] [D] [thread 160688] [19.0] [cxt 0] Parser 'parser' entering state 'parse_ipv6'
[02:45:16.711] [bmv2] [D] [thread 160688] [19.0] [cxt 0] Extracting header 'ipv6'
[02:45:16.711] [bmv2] [D] [thread 160688] [19.0] [cxt 0] Parser state 'parse_ipv6': key is 11
[02:45:16.711] [bmv2] [T] [thread 160688] [19.0] [cxt 0] Bytes parsed: 54
[02:45:16.711] [bmv2] [D] [thread 160688] [19.0] [cxt 0] Parser 'parser': end
[02:45:16.711] [bmv2] [D] [thread 160688] [19.0] [cxt 0] Pipeline 'ingress': start
[02:45:16.711] [bmv2] [T] [thread 160688] [19.0] [cxt 0] basic.p4(565) Condition "hdr.ethernet.etherType == TYPE_ARP" (node_2) is false
[02:45:16.711] [bmv2] [T] [thread 160688] [19.0] [cxt 0] basic.p4(568) Condition "hdr.ethernet.etherType == TYPE_SRCROUTING" (node_4) is false
[02:45:16.711] [bmv2] [T] [thread 160688] [19.0] [cxt 0] basic.p4(581) Condition "hdr.ethernet.etherType == TYPE_YEQUDESU" (node_12) is false
[02:45:16.711] [bmv2] [T] [thread 160688] [19.0] [cxt 0] basic.p4(587) Condition "hdr.vxlan.isValid()" (node_15) is false
[02:45:16.711] [bmv2] [T] [thread 160688] [19.0] [cxt 0] basic.p4(591) Condition "hdr.ipv6.isValid()" (node_17) is true
[02:45:16.711] [bmv2] [T] [thread 160688] [19.0] [cxt 0] Applying table 'MyIngress.ipv6_lpm'
[02:45:16.711] [bmv2] [D] [thread 160688] [19.0] [cxt 0] Looking up key:
* hdr.ipv6.dstAddr    : ff0200000000000000000000000000fb

[02:45:16.711] [bmv2] [D] [thread 160688] [19.0] [cxt 0] Table 'MyIngress.ipv6_lpm': miss
[02:45:16.711] [bmv2] [D] [thread 160688] [19.0] [cxt 0] Action entry is NoAction - 
[02:45:16.711] [bmv2] [T] [thread 160688] [19.0] [cxt 0] Action NoAction
[02:45:16.711] [bmv2] [D] [thread 160688] [19.0] [cxt 0] Pipeline 'ingress': end
[02:45:16.711] [bmv2] [D] [thread 160688] [19.0] [cxt 0] Egress port is 0
[02:45:16.711] [bmv2] [D] [thread 160689] [19.0] [cxt 0] Pipeline 'egress': start
[02:45:16.711] [bmv2] [T] [thread 160689] [19.0] [cxt 0] Applying table 'MyEgress.egress_encap_ipv6'
[02:45:16.711] [bmv2] [D] [thread 160689] [19.0] [cxt 0] Looking up key:
* standard_metadata.egress_port: 0000

[02:45:16.711] [bmv2] [D] [thread 160689] [19.0] [cxt 0] Table 'MyEgress.egress_encap_ipv6': miss
[02:45:16.711] [bmv2] [D] [thread 160689] [19.0] [cxt 0] Action entry is NoAction - 
[02:45:16.711] [bmv2] [T] [thread 160689] [19.0] [cxt 0] Action NoAction
[02:45:16.711] [bmv2] [T] [thread 160689] [19.0] [cxt 0] Applying table 'MyEgress.egress_encap_yequdesu'
[02:45:16.711] [bmv2] [D] [thread 160689] [19.0] [cxt 0] Looking up key:
* standard_metadata.egress_port: 0000

[02:45:16.711] [bmv2] [D] [thread 160689] [19.0] [cxt 0] Table 'MyEgress.egress_encap_yequdesu': miss
[02:45:16.711] [bmv2] [D] [thread 160689] [19.0] [cxt 0] Action entry is NoAction - 
[02:45:16.711] [bmv2] [T] [thread 160689] [19.0] [cxt 0] Action NoAction
[02:45:16.711] [bmv2] [T] [thread 160689] [19.0] [cxt 0] Applying table 'MyEgress.egress_encap_vxlan'
[02:45:16.711] [bmv2] [D] [thread 160689] [19.0] [cxt 0] Looking up key:
* standard_metadata.egress_port: 0000

[02:45:16.711] [bmv2] [D] [thread 160689] [19.0] [cxt 0] Table 'MyEgress.egress_encap_vxlan': miss
[02:45:16.711] [bmv2] [D] [thread 160689] [19.0] [cxt 0] Action entry is NoAction - 
[02:45:16.711] [bmv2] [T] [thread 160689] [19.0] [cxt 0] Action NoAction
[02:45:16.711] [bmv2] [D] [thread 160689] [19.0] [cxt 0] Pipeline 'egress': end
[02:45:16.711] [bmv2] [D] [thread 160689] [19.0] [cxt 0] Deparser 'deparser': start
[02:45:16.711] [bmv2] [T] [thread 160689] [19.0] [cxt 0] Skipping checksum 'cksum' update because condition not met
[02:45:16.711] [bmv2] [D] [thread 160689] [19.0] [cxt 0] Deparsing header 'ethernet'
[02:45:16.711] [bmv2] [D] [thread 160689] [19.0] [cxt 0] Deparsing header 'ipv6'
[02:45:16.711] [bmv2] [D] [thread 160689] [19.0] [cxt 0] Deparser 'deparser': end
[02:45:16.711] [bmv2] [D] [thread 160693] [19.0] [cxt 0] Transmitting packet of size 199 out of port 0
[02:45:17.031] [bmv2] [D] [thread 160688] [20.0] [cxt 0] Processing packet received on port 2
[02:45:17.031] [bmv2] [D] [thread 160688] [20.0] [cxt 0] Parser 'parser': start
[02:45:17.031] [bmv2] [D] [thread 160688] [20.0] [cxt 0] Parser 'parser' entering state 'start'
[02:45:17.031] [bmv2] [D] [thread 160688] [20.0] [cxt 0] Extracting header 'ethernet'
[02:45:17.031] [bmv2] [D] [thread 160688] [20.0] [cxt 0] Parser state 'start': key is 86dd
[02:45:17.031] [bmv2] [T] [thread 160688] [20.0] [cxt 0] Bytes parsed: 14
[02:45:17.031] [bmv2] [D] [thread 160688] [20.0] [cxt 0] Parser 'parser' entering state 'parse_ipv6'
[02:45:17.031] [bmv2] [D] [thread 160688] [20.0] [cxt 0] Extracting header 'ipv6'
[02:45:17.031] [bmv2] [D] [thread 160688] [20.0] [cxt 0] Parser state 'parse_ipv6': key is 11
[02:45:17.031] [bmv2] [T] [thread 160688] [20.0] [cxt 0] Bytes parsed: 54
[02:45:17.031] [bmv2] [D] [thread 160688] [20.0] [cxt 0] Parser 'parser': end
[02:45:17.031] [bmv2] [D] [thread 160688] [20.0] [cxt 0] Pipeline 'ingress': start
[02:45:17.031] [bmv2] [T] [thread 160688] [20.0] [cxt 0] basic.p4(565) Condition "hdr.ethernet.etherType == TYPE_ARP" (node_2) is false
[02:45:17.031] [bmv2] [T] [thread 160688] [20.0] [cxt 0] basic.p4(568) Condition "hdr.ethernet.etherType == TYPE_SRCROUTING" (node_4) is false
[02:45:17.031] [bmv2] [T] [thread 160688] [20.0] [cxt 0] basic.p4(581) Condition "hdr.ethernet.etherType == TYPE_YEQUDESU" (node_12) is false
[02:45:17.031] [bmv2] [T] [thread 160688] [20.0] [cxt 0] basic.p4(587) Condition "hdr.vxlan.isValid()" (node_15) is false
[02:45:17.031] [bmv2] [T] [thread 160688] [20.0] [cxt 0] basic.p4(591) Condition "hdr.ipv6.isValid()" (node_17) is true
[02:45:17.031] [bmv2] [T] [thread 160688] [20.0] [cxt 0] Applying table 'MyIngress.ipv6_lpm'
[02:45:17.031] [bmv2] [D] [thread 160688] [20.0] [cxt 0] Looking up key:
* hdr.ipv6.dstAddr    : ff0200000000000000000000000000fb

[02:45:17.031] [bmv2] [D] [thread 160688] [20.0] [cxt 0] Table 'MyIngress.ipv6_lpm': miss
[02:45:17.031] [bmv2] [D] [thread 160688] [20.0] [cxt 0] Action entry is NoAction - 
[02:45:17.031] [bmv2] [T] [thread 160688] [20.0] [cxt 0] Action NoAction
[02:45:17.031] [bmv2] [D] [thread 160688] [20.0] [cxt 0] Pipeline 'ingress': end
[02:45:17.031] [bmv2] [D] [thread 160688] [20.0] [cxt 0] Egress port is 0
[02:45:17.031] [bmv2] [D] [thread 160689] [20.0] [cxt 0] Pipeline 'egress': start
[02:45:17.031] [bmv2] [T] [thread 160689] [20.0] [cxt 0] Applying table 'MyEgress.egress_encap_ipv6'
[02:45:17.031] [bmv2] [D] [thread 160689] [20.0] [cxt 0] Looking up key:
* standard_metadata.egress_port: 0000

[02:45:17.031] [bmv2] [D] [thread 160689] [20.0] [cxt 0] Table 'MyEgress.egress_encap_ipv6': miss
[02:45:17.031] [bmv2] [D] [thread 160689] [20.0] [cxt 0] Action entry is NoAction - 
[02:45:17.031] [bmv2] [T] [thread 160689] [20.0] [cxt 0] Action NoAction
[02:45:17.031] [bmv2] [T] [thread 160689] [20.0] [cxt 0] Applying table 'MyEgress.egress_encap_yequdesu'
[02:45:17.031] [bmv2] [D] [thread 160689] [20.0] [cxt 0] Looking up key:
* standard_metadata.egress_port: 0000

[02:45:17.031] [bmv2] [D] [thread 160689] [20.0] [cxt 0] Table 'MyEgress.egress_encap_yequdesu': miss
[02:45:17.031] [bmv2] [D] [thread 160689] [20.0] [cxt 0] Action entry is NoAction - 
[02:45:17.031] [bmv2] [T] [thread 160689] [20.0] [cxt 0] Action NoAction
[02:45:17.031] [bmv2] [T] [thread 160689] [20.0] [cxt 0] Applying table 'MyEgress.egress_encap_vxlan'
[02:45:17.031] [bmv2] [D] [thread 160689] [20.0] [cxt 0] Looking up key:
* standard_metadata.egress_port: 0000

[02:45:17.031] [bmv2] [D] [thread 160689] [20.0] [cxt 0] Table 'MyEgress.egress_encap_vxlan': miss
[02:45:17.031] [bmv2] [D] [thread 160689] [20.0] [cxt 0] Action entry is NoAction - 
[02:45:17.031] [bmv2] [T] [thread 160689] [20.0] [cxt 0] Action NoAction
[02:45:17.031] [bmv2] [D] [thread 160689] [20.0] [cxt 0] Pipeline 'egress': end
[02:45:17.031] [bmv2] [D] [thread 160689] [20.0] [cxt 0] Deparser 'deparser': start
[02:45:17.031] [bmv2] [T] [thread 160689] [20.0] [cxt 0] Skipping checksum 'cksum' update because condition not met
[02:45:17.031] [bmv2] [D] [thread 160689] [20.0] [cxt 0] Deparsing header 'ethernet'
[02:45:17.031] [bmv2] [D] [thread 160689] [20.0] [cxt 0] Deparsing header 'ipv6'
[02:45:17.031] [bmv2] [D] [thread 160689] [20.0] [cxt 0] Deparser 'deparser': end
[02:45:17.031] [bmv2] [D] [thread 160693] [20.0] [cxt 0] Transmitting packet of size 199 out of port 0
[02:45:17.094] [bmv2] [D] [thread 160688] [21.0] [cxt 0] Processing packet received on port 2
[02:45:17.094] [bmv2] [D] [thread 160688] [21.0] [cxt 0] Parser 'parser': start
[02:45:17.095] [bmv2] [D] [thread 160688] [21.0] [cxt 0] Parser 'parser' entering state 'start'
[02:45:17.095] [bmv2] [D] [thread 160688] [21.0] [cxt 0] Extracting header 'ethernet'
[02:45:17.095] [bmv2] [D] [thread 160688] [21.0] [cxt 0] Parser state 'start': key is 86dd
[02:45:17.095] [bmv2] [T] [thread 160688] [21.0] [cxt 0] Bytes parsed: 14
[02:45:17.095] [bmv2] [D] [thread 160688] [21.0] [cxt 0] Parser 'parser' entering state 'parse_ipv6'
[02:45:17.095] [bmv2] [D] [thread 160688] [21.0] [cxt 0] Extracting header 'ipv6'
[02:45:17.095] [bmv2] [D] [thread 160688] [21.0] [cxt 0] Parser state 'parse_ipv6': key is 11
[02:45:17.095] [bmv2] [T] [thread 160688] [21.0] [cxt 0] Bytes parsed: 54
[02:45:17.095] [bmv2] [D] [thread 160688] [21.0] [cxt 0] Parser 'parser': end
[02:45:17.095] [bmv2] [D] [thread 160688] [21.0] [cxt 0] Pipeline 'ingress': start
[02:45:17.095] [bmv2] [T] [thread 160688] [21.0] [cxt 0] basic.p4(565) Condition "hdr.ethernet.etherType == TYPE_ARP" (node_2) is false
[02:45:17.095] [bmv2] [T] [thread 160688] [21.0] [cxt 0] basic.p4(568) Condition "hdr.ethernet.etherType == TYPE_SRCROUTING" (node_4) is false
[02:45:17.095] [bmv2] [T] [thread 160688] [21.0] [cxt 0] basic.p4(581) Condition "hdr.ethernet.etherType == TYPE_YEQUDESU" (node_12) is false
[02:45:17.095] [bmv2] [T] [thread 160688] [21.0] [cxt 0] basic.p4(587) Condition "hdr.vxlan.isValid()" (node_15) is false
[02:45:17.095] [bmv2] [T] [thread 160688] [21.0] [cxt 0] basic.p4(591) Condition "hdr.ipv6.isValid()" (node_17) is true
[02:45:17.095] [bmv2] [T] [thread 160688] [21.0] [cxt 0] Applying table 'MyIngress.ipv6_lpm'
[02:45:17.095] [bmv2] [D] [thread 160688] [21.0] [cxt 0] Looking up key:
* hdr.ipv6.dstAddr    : ff0200000000000000000000000000fb

[02:45:17.095] [bmv2] [D] [thread 160688] [21.0] [cxt 0] Table 'MyIngress.ipv6_lpm': miss
[02:45:17.095] [bmv2] [D] [thread 160688] [21.0] [cxt 0] Action entry is NoAction - 
[02:45:17.095] [bmv2] [T] [thread 160688] [21.0] [cxt 0] Action NoAction
[02:45:17.095] [bmv2] [D] [thread 160688] [21.0] [cxt 0] Pipeline 'ingress': end
[02:45:17.095] [bmv2] [D] [thread 160688] [21.0] [cxt 0] Egress port is 0
[02:45:17.095] [bmv2] [D] [thread 160689] [21.0] [cxt 0] Pipeline 'egress': start
[02:45:17.095] [bmv2] [T] [thread 160689] [21.0] [cxt 0] Applying table 'MyEgress.egress_encap_ipv6'
[02:45:17.095] [bmv2] [D] [thread 160689] [21.0] [cxt 0] Looking up key:
* standard_metadata.egress_port: 0000

[02:45:17.095] [bmv2] [D] [thread 160689] [21.0] [cxt 0] Table 'MyEgress.egress_encap_ipv6': miss
[02:45:17.095] [bmv2] [D] [thread 160689] [21.0] [cxt 0] Action entry is NoAction - 
[02:45:17.095] [bmv2] [T] [thread 160689] [21.0] [cxt 0] Action NoAction
[02:45:17.095] [bmv2] [T] [thread 160689] [21.0] [cxt 0] Applying table 'MyEgress.egress_encap_yequdesu'
[02:45:17.095] [bmv2] [D] [thread 160689] [21.0] [cxt 0] Looking up key:
* standard_metadata.egress_port: 0000

[02:45:17.095] [bmv2] [D] [thread 160689] [21.0] [cxt 0] Table 'MyEgress.egress_encap_yequdesu': miss
[02:45:17.095] [bmv2] [D] [thread 160689] [21.0] [cxt 0] Action entry is NoAction - 
[02:45:17.095] [bmv2] [T] [thread 160689] [21.0] [cxt 0] Action NoAction
[02:45:17.095] [bmv2] [T] [thread 160689] [21.0] [cxt 0] Applying table 'MyEgress.egress_encap_vxlan'
[02:45:17.095] [bmv2] [D] [thread 160689] [21.0] [cxt 0] Looking up key:
* standard_metadata.egress_port: 0000

[02:45:17.095] [bmv2] [D] [thread 160689] [21.0] [cxt 0] Table 'MyEgress.egress_encap_vxlan': miss
[02:45:17.095] [bmv2] [D] [thread 160689] [21.0] [cxt 0] Action entry is NoAction - 
[02:45:17.095] [bmv2] [T] [thread 160689] [21.0] [cxt 0] Action NoAction
[02:45:17.095] [bmv2] [D] [thread 160689] [21.0] [cxt 0] Pipeline 'egress': end
[02:45:17.095] [bmv2] [D] [thread 160689] [21.0] [cxt 0] Deparser 'deparser': start
[02:45:17.095] [bmv2] [T] [thread 160689] [21.0] [cxt 0] Skipping checksum 'cksum' update because condition not met
[02:45:17.095] [bmv2] [D] [thread 160689] [21.0] [cxt 0] Deparsing header 'ethernet'
[02:45:17.095] [bmv2] [D] [thread 160689] [21.0] [cxt 0] Deparsing header 'ipv6'
[02:45:17.095] [bmv2] [D] [thread 160689] [21.0] [cxt 0] Deparser 'deparser': end
[02:45:17.095] [bmv2] [D] [thread 160693] [21.0] [cxt 0] Transmitting packet of size 199 out of port 0
[02:45:17.551] [bmv2] [D] [thread 160688] [22.0] [cxt 0] Processing packet received on port 1
[02:45:17.551] [bmv2] [D] [thread 160688] [22.0] [cxt 0] Parser 'parser': start
[02:45:17.551] [bmv2] [D] [thread 160688] [22.0] [cxt 0] Parser 'parser' entering state 'start'
[02:45:17.551] [bmv2] [D] [thread 160688] [22.0] [cxt 0] Extracting header 'ethernet'
[02:45:17.551] [bmv2] [D] [thread 160688] [22.0] [cxt 0] Parser state 'start': key is 86dd
[02:45:17.551] [bmv2] [T] [thread 160688] [22.0] [cxt 0] Bytes parsed: 14
[02:45:17.551] [bmv2] [D] [thread 160688] [22.0] [cxt 0] Parser 'parser' entering state 'parse_ipv6'
[02:45:17.551] [bmv2] [D] [thread 160688] [22.0] [cxt 0] Extracting header 'ipv6'
[02:45:17.551] [bmv2] [D] [thread 160688] [22.0] [cxt 0] Parser state 'parse_ipv6': key is 11
[02:45:17.551] [bmv2] [T] [thread 160688] [22.0] [cxt 0] Bytes parsed: 54
[02:45:17.551] [bmv2] [D] [thread 160688] [22.0] [cxt 0] Parser 'parser': end
[02:45:17.551] [bmv2] [D] [thread 160688] [22.0] [cxt 0] Pipeline 'ingress': start
[02:45:17.551] [bmv2] [T] [thread 160688] [22.0] [cxt 0] basic.p4(565) Condition "hdr.ethernet.etherType == TYPE_ARP" (node_2) is false
[02:45:17.551] [bmv2] [T] [thread 160688] [22.0] [cxt 0] basic.p4(568) Condition "hdr.ethernet.etherType == TYPE_SRCROUTING" (node_4) is false
[02:45:17.551] [bmv2] [T] [thread 160688] [22.0] [cxt 0] basic.p4(581) Condition "hdr.ethernet.etherType == TYPE_YEQUDESU" (node_12) is false
[02:45:17.551] [bmv2] [T] [thread 160688] [22.0] [cxt 0] basic.p4(587) Condition "hdr.vxlan.isValid()" (node_15) is false
[02:45:17.551] [bmv2] [T] [thread 160688] [22.0] [cxt 0] basic.p4(591) Condition "hdr.ipv6.isValid()" (node_17) is true
[02:45:17.551] [bmv2] [T] [thread 160688] [22.0] [cxt 0] Applying table 'MyIngress.ipv6_lpm'
[02:45:17.551] [bmv2] [D] [thread 160688] [22.0] [cxt 0] Looking up key:
* hdr.ipv6.dstAddr    : ff0200000000000000000000000000fb

[02:45:17.551] [bmv2] [D] [thread 160688] [22.0] [cxt 0] Table 'MyIngress.ipv6_lpm': miss
[02:45:17.551] [bmv2] [D] [thread 160688] [22.0] [cxt 0] Action entry is NoAction - 
[02:45:17.551] [bmv2] [T] [thread 160688] [22.0] [cxt 0] Action NoAction
[02:45:17.551] [bmv2] [D] [thread 160688] [22.0] [cxt 0] Pipeline 'ingress': end
[02:45:17.551] [bmv2] [D] [thread 160688] [22.0] [cxt 0] Egress port is 0
[02:45:17.552] [bmv2] [D] [thread 160689] [22.0] [cxt 0] Pipeline 'egress': start
[02:45:17.552] [bmv2] [T] [thread 160689] [22.0] [cxt 0] Applying table 'MyEgress.egress_encap_ipv6'
[02:45:17.552] [bmv2] [D] [thread 160689] [22.0] [cxt 0] Looking up key:
* standard_metadata.egress_port: 0000

[02:45:17.552] [bmv2] [D] [thread 160689] [22.0] [cxt 0] Table 'MyEgress.egress_encap_ipv6': miss
[02:45:17.552] [bmv2] [D] [thread 160689] [22.0] [cxt 0] Action entry is NoAction - 
[02:45:17.552] [bmv2] [T] [thread 160689] [22.0] [cxt 0] Action NoAction
[02:45:17.552] [bmv2] [T] [thread 160689] [22.0] [cxt 0] Applying table 'MyEgress.egress_encap_yequdesu'
[02:45:17.552] [bmv2] [D] [thread 160689] [22.0] [cxt 0] Looking up key:
* standard_metadata.egress_port: 0000

[02:45:17.552] [bmv2] [D] [thread 160689] [22.0] [cxt 0] Table 'MyEgress.egress_encap_yequdesu': miss
[02:45:17.552] [bmv2] [D] [thread 160689] [22.0] [cxt 0] Action entry is NoAction - 
[02:45:17.552] [bmv2] [T] [thread 160689] [22.0] [cxt 0] Action NoAction
[02:45:17.552] [bmv2] [T] [thread 160689] [22.0] [cxt 0] Applying table 'MyEgress.egress_encap_vxlan'
[02:45:17.552] [bmv2] [D] [thread 160689] [22.0] [cxt 0] Looking up key:
* standard_metadata.egress_port: 0000

[02:45:17.552] [bmv2] [D] [thread 160689] [22.0] [cxt 0] Table 'MyEgress.egress_encap_vxlan': miss
[02:45:17.552] [bmv2] [D] [thread 160689] [22.0] [cxt 0] Action entry is NoAction - 
[02:45:17.552] [bmv2] [T] [thread 160689] [22.0] [cxt 0] Action NoAction
[02:45:17.552] [bmv2] [D] [thread 160689] [22.0] [cxt 0] Pipeline 'egress': end
[02:45:17.552] [bmv2] [D] [thread 160689] [22.0] [cxt 0] Deparser 'deparser': start
[02:45:17.552] [bmv2] [T] [thread 160689] [22.0] [cxt 0] Skipping checksum 'cksum' update because condition not met
[02:45:17.552] [bmv2] [D] [thread 160689] [22.0] [cxt 0] Deparsing header 'ethernet'
[02:45:17.552] [bmv2] [D] [thread 160689] [22.0] [cxt 0] Deparsing header 'ipv6'
[02:45:17.552] [bmv2] [D] [thread 160689] [22.0] [cxt 0] Deparser 'deparser': end
[02:45:17.552] [bmv2] [D] [thread 160693] [22.0] [cxt 0] Transmitting packet of size 203 out of port 0
[02:45:17.934] [bmv2] [D] [thread 160688] [23.0] [cxt 0] Processing packet received on port 2
[02:45:17.934] [bmv2] [D] [thread 160688] [23.0] [cxt 0] Parser 'parser': start
[02:45:17.934] [bmv2] [D] [thread 160688] [23.0] [cxt 0] Parser 'parser' entering state 'start'
[02:45:17.934] [bmv2] [D] [thread 160688] [23.0] [cxt 0] Extracting header 'ethernet'
[02:45:17.934] [bmv2] [D] [thread 160688] [23.0] [cxt 0] Parser state 'start': key is 86dd
[02:45:17.934] [bmv2] [T] [thread 160688] [23.0] [cxt 0] Bytes parsed: 14
[02:45:17.934] [bmv2] [D] [thread 160688] [23.0] [cxt 0] Parser 'parser' entering state 'parse_ipv6'
[02:45:17.934] [bmv2] [D] [thread 160688] [23.0] [cxt 0] Extracting header 'ipv6'
[02:45:17.934] [bmv2] [D] [thread 160688] [23.0] [cxt 0] Parser state 'parse_ipv6': key is 11
[02:45:17.934] [bmv2] [T] [thread 160688] [23.0] [cxt 0] Bytes parsed: 54
[02:45:17.934] [bmv2] [D] [thread 160688] [23.0] [cxt 0] Parser 'parser': end
[02:45:17.934] [bmv2] [D] [thread 160688] [23.0] [cxt 0] Pipeline 'ingress': start
[02:45:17.934] [bmv2] [T] [thread 160688] [23.0] [cxt 0] basic.p4(565) Condition "hdr.ethernet.etherType == TYPE_ARP" (node_2) is false
[02:45:17.934] [bmv2] [T] [thread 160688] [23.0] [cxt 0] basic.p4(568) Condition "hdr.ethernet.etherType == TYPE_SRCROUTING" (node_4) is false
[02:45:17.934] [bmv2] [T] [thread 160688] [23.0] [cxt 0] basic.p4(581) Condition "hdr.ethernet.etherType == TYPE_YEQUDESU" (node_12) is false
[02:45:17.934] [bmv2] [T] [thread 160688] [23.0] [cxt 0] basic.p4(587) Condition "hdr.vxlan.isValid()" (node_15) is false
[02:45:17.934] [bmv2] [T] [thread 160688] [23.0] [cxt 0] basic.p4(591) Condition "hdr.ipv6.isValid()" (node_17) is true
[02:45:17.934] [bmv2] [T] [thread 160688] [23.0] [cxt 0] Applying table 'MyIngress.ipv6_lpm'
[02:45:17.934] [bmv2] [D] [thread 160688] [23.0] [cxt 0] Looking up key:
* hdr.ipv6.dstAddr    : ff0200000000000000000000000000fb

[02:45:17.934] [bmv2] [D] [thread 160688] [23.0] [cxt 0] Table 'MyIngress.ipv6_lpm': miss
[02:45:17.934] [bmv2] [D] [thread 160688] [23.0] [cxt 0] Action entry is NoAction - 
[02:45:17.934] [bmv2] [T] [thread 160688] [23.0] [cxt 0] Action NoAction
[02:45:17.934] [bmv2] [D] [thread 160688] [23.0] [cxt 0] Pipeline 'ingress': end
[02:45:17.934] [bmv2] [D] [thread 160688] [23.0] [cxt 0] Egress port is 0
[02:45:17.935] [bmv2] [D] [thread 160689] [23.0] [cxt 0] Pipeline 'egress': start
[02:45:17.935] [bmv2] [T] [thread 160689] [23.0] [cxt 0] Applying table 'MyEgress.egress_encap_ipv6'
[02:45:17.935] [bmv2] [D] [thread 160689] [23.0] [cxt 0] Looking up key:
* standard_metadata.egress_port: 0000

[02:45:17.935] [bmv2] [D] [thread 160689] [23.0] [cxt 0] Table 'MyEgress.egress_encap_ipv6': miss
[02:45:17.935] [bmv2] [D] [thread 160689] [23.0] [cxt 0] Action entry is NoAction - 
[02:45:17.935] [bmv2] [T] [thread 160689] [23.0] [cxt 0] Action NoAction
[02:45:17.935] [bmv2] [T] [thread 160689] [23.0] [cxt 0] Applying table 'MyEgress.egress_encap_yequdesu'
[02:45:17.935] [bmv2] [D] [thread 160689] [23.0] [cxt 0] Looking up key:
* standard_metadata.egress_port: 0000

[02:45:17.935] [bmv2] [D] [thread 160689] [23.0] [cxt 0] Table 'MyEgress.egress_encap_yequdesu': miss
[02:45:17.935] [bmv2] [D] [thread 160689] [23.0] [cxt 0] Action entry is NoAction - 
[02:45:17.935] [bmv2] [T] [thread 160689] [23.0] [cxt 0] Action NoAction
[02:45:17.935] [bmv2] [T] [thread 160689] [23.0] [cxt 0] Applying table 'MyEgress.egress_encap_vxlan'
[02:45:17.935] [bmv2] [D] [thread 160689] [23.0] [cxt 0] Looking up key:
* standard_metadata.egress_port: 0000

[02:45:17.935] [bmv2] [D] [thread 160689] [23.0] [cxt 0] Table 'MyEgress.egress_encap_vxlan': miss
[02:45:17.935] [bmv2] [D] [thread 160689] [23.0] [cxt 0] Action entry is NoAction - 
[02:45:17.935] [bmv2] [T] [thread 160689] [23.0] [cxt 0] Action NoAction
[02:45:17.935] [bmv2] [D] [thread 160689] [23.0] [cxt 0] Pipeline 'egress': end
[02:45:17.935] [bmv2] [D] [thread 160689] [23.0] [cxt 0] Deparser 'deparser': start
[02:45:17.935] [bmv2] [T] [thread 160689] [23.0] [cxt 0] Skipping checksum 'cksum' update because condition not met
[02:45:17.935] [bmv2] [D] [thread 160689] [23.0] [cxt 0] Deparsing header 'ethernet'
[02:45:17.935] [bmv2] [D] [thread 160689] [23.0] [cxt 0] Deparsing header 'ipv6'
[02:45:17.935] [bmv2] [D] [thread 160689] [23.0] [cxt 0] Deparser 'deparser': end
[02:45:17.935] [bmv2] [D] [thread 160693] [23.0] [cxt 0] Transmitting packet of size 203 out of port 0
[02:45:18.221] [bmv2] [D] [thread 160688] [24.0] [cxt 0] Processing packet received on port 1
[02:45:18.221] [bmv2] [D] [thread 160688] [24.0] [cxt 0] Parser 'parser': start
[02:45:18.221] [bmv2] [D] [thread 160688] [24.0] [cxt 0] Parser 'parser' entering state 'start'
[02:45:18.221] [bmv2] [D] [thread 160688] [24.0] [cxt 0] Extracting header 'ethernet'
[02:45:18.221] [bmv2] [D] [thread 160688] [24.0] [cxt 0] Parser state 'start': key is 86dd
[02:45:18.221] [bmv2] [T] [thread 160688] [24.0] [cxt 0] Bytes parsed: 14
[02:45:18.221] [bmv2] [D] [thread 160688] [24.0] [cxt 0] Parser 'parser' entering state 'parse_ipv6'
[02:45:18.221] [bmv2] [D] [thread 160688] [24.0] [cxt 0] Extracting header 'ipv6'
[02:45:18.221] [bmv2] [D] [thread 160688] [24.0] [cxt 0] Parser state 'parse_ipv6': key is 3a
[02:45:18.221] [bmv2] [T] [thread 160688] [24.0] [cxt 0] Bytes parsed: 54
[02:45:18.221] [bmv2] [D] [thread 160688] [24.0] [cxt 0] Parser 'parser': end
[02:45:18.221] [bmv2] [D] [thread 160688] [24.0] [cxt 0] Pipeline 'ingress': start
[02:45:18.221] [bmv2] [T] [thread 160688] [24.0] [cxt 0] basic.p4(565) Condition "hdr.ethernet.etherType == TYPE_ARP" (node_2) is false
[02:45:18.221] [bmv2] [T] [thread 160688] [24.0] [cxt 0] basic.p4(568) Condition "hdr.ethernet.etherType == TYPE_SRCROUTING" (node_4) is false
[02:45:18.221] [bmv2] [T] [thread 160688] [24.0] [cxt 0] basic.p4(581) Condition "hdr.ethernet.etherType == TYPE_YEQUDESU" (node_12) is false
[02:45:18.221] [bmv2] [T] [thread 160688] [24.0] [cxt 0] basic.p4(587) Condition "hdr.vxlan.isValid()" (node_15) is false
[02:45:18.221] [bmv2] [T] [thread 160688] [24.0] [cxt 0] basic.p4(591) Condition "hdr.ipv6.isValid()" (node_17) is true
[02:45:18.221] [bmv2] [T] [thread 160688] [24.0] [cxt 0] Applying table 'MyIngress.ipv6_lpm'
[02:45:18.221] [bmv2] [D] [thread 160688] [24.0] [cxt 0] Looking up key:
* hdr.ipv6.dstAddr    : ff020000000000000000000000000002

[02:45:18.221] [bmv2] [D] [thread 160688] [24.0] [cxt 0] Table 'MyIngress.ipv6_lpm': miss
[02:45:18.221] [bmv2] [D] [thread 160688] [24.0] [cxt 0] Action entry is NoAction - 
[02:45:18.221] [bmv2] [T] [thread 160688] [24.0] [cxt 0] Action NoAction
[02:45:18.221] [bmv2] [D] [thread 160688] [24.0] [cxt 0] Pipeline 'ingress': end
[02:45:18.221] [bmv2] [D] [thread 160688] [24.0] [cxt 0] Egress port is 0
[02:45:18.222] [bmv2] [D] [thread 160689] [24.0] [cxt 0] Pipeline 'egress': start
[02:45:18.222] [bmv2] [T] [thread 160689] [24.0] [cxt 0] Applying table 'MyEgress.egress_encap_ipv6'
[02:45:18.222] [bmv2] [D] [thread 160689] [24.0] [cxt 0] Looking up key:
* standard_metadata.egress_port: 0000

[02:45:18.222] [bmv2] [D] [thread 160689] [24.0] [cxt 0] Table 'MyEgress.egress_encap_ipv6': miss
[02:45:18.222] [bmv2] [D] [thread 160689] [24.0] [cxt 0] Action entry is NoAction - 
[02:45:18.222] [bmv2] [T] [thread 160689] [24.0] [cxt 0] Action NoAction
[02:45:18.222] [bmv2] [T] [thread 160689] [24.0] [cxt 0] Applying table 'MyEgress.egress_encap_yequdesu'
[02:45:18.222] [bmv2] [D] [thread 160689] [24.0] [cxt 0] Looking up key:
* standard_metadata.egress_port: 0000

[02:45:18.222] [bmv2] [D] [thread 160689] [24.0] [cxt 0] Table 'MyEgress.egress_encap_yequdesu': miss
[02:45:18.222] [bmv2] [D] [thread 160689] [24.0] [cxt 0] Action entry is NoAction - 
[02:45:18.222] [bmv2] [T] [thread 160689] [24.0] [cxt 0] Action NoAction
[02:45:18.222] [bmv2] [T] [thread 160689] [24.0] [cxt 0] Applying table 'MyEgress.egress_encap_vxlan'
[02:45:18.222] [bmv2] [D] [thread 160689] [24.0] [cxt 0] Looking up key:
* standard_metadata.egress_port: 0000

[02:45:18.222] [bmv2] [D] [thread 160689] [24.0] [cxt 0] Table 'MyEgress.egress_encap_vxlan': miss
[02:45:18.222] [bmv2] [D] [thread 160689] [24.0] [cxt 0] Action entry is NoAction - 
[02:45:18.222] [bmv2] [T] [thread 160689] [24.0] [cxt 0] Action NoAction
[02:45:18.222] [bmv2] [D] [thread 160689] [24.0] [cxt 0] Pipeline 'egress': end
[02:45:18.222] [bmv2] [D] [thread 160689] [24.0] [cxt 0] Deparser 'deparser': start
[02:45:18.222] [bmv2] [T] [thread 160689] [24.0] [cxt 0] Skipping checksum 'cksum' update because condition not met
[02:45:18.222] [bmv2] [D] [thread 160689] [24.0] [cxt 0] Deparsing header 'ethernet'
[02:45:18.222] [bmv2] [D] [thread 160689] [24.0] [cxt 0] Deparsing header 'ipv6'
[02:45:18.222] [bmv2] [D] [thread 160689] [24.0] [cxt 0] Deparser 'deparser': end
[02:45:18.222] [bmv2] [D] [thread 160693] [24.0] [cxt 0] Transmitting packet of size 70 out of port 0
[02:45:18.414] [bmv2] [D] [thread 160688] [25.0] [cxt 0] Processing packet received on port 1
[02:45:18.414] [bmv2] [D] [thread 160688] [25.0] [cxt 0] Parser 'parser': start
[02:45:18.414] [bmv2] [D] [thread 160688] [25.0] [cxt 0] Parser 'parser' entering state 'start'
[02:45:18.414] [bmv2] [D] [thread 160688] [25.0] [cxt 0] Extracting header 'ethernet'
[02:45:18.414] [bmv2] [D] [thread 160688] [25.0] [cxt 0] Parser state 'start': key is 86dd
[02:45:18.414] [bmv2] [T] [thread 160688] [25.0] [cxt 0] Bytes parsed: 14
[02:45:18.414] [bmv2] [D] [thread 160688] [25.0] [cxt 0] Parser 'parser' entering state 'parse_ipv6'
[02:45:18.414] [bmv2] [D] [thread 160688] [25.0] [cxt 0] Extracting header 'ipv6'
[02:45:18.414] [bmv2] [D] [thread 160688] [25.0] [cxt 0] Parser state 'parse_ipv6': key is 3a
[02:45:18.414] [bmv2] [T] [thread 160688] [25.0] [cxt 0] Bytes parsed: 54
[02:45:18.414] [bmv2] [D] [thread 160688] [25.0] [cxt 0] Parser 'parser': end
[02:45:18.414] [bmv2] [D] [thread 160688] [25.0] [cxt 0] Pipeline 'ingress': start
[02:45:18.414] [bmv2] [T] [thread 160688] [25.0] [cxt 0] basic.p4(565) Condition "hdr.ethernet.etherType == TYPE_ARP" (node_2) is false
[02:45:18.414] [bmv2] [T] [thread 160688] [25.0] [cxt 0] basic.p4(568) Condition "hdr.ethernet.etherType == TYPE_SRCROUTING" (node_4) is false
[02:45:18.414] [bmv2] [T] [thread 160688] [25.0] [cxt 0] basic.p4(581) Condition "hdr.ethernet.etherType == TYPE_YEQUDESU" (node_12) is false
[02:45:18.414] [bmv2] [T] [thread 160688] [25.0] [cxt 0] basic.p4(587) Condition "hdr.vxlan.isValid()" (node_15) is false
[02:45:18.414] [bmv2] [T] [thread 160688] [25.0] [cxt 0] basic.p4(591) Condition "hdr.ipv6.isValid()" (node_17) is true
[02:45:18.414] [bmv2] [T] [thread 160688] [25.0] [cxt 0] Applying table 'MyIngress.ipv6_lpm'
[02:45:18.414] [bmv2] [D] [thread 160688] [25.0] [cxt 0] Looking up key:
* hdr.ipv6.dstAddr    : ff020000000000000000000000000002

[02:45:18.414] [bmv2] [D] [thread 160688] [25.0] [cxt 0] Table 'MyIngress.ipv6_lpm': miss
[02:45:18.414] [bmv2] [D] [thread 160688] [25.0] [cxt 0] Action entry is NoAction - 
[02:45:18.414] [bmv2] [T] [thread 160688] [25.0] [cxt 0] Action NoAction
[02:45:18.414] [bmv2] [D] [thread 160688] [25.0] [cxt 0] Pipeline 'ingress': end
[02:45:18.414] [bmv2] [D] [thread 160688] [25.0] [cxt 0] Egress port is 0
[02:45:18.414] [bmv2] [D] [thread 160689] [25.0] [cxt 0] Pipeline 'egress': start
[02:45:18.414] [bmv2] [T] [thread 160689] [25.0] [cxt 0] Applying table 'MyEgress.egress_encap_ipv6'
[02:45:18.414] [bmv2] [D] [thread 160689] [25.0] [cxt 0] Looking up key:
* standard_metadata.egress_port: 0000

[02:45:18.414] [bmv2] [D] [thread 160689] [25.0] [cxt 0] Table 'MyEgress.egress_encap_ipv6': miss
[02:45:18.414] [bmv2] [D] [thread 160689] [25.0] [cxt 0] Action entry is NoAction - 
[02:45:18.414] [bmv2] [T] [thread 160689] [25.0] [cxt 0] Action NoAction
[02:45:18.414] [bmv2] [T] [thread 160689] [25.0] [cxt 0] Applying table 'MyEgress.egress_encap_yequdesu'
[02:45:18.414] [bmv2] [D] [thread 160689] [25.0] [cxt 0] Looking up key:
* standard_metadata.egress_port: 0000

[02:45:18.414] [bmv2] [D] [thread 160689] [25.0] [cxt 0] Table 'MyEgress.egress_encap_yequdesu': miss
[02:45:18.414] [bmv2] [D] [thread 160689] [25.0] [cxt 0] Action entry is NoAction - 
[02:45:18.414] [bmv2] [T] [thread 160689] [25.0] [cxt 0] Action NoAction
[02:45:18.414] [bmv2] [T] [thread 160689] [25.0] [cxt 0] Applying table 'MyEgress.egress_encap_vxlan'
[02:45:18.414] [bmv2] [D] [thread 160689] [25.0] [cxt 0] Looking up key:
* standard_metadata.egress_port: 0000

[02:45:18.414] [bmv2] [D] [thread 160689] [25.0] [cxt 0] Table 'MyEgress.egress_encap_vxlan': miss
[02:45:18.414] [bmv2] [D] [thread 160689] [25.0] [cxt 0] Action entry is NoAction - 
[02:45:18.414] [bmv2] [T] [thread 160689] [25.0] [cxt 0] Action NoAction
[02:45:18.414] [bmv2] [D] [thread 160689] [25.0] [cxt 0] Pipeline 'egress': end
[02:45:18.414] [bmv2] [D] [thread 160689] [25.0] [cxt 0] Deparser 'deparser': start
[02:45:18.414] [bmv2] [T] [thread 160689] [25.0] [cxt 0] Skipping checksum 'cksum' update because condition not met
[02:45:18.414] [bmv2] [D] [thread 160689] [25.0] [cxt 0] Deparsing header 'ethernet'
[02:45:18.414] [bmv2] [D] [thread 160689] [25.0] [cxt 0] Deparsing header 'ipv6'
[02:45:18.414] [bmv2] [D] [thread 160689] [25.0] [cxt 0] Deparser 'deparser': end
[02:45:18.414] [bmv2] [D] [thread 160693] [25.0] [cxt 0] Transmitting packet of size 70 out of port 0
[02:45:18.862] [bmv2] [D] [thread 160688] [26.0] [cxt 0] Processing packet received on port 2
[02:45:18.862] [bmv2] [D] [thread 160688] [26.0] [cxt 0] Parser 'parser': start
[02:45:18.862] [bmv2] [D] [thread 160688] [26.0] [cxt 0] Parser 'parser' entering state 'start'
[02:45:18.862] [bmv2] [D] [thread 160688] [26.0] [cxt 0] Extracting header 'ethernet'
[02:45:18.862] [bmv2] [D] [thread 160688] [26.0] [cxt 0] Parser state 'start': key is 86dd
[02:45:18.862] [bmv2] [T] [thread 160688] [26.0] [cxt 0] Bytes parsed: 14
[02:45:18.862] [bmv2] [D] [thread 160688] [26.0] [cxt 0] Parser 'parser' entering state 'parse_ipv6'
[02:45:18.862] [bmv2] [D] [thread 160688] [26.0] [cxt 0] Extracting header 'ipv6'
[02:45:18.862] [bmv2] [D] [thread 160688] [26.0] [cxt 0] Parser state 'parse_ipv6': key is 3a
[02:45:18.862] [bmv2] [T] [thread 160688] [26.0] [cxt 0] Bytes parsed: 54
[02:45:18.862] [bmv2] [D] [thread 160688] [26.0] [cxt 0] Parser 'parser': end
[02:45:18.862] [bmv2] [D] [thread 160688] [26.0] [cxt 0] Pipeline 'ingress': start
[02:45:18.862] [bmv2] [T] [thread 160688] [26.0] [cxt 0] basic.p4(565) Condition "hdr.ethernet.etherType == TYPE_ARP" (node_2) is false
[02:45:18.862] [bmv2] [T] [thread 160688] [26.0] [cxt 0] basic.p4(568) Condition "hdr.ethernet.etherType == TYPE_SRCROUTING" (node_4) is false
[02:45:18.862] [bmv2] [T] [thread 160688] [26.0] [cxt 0] basic.p4(581) Condition "hdr.ethernet.etherType == TYPE_YEQUDESU" (node_12) is false
[02:45:18.862] [bmv2] [T] [thread 160688] [26.0] [cxt 0] basic.p4(587) Condition "hdr.vxlan.isValid()" (node_15) is false
[02:45:18.862] [bmv2] [T] [thread 160688] [26.0] [cxt 0] basic.p4(591) Condition "hdr.ipv6.isValid()" (node_17) is true
[02:45:18.862] [bmv2] [T] [thread 160688] [26.0] [cxt 0] Applying table 'MyIngress.ipv6_lpm'
[02:45:18.862] [bmv2] [D] [thread 160688] [26.0] [cxt 0] Looking up key:
* hdr.ipv6.dstAddr    : ff020000000000000000000000000002

[02:45:18.862] [bmv2] [D] [thread 160688] [26.0] [cxt 0] Table 'MyIngress.ipv6_lpm': miss
[02:45:18.862] [bmv2] [D] [thread 160688] [26.0] [cxt 0] Action entry is NoAction - 
[02:45:18.862] [bmv2] [T] [thread 160688] [26.0] [cxt 0] Action NoAction
[02:45:18.862] [bmv2] [D] [thread 160688] [26.0] [cxt 0] Pipeline 'ingress': end
[02:45:18.862] [bmv2] [D] [thread 160688] [26.0] [cxt 0] Egress port is 0
[02:45:18.862] [bmv2] [D] [thread 160689] [26.0] [cxt 0] Pipeline 'egress': start
[02:45:18.862] [bmv2] [T] [thread 160689] [26.0] [cxt 0] Applying table 'MyEgress.egress_encap_ipv6'
[02:45:18.862] [bmv2] [D] [thread 160689] [26.0] [cxt 0] Looking up key:
* standard_metadata.egress_port: 0000

[02:45:18.862] [bmv2] [D] [thread 160689] [26.0] [cxt 0] Table 'MyEgress.egress_encap_ipv6': miss
[02:45:18.862] [bmv2] [D] [thread 160689] [26.0] [cxt 0] Action entry is NoAction - 
[02:45:18.862] [bmv2] [T] [thread 160689] [26.0] [cxt 0] Action NoAction
[02:45:18.862] [bmv2] [T] [thread 160689] [26.0] [cxt 0] Applying table 'MyEgress.egress_encap_yequdesu'
[02:45:18.862] [bmv2] [D] [thread 160689] [26.0] [cxt 0] Looking up key:
* standard_metadata.egress_port: 0000

[02:45:18.862] [bmv2] [D] [thread 160689] [26.0] [cxt 0] Table 'MyEgress.egress_encap_yequdesu': miss
[02:45:18.862] [bmv2] [D] [thread 160689] [26.0] [cxt 0] Action entry is NoAction - 
[02:45:18.862] [bmv2] [T] [thread 160689] [26.0] [cxt 0] Action NoAction
[02:45:18.862] [bmv2] [T] [thread 160689] [26.0] [cxt 0] Applying table 'MyEgress.egress_encap_vxlan'
[02:45:18.862] [bmv2] [D] [thread 160689] [26.0] [cxt 0] Looking up key:
* standard_metadata.egress_port: 0000

[02:45:18.862] [bmv2] [D] [thread 160689] [26.0] [cxt 0] Table 'MyEgress.egress_encap_vxlan': miss
[02:45:18.862] [bmv2] [D] [thread 160689] [26.0] [cxt 0] Action entry is NoAction - 
[02:45:18.862] [bmv2] [T] [thread 160689] [26.0] [cxt 0] Action NoAction
[02:45:18.862] [bmv2] [D] [thread 160689] [26.0] [cxt 0] Pipeline 'egress': end
[02:45:18.862] [bmv2] [D] [thread 160689] [26.0] [cxt 0] Deparser 'deparser': start
[02:45:18.862] [bmv2] [T] [thread 160689] [26.0] [cxt 0] Skipping checksum 'cksum' update because condition not met
[02:45:18.862] [bmv2] [D] [thread 160689] [26.0] [cxt 0] Deparsing header 'ethernet'
[02:45:18.862] [bmv2] [D] [thread 160689] [26.0] [cxt 0] Deparsing header 'ipv6'
[02:45:18.862] [bmv2] [D] [thread 160689] [26.0] [cxt 0] Deparser 'deparser': end
[02:45:18.863] [bmv2] [D] [thread 160693] [26.0] [cxt 0] Transmitting packet of size 70 out of port 0
[02:45:18.870] [bmv2] [D] [thread 160688] [27.0] [cxt 0] Processing packet received on port 1
[02:45:18.870] [bmv2] [D] [thread 160688] [27.0] [cxt 0] Parser 'parser': start
[02:45:18.870] [bmv2] [D] [thread 160688] [27.0] [cxt 0] Parser 'parser' entering state 'start'
[02:45:18.870] [bmv2] [D] [thread 160688] [27.0] [cxt 0] Extracting header 'ethernet'
[02:45:18.870] [bmv2] [D] [thread 160688] [27.0] [cxt 0] Parser state 'start': key is 86dd
[02:45:18.870] [bmv2] [T] [thread 160688] [27.0] [cxt 0] Bytes parsed: 14
[02:45:18.870] [bmv2] [D] [thread 160688] [27.0] [cxt 0] Parser 'parser' entering state 'parse_ipv6'
[02:45:18.870] [bmv2] [D] [thread 160688] [27.0] [cxt 0] Extracting header 'ipv6'
[02:45:18.870] [bmv2] [D] [thread 160688] [27.0] [cxt 0] Parser state 'parse_ipv6': key is 11
[02:45:18.870] [bmv2] [T] [thread 160688] [27.0] [cxt 0] Bytes parsed: 54
[02:45:18.870] [bmv2] [D] [thread 160688] [27.0] [cxt 0] Parser 'parser': end
[02:45:18.870] [bmv2] [D] [thread 160688] [27.0] [cxt 0] Pipeline 'ingress': start
[02:45:18.870] [bmv2] [T] [thread 160688] [27.0] [cxt 0] basic.p4(565) Condition "hdr.ethernet.etherType == TYPE_ARP" (node_2) is false
[02:45:18.870] [bmv2] [T] [thread 160688] [27.0] [cxt 0] basic.p4(568) Condition "hdr.ethernet.etherType == TYPE_SRCROUTING" (node_4) is false
[02:45:18.870] [bmv2] [T] [thread 160688] [27.0] [cxt 0] basic.p4(581) Condition "hdr.ethernet.etherType == TYPE_YEQUDESU" (node_12) is false
[02:45:18.870] [bmv2] [T] [thread 160688] [27.0] [cxt 0] basic.p4(587) Condition "hdr.vxlan.isValid()" (node_15) is false
[02:45:18.870] [bmv2] [T] [thread 160688] [27.0] [cxt 0] basic.p4(591) Condition "hdr.ipv6.isValid()" (node_17) is true
[02:45:18.870] [bmv2] [T] [thread 160688] [27.0] [cxt 0] Applying table 'MyIngress.ipv6_lpm'
[02:45:18.870] [bmv2] [D] [thread 160688] [27.0] [cxt 0] Looking up key:
* hdr.ipv6.dstAddr    : ff0200000000000000000000000000fb

[02:45:18.870] [bmv2] [D] [thread 160688] [27.0] [cxt 0] Table 'MyIngress.ipv6_lpm': miss
[02:45:18.870] [bmv2] [D] [thread 160688] [27.0] [cxt 0] Action entry is NoAction - 
[02:45:18.870] [bmv2] [T] [thread 160688] [27.0] [cxt 0] Action NoAction
[02:45:18.870] [bmv2] [D] [thread 160688] [27.0] [cxt 0] Pipeline 'ingress': end
[02:45:18.870] [bmv2] [D] [thread 160688] [27.0] [cxt 0] Egress port is 0
[02:45:18.870] [bmv2] [D] [thread 160689] [27.0] [cxt 0] Pipeline 'egress': start
[02:45:18.870] [bmv2] [T] [thread 160689] [27.0] [cxt 0] Applying table 'MyEgress.egress_encap_ipv6'
[02:45:18.870] [bmv2] [D] [thread 160689] [27.0] [cxt 0] Looking up key:
* standard_metadata.egress_port: 0000

[02:45:18.870] [bmv2] [D] [thread 160689] [27.0] [cxt 0] Table 'MyEgress.egress_encap_ipv6': miss
[02:45:18.870] [bmv2] [D] [thread 160689] [27.0] [cxt 0] Action entry is NoAction - 
[02:45:18.870] [bmv2] [T] [thread 160689] [27.0] [cxt 0] Action NoAction
[02:45:18.870] [bmv2] [T] [thread 160689] [27.0] [cxt 0] Applying table 'MyEgress.egress_encap_yequdesu'
[02:45:18.870] [bmv2] [D] [thread 160689] [27.0] [cxt 0] Looking up key:
* standard_metadata.egress_port: 0000

[02:45:18.870] [bmv2] [D] [thread 160689] [27.0] [cxt 0] Table 'MyEgress.egress_encap_yequdesu': miss
[02:45:18.870] [bmv2] [D] [thread 160689] [27.0] [cxt 0] Action entry is NoAction - 
[02:45:18.870] [bmv2] [T] [thread 160689] [27.0] [cxt 0] Action NoAction
[02:45:18.870] [bmv2] [T] [thread 160689] [27.0] [cxt 0] Applying table 'MyEgress.egress_encap_vxlan'
[02:45:18.870] [bmv2] [D] [thread 160689] [27.0] [cxt 0] Looking up key:
* standard_metadata.egress_port: 0000

[02:45:18.870] [bmv2] [D] [thread 160689] [27.0] [cxt 0] Table 'MyEgress.egress_encap_vxlan': miss
[02:45:18.870] [bmv2] [D] [thread 160689] [27.0] [cxt 0] Action entry is NoAction - 
[02:45:18.870] [bmv2] [T] [thread 160689] [27.0] [cxt 0] Action NoAction
[02:45:18.870] [bmv2] [D] [thread 160689] [27.0] [cxt 0] Pipeline 'egress': end
[02:45:18.870] [bmv2] [D] [thread 160689] [27.0] [cxt 0] Deparser 'deparser': start
[02:45:18.870] [bmv2] [T] [thread 160689] [27.0] [cxt 0] Skipping checksum 'cksum' update because condition not met
[02:45:18.870] [bmv2] [D] [thread 160689] [27.0] [cxt 0] Deparsing header 'ethernet'
[02:45:18.870] [bmv2] [D] [thread 160689] [27.0] [cxt 0] Deparsing header 'ipv6'
[02:45:18.870] [bmv2] [D] [thread 160689] [27.0] [cxt 0] Deparser 'deparser': end
[02:45:18.870] [bmv2] [D] [thread 160693] [27.0] [cxt 0] Transmitting packet of size 199 out of port 0
[02:45:18.935] [bmv2] [D] [thread 160688] [28.0] [cxt 0] Processing packet received on port 1
[02:45:18.935] [bmv2] [D] [thread 160688] [28.0] [cxt 0] Parser 'parser': start
[02:45:18.935] [bmv2] [D] [thread 160688] [28.0] [cxt 0] Parser 'parser' entering state 'start'
[02:45:18.935] [bmv2] [D] [thread 160688] [28.0] [cxt 0] Extracting header 'ethernet'
[02:45:18.935] [bmv2] [D] [thread 160688] [28.0] [cxt 0] Parser state 'start': key is 86dd
[02:45:18.935] [bmv2] [T] [thread 160688] [28.0] [cxt 0] Bytes parsed: 14
[02:45:18.935] [bmv2] [D] [thread 160688] [28.0] [cxt 0] Parser 'parser' entering state 'parse_ipv6'
[02:45:18.935] [bmv2] [D] [thread 160688] [28.0] [cxt 0] Extracting header 'ipv6'
[02:45:18.935] [bmv2] [D] [thread 160688] [28.0] [cxt 0] Parser state 'parse_ipv6': key is 11
[02:45:18.935] [bmv2] [T] [thread 160688] [28.0] [cxt 0] Bytes parsed: 54
[02:45:18.935] [bmv2] [D] [thread 160688] [28.0] [cxt 0] Parser 'parser': end
[02:45:18.935] [bmv2] [D] [thread 160688] [28.0] [cxt 0] Pipeline 'ingress': start
[02:45:18.935] [bmv2] [T] [thread 160688] [28.0] [cxt 0] basic.p4(565) Condition "hdr.ethernet.etherType == TYPE_ARP" (node_2) is false
[02:45:18.935] [bmv2] [T] [thread 160688] [28.0] [cxt 0] basic.p4(568) Condition "hdr.ethernet.etherType == TYPE_SRCROUTING" (node_4) is false
[02:45:18.935] [bmv2] [T] [thread 160688] [28.0] [cxt 0] basic.p4(581) Condition "hdr.ethernet.etherType == TYPE_YEQUDESU" (node_12) is false
[02:45:18.935] [bmv2] [T] [thread 160688] [28.0] [cxt 0] basic.p4(587) Condition "hdr.vxlan.isValid()" (node_15) is false
[02:45:18.935] [bmv2] [T] [thread 160688] [28.0] [cxt 0] basic.p4(591) Condition "hdr.ipv6.isValid()" (node_17) is true
[02:45:18.935] [bmv2] [T] [thread 160688] [28.0] [cxt 0] Applying table 'MyIngress.ipv6_lpm'
[02:45:18.935] [bmv2] [D] [thread 160688] [28.0] [cxt 0] Looking up key:
* hdr.ipv6.dstAddr    : ff0200000000000000000000000000fb

[02:45:18.935] [bmv2] [D] [thread 160688] [28.0] [cxt 0] Table 'MyIngress.ipv6_lpm': miss
[02:45:18.935] [bmv2] [D] [thread 160688] [28.0] [cxt 0] Action entry is NoAction - 
[02:45:18.935] [bmv2] [T] [thread 160688] [28.0] [cxt 0] Action NoAction
[02:45:18.935] [bmv2] [D] [thread 160688] [28.0] [cxt 0] Pipeline 'ingress': end
[02:45:18.935] [bmv2] [D] [thread 160688] [28.0] [cxt 0] Egress port is 0
[02:45:18.935] [bmv2] [D] [thread 160689] [28.0] [cxt 0] Pipeline 'egress': start
[02:45:18.935] [bmv2] [T] [thread 160689] [28.0] [cxt 0] Applying table 'MyEgress.egress_encap_ipv6'
[02:45:18.935] [bmv2] [D] [thread 160689] [28.0] [cxt 0] Looking up key:
* standard_metadata.egress_port: 0000

[02:45:18.935] [bmv2] [D] [thread 160689] [28.0] [cxt 0] Table 'MyEgress.egress_encap_ipv6': miss
[02:45:18.935] [bmv2] [D] [thread 160689] [28.0] [cxt 0] Action entry is NoAction - 
[02:45:18.935] [bmv2] [T] [thread 160689] [28.0] [cxt 0] Action NoAction
[02:45:18.935] [bmv2] [T] [thread 160689] [28.0] [cxt 0] Applying table 'MyEgress.egress_encap_yequdesu'
[02:45:18.935] [bmv2] [D] [thread 160689] [28.0] [cxt 0] Looking up key:
* standard_metadata.egress_port: 0000

[02:45:18.935] [bmv2] [D] [thread 160689] [28.0] [cxt 0] Table 'MyEgress.egress_encap_yequdesu': miss
[02:45:18.935] [bmv2] [D] [thread 160689] [28.0] [cxt 0] Action entry is NoAction - 
[02:45:18.935] [bmv2] [T] [thread 160689] [28.0] [cxt 0] Action NoAction
[02:45:18.935] [bmv2] [T] [thread 160689] [28.0] [cxt 0] Applying table 'MyEgress.egress_encap_vxlan'
[02:45:18.935] [bmv2] [D] [thread 160689] [28.0] [cxt 0] Looking up key:
* standard_metadata.egress_port: 0000

[02:45:18.935] [bmv2] [D] [thread 160689] [28.0] [cxt 0] Table 'MyEgress.egress_encap_vxlan': miss
[02:45:18.935] [bmv2] [D] [thread 160689] [28.0] [cxt 0] Action entry is NoAction - 
[02:45:18.935] [bmv2] [T] [thread 160689] [28.0] [cxt 0] Action NoAction
[02:45:18.935] [bmv2] [D] [thread 160689] [28.0] [cxt 0] Pipeline 'egress': end
[02:45:18.935] [bmv2] [D] [thread 160689] [28.0] [cxt 0] Deparser 'deparser': start
[02:45:18.935] [bmv2] [T] [thread 160689] [28.0] [cxt 0] Skipping checksum 'cksum' update because condition not met
[02:45:18.935] [bmv2] [D] [thread 160689] [28.0] [cxt 0] Deparsing header 'ethernet'
[02:45:18.935] [bmv2] [D] [thread 160689] [28.0] [cxt 0] Deparsing header 'ipv6'
[02:45:18.935] [bmv2] [D] [thread 160689] [28.0] [cxt 0] Deparser 'deparser': end
[02:45:18.935] [bmv2] [D] [thread 160693] [28.0] [cxt 0] Transmitting packet of size 199 out of port 0
[02:45:19.254] [bmv2] [D] [thread 160688] [29.0] [cxt 0] Processing packet received on port 2
[02:45:19.254] [bmv2] [D] [thread 160688] [29.0] [cxt 0] Parser 'parser': start
[02:45:19.254] [bmv2] [D] [thread 160688] [29.0] [cxt 0] Parser 'parser' entering state 'start'
[02:45:19.254] [bmv2] [D] [thread 160688] [29.0] [cxt 0] Extracting header 'ethernet'
[02:45:19.254] [bmv2] [D] [thread 160688] [29.0] [cxt 0] Parser state 'start': key is 86dd
[02:45:19.254] [bmv2] [T] [thread 160688] [29.0] [cxt 0] Bytes parsed: 14
[02:45:19.254] [bmv2] [D] [thread 160688] [29.0] [cxt 0] Parser 'parser' entering state 'parse_ipv6'
[02:45:19.254] [bmv2] [D] [thread 160688] [29.0] [cxt 0] Extracting header 'ipv6'
[02:45:19.254] [bmv2] [D] [thread 160688] [29.0] [cxt 0] Parser state 'parse_ipv6': key is 11
[02:45:19.254] [bmv2] [T] [thread 160688] [29.0] [cxt 0] Bytes parsed: 54
[02:45:19.254] [bmv2] [D] [thread 160688] [29.0] [cxt 0] Parser 'parser': end
[02:45:19.254] [bmv2] [D] [thread 160688] [29.0] [cxt 0] Pipeline 'ingress': start
[02:45:19.254] [bmv2] [T] [thread 160688] [29.0] [cxt 0] basic.p4(565) Condition "hdr.ethernet.etherType == TYPE_ARP" (node_2) is false
[02:45:19.254] [bmv2] [T] [thread 160688] [29.0] [cxt 0] basic.p4(568) Condition "hdr.ethernet.etherType == TYPE_SRCROUTING" (node_4) is false
[02:45:19.254] [bmv2] [T] [thread 160688] [29.0] [cxt 0] basic.p4(581) Condition "hdr.ethernet.etherType == TYPE_YEQUDESU" (node_12) is false
[02:45:19.254] [bmv2] [T] [thread 160688] [29.0] [cxt 0] basic.p4(587) Condition "hdr.vxlan.isValid()" (node_15) is false
[02:45:19.254] [bmv2] [T] [thread 160688] [29.0] [cxt 0] basic.p4(591) Condition "hdr.ipv6.isValid()" (node_17) is true
[02:45:19.254] [bmv2] [T] [thread 160688] [29.0] [cxt 0] Applying table 'MyIngress.ipv6_lpm'
[02:45:19.254] [bmv2] [D] [thread 160688] [29.0] [cxt 0] Looking up key:
* hdr.ipv6.dstAddr    : ff0200000000000000000000000000fb

[02:45:19.254] [bmv2] [D] [thread 160688] [29.0] [cxt 0] Table 'MyIngress.ipv6_lpm': miss
[02:45:19.254] [bmv2] [D] [thread 160688] [29.0] [cxt 0] Action entry is NoAction - 
[02:45:19.254] [bmv2] [T] [thread 160688] [29.0] [cxt 0] Action NoAction
[02:45:19.254] [bmv2] [D] [thread 160688] [29.0] [cxt 0] Pipeline 'ingress': end
[02:45:19.254] [bmv2] [D] [thread 160688] [29.0] [cxt 0] Egress port is 0
[02:45:19.254] [bmv2] [D] [thread 160689] [29.0] [cxt 0] Pipeline 'egress': start
[02:45:19.254] [bmv2] [T] [thread 160689] [29.0] [cxt 0] Applying table 'MyEgress.egress_encap_ipv6'
[02:45:19.254] [bmv2] [D] [thread 160689] [29.0] [cxt 0] Looking up key:
* standard_metadata.egress_port: 0000

[02:45:19.254] [bmv2] [D] [thread 160689] [29.0] [cxt 0] Table 'MyEgress.egress_encap_ipv6': miss
[02:45:19.254] [bmv2] [D] [thread 160689] [29.0] [cxt 0] Action entry is NoAction - 
[02:45:19.254] [bmv2] [T] [thread 160689] [29.0] [cxt 0] Action NoAction
[02:45:19.254] [bmv2] [T] [thread 160689] [29.0] [cxt 0] Applying table 'MyEgress.egress_encap_yequdesu'
[02:45:19.254] [bmv2] [D] [thread 160689] [29.0] [cxt 0] Looking up key:
* standard_metadata.egress_port: 0000

[02:45:19.254] [bmv2] [D] [thread 160689] [29.0] [cxt 0] Table 'MyEgress.egress_encap_yequdesu': miss
[02:45:19.254] [bmv2] [D] [thread 160689] [29.0] [cxt 0] Action entry is NoAction - 
[02:45:19.254] [bmv2] [T] [thread 160689] [29.0] [cxt 0] Action NoAction
[02:45:19.254] [bmv2] [T] [thread 160689] [29.0] [cxt 0] Applying table 'MyEgress.egress_encap_vxlan'
[02:45:19.254] [bmv2] [D] [thread 160689] [29.0] [cxt 0] Looking up key:
* standard_metadata.egress_port: 0000

[02:45:19.254] [bmv2] [D] [thread 160689] [29.0] [cxt 0] Table 'MyEgress.egress_encap_vxlan': miss
[02:45:19.254] [bmv2] [D] [thread 160689] [29.0] [cxt 0] Action entry is NoAction - 
[02:45:19.254] [bmv2] [T] [thread 160689] [29.0] [cxt 0] Action NoAction
[02:45:19.254] [bmv2] [D] [thread 160689] [29.0] [cxt 0] Pipeline 'egress': end
[02:45:19.254] [bmv2] [D] [thread 160689] [29.0] [cxt 0] Deparser 'deparser': start
[02:45:19.254] [bmv2] [T] [thread 160689] [29.0] [cxt 0] Skipping checksum 'cksum' update because condition not met
[02:45:19.254] [bmv2] [D] [thread 160689] [29.0] [cxt 0] Deparsing header 'ethernet'
[02:45:19.254] [bmv2] [D] [thread 160689] [29.0] [cxt 0] Deparsing header 'ipv6'
[02:45:19.254] [bmv2] [D] [thread 160689] [29.0] [cxt 0] Deparser 'deparser': end
[02:45:19.254] [bmv2] [D] [thread 160693] [29.0] [cxt 0] Transmitting packet of size 199 out of port 0
[02:45:19.318] [bmv2] [D] [thread 160688] [30.0] [cxt 0] Processing packet received on port 2
[02:45:19.318] [bmv2] [D] [thread 160688] [30.0] [cxt 0] Parser 'parser': start
[02:45:19.318] [bmv2] [D] [thread 160688] [30.0] [cxt 0] Parser 'parser' entering state 'start'
[02:45:19.318] [bmv2] [D] [thread 160688] [30.0] [cxt 0] Extracting header 'ethernet'
[02:45:19.318] [bmv2] [D] [thread 160688] [30.0] [cxt 0] Parser state 'start': key is 86dd
[02:45:19.318] [bmv2] [T] [thread 160688] [30.0] [cxt 0] Bytes parsed: 14
[02:45:19.318] [bmv2] [D] [thread 160688] [30.0] [cxt 0] Parser 'parser' entering state 'parse_ipv6'
[02:45:19.318] [bmv2] [D] [thread 160688] [30.0] [cxt 0] Extracting header 'ipv6'
[02:45:19.318] [bmv2] [D] [thread 160688] [30.0] [cxt 0] Parser state 'parse_ipv6': key is 11
[02:45:19.318] [bmv2] [T] [thread 160688] [30.0] [cxt 0] Bytes parsed: 54
[02:45:19.318] [bmv2] [D] [thread 160688] [30.0] [cxt 0] Parser 'parser': end
[02:45:19.318] [bmv2] [D] [thread 160688] [30.0] [cxt 0] Pipeline 'ingress': start
[02:45:19.318] [bmv2] [T] [thread 160688] [30.0] [cxt 0] basic.p4(565) Condition "hdr.ethernet.etherType == TYPE_ARP" (node_2) is false
[02:45:19.318] [bmv2] [T] [thread 160688] [30.0] [cxt 0] basic.p4(568) Condition "hdr.ethernet.etherType == TYPE_SRCROUTING" (node_4) is false
[02:45:19.318] [bmv2] [T] [thread 160688] [30.0] [cxt 0] basic.p4(581) Condition "hdr.ethernet.etherType == TYPE_YEQUDESU" (node_12) is false
[02:45:19.318] [bmv2] [T] [thread 160688] [30.0] [cxt 0] basic.p4(587) Condition "hdr.vxlan.isValid()" (node_15) is false
[02:45:19.318] [bmv2] [T] [thread 160688] [30.0] [cxt 0] basic.p4(591) Condition "hdr.ipv6.isValid()" (node_17) is true
[02:45:19.318] [bmv2] [T] [thread 160688] [30.0] [cxt 0] Applying table 'MyIngress.ipv6_lpm'
[02:45:19.318] [bmv2] [D] [thread 160688] [30.0] [cxt 0] Looking up key:
* hdr.ipv6.dstAddr    : ff0200000000000000000000000000fb

[02:45:19.318] [bmv2] [D] [thread 160688] [30.0] [cxt 0] Table 'MyIngress.ipv6_lpm': miss
[02:45:19.318] [bmv2] [D] [thread 160688] [30.0] [cxt 0] Action entry is NoAction - 
[02:45:19.318] [bmv2] [T] [thread 160688] [30.0] [cxt 0] Action NoAction
[02:45:19.318] [bmv2] [D] [thread 160688] [30.0] [cxt 0] Pipeline 'ingress': end
[02:45:19.318] [bmv2] [D] [thread 160688] [30.0] [cxt 0] Egress port is 0
[02:45:19.319] [bmv2] [D] [thread 160689] [30.0] [cxt 0] Pipeline 'egress': start
[02:45:19.319] [bmv2] [T] [thread 160689] [30.0] [cxt 0] Applying table 'MyEgress.egress_encap_ipv6'
[02:45:19.319] [bmv2] [D] [thread 160689] [30.0] [cxt 0] Looking up key:
* standard_metadata.egress_port: 0000

[02:45:19.319] [bmv2] [D] [thread 160689] [30.0] [cxt 0] Table 'MyEgress.egress_encap_ipv6': miss
[02:45:19.319] [bmv2] [D] [thread 160689] [30.0] [cxt 0] Action entry is NoAction - 
[02:45:19.319] [bmv2] [T] [thread 160689] [30.0] [cxt 0] Action NoAction
[02:45:19.319] [bmv2] [T] [thread 160689] [30.0] [cxt 0] Applying table 'MyEgress.egress_encap_yequdesu'
[02:45:19.319] [bmv2] [D] [thread 160689] [30.0] [cxt 0] Looking up key:
* standard_metadata.egress_port: 0000

[02:45:19.319] [bmv2] [D] [thread 160689] [30.0] [cxt 0] Table 'MyEgress.egress_encap_yequdesu': miss
[02:45:19.319] [bmv2] [D] [thread 160689] [30.0] [cxt 0] Action entry is NoAction - 
[02:45:19.319] [bmv2] [T] [thread 160689] [30.0] [cxt 0] Action NoAction
[02:45:19.319] [bmv2] [T] [thread 160689] [30.0] [cxt 0] Applying table 'MyEgress.egress_encap_vxlan'
[02:45:19.319] [bmv2] [D] [thread 160689] [30.0] [cxt 0] Looking up key:
* standard_metadata.egress_port: 0000

[02:45:19.319] [bmv2] [D] [thread 160689] [30.0] [cxt 0] Table 'MyEgress.egress_encap_vxlan': miss
[02:45:19.319] [bmv2] [D] [thread 160689] [30.0] [cxt 0] Action entry is NoAction - 
[02:45:19.319] [bmv2] [T] [thread 160689] [30.0] [cxt 0] Action NoAction
[02:45:19.319] [bmv2] [D] [thread 160689] [30.0] [cxt 0] Pipeline 'egress': end
[02:45:19.319] [bmv2] [D] [thread 160689] [30.0] [cxt 0] Deparser 'deparser': start
[02:45:19.319] [bmv2] [T] [thread 160689] [30.0] [cxt 0] Skipping checksum 'cksum' update because condition not met
[02:45:19.319] [bmv2] [D] [thread 160689] [30.0] [cxt 0] Deparsing header 'ethernet'
[02:45:19.319] [bmv2] [D] [thread 160689] [30.0] [cxt 0] Deparsing header 'ipv6'
[02:45:19.319] [bmv2] [D] [thread 160689] [30.0] [cxt 0] Deparser 'deparser': end
[02:45:19.320] [bmv2] [D] [thread 160693] [30.0] [cxt 0] Transmitting packet of size 199 out of port 0
[02:45:19.502] [bmv2] [D] [thread 160688] [31.0] [cxt 0] Processing packet received on port 2
[02:45:19.502] [bmv2] [D] [thread 160688] [31.0] [cxt 0] Parser 'parser': start
[02:45:19.502] [bmv2] [D] [thread 160688] [31.0] [cxt 0] Parser 'parser' entering state 'start'
[02:45:19.502] [bmv2] [D] [thread 160688] [31.0] [cxt 0] Extracting header 'ethernet'
[02:45:19.502] [bmv2] [D] [thread 160688] [31.0] [cxt 0] Parser state 'start': key is 86dd
[02:45:19.502] [bmv2] [T] [thread 160688] [31.0] [cxt 0] Bytes parsed: 14
[02:45:19.502] [bmv2] [D] [thread 160688] [31.0] [cxt 0] Parser 'parser' entering state 'parse_ipv6'
[02:45:19.502] [bmv2] [D] [thread 160688] [31.0] [cxt 0] Extracting header 'ipv6'
[02:45:19.502] [bmv2] [D] [thread 160688] [31.0] [cxt 0] Parser state 'parse_ipv6': key is 3a
[02:45:19.502] [bmv2] [T] [thread 160688] [31.0] [cxt 0] Bytes parsed: 54
[02:45:19.502] [bmv2] [D] [thread 160688] [31.0] [cxt 0] Parser 'parser': end
[02:45:19.502] [bmv2] [D] [thread 160688] [31.0] [cxt 0] Pipeline 'ingress': start
[02:45:19.502] [bmv2] [T] [thread 160688] [31.0] [cxt 0] basic.p4(565) Condition "hdr.ethernet.etherType == TYPE_ARP" (node_2) is false
[02:45:19.502] [bmv2] [T] [thread 160688] [31.0] [cxt 0] basic.p4(568) Condition "hdr.ethernet.etherType == TYPE_SRCROUTING" (node_4) is false
[02:45:19.502] [bmv2] [T] [thread 160688] [31.0] [cxt 0] basic.p4(581) Condition "hdr.ethernet.etherType == TYPE_YEQUDESU" (node_12) is false
[02:45:19.502] [bmv2] [T] [thread 160688] [31.0] [cxt 0] basic.p4(587) Condition "hdr.vxlan.isValid()" (node_15) is false
[02:45:19.502] [bmv2] [T] [thread 160688] [31.0] [cxt 0] basic.p4(591) Condition "hdr.ipv6.isValid()" (node_17) is true
[02:45:19.502] [bmv2] [T] [thread 160688] [31.0] [cxt 0] Applying table 'MyIngress.ipv6_lpm'
[02:45:19.502] [bmv2] [D] [thread 160688] [31.0] [cxt 0] Looking up key:
* hdr.ipv6.dstAddr    : ff020000000000000000000000000002

[02:45:19.502] [bmv2] [D] [thread 160688] [31.0] [cxt 0] Table 'MyIngress.ipv6_lpm': miss
[02:45:19.502] [bmv2] [D] [thread 160688] [31.0] [cxt 0] Action entry is NoAction - 
[02:45:19.502] [bmv2] [T] [thread 160688] [31.0] [cxt 0] Action NoAction
[02:45:19.502] [bmv2] [D] [thread 160688] [31.0] [cxt 0] Pipeline 'ingress': end
[02:45:19.502] [bmv2] [D] [thread 160688] [31.0] [cxt 0] Egress port is 0
[02:45:19.502] [bmv2] [D] [thread 160689] [31.0] [cxt 0] Pipeline 'egress': start
[02:45:19.502] [bmv2] [T] [thread 160689] [31.0] [cxt 0] Applying table 'MyEgress.egress_encap_ipv6'
[02:45:19.502] [bmv2] [D] [thread 160689] [31.0] [cxt 0] Looking up key:
* standard_metadata.egress_port: 0000

[02:45:19.502] [bmv2] [D] [thread 160689] [31.0] [cxt 0] Table 'MyEgress.egress_encap_ipv6': miss
[02:45:19.502] [bmv2] [D] [thread 160689] [31.0] [cxt 0] Action entry is NoAction - 
[02:45:19.502] [bmv2] [T] [thread 160689] [31.0] [cxt 0] Action NoAction
[02:45:19.502] [bmv2] [T] [thread 160689] [31.0] [cxt 0] Applying table 'MyEgress.egress_encap_yequdesu'
[02:45:19.502] [bmv2] [D] [thread 160689] [31.0] [cxt 0] Looking up key:
* standard_metadata.egress_port: 0000

[02:45:19.502] [bmv2] [D] [thread 160689] [31.0] [cxt 0] Table 'MyEgress.egress_encap_yequdesu': miss
[02:45:19.502] [bmv2] [D] [thread 160689] [31.0] [cxt 0] Action entry is NoAction - 
[02:45:19.502] [bmv2] [T] [thread 160689] [31.0] [cxt 0] Action NoAction
[02:45:19.502] [bmv2] [T] [thread 160689] [31.0] [cxt 0] Applying table 'MyEgress.egress_encap_vxlan'
[02:45:19.502] [bmv2] [D] [thread 160689] [31.0] [cxt 0] Looking up key:
* standard_metadata.egress_port: 0000

[02:45:19.502] [bmv2] [D] [thread 160689] [31.0] [cxt 0] Table 'MyEgress.egress_encap_vxlan': miss
[02:45:19.502] [bmv2] [D] [thread 160689] [31.0] [cxt 0] Action entry is NoAction - 
[02:45:19.502] [bmv2] [T] [thread 160689] [31.0] [cxt 0] Action NoAction
[02:45:19.502] [bmv2] [D] [thread 160689] [31.0] [cxt 0] Pipeline 'egress': end
[02:45:19.502] [bmv2] [D] [thread 160689] [31.0] [cxt 0] Deparser 'deparser': start
[02:45:19.502] [bmv2] [T] [thread 160689] [31.0] [cxt 0] Skipping checksum 'cksum' update because condition not met
[02:45:19.502] [bmv2] [D] [thread 160689] [31.0] [cxt 0] Deparsing header 'ethernet'
[02:45:19.502] [bmv2] [D] [thread 160689] [31.0] [cxt 0] Deparsing header 'ipv6'
[02:45:19.502] [bmv2] [D] [thread 160689] [31.0] [cxt 0] Deparser 'deparser': end
[02:45:19.503] [bmv2] [D] [thread 160693] [31.0] [cxt 0] Transmitting packet of size 70 out of port 0
[02:45:21.550] [bmv2] [D] [thread 160688] [32.0] [cxt 0] Processing packet received on port 1
[02:45:21.550] [bmv2] [D] [thread 160688] [32.0] [cxt 0] Parser 'parser': start
[02:45:21.550] [bmv2] [D] [thread 160688] [32.0] [cxt 0] Parser 'parser' entering state 'start'
[02:45:21.550] [bmv2] [D] [thread 160688] [32.0] [cxt 0] Extracting header 'ethernet'
[02:45:21.550] [bmv2] [D] [thread 160688] [32.0] [cxt 0] Parser state 'start': key is 86dd
[02:45:21.550] [bmv2] [T] [thread 160688] [32.0] [cxt 0] Bytes parsed: 14
[02:45:21.550] [bmv2] [D] [thread 160688] [32.0] [cxt 0] Parser 'parser' entering state 'parse_ipv6'
[02:45:21.550] [bmv2] [D] [thread 160688] [32.0] [cxt 0] Extracting header 'ipv6'
[02:45:21.550] [bmv2] [D] [thread 160688] [32.0] [cxt 0] Parser state 'parse_ipv6': key is 11
[02:45:21.550] [bmv2] [T] [thread 160688] [32.0] [cxt 0] Bytes parsed: 54
[02:45:21.550] [bmv2] [D] [thread 160688] [32.0] [cxt 0] Parser 'parser': end
[02:45:21.550] [bmv2] [D] [thread 160688] [32.0] [cxt 0] Pipeline 'ingress': start
[02:45:21.550] [bmv2] [T] [thread 160688] [32.0] [cxt 0] basic.p4(565) Condition "hdr.ethernet.etherType == TYPE_ARP" (node_2) is false
[02:45:21.550] [bmv2] [T] [thread 160688] [32.0] [cxt 0] basic.p4(568) Condition "hdr.ethernet.etherType == TYPE_SRCROUTING" (node_4) is false
[02:45:21.551] [bmv2] [T] [thread 160688] [32.0] [cxt 0] basic.p4(581) Condition "hdr.ethernet.etherType == TYPE_YEQUDESU" (node_12) is false
[02:45:21.551] [bmv2] [T] [thread 160688] [32.0] [cxt 0] basic.p4(587) Condition "hdr.vxlan.isValid()" (node_15) is false
[02:45:21.551] [bmv2] [T] [thread 160688] [32.0] [cxt 0] basic.p4(591) Condition "hdr.ipv6.isValid()" (node_17) is true
[02:45:21.551] [bmv2] [T] [thread 160688] [32.0] [cxt 0] Applying table 'MyIngress.ipv6_lpm'
[02:45:21.551] [bmv2] [D] [thread 160688] [32.0] [cxt 0] Looking up key:
* hdr.ipv6.dstAddr    : ff0200000000000000000000000000fb

[02:45:21.551] [bmv2] [D] [thread 160688] [32.0] [cxt 0] Table 'MyIngress.ipv6_lpm': miss
[02:45:21.551] [bmv2] [D] [thread 160688] [32.0] [cxt 0] Action entry is NoAction - 
[02:45:21.551] [bmv2] [T] [thread 160688] [32.0] [cxt 0] Action NoAction
[02:45:21.551] [bmv2] [D] [thread 160688] [32.0] [cxt 0] Pipeline 'ingress': end
[02:45:21.551] [bmv2] [D] [thread 160688] [32.0] [cxt 0] Egress port is 0
[02:45:21.551] [bmv2] [D] [thread 160689] [32.0] [cxt 0] Pipeline 'egress': start
[02:45:21.551] [bmv2] [T] [thread 160689] [32.0] [cxt 0] Applying table 'MyEgress.egress_encap_ipv6'
[02:45:21.551] [bmv2] [D] [thread 160689] [32.0] [cxt 0] Looking up key:
* standard_metadata.egress_port: 0000

[02:45:21.551] [bmv2] [D] [thread 160689] [32.0] [cxt 0] Table 'MyEgress.egress_encap_ipv6': miss
[02:45:21.551] [bmv2] [D] [thread 160689] [32.0] [cxt 0] Action entry is NoAction - 
[02:45:21.551] [bmv2] [T] [thread 160689] [32.0] [cxt 0] Action NoAction
[02:45:21.551] [bmv2] [T] [thread 160689] [32.0] [cxt 0] Applying table 'MyEgress.egress_encap_yequdesu'
[02:45:21.551] [bmv2] [D] [thread 160689] [32.0] [cxt 0] Looking up key:
* standard_metadata.egress_port: 0000

[02:45:21.551] [bmv2] [D] [thread 160689] [32.0] [cxt 0] Table 'MyEgress.egress_encap_yequdesu': miss
[02:45:21.551] [bmv2] [D] [thread 160689] [32.0] [cxt 0] Action entry is NoAction - 
[02:45:21.551] [bmv2] [T] [thread 160689] [32.0] [cxt 0] Action NoAction
[02:45:21.551] [bmv2] [T] [thread 160689] [32.0] [cxt 0] Applying table 'MyEgress.egress_encap_vxlan'
[02:45:21.551] [bmv2] [D] [thread 160689] [32.0] [cxt 0] Looking up key:
* standard_metadata.egress_port: 0000

[02:45:21.551] [bmv2] [D] [thread 160689] [32.0] [cxt 0] Table 'MyEgress.egress_encap_vxlan': miss
[02:45:21.551] [bmv2] [D] [thread 160689] [32.0] [cxt 0] Action entry is NoAction - 
[02:45:21.551] [bmv2] [T] [thread 160689] [32.0] [cxt 0] Action NoAction
[02:45:21.551] [bmv2] [D] [thread 160689] [32.0] [cxt 0] Pipeline 'egress': end
[02:45:21.551] [bmv2] [D] [thread 160689] [32.0] [cxt 0] Deparser 'deparser': start
[02:45:21.551] [bmv2] [T] [thread 160689] [32.0] [cxt 0] Skipping checksum 'cksum' update because condition not met
[02:45:21.551] [bmv2] [D] [thread 160689] [32.0] [cxt 0] Deparsing header 'ethernet'
[02:45:21.551] [bmv2] [D] [thread 160689] [32.0] [cxt 0] Deparsing header 'ipv6'
[02:45:21.551] [bmv2] [D] [thread 160689] [32.0] [cxt 0] Deparser 'deparser': end
[02:45:21.551] [bmv2] [D] [thread 160693] [32.0] [cxt 0] Transmitting packet of size 203 out of port 0
[02:45:21.937] [bmv2] [D] [thread 160688] [33.0] [cxt 0] Processing packet received on port 2
[02:45:21.937] [bmv2] [D] [thread 160688] [33.0] [cxt 0] Parser 'parser': start
[02:45:21.937] [bmv2] [D] [thread 160688] [33.0] [cxt 0] Parser 'parser' entering state 'start'
[02:45:21.937] [bmv2] [D] [thread 160688] [33.0] [cxt 0] Extracting header 'ethernet'
[02:45:21.937] [bmv2] [D] [thread 160688] [33.0] [cxt 0] Parser state 'start': key is 86dd
[02:45:21.937] [bmv2] [T] [thread 160688] [33.0] [cxt 0] Bytes parsed: 14
[02:45:21.937] [bmv2] [D] [thread 160688] [33.0] [cxt 0] Parser 'parser' entering state 'parse_ipv6'
[02:45:21.937] [bmv2] [D] [thread 160688] [33.0] [cxt 0] Extracting header 'ipv6'
[02:45:21.937] [bmv2] [D] [thread 160688] [33.0] [cxt 0] Parser state 'parse_ipv6': key is 11
[02:45:21.937] [bmv2] [T] [thread 160688] [33.0] [cxt 0] Bytes parsed: 54
[02:45:21.937] [bmv2] [D] [thread 160688] [33.0] [cxt 0] Parser 'parser': end
[02:45:21.937] [bmv2] [D] [thread 160688] [33.0] [cxt 0] Pipeline 'ingress': start
[02:45:21.937] [bmv2] [T] [thread 160688] [33.0] [cxt 0] basic.p4(565) Condition "hdr.ethernet.etherType == TYPE_ARP" (node_2) is false
[02:45:21.937] [bmv2] [T] [thread 160688] [33.0] [cxt 0] basic.p4(568) Condition "hdr.ethernet.etherType == TYPE_SRCROUTING" (node_4) is false
[02:45:21.937] [bmv2] [T] [thread 160688] [33.0] [cxt 0] basic.p4(581) Condition "hdr.ethernet.etherType == TYPE_YEQUDESU" (node_12) is false
[02:45:21.937] [bmv2] [T] [thread 160688] [33.0] [cxt 0] basic.p4(587) Condition "hdr.vxlan.isValid()" (node_15) is false
[02:45:21.937] [bmv2] [T] [thread 160688] [33.0] [cxt 0] basic.p4(591) Condition "hdr.ipv6.isValid()" (node_17) is true
[02:45:21.937] [bmv2] [T] [thread 160688] [33.0] [cxt 0] Applying table 'MyIngress.ipv6_lpm'
[02:45:21.937] [bmv2] [D] [thread 160688] [33.0] [cxt 0] Looking up key:
* hdr.ipv6.dstAddr    : ff0200000000000000000000000000fb

[02:45:21.937] [bmv2] [D] [thread 160688] [33.0] [cxt 0] Table 'MyIngress.ipv6_lpm': miss
[02:45:21.937] [bmv2] [D] [thread 160688] [33.0] [cxt 0] Action entry is NoAction - 
[02:45:21.937] [bmv2] [T] [thread 160688] [33.0] [cxt 0] Action NoAction
[02:45:21.937] [bmv2] [D] [thread 160688] [33.0] [cxt 0] Pipeline 'ingress': end
[02:45:21.937] [bmv2] [D] [thread 160688] [33.0] [cxt 0] Egress port is 0
[02:45:21.937] [bmv2] [D] [thread 160689] [33.0] [cxt 0] Pipeline 'egress': start
[02:45:21.937] [bmv2] [T] [thread 160689] [33.0] [cxt 0] Applying table 'MyEgress.egress_encap_ipv6'
[02:45:21.937] [bmv2] [D] [thread 160689] [33.0] [cxt 0] Looking up key:
* standard_metadata.egress_port: 0000

[02:45:21.937] [bmv2] [D] [thread 160689] [33.0] [cxt 0] Table 'MyEgress.egress_encap_ipv6': miss
[02:45:21.937] [bmv2] [D] [thread 160689] [33.0] [cxt 0] Action entry is NoAction - 
[02:45:21.937] [bmv2] [T] [thread 160689] [33.0] [cxt 0] Action NoAction
[02:45:21.937] [bmv2] [T] [thread 160689] [33.0] [cxt 0] Applying table 'MyEgress.egress_encap_yequdesu'
[02:45:21.937] [bmv2] [D] [thread 160689] [33.0] [cxt 0] Looking up key:
* standard_metadata.egress_port: 0000

[02:45:21.937] [bmv2] [D] [thread 160689] [33.0] [cxt 0] Table 'MyEgress.egress_encap_yequdesu': miss
[02:45:21.937] [bmv2] [D] [thread 160689] [33.0] [cxt 0] Action entry is NoAction - 
[02:45:21.937] [bmv2] [T] [thread 160689] [33.0] [cxt 0] Action NoAction
[02:45:21.937] [bmv2] [T] [thread 160689] [33.0] [cxt 0] Applying table 'MyEgress.egress_encap_vxlan'
[02:45:21.937] [bmv2] [D] [thread 160689] [33.0] [cxt 0] Looking up key:
* standard_metadata.egress_port: 0000

[02:45:21.937] [bmv2] [D] [thread 160689] [33.0] [cxt 0] Table 'MyEgress.egress_encap_vxlan': miss
[02:45:21.937] [bmv2] [D] [thread 160689] [33.0] [cxt 0] Action entry is NoAction - 
[02:45:21.937] [bmv2] [T] [thread 160689] [33.0] [cxt 0] Action NoAction
[02:45:21.937] [bmv2] [D] [thread 160689] [33.0] [cxt 0] Pipeline 'egress': end
[02:45:21.937] [bmv2] [D] [thread 160689] [33.0] [cxt 0] Deparser 'deparser': start
[02:45:21.937] [bmv2] [T] [thread 160689] [33.0] [cxt 0] Skipping checksum 'cksum' update because condition not met
[02:45:21.937] [bmv2] [D] [thread 160689] [33.0] [cxt 0] Deparsing header 'ethernet'
[02:45:21.937] [bmv2] [D] [thread 160689] [33.0] [cxt 0] Deparsing header 'ipv6'
[02:45:21.937] [bmv2] [D] [thread 160689] [33.0] [cxt 0] Deparser 'deparser': end
[02:45:21.938] [bmv2] [D] [thread 160693] [33.0] [cxt 0] Transmitting packet of size 203 out of port 0
[02:45:25.645] [bmv2] [D] [thread 160688] [34.0] [cxt 0] Processing packet received on port 1
[02:45:25.645] [bmv2] [D] [thread 160688] [34.0] [cxt 0] Parser 'parser': start
[02:45:25.645] [bmv2] [D] [thread 160688] [34.0] [cxt 0] Parser 'parser' entering state 'start'
[02:45:25.645] [bmv2] [D] [thread 160688] [34.0] [cxt 0] Extracting header 'ethernet'
[02:45:25.645] [bmv2] [D] [thread 160688] [34.0] [cxt 0] Parser state 'start': key is 86dd
[02:45:25.645] [bmv2] [T] [thread 160688] [34.0] [cxt 0] Bytes parsed: 14
[02:45:25.645] [bmv2] [D] [thread 160688] [34.0] [cxt 0] Parser 'parser' entering state 'parse_ipv6'
[02:45:25.645] [bmv2] [D] [thread 160688] [34.0] [cxt 0] Extracting header 'ipv6'
[02:45:25.645] [bmv2] [D] [thread 160688] [34.0] [cxt 0] Parser state 'parse_ipv6': key is 3a
[02:45:25.645] [bmv2] [T] [thread 160688] [34.0] [cxt 0] Bytes parsed: 54
[02:45:25.645] [bmv2] [D] [thread 160688] [34.0] [cxt 0] Parser 'parser': end
[02:45:25.645] [bmv2] [D] [thread 160688] [34.0] [cxt 0] Pipeline 'ingress': start
[02:45:25.646] [bmv2] [T] [thread 160688] [34.0] [cxt 0] basic.p4(565) Condition "hdr.ethernet.etherType == TYPE_ARP" (node_2) is false
[02:45:25.646] [bmv2] [T] [thread 160688] [34.0] [cxt 0] basic.p4(568) Condition "hdr.ethernet.etherType == TYPE_SRCROUTING" (node_4) is false
[02:45:25.646] [bmv2] [T] [thread 160688] [34.0] [cxt 0] basic.p4(581) Condition "hdr.ethernet.etherType == TYPE_YEQUDESU" (node_12) is false
[02:45:25.646] [bmv2] [T] [thread 160688] [34.0] [cxt 0] basic.p4(587) Condition "hdr.vxlan.isValid()" (node_15) is false
[02:45:25.646] [bmv2] [T] [thread 160688] [34.0] [cxt 0] basic.p4(591) Condition "hdr.ipv6.isValid()" (node_17) is true
[02:45:25.646] [bmv2] [T] [thread 160688] [34.0] [cxt 0] Applying table 'MyIngress.ipv6_lpm'
[02:45:25.646] [bmv2] [D] [thread 160688] [34.0] [cxt 0] Looking up key:
* hdr.ipv6.dstAddr    : ff020000000000000000000000000002

[02:45:25.646] [bmv2] [D] [thread 160688] [34.0] [cxt 0] Table 'MyIngress.ipv6_lpm': miss
[02:45:25.646] [bmv2] [D] [thread 160688] [34.0] [cxt 0] Action entry is NoAction - 
[02:45:25.646] [bmv2] [T] [thread 160688] [34.0] [cxt 0] Action NoAction
[02:45:25.646] [bmv2] [D] [thread 160688] [34.0] [cxt 0] Pipeline 'ingress': end
[02:45:25.646] [bmv2] [D] [thread 160688] [34.0] [cxt 0] Egress port is 0
[02:45:25.646] [bmv2] [D] [thread 160689] [34.0] [cxt 0] Pipeline 'egress': start
[02:45:25.646] [bmv2] [T] [thread 160689] [34.0] [cxt 0] Applying table 'MyEgress.egress_encap_ipv6'
[02:45:25.646] [bmv2] [D] [thread 160689] [34.0] [cxt 0] Looking up key:
* standard_metadata.egress_port: 0000

[02:45:25.646] [bmv2] [D] [thread 160689] [34.0] [cxt 0] Table 'MyEgress.egress_encap_ipv6': miss
[02:45:25.646] [bmv2] [D] [thread 160689] [34.0] [cxt 0] Action entry is NoAction - 
[02:45:25.646] [bmv2] [T] [thread 160689] [34.0] [cxt 0] Action NoAction
[02:45:25.646] [bmv2] [T] [thread 160689] [34.0] [cxt 0] Applying table 'MyEgress.egress_encap_yequdesu'
[02:45:25.646] [bmv2] [D] [thread 160689] [34.0] [cxt 0] Looking up key:
* standard_metadata.egress_port: 0000

[02:45:25.646] [bmv2] [D] [thread 160689] [34.0] [cxt 0] Table 'MyEgress.egress_encap_yequdesu': miss
[02:45:25.646] [bmv2] [D] [thread 160689] [34.0] [cxt 0] Action entry is NoAction - 
[02:45:25.646] [bmv2] [T] [thread 160689] [34.0] [cxt 0] Action NoAction
[02:45:25.646] [bmv2] [T] [thread 160689] [34.0] [cxt 0] Applying table 'MyEgress.egress_encap_vxlan'
[02:45:25.646] [bmv2] [D] [thread 160689] [34.0] [cxt 0] Looking up key:
* standard_metadata.egress_port: 0000

[02:45:25.646] [bmv2] [D] [thread 160689] [34.0] [cxt 0] Table 'MyEgress.egress_encap_vxlan': miss
[02:45:25.646] [bmv2] [D] [thread 160689] [34.0] [cxt 0] Action entry is NoAction - 
[02:45:25.646] [bmv2] [T] [thread 160689] [34.0] [cxt 0] Action NoAction
[02:45:25.646] [bmv2] [D] [thread 160689] [34.0] [cxt 0] Pipeline 'egress': end
[02:45:25.646] [bmv2] [D] [thread 160689] [34.0] [cxt 0] Deparser 'deparser': start
[02:45:25.646] [bmv2] [T] [thread 160689] [34.0] [cxt 0] Skipping checksum 'cksum' update because condition not met
[02:45:25.646] [bmv2] [D] [thread 160689] [34.0] [cxt 0] Deparsing header 'ethernet'
[02:45:25.646] [bmv2] [D] [thread 160689] [34.0] [cxt 0] Deparsing header 'ipv6'
[02:45:25.646] [bmv2] [D] [thread 160689] [34.0] [cxt 0] Deparser 'deparser': end
[02:45:25.646] [bmv2] [D] [thread 160693] [34.0] [cxt 0] Transmitting packet of size 70 out of port 0
[02:45:26.670] [bmv2] [D] [thread 160688] [35.0] [cxt 0] Processing packet received on port 2
[02:45:26.671] [bmv2] [D] [thread 160688] [35.0] [cxt 0] Parser 'parser': start
[02:45:26.671] [bmv2] [D] [thread 160688] [35.0] [cxt 0] Parser 'parser' entering state 'start'
[02:45:26.671] [bmv2] [D] [thread 160688] [35.0] [cxt 0] Extracting header 'ethernet'
[02:45:26.671] [bmv2] [D] [thread 160688] [35.0] [cxt 0] Parser state 'start': key is 86dd
[02:45:26.671] [bmv2] [T] [thread 160688] [35.0] [cxt 0] Bytes parsed: 14
[02:45:26.671] [bmv2] [D] [thread 160688] [35.0] [cxt 0] Parser 'parser' entering state 'parse_ipv6'
[02:45:26.671] [bmv2] [D] [thread 160688] [35.0] [cxt 0] Extracting header 'ipv6'
[02:45:26.671] [bmv2] [D] [thread 160688] [35.0] [cxt 0] Parser state 'parse_ipv6': key is 3a
[02:45:26.671] [bmv2] [T] [thread 160688] [35.0] [cxt 0] Bytes parsed: 54
[02:45:26.671] [bmv2] [D] [thread 160688] [35.0] [cxt 0] Parser 'parser': end
[02:45:26.671] [bmv2] [D] [thread 160688] [35.0] [cxt 0] Pipeline 'ingress': start
[02:45:26.671] [bmv2] [T] [thread 160688] [35.0] [cxt 0] basic.p4(565) Condition "hdr.ethernet.etherType == TYPE_ARP" (node_2) is false
[02:45:26.671] [bmv2] [T] [thread 160688] [35.0] [cxt 0] basic.p4(568) Condition "hdr.ethernet.etherType == TYPE_SRCROUTING" (node_4) is false
[02:45:26.671] [bmv2] [T] [thread 160688] [35.0] [cxt 0] basic.p4(581) Condition "hdr.ethernet.etherType == TYPE_YEQUDESU" (node_12) is false
[02:45:26.671] [bmv2] [T] [thread 160688] [35.0] [cxt 0] basic.p4(587) Condition "hdr.vxlan.isValid()" (node_15) is false
[02:45:26.671] [bmv2] [T] [thread 160688] [35.0] [cxt 0] basic.p4(591) Condition "hdr.ipv6.isValid()" (node_17) is true
[02:45:26.671] [bmv2] [T] [thread 160688] [35.0] [cxt 0] Applying table 'MyIngress.ipv6_lpm'
[02:45:26.671] [bmv2] [D] [thread 160688] [35.0] [cxt 0] Looking up key:
* hdr.ipv6.dstAddr    : ff020000000000000000000000000002

[02:45:26.671] [bmv2] [D] [thread 160688] [35.0] [cxt 0] Table 'MyIngress.ipv6_lpm': miss
[02:45:26.671] [bmv2] [D] [thread 160688] [35.0] [cxt 0] Action entry is NoAction - 
[02:45:26.671] [bmv2] [T] [thread 160688] [35.0] [cxt 0] Action NoAction
[02:45:26.671] [bmv2] [D] [thread 160688] [35.0] [cxt 0] Pipeline 'ingress': end
[02:45:26.671] [bmv2] [D] [thread 160688] [35.0] [cxt 0] Egress port is 0
[02:45:26.671] [bmv2] [D] [thread 160689] [35.0] [cxt 0] Pipeline 'egress': start
[02:45:26.671] [bmv2] [T] [thread 160689] [35.0] [cxt 0] Applying table 'MyEgress.egress_encap_ipv6'
[02:45:26.671] [bmv2] [D] [thread 160689] [35.0] [cxt 0] Looking up key:
* standard_metadata.egress_port: 0000

[02:45:26.671] [bmv2] [D] [thread 160689] [35.0] [cxt 0] Table 'MyEgress.egress_encap_ipv6': miss
[02:45:26.671] [bmv2] [D] [thread 160689] [35.0] [cxt 0] Action entry is NoAction - 
[02:45:26.671] [bmv2] [T] [thread 160689] [35.0] [cxt 0] Action NoAction
[02:45:26.671] [bmv2] [T] [thread 160689] [35.0] [cxt 0] Applying table 'MyEgress.egress_encap_yequdesu'
[02:45:26.671] [bmv2] [D] [thread 160689] [35.0] [cxt 0] Looking up key:
* standard_metadata.egress_port: 0000

[02:45:26.671] [bmv2] [D] [thread 160689] [35.0] [cxt 0] Table 'MyEgress.egress_encap_yequdesu': miss
[02:45:26.671] [bmv2] [D] [thread 160689] [35.0] [cxt 0] Action entry is NoAction - 
[02:45:26.671] [bmv2] [T] [thread 160689] [35.0] [cxt 0] Action NoAction
[02:45:26.671] [bmv2] [T] [thread 160689] [35.0] [cxt 0] Applying table 'MyEgress.egress_encap_vxlan'
[02:45:26.671] [bmv2] [D] [thread 160689] [35.0] [cxt 0] Looking up key:
* standard_metadata.egress_port: 0000

[02:45:26.671] [bmv2] [D] [thread 160689] [35.0] [cxt 0] Table 'MyEgress.egress_encap_vxlan': miss
[02:45:26.671] [bmv2] [D] [thread 160689] [35.0] [cxt 0] Action entry is NoAction - 
[02:45:26.671] [bmv2] [T] [thread 160689] [35.0] [cxt 0] Action NoAction
[02:45:26.671] [bmv2] [D] [thread 160689] [35.0] [cxt 0] Pipeline 'egress': end
[02:45:26.671] [bmv2] [D] [thread 160689] [35.0] [cxt 0] Deparser 'deparser': start
[02:45:26.671] [bmv2] [T] [thread 160689] [35.0] [cxt 0] Skipping checksum 'cksum' update because condition not met
[02:45:26.671] [bmv2] [D] [thread 160689] [35.0] [cxt 0] Deparsing header 'ethernet'
[02:45:26.671] [bmv2] [D] [thread 160689] [35.0] [cxt 0] Deparsing header 'ipv6'
[02:45:26.671] [bmv2] [D] [thread 160689] [35.0] [cxt 0] Deparser 'deparser': end
[02:45:26.671] [bmv2] [D] [thread 160688] [36.0] [cxt 0] Processing packet received on port 1
[02:45:26.671] [bmv2] [D] [thread 160688] [36.0] [cxt 0] Parser 'parser': start
[02:45:26.671] [bmv2] [D] [thread 160688] [36.0] [cxt 0] Parser 'parser' entering state 'start'
[02:45:26.671] [bmv2] [D] [thread 160688] [36.0] [cxt 0] Extracting header 'ethernet'
[02:45:26.671] [bmv2] [D] [thread 160688] [36.0] [cxt 0] Parser state 'start': key is 86dd
[02:45:26.671] [bmv2] [T] [thread 160688] [36.0] [cxt 0] Bytes parsed: 14
[02:45:26.671] [bmv2] [D] [thread 160688] [36.0] [cxt 0] Parser 'parser' entering state 'parse_ipv6'
[02:45:26.671] [bmv2] [D] [thread 160688] [36.0] [cxt 0] Extracting header 'ipv6'
[02:45:26.671] [bmv2] [D] [thread 160688] [36.0] [cxt 0] Parser state 'parse_ipv6': key is 3a
[02:45:26.671] [bmv2] [T] [thread 160688] [36.0] [cxt 0] Bytes parsed: 54
[02:45:26.671] [bmv2] [D] [thread 160688] [36.0] [cxt 0] Parser 'parser': end
[02:45:26.671] [bmv2] [D] [thread 160688] [36.0] [cxt 0] Pipeline 'ingress': start
[02:45:26.671] [bmv2] [T] [thread 160688] [36.0] [cxt 0] basic.p4(565) Condition "hdr.ethernet.etherType == TYPE_ARP" (node_2) is false
[02:45:26.671] [bmv2] [T] [thread 160688] [36.0] [cxt 0] basic.p4(568) Condition "hdr.ethernet.etherType == TYPE_SRCROUTING" (node_4) is false
[02:45:26.671] [bmv2] [T] [thread 160688] [36.0] [cxt 0] basic.p4(581) Condition "hdr.ethernet.etherType == TYPE_YEQUDESU" (node_12) is false
[02:45:26.671] [bmv2] [T] [thread 160688] [36.0] [cxt 0] basic.p4(587) Condition "hdr.vxlan.isValid()" (node_15) is false
[02:45:26.671] [bmv2] [T] [thread 160688] [36.0] [cxt 0] basic.p4(591) Condition "hdr.ipv6.isValid()" (node_17) is true
[02:45:26.671] [bmv2] [T] [thread 160688] [36.0] [cxt 0] Applying table 'MyIngress.ipv6_lpm'
[02:45:26.671] [bmv2] [D] [thread 160688] [36.0] [cxt 0] Looking up key:
* hdr.ipv6.dstAddr    : ff020000000000000000000000000002

[02:45:26.671] [bmv2] [D] [thread 160688] [36.0] [cxt 0] Table 'MyIngress.ipv6_lpm': miss
[02:45:26.671] [bmv2] [D] [thread 160688] [36.0] [cxt 0] Action entry is NoAction - 
[02:45:26.671] [bmv2] [D] [thread 160693] [35.0] [cxt 0] Transmitting packet of size 70 out of port 0
[02:45:26.671] [bmv2] [T] [thread 160688] [36.0] [cxt 0] Action NoAction
[02:45:26.671] [bmv2] [D] [thread 160688] [36.0] [cxt 0] Pipeline 'ingress': end
[02:45:26.671] [bmv2] [D] [thread 160688] [36.0] [cxt 0] Egress port is 0
[02:45:26.671] [bmv2] [D] [thread 160689] [36.0] [cxt 0] Pipeline 'egress': start
[02:45:26.671] [bmv2] [T] [thread 160689] [36.0] [cxt 0] Applying table 'MyEgress.egress_encap_ipv6'
[02:45:26.671] [bmv2] [D] [thread 160689] [36.0] [cxt 0] Looking up key:
* standard_metadata.egress_port: 0000

[02:45:26.671] [bmv2] [D] [thread 160689] [36.0] [cxt 0] Table 'MyEgress.egress_encap_ipv6': miss
[02:45:26.671] [bmv2] [D] [thread 160689] [36.0] [cxt 0] Action entry is NoAction - 
[02:45:26.671] [bmv2] [T] [thread 160689] [36.0] [cxt 0] Action NoAction
[02:45:26.671] [bmv2] [T] [thread 160689] [36.0] [cxt 0] Applying table 'MyEgress.egress_encap_yequdesu'
[02:45:26.671] [bmv2] [D] [thread 160689] [36.0] [cxt 0] Looking up key:
* standard_metadata.egress_port: 0000

[02:45:26.671] [bmv2] [D] [thread 160689] [36.0] [cxt 0] Table 'MyEgress.egress_encap_yequdesu': miss
[02:45:26.671] [bmv2] [D] [thread 160689] [36.0] [cxt 0] Action entry is NoAction - 
[02:45:26.671] [bmv2] [T] [thread 160689] [36.0] [cxt 0] Action NoAction
[02:45:26.671] [bmv2] [T] [thread 160689] [36.0] [cxt 0] Applying table 'MyEgress.egress_encap_vxlan'
[02:45:26.671] [bmv2] [D] [thread 160689] [36.0] [cxt 0] Looking up key:
* standard_metadata.egress_port: 0000

[02:45:26.671] [bmv2] [D] [thread 160689] [36.0] [cxt 0] Table 'MyEgress.egress_encap_vxlan': miss
[02:45:26.671] [bmv2] [D] [thread 160689] [36.0] [cxt 0] Action entry is NoAction - 
[02:45:26.671] [bmv2] [T] [thread 160689] [36.0] [cxt 0] Action NoAction
[02:45:26.671] [bmv2] [D] [thread 160689] [36.0] [cxt 0] Pipeline 'egress': end
[02:45:26.671] [bmv2] [D] [thread 160689] [36.0] [cxt 0] Deparser 'deparser': start
[02:45:26.671] [bmv2] [T] [thread 160689] [36.0] [cxt 0] Skipping checksum 'cksum' update because condition not met
[02:45:26.671] [bmv2] [D] [thread 160689] [36.0] [cxt 0] Deparsing header 'ethernet'
[02:45:26.671] [bmv2] [D] [thread 160689] [36.0] [cxt 0] Deparsing header 'ipv6'
[02:45:26.671] [bmv2] [D] [thread 160689] [36.0] [cxt 0] Deparser 'deparser': end
[02:45:26.672] [bmv2] [D] [thread 160693] [36.0] [cxt 0] Transmitting packet of size 70 out of port 0
[02:45:28.206] [bmv2] [D] [thread 160688] [37.0] [cxt 0] Processing packet received on port 2
[02:45:28.206] [bmv2] [D] [thread 160688] [37.0] [cxt 0] Parser 'parser': start
[02:45:28.206] [bmv2] [D] [thread 160688] [37.0] [cxt 0] Parser 'parser' entering state 'start'
[02:45:28.206] [bmv2] [D] [thread 160688] [37.0] [cxt 0] Extracting header 'ethernet'
[02:45:28.206] [bmv2] [D] [thread 160688] [37.0] [cxt 0] Parser state 'start': key is 86dd
[02:45:28.206] [bmv2] [T] [thread 160688] [37.0] [cxt 0] Bytes parsed: 14
[02:45:28.206] [bmv2] [D] [thread 160688] [37.0] [cxt 0] Parser 'parser' entering state 'parse_ipv6'
[02:45:28.206] [bmv2] [D] [thread 160688] [37.0] [cxt 0] Extracting header 'ipv6'
[02:45:28.206] [bmv2] [D] [thread 160688] [37.0] [cxt 0] Parser state 'parse_ipv6': key is 3a
[02:45:28.206] [bmv2] [T] [thread 160688] [37.0] [cxt 0] Bytes parsed: 54
[02:45:28.206] [bmv2] [D] [thread 160688] [37.0] [cxt 0] Parser 'parser': end
[02:45:28.206] [bmv2] [D] [thread 160688] [37.0] [cxt 0] Pipeline 'ingress': start
[02:45:28.206] [bmv2] [T] [thread 160688] [37.0] [cxt 0] basic.p4(565) Condition "hdr.ethernet.etherType == TYPE_ARP" (node_2) is false
[02:45:28.206] [bmv2] [T] [thread 160688] [37.0] [cxt 0] basic.p4(568) Condition "hdr.ethernet.etherType == TYPE_SRCROUTING" (node_4) is false
[02:45:28.206] [bmv2] [T] [thread 160688] [37.0] [cxt 0] basic.p4(581) Condition "hdr.ethernet.etherType == TYPE_YEQUDESU" (node_12) is false
[02:45:28.206] [bmv2] [T] [thread 160688] [37.0] [cxt 0] basic.p4(587) Condition "hdr.vxlan.isValid()" (node_15) is false
[02:45:28.206] [bmv2] [T] [thread 160688] [37.0] [cxt 0] basic.p4(591) Condition "hdr.ipv6.isValid()" (node_17) is true
[02:45:28.206] [bmv2] [T] [thread 160688] [37.0] [cxt 0] Applying table 'MyIngress.ipv6_lpm'
[02:45:28.206] [bmv2] [D] [thread 160688] [37.0] [cxt 0] Looking up key:
* hdr.ipv6.dstAddr    : ff020000000000000000000000000002

[02:45:28.206] [bmv2] [D] [thread 160688] [37.0] [cxt 0] Table 'MyIngress.ipv6_lpm': miss
[02:45:28.206] [bmv2] [D] [thread 160688] [37.0] [cxt 0] Action entry is NoAction - 
[02:45:28.206] [bmv2] [T] [thread 160688] [37.0] [cxt 0] Action NoAction
[02:45:28.206] [bmv2] [D] [thread 160688] [37.0] [cxt 0] Pipeline 'ingress': end
[02:45:28.206] [bmv2] [D] [thread 160688] [37.0] [cxt 0] Egress port is 0
[02:45:28.206] [bmv2] [D] [thread 160689] [37.0] [cxt 0] Pipeline 'egress': start
[02:45:28.206] [bmv2] [T] [thread 160689] [37.0] [cxt 0] Applying table 'MyEgress.egress_encap_ipv6'
[02:45:28.206] [bmv2] [D] [thread 160689] [37.0] [cxt 0] Looking up key:
* standard_metadata.egress_port: 0000

[02:45:28.206] [bmv2] [D] [thread 160689] [37.0] [cxt 0] Table 'MyEgress.egress_encap_ipv6': miss
[02:45:28.206] [bmv2] [D] [thread 160689] [37.0] [cxt 0] Action entry is NoAction - 
[02:45:28.206] [bmv2] [T] [thread 160689] [37.0] [cxt 0] Action NoAction
[02:45:28.206] [bmv2] [T] [thread 160689] [37.0] [cxt 0] Applying table 'MyEgress.egress_encap_yequdesu'
[02:45:28.206] [bmv2] [D] [thread 160689] [37.0] [cxt 0] Looking up key:
* standard_metadata.egress_port: 0000

[02:45:28.206] [bmv2] [D] [thread 160689] [37.0] [cxt 0] Table 'MyEgress.egress_encap_yequdesu': miss
[02:45:28.206] [bmv2] [D] [thread 160689] [37.0] [cxt 0] Action entry is NoAction - 
[02:45:28.206] [bmv2] [T] [thread 160689] [37.0] [cxt 0] Action NoAction
[02:45:28.206] [bmv2] [T] [thread 160689] [37.0] [cxt 0] Applying table 'MyEgress.egress_encap_vxlan'
[02:45:28.206] [bmv2] [D] [thread 160689] [37.0] [cxt 0] Looking up key:
* standard_metadata.egress_port: 0000

[02:45:28.206] [bmv2] [D] [thread 160689] [37.0] [cxt 0] Table 'MyEgress.egress_encap_vxlan': miss
[02:45:28.206] [bmv2] [D] [thread 160689] [37.0] [cxt 0] Action entry is NoAction - 
[02:45:28.206] [bmv2] [T] [thread 160689] [37.0] [cxt 0] Action NoAction
[02:45:28.206] [bmv2] [D] [thread 160689] [37.0] [cxt 0] Pipeline 'egress': end
[02:45:28.206] [bmv2] [D] [thread 160689] [37.0] [cxt 0] Deparser 'deparser': start
[02:45:28.206] [bmv2] [T] [thread 160689] [37.0] [cxt 0] Skipping checksum 'cksum' update because condition not met
[02:45:28.206] [bmv2] [D] [thread 160689] [37.0] [cxt 0] Deparsing header 'ethernet'
[02:45:28.206] [bmv2] [D] [thread 160689] [37.0] [cxt 0] Deparsing header 'ipv6'
[02:45:28.206] [bmv2] [D] [thread 160689] [37.0] [cxt 0] Deparser 'deparser': end
[02:45:28.206] [bmv2] [D] [thread 160693] [37.0] [cxt 0] Transmitting packet of size 70 out of port 0
[02:45:29.553] [bmv2] [D] [thread 160688] [38.0] [cxt 0] Processing packet received on port 1
[02:45:29.553] [bmv2] [D] [thread 160688] [38.0] [cxt 0] Parser 'parser': start
[02:45:29.553] [bmv2] [D] [thread 160688] [38.0] [cxt 0] Parser 'parser' entering state 'start'
[02:45:29.553] [bmv2] [D] [thread 160688] [38.0] [cxt 0] Extracting header 'ethernet'
[02:45:29.553] [bmv2] [D] [thread 160688] [38.0] [cxt 0] Parser state 'start': key is 86dd
[02:45:29.553] [bmv2] [T] [thread 160688] [38.0] [cxt 0] Bytes parsed: 14
[02:45:29.553] [bmv2] [D] [thread 160688] [38.0] [cxt 0] Parser 'parser' entering state 'parse_ipv6'
[02:45:29.553] [bmv2] [D] [thread 160688] [38.0] [cxt 0] Extracting header 'ipv6'
[02:45:29.553] [bmv2] [D] [thread 160688] [38.0] [cxt 0] Parser state 'parse_ipv6': key is 11
[02:45:29.553] [bmv2] [T] [thread 160688] [38.0] [cxt 0] Bytes parsed: 54
[02:45:29.553] [bmv2] [D] [thread 160688] [38.0] [cxt 0] Parser 'parser': end
[02:45:29.553] [bmv2] [D] [thread 160688] [38.0] [cxt 0] Pipeline 'ingress': start
[02:45:29.553] [bmv2] [T] [thread 160688] [38.0] [cxt 0] basic.p4(565) Condition "hdr.ethernet.etherType == TYPE_ARP" (node_2) is false
[02:45:29.553] [bmv2] [T] [thread 160688] [38.0] [cxt 0] basic.p4(568) Condition "hdr.ethernet.etherType == TYPE_SRCROUTING" (node_4) is false
[02:45:29.553] [bmv2] [T] [thread 160688] [38.0] [cxt 0] basic.p4(581) Condition "hdr.ethernet.etherType == TYPE_YEQUDESU" (node_12) is false
[02:45:29.553] [bmv2] [T] [thread 160688] [38.0] [cxt 0] basic.p4(587) Condition "hdr.vxlan.isValid()" (node_15) is false
[02:45:29.553] [bmv2] [T] [thread 160688] [38.0] [cxt 0] basic.p4(591) Condition "hdr.ipv6.isValid()" (node_17) is true
[02:45:29.553] [bmv2] [T] [thread 160688] [38.0] [cxt 0] Applying table 'MyIngress.ipv6_lpm'
[02:45:29.553] [bmv2] [D] [thread 160688] [38.0] [cxt 0] Looking up key:
* hdr.ipv6.dstAddr    : ff0200000000000000000000000000fb

[02:45:29.553] [bmv2] [D] [thread 160688] [38.0] [cxt 0] Table 'MyIngress.ipv6_lpm': miss
[02:45:29.553] [bmv2] [D] [thread 160688] [38.0] [cxt 0] Action entry is NoAction - 
[02:45:29.553] [bmv2] [T] [thread 160688] [38.0] [cxt 0] Action NoAction
[02:45:29.553] [bmv2] [D] [thread 160688] [38.0] [cxt 0] Pipeline 'ingress': end
[02:45:29.553] [bmv2] [D] [thread 160688] [38.0] [cxt 0] Egress port is 0
[02:45:29.553] [bmv2] [D] [thread 160689] [38.0] [cxt 0] Pipeline 'egress': start
[02:45:29.553] [bmv2] [T] [thread 160689] [38.0] [cxt 0] Applying table 'MyEgress.egress_encap_ipv6'
[02:45:29.553] [bmv2] [D] [thread 160689] [38.0] [cxt 0] Looking up key:
* standard_metadata.egress_port: 0000

[02:45:29.553] [bmv2] [D] [thread 160689] [38.0] [cxt 0] Table 'MyEgress.egress_encap_ipv6': miss
[02:45:29.553] [bmv2] [D] [thread 160689] [38.0] [cxt 0] Action entry is NoAction - 
[02:45:29.553] [bmv2] [T] [thread 160689] [38.0] [cxt 0] Action NoAction
[02:45:29.553] [bmv2] [T] [thread 160689] [38.0] [cxt 0] Applying table 'MyEgress.egress_encap_yequdesu'
[02:45:29.553] [bmv2] [D] [thread 160689] [38.0] [cxt 0] Looking up key:
* standard_metadata.egress_port: 0000

[02:45:29.553] [bmv2] [D] [thread 160689] [38.0] [cxt 0] Table 'MyEgress.egress_encap_yequdesu': miss
[02:45:29.553] [bmv2] [D] [thread 160689] [38.0] [cxt 0] Action entry is NoAction - 
[02:45:29.553] [bmv2] [T] [thread 160689] [38.0] [cxt 0] Action NoAction
[02:45:29.553] [bmv2] [T] [thread 160689] [38.0] [cxt 0] Applying table 'MyEgress.egress_encap_vxlan'
[02:45:29.553] [bmv2] [D] [thread 160689] [38.0] [cxt 0] Looking up key:
* standard_metadata.egress_port: 0000

[02:45:29.553] [bmv2] [D] [thread 160689] [38.0] [cxt 0] Table 'MyEgress.egress_encap_vxlan': miss
[02:45:29.553] [bmv2] [D] [thread 160689] [38.0] [cxt 0] Action entry is NoAction - 
[02:45:29.553] [bmv2] [T] [thread 160689] [38.0] [cxt 0] Action NoAction
[02:45:29.553] [bmv2] [D] [thread 160689] [38.0] [cxt 0] Pipeline 'egress': end
[02:45:29.553] [bmv2] [D] [thread 160689] [38.0] [cxt 0] Deparser 'deparser': start
[02:45:29.553] [bmv2] [T] [thread 160689] [38.0] [cxt 0] Skipping checksum 'cksum' update because condition not met
[02:45:29.553] [bmv2] [D] [thread 160689] [38.0] [cxt 0] Deparsing header 'ethernet'
[02:45:29.553] [bmv2] [D] [thread 160689] [38.0] [cxt 0] Deparsing header 'ipv6'
[02:45:29.553] [bmv2] [D] [thread 160689] [38.0] [cxt 0] Deparser 'deparser': end
[02:45:29.553] [bmv2] [D] [thread 160693] [38.0] [cxt 0] Transmitting packet of size 203 out of port 0
[02:45:29.938] [bmv2] [D] [thread 160688] [39.0] [cxt 0] Processing packet received on port 2
[02:45:29.938] [bmv2] [D] [thread 160688] [39.0] [cxt 0] Parser 'parser': start
[02:45:29.938] [bmv2] [D] [thread 160688] [39.0] [cxt 0] Parser 'parser' entering state 'start'
[02:45:29.938] [bmv2] [D] [thread 160688] [39.0] [cxt 0] Extracting header 'ethernet'
[02:45:29.938] [bmv2] [D] [thread 160688] [39.0] [cxt 0] Parser state 'start': key is 86dd
[02:45:29.938] [bmv2] [T] [thread 160688] [39.0] [cxt 0] Bytes parsed: 14
[02:45:29.938] [bmv2] [D] [thread 160688] [39.0] [cxt 0] Parser 'parser' entering state 'parse_ipv6'
[02:45:29.938] [bmv2] [D] [thread 160688] [39.0] [cxt 0] Extracting header 'ipv6'
[02:45:29.938] [bmv2] [D] [thread 160688] [39.0] [cxt 0] Parser state 'parse_ipv6': key is 11
[02:45:29.938] [bmv2] [T] [thread 160688] [39.0] [cxt 0] Bytes parsed: 54
[02:45:29.938] [bmv2] [D] [thread 160688] [39.0] [cxt 0] Parser 'parser': end
[02:45:29.938] [bmv2] [D] [thread 160688] [39.0] [cxt 0] Pipeline 'ingress': start
[02:45:29.938] [bmv2] [T] [thread 160688] [39.0] [cxt 0] basic.p4(565) Condition "hdr.ethernet.etherType == TYPE_ARP" (node_2) is false
[02:45:29.938] [bmv2] [T] [thread 160688] [39.0] [cxt 0] basic.p4(568) Condition "hdr.ethernet.etherType == TYPE_SRCROUTING" (node_4) is false
[02:45:29.938] [bmv2] [T] [thread 160688] [39.0] [cxt 0] basic.p4(581) Condition "hdr.ethernet.etherType == TYPE_YEQUDESU" (node_12) is false
[02:45:29.938] [bmv2] [T] [thread 160688] [39.0] [cxt 0] basic.p4(587) Condition "hdr.vxlan.isValid()" (node_15) is false
[02:45:29.938] [bmv2] [T] [thread 160688] [39.0] [cxt 0] basic.p4(591) Condition "hdr.ipv6.isValid()" (node_17) is true
[02:45:29.938] [bmv2] [T] [thread 160688] [39.0] [cxt 0] Applying table 'MyIngress.ipv6_lpm'
[02:45:29.938] [bmv2] [D] [thread 160688] [39.0] [cxt 0] Looking up key:
* hdr.ipv6.dstAddr    : ff0200000000000000000000000000fb

[02:45:29.938] [bmv2] [D] [thread 160688] [39.0] [cxt 0] Table 'MyIngress.ipv6_lpm': miss
[02:45:29.938] [bmv2] [D] [thread 160688] [39.0] [cxt 0] Action entry is NoAction - 
[02:45:29.938] [bmv2] [T] [thread 160688] [39.0] [cxt 0] Action NoAction
[02:45:29.938] [bmv2] [D] [thread 160688] [39.0] [cxt 0] Pipeline 'ingress': end
[02:45:29.938] [bmv2] [D] [thread 160688] [39.0] [cxt 0] Egress port is 0
[02:45:29.938] [bmv2] [D] [thread 160689] [39.0] [cxt 0] Pipeline 'egress': start
[02:45:29.938] [bmv2] [T] [thread 160689] [39.0] [cxt 0] Applying table 'MyEgress.egress_encap_ipv6'
[02:45:29.938] [bmv2] [D] [thread 160689] [39.0] [cxt 0] Looking up key:
* standard_metadata.egress_port: 0000

[02:45:29.938] [bmv2] [D] [thread 160689] [39.0] [cxt 0] Table 'MyEgress.egress_encap_ipv6': miss
[02:45:29.938] [bmv2] [D] [thread 160689] [39.0] [cxt 0] Action entry is NoAction - 
[02:45:29.938] [bmv2] [T] [thread 160689] [39.0] [cxt 0] Action NoAction
[02:45:29.938] [bmv2] [T] [thread 160689] [39.0] [cxt 0] Applying table 'MyEgress.egress_encap_yequdesu'
[02:45:29.938] [bmv2] [D] [thread 160689] [39.0] [cxt 0] Looking up key:
* standard_metadata.egress_port: 0000

[02:45:29.938] [bmv2] [D] [thread 160689] [39.0] [cxt 0] Table 'MyEgress.egress_encap_yequdesu': miss
[02:45:29.938] [bmv2] [D] [thread 160689] [39.0] [cxt 0] Action entry is NoAction - 
[02:45:29.938] [bmv2] [T] [thread 160689] [39.0] [cxt 0] Action NoAction
[02:45:29.938] [bmv2] [T] [thread 160689] [39.0] [cxt 0] Applying table 'MyEgress.egress_encap_vxlan'
[02:45:29.938] [bmv2] [D] [thread 160689] [39.0] [cxt 0] Looking up key:
* standard_metadata.egress_port: 0000

[02:45:29.938] [bmv2] [D] [thread 160689] [39.0] [cxt 0] Table 'MyEgress.egress_encap_vxlan': miss
[02:45:29.938] [bmv2] [D] [thread 160689] [39.0] [cxt 0] Action entry is NoAction - 
[02:45:29.938] [bmv2] [T] [thread 160689] [39.0] [cxt 0] Action NoAction
[02:45:29.938] [bmv2] [D] [thread 160689] [39.0] [cxt 0] Pipeline 'egress': end
[02:45:29.938] [bmv2] [D] [thread 160689] [39.0] [cxt 0] Deparser 'deparser': start
[02:45:29.938] [bmv2] [T] [thread 160689] [39.0] [cxt 0] Skipping checksum 'cksum' update because condition not met
[02:45:29.938] [bmv2] [D] [thread 160689] [39.0] [cxt 0] Deparsing header 'ethernet'
[02:45:29.938] [bmv2] [D] [thread 160689] [39.0] [cxt 0] Deparsing header 'ipv6'
[02:45:29.938] [bmv2] [D] [thread 160689] [39.0] [cxt 0] Deparser 'deparser': end
[02:45:29.938] [bmv2] [D] [thread 160693] [39.0] [cxt 0] Transmitting packet of size 203 out of port 0
[02:45:30.403] [bmv2] [W] [thread 161144] [P4Runtime] p4::tmp::P4DeviceConfig is deprecated
[02:45:30.409] [bmv2] [D] [thread 161144] Set default default entry for table 'MyIngress.arp_match': MyIngress.drop - 
[02:45:30.409] [bmv2] [D] [thread 161144] Set default default entry for table 'tbl_srcRoute_finish': MyIngress.srcRoute_finish - 
[02:45:30.409] [bmv2] [D] [thread 161144] Set default default entry for table 'MyIngress.ipv4_lpm_src': NoAction - 
[02:45:30.409] [bmv2] [D] [thread 161144] Set default default entry for table 'tbl_srcRoute_nhop': MyIngress.srcRoute_nhop - 
[02:45:30.409] [bmv2] [D] [thread 161144] Set default default entry for table 'tbl_update_ttl': MyIngress.update_ttl - 
[02:45:30.409] [bmv2] [D] [thread 161144] Set default default entry for table 'MyIngress.yequdesu_exact': MyIngress.drop - 
[02:45:30.409] [bmv2] [D] [thread 161144] Set default default entry for table 'MyIngress.vxlan_decap_exact': MyIngress.drop - 
[02:45:30.409] [bmv2] [D] [thread 161144] Set default default entry for table 'MyIngress.ipv6_lpm': NoAction - 
[02:45:30.409] [bmv2] [D] [thread 161144] Set default default entry for table 'MyIngress.vxlan_lpm': NoAction - 
[02:45:30.409] [bmv2] [D] [thread 161144] Set default default entry for table 'MyIngress.modality_schedule': NoAction - 
[02:45:30.409] [bmv2] [D] [thread 161144] Set default default entry for table 'MyIngress.adjudication': NoAction - 
[02:45:30.409] [bmv2] [D] [thread 161144] Set default default entry for table 'MyIngress.ipv4_lpm': NoAction - 
[02:45:30.409] [bmv2] [D] [thread 161144] Set default default entry for table 'MyEgress.egress_encap_ipv6': NoAction - 
[02:45:30.409] [bmv2] [D] [thread 161144] Set default default entry for table 'MyEgress.egress_encap_yequdesu': NoAction - 
[02:45:30.409] [bmv2] [D] [thread 161144] Set default default entry for table 'MyEgress.egress_encap_vxlan': NoAction - 
[02:45:30.412] [bmv2] [D] [thread 161144] simple_switch target has been notified of a config swap
[02:45:30.507] [bmv2] [D] [thread 161144] Entry 0 added to table 'MyIngress.ipv4_lpm'
[02:45:30.507] [bmv2] [D] [thread 161144] Dumping entry 0
Match key:
* hdr.ipv4.dstAddr    : LPM       0a000202/32
Action entry: MyIngress.ipv4_forward - ffffffffffff,2,

[02:45:30.512] [bmv2] [D] [thread 161146] Entry 1 added to table 'MyIngress.ipv4_lpm'
[02:45:30.512] [bmv2] [D] [thread 161146] Dumping entry 1
Match key:
* hdr.ipv4.dstAddr    : LPM       0a000204/32
Action entry: MyIngress.ipv4_forward - ffffffffffff,2,

[02:45:30.515] [bmv2] [D] [thread 161144] Entry 2 added to table 'MyIngress.ipv4_lpm'
[02:45:30.515] [bmv2] [D] [thread 161144] Dumping entry 2
Match key:
* hdr.ipv4.dstAddr    : LPM       0a000101/32
Action entry: MyIngress.ipv4_forward - ffffffffffff,1,

[02:45:30.518] [bmv2] [D] [thread 161146] Entry 3 added to table 'MyIngress.ipv4_lpm'
[02:45:30.518] [bmv2] [D] [thread 161146] Dumping entry 3
Match key:
* hdr.ipv4.dstAddr    : LPM       0a000103/32
Action entry: MyIngress.ipv4_forward - ffffffffffff,1,

[02:45:41.006] [bmv2] [D] [thread 160688] [40.0] [cxt 0] Processing packet received on port 1
[02:45:41.006] [bmv2] [D] [thread 160688] [40.0] [cxt 0] Parser 'parser': start
[02:45:41.006] [bmv2] [D] [thread 160688] [40.0] [cxt 0] Parser 'parser' entering state 'start'
[02:45:41.006] [bmv2] [D] [thread 160688] [40.0] [cxt 0] Extracting header 'ethernet'
[02:45:41.006] [bmv2] [D] [thread 160688] [40.0] [cxt 0] Parser state 'start': key is 86dd
[02:45:41.006] [bmv2] [T] [thread 160688] [40.0] [cxt 0] Bytes parsed: 14
[02:45:41.006] [bmv2] [D] [thread 160688] [40.0] [cxt 0] Parser 'parser' entering state 'parse_ipv6'
[02:45:41.006] [bmv2] [D] [thread 160688] [40.0] [cxt 0] Extracting header 'ipv6'
[02:45:41.006] [bmv2] [D] [thread 160688] [40.0] [cxt 0] Parser state 'parse_ipv6': key is 3a
[02:45:41.006] [bmv2] [T] [thread 160688] [40.0] [cxt 0] Bytes parsed: 54
[02:45:41.006] [bmv2] [D] [thread 160688] [40.0] [cxt 0] Parser 'parser': end
[02:45:41.006] [bmv2] [D] [thread 160688] [40.0] [cxt 0] Pipeline 'ingress': start
[02:45:41.006] [bmv2] [T] [thread 160688] [40.0] [cxt 0] basic.p4(565) Condition "hdr.ethernet.etherType == TYPE_ARP" (node_2) is false
[02:45:41.006] [bmv2] [T] [thread 160688] [40.0] [cxt 0] basic.p4(568) Condition "hdr.ethernet.etherType == TYPE_SRCROUTING" (node_4) is false
[02:45:41.006] [bmv2] [T] [thread 160688] [40.0] [cxt 0] basic.p4(581) Condition "hdr.ethernet.etherType == TYPE_YEQUDESU" (node_12) is false
[02:45:41.006] [bmv2] [T] [thread 160688] [40.0] [cxt 0] basic.p4(587) Condition "hdr.vxlan.isValid()" (node_15) is false
[02:45:41.006] [bmv2] [T] [thread 160688] [40.0] [cxt 0] basic.p4(591) Condition "hdr.ipv6.isValid()" (node_17) is true
[02:45:41.006] [bmv2] [T] [thread 160688] [40.0] [cxt 0] Applying table 'MyIngress.ipv6_lpm'
[02:45:41.006] [bmv2] [D] [thread 160688] [40.0] [cxt 0] Looking up key:
* hdr.ipv6.dstAddr    : ff020000000000000000000000000002

[02:45:41.006] [bmv2] [D] [thread 160688] [40.0] [cxt 0] Table 'MyIngress.ipv6_lpm': miss
[02:45:41.006] [bmv2] [D] [thread 160688] [40.0] [cxt 0] Action entry is NoAction - 
[02:45:41.006] [bmv2] [T] [thread 160688] [40.0] [cxt 0] Action NoAction
[02:45:41.006] [bmv2] [D] [thread 160688] [40.0] [cxt 0] Pipeline 'ingress': end
[02:45:41.006] [bmv2] [D] [thread 160688] [40.0] [cxt 0] Egress port is 0
[02:45:41.006] [bmv2] [D] [thread 160689] [40.0] [cxt 0] Pipeline 'egress': start
[02:45:41.006] [bmv2] [T] [thread 160689] [40.0] [cxt 0] Applying table 'MyEgress.egress_encap_ipv6'
[02:45:41.006] [bmv2] [D] [thread 160689] [40.0] [cxt 0] Looking up key:
* standard_metadata.egress_port: 0000

[02:45:41.006] [bmv2] [D] [thread 160689] [40.0] [cxt 0] Table 'MyEgress.egress_encap_ipv6': miss
[02:45:41.006] [bmv2] [D] [thread 160689] [40.0] [cxt 0] Action entry is NoAction - 
[02:45:41.006] [bmv2] [T] [thread 160689] [40.0] [cxt 0] Action NoAction
[02:45:41.006] [bmv2] [T] [thread 160689] [40.0] [cxt 0] Applying table 'MyEgress.egress_encap_yequdesu'
[02:45:41.006] [bmv2] [D] [thread 160689] [40.0] [cxt 0] Looking up key:
* standard_metadata.egress_port: 0000

[02:45:41.006] [bmv2] [D] [thread 160689] [40.0] [cxt 0] Table 'MyEgress.egress_encap_yequdesu': miss
[02:45:41.006] [bmv2] [D] [thread 160689] [40.0] [cxt 0] Action entry is NoAction - 
[02:45:41.006] [bmv2] [T] [thread 160689] [40.0] [cxt 0] Action NoAction
[02:45:41.006] [bmv2] [T] [thread 160689] [40.0] [cxt 0] Applying table 'MyEgress.egress_encap_vxlan'
[02:45:41.006] [bmv2] [D] [thread 160689] [40.0] [cxt 0] Looking up key:
* standard_metadata.egress_port: 0000

[02:45:41.006] [bmv2] [D] [thread 160689] [40.0] [cxt 0] Table 'MyEgress.egress_encap_vxlan': miss
[02:45:41.006] [bmv2] [D] [thread 160689] [40.0] [cxt 0] Action entry is NoAction - 
[02:45:41.006] [bmv2] [T] [thread 160689] [40.0] [cxt 0] Action NoAction
[02:45:41.006] [bmv2] [D] [thread 160689] [40.0] [cxt 0] Pipeline 'egress': end
[02:45:41.006] [bmv2] [D] [thread 160689] [40.0] [cxt 0] Deparser 'deparser': start
[02:45:41.006] [bmv2] [T] [thread 160689] [40.0] [cxt 0] Skipping checksum 'cksum' update because condition not met
[02:45:41.006] [bmv2] [D] [thread 160689] [40.0] [cxt 0] Deparsing header 'ethernet'
[02:45:41.006] [bmv2] [D] [thread 160689] [40.0] [cxt 0] Deparsing header 'ipv6'
[02:45:41.006] [bmv2] [D] [thread 160689] [40.0] [cxt 0] Deparser 'deparser': end
[02:45:41.006] [bmv2] [D] [thread 160693] [40.0] [cxt 0] Transmitting packet of size 70 out of port 0
[02:45:42.030] [bmv2] [D] [thread 160688] [41.0] [cxt 0] Processing packet received on port 1
[02:45:42.030] [bmv2] [D] [thread 160688] [41.0] [cxt 0] Parser 'parser': start
[02:45:42.030] [bmv2] [D] [thread 160688] [41.0] [cxt 0] Parser 'parser' entering state 'start'
[02:45:42.030] [bmv2] [D] [thread 160688] [41.0] [cxt 0] Extracting header 'ethernet'
[02:45:42.030] [bmv2] [D] [thread 160688] [41.0] [cxt 0] Parser state 'start': key is 86dd
[02:45:42.030] [bmv2] [T] [thread 160688] [41.0] [cxt 0] Bytes parsed: 14
[02:45:42.030] [bmv2] [D] [thread 160688] [41.0] [cxt 0] Parser 'parser' entering state 'parse_ipv6'
[02:45:42.030] [bmv2] [D] [thread 160688] [41.0] [cxt 0] Extracting header 'ipv6'
[02:45:42.030] [bmv2] [D] [thread 160688] [41.0] [cxt 0] Parser state 'parse_ipv6': key is 3a
[02:45:42.030] [bmv2] [T] [thread 160688] [41.0] [cxt 0] Bytes parsed: 54
[02:45:42.030] [bmv2] [D] [thread 160688] [41.0] [cxt 0] Parser 'parser': end
[02:45:42.030] [bmv2] [D] [thread 160688] [41.0] [cxt 0] Pipeline 'ingress': start
[02:45:42.030] [bmv2] [T] [thread 160688] [41.0] [cxt 0] basic.p4(565) Condition "hdr.ethernet.etherType == TYPE_ARP" (node_2) is false
[02:45:42.030] [bmv2] [T] [thread 160688] [41.0] [cxt 0] basic.p4(568) Condition "hdr.ethernet.etherType == TYPE_SRCROUTING" (node_4) is false
[02:45:42.030] [bmv2] [T] [thread 160688] [41.0] [cxt 0] basic.p4(581) Condition "hdr.ethernet.etherType == TYPE_YEQUDESU" (node_12) is false
[02:45:42.030] [bmv2] [T] [thread 160688] [41.0] [cxt 0] basic.p4(587) Condition "hdr.vxlan.isValid()" (node_15) is false
[02:45:42.030] [bmv2] [T] [thread 160688] [41.0] [cxt 0] basic.p4(591) Condition "hdr.ipv6.isValid()" (node_17) is true
[02:45:42.030] [bmv2] [T] [thread 160688] [41.0] [cxt 0] Applying table 'MyIngress.ipv6_lpm'
[02:45:42.030] [bmv2] [D] [thread 160688] [41.0] [cxt 0] Looking up key:
* hdr.ipv6.dstAddr    : ff020000000000000000000000000002

[02:45:42.030] [bmv2] [D] [thread 160688] [41.0] [cxt 0] Table 'MyIngress.ipv6_lpm': miss
[02:45:42.030] [bmv2] [D] [thread 160688] [41.0] [cxt 0] Action entry is NoAction - 
[02:45:42.030] [bmv2] [T] [thread 160688] [41.0] [cxt 0] Action NoAction
[02:45:42.030] [bmv2] [D] [thread 160688] [41.0] [cxt 0] Pipeline 'ingress': end
[02:45:42.030] [bmv2] [D] [thread 160688] [41.0] [cxt 0] Egress port is 0
[02:45:42.030] [bmv2] [D] [thread 160689] [41.0] [cxt 0] Pipeline 'egress': start
[02:45:42.030] [bmv2] [T] [thread 160689] [41.0] [cxt 0] Applying table 'MyEgress.egress_encap_ipv6'
[02:45:42.030] [bmv2] [D] [thread 160689] [41.0] [cxt 0] Looking up key:
* standard_metadata.egress_port: 0000

[02:45:42.030] [bmv2] [D] [thread 160689] [41.0] [cxt 0] Table 'MyEgress.egress_encap_ipv6': miss
[02:45:42.030] [bmv2] [D] [thread 160689] [41.0] [cxt 0] Action entry is NoAction - 
[02:45:42.030] [bmv2] [T] [thread 160689] [41.0] [cxt 0] Action NoAction
[02:45:42.030] [bmv2] [T] [thread 160689] [41.0] [cxt 0] Applying table 'MyEgress.egress_encap_yequdesu'
[02:45:42.030] [bmv2] [D] [thread 160689] [41.0] [cxt 0] Looking up key:
* standard_metadata.egress_port: 0000

[02:45:42.030] [bmv2] [D] [thread 160689] [41.0] [cxt 0] Table 'MyEgress.egress_encap_yequdesu': miss
[02:45:42.030] [bmv2] [D] [thread 160689] [41.0] [cxt 0] Action entry is NoAction - 
[02:45:42.030] [bmv2] [T] [thread 160689] [41.0] [cxt 0] Action NoAction
[02:45:42.030] [bmv2] [T] [thread 160689] [41.0] [cxt 0] Applying table 'MyEgress.egress_encap_vxlan'
[02:45:42.030] [bmv2] [D] [thread 160689] [41.0] [cxt 0] Looking up key:
* standard_metadata.egress_port: 0000

[02:45:42.030] [bmv2] [D] [thread 160689] [41.0] [cxt 0] Table 'MyEgress.egress_encap_vxlan': miss
[02:45:42.030] [bmv2] [D] [thread 160689] [41.0] [cxt 0] Action entry is NoAction - 
[02:45:42.030] [bmv2] [T] [thread 160689] [41.0] [cxt 0] Action NoAction
[02:45:42.030] [bmv2] [D] [thread 160689] [41.0] [cxt 0] Pipeline 'egress': end
[02:45:42.030] [bmv2] [D] [thread 160689] [41.0] [cxt 0] Deparser 'deparser': start
[02:45:42.030] [bmv2] [T] [thread 160689] [41.0] [cxt 0] Skipping checksum 'cksum' update because condition not met
[02:45:42.030] [bmv2] [D] [thread 160689] [41.0] [cxt 0] Deparsing header 'ethernet'
[02:45:42.030] [bmv2] [D] [thread 160689] [41.0] [cxt 0] Deparsing header 'ipv6'
[02:45:42.030] [bmv2] [D] [thread 160689] [41.0] [cxt 0] Deparser 'deparser': end
[02:45:42.030] [bmv2] [D] [thread 160693] [41.0] [cxt 0] Transmitting packet of size 70 out of port 0
[02:45:42.542] [bmv2] [D] [thread 160688] [42.0] [cxt 0] Processing packet received on port 2
[02:45:42.542] [bmv2] [D] [thread 160688] [42.0] [cxt 0] Parser 'parser': start
[02:45:42.542] [bmv2] [D] [thread 160688] [42.0] [cxt 0] Parser 'parser' entering state 'start'
[02:45:42.542] [bmv2] [D] [thread 160688] [42.0] [cxt 0] Extracting header 'ethernet'
[02:45:42.542] [bmv2] [D] [thread 160688] [42.0] [cxt 0] Parser state 'start': key is 86dd
[02:45:42.542] [bmv2] [T] [thread 160688] [42.0] [cxt 0] Bytes parsed: 14
[02:45:42.542] [bmv2] [D] [thread 160688] [42.0] [cxt 0] Parser 'parser' entering state 'parse_ipv6'
[02:45:42.542] [bmv2] [D] [thread 160688] [42.0] [cxt 0] Extracting header 'ipv6'
[02:45:42.542] [bmv2] [D] [thread 160688] [42.0] [cxt 0] Parser state 'parse_ipv6': key is 3a
[02:45:42.542] [bmv2] [T] [thread 160688] [42.0] [cxt 0] Bytes parsed: 54
[02:45:42.542] [bmv2] [D] [thread 160688] [42.0] [cxt 0] Parser 'parser': end
[02:45:42.542] [bmv2] [D] [thread 160688] [42.0] [cxt 0] Pipeline 'ingress': start
[02:45:42.542] [bmv2] [T] [thread 160688] [42.0] [cxt 0] basic.p4(565) Condition "hdr.ethernet.etherType == TYPE_ARP" (node_2) is false
[02:45:42.542] [bmv2] [T] [thread 160688] [42.0] [cxt 0] basic.p4(568) Condition "hdr.ethernet.etherType == TYPE_SRCROUTING" (node_4) is false
[02:45:42.542] [bmv2] [T] [thread 160688] [42.0] [cxt 0] basic.p4(581) Condition "hdr.ethernet.etherType == TYPE_YEQUDESU" (node_12) is false
[02:45:42.542] [bmv2] [T] [thread 160688] [42.0] [cxt 0] basic.p4(587) Condition "hdr.vxlan.isValid()" (node_15) is false
[02:45:42.542] [bmv2] [T] [thread 160688] [42.0] [cxt 0] basic.p4(591) Condition "hdr.ipv6.isValid()" (node_17) is true
[02:45:42.542] [bmv2] [T] [thread 160688] [42.0] [cxt 0] Applying table 'MyIngress.ipv6_lpm'
[02:45:42.542] [bmv2] [D] [thread 160688] [42.0] [cxt 0] Looking up key:
* hdr.ipv6.dstAddr    : ff020000000000000000000000000002

[02:45:42.542] [bmv2] [D] [thread 160688] [42.0] [cxt 0] Table 'MyIngress.ipv6_lpm': miss
[02:45:42.542] [bmv2] [D] [thread 160688] [42.0] [cxt 0] Action entry is NoAction - 
[02:45:42.542] [bmv2] [T] [thread 160688] [42.0] [cxt 0] Action NoAction
[02:45:42.542] [bmv2] [D] [thread 160688] [42.0] [cxt 0] Pipeline 'ingress': end
[02:45:42.542] [bmv2] [D] [thread 160688] [42.0] [cxt 0] Egress port is 0
[02:45:42.542] [bmv2] [D] [thread 160689] [42.0] [cxt 0] Pipeline 'egress': start
[02:45:42.542] [bmv2] [T] [thread 160689] [42.0] [cxt 0] Applying table 'MyEgress.egress_encap_ipv6'
[02:45:42.542] [bmv2] [D] [thread 160689] [42.0] [cxt 0] Looking up key:
* standard_metadata.egress_port: 0000

[02:45:42.542] [bmv2] [D] [thread 160689] [42.0] [cxt 0] Table 'MyEgress.egress_encap_ipv6': miss
[02:45:42.542] [bmv2] [D] [thread 160689] [42.0] [cxt 0] Action entry is NoAction - 
[02:45:42.542] [bmv2] [T] [thread 160689] [42.0] [cxt 0] Action NoAction
[02:45:42.542] [bmv2] [T] [thread 160689] [42.0] [cxt 0] Applying table 'MyEgress.egress_encap_yequdesu'
[02:45:42.542] [bmv2] [D] [thread 160689] [42.0] [cxt 0] Looking up key:
* standard_metadata.egress_port: 0000

[02:45:42.542] [bmv2] [D] [thread 160689] [42.0] [cxt 0] Table 'MyEgress.egress_encap_yequdesu': miss
[02:45:42.542] [bmv2] [D] [thread 160689] [42.0] [cxt 0] Action entry is NoAction - 
[02:45:42.542] [bmv2] [T] [thread 160689] [42.0] [cxt 0] Action NoAction
[02:45:42.542] [bmv2] [T] [thread 160689] [42.0] [cxt 0] Applying table 'MyEgress.egress_encap_vxlan'
[02:45:42.542] [bmv2] [D] [thread 160689] [42.0] [cxt 0] Looking up key:
* standard_metadata.egress_port: 0000

[02:45:42.542] [bmv2] [D] [thread 160689] [42.0] [cxt 0] Table 'MyEgress.egress_encap_vxlan': miss
[02:45:42.542] [bmv2] [D] [thread 160689] [42.0] [cxt 0] Action entry is NoAction - 
[02:45:42.542] [bmv2] [T] [thread 160689] [42.0] [cxt 0] Action NoAction
[02:45:42.542] [bmv2] [D] [thread 160689] [42.0] [cxt 0] Pipeline 'egress': end
[02:45:42.542] [bmv2] [D] [thread 160689] [42.0] [cxt 0] Deparser 'deparser': start
[02:45:42.542] [bmv2] [T] [thread 160689] [42.0] [cxt 0] Skipping checksum 'cksum' update because condition not met
[02:45:42.542] [bmv2] [D] [thread 160689] [42.0] [cxt 0] Deparsing header 'ethernet'
[02:45:42.542] [bmv2] [D] [thread 160689] [42.0] [cxt 0] Deparsing header 'ipv6'
[02:45:42.542] [bmv2] [D] [thread 160689] [42.0] [cxt 0] Deparser 'deparser': end
[02:45:42.542] [bmv2] [D] [thread 160693] [42.0] [cxt 0] Transmitting packet of size 70 out of port 0
[02:45:44.457] [bmv2] [D] [thread 160688] [43.0] [cxt 0] Processing packet received on port 1
[02:45:44.457] [bmv2] [D] [thread 160688] [43.0] [cxt 0] Parser 'parser': start
[02:45:44.457] [bmv2] [D] [thread 160688] [43.0] [cxt 0] Parser 'parser' entering state 'start'
[02:45:44.457] [bmv2] [D] [thread 160688] [43.0] [cxt 0] Extracting header 'ethernet'
[02:45:44.457] [bmv2] [D] [thread 160688] [43.0] [cxt 0] Parser state 'start': key is 0800
[02:45:44.457] [bmv2] [T] [thread 160688] [43.0] [cxt 0] Bytes parsed: 14
[02:45:44.457] [bmv2] [D] [thread 160688] [43.0] [cxt 0] Parser 'parser' entering state 'parse_ipv4'
[02:45:44.457] [bmv2] [D] [thread 160688] [43.0] [cxt 0] Extracting header 'ipv4'
[02:45:44.457] [bmv2] [D] [thread 160688] [43.0] [cxt 0] Parser state 'parse_ipv4': key is 06
[02:45:44.457] [bmv2] [T] [thread 160688] [43.0] [cxt 0] Bytes parsed: 34
[02:45:44.457] [bmv2] [D] [thread 160688] [43.0] [cxt 0] Parser 'parser': end
[02:45:44.457] [bmv2] [D] [thread 160688] [43.0] [cxt 0] Pipeline 'ingress': start
[02:45:44.457] [bmv2] [T] [thread 160688] [43.0] [cxt 0] basic.p4(565) Condition "hdr.ethernet.etherType == TYPE_ARP" (node_2) is false
[02:45:44.457] [bmv2] [T] [thread 160688] [43.0] [cxt 0] basic.p4(568) Condition "hdr.ethernet.etherType == TYPE_SRCROUTING" (node_4) is false
[02:45:44.457] [bmv2] [T] [thread 160688] [43.0] [cxt 0] basic.p4(581) Condition "hdr.ethernet.etherType == TYPE_YEQUDESU" (node_12) is false
[02:45:44.457] [bmv2] [T] [thread 160688] [43.0] [cxt 0] basic.p4(587) Condition "hdr.vxlan.isValid()" (node_15) is false
[02:45:44.457] [bmv2] [T] [thread 160688] [43.0] [cxt 0] basic.p4(591) Condition "hdr.ipv6.isValid()" (node_17) is false
[02:45:44.457] [bmv2] [T] [thread 160688] [43.0] [cxt 0] basic.p4(595) Condition "hdr.ipv4.isValid()" (node_19) is true
[02:45:44.457] [bmv2] [T] [thread 160688] [43.0] [cxt 0] basic.p4(597) Condition "hdr.udp.isValid() && hdr.udp.dstPort == VXLAN_PORT" (node_20) is false
[02:45:44.457] [bmv2] [T] [thread 160688] [43.0] [cxt 0] Applying table 'MyIngress.modality_schedule'
[02:45:44.457] [bmv2] [D] [thread 160688] [43.0] [cxt 0] Looking up key:
* hdr.ipv4.dstAddr    : 0a000202

[02:45:44.457] [bmv2] [D] [thread 160688] [43.0] [cxt 0] Table 'MyIngress.modality_schedule': miss
[02:45:44.457] [bmv2] [D] [thread 160688] [43.0] [cxt 0] Action entry is NoAction - 
[02:45:44.457] [bmv2] [T] [thread 160688] [43.0] [cxt 0] Action NoAction
[02:45:44.457] [bmv2] [T] [thread 160688] [43.0] [cxt 0] basic.p4(602) Condition "meta.do_multimodal == 0" (node_23) is true
[02:45:44.457] [bmv2] [T] [thread 160688] [43.0] [cxt 0] Applying table 'MyIngress.adjudication'
[02:45:44.458] [bmv2] [D] [thread 160688] [43.0] [cxt 0] Looking up key:
* hdr.ipv4.dstAddr    : 0a000202

[02:45:44.458] [bmv2] [D] [thread 160688] [43.0] [cxt 0] Table 'MyIngress.adjudication': miss
[02:45:44.458] [bmv2] [D] [thread 160688] [43.0] [cxt 0] Action entry is NoAction - 
[02:45:44.458] [bmv2] [T] [thread 160688] [43.0] [cxt 0] Action NoAction
[02:45:44.458] [bmv2] [T] [thread 160688] [43.0] [cxt 0] Applying table 'MyIngress.ipv4_lpm'
[02:45:44.458] [bmv2] [D] [thread 160688] [43.0] [cxt 0] Looking up key:
* hdr.ipv4.dstAddr    : 0a000202

[02:45:44.458] [bmv2] [D] [thread 160688] [43.0] [cxt 0] Table 'MyIngress.ipv4_lpm': hit with handle 0
[02:45:44.458] [bmv2] [D] [thread 160688] [43.0] [cxt 0] Dumping entry 0
Match key:
* hdr.ipv4.dstAddr    : LPM       0a000202/32
Action entry: MyIngress.ipv4_forward - ffffffffffff,2,

[02:45:44.458] [bmv2] [D] [thread 160688] [43.0] [cxt 0] Action entry is MyIngress.ipv4_forward - ffffffffffff,2,
[02:45:44.458] [bmv2] [T] [thread 160688] [43.0] [cxt 0] Action MyIngress.ipv4_forward
[02:45:44.458] [bmv2] [T] [thread 160688] [43.0] [cxt 0] basic.p4(237) Primitive standard_metadata.egress_spec = port
[02:45:44.458] [bmv2] [T] [thread 160688] [43.0] [cxt 0] basic.p4(238) Primitive hdr.ethernet.srcAddr = hdr.ethernet.dstAddr
[02:45:44.458] [bmv2] [T] [thread 160688] [43.0] [cxt 0] basic.p4(239) Primitive hdr.ethernet.dstAddr = dstAddr
[02:45:44.458] [bmv2] [T] [thread 160688] [43.0] [cxt 0] basic.p4(240) Primitive hdr.ipv4.ttl = hdr.ipv4.ttl - 1
[02:45:44.458] [bmv2] [D] [thread 160688] [43.0] [cxt 0] Pipeline 'ingress': end
[02:45:44.458] [bmv2] [D] [thread 160688] [43.0] [cxt 0] Egress port is 2
[02:45:44.458] [bmv2] [D] [thread 160691] [43.0] [cxt 0] Pipeline 'egress': start
[02:45:44.458] [bmv2] [T] [thread 160691] [43.0] [cxt 0] Applying table 'MyEgress.egress_encap_ipv6'
[02:45:44.458] [bmv2] [D] [thread 160691] [43.0] [cxt 0] Looking up key:
* standard_metadata.egress_port: 0002

[02:45:44.458] [bmv2] [D] [thread 160691] [43.0] [cxt 0] Table 'MyEgress.egress_encap_ipv6': miss
[02:45:44.458] [bmv2] [D] [thread 160691] [43.0] [cxt 0] Action entry is NoAction - 
[02:45:44.458] [bmv2] [T] [thread 160691] [43.0] [cxt 0] Action NoAction
[02:45:44.458] [bmv2] [T] [thread 160691] [43.0] [cxt 0] Applying table 'MyEgress.egress_encap_yequdesu'
[02:45:44.458] [bmv2] [D] [thread 160691] [43.0] [cxt 0] Looking up key:
* standard_metadata.egress_port: 0002

[02:45:44.458] [bmv2] [D] [thread 160691] [43.0] [cxt 0] Table 'MyEgress.egress_encap_yequdesu': miss
[02:45:44.458] [bmv2] [D] [thread 160691] [43.0] [cxt 0] Action entry is NoAction - 
[02:45:44.458] [bmv2] [T] [thread 160691] [43.0] [cxt 0] Action NoAction
[02:45:44.458] [bmv2] [T] [thread 160691] [43.0] [cxt 0] Applying table 'MyEgress.egress_encap_vxlan'
[02:45:44.458] [bmv2] [D] [thread 160691] [43.0] [cxt 0] Looking up key:
* standard_metadata.egress_port: 0002

[02:45:44.458] [bmv2] [D] [thread 160691] [43.0] [cxt 0] Table 'MyEgress.egress_encap_vxlan': miss
[02:45:44.458] [bmv2] [D] [thread 160691] [43.0] [cxt 0] Action entry is NoAction - 
[02:45:44.458] [bmv2] [T] [thread 160691] [43.0] [cxt 0] Action NoAction
[02:45:44.458] [bmv2] [D] [thread 160691] [43.0] [cxt 0] Pipeline 'egress': end
[02:45:44.458] [bmv2] [D] [thread 160691] [43.0] [cxt 0] Deparser 'deparser': start
[02:45:44.458] [bmv2] [D] [thread 160691] [43.0] [cxt 0] Updating checksum 'cksum'
[02:45:44.458] [bmv2] [D] [thread 160691] [43.0] [cxt 0] Deparsing header 'ethernet'
[02:45:44.458] [bmv2] [D] [thread 160691] [43.0] [cxt 0] Deparsing header 'ipv4'
[02:45:44.458] [bmv2] [D] [thread 160691] [43.0] [cxt 0] Deparser 'deparser': end
[02:45:44.458] [bmv2] [D] [thread 160693] [43.0] [cxt 0] Transmitting packet of size 64 out of port 2
[02:45:44.590] [bmv2] [D] [thread 160688] [44.0] [cxt 0] Processing packet received on port 2
[02:45:44.591] [bmv2] [D] [thread 160688] [44.0] [cxt 0] Parser 'parser': start
[02:45:44.591] [bmv2] [D] [thread 160688] [44.0] [cxt 0] Parser 'parser' entering state 'start'
[02:45:44.591] [bmv2] [D] [thread 160688] [44.0] [cxt 0] Extracting header 'ethernet'
[02:45:44.591] [bmv2] [D] [thread 160688] [44.0] [cxt 0] Parser state 'start': key is 86dd
[02:45:44.591] [bmv2] [T] [thread 160688] [44.0] [cxt 0] Bytes parsed: 14
[02:45:44.591] [bmv2] [D] [thread 160688] [44.0] [cxt 0] Parser 'parser' entering state 'parse_ipv6'
[02:45:44.591] [bmv2] [D] [thread 160688] [44.0] [cxt 0] Extracting header 'ipv6'
[02:45:44.591] [bmv2] [D] [thread 160688] [44.0] [cxt 0] Parser state 'parse_ipv6': key is 3a
[02:45:44.591] [bmv2] [T] [thread 160688] [44.0] [cxt 0] Bytes parsed: 54
[02:45:44.591] [bmv2] [D] [thread 160688] [44.0] [cxt 0] Parser 'parser': end
[02:45:44.591] [bmv2] [D] [thread 160688] [44.0] [cxt 0] Pipeline 'ingress': start
[02:45:44.591] [bmv2] [T] [thread 160688] [44.0] [cxt 0] basic.p4(565) Condition "hdr.ethernet.etherType == TYPE_ARP" (node_2) is false
[02:45:44.591] [bmv2] [T] [thread 160688] [44.0] [cxt 0] basic.p4(568) Condition "hdr.ethernet.etherType == TYPE_SRCROUTING" (node_4) is false
[02:45:44.591] [bmv2] [T] [thread 160688] [44.0] [cxt 0] basic.p4(581) Condition "hdr.ethernet.etherType == TYPE_YEQUDESU" (node_12) is false
[02:45:44.591] [bmv2] [T] [thread 160688] [44.0] [cxt 0] basic.p4(587) Condition "hdr.vxlan.isValid()" (node_15) is false
[02:45:44.591] [bmv2] [T] [thread 160688] [44.0] [cxt 0] basic.p4(591) Condition "hdr.ipv6.isValid()" (node_17) is true
[02:45:44.591] [bmv2] [T] [thread 160688] [44.0] [cxt 0] Applying table 'MyIngress.ipv6_lpm'
[02:45:44.591] [bmv2] [D] [thread 160688] [44.0] [cxt 0] Looking up key:
* hdr.ipv6.dstAddr    : ff020000000000000000000000000002

[02:45:44.591] [bmv2] [D] [thread 160688] [44.0] [cxt 0] Table 'MyIngress.ipv6_lpm': miss
[02:45:44.591] [bmv2] [D] [thread 160688] [44.0] [cxt 0] Action entry is NoAction - 
[02:45:44.591] [bmv2] [T] [thread 160688] [44.0] [cxt 0] Action NoAction
[02:45:44.591] [bmv2] [D] [thread 160688] [44.0] [cxt 0] Pipeline 'ingress': end
[02:45:44.591] [bmv2] [D] [thread 160688] [44.0] [cxt 0] Egress port is 0
[02:45:44.591] [bmv2] [D] [thread 160689] [44.0] [cxt 0] Pipeline 'egress': start
[02:45:44.591] [bmv2] [T] [thread 160689] [44.0] [cxt 0] Applying table 'MyEgress.egress_encap_ipv6'
[02:45:44.591] [bmv2] [D] [thread 160689] [44.0] [cxt 0] Looking up key:
* standard_metadata.egress_port: 0000

[02:45:44.591] [bmv2] [D] [thread 160689] [44.0] [cxt 0] Table 'MyEgress.egress_encap_ipv6': miss
[02:45:44.591] [bmv2] [D] [thread 160689] [44.0] [cxt 0] Action entry is NoAction - 
[02:45:44.591] [bmv2] [T] [thread 160689] [44.0] [cxt 0] Action NoAction
[02:45:44.591] [bmv2] [T] [thread 160689] [44.0] [cxt 0] Applying table 'MyEgress.egress_encap_yequdesu'
[02:45:44.591] [bmv2] [D] [thread 160689] [44.0] [cxt 0] Looking up key:
* standard_metadata.egress_port: 0000

[02:45:44.591] [bmv2] [D] [thread 160689] [44.0] [cxt 0] Table 'MyEgress.egress_encap_yequdesu': miss
[02:45:44.591] [bmv2] [D] [thread 160689] [44.0] [cxt 0] Action entry is NoAction - 
[02:45:44.591] [bmv2] [T] [thread 160689] [44.0] [cxt 0] Action NoAction
[02:45:44.591] [bmv2] [T] [thread 160689] [44.0] [cxt 0] Applying table 'MyEgress.egress_encap_vxlan'
[02:45:44.591] [bmv2] [D] [thread 160689] [44.0] [cxt 0] Looking up key:
* standard_metadata.egress_port: 0000

[02:45:44.591] [bmv2] [D] [thread 160689] [44.0] [cxt 0] Table 'MyEgress.egress_encap_vxlan': miss
[02:45:44.591] [bmv2] [D] [thread 160689] [44.0] [cxt 0] Action entry is NoAction - 
[02:45:44.591] [bmv2] [T] [thread 160689] [44.0] [cxt 0] Action NoAction
[02:45:44.591] [bmv2] [D] [thread 160689] [44.0] [cxt 0] Pipeline 'egress': end
[02:45:44.591] [bmv2] [D] [thread 160689] [44.0] [cxt 0] Deparser 'deparser': start
[02:45:44.591] [bmv2] [T] [thread 160689] [44.0] [cxt 0] Skipping checksum 'cksum' update because condition not met
[02:45:44.591] [bmv2] [D] [thread 160689] [44.0] [cxt 0] Deparsing header 'ethernet'
[02:45:44.591] [bmv2] [D] [thread 160689] [44.0] [cxt 0] Deparsing header 'ipv6'
[02:45:44.591] [bmv2] [D] [thread 160689] [44.0] [cxt 0] Deparser 'deparser': end
[02:45:44.591] [bmv2] [D] [thread 160693] [44.0] [cxt 0] Transmitting packet of size 70 out of port 0
[02:45:45.554] [bmv2] [D] [thread 160688] [45.0] [cxt 0] Processing packet received on port 1
[02:45:45.554] [bmv2] [D] [thread 160688] [45.0] [cxt 0] Parser 'parser': start
[02:45:45.554] [bmv2] [D] [thread 160688] [45.0] [cxt 0] Parser 'parser' entering state 'start'
[02:45:45.554] [bmv2] [D] [thread 160688] [45.0] [cxt 0] Extracting header 'ethernet'
[02:45:45.554] [bmv2] [D] [thread 160688] [45.0] [cxt 0] Parser state 'start': key is 86dd
[02:45:45.554] [bmv2] [T] [thread 160688] [45.0] [cxt 0] Bytes parsed: 14
[02:45:45.554] [bmv2] [D] [thread 160688] [45.0] [cxt 0] Parser 'parser' entering state 'parse_ipv6'
[02:45:45.554] [bmv2] [D] [thread 160688] [45.0] [cxt 0] Extracting header 'ipv6'
[02:45:45.554] [bmv2] [D] [thread 160688] [45.0] [cxt 0] Parser state 'parse_ipv6': key is 11
[02:45:45.554] [bmv2] [T] [thread 160688] [45.0] [cxt 0] Bytes parsed: 54
[02:45:45.554] [bmv2] [D] [thread 160688] [45.0] [cxt 0] Parser 'parser': end
[02:45:45.554] [bmv2] [D] [thread 160688] [45.0] [cxt 0] Pipeline 'ingress': start
[02:45:45.554] [bmv2] [T] [thread 160688] [45.0] [cxt 0] basic.p4(565) Condition "hdr.ethernet.etherType == TYPE_ARP" (node_2) is false
[02:45:45.554] [bmv2] [T] [thread 160688] [45.0] [cxt 0] basic.p4(568) Condition "hdr.ethernet.etherType == TYPE_SRCROUTING" (node_4) is false
[02:45:45.554] [bmv2] [T] [thread 160688] [45.0] [cxt 0] basic.p4(581) Condition "hdr.ethernet.etherType == TYPE_YEQUDESU" (node_12) is false
[02:45:45.554] [bmv2] [T] [thread 160688] [45.0] [cxt 0] basic.p4(587) Condition "hdr.vxlan.isValid()" (node_15) is false
[02:45:45.554] [bmv2] [T] [thread 160688] [45.0] [cxt 0] basic.p4(591) Condition "hdr.ipv6.isValid()" (node_17) is true
[02:45:45.554] [bmv2] [T] [thread 160688] [45.0] [cxt 0] Applying table 'MyIngress.ipv6_lpm'
[02:45:45.554] [bmv2] [D] [thread 160688] [45.0] [cxt 0] Looking up key:
* hdr.ipv6.dstAddr    : ff0200000000000000000000000000fb

[02:45:45.554] [bmv2] [D] [thread 160688] [45.0] [cxt 0] Table 'MyIngress.ipv6_lpm': miss
[02:45:45.554] [bmv2] [D] [thread 160688] [45.0] [cxt 0] Action entry is NoAction - 
[02:45:45.554] [bmv2] [T] [thread 160688] [45.0] [cxt 0] Action NoAction
[02:45:45.554] [bmv2] [D] [thread 160688] [45.0] [cxt 0] Pipeline 'ingress': end
[02:45:45.554] [bmv2] [D] [thread 160688] [45.0] [cxt 0] Egress port is 0
[02:45:45.554] [bmv2] [D] [thread 160689] [45.0] [cxt 0] Pipeline 'egress': start
[02:45:45.554] [bmv2] [T] [thread 160689] [45.0] [cxt 0] Applying table 'MyEgress.egress_encap_ipv6'
[02:45:45.554] [bmv2] [D] [thread 160689] [45.0] [cxt 0] Looking up key:
* standard_metadata.egress_port: 0000

[02:45:45.554] [bmv2] [D] [thread 160689] [45.0] [cxt 0] Table 'MyEgress.egress_encap_ipv6': miss
[02:45:45.554] [bmv2] [D] [thread 160689] [45.0] [cxt 0] Action entry is NoAction - 
[02:45:45.554] [bmv2] [T] [thread 160689] [45.0] [cxt 0] Action NoAction
[02:45:45.554] [bmv2] [T] [thread 160689] [45.0] [cxt 0] Applying table 'MyEgress.egress_encap_yequdesu'
[02:45:45.554] [bmv2] [D] [thread 160689] [45.0] [cxt 0] Looking up key:
* standard_metadata.egress_port: 0000

[02:45:45.554] [bmv2] [D] [thread 160689] [45.0] [cxt 0] Table 'MyEgress.egress_encap_yequdesu': miss
[02:45:45.554] [bmv2] [D] [thread 160689] [45.0] [cxt 0] Action entry is NoAction - 
[02:45:45.554] [bmv2] [T] [thread 160689] [45.0] [cxt 0] Action NoAction
[02:45:45.554] [bmv2] [T] [thread 160689] [45.0] [cxt 0] Applying table 'MyEgress.egress_encap_vxlan'
[02:45:45.554] [bmv2] [D] [thread 160689] [45.0] [cxt 0] Looking up key:
* standard_metadata.egress_port: 0000

[02:45:45.554] [bmv2] [D] [thread 160689] [45.0] [cxt 0] Table 'MyEgress.egress_encap_vxlan': miss
[02:45:45.554] [bmv2] [D] [thread 160689] [45.0] [cxt 0] Action entry is NoAction - 
[02:45:45.554] [bmv2] [T] [thread 160689] [45.0] [cxt 0] Action NoAction
[02:45:45.554] [bmv2] [D] [thread 160689] [45.0] [cxt 0] Pipeline 'egress': end
[02:45:45.554] [bmv2] [D] [thread 160689] [45.0] [cxt 0] Deparser 'deparser': start
[02:45:45.554] [bmv2] [T] [thread 160689] [45.0] [cxt 0] Skipping checksum 'cksum' update because condition not met
[02:45:45.554] [bmv2] [D] [thread 160689] [45.0] [cxt 0] Deparsing header 'ethernet'
[02:45:45.554] [bmv2] [D] [thread 160689] [45.0] [cxt 0] Deparsing header 'ipv6'
[02:45:45.554] [bmv2] [D] [thread 160689] [45.0] [cxt 0] Deparser 'deparser': end
[02:45:45.554] [bmv2] [D] [thread 160693] [45.0] [cxt 0] Transmitting packet of size 203 out of port 0
[02:45:45.612] [bmv2] [D] [thread 160688] [46.0] [cxt 0] Processing packet received on port 1
[02:45:45.612] [bmv2] [D] [thread 160688] [46.0] [cxt 0] Parser 'parser': start
[02:45:45.612] [bmv2] [D] [thread 160688] [46.0] [cxt 0] Parser 'parser' entering state 'start'
[02:45:45.612] [bmv2] [D] [thread 160688] [46.0] [cxt 0] Extracting header 'ethernet'
[02:45:45.612] [bmv2] [D] [thread 160688] [46.0] [cxt 0] Parser state 'start': key is 0800
[02:45:45.612] [bmv2] [T] [thread 160688] [46.0] [cxt 0] Bytes parsed: 14
[02:45:45.612] [bmv2] [D] [thread 160688] [46.0] [cxt 0] Parser 'parser' entering state 'parse_ipv4'
[02:45:45.612] [bmv2] [D] [thread 160688] [46.0] [cxt 0] Extracting header 'ipv4'
[02:45:45.612] [bmv2] [D] [thread 160688] [46.0] [cxt 0] Parser state 'parse_ipv4': key is 06
[02:45:45.612] [bmv2] [T] [thread 160688] [46.0] [cxt 0] Bytes parsed: 34
[02:45:45.612] [bmv2] [D] [thread 160688] [46.0] [cxt 0] Parser 'parser': end
[02:45:45.612] [bmv2] [D] [thread 160688] [46.0] [cxt 0] Pipeline 'ingress': start
[02:45:45.612] [bmv2] [T] [thread 160688] [46.0] [cxt 0] basic.p4(565) Condition "hdr.ethernet.etherType == TYPE_ARP" (node_2) is false
[02:45:45.612] [bmv2] [T] [thread 160688] [46.0] [cxt 0] basic.p4(568) Condition "hdr.ethernet.etherType == TYPE_SRCROUTING" (node_4) is false
[02:45:45.612] [bmv2] [T] [thread 160688] [46.0] [cxt 0] basic.p4(581) Condition "hdr.ethernet.etherType == TYPE_YEQUDESU" (node_12) is false
[02:45:45.612] [bmv2] [T] [thread 160688] [46.0] [cxt 0] basic.p4(587) Condition "hdr.vxlan.isValid()" (node_15) is false
[02:45:45.612] [bmv2] [T] [thread 160688] [46.0] [cxt 0] basic.p4(591) Condition "hdr.ipv6.isValid()" (node_17) is false
[02:45:45.612] [bmv2] [T] [thread 160688] [46.0] [cxt 0] basic.p4(595) Condition "hdr.ipv4.isValid()" (node_19) is true
[02:45:45.612] [bmv2] [T] [thread 160688] [46.0] [cxt 0] basic.p4(597) Condition "hdr.udp.isValid() && hdr.udp.dstPort == VXLAN_PORT" (node_20) is false
[02:45:45.612] [bmv2] [T] [thread 160688] [46.0] [cxt 0] Applying table 'MyIngress.modality_schedule'
[02:45:45.612] [bmv2] [D] [thread 160688] [46.0] [cxt 0] Looking up key:
* hdr.ipv4.dstAddr    : 0a000202

[02:45:45.612] [bmv2] [D] [thread 160688] [46.0] [cxt 0] Table 'MyIngress.modality_schedule': miss
[02:45:45.612] [bmv2] [D] [thread 160688] [46.0] [cxt 0] Action entry is NoAction - 
[02:45:45.612] [bmv2] [T] [thread 160688] [46.0] [cxt 0] Action NoAction
[02:45:45.612] [bmv2] [T] [thread 160688] [46.0] [cxt 0] basic.p4(602) Condition "meta.do_multimodal == 0" (node_23) is true
[02:45:45.612] [bmv2] [T] [thread 160688] [46.0] [cxt 0] Applying table 'MyIngress.adjudication'
[02:45:45.612] [bmv2] [D] [thread 160688] [46.0] [cxt 0] Looking up key:
* hdr.ipv4.dstAddr    : 0a000202

[02:45:45.612] [bmv2] [D] [thread 160688] [46.0] [cxt 0] Table 'MyIngress.adjudication': miss
[02:45:45.612] [bmv2] [D] [thread 160688] [46.0] [cxt 0] Action entry is NoAction - 
[02:45:45.612] [bmv2] [T] [thread 160688] [46.0] [cxt 0] Action NoAction
[02:45:45.612] [bmv2] [T] [thread 160688] [46.0] [cxt 0] Applying table 'MyIngress.ipv4_lpm'
[02:45:45.612] [bmv2] [D] [thread 160688] [46.0] [cxt 0] Looking up key:
* hdr.ipv4.dstAddr    : 0a000202

[02:45:45.612] [bmv2] [D] [thread 160688] [46.0] [cxt 0] Table 'MyIngress.ipv4_lpm': hit with handle 0
[02:45:45.612] [bmv2] [D] [thread 160688] [46.0] [cxt 0] Dumping entry 0
Match key:
* hdr.ipv4.dstAddr    : LPM       0a000202/32
Action entry: MyIngress.ipv4_forward - ffffffffffff,2,

[02:45:45.612] [bmv2] [D] [thread 160688] [46.0] [cxt 0] Action entry is MyIngress.ipv4_forward - ffffffffffff,2,
[02:45:45.612] [bmv2] [T] [thread 160688] [46.0] [cxt 0] Action MyIngress.ipv4_forward
[02:45:45.612] [bmv2] [T] [thread 160688] [46.0] [cxt 0] basic.p4(237) Primitive standard_metadata.egress_spec = port
[02:45:45.612] [bmv2] [T] [thread 160688] [46.0] [cxt 0] basic.p4(238) Primitive hdr.ethernet.srcAddr = hdr.ethernet.dstAddr
[02:45:45.612] [bmv2] [T] [thread 160688] [46.0] [cxt 0] basic.p4(239) Primitive hdr.ethernet.dstAddr = dstAddr
[02:45:45.612] [bmv2] [T] [thread 160688] [46.0] [cxt 0] basic.p4(240) Primitive hdr.ipv4.ttl = hdr.ipv4.ttl - 1
[02:45:45.612] [bmv2] [D] [thread 160688] [46.0] [cxt 0] Pipeline 'ingress': end
[02:45:45.612] [bmv2] [D] [thread 160688] [46.0] [cxt 0] Egress port is 2
[02:45:45.612] [bmv2] [D] [thread 160691] [46.0] [cxt 0] Pipeline 'egress': start
[02:45:45.612] [bmv2] [T] [thread 160691] [46.0] [cxt 0] Applying table 'MyEgress.egress_encap_ipv6'
[02:45:45.612] [bmv2] [D] [thread 160691] [46.0] [cxt 0] Looking up key:
* standard_metadata.egress_port: 0002

[02:45:45.612] [bmv2] [D] [thread 160691] [46.0] [cxt 0] Table 'MyEgress.egress_encap_ipv6': miss
[02:45:45.612] [bmv2] [D] [thread 160691] [46.0] [cxt 0] Action entry is NoAction - 
[02:45:45.612] [bmv2] [T] [thread 160691] [46.0] [cxt 0] Action NoAction
[02:45:45.612] [bmv2] [T] [thread 160691] [46.0] [cxt 0] Applying table 'MyEgress.egress_encap_yequdesu'
[02:45:45.612] [bmv2] [D] [thread 160691] [46.0] [cxt 0] Looking up key:
* standard_metadata.egress_port: 0002

[02:45:45.612] [bmv2] [D] [thread 160691] [46.0] [cxt 0] Table 'MyEgress.egress_encap_yequdesu': miss
[02:45:45.612] [bmv2] [D] [thread 160691] [46.0] [cxt 0] Action entry is NoAction - 
[02:45:45.612] [bmv2] [T] [thread 160691] [46.0] [cxt 0] Action NoAction
[02:45:45.612] [bmv2] [T] [thread 160691] [46.0] [cxt 0] Applying table 'MyEgress.egress_encap_vxlan'
[02:45:45.612] [bmv2] [D] [thread 160691] [46.0] [cxt 0] Looking up key:
* standard_metadata.egress_port: 0002

[02:45:45.612] [bmv2] [D] [thread 160691] [46.0] [cxt 0] Table 'MyEgress.egress_encap_vxlan': miss
[02:45:45.612] [bmv2] [D] [thread 160691] [46.0] [cxt 0] Action entry is NoAction - 
[02:45:45.612] [bmv2] [T] [thread 160691] [46.0] [cxt 0] Action NoAction
[02:45:45.612] [bmv2] [D] [thread 160691] [46.0] [cxt 0] Pipeline 'egress': end
[02:45:45.612] [bmv2] [D] [thread 160691] [46.0] [cxt 0] Deparser 'deparser': start
[02:45:45.612] [bmv2] [D] [thread 160691] [46.0] [cxt 0] Updating checksum 'cksum'
[02:45:45.612] [bmv2] [D] [thread 160691] [46.0] [cxt 0] Deparsing header 'ethernet'
[02:45:45.612] [bmv2] [D] [thread 160691] [46.0] [cxt 0] Deparsing header 'ipv4'
[02:45:45.612] [bmv2] [D] [thread 160691] [46.0] [cxt 0] Deparser 'deparser': end
[02:45:45.612] [bmv2] [D] [thread 160693] [46.0] [cxt 0] Transmitting packet of size 64 out of port 2
[02:45:45.938] [bmv2] [D] [thread 160688] [47.0] [cxt 0] Processing packet received on port 2
[02:45:45.938] [bmv2] [D] [thread 160688] [47.0] [cxt 0] Parser 'parser': start
[02:45:45.938] [bmv2] [D] [thread 160688] [47.0] [cxt 0] Parser 'parser' entering state 'start'
[02:45:45.938] [bmv2] [D] [thread 160688] [47.0] [cxt 0] Extracting header 'ethernet'
[02:45:45.938] [bmv2] [D] [thread 160688] [47.0] [cxt 0] Parser state 'start': key is 86dd
[02:45:45.938] [bmv2] [T] [thread 160688] [47.0] [cxt 0] Bytes parsed: 14
[02:45:45.938] [bmv2] [D] [thread 160688] [47.0] [cxt 0] Parser 'parser' entering state 'parse_ipv6'
[02:45:45.938] [bmv2] [D] [thread 160688] [47.0] [cxt 0] Extracting header 'ipv6'
[02:45:45.938] [bmv2] [D] [thread 160688] [47.0] [cxt 0] Parser state 'parse_ipv6': key is 11
[02:45:45.938] [bmv2] [T] [thread 160688] [47.0] [cxt 0] Bytes parsed: 54
[02:45:45.938] [bmv2] [D] [thread 160688] [47.0] [cxt 0] Parser 'parser': end
[02:45:45.938] [bmv2] [D] [thread 160688] [47.0] [cxt 0] Pipeline 'ingress': start
[02:45:45.938] [bmv2] [T] [thread 160688] [47.0] [cxt 0] basic.p4(565) Condition "hdr.ethernet.etherType == TYPE_ARP" (node_2) is false
[02:45:45.938] [bmv2] [T] [thread 160688] [47.0] [cxt 0] basic.p4(568) Condition "hdr.ethernet.etherType == TYPE_SRCROUTING" (node_4) is false
[02:45:45.939] [bmv2] [T] [thread 160688] [47.0] [cxt 0] basic.p4(581) Condition "hdr.ethernet.etherType == TYPE_YEQUDESU" (node_12) is false
[02:45:45.939] [bmv2] [T] [thread 160688] [47.0] [cxt 0] basic.p4(587) Condition "hdr.vxlan.isValid()" (node_15) is false
[02:45:45.939] [bmv2] [T] [thread 160688] [47.0] [cxt 0] basic.p4(591) Condition "hdr.ipv6.isValid()" (node_17) is true
[02:45:45.939] [bmv2] [T] [thread 160688] [47.0] [cxt 0] Applying table 'MyIngress.ipv6_lpm'
[02:45:45.939] [bmv2] [D] [thread 160688] [47.0] [cxt 0] Looking up key:
* hdr.ipv6.dstAddr    : ff0200000000000000000000000000fb

[02:45:45.939] [bmv2] [D] [thread 160688] [47.0] [cxt 0] Table 'MyIngress.ipv6_lpm': miss
[02:45:45.939] [bmv2] [D] [thread 160688] [47.0] [cxt 0] Action entry is NoAction - 
[02:45:45.939] [bmv2] [T] [thread 160688] [47.0] [cxt 0] Action NoAction
[02:45:45.939] [bmv2] [D] [thread 160688] [47.0] [cxt 0] Pipeline 'ingress': end
[02:45:45.939] [bmv2] [D] [thread 160688] [47.0] [cxt 0] Egress port is 0
[02:45:45.939] [bmv2] [D] [thread 160689] [47.0] [cxt 0] Pipeline 'egress': start
[02:45:45.939] [bmv2] [T] [thread 160689] [47.0] [cxt 0] Applying table 'MyEgress.egress_encap_ipv6'
[02:45:45.939] [bmv2] [D] [thread 160689] [47.0] [cxt 0] Looking up key:
* standard_metadata.egress_port: 0000

[02:45:45.939] [bmv2] [D] [thread 160689] [47.0] [cxt 0] Table 'MyEgress.egress_encap_ipv6': miss
[02:45:45.939] [bmv2] [D] [thread 160689] [47.0] [cxt 0] Action entry is NoAction - 
[02:45:45.939] [bmv2] [T] [thread 160689] [47.0] [cxt 0] Action NoAction
[02:45:45.939] [bmv2] [T] [thread 160689] [47.0] [cxt 0] Applying table 'MyEgress.egress_encap_yequdesu'
[02:45:45.939] [bmv2] [D] [thread 160689] [47.0] [cxt 0] Looking up key:
* standard_metadata.egress_port: 0000

[02:45:45.939] [bmv2] [D] [thread 160689] [47.0] [cxt 0] Table 'MyEgress.egress_encap_yequdesu': miss
[02:45:45.939] [bmv2] [D] [thread 160689] [47.0] [cxt 0] Action entry is NoAction - 
[02:45:45.939] [bmv2] [T] [thread 160689] [47.0] [cxt 0] Action NoAction
[02:45:45.939] [bmv2] [T] [thread 160689] [47.0] [cxt 0] Applying table 'MyEgress.egress_encap_vxlan'
[02:45:45.939] [bmv2] [D] [thread 160689] [47.0] [cxt 0] Looking up key:
* standard_metadata.egress_port: 0000

[02:45:45.939] [bmv2] [D] [thread 160689] [47.0] [cxt 0] Table 'MyEgress.egress_encap_vxlan': miss
[02:45:45.939] [bmv2] [D] [thread 160689] [47.0] [cxt 0] Action entry is NoAction - 
[02:45:45.939] [bmv2] [T] [thread 160689] [47.0] [cxt 0] Action NoAction
[02:45:45.939] [bmv2] [D] [thread 160689] [47.0] [cxt 0] Pipeline 'egress': end
[02:45:45.939] [bmv2] [D] [thread 160689] [47.0] [cxt 0] Deparser 'deparser': start
[02:45:45.939] [bmv2] [T] [thread 160689] [47.0] [cxt 0] Skipping checksum 'cksum' update because condition not met
[02:45:45.939] [bmv2] [D] [thread 160689] [47.0] [cxt 0] Deparsing header 'ethernet'
[02:45:45.939] [bmv2] [D] [thread 160689] [47.0] [cxt 0] Deparsing header 'ipv6'
[02:45:45.939] [bmv2] [D] [thread 160689] [47.0] [cxt 0] Deparser 'deparser': end
[02:45:45.939] [bmv2] [D] [thread 160693] [47.0] [cxt 0] Transmitting packet of size 203 out of port 0
[02:45:46.978] [bmv2] [D] [thread 160688] [48.0] [cxt 0] Processing packet received on port 1
[02:45:46.978] [bmv2] [D] [thread 160688] [48.0] [cxt 0] Parser 'parser': start
[02:45:46.978] [bmv2] [D] [thread 160688] [48.0] [cxt 0] Parser 'parser' entering state 'start'
[02:45:46.978] [bmv2] [D] [thread 160688] [48.0] [cxt 0] Extracting header 'ethernet'
[02:45:46.978] [bmv2] [D] [thread 160688] [48.0] [cxt 0] Parser state 'start': key is 0800
[02:45:46.978] [bmv2] [T] [thread 160688] [48.0] [cxt 0] Bytes parsed: 14
[02:45:46.978] [bmv2] [D] [thread 160688] [48.0] [cxt 0] Parser 'parser' entering state 'parse_ipv4'
[02:45:46.978] [bmv2] [D] [thread 160688] [48.0] [cxt 0] Extracting header 'ipv4'
[02:45:46.978] [bmv2] [D] [thread 160688] [48.0] [cxt 0] Parser state 'parse_ipv4': key is 06
[02:45:46.978] [bmv2] [T] [thread 160688] [48.0] [cxt 0] Bytes parsed: 34
[02:45:46.978] [bmv2] [D] [thread 160688] [48.0] [cxt 0] Parser 'parser': end
[02:45:46.978] [bmv2] [D] [thread 160688] [48.0] [cxt 0] Pipeline 'ingress': start
[02:45:46.978] [bmv2] [T] [thread 160688] [48.0] [cxt 0] basic.p4(565) Condition "hdr.ethernet.etherType == TYPE_ARP" (node_2) is false
[02:45:46.978] [bmv2] [T] [thread 160688] [48.0] [cxt 0] basic.p4(568) Condition "hdr.ethernet.etherType == TYPE_SRCROUTING" (node_4) is false
[02:45:46.978] [bmv2] [T] [thread 160688] [48.0] [cxt 0] basic.p4(581) Condition "hdr.ethernet.etherType == TYPE_YEQUDESU" (node_12) is false
[02:45:46.978] [bmv2] [T] [thread 160688] [48.0] [cxt 0] basic.p4(587) Condition "hdr.vxlan.isValid()" (node_15) is false
[02:45:46.978] [bmv2] [T] [thread 160688] [48.0] [cxt 0] basic.p4(591) Condition "hdr.ipv6.isValid()" (node_17) is false
[02:45:46.978] [bmv2] [T] [thread 160688] [48.0] [cxt 0] basic.p4(595) Condition "hdr.ipv4.isValid()" (node_19) is true
[02:45:46.978] [bmv2] [T] [thread 160688] [48.0] [cxt 0] basic.p4(597) Condition "hdr.udp.isValid() && hdr.udp.dstPort == VXLAN_PORT" (node_20) is false
[02:45:46.978] [bmv2] [T] [thread 160688] [48.0] [cxt 0] Applying table 'MyIngress.modality_schedule'
[02:45:46.978] [bmv2] [D] [thread 160688] [48.0] [cxt 0] Looking up key:
* hdr.ipv4.dstAddr    : 0a000202

[02:45:46.978] [bmv2] [D] [thread 160688] [48.0] [cxt 0] Table 'MyIngress.modality_schedule': miss
[02:45:46.978] [bmv2] [D] [thread 160688] [48.0] [cxt 0] Action entry is NoAction - 
[02:45:46.978] [bmv2] [T] [thread 160688] [48.0] [cxt 0] Action NoAction
[02:45:46.978] [bmv2] [T] [thread 160688] [48.0] [cxt 0] basic.p4(602) Condition "meta.do_multimodal == 0" (node_23) is true
[02:45:46.978] [bmv2] [T] [thread 160688] [48.0] [cxt 0] Applying table 'MyIngress.adjudication'
[02:45:46.978] [bmv2] [D] [thread 160688] [48.0] [cxt 0] Looking up key:
* hdr.ipv4.dstAddr    : 0a000202

[02:45:46.978] [bmv2] [D] [thread 160688] [48.0] [cxt 0] Table 'MyIngress.adjudication': miss
[02:45:46.978] [bmv2] [D] [thread 160688] [48.0] [cxt 0] Action entry is NoAction - 
[02:45:46.978] [bmv2] [T] [thread 160688] [48.0] [cxt 0] Action NoAction
[02:45:46.978] [bmv2] [T] [thread 160688] [48.0] [cxt 0] Applying table 'MyIngress.ipv4_lpm'
[02:45:46.979] [bmv2] [D] [thread 160688] [48.0] [cxt 0] Looking up key:
* hdr.ipv4.dstAddr    : 0a000202

[02:45:46.979] [bmv2] [D] [thread 160688] [48.0] [cxt 0] Table 'MyIngress.ipv4_lpm': hit with handle 0
[02:45:46.979] [bmv2] [D] [thread 160688] [48.0] [cxt 0] Dumping entry 0
Match key:
* hdr.ipv4.dstAddr    : LPM       0a000202/32
Action entry: MyIngress.ipv4_forward - ffffffffffff,2,

[02:45:46.979] [bmv2] [D] [thread 160688] [48.0] [cxt 0] Action entry is MyIngress.ipv4_forward - ffffffffffff,2,
[02:45:46.979] [bmv2] [T] [thread 160688] [48.0] [cxt 0] Action MyIngress.ipv4_forward
[02:45:46.979] [bmv2] [T] [thread 160688] [48.0] [cxt 0] basic.p4(237) Primitive standard_metadata.egress_spec = port
[02:45:46.979] [bmv2] [T] [thread 160688] [48.0] [cxt 0] basic.p4(238) Primitive hdr.ethernet.srcAddr = hdr.ethernet.dstAddr
[02:45:46.979] [bmv2] [T] [thread 160688] [48.0] [cxt 0] basic.p4(239) Primitive hdr.ethernet.dstAddr = dstAddr
[02:45:46.979] [bmv2] [T] [thread 160688] [48.0] [cxt 0] basic.p4(240) Primitive hdr.ipv4.ttl = hdr.ipv4.ttl - 1
[02:45:46.979] [bmv2] [D] [thread 160688] [48.0] [cxt 0] Pipeline 'ingress': end
[02:45:46.979] [bmv2] [D] [thread 160688] [48.0] [cxt 0] Egress port is 2
[02:45:46.979] [bmv2] [D] [thread 160691] [48.0] [cxt 0] Pipeline 'egress': start
[02:45:46.979] [bmv2] [T] [thread 160691] [48.0] [cxt 0] Applying table 'MyEgress.egress_encap_ipv6'
[02:45:46.979] [bmv2] [D] [thread 160691] [48.0] [cxt 0] Looking up key:
* standard_metadata.egress_port: 0002

[02:45:46.979] [bmv2] [D] [thread 160691] [48.0] [cxt 0] Table 'MyEgress.egress_encap_ipv6': miss
[02:45:46.979] [bmv2] [D] [thread 160691] [48.0] [cxt 0] Action entry is NoAction - 
[02:45:46.979] [bmv2] [T] [thread 160691] [48.0] [cxt 0] Action NoAction
[02:45:46.979] [bmv2] [T] [thread 160691] [48.0] [cxt 0] Applying table 'MyEgress.egress_encap_yequdesu'
[02:45:46.979] [bmv2] [D] [thread 160691] [48.0] [cxt 0] Looking up key:
* standard_metadata.egress_port: 0002

[02:45:46.979] [bmv2] [D] [thread 160691] [48.0] [cxt 0] Table 'MyEgress.egress_encap_yequdesu': miss
[02:45:46.979] [bmv2] [D] [thread 160691] [48.0] [cxt 0] Action entry is NoAction - 
[02:45:46.979] [bmv2] [T] [thread 160691] [48.0] [cxt 0] Action NoAction
[02:45:46.979] [bmv2] [T] [thread 160691] [48.0] [cxt 0] Applying table 'MyEgress.egress_encap_vxlan'
[02:45:46.979] [bmv2] [D] [thread 160691] [48.0] [cxt 0] Looking up key:
* standard_metadata.egress_port: 0002

[02:45:46.979] [bmv2] [D] [thread 160691] [48.0] [cxt 0] Table 'MyEgress.egress_encap_vxlan': miss
[02:45:46.979] [bmv2] [D] [thread 160691] [48.0] [cxt 0] Action entry is NoAction - 
[02:45:46.979] [bmv2] [T] [thread 160691] [48.0] [cxt 0] Action NoAction
[02:45:46.979] [bmv2] [D] [thread 160691] [48.0] [cxt 0] Pipeline 'egress': end
[02:45:46.979] [bmv2] [D] [thread 160691] [48.0] [cxt 0] Deparser 'deparser': start
[02:45:46.979] [bmv2] [D] [thread 160691] [48.0] [cxt 0] Updating checksum 'cksum'
[02:45:46.979] [bmv2] [D] [thread 160691] [48.0] [cxt 0] Deparsing header 'ethernet'
[02:45:46.979] [bmv2] [D] [thread 160691] [48.0] [cxt 0] Deparsing header 'ipv4'
[02:45:46.979] [bmv2] [D] [thread 160691] [48.0] [cxt 0] Deparser 'deparser': end
[02:45:46.979] [bmv2] [D] [thread 160693] [48.0] [cxt 0] Transmitting packet of size 64 out of port 2
[02:45:46.980] [bmv2] [D] [thread 160688] [49.0] [cxt 0] Processing packet received on port 2
[02:45:46.980] [bmv2] [D] [thread 160688] [49.0] [cxt 0] Parser 'parser': start
[02:45:46.980] [bmv2] [D] [thread 160688] [49.0] [cxt 0] Parser 'parser' entering state 'start'
[02:45:46.980] [bmv2] [D] [thread 160688] [49.0] [cxt 0] Extracting header 'ethernet'
[02:45:46.980] [bmv2] [D] [thread 160688] [49.0] [cxt 0] Parser state 'start': key is 0800
[02:45:46.980] [bmv2] [T] [thread 160688] [49.0] [cxt 0] Bytes parsed: 14
[02:45:46.980] [bmv2] [D] [thread 160688] [49.0] [cxt 0] Parser 'parser' entering state 'parse_ipv4'
[02:45:46.980] [bmv2] [D] [thread 160688] [49.0] [cxt 0] Extracting header 'ipv4'
[02:45:46.980] [bmv2] [D] [thread 160688] [49.0] [cxt 0] Parser state 'parse_ipv4': key is 06
[02:45:46.980] [bmv2] [T] [thread 160688] [49.0] [cxt 0] Bytes parsed: 34
[02:45:46.980] [bmv2] [D] [thread 160688] [49.0] [cxt 0] Parser 'parser': end
[02:45:46.980] [bmv2] [D] [thread 160688] [49.0] [cxt 0] Pipeline 'ingress': start
[02:45:46.980] [bmv2] [T] [thread 160688] [49.0] [cxt 0] basic.p4(565) Condition "hdr.ethernet.etherType == TYPE_ARP" (node_2) is false
[02:45:46.980] [bmv2] [T] [thread 160688] [49.0] [cxt 0] basic.p4(568) Condition "hdr.ethernet.etherType == TYPE_SRCROUTING" (node_4) is false
[02:45:46.980] [bmv2] [T] [thread 160688] [49.0] [cxt 0] basic.p4(581) Condition "hdr.ethernet.etherType == TYPE_YEQUDESU" (node_12) is false
[02:45:46.980] [bmv2] [T] [thread 160688] [49.0] [cxt 0] basic.p4(587) Condition "hdr.vxlan.isValid()" (node_15) is false
[02:45:46.980] [bmv2] [T] [thread 160688] [49.0] [cxt 0] basic.p4(591) Condition "hdr.ipv6.isValid()" (node_17) is false
[02:45:46.980] [bmv2] [T] [thread 160688] [49.0] [cxt 0] basic.p4(595) Condition "hdr.ipv4.isValid()" (node_19) is true
[02:45:46.980] [bmv2] [T] [thread 160688] [49.0] [cxt 0] basic.p4(597) Condition "hdr.udp.isValid() && hdr.udp.dstPort == VXLAN_PORT" (node_20) is false
[02:45:46.980] [bmv2] [T] [thread 160688] [49.0] [cxt 0] Applying table 'MyIngress.modality_schedule'
[02:45:46.980] [bmv2] [D] [thread 160688] [49.0] [cxt 0] Looking up key:
* hdr.ipv4.dstAddr    : 0a000101

[02:45:46.980] [bmv2] [D] [thread 160688] [49.0] [cxt 0] Table 'MyIngress.modality_schedule': miss
[02:45:46.980] [bmv2] [D] [thread 160688] [49.0] [cxt 0] Action entry is NoAction - 
[02:45:46.980] [bmv2] [T] [thread 160688] [49.0] [cxt 0] Action NoAction
[02:45:46.980] [bmv2] [T] [thread 160688] [49.0] [cxt 0] basic.p4(602) Condition "meta.do_multimodal == 0" (node_23) is true
[02:45:46.980] [bmv2] [T] [thread 160688] [49.0] [cxt 0] Applying table 'MyIngress.adjudication'
[02:45:46.980] [bmv2] [D] [thread 160688] [49.0] [cxt 0] Looking up key:
* hdr.ipv4.dstAddr    : 0a000101

[02:45:46.980] [bmv2] [D] [thread 160688] [49.0] [cxt 0] Table 'MyIngress.adjudication': miss
[02:45:46.980] [bmv2] [D] [thread 160688] [49.0] [cxt 0] Action entry is NoAction - 
[02:45:46.980] [bmv2] [T] [thread 160688] [49.0] [cxt 0] Action NoAction
[02:45:46.980] [bmv2] [T] [thread 160688] [49.0] [cxt 0] Applying table 'MyIngress.ipv4_lpm'
[02:45:46.980] [bmv2] [D] [thread 160688] [49.0] [cxt 0] Looking up key:
* hdr.ipv4.dstAddr    : 0a000101

[02:45:46.980] [bmv2] [D] [thread 160688] [49.0] [cxt 0] Table 'MyIngress.ipv4_lpm': hit with handle 2
[02:45:46.980] [bmv2] [D] [thread 160688] [49.0] [cxt 0] Dumping entry 2
Match key:
* hdr.ipv4.dstAddr    : LPM       0a000101/32
Action entry: MyIngress.ipv4_forward - ffffffffffff,1,

[02:45:46.980] [bmv2] [D] [thread 160688] [49.0] [cxt 0] Action entry is MyIngress.ipv4_forward - ffffffffffff,1,
[02:45:46.980] [bmv2] [T] [thread 160688] [49.0] [cxt 0] Action MyIngress.ipv4_forward
[02:45:46.980] [bmv2] [T] [thread 160688] [49.0] [cxt 0] basic.p4(237) Primitive standard_metadata.egress_spec = port
[02:45:46.980] [bmv2] [T] [thread 160688] [49.0] [cxt 0] basic.p4(238) Primitive hdr.ethernet.srcAddr = hdr.ethernet.dstAddr
[02:45:46.980] [bmv2] [T] [thread 160688] [49.0] [cxt 0] basic.p4(239) Primitive hdr.ethernet.dstAddr = dstAddr
[02:45:46.981] [bmv2] [T] [thread 160688] [49.0] [cxt 0] basic.p4(240) Primitive hdr.ipv4.ttl = hdr.ipv4.ttl - 1
[02:45:46.981] [bmv2] [D] [thread 160688] [49.0] [cxt 0] Pipeline 'ingress': end
[02:45:46.981] [bmv2] [D] [thread 160688] [49.0] [cxt 0] Egress port is 1
[02:45:46.982] [bmv2] [D] [thread 160690] [49.0] [cxt 0] Pipeline 'egress': start
[02:45:46.982] [bmv2] [T] [thread 160690] [49.0] [cxt 0] Applying table 'MyEgress.egress_encap_ipv6'
[02:45:46.982] [bmv2] [D] [thread 160690] [49.0] [cxt 0] Looking up key:
* standard_metadata.egress_port: 0001

[02:45:46.982] [bmv2] [D] [thread 160690] [49.0] [cxt 0] Table 'MyEgress.egress_encap_ipv6': miss
[02:45:46.982] [bmv2] [D] [thread 160690] [49.0] [cxt 0] Action entry is NoAction - 
[02:45:46.982] [bmv2] [T] [thread 160690] [49.0] [cxt 0] Action NoAction
[02:45:46.982] [bmv2] [T] [thread 160690] [49.0] [cxt 0] Applying table 'MyEgress.egress_encap_yequdesu'
[02:45:46.982] [bmv2] [D] [thread 160690] [49.0] [cxt 0] Looking up key:
* standard_metadata.egress_port: 0001

[02:45:46.982] [bmv2] [D] [thread 160690] [49.0] [cxt 0] Table 'MyEgress.egress_encap_yequdesu': miss
[02:45:46.982] [bmv2] [D] [thread 160690] [49.0] [cxt 0] Action entry is NoAction - 
[02:45:46.982] [bmv2] [T] [thread 160690] [49.0] [cxt 0] Action NoAction
[02:45:46.982] [bmv2] [T] [thread 160690] [49.0] [cxt 0] Applying table 'MyEgress.egress_encap_vxlan'
[02:45:46.982] [bmv2] [D] [thread 160690] [49.0] [cxt 0] Looking up key:
* standard_metadata.egress_port: 0001

[02:45:46.982] [bmv2] [D] [thread 160690] [49.0] [cxt 0] Table 'MyEgress.egress_encap_vxlan': miss
[02:45:46.982] [bmv2] [D] [thread 160690] [49.0] [cxt 0] Action entry is NoAction - 
[02:45:46.982] [bmv2] [T] [thread 160690] [49.0] [cxt 0] Action NoAction
[02:45:46.982] [bmv2] [D] [thread 160690] [49.0] [cxt 0] Pipeline 'egress': end
[02:45:46.982] [bmv2] [D] [thread 160690] [49.0] [cxt 0] Deparser 'deparser': start
[02:45:46.982] [bmv2] [D] [thread 160690] [49.0] [cxt 0] Updating checksum 'cksum'
[02:45:46.982] [bmv2] [D] [thread 160690] [49.0] [cxt 0] Deparsing header 'ethernet'
[02:45:46.982] [bmv2] [D] [thread 160690] [49.0] [cxt 0] Deparsing header 'ipv4'
[02:45:46.982] [bmv2] [D] [thread 160690] [49.0] [cxt 0] Deparser 'deparser': end
[02:45:46.983] [bmv2] [D] [thread 160693] [49.0] [cxt 0] Transmitting packet of size 54 out of port 1
[02:46:09.680] [bmv2] [D] [thread 160688] [50.0] [cxt 0] Processing packet received on port 1
[02:46:09.680] [bmv2] [D] [thread 160688] [50.0] [cxt 0] Parser 'parser': start
[02:46:09.680] [bmv2] [D] [thread 160688] [50.0] [cxt 0] Parser 'parser' entering state 'start'
[02:46:09.680] [bmv2] [D] [thread 160688] [50.0] [cxt 0] Extracting header 'ethernet'
[02:46:09.680] [bmv2] [D] [thread 160688] [50.0] [cxt 0] Parser state 'start': key is 86dd
[02:46:09.680] [bmv2] [T] [thread 160688] [50.0] [cxt 0] Bytes parsed: 14
[02:46:09.680] [bmv2] [D] [thread 160688] [50.0] [cxt 0] Parser 'parser' entering state 'parse_ipv6'
[02:46:09.680] [bmv2] [D] [thread 160688] [50.0] [cxt 0] Extracting header 'ipv6'
[02:46:09.680] [bmv2] [D] [thread 160688] [50.0] [cxt 0] Parser state 'parse_ipv6': key is 3a
[02:46:09.680] [bmv2] [T] [thread 160688] [50.0] [cxt 0] Bytes parsed: 54
[02:46:09.680] [bmv2] [D] [thread 160688] [50.0] [cxt 0] Parser 'parser': end
[02:46:09.680] [bmv2] [D] [thread 160688] [50.0] [cxt 0] Pipeline 'ingress': start
[02:46:09.680] [bmv2] [T] [thread 160688] [50.0] [cxt 0] basic.p4(565) Condition "hdr.ethernet.etherType == TYPE_ARP" (node_2) is false
[02:46:09.680] [bmv2] [T] [thread 160688] [50.0] [cxt 0] basic.p4(568) Condition "hdr.ethernet.etherType == TYPE_SRCROUTING" (node_4) is false
[02:46:09.680] [bmv2] [T] [thread 160688] [50.0] [cxt 0] basic.p4(581) Condition "hdr.ethernet.etherType == TYPE_YEQUDESU" (node_12) is false
[02:46:09.680] [bmv2] [T] [thread 160688] [50.0] [cxt 0] basic.p4(587) Condition "hdr.vxlan.isValid()" (node_15) is false
[02:46:09.680] [bmv2] [T] [thread 160688] [50.0] [cxt 0] basic.p4(591) Condition "hdr.ipv6.isValid()" (node_17) is true
[02:46:09.680] [bmv2] [T] [thread 160688] [50.0] [cxt 0] Applying table 'MyIngress.ipv6_lpm'
[02:46:09.680] [bmv2] [D] [thread 160688] [50.0] [cxt 0] Looking up key:
* hdr.ipv6.dstAddr    : ff020000000000000000000000000002

[02:46:09.680] [bmv2] [D] [thread 160688] [50.0] [cxt 0] Table 'MyIngress.ipv6_lpm': miss
[02:46:09.680] [bmv2] [D] [thread 160688] [50.0] [cxt 0] Action entry is NoAction - 
[02:46:09.680] [bmv2] [T] [thread 160688] [50.0] [cxt 0] Action NoAction
[02:46:09.680] [bmv2] [D] [thread 160688] [50.0] [cxt 0] Pipeline 'ingress': end
[02:46:09.680] [bmv2] [D] [thread 160688] [50.0] [cxt 0] Egress port is 0
[02:46:09.681] [bmv2] [D] [thread 160689] [50.0] [cxt 0] Pipeline 'egress': start
[02:46:09.681] [bmv2] [T] [thread 160689] [50.0] [cxt 0] Applying table 'MyEgress.egress_encap_ipv6'
[02:46:09.681] [bmv2] [D] [thread 160689] [50.0] [cxt 0] Looking up key:
* standard_metadata.egress_port: 0000

[02:46:09.681] [bmv2] [D] [thread 160689] [50.0] [cxt 0] Table 'MyEgress.egress_encap_ipv6': miss
[02:46:09.681] [bmv2] [D] [thread 160689] [50.0] [cxt 0] Action entry is NoAction - 
[02:46:09.681] [bmv2] [T] [thread 160689] [50.0] [cxt 0] Action NoAction
[02:46:09.681] [bmv2] [T] [thread 160689] [50.0] [cxt 0] Applying table 'MyEgress.egress_encap_yequdesu'
[02:46:09.681] [bmv2] [D] [thread 160689] [50.0] [cxt 0] Looking up key:
* standard_metadata.egress_port: 0000

[02:46:09.681] [bmv2] [D] [thread 160689] [50.0] [cxt 0] Table 'MyEgress.egress_encap_yequdesu': miss
[02:46:09.681] [bmv2] [D] [thread 160689] [50.0] [cxt 0] Action entry is NoAction - 
[02:46:09.681] [bmv2] [T] [thread 160689] [50.0] [cxt 0] Action NoAction
[02:46:09.681] [bmv2] [T] [thread 160689] [50.0] [cxt 0] Applying table 'MyEgress.egress_encap_vxlan'
[02:46:09.681] [bmv2] [D] [thread 160689] [50.0] [cxt 0] Looking up key:
* standard_metadata.egress_port: 0000

[02:46:09.681] [bmv2] [D] [thread 160689] [50.0] [cxt 0] Table 'MyEgress.egress_encap_vxlan': miss
[02:46:09.681] [bmv2] [D] [thread 160689] [50.0] [cxt 0] Action entry is NoAction - 
[02:46:09.681] [bmv2] [T] [thread 160689] [50.0] [cxt 0] Action NoAction
[02:46:09.681] [bmv2] [D] [thread 160689] [50.0] [cxt 0] Pipeline 'egress': end
[02:46:09.681] [bmv2] [D] [thread 160689] [50.0] [cxt 0] Deparser 'deparser': start
[02:46:09.681] [bmv2] [T] [thread 160689] [50.0] [cxt 0] Skipping checksum 'cksum' update because condition not met
[02:46:09.681] [bmv2] [D] [thread 160689] [50.0] [cxt 0] Deparsing header 'ethernet'
[02:46:09.681] [bmv2] [D] [thread 160689] [50.0] [cxt 0] Deparsing header 'ipv6'
[02:46:09.681] [bmv2] [D] [thread 160689] [50.0] [cxt 0] Deparser 'deparser': end
[02:46:09.681] [bmv2] [D] [thread 160693] [50.0] [cxt 0] Transmitting packet of size 70 out of port 0
[02:46:12.749] [bmv2] [D] [thread 160688] [51.0] [cxt 0] Processing packet received on port 2
[02:46:12.749] [bmv2] [D] [thread 160688] [51.0] [cxt 0] Parser 'parser': start
[02:46:12.749] [bmv2] [D] [thread 160688] [51.0] [cxt 0] Parser 'parser' entering state 'start'
[02:46:12.749] [bmv2] [D] [thread 160688] [51.0] [cxt 0] Extracting header 'ethernet'
[02:46:12.749] [bmv2] [D] [thread 160688] [51.0] [cxt 0] Parser state 'start': key is 86dd
[02:46:12.749] [bmv2] [T] [thread 160688] [51.0] [cxt 0] Bytes parsed: 14
[02:46:12.749] [bmv2] [D] [thread 160688] [51.0] [cxt 0] Parser 'parser' entering state 'parse_ipv6'
[02:46:12.749] [bmv2] [D] [thread 160688] [51.0] [cxt 0] Extracting header 'ipv6'
[02:46:12.749] [bmv2] [D] [thread 160688] [51.0] [cxt 0] Parser state 'parse_ipv6': key is 3a
[02:46:12.749] [bmv2] [T] [thread 160688] [51.0] [cxt 0] Bytes parsed: 54
[02:46:12.749] [bmv2] [D] [thread 160688] [51.0] [cxt 0] Parser 'parser': end
[02:46:12.749] [bmv2] [D] [thread 160688] [51.0] [cxt 0] Pipeline 'ingress': start
[02:46:12.749] [bmv2] [T] [thread 160688] [51.0] [cxt 0] basic.p4(565) Condition "hdr.ethernet.etherType == TYPE_ARP" (node_2) is false
[02:46:12.749] [bmv2] [T] [thread 160688] [51.0] [cxt 0] basic.p4(568) Condition "hdr.ethernet.etherType == TYPE_SRCROUTING" (node_4) is false
[02:46:12.749] [bmv2] [T] [thread 160688] [51.0] [cxt 0] basic.p4(581) Condition "hdr.ethernet.etherType == TYPE_YEQUDESU" (node_12) is false
[02:46:12.749] [bmv2] [T] [thread 160688] [51.0] [cxt 0] basic.p4(587) Condition "hdr.vxlan.isValid()" (node_15) is false
[02:46:12.749] [bmv2] [T] [thread 160688] [51.0] [cxt 0] basic.p4(591) Condition "hdr.ipv6.isValid()" (node_17) is true
[02:46:12.749] [bmv2] [T] [thread 160688] [51.0] [cxt 0] Applying table 'MyIngress.ipv6_lpm'
[02:46:12.749] [bmv2] [D] [thread 160688] [51.0] [cxt 0] Looking up key:
* hdr.ipv6.dstAddr    : ff020000000000000000000000000002

[02:46:12.749] [bmv2] [D] [thread 160688] [51.0] [cxt 0] Table 'MyIngress.ipv6_lpm': miss
[02:46:12.749] [bmv2] [D] [thread 160688] [51.0] [cxt 0] Action entry is NoAction - 
[02:46:12.749] [bmv2] [T] [thread 160688] [51.0] [cxt 0] Action NoAction
[02:46:12.749] [bmv2] [D] [thread 160688] [51.0] [cxt 0] Pipeline 'ingress': end
[02:46:12.749] [bmv2] [D] [thread 160688] [51.0] [cxt 0] Egress port is 0
[02:46:12.749] [bmv2] [D] [thread 160689] [51.0] [cxt 0] Pipeline 'egress': start
[02:46:12.750] [bmv2] [T] [thread 160689] [51.0] [cxt 0] Applying table 'MyEgress.egress_encap_ipv6'
[02:46:12.750] [bmv2] [D] [thread 160689] [51.0] [cxt 0] Looking up key:
* standard_metadata.egress_port: 0000

[02:46:12.750] [bmv2] [D] [thread 160689] [51.0] [cxt 0] Table 'MyEgress.egress_encap_ipv6': miss
[02:46:12.750] [bmv2] [D] [thread 160689] [51.0] [cxt 0] Action entry is NoAction - 
[02:46:12.750] [bmv2] [T] [thread 160689] [51.0] [cxt 0] Action NoAction
[02:46:12.750] [bmv2] [T] [thread 160689] [51.0] [cxt 0] Applying table 'MyEgress.egress_encap_yequdesu'
[02:46:12.750] [bmv2] [D] [thread 160689] [51.0] [cxt 0] Looking up key:
* standard_metadata.egress_port: 0000

[02:46:12.750] [bmv2] [D] [thread 160689] [51.0] [cxt 0] Table 'MyEgress.egress_encap_yequdesu': miss
[02:46:12.750] [bmv2] [D] [thread 160689] [51.0] [cxt 0] Action entry is NoAction - 
[02:46:12.750] [bmv2] [T] [thread 160689] [51.0] [cxt 0] Action NoAction
[02:46:12.750] [bmv2] [T] [thread 160689] [51.0] [cxt 0] Applying table 'MyEgress.egress_encap_vxlan'
[02:46:12.750] [bmv2] [D] [thread 160689] [51.0] [cxt 0] Looking up key:
* standard_metadata.egress_port: 0000

[02:46:12.750] [bmv2] [D] [thread 160689] [51.0] [cxt 0] Table 'MyEgress.egress_encap_vxlan': miss
[02:46:12.750] [bmv2] [D] [thread 160689] [51.0] [cxt 0] Action entry is NoAction - 
[02:46:12.750] [bmv2] [T] [thread 160689] [51.0] [cxt 0] Action NoAction
[02:46:12.750] [bmv2] [D] [thread 160689] [51.0] [cxt 0] Pipeline 'egress': end
[02:46:12.750] [bmv2] [D] [thread 160689] [51.0] [cxt 0] Deparser 'deparser': start
[02:46:12.750] [bmv2] [T] [thread 160689] [51.0] [cxt 0] Skipping checksum 'cksum' update because condition not met
[02:46:12.750] [bmv2] [D] [thread 160689] [51.0] [cxt 0] Deparsing header 'ethernet'
[02:46:12.750] [bmv2] [D] [thread 160689] [51.0] [cxt 0] Deparsing header 'ipv6'
[02:46:12.750] [bmv2] [D] [thread 160689] [51.0] [cxt 0] Deparser 'deparser': end
[02:46:12.750] [bmv2] [D] [thread 160693] [51.0] [cxt 0] Transmitting packet of size 70 out of port 0
[02:46:14.286] [bmv2] [D] [thread 160688] [52.0] [cxt 0] Processing packet received on port 1
[02:46:14.286] [bmv2] [D] [thread 160688] [52.0] [cxt 0] Parser 'parser': start
[02:46:14.286] [bmv2] [D] [thread 160688] [52.0] [cxt 0] Parser 'parser' entering state 'start'
[02:46:14.286] [bmv2] [D] [thread 160688] [52.0] [cxt 0] Extracting header 'ethernet'
[02:46:14.286] [bmv2] [D] [thread 160688] [52.0] [cxt 0] Parser state 'start': key is 86dd
[02:46:14.286] [bmv2] [T] [thread 160688] [52.0] [cxt 0] Bytes parsed: 14
[02:46:14.286] [bmv2] [D] [thread 160688] [52.0] [cxt 0] Parser 'parser' entering state 'parse_ipv6'
[02:46:14.286] [bmv2] [D] [thread 160688] [52.0] [cxt 0] Extracting header 'ipv6'
[02:46:14.286] [bmv2] [D] [thread 160688] [52.0] [cxt 0] Parser state 'parse_ipv6': key is 3a
[02:46:14.286] [bmv2] [T] [thread 160688] [52.0] [cxt 0] Bytes parsed: 54
[02:46:14.286] [bmv2] [D] [thread 160688] [52.0] [cxt 0] Parser 'parser': end
[02:46:14.286] [bmv2] [D] [thread 160688] [52.0] [cxt 0] Pipeline 'ingress': start
[02:46:14.286] [bmv2] [T] [thread 160688] [52.0] [cxt 0] basic.p4(565) Condition "hdr.ethernet.etherType == TYPE_ARP" (node_2) is false
[02:46:14.286] [bmv2] [T] [thread 160688] [52.0] [cxt 0] basic.p4(568) Condition "hdr.ethernet.etherType == TYPE_SRCROUTING" (node_4) is false
[02:46:14.286] [bmv2] [T] [thread 160688] [52.0] [cxt 0] basic.p4(581) Condition "hdr.ethernet.etherType == TYPE_YEQUDESU" (node_12) is false
[02:46:14.286] [bmv2] [T] [thread 160688] [52.0] [cxt 0] basic.p4(587) Condition "hdr.vxlan.isValid()" (node_15) is false
[02:46:14.286] [bmv2] [T] [thread 160688] [52.0] [cxt 0] basic.p4(591) Condition "hdr.ipv6.isValid()" (node_17) is true
[02:46:14.286] [bmv2] [T] [thread 160688] [52.0] [cxt 0] Applying table 'MyIngress.ipv6_lpm'
[02:46:14.286] [bmv2] [D] [thread 160688] [52.0] [cxt 0] Looking up key:
* hdr.ipv6.dstAddr    : ff020000000000000000000000000002

[02:46:14.286] [bmv2] [D] [thread 160688] [52.0] [cxt 0] Table 'MyIngress.ipv6_lpm': miss
[02:46:14.286] [bmv2] [D] [thread 160688] [52.0] [cxt 0] Action entry is NoAction - 
[02:46:14.286] [bmv2] [T] [thread 160688] [52.0] [cxt 0] Action NoAction
[02:46:14.286] [bmv2] [D] [thread 160688] [52.0] [cxt 0] Pipeline 'ingress': end
[02:46:14.287] [bmv2] [D] [thread 160688] [52.0] [cxt 0] Egress port is 0
[02:46:14.287] [bmv2] [D] [thread 160689] [52.0] [cxt 0] Pipeline 'egress': start
[02:46:14.287] [bmv2] [T] [thread 160689] [52.0] [cxt 0] Applying table 'MyEgress.egress_encap_ipv6'
[02:46:14.287] [bmv2] [D] [thread 160689] [52.0] [cxt 0] Looking up key:
* standard_metadata.egress_port: 0000

[02:46:14.287] [bmv2] [D] [thread 160689] [52.0] [cxt 0] Table 'MyEgress.egress_encap_ipv6': miss
[02:46:14.287] [bmv2] [D] [thread 160689] [52.0] [cxt 0] Action entry is NoAction - 
[02:46:14.287] [bmv2] [T] [thread 160689] [52.0] [cxt 0] Action NoAction
[02:46:14.287] [bmv2] [T] [thread 160689] [52.0] [cxt 0] Applying table 'MyEgress.egress_encap_yequdesu'
[02:46:14.287] [bmv2] [D] [thread 160689] [52.0] [cxt 0] Looking up key:
* standard_metadata.egress_port: 0000

[02:46:14.287] [bmv2] [D] [thread 160689] [52.0] [cxt 0] Table 'MyEgress.egress_encap_yequdesu': miss
[02:46:14.287] [bmv2] [D] [thread 160689] [52.0] [cxt 0] Action entry is NoAction - 
[02:46:14.287] [bmv2] [T] [thread 160689] [52.0] [cxt 0] Action NoAction
[02:46:14.287] [bmv2] [T] [thread 160689] [52.0] [cxt 0] Applying table 'MyEgress.egress_encap_vxlan'
[02:46:14.287] [bmv2] [D] [thread 160689] [52.0] [cxt 0] Looking up key:
* standard_metadata.egress_port: 0000

[02:46:14.287] [bmv2] [D] [thread 160689] [52.0] [cxt 0] Table 'MyEgress.egress_encap_vxlan': miss
[02:46:14.287] [bmv2] [D] [thread 160689] [52.0] [cxt 0] Action entry is NoAction - 
[02:46:14.287] [bmv2] [T] [thread 160689] [52.0] [cxt 0] Action NoAction
[02:46:14.287] [bmv2] [D] [thread 160689] [52.0] [cxt 0] Pipeline 'egress': end
[02:46:14.287] [bmv2] [D] [thread 160689] [52.0] [cxt 0] Deparser 'deparser': start
[02:46:14.287] [bmv2] [T] [thread 160689] [52.0] [cxt 0] Skipping checksum 'cksum' update because condition not met
[02:46:14.287] [bmv2] [D] [thread 160689] [52.0] [cxt 0] Deparsing header 'ethernet'
[02:46:14.287] [bmv2] [D] [thread 160689] [52.0] [cxt 0] Deparsing header 'ipv6'
[02:46:14.287] [bmv2] [D] [thread 160689] [52.0] [cxt 0] Deparser 'deparser': end
[02:46:14.287] [bmv2] [D] [thread 160693] [52.0] [cxt 0] Transmitting packet of size 70 out of port 0
[02:46:16.846] [bmv2] [D] [thread 160688] [53.0] [cxt 0] Processing packet received on port 2
[02:46:16.846] [bmv2] [D] [thread 160688] [53.0] [cxt 0] Parser 'parser': start
[02:46:16.846] [bmv2] [D] [thread 160688] [53.0] [cxt 0] Parser 'parser' entering state 'start'
[02:46:16.846] [bmv2] [D] [thread 160688] [53.0] [cxt 0] Extracting header 'ethernet'
[02:46:16.846] [bmv2] [D] [thread 160688] [53.0] [cxt 0] Parser state 'start': key is 86dd
[02:46:16.846] [bmv2] [T] [thread 160688] [53.0] [cxt 0] Bytes parsed: 14
[02:46:16.846] [bmv2] [D] [thread 160688] [53.0] [cxt 0] Parser 'parser' entering state 'parse_ipv6'
[02:46:16.846] [bmv2] [D] [thread 160688] [53.0] [cxt 0] Extracting header 'ipv6'
[02:46:16.846] [bmv2] [D] [thread 160688] [53.0] [cxt 0] Parser state 'parse_ipv6': key is 3a
[02:46:16.846] [bmv2] [T] [thread 160688] [53.0] [cxt 0] Bytes parsed: 54
[02:46:16.846] [bmv2] [D] [thread 160688] [53.0] [cxt 0] Parser 'parser': end
[02:46:16.846] [bmv2] [D] [thread 160688] [53.0] [cxt 0] Pipeline 'ingress': start
[02:46:16.846] [bmv2] [T] [thread 160688] [53.0] [cxt 0] basic.p4(565) Condition "hdr.ethernet.etherType == TYPE_ARP" (node_2) is false
[02:46:16.846] [bmv2] [T] [thread 160688] [53.0] [cxt 0] basic.p4(568) Condition "hdr.ethernet.etherType == TYPE_SRCROUTING" (node_4) is false
[02:46:16.846] [bmv2] [T] [thread 160688] [53.0] [cxt 0] basic.p4(581) Condition "hdr.ethernet.etherType == TYPE_YEQUDESU" (node_12) is false
[02:46:16.846] [bmv2] [T] [thread 160688] [53.0] [cxt 0] basic.p4(587) Condition "hdr.vxlan.isValid()" (node_15) is false
[02:46:16.846] [bmv2] [T] [thread 160688] [53.0] [cxt 0] basic.p4(591) Condition "hdr.ipv6.isValid()" (node_17) is true
[02:46:16.846] [bmv2] [T] [thread 160688] [53.0] [cxt 0] Applying table 'MyIngress.ipv6_lpm'
[02:46:16.846] [bmv2] [D] [thread 160688] [53.0] [cxt 0] Looking up key:
* hdr.ipv6.dstAddr    : ff020000000000000000000000000002

[02:46:16.846] [bmv2] [D] [thread 160688] [53.0] [cxt 0] Table 'MyIngress.ipv6_lpm': miss
[02:46:16.846] [bmv2] [D] [thread 160688] [53.0] [cxt 0] Action entry is NoAction - 
[02:46:16.846] [bmv2] [T] [thread 160688] [53.0] [cxt 0] Action NoAction
[02:46:16.846] [bmv2] [D] [thread 160688] [53.0] [cxt 0] Pipeline 'ingress': end
[02:46:16.846] [bmv2] [D] [thread 160688] [53.0] [cxt 0] Egress port is 0
[02:46:16.846] [bmv2] [D] [thread 160689] [53.0] [cxt 0] Pipeline 'egress': start
[02:46:16.846] [bmv2] [T] [thread 160689] [53.0] [cxt 0] Applying table 'MyEgress.egress_encap_ipv6'
[02:46:16.846] [bmv2] [D] [thread 160689] [53.0] [cxt 0] Looking up key:
* standard_metadata.egress_port: 0000

[02:46:16.846] [bmv2] [D] [thread 160689] [53.0] [cxt 0] Table 'MyEgress.egress_encap_ipv6': miss
[02:46:16.846] [bmv2] [D] [thread 160689] [53.0] [cxt 0] Action entry is NoAction - 
[02:46:16.846] [bmv2] [T] [thread 160689] [53.0] [cxt 0] Action NoAction
[02:46:16.846] [bmv2] [T] [thread 160689] [53.0] [cxt 0] Applying table 'MyEgress.egress_encap_yequdesu'
[02:46:16.846] [bmv2] [D] [thread 160689] [53.0] [cxt 0] Looking up key:
* standard_metadata.egress_port: 0000

[02:46:16.846] [bmv2] [D] [thread 160689] [53.0] [cxt 0] Table 'MyEgress.egress_encap_yequdesu': miss
[02:46:16.846] [bmv2] [D] [thread 160689] [53.0] [cxt 0] Action entry is NoAction - 
[02:46:16.846] [bmv2] [T] [thread 160689] [53.0] [cxt 0] Action NoAction
[02:46:16.846] [bmv2] [T] [thread 160689] [53.0] [cxt 0] Applying table 'MyEgress.egress_encap_vxlan'
[02:46:16.846] [bmv2] [D] [thread 160689] [53.0] [cxt 0] Looking up key:
* standard_metadata.egress_port: 0000

[02:46:16.846] [bmv2] [D] [thread 160689] [53.0] [cxt 0] Table 'MyEgress.egress_encap_vxlan': miss
[02:46:16.846] [bmv2] [D] [thread 160689] [53.0] [cxt 0] Action entry is NoAction - 
[02:46:16.846] [bmv2] [T] [thread 160689] [53.0] [cxt 0] Action NoAction
[02:46:16.846] [bmv2] [D] [thread 160689] [53.0] [cxt 0] Pipeline 'egress': end
[02:46:16.846] [bmv2] [D] [thread 160689] [53.0] [cxt 0] Deparser 'deparser': start
[02:46:16.846] [bmv2] [T] [thread 160689] [53.0] [cxt 0] Skipping checksum 'cksum' update because condition not met
[02:46:16.846] [bmv2] [D] [thread 160689] [53.0] [cxt 0] Deparsing header 'ethernet'
[02:46:16.846] [bmv2] [D] [thread 160689] [53.0] [cxt 0] Deparsing header 'ipv6'
[02:46:16.846] [bmv2] [D] [thread 160689] [53.0] [cxt 0] Deparser 'deparser': end
[02:46:16.846] [bmv2] [D] [thread 160693] [53.0] [cxt 0] Transmitting packet of size 70 out of port 0
[02:46:17.554] [bmv2] [D] [thread 160688] [54.0] [cxt 0] Processing packet received on port 1
[02:46:17.554] [bmv2] [D] [thread 160688] [54.0] [cxt 0] Parser 'parser': start
[02:46:17.554] [bmv2] [D] [thread 160688] [54.0] [cxt 0] Parser 'parser' entering state 'start'
[02:46:17.554] [bmv2] [D] [thread 160688] [54.0] [cxt 0] Extracting header 'ethernet'
[02:46:17.554] [bmv2] [D] [thread 160688] [54.0] [cxt 0] Parser state 'start': key is 86dd
[02:46:17.554] [bmv2] [T] [thread 160688] [54.0] [cxt 0] Bytes parsed: 14
[02:46:17.554] [bmv2] [D] [thread 160688] [54.0] [cxt 0] Parser 'parser' entering state 'parse_ipv6'
[02:46:17.554] [bmv2] [D] [thread 160688] [54.0] [cxt 0] Extracting header 'ipv6'
[02:46:17.554] [bmv2] [D] [thread 160688] [54.0] [cxt 0] Parser state 'parse_ipv6': key is 11
[02:46:17.554] [bmv2] [T] [thread 160688] [54.0] [cxt 0] Bytes parsed: 54
[02:46:17.554] [bmv2] [D] [thread 160688] [54.0] [cxt 0] Parser 'parser': end
[02:46:17.554] [bmv2] [D] [thread 160688] [54.0] [cxt 0] Pipeline 'ingress': start
[02:46:17.554] [bmv2] [T] [thread 160688] [54.0] [cxt 0] basic.p4(565) Condition "hdr.ethernet.etherType == TYPE_ARP" (node_2) is false
[02:46:17.554] [bmv2] [T] [thread 160688] [54.0] [cxt 0] basic.p4(568) Condition "hdr.ethernet.etherType == TYPE_SRCROUTING" (node_4) is false
[02:46:17.554] [bmv2] [T] [thread 160688] [54.0] [cxt 0] basic.p4(581) Condition "hdr.ethernet.etherType == TYPE_YEQUDESU" (node_12) is false
[02:46:17.554] [bmv2] [T] [thread 160688] [54.0] [cxt 0] basic.p4(587) Condition "hdr.vxlan.isValid()" (node_15) is false
[02:46:17.554] [bmv2] [T] [thread 160688] [54.0] [cxt 0] basic.p4(591) Condition "hdr.ipv6.isValid()" (node_17) is true
[02:46:17.554] [bmv2] [T] [thread 160688] [54.0] [cxt 0] Applying table 'MyIngress.ipv6_lpm'
[02:46:17.554] [bmv2] [D] [thread 160688] [54.0] [cxt 0] Looking up key:
* hdr.ipv6.dstAddr    : ff0200000000000000000000000000fb

[02:46:17.554] [bmv2] [D] [thread 160688] [54.0] [cxt 0] Table 'MyIngress.ipv6_lpm': miss
[02:46:17.554] [bmv2] [D] [thread 160688] [54.0] [cxt 0] Action entry is NoAction - 
[02:46:17.554] [bmv2] [T] [thread 160688] [54.0] [cxt 0] Action NoAction
[02:46:17.554] [bmv2] [D] [thread 160688] [54.0] [cxt 0] Pipeline 'ingress': end
[02:46:17.554] [bmv2] [D] [thread 160688] [54.0] [cxt 0] Egress port is 0
[02:46:17.554] [bmv2] [D] [thread 160689] [54.0] [cxt 0] Pipeline 'egress': start
[02:46:17.554] [bmv2] [T] [thread 160689] [54.0] [cxt 0] Applying table 'MyEgress.egress_encap_ipv6'
[02:46:17.554] [bmv2] [D] [thread 160689] [54.0] [cxt 0] Looking up key:
* standard_metadata.egress_port: 0000

[02:46:17.554] [bmv2] [D] [thread 160689] [54.0] [cxt 0] Table 'MyEgress.egress_encap_ipv6': miss
[02:46:17.554] [bmv2] [D] [thread 160689] [54.0] [cxt 0] Action entry is NoAction - 
[02:46:17.554] [bmv2] [T] [thread 160689] [54.0] [cxt 0] Action NoAction
[02:46:17.554] [bmv2] [T] [thread 160689] [54.0] [cxt 0] Applying table 'MyEgress.egress_encap_yequdesu'
[02:46:17.554] [bmv2] [D] [thread 160689] [54.0] [cxt 0] Looking up key:
* standard_metadata.egress_port: 0000

[02:46:17.554] [bmv2] [D] [thread 160689] [54.0] [cxt 0] Table 'MyEgress.egress_encap_yequdesu': miss
[02:46:17.554] [bmv2] [D] [thread 160689] [54.0] [cxt 0] Action entry is NoAction - 
[02:46:17.554] [bmv2] [T] [thread 160689] [54.0] [cxt 0] Action NoAction
[02:46:17.554] [bmv2] [T] [thread 160689] [54.0] [cxt 0] Applying table 'MyEgress.egress_encap_vxlan'
[02:46:17.554] [bmv2] [D] [thread 160689] [54.0] [cxt 0] Looking up key:
* standard_metadata.egress_port: 0000

[02:46:17.554] [bmv2] [D] [thread 160689] [54.0] [cxt 0] Table 'MyEgress.egress_encap_vxlan': miss
[02:46:17.554] [bmv2] [D] [thread 160689] [54.0] [cxt 0] Action entry is NoAction - 
[02:46:17.554] [bmv2] [T] [thread 160689] [54.0] [cxt 0] Action NoAction
[02:46:17.554] [bmv2] [D] [thread 160689] [54.0] [cxt 0] Pipeline 'egress': end
[02:46:17.554] [bmv2] [D] [thread 160689] [54.0] [cxt 0] Deparser 'deparser': start
[02:46:17.554] [bmv2] [T] [thread 160689] [54.0] [cxt 0] Skipping checksum 'cksum' update because condition not met
[02:46:17.554] [bmv2] [D] [thread 160689] [54.0] [cxt 0] Deparsing header 'ethernet'
[02:46:17.554] [bmv2] [D] [thread 160689] [54.0] [cxt 0] Deparsing header 'ipv6'
[02:46:17.554] [bmv2] [D] [thread 160689] [54.0] [cxt 0] Deparser 'deparser': end
[02:46:17.554] [bmv2] [D] [thread 160693] [54.0] [cxt 0] Transmitting packet of size 203 out of port 0
[02:46:17.941] [bmv2] [D] [thread 160688] [55.0] [cxt 0] Processing packet received on port 2
[02:46:17.941] [bmv2] [D] [thread 160688] [55.0] [cxt 0] Parser 'parser': start
[02:46:17.941] [bmv2] [D] [thread 160688] [55.0] [cxt 0] Parser 'parser' entering state 'start'
[02:46:17.941] [bmv2] [D] [thread 160688] [55.0] [cxt 0] Extracting header 'ethernet'
[02:46:17.941] [bmv2] [D] [thread 160688] [55.0] [cxt 0] Parser state 'start': key is 86dd
[02:46:17.941] [bmv2] [T] [thread 160688] [55.0] [cxt 0] Bytes parsed: 14
[02:46:17.941] [bmv2] [D] [thread 160688] [55.0] [cxt 0] Parser 'parser' entering state 'parse_ipv6'
[02:46:17.941] [bmv2] [D] [thread 160688] [55.0] [cxt 0] Extracting header 'ipv6'
[02:46:17.941] [bmv2] [D] [thread 160688] [55.0] [cxt 0] Parser state 'parse_ipv6': key is 11
[02:46:17.941] [bmv2] [T] [thread 160688] [55.0] [cxt 0] Bytes parsed: 54
[02:46:17.941] [bmv2] [D] [thread 160688] [55.0] [cxt 0] Parser 'parser': end
[02:46:17.941] [bmv2] [D] [thread 160688] [55.0] [cxt 0] Pipeline 'ingress': start
[02:46:17.942] [bmv2] [T] [thread 160688] [55.0] [cxt 0] basic.p4(565) Condition "hdr.ethernet.etherType == TYPE_ARP" (node_2) is false
[02:46:17.942] [bmv2] [T] [thread 160688] [55.0] [cxt 0] basic.p4(568) Condition "hdr.ethernet.etherType == TYPE_SRCROUTING" (node_4) is false
[02:46:17.942] [bmv2] [T] [thread 160688] [55.0] [cxt 0] basic.p4(581) Condition "hdr.ethernet.etherType == TYPE_YEQUDESU" (node_12) is false
[02:46:17.942] [bmv2] [T] [thread 160688] [55.0] [cxt 0] basic.p4(587) Condition "hdr.vxlan.isValid()" (node_15) is false
[02:46:17.942] [bmv2] [T] [thread 160688] [55.0] [cxt 0] basic.p4(591) Condition "hdr.ipv6.isValid()" (node_17) is true
[02:46:17.942] [bmv2] [T] [thread 160688] [55.0] [cxt 0] Applying table 'MyIngress.ipv6_lpm'
[02:46:17.942] [bmv2] [D] [thread 160688] [55.0] [cxt 0] Looking up key:
* hdr.ipv6.dstAddr    : ff0200000000000000000000000000fb

[02:46:17.942] [bmv2] [D] [thread 160688] [55.0] [cxt 0] Table 'MyIngress.ipv6_lpm': miss
[02:46:17.942] [bmv2] [D] [thread 160688] [55.0] [cxt 0] Action entry is NoAction - 
[02:46:17.942] [bmv2] [T] [thread 160688] [55.0] [cxt 0] Action NoAction
[02:46:17.942] [bmv2] [D] [thread 160688] [55.0] [cxt 0] Pipeline 'ingress': end
[02:46:17.942] [bmv2] [D] [thread 160688] [55.0] [cxt 0] Egress port is 0
[02:46:17.943] [bmv2] [D] [thread 160689] [55.0] [cxt 0] Pipeline 'egress': start
[02:46:17.943] [bmv2] [T] [thread 160689] [55.0] [cxt 0] Applying table 'MyEgress.egress_encap_ipv6'
[02:46:17.944] [bmv2] [D] [thread 160689] [55.0] [cxt 0] Looking up key:
* standard_metadata.egress_port: 0000

[02:46:17.944] [bmv2] [D] [thread 160689] [55.0] [cxt 0] Table 'MyEgress.egress_encap_ipv6': miss
[02:46:17.944] [bmv2] [D] [thread 160689] [55.0] [cxt 0] Action entry is NoAction - 
[02:46:17.944] [bmv2] [T] [thread 160689] [55.0] [cxt 0] Action NoAction
[02:46:17.944] [bmv2] [T] [thread 160689] [55.0] [cxt 0] Applying table 'MyEgress.egress_encap_yequdesu'
[02:46:17.944] [bmv2] [D] [thread 160689] [55.0] [cxt 0] Looking up key:
* standard_metadata.egress_port: 0000

[02:46:17.944] [bmv2] [D] [thread 160689] [55.0] [cxt 0] Table 'MyEgress.egress_encap_yequdesu': miss
[02:46:17.944] [bmv2] [D] [thread 160689] [55.0] [cxt 0] Action entry is NoAction - 
[02:46:17.944] [bmv2] [T] [thread 160689] [55.0] [cxt 0] Action NoAction
[02:46:17.944] [bmv2] [T] [thread 160689] [55.0] [cxt 0] Applying table 'MyEgress.egress_encap_vxlan'
[02:46:17.944] [bmv2] [D] [thread 160689] [55.0] [cxt 0] Looking up key:
* standard_metadata.egress_port: 0000

[02:46:17.944] [bmv2] [D] [thread 160689] [55.0] [cxt 0] Table 'MyEgress.egress_encap_vxlan': miss
[02:46:17.944] [bmv2] [D] [thread 160689] [55.0] [cxt 0] Action entry is NoAction - 
[02:46:17.944] [bmv2] [T] [thread 160689] [55.0] [cxt 0] Action NoAction
[02:46:17.944] [bmv2] [D] [thread 160689] [55.0] [cxt 0] Pipeline 'egress': end
[02:46:17.944] [bmv2] [D] [thread 160689] [55.0] [cxt 0] Deparser 'deparser': start
[02:46:17.944] [bmv2] [T] [thread 160689] [55.0] [cxt 0] Skipping checksum 'cksum' update because condition not met
[02:46:17.944] [bmv2] [D] [thread 160689] [55.0] [cxt 0] Deparsing header 'ethernet'
[02:46:17.944] [bmv2] [D] [thread 160689] [55.0] [cxt 0] Deparsing header 'ipv6'
[02:46:17.944] [bmv2] [D] [thread 160689] [55.0] [cxt 0] Deparser 'deparser': end
[02:46:17.944] [bmv2] [D] [thread 160693] [55.0] [cxt 0] Transmitting packet of size 203 out of port 0
[02:47:07.534] [bmv2] [D] [thread 160688] [56.0] [cxt 0] Processing packet received on port 1
[02:47:07.534] [bmv2] [D] [thread 160688] [56.0] [cxt 0] Parser 'parser': start
[02:47:07.534] [bmv2] [D] [thread 160688] [56.0] [cxt 0] Parser 'parser' entering state 'start'
[02:47:07.534] [bmv2] [D] [thread 160688] [56.0] [cxt 0] Extracting header 'ethernet'
[02:47:07.534] [bmv2] [D] [thread 160688] [56.0] [cxt 0] Parser state 'start': key is 86dd
[02:47:07.534] [bmv2] [T] [thread 160688] [56.0] [cxt 0] Bytes parsed: 14
[02:47:07.534] [bmv2] [D] [thread 160688] [56.0] [cxt 0] Parser 'parser' entering state 'parse_ipv6'
[02:47:07.534] [bmv2] [D] [thread 160688] [56.0] [cxt 0] Extracting header 'ipv6'
[02:47:07.534] [bmv2] [D] [thread 160688] [56.0] [cxt 0] Parser state 'parse_ipv6': key is 3a
[02:47:07.534] [bmv2] [T] [thread 160688] [56.0] [cxt 0] Bytes parsed: 54
[02:47:07.534] [bmv2] [D] [thread 160688] [56.0] [cxt 0] Parser 'parser': end
[02:47:07.534] [bmv2] [D] [thread 160688] [56.0] [cxt 0] Pipeline 'ingress': start
[02:47:07.534] [bmv2] [T] [thread 160688] [56.0] [cxt 0] basic.p4(565) Condition "hdr.ethernet.etherType == TYPE_ARP" (node_2) is false
[02:47:07.534] [bmv2] [T] [thread 160688] [56.0] [cxt 0] basic.p4(568) Condition "hdr.ethernet.etherType == TYPE_SRCROUTING" (node_4) is false
[02:47:07.534] [bmv2] [T] [thread 160688] [56.0] [cxt 0] basic.p4(581) Condition "hdr.ethernet.etherType == TYPE_YEQUDESU" (node_12) is false
[02:47:07.534] [bmv2] [T] [thread 160688] [56.0] [cxt 0] basic.p4(587) Condition "hdr.vxlan.isValid()" (node_15) is false
[02:47:07.534] [bmv2] [T] [thread 160688] [56.0] [cxt 0] basic.p4(591) Condition "hdr.ipv6.isValid()" (node_17) is true
[02:47:07.534] [bmv2] [T] [thread 160688] [56.0] [cxt 0] Applying table 'MyIngress.ipv6_lpm'
[02:47:07.534] [bmv2] [D] [thread 160688] [56.0] [cxt 0] Looking up key:
* hdr.ipv6.dstAddr    : ff020000000000000000000000000002

[02:47:07.534] [bmv2] [D] [thread 160688] [56.0] [cxt 0] Table 'MyIngress.ipv6_lpm': miss
[02:47:07.534] [bmv2] [D] [thread 160688] [56.0] [cxt 0] Action entry is NoAction - 
[02:47:07.534] [bmv2] [T] [thread 160688] [56.0] [cxt 0] Action NoAction
[02:47:07.534] [bmv2] [D] [thread 160688] [56.0] [cxt 0] Pipeline 'ingress': end
[02:47:07.534] [bmv2] [D] [thread 160688] [56.0] [cxt 0] Egress port is 0
[02:47:07.534] [bmv2] [D] [thread 160689] [56.0] [cxt 0] Pipeline 'egress': start
[02:47:07.534] [bmv2] [T] [thread 160689] [56.0] [cxt 0] Applying table 'MyEgress.egress_encap_ipv6'
[02:47:07.534] [bmv2] [D] [thread 160689] [56.0] [cxt 0] Looking up key:
* standard_metadata.egress_port: 0000

[02:47:07.534] [bmv2] [D] [thread 160689] [56.0] [cxt 0] Table 'MyEgress.egress_encap_ipv6': miss
[02:47:07.534] [bmv2] [D] [thread 160689] [56.0] [cxt 0] Action entry is NoAction - 
[02:47:07.534] [bmv2] [T] [thread 160689] [56.0] [cxt 0] Action NoAction
[02:47:07.534] [bmv2] [T] [thread 160689] [56.0] [cxt 0] Applying table 'MyEgress.egress_encap_yequdesu'
[02:47:07.534] [bmv2] [D] [thread 160689] [56.0] [cxt 0] Looking up key:
* standard_metadata.egress_port: 0000

[02:47:07.534] [bmv2] [D] [thread 160689] [56.0] [cxt 0] Table 'MyEgress.egress_encap_yequdesu': miss
[02:47:07.534] [bmv2] [D] [thread 160689] [56.0] [cxt 0] Action entry is NoAction - 
[02:47:07.534] [bmv2] [T] [thread 160689] [56.0] [cxt 0] Action NoAction
[02:47:07.534] [bmv2] [T] [thread 160689] [56.0] [cxt 0] Applying table 'MyEgress.egress_encap_vxlan'
[02:47:07.534] [bmv2] [D] [thread 160689] [56.0] [cxt 0] Looking up key:
* standard_metadata.egress_port: 0000

[02:47:07.534] [bmv2] [D] [thread 160689] [56.0] [cxt 0] Table 'MyEgress.egress_encap_vxlan': miss
[02:47:07.534] [bmv2] [D] [thread 160689] [56.0] [cxt 0] Action entry is NoAction - 
[02:47:07.534] [bmv2] [T] [thread 160689] [56.0] [cxt 0] Action NoAction
[02:47:07.534] [bmv2] [D] [thread 160689] [56.0] [cxt 0] Pipeline 'egress': end
[02:47:07.534] [bmv2] [D] [thread 160689] [56.0] [cxt 0] Deparser 'deparser': start
[02:47:07.534] [bmv2] [T] [thread 160689] [56.0] [cxt 0] Skipping checksum 'cksum' update because condition not met
[02:47:07.534] [bmv2] [D] [thread 160689] [56.0] [cxt 0] Deparsing header 'ethernet'
[02:47:07.534] [bmv2] [D] [thread 160689] [56.0] [cxt 0] Deparsing header 'ipv6'
[02:47:07.534] [bmv2] [D] [thread 160689] [56.0] [cxt 0] Deparser 'deparser': end
[02:47:07.534] [bmv2] [D] [thread 160693] [56.0] [cxt 0] Transmitting packet of size 70 out of port 0
[02:47:15.726] [bmv2] [D] [thread 160688] [57.0] [cxt 0] Processing packet received on port 1
[02:47:15.726] [bmv2] [D] [thread 160688] [57.0] [cxt 0] Parser 'parser': start
[02:47:15.726] [bmv2] [D] [thread 160688] [57.0] [cxt 0] Parser 'parser' entering state 'start'
[02:47:15.726] [bmv2] [D] [thread 160688] [57.0] [cxt 0] Extracting header 'ethernet'
[02:47:15.726] [bmv2] [D] [thread 160688] [57.0] [cxt 0] Parser state 'start': key is 86dd
[02:47:15.726] [bmv2] [T] [thread 160688] [57.0] [cxt 0] Bytes parsed: 14
[02:47:15.726] [bmv2] [D] [thread 160688] [57.0] [cxt 0] Parser 'parser' entering state 'parse_ipv6'
[02:47:15.726] [bmv2] [D] [thread 160688] [57.0] [cxt 0] Extracting header 'ipv6'
[02:47:15.726] [bmv2] [D] [thread 160688] [57.0] [cxt 0] Parser state 'parse_ipv6': key is 3a
[02:47:15.726] [bmv2] [T] [thread 160688] [57.0] [cxt 0] Bytes parsed: 54
[02:47:15.726] [bmv2] [D] [thread 160688] [57.0] [cxt 0] Parser 'parser': end
[02:47:15.726] [bmv2] [D] [thread 160688] [57.0] [cxt 0] Pipeline 'ingress': start
[02:47:15.726] [bmv2] [T] [thread 160688] [57.0] [cxt 0] basic.p4(565) Condition "hdr.ethernet.etherType == TYPE_ARP" (node_2) is false
[02:47:15.726] [bmv2] [T] [thread 160688] [57.0] [cxt 0] basic.p4(568) Condition "hdr.ethernet.etherType == TYPE_SRCROUTING" (node_4) is false
[02:47:15.726] [bmv2] [T] [thread 160688] [57.0] [cxt 0] basic.p4(581) Condition "hdr.ethernet.etherType == TYPE_YEQUDESU" (node_12) is false
[02:47:15.726] [bmv2] [T] [thread 160688] [57.0] [cxt 0] basic.p4(587) Condition "hdr.vxlan.isValid()" (node_15) is false
[02:47:15.726] [bmv2] [T] [thread 160688] [57.0] [cxt 0] basic.p4(591) Condition "hdr.ipv6.isValid()" (node_17) is true
[02:47:15.726] [bmv2] [T] [thread 160688] [57.0] [cxt 0] Applying table 'MyIngress.ipv6_lpm'
[02:47:15.726] [bmv2] [D] [thread 160688] [57.0] [cxt 0] Looking up key:
* hdr.ipv6.dstAddr    : ff020000000000000000000000000002

[02:47:15.726] [bmv2] [D] [thread 160688] [57.0] [cxt 0] Table 'MyIngress.ipv6_lpm': miss
[02:47:15.726] [bmv2] [D] [thread 160688] [57.0] [cxt 0] Action entry is NoAction - 
[02:47:15.726] [bmv2] [T] [thread 160688] [57.0] [cxt 0] Action NoAction
[02:47:15.726] [bmv2] [D] [thread 160688] [57.0] [cxt 0] Pipeline 'ingress': end
[02:47:15.726] [bmv2] [D] [thread 160688] [57.0] [cxt 0] Egress port is 0
[02:47:15.726] [bmv2] [D] [thread 160688] [58.0] [cxt 0] Processing packet received on port 2
[02:47:15.726] [bmv2] [D] [thread 160688] [58.0] [cxt 0] Parser 'parser': start
[02:47:15.726] [bmv2] [D] [thread 160688] [58.0] [cxt 0] Parser 'parser' entering state 'start'
[02:47:15.726] [bmv2] [D] [thread 160688] [58.0] [cxt 0] Extracting header 'ethernet'
[02:47:15.726] [bmv2] [D] [thread 160688] [58.0] [cxt 0] Parser state 'start': key is 86dd
[02:47:15.726] [bmv2] [T] [thread 160688] [58.0] [cxt 0] Bytes parsed: 14
[02:47:15.726] [bmv2] [D] [thread 160688] [58.0] [cxt 0] Parser 'parser' entering state 'parse_ipv6'
[02:47:15.726] [bmv2] [D] [thread 160688] [58.0] [cxt 0] Extracting header 'ipv6'
[02:47:15.726] [bmv2] [D] [thread 160688] [58.0] [cxt 0] Parser state 'parse_ipv6': key is 3a
[02:47:15.726] [bmv2] [T] [thread 160688] [58.0] [cxt 0] Bytes parsed: 54
[02:47:15.726] [bmv2] [D] [thread 160688] [58.0] [cxt 0] Parser 'parser': end
[02:47:15.726] [bmv2] [D] [thread 160688] [58.0] [cxt 0] Pipeline 'ingress': start
[02:47:15.726] [bmv2] [T] [thread 160688] [58.0] [cxt 0] basic.p4(565) Condition "hdr.ethernet.etherType == TYPE_ARP" (node_2) is false
[02:47:15.726] [bmv2] [T] [thread 160688] [58.0] [cxt 0] basic.p4(568) Condition "hdr.ethernet.etherType == TYPE_SRCROUTING" (node_4) is false
[02:47:15.726] [bmv2] [T] [thread 160688] [58.0] [cxt 0] basic.p4(581) Condition "hdr.ethernet.etherType == TYPE_YEQUDESU" (node_12) is false
[02:47:15.726] [bmv2] [T] [thread 160688] [58.0] [cxt 0] basic.p4(587) Condition "hdr.vxlan.isValid()" (node_15) is false
[02:47:15.726] [bmv2] [T] [thread 160688] [58.0] [cxt 0] basic.p4(591) Condition "hdr.ipv6.isValid()" (node_17) is true
[02:47:15.726] [bmv2] [T] [thread 160688] [58.0] [cxt 0] Applying table 'MyIngress.ipv6_lpm'
[02:47:15.726] [bmv2] [D] [thread 160688] [58.0] [cxt 0] Looking up key:
* hdr.ipv6.dstAddr    : ff020000000000000000000000000002

[02:47:15.726] [bmv2] [D] [thread 160688] [58.0] [cxt 0] Table 'MyIngress.ipv6_lpm': miss
[02:47:15.726] [bmv2] [D] [thread 160688] [58.0] [cxt 0] Action entry is NoAction - 
[02:47:15.726] [bmv2] [T] [thread 160688] [58.0] [cxt 0] Action NoAction
[02:47:15.726] [bmv2] [D] [thread 160688] [58.0] [cxt 0] Pipeline 'ingress': end
[02:47:15.726] [bmv2] [D] [thread 160688] [58.0] [cxt 0] Egress port is 0
[02:47:15.726] [bmv2] [D] [thread 160689] [57.0] [cxt 0] Pipeline 'egress': start
[02:47:15.726] [bmv2] [T] [thread 160689] [57.0] [cxt 0] Applying table 'MyEgress.egress_encap_ipv6'
[02:47:15.726] [bmv2] [D] [thread 160689] [57.0] [cxt 0] Looking up key:
* standard_metadata.egress_port: 0000

[02:47:15.726] [bmv2] [D] [thread 160689] [57.0] [cxt 0] Table 'MyEgress.egress_encap_ipv6': miss
[02:47:15.726] [bmv2] [D] [thread 160689] [57.0] [cxt 0] Action entry is NoAction - 
[02:47:15.726] [bmv2] [T] [thread 160689] [57.0] [cxt 0] Action NoAction
[02:47:15.726] [bmv2] [T] [thread 160689] [57.0] [cxt 0] Applying table 'MyEgress.egress_encap_yequdesu'
[02:47:15.726] [bmv2] [D] [thread 160689] [57.0] [cxt 0] Looking up key:
* standard_metadata.egress_port: 0000

[02:47:15.726] [bmv2] [D] [thread 160689] [57.0] [cxt 0] Table 'MyEgress.egress_encap_yequdesu': miss
[02:47:15.726] [bmv2] [D] [thread 160689] [57.0] [cxt 0] Action entry is NoAction - 
[02:47:15.726] [bmv2] [T] [thread 160689] [57.0] [cxt 0] Action NoAction
[02:47:15.726] [bmv2] [T] [thread 160689] [57.0] [cxt 0] Applying table 'MyEgress.egress_encap_vxlan'
[02:47:15.726] [bmv2] [D] [thread 160689] [57.0] [cxt 0] Looking up key:
* standard_metadata.egress_port: 0000

[02:47:15.726] [bmv2] [D] [thread 160689] [57.0] [cxt 0] Table 'MyEgress.egress_encap_vxlan': miss
[02:47:15.726] [bmv2] [D] [thread 160689] [57.0] [cxt 0] Action entry is NoAction - 
[02:47:15.726] [bmv2] [T] [thread 160689] [57.0] [cxt 0] Action NoAction
[02:47:15.726] [bmv2] [D] [thread 160689] [57.0] [cxt 0] Pipeline 'egress': end
[02:47:15.726] [bmv2] [D] [thread 160689] [57.0] [cxt 0] Deparser 'deparser': start
[02:47:15.726] [bmv2] [T] [thread 160689] [57.0] [cxt 0] Skipping checksum 'cksum' update because condition not met
[02:47:15.726] [bmv2] [D] [thread 160689] [57.0] [cxt 0] Deparsing header 'ethernet'
[02:47:15.726] [bmv2] [D] [thread 160689] [57.0] [cxt 0] Deparsing header 'ipv6'
[02:47:15.726] [bmv2] [D] [thread 160689] [57.0] [cxt 0] Deparser 'deparser': end
[02:47:15.726] [bmv2] [D] [thread 160693] [57.0] [cxt 0] Transmitting packet of size 70 out of port 0
[02:47:15.726] [bmv2] [D] [thread 160689] [58.0] [cxt 0] Pipeline 'egress': start
[02:47:15.726] [bmv2] [T] [thread 160689] [58.0] [cxt 0] Applying table 'MyEgress.egress_encap_ipv6'
[02:47:15.726] [bmv2] [D] [thread 160689] [58.0] [cxt 0] Looking up key:
* standard_metadata.egress_port: 0000

[02:47:15.726] [bmv2] [D] [thread 160689] [58.0] [cxt 0] Table 'MyEgress.egress_encap_ipv6': miss
[02:47:15.726] [bmv2] [D] [thread 160689] [58.0] [cxt 0] Action entry is NoAction - 
[02:47:15.726] [bmv2] [T] [thread 160689] [58.0] [cxt 0] Action NoAction
[02:47:15.726] [bmv2] [T] [thread 160689] [58.0] [cxt 0] Applying table 'MyEgress.egress_encap_yequdesu'
[02:47:15.726] [bmv2] [D] [thread 160689] [58.0] [cxt 0] Looking up key:
* standard_metadata.egress_port: 0000

[02:47:15.726] [bmv2] [D] [thread 160689] [58.0] [cxt 0] Table 'MyEgress.egress_encap_yequdesu': miss
[02:47:15.726] [bmv2] [D] [thread 160689] [58.0] [cxt 0] Action entry is NoAction - 
[02:47:15.726] [bmv2] [T] [thread 160689] [58.0] [cxt 0] Action NoAction
[02:47:15.726] [bmv2] [T] [thread 160689] [58.0] [cxt 0] Applying table 'MyEgress.egress_encap_vxlan'
[02:47:15.726] [bmv2] [D] [thread 160689] [58.0] [cxt 0] Looking up key:
* standard_metadata.egress_port: 0000

[02:47:15.726] [bmv2] [D] [thread 160689] [58.0] [cxt 0] Table 'MyEgress.egress_encap_vxlan': miss
[02:47:15.726] [bmv2] [D] [thread 160689] [58.0] [cxt 0] Action entry is NoAction - 
[02:47:15.726] [bmv2] [T] [thread 160689] [58.0] [cxt 0] Action NoAction
[02:47:15.726] [bmv2] [D] [thread 160689] [58.0] [cxt 0] Pipeline 'egress': end
[02:47:15.726] [bmv2] [D] [thread 160689] [58.0] [cxt 0] Deparser 'deparser': start
[02:47:15.726] [bmv2] [T] [thread 160689] [58.0] [cxt 0] Skipping checksum 'cksum' update because condition not met
[02:47:15.726] [bmv2] [D] [thread 160689] [58.0] [cxt 0] Deparsing header 'ethernet'
[02:47:15.726] [bmv2] [D] [thread 160689] [58.0] [cxt 0] Deparsing header 'ipv6'
[02:47:15.727] [bmv2] [D] [thread 160689] [58.0] [cxt 0] Deparser 'deparser': end
[02:47:15.727] [bmv2] [D] [thread 160693] [58.0] [cxt 0] Transmitting packet of size 70 out of port 0
[02:47:21.554] [bmv2] [D] [thread 160688] [59.0] [cxt 0] Processing packet received on port 1
[02:47:21.554] [bmv2] [D] [thread 160688] [59.0] [cxt 0] Parser 'parser': start
[02:47:21.554] [bmv2] [D] [thread 160688] [59.0] [cxt 0] Parser 'parser' entering state 'start'
[02:47:21.554] [bmv2] [D] [thread 160688] [59.0] [cxt 0] Extracting header 'ethernet'
[02:47:21.554] [bmv2] [D] [thread 160688] [59.0] [cxt 0] Parser state 'start': key is 86dd
[02:47:21.554] [bmv2] [T] [thread 160688] [59.0] [cxt 0] Bytes parsed: 14
[02:47:21.554] [bmv2] [D] [thread 160688] [59.0] [cxt 0] Parser 'parser' entering state 'parse_ipv6'
[02:47:21.554] [bmv2] [D] [thread 160688] [59.0] [cxt 0] Extracting header 'ipv6'
[02:47:21.554] [bmv2] [D] [thread 160688] [59.0] [cxt 0] Parser state 'parse_ipv6': key is 11
[02:47:21.554] [bmv2] [T] [thread 160688] [59.0] [cxt 0] Bytes parsed: 54
[02:47:21.554] [bmv2] [D] [thread 160688] [59.0] [cxt 0] Parser 'parser': end
[02:47:21.554] [bmv2] [D] [thread 160688] [59.0] [cxt 0] Pipeline 'ingress': start
[02:47:21.554] [bmv2] [T] [thread 160688] [59.0] [cxt 0] basic.p4(565) Condition "hdr.ethernet.etherType == TYPE_ARP" (node_2) is false
[02:47:21.554] [bmv2] [T] [thread 160688] [59.0] [cxt 0] basic.p4(568) Condition "hdr.ethernet.etherType == TYPE_SRCROUTING" (node_4) is false
[02:47:21.554] [bmv2] [T] [thread 160688] [59.0] [cxt 0] basic.p4(581) Condition "hdr.ethernet.etherType == TYPE_YEQUDESU" (node_12) is false
[02:47:21.554] [bmv2] [T] [thread 160688] [59.0] [cxt 0] basic.p4(587) Condition "hdr.vxlan.isValid()" (node_15) is false
[02:47:21.554] [bmv2] [T] [thread 160688] [59.0] [cxt 0] basic.p4(591) Condition "hdr.ipv6.isValid()" (node_17) is true
[02:47:21.554] [bmv2] [T] [thread 160688] [59.0] [cxt 0] Applying table 'MyIngress.ipv6_lpm'
[02:47:21.554] [bmv2] [D] [thread 160688] [59.0] [cxt 0] Looking up key:
* hdr.ipv6.dstAddr    : ff0200000000000000000000000000fb

[02:47:21.554] [bmv2] [D] [thread 160688] [59.0] [cxt 0] Table 'MyIngress.ipv6_lpm': miss
[02:47:21.554] [bmv2] [D] [thread 160688] [59.0] [cxt 0] Action entry is NoAction - 
[02:47:21.554] [bmv2] [T] [thread 160688] [59.0] [cxt 0] Action NoAction
[02:47:21.554] [bmv2] [D] [thread 160688] [59.0] [cxt 0] Pipeline 'ingress': end
[02:47:21.554] [bmv2] [D] [thread 160688] [59.0] [cxt 0] Egress port is 0
[02:47:21.555] [bmv2] [D] [thread 160689] [59.0] [cxt 0] Pipeline 'egress': start
[02:47:21.555] [bmv2] [T] [thread 160689] [59.0] [cxt 0] Applying table 'MyEgress.egress_encap_ipv6'
[02:47:21.555] [bmv2] [D] [thread 160689] [59.0] [cxt 0] Looking up key:
* standard_metadata.egress_port: 0000

[02:47:21.555] [bmv2] [D] [thread 160689] [59.0] [cxt 0] Table 'MyEgress.egress_encap_ipv6': miss
[02:47:21.555] [bmv2] [D] [thread 160689] [59.0] [cxt 0] Action entry is NoAction - 
[02:47:21.555] [bmv2] [T] [thread 160689] [59.0] [cxt 0] Action NoAction
[02:47:21.555] [bmv2] [T] [thread 160689] [59.0] [cxt 0] Applying table 'MyEgress.egress_encap_yequdesu'
[02:47:21.555] [bmv2] [D] [thread 160689] [59.0] [cxt 0] Looking up key:
* standard_metadata.egress_port: 0000

[02:47:21.555] [bmv2] [D] [thread 160689] [59.0] [cxt 0] Table 'MyEgress.egress_encap_yequdesu': miss
[02:47:21.555] [bmv2] [D] [thread 160689] [59.0] [cxt 0] Action entry is NoAction - 
[02:47:21.555] [bmv2] [T] [thread 160689] [59.0] [cxt 0] Action NoAction
[02:47:21.555] [bmv2] [T] [thread 160689] [59.0] [cxt 0] Applying table 'MyEgress.egress_encap_vxlan'
[02:47:21.555] [bmv2] [D] [thread 160689] [59.0] [cxt 0] Looking up key:
* standard_metadata.egress_port: 0000

[02:47:21.555] [bmv2] [D] [thread 160689] [59.0] [cxt 0] Table 'MyEgress.egress_encap_vxlan': miss
[02:47:21.555] [bmv2] [D] [thread 160689] [59.0] [cxt 0] Action entry is NoAction - 
[02:47:21.555] [bmv2] [T] [thread 160689] [59.0] [cxt 0] Action NoAction
[02:47:21.555] [bmv2] [D] [thread 160689] [59.0] [cxt 0] Pipeline 'egress': end
[02:47:21.555] [bmv2] [D] [thread 160689] [59.0] [cxt 0] Deparser 'deparser': start
[02:47:21.555] [bmv2] [T] [thread 160689] [59.0] [cxt 0] Skipping checksum 'cksum' update because condition not met
[02:47:21.555] [bmv2] [D] [thread 160689] [59.0] [cxt 0] Deparsing header 'ethernet'
[02:47:21.555] [bmv2] [D] [thread 160689] [59.0] [cxt 0] Deparsing header 'ipv6'
[02:47:21.555] [bmv2] [D] [thread 160689] [59.0] [cxt 0] Deparser 'deparser': end
[02:47:21.555] [bmv2] [D] [thread 160693] [59.0] [cxt 0] Transmitting packet of size 203 out of port 0
[02:47:21.940] [bmv2] [D] [thread 160688] [60.0] [cxt 0] Processing packet received on port 2
[02:47:21.940] [bmv2] [D] [thread 160688] [60.0] [cxt 0] Parser 'parser': start
[02:47:21.940] [bmv2] [D] [thread 160688] [60.0] [cxt 0] Parser 'parser' entering state 'start'
[02:47:21.940] [bmv2] [D] [thread 160688] [60.0] [cxt 0] Extracting header 'ethernet'
[02:47:21.940] [bmv2] [D] [thread 160688] [60.0] [cxt 0] Parser state 'start': key is 86dd
[02:47:21.940] [bmv2] [T] [thread 160688] [60.0] [cxt 0] Bytes parsed: 14
[02:47:21.940] [bmv2] [D] [thread 160688] [60.0] [cxt 0] Parser 'parser' entering state 'parse_ipv6'
[02:47:21.940] [bmv2] [D] [thread 160688] [60.0] [cxt 0] Extracting header 'ipv6'
[02:47:21.940] [bmv2] [D] [thread 160688] [60.0] [cxt 0] Parser state 'parse_ipv6': key is 11
[02:47:21.940] [bmv2] [T] [thread 160688] [60.0] [cxt 0] Bytes parsed: 54
[02:47:21.940] [bmv2] [D] [thread 160688] [60.0] [cxt 0] Parser 'parser': end
[02:47:21.940] [bmv2] [D] [thread 160688] [60.0] [cxt 0] Pipeline 'ingress': start
[02:47:21.940] [bmv2] [T] [thread 160688] [60.0] [cxt 0] basic.p4(565) Condition "hdr.ethernet.etherType == TYPE_ARP" (node_2) is false
[02:47:21.940] [bmv2] [T] [thread 160688] [60.0] [cxt 0] basic.p4(568) Condition "hdr.ethernet.etherType == TYPE_SRCROUTING" (node_4) is false
[02:47:21.940] [bmv2] [T] [thread 160688] [60.0] [cxt 0] basic.p4(581) Condition "hdr.ethernet.etherType == TYPE_YEQUDESU" (node_12) is false
[02:47:21.940] [bmv2] [T] [thread 160688] [60.0] [cxt 0] basic.p4(587) Condition "hdr.vxlan.isValid()" (node_15) is false
[02:47:21.940] [bmv2] [T] [thread 160688] [60.0] [cxt 0] basic.p4(591) Condition "hdr.ipv6.isValid()" (node_17) is true
[02:47:21.940] [bmv2] [T] [thread 160688] [60.0] [cxt 0] Applying table 'MyIngress.ipv6_lpm'
[02:47:21.940] [bmv2] [D] [thread 160688] [60.0] [cxt 0] Looking up key:
* hdr.ipv6.dstAddr    : ff0200000000000000000000000000fb

[02:47:21.940] [bmv2] [D] [thread 160688] [60.0] [cxt 0] Table 'MyIngress.ipv6_lpm': miss
[02:47:21.940] [bmv2] [D] [thread 160688] [60.0] [cxt 0] Action entry is NoAction - 
[02:47:21.940] [bmv2] [T] [thread 160688] [60.0] [cxt 0] Action NoAction
[02:47:21.940] [bmv2] [D] [thread 160688] [60.0] [cxt 0] Pipeline 'ingress': end
[02:47:21.940] [bmv2] [D] [thread 160688] [60.0] [cxt 0] Egress port is 0
[02:47:21.940] [bmv2] [D] [thread 160689] [60.0] [cxt 0] Pipeline 'egress': start
[02:47:21.940] [bmv2] [T] [thread 160689] [60.0] [cxt 0] Applying table 'MyEgress.egress_encap_ipv6'
[02:47:21.941] [bmv2] [D] [thread 160689] [60.0] [cxt 0] Looking up key:
* standard_metadata.egress_port: 0000

[02:47:21.941] [bmv2] [D] [thread 160689] [60.0] [cxt 0] Table 'MyEgress.egress_encap_ipv6': miss
[02:47:21.941] [bmv2] [D] [thread 160689] [60.0] [cxt 0] Action entry is NoAction - 
[02:47:21.941] [bmv2] [T] [thread 160689] [60.0] [cxt 0] Action NoAction
[02:47:21.941] [bmv2] [T] [thread 160689] [60.0] [cxt 0] Applying table 'MyEgress.egress_encap_yequdesu'
[02:47:21.941] [bmv2] [D] [thread 160689] [60.0] [cxt 0] Looking up key:
* standard_metadata.egress_port: 0000

[02:47:21.941] [bmv2] [D] [thread 160689] [60.0] [cxt 0] Table 'MyEgress.egress_encap_yequdesu': miss
[02:47:21.941] [bmv2] [D] [thread 160689] [60.0] [cxt 0] Action entry is NoAction - 
[02:47:21.941] [bmv2] [T] [thread 160689] [60.0] [cxt 0] Action NoAction
[02:47:21.941] [bmv2] [T] [thread 160689] [60.0] [cxt 0] Applying table 'MyEgress.egress_encap_vxlan'
[02:47:21.941] [bmv2] [D] [thread 160689] [60.0] [cxt 0] Looking up key:
* standard_metadata.egress_port: 0000

[02:47:21.941] [bmv2] [D] [thread 160689] [60.0] [cxt 0] Table 'MyEgress.egress_encap_vxlan': miss
[02:47:21.941] [bmv2] [D] [thread 160689] [60.0] [cxt 0] Action entry is NoAction - 
[02:47:21.941] [bmv2] [T] [thread 160689] [60.0] [cxt 0] Action NoAction
[02:47:21.941] [bmv2] [D] [thread 160689] [60.0] [cxt 0] Pipeline 'egress': end
[02:47:21.941] [bmv2] [D] [thread 160689] [60.0] [cxt 0] Deparser 'deparser': start
[02:47:21.941] [bmv2] [T] [thread 160689] [60.0] [cxt 0] Skipping checksum 'cksum' update because condition not met
[02:47:21.941] [bmv2] [D] [thread 160689] [60.0] [cxt 0] Deparsing header 'ethernet'
[02:47:21.941] [bmv2] [D] [thread 160689] [60.0] [cxt 0] Deparsing header 'ipv6'
[02:47:21.941] [bmv2] [D] [thread 160689] [60.0] [cxt 0] Deparser 'deparser': end
[02:47:21.941] [bmv2] [D] [thread 160693] [60.0] [cxt 0] Transmitting packet of size 203 out of port 0
[02:47:23.918] [bmv2] [D] [thread 160688] [61.0] [cxt 0] Processing packet received on port 2
[02:47:23.918] [bmv2] [D] [thread 160688] [61.0] [cxt 0] Parser 'parser': start
[02:47:23.918] [bmv2] [D] [thread 160688] [61.0] [cxt 0] Parser 'parser' entering state 'start'
[02:47:23.918] [bmv2] [D] [thread 160688] [61.0] [cxt 0] Extracting header 'ethernet'
[02:47:23.918] [bmv2] [D] [thread 160688] [61.0] [cxt 0] Parser state 'start': key is 86dd
[02:47:23.918] [bmv2] [T] [thread 160688] [61.0] [cxt 0] Bytes parsed: 14
[02:47:23.918] [bmv2] [D] [thread 160688] [61.0] [cxt 0] Parser 'parser' entering state 'parse_ipv6'
[02:47:23.918] [bmv2] [D] [thread 160688] [61.0] [cxt 0] Extracting header 'ipv6'
[02:47:23.918] [bmv2] [D] [thread 160688] [61.0] [cxt 0] Parser state 'parse_ipv6': key is 3a
[02:47:23.918] [bmv2] [T] [thread 160688] [61.0] [cxt 0] Bytes parsed: 54
[02:47:23.918] [bmv2] [D] [thread 160688] [61.0] [cxt 0] Parser 'parser': end
[02:47:23.918] [bmv2] [D] [thread 160688] [61.0] [cxt 0] Pipeline 'ingress': start
[02:47:23.919] [bmv2] [T] [thread 160688] [61.0] [cxt 0] basic.p4(565) Condition "hdr.ethernet.etherType == TYPE_ARP" (node_2) is false
[02:47:23.919] [bmv2] [T] [thread 160688] [61.0] [cxt 0] basic.p4(568) Condition "hdr.ethernet.etherType == TYPE_SRCROUTING" (node_4) is false
[02:47:23.919] [bmv2] [T] [thread 160688] [61.0] [cxt 0] basic.p4(581) Condition "hdr.ethernet.etherType == TYPE_YEQUDESU" (node_12) is false
[02:47:23.919] [bmv2] [T] [thread 160688] [61.0] [cxt 0] basic.p4(587) Condition "hdr.vxlan.isValid()" (node_15) is false
[02:47:23.919] [bmv2] [T] [thread 160688] [61.0] [cxt 0] basic.p4(591) Condition "hdr.ipv6.isValid()" (node_17) is true
[02:47:23.919] [bmv2] [T] [thread 160688] [61.0] [cxt 0] Applying table 'MyIngress.ipv6_lpm'
[02:47:23.919] [bmv2] [D] [thread 160688] [61.0] [cxt 0] Looking up key:
* hdr.ipv6.dstAddr    : ff020000000000000000000000000002

[02:47:23.919] [bmv2] [D] [thread 160688] [61.0] [cxt 0] Table 'MyIngress.ipv6_lpm': miss
[02:47:23.919] [bmv2] [D] [thread 160688] [61.0] [cxt 0] Action entry is NoAction - 
[02:47:23.919] [bmv2] [T] [thread 160688] [61.0] [cxt 0] Action NoAction
[02:47:23.919] [bmv2] [D] [thread 160688] [61.0] [cxt 0] Pipeline 'ingress': end
[02:47:23.919] [bmv2] [D] [thread 160688] [61.0] [cxt 0] Egress port is 0
[02:47:23.919] [bmv2] [D] [thread 160689] [61.0] [cxt 0] Pipeline 'egress': start
[02:47:23.919] [bmv2] [T] [thread 160689] [61.0] [cxt 0] Applying table 'MyEgress.egress_encap_ipv6'
[02:47:23.919] [bmv2] [D] [thread 160689] [61.0] [cxt 0] Looking up key:
* standard_metadata.egress_port: 0000

[02:47:23.919] [bmv2] [D] [thread 160689] [61.0] [cxt 0] Table 'MyEgress.egress_encap_ipv6': miss
[02:47:23.919] [bmv2] [D] [thread 160689] [61.0] [cxt 0] Action entry is NoAction - 
[02:47:23.919] [bmv2] [T] [thread 160689] [61.0] [cxt 0] Action NoAction
[02:47:23.919] [bmv2] [T] [thread 160689] [61.0] [cxt 0] Applying table 'MyEgress.egress_encap_yequdesu'
[02:47:23.919] [bmv2] [D] [thread 160689] [61.0] [cxt 0] Looking up key:
* standard_metadata.egress_port: 0000

[02:47:23.919] [bmv2] [D] [thread 160689] [61.0] [cxt 0] Table 'MyEgress.egress_encap_yequdesu': miss
[02:47:23.919] [bmv2] [D] [thread 160689] [61.0] [cxt 0] Action entry is NoAction - 
[02:47:23.919] [bmv2] [T] [thread 160689] [61.0] [cxt 0] Action NoAction
[02:47:23.919] [bmv2] [T] [thread 160689] [61.0] [cxt 0] Applying table 'MyEgress.egress_encap_vxlan'
[02:47:23.919] [bmv2] [D] [thread 160689] [61.0] [cxt 0] Looking up key:
* standard_metadata.egress_port: 0000

[02:47:23.919] [bmv2] [D] [thread 160689] [61.0] [cxt 0] Table 'MyEgress.egress_encap_vxlan': miss
[02:47:23.919] [bmv2] [D] [thread 160689] [61.0] [cxt 0] Action entry is NoAction - 
[02:47:23.919] [bmv2] [T] [thread 160689] [61.0] [cxt 0] Action NoAction
[02:47:23.919] [bmv2] [D] [thread 160689] [61.0] [cxt 0] Pipeline 'egress': end
[02:47:23.919] [bmv2] [D] [thread 160689] [61.0] [cxt 0] Deparser 'deparser': start
[02:47:23.919] [bmv2] [T] [thread 160689] [61.0] [cxt 0] Skipping checksum 'cksum' update because condition not met
[02:47:23.919] [bmv2] [D] [thread 160689] [61.0] [cxt 0] Deparsing header 'ethernet'
[02:47:23.919] [bmv2] [D] [thread 160689] [61.0] [cxt 0] Deparsing header 'ipv6'
[02:47:23.919] [bmv2] [D] [thread 160689] [61.0] [cxt 0] Deparser 'deparser': end
[02:47:23.919] [bmv2] [D] [thread 160693] [61.0] [cxt 0] Transmitting packet of size 70 out of port 0
open: No such file or directory
open: No such file or directory
open: No such file or directory
open: No such file or directory
