Calling target program-options parser
[00:36:39.433] [bmv2] [D] [thread 91840] Set default default entry for table 'MyIngress.arp_match': MyIngress.drop - 
[00:36:39.433] [bmv2] [D] [thread 91840] Set default default entry for table 'tbl_srcRoute_finish': MyIngress.srcRoute_finish - 
[00:36:39.433] [bmv2] [D] [thread 91840] Set default default entry for table 'MyIngress.ipv4_lpm_src': NoAction - 
[00:36:39.433] [bmv2] [D] [thread 91840] Set default default entry for table 'tbl_srcRoute_nhop': MyIngress.srcRoute_nhop - 
[00:36:39.433] [bmv2] [D] [thread 91840] Set default default entry for table 'tbl_update_ttl': MyIngress.update_ttl - 
[00:36:39.433] [bmv2] [D] [thread 91840] Set default default entry for table 'MyIngress.yequdesu_exact': MyIngress.drop - 
[00:36:39.433] [bmv2] [D] [thread 91840] Set default default entry for table 'MyIngress.vxlan_decap_exact': MyIngress.drop - 
[00:36:39.433] [bmv2] [D] [thread 91840] Set default default entry for table 'MyIngress.ipv6_lpm': NoAction - 
[00:36:39.433] [bmv2] [D] [thread 91840] Set default default entry for table 'MyIngress.vxlan_lpm': NoAction - 
[00:36:39.433] [bmv2] [D] [thread 91840] Set default default entry for table 'MyIngress.modality_schedule': NoAction - 
[00:36:39.433] [bmv2] [D] [thread 91840] Set default default entry for table 'MyIngress.adjudication': NoAction - 
[00:36:39.433] [bmv2] [D] [thread 91840] Set default default entry for table 'MyIngress.ipv4_lpm': NoAction - 
[00:36:39.433] [bmv2] [D] [thread 91840] Set default default entry for table 'MyEgress.egress_encap_ipv6': NoAction - 
[00:36:39.433] [bmv2] [D] [thread 91840] Set default default entry for table 'MyEgress.egress_encap_yequdesu': NoAction - 
[00:36:39.433] [bmv2] [D] [thread 91840] Set default default entry for table 'MyEgress.egress_encap_vxlan': NoAction - 
Adding interface s2-eth1 as port 1
[00:36:39.437] [bmv2] [D] [thread 91840] Adding interface s2-eth1 as port 1
Adding interface s2-eth2 as port 2
[00:36:39.443] [bmv2] [D] [thread 91840] Adding interface s2-eth2 as port 2
Adding interface s2-eth3 as port 3
[00:36:39.451] [bmv2] [D] [thread 91840] Adding interface s2-eth3 as port 3
Adding interface s2-eth4 as port 4
[00:36:39.460] [bmv2] [D] [thread 91840] Adding interface s2-eth4 as port 4
Adding interface s2-eth5 as port 5
[00:36:39.468] [bmv2] [D] [thread 91840] Adding interface s2-eth5 as port 5
Server listening on 0.0.0.0:50052
[00:36:39.479] [bmv2] [I] [thread 91840] Starting Thrift server on port 9091
[00:36:39.479] [bmv2] [I] [thread 91840] Thrift server was started
[00:36:39.501] [bmv2] [D] [thread 91871] [0.0] [cxt 0] Processing packet received on port 1
[00:36:39.501] [bmv2] [D] [thread 91871] [0.0] [cxt 0] Parser 'parser': start
[00:36:39.501] [bmv2] [D] [thread 91871] [0.0] [cxt 0] Parser 'parser' entering state 'start'
[00:36:39.501] [bmv2] [D] [thread 91871] [0.0] [cxt 0] Extracting header 'ethernet'
[00:36:39.502] [bmv2] [D] [thread 91871] [0.0] [cxt 0] Parser state 'start': key is 86dd
[00:36:39.502] [bmv2] [T] [thread 91871] [0.0] [cxt 0] Bytes parsed: 14
[00:36:39.502] [bmv2] [D] [thread 91871] [0.0] [cxt 0] Parser 'parser' entering state 'parse_ipv6'
[00:36:39.502] [bmv2] [D] [thread 91871] [0.0] [cxt 0] Extracting header 'ipv6'
[00:36:39.502] [bmv2] [D] [thread 91871] [0.0] [cxt 0] Parser state 'parse_ipv6': key is 3a
[00:36:39.502] [bmv2] [T] [thread 91871] [0.0] [cxt 0] Bytes parsed: 54
[00:36:39.502] [bmv2] [D] [thread 91871] [0.0] [cxt 0] Parser 'parser': end
[00:36:39.502] [bmv2] [D] [thread 91871] [0.0] [cxt 0] Pipeline 'ingress': start
[00:36:39.502] [bmv2] [T] [thread 91871] [0.0] [cxt 0] basic.p4(560) Condition "hdr.ethernet.etherType == TYPE_ARP" (node_2) is false
[00:36:39.502] [bmv2] [T] [thread 91871] [0.0] [cxt 0] basic.p4(563) Condition "hdr.ethernet.etherType == TYPE_SRCROUTING" (node_4) is false
[00:36:39.502] [bmv2] [T] [thread 91871] [0.0] [cxt 0] basic.p4(576) Condition "hdr.ethernet.etherType == TYPE_YEQUDESU" (node_12) is false
[00:36:39.502] [bmv2] [T] [thread 91871] [0.0] [cxt 0] basic.p4(582) Condition "hdr.vxlan.isValid()" (node_15) is false
[00:36:39.502] [bmv2] [T] [thread 91871] [0.0] [cxt 0] basic.p4(586) Condition "hdr.ipv6.isValid()" (node_17) is true
[00:36:39.502] [bmv2] [T] [thread 91871] [0.0] [cxt 0] Applying table 'MyIngress.ipv6_lpm'
[00:36:39.502] [bmv2] [D] [thread 91871] [0.0] [cxt 0] Looking up key:
* hdr.ipv6.dstAddr    : ff0200000000000000000001fff7958d

[00:36:39.502] [bmv2] [D] [thread 91871] [0.0] [cxt 0] Table 'MyIngress.ipv6_lpm': miss
[00:36:39.502] [bmv2] [D] [thread 91871] [0.0] [cxt 0] Action entry is NoAction - 
[00:36:39.502] [bmv2] [T] [thread 91871] [0.0] [cxt 0] Action NoAction
[00:36:39.502] [bmv2] [D] [thread 91871] [0.0] [cxt 0] Pipeline 'ingress': end
[00:36:39.502] [bmv2] [D] [thread 91871] [0.0] [cxt 0] Egress port is 0
[00:36:39.502] [bmv2] [D] [thread 91872] [0.0] [cxt 0] Pipeline 'egress': start
[00:36:39.502] [bmv2] [T] [thread 91872] [0.0] [cxt 0] basic.p4(684) Condition "standard_metadata.mcast_grp != 0" (node_28) is false
[00:36:39.502] [bmv2] [D] [thread 91872] [0.0] [cxt 0] Pipeline 'egress': end
[00:36:39.502] [bmv2] [D] [thread 91872] [0.0] [cxt 0] Deparser 'deparser': start
[00:36:39.502] [bmv2] [T] [thread 91872] [0.0] [cxt 0] Skipping checksum 'cksum' update because condition not met
[00:36:39.502] [bmv2] [D] [thread 91872] [0.0] [cxt 0] Deparsing header 'ethernet'
[00:36:39.502] [bmv2] [D] [thread 91872] [0.0] [cxt 0] Deparsing header 'ipv6'
[00:36:39.502] [bmv2] [D] [thread 91872] [0.0] [cxt 0] Deparser 'deparser': end
[00:36:39.502] [bmv2] [D] [thread 91876] [0.0] [cxt 0] Transmitting packet of size 86 out of port 0
[00:36:39.630] [bmv2] [D] [thread 91871] [1.0] [cxt 0] Processing packet received on port 2
[00:36:39.630] [bmv2] [D] [thread 91871] [1.0] [cxt 0] Parser 'parser': start
[00:36:39.630] [bmv2] [D] [thread 91871] [1.0] [cxt 0] Parser 'parser' entering state 'start'
[00:36:39.630] [bmv2] [D] [thread 91871] [1.0] [cxt 0] Extracting header 'ethernet'
[00:36:39.631] [bmv2] [D] [thread 91871] [1.0] [cxt 0] Parser state 'start': key is 86dd
[00:36:39.631] [bmv2] [T] [thread 91871] [1.0] [cxt 0] Bytes parsed: 14
[00:36:39.631] [bmv2] [D] [thread 91871] [1.0] [cxt 0] Parser 'parser' entering state 'parse_ipv6'
[00:36:39.631] [bmv2] [D] [thread 91871] [1.0] [cxt 0] Extracting header 'ipv6'
[00:36:39.631] [bmv2] [D] [thread 91871] [1.0] [cxt 0] Parser state 'parse_ipv6': key is 3a
[00:36:39.631] [bmv2] [T] [thread 91871] [1.0] [cxt 0] Bytes parsed: 54
[00:36:39.631] [bmv2] [D] [thread 91871] [1.0] [cxt 0] Parser 'parser': end
[00:36:39.631] [bmv2] [D] [thread 91871] [1.0] [cxt 0] Pipeline 'ingress': start
[00:36:39.631] [bmv2] [T] [thread 91871] [1.0] [cxt 0] basic.p4(560) Condition "hdr.ethernet.etherType == TYPE_ARP" (node_2) is false
[00:36:39.631] [bmv2] [T] [thread 91871] [1.0] [cxt 0] basic.p4(563) Condition "hdr.ethernet.etherType == TYPE_SRCROUTING" (node_4) is false
[00:36:39.631] [bmv2] [T] [thread 91871] [1.0] [cxt 0] basic.p4(576) Condition "hdr.ethernet.etherType == TYPE_YEQUDESU" (node_12) is false
[00:36:39.631] [bmv2] [T] [thread 91871] [1.0] [cxt 0] basic.p4(582) Condition "hdr.vxlan.isValid()" (node_15) is false
[00:36:39.631] [bmv2] [T] [thread 91871] [1.0] [cxt 0] basic.p4(586) Condition "hdr.ipv6.isValid()" (node_17) is true
[00:36:39.631] [bmv2] [T] [thread 91871] [1.0] [cxt 0] Applying table 'MyIngress.ipv6_lpm'
[00:36:39.631] [bmv2] [D] [thread 91871] [1.0] [cxt 0] Looking up key:
* hdr.ipv6.dstAddr    : ff0200000000000000000001fff811f6

[00:36:39.631] [bmv2] [D] [thread 91871] [1.0] [cxt 0] Table 'MyIngress.ipv6_lpm': miss
[00:36:39.631] [bmv2] [D] [thread 91871] [1.0] [cxt 0] Action entry is NoAction - 
[00:36:39.631] [bmv2] [T] [thread 91871] [1.0] [cxt 0] Action NoAction
[00:36:39.631] [bmv2] [D] [thread 91871] [1.0] [cxt 0] Pipeline 'ingress': end
[00:36:39.631] [bmv2] [D] [thread 91871] [1.0] [cxt 0] Egress port is 0
[00:36:39.631] [bmv2] [D] [thread 91871] [2.0] [cxt 0] Processing packet received on port 5
[00:36:39.631] [bmv2] [D] [thread 91871] [2.0] [cxt 0] Parser 'parser': start
[00:36:39.631] [bmv2] [D] [thread 91871] [2.0] [cxt 0] Parser 'parser' entering state 'start'
[00:36:39.631] [bmv2] [D] [thread 91871] [2.0] [cxt 0] Extracting header 'ethernet'
[00:36:39.631] [bmv2] [D] [thread 91871] [2.0] [cxt 0] Parser state 'start': key is 86dd
[00:36:39.631] [bmv2] [T] [thread 91871] [2.0] [cxt 0] Bytes parsed: 14
[00:36:39.631] [bmv2] [D] [thread 91871] [2.0] [cxt 0] Parser 'parser' entering state 'parse_ipv6'
[00:36:39.631] [bmv2] [D] [thread 91871] [2.0] [cxt 0] Extracting header 'ipv6'
[00:36:39.631] [bmv2] [D] [thread 91872] [1.0] [cxt 0] Pipeline 'egress': start
[00:36:39.631] [bmv2] [T] [thread 91872] [1.0] [cxt 0] basic.p4(684) Condition "standard_metadata.mcast_grp != 0" (node_28) is false
[00:36:39.631] [bmv2] [D] [thread 91872] [1.0] [cxt 0] Pipeline 'egress': end
[00:36:39.631] [bmv2] [D] [thread 91871] [2.0] [cxt 0] Parser state 'parse_ipv6': key is 00
[00:36:39.631] [bmv2] [D] [thread 91872] [1.0] [cxt 0] Deparser 'deparser': start
[00:36:39.631] [bmv2] [T] [thread 91871] [2.0] [cxt 0] Bytes parsed: 54
[00:36:39.631] [bmv2] [T] [thread 91872] [1.0] [cxt 0] Skipping checksum 'cksum' update because condition not met
[00:36:39.631] [bmv2] [D] [thread 91871] [2.0] [cxt 0] Parser 'parser': end
[00:36:39.631] [bmv2] [D] [thread 91872] [1.0] [cxt 0] Deparsing header 'ethernet'
[00:36:39.631] [bmv2] [D] [thread 91871] [2.0] [cxt 0] Pipeline 'ingress': start
[00:36:39.631] [bmv2] [D] [thread 91872] [1.0] [cxt 0] Deparsing header 'ipv6'
[00:36:39.631] [bmv2] [T] [thread 91871] [2.0] [cxt 0] basic.p4(560) Condition "hdr.ethernet.etherType == TYPE_ARP" (node_2) is false
[00:36:39.631] [bmv2] [D] [thread 91872] [1.0] [cxt 0] Deparser 'deparser': end
[00:36:39.631] [bmv2] [T] [thread 91871] [2.0] [cxt 0] basic.p4(563) Condition "hdr.ethernet.etherType == TYPE_SRCROUTING" (node_4) is false
[00:36:39.631] [bmv2] [T] [thread 91871] [2.0] [cxt 0] basic.p4(576) Condition "hdr.ethernet.etherType == TYPE_YEQUDESU" (node_12) is false
[00:36:39.631] [bmv2] [T] [thread 91871] [2.0] [cxt 0] basic.p4(582) Condition "hdr.vxlan.isValid()" (node_15) is false
[00:36:39.631] [bmv2] [T] [thread 91871] [2.0] [cxt 0] basic.p4(586) Condition "hdr.ipv6.isValid()" (node_17) is true
[00:36:39.631] [bmv2] [T] [thread 91871] [2.0] [cxt 0] Applying table 'MyIngress.ipv6_lpm'
[00:36:39.631] [bmv2] [D] [thread 91871] [2.0] [cxt 0] Looking up key:
* hdr.ipv6.dstAddr    : ff020000000000000000000000000016

[00:36:39.631] [bmv2] [D] [thread 91871] [2.0] [cxt 0] Table 'MyIngress.ipv6_lpm': miss
[00:36:39.631] [bmv2] [D] [thread 91871] [2.0] [cxt 0] Action entry is NoAction - 
[00:36:39.631] [bmv2] [T] [thread 91871] [2.0] [cxt 0] Action NoAction
[00:36:39.631] [bmv2] [D] [thread 91871] [2.0] [cxt 0] Pipeline 'ingress': end
[00:36:39.631] [bmv2] [D] [thread 91871] [2.0] [cxt 0] Egress port is 0
[00:36:39.631] [bmv2] [D] [thread 91876] [1.0] [cxt 0] Transmitting packet of size 86 out of port 0
[00:36:39.631] [bmv2] [D] [thread 91872] [2.0] [cxt 0] Pipeline 'egress': start
[00:36:39.631] [bmv2] [T] [thread 91872] [2.0] [cxt 0] basic.p4(684) Condition "standard_metadata.mcast_grp != 0" (node_28) is false
[00:36:39.631] [bmv2] [D] [thread 91872] [2.0] [cxt 0] Pipeline 'egress': end
[00:36:39.631] [bmv2] [D] [thread 91872] [2.0] [cxt 0] Deparser 'deparser': start
[00:36:39.631] [bmv2] [T] [thread 91872] [2.0] [cxt 0] Skipping checksum 'cksum' update because condition not met
[00:36:39.631] [bmv2] [D] [thread 91872] [2.0] [cxt 0] Deparsing header 'ethernet'
[00:36:39.631] [bmv2] [D] [thread 91872] [2.0] [cxt 0] Deparsing header 'ipv6'
[00:36:39.631] [bmv2] [D] [thread 91872] [2.0] [cxt 0] Deparser 'deparser': end
[00:36:39.631] [bmv2] [D] [thread 91876] [2.0] [cxt 0] Transmitting packet of size 90 out of port 0
[00:36:39.694] [bmv2] [D] [thread 91871] [3.0] [cxt 0] Processing packet received on port 2
[00:36:39.694] [bmv2] [D] [thread 91871] [3.0] [cxt 0] Parser 'parser': start
[00:36:39.694] [bmv2] [D] [thread 91871] [3.0] [cxt 0] Parser 'parser' entering state 'start'
[00:36:39.694] [bmv2] [D] [thread 91871] [3.0] [cxt 0] Extracting header 'ethernet'
[00:36:39.694] [bmv2] [D] [thread 91871] [3.0] [cxt 0] Parser state 'start': key is 86dd
[00:36:39.694] [bmv2] [T] [thread 91871] [3.0] [cxt 0] Bytes parsed: 14
[00:36:39.694] [bmv2] [D] [thread 91871] [3.0] [cxt 0] Parser 'parser' entering state 'parse_ipv6'
[00:36:39.694] [bmv2] [D] [thread 91871] [3.0] [cxt 0] Extracting header 'ipv6'
[00:36:39.694] [bmv2] [D] [thread 91871] [3.0] [cxt 0] Parser state 'parse_ipv6': key is 00
[00:36:39.694] [bmv2] [T] [thread 91871] [3.0] [cxt 0] Bytes parsed: 54
[00:36:39.694] [bmv2] [D] [thread 91871] [3.0] [cxt 0] Parser 'parser': end
[00:36:39.694] [bmv2] [D] [thread 91871] [3.0] [cxt 0] Pipeline 'ingress': start
[00:36:39.694] [bmv2] [T] [thread 91871] [3.0] [cxt 0] basic.p4(560) Condition "hdr.ethernet.etherType == TYPE_ARP" (node_2) is false
[00:36:39.694] [bmv2] [T] [thread 91871] [3.0] [cxt 0] basic.p4(563) Condition "hdr.ethernet.etherType == TYPE_SRCROUTING" (node_4) is false
[00:36:39.694] [bmv2] [T] [thread 91871] [3.0] [cxt 0] basic.p4(576) Condition "hdr.ethernet.etherType == TYPE_YEQUDESU" (node_12) is false
[00:36:39.694] [bmv2] [T] [thread 91871] [3.0] [cxt 0] basic.p4(582) Condition "hdr.vxlan.isValid()" (node_15) is false
[00:36:39.694] [bmv2] [T] [thread 91871] [3.0] [cxt 0] basic.p4(586) Condition "hdr.ipv6.isValid()" (node_17) is true
[00:36:39.694] [bmv2] [T] [thread 91871] [3.0] [cxt 0] Applying table 'MyIngress.ipv6_lpm'
[00:36:39.694] [bmv2] [D] [thread 91871] [3.0] [cxt 0] Looking up key:
* hdr.ipv6.dstAddr    : ff020000000000000000000000000016

[00:36:39.694] [bmv2] [D] [thread 91871] [3.0] [cxt 0] Table 'MyIngress.ipv6_lpm': miss
[00:36:39.694] [bmv2] [D] [thread 91871] [3.0] [cxt 0] Action entry is NoAction - 
[00:36:39.694] [bmv2] [T] [thread 91871] [3.0] [cxt 0] Action NoAction
[00:36:39.694] [bmv2] [D] [thread 91871] [3.0] [cxt 0] Pipeline 'ingress': end
[00:36:39.694] [bmv2] [D] [thread 91871] [3.0] [cxt 0] Egress port is 0
[00:36:39.694] [bmv2] [D] [thread 91872] [3.0] [cxt 0] Pipeline 'egress': start
[00:36:39.694] [bmv2] [T] [thread 91872] [3.0] [cxt 0] basic.p4(684) Condition "standard_metadata.mcast_grp != 0" (node_28) is false
[00:36:39.694] [bmv2] [D] [thread 91872] [3.0] [cxt 0] Pipeline 'egress': end
[00:36:39.694] [bmv2] [D] [thread 91872] [3.0] [cxt 0] Deparser 'deparser': start
[00:36:39.694] [bmv2] [T] [thread 91872] [3.0] [cxt 0] Skipping checksum 'cksum' update because condition not met
[00:36:39.694] [bmv2] [D] [thread 91872] [3.0] [cxt 0] Deparsing header 'ethernet'
[00:36:39.694] [bmv2] [D] [thread 91872] [3.0] [cxt 0] Deparsing header 'ipv6'
[00:36:39.695] [bmv2] [D] [thread 91872] [3.0] [cxt 0] Deparser 'deparser': end
[00:36:39.695] [bmv2] [D] [thread 91876] [3.0] [cxt 0] Transmitting packet of size 90 out of port 0
[00:36:39.759] [bmv2] [D] [thread 91871] [4.0] [cxt 0] Processing packet received on port 3
[00:36:39.759] [bmv2] [D] [thread 91871] [4.0] [cxt 0] Parser 'parser': start
[00:36:39.759] [bmv2] [D] [thread 91871] [4.0] [cxt 0] Parser 'parser' entering state 'start'
[00:36:39.759] [bmv2] [D] [thread 91871] [4.0] [cxt 0] Extracting header 'ethernet'
[00:36:39.759] [bmv2] [D] [thread 91871] [4.0] [cxt 0] Parser state 'start': key is 86dd
[00:36:39.759] [bmv2] [T] [thread 91871] [4.0] [cxt 0] Bytes parsed: 14
[00:36:39.759] [bmv2] [D] [thread 91871] [4.0] [cxt 0] Parser 'parser' entering state 'parse_ipv6'
[00:36:39.759] [bmv2] [D] [thread 91871] [4.0] [cxt 0] Extracting header 'ipv6'
[00:36:39.759] [bmv2] [D] [thread 91871] [4.0] [cxt 0] Parser state 'parse_ipv6': key is 00
[00:36:39.759] [bmv2] [T] [thread 91871] [4.0] [cxt 0] Bytes parsed: 54
[00:36:39.759] [bmv2] [D] [thread 91871] [4.0] [cxt 0] Parser 'parser': end
[00:36:39.759] [bmv2] [D] [thread 91871] [4.0] [cxt 0] Pipeline 'ingress': start
[00:36:39.759] [bmv2] [T] [thread 91871] [4.0] [cxt 0] basic.p4(560) Condition "hdr.ethernet.etherType == TYPE_ARP" (node_2) is false
[00:36:39.759] [bmv2] [T] [thread 91871] [4.0] [cxt 0] basic.p4(563) Condition "hdr.ethernet.etherType == TYPE_SRCROUTING" (node_4) is false
[00:36:39.759] [bmv2] [T] [thread 91871] [4.0] [cxt 0] basic.p4(576) Condition "hdr.ethernet.etherType == TYPE_YEQUDESU" (node_12) is false
[00:36:39.759] [bmv2] [T] [thread 91871] [4.0] [cxt 0] basic.p4(582) Condition "hdr.vxlan.isValid()" (node_15) is false
[00:36:39.759] [bmv2] [T] [thread 91871] [4.0] [cxt 0] basic.p4(586) Condition "hdr.ipv6.isValid()" (node_17) is true
[00:36:39.759] [bmv2] [T] [thread 91871] [4.0] [cxt 0] Applying table 'MyIngress.ipv6_lpm'
[00:36:39.759] [bmv2] [D] [thread 91871] [4.0] [cxt 0] Looking up key:
* hdr.ipv6.dstAddr    : ff020000000000000000000000000016

[00:36:39.759] [bmv2] [D] [thread 91871] [4.0] [cxt 0] Table 'MyIngress.ipv6_lpm': miss
[00:36:39.759] [bmv2] [D] [thread 91871] [4.0] [cxt 0] Action entry is NoAction - 
[00:36:39.759] [bmv2] [T] [thread 91871] [4.0] [cxt 0] Action NoAction
[00:36:39.759] [bmv2] [D] [thread 91871] [4.0] [cxt 0] Pipeline 'ingress': end
[00:36:39.759] [bmv2] [D] [thread 91871] [4.0] [cxt 0] Egress port is 0
[00:36:39.759] [bmv2] [D] [thread 91871] [5.0] [cxt 0] Processing packet received on port 3
[00:36:39.759] [bmv2] [D] [thread 91871] [5.0] [cxt 0] Parser 'parser': start
[00:36:39.759] [bmv2] [D] [thread 91871] [5.0] [cxt 0] Parser 'parser' entering state 'start'
[00:36:39.759] [bmv2] [D] [thread 91871] [5.0] [cxt 0] Extracting header 'ethernet'
[00:36:39.759] [bmv2] [D] [thread 91871] [5.0] [cxt 0] Parser state 'start': key is 86dd
[00:36:39.759] [bmv2] [T] [thread 91871] [5.0] [cxt 0] Bytes parsed: 14
[00:36:39.759] [bmv2] [D] [thread 91871] [5.0] [cxt 0] Parser 'parser' entering state 'parse_ipv6'
[00:36:39.759] [bmv2] [D] [thread 91871] [5.0] [cxt 0] Extracting header 'ipv6'
[00:36:39.759] [bmv2] [D] [thread 91871] [5.0] [cxt 0] Parser state 'parse_ipv6': key is 3a
[00:36:39.759] [bmv2] [T] [thread 91871] [5.0] [cxt 0] Bytes parsed: 54
[00:36:39.759] [bmv2] [D] [thread 91871] [5.0] [cxt 0] Parser 'parser': end
[00:36:39.759] [bmv2] [D] [thread 91871] [5.0] [cxt 0] Pipeline 'ingress': start
[00:36:39.759] [bmv2] [T] [thread 91871] [5.0] [cxt 0] basic.p4(560) Condition "hdr.ethernet.etherType == TYPE_ARP" (node_2) is false
[00:36:39.759] [bmv2] [T] [thread 91871] [5.0] [cxt 0] basic.p4(563) Condition "hdr.ethernet.etherType == TYPE_SRCROUTING" (node_4) is false
[00:36:39.759] [bmv2] [T] [thread 91871] [5.0] [cxt 0] basic.p4(576) Condition "hdr.ethernet.etherType == TYPE_YEQUDESU" (node_12) is false
[00:36:39.759] [bmv2] [T] [thread 91871] [5.0] [cxt 0] basic.p4(582) Condition "hdr.vxlan.isValid()" (node_15) is false
[00:36:39.759] [bmv2] [T] [thread 91871] [5.0] [cxt 0] basic.p4(586) Condition "hdr.ipv6.isValid()" (node_17) is true
[00:36:39.759] [bmv2] [T] [thread 91871] [5.0] [cxt 0] Applying table 'MyIngress.ipv6_lpm'
[00:36:39.759] [bmv2] [D] [thread 91871] [5.0] [cxt 0] Looking up key:
* hdr.ipv6.dstAddr    : ff020000000000000000000000000002

[00:36:39.759] [bmv2] [D] [thread 91871] [5.0] [cxt 0] Table 'MyIngress.ipv6_lpm': miss
[00:36:39.759] [bmv2] [D] [thread 91871] [5.0] [cxt 0] Action entry is NoAction - 
[00:36:39.759] [bmv2] [T] [thread 91871] [5.0] [cxt 0] Action NoAction
[00:36:39.759] [bmv2] [D] [thread 91871] [5.0] [cxt 0] Pipeline 'ingress': end
[00:36:39.759] [bmv2] [D] [thread 91871] [5.0] [cxt 0] Egress port is 0
[00:36:39.759] [bmv2] [D] [thread 91872] [4.0] [cxt 0] Pipeline 'egress': start
[00:36:39.759] [bmv2] [T] [thread 91872] [4.0] [cxt 0] basic.p4(684) Condition "standard_metadata.mcast_grp != 0" (node_28) is false
[00:36:39.759] [bmv2] [D] [thread 91872] [4.0] [cxt 0] Pipeline 'egress': end
[00:36:39.759] [bmv2] [D] [thread 91872] [4.0] [cxt 0] Deparser 'deparser': start
[00:36:39.759] [bmv2] [T] [thread 91872] [4.0] [cxt 0] Skipping checksum 'cksum' update because condition not met
[00:36:39.759] [bmv2] [D] [thread 91872] [4.0] [cxt 0] Deparsing header 'ethernet'
[00:36:39.759] [bmv2] [D] [thread 91872] [4.0] [cxt 0] Deparsing header 'ipv6'
[00:36:39.759] [bmv2] [D] [thread 91872] [4.0] [cxt 0] Deparser 'deparser': end
[00:36:39.759] [bmv2] [D] [thread 91872] [5.0] [cxt 0] Pipeline 'egress': start
[00:36:39.759] [bmv2] [T] [thread 91872] [5.0] [cxt 0] basic.p4(684) Condition "standard_metadata.mcast_grp != 0" (node_28) is false
[00:36:39.759] [bmv2] [D] [thread 91872] [5.0] [cxt 0] Pipeline 'egress': end
[00:36:39.759] [bmv2] [D] [thread 91872] [5.0] [cxt 0] Deparser 'deparser': start
[00:36:39.759] [bmv2] [T] [thread 91872] [5.0] [cxt 0] Skipping checksum 'cksum' update because condition not met
[00:36:39.759] [bmv2] [D] [thread 91872] [5.0] [cxt 0] Deparsing header 'ethernet'
[00:36:39.759] [bmv2] [D] [thread 91872] [5.0] [cxt 0] Deparsing header 'ipv6'
[00:36:39.759] [bmv2] [D] [thread 91872] [5.0] [cxt 0] Deparser 'deparser': end
[00:36:39.759] [bmv2] [D] [thread 91876] [4.0] [cxt 0] Transmitting packet of size 90 out of port 0
[00:36:39.759] [bmv2] [D] [thread 91876] [5.0] [cxt 0] Transmitting packet of size 70 out of port 0
[00:36:39.761] [bmv2] [D] [thread 91871] [6.0] [cxt 0] Processing packet received on port 3
[00:36:39.761] [bmv2] [D] [thread 91871] [6.0] [cxt 0] Parser 'parser': start
[00:36:39.761] [bmv2] [D] [thread 91871] [6.0] [cxt 0] Parser 'parser' entering state 'start'
[00:36:39.761] [bmv2] [D] [thread 91871] [6.0] [cxt 0] Extracting header 'ethernet'
[00:36:39.761] [bmv2] [D] [thread 91871] [6.0] [cxt 0] Parser state 'start': key is 86dd
[00:36:39.761] [bmv2] [T] [thread 91871] [6.0] [cxt 0] Bytes parsed: 14
[00:36:39.761] [bmv2] [D] [thread 91871] [6.0] [cxt 0] Parser 'parser' entering state 'parse_ipv6'
[00:36:39.761] [bmv2] [D] [thread 91871] [6.0] [cxt 0] Extracting header 'ipv6'
[00:36:39.761] [bmv2] [D] [thread 91871] [6.0] [cxt 0] Parser state 'parse_ipv6': key is 00
[00:36:39.761] [bmv2] [T] [thread 91871] [6.0] [cxt 0] Bytes parsed: 54
[00:36:39.761] [bmv2] [D] [thread 91871] [6.0] [cxt 0] Parser 'parser': end
[00:36:39.761] [bmv2] [D] [thread 91871] [6.0] [cxt 0] Pipeline 'ingress': start
[00:36:39.761] [bmv2] [T] [thread 91871] [6.0] [cxt 0] basic.p4(560) Condition "hdr.ethernet.etherType == TYPE_ARP" (node_2) is false
[00:36:39.761] [bmv2] [T] [thread 91871] [6.0] [cxt 0] basic.p4(563) Condition "hdr.ethernet.etherType == TYPE_SRCROUTING" (node_4) is false
[00:36:39.761] [bmv2] [T] [thread 91871] [6.0] [cxt 0] basic.p4(576) Condition "hdr.ethernet.etherType == TYPE_YEQUDESU" (node_12) is false
[00:36:39.761] [bmv2] [T] [thread 91871] [6.0] [cxt 0] basic.p4(582) Condition "hdr.vxlan.isValid()" (node_15) is false
[00:36:39.761] [bmv2] [T] [thread 91871] [6.0] [cxt 0] basic.p4(586) Condition "hdr.ipv6.isValid()" (node_17) is true
[00:36:39.761] [bmv2] [T] [thread 91871] [6.0] [cxt 0] Applying table 'MyIngress.ipv6_lpm'
[00:36:39.761] [bmv2] [D] [thread 91871] [6.0] [cxt 0] Looking up key:
* hdr.ipv6.dstAddr    : ff020000000000000000000000000016

[00:36:39.761] [bmv2] [D] [thread 91871] [6.0] [cxt 0] Table 'MyIngress.ipv6_lpm': miss
[00:36:39.761] [bmv2] [D] [thread 91871] [6.0] [cxt 0] Action entry is NoAction - 
[00:36:39.761] [bmv2] [T] [thread 91871] [6.0] [cxt 0] Action NoAction
[00:36:39.761] [bmv2] [D] [thread 91871] [6.0] [cxt 0] Pipeline 'ingress': end
[00:36:39.761] [bmv2] [D] [thread 91871] [6.0] [cxt 0] Egress port is 0
[00:36:39.761] [bmv2] [D] [thread 91872] [6.0] [cxt 0] Pipeline 'egress': start
[00:36:39.761] [bmv2] [T] [thread 91872] [6.0] [cxt 0] basic.p4(684) Condition "standard_metadata.mcast_grp != 0" (node_28) is false
[00:36:39.761] [bmv2] [D] [thread 91872] [6.0] [cxt 0] Pipeline 'egress': end
[00:36:39.761] [bmv2] [D] [thread 91872] [6.0] [cxt 0] Deparser 'deparser': start
[00:36:39.761] [bmv2] [T] [thread 91872] [6.0] [cxt 0] Skipping checksum 'cksum' update because condition not met
[00:36:39.761] [bmv2] [D] [thread 91872] [6.0] [cxt 0] Deparsing header 'ethernet'
[00:36:39.761] [bmv2] [D] [thread 91872] [6.0] [cxt 0] Deparsing header 'ipv6'
[00:36:39.761] [bmv2] [D] [thread 91872] [6.0] [cxt 0] Deparser 'deparser': end
[00:36:39.762] [bmv2] [D] [thread 91876] [6.0] [cxt 0] Transmitting packet of size 90 out of port 0
[00:36:39.859] [bmv2] [D] [thread 91871] [7.0] [cxt 0] Processing packet received on port 3
[00:36:39.859] [bmv2] [D] [thread 91871] [7.0] [cxt 0] Parser 'parser': start
[00:36:39.859] [bmv2] [D] [thread 91871] [7.0] [cxt 0] Parser 'parser' entering state 'start'
[00:36:39.859] [bmv2] [D] [thread 91871] [7.0] [cxt 0] Extracting header 'ethernet'
[00:36:39.859] [bmv2] [D] [thread 91871] [7.0] [cxt 0] Parser state 'start': key is 86dd
[00:36:39.859] [bmv2] [T] [thread 91871] [7.0] [cxt 0] Bytes parsed: 14
[00:36:39.859] [bmv2] [D] [thread 91871] [7.0] [cxt 0] Parser 'parser' entering state 'parse_ipv6'
[00:36:39.859] [bmv2] [D] [thread 91871] [7.0] [cxt 0] Extracting header 'ipv6'
[00:36:39.859] [bmv2] [D] [thread 91871] [7.0] [cxt 0] Parser state 'parse_ipv6': key is 11
[00:36:39.859] [bmv2] [T] [thread 91871] [7.0] [cxt 0] Bytes parsed: 54
[00:36:39.859] [bmv2] [D] [thread 91871] [7.0] [cxt 0] Parser 'parser': end
[00:36:39.859] [bmv2] [D] [thread 91871] [7.0] [cxt 0] Pipeline 'ingress': start
[00:36:39.859] [bmv2] [T] [thread 91871] [7.0] [cxt 0] basic.p4(560) Condition "hdr.ethernet.etherType == TYPE_ARP" (node_2) is false
[00:36:39.859] [bmv2] [T] [thread 91871] [7.0] [cxt 0] basic.p4(563) Condition "hdr.ethernet.etherType == TYPE_SRCROUTING" (node_4) is false
[00:36:39.859] [bmv2] [T] [thread 91871] [7.0] [cxt 0] basic.p4(576) Condition "hdr.ethernet.etherType == TYPE_YEQUDESU" (node_12) is false
[00:36:39.859] [bmv2] [T] [thread 91871] [7.0] [cxt 0] basic.p4(582) Condition "hdr.vxlan.isValid()" (node_15) is false
[00:36:39.859] [bmv2] [T] [thread 91871] [7.0] [cxt 0] basic.p4(586) Condition "hdr.ipv6.isValid()" (node_17) is true
[00:36:39.859] [bmv2] [T] [thread 91871] [7.0] [cxt 0] Applying table 'MyIngress.ipv6_lpm'
[00:36:39.859] [bmv2] [D] [thread 91871] [7.0] [cxt 0] Looking up key:
* hdr.ipv6.dstAddr    : ff0200000000000000000000000000fb

[00:36:39.859] [bmv2] [D] [thread 91871] [7.0] [cxt 0] Table 'MyIngress.ipv6_lpm': miss
[00:36:39.859] [bmv2] [D] [thread 91871] [7.0] [cxt 0] Action entry is NoAction - 
[00:36:39.859] [bmv2] [T] [thread 91871] [7.0] [cxt 0] Action NoAction
[00:36:39.859] [bmv2] [D] [thread 91871] [7.0] [cxt 0] Pipeline 'ingress': end
[00:36:39.859] [bmv2] [D] [thread 91871] [7.0] [cxt 0] Egress port is 0
[00:36:39.860] [bmv2] [D] [thread 91872] [7.0] [cxt 0] Pipeline 'egress': start
[00:36:39.860] [bmv2] [T] [thread 91872] [7.0] [cxt 0] basic.p4(684) Condition "standard_metadata.mcast_grp != 0" (node_28) is false
[00:36:39.860] [bmv2] [D] [thread 91872] [7.0] [cxt 0] Pipeline 'egress': end
[00:36:39.860] [bmv2] [D] [thread 91872] [7.0] [cxt 0] Deparser 'deparser': start
[00:36:39.860] [bmv2] [T] [thread 91872] [7.0] [cxt 0] Skipping checksum 'cksum' update because condition not met
[00:36:39.860] [bmv2] [D] [thread 91872] [7.0] [cxt 0] Deparsing header 'ethernet'
[00:36:39.860] [bmv2] [D] [thread 91872] [7.0] [cxt 0] Deparsing header 'ipv6'
[00:36:39.860] [bmv2] [D] [thread 91872] [7.0] [cxt 0] Deparser 'deparser': end
[00:36:39.860] [bmv2] [D] [thread 91876] [7.0] [cxt 0] Transmitting packet of size 203 out of port 0
[00:36:39.868] [bmv2] [D] [thread 91871] [8.0] [cxt 0] Processing packet received on port 3
[00:36:39.868] [bmv2] [D] [thread 91871] [8.0] [cxt 0] Parser 'parser': start
[00:36:39.868] [bmv2] [D] [thread 91871] [8.0] [cxt 0] Parser 'parser' entering state 'start'
[00:36:39.868] [bmv2] [D] [thread 91871] [8.0] [cxt 0] Extracting header 'ethernet'
[00:36:39.868] [bmv2] [D] [thread 91871] [8.0] [cxt 0] Parser state 'start': key is 86dd
[00:36:39.868] [bmv2] [T] [thread 91871] [8.0] [cxt 0] Bytes parsed: 14
[00:36:39.868] [bmv2] [D] [thread 91871] [8.0] [cxt 0] Parser 'parser' entering state 'parse_ipv6'
[00:36:39.868] [bmv2] [D] [thread 91871] [8.0] [cxt 0] Extracting header 'ipv6'
[00:36:39.868] [bmv2] [D] [thread 91871] [8.0] [cxt 0] Parser state 'parse_ipv6': key is 11
[00:36:39.868] [bmv2] [T] [thread 91871] [8.0] [cxt 0] Bytes parsed: 54
[00:36:39.868] [bmv2] [D] [thread 91871] [8.0] [cxt 0] Parser 'parser': end
[00:36:39.868] [bmv2] [D] [thread 91871] [8.0] [cxt 0] Pipeline 'ingress': start
[00:36:39.868] [bmv2] [T] [thread 91871] [8.0] [cxt 0] basic.p4(560) Condition "hdr.ethernet.etherType == TYPE_ARP" (node_2) is false
[00:36:39.868] [bmv2] [T] [thread 91871] [8.0] [cxt 0] basic.p4(563) Condition "hdr.ethernet.etherType == TYPE_SRCROUTING" (node_4) is false
[00:36:39.868] [bmv2] [T] [thread 91871] [8.0] [cxt 0] basic.p4(576) Condition "hdr.ethernet.etherType == TYPE_YEQUDESU" (node_12) is false
[00:36:39.868] [bmv2] [T] [thread 91871] [8.0] [cxt 0] basic.p4(582) Condition "hdr.vxlan.isValid()" (node_15) is false
[00:36:39.868] [bmv2] [T] [thread 91871] [8.0] [cxt 0] basic.p4(586) Condition "hdr.ipv6.isValid()" (node_17) is true
[00:36:39.868] [bmv2] [T] [thread 91871] [8.0] [cxt 0] Applying table 'MyIngress.ipv6_lpm'
[00:36:39.868] [bmv2] [D] [thread 91871] [8.0] [cxt 0] Looking up key:
* hdr.ipv6.dstAddr    : ff0200000000000000000000000000fb

[00:36:39.868] [bmv2] [D] [thread 91871] [8.0] [cxt 0] Table 'MyIngress.ipv6_lpm': miss
[00:36:39.869] [bmv2] [D] [thread 91871] [8.0] [cxt 0] Action entry is NoAction - 
[00:36:39.869] [bmv2] [T] [thread 91871] [8.0] [cxt 0] Action NoAction
[00:36:39.869] [bmv2] [D] [thread 91871] [8.0] [cxt 0] Pipeline 'ingress': end
[00:36:39.869] [bmv2] [D] [thread 91871] [8.0] [cxt 0] Egress port is 0
[00:36:39.869] [bmv2] [D] [thread 91872] [8.0] [cxt 0] Pipeline 'egress': start
[00:36:39.869] [bmv2] [T] [thread 91872] [8.0] [cxt 0] basic.p4(684) Condition "standard_metadata.mcast_grp != 0" (node_28) is false
[00:36:39.869] [bmv2] [D] [thread 91872] [8.0] [cxt 0] Pipeline 'egress': end
[00:36:39.869] [bmv2] [D] [thread 91872] [8.0] [cxt 0] Deparser 'deparser': start
[00:36:39.869] [bmv2] [T] [thread 91872] [8.0] [cxt 0] Skipping checksum 'cksum' update because condition not met
[00:36:39.869] [bmv2] [D] [thread 91872] [8.0] [cxt 0] Deparsing header 'ethernet'
[00:36:39.869] [bmv2] [D] [thread 91872] [8.0] [cxt 0] Deparsing header 'ipv6'
[00:36:39.869] [bmv2] [D] [thread 91872] [8.0] [cxt 0] Deparser 'deparser': end
[00:36:39.869] [bmv2] [D] [thread 91876] [8.0] [cxt 0] Transmitting packet of size 211 out of port 0
[00:36:39.950] [bmv2] [D] [thread 91871] [9.0] [cxt 0] Processing packet received on port 3
[00:36:39.950] [bmv2] [D] [thread 91871] [9.0] [cxt 0] Parser 'parser': start
[00:36:39.950] [bmv2] [D] [thread 91871] [9.0] [cxt 0] Parser 'parser' entering state 'start'
[00:36:39.950] [bmv2] [D] [thread 91871] [9.0] [cxt 0] Extracting header 'ethernet'
[00:36:39.950] [bmv2] [D] [thread 91871] [9.0] [cxt 0] Parser state 'start': key is 86dd
[00:36:39.950] [bmv2] [T] [thread 91871] [9.0] [cxt 0] Bytes parsed: 14
[00:36:39.950] [bmv2] [D] [thread 91871] [9.0] [cxt 0] Parser 'parser' entering state 'parse_ipv6'
[00:36:39.950] [bmv2] [D] [thread 91871] [9.0] [cxt 0] Extracting header 'ipv6'
[00:36:39.950] [bmv2] [D] [thread 91871] [9.0] [cxt 0] Parser state 'parse_ipv6': key is 00
[00:36:39.950] [bmv2] [T] [thread 91871] [9.0] [cxt 0] Bytes parsed: 54
[00:36:39.950] [bmv2] [D] [thread 91871] [9.0] [cxt 0] Parser 'parser': end
[00:36:39.950] [bmv2] [D] [thread 91871] [9.0] [cxt 0] Pipeline 'ingress': start
[00:36:39.950] [bmv2] [T] [thread 91871] [9.0] [cxt 0] basic.p4(560) Condition "hdr.ethernet.etherType == TYPE_ARP" (node_2) is false
[00:36:39.950] [bmv2] [T] [thread 91871] [9.0] [cxt 0] basic.p4(563) Condition "hdr.ethernet.etherType == TYPE_SRCROUTING" (node_4) is false
[00:36:39.950] [bmv2] [T] [thread 91871] [9.0] [cxt 0] basic.p4(576) Condition "hdr.ethernet.etherType == TYPE_YEQUDESU" (node_12) is false
[00:36:39.950] [bmv2] [T] [thread 91871] [9.0] [cxt 0] basic.p4(582) Condition "hdr.vxlan.isValid()" (node_15) is false
[00:36:39.950] [bmv2] [T] [thread 91871] [9.0] [cxt 0] basic.p4(586) Condition "hdr.ipv6.isValid()" (node_17) is true
[00:36:39.950] [bmv2] [T] [thread 91871] [9.0] [cxt 0] Applying table 'MyIngress.ipv6_lpm'
[00:36:39.950] [bmv2] [D] [thread 91871] [9.0] [cxt 0] Looking up key:
* hdr.ipv6.dstAddr    : ff020000000000000000000000000016

[00:36:39.950] [bmv2] [D] [thread 91871] [9.0] [cxt 0] Table 'MyIngress.ipv6_lpm': miss
[00:36:39.950] [bmv2] [D] [thread 91871] [9.0] [cxt 0] Action entry is NoAction - 
[00:36:39.950] [bmv2] [T] [thread 91871] [9.0] [cxt 0] Action NoAction
[00:36:39.950] [bmv2] [D] [thread 91871] [9.0] [cxt 0] Pipeline 'ingress': end
[00:36:39.950] [bmv2] [D] [thread 91871] [9.0] [cxt 0] Egress port is 0
[00:36:39.951] [bmv2] [D] [thread 91872] [9.0] [cxt 0] Pipeline 'egress': start
[00:36:39.951] [bmv2] [T] [thread 91872] [9.0] [cxt 0] basic.p4(684) Condition "standard_metadata.mcast_grp != 0" (node_28) is false
[00:36:39.951] [bmv2] [D] [thread 91872] [9.0] [cxt 0] Pipeline 'egress': end
[00:36:39.951] [bmv2] [D] [thread 91872] [9.0] [cxt 0] Deparser 'deparser': start
[00:36:39.951] [bmv2] [T] [thread 91872] [9.0] [cxt 0] Skipping checksum 'cksum' update because condition not met
[00:36:39.951] [bmv2] [D] [thread 91872] [9.0] [cxt 0] Deparsing header 'ethernet'
[00:36:39.951] [bmv2] [D] [thread 91872] [9.0] [cxt 0] Deparsing header 'ipv6'
[00:36:39.951] [bmv2] [D] [thread 91872] [9.0] [cxt 0] Deparser 'deparser': end
[00:36:39.951] [bmv2] [D] [thread 91876] [9.0] [cxt 0] Transmitting packet of size 90 out of port 0
[00:36:40.014] [bmv2] [D] [thread 91871] [10.0] [cxt 0] Processing packet received on port 4
[00:36:40.014] [bmv2] [D] [thread 91871] [10.0] [cxt 0] Parser 'parser': start
[00:36:40.014] [bmv2] [D] [thread 91871] [10.0] [cxt 0] Parser 'parser' entering state 'start'
[00:36:40.014] [bmv2] [D] [thread 91871] [10.0] [cxt 0] Extracting header 'ethernet'
[00:36:40.014] [bmv2] [D] [thread 91871] [10.0] [cxt 0] Parser state 'start': key is 86dd
[00:36:40.014] [bmv2] [T] [thread 91871] [10.0] [cxt 0] Bytes parsed: 14
[00:36:40.014] [bmv2] [D] [thread 91871] [10.0] [cxt 0] Parser 'parser' entering state 'parse_ipv6'
[00:36:40.014] [bmv2] [D] [thread 91871] [10.0] [cxt 0] Extracting header 'ipv6'
[00:36:40.014] [bmv2] [D] [thread 91871] [10.0] [cxt 0] Parser state 'parse_ipv6': key is 00
[00:36:40.014] [bmv2] [T] [thread 91871] [10.0] [cxt 0] Bytes parsed: 54
[00:36:40.014] [bmv2] [D] [thread 91871] [10.0] [cxt 0] Parser 'parser': end
[00:36:40.014] [bmv2] [D] [thread 91871] [10.0] [cxt 0] Pipeline 'ingress': start
[00:36:40.014] [bmv2] [T] [thread 91871] [10.0] [cxt 0] basic.p4(560) Condition "hdr.ethernet.etherType == TYPE_ARP" (node_2) is false
[00:36:40.014] [bmv2] [T] [thread 91871] [10.0] [cxt 0] basic.p4(563) Condition "hdr.ethernet.etherType == TYPE_SRCROUTING" (node_4) is false
[00:36:40.014] [bmv2] [T] [thread 91871] [10.0] [cxt 0] basic.p4(576) Condition "hdr.ethernet.etherType == TYPE_YEQUDESU" (node_12) is false
[00:36:40.015] [bmv2] [T] [thread 91871] [10.0] [cxt 0] basic.p4(582) Condition "hdr.vxlan.isValid()" (node_15) is false
[00:36:40.015] [bmv2] [T] [thread 91871] [10.0] [cxt 0] basic.p4(586) Condition "hdr.ipv6.isValid()" (node_17) is true
[00:36:40.015] [bmv2] [T] [thread 91871] [10.0] [cxt 0] Applying table 'MyIngress.ipv6_lpm'
[00:36:40.015] [bmv2] [D] [thread 91871] [10.0] [cxt 0] Looking up key:
* hdr.ipv6.dstAddr    : ff020000000000000000000000000016

[00:36:40.015] [bmv2] [D] [thread 91871] [10.0] [cxt 0] Table 'MyIngress.ipv6_lpm': miss
[00:36:40.015] [bmv2] [D] [thread 91871] [10.0] [cxt 0] Action entry is NoAction - 
[00:36:40.015] [bmv2] [T] [thread 91871] [10.0] [cxt 0] Action NoAction
[00:36:40.015] [bmv2] [D] [thread 91871] [10.0] [cxt 0] Pipeline 'ingress': end
[00:36:40.015] [bmv2] [D] [thread 91871] [10.0] [cxt 0] Egress port is 0
[00:36:40.015] [bmv2] [D] [thread 91871] [11.0] [cxt 0] Processing packet received on port 4
[00:36:40.015] [bmv2] [D] [thread 91871] [11.0] [cxt 0] Parser 'parser': start
[00:36:40.015] [bmv2] [D] [thread 91871] [11.0] [cxt 0] Parser 'parser' entering state 'start'
[00:36:40.015] [bmv2] [D] [thread 91871] [11.0] [cxt 0] Extracting header 'ethernet'
[00:36:40.015] [bmv2] [D] [thread 91871] [11.0] [cxt 0] Parser state 'start': key is 86dd
[00:36:40.015] [bmv2] [T] [thread 91871] [11.0] [cxt 0] Bytes parsed: 14
[00:36:40.015] [bmv2] [D] [thread 91871] [11.0] [cxt 0] Parser 'parser' entering state 'parse_ipv6'
[00:36:40.015] [bmv2] [D] [thread 91871] [11.0] [cxt 0] Extracting header 'ipv6'
[00:36:40.015] [bmv2] [D] [thread 91871] [11.0] [cxt 0] Parser state 'parse_ipv6': key is 3a
[00:36:40.015] [bmv2] [T] [thread 91871] [11.0] [cxt 0] Bytes parsed: 54
[00:36:40.015] [bmv2] [D] [thread 91871] [11.0] [cxt 0] Parser 'parser': end
[00:36:40.015] [bmv2] [D] [thread 91871] [11.0] [cxt 0] Pipeline 'ingress': start
[00:36:40.015] [bmv2] [T] [thread 91871] [11.0] [cxt 0] basic.p4(560) Condition "hdr.ethernet.etherType == TYPE_ARP" (node_2) is false
[00:36:40.015] [bmv2] [T] [thread 91871] [11.0] [cxt 0] basic.p4(563) Condition "hdr.ethernet.etherType == TYPE_SRCROUTING" (node_4) is false
[00:36:40.015] [bmv2] [T] [thread 91871] [11.0] [cxt 0] basic.p4(576) Condition "hdr.ethernet.etherType == TYPE_YEQUDESU" (node_12) is false
[00:36:40.015] [bmv2] [T] [thread 91871] [11.0] [cxt 0] basic.p4(582) Condition "hdr.vxlan.isValid()" (node_15) is false
[00:36:40.015] [bmv2] [T] [thread 91871] [11.0] [cxt 0] basic.p4(586) Condition "hdr.ipv6.isValid()" (node_17) is true
[00:36:40.015] [bmv2] [T] [thread 91871] [11.0] [cxt 0] Applying table 'MyIngress.ipv6_lpm'
[00:36:40.015] [bmv2] [D] [thread 91871] [11.0] [cxt 0] Looking up key:
* hdr.ipv6.dstAddr    : ff020000000000000000000000000002

[00:36:40.015] [bmv2] [D] [thread 91871] [11.0] [cxt 0] Table 'MyIngress.ipv6_lpm': miss
[00:36:40.015] [bmv2] [D] [thread 91871] [11.0] [cxt 0] Action entry is NoAction - 
[00:36:40.015] [bmv2] [T] [thread 91871] [11.0] [cxt 0] Action NoAction
[00:36:40.015] [bmv2] [D] [thread 91871] [11.0] [cxt 0] Pipeline 'ingress': end
[00:36:40.015] [bmv2] [D] [thread 91871] [11.0] [cxt 0] Egress port is 0
[00:36:40.016] [bmv2] [D] [thread 91872] [10.0] [cxt 0] Pipeline 'egress': start
[00:36:40.016] [bmv2] [T] [thread 91872] [10.0] [cxt 0] basic.p4(684) Condition "standard_metadata.mcast_grp != 0" (node_28) is false
[00:36:40.016] [bmv2] [D] [thread 91872] [10.0] [cxt 0] Pipeline 'egress': end
[00:36:40.016] [bmv2] [D] [thread 91872] [10.0] [cxt 0] Deparser 'deparser': start
[00:36:40.016] [bmv2] [T] [thread 91872] [10.0] [cxt 0] Skipping checksum 'cksum' update because condition not met
[00:36:40.016] [bmv2] [D] [thread 91872] [10.0] [cxt 0] Deparsing header 'ethernet'
[00:36:40.016] [bmv2] [D] [thread 91872] [10.0] [cxt 0] Deparsing header 'ipv6'
[00:36:40.016] [bmv2] [D] [thread 91872] [10.0] [cxt 0] Deparser 'deparser': end
[00:36:40.016] [bmv2] [D] [thread 91872] [11.0] [cxt 0] Pipeline 'egress': start
[00:36:40.016] [bmv2] [T] [thread 91872] [11.0] [cxt 0] basic.p4(684) Condition "standard_metadata.mcast_grp != 0" (node_28) is false
[00:36:40.016] [bmv2] [D] [thread 91872] [11.0] [cxt 0] Pipeline 'egress': end
[00:36:40.016] [bmv2] [D] [thread 91872] [11.0] [cxt 0] Deparser 'deparser': start
[00:36:40.016] [bmv2] [T] [thread 91872] [11.0] [cxt 0] Skipping checksum 'cksum' update because condition not met
[00:36:40.016] [bmv2] [D] [thread 91872] [11.0] [cxt 0] Deparsing header 'ethernet'
[00:36:40.016] [bmv2] [D] [thread 91876] [10.0] [cxt 0] Transmitting packet of size 90 out of port 0
[00:36:40.016] [bmv2] [D] [thread 91872] [11.0] [cxt 0] Deparsing header 'ipv6'
[00:36:40.017] [bmv2] [D] [thread 91872] [11.0] [cxt 0] Deparser 'deparser': end
[00:36:40.017] [bmv2] [D] [thread 91876] [11.0] [cxt 0] Transmitting packet of size 70 out of port 0
[00:36:40.018] [bmv2] [D] [thread 91871] [12.0] [cxt 0] Processing packet received on port 4
[00:36:40.018] [bmv2] [D] [thread 91871] [12.0] [cxt 0] Parser 'parser': start
[00:36:40.018] [bmv2] [D] [thread 91871] [12.0] [cxt 0] Parser 'parser' entering state 'start'
[00:36:40.018] [bmv2] [D] [thread 91871] [12.0] [cxt 0] Extracting header 'ethernet'
[00:36:40.018] [bmv2] [D] [thread 91871] [12.0] [cxt 0] Parser state 'start': key is 86dd
[00:36:40.018] [bmv2] [T] [thread 91871] [12.0] [cxt 0] Bytes parsed: 14
[00:36:40.018] [bmv2] [D] [thread 91871] [12.0] [cxt 0] Parser 'parser' entering state 'parse_ipv6'
[00:36:40.018] [bmv2] [D] [thread 91871] [12.0] [cxt 0] Extracting header 'ipv6'
[00:36:40.018] [bmv2] [D] [thread 91871] [12.0] [cxt 0] Parser state 'parse_ipv6': key is 00
[00:36:40.018] [bmv2] [T] [thread 91871] [12.0] [cxt 0] Bytes parsed: 54
[00:36:40.018] [bmv2] [D] [thread 91871] [12.0] [cxt 0] Parser 'parser': end
[00:36:40.018] [bmv2] [D] [thread 91871] [12.0] [cxt 0] Pipeline 'ingress': start
[00:36:40.018] [bmv2] [T] [thread 91871] [12.0] [cxt 0] basic.p4(560) Condition "hdr.ethernet.etherType == TYPE_ARP" (node_2) is false
[00:36:40.018] [bmv2] [T] [thread 91871] [12.0] [cxt 0] basic.p4(563) Condition "hdr.ethernet.etherType == TYPE_SRCROUTING" (node_4) is false
[00:36:40.018] [bmv2] [T] [thread 91871] [12.0] [cxt 0] basic.p4(576) Condition "hdr.ethernet.etherType == TYPE_YEQUDESU" (node_12) is false
[00:36:40.018] [bmv2] [T] [thread 91871] [12.0] [cxt 0] basic.p4(582) Condition "hdr.vxlan.isValid()" (node_15) is false
[00:36:40.018] [bmv2] [T] [thread 91871] [12.0] [cxt 0] basic.p4(586) Condition "hdr.ipv6.isValid()" (node_17) is true
[00:36:40.018] [bmv2] [T] [thread 91871] [12.0] [cxt 0] Applying table 'MyIngress.ipv6_lpm'
[00:36:40.018] [bmv2] [D] [thread 91871] [12.0] [cxt 0] Looking up key:
* hdr.ipv6.dstAddr    : ff020000000000000000000000000016

[00:36:40.018] [bmv2] [D] [thread 91871] [12.0] [cxt 0] Table 'MyIngress.ipv6_lpm': miss
[00:36:40.018] [bmv2] [D] [thread 91871] [12.0] [cxt 0] Action entry is NoAction - 
[00:36:40.018] [bmv2] [T] [thread 91871] [12.0] [cxt 0] Action NoAction
[00:36:40.018] [bmv2] [D] [thread 91871] [12.0] [cxt 0] Pipeline 'ingress': end
[00:36:40.018] [bmv2] [D] [thread 91871] [12.0] [cxt 0] Egress port is 0
[00:36:40.018] [bmv2] [D] [thread 91872] [12.0] [cxt 0] Pipeline 'egress': start
[00:36:40.018] [bmv2] [T] [thread 91872] [12.0] [cxt 0] basic.p4(684) Condition "standard_metadata.mcast_grp != 0" (node_28) is false
[00:36:40.018] [bmv2] [D] [thread 91872] [12.0] [cxt 0] Pipeline 'egress': end
[00:36:40.018] [bmv2] [D] [thread 91872] [12.0] [cxt 0] Deparser 'deparser': start
[00:36:40.018] [bmv2] [T] [thread 91872] [12.0] [cxt 0] Skipping checksum 'cksum' update because condition not met
[00:36:40.018] [bmv2] [D] [thread 91872] [12.0] [cxt 0] Deparsing header 'ethernet'
[00:36:40.018] [bmv2] [D] [thread 91872] [12.0] [cxt 0] Deparsing header 'ipv6'
[00:36:40.018] [bmv2] [D] [thread 91872] [12.0] [cxt 0] Deparser 'deparser': end
[00:36:40.019] [bmv2] [D] [thread 91876] [12.0] [cxt 0] Transmitting packet of size 90 out of port 0
[00:36:40.077] [bmv2] [D] [thread 91871] [13.0] [cxt 0] Processing packet received on port 3
[00:36:40.077] [bmv2] [D] [thread 91871] [13.0] [cxt 0] Parser 'parser': start
[00:36:40.077] [bmv2] [D] [thread 91871] [13.0] [cxt 0] Parser 'parser' entering state 'start'
[00:36:40.077] [bmv2] [D] [thread 91871] [13.0] [cxt 0] Extracting header 'ethernet'
[00:36:40.077] [bmv2] [D] [thread 91871] [13.0] [cxt 0] Parser state 'start': key is 86dd
[00:36:40.077] [bmv2] [T] [thread 91871] [13.0] [cxt 0] Bytes parsed: 14
[00:36:40.077] [bmv2] [D] [thread 91871] [13.0] [cxt 0] Parser 'parser' entering state 'parse_ipv6'
[00:36:40.077] [bmv2] [D] [thread 91871] [13.0] [cxt 0] Extracting header 'ipv6'
[00:36:40.077] [bmv2] [D] [thread 91871] [13.0] [cxt 0] Parser state 'parse_ipv6': key is 00
[00:36:40.077] [bmv2] [T] [thread 91871] [13.0] [cxt 0] Bytes parsed: 54
[00:36:40.077] [bmv2] [D] [thread 91871] [13.0] [cxt 0] Parser 'parser': end
[00:36:40.077] [bmv2] [D] [thread 91871] [13.0] [cxt 0] Pipeline 'ingress': start
[00:36:40.077] [bmv2] [T] [thread 91871] [13.0] [cxt 0] basic.p4(560) Condition "hdr.ethernet.etherType == TYPE_ARP" (node_2) is false
[00:36:40.077] [bmv2] [T] [thread 91871] [13.0] [cxt 0] basic.p4(563) Condition "hdr.ethernet.etherType == TYPE_SRCROUTING" (node_4) is false
[00:36:40.077] [bmv2] [T] [thread 91871] [13.0] [cxt 0] basic.p4(576) Condition "hdr.ethernet.etherType == TYPE_YEQUDESU" (node_12) is false
[00:36:40.077] [bmv2] [T] [thread 91871] [13.0] [cxt 0] basic.p4(582) Condition "hdr.vxlan.isValid()" (node_15) is false
[00:36:40.077] [bmv2] [T] [thread 91871] [13.0] [cxt 0] basic.p4(586) Condition "hdr.ipv6.isValid()" (node_17) is true
[00:36:40.077] [bmv2] [T] [thread 91871] [13.0] [cxt 0] Applying table 'MyIngress.ipv6_lpm'
[00:36:40.077] [bmv2] [D] [thread 91871] [13.0] [cxt 0] Looking up key:
* hdr.ipv6.dstAddr    : ff020000000000000000000000000016

[00:36:40.077] [bmv2] [D] [thread 91871] [13.0] [cxt 0] Table 'MyIngress.ipv6_lpm': miss
[00:36:40.077] [bmv2] [D] [thread 91871] [13.0] [cxt 0] Action entry is NoAction - 
[00:36:40.077] [bmv2] [T] [thread 91871] [13.0] [cxt 0] Action NoAction
[00:36:40.077] [bmv2] [D] [thread 91871] [13.0] [cxt 0] Pipeline 'ingress': end
[00:36:40.077] [bmv2] [D] [thread 91871] [13.0] [cxt 0] Egress port is 0
[00:36:40.078] [bmv2] [D] [thread 91871] [14.0] [cxt 0] Processing packet received on port 3
[00:36:40.078] [bmv2] [D] [thread 91871] [14.0] [cxt 0] Parser 'parser': start
[00:36:40.078] [bmv2] [D] [thread 91871] [14.0] [cxt 0] Parser 'parser' entering state 'start'
[00:36:40.078] [bmv2] [D] [thread 91871] [14.0] [cxt 0] Extracting header 'ethernet'
[00:36:40.078] [bmv2] [D] [thread 91871] [14.0] [cxt 0] Parser state 'start': key is 86dd
[00:36:40.078] [bmv2] [T] [thread 91871] [14.0] [cxt 0] Bytes parsed: 14
[00:36:40.078] [bmv2] [D] [thread 91871] [14.0] [cxt 0] Parser 'parser' entering state 'parse_ipv6'
[00:36:40.078] [bmv2] [D] [thread 91871] [14.0] [cxt 0] Extracting header 'ipv6'
[00:36:40.078] [bmv2] [D] [thread 91872] [13.0] [cxt 0] Pipeline 'egress': start
[00:36:40.078] [bmv2] [D] [thread 91871] [14.0] [cxt 0] Parser state 'parse_ipv6': key is 3a
[00:36:40.078] [bmv2] [T] [thread 91871] [14.0] [cxt 0] Bytes parsed: 54
[00:36:40.078] [bmv2] [D] [thread 91871] [14.0] [cxt 0] Parser 'parser': end
[00:36:40.078] [bmv2] [T] [thread 91872] [13.0] [cxt 0] basic.p4(684) Condition "standard_metadata.mcast_grp != 0" (node_28) is false
[00:36:40.078] [bmv2] [D] [thread 91871] [14.0] [cxt 0] Pipeline 'ingress': start
[00:36:40.078] [bmv2] [T] [thread 91871] [14.0] [cxt 0] basic.p4(560) Condition "hdr.ethernet.etherType == TYPE_ARP" (node_2) is false
[00:36:40.078] [bmv2] [T] [thread 91871] [14.0] [cxt 0] basic.p4(563) Condition "hdr.ethernet.etherType == TYPE_SRCROUTING" (node_4) is false
[00:36:40.078] [bmv2] [T] [thread 91871] [14.0] [cxt 0] basic.p4(576) Condition "hdr.ethernet.etherType == TYPE_YEQUDESU" (node_12) is false
[00:36:40.078] [bmv2] [T] [thread 91871] [14.0] [cxt 0] basic.p4(582) Condition "hdr.vxlan.isValid()" (node_15) is false
[00:36:40.078] [bmv2] [D] [thread 91872] [13.0] [cxt 0] Pipeline 'egress': end
[00:36:40.078] [bmv2] [T] [thread 91871] [14.0] [cxt 0] basic.p4(586) Condition "hdr.ipv6.isValid()" (node_17) is true
[00:36:40.078] [bmv2] [T] [thread 91871] [14.0] [cxt 0] Applying table 'MyIngress.ipv6_lpm'
[00:36:40.078] [bmv2] [D] [thread 91872] [13.0] [cxt 0] Deparser 'deparser': start
[00:36:40.078] [bmv2] [T] [thread 91872] [13.0] [cxt 0] Skipping checksum 'cksum' update because condition not met
[00:36:40.078] [bmv2] [D] [thread 91871] [14.0] [cxt 0] Looking up key:
* hdr.ipv6.dstAddr    : ff020000000000000000000000000002

[00:36:40.078] [bmv2] [D] [thread 91871] [14.0] [cxt 0] Table 'MyIngress.ipv6_lpm': miss
[00:36:40.078] [bmv2] [D] [thread 91872] [13.0] [cxt 0] Deparsing header 'ethernet'
[00:36:40.078] [bmv2] [D] [thread 91871] [14.0] [cxt 0] Action entry is NoAction - 
[00:36:40.078] [bmv2] [D] [thread 91872] [13.0] [cxt 0] Deparsing header 'ipv6'
[00:36:40.078] [bmv2] [T] [thread 91871] [14.0] [cxt 0] Action NoAction
[00:36:40.078] [bmv2] [D] [thread 91872] [13.0] [cxt 0] Deparser 'deparser': end
[00:36:40.078] [bmv2] [D] [thread 91871] [14.0] [cxt 0] Pipeline 'ingress': end
[00:36:40.078] [bmv2] [D] [thread 91871] [14.0] [cxt 0] Egress port is 0
[00:36:40.078] [bmv2] [D] [thread 91872] [14.0] [cxt 0] Pipeline 'egress': start
[00:36:40.078] [bmv2] [T] [thread 91872] [14.0] [cxt 0] basic.p4(684) Condition "standard_metadata.mcast_grp != 0" (node_28) is false
[00:36:40.078] [bmv2] [D] [thread 91872] [14.0] [cxt 0] Pipeline 'egress': end
[00:36:40.078] [bmv2] [D] [thread 91872] [14.0] [cxt 0] Deparser 'deparser': start
[00:36:40.078] [bmv2] [T] [thread 91872] [14.0] [cxt 0] Skipping checksum 'cksum' update because condition not met
[00:36:40.078] [bmv2] [D] [thread 91872] [14.0] [cxt 0] Deparsing header 'ethernet'
[00:36:40.078] [bmv2] [D] [thread 91872] [14.0] [cxt 0] Deparsing header 'ipv6'
[00:36:40.078] [bmv2] [D] [thread 91872] [14.0] [cxt 0] Deparser 'deparser': end
[00:36:40.078] [bmv2] [D] [thread 91876] [13.0] [cxt 0] Transmitting packet of size 90 out of port 0
[00:36:40.078] [bmv2] [D] [thread 91876] [14.0] [cxt 0] Transmitting packet of size 70 out of port 0
[00:36:40.080] [bmv2] [D] [thread 91871] [15.0] [cxt 0] Processing packet received on port 3
[00:36:40.080] [bmv2] [D] [thread 91871] [15.0] [cxt 0] Parser 'parser': start
[00:36:40.080] [bmv2] [D] [thread 91871] [15.0] [cxt 0] Parser 'parser' entering state 'start'
[00:36:40.080] [bmv2] [D] [thread 91871] [15.0] [cxt 0] Extracting header 'ethernet'
[00:36:40.080] [bmv2] [D] [thread 91871] [15.0] [cxt 0] Parser state 'start': key is 86dd
[00:36:40.080] [bmv2] [T] [thread 91871] [15.0] [cxt 0] Bytes parsed: 14
[00:36:40.080] [bmv2] [D] [thread 91871] [15.0] [cxt 0] Parser 'parser' entering state 'parse_ipv6'
[00:36:40.080] [bmv2] [D] [thread 91871] [15.0] [cxt 0] Extracting header 'ipv6'
[00:36:40.080] [bmv2] [D] [thread 91871] [15.0] [cxt 0] Parser state 'parse_ipv6': key is 00
[00:36:40.080] [bmv2] [T] [thread 91871] [15.0] [cxt 0] Bytes parsed: 54
[00:36:40.080] [bmv2] [D] [thread 91871] [15.0] [cxt 0] Parser 'parser': end
[00:36:40.080] [bmv2] [D] [thread 91871] [15.0] [cxt 0] Pipeline 'ingress': start
[00:36:40.080] [bmv2] [T] [thread 91871] [15.0] [cxt 0] basic.p4(560) Condition "hdr.ethernet.etherType == TYPE_ARP" (node_2) is false
[00:36:40.080] [bmv2] [T] [thread 91871] [15.0] [cxt 0] basic.p4(563) Condition "hdr.ethernet.etherType == TYPE_SRCROUTING" (node_4) is false
[00:36:40.080] [bmv2] [T] [thread 91871] [15.0] [cxt 0] basic.p4(576) Condition "hdr.ethernet.etherType == TYPE_YEQUDESU" (node_12) is false
[00:36:40.080] [bmv2] [T] [thread 91871] [15.0] [cxt 0] basic.p4(582) Condition "hdr.vxlan.isValid()" (node_15) is false
[00:36:40.080] [bmv2] [T] [thread 91871] [15.0] [cxt 0] basic.p4(586) Condition "hdr.ipv6.isValid()" (node_17) is true
[00:36:40.080] [bmv2] [T] [thread 91871] [15.0] [cxt 0] Applying table 'MyIngress.ipv6_lpm'
[00:36:40.080] [bmv2] [D] [thread 91871] [15.0] [cxt 0] Looking up key:
* hdr.ipv6.dstAddr    : ff020000000000000000000000000016

[00:36:40.080] [bmv2] [D] [thread 91871] [15.0] [cxt 0] Table 'MyIngress.ipv6_lpm': miss
[00:36:40.080] [bmv2] [D] [thread 91871] [15.0] [cxt 0] Action entry is NoAction - 
[00:36:40.080] [bmv2] [T] [thread 91871] [15.0] [cxt 0] Action NoAction
[00:36:40.080] [bmv2] [D] [thread 91871] [15.0] [cxt 0] Pipeline 'ingress': end
[00:36:40.080] [bmv2] [D] [thread 91871] [15.0] [cxt 0] Egress port is 0
[00:36:40.081] [bmv2] [D] [thread 91872] [15.0] [cxt 0] Pipeline 'egress': start
[00:36:40.081] [bmv2] [T] [thread 91872] [15.0] [cxt 0] basic.p4(684) Condition "standard_metadata.mcast_grp != 0" (node_28) is false
[00:36:40.081] [bmv2] [D] [thread 91872] [15.0] [cxt 0] Pipeline 'egress': end
[00:36:40.081] [bmv2] [D] [thread 91872] [15.0] [cxt 0] Deparser 'deparser': start
[00:36:40.081] [bmv2] [T] [thread 91872] [15.0] [cxt 0] Skipping checksum 'cksum' update because condition not met
[00:36:40.081] [bmv2] [D] [thread 91872] [15.0] [cxt 0] Deparsing header 'ethernet'
[00:36:40.081] [bmv2] [D] [thread 91872] [15.0] [cxt 0] Deparsing header 'ipv6'
[00:36:40.081] [bmv2] [D] [thread 91872] [15.0] [cxt 0] Deparser 'deparser': end
[00:36:40.081] [bmv2] [D] [thread 91876] [15.0] [cxt 0] Transmitting packet of size 90 out of port 0
[00:36:40.115] [bmv2] [D] [thread 91871] [16.0] [cxt 0] Processing packet received on port 4
[00:36:40.115] [bmv2] [D] [thread 91871] [16.0] [cxt 0] Parser 'parser': start
[00:36:40.115] [bmv2] [D] [thread 91871] [16.0] [cxt 0] Parser 'parser' entering state 'start'
[00:36:40.115] [bmv2] [D] [thread 91871] [16.0] [cxt 0] Extracting header 'ethernet'
[00:36:40.115] [bmv2] [D] [thread 91871] [16.0] [cxt 0] Parser state 'start': key is 86dd
[00:36:40.115] [bmv2] [T] [thread 91871] [16.0] [cxt 0] Bytes parsed: 14
[00:36:40.115] [bmv2] [D] [thread 91871] [16.0] [cxt 0] Parser 'parser' entering state 'parse_ipv6'
[00:36:40.115] [bmv2] [D] [thread 91871] [16.0] [cxt 0] Extracting header 'ipv6'
[00:36:40.115] [bmv2] [D] [thread 91871] [16.0] [cxt 0] Parser state 'parse_ipv6': key is 11
[00:36:40.115] [bmv2] [T] [thread 91871] [16.0] [cxt 0] Bytes parsed: 54
[00:36:40.115] [bmv2] [D] [thread 91871] [16.0] [cxt 0] Parser 'parser': end
[00:36:40.115] [bmv2] [D] [thread 91871] [16.0] [cxt 0] Pipeline 'ingress': start
[00:36:40.115] [bmv2] [T] [thread 91871] [16.0] [cxt 0] basic.p4(560) Condition "hdr.ethernet.etherType == TYPE_ARP" (node_2) is false
[00:36:40.115] [bmv2] [T] [thread 91871] [16.0] [cxt 0] basic.p4(563) Condition "hdr.ethernet.etherType == TYPE_SRCROUTING" (node_4) is false
[00:36:40.115] [bmv2] [T] [thread 91871] [16.0] [cxt 0] basic.p4(576) Condition "hdr.ethernet.etherType == TYPE_YEQUDESU" (node_12) is false
[00:36:40.115] [bmv2] [T] [thread 91871] [16.0] [cxt 0] basic.p4(582) Condition "hdr.vxlan.isValid()" (node_15) is false
[00:36:40.115] [bmv2] [T] [thread 91871] [16.0] [cxt 0] basic.p4(586) Condition "hdr.ipv6.isValid()" (node_17) is true
[00:36:40.115] [bmv2] [T] [thread 91871] [16.0] [cxt 0] Applying table 'MyIngress.ipv6_lpm'
[00:36:40.115] [bmv2] [D] [thread 91871] [16.0] [cxt 0] Looking up key:
* hdr.ipv6.dstAddr    : ff0200000000000000000000000000fb

[00:36:40.115] [bmv2] [D] [thread 91871] [16.0] [cxt 0] Table 'MyIngress.ipv6_lpm': miss
[00:36:40.115] [bmv2] [D] [thread 91871] [16.0] [cxt 0] Action entry is NoAction - 
[00:36:40.116] [bmv2] [T] [thread 91871] [16.0] [cxt 0] Action NoAction
[00:36:40.116] [bmv2] [D] [thread 91871] [16.0] [cxt 0] Pipeline 'ingress': end
[00:36:40.116] [bmv2] [D] [thread 91871] [16.0] [cxt 0] Egress port is 0
[00:36:40.116] [bmv2] [D] [thread 91872] [16.0] [cxt 0] Pipeline 'egress': start
[00:36:40.116] [bmv2] [T] [thread 91872] [16.0] [cxt 0] basic.p4(684) Condition "standard_metadata.mcast_grp != 0" (node_28) is false
[00:36:40.116] [bmv2] [D] [thread 91872] [16.0] [cxt 0] Pipeline 'egress': end
[00:36:40.116] [bmv2] [D] [thread 91872] [16.0] [cxt 0] Deparser 'deparser': start
[00:36:40.116] [bmv2] [T] [thread 91872] [16.0] [cxt 0] Skipping checksum 'cksum' update because condition not met
[00:36:40.116] [bmv2] [D] [thread 91872] [16.0] [cxt 0] Deparsing header 'ethernet'
[00:36:40.116] [bmv2] [D] [thread 91872] [16.0] [cxt 0] Deparsing header 'ipv6'
[00:36:40.116] [bmv2] [D] [thread 91872] [16.0] [cxt 0] Deparser 'deparser': end
[00:36:40.116] [bmv2] [D] [thread 91876] [16.0] [cxt 0] Transmitting packet of size 203 out of port 0
[00:36:40.120] [bmv2] [D] [thread 91871] [17.0] [cxt 0] Processing packet received on port 3
[00:36:40.120] [bmv2] [D] [thread 91871] [17.0] [cxt 0] Parser 'parser': start
[00:36:40.120] [bmv2] [D] [thread 91871] [17.0] [cxt 0] Parser 'parser' entering state 'start'
[00:36:40.120] [bmv2] [D] [thread 91871] [17.0] [cxt 0] Extracting header 'ethernet'
[00:36:40.120] [bmv2] [D] [thread 91871] [17.0] [cxt 0] Parser state 'start': key is 86dd
[00:36:40.120] [bmv2] [T] [thread 91871] [17.0] [cxt 0] Bytes parsed: 14
[00:36:40.120] [bmv2] [D] [thread 91871] [17.0] [cxt 0] Parser 'parser' entering state 'parse_ipv6'
[00:36:40.120] [bmv2] [D] [thread 91871] [17.0] [cxt 0] Extracting header 'ipv6'
[00:36:40.120] [bmv2] [D] [thread 91871] [17.0] [cxt 0] Parser state 'parse_ipv6': key is 11
[00:36:40.120] [bmv2] [T] [thread 91871] [17.0] [cxt 0] Bytes parsed: 54
[00:36:40.120] [bmv2] [D] [thread 91871] [17.0] [cxt 0] Parser 'parser': end
[00:36:40.120] [bmv2] [D] [thread 91871] [17.0] [cxt 0] Pipeline 'ingress': start
[00:36:40.120] [bmv2] [T] [thread 91871] [17.0] [cxt 0] basic.p4(560) Condition "hdr.ethernet.etherType == TYPE_ARP" (node_2) is false
[00:36:40.120] [bmv2] [T] [thread 91871] [17.0] [cxt 0] basic.p4(563) Condition "hdr.ethernet.etherType == TYPE_SRCROUTING" (node_4) is false
[00:36:40.120] [bmv2] [T] [thread 91871] [17.0] [cxt 0] basic.p4(576) Condition "hdr.ethernet.etherType == TYPE_YEQUDESU" (node_12) is false
[00:36:40.120] [bmv2] [T] [thread 91871] [17.0] [cxt 0] basic.p4(582) Condition "hdr.vxlan.isValid()" (node_15) is false
[00:36:40.120] [bmv2] [T] [thread 91871] [17.0] [cxt 0] basic.p4(586) Condition "hdr.ipv6.isValid()" (node_17) is true
[00:36:40.120] [bmv2] [T] [thread 91871] [17.0] [cxt 0] Applying table 'MyIngress.ipv6_lpm'
[00:36:40.120] [bmv2] [D] [thread 91871] [17.0] [cxt 0] Looking up key:
* hdr.ipv6.dstAddr    : ff0200000000000000000000000000fb

[00:36:40.120] [bmv2] [D] [thread 91871] [17.0] [cxt 0] Table 'MyIngress.ipv6_lpm': miss
[00:36:40.120] [bmv2] [D] [thread 91871] [17.0] [cxt 0] Action entry is NoAction - 
[00:36:40.120] [bmv2] [T] [thread 91871] [17.0] [cxt 0] Action NoAction
[00:36:40.120] [bmv2] [D] [thread 91871] [17.0] [cxt 0] Pipeline 'ingress': end
[00:36:40.120] [bmv2] [D] [thread 91871] [17.0] [cxt 0] Egress port is 0
[00:36:40.120] [bmv2] [D] [thread 91872] [17.0] [cxt 0] Pipeline 'egress': start
[00:36:40.120] [bmv2] [T] [thread 91872] [17.0] [cxt 0] basic.p4(684) Condition "standard_metadata.mcast_grp != 0" (node_28) is false
[00:36:40.120] [bmv2] [D] [thread 91872] [17.0] [cxt 0] Pipeline 'egress': end
[00:36:40.120] [bmv2] [D] [thread 91872] [17.0] [cxt 0] Deparser 'deparser': start
[00:36:40.120] [bmv2] [T] [thread 91872] [17.0] [cxt 0] Skipping checksum 'cksum' update because condition not met
[00:36:40.120] [bmv2] [D] [thread 91872] [17.0] [cxt 0] Deparsing header 'ethernet'
[00:36:40.120] [bmv2] [D] [thread 91872] [17.0] [cxt 0] Deparsing header 'ipv6'
[00:36:40.120] [bmv2] [D] [thread 91872] [17.0] [cxt 0] Deparser 'deparser': end
[00:36:40.120] [bmv2] [D] [thread 91876] [17.0] [cxt 0] Transmitting packet of size 211 out of port 0
[00:36:40.124] [bmv2] [D] [thread 91871] [18.0] [cxt 0] Processing packet received on port 4
[00:36:40.124] [bmv2] [D] [thread 91871] [18.0] [cxt 0] Parser 'parser': start
[00:36:40.124] [bmv2] [D] [thread 91871] [18.0] [cxt 0] Parser 'parser' entering state 'start'
[00:36:40.124] [bmv2] [D] [thread 91871] [18.0] [cxt 0] Extracting header 'ethernet'
[00:36:40.124] [bmv2] [D] [thread 91871] [18.0] [cxt 0] Parser state 'start': key is 86dd
[00:36:40.124] [bmv2] [T] [thread 91871] [18.0] [cxt 0] Bytes parsed: 14
[00:36:40.124] [bmv2] [D] [thread 91871] [18.0] [cxt 0] Parser 'parser' entering state 'parse_ipv6'
[00:36:40.124] [bmv2] [D] [thread 91871] [18.0] [cxt 0] Extracting header 'ipv6'
[00:36:40.124] [bmv2] [D] [thread 91871] [18.0] [cxt 0] Parser state 'parse_ipv6': key is 11
[00:36:40.124] [bmv2] [T] [thread 91871] [18.0] [cxt 0] Bytes parsed: 54
[00:36:40.124] [bmv2] [D] [thread 91871] [18.0] [cxt 0] Parser 'parser': end
[00:36:40.124] [bmv2] [D] [thread 91871] [18.0] [cxt 0] Pipeline 'ingress': start
[00:36:40.124] [bmv2] [T] [thread 91871] [18.0] [cxt 0] basic.p4(560) Condition "hdr.ethernet.etherType == TYPE_ARP" (node_2) is false
[00:36:40.124] [bmv2] [T] [thread 91871] [18.0] [cxt 0] basic.p4(563) Condition "hdr.ethernet.etherType == TYPE_SRCROUTING" (node_4) is false
[00:36:40.124] [bmv2] [T] [thread 91871] [18.0] [cxt 0] basic.p4(576) Condition "hdr.ethernet.etherType == TYPE_YEQUDESU" (node_12) is false
[00:36:40.124] [bmv2] [T] [thread 91871] [18.0] [cxt 0] basic.p4(582) Condition "hdr.vxlan.isValid()" (node_15) is false
[00:36:40.124] [bmv2] [T] [thread 91871] [18.0] [cxt 0] basic.p4(586) Condition "hdr.ipv6.isValid()" (node_17) is true
[00:36:40.124] [bmv2] [T] [thread 91871] [18.0] [cxt 0] Applying table 'MyIngress.ipv6_lpm'
[00:36:40.124] [bmv2] [D] [thread 91871] [18.0] [cxt 0] Looking up key:
* hdr.ipv6.dstAddr    : ff0200000000000000000000000000fb

[00:36:40.124] [bmv2] [D] [thread 91871] [18.0] [cxt 0] Table 'MyIngress.ipv6_lpm': miss
[00:36:40.124] [bmv2] [D] [thread 91871] [18.0] [cxt 0] Action entry is NoAction - 
[00:36:40.124] [bmv2] [T] [thread 91871] [18.0] [cxt 0] Action NoAction
[00:36:40.124] [bmv2] [D] [thread 91871] [18.0] [cxt 0] Pipeline 'ingress': end
[00:36:40.124] [bmv2] [D] [thread 91871] [18.0] [cxt 0] Egress port is 0
[00:36:40.124] [bmv2] [D] [thread 91872] [18.0] [cxt 0] Pipeline 'egress': start
[00:36:40.124] [bmv2] [T] [thread 91872] [18.0] [cxt 0] basic.p4(684) Condition "standard_metadata.mcast_grp != 0" (node_28) is false
[00:36:40.124] [bmv2] [D] [thread 91872] [18.0] [cxt 0] Pipeline 'egress': end
[00:36:40.124] [bmv2] [D] [thread 91872] [18.0] [cxt 0] Deparser 'deparser': start
[00:36:40.124] [bmv2] [T] [thread 91872] [18.0] [cxt 0] Skipping checksum 'cksum' update because condition not met
[00:36:40.124] [bmv2] [D] [thread 91872] [18.0] [cxt 0] Deparsing header 'ethernet'
[00:36:40.124] [bmv2] [D] [thread 91872] [18.0] [cxt 0] Deparsing header 'ipv6'
[00:36:40.124] [bmv2] [D] [thread 91872] [18.0] [cxt 0] Deparser 'deparser': end
[00:36:40.125] [bmv2] [D] [thread 91876] [18.0] [cxt 0] Transmitting packet of size 211 out of port 0
[00:36:40.141] [bmv2] [D] [thread 91871] [19.0] [cxt 0] Processing packet received on port 4
[00:36:40.141] [bmv2] [D] [thread 91871] [19.0] [cxt 0] Parser 'parser': start
[00:36:40.141] [bmv2] [D] [thread 91871] [19.0] [cxt 0] Parser 'parser' entering state 'start'
[00:36:40.142] [bmv2] [D] [thread 91871] [19.0] [cxt 0] Extracting header 'ethernet'
[00:36:40.142] [bmv2] [D] [thread 91871] [19.0] [cxt 0] Parser state 'start': key is 86dd
[00:36:40.142] [bmv2] [T] [thread 91871] [19.0] [cxt 0] Bytes parsed: 14
[00:36:40.142] [bmv2] [D] [thread 91871] [19.0] [cxt 0] Parser 'parser' entering state 'parse_ipv6'
[00:36:40.142] [bmv2] [D] [thread 91871] [19.0] [cxt 0] Extracting header 'ipv6'
[00:36:40.142] [bmv2] [D] [thread 91871] [19.0] [cxt 0] Parser state 'parse_ipv6': key is 00
[00:36:40.142] [bmv2] [T] [thread 91871] [19.0] [cxt 0] Bytes parsed: 54
[00:36:40.142] [bmv2] [D] [thread 91871] [19.0] [cxt 0] Parser 'parser': end
[00:36:40.142] [bmv2] [D] [thread 91871] [19.0] [cxt 0] Pipeline 'ingress': start
[00:36:40.142] [bmv2] [T] [thread 91871] [19.0] [cxt 0] basic.p4(560) Condition "hdr.ethernet.etherType == TYPE_ARP" (node_2) is false
[00:36:40.142] [bmv2] [T] [thread 91871] [19.0] [cxt 0] basic.p4(563) Condition "hdr.ethernet.etherType == TYPE_SRCROUTING" (node_4) is false
[00:36:40.142] [bmv2] [T] [thread 91871] [19.0] [cxt 0] basic.p4(576) Condition "hdr.ethernet.etherType == TYPE_YEQUDESU" (node_12) is false
[00:36:40.142] [bmv2] [T] [thread 91871] [19.0] [cxt 0] basic.p4(582) Condition "hdr.vxlan.isValid()" (node_15) is false
[00:36:40.142] [bmv2] [T] [thread 91871] [19.0] [cxt 0] basic.p4(586) Condition "hdr.ipv6.isValid()" (node_17) is true
[00:36:40.142] [bmv2] [T] [thread 91871] [19.0] [cxt 0] Applying table 'MyIngress.ipv6_lpm'
[00:36:40.142] [bmv2] [D] [thread 91871] [19.0] [cxt 0] Looking up key:
* hdr.ipv6.dstAddr    : ff020000000000000000000000000016

[00:36:40.142] [bmv2] [D] [thread 91871] [19.0] [cxt 0] Table 'MyIngress.ipv6_lpm': miss
[00:36:40.142] [bmv2] [D] [thread 91871] [19.0] [cxt 0] Action entry is NoAction - 
[00:36:40.142] [bmv2] [T] [thread 91871] [19.0] [cxt 0] Action NoAction
[00:36:40.142] [bmv2] [D] [thread 91871] [19.0] [cxt 0] Pipeline 'ingress': end
[00:36:40.142] [bmv2] [D] [thread 91871] [19.0] [cxt 0] Egress port is 0
[00:36:40.142] [bmv2] [D] [thread 91871] [20.0] [cxt 0] Processing packet received on port 4
[00:36:40.142] [bmv2] [D] [thread 91871] [20.0] [cxt 0] Parser 'parser': start
[00:36:40.142] [bmv2] [D] [thread 91871] [20.0] [cxt 0] Parser 'parser' entering state 'start'
[00:36:40.142] [bmv2] [D] [thread 91871] [20.0] [cxt 0] Extracting header 'ethernet'
[00:36:40.142] [bmv2] [D] [thread 91871] [20.0] [cxt 0] Parser state 'start': key is 86dd
[00:36:40.142] [bmv2] [T] [thread 91871] [20.0] [cxt 0] Bytes parsed: 14
[00:36:40.142] [bmv2] [D] [thread 91871] [20.0] [cxt 0] Parser 'parser' entering state 'parse_ipv6'
[00:36:40.142] [bmv2] [D] [thread 91871] [20.0] [cxt 0] Extracting header 'ipv6'
[00:36:40.142] [bmv2] [D] [thread 91871] [20.0] [cxt 0] Parser state 'parse_ipv6': key is 3a
[00:36:40.142] [bmv2] [T] [thread 91871] [20.0] [cxt 0] Bytes parsed: 54
[00:36:40.142] [bmv2] [D] [thread 91871] [20.0] [cxt 0] Parser 'parser': end
[00:36:40.142] [bmv2] [D] [thread 91871] [20.0] [cxt 0] Pipeline 'ingress': start
[00:36:40.142] [bmv2] [D] [thread 91872] [19.0] [cxt 0] Pipeline 'egress': start
[00:36:40.142] [bmv2] [T] [thread 91872] [19.0] [cxt 0] basic.p4(684) Condition "standard_metadata.mcast_grp != 0" (node_28) is false
[00:36:40.142] [bmv2] [D] [thread 91872] [19.0] [cxt 0] Pipeline 'egress': end
[00:36:40.142] [bmv2] [D] [thread 91872] [19.0] [cxt 0] Deparser 'deparser': start
[00:36:40.142] [bmv2] [T] [thread 91872] [19.0] [cxt 0] Skipping checksum 'cksum' update because condition not met
[00:36:40.142] [bmv2] [D] [thread 91872] [19.0] [cxt 0] Deparsing header 'ethernet'
[00:36:40.142] [bmv2] [D] [thread 91872] [19.0] [cxt 0] Deparsing header 'ipv6'
[00:36:40.142] [bmv2] [D] [thread 91872] [19.0] [cxt 0] Deparser 'deparser': end
[00:36:40.142] [bmv2] [T] [thread 91871] [20.0] [cxt 0] basic.p4(560) Condition "hdr.ethernet.etherType == TYPE_ARP" (node_2) is false
[00:36:40.142] [bmv2] [T] [thread 91871] [20.0] [cxt 0] basic.p4(563) Condition "hdr.ethernet.etherType == TYPE_SRCROUTING" (node_4) is false
[00:36:40.142] [bmv2] [T] [thread 91871] [20.0] [cxt 0] basic.p4(576) Condition "hdr.ethernet.etherType == TYPE_YEQUDESU" (node_12) is false
[00:36:40.142] [bmv2] [T] [thread 91871] [20.0] [cxt 0] basic.p4(582) Condition "hdr.vxlan.isValid()" (node_15) is false
[00:36:40.142] [bmv2] [T] [thread 91871] [20.0] [cxt 0] basic.p4(586) Condition "hdr.ipv6.isValid()" (node_17) is true
[00:36:40.142] [bmv2] [T] [thread 91871] [20.0] [cxt 0] Applying table 'MyIngress.ipv6_lpm'
[00:36:40.142] [bmv2] [D] [thread 91871] [20.0] [cxt 0] Looking up key:
* hdr.ipv6.dstAddr    : ff020000000000000000000000000002

[00:36:40.142] [bmv2] [D] [thread 91871] [20.0] [cxt 0] Table 'MyIngress.ipv6_lpm': miss
[00:36:40.142] [bmv2] [D] [thread 91871] [20.0] [cxt 0] Action entry is NoAction - 
[00:36:40.142] [bmv2] [T] [thread 91871] [20.0] [cxt 0] Action NoAction
[00:36:40.142] [bmv2] [D] [thread 91871] [20.0] [cxt 0] Pipeline 'ingress': end
[00:36:40.142] [bmv2] [D] [thread 91871] [20.0] [cxt 0] Egress port is 0
[00:36:40.142] [bmv2] [D] [thread 91876] [19.0] [cxt 0] Transmitting packet of size 90 out of port 0
[00:36:40.142] [bmv2] [D] [thread 91872] [20.0] [cxt 0] Pipeline 'egress': start
[00:36:40.142] [bmv2] [T] [thread 91872] [20.0] [cxt 0] basic.p4(684) Condition "standard_metadata.mcast_grp != 0" (node_28) is false
[00:36:40.142] [bmv2] [D] [thread 91872] [20.0] [cxt 0] Pipeline 'egress': end
[00:36:40.142] [bmv2] [D] [thread 91872] [20.0] [cxt 0] Deparser 'deparser': start
[00:36:40.142] [bmv2] [T] [thread 91872] [20.0] [cxt 0] Skipping checksum 'cksum' update because condition not met
[00:36:40.142] [bmv2] [D] [thread 91872] [20.0] [cxt 0] Deparsing header 'ethernet'
[00:36:40.142] [bmv2] [D] [thread 91872] [20.0] [cxt 0] Deparsing header 'ipv6'
[00:36:40.142] [bmv2] [D] [thread 91872] [20.0] [cxt 0] Deparser 'deparser': end
[00:36:40.142] [bmv2] [D] [thread 91876] [20.0] [cxt 0] Transmitting packet of size 70 out of port 0
[00:36:40.144] [bmv2] [D] [thread 91871] [21.0] [cxt 0] Processing packet received on port 4
[00:36:40.144] [bmv2] [D] [thread 91871] [21.0] [cxt 0] Parser 'parser': start
[00:36:40.144] [bmv2] [D] [thread 91871] [21.0] [cxt 0] Parser 'parser' entering state 'start'
[00:36:40.144] [bmv2] [D] [thread 91871] [21.0] [cxt 0] Extracting header 'ethernet'
[00:36:40.144] [bmv2] [D] [thread 91871] [21.0] [cxt 0] Parser state 'start': key is 86dd
[00:36:40.144] [bmv2] [T] [thread 91871] [21.0] [cxt 0] Bytes parsed: 14
[00:36:40.144] [bmv2] [D] [thread 91871] [21.0] [cxt 0] Parser 'parser' entering state 'parse_ipv6'
[00:36:40.144] [bmv2] [D] [thread 91871] [21.0] [cxt 0] Extracting header 'ipv6'
[00:36:40.144] [bmv2] [D] [thread 91871] [21.0] [cxt 0] Parser state 'parse_ipv6': key is 00
[00:36:40.144] [bmv2] [T] [thread 91871] [21.0] [cxt 0] Bytes parsed: 54
[00:36:40.144] [bmv2] [D] [thread 91871] [21.0] [cxt 0] Parser 'parser': end
[00:36:40.144] [bmv2] [D] [thread 91871] [21.0] [cxt 0] Pipeline 'ingress': start
[00:36:40.144] [bmv2] [T] [thread 91871] [21.0] [cxt 0] basic.p4(560) Condition "hdr.ethernet.etherType == TYPE_ARP" (node_2) is false
[00:36:40.144] [bmv2] [T] [thread 91871] [21.0] [cxt 0] basic.p4(563) Condition "hdr.ethernet.etherType == TYPE_SRCROUTING" (node_4) is false
[00:36:40.144] [bmv2] [T] [thread 91871] [21.0] [cxt 0] basic.p4(576) Condition "hdr.ethernet.etherType == TYPE_YEQUDESU" (node_12) is false
[00:36:40.144] [bmv2] [T] [thread 91871] [21.0] [cxt 0] basic.p4(582) Condition "hdr.vxlan.isValid()" (node_15) is false
[00:36:40.144] [bmv2] [T] [thread 91871] [21.0] [cxt 0] basic.p4(586) Condition "hdr.ipv6.isValid()" (node_17) is true
[00:36:40.144] [bmv2] [T] [thread 91871] [21.0] [cxt 0] Applying table 'MyIngress.ipv6_lpm'
[00:36:40.144] [bmv2] [D] [thread 91871] [21.0] [cxt 0] Looking up key:
* hdr.ipv6.dstAddr    : ff020000000000000000000000000016

[00:36:40.144] [bmv2] [D] [thread 91871] [21.0] [cxt 0] Table 'MyIngress.ipv6_lpm': miss
[00:36:40.144] [bmv2] [D] [thread 91871] [21.0] [cxt 0] Action entry is NoAction - 
[00:36:40.144] [bmv2] [T] [thread 91871] [21.0] [cxt 0] Action NoAction
[00:36:40.144] [bmv2] [D] [thread 91871] [21.0] [cxt 0] Pipeline 'ingress': end
[00:36:40.144] [bmv2] [D] [thread 91871] [21.0] [cxt 0] Egress port is 0
[00:36:40.144] [bmv2] [D] [thread 91872] [21.0] [cxt 0] Pipeline 'egress': start
[00:36:40.144] [bmv2] [T] [thread 91872] [21.0] [cxt 0] basic.p4(684) Condition "standard_metadata.mcast_grp != 0" (node_28) is false
[00:36:40.144] [bmv2] [D] [thread 91872] [21.0] [cxt 0] Pipeline 'egress': end
[00:36:40.144] [bmv2] [D] [thread 91872] [21.0] [cxt 0] Deparser 'deparser': start
[00:36:40.144] [bmv2] [T] [thread 91872] [21.0] [cxt 0] Skipping checksum 'cksum' update because condition not met
[00:36:40.144] [bmv2] [D] [thread 91872] [21.0] [cxt 0] Deparsing header 'ethernet'
[00:36:40.144] [bmv2] [D] [thread 91872] [21.0] [cxt 0] Deparsing header 'ipv6'
[00:36:40.144] [bmv2] [D] [thread 91872] [21.0] [cxt 0] Deparser 'deparser': end
[00:36:40.144] [bmv2] [D] [thread 91876] [21.0] [cxt 0] Transmitting packet of size 90 out of port 0
[00:36:40.178] [bmv2] [D] [thread 91871] [22.0] [cxt 0] Processing packet received on port 3
[00:36:40.178] [bmv2] [D] [thread 91871] [22.0] [cxt 0] Parser 'parser': start
[00:36:40.178] [bmv2] [D] [thread 91871] [22.0] [cxt 0] Parser 'parser' entering state 'start'
[00:36:40.178] [bmv2] [D] [thread 91871] [22.0] [cxt 0] Extracting header 'ethernet'
[00:36:40.178] [bmv2] [D] [thread 91871] [22.0] [cxt 0] Parser state 'start': key is 86dd
[00:36:40.178] [bmv2] [T] [thread 91871] [22.0] [cxt 0] Bytes parsed: 14
[00:36:40.178] [bmv2] [D] [thread 91871] [22.0] [cxt 0] Parser 'parser' entering state 'parse_ipv6'
[00:36:40.178] [bmv2] [D] [thread 91871] [22.0] [cxt 0] Extracting header 'ipv6'
[00:36:40.178] [bmv2] [D] [thread 91871] [22.0] [cxt 0] Parser state 'parse_ipv6': key is 11
[00:36:40.178] [bmv2] [T] [thread 91871] [22.0] [cxt 0] Bytes parsed: 54
[00:36:40.178] [bmv2] [D] [thread 91871] [22.0] [cxt 0] Parser 'parser': end
[00:36:40.178] [bmv2] [D] [thread 91871] [22.0] [cxt 0] Pipeline 'ingress': start
[00:36:40.178] [bmv2] [T] [thread 91871] [22.0] [cxt 0] basic.p4(560) Condition "hdr.ethernet.etherType == TYPE_ARP" (node_2) is false
[00:36:40.178] [bmv2] [T] [thread 91871] [22.0] [cxt 0] basic.p4(563) Condition "hdr.ethernet.etherType == TYPE_SRCROUTING" (node_4) is false
[00:36:40.178] [bmv2] [T] [thread 91871] [22.0] [cxt 0] basic.p4(576) Condition "hdr.ethernet.etherType == TYPE_YEQUDESU" (node_12) is false
[00:36:40.178] [bmv2] [T] [thread 91871] [22.0] [cxt 0] basic.p4(582) Condition "hdr.vxlan.isValid()" (node_15) is false
[00:36:40.178] [bmv2] [T] [thread 91871] [22.0] [cxt 0] basic.p4(586) Condition "hdr.ipv6.isValid()" (node_17) is true
[00:36:40.178] [bmv2] [T] [thread 91871] [22.0] [cxt 0] Applying table 'MyIngress.ipv6_lpm'
[00:36:40.178] [bmv2] [D] [thread 91871] [22.0] [cxt 0] Looking up key:
* hdr.ipv6.dstAddr    : ff0200000000000000000000000000fb

[00:36:40.178] [bmv2] [D] [thread 91871] [22.0] [cxt 0] Table 'MyIngress.ipv6_lpm': miss
[00:36:40.178] [bmv2] [D] [thread 91871] [22.0] [cxt 0] Action entry is NoAction - 
[00:36:40.178] [bmv2] [T] [thread 91871] [22.0] [cxt 0] Action NoAction
[00:36:40.178] [bmv2] [D] [thread 91871] [22.0] [cxt 0] Pipeline 'ingress': end
[00:36:40.178] [bmv2] [D] [thread 91871] [22.0] [cxt 0] Egress port is 0
[00:36:40.178] [bmv2] [D] [thread 91872] [22.0] [cxt 0] Pipeline 'egress': start
[00:36:40.178] [bmv2] [T] [thread 91872] [22.0] [cxt 0] basic.p4(684) Condition "standard_metadata.mcast_grp != 0" (node_28) is false
[00:36:40.179] [bmv2] [D] [thread 91872] [22.0] [cxt 0] Pipeline 'egress': end
[00:36:40.179] [bmv2] [D] [thread 91872] [22.0] [cxt 0] Deparser 'deparser': start
[00:36:40.179] [bmv2] [T] [thread 91872] [22.0] [cxt 0] Skipping checksum 'cksum' update because condition not met
[00:36:40.179] [bmv2] [D] [thread 91872] [22.0] [cxt 0] Deparsing header 'ethernet'
[00:36:40.179] [bmv2] [D] [thread 91872] [22.0] [cxt 0] Deparsing header 'ipv6'
[00:36:40.179] [bmv2] [D] [thread 91872] [22.0] [cxt 0] Deparser 'deparser': end
[00:36:40.179] [bmv2] [D] [thread 91876] [22.0] [cxt 0] Transmitting packet of size 203 out of port 0
[00:36:40.188] [bmv2] [D] [thread 91871] [23.0] [cxt 0] Processing packet received on port 3
[00:36:40.188] [bmv2] [D] [thread 91871] [23.0] [cxt 0] Parser 'parser': start
[00:36:40.188] [bmv2] [D] [thread 91871] [23.0] [cxt 0] Parser 'parser' entering state 'start'
[00:36:40.188] [bmv2] [D] [thread 91871] [23.0] [cxt 0] Extracting header 'ethernet'
[00:36:40.188] [bmv2] [D] [thread 91871] [23.0] [cxt 0] Parser state 'start': key is 86dd
[00:36:40.188] [bmv2] [T] [thread 91871] [23.0] [cxt 0] Bytes parsed: 14
[00:36:40.188] [bmv2] [D] [thread 91871] [23.0] [cxt 0] Parser 'parser' entering state 'parse_ipv6'
[00:36:40.188] [bmv2] [D] [thread 91871] [23.0] [cxt 0] Extracting header 'ipv6'
[00:36:40.188] [bmv2] [D] [thread 91871] [23.0] [cxt 0] Parser state 'parse_ipv6': key is 11
[00:36:40.188] [bmv2] [T] [thread 91871] [23.0] [cxt 0] Bytes parsed: 54
[00:36:40.188] [bmv2] [D] [thread 91871] [23.0] [cxt 0] Parser 'parser': end
[00:36:40.188] [bmv2] [D] [thread 91871] [23.0] [cxt 0] Pipeline 'ingress': start
[00:36:40.188] [bmv2] [T] [thread 91871] [23.0] [cxt 0] basic.p4(560) Condition "hdr.ethernet.etherType == TYPE_ARP" (node_2) is false
[00:36:40.188] [bmv2] [T] [thread 91871] [23.0] [cxt 0] basic.p4(563) Condition "hdr.ethernet.etherType == TYPE_SRCROUTING" (node_4) is false
[00:36:40.188] [bmv2] [T] [thread 91871] [23.0] [cxt 0] basic.p4(576) Condition "hdr.ethernet.etherType == TYPE_YEQUDESU" (node_12) is false
[00:36:40.188] [bmv2] [T] [thread 91871] [23.0] [cxt 0] basic.p4(582) Condition "hdr.vxlan.isValid()" (node_15) is false
[00:36:40.188] [bmv2] [T] [thread 91871] [23.0] [cxt 0] basic.p4(586) Condition "hdr.ipv6.isValid()" (node_17) is true
[00:36:40.188] [bmv2] [T] [thread 91871] [23.0] [cxt 0] Applying table 'MyIngress.ipv6_lpm'
[00:36:40.188] [bmv2] [D] [thread 91871] [23.0] [cxt 0] Looking up key:
* hdr.ipv6.dstAddr    : ff0200000000000000000000000000fb

[00:36:40.188] [bmv2] [D] [thread 91871] [23.0] [cxt 0] Table 'MyIngress.ipv6_lpm': miss
[00:36:40.188] [bmv2] [D] [thread 91871] [23.0] [cxt 0] Action entry is NoAction - 
[00:36:40.188] [bmv2] [T] [thread 91871] [23.0] [cxt 0] Action NoAction
[00:36:40.188] [bmv2] [D] [thread 91871] [23.0] [cxt 0] Pipeline 'ingress': end
[00:36:40.188] [bmv2] [D] [thread 91871] [23.0] [cxt 0] Egress port is 0
[00:36:40.188] [bmv2] [D] [thread 91872] [23.0] [cxt 0] Pipeline 'egress': start
[00:36:40.188] [bmv2] [T] [thread 91872] [23.0] [cxt 0] basic.p4(684) Condition "standard_metadata.mcast_grp != 0" (node_28) is false
[00:36:40.188] [bmv2] [D] [thread 91872] [23.0] [cxt 0] Pipeline 'egress': end
[00:36:40.188] [bmv2] [D] [thread 91872] [23.0] [cxt 0] Deparser 'deparser': start
[00:36:40.188] [bmv2] [T] [thread 91872] [23.0] [cxt 0] Skipping checksum 'cksum' update because condition not met
[00:36:40.188] [bmv2] [D] [thread 91872] [23.0] [cxt 0] Deparsing header 'ethernet'
[00:36:40.188] [bmv2] [D] [thread 91872] [23.0] [cxt 0] Deparsing header 'ipv6'
[00:36:40.188] [bmv2] [D] [thread 91872] [23.0] [cxt 0] Deparser 'deparser': end
[00:36:40.188] [bmv2] [D] [thread 91876] [23.0] [cxt 0] Transmitting packet of size 211 out of port 0
[00:36:40.207] [bmv2] [D] [thread 91871] [24.0] [cxt 0] Processing packet received on port 5
[00:36:40.207] [bmv2] [D] [thread 91871] [24.0] [cxt 0] Parser 'parser': start
[00:36:40.207] [bmv2] [D] [thread 91871] [24.0] [cxt 0] Parser 'parser' entering state 'start'
[00:36:40.207] [bmv2] [D] [thread 91871] [24.0] [cxt 0] Extracting header 'ethernet'
[00:36:40.207] [bmv2] [D] [thread 91871] [24.0] [cxt 0] Parser state 'start': key is 86dd
[00:36:40.207] [bmv2] [T] [thread 91871] [24.0] [cxt 0] Bytes parsed: 14
[00:36:40.207] [bmv2] [D] [thread 91871] [24.0] [cxt 0] Parser 'parser' entering state 'parse_ipv6'
[00:36:40.207] [bmv2] [D] [thread 91871] [24.0] [cxt 0] Extracting header 'ipv6'
[00:36:40.207] [bmv2] [D] [thread 91871] [24.0] [cxt 0] Parser state 'parse_ipv6': key is 00
[00:36:40.207] [bmv2] [T] [thread 91871] [24.0] [cxt 0] Bytes parsed: 54
[00:36:40.207] [bmv2] [D] [thread 91871] [24.0] [cxt 0] Parser 'parser': end
[00:36:40.207] [bmv2] [D] [thread 91871] [24.0] [cxt 0] Pipeline 'ingress': start
[00:36:40.207] [bmv2] [T] [thread 91871] [24.0] [cxt 0] basic.p4(560) Condition "hdr.ethernet.etherType == TYPE_ARP" (node_2) is false
[00:36:40.207] [bmv2] [T] [thread 91871] [24.0] [cxt 0] basic.p4(563) Condition "hdr.ethernet.etherType == TYPE_SRCROUTING" (node_4) is false
[00:36:40.207] [bmv2] [T] [thread 91871] [24.0] [cxt 0] basic.p4(576) Condition "hdr.ethernet.etherType == TYPE_YEQUDESU" (node_12) is false
[00:36:40.207] [bmv2] [T] [thread 91871] [24.0] [cxt 0] basic.p4(582) Condition "hdr.vxlan.isValid()" (node_15) is false
[00:36:40.207] [bmv2] [T] [thread 91871] [24.0] [cxt 0] basic.p4(586) Condition "hdr.ipv6.isValid()" (node_17) is true
[00:36:40.207] [bmv2] [T] [thread 91871] [24.0] [cxt 0] Applying table 'MyIngress.ipv6_lpm'
[00:36:40.207] [bmv2] [D] [thread 91871] [24.0] [cxt 0] Looking up key:
* hdr.ipv6.dstAddr    : ff020000000000000000000000000016

[00:36:40.207] [bmv2] [D] [thread 91871] [24.0] [cxt 0] Table 'MyIngress.ipv6_lpm': miss
[00:36:40.207] [bmv2] [D] [thread 91871] [24.0] [cxt 0] Action entry is NoAction - 
[00:36:40.207] [bmv2] [T] [thread 91871] [24.0] [cxt 0] Action NoAction
[00:36:40.207] [bmv2] [D] [thread 91871] [24.0] [cxt 0] Pipeline 'ingress': end
[00:36:40.207] [bmv2] [D] [thread 91871] [24.0] [cxt 0] Egress port is 0
[00:36:40.207] [bmv2] [D] [thread 91871] [25.0] [cxt 0] Processing packet received on port 5
[00:36:40.207] [bmv2] [D] [thread 91871] [25.0] [cxt 0] Parser 'parser': start
[00:36:40.207] [bmv2] [D] [thread 91871] [25.0] [cxt 0] Parser 'parser' entering state 'start'
[00:36:40.207] [bmv2] [D] [thread 91871] [25.0] [cxt 0] Extracting header 'ethernet'
[00:36:40.207] [bmv2] [D] [thread 91871] [25.0] [cxt 0] Parser state 'start': key is 86dd
[00:36:40.207] [bmv2] [T] [thread 91871] [25.0] [cxt 0] Bytes parsed: 14
[00:36:40.207] [bmv2] [D] [thread 91871] [25.0] [cxt 0] Parser 'parser' entering state 'parse_ipv6'
[00:36:40.207] [bmv2] [D] [thread 91871] [25.0] [cxt 0] Extracting header 'ipv6'
[00:36:40.207] [bmv2] [D] [thread 91871] [25.0] [cxt 0] Parser state 'parse_ipv6': key is 3a
[00:36:40.207] [bmv2] [T] [thread 91871] [25.0] [cxt 0] Bytes parsed: 54
[00:36:40.207] [bmv2] [D] [thread 91872] [24.0] [cxt 0] Pipeline 'egress': start
[00:36:40.207] [bmv2] [T] [thread 91872] [24.0] [cxt 0] basic.p4(684) Condition "standard_metadata.mcast_grp != 0" (node_28) is false
[00:36:40.207] [bmv2] [D] [thread 91872] [24.0] [cxt 0] Pipeline 'egress': end
[00:36:40.207] [bmv2] [D] [thread 91872] [24.0] [cxt 0] Deparser 'deparser': start
[00:36:40.207] [bmv2] [T] [thread 91872] [24.0] [cxt 0] Skipping checksum 'cksum' update because condition not met
[00:36:40.207] [bmv2] [D] [thread 91872] [24.0] [cxt 0] Deparsing header 'ethernet'
[00:36:40.207] [bmv2] [D] [thread 91871] [25.0] [cxt 0] Parser 'parser': end
[00:36:40.208] [bmv2] [D] [thread 91871] [25.0] [cxt 0] Pipeline 'ingress': start
[00:36:40.208] [bmv2] [T] [thread 91871] [25.0] [cxt 0] basic.p4(560) Condition "hdr.ethernet.etherType == TYPE_ARP" (node_2) is false
[00:36:40.208] [bmv2] [T] [thread 91871] [25.0] [cxt 0] basic.p4(563) Condition "hdr.ethernet.etherType == TYPE_SRCROUTING" (node_4) is false
[00:36:40.208] [bmv2] [T] [thread 91871] [25.0] [cxt 0] basic.p4(576) Condition "hdr.ethernet.etherType == TYPE_YEQUDESU" (node_12) is false
[00:36:40.208] [bmv2] [T] [thread 91871] [25.0] [cxt 0] basic.p4(582) Condition "hdr.vxlan.isValid()" (node_15) is false
[00:36:40.208] [bmv2] [T] [thread 91871] [25.0] [cxt 0] basic.p4(586) Condition "hdr.ipv6.isValid()" (node_17) is true
[00:36:40.207] [bmv2] [D] [thread 91872] [24.0] [cxt 0] Deparsing header 'ipv6'
[00:36:40.208] [bmv2] [T] [thread 91871] [25.0] [cxt 0] Applying table 'MyIngress.ipv6_lpm'
[00:36:40.208] [bmv2] [D] [thread 91872] [24.0] [cxt 0] Deparser 'deparser': end
[00:36:40.208] [bmv2] [D] [thread 91871] [25.0] [cxt 0] Looking up key:
* hdr.ipv6.dstAddr    : ff020000000000000000000000000002

[00:36:40.208] [bmv2] [D] [thread 91871] [25.0] [cxt 0] Table 'MyIngress.ipv6_lpm': miss
[00:36:40.208] [bmv2] [D] [thread 91871] [25.0] [cxt 0] Action entry is NoAction - 
[00:36:40.208] [bmv2] [T] [thread 91871] [25.0] [cxt 0] Action NoAction
[00:36:40.208] [bmv2] [D] [thread 91871] [25.0] [cxt 0] Pipeline 'ingress': end
[00:36:40.208] [bmv2] [D] [thread 91871] [25.0] [cxt 0] Egress port is 0
[00:36:40.208] [bmv2] [D] [thread 91876] [24.0] [cxt 0] Transmitting packet of size 90 out of port 0
[00:36:40.208] [bmv2] [D] [thread 91872] [25.0] [cxt 0] Pipeline 'egress': start
[00:36:40.208] [bmv2] [T] [thread 91872] [25.0] [cxt 0] basic.p4(684) Condition "standard_metadata.mcast_grp != 0" (node_28) is false
[00:36:40.208] [bmv2] [D] [thread 91872] [25.0] [cxt 0] Pipeline 'egress': end
[00:36:40.208] [bmv2] [D] [thread 91872] [25.0] [cxt 0] Deparser 'deparser': start
[00:36:40.208] [bmv2] [T] [thread 91872] [25.0] [cxt 0] Skipping checksum 'cksum' update because condition not met
[00:36:40.208] [bmv2] [D] [thread 91872] [25.0] [cxt 0] Deparsing header 'ethernet'
[00:36:40.208] [bmv2] [D] [thread 91872] [25.0] [cxt 0] Deparsing header 'ipv6'
[00:36:40.208] [bmv2] [D] [thread 91872] [25.0] [cxt 0] Deparser 'deparser': end
[00:36:40.208] [bmv2] [D] [thread 91876] [25.0] [cxt 0] Transmitting packet of size 70 out of port 0
[00:36:40.209] [bmv2] [D] [thread 91871] [26.0] [cxt 0] Processing packet received on port 5
[00:36:40.209] [bmv2] [D] [thread 91871] [26.0] [cxt 0] Parser 'parser': start
[00:36:40.209] [bmv2] [D] [thread 91871] [26.0] [cxt 0] Parser 'parser' entering state 'start'
[00:36:40.209] [bmv2] [D] [thread 91871] [26.0] [cxt 0] Extracting header 'ethernet'
[00:36:40.209] [bmv2] [D] [thread 91871] [26.0] [cxt 0] Parser state 'start': key is 86dd
[00:36:40.209] [bmv2] [T] [thread 91871] [26.0] [cxt 0] Bytes parsed: 14
[00:36:40.209] [bmv2] [D] [thread 91871] [26.0] [cxt 0] Parser 'parser' entering state 'parse_ipv6'
[00:36:40.209] [bmv2] [D] [thread 91871] [26.0] [cxt 0] Extracting header 'ipv6'
[00:36:40.209] [bmv2] [D] [thread 91871] [26.0] [cxt 0] Parser state 'parse_ipv6': key is 00
[00:36:40.209] [bmv2] [T] [thread 91871] [26.0] [cxt 0] Bytes parsed: 54
[00:36:40.209] [bmv2] [D] [thread 91871] [26.0] [cxt 0] Parser 'parser': end
[00:36:40.209] [bmv2] [D] [thread 91871] [26.0] [cxt 0] Pipeline 'ingress': start
[00:36:40.209] [bmv2] [T] [thread 91871] [26.0] [cxt 0] basic.p4(560) Condition "hdr.ethernet.etherType == TYPE_ARP" (node_2) is false
[00:36:40.209] [bmv2] [T] [thread 91871] [26.0] [cxt 0] basic.p4(563) Condition "hdr.ethernet.etherType == TYPE_SRCROUTING" (node_4) is false
[00:36:40.209] [bmv2] [T] [thread 91871] [26.0] [cxt 0] basic.p4(576) Condition "hdr.ethernet.etherType == TYPE_YEQUDESU" (node_12) is false
[00:36:40.209] [bmv2] [T] [thread 91871] [26.0] [cxt 0] basic.p4(582) Condition "hdr.vxlan.isValid()" (node_15) is false
[00:36:40.209] [bmv2] [T] [thread 91871] [26.0] [cxt 0] basic.p4(586) Condition "hdr.ipv6.isValid()" (node_17) is true
[00:36:40.209] [bmv2] [T] [thread 91871] [26.0] [cxt 0] Applying table 'MyIngress.ipv6_lpm'
[00:36:40.209] [bmv2] [D] [thread 91871] [26.0] [cxt 0] Looking up key:
* hdr.ipv6.dstAddr    : ff020000000000000000000000000016

[00:36:40.209] [bmv2] [D] [thread 91871] [26.0] [cxt 0] Table 'MyIngress.ipv6_lpm': miss
[00:36:40.209] [bmv2] [D] [thread 91871] [26.0] [cxt 0] Action entry is NoAction - 
[00:36:40.209] [bmv2] [T] [thread 91871] [26.0] [cxt 0] Action NoAction
[00:36:40.209] [bmv2] [D] [thread 91871] [26.0] [cxt 0] Pipeline 'ingress': end
[00:36:40.209] [bmv2] [D] [thread 91871] [26.0] [cxt 0] Egress port is 0
[00:36:40.210] [bmv2] [D] [thread 91872] [26.0] [cxt 0] Pipeline 'egress': start
[00:36:40.210] [bmv2] [T] [thread 91872] [26.0] [cxt 0] basic.p4(684) Condition "standard_metadata.mcast_grp != 0" (node_28) is false
[00:36:40.210] [bmv2] [D] [thread 91872] [26.0] [cxt 0] Pipeline 'egress': end
[00:36:40.210] [bmv2] [D] [thread 91872] [26.0] [cxt 0] Deparser 'deparser': start
[00:36:40.210] [bmv2] [T] [thread 91872] [26.0] [cxt 0] Skipping checksum 'cksum' update because condition not met
[00:36:40.210] [bmv2] [D] [thread 91872] [26.0] [cxt 0] Deparsing header 'ethernet'
[00:36:40.210] [bmv2] [D] [thread 91872] [26.0] [cxt 0] Deparsing header 'ipv6'
[00:36:40.210] [bmv2] [D] [thread 91872] [26.0] [cxt 0] Deparser 'deparser': end
[00:36:40.210] [bmv2] [D] [thread 91876] [26.0] [cxt 0] Transmitting packet of size 90 out of port 0
[00:36:40.243] [bmv2] [D] [thread 91871] [27.0] [cxt 0] Processing packet received on port 4
[00:36:40.243] [bmv2] [D] [thread 91871] [27.0] [cxt 0] Parser 'parser': start
[00:36:40.243] [bmv2] [D] [thread 91871] [27.0] [cxt 0] Parser 'parser' entering state 'start'
[00:36:40.243] [bmv2] [D] [thread 91871] [27.0] [cxt 0] Extracting header 'ethernet'
[00:36:40.243] [bmv2] [D] [thread 91871] [27.0] [cxt 0] Parser state 'start': key is 86dd
[00:36:40.243] [bmv2] [T] [thread 91871] [27.0] [cxt 0] Bytes parsed: 14
[00:36:40.243] [bmv2] [D] [thread 91871] [27.0] [cxt 0] Parser 'parser' entering state 'parse_ipv6'
[00:36:40.243] [bmv2] [D] [thread 91871] [27.0] [cxt 0] Extracting header 'ipv6'
[00:36:40.243] [bmv2] [D] [thread 91871] [27.0] [cxt 0] Parser state 'parse_ipv6': key is 11
[00:36:40.243] [bmv2] [T] [thread 91871] [27.0] [cxt 0] Bytes parsed: 54
[00:36:40.243] [bmv2] [D] [thread 91871] [27.0] [cxt 0] Parser 'parser': end
[00:36:40.243] [bmv2] [D] [thread 91871] [27.0] [cxt 0] Pipeline 'ingress': start
[00:36:40.243] [bmv2] [T] [thread 91871] [27.0] [cxt 0] basic.p4(560) Condition "hdr.ethernet.etherType == TYPE_ARP" (node_2) is false
[00:36:40.243] [bmv2] [T] [thread 91871] [27.0] [cxt 0] basic.p4(563) Condition "hdr.ethernet.etherType == TYPE_SRCROUTING" (node_4) is false
[00:36:40.243] [bmv2] [T] [thread 91871] [27.0] [cxt 0] basic.p4(576) Condition "hdr.ethernet.etherType == TYPE_YEQUDESU" (node_12) is false
[00:36:40.243] [bmv2] [T] [thread 91871] [27.0] [cxt 0] basic.p4(582) Condition "hdr.vxlan.isValid()" (node_15) is false
[00:36:40.243] [bmv2] [T] [thread 91871] [27.0] [cxt 0] basic.p4(586) Condition "hdr.ipv6.isValid()" (node_17) is true
[00:36:40.243] [bmv2] [T] [thread 91871] [27.0] [cxt 0] Applying table 'MyIngress.ipv6_lpm'
[00:36:40.243] [bmv2] [D] [thread 91871] [27.0] [cxt 0] Looking up key:
* hdr.ipv6.dstAddr    : ff0200000000000000000000000000fb

[00:36:40.243] [bmv2] [D] [thread 91871] [27.0] [cxt 0] Table 'MyIngress.ipv6_lpm': miss
[00:36:40.243] [bmv2] [D] [thread 91871] [27.0] [cxt 0] Action entry is NoAction - 
[00:36:40.243] [bmv2] [T] [thread 91871] [27.0] [cxt 0] Action NoAction
[00:36:40.243] [bmv2] [D] [thread 91871] [27.0] [cxt 0] Pipeline 'ingress': end
[00:36:40.243] [bmv2] [D] [thread 91871] [27.0] [cxt 0] Egress port is 0
[00:36:40.243] [bmv2] [D] [thread 91872] [27.0] [cxt 0] Pipeline 'egress': start
[00:36:40.243] [bmv2] [T] [thread 91872] [27.0] [cxt 0] basic.p4(684) Condition "standard_metadata.mcast_grp != 0" (node_28) is false
[00:36:40.243] [bmv2] [D] [thread 91872] [27.0] [cxt 0] Pipeline 'egress': end
[00:36:40.243] [bmv2] [D] [thread 91872] [27.0] [cxt 0] Deparser 'deparser': start
[00:36:40.243] [bmv2] [T] [thread 91872] [27.0] [cxt 0] Skipping checksum 'cksum' update because condition not met
[00:36:40.243] [bmv2] [D] [thread 91872] [27.0] [cxt 0] Deparsing header 'ethernet'
[00:36:40.243] [bmv2] [D] [thread 91872] [27.0] [cxt 0] Deparsing header 'ipv6'
[00:36:40.243] [bmv2] [D] [thread 91872] [27.0] [cxt 0] Deparser 'deparser': end
[00:36:40.243] [bmv2] [D] [thread 91876] [27.0] [cxt 0] Transmitting packet of size 203 out of port 0
[00:36:40.252] [bmv2] [D] [thread 91871] [28.0] [cxt 0] Processing packet received on port 4
[00:36:40.252] [bmv2] [D] [thread 91871] [28.0] [cxt 0] Parser 'parser': start
[00:36:40.252] [bmv2] [D] [thread 91871] [28.0] [cxt 0] Parser 'parser' entering state 'start'
[00:36:40.252] [bmv2] [D] [thread 91871] [28.0] [cxt 0] Extracting header 'ethernet'
[00:36:40.252] [bmv2] [D] [thread 91871] [28.0] [cxt 0] Parser state 'start': key is 86dd
[00:36:40.252] [bmv2] [T] [thread 91871] [28.0] [cxt 0] Bytes parsed: 14
[00:36:40.252] [bmv2] [D] [thread 91871] [28.0] [cxt 0] Parser 'parser' entering state 'parse_ipv6'
[00:36:40.252] [bmv2] [D] [thread 91871] [28.0] [cxt 0] Extracting header 'ipv6'
[00:36:40.252] [bmv2] [D] [thread 91871] [28.0] [cxt 0] Parser state 'parse_ipv6': key is 11
[00:36:40.252] [bmv2] [T] [thread 91871] [28.0] [cxt 0] Bytes parsed: 54
[00:36:40.252] [bmv2] [D] [thread 91871] [28.0] [cxt 0] Parser 'parser': end
[00:36:40.252] [bmv2] [D] [thread 91871] [28.0] [cxt 0] Pipeline 'ingress': start
[00:36:40.252] [bmv2] [T] [thread 91871] [28.0] [cxt 0] basic.p4(560) Condition "hdr.ethernet.etherType == TYPE_ARP" (node_2) is false
[00:36:40.252] [bmv2] [T] [thread 91871] [28.0] [cxt 0] basic.p4(563) Condition "hdr.ethernet.etherType == TYPE_SRCROUTING" (node_4) is false
[00:36:40.252] [bmv2] [T] [thread 91871] [28.0] [cxt 0] basic.p4(576) Condition "hdr.ethernet.etherType == TYPE_YEQUDESU" (node_12) is false
[00:36:40.252] [bmv2] [T] [thread 91871] [28.0] [cxt 0] basic.p4(582) Condition "hdr.vxlan.isValid()" (node_15) is false
[00:36:40.252] [bmv2] [T] [thread 91871] [28.0] [cxt 0] basic.p4(586) Condition "hdr.ipv6.isValid()" (node_17) is true
[00:36:40.252] [bmv2] [T] [thread 91871] [28.0] [cxt 0] Applying table 'MyIngress.ipv6_lpm'
[00:36:40.252] [bmv2] [D] [thread 91871] [28.0] [cxt 0] Looking up key:
* hdr.ipv6.dstAddr    : ff0200000000000000000000000000fb

[00:36:40.252] [bmv2] [D] [thread 91871] [28.0] [cxt 0] Table 'MyIngress.ipv6_lpm': miss
[00:36:40.252] [bmv2] [D] [thread 91871] [28.0] [cxt 0] Action entry is NoAction - 
[00:36:40.252] [bmv2] [T] [thread 91871] [28.0] [cxt 0] Action NoAction
[00:36:40.252] [bmv2] [D] [thread 91871] [28.0] [cxt 0] Pipeline 'ingress': end
[00:36:40.252] [bmv2] [D] [thread 91871] [28.0] [cxt 0] Egress port is 0
[00:36:40.252] [bmv2] [D] [thread 91872] [28.0] [cxt 0] Pipeline 'egress': start
[00:36:40.252] [bmv2] [T] [thread 91872] [28.0] [cxt 0] basic.p4(684) Condition "standard_metadata.mcast_grp != 0" (node_28) is false
[00:36:40.252] [bmv2] [D] [thread 91872] [28.0] [cxt 0] Pipeline 'egress': end
[00:36:40.252] [bmv2] [D] [thread 91872] [28.0] [cxt 0] Deparser 'deparser': start
[00:36:40.252] [bmv2] [T] [thread 91872] [28.0] [cxt 0] Skipping checksum 'cksum' update because condition not met
[00:36:40.252] [bmv2] [D] [thread 91872] [28.0] [cxt 0] Deparsing header 'ethernet'
[00:36:40.252] [bmv2] [D] [thread 91872] [28.0] [cxt 0] Deparsing header 'ipv6'
[00:36:40.252] [bmv2] [D] [thread 91872] [28.0] [cxt 0] Deparser 'deparser': end
[00:36:40.253] [bmv2] [D] [thread 91876] [28.0] [cxt 0] Transmitting packet of size 211 out of port 0
[00:36:40.253] [bmv2] [D] [thread 91871] [29.0] [cxt 0] Processing packet received on port 3
[00:36:40.253] [bmv2] [D] [thread 91871] [29.0] [cxt 0] Parser 'parser': start
[00:36:40.253] [bmv2] [D] [thread 91871] [29.0] [cxt 0] Parser 'parser' entering state 'start'
[00:36:40.253] [bmv2] [D] [thread 91871] [29.0] [cxt 0] Extracting header 'ethernet'
[00:36:40.253] [bmv2] [D] [thread 91871] [29.0] [cxt 0] Parser state 'start': key is 86dd
[00:36:40.253] [bmv2] [T] [thread 91871] [29.0] [cxt 0] Bytes parsed: 14
[00:36:40.253] [bmv2] [D] [thread 91871] [29.0] [cxt 0] Parser 'parser' entering state 'parse_ipv6'
[00:36:40.253] [bmv2] [D] [thread 91871] [29.0] [cxt 0] Extracting header 'ipv6'
[00:36:40.253] [bmv2] [D] [thread 91871] [29.0] [cxt 0] Parser state 'parse_ipv6': key is 00
[00:36:40.253] [bmv2] [T] [thread 91871] [29.0] [cxt 0] Bytes parsed: 54
[00:36:40.253] [bmv2] [D] [thread 91871] [29.0] [cxt 0] Parser 'parser': end
[00:36:40.253] [bmv2] [D] [thread 91871] [29.0] [cxt 0] Pipeline 'ingress': start
[00:36:40.253] [bmv2] [T] [thread 91871] [29.0] [cxt 0] basic.p4(560) Condition "hdr.ethernet.etherType == TYPE_ARP" (node_2) is false
[00:36:40.253] [bmv2] [T] [thread 91871] [29.0] [cxt 0] basic.p4(563) Condition "hdr.ethernet.etherType == TYPE_SRCROUTING" (node_4) is false
[00:36:40.253] [bmv2] [T] [thread 91871] [29.0] [cxt 0] basic.p4(576) Condition "hdr.ethernet.etherType == TYPE_YEQUDESU" (node_12) is false
[00:36:40.253] [bmv2] [T] [thread 91871] [29.0] [cxt 0] basic.p4(582) Condition "hdr.vxlan.isValid()" (node_15) is false
[00:36:40.253] [bmv2] [T] [thread 91871] [29.0] [cxt 0] basic.p4(586) Condition "hdr.ipv6.isValid()" (node_17) is true
[00:36:40.253] [bmv2] [T] [thread 91871] [29.0] [cxt 0] Applying table 'MyIngress.ipv6_lpm'
[00:36:40.253] [bmv2] [D] [thread 91871] [29.0] [cxt 0] Looking up key:
* hdr.ipv6.dstAddr    : ff020000000000000000000000000016

[00:36:40.253] [bmv2] [D] [thread 91871] [29.0] [cxt 0] Table 'MyIngress.ipv6_lpm': miss
[00:36:40.253] [bmv2] [D] [thread 91871] [29.0] [cxt 0] Action entry is NoAction - 
[00:36:40.253] [bmv2] [T] [thread 91871] [29.0] [cxt 0] Action NoAction
[00:36:40.253] [bmv2] [D] [thread 91871] [29.0] [cxt 0] Pipeline 'ingress': end
[00:36:40.253] [bmv2] [D] [thread 91871] [29.0] [cxt 0] Egress port is 0
[00:36:40.253] [bmv2] [D] [thread 91872] [29.0] [cxt 0] Pipeline 'egress': start
[00:36:40.253] [bmv2] [T] [thread 91872] [29.0] [cxt 0] basic.p4(684) Condition "standard_metadata.mcast_grp != 0" (node_28) is false
[00:36:40.253] [bmv2] [D] [thread 91872] [29.0] [cxt 0] Pipeline 'egress': end
[00:36:40.253] [bmv2] [D] [thread 91872] [29.0] [cxt 0] Deparser 'deparser': start
[00:36:40.253] [bmv2] [T] [thread 91872] [29.0] [cxt 0] Skipping checksum 'cksum' update because condition not met
[00:36:40.253] [bmv2] [D] [thread 91872] [29.0] [cxt 0] Deparsing header 'ethernet'
[00:36:40.253] [bmv2] [D] [thread 91872] [29.0] [cxt 0] Deparsing header 'ipv6'
[00:36:40.253] [bmv2] [D] [thread 91872] [29.0] [cxt 0] Deparser 'deparser': end
[00:36:40.253] [bmv2] [D] [thread 91876] [29.0] [cxt 0] Transmitting packet of size 110 out of port 0
[00:36:40.308] [bmv2] [D] [thread 91871] [30.0] [cxt 0] Processing packet received on port 5
[00:36:40.308] [bmv2] [D] [thread 91871] [30.0] [cxt 0] Parser 'parser': start
[00:36:40.308] [bmv2] [D] [thread 91871] [30.0] [cxt 0] Parser 'parser' entering state 'start'
[00:36:40.308] [bmv2] [D] [thread 91871] [30.0] [cxt 0] Extracting header 'ethernet'
[00:36:40.308] [bmv2] [D] [thread 91871] [30.0] [cxt 0] Parser state 'start': key is 86dd
[00:36:40.308] [bmv2] [T] [thread 91871] [30.0] [cxt 0] Bytes parsed: 14
[00:36:40.308] [bmv2] [D] [thread 91871] [30.0] [cxt 0] Parser 'parser' entering state 'parse_ipv6'
[00:36:40.308] [bmv2] [D] [thread 91871] [30.0] [cxt 0] Extracting header 'ipv6'
[00:36:40.308] [bmv2] [D] [thread 91871] [30.0] [cxt 0] Parser state 'parse_ipv6': key is 11
[00:36:40.308] [bmv2] [T] [thread 91871] [30.0] [cxt 0] Bytes parsed: 54
[00:36:40.308] [bmv2] [D] [thread 91871] [30.0] [cxt 0] Parser 'parser': end
[00:36:40.308] [bmv2] [D] [thread 91871] [30.0] [cxt 0] Pipeline 'ingress': start
[00:36:40.308] [bmv2] [T] [thread 91871] [30.0] [cxt 0] basic.p4(560) Condition "hdr.ethernet.etherType == TYPE_ARP" (node_2) is false
[00:36:40.308] [bmv2] [T] [thread 91871] [30.0] [cxt 0] basic.p4(563) Condition "hdr.ethernet.etherType == TYPE_SRCROUTING" (node_4) is false
[00:36:40.308] [bmv2] [T] [thread 91871] [30.0] [cxt 0] basic.p4(576) Condition "hdr.ethernet.etherType == TYPE_YEQUDESU" (node_12) is false
[00:36:40.308] [bmv2] [T] [thread 91871] [30.0] [cxt 0] basic.p4(582) Condition "hdr.vxlan.isValid()" (node_15) is false
[00:36:40.308] [bmv2] [T] [thread 91871] [30.0] [cxt 0] basic.p4(586) Condition "hdr.ipv6.isValid()" (node_17) is true
[00:36:40.308] [bmv2] [T] [thread 91871] [30.0] [cxt 0] Applying table 'MyIngress.ipv6_lpm'
[00:36:40.308] [bmv2] [D] [thread 91871] [30.0] [cxt 0] Looking up key:
* hdr.ipv6.dstAddr    : ff0200000000000000000000000000fb

[00:36:40.308] [bmv2] [D] [thread 91871] [30.0] [cxt 0] Table 'MyIngress.ipv6_lpm': miss
[00:36:40.308] [bmv2] [D] [thread 91871] [30.0] [cxt 0] Action entry is NoAction - 
[00:36:40.308] [bmv2] [T] [thread 91871] [30.0] [cxt 0] Action NoAction
[00:36:40.308] [bmv2] [D] [thread 91871] [30.0] [cxt 0] Pipeline 'ingress': end
[00:36:40.308] [bmv2] [D] [thread 91871] [30.0] [cxt 0] Egress port is 0
[00:36:40.308] [bmv2] [D] [thread 91872] [30.0] [cxt 0] Pipeline 'egress': start
[00:36:40.309] [bmv2] [T] [thread 91872] [30.0] [cxt 0] basic.p4(684) Condition "standard_metadata.mcast_grp != 0" (node_28) is false
[00:36:40.309] [bmv2] [D] [thread 91872] [30.0] [cxt 0] Pipeline 'egress': end
[00:36:40.309] [bmv2] [D] [thread 91872] [30.0] [cxt 0] Deparser 'deparser': start
[00:36:40.309] [bmv2] [T] [thread 91872] [30.0] [cxt 0] Skipping checksum 'cksum' update because condition not met
[00:36:40.309] [bmv2] [D] [thread 91872] [30.0] [cxt 0] Deparsing header 'ethernet'
[00:36:40.309] [bmv2] [D] [thread 91872] [30.0] [cxt 0] Deparsing header 'ipv6'
[00:36:40.309] [bmv2] [D] [thread 91872] [30.0] [cxt 0] Deparser 'deparser': end
[00:36:40.309] [bmv2] [D] [thread 91876] [30.0] [cxt 0] Transmitting packet of size 203 out of port 0
[00:36:40.317] [bmv2] [D] [thread 91871] [31.0] [cxt 0] Processing packet received on port 5
[00:36:40.317] [bmv2] [D] [thread 91871] [31.0] [cxt 0] Parser 'parser': start
[00:36:40.317] [bmv2] [D] [thread 91871] [31.0] [cxt 0] Parser 'parser' entering state 'start'
[00:36:40.317] [bmv2] [D] [thread 91871] [31.0] [cxt 0] Extracting header 'ethernet'
[00:36:40.317] [bmv2] [D] [thread 91871] [31.0] [cxt 0] Parser state 'start': key is 86dd
[00:36:40.317] [bmv2] [T] [thread 91871] [31.0] [cxt 0] Bytes parsed: 14
[00:36:40.317] [bmv2] [D] [thread 91871] [31.0] [cxt 0] Parser 'parser' entering state 'parse_ipv6'
[00:36:40.317] [bmv2] [D] [thread 91871] [31.0] [cxt 0] Extracting header 'ipv6'
[00:36:40.317] [bmv2] [D] [thread 91871] [31.0] [cxt 0] Parser state 'parse_ipv6': key is 11
[00:36:40.317] [bmv2] [T] [thread 91871] [31.0] [cxt 0] Bytes parsed: 54
[00:36:40.317] [bmv2] [D] [thread 91871] [31.0] [cxt 0] Parser 'parser': end
[00:36:40.317] [bmv2] [D] [thread 91871] [31.0] [cxt 0] Pipeline 'ingress': start
[00:36:40.317] [bmv2] [T] [thread 91871] [31.0] [cxt 0] basic.p4(560) Condition "hdr.ethernet.etherType == TYPE_ARP" (node_2) is false
[00:36:40.317] [bmv2] [T] [thread 91871] [31.0] [cxt 0] basic.p4(563) Condition "hdr.ethernet.etherType == TYPE_SRCROUTING" (node_4) is false
[00:36:40.317] [bmv2] [T] [thread 91871] [31.0] [cxt 0] basic.p4(576) Condition "hdr.ethernet.etherType == TYPE_YEQUDESU" (node_12) is false
[00:36:40.317] [bmv2] [T] [thread 91871] [31.0] [cxt 0] basic.p4(582) Condition "hdr.vxlan.isValid()" (node_15) is false
[00:36:40.317] [bmv2] [T] [thread 91871] [31.0] [cxt 0] basic.p4(586) Condition "hdr.ipv6.isValid()" (node_17) is true
[00:36:40.317] [bmv2] [T] [thread 91871] [31.0] [cxt 0] Applying table 'MyIngress.ipv6_lpm'
[00:36:40.317] [bmv2] [D] [thread 91871] [31.0] [cxt 0] Looking up key:
* hdr.ipv6.dstAddr    : ff0200000000000000000000000000fb

[00:36:40.317] [bmv2] [D] [thread 91871] [31.0] [cxt 0] Table 'MyIngress.ipv6_lpm': miss
[00:36:40.317] [bmv2] [D] [thread 91871] [31.0] [cxt 0] Action entry is NoAction - 
[00:36:40.317] [bmv2] [T] [thread 91871] [31.0] [cxt 0] Action NoAction
[00:36:40.317] [bmv2] [D] [thread 91871] [31.0] [cxt 0] Pipeline 'ingress': end
[00:36:40.317] [bmv2] [D] [thread 91871] [31.0] [cxt 0] Egress port is 0
[00:36:40.317] [bmv2] [D] [thread 91872] [31.0] [cxt 0] Pipeline 'egress': start
[00:36:40.317] [bmv2] [T] [thread 91872] [31.0] [cxt 0] basic.p4(684) Condition "standard_metadata.mcast_grp != 0" (node_28) is false
[00:36:40.317] [bmv2] [D] [thread 91872] [31.0] [cxt 0] Pipeline 'egress': end
[00:36:40.317] [bmv2] [D] [thread 91872] [31.0] [cxt 0] Deparser 'deparser': start
[00:36:40.317] [bmv2] [T] [thread 91872] [31.0] [cxt 0] Skipping checksum 'cksum' update because condition not met
[00:36:40.317] [bmv2] [D] [thread 91872] [31.0] [cxt 0] Deparsing header 'ethernet'
[00:36:40.317] [bmv2] [D] [thread 91872] [31.0] [cxt 0] Deparsing header 'ipv6'
[00:36:40.317] [bmv2] [D] [thread 91872] [31.0] [cxt 0] Deparser 'deparser': end
[00:36:40.317] [bmv2] [D] [thread 91876] [31.0] [cxt 0] Transmitting packet of size 211 out of port 0
[00:36:40.370] [bmv2] [D] [thread 91871] [32.0] [cxt 0] Processing packet received on port 3
[00:36:40.370] [bmv2] [D] [thread 91871] [32.0] [cxt 0] Parser 'parser': start
[00:36:40.370] [bmv2] [D] [thread 91871] [32.0] [cxt 0] Parser 'parser' entering state 'start'
[00:36:40.370] [bmv2] [D] [thread 91871] [32.0] [cxt 0] Extracting header 'ethernet'
[00:36:40.370] [bmv2] [D] [thread 91871] [32.0] [cxt 0] Parser state 'start': key is 86dd
[00:36:40.370] [bmv2] [T] [thread 91871] [32.0] [cxt 0] Bytes parsed: 14
[00:36:40.370] [bmv2] [D] [thread 91871] [32.0] [cxt 0] Parser 'parser' entering state 'parse_ipv6'
[00:36:40.370] [bmv2] [D] [thread 91871] [32.0] [cxt 0] Extracting header 'ipv6'
[00:36:40.370] [bmv2] [D] [thread 91871] [32.0] [cxt 0] Parser state 'parse_ipv6': key is 11
[00:36:40.370] [bmv2] [T] [thread 91871] [32.0] [cxt 0] Bytes parsed: 54
[00:36:40.370] [bmv2] [D] [thread 91871] [32.0] [cxt 0] Parser 'parser': end
[00:36:40.370] [bmv2] [D] [thread 91871] [32.0] [cxt 0] Pipeline 'ingress': start
[00:36:40.371] [bmv2] [T] [thread 91871] [32.0] [cxt 0] basic.p4(560) Condition "hdr.ethernet.etherType == TYPE_ARP" (node_2) is false
[00:36:40.371] [bmv2] [T] [thread 91871] [32.0] [cxt 0] basic.p4(563) Condition "hdr.ethernet.etherType == TYPE_SRCROUTING" (node_4) is false
[00:36:40.371] [bmv2] [T] [thread 91871] [32.0] [cxt 0] basic.p4(576) Condition "hdr.ethernet.etherType == TYPE_YEQUDESU" (node_12) is false
[00:36:40.371] [bmv2] [T] [thread 91871] [32.0] [cxt 0] basic.p4(582) Condition "hdr.vxlan.isValid()" (node_15) is false
[00:36:40.371] [bmv2] [T] [thread 91871] [32.0] [cxt 0] basic.p4(586) Condition "hdr.ipv6.isValid()" (node_17) is true
[00:36:40.371] [bmv2] [T] [thread 91871] [32.0] [cxt 0] Applying table 'MyIngress.ipv6_lpm'
[00:36:40.371] [bmv2] [D] [thread 91871] [32.0] [cxt 0] Looking up key:
* hdr.ipv6.dstAddr    : ff0200000000000000000000000000fb

[00:36:40.371] [bmv2] [D] [thread 91871] [32.0] [cxt 0] Table 'MyIngress.ipv6_lpm': miss
[00:36:40.371] [bmv2] [D] [thread 91871] [32.0] [cxt 0] Action entry is NoAction - 
[00:36:40.371] [bmv2] [T] [thread 91871] [32.0] [cxt 0] Action NoAction
[00:36:40.371] [bmv2] [D] [thread 91871] [32.0] [cxt 0] Pipeline 'ingress': end
[00:36:40.371] [bmv2] [D] [thread 91871] [32.0] [cxt 0] Egress port is 0
[00:36:40.371] [bmv2] [D] [thread 91872] [32.0] [cxt 0] Pipeline 'egress': start
[00:36:40.371] [bmv2] [T] [thread 91872] [32.0] [cxt 0] basic.p4(684) Condition "standard_metadata.mcast_grp != 0" (node_28) is false
[00:36:40.371] [bmv2] [D] [thread 91872] [32.0] [cxt 0] Pipeline 'egress': end
[00:36:40.371] [bmv2] [D] [thread 91872] [32.0] [cxt 0] Deparser 'deparser': start
[00:36:40.371] [bmv2] [T] [thread 91872] [32.0] [cxt 0] Skipping checksum 'cksum' update because condition not met
[00:36:40.371] [bmv2] [D] [thread 91872] [32.0] [cxt 0] Deparsing header 'ethernet'
[00:36:40.371] [bmv2] [D] [thread 91872] [32.0] [cxt 0] Deparsing header 'ipv6'
[00:36:40.371] [bmv2] [D] [thread 91872] [32.0] [cxt 0] Deparser 'deparser': end
[00:36:40.371] [bmv2] [D] [thread 91876] [32.0] [cxt 0] Transmitting packet of size 211 out of port 0
[00:36:40.375] [bmv2] [D] [thread 91871] [33.0] [cxt 0] Processing packet received on port 4
[00:36:40.375] [bmv2] [D] [thread 91871] [33.0] [cxt 0] Parser 'parser': start
[00:36:40.375] [bmv2] [D] [thread 91871] [33.0] [cxt 0] Parser 'parser' entering state 'start'
[00:36:40.375] [bmv2] [D] [thread 91871] [33.0] [cxt 0] Extracting header 'ethernet'
[00:36:40.375] [bmv2] [D] [thread 91871] [33.0] [cxt 0] Parser state 'start': key is 86dd
[00:36:40.375] [bmv2] [T] [thread 91871] [33.0] [cxt 0] Bytes parsed: 14
[00:36:40.375] [bmv2] [D] [thread 91871] [33.0] [cxt 0] Parser 'parser' entering state 'parse_ipv6'
[00:36:40.375] [bmv2] [D] [thread 91871] [33.0] [cxt 0] Extracting header 'ipv6'
[00:36:40.375] [bmv2] [D] [thread 91871] [33.0] [cxt 0] Parser state 'parse_ipv6': key is 11
[00:36:40.375] [bmv2] [T] [thread 91871] [33.0] [cxt 0] Bytes parsed: 54
[00:36:40.375] [bmv2] [D] [thread 91871] [33.0] [cxt 0] Parser 'parser': end
[00:36:40.375] [bmv2] [D] [thread 91871] [33.0] [cxt 0] Pipeline 'ingress': start
[00:36:40.375] [bmv2] [T] [thread 91871] [33.0] [cxt 0] basic.p4(560) Condition "hdr.ethernet.etherType == TYPE_ARP" (node_2) is false
[00:36:40.375] [bmv2] [T] [thread 91871] [33.0] [cxt 0] basic.p4(563) Condition "hdr.ethernet.etherType == TYPE_SRCROUTING" (node_4) is false
[00:36:40.375] [bmv2] [T] [thread 91871] [33.0] [cxt 0] basic.p4(576) Condition "hdr.ethernet.etherType == TYPE_YEQUDESU" (node_12) is false
[00:36:40.375] [bmv2] [T] [thread 91871] [33.0] [cxt 0] basic.p4(582) Condition "hdr.vxlan.isValid()" (node_15) is false
[00:36:40.375] [bmv2] [T] [thread 91871] [33.0] [cxt 0] basic.p4(586) Condition "hdr.ipv6.isValid()" (node_17) is true
[00:36:40.375] [bmv2] [T] [thread 91871] [33.0] [cxt 0] Applying table 'MyIngress.ipv6_lpm'
[00:36:40.375] [bmv2] [D] [thread 91871] [33.0] [cxt 0] Looking up key:
* hdr.ipv6.dstAddr    : ff0200000000000000000000000000fb

[00:36:40.375] [bmv2] [D] [thread 91871] [33.0] [cxt 0] Table 'MyIngress.ipv6_lpm': miss
[00:36:40.375] [bmv2] [D] [thread 91871] [33.0] [cxt 0] Action entry is NoAction - 
[00:36:40.375] [bmv2] [T] [thread 91871] [33.0] [cxt 0] Action NoAction
[00:36:40.375] [bmv2] [D] [thread 91871] [33.0] [cxt 0] Pipeline 'ingress': end
[00:36:40.375] [bmv2] [D] [thread 91871] [33.0] [cxt 0] Egress port is 0
[00:36:40.376] [bmv2] [D] [thread 91872] [33.0] [cxt 0] Pipeline 'egress': start
[00:36:40.376] [bmv2] [T] [thread 91872] [33.0] [cxt 0] basic.p4(684) Condition "standard_metadata.mcast_grp != 0" (node_28) is false
[00:36:40.376] [bmv2] [D] [thread 91872] [33.0] [cxt 0] Pipeline 'egress': end
[00:36:40.376] [bmv2] [D] [thread 91872] [33.0] [cxt 0] Deparser 'deparser': start
[00:36:40.376] [bmv2] [T] [thread 91872] [33.0] [cxt 0] Skipping checksum 'cksum' update because condition not met
[00:36:40.376] [bmv2] [D] [thread 91872] [33.0] [cxt 0] Deparsing header 'ethernet'
[00:36:40.376] [bmv2] [D] [thread 91872] [33.0] [cxt 0] Deparsing header 'ipv6'
[00:36:40.376] [bmv2] [D] [thread 91872] [33.0] [cxt 0] Deparser 'deparser': end
[00:36:40.376] [bmv2] [D] [thread 91876] [33.0] [cxt 0] Transmitting packet of size 211 out of port 0
[00:36:40.391] [bmv2] [D] [thread 91871] [34.0] [cxt 0] Processing packet received on port 4
[00:36:40.391] [bmv2] [D] [thread 91871] [34.0] [cxt 0] Parser 'parser': start
[00:36:40.391] [bmv2] [D] [thread 91871] [34.0] [cxt 0] Parser 'parser' entering state 'start'
[00:36:40.391] [bmv2] [D] [thread 91871] [34.0] [cxt 0] Extracting header 'ethernet'
[00:36:40.391] [bmv2] [D] [thread 91871] [34.0] [cxt 0] Parser state 'start': key is 86dd
[00:36:40.391] [bmv2] [T] [thread 91871] [34.0] [cxt 0] Bytes parsed: 14
[00:36:40.391] [bmv2] [D] [thread 91871] [34.0] [cxt 0] Parser 'parser' entering state 'parse_ipv6'
[00:36:40.391] [bmv2] [D] [thread 91871] [34.0] [cxt 0] Extracting header 'ipv6'
[00:36:40.391] [bmv2] [D] [thread 91871] [34.0] [cxt 0] Parser state 'parse_ipv6': key is 00
[00:36:40.391] [bmv2] [T] [thread 91871] [34.0] [cxt 0] Bytes parsed: 54
[00:36:40.391] [bmv2] [D] [thread 91871] [34.0] [cxt 0] Parser 'parser': end
[00:36:40.391] [bmv2] [D] [thread 91871] [34.0] [cxt 0] Pipeline 'ingress': start
[00:36:40.391] [bmv2] [T] [thread 91871] [34.0] [cxt 0] basic.p4(560) Condition "hdr.ethernet.etherType == TYPE_ARP" (node_2) is false
[00:36:40.391] [bmv2] [T] [thread 91871] [34.0] [cxt 0] basic.p4(563) Condition "hdr.ethernet.etherType == TYPE_SRCROUTING" (node_4) is false
[00:36:40.391] [bmv2] [T] [thread 91871] [34.0] [cxt 0] basic.p4(576) Condition "hdr.ethernet.etherType == TYPE_YEQUDESU" (node_12) is false
[00:36:40.391] [bmv2] [T] [thread 91871] [34.0] [cxt 0] basic.p4(582) Condition "hdr.vxlan.isValid()" (node_15) is false
[00:36:40.391] [bmv2] [T] [thread 91871] [34.0] [cxt 0] basic.p4(586) Condition "hdr.ipv6.isValid()" (node_17) is true
[00:36:40.391] [bmv2] [T] [thread 91871] [34.0] [cxt 0] Applying table 'MyIngress.ipv6_lpm'
[00:36:40.391] [bmv2] [D] [thread 91871] [34.0] [cxt 0] Looking up key:
* hdr.ipv6.dstAddr    : ff020000000000000000000000000016

[00:36:40.391] [bmv2] [D] [thread 91871] [34.0] [cxt 0] Table 'MyIngress.ipv6_lpm': miss
[00:36:40.391] [bmv2] [D] [thread 91871] [34.0] [cxt 0] Action entry is NoAction - 
[00:36:40.391] [bmv2] [T] [thread 91871] [34.0] [cxt 0] Action NoAction
[00:36:40.391] [bmv2] [D] [thread 91871] [34.0] [cxt 0] Pipeline 'ingress': end
[00:36:40.391] [bmv2] [D] [thread 91871] [34.0] [cxt 0] Egress port is 0
[00:36:40.391] [bmv2] [D] [thread 91872] [34.0] [cxt 0] Pipeline 'egress': start
[00:36:40.391] [bmv2] [T] [thread 91872] [34.0] [cxt 0] basic.p4(684) Condition "standard_metadata.mcast_grp != 0" (node_28) is false
[00:36:40.391] [bmv2] [D] [thread 91872] [34.0] [cxt 0] Pipeline 'egress': end
[00:36:40.391] [bmv2] [D] [thread 91872] [34.0] [cxt 0] Deparser 'deparser': start
[00:36:40.391] [bmv2] [T] [thread 91872] [34.0] [cxt 0] Skipping checksum 'cksum' update because condition not met
[00:36:40.391] [bmv2] [D] [thread 91872] [34.0] [cxt 0] Deparsing header 'ethernet'
[00:36:40.391] [bmv2] [D] [thread 91872] [34.0] [cxt 0] Deparsing header 'ipv6'
[00:36:40.391] [bmv2] [D] [thread 91872] [34.0] [cxt 0] Deparser 'deparser': end
[00:36:40.391] [bmv2] [D] [thread 91876] [34.0] [cxt 0] Transmitting packet of size 110 out of port 0
[00:36:40.439] [bmv2] [D] [thread 91871] [35.0] [cxt 0] Processing packet received on port 3
[00:36:40.439] [bmv2] [D] [thread 91871] [35.0] [cxt 0] Parser 'parser': start
[00:36:40.439] [bmv2] [D] [thread 91871] [35.0] [cxt 0] Parser 'parser' entering state 'start'
[00:36:40.439] [bmv2] [D] [thread 91871] [35.0] [cxt 0] Extracting header 'ethernet'
[00:36:40.439] [bmv2] [D] [thread 91871] [35.0] [cxt 0] Parser state 'start': key is 86dd
[00:36:40.439] [bmv2] [T] [thread 91871] [35.0] [cxt 0] Bytes parsed: 14
[00:36:40.439] [bmv2] [D] [thread 91871] [35.0] [cxt 0] Parser 'parser' entering state 'parse_ipv6'
[00:36:40.439] [bmv2] [D] [thread 91871] [35.0] [cxt 0] Extracting header 'ipv6'
[00:36:40.439] [bmv2] [D] [thread 91871] [35.0] [cxt 0] Parser state 'parse_ipv6': key is 11
[00:36:40.439] [bmv2] [T] [thread 91871] [35.0] [cxt 0] Bytes parsed: 54
[00:36:40.439] [bmv2] [D] [thread 91871] [35.0] [cxt 0] Parser 'parser': end
[00:36:40.439] [bmv2] [D] [thread 91871] [35.0] [cxt 0] Pipeline 'ingress': start
[00:36:40.439] [bmv2] [T] [thread 91871] [35.0] [cxt 0] basic.p4(560) Condition "hdr.ethernet.etherType == TYPE_ARP" (node_2) is false
[00:36:40.439] [bmv2] [T] [thread 91871] [35.0] [cxt 0] basic.p4(563) Condition "hdr.ethernet.etherType == TYPE_SRCROUTING" (node_4) is false
[00:36:40.439] [bmv2] [T] [thread 91871] [35.0] [cxt 0] basic.p4(576) Condition "hdr.ethernet.etherType == TYPE_YEQUDESU" (node_12) is false
[00:36:40.439] [bmv2] [T] [thread 91871] [35.0] [cxt 0] basic.p4(582) Condition "hdr.vxlan.isValid()" (node_15) is false
[00:36:40.439] [bmv2] [T] [thread 91871] [35.0] [cxt 0] basic.p4(586) Condition "hdr.ipv6.isValid()" (node_17) is true
[00:36:40.439] [bmv2] [T] [thread 91871] [35.0] [cxt 0] Applying table 'MyIngress.ipv6_lpm'
[00:36:40.439] [bmv2] [D] [thread 91871] [35.0] [cxt 0] Looking up key:
* hdr.ipv6.dstAddr    : ff0200000000000000000000000000fb

[00:36:40.439] [bmv2] [D] [thread 91871] [35.0] [cxt 0] Table 'MyIngress.ipv6_lpm': miss
[00:36:40.439] [bmv2] [D] [thread 91871] [35.0] [cxt 0] Action entry is NoAction - 
[00:36:40.439] [bmv2] [T] [thread 91871] [35.0] [cxt 0] Action NoAction
[00:36:40.439] [bmv2] [D] [thread 91871] [35.0] [cxt 0] Pipeline 'ingress': end
[00:36:40.439] [bmv2] [D] [thread 91871] [35.0] [cxt 0] Egress port is 0
[00:36:40.439] [bmv2] [D] [thread 91872] [35.0] [cxt 0] Pipeline 'egress': start
[00:36:40.439] [bmv2] [T] [thread 91872] [35.0] [cxt 0] basic.p4(684) Condition "standard_metadata.mcast_grp != 0" (node_28) is false
[00:36:40.439] [bmv2] [D] [thread 91872] [35.0] [cxt 0] Pipeline 'egress': end
[00:36:40.439] [bmv2] [D] [thread 91872] [35.0] [cxt 0] Deparser 'deparser': start
[00:36:40.439] [bmv2] [T] [thread 91872] [35.0] [cxt 0] Skipping checksum 'cksum' update because condition not met
[00:36:40.439] [bmv2] [D] [thread 91872] [35.0] [cxt 0] Deparsing header 'ethernet'
[00:36:40.439] [bmv2] [D] [thread 91872] [35.0] [cxt 0] Deparsing header 'ipv6'
[00:36:40.439] [bmv2] [D] [thread 91872] [35.0] [cxt 0] Deparser 'deparser': end
[00:36:40.440] [bmv2] [D] [thread 91876] [35.0] [cxt 0] Transmitting packet of size 211 out of port 0
[00:36:40.463] [bmv2] [D] [thread 91871] [36.0] [cxt 0] Processing packet received on port 2
[00:36:40.463] [bmv2] [D] [thread 91871] [36.0] [cxt 0] Parser 'parser': start
[00:36:40.463] [bmv2] [D] [thread 91871] [36.0] [cxt 0] Parser 'parser' entering state 'start'
[00:36:40.463] [bmv2] [D] [thread 91871] [36.0] [cxt 0] Extracting header 'ethernet'
[00:36:40.463] [bmv2] [D] [thread 91871] [36.0] [cxt 0] Parser state 'start': key is 86dd
[00:36:40.463] [bmv2] [T] [thread 91871] [36.0] [cxt 0] Bytes parsed: 14
[00:36:40.463] [bmv2] [D] [thread 91871] [36.0] [cxt 0] Parser 'parser' entering state 'parse_ipv6'
[00:36:40.463] [bmv2] [D] [thread 91871] [36.0] [cxt 0] Extracting header 'ipv6'
[00:36:40.463] [bmv2] [D] [thread 91871] [36.0] [cxt 0] Parser state 'parse_ipv6': key is 00
[00:36:40.463] [bmv2] [T] [thread 91871] [36.0] [cxt 0] Bytes parsed: 54
[00:36:40.463] [bmv2] [D] [thread 91871] [36.0] [cxt 0] Parser 'parser': end
[00:36:40.463] [bmv2] [D] [thread 91871] [36.0] [cxt 0] Pipeline 'ingress': start
[00:36:40.463] [bmv2] [T] [thread 91871] [36.0] [cxt 0] basic.p4(560) Condition "hdr.ethernet.etherType == TYPE_ARP" (node_2) is false
[00:36:40.463] [bmv2] [T] [thread 91871] [36.0] [cxt 0] basic.p4(563) Condition "hdr.ethernet.etherType == TYPE_SRCROUTING" (node_4) is false
[00:36:40.463] [bmv2] [T] [thread 91871] [36.0] [cxt 0] basic.p4(576) Condition "hdr.ethernet.etherType == TYPE_YEQUDESU" (node_12) is false
[00:36:40.463] [bmv2] [T] [thread 91871] [36.0] [cxt 0] basic.p4(582) Condition "hdr.vxlan.isValid()" (node_15) is false
[00:36:40.463] [bmv2] [T] [thread 91871] [36.0] [cxt 0] basic.p4(586) Condition "hdr.ipv6.isValid()" (node_17) is true
[00:36:40.463] [bmv2] [T] [thread 91871] [36.0] [cxt 0] Applying table 'MyIngress.ipv6_lpm'
[00:36:40.463] [bmv2] [D] [thread 91871] [36.0] [cxt 0] Looking up key:
* hdr.ipv6.dstAddr    : ff020000000000000000000000000016

[00:36:40.463] [bmv2] [D] [thread 91871] [36.0] [cxt 0] Table 'MyIngress.ipv6_lpm': miss
[00:36:40.463] [bmv2] [D] [thread 91871] [36.0] [cxt 0] Action entry is NoAction - 
[00:36:40.463] [bmv2] [T] [thread 91871] [36.0] [cxt 0] Action NoAction
[00:36:40.463] [bmv2] [D] [thread 91871] [36.0] [cxt 0] Pipeline 'ingress': end
[00:36:40.463] [bmv2] [D] [thread 91871] [36.0] [cxt 0] Egress port is 0
[00:36:40.463] [bmv2] [D] [thread 91871] [37.0] [cxt 0] Processing packet received on port 5
[00:36:40.463] [bmv2] [D] [thread 91871] [37.0] [cxt 0] Parser 'parser': start
[00:36:40.463] [bmv2] [D] [thread 91871] [37.0] [cxt 0] Parser 'parser' entering state 'start'
[00:36:40.463] [bmv2] [D] [thread 91871] [37.0] [cxt 0] Extracting header 'ethernet'
[00:36:40.463] [bmv2] [D] [thread 91871] [37.0] [cxt 0] Parser state 'start': key is 86dd
[00:36:40.463] [bmv2] [T] [thread 91871] [37.0] [cxt 0] Bytes parsed: 14
[00:36:40.463] [bmv2] [D] [thread 91871] [37.0] [cxt 0] Parser 'parser' entering state 'parse_ipv6'
[00:36:40.463] [bmv2] [D] [thread 91871] [37.0] [cxt 0] Extracting header 'ipv6'
[00:36:40.463] [bmv2] [D] [thread 91871] [37.0] [cxt 0] Parser state 'parse_ipv6': key is 00
[00:36:40.463] [bmv2] [T] [thread 91871] [37.0] [cxt 0] Bytes parsed: 54
[00:36:40.463] [bmv2] [D] [thread 91871] [37.0] [cxt 0] Parser 'parser': end
[00:36:40.464] [bmv2] [D] [thread 91871] [37.0] [cxt 0] Pipeline 'ingress': start
[00:36:40.464] [bmv2] [T] [thread 91871] [37.0] [cxt 0] basic.p4(560) Condition "hdr.ethernet.etherType == TYPE_ARP" (node_2) is false
[00:36:40.464] [bmv2] [T] [thread 91871] [37.0] [cxt 0] basic.p4(563) Condition "hdr.ethernet.etherType == TYPE_SRCROUTING" (node_4) is false
[00:36:40.464] [bmv2] [T] [thread 91871] [37.0] [cxt 0] basic.p4(576) Condition "hdr.ethernet.etherType == TYPE_YEQUDESU" (node_12) is false
[00:36:40.464] [bmv2] [T] [thread 91871] [37.0] [cxt 0] basic.p4(582) Condition "hdr.vxlan.isValid()" (node_15) is false
[00:36:40.464] [bmv2] [T] [thread 91871] [37.0] [cxt 0] basic.p4(586) Condition "hdr.ipv6.isValid()" (node_17) is true
[00:36:40.464] [bmv2] [T] [thread 91871] [37.0] [cxt 0] Applying table 'MyIngress.ipv6_lpm'
[00:36:40.464] [bmv2] [D] [thread 91871] [37.0] [cxt 0] Looking up key:
* hdr.ipv6.dstAddr    : ff020000000000000000000000000016

[00:36:40.464] [bmv2] [D] [thread 91871] [37.0] [cxt 0] Table 'MyIngress.ipv6_lpm': miss
[00:36:40.464] [bmv2] [D] [thread 91871] [37.0] [cxt 0] Action entry is NoAction - 
[00:36:40.464] [bmv2] [T] [thread 91871] [37.0] [cxt 0] Action NoAction
[00:36:40.464] [bmv2] [D] [thread 91871] [37.0] [cxt 0] Pipeline 'ingress': end
[00:36:40.464] [bmv2] [D] [thread 91871] [37.0] [cxt 0] Egress port is 0
[00:36:40.464] [bmv2] [D] [thread 91871] [38.0] [cxt 0] Processing packet received on port 2
[00:36:40.464] [bmv2] [D] [thread 91871] [38.0] [cxt 0] Parser 'parser': start
[00:36:40.464] [bmv2] [D] [thread 91871] [38.0] [cxt 0] Parser 'parser' entering state 'start'
[00:36:40.464] [bmv2] [D] [thread 91871] [38.0] [cxt 0] Extracting header 'ethernet'
[00:36:40.464] [bmv2] [D] [thread 91871] [38.0] [cxt 0] Parser state 'start': key is 86dd
[00:36:40.464] [bmv2] [T] [thread 91871] [38.0] [cxt 0] Bytes parsed: 14
[00:36:40.464] [bmv2] [D] [thread 91871] [38.0] [cxt 0] Parser 'parser' entering state 'parse_ipv6'
[00:36:40.464] [bmv2] [D] [thread 91871] [38.0] [cxt 0] Extracting header 'ipv6'
[00:36:40.464] [bmv2] [D] [thread 91871] [38.0] [cxt 0] Parser state 'parse_ipv6': key is 3a
[00:36:40.464] [bmv2] [T] [thread 91871] [38.0] [cxt 0] Bytes parsed: 54
[00:36:40.464] [bmv2] [D] [thread 91871] [38.0] [cxt 0] Parser 'parser': end
[00:36:40.464] [bmv2] [D] [thread 91871] [38.0] [cxt 0] Pipeline 'ingress': start
[00:36:40.464] [bmv2] [T] [thread 91871] [38.0] [cxt 0] basic.p4(560) Condition "hdr.ethernet.etherType == TYPE_ARP" (node_2) is false
[00:36:40.464] [bmv2] [T] [thread 91871] [38.0] [cxt 0] basic.p4(563) Condition "hdr.ethernet.etherType == TYPE_SRCROUTING" (node_4) is false
[00:36:40.464] [bmv2] [T] [thread 91871] [38.0] [cxt 0] basic.p4(576) Condition "hdr.ethernet.etherType == TYPE_YEQUDESU" (node_12) is false
[00:36:40.464] [bmv2] [T] [thread 91871] [38.0] [cxt 0] basic.p4(582) Condition "hdr.vxlan.isValid()" (node_15) is false
[00:36:40.464] [bmv2] [T] [thread 91871] [38.0] [cxt 0] basic.p4(586) Condition "hdr.ipv6.isValid()" (node_17) is true
[00:36:40.464] [bmv2] [T] [thread 91871] [38.0] [cxt 0] Applying table 'MyIngress.ipv6_lpm'
[00:36:40.464] [bmv2] [D] [thread 91872] [36.0] [cxt 0] Pipeline 'egress': start
[00:36:40.464] [bmv2] [D] [thread 91871] [38.0] [cxt 0] Looking up key:
* hdr.ipv6.dstAddr    : ff020000000000000000000000000002

[00:36:40.464] [bmv2] [D] [thread 91871] [38.0] [cxt 0] Table 'MyIngress.ipv6_lpm': miss
[00:36:40.464] [bmv2] [D] [thread 91871] [38.0] [cxt 0] Action entry is NoAction - 
[00:36:40.464] [bmv2] [T] [thread 91871] [38.0] [cxt 0] Action NoAction
[00:36:40.464] [bmv2] [D] [thread 91871] [38.0] [cxt 0] Pipeline 'ingress': end
[00:36:40.464] [bmv2] [D] [thread 91871] [38.0] [cxt 0] Egress port is 0
[00:36:40.464] [bmv2] [D] [thread 91871] [39.0] [cxt 0] Processing packet received on port 5
[00:36:40.464] [bmv2] [D] [thread 91871] [39.0] [cxt 0] Parser 'parser': start
[00:36:40.464] [bmv2] [D] [thread 91871] [39.0] [cxt 0] Parser 'parser' entering state 'start'
[00:36:40.464] [bmv2] [T] [thread 91872] [36.0] [cxt 0] basic.p4(684) Condition "standard_metadata.mcast_grp != 0" (node_28) is false
[00:36:40.464] [bmv2] [D] [thread 91871] [39.0] [cxt 0] Extracting header 'ethernet'
[00:36:40.464] [bmv2] [D] [thread 91872] [36.0] [cxt 0] Pipeline 'egress': end
[00:36:40.464] [bmv2] [D] [thread 91872] [36.0] [cxt 0] Deparser 'deparser': start
[00:36:40.464] [bmv2] [D] [thread 91871] [39.0] [cxt 0] Parser state 'start': key is 86dd
[00:36:40.464] [bmv2] [T] [thread 91872] [36.0] [cxt 0] Skipping checksum 'cksum' update because condition not met
[00:36:40.464] [bmv2] [T] [thread 91871] [39.0] [cxt 0] Bytes parsed: 14
[00:36:40.464] [bmv2] [D] [thread 91872] [36.0] [cxt 0] Deparsing header 'ethernet'
[00:36:40.464] [bmv2] [D] [thread 91872] [36.0] [cxt 0] Deparsing header 'ipv6'
[00:36:40.464] [bmv2] [D] [thread 91872] [36.0] [cxt 0] Deparser 'deparser': end
[00:36:40.464] [bmv2] [D] [thread 91871] [39.0] [cxt 0] Parser 'parser' entering state 'parse_ipv6'
[00:36:40.464] [bmv2] [D] [thread 91872] [37.0] [cxt 0] Pipeline 'egress': start
[00:36:40.464] [bmv2] [D] [thread 91871] [39.0] [cxt 0] Extracting header 'ipv6'
[00:36:40.464] [bmv2] [T] [thread 91872] [37.0] [cxt 0] basic.p4(684) Condition "standard_metadata.mcast_grp != 0" (node_28) is false
[00:36:40.464] [bmv2] [D] [thread 91871] [39.0] [cxt 0] Parser state 'parse_ipv6': key is 3a
[00:36:40.464] [bmv2] [T] [thread 91871] [39.0] [cxt 0] Bytes parsed: 54
[00:36:40.464] [bmv2] [D] [thread 91871] [39.0] [cxt 0] Parser 'parser': end
[00:36:40.464] [bmv2] [D] [thread 91871] [39.0] [cxt 0] Pipeline 'ingress': start
[00:36:40.464] [bmv2] [T] [thread 91871] [39.0] [cxt 0] basic.p4(560) Condition "hdr.ethernet.etherType == TYPE_ARP" (node_2) is false
[00:36:40.464] [bmv2] [T] [thread 91871] [39.0] [cxt 0] basic.p4(563) Condition "hdr.ethernet.etherType == TYPE_SRCROUTING" (node_4) is false
[00:36:40.464] [bmv2] [T] [thread 91871] [39.0] [cxt 0] basic.p4(576) Condition "hdr.ethernet.etherType == TYPE_YEQUDESU" (node_12) is false
[00:36:40.464] [bmv2] [T] [thread 91871] [39.0] [cxt 0] basic.p4(582) Condition "hdr.vxlan.isValid()" (node_15) is false
[00:36:40.464] [bmv2] [T] [thread 91871] [39.0] [cxt 0] basic.p4(586) Condition "hdr.ipv6.isValid()" (node_17) is true
[00:36:40.464] [bmv2] [T] [thread 91871] [39.0] [cxt 0] Applying table 'MyIngress.ipv6_lpm'
[00:36:40.464] [bmv2] [D] [thread 91871] [39.0] [cxt 0] Looking up key:
* hdr.ipv6.dstAddr    : ff020000000000000000000000000002

[00:36:40.464] [bmv2] [D] [thread 91871] [39.0] [cxt 0] Table 'MyIngress.ipv6_lpm': miss
[00:36:40.464] [bmv2] [D] [thread 91871] [39.0] [cxt 0] Action entry is NoAction - 
[00:36:40.464] [bmv2] [T] [thread 91871] [39.0] [cxt 0] Action NoAction
[00:36:40.464] [bmv2] [D] [thread 91872] [37.0] [cxt 0] Pipeline 'egress': end
[00:36:40.464] [bmv2] [D] [thread 91871] [39.0] [cxt 0] Pipeline 'ingress': end
[00:36:40.464] [bmv2] [D] [thread 91871] [39.0] [cxt 0] Egress port is 0
[00:36:40.464] [bmv2] [D] [thread 91872] [37.0] [cxt 0] Deparser 'deparser': start
[00:36:40.464] [bmv2] [T] [thread 91872] [37.0] [cxt 0] Skipping checksum 'cksum' update because condition not met
[00:36:40.464] [bmv2] [D] [thread 91872] [37.0] [cxt 0] Deparsing header 'ethernet'
[00:36:40.464] [bmv2] [D] [thread 91872] [37.0] [cxt 0] Deparsing header 'ipv6'
[00:36:40.464] [bmv2] [D] [thread 91872] [37.0] [cxt 0] Deparser 'deparser': end
[00:36:40.464] [bmv2] [D] [thread 91872] [38.0] [cxt 0] Pipeline 'egress': start
[00:36:40.464] [bmv2] [T] [thread 91872] [38.0] [cxt 0] basic.p4(684) Condition "standard_metadata.mcast_grp != 0" (node_28) is false
[00:36:40.464] [bmv2] [D] [thread 91872] [38.0] [cxt 0] Pipeline 'egress': end
[00:36:40.464] [bmv2] [D] [thread 91872] [38.0] [cxt 0] Deparser 'deparser': start
[00:36:40.464] [bmv2] [T] [thread 91872] [38.0] [cxt 0] Skipping checksum 'cksum' update because condition not met
[00:36:40.464] [bmv2] [D] [thread 91872] [38.0] [cxt 0] Deparsing header 'ethernet'
[00:36:40.464] [bmv2] [D] [thread 91872] [38.0] [cxt 0] Deparsing header 'ipv6'
[00:36:40.464] [bmv2] [D] [thread 91872] [38.0] [cxt 0] Deparser 'deparser': end
[00:36:40.464] [bmv2] [D] [thread 91872] [39.0] [cxt 0] Pipeline 'egress': start
[00:36:40.465] [bmv2] [T] [thread 91872] [39.0] [cxt 0] basic.p4(684) Condition "standard_metadata.mcast_grp != 0" (node_28) is false
[00:36:40.465] [bmv2] [D] [thread 91872] [39.0] [cxt 0] Pipeline 'egress': end
[00:36:40.465] [bmv2] [D] [thread 91872] [39.0] [cxt 0] Deparser 'deparser': start
[00:36:40.465] [bmv2] [T] [thread 91872] [39.0] [cxt 0] Skipping checksum 'cksum' update because condition not met
[00:36:40.465] [bmv2] [D] [thread 91872] [39.0] [cxt 0] Deparsing header 'ethernet'
[00:36:40.465] [bmv2] [D] [thread 91872] [39.0] [cxt 0] Deparsing header 'ipv6'
[00:36:40.465] [bmv2] [D] [thread 91872] [39.0] [cxt 0] Deparser 'deparser': end
[00:36:40.465] [bmv2] [D] [thread 91876] [36.0] [cxt 0] Transmitting packet of size 90 out of port 0
[00:36:40.465] [bmv2] [D] [thread 91876] [37.0] [cxt 0] Transmitting packet of size 90 out of port 0
[00:36:40.465] [bmv2] [D] [thread 91876] [38.0] [cxt 0] Transmitting packet of size 70 out of port 0
[00:36:40.465] [bmv2] [D] [thread 91876] [39.0] [cxt 0] Transmitting packet of size 70 out of port 0
[00:36:40.465] [bmv2] [D] [thread 91871] [40.0] [cxt 0] Processing packet received on port 5
[00:36:40.465] [bmv2] [D] [thread 91871] [40.0] [cxt 0] Parser 'parser': start
[00:36:40.465] [bmv2] [D] [thread 91871] [40.0] [cxt 0] Parser 'parser' entering state 'start'
[00:36:40.465] [bmv2] [D] [thread 91871] [40.0] [cxt 0] Extracting header 'ethernet'
[00:36:40.465] [bmv2] [D] [thread 91871] [40.0] [cxt 0] Parser state 'start': key is 86dd
[00:36:40.465] [bmv2] [T] [thread 91871] [40.0] [cxt 0] Bytes parsed: 14
[00:36:40.465] [bmv2] [D] [thread 91871] [40.0] [cxt 0] Parser 'parser' entering state 'parse_ipv6'
[00:36:40.465] [bmv2] [D] [thread 91871] [40.0] [cxt 0] Extracting header 'ipv6'
[00:36:40.465] [bmv2] [D] [thread 91871] [40.0] [cxt 0] Parser state 'parse_ipv6': key is 00
[00:36:40.465] [bmv2] [T] [thread 91871] [40.0] [cxt 0] Bytes parsed: 54
[00:36:40.465] [bmv2] [D] [thread 91871] [40.0] [cxt 0] Parser 'parser': end
[00:36:40.465] [bmv2] [D] [thread 91871] [40.0] [cxt 0] Pipeline 'ingress': start
[00:36:40.465] [bmv2] [T] [thread 91871] [40.0] [cxt 0] basic.p4(560) Condition "hdr.ethernet.etherType == TYPE_ARP" (node_2) is false
[00:36:40.465] [bmv2] [T] [thread 91871] [40.0] [cxt 0] basic.p4(563) Condition "hdr.ethernet.etherType == TYPE_SRCROUTING" (node_4) is false
[00:36:40.465] [bmv2] [T] [thread 91871] [40.0] [cxt 0] basic.p4(576) Condition "hdr.ethernet.etherType == TYPE_YEQUDESU" (node_12) is false
[00:36:40.465] [bmv2] [T] [thread 91871] [40.0] [cxt 0] basic.p4(582) Condition "hdr.vxlan.isValid()" (node_15) is false
[00:36:40.465] [bmv2] [T] [thread 91871] [40.0] [cxt 0] basic.p4(586) Condition "hdr.ipv6.isValid()" (node_17) is true
[00:36:40.465] [bmv2] [T] [thread 91871] [40.0] [cxt 0] Applying table 'MyIngress.ipv6_lpm'
[00:36:40.465] [bmv2] [D] [thread 91871] [40.0] [cxt 0] Looking up key:
* hdr.ipv6.dstAddr    : ff020000000000000000000000000016

[00:36:40.465] [bmv2] [D] [thread 91871] [40.0] [cxt 0] Table 'MyIngress.ipv6_lpm': miss
[00:36:40.465] [bmv2] [D] [thread 91871] [40.0] [cxt 0] Action entry is NoAction - 
[00:36:40.465] [bmv2] [T] [thread 91871] [40.0] [cxt 0] Action NoAction
[00:36:40.465] [bmv2] [D] [thread 91871] [40.0] [cxt 0] Pipeline 'ingress': end
[00:36:40.465] [bmv2] [D] [thread 91871] [40.0] [cxt 0] Egress port is 0
[00:36:40.465] [bmv2] [D] [thread 91872] [40.0] [cxt 0] Pipeline 'egress': start
[00:36:40.465] [bmv2] [T] [thread 91872] [40.0] [cxt 0] basic.p4(684) Condition "standard_metadata.mcast_grp != 0" (node_28) is false
[00:36:40.465] [bmv2] [D] [thread 91872] [40.0] [cxt 0] Pipeline 'egress': end
[00:36:40.465] [bmv2] [D] [thread 91872] [40.0] [cxt 0] Deparser 'deparser': start
[00:36:40.465] [bmv2] [T] [thread 91872] [40.0] [cxt 0] Skipping checksum 'cksum' update because condition not met
[00:36:40.465] [bmv2] [D] [thread 91872] [40.0] [cxt 0] Deparsing header 'ethernet'
[00:36:40.465] [bmv2] [D] [thread 91872] [40.0] [cxt 0] Deparsing header 'ipv6'
[00:36:40.465] [bmv2] [D] [thread 91872] [40.0] [cxt 0] Deparser 'deparser': end
[00:36:40.465] [bmv2] [D] [thread 91871] [41.0] [cxt 0] Processing packet received on port 2
[00:36:40.465] [bmv2] [D] [thread 91871] [41.0] [cxt 0] Parser 'parser': start
[00:36:40.465] [bmv2] [D] [thread 91871] [41.0] [cxt 0] Parser 'parser' entering state 'start'
[00:36:40.465] [bmv2] [D] [thread 91871] [41.0] [cxt 0] Extracting header 'ethernet'
[00:36:40.465] [bmv2] [D] [thread 91871] [41.0] [cxt 0] Parser state 'start': key is 86dd
[00:36:40.465] [bmv2] [D] [thread 91876] [40.0] [cxt 0] Transmitting packet of size 90 out of port 0
[00:36:40.465] [bmv2] [T] [thread 91871] [41.0] [cxt 0] Bytes parsed: 14
[00:36:40.465] [bmv2] [D] [thread 91871] [41.0] [cxt 0] Parser 'parser' entering state 'parse_ipv6'
[00:36:40.465] [bmv2] [D] [thread 91871] [41.0] [cxt 0] Extracting header 'ipv6'
[00:36:40.465] [bmv2] [D] [thread 91871] [41.0] [cxt 0] Parser state 'parse_ipv6': key is 00
[00:36:40.465] [bmv2] [T] [thread 91871] [41.0] [cxt 0] Bytes parsed: 54
[00:36:40.465] [bmv2] [D] [thread 91871] [41.0] [cxt 0] Parser 'parser': end
[00:36:40.465] [bmv2] [D] [thread 91871] [41.0] [cxt 0] Pipeline 'ingress': start
[00:36:40.465] [bmv2] [T] [thread 91871] [41.0] [cxt 0] basic.p4(560) Condition "hdr.ethernet.etherType == TYPE_ARP" (node_2) is false
[00:36:40.465] [bmv2] [T] [thread 91871] [41.0] [cxt 0] basic.p4(563) Condition "hdr.ethernet.etherType == TYPE_SRCROUTING" (node_4) is false
[00:36:40.465] [bmv2] [T] [thread 91871] [41.0] [cxt 0] basic.p4(576) Condition "hdr.ethernet.etherType == TYPE_YEQUDESU" (node_12) is false
[00:36:40.465] [bmv2] [T] [thread 91871] [41.0] [cxt 0] basic.p4(582) Condition "hdr.vxlan.isValid()" (node_15) is false
[00:36:40.465] [bmv2] [T] [thread 91871] [41.0] [cxt 0] basic.p4(586) Condition "hdr.ipv6.isValid()" (node_17) is true
[00:36:40.465] [bmv2] [T] [thread 91871] [41.0] [cxt 0] Applying table 'MyIngress.ipv6_lpm'
[00:36:40.465] [bmv2] [D] [thread 91871] [41.0] [cxt 0] Looking up key:
* hdr.ipv6.dstAddr    : ff020000000000000000000000000016

[00:36:40.465] [bmv2] [D] [thread 91871] [41.0] [cxt 0] Table 'MyIngress.ipv6_lpm': miss
[00:36:40.466] [bmv2] [D] [thread 91871] [41.0] [cxt 0] Action entry is NoAction - 
[00:36:40.466] [bmv2] [T] [thread 91871] [41.0] [cxt 0] Action NoAction
[00:36:40.466] [bmv2] [D] [thread 91871] [41.0] [cxt 0] Pipeline 'ingress': end
[00:36:40.466] [bmv2] [D] [thread 91871] [41.0] [cxt 0] Egress port is 0
[00:36:40.466] [bmv2] [D] [thread 91872] [41.0] [cxt 0] Pipeline 'egress': start
[00:36:40.466] [bmv2] [T] [thread 91872] [41.0] [cxt 0] basic.p4(684) Condition "standard_metadata.mcast_grp != 0" (node_28) is false
[00:36:40.466] [bmv2] [D] [thread 91872] [41.0] [cxt 0] Pipeline 'egress': end
[00:36:40.466] [bmv2] [D] [thread 91872] [41.0] [cxt 0] Deparser 'deparser': start
[00:36:40.466] [bmv2] [T] [thread 91872] [41.0] [cxt 0] Skipping checksum 'cksum' update because condition not met
[00:36:40.466] [bmv2] [D] [thread 91872] [41.0] [cxt 0] Deparsing header 'ethernet'
[00:36:40.466] [bmv2] [D] [thread 91872] [41.0] [cxt 0] Deparsing header 'ipv6'
[00:36:40.466] [bmv2] [D] [thread 91872] [41.0] [cxt 0] Deparser 'deparser': end
[00:36:40.466] [bmv2] [D] [thread 91876] [41.0] [cxt 0] Transmitting packet of size 90 out of port 0
[00:36:40.503] [bmv2] [D] [thread 91871] [42.0] [cxt 0] Processing packet received on port 5
[00:36:40.503] [bmv2] [D] [thread 91871] [42.0] [cxt 0] Parser 'parser': start
[00:36:40.503] [bmv2] [D] [thread 91871] [42.0] [cxt 0] Parser 'parser' entering state 'start'
[00:36:40.503] [bmv2] [D] [thread 91871] [42.0] [cxt 0] Extracting header 'ethernet'
[00:36:40.503] [bmv2] [D] [thread 91871] [42.0] [cxt 0] Parser state 'start': key is 86dd
[00:36:40.503] [bmv2] [T] [thread 91871] [42.0] [cxt 0] Bytes parsed: 14
[00:36:40.503] [bmv2] [D] [thread 91871] [42.0] [cxt 0] Parser 'parser' entering state 'parse_ipv6'
[00:36:40.503] [bmv2] [D] [thread 91871] [42.0] [cxt 0] Extracting header 'ipv6'
[00:36:40.503] [bmv2] [D] [thread 91871] [42.0] [cxt 0] Parser state 'parse_ipv6': key is 00
[00:36:40.503] [bmv2] [T] [thread 91871] [42.0] [cxt 0] Bytes parsed: 54
[00:36:40.503] [bmv2] [D] [thread 91871] [42.0] [cxt 0] Parser 'parser': end
[00:36:40.503] [bmv2] [D] [thread 91871] [42.0] [cxt 0] Pipeline 'ingress': start
[00:36:40.503] [bmv2] [T] [thread 91871] [42.0] [cxt 0] basic.p4(560) Condition "hdr.ethernet.etherType == TYPE_ARP" (node_2) is false
[00:36:40.503] [bmv2] [T] [thread 91871] [42.0] [cxt 0] basic.p4(563) Condition "hdr.ethernet.etherType == TYPE_SRCROUTING" (node_4) is false
[00:36:40.504] [bmv2] [T] [thread 91871] [42.0] [cxt 0] basic.p4(576) Condition "hdr.ethernet.etherType == TYPE_YEQUDESU" (node_12) is false
[00:36:40.504] [bmv2] [T] [thread 91871] [42.0] [cxt 0] basic.p4(582) Condition "hdr.vxlan.isValid()" (node_15) is false
[00:36:40.504] [bmv2] [T] [thread 91871] [42.0] [cxt 0] basic.p4(586) Condition "hdr.ipv6.isValid()" (node_17) is true
[00:36:40.504] [bmv2] [T] [thread 91871] [42.0] [cxt 0] Applying table 'MyIngress.ipv6_lpm'
[00:36:40.504] [bmv2] [D] [thread 91871] [42.0] [cxt 0] Looking up key:
* hdr.ipv6.dstAddr    : ff020000000000000000000000000016

[00:36:40.504] [bmv2] [D] [thread 91871] [42.0] [cxt 0] Table 'MyIngress.ipv6_lpm': miss
[00:36:40.504] [bmv2] [D] [thread 91871] [42.0] [cxt 0] Action entry is NoAction - 
[00:36:40.504] [bmv2] [T] [thread 91871] [42.0] [cxt 0] Action NoAction
[00:36:40.504] [bmv2] [D] [thread 91871] [42.0] [cxt 0] Pipeline 'ingress': end
[00:36:40.504] [bmv2] [D] [thread 91871] [42.0] [cxt 0] Egress port is 0
[00:36:40.504] [bmv2] [D] [thread 91871] [43.0] [cxt 0] Processing packet received on port 4
[00:36:40.504] [bmv2] [D] [thread 91871] [43.0] [cxt 0] Parser 'parser': start
[00:36:40.504] [bmv2] [D] [thread 91871] [43.0] [cxt 0] Parser 'parser' entering state 'start'
[00:36:40.504] [bmv2] [D] [thread 91871] [43.0] [cxt 0] Extracting header 'ethernet'
[00:36:40.504] [bmv2] [D] [thread 91871] [43.0] [cxt 0] Parser state 'start': key is 86dd
[00:36:40.504] [bmv2] [T] [thread 91871] [43.0] [cxt 0] Bytes parsed: 14
[00:36:40.504] [bmv2] [D] [thread 91871] [43.0] [cxt 0] Parser 'parser' entering state 'parse_ipv6'
[00:36:40.504] [bmv2] [D] [thread 91871] [43.0] [cxt 0] Extracting header 'ipv6'
[00:36:40.504] [bmv2] [D] [thread 91871] [43.0] [cxt 0] Parser state 'parse_ipv6': key is 11
[00:36:40.504] [bmv2] [T] [thread 91871] [43.0] [cxt 0] Bytes parsed: 54
[00:36:40.504] [bmv2] [D] [thread 91872] [42.0] [cxt 0] Pipeline 'egress': start
[00:36:40.504] [bmv2] [D] [thread 91871] [43.0] [cxt 0] Parser 'parser': end
[00:36:40.504] [bmv2] [D] [thread 91871] [43.0] [cxt 0] Pipeline 'ingress': start
[00:36:40.504] [bmv2] [T] [thread 91872] [42.0] [cxt 0] basic.p4(684) Condition "standard_metadata.mcast_grp != 0" (node_28) is false
[00:36:40.504] [bmv2] [T] [thread 91871] [43.0] [cxt 0] basic.p4(560) Condition "hdr.ethernet.etherType == TYPE_ARP" (node_2) is false
[00:36:40.504] [bmv2] [T] [thread 91871] [43.0] [cxt 0] basic.p4(563) Condition "hdr.ethernet.etherType == TYPE_SRCROUTING" (node_4) is false
[00:36:40.504] [bmv2] [T] [thread 91871] [43.0] [cxt 0] basic.p4(576) Condition "hdr.ethernet.etherType == TYPE_YEQUDESU" (node_12) is false
[00:36:40.504] [bmv2] [T] [thread 91871] [43.0] [cxt 0] basic.p4(582) Condition "hdr.vxlan.isValid()" (node_15) is false
[00:36:40.504] [bmv2] [T] [thread 91871] [43.0] [cxt 0] basic.p4(586) Condition "hdr.ipv6.isValid()" (node_17) is true
[00:36:40.504] [bmv2] [T] [thread 91871] [43.0] [cxt 0] Applying table 'MyIngress.ipv6_lpm'
[00:36:40.504] [bmv2] [D] [thread 91872] [42.0] [cxt 0] Pipeline 'egress': end
[00:36:40.504] [bmv2] [D] [thread 91871] [43.0] [cxt 0] Looking up key:
* hdr.ipv6.dstAddr    : ff0200000000000000000000000000fb

[00:36:40.504] [bmv2] [D] [thread 91872] [42.0] [cxt 0] Deparser 'deparser': start
[00:36:40.504] [bmv2] [T] [thread 91872] [42.0] [cxt 0] Skipping checksum 'cksum' update because condition not met
[00:36:40.504] [bmv2] [D] [thread 91872] [42.0] [cxt 0] Deparsing header 'ethernet'
[00:36:40.504] [bmv2] [D] [thread 91872] [42.0] [cxt 0] Deparsing header 'ipv6'
[00:36:40.504] [bmv2] [D] [thread 91872] [42.0] [cxt 0] Deparser 'deparser': end
[00:36:40.504] [bmv2] [D] [thread 91876] [42.0] [cxt 0] Transmitting packet of size 90 out of port 0
[00:36:40.504] [bmv2] [D] [thread 91871] [43.0] [cxt 0] Table 'MyIngress.ipv6_lpm': miss
[00:36:40.504] [bmv2] [D] [thread 91871] [43.0] [cxt 0] Action entry is NoAction - 
[00:36:40.504] [bmv2] [T] [thread 91871] [43.0] [cxt 0] Action NoAction
[00:36:40.504] [bmv2] [D] [thread 91871] [43.0] [cxt 0] Pipeline 'ingress': end
[00:36:40.504] [bmv2] [D] [thread 91871] [43.0] [cxt 0] Egress port is 0
[00:36:40.504] [bmv2] [D] [thread 91872] [43.0] [cxt 0] Pipeline 'egress': start
[00:36:40.504] [bmv2] [T] [thread 91872] [43.0] [cxt 0] basic.p4(684) Condition "standard_metadata.mcast_grp != 0" (node_28) is false
[00:36:40.504] [bmv2] [D] [thread 91872] [43.0] [cxt 0] Pipeline 'egress': end
[00:36:40.504] [bmv2] [D] [thread 91872] [43.0] [cxt 0] Deparser 'deparser': start
[00:36:40.504] [bmv2] [T] [thread 91872] [43.0] [cxt 0] Skipping checksum 'cksum' update because condition not met
[00:36:40.504] [bmv2] [D] [thread 91872] [43.0] [cxt 0] Deparsing header 'ethernet'
[00:36:40.504] [bmv2] [D] [thread 91872] [43.0] [cxt 0] Deparsing header 'ipv6'
[00:36:40.504] [bmv2] [D] [thread 91872] [43.0] [cxt 0] Deparser 'deparser': end
[00:36:40.504] [bmv2] [D] [thread 91876] [43.0] [cxt 0] Transmitting packet of size 211 out of port 0
[00:36:40.517] [bmv2] [D] [thread 91871] [44.0] [cxt 0] Processing packet received on port 5
[00:36:40.517] [bmv2] [D] [thread 91871] [44.0] [cxt 0] Parser 'parser': start
[00:36:40.517] [bmv2] [D] [thread 91871] [44.0] [cxt 0] Parser 'parser' entering state 'start'
[00:36:40.517] [bmv2] [D] [thread 91871] [44.0] [cxt 0] Extracting header 'ethernet'
[00:36:40.517] [bmv2] [D] [thread 91871] [44.0] [cxt 0] Parser state 'start': key is 86dd
[00:36:40.517] [bmv2] [T] [thread 91871] [44.0] [cxt 0] Bytes parsed: 14
[00:36:40.517] [bmv2] [D] [thread 91871] [44.0] [cxt 0] Parser 'parser' entering state 'parse_ipv6'
[00:36:40.517] [bmv2] [D] [thread 91871] [44.0] [cxt 0] Extracting header 'ipv6'
[00:36:40.517] [bmv2] [D] [thread 91871] [44.0] [cxt 0] Parser state 'parse_ipv6': key is 00
[00:36:40.517] [bmv2] [T] [thread 91871] [44.0] [cxt 0] Bytes parsed: 54
[00:36:40.517] [bmv2] [D] [thread 91871] [44.0] [cxt 0] Parser 'parser': end
[00:36:40.517] [bmv2] [D] [thread 91871] [44.0] [cxt 0] Pipeline 'ingress': start
[00:36:40.517] [bmv2] [T] [thread 91871] [44.0] [cxt 0] basic.p4(560) Condition "hdr.ethernet.etherType == TYPE_ARP" (node_2) is false
[00:36:40.517] [bmv2] [T] [thread 91871] [44.0] [cxt 0] basic.p4(563) Condition "hdr.ethernet.etherType == TYPE_SRCROUTING" (node_4) is false
[00:36:40.517] [bmv2] [T] [thread 91871] [44.0] [cxt 0] basic.p4(576) Condition "hdr.ethernet.etherType == TYPE_YEQUDESU" (node_12) is false
[00:36:40.517] [bmv2] [T] [thread 91871] [44.0] [cxt 0] basic.p4(582) Condition "hdr.vxlan.isValid()" (node_15) is false
[00:36:40.517] [bmv2] [T] [thread 91871] [44.0] [cxt 0] basic.p4(586) Condition "hdr.ipv6.isValid()" (node_17) is true
[00:36:40.517] [bmv2] [T] [thread 91871] [44.0] [cxt 0] Applying table 'MyIngress.ipv6_lpm'
[00:36:40.517] [bmv2] [D] [thread 91871] [44.0] [cxt 0] Looking up key:
* hdr.ipv6.dstAddr    : ff020000000000000000000000000016

[00:36:40.517] [bmv2] [D] [thread 91871] [44.0] [cxt 0] Table 'MyIngress.ipv6_lpm': miss
[00:36:40.517] [bmv2] [D] [thread 91871] [44.0] [cxt 0] Action entry is NoAction - 
[00:36:40.517] [bmv2] [T] [thread 91871] [44.0] [cxt 0] Action NoAction
[00:36:40.517] [bmv2] [D] [thread 91871] [44.0] [cxt 0] Pipeline 'ingress': end
[00:36:40.517] [bmv2] [D] [thread 91871] [44.0] [cxt 0] Egress port is 0
[00:36:40.517] [bmv2] [D] [thread 91871] [45.0] [cxt 0] Processing packet received on port 4
[00:36:40.517] [bmv2] [D] [thread 91871] [45.0] [cxt 0] Parser 'parser': start
[00:36:40.517] [bmv2] [D] [thread 91871] [45.0] [cxt 0] Parser 'parser' entering state 'start'
[00:36:40.517] [bmv2] [D] [thread 91871] [45.0] [cxt 0] Extracting header 'ethernet'
[00:36:40.517] [bmv2] [D] [thread 91871] [45.0] [cxt 0] Parser state 'start': key is 86dd
[00:36:40.517] [bmv2] [T] [thread 91871] [45.0] [cxt 0] Bytes parsed: 14
[00:36:40.517] [bmv2] [D] [thread 91871] [45.0] [cxt 0] Parser 'parser' entering state 'parse_ipv6'
[00:36:40.517] [bmv2] [D] [thread 91871] [45.0] [cxt 0] Extracting header 'ipv6'
[00:36:40.517] [bmv2] [D] [thread 91871] [45.0] [cxt 0] Parser state 'parse_ipv6': key is 00
[00:36:40.517] [bmv2] [T] [thread 91871] [45.0] [cxt 0] Bytes parsed: 54
[00:36:40.518] [bmv2] [D] [thread 91871] [45.0] [cxt 0] Parser 'parser': end
[00:36:40.518] [bmv2] [D] [thread 91871] [45.0] [cxt 0] Pipeline 'ingress': start
[00:36:40.517] [bmv2] [D] [thread 91872] [44.0] [cxt 0] Pipeline 'egress': start
[00:36:40.518] [bmv2] [T] [thread 91872] [44.0] [cxt 0] basic.p4(684) Condition "standard_metadata.mcast_grp != 0" (node_28) is false
[00:36:40.518] [bmv2] [D] [thread 91872] [44.0] [cxt 0] Pipeline 'egress': end
[00:36:40.518] [bmv2] [D] [thread 91872] [44.0] [cxt 0] Deparser 'deparser': start
[00:36:40.518] [bmv2] [T] [thread 91872] [44.0] [cxt 0] Skipping checksum 'cksum' update because condition not met
[00:36:40.518] [bmv2] [T] [thread 91871] [45.0] [cxt 0] basic.p4(560) Condition "hdr.ethernet.etherType == TYPE_ARP" (node_2) is false
[00:36:40.518] [bmv2] [D] [thread 91872] [44.0] [cxt 0] Deparsing header 'ethernet'
[00:36:40.518] [bmv2] [T] [thread 91871] [45.0] [cxt 0] basic.p4(563) Condition "hdr.ethernet.etherType == TYPE_SRCROUTING" (node_4) is false
[00:36:40.518] [bmv2] [D] [thread 91872] [44.0] [cxt 0] Deparsing header 'ipv6'
[00:36:40.518] [bmv2] [T] [thread 91871] [45.0] [cxt 0] basic.p4(576) Condition "hdr.ethernet.etherType == TYPE_YEQUDESU" (node_12) is false
[00:36:40.518] [bmv2] [D] [thread 91872] [44.0] [cxt 0] Deparser 'deparser': end
[00:36:40.518] [bmv2] [T] [thread 91871] [45.0] [cxt 0] basic.p4(582) Condition "hdr.vxlan.isValid()" (node_15) is false
[00:36:40.518] [bmv2] [T] [thread 91871] [45.0] [cxt 0] basic.p4(586) Condition "hdr.ipv6.isValid()" (node_17) is true
[00:36:40.518] [bmv2] [T] [thread 91871] [45.0] [cxt 0] Applying table 'MyIngress.ipv6_lpm'
[00:36:40.518] [bmv2] [D] [thread 91876] [44.0] [cxt 0] Transmitting packet of size 110 out of port 0
[00:36:40.518] [bmv2] [D] [thread 91871] [45.0] [cxt 0] Looking up key:
* hdr.ipv6.dstAddr    : ff020000000000000000000000000016

[00:36:40.518] [bmv2] [D] [thread 91871] [45.0] [cxt 0] Table 'MyIngress.ipv6_lpm': miss
[00:36:40.518] [bmv2] [D] [thread 91871] [45.0] [cxt 0] Action entry is NoAction - 
[00:36:40.518] [bmv2] [T] [thread 91871] [45.0] [cxt 0] Action NoAction
[00:36:40.518] [bmv2] [D] [thread 91871] [45.0] [cxt 0] Pipeline 'ingress': end
[00:36:40.518] [bmv2] [D] [thread 91871] [45.0] [cxt 0] Egress port is 0
[00:36:40.518] [bmv2] [D] [thread 91872] [45.0] [cxt 0] Pipeline 'egress': start
[00:36:40.518] [bmv2] [T] [thread 91872] [45.0] [cxt 0] basic.p4(684) Condition "standard_metadata.mcast_grp != 0" (node_28) is false
[00:36:40.518] [bmv2] [D] [thread 91872] [45.0] [cxt 0] Pipeline 'egress': end
[00:36:40.518] [bmv2] [D] [thread 91872] [45.0] [cxt 0] Deparser 'deparser': start
[00:36:40.518] [bmv2] [T] [thread 91872] [45.0] [cxt 0] Skipping checksum 'cksum' update because condition not met
[00:36:40.518] [bmv2] [D] [thread 91872] [45.0] [cxt 0] Deparsing header 'ethernet'
[00:36:40.518] [bmv2] [D] [thread 91872] [45.0] [cxt 0] Deparsing header 'ipv6'
[00:36:40.518] [bmv2] [D] [thread 91872] [45.0] [cxt 0] Deparser 'deparser': end
[00:36:40.518] [bmv2] [D] [thread 91876] [45.0] [cxt 0] Transmitting packet of size 90 out of port 0
[00:36:40.526] [bmv2] [D] [thread 91871] [46.0] [cxt 0] Processing packet received on port 1
[00:36:40.526] [bmv2] [D] [thread 91871] [46.0] [cxt 0] Parser 'parser': start
[00:36:40.526] [bmv2] [D] [thread 91871] [46.0] [cxt 0] Parser 'parser' entering state 'start'
[00:36:40.526] [bmv2] [D] [thread 91871] [46.0] [cxt 0] Extracting header 'ethernet'
[00:36:40.526] [bmv2] [D] [thread 91871] [46.0] [cxt 0] Parser state 'start': key is 86dd
[00:36:40.526] [bmv2] [T] [thread 91871] [46.0] [cxt 0] Bytes parsed: 14
[00:36:40.526] [bmv2] [D] [thread 91871] [46.0] [cxt 0] Parser 'parser' entering state 'parse_ipv6'
[00:36:40.526] [bmv2] [D] [thread 91871] [46.0] [cxt 0] Extracting header 'ipv6'
[00:36:40.526] [bmv2] [D] [thread 91871] [46.0] [cxt 0] Parser state 'parse_ipv6': key is 00
[00:36:40.526] [bmv2] [T] [thread 91871] [46.0] [cxt 0] Bytes parsed: 54
[00:36:40.526] [bmv2] [D] [thread 91871] [46.0] [cxt 0] Parser 'parser': end
[00:36:40.526] [bmv2] [D] [thread 91871] [46.0] [cxt 0] Pipeline 'ingress': start
[00:36:40.526] [bmv2] [T] [thread 91871] [46.0] [cxt 0] basic.p4(560) Condition "hdr.ethernet.etherType == TYPE_ARP" (node_2) is false
[00:36:40.526] [bmv2] [T] [thread 91871] [46.0] [cxt 0] basic.p4(563) Condition "hdr.ethernet.etherType == TYPE_SRCROUTING" (node_4) is false
[00:36:40.526] [bmv2] [T] [thread 91871] [46.0] [cxt 0] basic.p4(576) Condition "hdr.ethernet.etherType == TYPE_YEQUDESU" (node_12) is false
[00:36:40.526] [bmv2] [T] [thread 91871] [46.0] [cxt 0] basic.p4(582) Condition "hdr.vxlan.isValid()" (node_15) is false
[00:36:40.526] [bmv2] [T] [thread 91871] [46.0] [cxt 0] basic.p4(586) Condition "hdr.ipv6.isValid()" (node_17) is true
[00:36:40.526] [bmv2] [T] [thread 91871] [46.0] [cxt 0] Applying table 'MyIngress.ipv6_lpm'
[00:36:40.526] [bmv2] [D] [thread 91871] [46.0] [cxt 0] Looking up key:
* hdr.ipv6.dstAddr    : ff020000000000000000000000000016

[00:36:40.526] [bmv2] [D] [thread 91871] [46.0] [cxt 0] Table 'MyIngress.ipv6_lpm': miss
[00:36:40.526] [bmv2] [D] [thread 91871] [46.0] [cxt 0] Action entry is NoAction - 
[00:36:40.526] [bmv2] [T] [thread 91871] [46.0] [cxt 0] Action NoAction
[00:36:40.526] [bmv2] [D] [thread 91871] [46.0] [cxt 0] Pipeline 'ingress': end
[00:36:40.526] [bmv2] [D] [thread 91871] [46.0] [cxt 0] Egress port is 0
[00:36:40.526] [bmv2] [D] [thread 91871] [47.0] [cxt 0] Processing packet received on port 1
[00:36:40.526] [bmv2] [D] [thread 91871] [47.0] [cxt 0] Parser 'parser': start
[00:36:40.526] [bmv2] [D] [thread 91871] [47.0] [cxt 0] Parser 'parser' entering state 'start'
[00:36:40.526] [bmv2] [D] [thread 91871] [47.0] [cxt 0] Extracting header 'ethernet'
[00:36:40.526] [bmv2] [D] [thread 91871] [47.0] [cxt 0] Parser state 'start': key is 86dd
[00:36:40.526] [bmv2] [T] [thread 91871] [47.0] [cxt 0] Bytes parsed: 14
[00:36:40.526] [bmv2] [D] [thread 91871] [47.0] [cxt 0] Parser 'parser' entering state 'parse_ipv6'
[00:36:40.526] [bmv2] [D] [thread 91871] [47.0] [cxt 0] Extracting header 'ipv6'
[00:36:40.526] [bmv2] [D] [thread 91871] [47.0] [cxt 0] Parser state 'parse_ipv6': key is 3a
[00:36:40.526] [bmv2] [T] [thread 91871] [47.0] [cxt 0] Bytes parsed: 54
[00:36:40.526] [bmv2] [D] [thread 91871] [47.0] [cxt 0] Parser 'parser': end
[00:36:40.526] [bmv2] [D] [thread 91871] [47.0] [cxt 0] Pipeline 'ingress': start
[00:36:40.526] [bmv2] [T] [thread 91871] [47.0] [cxt 0] basic.p4(560) Condition "hdr.ethernet.etherType == TYPE_ARP" (node_2) is false
[00:36:40.526] [bmv2] [T] [thread 91871] [47.0] [cxt 0] basic.p4(563) Condition "hdr.ethernet.etherType == TYPE_SRCROUTING" (node_4) is false
[00:36:40.526] [bmv2] [T] [thread 91871] [47.0] [cxt 0] basic.p4(576) Condition "hdr.ethernet.etherType == TYPE_YEQUDESU" (node_12) is false
[00:36:40.526] [bmv2] [T] [thread 91871] [47.0] [cxt 0] basic.p4(582) Condition "hdr.vxlan.isValid()" (node_15) is false
[00:36:40.526] [bmv2] [T] [thread 91871] [47.0] [cxt 0] basic.p4(586) Condition "hdr.ipv6.isValid()" (node_17) is true
[00:36:40.526] [bmv2] [T] [thread 91871] [47.0] [cxt 0] Applying table 'MyIngress.ipv6_lpm'
[00:36:40.526] [bmv2] [D] [thread 91871] [47.0] [cxt 0] Looking up key:
* hdr.ipv6.dstAddr    : ff020000000000000000000000000002

[00:36:40.526] [bmv2] [D] [thread 91871] [47.0] [cxt 0] Table 'MyIngress.ipv6_lpm': miss
[00:36:40.526] [bmv2] [D] [thread 91871] [47.0] [cxt 0] Action entry is NoAction - 
[00:36:40.526] [bmv2] [T] [thread 91871] [47.0] [cxt 0] Action NoAction
[00:36:40.526] [bmv2] [D] [thread 91871] [47.0] [cxt 0] Pipeline 'ingress': end
[00:36:40.526] [bmv2] [D] [thread 91871] [47.0] [cxt 0] Egress port is 0
[00:36:40.527] [bmv2] [D] [thread 91872] [46.0] [cxt 0] Pipeline 'egress': start
[00:36:40.527] [bmv2] [T] [thread 91872] [46.0] [cxt 0] basic.p4(684) Condition "standard_metadata.mcast_grp != 0" (node_28) is false
[00:36:40.527] [bmv2] [D] [thread 91872] [46.0] [cxt 0] Pipeline 'egress': end
[00:36:40.527] [bmv2] [D] [thread 91872] [46.0] [cxt 0] Deparser 'deparser': start
[00:36:40.527] [bmv2] [T] [thread 91872] [46.0] [cxt 0] Skipping checksum 'cksum' update because condition not met
[00:36:40.527] [bmv2] [D] [thread 91872] [46.0] [cxt 0] Deparsing header 'ethernet'
[00:36:40.527] [bmv2] [D] [thread 91872] [46.0] [cxt 0] Deparsing header 'ipv6'
[00:36:40.527] [bmv2] [D] [thread 91872] [46.0] [cxt 0] Deparser 'deparser': end
[00:36:40.527] [bmv2] [D] [thread 91872] [47.0] [cxt 0] Pipeline 'egress': start
[00:36:40.527] [bmv2] [T] [thread 91872] [47.0] [cxt 0] basic.p4(684) Condition "standard_metadata.mcast_grp != 0" (node_28) is false
[00:36:40.527] [bmv2] [D] [thread 91872] [47.0] [cxt 0] Pipeline 'egress': end
[00:36:40.527] [bmv2] [D] [thread 91872] [47.0] [cxt 0] Deparser 'deparser': start
[00:36:40.527] [bmv2] [T] [thread 91872] [47.0] [cxt 0] Skipping checksum 'cksum' update because condition not met
[00:36:40.527] [bmv2] [D] [thread 91872] [47.0] [cxt 0] Deparsing header 'ethernet'
[00:36:40.527] [bmv2] [D] [thread 91872] [47.0] [cxt 0] Deparsing header 'ipv6'
[00:36:40.527] [bmv2] [D] [thread 91872] [47.0] [cxt 0] Deparser 'deparser': end
[00:36:40.527] [bmv2] [D] [thread 91876] [46.0] [cxt 0] Transmitting packet of size 90 out of port 0
[00:36:40.527] [bmv2] [D] [thread 91876] [47.0] [cxt 0] Transmitting packet of size 70 out of port 0
[00:36:40.529] [bmv2] [D] [thread 91871] [48.0] [cxt 0] Processing packet received on port 1
[00:36:40.529] [bmv2] [D] [thread 91871] [48.0] [cxt 0] Parser 'parser': start
[00:36:40.529] [bmv2] [D] [thread 91871] [48.0] [cxt 0] Parser 'parser' entering state 'start'
[00:36:40.529] [bmv2] [D] [thread 91871] [48.0] [cxt 0] Extracting header 'ethernet'
[00:36:40.529] [bmv2] [D] [thread 91871] [48.0] [cxt 0] Parser state 'start': key is 86dd
[00:36:40.529] [bmv2] [T] [thread 91871] [48.0] [cxt 0] Bytes parsed: 14
[00:36:40.529] [bmv2] [D] [thread 91871] [48.0] [cxt 0] Parser 'parser' entering state 'parse_ipv6'
[00:36:40.529] [bmv2] [D] [thread 91871] [48.0] [cxt 0] Extracting header 'ipv6'
[00:36:40.529] [bmv2] [D] [thread 91871] [48.0] [cxt 0] Parser state 'parse_ipv6': key is 00
[00:36:40.529] [bmv2] [T] [thread 91871] [48.0] [cxt 0] Bytes parsed: 54
[00:36:40.529] [bmv2] [D] [thread 91871] [48.0] [cxt 0] Parser 'parser': end
[00:36:40.529] [bmv2] [D] [thread 91871] [48.0] [cxt 0] Pipeline 'ingress': start
[00:36:40.529] [bmv2] [T] [thread 91871] [48.0] [cxt 0] basic.p4(560) Condition "hdr.ethernet.etherType == TYPE_ARP" (node_2) is false
[00:36:40.529] [bmv2] [T] [thread 91871] [48.0] [cxt 0] basic.p4(563) Condition "hdr.ethernet.etherType == TYPE_SRCROUTING" (node_4) is false
[00:36:40.529] [bmv2] [T] [thread 91871] [48.0] [cxt 0] basic.p4(576) Condition "hdr.ethernet.etherType == TYPE_YEQUDESU" (node_12) is false
[00:36:40.529] [bmv2] [T] [thread 91871] [48.0] [cxt 0] basic.p4(582) Condition "hdr.vxlan.isValid()" (node_15) is false
[00:36:40.529] [bmv2] [T] [thread 91871] [48.0] [cxt 0] basic.p4(586) Condition "hdr.ipv6.isValid()" (node_17) is true
[00:36:40.529] [bmv2] [T] [thread 91871] [48.0] [cxt 0] Applying table 'MyIngress.ipv6_lpm'
[00:36:40.529] [bmv2] [D] [thread 91871] [48.0] [cxt 0] Looking up key:
* hdr.ipv6.dstAddr    : ff020000000000000000000000000016

[00:36:40.529] [bmv2] [D] [thread 91871] [48.0] [cxt 0] Table 'MyIngress.ipv6_lpm': miss
[00:36:40.529] [bmv2] [D] [thread 91871] [48.0] [cxt 0] Action entry is NoAction - 
[00:36:40.529] [bmv2] [T] [thread 91871] [48.0] [cxt 0] Action NoAction
[00:36:40.529] [bmv2] [D] [thread 91871] [48.0] [cxt 0] Pipeline 'ingress': end
[00:36:40.529] [bmv2] [D] [thread 91871] [48.0] [cxt 0] Egress port is 0
[00:36:40.530] [bmv2] [D] [thread 91872] [48.0] [cxt 0] Pipeline 'egress': start
[00:36:40.530] [bmv2] [T] [thread 91872] [48.0] [cxt 0] basic.p4(684) Condition "standard_metadata.mcast_grp != 0" (node_28) is false
[00:36:40.530] [bmv2] [D] [thread 91872] [48.0] [cxt 0] Pipeline 'egress': end
[00:36:40.530] [bmv2] [D] [thread 91872] [48.0] [cxt 0] Deparser 'deparser': start
[00:36:40.530] [bmv2] [T] [thread 91872] [48.0] [cxt 0] Skipping checksum 'cksum' update because condition not met
[00:36:40.530] [bmv2] [D] [thread 91872] [48.0] [cxt 0] Deparsing header 'ethernet'
[00:36:40.530] [bmv2] [D] [thread 91872] [48.0] [cxt 0] Deparsing header 'ipv6'
[00:36:40.530] [bmv2] [D] [thread 91872] [48.0] [cxt 0] Deparser 'deparser': end
[00:36:40.530] [bmv2] [D] [thread 91876] [48.0] [cxt 0] Transmitting packet of size 90 out of port 0
[00:36:40.563] [bmv2] [D] [thread 91871] [49.0] [cxt 0] Processing packet received on port 2
[00:36:40.563] [bmv2] [D] [thread 91871] [49.0] [cxt 0] Parser 'parser': start
[00:36:40.563] [bmv2] [D] [thread 91871] [49.0] [cxt 0] Parser 'parser' entering state 'start'
[00:36:40.563] [bmv2] [D] [thread 91871] [49.0] [cxt 0] Extracting header 'ethernet'
[00:36:40.563] [bmv2] [D] [thread 91871] [49.0] [cxt 0] Parser state 'start': key is 86dd
[00:36:40.563] [bmv2] [T] [thread 91871] [49.0] [cxt 0] Bytes parsed: 14
[00:36:40.563] [bmv2] [D] [thread 91871] [49.0] [cxt 0] Parser 'parser' entering state 'parse_ipv6'
[00:36:40.563] [bmv2] [D] [thread 91871] [49.0] [cxt 0] Extracting header 'ipv6'
[00:36:40.563] [bmv2] [D] [thread 91871] [49.0] [cxt 0] Parser state 'parse_ipv6': key is 11
[00:36:40.563] [bmv2] [T] [thread 91871] [49.0] [cxt 0] Bytes parsed: 54
[00:36:40.563] [bmv2] [D] [thread 91871] [49.0] [cxt 0] Parser 'parser': end
[00:36:40.563] [bmv2] [D] [thread 91871] [49.0] [cxt 0] Pipeline 'ingress': start
[00:36:40.563] [bmv2] [T] [thread 91871] [49.0] [cxt 0] basic.p4(560) Condition "hdr.ethernet.etherType == TYPE_ARP" (node_2) is false
[00:36:40.563] [bmv2] [T] [thread 91871] [49.0] [cxt 0] basic.p4(563) Condition "hdr.ethernet.etherType == TYPE_SRCROUTING" (node_4) is false
[00:36:40.563] [bmv2] [T] [thread 91871] [49.0] [cxt 0] basic.p4(576) Condition "hdr.ethernet.etherType == TYPE_YEQUDESU" (node_12) is false
[00:36:40.563] [bmv2] [T] [thread 91871] [49.0] [cxt 0] basic.p4(582) Condition "hdr.vxlan.isValid()" (node_15) is false
[00:36:40.563] [bmv2] [T] [thread 91871] [49.0] [cxt 0] basic.p4(586) Condition "hdr.ipv6.isValid()" (node_17) is true
[00:36:40.563] [bmv2] [T] [thread 91871] [49.0] [cxt 0] Applying table 'MyIngress.ipv6_lpm'
[00:36:40.563] [bmv2] [D] [thread 91871] [49.0] [cxt 0] Looking up key:
* hdr.ipv6.dstAddr    : ff0200000000000000000000000000fb

[00:36:40.563] [bmv2] [D] [thread 91871] [49.0] [cxt 0] Table 'MyIngress.ipv6_lpm': miss
[00:36:40.563] [bmv2] [D] [thread 91871] [49.0] [cxt 0] Action entry is NoAction - 
[00:36:40.563] [bmv2] [T] [thread 91871] [49.0] [cxt 0] Action NoAction
[00:36:40.563] [bmv2] [D] [thread 91871] [49.0] [cxt 0] Pipeline 'ingress': end
[00:36:40.563] [bmv2] [D] [thread 91871] [49.0] [cxt 0] Egress port is 0
[00:36:40.563] [bmv2] [D] [thread 91871] [50.0] [cxt 0] Processing packet received on port 5
[00:36:40.563] [bmv2] [D] [thread 91871] [50.0] [cxt 0] Parser 'parser': start
[00:36:40.563] [bmv2] [D] [thread 91871] [50.0] [cxt 0] Parser 'parser' entering state 'start'
[00:36:40.563] [bmv2] [D] [thread 91871] [50.0] [cxt 0] Extracting header 'ethernet'
[00:36:40.563] [bmv2] [D] [thread 91871] [50.0] [cxt 0] Parser state 'start': key is 86dd
[00:36:40.563] [bmv2] [T] [thread 91871] [50.0] [cxt 0] Bytes parsed: 14
[00:36:40.563] [bmv2] [D] [thread 91871] [50.0] [cxt 0] Parser 'parser' entering state 'parse_ipv6'
[00:36:40.563] [bmv2] [D] [thread 91871] [50.0] [cxt 0] Extracting header 'ipv6'
[00:36:40.563] [bmv2] [D] [thread 91871] [50.0] [cxt 0] Parser state 'parse_ipv6': key is 11
[00:36:40.563] [bmv2] [T] [thread 91871] [50.0] [cxt 0] Bytes parsed: 54
[00:36:40.563] [bmv2] [D] [thread 91871] [50.0] [cxt 0] Parser 'parser': end
[00:36:40.563] [bmv2] [D] [thread 91871] [50.0] [cxt 0] Pipeline 'ingress': start
[00:36:40.563] [bmv2] [T] [thread 91871] [50.0] [cxt 0] basic.p4(560) Condition "hdr.ethernet.etherType == TYPE_ARP" (node_2) is false
[00:36:40.563] [bmv2] [T] [thread 91871] [50.0] [cxt 0] basic.p4(563) Condition "hdr.ethernet.etherType == TYPE_SRCROUTING" (node_4) is false
[00:36:40.563] [bmv2] [T] [thread 91871] [50.0] [cxt 0] basic.p4(576) Condition "hdr.ethernet.etherType == TYPE_YEQUDESU" (node_12) is false
[00:36:40.563] [bmv2] [D] [thread 91872] [49.0] [cxt 0] Pipeline 'egress': start
[00:36:40.563] [bmv2] [T] [thread 91872] [49.0] [cxt 0] basic.p4(684) Condition "standard_metadata.mcast_grp != 0" (node_28) is false
[00:36:40.563] [bmv2] [D] [thread 91872] [49.0] [cxt 0] Pipeline 'egress': end
[00:36:40.563] [bmv2] [D] [thread 91872] [49.0] [cxt 0] Deparser 'deparser': start
[00:36:40.563] [bmv2] [T] [thread 91871] [50.0] [cxt 0] basic.p4(582) Condition "hdr.vxlan.isValid()" (node_15) is false
[00:36:40.563] [bmv2] [T] [thread 91872] [49.0] [cxt 0] Skipping checksum 'cksum' update because condition not met
[00:36:40.563] [bmv2] [T] [thread 91871] [50.0] [cxt 0] basic.p4(586) Condition "hdr.ipv6.isValid()" (node_17) is true
[00:36:40.563] [bmv2] [D] [thread 91872] [49.0] [cxt 0] Deparsing header 'ethernet'
[00:36:40.563] [bmv2] [T] [thread 91871] [50.0] [cxt 0] Applying table 'MyIngress.ipv6_lpm'
[00:36:40.563] [bmv2] [D] [thread 91872] [49.0] [cxt 0] Deparsing header 'ipv6'
[00:36:40.563] [bmv2] [D] [thread 91872] [49.0] [cxt 0] Deparser 'deparser': end
[00:36:40.563] [bmv2] [D] [thread 91871] [50.0] [cxt 0] Looking up key:
* hdr.ipv6.dstAddr    : ff0200000000000000000000000000fb

[00:36:40.563] [bmv2] [D] [thread 91871] [50.0] [cxt 0] Table 'MyIngress.ipv6_lpm': miss
[00:36:40.563] [bmv2] [D] [thread 91876] [49.0] [cxt 0] Transmitting packet of size 203 out of port 0
[00:36:40.563] [bmv2] [D] [thread 91871] [50.0] [cxt 0] Action entry is NoAction - 
[00:36:40.563] [bmv2] [T] [thread 91871] [50.0] [cxt 0] Action NoAction
[00:36:40.563] [bmv2] [D] [thread 91871] [50.0] [cxt 0] Pipeline 'ingress': end
[00:36:40.563] [bmv2] [D] [thread 91871] [50.0] [cxt 0] Egress port is 0
[00:36:40.563] [bmv2] [D] [thread 91872] [50.0] [cxt 0] Pipeline 'egress': start
[00:36:40.563] [bmv2] [T] [thread 91872] [50.0] [cxt 0] basic.p4(684) Condition "standard_metadata.mcast_grp != 0" (node_28) is false
[00:36:40.563] [bmv2] [D] [thread 91872] [50.0] [cxt 0] Pipeline 'egress': end
[00:36:40.563] [bmv2] [D] [thread 91872] [50.0] [cxt 0] Deparser 'deparser': start
[00:36:40.563] [bmv2] [T] [thread 91872] [50.0] [cxt 0] Skipping checksum 'cksum' update because condition not met
[00:36:40.563] [bmv2] [D] [thread 91872] [50.0] [cxt 0] Deparsing header 'ethernet'
[00:36:40.563] [bmv2] [D] [thread 91872] [50.0] [cxt 0] Deparsing header 'ipv6'
[00:36:40.563] [bmv2] [D] [thread 91872] [50.0] [cxt 0] Deparser 'deparser': end
[00:36:40.563] [bmv2] [D] [thread 91876] [50.0] [cxt 0] Transmitting packet of size 203 out of port 0
[00:36:40.567] [bmv2] [D] [thread 91871] [51.0] [cxt 0] Processing packet received on port 5
[00:36:40.567] [bmv2] [D] [thread 91871] [51.0] [cxt 0] Parser 'parser': start
[00:36:40.567] [bmv2] [D] [thread 91871] [51.0] [cxt 0] Parser 'parser' entering state 'start'
[00:36:40.567] [bmv2] [D] [thread 91871] [51.0] [cxt 0] Extracting header 'ethernet'
[00:36:40.567] [bmv2] [D] [thread 91871] [51.0] [cxt 0] Parser state 'start': key is 86dd
[00:36:40.567] [bmv2] [T] [thread 91871] [51.0] [cxt 0] Bytes parsed: 14
[00:36:40.567] [bmv2] [D] [thread 91871] [51.0] [cxt 0] Parser 'parser' entering state 'parse_ipv6'
[00:36:40.567] [bmv2] [D] [thread 91871] [51.0] [cxt 0] Extracting header 'ipv6'
[00:36:40.567] [bmv2] [D] [thread 91871] [51.0] [cxt 0] Parser state 'parse_ipv6': key is 11
[00:36:40.567] [bmv2] [T] [thread 91871] [51.0] [cxt 0] Bytes parsed: 54
[00:36:40.567] [bmv2] [D] [thread 91871] [51.0] [cxt 0] Parser 'parser': end
[00:36:40.567] [bmv2] [D] [thread 91871] [51.0] [cxt 0] Pipeline 'ingress': start
[00:36:40.567] [bmv2] [T] [thread 91871] [51.0] [cxt 0] basic.p4(560) Condition "hdr.ethernet.etherType == TYPE_ARP" (node_2) is false
[00:36:40.567] [bmv2] [T] [thread 91871] [51.0] [cxt 0] basic.p4(563) Condition "hdr.ethernet.etherType == TYPE_SRCROUTING" (node_4) is false
[00:36:40.567] [bmv2] [T] [thread 91871] [51.0] [cxt 0] basic.p4(576) Condition "hdr.ethernet.etherType == TYPE_YEQUDESU" (node_12) is false
[00:36:40.567] [bmv2] [T] [thread 91871] [51.0] [cxt 0] basic.p4(582) Condition "hdr.vxlan.isValid()" (node_15) is false
[00:36:40.567] [bmv2] [T] [thread 91871] [51.0] [cxt 0] basic.p4(586) Condition "hdr.ipv6.isValid()" (node_17) is true
[00:36:40.567] [bmv2] [T] [thread 91871] [51.0] [cxt 0] Applying table 'MyIngress.ipv6_lpm'
[00:36:40.567] [bmv2] [D] [thread 91871] [51.0] [cxt 0] Looking up key:
* hdr.ipv6.dstAddr    : ff0200000000000000000000000000fb

[00:36:40.567] [bmv2] [D] [thread 91871] [51.0] [cxt 0] Table 'MyIngress.ipv6_lpm': miss
[00:36:40.567] [bmv2] [D] [thread 91871] [51.0] [cxt 0] Action entry is NoAction - 
[00:36:40.567] [bmv2] [T] [thread 91871] [51.0] [cxt 0] Action NoAction
[00:36:40.567] [bmv2] [D] [thread 91871] [51.0] [cxt 0] Pipeline 'ingress': end
[00:36:40.567] [bmv2] [D] [thread 91871] [51.0] [cxt 0] Egress port is 0
[00:36:40.567] [bmv2] [D] [thread 91872] [51.0] [cxt 0] Pipeline 'egress': start
[00:36:40.567] [bmv2] [T] [thread 91872] [51.0] [cxt 0] basic.p4(684) Condition "standard_metadata.mcast_grp != 0" (node_28) is false
[00:36:40.567] [bmv2] [D] [thread 91872] [51.0] [cxt 0] Pipeline 'egress': end
[00:36:40.567] [bmv2] [D] [thread 91872] [51.0] [cxt 0] Deparser 'deparser': start
[00:36:40.567] [bmv2] [T] [thread 91872] [51.0] [cxt 0] Skipping checksum 'cksum' update because condition not met
[00:36:40.567] [bmv2] [D] [thread 91872] [51.0] [cxt 0] Deparsing header 'ethernet'
[00:36:40.567] [bmv2] [D] [thread 91872] [51.0] [cxt 0] Deparsing header 'ipv6'
[00:36:40.567] [bmv2] [D] [thread 91872] [51.0] [cxt 0] Deparser 'deparser': end
[00:36:40.567] [bmv2] [D] [thread 91876] [51.0] [cxt 0] Transmitting packet of size 211 out of port 0
[00:36:40.571] [bmv2] [D] [thread 91871] [52.0] [cxt 0] Processing packet received on port 3
[00:36:40.571] [bmv2] [D] [thread 91871] [52.0] [cxt 0] Parser 'parser': start
[00:36:40.571] [bmv2] [D] [thread 91871] [52.0] [cxt 0] Parser 'parser' entering state 'start'
[00:36:40.571] [bmv2] [D] [thread 91871] [52.0] [cxt 0] Extracting header 'ethernet'
[00:36:40.571] [bmv2] [D] [thread 91871] [52.0] [cxt 0] Parser state 'start': key is 86dd
[00:36:40.571] [bmv2] [T] [thread 91871] [52.0] [cxt 0] Bytes parsed: 14
[00:36:40.571] [bmv2] [D] [thread 91871] [52.0] [cxt 0] Parser 'parser' entering state 'parse_ipv6'
[00:36:40.571] [bmv2] [D] [thread 91871] [52.0] [cxt 0] Extracting header 'ipv6'
[00:36:40.571] [bmv2] [D] [thread 91871] [52.0] [cxt 0] Parser state 'parse_ipv6': key is 11
[00:36:40.571] [bmv2] [T] [thread 91871] [52.0] [cxt 0] Bytes parsed: 54
[00:36:40.571] [bmv2] [D] [thread 91871] [52.0] [cxt 0] Parser 'parser': end
[00:36:40.571] [bmv2] [D] [thread 91871] [52.0] [cxt 0] Pipeline 'ingress': start
[00:36:40.571] [bmv2] [T] [thread 91871] [52.0] [cxt 0] basic.p4(560) Condition "hdr.ethernet.etherType == TYPE_ARP" (node_2) is false
[00:36:40.571] [bmv2] [T] [thread 91871] [52.0] [cxt 0] basic.p4(563) Condition "hdr.ethernet.etherType == TYPE_SRCROUTING" (node_4) is false
[00:36:40.571] [bmv2] [T] [thread 91871] [52.0] [cxt 0] basic.p4(576) Condition "hdr.ethernet.etherType == TYPE_YEQUDESU" (node_12) is false
[00:36:40.571] [bmv2] [T] [thread 91871] [52.0] [cxt 0] basic.p4(582) Condition "hdr.vxlan.isValid()" (node_15) is false
[00:36:40.571] [bmv2] [T] [thread 91871] [52.0] [cxt 0] basic.p4(586) Condition "hdr.ipv6.isValid()" (node_17) is true
[00:36:40.571] [bmv2] [T] [thread 91871] [52.0] [cxt 0] Applying table 'MyIngress.ipv6_lpm'
[00:36:40.571] [bmv2] [D] [thread 91871] [52.0] [cxt 0] Looking up key:
* hdr.ipv6.dstAddr    : ff0200000000000000000000000000fb

[00:36:40.571] [bmv2] [D] [thread 91871] [52.0] [cxt 0] Table 'MyIngress.ipv6_lpm': miss
[00:36:40.571] [bmv2] [D] [thread 91871] [52.0] [cxt 0] Action entry is NoAction - 
[00:36:40.571] [bmv2] [T] [thread 91871] [52.0] [cxt 0] Action NoAction
[00:36:40.571] [bmv2] [D] [thread 91871] [52.0] [cxt 0] Pipeline 'ingress': end
[00:36:40.571] [bmv2] [D] [thread 91871] [52.0] [cxt 0] Egress port is 0
[00:36:40.571] [bmv2] [D] [thread 91872] [52.0] [cxt 0] Pipeline 'egress': start
[00:36:40.571] [bmv2] [T] [thread 91872] [52.0] [cxt 0] basic.p4(684) Condition "standard_metadata.mcast_grp != 0" (node_28) is false
[00:36:40.571] [bmv2] [D] [thread 91872] [52.0] [cxt 0] Pipeline 'egress': end
[00:36:40.571] [bmv2] [D] [thread 91872] [52.0] [cxt 0] Deparser 'deparser': start
[00:36:40.571] [bmv2] [T] [thread 91872] [52.0] [cxt 0] Skipping checksum 'cksum' update because condition not met
[00:36:40.571] [bmv2] [D] [thread 91872] [52.0] [cxt 0] Deparsing header 'ethernet'
[00:36:40.571] [bmv2] [D] [thread 91872] [52.0] [cxt 0] Deparsing header 'ipv6'
[00:36:40.571] [bmv2] [D] [thread 91872] [52.0] [cxt 0] Deparser 'deparser': end
[00:36:40.571] [bmv2] [D] [thread 91876] [52.0] [cxt 0] Transmitting packet of size 199 out of port 0
[00:36:40.573] [bmv2] [D] [thread 91871] [53.0] [cxt 0] Processing packet received on port 2
[00:36:40.573] [bmv2] [D] [thread 91871] [53.0] [cxt 0] Parser 'parser': start
[00:36:40.573] [bmv2] [D] [thread 91871] [53.0] [cxt 0] Parser 'parser' entering state 'start'
[00:36:40.573] [bmv2] [D] [thread 91871] [53.0] [cxt 0] Extracting header 'ethernet'
[00:36:40.573] [bmv2] [D] [thread 91871] [53.0] [cxt 0] Parser state 'start': key is 86dd
[00:36:40.573] [bmv2] [T] [thread 91871] [53.0] [cxt 0] Bytes parsed: 14
[00:36:40.573] [bmv2] [D] [thread 91871] [53.0] [cxt 0] Parser 'parser' entering state 'parse_ipv6'
[00:36:40.573] [bmv2] [D] [thread 91871] [53.0] [cxt 0] Extracting header 'ipv6'
[00:36:40.573] [bmv2] [D] [thread 91871] [53.0] [cxt 0] Parser state 'parse_ipv6': key is 11
[00:36:40.573] [bmv2] [T] [thread 91871] [53.0] [cxt 0] Bytes parsed: 54
[00:36:40.573] [bmv2] [D] [thread 91871] [53.0] [cxt 0] Parser 'parser': end
[00:36:40.573] [bmv2] [D] [thread 91871] [53.0] [cxt 0] Pipeline 'ingress': start
[00:36:40.573] [bmv2] [T] [thread 91871] [53.0] [cxt 0] basic.p4(560) Condition "hdr.ethernet.etherType == TYPE_ARP" (node_2) is false
[00:36:40.573] [bmv2] [T] [thread 91871] [53.0] [cxt 0] basic.p4(563) Condition "hdr.ethernet.etherType == TYPE_SRCROUTING" (node_4) is false
[00:36:40.573] [bmv2] [T] [thread 91871] [53.0] [cxt 0] basic.p4(576) Condition "hdr.ethernet.etherType == TYPE_YEQUDESU" (node_12) is false
[00:36:40.573] [bmv2] [T] [thread 91871] [53.0] [cxt 0] basic.p4(582) Condition "hdr.vxlan.isValid()" (node_15) is false
[00:36:40.573] [bmv2] [T] [thread 91871] [53.0] [cxt 0] basic.p4(586) Condition "hdr.ipv6.isValid()" (node_17) is true
[00:36:40.573] [bmv2] [T] [thread 91871] [53.0] [cxt 0] Applying table 'MyIngress.ipv6_lpm'
[00:36:40.573] [bmv2] [D] [thread 91871] [53.0] [cxt 0] Looking up key:
* hdr.ipv6.dstAddr    : ff0200000000000000000000000000fb

[00:36:40.573] [bmv2] [D] [thread 91871] [53.0] [cxt 0] Table 'MyIngress.ipv6_lpm': miss
[00:36:40.573] [bmv2] [D] [thread 91871] [53.0] [cxt 0] Action entry is NoAction - 
[00:36:40.573] [bmv2] [T] [thread 91871] [53.0] [cxt 0] Action NoAction
[00:36:40.573] [bmv2] [D] [thread 91871] [53.0] [cxt 0] Pipeline 'ingress': end
[00:36:40.573] [bmv2] [D] [thread 91871] [53.0] [cxt 0] Egress port is 0
[00:36:40.573] [bmv2] [D] [thread 91871] [54.0] [cxt 0] Processing packet received on port 5
[00:36:40.573] [bmv2] [D] [thread 91871] [54.0] [cxt 0] Parser 'parser': start
[00:36:40.573] [bmv2] [D] [thread 91871] [54.0] [cxt 0] Parser 'parser' entering state 'start'
[00:36:40.573] [bmv2] [D] [thread 91871] [54.0] [cxt 0] Extracting header 'ethernet'
[00:36:40.573] [bmv2] [D] [thread 91871] [54.0] [cxt 0] Parser state 'start': key is 86dd
[00:36:40.573] [bmv2] [T] [thread 91871] [54.0] [cxt 0] Bytes parsed: 14
[00:36:40.573] [bmv2] [D] [thread 91871] [54.0] [cxt 0] Parser 'parser' entering state 'parse_ipv6'
[00:36:40.573] [bmv2] [D] [thread 91871] [54.0] [cxt 0] Extracting header 'ipv6'
[00:36:40.573] [bmv2] [D] [thread 91871] [54.0] [cxt 0] Parser state 'parse_ipv6': key is 11
[00:36:40.573] [bmv2] [T] [thread 91871] [54.0] [cxt 0] Bytes parsed: 54
[00:36:40.573] [bmv2] [D] [thread 91871] [54.0] [cxt 0] Parser 'parser': end
[00:36:40.573] [bmv2] [D] [thread 91871] [54.0] [cxt 0] Pipeline 'ingress': start
[00:36:40.573] [bmv2] [T] [thread 91871] [54.0] [cxt 0] basic.p4(560) Condition "hdr.ethernet.etherType == TYPE_ARP" (node_2) is false
[00:36:40.573] [bmv2] [T] [thread 91871] [54.0] [cxt 0] basic.p4(563) Condition "hdr.ethernet.etherType == TYPE_SRCROUTING" (node_4) is false
[00:36:40.573] [bmv2] [T] [thread 91871] [54.0] [cxt 0] basic.p4(576) Condition "hdr.ethernet.etherType == TYPE_YEQUDESU" (node_12) is false
[00:36:40.573] [bmv2] [T] [thread 91871] [54.0] [cxt 0] basic.p4(582) Condition "hdr.vxlan.isValid()" (node_15) is false
[00:36:40.573] [bmv2] [T] [thread 91871] [54.0] [cxt 0] basic.p4(586) Condition "hdr.ipv6.isValid()" (node_17) is true
[00:36:40.573] [bmv2] [T] [thread 91871] [54.0] [cxt 0] Applying table 'MyIngress.ipv6_lpm'
[00:36:40.573] [bmv2] [D] [thread 91871] [54.0] [cxt 0] Looking up key:
* hdr.ipv6.dstAddr    : ff0200000000000000000000000000fb

[00:36:40.573] [bmv2] [D] [thread 91871] [54.0] [cxt 0] Table 'MyIngress.ipv6_lpm': miss
[00:36:40.573] [bmv2] [D] [thread 91871] [54.0] [cxt 0] Action entry is NoAction - 
[00:36:40.573] [bmv2] [T] [thread 91871] [54.0] [cxt 0] Action NoAction
[00:36:40.573] [bmv2] [D] [thread 91871] [54.0] [cxt 0] Pipeline 'ingress': end
[00:36:40.573] [bmv2] [D] [thread 91871] [54.0] [cxt 0] Egress port is 0
[00:36:40.573] [bmv2] [D] [thread 91872] [53.0] [cxt 0] Pipeline 'egress': start
[00:36:40.573] [bmv2] [T] [thread 91872] [53.0] [cxt 0] basic.p4(684) Condition "standard_metadata.mcast_grp != 0" (node_28) is false
[00:36:40.573] [bmv2] [D] [thread 91872] [53.0] [cxt 0] Pipeline 'egress': end
[00:36:40.573] [bmv2] [D] [thread 91872] [53.0] [cxt 0] Deparser 'deparser': start
[00:36:40.573] [bmv2] [T] [thread 91872] [53.0] [cxt 0] Skipping checksum 'cksum' update because condition not met
[00:36:40.573] [bmv2] [D] [thread 91872] [53.0] [cxt 0] Deparsing header 'ethernet'
[00:36:40.573] [bmv2] [D] [thread 91872] [53.0] [cxt 0] Deparsing header 'ipv6'
[00:36:40.573] [bmv2] [D] [thread 91872] [53.0] [cxt 0] Deparser 'deparser': end
[00:36:40.574] [bmv2] [D] [thread 91872] [54.0] [cxt 0] Pipeline 'egress': start
[00:36:40.574] [bmv2] [T] [thread 91872] [54.0] [cxt 0] basic.p4(684) Condition "standard_metadata.mcast_grp != 0" (node_28) is false
[00:36:40.574] [bmv2] [D] [thread 91872] [54.0] [cxt 0] Pipeline 'egress': end
[00:36:40.574] [bmv2] [D] [thread 91872] [54.0] [cxt 0] Deparser 'deparser': start
[00:36:40.574] [bmv2] [T] [thread 91872] [54.0] [cxt 0] Skipping checksum 'cksum' update because condition not met
[00:36:40.574] [bmv2] [D] [thread 91872] [54.0] [cxt 0] Deparsing header 'ethernet'
[00:36:40.574] [bmv2] [D] [thread 91872] [54.0] [cxt 0] Deparsing header 'ipv6'
[00:36:40.574] [bmv2] [D] [thread 91872] [54.0] [cxt 0] Deparser 'deparser': end
[00:36:40.574] [bmv2] [D] [thread 91876] [53.0] [cxt 0] Transmitting packet of size 211 out of port 0
[00:36:40.574] [bmv2] [D] [thread 91876] [54.0] [cxt 0] Transmitting packet of size 211 out of port 0
[00:36:40.626] [bmv2] [D] [thread 91871] [55.0] [cxt 0] Processing packet received on port 1
[00:36:40.626] [bmv2] [D] [thread 91871] [55.0] [cxt 0] Parser 'parser': start
[00:36:40.626] [bmv2] [D] [thread 91871] [55.0] [cxt 0] Parser 'parser' entering state 'start'
[00:36:40.626] [bmv2] [D] [thread 91871] [55.0] [cxt 0] Extracting header 'ethernet'
[00:36:40.626] [bmv2] [D] [thread 91871] [55.0] [cxt 0] Parser state 'start': key is 86dd
[00:36:40.626] [bmv2] [T] [thread 91871] [55.0] [cxt 0] Bytes parsed: 14
[00:36:40.626] [bmv2] [D] [thread 91871] [55.0] [cxt 0] Parser 'parser' entering state 'parse_ipv6'
[00:36:40.626] [bmv2] [D] [thread 91871] [55.0] [cxt 0] Extracting header 'ipv6'
[00:36:40.626] [bmv2] [D] [thread 91871] [55.0] [cxt 0] Parser state 'parse_ipv6': key is 11
[00:36:40.626] [bmv2] [T] [thread 91871] [55.0] [cxt 0] Bytes parsed: 54
[00:36:40.626] [bmv2] [D] [thread 91871] [55.0] [cxt 0] Parser 'parser': end
[00:36:40.626] [bmv2] [D] [thread 91871] [55.0] [cxt 0] Pipeline 'ingress': start
[00:36:40.626] [bmv2] [T] [thread 91871] [55.0] [cxt 0] basic.p4(560) Condition "hdr.ethernet.etherType == TYPE_ARP" (node_2) is false
[00:36:40.626] [bmv2] [T] [thread 91871] [55.0] [cxt 0] basic.p4(563) Condition "hdr.ethernet.etherType == TYPE_SRCROUTING" (node_4) is false
[00:36:40.626] [bmv2] [T] [thread 91871] [55.0] [cxt 0] basic.p4(576) Condition "hdr.ethernet.etherType == TYPE_YEQUDESU" (node_12) is false
[00:36:40.626] [bmv2] [T] [thread 91871] [55.0] [cxt 0] basic.p4(582) Condition "hdr.vxlan.isValid()" (node_15) is false
[00:36:40.626] [bmv2] [T] [thread 91871] [55.0] [cxt 0] basic.p4(586) Condition "hdr.ipv6.isValid()" (node_17) is true
[00:36:40.626] [bmv2] [T] [thread 91871] [55.0] [cxt 0] Applying table 'MyIngress.ipv6_lpm'
[00:36:40.626] [bmv2] [D] [thread 91871] [55.0] [cxt 0] Looking up key:
* hdr.ipv6.dstAddr    : ff0200000000000000000000000000fb

[00:36:40.626] [bmv2] [D] [thread 91871] [55.0] [cxt 0] Table 'MyIngress.ipv6_lpm': miss
[00:36:40.626] [bmv2] [D] [thread 91871] [55.0] [cxt 0] Action entry is NoAction - 
[00:36:40.626] [bmv2] [T] [thread 91871] [55.0] [cxt 0] Action NoAction
[00:36:40.626] [bmv2] [D] [thread 91871] [55.0] [cxt 0] Pipeline 'ingress': end
[00:36:40.626] [bmv2] [D] [thread 91871] [55.0] [cxt 0] Egress port is 0
[00:36:40.626] [bmv2] [D] [thread 91871] [56.0] [cxt 0] Processing packet received on port 4
[00:36:40.626] [bmv2] [D] [thread 91871] [56.0] [cxt 0] Parser 'parser': start
[00:36:40.626] [bmv2] [D] [thread 91871] [56.0] [cxt 0] Parser 'parser' entering state 'start'
[00:36:40.626] [bmv2] [D] [thread 91871] [56.0] [cxt 0] Extracting header 'ethernet'
[00:36:40.626] [bmv2] [D] [thread 91871] [56.0] [cxt 0] Parser state 'start': key is 86dd
[00:36:40.626] [bmv2] [T] [thread 91871] [56.0] [cxt 0] Bytes parsed: 14
[00:36:40.626] [bmv2] [D] [thread 91871] [56.0] [cxt 0] Parser 'parser' entering state 'parse_ipv6'
[00:36:40.626] [bmv2] [D] [thread 91871] [56.0] [cxt 0] Extracting header 'ipv6'
[00:36:40.626] [bmv2] [D] [thread 91871] [56.0] [cxt 0] Parser state 'parse_ipv6': key is 11
[00:36:40.626] [bmv2] [T] [thread 91871] [56.0] [cxt 0] Bytes parsed: 54
[00:36:40.626] [bmv2] [D] [thread 91871] [56.0] [cxt 0] Parser 'parser': end
[00:36:40.626] [bmv2] [D] [thread 91871] [56.0] [cxt 0] Pipeline 'ingress': start
[00:36:40.626] [bmv2] [T] [thread 91871] [56.0] [cxt 0] basic.p4(560) Condition "hdr.ethernet.etherType == TYPE_ARP" (node_2) is false
[00:36:40.626] [bmv2] [T] [thread 91871] [56.0] [cxt 0] basic.p4(563) Condition "hdr.ethernet.etherType == TYPE_SRCROUTING" (node_4) is false
[00:36:40.626] [bmv2] [T] [thread 91871] [56.0] [cxt 0] basic.p4(576) Condition "hdr.ethernet.etherType == TYPE_YEQUDESU" (node_12) is false
[00:36:40.626] [bmv2] [T] [thread 91871] [56.0] [cxt 0] basic.p4(582) Condition "hdr.vxlan.isValid()" (node_15) is false
[00:36:40.626] [bmv2] [T] [thread 91871] [56.0] [cxt 0] basic.p4(586) Condition "hdr.ipv6.isValid()" (node_17) is true
[00:36:40.626] [bmv2] [T] [thread 91871] [56.0] [cxt 0] Applying table 'MyIngress.ipv6_lpm'
[00:36:40.626] [bmv2] [D] [thread 91871] [56.0] [cxt 0] Looking up key:
* hdr.ipv6.dstAddr    : ff0200000000000000000000000000fb

[00:36:40.626] [bmv2] [D] [thread 91871] [56.0] [cxt 0] Table 'MyIngress.ipv6_lpm': miss
[00:36:40.626] [bmv2] [D] [thread 91871] [56.0] [cxt 0] Action entry is NoAction - 
[00:36:40.626] [bmv2] [T] [thread 91871] [56.0] [cxt 0] Action NoAction
[00:36:40.626] [bmv2] [D] [thread 91871] [56.0] [cxt 0] Pipeline 'ingress': end
[00:36:40.626] [bmv2] [D] [thread 91871] [56.0] [cxt 0] Egress port is 0
[00:36:40.627] [bmv2] [D] [thread 91872] [55.0] [cxt 0] Pipeline 'egress': start
[00:36:40.627] [bmv2] [T] [thread 91872] [55.0] [cxt 0] basic.p4(684) Condition "standard_metadata.mcast_grp != 0" (node_28) is false
[00:36:40.627] [bmv2] [D] [thread 91872] [55.0] [cxt 0] Pipeline 'egress': end
[00:36:40.627] [bmv2] [D] [thread 91872] [55.0] [cxt 0] Deparser 'deparser': start
[00:36:40.627] [bmv2] [T] [thread 91872] [55.0] [cxt 0] Skipping checksum 'cksum' update because condition not met
[00:36:40.627] [bmv2] [D] [thread 91872] [55.0] [cxt 0] Deparsing header 'ethernet'
[00:36:40.627] [bmv2] [D] [thread 91872] [55.0] [cxt 0] Deparsing header 'ipv6'
[00:36:40.627] [bmv2] [D] [thread 91872] [55.0] [cxt 0] Deparser 'deparser': end
[00:36:40.627] [bmv2] [D] [thread 91872] [56.0] [cxt 0] Pipeline 'egress': start
[00:36:40.627] [bmv2] [T] [thread 91872] [56.0] [cxt 0] basic.p4(684) Condition "standard_metadata.mcast_grp != 0" (node_28) is false
[00:36:40.627] [bmv2] [D] [thread 91872] [56.0] [cxt 0] Pipeline 'egress': end
[00:36:40.627] [bmv2] [D] [thread 91872] [56.0] [cxt 0] Deparser 'deparser': start
[00:36:40.627] [bmv2] [T] [thread 91872] [56.0] [cxt 0] Skipping checksum 'cksum' update because condition not met
[00:36:40.627] [bmv2] [D] [thread 91872] [56.0] [cxt 0] Deparsing header 'ethernet'
[00:36:40.627] [bmv2] [D] [thread 91872] [56.0] [cxt 0] Deparsing header 'ipv6'
[00:36:40.627] [bmv2] [D] [thread 91872] [56.0] [cxt 0] Deparser 'deparser': end
[00:36:40.627] [bmv2] [D] [thread 91876] [55.0] [cxt 0] Transmitting packet of size 203 out of port 0
[00:36:40.627] [bmv2] [D] [thread 91876] [56.0] [cxt 0] Transmitting packet of size 211 out of port 0
[00:36:40.637] [bmv2] [D] [thread 91871] [57.0] [cxt 0] Processing packet received on port 2
[00:36:40.637] [bmv2] [D] [thread 91871] [57.0] [cxt 0] Parser 'parser': start
[00:36:40.637] [bmv2] [D] [thread 91871] [57.0] [cxt 0] Parser 'parser' entering state 'start'
[00:36:40.637] [bmv2] [D] [thread 91871] [57.0] [cxt 0] Extracting header 'ethernet'
[00:36:40.637] [bmv2] [D] [thread 91871] [57.0] [cxt 0] Parser state 'start': key is 86dd
[00:36:40.637] [bmv2] [T] [thread 91871] [57.0] [cxt 0] Bytes parsed: 14
[00:36:40.637] [bmv2] [D] [thread 91871] [57.0] [cxt 0] Parser 'parser' entering state 'parse_ipv6'
[00:36:40.637] [bmv2] [D] [thread 91871] [57.0] [cxt 0] Extracting header 'ipv6'
[00:36:40.637] [bmv2] [D] [thread 91871] [57.0] [cxt 0] Parser state 'parse_ipv6': key is 00
[00:36:40.637] [bmv2] [T] [thread 91871] [57.0] [cxt 0] Bytes parsed: 54
[00:36:40.637] [bmv2] [D] [thread 91871] [57.0] [cxt 0] Parser 'parser': end
[00:36:40.637] [bmv2] [D] [thread 91871] [57.0] [cxt 0] Pipeline 'ingress': start
[00:36:40.637] [bmv2] [T] [thread 91871] [57.0] [cxt 0] basic.p4(560) Condition "hdr.ethernet.etherType == TYPE_ARP" (node_2) is false
[00:36:40.637] [bmv2] [T] [thread 91871] [57.0] [cxt 0] basic.p4(563) Condition "hdr.ethernet.etherType == TYPE_SRCROUTING" (node_4) is false
[00:36:40.637] [bmv2] [T] [thread 91871] [57.0] [cxt 0] basic.p4(576) Condition "hdr.ethernet.etherType == TYPE_YEQUDESU" (node_12) is false
[00:36:40.637] [bmv2] [T] [thread 91871] [57.0] [cxt 0] basic.p4(582) Condition "hdr.vxlan.isValid()" (node_15) is false
[00:36:40.637] [bmv2] [T] [thread 91871] [57.0] [cxt 0] basic.p4(586) Condition "hdr.ipv6.isValid()" (node_17) is true
[00:36:40.637] [bmv2] [T] [thread 91871] [57.0] [cxt 0] Applying table 'MyIngress.ipv6_lpm'
[00:36:40.637] [bmv2] [D] [thread 91871] [57.0] [cxt 0] Looking up key:
* hdr.ipv6.dstAddr    : ff020000000000000000000000000016

[00:36:40.637] [bmv2] [D] [thread 91871] [57.0] [cxt 0] Table 'MyIngress.ipv6_lpm': miss
[00:36:40.637] [bmv2] [D] [thread 91871] [57.0] [cxt 0] Action entry is NoAction - 
[00:36:40.637] [bmv2] [T] [thread 91871] [57.0] [cxt 0] Action NoAction
[00:36:40.637] [bmv2] [D] [thread 91871] [57.0] [cxt 0] Pipeline 'ingress': end
[00:36:40.637] [bmv2] [D] [thread 91871] [57.0] [cxt 0] Egress port is 0
[00:36:40.638] [bmv2] [D] [thread 91872] [57.0] [cxt 0] Pipeline 'egress': start
[00:36:40.638] [bmv2] [T] [thread 91872] [57.0] [cxt 0] basic.p4(684) Condition "standard_metadata.mcast_grp != 0" (node_28) is false
[00:36:40.638] [bmv2] [D] [thread 91872] [57.0] [cxt 0] Pipeline 'egress': end
[00:36:40.638] [bmv2] [D] [thread 91872] [57.0] [cxt 0] Deparser 'deparser': start
[00:36:40.638] [bmv2] [T] [thread 91872] [57.0] [cxt 0] Skipping checksum 'cksum' update because condition not met
[00:36:40.638] [bmv2] [D] [thread 91872] [57.0] [cxt 0] Deparsing header 'ethernet'
[00:36:40.638] [bmv2] [D] [thread 91872] [57.0] [cxt 0] Deparsing header 'ipv6'
[00:36:40.638] [bmv2] [D] [thread 91872] [57.0] [cxt 0] Deparser 'deparser': end
[00:36:40.638] [bmv2] [D] [thread 91876] [57.0] [cxt 0] Transmitting packet of size 90 out of port 0
[00:36:40.638] [bmv2] [D] [thread 91871] [58.0] [cxt 0] Processing packet received on port 1
[00:36:40.638] [bmv2] [D] [thread 91871] [58.0] [cxt 0] Parser 'parser': start
[00:36:40.638] [bmv2] [D] [thread 91871] [58.0] [cxt 0] Parser 'parser' entering state 'start'
[00:36:40.638] [bmv2] [D] [thread 91871] [58.0] [cxt 0] Extracting header 'ethernet'
[00:36:40.638] [bmv2] [D] [thread 91871] [58.0] [cxt 0] Parser state 'start': key is 86dd
[00:36:40.638] [bmv2] [T] [thread 91871] [58.0] [cxt 0] Bytes parsed: 14
[00:36:40.638] [bmv2] [D] [thread 91871] [58.0] [cxt 0] Parser 'parser' entering state 'parse_ipv6'
[00:36:40.638] [bmv2] [D] [thread 91871] [58.0] [cxt 0] Extracting header 'ipv6'
[00:36:40.638] [bmv2] [D] [thread 91871] [58.0] [cxt 0] Parser state 'parse_ipv6': key is 11
[00:36:40.638] [bmv2] [T] [thread 91871] [58.0] [cxt 0] Bytes parsed: 54
[00:36:40.638] [bmv2] [D] [thread 91871] [58.0] [cxt 0] Parser 'parser': end
[00:36:40.638] [bmv2] [D] [thread 91871] [58.0] [cxt 0] Pipeline 'ingress': start
[00:36:40.638] [bmv2] [T] [thread 91871] [58.0] [cxt 0] basic.p4(560) Condition "hdr.ethernet.etherType == TYPE_ARP" (node_2) is false
[00:36:40.638] [bmv2] [T] [thread 91871] [58.0] [cxt 0] basic.p4(563) Condition "hdr.ethernet.etherType == TYPE_SRCROUTING" (node_4) is false
[00:36:40.638] [bmv2] [T] [thread 91871] [58.0] [cxt 0] basic.p4(576) Condition "hdr.ethernet.etherType == TYPE_YEQUDESU" (node_12) is false
[00:36:40.638] [bmv2] [T] [thread 91871] [58.0] [cxt 0] basic.p4(582) Condition "hdr.vxlan.isValid()" (node_15) is false
[00:36:40.638] [bmv2] [T] [thread 91871] [58.0] [cxt 0] basic.p4(586) Condition "hdr.ipv6.isValid()" (node_17) is true
[00:36:40.638] [bmv2] [T] [thread 91871] [58.0] [cxt 0] Applying table 'MyIngress.ipv6_lpm'
[00:36:40.638] [bmv2] [D] [thread 91871] [58.0] [cxt 0] Looking up key:
* hdr.ipv6.dstAddr    : ff0200000000000000000000000000fb

[00:36:40.638] [bmv2] [D] [thread 91871] [58.0] [cxt 0] Table 'MyIngress.ipv6_lpm': miss
[00:36:40.638] [bmv2] [D] [thread 91871] [58.0] [cxt 0] Action entry is NoAction - 
[00:36:40.638] [bmv2] [T] [thread 91871] [58.0] [cxt 0] Action NoAction
[00:36:40.638] [bmv2] [D] [thread 91871] [58.0] [cxt 0] Pipeline 'ingress': end
[00:36:40.638] [bmv2] [D] [thread 91871] [58.0] [cxt 0] Egress port is 0
[00:36:40.638] [bmv2] [D] [thread 91872] [58.0] [cxt 0] Pipeline 'egress': start
[00:36:40.638] [bmv2] [T] [thread 91872] [58.0] [cxt 0] basic.p4(684) Condition "standard_metadata.mcast_grp != 0" (node_28) is false
[00:36:40.638] [bmv2] [D] [thread 91872] [58.0] [cxt 0] Pipeline 'egress': end
[00:36:40.638] [bmv2] [D] [thread 91872] [58.0] [cxt 0] Deparser 'deparser': start
[00:36:40.638] [bmv2] [T] [thread 91872] [58.0] [cxt 0] Skipping checksum 'cksum' update because condition not met
[00:36:40.638] [bmv2] [D] [thread 91872] [58.0] [cxt 0] Deparsing header 'ethernet'
[00:36:40.638] [bmv2] [D] [thread 91872] [58.0] [cxt 0] Deparsing header 'ipv6'
[00:36:40.638] [bmv2] [D] [thread 91872] [58.0] [cxt 0] Deparser 'deparser': end
[00:36:40.639] [bmv2] [D] [thread 91876] [58.0] [cxt 0] Transmitting packet of size 211 out of port 0
[00:36:40.654] [bmv2] [D] [thread 91871] [59.0] [cxt 0] Processing packet received on port 2
[00:36:40.654] [bmv2] [D] [thread 91871] [59.0] [cxt 0] Parser 'parser': start
[00:36:40.654] [bmv2] [D] [thread 91871] [59.0] [cxt 0] Parser 'parser' entering state 'start'
[00:36:40.654] [bmv2] [D] [thread 91871] [59.0] [cxt 0] Extracting header 'ethernet'
[00:36:40.654] [bmv2] [D] [thread 91871] [59.0] [cxt 0] Parser state 'start': key is 86dd
[00:36:40.654] [bmv2] [T] [thread 91871] [59.0] [cxt 0] Bytes parsed: 14
[00:36:40.654] [bmv2] [D] [thread 91871] [59.0] [cxt 0] Parser 'parser' entering state 'parse_ipv6'
[00:36:40.654] [bmv2] [D] [thread 91871] [59.0] [cxt 0] Extracting header 'ipv6'
[00:36:40.654] [bmv2] [D] [thread 91871] [59.0] [cxt 0] Parser state 'parse_ipv6': key is 00
[00:36:40.654] [bmv2] [T] [thread 91871] [59.0] [cxt 0] Bytes parsed: 54
[00:36:40.654] [bmv2] [D] [thread 91871] [59.0] [cxt 0] Parser 'parser': end
[00:36:40.654] [bmv2] [D] [thread 91871] [59.0] [cxt 0] Pipeline 'ingress': start
[00:36:40.654] [bmv2] [T] [thread 91871] [59.0] [cxt 0] basic.p4(560) Condition "hdr.ethernet.etherType == TYPE_ARP" (node_2) is false
[00:36:40.654] [bmv2] [T] [thread 91871] [59.0] [cxt 0] basic.p4(563) Condition "hdr.ethernet.etherType == TYPE_SRCROUTING" (node_4) is false
[00:36:40.654] [bmv2] [T] [thread 91871] [59.0] [cxt 0] basic.p4(576) Condition "hdr.ethernet.etherType == TYPE_YEQUDESU" (node_12) is false
[00:36:40.654] [bmv2] [T] [thread 91871] [59.0] [cxt 0] basic.p4(582) Condition "hdr.vxlan.isValid()" (node_15) is false
[00:36:40.654] [bmv2] [T] [thread 91871] [59.0] [cxt 0] basic.p4(586) Condition "hdr.ipv6.isValid()" (node_17) is true
[00:36:40.654] [bmv2] [T] [thread 91871] [59.0] [cxt 0] Applying table 'MyIngress.ipv6_lpm'
[00:36:40.654] [bmv2] [D] [thread 91871] [59.0] [cxt 0] Looking up key:
* hdr.ipv6.dstAddr    : ff020000000000000000000000000016

[00:36:40.654] [bmv2] [D] [thread 91871] [59.0] [cxt 0] Table 'MyIngress.ipv6_lpm': miss
[00:36:40.654] [bmv2] [D] [thread 91871] [59.0] [cxt 0] Action entry is NoAction - 
[00:36:40.654] [bmv2] [T] [thread 91871] [59.0] [cxt 0] Action NoAction
[00:36:40.654] [bmv2] [D] [thread 91871] [59.0] [cxt 0] Pipeline 'ingress': end
[00:36:40.654] [bmv2] [D] [thread 91871] [59.0] [cxt 0] Egress port is 0
[00:36:40.654] [bmv2] [D] [thread 91871] [60.0] [cxt 0] Processing packet received on port 2
[00:36:40.654] [bmv2] [D] [thread 91871] [60.0] [cxt 0] Parser 'parser': start
[00:36:40.654] [bmv2] [D] [thread 91871] [60.0] [cxt 0] Parser 'parser' entering state 'start'
[00:36:40.654] [bmv2] [D] [thread 91871] [60.0] [cxt 0] Extracting header 'ethernet'
[00:36:40.654] [bmv2] [D] [thread 91871] [60.0] [cxt 0] Parser state 'start': key is 86dd
[00:36:40.654] [bmv2] [T] [thread 91871] [60.0] [cxt 0] Bytes parsed: 14
[00:36:40.654] [bmv2] [D] [thread 91871] [60.0] [cxt 0] Parser 'parser' entering state 'parse_ipv6'
[00:36:40.654] [bmv2] [D] [thread 91871] [60.0] [cxt 0] Extracting header 'ipv6'
[00:36:40.654] [bmv2] [D] [thread 91871] [60.0] [cxt 0] Parser state 'parse_ipv6': key is 3a
[00:36:40.654] [bmv2] [T] [thread 91871] [60.0] [cxt 0] Bytes parsed: 54
[00:36:40.654] [bmv2] [D] [thread 91871] [60.0] [cxt 0] Parser 'parser': end
[00:36:40.654] [bmv2] [D] [thread 91871] [60.0] [cxt 0] Pipeline 'ingress': start
[00:36:40.654] [bmv2] [T] [thread 91871] [60.0] [cxt 0] basic.p4(560) Condition "hdr.ethernet.etherType == TYPE_ARP" (node_2) is false
[00:36:40.654] [bmv2] [T] [thread 91871] [60.0] [cxt 0] basic.p4(563) Condition "hdr.ethernet.etherType == TYPE_SRCROUTING" (node_4) is false
[00:36:40.654] [bmv2] [T] [thread 91871] [60.0] [cxt 0] basic.p4(576) Condition "hdr.ethernet.etherType == TYPE_YEQUDESU" (node_12) is false
[00:36:40.654] [bmv2] [T] [thread 91871] [60.0] [cxt 0] basic.p4(582) Condition "hdr.vxlan.isValid()" (node_15) is false
[00:36:40.654] [bmv2] [T] [thread 91871] [60.0] [cxt 0] basic.p4(586) Condition "hdr.ipv6.isValid()" (node_17) is true
[00:36:40.654] [bmv2] [T] [thread 91871] [60.0] [cxt 0] Applying table 'MyIngress.ipv6_lpm'
[00:36:40.654] [bmv2] [D] [thread 91872] [59.0] [cxt 0] Pipeline 'egress': start
[00:36:40.654] [bmv2] [T] [thread 91872] [59.0] [cxt 0] basic.p4(684) Condition "standard_metadata.mcast_grp != 0" (node_28) is false
[00:36:40.654] [bmv2] [D] [thread 91872] [59.0] [cxt 0] Pipeline 'egress': end
[00:36:40.654] [bmv2] [D] [thread 91872] [59.0] [cxt 0] Deparser 'deparser': start
[00:36:40.654] [bmv2] [T] [thread 91872] [59.0] [cxt 0] Skipping checksum 'cksum' update because condition not met
[00:36:40.654] [bmv2] [D] [thread 91872] [59.0] [cxt 0] Deparsing header 'ethernet'
[00:36:40.654] [bmv2] [D] [thread 91872] [59.0] [cxt 0] Deparsing header 'ipv6'
[00:36:40.654] [bmv2] [D] [thread 91871] [60.0] [cxt 0] Looking up key:
* hdr.ipv6.dstAddr    : ff020000000000000000000000000002

[00:36:40.654] [bmv2] [D] [thread 91871] [60.0] [cxt 0] Table 'MyIngress.ipv6_lpm': miss
[00:36:40.654] [bmv2] [D] [thread 91871] [60.0] [cxt 0] Action entry is NoAction - 
[00:36:40.654] [bmv2] [T] [thread 91871] [60.0] [cxt 0] Action NoAction
[00:36:40.654] [bmv2] [D] [thread 91871] [60.0] [cxt 0] Pipeline 'ingress': end
[00:36:40.654] [bmv2] [D] [thread 91871] [60.0] [cxt 0] Egress port is 0
[00:36:40.654] [bmv2] [D] [thread 91872] [59.0] [cxt 0] Deparser 'deparser': end
[00:36:40.654] [bmv2] [D] [thread 91872] [60.0] [cxt 0] Pipeline 'egress': start
[00:36:40.654] [bmv2] [T] [thread 91872] [60.0] [cxt 0] basic.p4(684) Condition "standard_metadata.mcast_grp != 0" (node_28) is false
[00:36:40.654] [bmv2] [D] [thread 91872] [60.0] [cxt 0] Pipeline 'egress': end
[00:36:40.654] [bmv2] [D] [thread 91872] [60.0] [cxt 0] Deparser 'deparser': start
[00:36:40.654] [bmv2] [T] [thread 91872] [60.0] [cxt 0] Skipping checksum 'cksum' update because condition not met
[00:36:40.654] [bmv2] [D] [thread 91872] [60.0] [cxt 0] Deparsing header 'ethernet'
[00:36:40.654] [bmv2] [D] [thread 91872] [60.0] [cxt 0] Deparsing header 'ipv6'
[00:36:40.654] [bmv2] [D] [thread 91872] [60.0] [cxt 0] Deparser 'deparser': end
[00:36:40.654] [bmv2] [D] [thread 91876] [59.0] [cxt 0] Transmitting packet of size 90 out of port 0
[00:36:40.654] [bmv2] [D] [thread 91876] [60.0] [cxt 0] Transmitting packet of size 70 out of port 0
[00:36:40.656] [bmv2] [D] [thread 91871] [61.0] [cxt 0] Processing packet received on port 2
[00:36:40.656] [bmv2] [D] [thread 91871] [61.0] [cxt 0] Parser 'parser': start
[00:36:40.656] [bmv2] [D] [thread 91871] [61.0] [cxt 0] Parser 'parser' entering state 'start'
[00:36:40.656] [bmv2] [D] [thread 91871] [61.0] [cxt 0] Extracting header 'ethernet'
[00:36:40.656] [bmv2] [D] [thread 91871] [61.0] [cxt 0] Parser state 'start': key is 86dd
[00:36:40.656] [bmv2] [T] [thread 91871] [61.0] [cxt 0] Bytes parsed: 14
[00:36:40.656] [bmv2] [D] [thread 91871] [61.0] [cxt 0] Parser 'parser' entering state 'parse_ipv6'
[00:36:40.656] [bmv2] [D] [thread 91871] [61.0] [cxt 0] Extracting header 'ipv6'
[00:36:40.656] [bmv2] [D] [thread 91871] [61.0] [cxt 0] Parser state 'parse_ipv6': key is 00
[00:36:40.656] [bmv2] [T] [thread 91871] [61.0] [cxt 0] Bytes parsed: 54
[00:36:40.656] [bmv2] [D] [thread 91871] [61.0] [cxt 0] Parser 'parser': end
[00:36:40.656] [bmv2] [D] [thread 91871] [61.0] [cxt 0] Pipeline 'ingress': start
[00:36:40.656] [bmv2] [T] [thread 91871] [61.0] [cxt 0] basic.p4(560) Condition "hdr.ethernet.etherType == TYPE_ARP" (node_2) is false
[00:36:40.656] [bmv2] [T] [thread 91871] [61.0] [cxt 0] basic.p4(563) Condition "hdr.ethernet.etherType == TYPE_SRCROUTING" (node_4) is false
[00:36:40.656] [bmv2] [T] [thread 91871] [61.0] [cxt 0] basic.p4(576) Condition "hdr.ethernet.etherType == TYPE_YEQUDESU" (node_12) is false
[00:36:40.656] [bmv2] [T] [thread 91871] [61.0] [cxt 0] basic.p4(582) Condition "hdr.vxlan.isValid()" (node_15) is false
[00:36:40.656] [bmv2] [T] [thread 91871] [61.0] [cxt 0] basic.p4(586) Condition "hdr.ipv6.isValid()" (node_17) is true
[00:36:40.657] [bmv2] [T] [thread 91871] [61.0] [cxt 0] Applying table 'MyIngress.ipv6_lpm'
[00:36:40.657] [bmv2] [D] [thread 91871] [61.0] [cxt 0] Looking up key:
* hdr.ipv6.dstAddr    : ff020000000000000000000000000016

[00:36:40.657] [bmv2] [D] [thread 91871] [61.0] [cxt 0] Table 'MyIngress.ipv6_lpm': miss
[00:36:40.657] [bmv2] [D] [thread 91871] [61.0] [cxt 0] Action entry is NoAction - 
[00:36:40.657] [bmv2] [T] [thread 91871] [61.0] [cxt 0] Action NoAction
[00:36:40.657] [bmv2] [D] [thread 91871] [61.0] [cxt 0] Pipeline 'ingress': end
[00:36:40.657] [bmv2] [D] [thread 91871] [61.0] [cxt 0] Egress port is 0
[00:36:40.657] [bmv2] [D] [thread 91872] [61.0] [cxt 0] Pipeline 'egress': start
[00:36:40.657] [bmv2] [T] [thread 91872] [61.0] [cxt 0] basic.p4(684) Condition "standard_metadata.mcast_grp != 0" (node_28) is false
[00:36:40.657] [bmv2] [D] [thread 91872] [61.0] [cxt 0] Pipeline 'egress': end
[00:36:40.657] [bmv2] [D] [thread 91872] [61.0] [cxt 0] Deparser 'deparser': start
[00:36:40.657] [bmv2] [T] [thread 91872] [61.0] [cxt 0] Skipping checksum 'cksum' update because condition not met
[00:36:40.657] [bmv2] [D] [thread 91872] [61.0] [cxt 0] Deparsing header 'ethernet'
[00:36:40.657] [bmv2] [D] [thread 91872] [61.0] [cxt 0] Deparsing header 'ipv6'
[00:36:40.657] [bmv2] [D] [thread 91872] [61.0] [cxt 0] Deparser 'deparser': end
[00:36:40.657] [bmv2] [D] [thread 91876] [61.0] [cxt 0] Transmitting packet of size 90 out of port 0
[00:36:40.691] [bmv2] [D] [thread 91871] [62.0] [cxt 0] Processing packet received on port 3
[00:36:40.691] [bmv2] [D] [thread 91871] [62.0] [cxt 0] Parser 'parser': start
[00:36:40.691] [bmv2] [D] [thread 91871] [62.0] [cxt 0] Parser 'parser' entering state 'start'
[00:36:40.691] [bmv2] [D] [thread 91871] [62.0] [cxt 0] Extracting header 'ethernet'
[00:36:40.691] [bmv2] [D] [thread 91871] [62.0] [cxt 0] Parser state 'start': key is 86dd
[00:36:40.691] [bmv2] [T] [thread 91871] [62.0] [cxt 0] Bytes parsed: 14
[00:36:40.691] [bmv2] [D] [thread 91871] [62.0] [cxt 0] Parser 'parser' entering state 'parse_ipv6'
[00:36:40.691] [bmv2] [D] [thread 91871] [62.0] [cxt 0] Extracting header 'ipv6'
[00:36:40.691] [bmv2] [D] [thread 91871] [62.0] [cxt 0] Parser state 'parse_ipv6': key is 11
[00:36:40.691] [bmv2] [T] [thread 91871] [62.0] [cxt 0] Bytes parsed: 54
[00:36:40.691] [bmv2] [D] [thread 91871] [62.0] [cxt 0] Parser 'parser': end
[00:36:40.691] [bmv2] [D] [thread 91871] [62.0] [cxt 0] Pipeline 'ingress': start
[00:36:40.691] [bmv2] [T] [thread 91871] [62.0] [cxt 0] basic.p4(560) Condition "hdr.ethernet.etherType == TYPE_ARP" (node_2) is false
[00:36:40.691] [bmv2] [T] [thread 91871] [62.0] [cxt 0] basic.p4(563) Condition "hdr.ethernet.etherType == TYPE_SRCROUTING" (node_4) is false
[00:36:40.691] [bmv2] [T] [thread 91871] [62.0] [cxt 0] basic.p4(576) Condition "hdr.ethernet.etherType == TYPE_YEQUDESU" (node_12) is false
[00:36:40.691] [bmv2] [T] [thread 91871] [62.0] [cxt 0] basic.p4(582) Condition "hdr.vxlan.isValid()" (node_15) is false
[00:36:40.691] [bmv2] [T] [thread 91871] [62.0] [cxt 0] basic.p4(586) Condition "hdr.ipv6.isValid()" (node_17) is true
[00:36:40.691] [bmv2] [T] [thread 91871] [62.0] [cxt 0] Applying table 'MyIngress.ipv6_lpm'
[00:36:40.691] [bmv2] [D] [thread 91871] [62.0] [cxt 0] Looking up key:
* hdr.ipv6.dstAddr    : ff0200000000000000000000000000fb

[00:36:40.691] [bmv2] [D] [thread 91871] [62.0] [cxt 0] Table 'MyIngress.ipv6_lpm': miss
[00:36:40.691] [bmv2] [D] [thread 91871] [62.0] [cxt 0] Action entry is NoAction - 
[00:36:40.691] [bmv2] [T] [thread 91871] [62.0] [cxt 0] Action NoAction
[00:36:40.691] [bmv2] [D] [thread 91871] [62.0] [cxt 0] Pipeline 'ingress': end
[00:36:40.691] [bmv2] [D] [thread 91871] [62.0] [cxt 0] Egress port is 0
[00:36:40.692] [bmv2] [D] [thread 91872] [62.0] [cxt 0] Pipeline 'egress': start
[00:36:40.692] [bmv2] [T] [thread 91872] [62.0] [cxt 0] basic.p4(684) Condition "standard_metadata.mcast_grp != 0" (node_28) is false
[00:36:40.692] [bmv2] [D] [thread 91872] [62.0] [cxt 0] Pipeline 'egress': end
[00:36:40.692] [bmv2] [D] [thread 91872] [62.0] [cxt 0] Deparser 'deparser': start
[00:36:40.692] [bmv2] [T] [thread 91872] [62.0] [cxt 0] Skipping checksum 'cksum' update because condition not met
[00:36:40.692] [bmv2] [D] [thread 91872] [62.0] [cxt 0] Deparsing header 'ethernet'
[00:36:40.692] [bmv2] [D] [thread 91872] [62.0] [cxt 0] Deparsing header 'ipv6'
[00:36:40.692] [bmv2] [D] [thread 91872] [62.0] [cxt 0] Deparser 'deparser': end
[00:36:40.692] [bmv2] [D] [thread 91876] [62.0] [cxt 0] Transmitting packet of size 211 out of port 0
[00:36:40.754] [bmv2] [D] [thread 91871] [63.0] [cxt 0] Processing packet received on port 2
[00:36:40.754] [bmv2] [D] [thread 91871] [63.0] [cxt 0] Parser 'parser': start
[00:36:40.754] [bmv2] [D] [thread 91871] [63.0] [cxt 0] Parser 'parser' entering state 'start'
[00:36:40.754] [bmv2] [D] [thread 91871] [63.0] [cxt 0] Extracting header 'ethernet'
[00:36:40.754] [bmv2] [D] [thread 91871] [63.0] [cxt 0] Parser state 'start': key is 86dd
[00:36:40.754] [bmv2] [T] [thread 91871] [63.0] [cxt 0] Bytes parsed: 14
[00:36:40.754] [bmv2] [D] [thread 91871] [63.0] [cxt 0] Parser 'parser' entering state 'parse_ipv6'
[00:36:40.754] [bmv2] [D] [thread 91871] [63.0] [cxt 0] Extracting header 'ipv6'
[00:36:40.754] [bmv2] [D] [thread 91871] [63.0] [cxt 0] Parser state 'parse_ipv6': key is 11
[00:36:40.754] [bmv2] [T] [thread 91871] [63.0] [cxt 0] Bytes parsed: 54
[00:36:40.754] [bmv2] [D] [thread 91871] [63.0] [cxt 0] Parser 'parser': end
[00:36:40.754] [bmv2] [D] [thread 91871] [63.0] [cxt 0] Pipeline 'ingress': start
[00:36:40.754] [bmv2] [T] [thread 91871] [63.0] [cxt 0] basic.p4(560) Condition "hdr.ethernet.etherType == TYPE_ARP" (node_2) is false
[00:36:40.754] [bmv2] [T] [thread 91871] [63.0] [cxt 0] basic.p4(563) Condition "hdr.ethernet.etherType == TYPE_SRCROUTING" (node_4) is false
[00:36:40.754] [bmv2] [T] [thread 91871] [63.0] [cxt 0] basic.p4(576) Condition "hdr.ethernet.etherType == TYPE_YEQUDESU" (node_12) is false
[00:36:40.755] [bmv2] [T] [thread 91871] [63.0] [cxt 0] basic.p4(582) Condition "hdr.vxlan.isValid()" (node_15) is false
[00:36:40.755] [bmv2] [T] [thread 91871] [63.0] [cxt 0] basic.p4(586) Condition "hdr.ipv6.isValid()" (node_17) is true
[00:36:40.755] [bmv2] [T] [thread 91871] [63.0] [cxt 0] Applying table 'MyIngress.ipv6_lpm'
[00:36:40.755] [bmv2] [D] [thread 91871] [63.0] [cxt 0] Looking up key:
* hdr.ipv6.dstAddr    : ff0200000000000000000000000000fb

[00:36:40.755] [bmv2] [D] [thread 91871] [63.0] [cxt 0] Table 'MyIngress.ipv6_lpm': miss
[00:36:40.755] [bmv2] [D] [thread 91871] [63.0] [cxt 0] Action entry is NoAction - 
[00:36:40.755] [bmv2] [T] [thread 91871] [63.0] [cxt 0] Action NoAction
[00:36:40.755] [bmv2] [D] [thread 91871] [63.0] [cxt 0] Pipeline 'ingress': end
[00:36:40.755] [bmv2] [D] [thread 91871] [63.0] [cxt 0] Egress port is 0
[00:36:40.755] [bmv2] [D] [thread 91871] [64.0] [cxt 0] Processing packet received on port 4
[00:36:40.755] [bmv2] [D] [thread 91871] [64.0] [cxt 0] Parser 'parser': start
[00:36:40.755] [bmv2] [D] [thread 91871] [64.0] [cxt 0] Parser 'parser' entering state 'start'
[00:36:40.755] [bmv2] [D] [thread 91871] [64.0] [cxt 0] Extracting header 'ethernet'
[00:36:40.755] [bmv2] [D] [thread 91871] [64.0] [cxt 0] Parser state 'start': key is 86dd
[00:36:40.755] [bmv2] [T] [thread 91871] [64.0] [cxt 0] Bytes parsed: 14
[00:36:40.755] [bmv2] [D] [thread 91871] [64.0] [cxt 0] Parser 'parser' entering state 'parse_ipv6'
[00:36:40.755] [bmv2] [D] [thread 91871] [64.0] [cxt 0] Extracting header 'ipv6'
[00:36:40.755] [bmv2] [D] [thread 91871] [64.0] [cxt 0] Parser state 'parse_ipv6': key is 11
[00:36:40.755] [bmv2] [T] [thread 91871] [64.0] [cxt 0] Bytes parsed: 54
[00:36:40.755] [bmv2] [D] [thread 91871] [64.0] [cxt 0] Parser 'parser': end
[00:36:40.755] [bmv2] [D] [thread 91872] [63.0] [cxt 0] Pipeline 'egress': start
[00:36:40.755] [bmv2] [T] [thread 91872] [63.0] [cxt 0] basic.p4(684) Condition "standard_metadata.mcast_grp != 0" (node_28) is false
[00:36:40.755] [bmv2] [D] [thread 91872] [63.0] [cxt 0] Pipeline 'egress': end
[00:36:40.755] [bmv2] [D] [thread 91872] [63.0] [cxt 0] Deparser 'deparser': start
[00:36:40.755] [bmv2] [T] [thread 91872] [63.0] [cxt 0] Skipping checksum 'cksum' update because condition not met
[00:36:40.755] [bmv2] [D] [thread 91872] [63.0] [cxt 0] Deparsing header 'ethernet'
[00:36:40.755] [bmv2] [D] [thread 91871] [64.0] [cxt 0] Pipeline 'ingress': start
[00:36:40.755] [bmv2] [T] [thread 91871] [64.0] [cxt 0] basic.p4(560) Condition "hdr.ethernet.etherType == TYPE_ARP" (node_2) is false
[00:36:40.755] [bmv2] [T] [thread 91871] [64.0] [cxt 0] basic.p4(563) Condition "hdr.ethernet.etherType == TYPE_SRCROUTING" (node_4) is false
[00:36:40.755] [bmv2] [T] [thread 91871] [64.0] [cxt 0] basic.p4(576) Condition "hdr.ethernet.etherType == TYPE_YEQUDESU" (node_12) is false
[00:36:40.755] [bmv2] [T] [thread 91871] [64.0] [cxt 0] basic.p4(582) Condition "hdr.vxlan.isValid()" (node_15) is false
[00:36:40.755] [bmv2] [T] [thread 91871] [64.0] [cxt 0] basic.p4(586) Condition "hdr.ipv6.isValid()" (node_17) is true
[00:36:40.755] [bmv2] [T] [thread 91871] [64.0] [cxt 0] Applying table 'MyIngress.ipv6_lpm'
[00:36:40.755] [bmv2] [D] [thread 91871] [64.0] [cxt 0] Looking up key:
* hdr.ipv6.dstAddr    : ff0200000000000000000000000000fb

[00:36:40.755] [bmv2] [D] [thread 91871] [64.0] [cxt 0] Table 'MyIngress.ipv6_lpm': miss
[00:36:40.755] [bmv2] [D] [thread 91871] [64.0] [cxt 0] Action entry is NoAction - 
[00:36:40.755] [bmv2] [T] [thread 91871] [64.0] [cxt 0] Action NoAction
[00:36:40.755] [bmv2] [D] [thread 91871] [64.0] [cxt 0] Pipeline 'ingress': end
[00:36:40.755] [bmv2] [D] [thread 91871] [64.0] [cxt 0] Egress port is 0
[00:36:40.755] [bmv2] [D] [thread 91872] [63.0] [cxt 0] Deparsing header 'ipv6'
[00:36:40.755] [bmv2] [D] [thread 91872] [63.0] [cxt 0] Deparser 'deparser': end
[00:36:40.755] [bmv2] [D] [thread 91872] [64.0] [cxt 0] Pipeline 'egress': start
[00:36:40.755] [bmv2] [T] [thread 91872] [64.0] [cxt 0] basic.p4(684) Condition "standard_metadata.mcast_grp != 0" (node_28) is false
[00:36:40.755] [bmv2] [D] [thread 91872] [64.0] [cxt 0] Pipeline 'egress': end
[00:36:40.755] [bmv2] [D] [thread 91872] [64.0] [cxt 0] Deparser 'deparser': start
[00:36:40.755] [bmv2] [T] [thread 91872] [64.0] [cxt 0] Skipping checksum 'cksum' update because condition not met
[00:36:40.755] [bmv2] [D] [thread 91876] [63.0] [cxt 0] Transmitting packet of size 203 out of port 0
[00:36:40.755] [bmv2] [D] [thread 91872] [64.0] [cxt 0] Deparsing header 'ethernet'
[00:36:40.755] [bmv2] [D] [thread 91872] [64.0] [cxt 0] Deparsing header 'ipv6'
[00:36:40.755] [bmv2] [D] [thread 91872] [64.0] [cxt 0] Deparser 'deparser': end
[00:36:40.755] [bmv2] [D] [thread 91876] [64.0] [cxt 0] Transmitting packet of size 211 out of port 0
[00:36:40.765] [bmv2] [D] [thread 91871] [65.0] [cxt 0] Processing packet received on port 2
[00:36:40.765] [bmv2] [D] [thread 91871] [65.0] [cxt 0] Parser 'parser': start
[00:36:40.765] [bmv2] [D] [thread 91871] [65.0] [cxt 0] Parser 'parser' entering state 'start'
[00:36:40.765] [bmv2] [D] [thread 91871] [65.0] [cxt 0] Extracting header 'ethernet'
[00:36:40.765] [bmv2] [D] [thread 91871] [65.0] [cxt 0] Parser state 'start': key is 86dd
[00:36:40.765] [bmv2] [T] [thread 91871] [65.0] [cxt 0] Bytes parsed: 14
[00:36:40.765] [bmv2] [D] [thread 91871] [65.0] [cxt 0] Parser 'parser' entering state 'parse_ipv6'
[00:36:40.765] [bmv2] [D] [thread 91871] [65.0] [cxt 0] Extracting header 'ipv6'
[00:36:40.765] [bmv2] [D] [thread 91871] [65.0] [cxt 0] Parser state 'parse_ipv6': key is 11
[00:36:40.765] [bmv2] [T] [thread 91871] [65.0] [cxt 0] Bytes parsed: 54
[00:36:40.765] [bmv2] [D] [thread 91871] [65.0] [cxt 0] Parser 'parser': end
[00:36:40.765] [bmv2] [D] [thread 91871] [65.0] [cxt 0] Pipeline 'ingress': start
[00:36:40.765] [bmv2] [T] [thread 91871] [65.0] [cxt 0] basic.p4(560) Condition "hdr.ethernet.etherType == TYPE_ARP" (node_2) is false
[00:36:40.765] [bmv2] [T] [thread 91871] [65.0] [cxt 0] basic.p4(563) Condition "hdr.ethernet.etherType == TYPE_SRCROUTING" (node_4) is false
[00:36:40.765] [bmv2] [T] [thread 91871] [65.0] [cxt 0] basic.p4(576) Condition "hdr.ethernet.etherType == TYPE_YEQUDESU" (node_12) is false
[00:36:40.765] [bmv2] [T] [thread 91871] [65.0] [cxt 0] basic.p4(582) Condition "hdr.vxlan.isValid()" (node_15) is false
[00:36:40.765] [bmv2] [T] [thread 91871] [65.0] [cxt 0] basic.p4(586) Condition "hdr.ipv6.isValid()" (node_17) is true
[00:36:40.765] [bmv2] [T] [thread 91871] [65.0] [cxt 0] Applying table 'MyIngress.ipv6_lpm'
[00:36:40.765] [bmv2] [D] [thread 91871] [65.0] [cxt 0] Looking up key:
* hdr.ipv6.dstAddr    : ff0200000000000000000000000000fb

[00:36:40.765] [bmv2] [D] [thread 91871] [65.0] [cxt 0] Table 'MyIngress.ipv6_lpm': miss
[00:36:40.765] [bmv2] [D] [thread 91871] [65.0] [cxt 0] Action entry is NoAction - 
[00:36:40.765] [bmv2] [T] [thread 91871] [65.0] [cxt 0] Action NoAction
[00:36:40.765] [bmv2] [D] [thread 91871] [65.0] [cxt 0] Pipeline 'ingress': end
[00:36:40.765] [bmv2] [D] [thread 91871] [65.0] [cxt 0] Egress port is 0
[00:36:40.765] [bmv2] [D] [thread 91872] [65.0] [cxt 0] Pipeline 'egress': start
[00:36:40.765] [bmv2] [T] [thread 91872] [65.0] [cxt 0] basic.p4(684) Condition "standard_metadata.mcast_grp != 0" (node_28) is false
[00:36:40.765] [bmv2] [D] [thread 91872] [65.0] [cxt 0] Pipeline 'egress': end
[00:36:40.765] [bmv2] [D] [thread 91872] [65.0] [cxt 0] Deparser 'deparser': start
[00:36:40.765] [bmv2] [T] [thread 91872] [65.0] [cxt 0] Skipping checksum 'cksum' update because condition not met
[00:36:40.765] [bmv2] [D] [thread 91872] [65.0] [cxt 0] Deparsing header 'ethernet'
[00:36:40.765] [bmv2] [D] [thread 91872] [65.0] [cxt 0] Deparsing header 'ipv6'
[00:36:40.765] [bmv2] [D] [thread 91872] [65.0] [cxt 0] Deparser 'deparser': end
[00:36:40.765] [bmv2] [D] [thread 91876] [65.0] [cxt 0] Transmitting packet of size 211 out of port 0
[00:36:40.818] [bmv2] [D] [thread 91871] [66.0] [cxt 0] Processing packet received on port 5
[00:36:40.818] [bmv2] [D] [thread 91871] [66.0] [cxt 0] Parser 'parser': start
[00:36:40.818] [bmv2] [D] [thread 91871] [66.0] [cxt 0] Parser 'parser' entering state 'start'
[00:36:40.818] [bmv2] [D] [thread 91871] [66.0] [cxt 0] Extracting header 'ethernet'
[00:36:40.818] [bmv2] [D] [thread 91871] [66.0] [cxt 0] Parser state 'start': key is 86dd
[00:36:40.818] [bmv2] [T] [thread 91871] [66.0] [cxt 0] Bytes parsed: 14
[00:36:40.818] [bmv2] [D] [thread 91871] [66.0] [cxt 0] Parser 'parser' entering state 'parse_ipv6'
[00:36:40.818] [bmv2] [D] [thread 91871] [66.0] [cxt 0] Extracting header 'ipv6'
[00:36:40.818] [bmv2] [D] [thread 91871] [66.0] [cxt 0] Parser state 'parse_ipv6': key is 11
[00:36:40.818] [bmv2] [T] [thread 91871] [66.0] [cxt 0] Bytes parsed: 54
[00:36:40.818] [bmv2] [D] [thread 91871] [66.0] [cxt 0] Parser 'parser': end
[00:36:40.818] [bmv2] [D] [thread 91871] [66.0] [cxt 0] Pipeline 'ingress': start
[00:36:40.818] [bmv2] [T] [thread 91871] [66.0] [cxt 0] basic.p4(560) Condition "hdr.ethernet.etherType == TYPE_ARP" (node_2) is false
[00:36:40.818] [bmv2] [T] [thread 91871] [66.0] [cxt 0] basic.p4(563) Condition "hdr.ethernet.etherType == TYPE_SRCROUTING" (node_4) is false
[00:36:40.818] [bmv2] [T] [thread 91871] [66.0] [cxt 0] basic.p4(576) Condition "hdr.ethernet.etherType == TYPE_YEQUDESU" (node_12) is false
[00:36:40.818] [bmv2] [T] [thread 91871] [66.0] [cxt 0] basic.p4(582) Condition "hdr.vxlan.isValid()" (node_15) is false
[00:36:40.818] [bmv2] [T] [thread 91871] [66.0] [cxt 0] basic.p4(586) Condition "hdr.ipv6.isValid()" (node_17) is true
[00:36:40.818] [bmv2] [T] [thread 91871] [66.0] [cxt 0] Applying table 'MyIngress.ipv6_lpm'
[00:36:40.818] [bmv2] [D] [thread 91871] [66.0] [cxt 0] Looking up key:
* hdr.ipv6.dstAddr    : ff0200000000000000000000000000fb

[00:36:40.818] [bmv2] [D] [thread 91871] [66.0] [cxt 0] Table 'MyIngress.ipv6_lpm': miss
[00:36:40.818] [bmv2] [D] [thread 91871] [66.0] [cxt 0] Action entry is NoAction - 
[00:36:40.818] [bmv2] [T] [thread 91871] [66.0] [cxt 0] Action NoAction
[00:36:40.818] [bmv2] [D] [thread 91871] [66.0] [cxt 0] Pipeline 'ingress': end
[00:36:40.818] [bmv2] [D] [thread 91871] [66.0] [cxt 0] Egress port is 0
[00:36:40.818] [bmv2] [D] [thread 91872] [66.0] [cxt 0] Pipeline 'egress': start
[00:36:40.818] [bmv2] [T] [thread 91872] [66.0] [cxt 0] basic.p4(684) Condition "standard_metadata.mcast_grp != 0" (node_28) is false
[00:36:40.819] [bmv2] [D] [thread 91872] [66.0] [cxt 0] Pipeline 'egress': end
[00:36:40.819] [bmv2] [D] [thread 91872] [66.0] [cxt 0] Deparser 'deparser': start
[00:36:40.819] [bmv2] [T] [thread 91872] [66.0] [cxt 0] Skipping checksum 'cksum' update because condition not met
[00:36:40.819] [bmv2] [D] [thread 91872] [66.0] [cxt 0] Deparsing header 'ethernet'
[00:36:40.819] [bmv2] [D] [thread 91872] [66.0] [cxt 0] Deparsing header 'ipv6'
[00:36:40.819] [bmv2] [D] [thread 91872] [66.0] [cxt 0] Deparser 'deparser': end
[00:36:40.819] [bmv2] [D] [thread 91876] [66.0] [cxt 0] Transmitting packet of size 211 out of port 0
[00:36:40.823] [bmv2] [D] [thread 91871] [67.0] [cxt 0] Processing packet received on port 5
[00:36:40.823] [bmv2] [D] [thread 91871] [67.0] [cxt 0] Parser 'parser': start
[00:36:40.823] [bmv2] [D] [thread 91871] [67.0] [cxt 0] Parser 'parser' entering state 'start'
[00:36:40.823] [bmv2] [D] [thread 91871] [67.0] [cxt 0] Extracting header 'ethernet'
[00:36:40.823] [bmv2] [D] [thread 91871] [67.0] [cxt 0] Parser state 'start': key is 86dd
[00:36:40.823] [bmv2] [T] [thread 91871] [67.0] [cxt 0] Bytes parsed: 14
[00:36:40.823] [bmv2] [D] [thread 91871] [67.0] [cxt 0] Parser 'parser' entering state 'parse_ipv6'
[00:36:40.823] [bmv2] [D] [thread 91871] [67.0] [cxt 0] Extracting header 'ipv6'
[00:36:40.823] [bmv2] [D] [thread 91871] [67.0] [cxt 0] Parser state 'parse_ipv6': key is 11
[00:36:40.823] [bmv2] [T] [thread 91871] [67.0] [cxt 0] Bytes parsed: 54
[00:36:40.823] [bmv2] [D] [thread 91871] [67.0] [cxt 0] Parser 'parser': end
[00:36:40.823] [bmv2] [D] [thread 91871] [67.0] [cxt 0] Pipeline 'ingress': start
[00:36:40.823] [bmv2] [T] [thread 91871] [67.0] [cxt 0] basic.p4(560) Condition "hdr.ethernet.etherType == TYPE_ARP" (node_2) is false
[00:36:40.823] [bmv2] [T] [thread 91871] [67.0] [cxt 0] basic.p4(563) Condition "hdr.ethernet.etherType == TYPE_SRCROUTING" (node_4) is false
[00:36:40.823] [bmv2] [T] [thread 91871] [67.0] [cxt 0] basic.p4(576) Condition "hdr.ethernet.etherType == TYPE_YEQUDESU" (node_12) is false
[00:36:40.823] [bmv2] [T] [thread 91871] [67.0] [cxt 0] basic.p4(582) Condition "hdr.vxlan.isValid()" (node_15) is false
[00:36:40.823] [bmv2] [T] [thread 91871] [67.0] [cxt 0] basic.p4(586) Condition "hdr.ipv6.isValid()" (node_17) is true
[00:36:40.823] [bmv2] [T] [thread 91871] [67.0] [cxt 0] Applying table 'MyIngress.ipv6_lpm'
[00:36:40.823] [bmv2] [D] [thread 91871] [67.0] [cxt 0] Looking up key:
* hdr.ipv6.dstAddr    : ff0200000000000000000000000000fb

[00:36:40.823] [bmv2] [D] [thread 91871] [67.0] [cxt 0] Table 'MyIngress.ipv6_lpm': miss
[00:36:40.823] [bmv2] [D] [thread 91871] [67.0] [cxt 0] Action entry is NoAction - 
[00:36:40.823] [bmv2] [T] [thread 91871] [67.0] [cxt 0] Action NoAction
[00:36:40.823] [bmv2] [D] [thread 91871] [67.0] [cxt 0] Pipeline 'ingress': end
[00:36:40.823] [bmv2] [D] [thread 91871] [67.0] [cxt 0] Egress port is 0
[00:36:40.823] [bmv2] [D] [thread 91871] [68.0] [cxt 0] Processing packet received on port 2
[00:36:40.823] [bmv2] [D] [thread 91871] [68.0] [cxt 0] Parser 'parser': start
[00:36:40.823] [bmv2] [D] [thread 91871] [68.0] [cxt 0] Parser 'parser' entering state 'start'
[00:36:40.823] [bmv2] [D] [thread 91871] [68.0] [cxt 0] Extracting header 'ethernet'
[00:36:40.823] [bmv2] [D] [thread 91871] [68.0] [cxt 0] Parser state 'start': key is 86dd
[00:36:40.823] [bmv2] [T] [thread 91871] [68.0] [cxt 0] Bytes parsed: 14
[00:36:40.823] [bmv2] [D] [thread 91871] [68.0] [cxt 0] Parser 'parser' entering state 'parse_ipv6'
[00:36:40.823] [bmv2] [D] [thread 91871] [68.0] [cxt 0] Extracting header 'ipv6'
[00:36:40.823] [bmv2] [D] [thread 91871] [68.0] [cxt 0] Parser state 'parse_ipv6': key is 11
[00:36:40.823] [bmv2] [T] [thread 91871] [68.0] [cxt 0] Bytes parsed: 54
[00:36:40.823] [bmv2] [D] [thread 91871] [68.0] [cxt 0] Parser 'parser': end
[00:36:40.823] [bmv2] [D] [thread 91871] [68.0] [cxt 0] Pipeline 'ingress': start
[00:36:40.823] [bmv2] [T] [thread 91871] [68.0] [cxt 0] basic.p4(560) Condition "hdr.ethernet.etherType == TYPE_ARP" (node_2) is false
[00:36:40.823] [bmv2] [D] [thread 91872] [67.0] [cxt 0] Pipeline 'egress': start
[00:36:40.823] [bmv2] [T] [thread 91872] [67.0] [cxt 0] basic.p4(684) Condition "standard_metadata.mcast_grp != 0" (node_28) is false
[00:36:40.823] [bmv2] [D] [thread 91872] [67.0] [cxt 0] Pipeline 'egress': end
[00:36:40.823] [bmv2] [D] [thread 91872] [67.0] [cxt 0] Deparser 'deparser': start
[00:36:40.823] [bmv2] [T] [thread 91872] [67.0] [cxt 0] Skipping checksum 'cksum' update because condition not met
[00:36:40.823] [bmv2] [D] [thread 91872] [67.0] [cxt 0] Deparsing header 'ethernet'
[00:36:40.823] [bmv2] [D] [thread 91872] [67.0] [cxt 0] Deparsing header 'ipv6'
[00:36:40.823] [bmv2] [T] [thread 91871] [68.0] [cxt 0] basic.p4(563) Condition "hdr.ethernet.etherType == TYPE_SRCROUTING" (node_4) is false
[00:36:40.823] [bmv2] [D] [thread 91872] [67.0] [cxt 0] Deparser 'deparser': end
[00:36:40.823] [bmv2] [T] [thread 91871] [68.0] [cxt 0] basic.p4(576) Condition "hdr.ethernet.etherType == TYPE_YEQUDESU" (node_12) is false
[00:36:40.823] [bmv2] [T] [thread 91871] [68.0] [cxt 0] basic.p4(582) Condition "hdr.vxlan.isValid()" (node_15) is false
[00:36:40.823] [bmv2] [D] [thread 91876] [67.0] [cxt 0] Transmitting packet of size 211 out of port 0
[00:36:40.823] [bmv2] [T] [thread 91871] [68.0] [cxt 0] basic.p4(586) Condition "hdr.ipv6.isValid()" (node_17) is true
[00:36:40.823] [bmv2] [T] [thread 91871] [68.0] [cxt 0] Applying table 'MyIngress.ipv6_lpm'
[00:36:40.823] [bmv2] [D] [thread 91871] [68.0] [cxt 0] Looking up key:
* hdr.ipv6.dstAddr    : ff0200000000000000000000000000fb

[00:36:40.823] [bmv2] [D] [thread 91871] [68.0] [cxt 0] Table 'MyIngress.ipv6_lpm': miss
[00:36:40.823] [bmv2] [D] [thread 91871] [68.0] [cxt 0] Action entry is NoAction - 
[00:36:40.823] [bmv2] [T] [thread 91871] [68.0] [cxt 0] Action NoAction
[00:36:40.823] [bmv2] [D] [thread 91871] [68.0] [cxt 0] Pipeline 'ingress': end
[00:36:40.823] [bmv2] [D] [thread 91871] [68.0] [cxt 0] Egress port is 0
[00:36:40.823] [bmv2] [D] [thread 91872] [68.0] [cxt 0] Pipeline 'egress': start
[00:36:40.823] [bmv2] [T] [thread 91872] [68.0] [cxt 0] basic.p4(684) Condition "standard_metadata.mcast_grp != 0" (node_28) is false
[00:36:40.823] [bmv2] [D] [thread 91872] [68.0] [cxt 0] Pipeline 'egress': end
[00:36:40.823] [bmv2] [D] [thread 91872] [68.0] [cxt 0] Deparser 'deparser': start
[00:36:40.823] [bmv2] [T] [thread 91872] [68.0] [cxt 0] Skipping checksum 'cksum' update because condition not met
[00:36:40.823] [bmv2] [D] [thread 91872] [68.0] [cxt 0] Deparsing header 'ethernet'
[00:36:40.823] [bmv2] [D] [thread 91872] [68.0] [cxt 0] Deparsing header 'ipv6'
[00:36:40.823] [bmv2] [D] [thread 91872] [68.0] [cxt 0] Deparser 'deparser': end
[00:36:40.824] [bmv2] [D] [thread 91876] [68.0] [cxt 0] Transmitting packet of size 211 out of port 0
[00:36:40.826] [bmv2] [D] [thread 91871] [69.0] [cxt 0] Processing packet received on port 4
[00:36:40.826] [bmv2] [D] [thread 91871] [69.0] [cxt 0] Parser 'parser': start
[00:36:40.826] [bmv2] [D] [thread 91871] [69.0] [cxt 0] Parser 'parser' entering state 'start'
[00:36:40.826] [bmv2] [D] [thread 91871] [69.0] [cxt 0] Extracting header 'ethernet'
[00:36:40.826] [bmv2] [D] [thread 91871] [69.0] [cxt 0] Parser state 'start': key is 86dd
[00:36:40.826] [bmv2] [T] [thread 91871] [69.0] [cxt 0] Bytes parsed: 14
[00:36:40.826] [bmv2] [D] [thread 91871] [69.0] [cxt 0] Parser 'parser' entering state 'parse_ipv6'
[00:36:40.826] [bmv2] [D] [thread 91871] [69.0] [cxt 0] Extracting header 'ipv6'
[00:36:40.826] [bmv2] [D] [thread 91871] [69.0] [cxt 0] Parser state 'parse_ipv6': key is 11
[00:36:40.826] [bmv2] [T] [thread 91871] [69.0] [cxt 0] Bytes parsed: 54
[00:36:40.826] [bmv2] [D] [thread 91871] [69.0] [cxt 0] Parser 'parser': end
[00:36:40.826] [bmv2] [D] [thread 91871] [69.0] [cxt 0] Pipeline 'ingress': start
[00:36:40.826] [bmv2] [T] [thread 91871] [69.0] [cxt 0] basic.p4(560) Condition "hdr.ethernet.etherType == TYPE_ARP" (node_2) is false
[00:36:40.826] [bmv2] [T] [thread 91871] [69.0] [cxt 0] basic.p4(563) Condition "hdr.ethernet.etherType == TYPE_SRCROUTING" (node_4) is false
[00:36:40.826] [bmv2] [T] [thread 91871] [69.0] [cxt 0] basic.p4(576) Condition "hdr.ethernet.etherType == TYPE_YEQUDESU" (node_12) is false
[00:36:40.826] [bmv2] [T] [thread 91871] [69.0] [cxt 0] basic.p4(582) Condition "hdr.vxlan.isValid()" (node_15) is false
[00:36:40.826] [bmv2] [T] [thread 91871] [69.0] [cxt 0] basic.p4(586) Condition "hdr.ipv6.isValid()" (node_17) is true
[00:36:40.826] [bmv2] [T] [thread 91871] [69.0] [cxt 0] Applying table 'MyIngress.ipv6_lpm'
[00:36:40.826] [bmv2] [D] [thread 91871] [69.0] [cxt 0] Looking up key:
* hdr.ipv6.dstAddr    : ff0200000000000000000000000000fb

[00:36:40.826] [bmv2] [D] [thread 91871] [69.0] [cxt 0] Table 'MyIngress.ipv6_lpm': miss
[00:36:40.826] [bmv2] [D] [thread 91871] [69.0] [cxt 0] Action entry is NoAction - 
[00:36:40.826] [bmv2] [T] [thread 91871] [69.0] [cxt 0] Action NoAction
[00:36:40.826] [bmv2] [D] [thread 91871] [69.0] [cxt 0] Pipeline 'ingress': end
[00:36:40.826] [bmv2] [D] [thread 91871] [69.0] [cxt 0] Egress port is 0
[00:36:40.826] [bmv2] [D] [thread 91872] [69.0] [cxt 0] Pipeline 'egress': start
[00:36:40.826] [bmv2] [T] [thread 91872] [69.0] [cxt 0] basic.p4(684) Condition "standard_metadata.mcast_grp != 0" (node_28) is false
[00:36:40.826] [bmv2] [D] [thread 91872] [69.0] [cxt 0] Pipeline 'egress': end
[00:36:40.826] [bmv2] [D] [thread 91872] [69.0] [cxt 0] Deparser 'deparser': start
[00:36:40.826] [bmv2] [T] [thread 91872] [69.0] [cxt 0] Skipping checksum 'cksum' update because condition not met
[00:36:40.826] [bmv2] [D] [thread 91872] [69.0] [cxt 0] Deparsing header 'ethernet'
[00:36:40.826] [bmv2] [D] [thread 91872] [69.0] [cxt 0] Deparsing header 'ipv6'
[00:36:40.826] [bmv2] [D] [thread 91872] [69.0] [cxt 0] Deparser 'deparser': end
[00:36:40.826] [bmv2] [D] [thread 91876] [69.0] [cxt 0] Transmitting packet of size 199 out of port 0
[00:36:40.838] [bmv2] [D] [thread 91871] [70.0] [cxt 0] Processing packet received on port 5
[00:36:40.838] [bmv2] [D] [thread 91871] [70.0] [cxt 0] Parser 'parser': start
[00:36:40.838] [bmv2] [D] [thread 91871] [70.0] [cxt 0] Parser 'parser' entering state 'start'
[00:36:40.838] [bmv2] [D] [thread 91871] [70.0] [cxt 0] Extracting header 'ethernet'
[00:36:40.838] [bmv2] [D] [thread 91871] [70.0] [cxt 0] Parser state 'start': key is 86dd
[00:36:40.838] [bmv2] [T] [thread 91871] [70.0] [cxt 0] Bytes parsed: 14
[00:36:40.838] [bmv2] [D] [thread 91871] [70.0] [cxt 0] Parser 'parser' entering state 'parse_ipv6'
[00:36:40.838] [bmv2] [D] [thread 91871] [70.0] [cxt 0] Extracting header 'ipv6'
[00:36:40.838] [bmv2] [D] [thread 91871] [70.0] [cxt 0] Parser state 'parse_ipv6': key is 00
[00:36:40.838] [bmv2] [T] [thread 91871] [70.0] [cxt 0] Bytes parsed: 54
[00:36:40.838] [bmv2] [D] [thread 91871] [70.0] [cxt 0] Parser 'parser': end
[00:36:40.838] [bmv2] [D] [thread 91871] [70.0] [cxt 0] Pipeline 'ingress': start
[00:36:40.838] [bmv2] [T] [thread 91871] [70.0] [cxt 0] basic.p4(560) Condition "hdr.ethernet.etherType == TYPE_ARP" (node_2) is false
[00:36:40.838] [bmv2] [T] [thread 91871] [70.0] [cxt 0] basic.p4(563) Condition "hdr.ethernet.etherType == TYPE_SRCROUTING" (node_4) is false
[00:36:40.838] [bmv2] [T] [thread 91871] [70.0] [cxt 0] basic.p4(576) Condition "hdr.ethernet.etherType == TYPE_YEQUDESU" (node_12) is false
[00:36:40.838] [bmv2] [T] [thread 91871] [70.0] [cxt 0] basic.p4(582) Condition "hdr.vxlan.isValid()" (node_15) is false
[00:36:40.838] [bmv2] [T] [thread 91871] [70.0] [cxt 0] basic.p4(586) Condition "hdr.ipv6.isValid()" (node_17) is true
[00:36:40.838] [bmv2] [T] [thread 91871] [70.0] [cxt 0] Applying table 'MyIngress.ipv6_lpm'
[00:36:40.838] [bmv2] [D] [thread 91871] [70.0] [cxt 0] Looking up key:
* hdr.ipv6.dstAddr    : ff020000000000000000000000000016

[00:36:40.838] [bmv2] [D] [thread 91871] [70.0] [cxt 0] Table 'MyIngress.ipv6_lpm': miss
[00:36:40.838] [bmv2] [D] [thread 91871] [70.0] [cxt 0] Action entry is NoAction - 
[00:36:40.838] [bmv2] [T] [thread 91871] [70.0] [cxt 0] Action NoAction
[00:36:40.838] [bmv2] [D] [thread 91871] [70.0] [cxt 0] Pipeline 'ingress': end
[00:36:40.838] [bmv2] [D] [thread 91871] [70.0] [cxt 0] Egress port is 0
[00:36:40.838] [bmv2] [D] [thread 91872] [70.0] [cxt 0] Pipeline 'egress': start
[00:36:40.838] [bmv2] [T] [thread 91872] [70.0] [cxt 0] basic.p4(684) Condition "standard_metadata.mcast_grp != 0" (node_28) is false
[00:36:40.838] [bmv2] [D] [thread 91872] [70.0] [cxt 0] Pipeline 'egress': end
[00:36:40.838] [bmv2] [D] [thread 91872] [70.0] [cxt 0] Deparser 'deparser': start
[00:36:40.838] [bmv2] [T] [thread 91872] [70.0] [cxt 0] Skipping checksum 'cksum' update because condition not met
[00:36:40.838] [bmv2] [D] [thread 91872] [70.0] [cxt 0] Deparsing header 'ethernet'
[00:36:40.838] [bmv2] [D] [thread 91872] [70.0] [cxt 0] Deparsing header 'ipv6'
[00:36:40.838] [bmv2] [D] [thread 91872] [70.0] [cxt 0] Deparser 'deparser': end
[00:36:40.838] [bmv2] [D] [thread 91876] [70.0] [cxt 0] Transmitting packet of size 90 out of port 0
[00:36:40.845] [bmv2] [D] [thread 91871] [71.0] [cxt 0] Processing packet received on port 3
[00:36:40.846] [bmv2] [D] [thread 91871] [71.0] [cxt 0] Parser 'parser': start
[00:36:40.846] [bmv2] [D] [thread 91871] [71.0] [cxt 0] Parser 'parser' entering state 'start'
[00:36:40.846] [bmv2] [D] [thread 91871] [71.0] [cxt 0] Extracting header 'ethernet'
[00:36:40.846] [bmv2] [D] [thread 91871] [71.0] [cxt 0] Parser state 'start': key is 86dd
[00:36:40.846] [bmv2] [T] [thread 91871] [71.0] [cxt 0] Bytes parsed: 14
[00:36:40.846] [bmv2] [D] [thread 91871] [71.0] [cxt 0] Parser 'parser' entering state 'parse_ipv6'
[00:36:40.846] [bmv2] [D] [thread 91871] [71.0] [cxt 0] Extracting header 'ipv6'
[00:36:40.846] [bmv2] [D] [thread 91871] [71.0] [cxt 0] Parser state 'parse_ipv6': key is 00
[00:36:40.846] [bmv2] [T] [thread 91871] [71.0] [cxt 0] Bytes parsed: 54
[00:36:40.846] [bmv2] [D] [thread 91871] [71.0] [cxt 0] Parser 'parser': end
[00:36:40.846] [bmv2] [D] [thread 91871] [71.0] [cxt 0] Pipeline 'ingress': start
[00:36:40.846] [bmv2] [T] [thread 91871] [71.0] [cxt 0] basic.p4(560) Condition "hdr.ethernet.etherType == TYPE_ARP" (node_2) is false
[00:36:40.846] [bmv2] [T] [thread 91871] [71.0] [cxt 0] basic.p4(563) Condition "hdr.ethernet.etherType == TYPE_SRCROUTING" (node_4) is false
[00:36:40.846] [bmv2] [T] [thread 91871] [71.0] [cxt 0] basic.p4(576) Condition "hdr.ethernet.etherType == TYPE_YEQUDESU" (node_12) is false
[00:36:40.846] [bmv2] [T] [thread 91871] [71.0] [cxt 0] basic.p4(582) Condition "hdr.vxlan.isValid()" (node_15) is false
[00:36:40.846] [bmv2] [T] [thread 91871] [71.0] [cxt 0] basic.p4(586) Condition "hdr.ipv6.isValid()" (node_17) is true
[00:36:40.846] [bmv2] [T] [thread 91871] [71.0] [cxt 0] Applying table 'MyIngress.ipv6_lpm'
[00:36:40.846] [bmv2] [D] [thread 91871] [71.0] [cxt 0] Looking up key:
* hdr.ipv6.dstAddr    : ff020000000000000000000000000016

[00:36:40.846] [bmv2] [D] [thread 91871] [71.0] [cxt 0] Table 'MyIngress.ipv6_lpm': miss
[00:36:40.846] [bmv2] [D] [thread 91871] [71.0] [cxt 0] Action entry is NoAction - 
[00:36:40.846] [bmv2] [T] [thread 91871] [71.0] [cxt 0] Action NoAction
[00:36:40.846] [bmv2] [D] [thread 91871] [71.0] [cxt 0] Pipeline 'ingress': end
[00:36:40.846] [bmv2] [D] [thread 91871] [71.0] [cxt 0] Egress port is 0
[00:36:40.846] [bmv2] [D] [thread 91872] [71.0] [cxt 0] Pipeline 'egress': start
[00:36:40.846] [bmv2] [T] [thread 91872] [71.0] [cxt 0] basic.p4(684) Condition "standard_metadata.mcast_grp != 0" (node_28) is false
[00:36:40.846] [bmv2] [D] [thread 91872] [71.0] [cxt 0] Pipeline 'egress': end
[00:36:40.846] [bmv2] [D] [thread 91872] [71.0] [cxt 0] Deparser 'deparser': start
[00:36:40.846] [bmv2] [T] [thread 91872] [71.0] [cxt 0] Skipping checksum 'cksum' update because condition not met
[00:36:40.846] [bmv2] [D] [thread 91872] [71.0] [cxt 0] Deparsing header 'ethernet'
[00:36:40.846] [bmv2] [D] [thread 91872] [71.0] [cxt 0] Deparsing header 'ipv6'
[00:36:40.846] [bmv2] [D] [thread 91872] [71.0] [cxt 0] Deparser 'deparser': end
[00:36:40.846] [bmv2] [D] [thread 91876] [71.0] [cxt 0] Transmitting packet of size 90 out of port 0
[00:36:40.861] [bmv2] [D] [thread 91871] [72.0] [cxt 0] Processing packet received on port 3
[00:36:40.861] [bmv2] [D] [thread 91871] [72.0] [cxt 0] Parser 'parser': start
[00:36:40.861] [bmv2] [D] [thread 91871] [72.0] [cxt 0] Parser 'parser' entering state 'start'
[00:36:40.861] [bmv2] [D] [thread 91871] [72.0] [cxt 0] Extracting header 'ethernet'
[00:36:40.861] [bmv2] [D] [thread 91871] [72.0] [cxt 0] Parser state 'start': key is 86dd
[00:36:40.861] [bmv2] [T] [thread 91871] [72.0] [cxt 0] Bytes parsed: 14
[00:36:40.861] [bmv2] [D] [thread 91871] [72.0] [cxt 0] Parser 'parser' entering state 'parse_ipv6'
[00:36:40.861] [bmv2] [D] [thread 91871] [72.0] [cxt 0] Extracting header 'ipv6'
[00:36:40.861] [bmv2] [D] [thread 91871] [72.0] [cxt 0] Parser state 'parse_ipv6': key is 11
[00:36:40.861] [bmv2] [T] [thread 91871] [72.0] [cxt 0] Bytes parsed: 54
[00:36:40.861] [bmv2] [D] [thread 91871] [72.0] [cxt 0] Parser 'parser': end
[00:36:40.861] [bmv2] [D] [thread 91871] [72.0] [cxt 0] Pipeline 'ingress': start
[00:36:40.861] [bmv2] [T] [thread 91871] [72.0] [cxt 0] basic.p4(560) Condition "hdr.ethernet.etherType == TYPE_ARP" (node_2) is false
[00:36:40.861] [bmv2] [T] [thread 91871] [72.0] [cxt 0] basic.p4(563) Condition "hdr.ethernet.etherType == TYPE_SRCROUTING" (node_4) is false
[00:36:40.861] [bmv2] [T] [thread 91871] [72.0] [cxt 0] basic.p4(576) Condition "hdr.ethernet.etherType == TYPE_YEQUDESU" (node_12) is false
[00:36:40.861] [bmv2] [T] [thread 91871] [72.0] [cxt 0] basic.p4(582) Condition "hdr.vxlan.isValid()" (node_15) is false
[00:36:40.861] [bmv2] [T] [thread 91871] [72.0] [cxt 0] basic.p4(586) Condition "hdr.ipv6.isValid()" (node_17) is true
[00:36:40.861] [bmv2] [T] [thread 91871] [72.0] [cxt 0] Applying table 'MyIngress.ipv6_lpm'
[00:36:40.861] [bmv2] [D] [thread 91871] [72.0] [cxt 0] Looking up key:
* hdr.ipv6.dstAddr    : ff0200000000000000000000000000fb

[00:36:40.861] [bmv2] [D] [thread 91871] [72.0] [cxt 0] Table 'MyIngress.ipv6_lpm': miss
[00:36:40.861] [bmv2] [D] [thread 91871] [72.0] [cxt 0] Action entry is NoAction - 
[00:36:40.861] [bmv2] [T] [thread 91871] [72.0] [cxt 0] Action NoAction
[00:36:40.861] [bmv2] [D] [thread 91871] [72.0] [cxt 0] Pipeline 'ingress': end
[00:36:40.861] [bmv2] [D] [thread 91871] [72.0] [cxt 0] Egress port is 0
[00:36:40.861] [bmv2] [D] [thread 91872] [72.0] [cxt 0] Pipeline 'egress': start
[00:36:40.861] [bmv2] [T] [thread 91872] [72.0] [cxt 0] basic.p4(684) Condition "standard_metadata.mcast_grp != 0" (node_28) is false
[00:36:40.861] [bmv2] [D] [thread 91872] [72.0] [cxt 0] Pipeline 'egress': end
[00:36:40.861] [bmv2] [D] [thread 91872] [72.0] [cxt 0] Deparser 'deparser': start
[00:36:40.861] [bmv2] [T] [thread 91872] [72.0] [cxt 0] Skipping checksum 'cksum' update because condition not met
[00:36:40.861] [bmv2] [D] [thread 91872] [72.0] [cxt 0] Deparsing header 'ethernet'
[00:36:40.861] [bmv2] [D] [thread 91872] [72.0] [cxt 0] Deparsing header 'ipv6'
[00:36:40.861] [bmv2] [D] [thread 91872] [72.0] [cxt 0] Deparser 'deparser': end
[00:36:40.861] [bmv2] [D] [thread 91876] [72.0] [cxt 0] Transmitting packet of size 203 out of port 0
[00:36:40.886] [bmv2] [D] [thread 91871] [73.0] [cxt 0] Processing packet received on port 2
[00:36:40.886] [bmv2] [D] [thread 91871] [73.0] [cxt 0] Parser 'parser': start
[00:36:40.886] [bmv2] [D] [thread 91871] [73.0] [cxt 0] Parser 'parser' entering state 'start'
[00:36:40.886] [bmv2] [D] [thread 91871] [73.0] [cxt 0] Extracting header 'ethernet'
[00:36:40.886] [bmv2] [D] [thread 91871] [73.0] [cxt 0] Parser state 'start': key is 86dd
[00:36:40.886] [bmv2] [T] [thread 91871] [73.0] [cxt 0] Bytes parsed: 14
[00:36:40.886] [bmv2] [D] [thread 91871] [73.0] [cxt 0] Parser 'parser' entering state 'parse_ipv6'
[00:36:40.886] [bmv2] [D] [thread 91871] [73.0] [cxt 0] Extracting header 'ipv6'
[00:36:40.886] [bmv2] [D] [thread 91871] [73.0] [cxt 0] Parser state 'parse_ipv6': key is 00
[00:36:40.886] [bmv2] [T] [thread 91871] [73.0] [cxt 0] Bytes parsed: 54
[00:36:40.886] [bmv2] [D] [thread 91871] [73.0] [cxt 0] Parser 'parser': end
[00:36:40.886] [bmv2] [D] [thread 91871] [73.0] [cxt 0] Pipeline 'ingress': start
[00:36:40.886] [bmv2] [T] [thread 91871] [73.0] [cxt 0] basic.p4(560) Condition "hdr.ethernet.etherType == TYPE_ARP" (node_2) is false
[00:36:40.886] [bmv2] [T] [thread 91871] [73.0] [cxt 0] basic.p4(563) Condition "hdr.ethernet.etherType == TYPE_SRCROUTING" (node_4) is false
[00:36:40.886] [bmv2] [T] [thread 91871] [73.0] [cxt 0] basic.p4(576) Condition "hdr.ethernet.etherType == TYPE_YEQUDESU" (node_12) is false
[00:36:40.886] [bmv2] [T] [thread 91871] [73.0] [cxt 0] basic.p4(582) Condition "hdr.vxlan.isValid()" (node_15) is false
[00:36:40.886] [bmv2] [T] [thread 91871] [73.0] [cxt 0] basic.p4(586) Condition "hdr.ipv6.isValid()" (node_17) is true
[00:36:40.886] [bmv2] [T] [thread 91871] [73.0] [cxt 0] Applying table 'MyIngress.ipv6_lpm'
[00:36:40.886] [bmv2] [D] [thread 91871] [73.0] [cxt 0] Looking up key:
* hdr.ipv6.dstAddr    : ff020000000000000000000000000016

[00:36:40.886] [bmv2] [D] [thread 91871] [73.0] [cxt 0] Table 'MyIngress.ipv6_lpm': miss
[00:36:40.886] [bmv2] [D] [thread 91871] [73.0] [cxt 0] Action entry is NoAction - 
[00:36:40.886] [bmv2] [T] [thread 91871] [73.0] [cxt 0] Action NoAction
[00:36:40.886] [bmv2] [D] [thread 91871] [73.0] [cxt 0] Pipeline 'ingress': end
[00:36:40.886] [bmv2] [D] [thread 91871] [73.0] [cxt 0] Egress port is 0
[00:36:40.886] [bmv2] [D] [thread 91872] [73.0] [cxt 0] Pipeline 'egress': start
[00:36:40.886] [bmv2] [T] [thread 91872] [73.0] [cxt 0] basic.p4(684) Condition "standard_metadata.mcast_grp != 0" (node_28) is false
[00:36:40.886] [bmv2] [D] [thread 91872] [73.0] [cxt 0] Pipeline 'egress': end
[00:36:40.886] [bmv2] [D] [thread 91872] [73.0] [cxt 0] Deparser 'deparser': start
[00:36:40.886] [bmv2] [T] [thread 91872] [73.0] [cxt 0] Skipping checksum 'cksum' update because condition not met
[00:36:40.886] [bmv2] [D] [thread 91872] [73.0] [cxt 0] Deparsing header 'ethernet'
[00:36:40.886] [bmv2] [D] [thread 91872] [73.0] [cxt 0] Deparsing header 'ipv6'
[00:36:40.886] [bmv2] [D] [thread 91872] [73.0] [cxt 0] Deparser 'deparser': end
[00:36:40.886] [bmv2] [D] [thread 91876] [73.0] [cxt 0] Transmitting packet of size 110 out of port 0
[00:36:40.890] [bmv2] [D] [thread 91871] [74.0] [cxt 0] Processing packet received on port 1
[00:36:40.890] [bmv2] [D] [thread 91871] [74.0] [cxt 0] Parser 'parser': start
[00:36:40.890] [bmv2] [D] [thread 91871] [74.0] [cxt 0] Parser 'parser' entering state 'start'
[00:36:40.890] [bmv2] [D] [thread 91871] [74.0] [cxt 0] Extracting header 'ethernet'
[00:36:40.890] [bmv2] [D] [thread 91871] [74.0] [cxt 0] Parser state 'start': key is 86dd
[00:36:40.890] [bmv2] [T] [thread 91871] [74.0] [cxt 0] Bytes parsed: 14
[00:36:40.890] [bmv2] [D] [thread 91871] [74.0] [cxt 0] Parser 'parser' entering state 'parse_ipv6'
[00:36:40.890] [bmv2] [D] [thread 91871] [74.0] [cxt 0] Extracting header 'ipv6'
[00:36:40.890] [bmv2] [D] [thread 91871] [74.0] [cxt 0] Parser state 'parse_ipv6': key is 11
[00:36:40.890] [bmv2] [T] [thread 91871] [74.0] [cxt 0] Bytes parsed: 54
[00:36:40.890] [bmv2] [D] [thread 91871] [74.0] [cxt 0] Parser 'parser': end
[00:36:40.890] [bmv2] [D] [thread 91871] [74.0] [cxt 0] Pipeline 'ingress': start
[00:36:40.890] [bmv2] [T] [thread 91871] [74.0] [cxt 0] basic.p4(560) Condition "hdr.ethernet.etherType == TYPE_ARP" (node_2) is false
[00:36:40.890] [bmv2] [T] [thread 91871] [74.0] [cxt 0] basic.p4(563) Condition "hdr.ethernet.etherType == TYPE_SRCROUTING" (node_4) is false
[00:36:40.890] [bmv2] [T] [thread 91871] [74.0] [cxt 0] basic.p4(576) Condition "hdr.ethernet.etherType == TYPE_YEQUDESU" (node_12) is false
[00:36:40.890] [bmv2] [T] [thread 91871] [74.0] [cxt 0] basic.p4(582) Condition "hdr.vxlan.isValid()" (node_15) is false
[00:36:40.890] [bmv2] [T] [thread 91871] [74.0] [cxt 0] basic.p4(586) Condition "hdr.ipv6.isValid()" (node_17) is true
[00:36:40.890] [bmv2] [T] [thread 91871] [74.0] [cxt 0] Applying table 'MyIngress.ipv6_lpm'
[00:36:40.890] [bmv2] [D] [thread 91871] [74.0] [cxt 0] Looking up key:
* hdr.ipv6.dstAddr    : ff0200000000000000000000000000fb

[00:36:40.890] [bmv2] [D] [thread 91871] [74.0] [cxt 0] Table 'MyIngress.ipv6_lpm': miss
[00:36:40.890] [bmv2] [D] [thread 91871] [74.0] [cxt 0] Action entry is NoAction - 
[00:36:40.890] [bmv2] [T] [thread 91871] [74.0] [cxt 0] Action NoAction
[00:36:40.890] [bmv2] [D] [thread 91871] [74.0] [cxt 0] Pipeline 'ingress': end
[00:36:40.890] [bmv2] [D] [thread 91871] [74.0] [cxt 0] Egress port is 0
[00:36:40.890] [bmv2] [D] [thread 91872] [74.0] [cxt 0] Pipeline 'egress': start
[00:36:40.890] [bmv2] [T] [thread 91872] [74.0] [cxt 0] basic.p4(684) Condition "standard_metadata.mcast_grp != 0" (node_28) is false
[00:36:40.890] [bmv2] [D] [thread 91872] [74.0] [cxt 0] Pipeline 'egress': end
[00:36:40.890] [bmv2] [D] [thread 91872] [74.0] [cxt 0] Deparser 'deparser': start
[00:36:40.890] [bmv2] [T] [thread 91872] [74.0] [cxt 0] Skipping checksum 'cksum' update because condition not met
[00:36:40.890] [bmv2] [D] [thread 91872] [74.0] [cxt 0] Deparsing header 'ethernet'
[00:36:40.890] [bmv2] [D] [thread 91872] [74.0] [cxt 0] Deparsing header 'ipv6'
[00:36:40.890] [bmv2] [D] [thread 91872] [74.0] [cxt 0] Deparser 'deparser': end
[00:36:40.890] [bmv2] [D] [thread 91876] [74.0] [cxt 0] Transmitting packet of size 211 out of port 0
[00:36:40.892] [bmv2] [D] [thread 91871] [75.0] [cxt 0] Processing packet received on port 3
[00:36:40.892] [bmv2] [D] [thread 91871] [75.0] [cxt 0] Parser 'parser': start
[00:36:40.892] [bmv2] [D] [thread 91871] [75.0] [cxt 0] Parser 'parser' entering state 'start'
[00:36:40.892] [bmv2] [D] [thread 91871] [75.0] [cxt 0] Extracting header 'ethernet'
[00:36:40.892] [bmv2] [D] [thread 91871] [75.0] [cxt 0] Parser state 'start': key is 86dd
[00:36:40.892] [bmv2] [T] [thread 91871] [75.0] [cxt 0] Bytes parsed: 14
[00:36:40.892] [bmv2] [D] [thread 91871] [75.0] [cxt 0] Parser 'parser' entering state 'parse_ipv6'
[00:36:40.892] [bmv2] [D] [thread 91871] [75.0] [cxt 0] Extracting header 'ipv6'
[00:36:40.892] [bmv2] [D] [thread 91871] [75.0] [cxt 0] Parser state 'parse_ipv6': key is 11
[00:36:40.892] [bmv2] [T] [thread 91871] [75.0] [cxt 0] Bytes parsed: 54
[00:36:40.892] [bmv2] [D] [thread 91871] [75.0] [cxt 0] Parser 'parser': end
[00:36:40.892] [bmv2] [D] [thread 91871] [75.0] [cxt 0] Pipeline 'ingress': start
[00:36:40.892] [bmv2] [T] [thread 91871] [75.0] [cxt 0] basic.p4(560) Condition "hdr.ethernet.etherType == TYPE_ARP" (node_2) is false
[00:36:40.892] [bmv2] [T] [thread 91871] [75.0] [cxt 0] basic.p4(563) Condition "hdr.ethernet.etherType == TYPE_SRCROUTING" (node_4) is false
[00:36:40.892] [bmv2] [T] [thread 91871] [75.0] [cxt 0] basic.p4(576) Condition "hdr.ethernet.etherType == TYPE_YEQUDESU" (node_12) is false
[00:36:40.892] [bmv2] [T] [thread 91871] [75.0] [cxt 0] basic.p4(582) Condition "hdr.vxlan.isValid()" (node_15) is false
[00:36:40.892] [bmv2] [T] [thread 91871] [75.0] [cxt 0] basic.p4(586) Condition "hdr.ipv6.isValid()" (node_17) is true
[00:36:40.892] [bmv2] [T] [thread 91871] [75.0] [cxt 0] Applying table 'MyIngress.ipv6_lpm'
[00:36:40.892] [bmv2] [D] [thread 91871] [75.0] [cxt 0] Looking up key:
* hdr.ipv6.dstAddr    : ff0200000000000000000000000000fb

[00:36:40.892] [bmv2] [D] [thread 91871] [75.0] [cxt 0] Table 'MyIngress.ipv6_lpm': miss
[00:36:40.892] [bmv2] [D] [thread 91871] [75.0] [cxt 0] Action entry is NoAction - 
[00:36:40.892] [bmv2] [T] [thread 91871] [75.0] [cxt 0] Action NoAction
[00:36:40.892] [bmv2] [D] [thread 91871] [75.0] [cxt 0] Pipeline 'ingress': end
[00:36:40.892] [bmv2] [D] [thread 91871] [75.0] [cxt 0] Egress port is 0
[00:36:40.892] [bmv2] [D] [thread 91872] [75.0] [cxt 0] Pipeline 'egress': start
[00:36:40.892] [bmv2] [T] [thread 91872] [75.0] [cxt 0] basic.p4(684) Condition "standard_metadata.mcast_grp != 0" (node_28) is false
[00:36:40.892] [bmv2] [D] [thread 91872] [75.0] [cxt 0] Pipeline 'egress': end
[00:36:40.892] [bmv2] [D] [thread 91872] [75.0] [cxt 0] Deparser 'deparser': start
[00:36:40.892] [bmv2] [T] [thread 91872] [75.0] [cxt 0] Skipping checksum 'cksum' update because condition not met
[00:36:40.892] [bmv2] [D] [thread 91872] [75.0] [cxt 0] Deparsing header 'ethernet'
[00:36:40.892] [bmv2] [D] [thread 91872] [75.0] [cxt 0] Deparsing header 'ipv6'
[00:36:40.892] [bmv2] [D] [thread 91872] [75.0] [cxt 0] Deparser 'deparser': end
[00:36:40.892] [bmv2] [D] [thread 91876] [75.0] [cxt 0] Transmitting packet of size 199 out of port 0
[00:36:40.950] [bmv2] [D] [thread 91871] [76.0] [cxt 0] Processing packet received on port 2
[00:36:40.950] [bmv2] [D] [thread 91871] [76.0] [cxt 0] Parser 'parser': start
[00:36:40.950] [bmv2] [D] [thread 91871] [76.0] [cxt 0] Parser 'parser' entering state 'start'
[00:36:40.950] [bmv2] [D] [thread 91871] [76.0] [cxt 0] Extracting header 'ethernet'
[00:36:40.950] [bmv2] [D] [thread 91871] [76.0] [cxt 0] Parser state 'start': key is 86dd
[00:36:40.950] [bmv2] [T] [thread 91871] [76.0] [cxt 0] Bytes parsed: 14
[00:36:40.950] [bmv2] [D] [thread 91871] [76.0] [cxt 0] Parser 'parser' entering state 'parse_ipv6'
[00:36:40.950] [bmv2] [D] [thread 91871] [76.0] [cxt 0] Extracting header 'ipv6'
[00:36:40.950] [bmv2] [D] [thread 91871] [76.0] [cxt 0] Parser state 'parse_ipv6': key is 00
[00:36:40.950] [bmv2] [T] [thread 91871] [76.0] [cxt 0] Bytes parsed: 54
[00:36:40.950] [bmv2] [D] [thread 91871] [76.0] [cxt 0] Parser 'parser': end
[00:36:40.950] [bmv2] [D] [thread 91871] [76.0] [cxt 0] Pipeline 'ingress': start
[00:36:40.950] [bmv2] [T] [thread 91871] [76.0] [cxt 0] basic.p4(560) Condition "hdr.ethernet.etherType == TYPE_ARP" (node_2) is false
[00:36:40.950] [bmv2] [T] [thread 91871] [76.0] [cxt 0] basic.p4(563) Condition "hdr.ethernet.etherType == TYPE_SRCROUTING" (node_4) is false
[00:36:40.950] [bmv2] [T] [thread 91871] [76.0] [cxt 0] basic.p4(576) Condition "hdr.ethernet.etherType == TYPE_YEQUDESU" (node_12) is false
[00:36:40.950] [bmv2] [T] [thread 91871] [76.0] [cxt 0] basic.p4(582) Condition "hdr.vxlan.isValid()" (node_15) is false
[00:36:40.950] [bmv2] [T] [thread 91871] [76.0] [cxt 0] basic.p4(586) Condition "hdr.ipv6.isValid()" (node_17) is true
[00:36:40.950] [bmv2] [T] [thread 91871] [76.0] [cxt 0] Applying table 'MyIngress.ipv6_lpm'
[00:36:40.950] [bmv2] [D] [thread 91871] [76.0] [cxt 0] Looking up key:
* hdr.ipv6.dstAddr    : ff020000000000000000000000000016

[00:36:40.950] [bmv2] [D] [thread 91871] [76.0] [cxt 0] Table 'MyIngress.ipv6_lpm': miss
[00:36:40.950] [bmv2] [D] [thread 91871] [76.0] [cxt 0] Action entry is NoAction - 
[00:36:40.950] [bmv2] [T] [thread 91871] [76.0] [cxt 0] Action NoAction
[00:36:40.950] [bmv2] [D] [thread 91871] [76.0] [cxt 0] Pipeline 'ingress': end
[00:36:40.950] [bmv2] [D] [thread 91871] [76.0] [cxt 0] Egress port is 0
[00:36:40.951] [bmv2] [D] [thread 91872] [76.0] [cxt 0] Pipeline 'egress': start
[00:36:40.951] [bmv2] [T] [thread 91872] [76.0] [cxt 0] basic.p4(684) Condition "standard_metadata.mcast_grp != 0" (node_28) is false
[00:36:40.951] [bmv2] [D] [thread 91872] [76.0] [cxt 0] Pipeline 'egress': end
[00:36:40.951] [bmv2] [D] [thread 91872] [76.0] [cxt 0] Deparser 'deparser': start
[00:36:40.951] [bmv2] [T] [thread 91872] [76.0] [cxt 0] Skipping checksum 'cksum' update because condition not met
[00:36:40.951] [bmv2] [D] [thread 91872] [76.0] [cxt 0] Deparsing header 'ethernet'
[00:36:40.951] [bmv2] [D] [thread 91872] [76.0] [cxt 0] Deparsing header 'ipv6'
[00:36:40.951] [bmv2] [D] [thread 91872] [76.0] [cxt 0] Deparser 'deparser': end
[00:36:40.951] [bmv2] [D] [thread 91876] [76.0] [cxt 0] Transmitting packet of size 110 out of port 0
[00:36:40.955] [bmv2] [D] [thread 91871] [77.0] [cxt 0] Processing packet received on port 4
[00:36:40.955] [bmv2] [D] [thread 91871] [77.0] [cxt 0] Parser 'parser': start
[00:36:40.955] [bmv2] [D] [thread 91871] [77.0] [cxt 0] Parser 'parser' entering state 'start'
[00:36:40.955] [bmv2] [D] [thread 91871] [77.0] [cxt 0] Extracting header 'ethernet'
[00:36:40.955] [bmv2] [D] [thread 91871] [77.0] [cxt 0] Parser state 'start': key is 86dd
[00:36:40.955] [bmv2] [T] [thread 91871] [77.0] [cxt 0] Bytes parsed: 14
[00:36:40.955] [bmv2] [D] [thread 91871] [77.0] [cxt 0] Parser 'parser' entering state 'parse_ipv6'
[00:36:40.955] [bmv2] [D] [thread 91871] [77.0] [cxt 0] Extracting header 'ipv6'
[00:36:40.955] [bmv2] [D] [thread 91871] [77.0] [cxt 0] Parser state 'parse_ipv6': key is 11
[00:36:40.956] [bmv2] [T] [thread 91871] [77.0] [cxt 0] Bytes parsed: 54
[00:36:40.956] [bmv2] [D] [thread 91871] [77.0] [cxt 0] Parser 'parser': end
[00:36:40.956] [bmv2] [D] [thread 91871] [77.0] [cxt 0] Pipeline 'ingress': start
[00:36:40.956] [bmv2] [T] [thread 91871] [77.0] [cxt 0] basic.p4(560) Condition "hdr.ethernet.etherType == TYPE_ARP" (node_2) is false
[00:36:40.956] [bmv2] [T] [thread 91871] [77.0] [cxt 0] basic.p4(563) Condition "hdr.ethernet.etherType == TYPE_SRCROUTING" (node_4) is false
[00:36:40.956] [bmv2] [T] [thread 91871] [77.0] [cxt 0] basic.p4(576) Condition "hdr.ethernet.etherType == TYPE_YEQUDESU" (node_12) is false
[00:36:40.956] [bmv2] [T] [thread 91871] [77.0] [cxt 0] basic.p4(582) Condition "hdr.vxlan.isValid()" (node_15) is false
[00:36:40.956] [bmv2] [T] [thread 91871] [77.0] [cxt 0] basic.p4(586) Condition "hdr.ipv6.isValid()" (node_17) is true
[00:36:40.956] [bmv2] [T] [thread 91871] [77.0] [cxt 0] Applying table 'MyIngress.ipv6_lpm'
[00:36:40.956] [bmv2] [D] [thread 91871] [77.0] [cxt 0] Looking up key:
* hdr.ipv6.dstAddr    : ff0200000000000000000000000000fb

[00:36:40.956] [bmv2] [D] [thread 91871] [77.0] [cxt 0] Table 'MyIngress.ipv6_lpm': miss
[00:36:40.956] [bmv2] [D] [thread 91871] [77.0] [cxt 0] Action entry is NoAction - 
[00:36:40.956] [bmv2] [T] [thread 91871] [77.0] [cxt 0] Action NoAction
[00:36:40.956] [bmv2] [D] [thread 91871] [77.0] [cxt 0] Pipeline 'ingress': end
[00:36:40.956] [bmv2] [D] [thread 91871] [77.0] [cxt 0] Egress port is 0
[00:36:40.956] [bmv2] [D] [thread 91872] [77.0] [cxt 0] Pipeline 'egress': start
[00:36:40.956] [bmv2] [T] [thread 91872] [77.0] [cxt 0] basic.p4(684) Condition "standard_metadata.mcast_grp != 0" (node_28) is false
[00:36:40.956] [bmv2] [D] [thread 91872] [77.0] [cxt 0] Pipeline 'egress': end
[00:36:40.956] [bmv2] [D] [thread 91872] [77.0] [cxt 0] Deparser 'deparser': start
[00:36:40.956] [bmv2] [T] [thread 91872] [77.0] [cxt 0] Skipping checksum 'cksum' update because condition not met
[00:36:40.956] [bmv2] [D] [thread 91872] [77.0] [cxt 0] Deparsing header 'ethernet'
[00:36:40.956] [bmv2] [D] [thread 91872] [77.0] [cxt 0] Deparsing header 'ipv6'
[00:36:40.956] [bmv2] [D] [thread 91872] [77.0] [cxt 0] Deparser 'deparser': end
[00:36:40.956] [bmv2] [D] [thread 91876] [77.0] [cxt 0] Transmitting packet of size 199 out of port 0
[00:36:40.973] [bmv2] [D] [thread 91871] [78.0] [cxt 0] Processing packet received on port 4
[00:36:40.974] [bmv2] [D] [thread 91871] [78.0] [cxt 0] Parser 'parser': start
[00:36:40.974] [bmv2] [D] [thread 91871] [78.0] [cxt 0] Parser 'parser' entering state 'start'
[00:36:40.974] [bmv2] [D] [thread 91871] [78.0] [cxt 0] Extracting header 'ethernet'
[00:36:40.974] [bmv2] [D] [thread 91871] [78.0] [cxt 0] Parser state 'start': key is 86dd
[00:36:40.974] [bmv2] [T] [thread 91871] [78.0] [cxt 0] Bytes parsed: 14
[00:36:40.974] [bmv2] [D] [thread 91871] [78.0] [cxt 0] Parser 'parser' entering state 'parse_ipv6'
[00:36:40.974] [bmv2] [D] [thread 91871] [78.0] [cxt 0] Extracting header 'ipv6'
[00:36:40.974] [bmv2] [D] [thread 91871] [78.0] [cxt 0] Parser state 'parse_ipv6': key is 00
[00:36:40.974] [bmv2] [T] [thread 91871] [78.0] [cxt 0] Bytes parsed: 54
[00:36:40.974] [bmv2] [D] [thread 91871] [78.0] [cxt 0] Parser 'parser': end
[00:36:40.974] [bmv2] [D] [thread 91871] [78.0] [cxt 0] Pipeline 'ingress': start
[00:36:40.974] [bmv2] [T] [thread 91871] [78.0] [cxt 0] basic.p4(560) Condition "hdr.ethernet.etherType == TYPE_ARP" (node_2) is false
[00:36:40.974] [bmv2] [T] [thread 91871] [78.0] [cxt 0] basic.p4(563) Condition "hdr.ethernet.etherType == TYPE_SRCROUTING" (node_4) is false
[00:36:40.974] [bmv2] [T] [thread 91871] [78.0] [cxt 0] basic.p4(576) Condition "hdr.ethernet.etherType == TYPE_YEQUDESU" (node_12) is false
[00:36:40.974] [bmv2] [T] [thread 91871] [78.0] [cxt 0] basic.p4(582) Condition "hdr.vxlan.isValid()" (node_15) is false
[00:36:40.974] [bmv2] [T] [thread 91871] [78.0] [cxt 0] basic.p4(586) Condition "hdr.ipv6.isValid()" (node_17) is true
[00:36:40.974] [bmv2] [T] [thread 91871] [78.0] [cxt 0] Applying table 'MyIngress.ipv6_lpm'
[00:36:40.974] [bmv2] [D] [thread 91871] [78.0] [cxt 0] Looking up key:
* hdr.ipv6.dstAddr    : ff020000000000000000000000000016

[00:36:40.974] [bmv2] [D] [thread 91871] [78.0] [cxt 0] Table 'MyIngress.ipv6_lpm': miss
[00:36:40.974] [bmv2] [D] [thread 91871] [78.0] [cxt 0] Action entry is NoAction - 
[00:36:40.974] [bmv2] [T] [thread 91871] [78.0] [cxt 0] Action NoAction
[00:36:40.974] [bmv2] [D] [thread 91871] [78.0] [cxt 0] Pipeline 'ingress': end
[00:36:40.974] [bmv2] [D] [thread 91871] [78.0] [cxt 0] Egress port is 0
[00:36:40.974] [bmv2] [D] [thread 91872] [78.0] [cxt 0] Pipeline 'egress': start
[00:36:40.974] [bmv2] [T] [thread 91872] [78.0] [cxt 0] basic.p4(684) Condition "standard_metadata.mcast_grp != 0" (node_28) is false
[00:36:40.974] [bmv2] [D] [thread 91872] [78.0] [cxt 0] Pipeline 'egress': end
[00:36:40.974] [bmv2] [D] [thread 91872] [78.0] [cxt 0] Deparser 'deparser': start
[00:36:40.974] [bmv2] [T] [thread 91872] [78.0] [cxt 0] Skipping checksum 'cksum' update because condition not met
[00:36:40.974] [bmv2] [D] [thread 91872] [78.0] [cxt 0] Deparsing header 'ethernet'
[00:36:40.974] [bmv2] [D] [thread 91872] [78.0] [cxt 0] Deparsing header 'ipv6'
[00:36:40.974] [bmv2] [D] [thread 91872] [78.0] [cxt 0] Deparser 'deparser': end
[00:36:40.974] [bmv2] [D] [thread 91876] [78.0] [cxt 0] Transmitting packet of size 90 out of port 0
[00:36:40.981] [bmv2] [D] [thread 91871] [79.0] [cxt 0] Processing packet received on port 1
[00:36:40.981] [bmv2] [D] [thread 91871] [79.0] [cxt 0] Parser 'parser': start
[00:36:40.981] [bmv2] [D] [thread 91871] [79.0] [cxt 0] Parser 'parser' entering state 'start'
[00:36:40.981] [bmv2] [D] [thread 91871] [79.0] [cxt 0] Extracting header 'ethernet'
[00:36:40.981] [bmv2] [D] [thread 91871] [79.0] [cxt 0] Parser state 'start': key is 86dd
[00:36:40.981] [bmv2] [T] [thread 91871] [79.0] [cxt 0] Bytes parsed: 14
[00:36:40.981] [bmv2] [D] [thread 91871] [79.0] [cxt 0] Parser 'parser' entering state 'parse_ipv6'
[00:36:40.981] [bmv2] [D] [thread 91871] [79.0] [cxt 0] Extracting header 'ipv6'
[00:36:40.981] [bmv2] [D] [thread 91871] [79.0] [cxt 0] Parser state 'parse_ipv6': key is 00
[00:36:40.981] [bmv2] [T] [thread 91871] [79.0] [cxt 0] Bytes parsed: 54
[00:36:40.981] [bmv2] [D] [thread 91871] [79.0] [cxt 0] Parser 'parser': end
[00:36:40.981] [bmv2] [D] [thread 91871] [79.0] [cxt 0] Pipeline 'ingress': start
[00:36:40.981] [bmv2] [T] [thread 91871] [79.0] [cxt 0] basic.p4(560) Condition "hdr.ethernet.etherType == TYPE_ARP" (node_2) is false
[00:36:40.981] [bmv2] [T] [thread 91871] [79.0] [cxt 0] basic.p4(563) Condition "hdr.ethernet.etherType == TYPE_SRCROUTING" (node_4) is false
[00:36:40.981] [bmv2] [T] [thread 91871] [79.0] [cxt 0] basic.p4(576) Condition "hdr.ethernet.etherType == TYPE_YEQUDESU" (node_12) is false
[00:36:40.981] [bmv2] [T] [thread 91871] [79.0] [cxt 0] basic.p4(582) Condition "hdr.vxlan.isValid()" (node_15) is false
[00:36:40.981] [bmv2] [T] [thread 91871] [79.0] [cxt 0] basic.p4(586) Condition "hdr.ipv6.isValid()" (node_17) is true
[00:36:40.981] [bmv2] [T] [thread 91871] [79.0] [cxt 0] Applying table 'MyIngress.ipv6_lpm'
[00:36:40.981] [bmv2] [D] [thread 91871] [79.0] [cxt 0] Looking up key:
* hdr.ipv6.dstAddr    : ff020000000000000000000000000016

[00:36:40.981] [bmv2] [D] [thread 91871] [79.0] [cxt 0] Table 'MyIngress.ipv6_lpm': miss
[00:36:40.981] [bmv2] [D] [thread 91871] [79.0] [cxt 0] Action entry is NoAction - 
[00:36:40.981] [bmv2] [T] [thread 91871] [79.0] [cxt 0] Action NoAction
[00:36:40.981] [bmv2] [D] [thread 91871] [79.0] [cxt 0] Pipeline 'ingress': end
[00:36:40.981] [bmv2] [D] [thread 91871] [79.0] [cxt 0] Egress port is 0
[00:36:40.981] [bmv2] [D] [thread 91872] [79.0] [cxt 0] Pipeline 'egress': start
[00:36:40.981] [bmv2] [T] [thread 91872] [79.0] [cxt 0] basic.p4(684) Condition "standard_metadata.mcast_grp != 0" (node_28) is false
[00:36:40.981] [bmv2] [D] [thread 91872] [79.0] [cxt 0] Pipeline 'egress': end
[00:36:40.981] [bmv2] [D] [thread 91872] [79.0] [cxt 0] Deparser 'deparser': start
[00:36:40.981] [bmv2] [T] [thread 91872] [79.0] [cxt 0] Skipping checksum 'cksum' update because condition not met
[00:36:40.981] [bmv2] [D] [thread 91872] [79.0] [cxt 0] Deparsing header 'ethernet'
[00:36:40.981] [bmv2] [D] [thread 91872] [79.0] [cxt 0] Deparsing header 'ipv6'
[00:36:40.981] [bmv2] [D] [thread 91872] [79.0] [cxt 0] Deparser 'deparser': end
[00:36:40.981] [bmv2] [D] [thread 91876] [79.0] [cxt 0] Transmitting packet of size 90 out of port 0
[00:36:41.013] [bmv2] [D] [thread 91871] [80.0] [cxt 0] Processing packet received on port 2
[00:36:41.013] [bmv2] [D] [thread 91871] [80.0] [cxt 0] Parser 'parser': start
[00:36:41.013] [bmv2] [D] [thread 91871] [80.0] [cxt 0] Parser 'parser' entering state 'start'
[00:36:41.013] [bmv2] [D] [thread 91871] [80.0] [cxt 0] Extracting header 'ethernet'
[00:36:41.013] [bmv2] [D] [thread 91871] [80.0] [cxt 0] Parser state 'start': key is 86dd
[00:36:41.013] [bmv2] [T] [thread 91871] [80.0] [cxt 0] Bytes parsed: 14
[00:36:41.013] [bmv2] [D] [thread 91871] [80.0] [cxt 0] Parser 'parser' entering state 'parse_ipv6'
[00:36:41.013] [bmv2] [D] [thread 91871] [80.0] [cxt 0] Extracting header 'ipv6'
[00:36:41.013] [bmv2] [D] [thread 91871] [80.0] [cxt 0] Parser state 'parse_ipv6': key is 00
[00:36:41.013] [bmv2] [T] [thread 91871] [80.0] [cxt 0] Bytes parsed: 54
[00:36:41.013] [bmv2] [D] [thread 91871] [80.0] [cxt 0] Parser 'parser': end
[00:36:41.013] [bmv2] [D] [thread 91871] [80.0] [cxt 0] Pipeline 'ingress': start
[00:36:41.013] [bmv2] [T] [thread 91871] [80.0] [cxt 0] basic.p4(560) Condition "hdr.ethernet.etherType == TYPE_ARP" (node_2) is false
[00:36:41.013] [bmv2] [T] [thread 91871] [80.0] [cxt 0] basic.p4(563) Condition "hdr.ethernet.etherType == TYPE_SRCROUTING" (node_4) is false
[00:36:41.013] [bmv2] [T] [thread 91871] [80.0] [cxt 0] basic.p4(576) Condition "hdr.ethernet.etherType == TYPE_YEQUDESU" (node_12) is false
[00:36:41.013] [bmv2] [T] [thread 91871] [80.0] [cxt 0] basic.p4(582) Condition "hdr.vxlan.isValid()" (node_15) is false
[00:36:41.013] [bmv2] [T] [thread 91871] [80.0] [cxt 0] basic.p4(586) Condition "hdr.ipv6.isValid()" (node_17) is true
[00:36:41.013] [bmv2] [T] [thread 91871] [80.0] [cxt 0] Applying table 'MyIngress.ipv6_lpm'
[00:36:41.013] [bmv2] [D] [thread 91871] [80.0] [cxt 0] Looking up key:
* hdr.ipv6.dstAddr    : ff020000000000000000000000000016

[00:36:41.013] [bmv2] [D] [thread 91871] [80.0] [cxt 0] Table 'MyIngress.ipv6_lpm': miss
[00:36:41.013] [bmv2] [D] [thread 91871] [80.0] [cxt 0] Action entry is NoAction - 
[00:36:41.013] [bmv2] [T] [thread 91871] [80.0] [cxt 0] Action NoAction
[00:36:41.013] [bmv2] [D] [thread 91871] [80.0] [cxt 0] Pipeline 'ingress': end
[00:36:41.013] [bmv2] [D] [thread 91871] [80.0] [cxt 0] Egress port is 0
[00:36:41.014] [bmv2] [D] [thread 91872] [80.0] [cxt 0] Pipeline 'egress': start
[00:36:41.014] [bmv2] [T] [thread 91872] [80.0] [cxt 0] basic.p4(684) Condition "standard_metadata.mcast_grp != 0" (node_28) is false
[00:36:41.014] [bmv2] [D] [thread 91872] [80.0] [cxt 0] Pipeline 'egress': end
[00:36:41.014] [bmv2] [D] [thread 91872] [80.0] [cxt 0] Deparser 'deparser': start
[00:36:41.014] [bmv2] [T] [thread 91872] [80.0] [cxt 0] Skipping checksum 'cksum' update because condition not met
[00:36:41.014] [bmv2] [D] [thread 91872] [80.0] [cxt 0] Deparsing header 'ethernet'
[00:36:41.014] [bmv2] [D] [thread 91872] [80.0] [cxt 0] Deparsing header 'ipv6'
[00:36:41.014] [bmv2] [D] [thread 91872] [80.0] [cxt 0] Deparser 'deparser': end
[00:36:41.014] [bmv2] [D] [thread 91876] [80.0] [cxt 0] Transmitting packet of size 90 out of port 0
[00:36:41.015] [bmv2] [D] [thread 91871] [81.0] [cxt 0] Processing packet received on port 2
[00:36:41.015] [bmv2] [D] [thread 91871] [81.0] [cxt 0] Parser 'parser': start
[00:36:41.015] [bmv2] [D] [thread 91871] [81.0] [cxt 0] Parser 'parser' entering state 'start'
[00:36:41.015] [bmv2] [D] [thread 91871] [81.0] [cxt 0] Extracting header 'ethernet'
[00:36:41.015] [bmv2] [D] [thread 91871] [81.0] [cxt 0] Parser state 'start': key is 86dd
[00:36:41.015] [bmv2] [T] [thread 91871] [81.0] [cxt 0] Bytes parsed: 14
[00:36:41.015] [bmv2] [D] [thread 91871] [81.0] [cxt 0] Parser 'parser' entering state 'parse_ipv6'
[00:36:41.015] [bmv2] [D] [thread 91871] [81.0] [cxt 0] Extracting header 'ipv6'
[00:36:41.015] [bmv2] [D] [thread 91871] [81.0] [cxt 0] Parser state 'parse_ipv6': key is 11
[00:36:41.015] [bmv2] [T] [thread 91871] [81.0] [cxt 0] Bytes parsed: 54
[00:36:41.015] [bmv2] [D] [thread 91871] [81.0] [cxt 0] Parser 'parser': end
[00:36:41.015] [bmv2] [D] [thread 91871] [81.0] [cxt 0] Pipeline 'ingress': start
[00:36:41.015] [bmv2] [T] [thread 91871] [81.0] [cxt 0] basic.p4(560) Condition "hdr.ethernet.etherType == TYPE_ARP" (node_2) is false
[00:36:41.015] [bmv2] [T] [thread 91871] [81.0] [cxt 0] basic.p4(563) Condition "hdr.ethernet.etherType == TYPE_SRCROUTING" (node_4) is false
[00:36:41.015] [bmv2] [T] [thread 91871] [81.0] [cxt 0] basic.p4(576) Condition "hdr.ethernet.etherType == TYPE_YEQUDESU" (node_12) is false
[00:36:41.015] [bmv2] [T] [thread 91871] [81.0] [cxt 0] basic.p4(582) Condition "hdr.vxlan.isValid()" (node_15) is false
[00:36:41.015] [bmv2] [T] [thread 91871] [81.0] [cxt 0] basic.p4(586) Condition "hdr.ipv6.isValid()" (node_17) is true
[00:36:41.015] [bmv2] [T] [thread 91871] [81.0] [cxt 0] Applying table 'MyIngress.ipv6_lpm'
[00:36:41.015] [bmv2] [D] [thread 91871] [81.0] [cxt 0] Looking up key:
* hdr.ipv6.dstAddr    : ff0200000000000000000000000000fb

[00:36:41.015] [bmv2] [D] [thread 91871] [81.0] [cxt 0] Table 'MyIngress.ipv6_lpm': miss
[00:36:41.015] [bmv2] [D] [thread 91871] [81.0] [cxt 0] Action entry is NoAction - 
[00:36:41.015] [bmv2] [T] [thread 91871] [81.0] [cxt 0] Action NoAction
[00:36:41.015] [bmv2] [D] [thread 91871] [81.0] [cxt 0] Pipeline 'ingress': end
[00:36:41.015] [bmv2] [D] [thread 91871] [81.0] [cxt 0] Egress port is 0
[00:36:41.015] [bmv2] [D] [thread 91872] [81.0] [cxt 0] Pipeline 'egress': start
[00:36:41.015] [bmv2] [T] [thread 91872] [81.0] [cxt 0] basic.p4(684) Condition "standard_metadata.mcast_grp != 0" (node_28) is false
[00:36:41.015] [bmv2] [D] [thread 91872] [81.0] [cxt 0] Pipeline 'egress': end
[00:36:41.015] [bmv2] [D] [thread 91872] [81.0] [cxt 0] Deparser 'deparser': start
[00:36:41.015] [bmv2] [T] [thread 91872] [81.0] [cxt 0] Skipping checksum 'cksum' update because condition not met
[00:36:41.015] [bmv2] [D] [thread 91872] [81.0] [cxt 0] Deparsing header 'ethernet'
[00:36:41.015] [bmv2] [D] [thread 91872] [81.0] [cxt 0] Deparsing header 'ipv6'
[00:36:41.015] [bmv2] [D] [thread 91872] [81.0] [cxt 0] Deparser 'deparser': end
[00:36:41.015] [bmv2] [D] [thread 91876] [81.0] [cxt 0] Transmitting packet of size 211 out of port 0
[00:36:41.018] [bmv2] [D] [thread 91871] [82.0] [cxt 0] Processing packet received on port 5
[00:36:41.018] [bmv2] [D] [thread 91871] [82.0] [cxt 0] Parser 'parser': start
[00:36:41.018] [bmv2] [D] [thread 91871] [82.0] [cxt 0] Parser 'parser' entering state 'start'
[00:36:41.018] [bmv2] [D] [thread 91871] [82.0] [cxt 0] Extracting header 'ethernet'
[00:36:41.018] [bmv2] [D] [thread 91871] [82.0] [cxt 0] Parser state 'start': key is 86dd
[00:36:41.018] [bmv2] [T] [thread 91871] [82.0] [cxt 0] Bytes parsed: 14
[00:36:41.018] [bmv2] [D] [thread 91871] [82.0] [cxt 0] Parser 'parser' entering state 'parse_ipv6'
[00:36:41.018] [bmv2] [D] [thread 91871] [82.0] [cxt 0] Extracting header 'ipv6'
[00:36:41.018] [bmv2] [D] [thread 91871] [82.0] [cxt 0] Parser state 'parse_ipv6': key is 11
[00:36:41.018] [bmv2] [T] [thread 91871] [82.0] [cxt 0] Bytes parsed: 54
[00:36:41.018] [bmv2] [D] [thread 91871] [82.0] [cxt 0] Parser 'parser': end
[00:36:41.018] [bmv2] [D] [thread 91871] [82.0] [cxt 0] Pipeline 'ingress': start
[00:36:41.018] [bmv2] [T] [thread 91871] [82.0] [cxt 0] basic.p4(560) Condition "hdr.ethernet.etherType == TYPE_ARP" (node_2) is false
[00:36:41.018] [bmv2] [T] [thread 91871] [82.0] [cxt 0] basic.p4(563) Condition "hdr.ethernet.etherType == TYPE_SRCROUTING" (node_4) is false
[00:36:41.018] [bmv2] [T] [thread 91871] [82.0] [cxt 0] basic.p4(576) Condition "hdr.ethernet.etherType == TYPE_YEQUDESU" (node_12) is false
[00:36:41.018] [bmv2] [T] [thread 91871] [82.0] [cxt 0] basic.p4(582) Condition "hdr.vxlan.isValid()" (node_15) is false
[00:36:41.018] [bmv2] [T] [thread 91871] [82.0] [cxt 0] basic.p4(586) Condition "hdr.ipv6.isValid()" (node_17) is true
[00:36:41.018] [bmv2] [T] [thread 91871] [82.0] [cxt 0] Applying table 'MyIngress.ipv6_lpm'
[00:36:41.018] [bmv2] [D] [thread 91871] [82.0] [cxt 0] Looking up key:
* hdr.ipv6.dstAddr    : ff0200000000000000000000000000fb

[00:36:41.018] [bmv2] [D] [thread 91871] [82.0] [cxt 0] Table 'MyIngress.ipv6_lpm': miss
[00:36:41.018] [bmv2] [D] [thread 91871] [82.0] [cxt 0] Action entry is NoAction - 
[00:36:41.018] [bmv2] [T] [thread 91871] [82.0] [cxt 0] Action NoAction
[00:36:41.018] [bmv2] [D] [thread 91871] [82.0] [cxt 0] Pipeline 'ingress': end
[00:36:41.018] [bmv2] [D] [thread 91871] [82.0] [cxt 0] Egress port is 0
[00:36:41.018] [bmv2] [D] [thread 91872] [82.0] [cxt 0] Pipeline 'egress': start
[00:36:41.018] [bmv2] [T] [thread 91872] [82.0] [cxt 0] basic.p4(684) Condition "standard_metadata.mcast_grp != 0" (node_28) is false
[00:36:41.018] [bmv2] [D] [thread 91872] [82.0] [cxt 0] Pipeline 'egress': end
[00:36:41.018] [bmv2] [D] [thread 91872] [82.0] [cxt 0] Deparser 'deparser': start
[00:36:41.018] [bmv2] [T] [thread 91872] [82.0] [cxt 0] Skipping checksum 'cksum' update because condition not met
[00:36:41.018] [bmv2] [D] [thread 91872] [82.0] [cxt 0] Deparsing header 'ethernet'
[00:36:41.018] [bmv2] [D] [thread 91872] [82.0] [cxt 0] Deparsing header 'ipv6'
[00:36:41.018] [bmv2] [D] [thread 91872] [82.0] [cxt 0] Deparser 'deparser': end
[00:36:41.018] [bmv2] [D] [thread 91876] [82.0] [cxt 0] Transmitting packet of size 199 out of port 0
[00:36:41.021] [bmv2] [D] [thread 91871] [83.0] [cxt 0] Processing packet received on port 1
[00:36:41.021] [bmv2] [D] [thread 91871] [83.0] [cxt 0] Parser 'parser': start
[00:36:41.021] [bmv2] [D] [thread 91871] [83.0] [cxt 0] Parser 'parser' entering state 'start'
[00:36:41.021] [bmv2] [D] [thread 91871] [83.0] [cxt 0] Extracting header 'ethernet'
[00:36:41.021] [bmv2] [D] [thread 91871] [83.0] [cxt 0] Parser state 'start': key is 86dd
[00:36:41.021] [bmv2] [T] [thread 91871] [83.0] [cxt 0] Bytes parsed: 14
[00:36:41.021] [bmv2] [D] [thread 91871] [83.0] [cxt 0] Parser 'parser' entering state 'parse_ipv6'
[00:36:41.021] [bmv2] [D] [thread 91871] [83.0] [cxt 0] Extracting header 'ipv6'
[00:36:41.021] [bmv2] [D] [thread 91871] [83.0] [cxt 0] Parser state 'parse_ipv6': key is 00
[00:36:41.021] [bmv2] [T] [thread 91871] [83.0] [cxt 0] Bytes parsed: 54
[00:36:41.021] [bmv2] [D] [thread 91871] [83.0] [cxt 0] Parser 'parser': end
[00:36:41.021] [bmv2] [D] [thread 91871] [83.0] [cxt 0] Pipeline 'ingress': start
[00:36:41.021] [bmv2] [T] [thread 91871] [83.0] [cxt 0] basic.p4(560) Condition "hdr.ethernet.etherType == TYPE_ARP" (node_2) is false
[00:36:41.021] [bmv2] [T] [thread 91871] [83.0] [cxt 0] basic.p4(563) Condition "hdr.ethernet.etherType == TYPE_SRCROUTING" (node_4) is false
[00:36:41.021] [bmv2] [T] [thread 91871] [83.0] [cxt 0] basic.p4(576) Condition "hdr.ethernet.etherType == TYPE_YEQUDESU" (node_12) is false
[00:36:41.021] [bmv2] [T] [thread 91871] [83.0] [cxt 0] basic.p4(582) Condition "hdr.vxlan.isValid()" (node_15) is false
[00:36:41.021] [bmv2] [T] [thread 91871] [83.0] [cxt 0] basic.p4(586) Condition "hdr.ipv6.isValid()" (node_17) is true
[00:36:41.021] [bmv2] [T] [thread 91871] [83.0] [cxt 0] Applying table 'MyIngress.ipv6_lpm'
[00:36:41.021] [bmv2] [D] [thread 91871] [83.0] [cxt 0] Looking up key:
* hdr.ipv6.dstAddr    : ff020000000000000000000000000016

[00:36:41.021] [bmv2] [D] [thread 91871] [83.0] [cxt 0] Table 'MyIngress.ipv6_lpm': miss
[00:36:41.021] [bmv2] [D] [thread 91871] [83.0] [cxt 0] Action entry is NoAction - 
[00:36:41.021] [bmv2] [T] [thread 91871] [83.0] [cxt 0] Action NoAction
[00:36:41.021] [bmv2] [D] [thread 91871] [83.0] [cxt 0] Pipeline 'ingress': end
[00:36:41.021] [bmv2] [D] [thread 91871] [83.0] [cxt 0] Egress port is 0
[00:36:41.021] [bmv2] [D] [thread 91872] [83.0] [cxt 0] Pipeline 'egress': start
[00:36:41.021] [bmv2] [T] [thread 91872] [83.0] [cxt 0] basic.p4(684) Condition "standard_metadata.mcast_grp != 0" (node_28) is false
[00:36:41.021] [bmv2] [D] [thread 91872] [83.0] [cxt 0] Pipeline 'egress': end
[00:36:41.021] [bmv2] [D] [thread 91872] [83.0] [cxt 0] Deparser 'deparser': start
[00:36:41.021] [bmv2] [T] [thread 91872] [83.0] [cxt 0] Skipping checksum 'cksum' update because condition not met
[00:36:41.021] [bmv2] [D] [thread 91872] [83.0] [cxt 0] Deparsing header 'ethernet'
[00:36:41.021] [bmv2] [D] [thread 91872] [83.0] [cxt 0] Deparsing header 'ipv6'
[00:36:41.021] [bmv2] [D] [thread 91872] [83.0] [cxt 0] Deparser 'deparser': end
[00:36:41.022] [bmv2] [D] [thread 91876] [83.0] [cxt 0] Transmitting packet of size 110 out of port 0
[00:36:41.037] [bmv2] [D] [thread 91871] [84.0] [cxt 0] Processing packet received on port 3
[00:36:41.037] [bmv2] [D] [thread 91871] [84.0] [cxt 0] Parser 'parser': start
[00:36:41.037] [bmv2] [D] [thread 91871] [84.0] [cxt 0] Parser 'parser' entering state 'start'
[00:36:41.037] [bmv2] [D] [thread 91871] [84.0] [cxt 0] Extracting header 'ethernet'
[00:36:41.037] [bmv2] [D] [thread 91871] [84.0] [cxt 0] Parser state 'start': key is 86dd
[00:36:41.037] [bmv2] [T] [thread 91871] [84.0] [cxt 0] Bytes parsed: 14
[00:36:41.037] [bmv2] [D] [thread 91871] [84.0] [cxt 0] Parser 'parser' entering state 'parse_ipv6'
[00:36:41.037] [bmv2] [D] [thread 91871] [84.0] [cxt 0] Extracting header 'ipv6'
[00:36:41.037] [bmv2] [D] [thread 91871] [84.0] [cxt 0] Parser state 'parse_ipv6': key is 00
[00:36:41.037] [bmv2] [T] [thread 91871] [84.0] [cxt 0] Bytes parsed: 54
[00:36:41.037] [bmv2] [D] [thread 91871] [84.0] [cxt 0] Parser 'parser': end
[00:36:41.037] [bmv2] [D] [thread 91871] [84.0] [cxt 0] Pipeline 'ingress': start
[00:36:41.037] [bmv2] [T] [thread 91871] [84.0] [cxt 0] basic.p4(560) Condition "hdr.ethernet.etherType == TYPE_ARP" (node_2) is false
[00:36:41.037] [bmv2] [T] [thread 91871] [84.0] [cxt 0] basic.p4(563) Condition "hdr.ethernet.etherType == TYPE_SRCROUTING" (node_4) is false
[00:36:41.037] [bmv2] [T] [thread 91871] [84.0] [cxt 0] basic.p4(576) Condition "hdr.ethernet.etherType == TYPE_YEQUDESU" (node_12) is false
[00:36:41.037] [bmv2] [T] [thread 91871] [84.0] [cxt 0] basic.p4(582) Condition "hdr.vxlan.isValid()" (node_15) is false
[00:36:41.037] [bmv2] [T] [thread 91871] [84.0] [cxt 0] basic.p4(586) Condition "hdr.ipv6.isValid()" (node_17) is true
[00:36:41.037] [bmv2] [T] [thread 91871] [84.0] [cxt 0] Applying table 'MyIngress.ipv6_lpm'
[00:36:41.037] [bmv2] [D] [thread 91871] [84.0] [cxt 0] Looking up key:
* hdr.ipv6.dstAddr    : ff020000000000000000000000000016

[00:36:41.037] [bmv2] [D] [thread 91871] [84.0] [cxt 0] Table 'MyIngress.ipv6_lpm': miss
[00:36:41.037] [bmv2] [D] [thread 91871] [84.0] [cxt 0] Action entry is NoAction - 
[00:36:41.037] [bmv2] [T] [thread 91871] [84.0] [cxt 0] Action NoAction
[00:36:41.037] [bmv2] [D] [thread 91871] [84.0] [cxt 0] Pipeline 'ingress': end
[00:36:41.037] [bmv2] [D] [thread 91871] [84.0] [cxt 0] Egress port is 0
[00:36:41.037] [bmv2] [D] [thread 91872] [84.0] [cxt 0] Pipeline 'egress': start
[00:36:41.037] [bmv2] [T] [thread 91872] [84.0] [cxt 0] basic.p4(684) Condition "standard_metadata.mcast_grp != 0" (node_28) is false
[00:36:41.037] [bmv2] [D] [thread 91872] [84.0] [cxt 0] Pipeline 'egress': end
[00:36:41.037] [bmv2] [D] [thread 91872] [84.0] [cxt 0] Deparser 'deparser': start
[00:36:41.037] [bmv2] [T] [thread 91872] [84.0] [cxt 0] Skipping checksum 'cksum' update because condition not met
[00:36:41.037] [bmv2] [D] [thread 91872] [84.0] [cxt 0] Deparsing header 'ethernet'
[00:36:41.037] [bmv2] [D] [thread 91872] [84.0] [cxt 0] Deparsing header 'ipv6'
[00:36:41.037] [bmv2] [D] [thread 91872] [84.0] [cxt 0] Deparser 'deparser': end
[00:36:41.037] [bmv2] [D] [thread 91876] [84.0] [cxt 0] Transmitting packet of size 110 out of port 0
[00:36:41.075] [bmv2] [D] [thread 91871] [85.0] [cxt 0] Processing packet received on port 2
[00:36:41.075] [bmv2] [D] [thread 91871] [85.0] [cxt 0] Parser 'parser': start
[00:36:41.075] [bmv2] [D] [thread 91871] [85.0] [cxt 0] Parser 'parser' entering state 'start'
[00:36:41.075] [bmv2] [D] [thread 91871] [85.0] [cxt 0] Extracting header 'ethernet'
[00:36:41.075] [bmv2] [D] [thread 91871] [85.0] [cxt 0] Parser state 'start': key is 86dd
[00:36:41.075] [bmv2] [T] [thread 91871] [85.0] [cxt 0] Bytes parsed: 14
[00:36:41.075] [bmv2] [D] [thread 91871] [85.0] [cxt 0] Parser 'parser' entering state 'parse_ipv6'
[00:36:41.075] [bmv2] [D] [thread 91871] [85.0] [cxt 0] Extracting header 'ipv6'
[00:36:41.075] [bmv2] [D] [thread 91871] [85.0] [cxt 0] Parser state 'parse_ipv6': key is 11
[00:36:41.075] [bmv2] [T] [thread 91871] [85.0] [cxt 0] Bytes parsed: 54
[00:36:41.075] [bmv2] [D] [thread 91871] [85.0] [cxt 0] Parser 'parser': end
[00:36:41.075] [bmv2] [D] [thread 91871] [85.0] [cxt 0] Pipeline 'ingress': start
[00:36:41.075] [bmv2] [T] [thread 91871] [85.0] [cxt 0] basic.p4(560) Condition "hdr.ethernet.etherType == TYPE_ARP" (node_2) is false
[00:36:41.075] [bmv2] [T] [thread 91871] [85.0] [cxt 0] basic.p4(563) Condition "hdr.ethernet.etherType == TYPE_SRCROUTING" (node_4) is false
[00:36:41.075] [bmv2] [T] [thread 91871] [85.0] [cxt 0] basic.p4(576) Condition "hdr.ethernet.etherType == TYPE_YEQUDESU" (node_12) is false
[00:36:41.076] [bmv2] [T] [thread 91871] [85.0] [cxt 0] basic.p4(582) Condition "hdr.vxlan.isValid()" (node_15) is false
[00:36:41.076] [bmv2] [T] [thread 91871] [85.0] [cxt 0] basic.p4(586) Condition "hdr.ipv6.isValid()" (node_17) is true
[00:36:41.076] [bmv2] [T] [thread 91871] [85.0] [cxt 0] Applying table 'MyIngress.ipv6_lpm'
[00:36:41.076] [bmv2] [D] [thread 91871] [85.0] [cxt 0] Looking up key:
* hdr.ipv6.dstAddr    : ff0200000000000000000000000000fb

[00:36:41.076] [bmv2] [D] [thread 91871] [85.0] [cxt 0] Table 'MyIngress.ipv6_lpm': miss
[00:36:41.076] [bmv2] [D] [thread 91871] [85.0] [cxt 0] Action entry is NoAction - 
[00:36:41.076] [bmv2] [T] [thread 91871] [85.0] [cxt 0] Action NoAction
[00:36:41.076] [bmv2] [D] [thread 91871] [85.0] [cxt 0] Pipeline 'ingress': end
[00:36:41.076] [bmv2] [D] [thread 91871] [85.0] [cxt 0] Egress port is 0
[00:36:41.076] [bmv2] [D] [thread 91871] [86.0] [cxt 0] Processing packet received on port 5
[00:36:41.076] [bmv2] [D] [thread 91871] [86.0] [cxt 0] Parser 'parser': start
[00:36:41.076] [bmv2] [D] [thread 91871] [86.0] [cxt 0] Parser 'parser' entering state 'start'
[00:36:41.076] [bmv2] [D] [thread 91871] [86.0] [cxt 0] Extracting header 'ethernet'
[00:36:41.076] [bmv2] [D] [thread 91871] [86.0] [cxt 0] Parser state 'start': key is 86dd
[00:36:41.076] [bmv2] [T] [thread 91871] [86.0] [cxt 0] Bytes parsed: 14
[00:36:41.076] [bmv2] [D] [thread 91871] [86.0] [cxt 0] Parser 'parser' entering state 'parse_ipv6'
[00:36:41.076] [bmv2] [D] [thread 91871] [86.0] [cxt 0] Extracting header 'ipv6'
[00:36:41.076] [bmv2] [D] [thread 91871] [86.0] [cxt 0] Parser state 'parse_ipv6': key is 11
[00:36:41.076] [bmv2] [T] [thread 91871] [86.0] [cxt 0] Bytes parsed: 54
[00:36:41.076] [bmv2] [D] [thread 91871] [86.0] [cxt 0] Parser 'parser': end
[00:36:41.076] [bmv2] [D] [thread 91871] [86.0] [cxt 0] Pipeline 'ingress': start
[00:36:41.076] [bmv2] [T] [thread 91871] [86.0] [cxt 0] basic.p4(560) Condition "hdr.ethernet.etherType == TYPE_ARP" (node_2) is false
[00:36:41.076] [bmv2] [T] [thread 91871] [86.0] [cxt 0] basic.p4(563) Condition "hdr.ethernet.etherType == TYPE_SRCROUTING" (node_4) is false
[00:36:41.076] [bmv2] [T] [thread 91871] [86.0] [cxt 0] basic.p4(576) Condition "hdr.ethernet.etherType == TYPE_YEQUDESU" (node_12) is false
[00:36:41.076] [bmv2] [T] [thread 91871] [86.0] [cxt 0] basic.p4(582) Condition "hdr.vxlan.isValid()" (node_15) is false
[00:36:41.076] [bmv2] [T] [thread 91871] [86.0] [cxt 0] basic.p4(586) Condition "hdr.ipv6.isValid()" (node_17) is true
[00:36:41.076] [bmv2] [T] [thread 91871] [86.0] [cxt 0] Applying table 'MyIngress.ipv6_lpm'
[00:36:41.076] [bmv2] [D] [thread 91871] [86.0] [cxt 0] Looking up key:
* hdr.ipv6.dstAddr    : ff0200000000000000000000000000fb

[00:36:41.076] [bmv2] [D] [thread 91871] [86.0] [cxt 0] Table 'MyIngress.ipv6_lpm': miss
[00:36:41.076] [bmv2] [D] [thread 91871] [86.0] [cxt 0] Action entry is NoAction - 
[00:36:41.076] [bmv2] [T] [thread 91871] [86.0] [cxt 0] Action NoAction
[00:36:41.076] [bmv2] [D] [thread 91871] [86.0] [cxt 0] Pipeline 'ingress': end
[00:36:41.076] [bmv2] [D] [thread 91871] [86.0] [cxt 0] Egress port is 0
[00:36:41.076] [bmv2] [D] [thread 91872] [85.0] [cxt 0] Pipeline 'egress': start
[00:36:41.076] [bmv2] [T] [thread 91872] [85.0] [cxt 0] basic.p4(684) Condition "standard_metadata.mcast_grp != 0" (node_28) is false
[00:36:41.076] [bmv2] [D] [thread 91872] [85.0] [cxt 0] Pipeline 'egress': end
[00:36:41.076] [bmv2] [D] [thread 91872] [85.0] [cxt 0] Deparser 'deparser': start
[00:36:41.076] [bmv2] [T] [thread 91872] [85.0] [cxt 0] Skipping checksum 'cksum' update because condition not met
[00:36:41.076] [bmv2] [D] [thread 91872] [85.0] [cxt 0] Deparsing header 'ethernet'
[00:36:41.076] [bmv2] [D] [thread 91872] [85.0] [cxt 0] Deparsing header 'ipv6'
[00:36:41.076] [bmv2] [D] [thread 91872] [85.0] [cxt 0] Deparser 'deparser': end
[00:36:41.076] [bmv2] [D] [thread 91872] [86.0] [cxt 0] Pipeline 'egress': start
[00:36:41.076] [bmv2] [T] [thread 91872] [86.0] [cxt 0] basic.p4(684) Condition "standard_metadata.mcast_grp != 0" (node_28) is false
[00:36:41.076] [bmv2] [D] [thread 91872] [86.0] [cxt 0] Pipeline 'egress': end
[00:36:41.076] [bmv2] [D] [thread 91872] [86.0] [cxt 0] Deparser 'deparser': start
[00:36:41.076] [bmv2] [T] [thread 91872] [86.0] [cxt 0] Skipping checksum 'cksum' update because condition not met
[00:36:41.076] [bmv2] [D] [thread 91872] [86.0] [cxt 0] Deparsing header 'ethernet'
[00:36:41.076] [bmv2] [D] [thread 91872] [86.0] [cxt 0] Deparsing header 'ipv6'
[00:36:41.076] [bmv2] [D] [thread 91872] [86.0] [cxt 0] Deparser 'deparser': end
[00:36:41.076] [bmv2] [D] [thread 91876] [85.0] [cxt 0] Transmitting packet of size 211 out of port 0
[00:36:41.076] [bmv2] [D] [thread 91876] [86.0] [cxt 0] Transmitting packet of size 211 out of port 0
[00:36:41.101] [bmv2] [D] [thread 91871] [87.0] [cxt 0] Processing packet received on port 4
[00:36:41.101] [bmv2] [D] [thread 91871] [87.0] [cxt 0] Parser 'parser': start
[00:36:41.101] [bmv2] [D] [thread 91871] [87.0] [cxt 0] Parser 'parser' entering state 'start'
[00:36:41.101] [bmv2] [D] [thread 91871] [87.0] [cxt 0] Extracting header 'ethernet'
[00:36:41.101] [bmv2] [D] [thread 91871] [87.0] [cxt 0] Parser state 'start': key is 86dd
[00:36:41.101] [bmv2] [T] [thread 91871] [87.0] [cxt 0] Bytes parsed: 14
[00:36:41.101] [bmv2] [D] [thread 91871] [87.0] [cxt 0] Parser 'parser' entering state 'parse_ipv6'
[00:36:41.101] [bmv2] [D] [thread 91871] [87.0] [cxt 0] Extracting header 'ipv6'
[00:36:41.101] [bmv2] [D] [thread 91871] [87.0] [cxt 0] Parser state 'parse_ipv6': key is 00
[00:36:41.101] [bmv2] [T] [thread 91871] [87.0] [cxt 0] Bytes parsed: 54
[00:36:41.101] [bmv2] [D] [thread 91871] [87.0] [cxt 0] Parser 'parser': end
[00:36:41.101] [bmv2] [D] [thread 91871] [87.0] [cxt 0] Pipeline 'ingress': start
[00:36:41.101] [bmv2] [T] [thread 91871] [87.0] [cxt 0] basic.p4(560) Condition "hdr.ethernet.etherType == TYPE_ARP" (node_2) is false
[00:36:41.101] [bmv2] [T] [thread 91871] [87.0] [cxt 0] basic.p4(563) Condition "hdr.ethernet.etherType == TYPE_SRCROUTING" (node_4) is false
[00:36:41.102] [bmv2] [T] [thread 91871] [87.0] [cxt 0] basic.p4(576) Condition "hdr.ethernet.etherType == TYPE_YEQUDESU" (node_12) is false
[00:36:41.102] [bmv2] [T] [thread 91871] [87.0] [cxt 0] basic.p4(582) Condition "hdr.vxlan.isValid()" (node_15) is false
[00:36:41.102] [bmv2] [T] [thread 91871] [87.0] [cxt 0] basic.p4(586) Condition "hdr.ipv6.isValid()" (node_17) is true
[00:36:41.102] [bmv2] [T] [thread 91871] [87.0] [cxt 0] Applying table 'MyIngress.ipv6_lpm'
[00:36:41.102] [bmv2] [D] [thread 91871] [87.0] [cxt 0] Looking up key:
* hdr.ipv6.dstAddr    : ff020000000000000000000000000016

[00:36:41.102] [bmv2] [D] [thread 91871] [87.0] [cxt 0] Table 'MyIngress.ipv6_lpm': miss
[00:36:41.102] [bmv2] [D] [thread 91871] [87.0] [cxt 0] Action entry is NoAction - 
[00:36:41.102] [bmv2] [T] [thread 91871] [87.0] [cxt 0] Action NoAction
[00:36:41.102] [bmv2] [D] [thread 91871] [87.0] [cxt 0] Pipeline 'ingress': end
[00:36:41.102] [bmv2] [D] [thread 91871] [87.0] [cxt 0] Egress port is 0
[00:36:41.102] [bmv2] [D] [thread 91872] [87.0] [cxt 0] Pipeline 'egress': start
[00:36:41.102] [bmv2] [T] [thread 91872] [87.0] [cxt 0] basic.p4(684) Condition "standard_metadata.mcast_grp != 0" (node_28) is false
[00:36:41.102] [bmv2] [D] [thread 91872] [87.0] [cxt 0] Pipeline 'egress': end
[00:36:41.102] [bmv2] [D] [thread 91872] [87.0] [cxt 0] Deparser 'deparser': start
[00:36:41.102] [bmv2] [T] [thread 91872] [87.0] [cxt 0] Skipping checksum 'cksum' update because condition not met
[00:36:41.102] [bmv2] [D] [thread 91872] [87.0] [cxt 0] Deparsing header 'ethernet'
[00:36:41.102] [bmv2] [D] [thread 91872] [87.0] [cxt 0] Deparsing header 'ipv6'
[00:36:41.102] [bmv2] [D] [thread 91872] [87.0] [cxt 0] Deparser 'deparser': end
[00:36:41.102] [bmv2] [D] [thread 91876] [87.0] [cxt 0] Transmitting packet of size 110 out of port 0
[00:36:41.118] [bmv2] [D] [thread 91871] [88.0] [cxt 0] Processing packet received on port 4
[00:36:41.118] [bmv2] [D] [thread 91871] [88.0] [cxt 0] Parser 'parser': start
[00:36:41.118] [bmv2] [D] [thread 91871] [88.0] [cxt 0] Parser 'parser' entering state 'start'
[00:36:41.118] [bmv2] [D] [thread 91871] [88.0] [cxt 0] Extracting header 'ethernet'
[00:36:41.118] [bmv2] [D] [thread 91871] [88.0] [cxt 0] Parser state 'start': key is 86dd
[00:36:41.118] [bmv2] [T] [thread 91871] [88.0] [cxt 0] Bytes parsed: 14
[00:36:41.118] [bmv2] [D] [thread 91871] [88.0] [cxt 0] Parser 'parser' entering state 'parse_ipv6'
[00:36:41.118] [bmv2] [D] [thread 91871] [88.0] [cxt 0] Extracting header 'ipv6'
[00:36:41.118] [bmv2] [D] [thread 91871] [88.0] [cxt 0] Parser state 'parse_ipv6': key is 11
[00:36:41.118] [bmv2] [T] [thread 91871] [88.0] [cxt 0] Bytes parsed: 54
[00:36:41.118] [bmv2] [D] [thread 91871] [88.0] [cxt 0] Parser 'parser': end
[00:36:41.118] [bmv2] [D] [thread 91871] [88.0] [cxt 0] Pipeline 'ingress': start
[00:36:41.118] [bmv2] [T] [thread 91871] [88.0] [cxt 0] basic.p4(560) Condition "hdr.ethernet.etherType == TYPE_ARP" (node_2) is false
[00:36:41.118] [bmv2] [T] [thread 91871] [88.0] [cxt 0] basic.p4(563) Condition "hdr.ethernet.etherType == TYPE_SRCROUTING" (node_4) is false
[00:36:41.118] [bmv2] [T] [thread 91871] [88.0] [cxt 0] basic.p4(576) Condition "hdr.ethernet.etherType == TYPE_YEQUDESU" (node_12) is false
[00:36:41.118] [bmv2] [T] [thread 91871] [88.0] [cxt 0] basic.p4(582) Condition "hdr.vxlan.isValid()" (node_15) is false
[00:36:41.118] [bmv2] [T] [thread 91871] [88.0] [cxt 0] basic.p4(586) Condition "hdr.ipv6.isValid()" (node_17) is true
[00:36:41.118] [bmv2] [T] [thread 91871] [88.0] [cxt 0] Applying table 'MyIngress.ipv6_lpm'
[00:36:41.118] [bmv2] [D] [thread 91871] [88.0] [cxt 0] Looking up key:
* hdr.ipv6.dstAddr    : ff0200000000000000000000000000fb

[00:36:41.118] [bmv2] [D] [thread 91871] [88.0] [cxt 0] Table 'MyIngress.ipv6_lpm': miss
[00:36:41.118] [bmv2] [D] [thread 91871] [88.0] [cxt 0] Action entry is NoAction - 
[00:36:41.118] [bmv2] [T] [thread 91871] [88.0] [cxt 0] Action NoAction
[00:36:41.118] [bmv2] [D] [thread 91871] [88.0] [cxt 0] Pipeline 'ingress': end
[00:36:41.118] [bmv2] [D] [thread 91871] [88.0] [cxt 0] Egress port is 0
[00:36:41.118] [bmv2] [D] [thread 91872] [88.0] [cxt 0] Pipeline 'egress': start
[00:36:41.118] [bmv2] [T] [thread 91872] [88.0] [cxt 0] basic.p4(684) Condition "standard_metadata.mcast_grp != 0" (node_28) is false
[00:36:41.118] [bmv2] [D] [thread 91872] [88.0] [cxt 0] Pipeline 'egress': end
[00:36:41.118] [bmv2] [D] [thread 91872] [88.0] [cxt 0] Deparser 'deparser': start
[00:36:41.118] [bmv2] [T] [thread 91872] [88.0] [cxt 0] Skipping checksum 'cksum' update because condition not met
[00:36:41.118] [bmv2] [D] [thread 91872] [88.0] [cxt 0] Deparsing header 'ethernet'
[00:36:41.118] [bmv2] [D] [thread 91872] [88.0] [cxt 0] Deparsing header 'ipv6'
[00:36:41.118] [bmv2] [D] [thread 91872] [88.0] [cxt 0] Deparser 'deparser': end
[00:36:41.118] [bmv2] [D] [thread 91876] [88.0] [cxt 0] Transmitting packet of size 203 out of port 0
[00:36:41.140] [bmv2] [D] [thread 91871] [89.0] [cxt 0] Processing packet received on port 1
[00:36:41.140] [bmv2] [D] [thread 91871] [89.0] [cxt 0] Parser 'parser': start
[00:36:41.140] [bmv2] [D] [thread 91871] [89.0] [cxt 0] Parser 'parser' entering state 'start'
[00:36:41.140] [bmv2] [D] [thread 91871] [89.0] [cxt 0] Extracting header 'ethernet'
[00:36:41.140] [bmv2] [D] [thread 91871] [89.0] [cxt 0] Parser state 'start': key is 86dd
[00:36:41.140] [bmv2] [T] [thread 91871] [89.0] [cxt 0] Bytes parsed: 14
[00:36:41.140] [bmv2] [D] [thread 91871] [89.0] [cxt 0] Parser 'parser' entering state 'parse_ipv6'
[00:36:41.140] [bmv2] [D] [thread 91871] [89.0] [cxt 0] Extracting header 'ipv6'
[00:36:41.140] [bmv2] [D] [thread 91871] [89.0] [cxt 0] Parser state 'parse_ipv6': key is 11
[00:36:41.140] [bmv2] [T] [thread 91871] [89.0] [cxt 0] Bytes parsed: 54
[00:36:41.140] [bmv2] [D] [thread 91871] [89.0] [cxt 0] Parser 'parser': end
[00:36:41.140] [bmv2] [D] [thread 91871] [89.0] [cxt 0] Pipeline 'ingress': start
[00:36:41.140] [bmv2] [T] [thread 91871] [89.0] [cxt 0] basic.p4(560) Condition "hdr.ethernet.etherType == TYPE_ARP" (node_2) is false
[00:36:41.140] [bmv2] [T] [thread 91871] [89.0] [cxt 0] basic.p4(563) Condition "hdr.ethernet.etherType == TYPE_SRCROUTING" (node_4) is false
[00:36:41.140] [bmv2] [T] [thread 91871] [89.0] [cxt 0] basic.p4(576) Condition "hdr.ethernet.etherType == TYPE_YEQUDESU" (node_12) is false
[00:36:41.140] [bmv2] [T] [thread 91871] [89.0] [cxt 0] basic.p4(582) Condition "hdr.vxlan.isValid()" (node_15) is false
[00:36:41.140] [bmv2] [T] [thread 91871] [89.0] [cxt 0] basic.p4(586) Condition "hdr.ipv6.isValid()" (node_17) is true
[00:36:41.140] [bmv2] [T] [thread 91871] [89.0] [cxt 0] Applying table 'MyIngress.ipv6_lpm'
[00:36:41.140] [bmv2] [D] [thread 91871] [89.0] [cxt 0] Looking up key:
* hdr.ipv6.dstAddr    : ff0200000000000000000000000000fb

[00:36:41.140] [bmv2] [D] [thread 91871] [89.0] [cxt 0] Table 'MyIngress.ipv6_lpm': miss
[00:36:41.140] [bmv2] [D] [thread 91871] [89.0] [cxt 0] Action entry is NoAction - 
[00:36:41.140] [bmv2] [T] [thread 91871] [89.0] [cxt 0] Action NoAction
[00:36:41.140] [bmv2] [D] [thread 91871] [89.0] [cxt 0] Pipeline 'ingress': end
[00:36:41.140] [bmv2] [D] [thread 91871] [89.0] [cxt 0] Egress port is 0
[00:36:41.140] [bmv2] [D] [thread 91872] [89.0] [cxt 0] Pipeline 'egress': start
[00:36:41.140] [bmv2] [T] [thread 91872] [89.0] [cxt 0] basic.p4(684) Condition "standard_metadata.mcast_grp != 0" (node_28) is false
[00:36:41.140] [bmv2] [D] [thread 91872] [89.0] [cxt 0] Pipeline 'egress': end
[00:36:41.140] [bmv2] [D] [thread 91872] [89.0] [cxt 0] Deparser 'deparser': start
[00:36:41.140] [bmv2] [T] [thread 91872] [89.0] [cxt 0] Skipping checksum 'cksum' update because condition not met
[00:36:41.140] [bmv2] [D] [thread 91872] [89.0] [cxt 0] Deparsing header 'ethernet'
[00:36:41.140] [bmv2] [D] [thread 91872] [89.0] [cxt 0] Deparsing header 'ipv6'
[00:36:41.140] [bmv2] [D] [thread 91872] [89.0] [cxt 0] Deparser 'deparser': end
[00:36:41.140] [bmv2] [D] [thread 91876] [89.0] [cxt 0] Transmitting packet of size 211 out of port 0
[00:36:41.166] [bmv2] [D] [thread 91871] [90.0] [cxt 0] Processing packet received on port 5
[00:36:41.166] [bmv2] [D] [thread 91871] [90.0] [cxt 0] Parser 'parser': start
[00:36:41.166] [bmv2] [D] [thread 91871] [90.0] [cxt 0] Parser 'parser' entering state 'start'
[00:36:41.166] [bmv2] [D] [thread 91871] [90.0] [cxt 0] Extracting header 'ethernet'
[00:36:41.166] [bmv2] [D] [thread 91871] [90.0] [cxt 0] Parser state 'start': key is 86dd
[00:36:41.166] [bmv2] [T] [thread 91871] [90.0] [cxt 0] Bytes parsed: 14
[00:36:41.166] [bmv2] [D] [thread 91871] [90.0] [cxt 0] Parser 'parser' entering state 'parse_ipv6'
[00:36:41.166] [bmv2] [D] [thread 91871] [90.0] [cxt 0] Extracting header 'ipv6'
[00:36:41.166] [bmv2] [D] [thread 91871] [90.0] [cxt 0] Parser state 'parse_ipv6': key is 00
[00:36:41.166] [bmv2] [T] [thread 91871] [90.0] [cxt 0] Bytes parsed: 54
[00:36:41.166] [bmv2] [D] [thread 91871] [90.0] [cxt 0] Parser 'parser': end
[00:36:41.166] [bmv2] [D] [thread 91871] [90.0] [cxt 0] Pipeline 'ingress': start
[00:36:41.166] [bmv2] [T] [thread 91871] [90.0] [cxt 0] basic.p4(560) Condition "hdr.ethernet.etherType == TYPE_ARP" (node_2) is false
[00:36:41.166] [bmv2] [T] [thread 91871] [90.0] [cxt 0] basic.p4(563) Condition "hdr.ethernet.etherType == TYPE_SRCROUTING" (node_4) is false
[00:36:41.166] [bmv2] [T] [thread 91871] [90.0] [cxt 0] basic.p4(576) Condition "hdr.ethernet.etherType == TYPE_YEQUDESU" (node_12) is false
[00:36:41.166] [bmv2] [T] [thread 91871] [90.0] [cxt 0] basic.p4(582) Condition "hdr.vxlan.isValid()" (node_15) is false
[00:36:41.166] [bmv2] [T] [thread 91871] [90.0] [cxt 0] basic.p4(586) Condition "hdr.ipv6.isValid()" (node_17) is true
[00:36:41.166] [bmv2] [T] [thread 91871] [90.0] [cxt 0] Applying table 'MyIngress.ipv6_lpm'
[00:36:41.166] [bmv2] [D] [thread 91871] [90.0] [cxt 0] Looking up key:
* hdr.ipv6.dstAddr    : ff020000000000000000000000000016

[00:36:41.166] [bmv2] [D] [thread 91871] [90.0] [cxt 0] Table 'MyIngress.ipv6_lpm': miss
[00:36:41.166] [bmv2] [D] [thread 91871] [90.0] [cxt 0] Action entry is NoAction - 
[00:36:41.166] [bmv2] [T] [thread 91871] [90.0] [cxt 0] Action NoAction
[00:36:41.166] [bmv2] [D] [thread 91871] [90.0] [cxt 0] Pipeline 'ingress': end
[00:36:41.166] [bmv2] [D] [thread 91871] [90.0] [cxt 0] Egress port is 0
[00:36:41.166] [bmv2] [D] [thread 91872] [90.0] [cxt 0] Pipeline 'egress': start
[00:36:41.166] [bmv2] [T] [thread 91872] [90.0] [cxt 0] basic.p4(684) Condition "standard_metadata.mcast_grp != 0" (node_28) is false
[00:36:41.166] [bmv2] [D] [thread 91872] [90.0] [cxt 0] Pipeline 'egress': end
[00:36:41.166] [bmv2] [D] [thread 91872] [90.0] [cxt 0] Deparser 'deparser': start
[00:36:41.166] [bmv2] [T] [thread 91872] [90.0] [cxt 0] Skipping checksum 'cksum' update because condition not met
[00:36:41.166] [bmv2] [D] [thread 91872] [90.0] [cxt 0] Deparsing header 'ethernet'
[00:36:41.166] [bmv2] [D] [thread 91872] [90.0] [cxt 0] Deparsing header 'ipv6'
[00:36:41.166] [bmv2] [D] [thread 91872] [90.0] [cxt 0] Deparser 'deparser': end
[00:36:41.166] [bmv2] [D] [thread 91876] [90.0] [cxt 0] Transmitting packet of size 110 out of port 0
[00:36:41.179] [bmv2] [D] [thread 91871] [91.0] [cxt 0] Processing packet received on port 3
[00:36:41.179] [bmv2] [D] [thread 91871] [91.0] [cxt 0] Parser 'parser': start
[00:36:41.179] [bmv2] [D] [thread 91871] [91.0] [cxt 0] Parser 'parser' entering state 'start'
[00:36:41.179] [bmv2] [D] [thread 91871] [91.0] [cxt 0] Extracting header 'ethernet'
[00:36:41.179] [bmv2] [D] [thread 91871] [91.0] [cxt 0] Parser state 'start': key is 86dd
[00:36:41.179] [bmv2] [T] [thread 91871] [91.0] [cxt 0] Bytes parsed: 14
[00:36:41.179] [bmv2] [D] [thread 91871] [91.0] [cxt 0] Parser 'parser' entering state 'parse_ipv6'
[00:36:41.179] [bmv2] [D] [thread 91871] [91.0] [cxt 0] Extracting header 'ipv6'
[00:36:41.179] [bmv2] [D] [thread 91871] [91.0] [cxt 0] Parser state 'parse_ipv6': key is 11
[00:36:41.179] [bmv2] [T] [thread 91871] [91.0] [cxt 0] Bytes parsed: 54
[00:36:41.179] [bmv2] [D] [thread 91871] [91.0] [cxt 0] Parser 'parser': end
[00:36:41.179] [bmv2] [D] [thread 91871] [91.0] [cxt 0] Pipeline 'ingress': start
[00:36:41.179] [bmv2] [T] [thread 91871] [91.0] [cxt 0] basic.p4(560) Condition "hdr.ethernet.etherType == TYPE_ARP" (node_2) is false
[00:36:41.179] [bmv2] [T] [thread 91871] [91.0] [cxt 0] basic.p4(563) Condition "hdr.ethernet.etherType == TYPE_SRCROUTING" (node_4) is false
[00:36:41.179] [bmv2] [T] [thread 91871] [91.0] [cxt 0] basic.p4(576) Condition "hdr.ethernet.etherType == TYPE_YEQUDESU" (node_12) is false
[00:36:41.179] [bmv2] [T] [thread 91871] [91.0] [cxt 0] basic.p4(582) Condition "hdr.vxlan.isValid()" (node_15) is false
[00:36:41.179] [bmv2] [T] [thread 91871] [91.0] [cxt 0] basic.p4(586) Condition "hdr.ipv6.isValid()" (node_17) is true
[00:36:41.179] [bmv2] [T] [thread 91871] [91.0] [cxt 0] Applying table 'MyIngress.ipv6_lpm'
[00:36:41.179] [bmv2] [D] [thread 91871] [91.0] [cxt 0] Looking up key:
* hdr.ipv6.dstAddr    : ff0200000000000000000000000000fb

[00:36:41.179] [bmv2] [D] [thread 91871] [91.0] [cxt 0] Table 'MyIngress.ipv6_lpm': miss
[00:36:41.179] [bmv2] [D] [thread 91871] [91.0] [cxt 0] Action entry is NoAction - 
[00:36:41.179] [bmv2] [T] [thread 91871] [91.0] [cxt 0] Action NoAction
[00:36:41.179] [bmv2] [D] [thread 91871] [91.0] [cxt 0] Pipeline 'ingress': end
[00:36:41.179] [bmv2] [D] [thread 91871] [91.0] [cxt 0] Egress port is 0
[00:36:41.179] [bmv2] [D] [thread 91872] [91.0] [cxt 0] Pipeline 'egress': start
[00:36:41.179] [bmv2] [T] [thread 91872] [91.0] [cxt 0] basic.p4(684) Condition "standard_metadata.mcast_grp != 0" (node_28) is false
[00:36:41.179] [bmv2] [D] [thread 91872] [91.0] [cxt 0] Pipeline 'egress': end
[00:36:41.179] [bmv2] [D] [thread 91872] [91.0] [cxt 0] Deparser 'deparser': start
[00:36:41.179] [bmv2] [T] [thread 91872] [91.0] [cxt 0] Skipping checksum 'cksum' update because condition not met
[00:36:41.179] [bmv2] [D] [thread 91872] [91.0] [cxt 0] Deparsing header 'ethernet'
[00:36:41.179] [bmv2] [D] [thread 91872] [91.0] [cxt 0] Deparsing header 'ipv6'
[00:36:41.179] [bmv2] [D] [thread 91872] [91.0] [cxt 0] Deparser 'deparser': end
[00:36:41.179] [bmv2] [D] [thread 91876] [91.0] [cxt 0] Transmitting packet of size 203 out of port 0
[00:36:41.268] [bmv2] [D] [thread 91871] [92.0] [cxt 0] Processing packet received on port 2
[00:36:41.268] [bmv2] [D] [thread 91871] [92.0] [cxt 0] Parser 'parser': start
[00:36:41.268] [bmv2] [D] [thread 91871] [92.0] [cxt 0] Parser 'parser' entering state 'start'
[00:36:41.268] [bmv2] [D] [thread 91871] [92.0] [cxt 0] Extracting header 'ethernet'
[00:36:41.268] [bmv2] [D] [thread 91871] [92.0] [cxt 0] Parser state 'start': key is 86dd
[00:36:41.268] [bmv2] [T] [thread 91871] [92.0] [cxt 0] Bytes parsed: 14
[00:36:41.268] [bmv2] [D] [thread 91871] [92.0] [cxt 0] Parser 'parser' entering state 'parse_ipv6'
[00:36:41.268] [bmv2] [D] [thread 91871] [92.0] [cxt 0] Extracting header 'ipv6'
[00:36:41.268] [bmv2] [D] [thread 91871] [92.0] [cxt 0] Parser state 'parse_ipv6': key is 11
[00:36:41.268] [bmv2] [T] [thread 91871] [92.0] [cxt 0] Bytes parsed: 54
[00:36:41.268] [bmv2] [D] [thread 91871] [92.0] [cxt 0] Parser 'parser': end
[00:36:41.268] [bmv2] [D] [thread 91871] [92.0] [cxt 0] Pipeline 'ingress': start
[00:36:41.268] [bmv2] [T] [thread 91871] [92.0] [cxt 0] basic.p4(560) Condition "hdr.ethernet.etherType == TYPE_ARP" (node_2) is false
[00:36:41.268] [bmv2] [T] [thread 91871] [92.0] [cxt 0] basic.p4(563) Condition "hdr.ethernet.etherType == TYPE_SRCROUTING" (node_4) is false
[00:36:41.268] [bmv2] [T] [thread 91871] [92.0] [cxt 0] basic.p4(576) Condition "hdr.ethernet.etherType == TYPE_YEQUDESU" (node_12) is false
[00:36:41.268] [bmv2] [T] [thread 91871] [92.0] [cxt 0] basic.p4(582) Condition "hdr.vxlan.isValid()" (node_15) is false
[00:36:41.268] [bmv2] [T] [thread 91871] [92.0] [cxt 0] basic.p4(586) Condition "hdr.ipv6.isValid()" (node_17) is true
[00:36:41.268] [bmv2] [T] [thread 91871] [92.0] [cxt 0] Applying table 'MyIngress.ipv6_lpm'
[00:36:41.268] [bmv2] [D] [thread 91871] [92.0] [cxt 0] Looking up key:
* hdr.ipv6.dstAddr    : ff0200000000000000000000000000fb

[00:36:41.268] [bmv2] [D] [thread 91871] [92.0] [cxt 0] Table 'MyIngress.ipv6_lpm': miss
[00:36:41.268] [bmv2] [D] [thread 91871] [92.0] [cxt 0] Action entry is NoAction - 
[00:36:41.268] [bmv2] [T] [thread 91871] [92.0] [cxt 0] Action NoAction
[00:36:41.268] [bmv2] [D] [thread 91871] [92.0] [cxt 0] Pipeline 'ingress': end
[00:36:41.268] [bmv2] [D] [thread 91871] [92.0] [cxt 0] Egress port is 0
[00:36:41.268] [bmv2] [D] [thread 91872] [92.0] [cxt 0] Pipeline 'egress': start
[00:36:41.268] [bmv2] [T] [thread 91872] [92.0] [cxt 0] basic.p4(684) Condition "standard_metadata.mcast_grp != 0" (node_28) is false
[00:36:41.268] [bmv2] [D] [thread 91872] [92.0] [cxt 0] Pipeline 'egress': end
[00:36:41.268] [bmv2] [D] [thread 91872] [92.0] [cxt 0] Deparser 'deparser': start
[00:36:41.268] [bmv2] [T] [thread 91872] [92.0] [cxt 0] Skipping checksum 'cksum' update because condition not met
[00:36:41.268] [bmv2] [D] [thread 91872] [92.0] [cxt 0] Deparsing header 'ethernet'
[00:36:41.268] [bmv2] [D] [thread 91872] [92.0] [cxt 0] Deparsing header 'ipv6'
[00:36:41.268] [bmv2] [D] [thread 91872] [92.0] [cxt 0] Deparser 'deparser': end
[00:36:41.268] [bmv2] [D] [thread 91876] [92.0] [cxt 0] Transmitting packet of size 211 out of port 0
[00:36:41.276] [bmv2] [D] [thread 91871] [93.0] [cxt 0] Processing packet received on port 5
[00:36:41.276] [bmv2] [D] [thread 91871] [93.0] [cxt 0] Parser 'parser': start
[00:36:41.276] [bmv2] [D] [thread 91871] [93.0] [cxt 0] Parser 'parser' entering state 'start'
[00:36:41.276] [bmv2] [D] [thread 91871] [93.0] [cxt 0] Extracting header 'ethernet'
[00:36:41.276] [bmv2] [D] [thread 91871] [93.0] [cxt 0] Parser state 'start': key is 86dd
[00:36:41.276] [bmv2] [T] [thread 91871] [93.0] [cxt 0] Bytes parsed: 14
[00:36:41.276] [bmv2] [D] [thread 91871] [93.0] [cxt 0] Parser 'parser' entering state 'parse_ipv6'
[00:36:41.276] [bmv2] [D] [thread 91871] [93.0] [cxt 0] Extracting header 'ipv6'
[00:36:41.276] [bmv2] [D] [thread 91871] [93.0] [cxt 0] Parser state 'parse_ipv6': key is 11
[00:36:41.276] [bmv2] [T] [thread 91871] [93.0] [cxt 0] Bytes parsed: 54
[00:36:41.276] [bmv2] [D] [thread 91871] [93.0] [cxt 0] Parser 'parser': end
[00:36:41.276] [bmv2] [D] [thread 91871] [93.0] [cxt 0] Pipeline 'ingress': start
[00:36:41.276] [bmv2] [T] [thread 91871] [93.0] [cxt 0] basic.p4(560) Condition "hdr.ethernet.etherType == TYPE_ARP" (node_2) is false
[00:36:41.276] [bmv2] [T] [thread 91871] [93.0] [cxt 0] basic.p4(563) Condition "hdr.ethernet.etherType == TYPE_SRCROUTING" (node_4) is false
[00:36:41.276] [bmv2] [T] [thread 91871] [93.0] [cxt 0] basic.p4(576) Condition "hdr.ethernet.etherType == TYPE_YEQUDESU" (node_12) is false
[00:36:41.276] [bmv2] [T] [thread 91871] [93.0] [cxt 0] basic.p4(582) Condition "hdr.vxlan.isValid()" (node_15) is false
[00:36:41.276] [bmv2] [T] [thread 91871] [93.0] [cxt 0] basic.p4(586) Condition "hdr.ipv6.isValid()" (node_17) is true
[00:36:41.276] [bmv2] [T] [thread 91871] [93.0] [cxt 0] Applying table 'MyIngress.ipv6_lpm'
[00:36:41.276] [bmv2] [D] [thread 91871] [93.0] [cxt 0] Looking up key:
* hdr.ipv6.dstAddr    : ff0200000000000000000000000000fb

[00:36:41.276] [bmv2] [D] [thread 91871] [93.0] [cxt 0] Table 'MyIngress.ipv6_lpm': miss
[00:36:41.276] [bmv2] [D] [thread 91871] [93.0] [cxt 0] Action entry is NoAction - 
[00:36:41.276] [bmv2] [T] [thread 91871] [93.0] [cxt 0] Action NoAction
[00:36:41.276] [bmv2] [D] [thread 91871] [93.0] [cxt 0] Pipeline 'ingress': end
[00:36:41.276] [bmv2] [D] [thread 91871] [93.0] [cxt 0] Egress port is 0
[00:36:41.276] [bmv2] [D] [thread 91871] [94.0] [cxt 0] Processing packet received on port 2
[00:36:41.276] [bmv2] [D] [thread 91871] [94.0] [cxt 0] Parser 'parser': start
[00:36:41.276] [bmv2] [D] [thread 91871] [94.0] [cxt 0] Parser 'parser' entering state 'start'
[00:36:41.276] [bmv2] [D] [thread 91871] [94.0] [cxt 0] Extracting header 'ethernet'
[00:36:41.276] [bmv2] [D] [thread 91871] [94.0] [cxt 0] Parser state 'start': key is 86dd
[00:36:41.276] [bmv2] [T] [thread 91871] [94.0] [cxt 0] Bytes parsed: 14
[00:36:41.276] [bmv2] [D] [thread 91871] [94.0] [cxt 0] Parser 'parser' entering state 'parse_ipv6'
[00:36:41.276] [bmv2] [D] [thread 91871] [94.0] [cxt 0] Extracting header 'ipv6'
[00:36:41.276] [bmv2] [D] [thread 91871] [94.0] [cxt 0] Parser state 'parse_ipv6': key is 11
[00:36:41.276] [bmv2] [T] [thread 91871] [94.0] [cxt 0] Bytes parsed: 54
[00:36:41.276] [bmv2] [D] [thread 91871] [94.0] [cxt 0] Parser 'parser': end
[00:36:41.276] [bmv2] [D] [thread 91872] [93.0] [cxt 0] Pipeline 'egress': start
[00:36:41.276] [bmv2] [T] [thread 91872] [93.0] [cxt 0] basic.p4(684) Condition "standard_metadata.mcast_grp != 0" (node_28) is false
[00:36:41.276] [bmv2] [D] [thread 91872] [93.0] [cxt 0] Pipeline 'egress': end
[00:36:41.276] [bmv2] [D] [thread 91871] [94.0] [cxt 0] Pipeline 'ingress': start
[00:36:41.276] [bmv2] [D] [thread 91872] [93.0] [cxt 0] Deparser 'deparser': start
[00:36:41.276] [bmv2] [T] [thread 91871] [94.0] [cxt 0] basic.p4(560) Condition "hdr.ethernet.etherType == TYPE_ARP" (node_2) is false
[00:36:41.276] [bmv2] [T] [thread 91872] [93.0] [cxt 0] Skipping checksum 'cksum' update because condition not met
[00:36:41.276] [bmv2] [T] [thread 91871] [94.0] [cxt 0] basic.p4(563) Condition "hdr.ethernet.etherType == TYPE_SRCROUTING" (node_4) is false
[00:36:41.276] [bmv2] [T] [thread 91871] [94.0] [cxt 0] basic.p4(576) Condition "hdr.ethernet.etherType == TYPE_YEQUDESU" (node_12) is false
[00:36:41.276] [bmv2] [D] [thread 91872] [93.0] [cxt 0] Deparsing header 'ethernet'
[00:36:41.276] [bmv2] [T] [thread 91871] [94.0] [cxt 0] basic.p4(582) Condition "hdr.vxlan.isValid()" (node_15) is false
[00:36:41.276] [bmv2] [D] [thread 91872] [93.0] [cxt 0] Deparsing header 'ipv6'
[00:36:41.276] [bmv2] [T] [thread 91871] [94.0] [cxt 0] basic.p4(586) Condition "hdr.ipv6.isValid()" (node_17) is true
[00:36:41.276] [bmv2] [T] [thread 91871] [94.0] [cxt 0] Applying table 'MyIngress.ipv6_lpm'
[00:36:41.276] [bmv2] [D] [thread 91872] [93.0] [cxt 0] Deparser 'deparser': end
[00:36:41.276] [bmv2] [D] [thread 91871] [94.0] [cxt 0] Looking up key:
* hdr.ipv6.dstAddr    : ff0200000000000000000000000000fb

[00:36:41.276] [bmv2] [D] [thread 91871] [94.0] [cxt 0] Table 'MyIngress.ipv6_lpm': miss
[00:36:41.276] [bmv2] [D] [thread 91871] [94.0] [cxt 0] Action entry is NoAction - 
[00:36:41.276] [bmv2] [T] [thread 91871] [94.0] [cxt 0] Action NoAction
[00:36:41.276] [bmv2] [D] [thread 91871] [94.0] [cxt 0] Pipeline 'ingress': end
[00:36:41.276] [bmv2] [D] [thread 91871] [94.0] [cxt 0] Egress port is 0
[00:36:41.276] [bmv2] [D] [thread 91876] [93.0] [cxt 0] Transmitting packet of size 199 out of port 0
[00:36:41.276] [bmv2] [D] [thread 91872] [94.0] [cxt 0] Pipeline 'egress': start
[00:36:41.276] [bmv2] [T] [thread 91872] [94.0] [cxt 0] basic.p4(684) Condition "standard_metadata.mcast_grp != 0" (node_28) is false
[00:36:41.276] [bmv2] [D] [thread 91872] [94.0] [cxt 0] Pipeline 'egress': end
[00:36:41.276] [bmv2] [D] [thread 91872] [94.0] [cxt 0] Deparser 'deparser': start
[00:36:41.276] [bmv2] [T] [thread 91872] [94.0] [cxt 0] Skipping checksum 'cksum' update because condition not met
[00:36:41.276] [bmv2] [D] [thread 91872] [94.0] [cxt 0] Deparsing header 'ethernet'
[00:36:41.276] [bmv2] [D] [thread 91872] [94.0] [cxt 0] Deparsing header 'ipv6'
[00:36:41.276] [bmv2] [D] [thread 91872] [94.0] [cxt 0] Deparser 'deparser': end
[00:36:41.276] [bmv2] [D] [thread 91876] [94.0] [cxt 0] Transmitting packet of size 199 out of port 0
[00:36:41.310] [bmv2] [D] [thread 91871] [95.0] [cxt 0] Processing packet received on port 5
[00:36:41.310] [bmv2] [D] [thread 91871] [95.0] [cxt 0] Parser 'parser': start
[00:36:41.310] [bmv2] [D] [thread 91871] [95.0] [cxt 0] Parser 'parser' entering state 'start'
[00:36:41.310] [bmv2] [D] [thread 91871] [95.0] [cxt 0] Extracting header 'ethernet'
[00:36:41.310] [bmv2] [D] [thread 91871] [95.0] [cxt 0] Parser state 'start': key is 86dd
[00:36:41.310] [bmv2] [T] [thread 91871] [95.0] [cxt 0] Bytes parsed: 14
[00:36:41.310] [bmv2] [D] [thread 91871] [95.0] [cxt 0] Parser 'parser' entering state 'parse_ipv6'
[00:36:41.310] [bmv2] [D] [thread 91871] [95.0] [cxt 0] Extracting header 'ipv6'
[00:36:41.310] [bmv2] [D] [thread 91871] [95.0] [cxt 0] Parser state 'parse_ipv6': key is 11
[00:36:41.310] [bmv2] [T] [thread 91871] [95.0] [cxt 0] Bytes parsed: 54
[00:36:41.310] [bmv2] [D] [thread 91871] [95.0] [cxt 0] Parser 'parser': end
[00:36:41.310] [bmv2] [D] [thread 91871] [95.0] [cxt 0] Pipeline 'ingress': start
[00:36:41.310] [bmv2] [T] [thread 91871] [95.0] [cxt 0] basic.p4(560) Condition "hdr.ethernet.etherType == TYPE_ARP" (node_2) is false
[00:36:41.310] [bmv2] [T] [thread 91871] [95.0] [cxt 0] basic.p4(563) Condition "hdr.ethernet.etherType == TYPE_SRCROUTING" (node_4) is false
[00:36:41.310] [bmv2] [T] [thread 91871] [95.0] [cxt 0] basic.p4(576) Condition "hdr.ethernet.etherType == TYPE_YEQUDESU" (node_12) is false
[00:36:41.310] [bmv2] [T] [thread 91871] [95.0] [cxt 0] basic.p4(582) Condition "hdr.vxlan.isValid()" (node_15) is false
[00:36:41.310] [bmv2] [T] [thread 91871] [95.0] [cxt 0] basic.p4(586) Condition "hdr.ipv6.isValid()" (node_17) is true
[00:36:41.310] [bmv2] [T] [thread 91871] [95.0] [cxt 0] Applying table 'MyIngress.ipv6_lpm'
[00:36:41.310] [bmv2] [D] [thread 91871] [95.0] [cxt 0] Looking up key:
* hdr.ipv6.dstAddr    : ff0200000000000000000000000000fb

[00:36:41.310] [bmv2] [D] [thread 91871] [95.0] [cxt 0] Table 'MyIngress.ipv6_lpm': miss
[00:36:41.310] [bmv2] [D] [thread 91871] [95.0] [cxt 0] Action entry is NoAction - 
[00:36:41.310] [bmv2] [T] [thread 91871] [95.0] [cxt 0] Action NoAction
[00:36:41.310] [bmv2] [D] [thread 91871] [95.0] [cxt 0] Pipeline 'ingress': end
[00:36:41.310] [bmv2] [D] [thread 91871] [95.0] [cxt 0] Egress port is 0
[00:36:41.310] [bmv2] [D] [thread 91872] [95.0] [cxt 0] Pipeline 'egress': start
[00:36:41.310] [bmv2] [T] [thread 91872] [95.0] [cxt 0] basic.p4(684) Condition "standard_metadata.mcast_grp != 0" (node_28) is false
[00:36:41.310] [bmv2] [D] [thread 91872] [95.0] [cxt 0] Pipeline 'egress': end
[00:36:41.310] [bmv2] [D] [thread 91872] [95.0] [cxt 0] Deparser 'deparser': start
[00:36:41.310] [bmv2] [T] [thread 91872] [95.0] [cxt 0] Skipping checksum 'cksum' update because condition not met
[00:36:41.310] [bmv2] [D] [thread 91872] [95.0] [cxt 0] Deparsing header 'ethernet'
[00:36:41.310] [bmv2] [D] [thread 91872] [95.0] [cxt 0] Deparsing header 'ipv6'
[00:36:41.310] [bmv2] [D] [thread 91872] [95.0] [cxt 0] Deparser 'deparser': end
[00:36:41.310] [bmv2] [D] [thread 91876] [95.0] [cxt 0] Transmitting packet of size 203 out of port 0
[00:36:41.340] [bmv2] [D] [thread 91871] [96.0] [cxt 0] Processing packet received on port 1
[00:36:41.340] [bmv2] [D] [thread 91871] [96.0] [cxt 0] Parser 'parser': start
[00:36:41.340] [bmv2] [D] [thread 91871] [96.0] [cxt 0] Parser 'parser' entering state 'start'
[00:36:41.340] [bmv2] [D] [thread 91871] [96.0] [cxt 0] Extracting header 'ethernet'
[00:36:41.340] [bmv2] [D] [thread 91871] [96.0] [cxt 0] Parser state 'start': key is 86dd
[00:36:41.340] [bmv2] [T] [thread 91871] [96.0] [cxt 0] Bytes parsed: 14
[00:36:41.340] [bmv2] [D] [thread 91871] [96.0] [cxt 0] Parser 'parser' entering state 'parse_ipv6'
[00:36:41.340] [bmv2] [D] [thread 91871] [96.0] [cxt 0] Extracting header 'ipv6'
[00:36:41.340] [bmv2] [D] [thread 91871] [96.0] [cxt 0] Parser state 'parse_ipv6': key is 11
[00:36:41.340] [bmv2] [T] [thread 91871] [96.0] [cxt 0] Bytes parsed: 54
[00:36:41.340] [bmv2] [D] [thread 91871] [96.0] [cxt 0] Parser 'parser': end
[00:36:41.340] [bmv2] [D] [thread 91871] [96.0] [cxt 0] Pipeline 'ingress': start
[00:36:41.340] [bmv2] [T] [thread 91871] [96.0] [cxt 0] basic.p4(560) Condition "hdr.ethernet.etherType == TYPE_ARP" (node_2) is false
[00:36:41.340] [bmv2] [T] [thread 91871] [96.0] [cxt 0] basic.p4(563) Condition "hdr.ethernet.etherType == TYPE_SRCROUTING" (node_4) is false
[00:36:41.340] [bmv2] [T] [thread 91871] [96.0] [cxt 0] basic.p4(576) Condition "hdr.ethernet.etherType == TYPE_YEQUDESU" (node_12) is false
[00:36:41.340] [bmv2] [T] [thread 91871] [96.0] [cxt 0] basic.p4(582) Condition "hdr.vxlan.isValid()" (node_15) is false
[00:36:41.340] [bmv2] [T] [thread 91871] [96.0] [cxt 0] basic.p4(586) Condition "hdr.ipv6.isValid()" (node_17) is true
[00:36:41.340] [bmv2] [T] [thread 91871] [96.0] [cxt 0] Applying table 'MyIngress.ipv6_lpm'
[00:36:41.340] [bmv2] [D] [thread 91871] [96.0] [cxt 0] Looking up key:
* hdr.ipv6.dstAddr    : ff0200000000000000000000000000fb

[00:36:41.340] [bmv2] [D] [thread 91871] [96.0] [cxt 0] Table 'MyIngress.ipv6_lpm': miss
[00:36:41.340] [bmv2] [D] [thread 91871] [96.0] [cxt 0] Action entry is NoAction - 
[00:36:41.340] [bmv2] [T] [thread 91871] [96.0] [cxt 0] Action NoAction
[00:36:41.340] [bmv2] [D] [thread 91871] [96.0] [cxt 0] Pipeline 'ingress': end
[00:36:41.340] [bmv2] [D] [thread 91871] [96.0] [cxt 0] Egress port is 0
[00:36:41.340] [bmv2] [D] [thread 91872] [96.0] [cxt 0] Pipeline 'egress': start
[00:36:41.340] [bmv2] [T] [thread 91872] [96.0] [cxt 0] basic.p4(684) Condition "standard_metadata.mcast_grp != 0" (node_28) is false
[00:36:41.340] [bmv2] [D] [thread 91872] [96.0] [cxt 0] Pipeline 'egress': end
[00:36:41.340] [bmv2] [D] [thread 91872] [96.0] [cxt 0] Deparser 'deparser': start
[00:36:41.340] [bmv2] [T] [thread 91872] [96.0] [cxt 0] Skipping checksum 'cksum' update because condition not met
[00:36:41.340] [bmv2] [D] [thread 91872] [96.0] [cxt 0] Deparsing header 'ethernet'
[00:36:41.340] [bmv2] [D] [thread 91872] [96.0] [cxt 0] Deparsing header 'ipv6'
[00:36:41.340] [bmv2] [D] [thread 91872] [96.0] [cxt 0] Deparser 'deparser': end
[00:36:41.340] [bmv2] [D] [thread 91876] [96.0] [cxt 0] Transmitting packet of size 199 out of port 0
[00:36:41.467] [bmv2] [D] [thread 91871] [97.0] [cxt 0] Processing packet received on port 2
[00:36:41.467] [bmv2] [D] [thread 91871] [97.0] [cxt 0] Parser 'parser': start
[00:36:41.467] [bmv2] [D] [thread 91871] [97.0] [cxt 0] Parser 'parser' entering state 'start'
[00:36:41.467] [bmv2] [D] [thread 91871] [97.0] [cxt 0] Extracting header 'ethernet'
[00:36:41.467] [bmv2] [D] [thread 91871] [97.0] [cxt 0] Parser state 'start': key is 86dd
[00:36:41.467] [bmv2] [T] [thread 91871] [97.0] [cxt 0] Bytes parsed: 14
[00:36:41.467] [bmv2] [D] [thread 91871] [97.0] [cxt 0] Parser 'parser' entering state 'parse_ipv6'
[00:36:41.467] [bmv2] [D] [thread 91871] [97.0] [cxt 0] Extracting header 'ipv6'
[00:36:41.467] [bmv2] [D] [thread 91871] [97.0] [cxt 0] Parser state 'parse_ipv6': key is 11
[00:36:41.467] [bmv2] [T] [thread 91871] [97.0] [cxt 0] Bytes parsed: 54
[00:36:41.467] [bmv2] [D] [thread 91871] [97.0] [cxt 0] Parser 'parser': end
[00:36:41.467] [bmv2] [D] [thread 91871] [97.0] [cxt 0] Pipeline 'ingress': start
[00:36:41.467] [bmv2] [T] [thread 91871] [97.0] [cxt 0] basic.p4(560) Condition "hdr.ethernet.etherType == TYPE_ARP" (node_2) is false
[00:36:41.467] [bmv2] [T] [thread 91871] [97.0] [cxt 0] basic.p4(563) Condition "hdr.ethernet.etherType == TYPE_SRCROUTING" (node_4) is false
[00:36:41.467] [bmv2] [T] [thread 91871] [97.0] [cxt 0] basic.p4(576) Condition "hdr.ethernet.etherType == TYPE_YEQUDESU" (node_12) is false
[00:36:41.467] [bmv2] [T] [thread 91871] [97.0] [cxt 0] basic.p4(582) Condition "hdr.vxlan.isValid()" (node_15) is false
[00:36:41.467] [bmv2] [T] [thread 91871] [97.0] [cxt 0] basic.p4(586) Condition "hdr.ipv6.isValid()" (node_17) is true
[00:36:41.467] [bmv2] [T] [thread 91871] [97.0] [cxt 0] Applying table 'MyIngress.ipv6_lpm'
[00:36:41.467] [bmv2] [D] [thread 91871] [97.0] [cxt 0] Looking up key:
* hdr.ipv6.dstAddr    : ff0200000000000000000000000000fb

[00:36:41.467] [bmv2] [D] [thread 91871] [97.0] [cxt 0] Table 'MyIngress.ipv6_lpm': miss
[00:36:41.467] [bmv2] [D] [thread 91871] [97.0] [cxt 0] Action entry is NoAction - 
[00:36:41.467] [bmv2] [T] [thread 91871] [97.0] [cxt 0] Action NoAction
[00:36:41.467] [bmv2] [D] [thread 91871] [97.0] [cxt 0] Pipeline 'ingress': end
[00:36:41.467] [bmv2] [D] [thread 91871] [97.0] [cxt 0] Egress port is 0
[00:36:41.467] [bmv2] [D] [thread 91872] [97.0] [cxt 0] Pipeline 'egress': start
[00:36:41.468] [bmv2] [T] [thread 91872] [97.0] [cxt 0] basic.p4(684) Condition "standard_metadata.mcast_grp != 0" (node_28) is false
[00:36:41.468] [bmv2] [D] [thread 91872] [97.0] [cxt 0] Pipeline 'egress': end
[00:36:41.468] [bmv2] [D] [thread 91872] [97.0] [cxt 0] Deparser 'deparser': start
[00:36:41.468] [bmv2] [T] [thread 91872] [97.0] [cxt 0] Skipping checksum 'cksum' update because condition not met
[00:36:41.468] [bmv2] [D] [thread 91872] [97.0] [cxt 0] Deparsing header 'ethernet'
[00:36:41.468] [bmv2] [D] [thread 91872] [97.0] [cxt 0] Deparsing header 'ipv6'
[00:36:41.468] [bmv2] [D] [thread 91872] [97.0] [cxt 0] Deparser 'deparser': end
[00:36:41.468] [bmv2] [D] [thread 91876] [97.0] [cxt 0] Transmitting packet of size 199 out of port 0
[00:36:41.565] [bmv2] [D] [thread 91871] [98.0] [cxt 0] Processing packet received on port 5
[00:36:41.565] [bmv2] [D] [thread 91871] [98.0] [cxt 0] Parser 'parser': start
[00:36:41.565] [bmv2] [D] [thread 91871] [98.0] [cxt 0] Parser 'parser' entering state 'start'
[00:36:41.565] [bmv2] [D] [thread 91871] [98.0] [cxt 0] Extracting header 'ethernet'
[00:36:41.565] [bmv2] [D] [thread 91871] [98.0] [cxt 0] Parser state 'start': key is 86dd
[00:36:41.565] [bmv2] [T] [thread 91871] [98.0] [cxt 0] Bytes parsed: 14
[00:36:41.565] [bmv2] [D] [thread 91871] [98.0] [cxt 0] Parser 'parser' entering state 'parse_ipv6'
[00:36:41.565] [bmv2] [D] [thread 91871] [98.0] [cxt 0] Extracting header 'ipv6'
[00:36:41.565] [bmv2] [D] [thread 91871] [98.0] [cxt 0] Parser state 'parse_ipv6': key is 11
[00:36:41.565] [bmv2] [T] [thread 91871] [98.0] [cxt 0] Bytes parsed: 54
[00:36:41.565] [bmv2] [D] [thread 91871] [98.0] [cxt 0] Parser 'parser': end
[00:36:41.565] [bmv2] [D] [thread 91871] [98.0] [cxt 0] Pipeline 'ingress': start
[00:36:41.565] [bmv2] [T] [thread 91871] [98.0] [cxt 0] basic.p4(560) Condition "hdr.ethernet.etherType == TYPE_ARP" (node_2) is false
[00:36:41.565] [bmv2] [T] [thread 91871] [98.0] [cxt 0] basic.p4(563) Condition "hdr.ethernet.etherType == TYPE_SRCROUTING" (node_4) is false
[00:36:41.565] [bmv2] [T] [thread 91871] [98.0] [cxt 0] basic.p4(576) Condition "hdr.ethernet.etherType == TYPE_YEQUDESU" (node_12) is false
[00:36:41.565] [bmv2] [T] [thread 91871] [98.0] [cxt 0] basic.p4(582) Condition "hdr.vxlan.isValid()" (node_15) is false
[00:36:41.565] [bmv2] [T] [thread 91871] [98.0] [cxt 0] basic.p4(586) Condition "hdr.ipv6.isValid()" (node_17) is true
[00:36:41.565] [bmv2] [T] [thread 91871] [98.0] [cxt 0] Applying table 'MyIngress.ipv6_lpm'
[00:36:41.565] [bmv2] [D] [thread 91871] [98.0] [cxt 0] Looking up key:
* hdr.ipv6.dstAddr    : ff0200000000000000000000000000fb

[00:36:41.565] [bmv2] [D] [thread 91871] [98.0] [cxt 0] Table 'MyIngress.ipv6_lpm': miss
[00:36:41.565] [bmv2] [D] [thread 91871] [98.0] [cxt 0] Action entry is NoAction - 
[00:36:41.565] [bmv2] [T] [thread 91871] [98.0] [cxt 0] Action NoAction
[00:36:41.565] [bmv2] [D] [thread 91871] [98.0] [cxt 0] Pipeline 'ingress': end
[00:36:41.565] [bmv2] [D] [thread 91871] [98.0] [cxt 0] Egress port is 0
[00:36:41.565] [bmv2] [D] [thread 91871] [99.0] [cxt 0] Processing packet received on port 2
[00:36:41.565] [bmv2] [D] [thread 91871] [99.0] [cxt 0] Parser 'parser': start
[00:36:41.565] [bmv2] [D] [thread 91871] [99.0] [cxt 0] Parser 'parser' entering state 'start'
[00:36:41.565] [bmv2] [D] [thread 91871] [99.0] [cxt 0] Extracting header 'ethernet'
[00:36:41.565] [bmv2] [D] [thread 91871] [99.0] [cxt 0] Parser state 'start': key is 86dd
[00:36:41.565] [bmv2] [T] [thread 91871] [99.0] [cxt 0] Bytes parsed: 14
[00:36:41.565] [bmv2] [D] [thread 91871] [99.0] [cxt 0] Parser 'parser' entering state 'parse_ipv6'
[00:36:41.565] [bmv2] [D] [thread 91871] [99.0] [cxt 0] Extracting header 'ipv6'
[00:36:41.565] [bmv2] [D] [thread 91871] [99.0] [cxt 0] Parser state 'parse_ipv6': key is 11
[00:36:41.565] [bmv2] [T] [thread 91871] [99.0] [cxt 0] Bytes parsed: 54
[00:36:41.565] [bmv2] [D] [thread 91871] [99.0] [cxt 0] Parser 'parser': end
[00:36:41.565] [bmv2] [D] [thread 91871] [99.0] [cxt 0] Pipeline 'ingress': start
[00:36:41.565] [bmv2] [T] [thread 91871] [99.0] [cxt 0] basic.p4(560) Condition "hdr.ethernet.etherType == TYPE_ARP" (node_2) is false
[00:36:41.565] [bmv2] [T] [thread 91871] [99.0] [cxt 0] basic.p4(563) Condition "hdr.ethernet.etherType == TYPE_SRCROUTING" (node_4) is false
[00:36:41.565] [bmv2] [T] [thread 91871] [99.0] [cxt 0] basic.p4(576) Condition "hdr.ethernet.etherType == TYPE_YEQUDESU" (node_12) is false
[00:36:41.565] [bmv2] [T] [thread 91871] [99.0] [cxt 0] basic.p4(582) Condition "hdr.vxlan.isValid()" (node_15) is false
[00:36:41.565] [bmv2] [T] [thread 91871] [99.0] [cxt 0] basic.p4(586) Condition "hdr.ipv6.isValid()" (node_17) is true
[00:36:41.565] [bmv2] [T] [thread 91871] [99.0] [cxt 0] Applying table 'MyIngress.ipv6_lpm'
[00:36:41.565] [bmv2] [D] [thread 91871] [99.0] [cxt 0] Looking up key:
* hdr.ipv6.dstAddr    : ff0200000000000000000000000000fb

[00:36:41.565] [bmv2] [D] [thread 91871] [99.0] [cxt 0] Table 'MyIngress.ipv6_lpm': miss
[00:36:41.565] [bmv2] [D] [thread 91871] [99.0] [cxt 0] Action entry is NoAction - 
[00:36:41.565] [bmv2] [T] [thread 91871] [99.0] [cxt 0] Action NoAction
[00:36:41.565] [bmv2] [D] [thread 91871] [99.0] [cxt 0] Pipeline 'ingress': end
[00:36:41.565] [bmv2] [D] [thread 91871] [99.0] [cxt 0] Egress port is 0
[00:36:41.565] [bmv2] [D] [thread 91872] [98.0] [cxt 0] Pipeline 'egress': start
[00:36:41.565] [bmv2] [T] [thread 91872] [98.0] [cxt 0] basic.p4(684) Condition "standard_metadata.mcast_grp != 0" (node_28) is false
[00:36:41.565] [bmv2] [D] [thread 91872] [98.0] [cxt 0] Pipeline 'egress': end
[00:36:41.565] [bmv2] [D] [thread 91872] [98.0] [cxt 0] Deparser 'deparser': start
[00:36:41.565] [bmv2] [T] [thread 91872] [98.0] [cxt 0] Skipping checksum 'cksum' update because condition not met
[00:36:41.565] [bmv2] [D] [thread 91872] [98.0] [cxt 0] Deparsing header 'ethernet'
[00:36:41.565] [bmv2] [D] [thread 91872] [98.0] [cxt 0] Deparsing header 'ipv6'
[00:36:41.565] [bmv2] [D] [thread 91872] [98.0] [cxt 0] Deparser 'deparser': end
[00:36:41.565] [bmv2] [D] [thread 91872] [99.0] [cxt 0] Pipeline 'egress': start
[00:36:41.565] [bmv2] [T] [thread 91872] [99.0] [cxt 0] basic.p4(684) Condition "standard_metadata.mcast_grp != 0" (node_28) is false
[00:36:41.565] [bmv2] [D] [thread 91872] [99.0] [cxt 0] Pipeline 'egress': end
[00:36:41.565] [bmv2] [D] [thread 91872] [99.0] [cxt 0] Deparser 'deparser': start
[00:36:41.565] [bmv2] [T] [thread 91872] [99.0] [cxt 0] Skipping checksum 'cksum' update because condition not met
[00:36:41.565] [bmv2] [D] [thread 91872] [99.0] [cxt 0] Deparsing header 'ethernet'
[00:36:41.565] [bmv2] [D] [thread 91872] [99.0] [cxt 0] Deparsing header 'ipv6'
[00:36:41.565] [bmv2] [D] [thread 91872] [99.0] [cxt 0] Deparser 'deparser': end
[00:36:41.565] [bmv2] [D] [thread 91876] [98.0] [cxt 0] Transmitting packet of size 203 out of port 0
[00:36:41.565] [bmv2] [D] [thread 91876] [99.0] [cxt 0] Transmitting packet of size 203 out of port 0
[00:36:41.628] [bmv2] [D] [thread 91871] [100.0] [cxt 0] Processing packet received on port 1
[00:36:41.628] [bmv2] [D] [thread 91871] [100.0] [cxt 0] Parser 'parser': start
[00:36:41.628] [bmv2] [D] [thread 91871] [100.0] [cxt 0] Parser 'parser' entering state 'start'
[00:36:41.628] [bmv2] [D] [thread 91871] [100.0] [cxt 0] Extracting header 'ethernet'
[00:36:41.628] [bmv2] [D] [thread 91871] [100.0] [cxt 0] Parser state 'start': key is 86dd
[00:36:41.628] [bmv2] [T] [thread 91871] [100.0] [cxt 0] Bytes parsed: 14
[00:36:41.628] [bmv2] [D] [thread 91871] [100.0] [cxt 0] Parser 'parser' entering state 'parse_ipv6'
[00:36:41.628] [bmv2] [D] [thread 91871] [100.0] [cxt 0] Extracting header 'ipv6'
[00:36:41.628] [bmv2] [D] [thread 91871] [100.0] [cxt 0] Parser state 'parse_ipv6': key is 11
[00:36:41.628] [bmv2] [T] [thread 91871] [100.0] [cxt 0] Bytes parsed: 54
[00:36:41.628] [bmv2] [D] [thread 91871] [100.0] [cxt 0] Parser 'parser': end
[00:36:41.628] [bmv2] [D] [thread 91871] [100.0] [cxt 0] Pipeline 'ingress': start
[00:36:41.628] [bmv2] [T] [thread 91871] [100.0] [cxt 0] basic.p4(560) Condition "hdr.ethernet.etherType == TYPE_ARP" (node_2) is false
[00:36:41.628] [bmv2] [T] [thread 91871] [100.0] [cxt 0] basic.p4(563) Condition "hdr.ethernet.etherType == TYPE_SRCROUTING" (node_4) is false
[00:36:41.628] [bmv2] [T] [thread 91871] [100.0] [cxt 0] basic.p4(576) Condition "hdr.ethernet.etherType == TYPE_YEQUDESU" (node_12) is false
[00:36:41.628] [bmv2] [T] [thread 91871] [100.0] [cxt 0] basic.p4(582) Condition "hdr.vxlan.isValid()" (node_15) is false
[00:36:41.628] [bmv2] [T] [thread 91871] [100.0] [cxt 0] basic.p4(586) Condition "hdr.ipv6.isValid()" (node_17) is true
[00:36:41.628] [bmv2] [T] [thread 91871] [100.0] [cxt 0] Applying table 'MyIngress.ipv6_lpm'
[00:36:41.628] [bmv2] [D] [thread 91871] [100.0] [cxt 0] Looking up key:
* hdr.ipv6.dstAddr    : ff0200000000000000000000000000fb

[00:36:41.628] [bmv2] [D] [thread 91871] [100.0] [cxt 0] Table 'MyIngress.ipv6_lpm': miss
[00:36:41.628] [bmv2] [D] [thread 91871] [100.0] [cxt 0] Action entry is NoAction - 
[00:36:41.628] [bmv2] [T] [thread 91871] [100.0] [cxt 0] Action NoAction
[00:36:41.628] [bmv2] [D] [thread 91871] [100.0] [cxt 0] Pipeline 'ingress': end
[00:36:41.628] [bmv2] [D] [thread 91871] [100.0] [cxt 0] Egress port is 0
[00:36:41.628] [bmv2] [D] [thread 91872] [100.0] [cxt 0] Pipeline 'egress': start
[00:36:41.628] [bmv2] [T] [thread 91872] [100.0] [cxt 0] basic.p4(684) Condition "standard_metadata.mcast_grp != 0" (node_28) is false
[00:36:41.628] [bmv2] [D] [thread 91872] [100.0] [cxt 0] Pipeline 'egress': end
[00:36:41.628] [bmv2] [D] [thread 91872] [100.0] [cxt 0] Deparser 'deparser': start
[00:36:41.628] [bmv2] [T] [thread 91872] [100.0] [cxt 0] Skipping checksum 'cksum' update because condition not met
[00:36:41.628] [bmv2] [D] [thread 91872] [100.0] [cxt 0] Deparsing header 'ethernet'
[00:36:41.628] [bmv2] [D] [thread 91872] [100.0] [cxt 0] Deparsing header 'ipv6'
[00:36:41.628] [bmv2] [D] [thread 91872] [100.0] [cxt 0] Deparser 'deparser': end
[00:36:41.628] [bmv2] [D] [thread 91876] [100.0] [cxt 0] Transmitting packet of size 203 out of port 0
[00:36:41.630] [bmv2] [D] [thread 91871] [101.0] [cxt 0] Processing packet received on port 3
[00:36:41.630] [bmv2] [D] [thread 91871] [101.0] [cxt 0] Parser 'parser': start
[00:36:41.630] [bmv2] [D] [thread 91871] [101.0] [cxt 0] Parser 'parser' entering state 'start'
[00:36:41.630] [bmv2] [D] [thread 91871] [101.0] [cxt 0] Extracting header 'ethernet'
[00:36:41.630] [bmv2] [D] [thread 91871] [101.0] [cxt 0] Parser state 'start': key is 86dd
[00:36:41.630] [bmv2] [T] [thread 91871] [101.0] [cxt 0] Bytes parsed: 14
[00:36:41.630] [bmv2] [D] [thread 91871] [101.0] [cxt 0] Parser 'parser' entering state 'parse_ipv6'
[00:36:41.630] [bmv2] [D] [thread 91871] [101.0] [cxt 0] Extracting header 'ipv6'
[00:36:41.630] [bmv2] [D] [thread 91871] [101.0] [cxt 0] Parser state 'parse_ipv6': key is 11
[00:36:41.630] [bmv2] [T] [thread 91871] [101.0] [cxt 0] Bytes parsed: 54
[00:36:41.630] [bmv2] [D] [thread 91871] [101.0] [cxt 0] Parser 'parser': end
[00:36:41.630] [bmv2] [D] [thread 91871] [101.0] [cxt 0] Pipeline 'ingress': start
[00:36:41.630] [bmv2] [T] [thread 91871] [101.0] [cxt 0] basic.p4(560) Condition "hdr.ethernet.etherType == TYPE_ARP" (node_2) is false
[00:36:41.630] [bmv2] [T] [thread 91871] [101.0] [cxt 0] basic.p4(563) Condition "hdr.ethernet.etherType == TYPE_SRCROUTING" (node_4) is false
[00:36:41.630] [bmv2] [T] [thread 91871] [101.0] [cxt 0] basic.p4(576) Condition "hdr.ethernet.etherType == TYPE_YEQUDESU" (node_12) is false
[00:36:41.630] [bmv2] [T] [thread 91871] [101.0] [cxt 0] basic.p4(582) Condition "hdr.vxlan.isValid()" (node_15) is false
[00:36:41.630] [bmv2] [T] [thread 91871] [101.0] [cxt 0] basic.p4(586) Condition "hdr.ipv6.isValid()" (node_17) is true
[00:36:41.630] [bmv2] [T] [thread 91871] [101.0] [cxt 0] Applying table 'MyIngress.ipv6_lpm'
[00:36:41.630] [bmv2] [D] [thread 91871] [101.0] [cxt 0] Looking up key:
* hdr.ipv6.dstAddr    : ff0200000000000000000000000000fb

[00:36:41.630] [bmv2] [D] [thread 91871] [101.0] [cxt 0] Table 'MyIngress.ipv6_lpm': miss
[00:36:41.630] [bmv2] [D] [thread 91871] [101.0] [cxt 0] Action entry is NoAction - 
[00:36:41.630] [bmv2] [T] [thread 91871] [101.0] [cxt 0] Action NoAction
[00:36:41.630] [bmv2] [D] [thread 91871] [101.0] [cxt 0] Pipeline 'ingress': end
[00:36:41.630] [bmv2] [D] [thread 91871] [101.0] [cxt 0] Egress port is 0
[00:36:41.630] [bmv2] [D] [thread 91872] [101.0] [cxt 0] Pipeline 'egress': start
[00:36:41.630] [bmv2] [T] [thread 91872] [101.0] [cxt 0] basic.p4(684) Condition "standard_metadata.mcast_grp != 0" (node_28) is false
[00:36:41.630] [bmv2] [D] [thread 91872] [101.0] [cxt 0] Pipeline 'egress': end
[00:36:41.630] [bmv2] [D] [thread 91872] [101.0] [cxt 0] Deparser 'deparser': start
[00:36:41.630] [bmv2] [T] [thread 91872] [101.0] [cxt 0] Skipping checksum 'cksum' update because condition not met
[00:36:41.630] [bmv2] [D] [thread 91872] [101.0] [cxt 0] Deparsing header 'ethernet'
[00:36:41.630] [bmv2] [D] [thread 91872] [101.0] [cxt 0] Deparsing header 'ipv6'
[00:36:41.630] [bmv2] [D] [thread 91872] [101.0] [cxt 0] Deparser 'deparser': end
[00:36:41.630] [bmv2] [D] [thread 91876] [101.0] [cxt 0] Transmitting packet of size 199 out of port 0
[00:36:41.886] [bmv2] [D] [thread 91871] [102.0] [cxt 0] Processing packet received on port 4
[00:36:41.886] [bmv2] [D] [thread 91871] [102.0] [cxt 0] Parser 'parser': start
[00:36:41.886] [bmv2] [D] [thread 91871] [102.0] [cxt 0] Parser 'parser' entering state 'start'
[00:36:41.886] [bmv2] [D] [thread 91871] [102.0] [cxt 0] Extracting header 'ethernet'
[00:36:41.886] [bmv2] [D] [thread 91871] [102.0] [cxt 0] Parser state 'start': key is 86dd
[00:36:41.886] [bmv2] [T] [thread 91871] [102.0] [cxt 0] Bytes parsed: 14
[00:36:41.886] [bmv2] [D] [thread 91871] [102.0] [cxt 0] Parser 'parser' entering state 'parse_ipv6'
[00:36:41.886] [bmv2] [D] [thread 91871] [102.0] [cxt 0] Extracting header 'ipv6'
[00:36:41.886] [bmv2] [D] [thread 91871] [102.0] [cxt 0] Parser state 'parse_ipv6': key is 11
[00:36:41.886] [bmv2] [T] [thread 91871] [102.0] [cxt 0] Bytes parsed: 54
[00:36:41.886] [bmv2] [D] [thread 91871] [102.0] [cxt 0] Parser 'parser': end
[00:36:41.886] [bmv2] [D] [thread 91871] [102.0] [cxt 0] Pipeline 'ingress': start
[00:36:41.886] [bmv2] [T] [thread 91871] [102.0] [cxt 0] basic.p4(560) Condition "hdr.ethernet.etherType == TYPE_ARP" (node_2) is false
[00:36:41.886] [bmv2] [T] [thread 91871] [102.0] [cxt 0] basic.p4(563) Condition "hdr.ethernet.etherType == TYPE_SRCROUTING" (node_4) is false
[00:36:41.886] [bmv2] [T] [thread 91871] [102.0] [cxt 0] basic.p4(576) Condition "hdr.ethernet.etherType == TYPE_YEQUDESU" (node_12) is false
[00:36:41.886] [bmv2] [T] [thread 91871] [102.0] [cxt 0] basic.p4(582) Condition "hdr.vxlan.isValid()" (node_15) is false
[00:36:41.886] [bmv2] [T] [thread 91871] [102.0] [cxt 0] basic.p4(586) Condition "hdr.ipv6.isValid()" (node_17) is true
[00:36:41.886] [bmv2] [T] [thread 91871] [102.0] [cxt 0] Applying table 'MyIngress.ipv6_lpm'
[00:36:41.886] [bmv2] [D] [thread 91871] [102.0] [cxt 0] Looking up key:
* hdr.ipv6.dstAddr    : ff0200000000000000000000000000fb

[00:36:41.886] [bmv2] [D] [thread 91871] [102.0] [cxt 0] Table 'MyIngress.ipv6_lpm': miss
[00:36:41.886] [bmv2] [D] [thread 91871] [102.0] [cxt 0] Action entry is NoAction - 
[00:36:41.886] [bmv2] [T] [thread 91871] [102.0] [cxt 0] Action NoAction
[00:36:41.886] [bmv2] [D] [thread 91871] [102.0] [cxt 0] Pipeline 'ingress': end
[00:36:41.886] [bmv2] [D] [thread 91871] [102.0] [cxt 0] Egress port is 0
[00:36:41.886] [bmv2] [D] [thread 91872] [102.0] [cxt 0] Pipeline 'egress': start
[00:36:41.886] [bmv2] [T] [thread 91872] [102.0] [cxt 0] basic.p4(684) Condition "standard_metadata.mcast_grp != 0" (node_28) is false
[00:36:41.886] [bmv2] [D] [thread 91872] [102.0] [cxt 0] Pipeline 'egress': end
[00:36:41.886] [bmv2] [D] [thread 91872] [102.0] [cxt 0] Deparser 'deparser': start
[00:36:41.886] [bmv2] [T] [thread 91872] [102.0] [cxt 0] Skipping checksum 'cksum' update because condition not met
[00:36:41.886] [bmv2] [D] [thread 91872] [102.0] [cxt 0] Deparsing header 'ethernet'
[00:36:41.886] [bmv2] [D] [thread 91872] [102.0] [cxt 0] Deparsing header 'ipv6'
[00:36:41.886] [bmv2] [D] [thread 91872] [102.0] [cxt 0] Deparser 'deparser': end
[00:36:41.886] [bmv2] [D] [thread 91876] [102.0] [cxt 0] Transmitting packet of size 199 out of port 0
[00:36:41.952] [bmv2] [D] [thread 91871] [103.0] [cxt 0] Processing packet received on port 3
[00:36:41.952] [bmv2] [D] [thread 91871] [103.0] [cxt 0] Parser 'parser': start
[00:36:41.952] [bmv2] [D] [thread 91871] [103.0] [cxt 0] Parser 'parser' entering state 'start'
[00:36:41.952] [bmv2] [D] [thread 91871] [103.0] [cxt 0] Extracting header 'ethernet'
[00:36:41.952] [bmv2] [D] [thread 91871] [103.0] [cxt 0] Parser state 'start': key is 86dd
[00:36:41.952] [bmv2] [T] [thread 91871] [103.0] [cxt 0] Bytes parsed: 14
[00:36:41.952] [bmv2] [D] [thread 91871] [103.0] [cxt 0] Parser 'parser' entering state 'parse_ipv6'
[00:36:41.952] [bmv2] [D] [thread 91871] [103.0] [cxt 0] Extracting header 'ipv6'
[00:36:41.952] [bmv2] [D] [thread 91871] [103.0] [cxt 0] Parser state 'parse_ipv6': key is 11
[00:36:41.952] [bmv2] [T] [thread 91871] [103.0] [cxt 0] Bytes parsed: 54
[00:36:41.952] [bmv2] [D] [thread 91871] [103.0] [cxt 0] Parser 'parser': end
[00:36:41.952] [bmv2] [D] [thread 91871] [103.0] [cxt 0] Pipeline 'ingress': start
[00:36:41.952] [bmv2] [T] [thread 91871] [103.0] [cxt 0] basic.p4(560) Condition "hdr.ethernet.etherType == TYPE_ARP" (node_2) is false
[00:36:41.952] [bmv2] [T] [thread 91871] [103.0] [cxt 0] basic.p4(563) Condition "hdr.ethernet.etherType == TYPE_SRCROUTING" (node_4) is false
[00:36:41.952] [bmv2] [T] [thread 91871] [103.0] [cxt 0] basic.p4(576) Condition "hdr.ethernet.etherType == TYPE_YEQUDESU" (node_12) is false
[00:36:41.952] [bmv2] [T] [thread 91871] [103.0] [cxt 0] basic.p4(582) Condition "hdr.vxlan.isValid()" (node_15) is false
[00:36:41.952] [bmv2] [T] [thread 91871] [103.0] [cxt 0] basic.p4(586) Condition "hdr.ipv6.isValid()" (node_17) is true
[00:36:41.952] [bmv2] [T] [thread 91871] [103.0] [cxt 0] Applying table 'MyIngress.ipv6_lpm'
[00:36:41.952] [bmv2] [D] [thread 91871] [103.0] [cxt 0] Looking up key:
* hdr.ipv6.dstAddr    : ff0200000000000000000000000000fb

[00:36:41.952] [bmv2] [D] [thread 91871] [103.0] [cxt 0] Table 'MyIngress.ipv6_lpm': miss
[00:36:41.952] [bmv2] [D] [thread 91871] [103.0] [cxt 0] Action entry is NoAction - 
[00:36:41.952] [bmv2] [T] [thread 91871] [103.0] [cxt 0] Action NoAction
[00:36:41.952] [bmv2] [D] [thread 91871] [103.0] [cxt 0] Pipeline 'ingress': end
[00:36:41.952] [bmv2] [D] [thread 91871] [103.0] [cxt 0] Egress port is 0
[00:36:41.953] [bmv2] [D] [thread 91872] [103.0] [cxt 0] Pipeline 'egress': start
[00:36:41.953] [bmv2] [T] [thread 91872] [103.0] [cxt 0] basic.p4(684) Condition "standard_metadata.mcast_grp != 0" (node_28) is false
[00:36:41.953] [bmv2] [D] [thread 91872] [103.0] [cxt 0] Pipeline 'egress': end
[00:36:41.953] [bmv2] [D] [thread 91872] [103.0] [cxt 0] Deparser 'deparser': start
[00:36:41.953] [bmv2] [T] [thread 91872] [103.0] [cxt 0] Skipping checksum 'cksum' update because condition not met
[00:36:41.953] [bmv2] [D] [thread 91872] [103.0] [cxt 0] Deparsing header 'ethernet'
[00:36:41.953] [bmv2] [D] [thread 91872] [103.0] [cxt 0] Deparsing header 'ipv6'
[00:36:41.953] [bmv2] [D] [thread 91872] [103.0] [cxt 0] Deparser 'deparser': end
[00:36:41.953] [bmv2] [D] [thread 91876] [103.0] [cxt 0] Transmitting packet of size 199 out of port 0
[00:36:42.016] [bmv2] [D] [thread 91871] [104.0] [cxt 0] Processing packet received on port 4
[00:36:42.016] [bmv2] [D] [thread 91871] [104.0] [cxt 0] Parser 'parser': start
[00:36:42.016] [bmv2] [D] [thread 91871] [104.0] [cxt 0] Parser 'parser' entering state 'start'
[00:36:42.016] [bmv2] [D] [thread 91871] [104.0] [cxt 0] Extracting header 'ethernet'
[00:36:42.016] [bmv2] [D] [thread 91871] [104.0] [cxt 0] Parser state 'start': key is 86dd
[00:36:42.016] [bmv2] [T] [thread 91871] [104.0] [cxt 0] Bytes parsed: 14
[00:36:42.016] [bmv2] [D] [thread 91871] [104.0] [cxt 0] Parser 'parser' entering state 'parse_ipv6'
[00:36:42.016] [bmv2] [D] [thread 91871] [104.0] [cxt 0] Extracting header 'ipv6'
[00:36:42.016] [bmv2] [D] [thread 91871] [104.0] [cxt 0] Parser state 'parse_ipv6': key is 11
[00:36:42.016] [bmv2] [T] [thread 91871] [104.0] [cxt 0] Bytes parsed: 54
[00:36:42.016] [bmv2] [D] [thread 91871] [104.0] [cxt 0] Parser 'parser': end
[00:36:42.016] [bmv2] [D] [thread 91871] [104.0] [cxt 0] Pipeline 'ingress': start
[00:36:42.016] [bmv2] [T] [thread 91871] [104.0] [cxt 0] basic.p4(560) Condition "hdr.ethernet.etherType == TYPE_ARP" (node_2) is false
[00:36:42.016] [bmv2] [T] [thread 91871] [104.0] [cxt 0] basic.p4(563) Condition "hdr.ethernet.etherType == TYPE_SRCROUTING" (node_4) is false
[00:36:42.016] [bmv2] [T] [thread 91871] [104.0] [cxt 0] basic.p4(576) Condition "hdr.ethernet.etherType == TYPE_YEQUDESU" (node_12) is false
[00:36:42.016] [bmv2] [T] [thread 91871] [104.0] [cxt 0] basic.p4(582) Condition "hdr.vxlan.isValid()" (node_15) is false
[00:36:42.016] [bmv2] [T] [thread 91871] [104.0] [cxt 0] basic.p4(586) Condition "hdr.ipv6.isValid()" (node_17) is true
[00:36:42.016] [bmv2] [T] [thread 91871] [104.0] [cxt 0] Applying table 'MyIngress.ipv6_lpm'
[00:36:42.016] [bmv2] [D] [thread 91871] [104.0] [cxt 0] Looking up key:
* hdr.ipv6.dstAddr    : ff0200000000000000000000000000fb

[00:36:42.016] [bmv2] [D] [thread 91871] [104.0] [cxt 0] Table 'MyIngress.ipv6_lpm': miss
[00:36:42.016] [bmv2] [D] [thread 91871] [104.0] [cxt 0] Action entry is NoAction - 
[00:36:42.016] [bmv2] [T] [thread 91871] [104.0] [cxt 0] Action NoAction
[00:36:42.016] [bmv2] [D] [thread 91871] [104.0] [cxt 0] Pipeline 'ingress': end
[00:36:42.016] [bmv2] [D] [thread 91871] [104.0] [cxt 0] Egress port is 0
[00:36:42.016] [bmv2] [D] [thread 91872] [104.0] [cxt 0] Pipeline 'egress': start
[00:36:42.016] [bmv2] [T] [thread 91872] [104.0] [cxt 0] basic.p4(684) Condition "standard_metadata.mcast_grp != 0" (node_28) is false
[00:36:42.017] [bmv2] [D] [thread 91872] [104.0] [cxt 0] Pipeline 'egress': end
[00:36:42.017] [bmv2] [D] [thread 91872] [104.0] [cxt 0] Deparser 'deparser': start
[00:36:42.017] [bmv2] [T] [thread 91872] [104.0] [cxt 0] Skipping checksum 'cksum' update because condition not met
[00:36:42.017] [bmv2] [D] [thread 91872] [104.0] [cxt 0] Deparsing header 'ethernet'
[00:36:42.017] [bmv2] [D] [thread 91872] [104.0] [cxt 0] Deparsing header 'ipv6'
[00:36:42.017] [bmv2] [D] [thread 91872] [104.0] [cxt 0] Deparser 'deparser': end
[00:36:42.017] [bmv2] [D] [thread 91876] [104.0] [cxt 0] Transmitting packet of size 199 out of port 0
[00:36:42.078] [bmv2] [D] [thread 91871] [105.0] [cxt 0] Processing packet received on port 5
[00:36:42.078] [bmv2] [D] [thread 91871] [105.0] [cxt 0] Parser 'parser': start
[00:36:42.078] [bmv2] [D] [thread 91871] [105.0] [cxt 0] Parser 'parser' entering state 'start'
[00:36:42.078] [bmv2] [D] [thread 91871] [105.0] [cxt 0] Extracting header 'ethernet'
[00:36:42.078] [bmv2] [D] [thread 91871] [105.0] [cxt 0] Parser state 'start': key is 86dd
[00:36:42.078] [bmv2] [T] [thread 91871] [105.0] [cxt 0] Bytes parsed: 14
[00:36:42.078] [bmv2] [D] [thread 91871] [105.0] [cxt 0] Parser 'parser' entering state 'parse_ipv6'
[00:36:42.078] [bmv2] [D] [thread 91871] [105.0] [cxt 0] Extracting header 'ipv6'
[00:36:42.078] [bmv2] [D] [thread 91871] [105.0] [cxt 0] Parser state 'parse_ipv6': key is 11
[00:36:42.078] [bmv2] [T] [thread 91871] [105.0] [cxt 0] Bytes parsed: 54
[00:36:42.078] [bmv2] [D] [thread 91871] [105.0] [cxt 0] Parser 'parser': end
[00:36:42.078] [bmv2] [D] [thread 91871] [105.0] [cxt 0] Pipeline 'ingress': start
[00:36:42.078] [bmv2] [T] [thread 91871] [105.0] [cxt 0] basic.p4(560) Condition "hdr.ethernet.etherType == TYPE_ARP" (node_2) is false
[00:36:42.078] [bmv2] [T] [thread 91871] [105.0] [cxt 0] basic.p4(563) Condition "hdr.ethernet.etherType == TYPE_SRCROUTING" (node_4) is false
[00:36:42.078] [bmv2] [T] [thread 91871] [105.0] [cxt 0] basic.p4(576) Condition "hdr.ethernet.etherType == TYPE_YEQUDESU" (node_12) is false
[00:36:42.078] [bmv2] [T] [thread 91871] [105.0] [cxt 0] basic.p4(582) Condition "hdr.vxlan.isValid()" (node_15) is false
[00:36:42.078] [bmv2] [T] [thread 91871] [105.0] [cxt 0] basic.p4(586) Condition "hdr.ipv6.isValid()" (node_17) is true
[00:36:42.078] [bmv2] [T] [thread 91871] [105.0] [cxt 0] Applying table 'MyIngress.ipv6_lpm'
[00:36:42.078] [bmv2] [D] [thread 91871] [105.0] [cxt 0] Looking up key:
* hdr.ipv6.dstAddr    : ff0200000000000000000000000000fb

[00:36:42.078] [bmv2] [D] [thread 91871] [105.0] [cxt 0] Table 'MyIngress.ipv6_lpm': miss
[00:36:42.078] [bmv2] [D] [thread 91871] [105.0] [cxt 0] Action entry is NoAction - 
[00:36:42.078] [bmv2] [T] [thread 91871] [105.0] [cxt 0] Action NoAction
[00:36:42.078] [bmv2] [D] [thread 91871] [105.0] [cxt 0] Pipeline 'ingress': end
[00:36:42.078] [bmv2] [D] [thread 91871] [105.0] [cxt 0] Egress port is 0
[00:36:42.078] [bmv2] [D] [thread 91872] [105.0] [cxt 0] Pipeline 'egress': start
[00:36:42.078] [bmv2] [T] [thread 91872] [105.0] [cxt 0] basic.p4(684) Condition "standard_metadata.mcast_grp != 0" (node_28) is false
[00:36:42.078] [bmv2] [D] [thread 91872] [105.0] [cxt 0] Pipeline 'egress': end
[00:36:42.078] [bmv2] [D] [thread 91872] [105.0] [cxt 0] Deparser 'deparser': start
[00:36:42.078] [bmv2] [T] [thread 91872] [105.0] [cxt 0] Skipping checksum 'cksum' update because condition not met
[00:36:42.078] [bmv2] [D] [thread 91872] [105.0] [cxt 0] Deparsing header 'ethernet'
[00:36:42.078] [bmv2] [D] [thread 91872] [105.0] [cxt 0] Deparsing header 'ipv6'
[00:36:42.078] [bmv2] [D] [thread 91872] [105.0] [cxt 0] Deparser 'deparser': end
[00:36:42.078] [bmv2] [D] [thread 91876] [105.0] [cxt 0] Transmitting packet of size 199 out of port 0
[00:36:42.337] [bmv2] [D] [thread 91871] [106.0] [cxt 0] Processing packet received on port 2
[00:36:42.337] [bmv2] [D] [thread 91871] [106.0] [cxt 0] Parser 'parser': start
[00:36:42.337] [bmv2] [D] [thread 91871] [106.0] [cxt 0] Parser 'parser' entering state 'start'
[00:36:42.337] [bmv2] [D] [thread 91871] [106.0] [cxt 0] Extracting header 'ethernet'
[00:36:42.337] [bmv2] [D] [thread 91871] [106.0] [cxt 0] Parser state 'start': key is 86dd
[00:36:42.337] [bmv2] [T] [thread 91871] [106.0] [cxt 0] Bytes parsed: 14
[00:36:42.337] [bmv2] [D] [thread 91871] [106.0] [cxt 0] Parser 'parser' entering state 'parse_ipv6'
[00:36:42.337] [bmv2] [D] [thread 91871] [106.0] [cxt 0] Extracting header 'ipv6'
[00:36:42.337] [bmv2] [D] [thread 91871] [106.0] [cxt 0] Parser state 'parse_ipv6': key is 11
[00:36:42.337] [bmv2] [T] [thread 91871] [106.0] [cxt 0] Bytes parsed: 54
[00:36:42.337] [bmv2] [D] [thread 91871] [106.0] [cxt 0] Parser 'parser': end
[00:36:42.337] [bmv2] [D] [thread 91871] [106.0] [cxt 0] Pipeline 'ingress': start
[00:36:42.337] [bmv2] [T] [thread 91871] [106.0] [cxt 0] basic.p4(560) Condition "hdr.ethernet.etherType == TYPE_ARP" (node_2) is false
[00:36:42.337] [bmv2] [T] [thread 91871] [106.0] [cxt 0] basic.p4(563) Condition "hdr.ethernet.etherType == TYPE_SRCROUTING" (node_4) is false
[00:36:42.337] [bmv2] [T] [thread 91871] [106.0] [cxt 0] basic.p4(576) Condition "hdr.ethernet.etherType == TYPE_YEQUDESU" (node_12) is false
[00:36:42.337] [bmv2] [T] [thread 91871] [106.0] [cxt 0] basic.p4(582) Condition "hdr.vxlan.isValid()" (node_15) is false
[00:36:42.337] [bmv2] [T] [thread 91871] [106.0] [cxt 0] basic.p4(586) Condition "hdr.ipv6.isValid()" (node_17) is true
[00:36:42.337] [bmv2] [T] [thread 91871] [106.0] [cxt 0] Applying table 'MyIngress.ipv6_lpm'
[00:36:42.337] [bmv2] [D] [thread 91871] [106.0] [cxt 0] Looking up key:
* hdr.ipv6.dstAddr    : ff0200000000000000000000000000fb

[00:36:42.337] [bmv2] [D] [thread 91871] [106.0] [cxt 0] Table 'MyIngress.ipv6_lpm': miss
[00:36:42.337] [bmv2] [D] [thread 91871] [106.0] [cxt 0] Action entry is NoAction - 
[00:36:42.337] [bmv2] [T] [thread 91871] [106.0] [cxt 0] Action NoAction
[00:36:42.337] [bmv2] [D] [thread 91871] [106.0] [cxt 0] Pipeline 'ingress': end
[00:36:42.337] [bmv2] [D] [thread 91871] [106.0] [cxt 0] Egress port is 0
[00:36:42.337] [bmv2] [D] [thread 91871] [107.0] [cxt 0] Processing packet received on port 5
[00:36:42.337] [bmv2] [D] [thread 91871] [107.0] [cxt 0] Parser 'parser': start
[00:36:42.337] [bmv2] [D] [thread 91871] [107.0] [cxt 0] Parser 'parser' entering state 'start'
[00:36:42.337] [bmv2] [D] [thread 91871] [107.0] [cxt 0] Extracting header 'ethernet'
[00:36:42.337] [bmv2] [D] [thread 91871] [107.0] [cxt 0] Parser state 'start': key is 86dd
[00:36:42.337] [bmv2] [T] [thread 91871] [107.0] [cxt 0] Bytes parsed: 14
[00:36:42.337] [bmv2] [D] [thread 91871] [107.0] [cxt 0] Parser 'parser' entering state 'parse_ipv6'
[00:36:42.337] [bmv2] [D] [thread 91871] [107.0] [cxt 0] Extracting header 'ipv6'
[00:36:42.337] [bmv2] [D] [thread 91871] [107.0] [cxt 0] Parser state 'parse_ipv6': key is 11
[00:36:42.337] [bmv2] [T] [thread 91871] [107.0] [cxt 0] Bytes parsed: 54
[00:36:42.337] [bmv2] [D] [thread 91871] [107.0] [cxt 0] Parser 'parser': end
[00:36:42.337] [bmv2] [D] [thread 91871] [107.0] [cxt 0] Pipeline 'ingress': start
[00:36:42.337] [bmv2] [T] [thread 91871] [107.0] [cxt 0] basic.p4(560) Condition "hdr.ethernet.etherType == TYPE_ARP" (node_2) is false
[00:36:42.337] [bmv2] [T] [thread 91871] [107.0] [cxt 0] basic.p4(563) Condition "hdr.ethernet.etherType == TYPE_SRCROUTING" (node_4) is false
[00:36:42.337] [bmv2] [T] [thread 91871] [107.0] [cxt 0] basic.p4(576) Condition "hdr.ethernet.etherType == TYPE_YEQUDESU" (node_12) is false
[00:36:42.337] [bmv2] [T] [thread 91871] [107.0] [cxt 0] basic.p4(582) Condition "hdr.vxlan.isValid()" (node_15) is false
[00:36:42.337] [bmv2] [T] [thread 91871] [107.0] [cxt 0] basic.p4(586) Condition "hdr.ipv6.isValid()" (node_17) is true
[00:36:42.337] [bmv2] [T] [thread 91871] [107.0] [cxt 0] Applying table 'MyIngress.ipv6_lpm'
[00:36:42.337] [bmv2] [D] [thread 91871] [107.0] [cxt 0] Looking up key:
* hdr.ipv6.dstAddr    : ff0200000000000000000000000000fb

[00:36:42.337] [bmv2] [D] [thread 91871] [107.0] [cxt 0] Table 'MyIngress.ipv6_lpm': miss
[00:36:42.337] [bmv2] [D] [thread 91872] [106.0] [cxt 0] Pipeline 'egress': start
[00:36:42.337] [bmv2] [T] [thread 91872] [106.0] [cxt 0] basic.p4(684) Condition "standard_metadata.mcast_grp != 0" (node_28) is false
[00:36:42.337] [bmv2] [D] [thread 91872] [106.0] [cxt 0] Pipeline 'egress': end
[00:36:42.337] [bmv2] [D] [thread 91872] [106.0] [cxt 0] Deparser 'deparser': start
[00:36:42.337] [bmv2] [T] [thread 91872] [106.0] [cxt 0] Skipping checksum 'cksum' update because condition not met
[00:36:42.337] [bmv2] [D] [thread 91872] [106.0] [cxt 0] Deparsing header 'ethernet'
[00:36:42.337] [bmv2] [D] [thread 91872] [106.0] [cxt 0] Deparsing header 'ipv6'
[00:36:42.337] [bmv2] [D] [thread 91872] [106.0] [cxt 0] Deparser 'deparser': end
[00:36:42.337] [bmv2] [D] [thread 91871] [107.0] [cxt 0] Action entry is NoAction - 
[00:36:42.337] [bmv2] [T] [thread 91871] [107.0] [cxt 0] Action NoAction
[00:36:42.337] [bmv2] [D] [thread 91871] [107.0] [cxt 0] Pipeline 'ingress': end
[00:36:42.337] [bmv2] [D] [thread 91871] [107.0] [cxt 0] Egress port is 0
[00:36:42.337] [bmv2] [D] [thread 91872] [107.0] [cxt 0] Pipeline 'egress': start
[00:36:42.337] [bmv2] [T] [thread 91872] [107.0] [cxt 0] basic.p4(684) Condition "standard_metadata.mcast_grp != 0" (node_28) is false
[00:36:42.337] [bmv2] [D] [thread 91872] [107.0] [cxt 0] Pipeline 'egress': end
[00:36:42.337] [bmv2] [D] [thread 91872] [107.0] [cxt 0] Deparser 'deparser': start
[00:36:42.337] [bmv2] [T] [thread 91872] [107.0] [cxt 0] Skipping checksum 'cksum' update because condition not met
[00:36:42.337] [bmv2] [D] [thread 91872] [107.0] [cxt 0] Deparsing header 'ethernet'
[00:36:42.337] [bmv2] [D] [thread 91872] [107.0] [cxt 0] Deparsing header 'ipv6'
[00:36:42.337] [bmv2] [D] [thread 91872] [107.0] [cxt 0] Deparser 'deparser': end
[00:36:42.337] [bmv2] [D] [thread 91876] [106.0] [cxt 0] Transmitting packet of size 199 out of port 0
[00:36:42.337] [bmv2] [D] [thread 91876] [107.0] [cxt 0] Transmitting packet of size 199 out of port 0
[00:36:42.400] [bmv2] [D] [thread 91871] [108.0] [cxt 0] Processing packet received on port 1
[00:36:42.400] [bmv2] [D] [thread 91871] [108.0] [cxt 0] Parser 'parser': start
[00:36:42.400] [bmv2] [D] [thread 91871] [108.0] [cxt 0] Parser 'parser' entering state 'start'
[00:36:42.400] [bmv2] [D] [thread 91871] [108.0] [cxt 0] Extracting header 'ethernet'
[00:36:42.400] [bmv2] [D] [thread 91871] [108.0] [cxt 0] Parser state 'start': key is 86dd
[00:36:42.400] [bmv2] [T] [thread 91871] [108.0] [cxt 0] Bytes parsed: 14
[00:36:42.400] [bmv2] [D] [thread 91871] [108.0] [cxt 0] Parser 'parser' entering state 'parse_ipv6'
[00:36:42.400] [bmv2] [D] [thread 91871] [108.0] [cxt 0] Extracting header 'ipv6'
[00:36:42.400] [bmv2] [D] [thread 91871] [108.0] [cxt 0] Parser state 'parse_ipv6': key is 11
[00:36:42.400] [bmv2] [T] [thread 91871] [108.0] [cxt 0] Bytes parsed: 54
[00:36:42.401] [bmv2] [D] [thread 91871] [108.0] [cxt 0] Parser 'parser': end
[00:36:42.401] [bmv2] [D] [thread 91871] [108.0] [cxt 0] Pipeline 'ingress': start
[00:36:42.401] [bmv2] [T] [thread 91871] [108.0] [cxt 0] basic.p4(560) Condition "hdr.ethernet.etherType == TYPE_ARP" (node_2) is false
[00:36:42.401] [bmv2] [T] [thread 91871] [108.0] [cxt 0] basic.p4(563) Condition "hdr.ethernet.etherType == TYPE_SRCROUTING" (node_4) is false
[00:36:42.401] [bmv2] [T] [thread 91871] [108.0] [cxt 0] basic.p4(576) Condition "hdr.ethernet.etherType == TYPE_YEQUDESU" (node_12) is false
[00:36:42.401] [bmv2] [T] [thread 91871] [108.0] [cxt 0] basic.p4(582) Condition "hdr.vxlan.isValid()" (node_15) is false
[00:36:42.401] [bmv2] [T] [thread 91871] [108.0] [cxt 0] basic.p4(586) Condition "hdr.ipv6.isValid()" (node_17) is true
[00:36:42.401] [bmv2] [T] [thread 91871] [108.0] [cxt 0] Applying table 'MyIngress.ipv6_lpm'
[00:36:42.401] [bmv2] [D] [thread 91871] [108.0] [cxt 0] Looking up key:
* hdr.ipv6.dstAddr    : ff0200000000000000000000000000fb

[00:36:42.401] [bmv2] [D] [thread 91871] [108.0] [cxt 0] Table 'MyIngress.ipv6_lpm': miss
[00:36:42.401] [bmv2] [D] [thread 91871] [108.0] [cxt 0] Action entry is NoAction - 
[00:36:42.401] [bmv2] [T] [thread 91871] [108.0] [cxt 0] Action NoAction
[00:36:42.401] [bmv2] [D] [thread 91871] [108.0] [cxt 0] Pipeline 'ingress': end
[00:36:42.401] [bmv2] [D] [thread 91871] [108.0] [cxt 0] Egress port is 0
[00:36:42.401] [bmv2] [D] [thread 91872] [108.0] [cxt 0] Pipeline 'egress': start
[00:36:42.401] [bmv2] [T] [thread 91872] [108.0] [cxt 0] basic.p4(684) Condition "standard_metadata.mcast_grp != 0" (node_28) is false
[00:36:42.401] [bmv2] [D] [thread 91872] [108.0] [cxt 0] Pipeline 'egress': end
[00:36:42.401] [bmv2] [D] [thread 91872] [108.0] [cxt 0] Deparser 'deparser': start
[00:36:42.401] [bmv2] [T] [thread 91872] [108.0] [cxt 0] Skipping checksum 'cksum' update because condition not met
[00:36:42.401] [bmv2] [D] [thread 91872] [108.0] [cxt 0] Deparsing header 'ethernet'
[00:36:42.401] [bmv2] [D] [thread 91872] [108.0] [cxt 0] Deparsing header 'ipv6'
[00:36:42.401] [bmv2] [D] [thread 91872] [108.0] [cxt 0] Deparser 'deparser': end
[00:36:42.401] [bmv2] [D] [thread 91876] [108.0] [cxt 0] Transmitting packet of size 199 out of port 0
[00:36:42.527] [bmv2] [D] [thread 91871] [109.0] [cxt 0] Processing packet received on port 2
[00:36:42.527] [bmv2] [D] [thread 91871] [109.0] [cxt 0] Parser 'parser': start
[00:36:42.527] [bmv2] [D] [thread 91871] [109.0] [cxt 0] Parser 'parser' entering state 'start'
[00:36:42.527] [bmv2] [D] [thread 91871] [109.0] [cxt 0] Extracting header 'ethernet'
[00:36:42.527] [bmv2] [D] [thread 91871] [109.0] [cxt 0] Parser state 'start': key is 86dd
[00:36:42.527] [bmv2] [T] [thread 91871] [109.0] [cxt 0] Bytes parsed: 14
[00:36:42.527] [bmv2] [D] [thread 91871] [109.0] [cxt 0] Parser 'parser' entering state 'parse_ipv6'
[00:36:42.527] [bmv2] [D] [thread 91871] [109.0] [cxt 0] Extracting header 'ipv6'
[00:36:42.527] [bmv2] [D] [thread 91871] [109.0] [cxt 0] Parser state 'parse_ipv6': key is 11
[00:36:42.527] [bmv2] [T] [thread 91871] [109.0] [cxt 0] Bytes parsed: 54
[00:36:42.527] [bmv2] [D] [thread 91871] [109.0] [cxt 0] Parser 'parser': end
[00:36:42.527] [bmv2] [D] [thread 91871] [109.0] [cxt 0] Pipeline 'ingress': start
[00:36:42.527] [bmv2] [T] [thread 91871] [109.0] [cxt 0] basic.p4(560) Condition "hdr.ethernet.etherType == TYPE_ARP" (node_2) is false
[00:36:42.527] [bmv2] [T] [thread 91871] [109.0] [cxt 0] basic.p4(563) Condition "hdr.ethernet.etherType == TYPE_SRCROUTING" (node_4) is false
[00:36:42.527] [bmv2] [T] [thread 91871] [109.0] [cxt 0] basic.p4(576) Condition "hdr.ethernet.etherType == TYPE_YEQUDESU" (node_12) is false
[00:36:42.527] [bmv2] [T] [thread 91871] [109.0] [cxt 0] basic.p4(582) Condition "hdr.vxlan.isValid()" (node_15) is false
[00:36:42.527] [bmv2] [T] [thread 91871] [109.0] [cxt 0] basic.p4(586) Condition "hdr.ipv6.isValid()" (node_17) is true
[00:36:42.527] [bmv2] [T] [thread 91871] [109.0] [cxt 0] Applying table 'MyIngress.ipv6_lpm'
[00:36:42.527] [bmv2] [D] [thread 91871] [109.0] [cxt 0] Looking up key:
* hdr.ipv6.dstAddr    : ff0200000000000000000000000000fb

[00:36:42.527] [bmv2] [D] [thread 91871] [109.0] [cxt 0] Table 'MyIngress.ipv6_lpm': miss
[00:36:42.527] [bmv2] [D] [thread 91871] [109.0] [cxt 0] Action entry is NoAction - 
[00:36:42.527] [bmv2] [T] [thread 91871] [109.0] [cxt 0] Action NoAction
[00:36:42.528] [bmv2] [D] [thread 91871] [109.0] [cxt 0] Pipeline 'ingress': end
[00:36:42.528] [bmv2] [D] [thread 91871] [109.0] [cxt 0] Egress port is 0
[00:36:42.528] [bmv2] [D] [thread 91872] [109.0] [cxt 0] Pipeline 'egress': start
[00:36:42.528] [bmv2] [T] [thread 91872] [109.0] [cxt 0] basic.p4(684) Condition "standard_metadata.mcast_grp != 0" (node_28) is false
[00:36:42.528] [bmv2] [D] [thread 91872] [109.0] [cxt 0] Pipeline 'egress': end
[00:36:42.528] [bmv2] [D] [thread 91872] [109.0] [cxt 0] Deparser 'deparser': start
[00:36:42.528] [bmv2] [T] [thread 91872] [109.0] [cxt 0] Skipping checksum 'cksum' update because condition not met
[00:36:42.528] [bmv2] [D] [thread 91872] [109.0] [cxt 0] Deparsing header 'ethernet'
[00:36:42.528] [bmv2] [D] [thread 91872] [109.0] [cxt 0] Deparsing header 'ipv6'
[00:36:42.528] [bmv2] [D] [thread 91872] [109.0] [cxt 0] Deparser 'deparser': end
[00:36:42.528] [bmv2] [D] [thread 91876] [109.0] [cxt 0] Transmitting packet of size 199 out of port 0
[00:36:42.861] [bmv2] [D] [thread 91871] [110.0] [cxt 0] Processing packet received on port 3
[00:36:42.861] [bmv2] [D] [thread 91871] [110.0] [cxt 0] Parser 'parser': start
[00:36:42.861] [bmv2] [D] [thread 91871] [110.0] [cxt 0] Parser 'parser' entering state 'start'
[00:36:42.861] [bmv2] [D] [thread 91871] [110.0] [cxt 0] Extracting header 'ethernet'
[00:36:42.861] [bmv2] [D] [thread 91871] [110.0] [cxt 0] Parser state 'start': key is 86dd
[00:36:42.861] [bmv2] [T] [thread 91871] [110.0] [cxt 0] Bytes parsed: 14
[00:36:42.861] [bmv2] [D] [thread 91871] [110.0] [cxt 0] Parser 'parser' entering state 'parse_ipv6'
[00:36:42.861] [bmv2] [D] [thread 91871] [110.0] [cxt 0] Extracting header 'ipv6'
[00:36:42.861] [bmv2] [D] [thread 91871] [110.0] [cxt 0] Parser state 'parse_ipv6': key is 11
[00:36:42.861] [bmv2] [T] [thread 91871] [110.0] [cxt 0] Bytes parsed: 54
[00:36:42.861] [bmv2] [D] [thread 91871] [110.0] [cxt 0] Parser 'parser': end
[00:36:42.861] [bmv2] [D] [thread 91871] [110.0] [cxt 0] Pipeline 'ingress': start
[00:36:42.861] [bmv2] [T] [thread 91871] [110.0] [cxt 0] basic.p4(560) Condition "hdr.ethernet.etherType == TYPE_ARP" (node_2) is false
[00:36:42.861] [bmv2] [T] [thread 91871] [110.0] [cxt 0] basic.p4(563) Condition "hdr.ethernet.etherType == TYPE_SRCROUTING" (node_4) is false
[00:36:42.861] [bmv2] [T] [thread 91871] [110.0] [cxt 0] basic.p4(576) Condition "hdr.ethernet.etherType == TYPE_YEQUDESU" (node_12) is false
[00:36:42.861] [bmv2] [T] [thread 91871] [110.0] [cxt 0] basic.p4(582) Condition "hdr.vxlan.isValid()" (node_15) is false
[00:36:42.861] [bmv2] [T] [thread 91871] [110.0] [cxt 0] basic.p4(586) Condition "hdr.ipv6.isValid()" (node_17) is true
[00:36:42.861] [bmv2] [T] [thread 91871] [110.0] [cxt 0] Applying table 'MyIngress.ipv6_lpm'
[00:36:42.861] [bmv2] [D] [thread 91871] [110.0] [cxt 0] Looking up key:
* hdr.ipv6.dstAddr    : ff0200000000000000000000000000fb

[00:36:42.861] [bmv2] [D] [thread 91871] [110.0] [cxt 0] Table 'MyIngress.ipv6_lpm': miss
[00:36:42.861] [bmv2] [D] [thread 91871] [110.0] [cxt 0] Action entry is NoAction - 
[00:36:42.861] [bmv2] [T] [thread 91871] [110.0] [cxt 0] Action NoAction
[00:36:42.861] [bmv2] [D] [thread 91871] [110.0] [cxt 0] Pipeline 'ingress': end
[00:36:42.861] [bmv2] [D] [thread 91871] [110.0] [cxt 0] Egress port is 0
[00:36:42.861] [bmv2] [D] [thread 91872] [110.0] [cxt 0] Pipeline 'egress': start
[00:36:42.861] [bmv2] [T] [thread 91872] [110.0] [cxt 0] basic.p4(684) Condition "standard_metadata.mcast_grp != 0" (node_28) is false
[00:36:42.861] [bmv2] [D] [thread 91872] [110.0] [cxt 0] Pipeline 'egress': end
[00:36:42.861] [bmv2] [D] [thread 91872] [110.0] [cxt 0] Deparser 'deparser': start
[00:36:42.861] [bmv2] [T] [thread 91872] [110.0] [cxt 0] Skipping checksum 'cksum' update because condition not met
[00:36:42.861] [bmv2] [D] [thread 91872] [110.0] [cxt 0] Deparsing header 'ethernet'
[00:36:42.861] [bmv2] [D] [thread 91872] [110.0] [cxt 0] Deparsing header 'ipv6'
[00:36:42.861] [bmv2] [D] [thread 91872] [110.0] [cxt 0] Deparser 'deparser': end
[00:36:42.861] [bmv2] [D] [thread 91876] [110.0] [cxt 0] Transmitting packet of size 203 out of port 0
[00:36:43.119] [bmv2] [D] [thread 91871] [111.0] [cxt 0] Processing packet received on port 4
[00:36:43.119] [bmv2] [D] [thread 91871] [111.0] [cxt 0] Parser 'parser': start
[00:36:43.119] [bmv2] [D] [thread 91871] [111.0] [cxt 0] Parser 'parser' entering state 'start'
[00:36:43.119] [bmv2] [D] [thread 91871] [111.0] [cxt 0] Extracting header 'ethernet'
[00:36:43.119] [bmv2] [D] [thread 91871] [111.0] [cxt 0] Parser state 'start': key is 86dd
[00:36:43.119] [bmv2] [T] [thread 91871] [111.0] [cxt 0] Bytes parsed: 14
[00:36:43.119] [bmv2] [D] [thread 91871] [111.0] [cxt 0] Parser 'parser' entering state 'parse_ipv6'
[00:36:43.119] [bmv2] [D] [thread 91871] [111.0] [cxt 0] Extracting header 'ipv6'
[00:36:43.119] [bmv2] [D] [thread 91871] [111.0] [cxt 0] Parser state 'parse_ipv6': key is 11
[00:36:43.119] [bmv2] [T] [thread 91871] [111.0] [cxt 0] Bytes parsed: 54
[00:36:43.119] [bmv2] [D] [thread 91871] [111.0] [cxt 0] Parser 'parser': end
[00:36:43.119] [bmv2] [D] [thread 91871] [111.0] [cxt 0] Pipeline 'ingress': start
[00:36:43.119] [bmv2] [T] [thread 91871] [111.0] [cxt 0] basic.p4(560) Condition "hdr.ethernet.etherType == TYPE_ARP" (node_2) is false
[00:36:43.119] [bmv2] [T] [thread 91871] [111.0] [cxt 0] basic.p4(563) Condition "hdr.ethernet.etherType == TYPE_SRCROUTING" (node_4) is false
[00:36:43.119] [bmv2] [T] [thread 91871] [111.0] [cxt 0] basic.p4(576) Condition "hdr.ethernet.etherType == TYPE_YEQUDESU" (node_12) is false
[00:36:43.119] [bmv2] [T] [thread 91871] [111.0] [cxt 0] basic.p4(582) Condition "hdr.vxlan.isValid()" (node_15) is false
[00:36:43.119] [bmv2] [T] [thread 91871] [111.0] [cxt 0] basic.p4(586) Condition "hdr.ipv6.isValid()" (node_17) is true
[00:36:43.119] [bmv2] [T] [thread 91871] [111.0] [cxt 0] Applying table 'MyIngress.ipv6_lpm'
[00:36:43.119] [bmv2] [D] [thread 91871] [111.0] [cxt 0] Looking up key:
* hdr.ipv6.dstAddr    : ff0200000000000000000000000000fb

[00:36:43.119] [bmv2] [D] [thread 91871] [111.0] [cxt 0] Table 'MyIngress.ipv6_lpm': miss
[00:36:43.119] [bmv2] [D] [thread 91871] [111.0] [cxt 0] Action entry is NoAction - 
[00:36:43.119] [bmv2] [T] [thread 91871] [111.0] [cxt 0] Action NoAction
[00:36:43.119] [bmv2] [D] [thread 91871] [111.0] [cxt 0] Pipeline 'ingress': end
[00:36:43.119] [bmv2] [D] [thread 91871] [111.0] [cxt 0] Egress port is 0
[00:36:43.119] [bmv2] [D] [thread 91872] [111.0] [cxt 0] Pipeline 'egress': start
[00:36:43.119] [bmv2] [T] [thread 91872] [111.0] [cxt 0] basic.p4(684) Condition "standard_metadata.mcast_grp != 0" (node_28) is false
[00:36:43.119] [bmv2] [D] [thread 91872] [111.0] [cxt 0] Pipeline 'egress': end
[00:36:43.119] [bmv2] [D] [thread 91872] [111.0] [cxt 0] Deparser 'deparser': start
[00:36:43.119] [bmv2] [T] [thread 91872] [111.0] [cxt 0] Skipping checksum 'cksum' update because condition not met
[00:36:43.119] [bmv2] [D] [thread 91872] [111.0] [cxt 0] Deparsing header 'ethernet'
[00:36:43.119] [bmv2] [D] [thread 91872] [111.0] [cxt 0] Deparsing header 'ipv6'
[00:36:43.119] [bmv2] [D] [thread 91872] [111.0] [cxt 0] Deparser 'deparser': end
[00:36:43.119] [bmv2] [D] [thread 91876] [111.0] [cxt 0] Transmitting packet of size 203 out of port 0
[00:36:43.178] [bmv2] [D] [thread 91871] [112.0] [cxt 0] Processing packet received on port 3
[00:36:43.178] [bmv2] [D] [thread 91871] [112.0] [cxt 0] Parser 'parser': start
[00:36:43.178] [bmv2] [D] [thread 91871] [112.0] [cxt 0] Parser 'parser' entering state 'start'
[00:36:43.178] [bmv2] [D] [thread 91871] [112.0] [cxt 0] Extracting header 'ethernet'
[00:36:43.178] [bmv2] [D] [thread 91871] [112.0] [cxt 0] Parser state 'start': key is 86dd
[00:36:43.178] [bmv2] [T] [thread 91871] [112.0] [cxt 0] Bytes parsed: 14
[00:36:43.178] [bmv2] [D] [thread 91871] [112.0] [cxt 0] Parser 'parser' entering state 'parse_ipv6'
[00:36:43.178] [bmv2] [D] [thread 91871] [112.0] [cxt 0] Extracting header 'ipv6'
[00:36:43.178] [bmv2] [D] [thread 91871] [112.0] [cxt 0] Parser state 'parse_ipv6': key is 11
[00:36:43.178] [bmv2] [T] [thread 91871] [112.0] [cxt 0] Bytes parsed: 54
[00:36:43.178] [bmv2] [D] [thread 91871] [112.0] [cxt 0] Parser 'parser': end
[00:36:43.178] [bmv2] [D] [thread 91871] [112.0] [cxt 0] Pipeline 'ingress': start
[00:36:43.178] [bmv2] [T] [thread 91871] [112.0] [cxt 0] basic.p4(560) Condition "hdr.ethernet.etherType == TYPE_ARP" (node_2) is false
[00:36:43.178] [bmv2] [T] [thread 91871] [112.0] [cxt 0] basic.p4(563) Condition "hdr.ethernet.etherType == TYPE_SRCROUTING" (node_4) is false
[00:36:43.178] [bmv2] [T] [thread 91871] [112.0] [cxt 0] basic.p4(576) Condition "hdr.ethernet.etherType == TYPE_YEQUDESU" (node_12) is false
[00:36:43.178] [bmv2] [T] [thread 91871] [112.0] [cxt 0] basic.p4(582) Condition "hdr.vxlan.isValid()" (node_15) is false
[00:36:43.178] [bmv2] [T] [thread 91871] [112.0] [cxt 0] basic.p4(586) Condition "hdr.ipv6.isValid()" (node_17) is true
[00:36:43.178] [bmv2] [T] [thread 91871] [112.0] [cxt 0] Applying table 'MyIngress.ipv6_lpm'
[00:36:43.178] [bmv2] [D] [thread 91871] [112.0] [cxt 0] Looking up key:
* hdr.ipv6.dstAddr    : ff0200000000000000000000000000fb

[00:36:43.178] [bmv2] [D] [thread 91871] [112.0] [cxt 0] Table 'MyIngress.ipv6_lpm': miss
[00:36:43.179] [bmv2] [D] [thread 91871] [112.0] [cxt 0] Action entry is NoAction - 
[00:36:43.179] [bmv2] [T] [thread 91871] [112.0] [cxt 0] Action NoAction
[00:36:43.179] [bmv2] [D] [thread 91871] [112.0] [cxt 0] Pipeline 'ingress': end
[00:36:43.179] [bmv2] [D] [thread 91871] [112.0] [cxt 0] Egress port is 0
[00:36:43.179] [bmv2] [D] [thread 91872] [112.0] [cxt 0] Pipeline 'egress': start
[00:36:43.179] [bmv2] [T] [thread 91872] [112.0] [cxt 0] basic.p4(684) Condition "standard_metadata.mcast_grp != 0" (node_28) is false
[00:36:43.179] [bmv2] [D] [thread 91872] [112.0] [cxt 0] Pipeline 'egress': end
[00:36:43.179] [bmv2] [D] [thread 91872] [112.0] [cxt 0] Deparser 'deparser': start
[00:36:43.179] [bmv2] [T] [thread 91872] [112.0] [cxt 0] Skipping checksum 'cksum' update because condition not met
[00:36:43.179] [bmv2] [D] [thread 91872] [112.0] [cxt 0] Deparsing header 'ethernet'
[00:36:43.179] [bmv2] [D] [thread 91872] [112.0] [cxt 0] Deparsing header 'ipv6'
[00:36:43.179] [bmv2] [D] [thread 91872] [112.0] [cxt 0] Deparser 'deparser': end
[00:36:43.179] [bmv2] [D] [thread 91876] [112.0] [cxt 0] Transmitting packet of size 203 out of port 0
[00:36:43.311] [bmv2] [D] [thread 91871] [113.0] [cxt 0] Processing packet received on port 5
[00:36:43.311] [bmv2] [D] [thread 91871] [113.0] [cxt 0] Parser 'parser': start
[00:36:43.311] [bmv2] [D] [thread 91871] [113.0] [cxt 0] Parser 'parser' entering state 'start'
[00:36:43.311] [bmv2] [D] [thread 91871] [113.0] [cxt 0] Extracting header 'ethernet'
[00:36:43.311] [bmv2] [D] [thread 91871] [113.0] [cxt 0] Parser state 'start': key is 86dd
[00:36:43.311] [bmv2] [T] [thread 91871] [113.0] [cxt 0] Bytes parsed: 14
[00:36:43.311] [bmv2] [D] [thread 91871] [113.0] [cxt 0] Parser 'parser' entering state 'parse_ipv6'
[00:36:43.311] [bmv2] [D] [thread 91871] [113.0] [cxt 0] Extracting header 'ipv6'
[00:36:43.311] [bmv2] [D] [thread 91871] [113.0] [cxt 0] Parser state 'parse_ipv6': key is 11
[00:36:43.311] [bmv2] [T] [thread 91871] [113.0] [cxt 0] Bytes parsed: 54
[00:36:43.311] [bmv2] [D] [thread 91871] [113.0] [cxt 0] Parser 'parser': end
[00:36:43.311] [bmv2] [D] [thread 91871] [113.0] [cxt 0] Pipeline 'ingress': start
[00:36:43.311] [bmv2] [T] [thread 91871] [113.0] [cxt 0] basic.p4(560) Condition "hdr.ethernet.etherType == TYPE_ARP" (node_2) is false
[00:36:43.311] [bmv2] [T] [thread 91871] [113.0] [cxt 0] basic.p4(563) Condition "hdr.ethernet.etherType == TYPE_SRCROUTING" (node_4) is false
[00:36:43.311] [bmv2] [T] [thread 91871] [113.0] [cxt 0] basic.p4(576) Condition "hdr.ethernet.etherType == TYPE_YEQUDESU" (node_12) is false
[00:36:43.311] [bmv2] [T] [thread 91871] [113.0] [cxt 0] basic.p4(582) Condition "hdr.vxlan.isValid()" (node_15) is false
[00:36:43.311] [bmv2] [T] [thread 91871] [113.0] [cxt 0] basic.p4(586) Condition "hdr.ipv6.isValid()" (node_17) is true
[00:36:43.311] [bmv2] [T] [thread 91871] [113.0] [cxt 0] Applying table 'MyIngress.ipv6_lpm'
[00:36:43.311] [bmv2] [D] [thread 91871] [113.0] [cxt 0] Looking up key:
* hdr.ipv6.dstAddr    : ff0200000000000000000000000000fb

[00:36:43.311] [bmv2] [D] [thread 91871] [113.0] [cxt 0] Table 'MyIngress.ipv6_lpm': miss
[00:36:43.311] [bmv2] [D] [thread 91871] [113.0] [cxt 0] Action entry is NoAction - 
[00:36:43.311] [bmv2] [T] [thread 91871] [113.0] [cxt 0] Action NoAction
[00:36:43.311] [bmv2] [D] [thread 91871] [113.0] [cxt 0] Pipeline 'ingress': end
[00:36:43.311] [bmv2] [D] [thread 91871] [113.0] [cxt 0] Egress port is 0
[00:36:43.312] [bmv2] [D] [thread 91872] [113.0] [cxt 0] Pipeline 'egress': start
[00:36:43.312] [bmv2] [T] [thread 91872] [113.0] [cxt 0] basic.p4(684) Condition "standard_metadata.mcast_grp != 0" (node_28) is false
[00:36:43.312] [bmv2] [D] [thread 91872] [113.0] [cxt 0] Pipeline 'egress': end
[00:36:43.312] [bmv2] [D] [thread 91872] [113.0] [cxt 0] Deparser 'deparser': start
[00:36:43.312] [bmv2] [T] [thread 91872] [113.0] [cxt 0] Skipping checksum 'cksum' update because condition not met
[00:36:43.312] [bmv2] [D] [thread 91872] [113.0] [cxt 0] Deparsing header 'ethernet'
[00:36:43.312] [bmv2] [D] [thread 91872] [113.0] [cxt 0] Deparsing header 'ipv6'
[00:36:43.312] [bmv2] [D] [thread 91872] [113.0] [cxt 0] Deparser 'deparser': end
[00:36:43.312] [bmv2] [D] [thread 91876] [113.0] [cxt 0] Transmitting packet of size 203 out of port 0
[00:36:43.470] [bmv2] [D] [thread 91871] [114.0] [cxt 0] Processing packet received on port 3
[00:36:43.470] [bmv2] [D] [thread 91871] [114.0] [cxt 0] Parser 'parser': start
[00:36:43.470] [bmv2] [D] [thread 91871] [114.0] [cxt 0] Parser 'parser' entering state 'start'
[00:36:43.470] [bmv2] [D] [thread 91871] [114.0] [cxt 0] Extracting header 'ethernet'
[00:36:43.470] [bmv2] [D] [thread 91871] [114.0] [cxt 0] Parser state 'start': key is 86dd
[00:36:43.470] [bmv2] [T] [thread 91871] [114.0] [cxt 0] Bytes parsed: 14
[00:36:43.470] [bmv2] [D] [thread 91871] [114.0] [cxt 0] Parser 'parser' entering state 'parse_ipv6'
[00:36:43.470] [bmv2] [D] [thread 91871] [114.0] [cxt 0] Extracting header 'ipv6'
[00:36:43.470] [bmv2] [D] [thread 91871] [114.0] [cxt 0] Parser state 'parse_ipv6': key is 3a
[00:36:43.470] [bmv2] [T] [thread 91871] [114.0] [cxt 0] Bytes parsed: 54
[00:36:43.470] [bmv2] [D] [thread 91871] [114.0] [cxt 0] Parser 'parser': end
[00:36:43.470] [bmv2] [D] [thread 91871] [114.0] [cxt 0] Pipeline 'ingress': start
[00:36:43.470] [bmv2] [T] [thread 91871] [114.0] [cxt 0] basic.p4(560) Condition "hdr.ethernet.etherType == TYPE_ARP" (node_2) is false
[00:36:43.470] [bmv2] [T] [thread 91871] [114.0] [cxt 0] basic.p4(563) Condition "hdr.ethernet.etherType == TYPE_SRCROUTING" (node_4) is false
[00:36:43.470] [bmv2] [T] [thread 91871] [114.0] [cxt 0] basic.p4(576) Condition "hdr.ethernet.etherType == TYPE_YEQUDESU" (node_12) is false
[00:36:43.470] [bmv2] [T] [thread 91871] [114.0] [cxt 0] basic.p4(582) Condition "hdr.vxlan.isValid()" (node_15) is false
[00:36:43.470] [bmv2] [T] [thread 91871] [114.0] [cxt 0] basic.p4(586) Condition "hdr.ipv6.isValid()" (node_17) is true
[00:36:43.470] [bmv2] [T] [thread 91871] [114.0] [cxt 0] Applying table 'MyIngress.ipv6_lpm'
[00:36:43.470] [bmv2] [D] [thread 91871] [114.0] [cxt 0] Looking up key:
* hdr.ipv6.dstAddr    : ff020000000000000000000000000002

[00:36:43.470] [bmv2] [D] [thread 91871] [114.0] [cxt 0] Table 'MyIngress.ipv6_lpm': miss
[00:36:43.470] [bmv2] [D] [thread 91871] [114.0] [cxt 0] Action entry is NoAction - 
[00:36:43.470] [bmv2] [T] [thread 91871] [114.0] [cxt 0] Action NoAction
[00:36:43.470] [bmv2] [D] [thread 91871] [114.0] [cxt 0] Pipeline 'ingress': end
[00:36:43.470] [bmv2] [D] [thread 91871] [114.0] [cxt 0] Egress port is 0
[00:36:43.470] [bmv2] [D] [thread 91872] [114.0] [cxt 0] Pipeline 'egress': start
[00:36:43.470] [bmv2] [T] [thread 91872] [114.0] [cxt 0] basic.p4(684) Condition "standard_metadata.mcast_grp != 0" (node_28) is false
[00:36:43.470] [bmv2] [D] [thread 91872] [114.0] [cxt 0] Pipeline 'egress': end
[00:36:43.470] [bmv2] [D] [thread 91872] [114.0] [cxt 0] Deparser 'deparser': start
[00:36:43.470] [bmv2] [T] [thread 91872] [114.0] [cxt 0] Skipping checksum 'cksum' update because condition not met
[00:36:43.470] [bmv2] [D] [thread 91872] [114.0] [cxt 0] Deparsing header 'ethernet'
[00:36:43.470] [bmv2] [D] [thread 91872] [114.0] [cxt 0] Deparsing header 'ipv6'
[00:36:43.470] [bmv2] [D] [thread 91872] [114.0] [cxt 0] Deparser 'deparser': end
[00:36:43.470] [bmv2] [D] [thread 91876] [114.0] [cxt 0] Transmitting packet of size 70 out of port 0
[00:36:43.565] [bmv2] [D] [thread 91871] [115.0] [cxt 0] Processing packet received on port 2
[00:36:43.565] [bmv2] [D] [thread 91871] [115.0] [cxt 0] Parser 'parser': start
[00:36:43.565] [bmv2] [D] [thread 91871] [115.0] [cxt 0] Parser 'parser' entering state 'start'
[00:36:43.565] [bmv2] [D] [thread 91871] [115.0] [cxt 0] Extracting header 'ethernet'
[00:36:43.565] [bmv2] [D] [thread 91871] [115.0] [cxt 0] Parser state 'start': key is 86dd
[00:36:43.565] [bmv2] [T] [thread 91871] [115.0] [cxt 0] Bytes parsed: 14
[00:36:43.565] [bmv2] [D] [thread 91871] [115.0] [cxt 0] Parser 'parser' entering state 'parse_ipv6'
[00:36:43.565] [bmv2] [D] [thread 91871] [115.0] [cxt 0] Extracting header 'ipv6'
[00:36:43.565] [bmv2] [D] [thread 91871] [115.0] [cxt 0] Parser state 'parse_ipv6': key is 11
[00:36:43.565] [bmv2] [T] [thread 91871] [115.0] [cxt 0] Bytes parsed: 54
[00:36:43.565] [bmv2] [D] [thread 91871] [115.0] [cxt 0] Parser 'parser': end
[00:36:43.565] [bmv2] [D] [thread 91871] [115.0] [cxt 0] Pipeline 'ingress': start
[00:36:43.565] [bmv2] [T] [thread 91871] [115.0] [cxt 0] basic.p4(560) Condition "hdr.ethernet.etherType == TYPE_ARP" (node_2) is false
[00:36:43.565] [bmv2] [T] [thread 91871] [115.0] [cxt 0] basic.p4(563) Condition "hdr.ethernet.etherType == TYPE_SRCROUTING" (node_4) is false
[00:36:43.565] [bmv2] [T] [thread 91871] [115.0] [cxt 0] basic.p4(576) Condition "hdr.ethernet.etherType == TYPE_YEQUDESU" (node_12) is false
[00:36:43.565] [bmv2] [T] [thread 91871] [115.0] [cxt 0] basic.p4(582) Condition "hdr.vxlan.isValid()" (node_15) is false
[00:36:43.565] [bmv2] [T] [thread 91871] [115.0] [cxt 0] basic.p4(586) Condition "hdr.ipv6.isValid()" (node_17) is true
[00:36:43.565] [bmv2] [T] [thread 91871] [115.0] [cxt 0] Applying table 'MyIngress.ipv6_lpm'
[00:36:43.565] [bmv2] [D] [thread 91871] [115.0] [cxt 0] Looking up key:
* hdr.ipv6.dstAddr    : ff0200000000000000000000000000fb

[00:36:43.565] [bmv2] [D] [thread 91871] [115.0] [cxt 0] Table 'MyIngress.ipv6_lpm': miss
[00:36:43.565] [bmv2] [D] [thread 91871] [115.0] [cxt 0] Action entry is NoAction - 
[00:36:43.565] [bmv2] [T] [thread 91871] [115.0] [cxt 0] Action NoAction
[00:36:43.565] [bmv2] [D] [thread 91871] [115.0] [cxt 0] Pipeline 'ingress': end
[00:36:43.565] [bmv2] [D] [thread 91871] [115.0] [cxt 0] Egress port is 0
[00:36:43.565] [bmv2] [D] [thread 91871] [116.0] [cxt 0] Processing packet received on port 5
[00:36:43.565] [bmv2] [D] [thread 91871] [116.0] [cxt 0] Parser 'parser': start
[00:36:43.565] [bmv2] [D] [thread 91871] [116.0] [cxt 0] Parser 'parser' entering state 'start'
[00:36:43.565] [bmv2] [D] [thread 91871] [116.0] [cxt 0] Extracting header 'ethernet'
[00:36:43.565] [bmv2] [D] [thread 91871] [116.0] [cxt 0] Parser state 'start': key is 86dd
[00:36:43.565] [bmv2] [T] [thread 91871] [116.0] [cxt 0] Bytes parsed: 14
[00:36:43.565] [bmv2] [D] [thread 91871] [116.0] [cxt 0] Parser 'parser' entering state 'parse_ipv6'
[00:36:43.565] [bmv2] [D] [thread 91871] [116.0] [cxt 0] Extracting header 'ipv6'
[00:36:43.565] [bmv2] [D] [thread 91871] [116.0] [cxt 0] Parser state 'parse_ipv6': key is 11
[00:36:43.565] [bmv2] [T] [thread 91871] [116.0] [cxt 0] Bytes parsed: 54
[00:36:43.565] [bmv2] [D] [thread 91871] [116.0] [cxt 0] Parser 'parser': end
[00:36:43.565] [bmv2] [D] [thread 91871] [116.0] [cxt 0] Pipeline 'ingress': start
[00:36:43.565] [bmv2] [T] [thread 91871] [116.0] [cxt 0] basic.p4(560) Condition "hdr.ethernet.etherType == TYPE_ARP" (node_2) is false
[00:36:43.565] [bmv2] [T] [thread 91871] [116.0] [cxt 0] basic.p4(563) Condition "hdr.ethernet.etherType == TYPE_SRCROUTING" (node_4) is false
[00:36:43.565] [bmv2] [T] [thread 91871] [116.0] [cxt 0] basic.p4(576) Condition "hdr.ethernet.etherType == TYPE_YEQUDESU" (node_12) is false
[00:36:43.565] [bmv2] [T] [thread 91871] [116.0] [cxt 0] basic.p4(582) Condition "hdr.vxlan.isValid()" (node_15) is false
[00:36:43.565] [bmv2] [T] [thread 91871] [116.0] [cxt 0] basic.p4(586) Condition "hdr.ipv6.isValid()" (node_17) is true
[00:36:43.565] [bmv2] [T] [thread 91871] [116.0] [cxt 0] Applying table 'MyIngress.ipv6_lpm'
[00:36:43.565] [bmv2] [D] [thread 91871] [116.0] [cxt 0] Looking up key:
* hdr.ipv6.dstAddr    : ff0200000000000000000000000000fb

[00:36:43.565] [bmv2] [D] [thread 91871] [116.0] [cxt 0] Table 'MyIngress.ipv6_lpm': miss
[00:36:43.565] [bmv2] [D] [thread 91871] [116.0] [cxt 0] Action entry is NoAction - 
[00:36:43.565] [bmv2] [T] [thread 91871] [116.0] [cxt 0] Action NoAction
[00:36:43.565] [bmv2] [D] [thread 91871] [116.0] [cxt 0] Pipeline 'ingress': end
[00:36:43.565] [bmv2] [D] [thread 91872] [115.0] [cxt 0] Pipeline 'egress': start
[00:36:43.565] [bmv2] [T] [thread 91872] [115.0] [cxt 0] basic.p4(684) Condition "standard_metadata.mcast_grp != 0" (node_28) is false
[00:36:43.565] [bmv2] [D] [thread 91872] [115.0] [cxt 0] Pipeline 'egress': end
[00:36:43.565] [bmv2] [D] [thread 91872] [115.0] [cxt 0] Deparser 'deparser': start
[00:36:43.565] [bmv2] [T] [thread 91872] [115.0] [cxt 0] Skipping checksum 'cksum' update because condition not met
[00:36:43.565] [bmv2] [D] [thread 91871] [116.0] [cxt 0] Egress port is 0
[00:36:43.565] [bmv2] [D] [thread 91872] [115.0] [cxt 0] Deparsing header 'ethernet'
[00:36:43.565] [bmv2] [D] [thread 91872] [115.0] [cxt 0] Deparsing header 'ipv6'
[00:36:43.565] [bmv2] [D] [thread 91872] [115.0] [cxt 0] Deparser 'deparser': end
[00:36:43.565] [bmv2] [D] [thread 91872] [116.0] [cxt 0] Pipeline 'egress': start
[00:36:43.565] [bmv2] [T] [thread 91872] [116.0] [cxt 0] basic.p4(684) Condition "standard_metadata.mcast_grp != 0" (node_28) is false
[00:36:43.565] [bmv2] [D] [thread 91872] [116.0] [cxt 0] Pipeline 'egress': end
[00:36:43.565] [bmv2] [D] [thread 91872] [116.0] [cxt 0] Deparser 'deparser': start
[00:36:43.565] [bmv2] [T] [thread 91872] [116.0] [cxt 0] Skipping checksum 'cksum' update because condition not met
[00:36:43.565] [bmv2] [D] [thread 91872] [116.0] [cxt 0] Deparsing header 'ethernet'
[00:36:43.565] [bmv2] [D] [thread 91872] [116.0] [cxt 0] Deparsing header 'ipv6'
[00:36:43.566] [bmv2] [D] [thread 91872] [116.0] [cxt 0] Deparser 'deparser': end
[00:36:43.566] [bmv2] [D] [thread 91876] [115.0] [cxt 0] Transmitting packet of size 203 out of port 0
[00:36:43.566] [bmv2] [D] [thread 91876] [116.0] [cxt 0] Transmitting packet of size 203 out of port 0
[00:36:43.629] [bmv2] [D] [thread 91871] [117.0] [cxt 0] Processing packet received on port 1
[00:36:43.629] [bmv2] [D] [thread 91871] [117.0] [cxt 0] Parser 'parser': start
[00:36:43.629] [bmv2] [D] [thread 91871] [117.0] [cxt 0] Parser 'parser' entering state 'start'
[00:36:43.629] [bmv2] [D] [thread 91871] [117.0] [cxt 0] Extracting header 'ethernet'
[00:36:43.629] [bmv2] [D] [thread 91871] [117.0] [cxt 0] Parser state 'start': key is 86dd
[00:36:43.629] [bmv2] [T] [thread 91871] [117.0] [cxt 0] Bytes parsed: 14
[00:36:43.629] [bmv2] [D] [thread 91871] [117.0] [cxt 0] Parser 'parser' entering state 'parse_ipv6'
[00:36:43.629] [bmv2] [D] [thread 91871] [117.0] [cxt 0] Extracting header 'ipv6'
[00:36:43.629] [bmv2] [D] [thread 91871] [117.0] [cxt 0] Parser state 'parse_ipv6': key is 11
[00:36:43.629] [bmv2] [T] [thread 91871] [117.0] [cxt 0] Bytes parsed: 54
[00:36:43.629] [bmv2] [D] [thread 91871] [117.0] [cxt 0] Parser 'parser': end
[00:36:43.629] [bmv2] [D] [thread 91871] [117.0] [cxt 0] Pipeline 'ingress': start
[00:36:43.629] [bmv2] [T] [thread 91871] [117.0] [cxt 0] basic.p4(560) Condition "hdr.ethernet.etherType == TYPE_ARP" (node_2) is false
[00:36:43.629] [bmv2] [T] [thread 91871] [117.0] [cxt 0] basic.p4(563) Condition "hdr.ethernet.etherType == TYPE_SRCROUTING" (node_4) is false
[00:36:43.629] [bmv2] [T] [thread 91871] [117.0] [cxt 0] basic.p4(576) Condition "hdr.ethernet.etherType == TYPE_YEQUDESU" (node_12) is false
[00:36:43.629] [bmv2] [T] [thread 91871] [117.0] [cxt 0] basic.p4(582) Condition "hdr.vxlan.isValid()" (node_15) is false
[00:36:43.629] [bmv2] [T] [thread 91871] [117.0] [cxt 0] basic.p4(586) Condition "hdr.ipv6.isValid()" (node_17) is true
[00:36:43.629] [bmv2] [T] [thread 91871] [117.0] [cxt 0] Applying table 'MyIngress.ipv6_lpm'
[00:36:43.629] [bmv2] [D] [thread 91871] [117.0] [cxt 0] Looking up key:
* hdr.ipv6.dstAddr    : ff0200000000000000000000000000fb

[00:36:43.629] [bmv2] [D] [thread 91871] [117.0] [cxt 0] Table 'MyIngress.ipv6_lpm': miss
[00:36:43.629] [bmv2] [D] [thread 91871] [117.0] [cxt 0] Action entry is NoAction - 
[00:36:43.629] [bmv2] [T] [thread 91871] [117.0] [cxt 0] Action NoAction
[00:36:43.629] [bmv2] [D] [thread 91871] [117.0] [cxt 0] Pipeline 'ingress': end
[00:36:43.629] [bmv2] [D] [thread 91871] [117.0] [cxt 0] Egress port is 0
[00:36:43.629] [bmv2] [D] [thread 91872] [117.0] [cxt 0] Pipeline 'egress': start
[00:36:43.629] [bmv2] [T] [thread 91872] [117.0] [cxt 0] basic.p4(684) Condition "standard_metadata.mcast_grp != 0" (node_28) is false
[00:36:43.629] [bmv2] [D] [thread 91872] [117.0] [cxt 0] Pipeline 'egress': end
[00:36:43.629] [bmv2] [D] [thread 91872] [117.0] [cxt 0] Deparser 'deparser': start
[00:36:43.629] [bmv2] [T] [thread 91872] [117.0] [cxt 0] Skipping checksum 'cksum' update because condition not met
[00:36:43.629] [bmv2] [D] [thread 91872] [117.0] [cxt 0] Deparsing header 'ethernet'
[00:36:43.629] [bmv2] [D] [thread 91872] [117.0] [cxt 0] Deparsing header 'ipv6'
[00:36:43.629] [bmv2] [D] [thread 91872] [117.0] [cxt 0] Deparser 'deparser': end
[00:36:43.629] [bmv2] [D] [thread 91876] [117.0] [cxt 0] Transmitting packet of size 203 out of port 0
[00:36:43.690] [bmv2] [D] [thread 91871] [118.0] [cxt 0] Processing packet received on port 3
[00:36:43.690] [bmv2] [D] [thread 91871] [118.0] [cxt 0] Parser 'parser': start
[00:36:43.690] [bmv2] [D] [thread 91871] [118.0] [cxt 0] Parser 'parser' entering state 'start'
[00:36:43.690] [bmv2] [D] [thread 91871] [118.0] [cxt 0] Extracting header 'ethernet'
[00:36:43.690] [bmv2] [D] [thread 91871] [118.0] [cxt 0] Parser state 'start': key is 86dd
[00:36:43.690] [bmv2] [T] [thread 91871] [118.0] [cxt 0] Bytes parsed: 14
[00:36:43.690] [bmv2] [D] [thread 91871] [118.0] [cxt 0] Parser 'parser' entering state 'parse_ipv6'
[00:36:43.690] [bmv2] [D] [thread 91871] [118.0] [cxt 0] Extracting header 'ipv6'
[00:36:43.690] [bmv2] [D] [thread 91871] [118.0] [cxt 0] Parser state 'parse_ipv6': key is 11
[00:36:43.690] [bmv2] [T] [thread 91871] [118.0] [cxt 0] Bytes parsed: 54
[00:36:43.690] [bmv2] [D] [thread 91871] [118.0] [cxt 0] Parser 'parser': end
[00:36:43.690] [bmv2] [D] [thread 91871] [118.0] [cxt 0] Pipeline 'ingress': start
[00:36:43.690] [bmv2] [T] [thread 91871] [118.0] [cxt 0] basic.p4(560) Condition "hdr.ethernet.etherType == TYPE_ARP" (node_2) is false
[00:36:43.690] [bmv2] [T] [thread 91871] [118.0] [cxt 0] basic.p4(563) Condition "hdr.ethernet.etherType == TYPE_SRCROUTING" (node_4) is false
[00:36:43.690] [bmv2] [T] [thread 91871] [118.0] [cxt 0] basic.p4(576) Condition "hdr.ethernet.etherType == TYPE_YEQUDESU" (node_12) is false
[00:36:43.690] [bmv2] [T] [thread 91871] [118.0] [cxt 0] basic.p4(582) Condition "hdr.vxlan.isValid()" (node_15) is false
[00:36:43.690] [bmv2] [T] [thread 91871] [118.0] [cxt 0] basic.p4(586) Condition "hdr.ipv6.isValid()" (node_17) is true
[00:36:43.690] [bmv2] [T] [thread 91871] [118.0] [cxt 0] Applying table 'MyIngress.ipv6_lpm'
[00:36:43.691] [bmv2] [D] [thread 91871] [118.0] [cxt 0] Looking up key:
* hdr.ipv6.dstAddr    : ff0200000000000000000000000000fb

[00:36:43.691] [bmv2] [D] [thread 91871] [118.0] [cxt 0] Table 'MyIngress.ipv6_lpm': miss
[00:36:43.691] [bmv2] [D] [thread 91871] [118.0] [cxt 0] Action entry is NoAction - 
[00:36:43.691] [bmv2] [T] [thread 91871] [118.0] [cxt 0] Action NoAction
[00:36:43.691] [bmv2] [D] [thread 91871] [118.0] [cxt 0] Pipeline 'ingress': end
[00:36:43.691] [bmv2] [D] [thread 91871] [118.0] [cxt 0] Egress port is 0
[00:36:43.691] [bmv2] [D] [thread 91872] [118.0] [cxt 0] Pipeline 'egress': start
[00:36:43.691] [bmv2] [T] [thread 91872] [118.0] [cxt 0] basic.p4(684) Condition "standard_metadata.mcast_grp != 0" (node_28) is false
[00:36:43.691] [bmv2] [D] [thread 91872] [118.0] [cxt 0] Pipeline 'egress': end
[00:36:43.691] [bmv2] [D] [thread 91872] [118.0] [cxt 0] Deparser 'deparser': start
[00:36:43.691] [bmv2] [T] [thread 91872] [118.0] [cxt 0] Skipping checksum 'cksum' update because condition not met
[00:36:43.691] [bmv2] [D] [thread 91872] [118.0] [cxt 0] Deparsing header 'ethernet'
[00:36:43.691] [bmv2] [D] [thread 91872] [118.0] [cxt 0] Deparsing header 'ipv6'
[00:36:43.691] [bmv2] [D] [thread 91872] [118.0] [cxt 0] Deparser 'deparser': end
[00:36:43.691] [bmv2] [D] [thread 91876] [118.0] [cxt 0] Transmitting packet of size 199 out of port 0
[00:36:43.946] [bmv2] [D] [thread 91871] [119.0] [cxt 0] Processing packet received on port 4
[00:36:43.946] [bmv2] [D] [thread 91871] [119.0] [cxt 0] Parser 'parser': start
[00:36:43.946] [bmv2] [D] [thread 91871] [119.0] [cxt 0] Parser 'parser' entering state 'start'
[00:36:43.946] [bmv2] [D] [thread 91871] [119.0] [cxt 0] Extracting header 'ethernet'
[00:36:43.946] [bmv2] [D] [thread 91871] [119.0] [cxt 0] Parser state 'start': key is 86dd
[00:36:43.946] [bmv2] [T] [thread 91871] [119.0] [cxt 0] Bytes parsed: 14
[00:36:43.946] [bmv2] [D] [thread 91871] [119.0] [cxt 0] Parser 'parser' entering state 'parse_ipv6'
[00:36:43.946] [bmv2] [D] [thread 91871] [119.0] [cxt 0] Extracting header 'ipv6'
[00:36:43.946] [bmv2] [D] [thread 91871] [119.0] [cxt 0] Parser state 'parse_ipv6': key is 11
[00:36:43.946] [bmv2] [T] [thread 91871] [119.0] [cxt 0] Bytes parsed: 54
[00:36:43.946] [bmv2] [D] [thread 91871] [119.0] [cxt 0] Parser 'parser': end
[00:36:43.946] [bmv2] [D] [thread 91871] [119.0] [cxt 0] Pipeline 'ingress': start
[00:36:43.946] [bmv2] [T] [thread 91871] [119.0] [cxt 0] basic.p4(560) Condition "hdr.ethernet.etherType == TYPE_ARP" (node_2) is false
[00:36:43.946] [bmv2] [T] [thread 91871] [119.0] [cxt 0] basic.p4(563) Condition "hdr.ethernet.etherType == TYPE_SRCROUTING" (node_4) is false
[00:36:43.946] [bmv2] [T] [thread 91871] [119.0] [cxt 0] basic.p4(576) Condition "hdr.ethernet.etherType == TYPE_YEQUDESU" (node_12) is false
[00:36:43.946] [bmv2] [T] [thread 91871] [119.0] [cxt 0] basic.p4(582) Condition "hdr.vxlan.isValid()" (node_15) is false
[00:36:43.946] [bmv2] [T] [thread 91871] [119.0] [cxt 0] basic.p4(586) Condition "hdr.ipv6.isValid()" (node_17) is true
[00:36:43.946] [bmv2] [T] [thread 91871] [119.0] [cxt 0] Applying table 'MyIngress.ipv6_lpm'
[00:36:43.946] [bmv2] [D] [thread 91871] [119.0] [cxt 0] Looking up key:
* hdr.ipv6.dstAddr    : ff0200000000000000000000000000fb

[00:36:43.946] [bmv2] [D] [thread 91871] [119.0] [cxt 0] Table 'MyIngress.ipv6_lpm': miss
[00:36:43.946] [bmv2] [D] [thread 91871] [119.0] [cxt 0] Action entry is NoAction - 
[00:36:43.946] [bmv2] [T] [thread 91871] [119.0] [cxt 0] Action NoAction
[00:36:43.946] [bmv2] [D] [thread 91871] [119.0] [cxt 0] Pipeline 'ingress': end
[00:36:43.946] [bmv2] [D] [thread 91871] [119.0] [cxt 0] Egress port is 0
[00:36:43.947] [bmv2] [D] [thread 91872] [119.0] [cxt 0] Pipeline 'egress': start
[00:36:43.947] [bmv2] [T] [thread 91872] [119.0] [cxt 0] basic.p4(684) Condition "standard_metadata.mcast_grp != 0" (node_28) is false
[00:36:43.947] [bmv2] [D] [thread 91872] [119.0] [cxt 0] Pipeline 'egress': end
[00:36:43.947] [bmv2] [D] [thread 91872] [119.0] [cxt 0] Deparser 'deparser': start
[00:36:43.947] [bmv2] [T] [thread 91872] [119.0] [cxt 0] Skipping checksum 'cksum' update because condition not met
[00:36:43.947] [bmv2] [D] [thread 91872] [119.0] [cxt 0] Deparsing header 'ethernet'
[00:36:43.947] [bmv2] [D] [thread 91872] [119.0] [cxt 0] Deparsing header 'ipv6'
[00:36:43.947] [bmv2] [D] [thread 91872] [119.0] [cxt 0] Deparser 'deparser': end
[00:36:43.947] [bmv2] [D] [thread 91876] [119.0] [cxt 0] Transmitting packet of size 199 out of port 0
[00:36:43.981] [bmv2] [D] [thread 91871] [120.0] [cxt 0] Processing packet received on port 4
[00:36:43.981] [bmv2] [D] [thread 91871] [120.0] [cxt 0] Parser 'parser': start
[00:36:43.981] [bmv2] [D] [thread 91871] [120.0] [cxt 0] Parser 'parser' entering state 'start'
[00:36:43.981] [bmv2] [D] [thread 91871] [120.0] [cxt 0] Extracting header 'ethernet'
[00:36:43.981] [bmv2] [D] [thread 91871] [120.0] [cxt 0] Parser state 'start': key is 86dd
[00:36:43.981] [bmv2] [T] [thread 91871] [120.0] [cxt 0] Bytes parsed: 14
[00:36:43.981] [bmv2] [D] [thread 91871] [120.0] [cxt 0] Parser 'parser' entering state 'parse_ipv6'
[00:36:43.981] [bmv2] [D] [thread 91871] [120.0] [cxt 0] Extracting header 'ipv6'
[00:36:43.981] [bmv2] [D] [thread 91871] [120.0] [cxt 0] Parser state 'parse_ipv6': key is 3a
[00:36:43.981] [bmv2] [T] [thread 91871] [120.0] [cxt 0] Bytes parsed: 54
[00:36:43.981] [bmv2] [D] [thread 91871] [120.0] [cxt 0] Parser 'parser': end
[00:36:43.981] [bmv2] [D] [thread 91871] [120.0] [cxt 0] Pipeline 'ingress': start
[00:36:43.981] [bmv2] [T] [thread 91871] [120.0] [cxt 0] basic.p4(560) Condition "hdr.ethernet.etherType == TYPE_ARP" (node_2) is false
[00:36:43.981] [bmv2] [T] [thread 91871] [120.0] [cxt 0] basic.p4(563) Condition "hdr.ethernet.etherType == TYPE_SRCROUTING" (node_4) is false
[00:36:43.981] [bmv2] [T] [thread 91871] [120.0] [cxt 0] basic.p4(576) Condition "hdr.ethernet.etherType == TYPE_YEQUDESU" (node_12) is false
[00:36:43.981] [bmv2] [T] [thread 91871] [120.0] [cxt 0] basic.p4(582) Condition "hdr.vxlan.isValid()" (node_15) is false
[00:36:43.981] [bmv2] [T] [thread 91871] [120.0] [cxt 0] basic.p4(586) Condition "hdr.ipv6.isValid()" (node_17) is true
[00:36:43.981] [bmv2] [T] [thread 91871] [120.0] [cxt 0] Applying table 'MyIngress.ipv6_lpm'
[00:36:43.981] [bmv2] [D] [thread 91871] [120.0] [cxt 0] Looking up key:
* hdr.ipv6.dstAddr    : ff020000000000000000000000000002

[00:36:43.981] [bmv2] [D] [thread 91871] [120.0] [cxt 0] Table 'MyIngress.ipv6_lpm': miss
[00:36:43.981] [bmv2] [D] [thread 91871] [120.0] [cxt 0] Action entry is NoAction - 
[00:36:43.981] [bmv2] [T] [thread 91871] [120.0] [cxt 0] Action NoAction
[00:36:43.981] [bmv2] [D] [thread 91871] [120.0] [cxt 0] Pipeline 'ingress': end
[00:36:43.981] [bmv2] [D] [thread 91871] [120.0] [cxt 0] Egress port is 0
[00:36:43.981] [bmv2] [D] [thread 91871] [121.0] [cxt 0] Processing packet received on port 5
[00:36:43.981] [bmv2] [D] [thread 91871] [121.0] [cxt 0] Parser 'parser': start
[00:36:43.981] [bmv2] [D] [thread 91871] [121.0] [cxt 0] Parser 'parser' entering state 'start'
[00:36:43.981] [bmv2] [D] [thread 91871] [121.0] [cxt 0] Extracting header 'ethernet'
[00:36:43.981] [bmv2] [D] [thread 91871] [121.0] [cxt 0] Parser state 'start': key is 86dd
[00:36:43.982] [bmv2] [T] [thread 91871] [121.0] [cxt 0] Bytes parsed: 14
[00:36:43.982] [bmv2] [D] [thread 91871] [121.0] [cxt 0] Parser 'parser' entering state 'parse_ipv6'
[00:36:43.982] [bmv2] [D] [thread 91871] [121.0] [cxt 0] Extracting header 'ipv6'
[00:36:43.982] [bmv2] [D] [thread 91871] [121.0] [cxt 0] Parser state 'parse_ipv6': key is 3a
[00:36:43.982] [bmv2] [T] [thread 91871] [121.0] [cxt 0] Bytes parsed: 54
[00:36:43.982] [bmv2] [D] [thread 91871] [121.0] [cxt 0] Parser 'parser': end
[00:36:43.982] [bmv2] [D] [thread 91871] [121.0] [cxt 0] Pipeline 'ingress': start
[00:36:43.982] [bmv2] [T] [thread 91871] [121.0] [cxt 0] basic.p4(560) Condition "hdr.ethernet.etherType == TYPE_ARP" (node_2) is false
[00:36:43.982] [bmv2] [T] [thread 91871] [121.0] [cxt 0] basic.p4(563) Condition "hdr.ethernet.etherType == TYPE_SRCROUTING" (node_4) is false
[00:36:43.982] [bmv2] [T] [thread 91871] [121.0] [cxt 0] basic.p4(576) Condition "hdr.ethernet.etherType == TYPE_YEQUDESU" (node_12) is false
[00:36:43.982] [bmv2] [T] [thread 91871] [121.0] [cxt 0] basic.p4(582) Condition "hdr.vxlan.isValid()" (node_15) is false
[00:36:43.982] [bmv2] [T] [thread 91871] [121.0] [cxt 0] basic.p4(586) Condition "hdr.ipv6.isValid()" (node_17) is true
[00:36:43.982] [bmv2] [T] [thread 91871] [121.0] [cxt 0] Applying table 'MyIngress.ipv6_lpm'
[00:36:43.982] [bmv2] [D] [thread 91871] [121.0] [cxt 0] Looking up key:
* hdr.ipv6.dstAddr    : ff020000000000000000000000000002

[00:36:43.982] [bmv2] [D] [thread 91871] [121.0] [cxt 0] Table 'MyIngress.ipv6_lpm': miss
[00:36:43.982] [bmv2] [D] [thread 91871] [121.0] [cxt 0] Action entry is NoAction - 
[00:36:43.982] [bmv2] [T] [thread 91871] [121.0] [cxt 0] Action NoAction
[00:36:43.982] [bmv2] [D] [thread 91871] [121.0] [cxt 0] Pipeline 'ingress': end
[00:36:43.982] [bmv2] [D] [thread 91871] [121.0] [cxt 0] Egress port is 0
[00:36:43.982] [bmv2] [D] [thread 91872] [120.0] [cxt 0] Pipeline 'egress': start
[00:36:43.982] [bmv2] [T] [thread 91872] [120.0] [cxt 0] basic.p4(684) Condition "standard_metadata.mcast_grp != 0" (node_28) is false
[00:36:43.982] [bmv2] [D] [thread 91872] [120.0] [cxt 0] Pipeline 'egress': end
[00:36:43.982] [bmv2] [D] [thread 91872] [120.0] [cxt 0] Deparser 'deparser': start
[00:36:43.982] [bmv2] [T] [thread 91872] [120.0] [cxt 0] Skipping checksum 'cksum' update because condition not met
[00:36:43.982] [bmv2] [D] [thread 91872] [120.0] [cxt 0] Deparsing header 'ethernet'
[00:36:43.982] [bmv2] [D] [thread 91872] [120.0] [cxt 0] Deparsing header 'ipv6'
[00:36:43.982] [bmv2] [D] [thread 91872] [120.0] [cxt 0] Deparser 'deparser': end
[00:36:43.982] [bmv2] [D] [thread 91872] [121.0] [cxt 0] Pipeline 'egress': start
[00:36:43.982] [bmv2] [T] [thread 91872] [121.0] [cxt 0] basic.p4(684) Condition "standard_metadata.mcast_grp != 0" (node_28) is false
[00:36:43.982] [bmv2] [D] [thread 91872] [121.0] [cxt 0] Pipeline 'egress': end
[00:36:43.982] [bmv2] [D] [thread 91872] [121.0] [cxt 0] Deparser 'deparser': start
[00:36:43.982] [bmv2] [T] [thread 91872] [121.0] [cxt 0] Skipping checksum 'cksum' update because condition not met
[00:36:43.982] [bmv2] [D] [thread 91872] [121.0] [cxt 0] Deparsing header 'ethernet'
[00:36:43.982] [bmv2] [D] [thread 91872] [121.0] [cxt 0] Deparsing header 'ipv6'
[00:36:43.982] [bmv2] [D] [thread 91872] [121.0] [cxt 0] Deparser 'deparser': end
[00:36:43.982] [bmv2] [D] [thread 91876] [120.0] [cxt 0] Transmitting packet of size 70 out of port 0
[00:36:43.982] [bmv2] [D] [thread 91876] [121.0] [cxt 0] Transmitting packet of size 70 out of port 0
[00:36:44.012] [bmv2] [D] [thread 91871] [122.0] [cxt 0] Processing packet received on port 3
[00:36:44.012] [bmv2] [D] [thread 91871] [122.0] [cxt 0] Parser 'parser': start
[00:36:44.012] [bmv2] [D] [thread 91871] [122.0] [cxt 0] Parser 'parser' entering state 'start'
[00:36:44.012] [bmv2] [D] [thread 91871] [122.0] [cxt 0] Extracting header 'ethernet'
[00:36:44.012] [bmv2] [D] [thread 91871] [122.0] [cxt 0] Parser state 'start': key is 86dd
[00:36:44.012] [bmv2] [T] [thread 91871] [122.0] [cxt 0] Bytes parsed: 14
[00:36:44.012] [bmv2] [D] [thread 91871] [122.0] [cxt 0] Parser 'parser' entering state 'parse_ipv6'
[00:36:44.012] [bmv2] [D] [thread 91871] [122.0] [cxt 0] Extracting header 'ipv6'
[00:36:44.012] [bmv2] [D] [thread 91871] [122.0] [cxt 0] Parser state 'parse_ipv6': key is 11
[00:36:44.012] [bmv2] [T] [thread 91871] [122.0] [cxt 0] Bytes parsed: 54
[00:36:44.012] [bmv2] [D] [thread 91871] [122.0] [cxt 0] Parser 'parser': end
[00:36:44.012] [bmv2] [D] [thread 91871] [122.0] [cxt 0] Pipeline 'ingress': start
[00:36:44.012] [bmv2] [T] [thread 91871] [122.0] [cxt 0] basic.p4(560) Condition "hdr.ethernet.etherType == TYPE_ARP" (node_2) is false
[00:36:44.012] [bmv2] [T] [thread 91871] [122.0] [cxt 0] basic.p4(563) Condition "hdr.ethernet.etherType == TYPE_SRCROUTING" (node_4) is false
[00:36:44.012] [bmv2] [T] [thread 91871] [122.0] [cxt 0] basic.p4(576) Condition "hdr.ethernet.etherType == TYPE_YEQUDESU" (node_12) is false
[00:36:44.012] [bmv2] [T] [thread 91871] [122.0] [cxt 0] basic.p4(582) Condition "hdr.vxlan.isValid()" (node_15) is false
[00:36:44.012] [bmv2] [T] [thread 91871] [122.0] [cxt 0] basic.p4(586) Condition "hdr.ipv6.isValid()" (node_17) is true
[00:36:44.012] [bmv2] [T] [thread 91871] [122.0] [cxt 0] Applying table 'MyIngress.ipv6_lpm'
[00:36:44.012] [bmv2] [D] [thread 91871] [122.0] [cxt 0] Looking up key:
* hdr.ipv6.dstAddr    : ff0200000000000000000000000000fb

[00:36:44.012] [bmv2] [D] [thread 91871] [122.0] [cxt 0] Table 'MyIngress.ipv6_lpm': miss
[00:36:44.012] [bmv2] [D] [thread 91871] [122.0] [cxt 0] Action entry is NoAction - 
[00:36:44.012] [bmv2] [T] [thread 91871] [122.0] [cxt 0] Action NoAction
[00:36:44.012] [bmv2] [D] [thread 91871] [122.0] [cxt 0] Pipeline 'ingress': end
[00:36:44.012] [bmv2] [D] [thread 91871] [122.0] [cxt 0] Egress port is 0
[00:36:44.013] [bmv2] [D] [thread 91872] [122.0] [cxt 0] Pipeline 'egress': start
[00:36:44.013] [bmv2] [T] [thread 91872] [122.0] [cxt 0] basic.p4(684) Condition "standard_metadata.mcast_grp != 0" (node_28) is false
[00:36:44.013] [bmv2] [D] [thread 91872] [122.0] [cxt 0] Pipeline 'egress': end
[00:36:44.013] [bmv2] [D] [thread 91872] [122.0] [cxt 0] Deparser 'deparser': start
[00:36:44.013] [bmv2] [T] [thread 91872] [122.0] [cxt 0] Skipping checksum 'cksum' update because condition not met
[00:36:44.013] [bmv2] [D] [thread 91872] [122.0] [cxt 0] Deparsing header 'ethernet'
[00:36:44.013] [bmv2] [D] [thread 91872] [122.0] [cxt 0] Deparsing header 'ipv6'
[00:36:44.013] [bmv2] [D] [thread 91872] [122.0] [cxt 0] Deparser 'deparser': end
[00:36:44.013] [bmv2] [D] [thread 91876] [122.0] [cxt 0] Transmitting packet of size 199 out of port 0
[00:36:44.076] [bmv2] [D] [thread 91871] [123.0] [cxt 0] Processing packet received on port 4
[00:36:44.076] [bmv2] [D] [thread 91871] [123.0] [cxt 0] Parser 'parser': start
[00:36:44.076] [bmv2] [D] [thread 91871] [123.0] [cxt 0] Parser 'parser' entering state 'start'
[00:36:44.076] [bmv2] [D] [thread 91871] [123.0] [cxt 0] Extracting header 'ethernet'
[00:36:44.076] [bmv2] [D] [thread 91871] [123.0] [cxt 0] Parser state 'start': key is 86dd
[00:36:44.076] [bmv2] [T] [thread 91871] [123.0] [cxt 0] Bytes parsed: 14
[00:36:44.076] [bmv2] [D] [thread 91871] [123.0] [cxt 0] Parser 'parser' entering state 'parse_ipv6'
[00:36:44.076] [bmv2] [D] [thread 91871] [123.0] [cxt 0] Extracting header 'ipv6'
[00:36:44.076] [bmv2] [D] [thread 91871] [123.0] [cxt 0] Parser state 'parse_ipv6': key is 11
[00:36:44.076] [bmv2] [T] [thread 91871] [123.0] [cxt 0] Bytes parsed: 54
[00:36:44.076] [bmv2] [D] [thread 91871] [123.0] [cxt 0] Parser 'parser': end
[00:36:44.076] [bmv2] [D] [thread 91871] [123.0] [cxt 0] Pipeline 'ingress': start
[00:36:44.076] [bmv2] [T] [thread 91871] [123.0] [cxt 0] basic.p4(560) Condition "hdr.ethernet.etherType == TYPE_ARP" (node_2) is false
[00:36:44.076] [bmv2] [T] [thread 91871] [123.0] [cxt 0] basic.p4(563) Condition "hdr.ethernet.etherType == TYPE_SRCROUTING" (node_4) is false
[00:36:44.076] [bmv2] [T] [thread 91871] [123.0] [cxt 0] basic.p4(576) Condition "hdr.ethernet.etherType == TYPE_YEQUDESU" (node_12) is false
[00:36:44.076] [bmv2] [T] [thread 91871] [123.0] [cxt 0] basic.p4(582) Condition "hdr.vxlan.isValid()" (node_15) is false
[00:36:44.076] [bmv2] [T] [thread 91871] [123.0] [cxt 0] basic.p4(586) Condition "hdr.ipv6.isValid()" (node_17) is true
[00:36:44.076] [bmv2] [T] [thread 91871] [123.0] [cxt 0] Applying table 'MyIngress.ipv6_lpm'
[00:36:44.076] [bmv2] [D] [thread 91871] [123.0] [cxt 0] Looking up key:
* hdr.ipv6.dstAddr    : ff0200000000000000000000000000fb

[00:36:44.076] [bmv2] [D] [thread 91871] [123.0] [cxt 0] Table 'MyIngress.ipv6_lpm': miss
[00:36:44.076] [bmv2] [D] [thread 91871] [123.0] [cxt 0] Action entry is NoAction - 
[00:36:44.076] [bmv2] [T] [thread 91871] [123.0] [cxt 0] Action NoAction
[00:36:44.076] [bmv2] [D] [thread 91871] [123.0] [cxt 0] Pipeline 'ingress': end
[00:36:44.076] [bmv2] [D] [thread 91871] [123.0] [cxt 0] Egress port is 0
[00:36:44.076] [bmv2] [D] [thread 91872] [123.0] [cxt 0] Pipeline 'egress': start
[00:36:44.076] [bmv2] [T] [thread 91872] [123.0] [cxt 0] basic.p4(684) Condition "standard_metadata.mcast_grp != 0" (node_28) is false
[00:36:44.076] [bmv2] [D] [thread 91872] [123.0] [cxt 0] Pipeline 'egress': end
[00:36:44.076] [bmv2] [D] [thread 91872] [123.0] [cxt 0] Deparser 'deparser': start
[00:36:44.076] [bmv2] [T] [thread 91872] [123.0] [cxt 0] Skipping checksum 'cksum' update because condition not met
[00:36:44.076] [bmv2] [D] [thread 91872] [123.0] [cxt 0] Deparsing header 'ethernet'
[00:36:44.076] [bmv2] [D] [thread 91872] [123.0] [cxt 0] Deparsing header 'ipv6'
[00:36:44.076] [bmv2] [D] [thread 91872] [123.0] [cxt 0] Deparser 'deparser': end
[00:36:44.076] [bmv2] [D] [thread 91876] [123.0] [cxt 0] Transmitting packet of size 199 out of port 0
[00:36:44.137] [bmv2] [D] [thread 91871] [124.0] [cxt 0] Processing packet received on port 5
[00:36:44.137] [bmv2] [D] [thread 91871] [124.0] [cxt 0] Parser 'parser': start
[00:36:44.137] [bmv2] [D] [thread 91871] [124.0] [cxt 0] Parser 'parser' entering state 'start'
[00:36:44.137] [bmv2] [D] [thread 91871] [124.0] [cxt 0] Extracting header 'ethernet'
[00:36:44.137] [bmv2] [D] [thread 91871] [124.0] [cxt 0] Parser state 'start': key is 86dd
[00:36:44.137] [bmv2] [T] [thread 91871] [124.0] [cxt 0] Bytes parsed: 14
[00:36:44.137] [bmv2] [D] [thread 91871] [124.0] [cxt 0] Parser 'parser' entering state 'parse_ipv6'
[00:36:44.137] [bmv2] [D] [thread 91871] [124.0] [cxt 0] Extracting header 'ipv6'
[00:36:44.137] [bmv2] [D] [thread 91871] [124.0] [cxt 0] Parser state 'parse_ipv6': key is 11
[00:36:44.137] [bmv2] [T] [thread 91871] [124.0] [cxt 0] Bytes parsed: 54
[00:36:44.137] [bmv2] [D] [thread 91871] [124.0] [cxt 0] Parser 'parser': end
[00:36:44.137] [bmv2] [D] [thread 91871] [124.0] [cxt 0] Pipeline 'ingress': start
[00:36:44.137] [bmv2] [T] [thread 91871] [124.0] [cxt 0] basic.p4(560) Condition "hdr.ethernet.etherType == TYPE_ARP" (node_2) is false
[00:36:44.138] [bmv2] [T] [thread 91871] [124.0] [cxt 0] basic.p4(563) Condition "hdr.ethernet.etherType == TYPE_SRCROUTING" (node_4) is false
[00:36:44.138] [bmv2] [T] [thread 91871] [124.0] [cxt 0] basic.p4(576) Condition "hdr.ethernet.etherType == TYPE_YEQUDESU" (node_12) is false
[00:36:44.138] [bmv2] [T] [thread 91871] [124.0] [cxt 0] basic.p4(582) Condition "hdr.vxlan.isValid()" (node_15) is false
[00:36:44.138] [bmv2] [T] [thread 91871] [124.0] [cxt 0] basic.p4(586) Condition "hdr.ipv6.isValid()" (node_17) is true
[00:36:44.138] [bmv2] [T] [thread 91871] [124.0] [cxt 0] Applying table 'MyIngress.ipv6_lpm'
[00:36:44.138] [bmv2] [D] [thread 91871] [124.0] [cxt 0] Looking up key:
* hdr.ipv6.dstAddr    : ff0200000000000000000000000000fb

[00:36:44.138] [bmv2] [D] [thread 91871] [124.0] [cxt 0] Table 'MyIngress.ipv6_lpm': miss
[00:36:44.138] [bmv2] [D] [thread 91871] [124.0] [cxt 0] Action entry is NoAction - 
[00:36:44.138] [bmv2] [T] [thread 91871] [124.0] [cxt 0] Action NoAction
[00:36:44.138] [bmv2] [D] [thread 91871] [124.0] [cxt 0] Pipeline 'ingress': end
[00:36:44.138] [bmv2] [D] [thread 91871] [124.0] [cxt 0] Egress port is 0
[00:36:44.138] [bmv2] [D] [thread 91872] [124.0] [cxt 0] Pipeline 'egress': start
[00:36:44.138] [bmv2] [T] [thread 91872] [124.0] [cxt 0] basic.p4(684) Condition "standard_metadata.mcast_grp != 0" (node_28) is false
[00:36:44.138] [bmv2] [D] [thread 91872] [124.0] [cxt 0] Pipeline 'egress': end
[00:36:44.138] [bmv2] [D] [thread 91872] [124.0] [cxt 0] Deparser 'deparser': start
[00:36:44.138] [bmv2] [T] [thread 91872] [124.0] [cxt 0] Skipping checksum 'cksum' update because condition not met
[00:36:44.138] [bmv2] [D] [thread 91872] [124.0] [cxt 0] Deparsing header 'ethernet'
[00:36:44.138] [bmv2] [D] [thread 91872] [124.0] [cxt 0] Deparsing header 'ipv6'
[00:36:44.138] [bmv2] [D] [thread 91872] [124.0] [cxt 0] Deparser 'deparser': end
[00:36:44.138] [bmv2] [D] [thread 91876] [124.0] [cxt 0] Transmitting packet of size 199 out of port 0
[00:36:44.173] [bmv2] [D] [thread 91871] [125.0] [cxt 0] Processing packet received on port 3
[00:36:44.173] [bmv2] [D] [thread 91871] [125.0] [cxt 0] Parser 'parser': start
[00:36:44.173] [bmv2] [D] [thread 91871] [125.0] [cxt 0] Parser 'parser' entering state 'start'
[00:36:44.173] [bmv2] [D] [thread 91871] [125.0] [cxt 0] Extracting header 'ethernet'
[00:36:44.173] [bmv2] [D] [thread 91871] [125.0] [cxt 0] Parser state 'start': key is 86dd
[00:36:44.173] [bmv2] [T] [thread 91871] [125.0] [cxt 0] Bytes parsed: 14
[00:36:44.173] [bmv2] [D] [thread 91871] [125.0] [cxt 0] Parser 'parser' entering state 'parse_ipv6'
[00:36:44.173] [bmv2] [D] [thread 91871] [125.0] [cxt 0] Extracting header 'ipv6'
[00:36:44.173] [bmv2] [D] [thread 91871] [125.0] [cxt 0] Parser state 'parse_ipv6': key is 3a
[00:36:44.173] [bmv2] [T] [thread 91871] [125.0] [cxt 0] Bytes parsed: 54
[00:36:44.173] [bmv2] [D] [thread 91871] [125.0] [cxt 0] Parser 'parser': end
[00:36:44.173] [bmv2] [D] [thread 91871] [125.0] [cxt 0] Pipeline 'ingress': start
[00:36:44.173] [bmv2] [T] [thread 91871] [125.0] [cxt 0] basic.p4(560) Condition "hdr.ethernet.etherType == TYPE_ARP" (node_2) is false
[00:36:44.173] [bmv2] [T] [thread 91871] [125.0] [cxt 0] basic.p4(563) Condition "hdr.ethernet.etherType == TYPE_SRCROUTING" (node_4) is false
[00:36:44.173] [bmv2] [T] [thread 91871] [125.0] [cxt 0] basic.p4(576) Condition "hdr.ethernet.etherType == TYPE_YEQUDESU" (node_12) is false
[00:36:44.173] [bmv2] [T] [thread 91871] [125.0] [cxt 0] basic.p4(582) Condition "hdr.vxlan.isValid()" (node_15) is false
[00:36:44.173] [bmv2] [T] [thread 91871] [125.0] [cxt 0] basic.p4(586) Condition "hdr.ipv6.isValid()" (node_17) is true
[00:36:44.173] [bmv2] [T] [thread 91871] [125.0] [cxt 0] Applying table 'MyIngress.ipv6_lpm'
[00:36:44.173] [bmv2] [D] [thread 91871] [125.0] [cxt 0] Looking up key:
* hdr.ipv6.dstAddr    : ff020000000000000000000000000002

[00:36:44.173] [bmv2] [D] [thread 91871] [125.0] [cxt 0] Table 'MyIngress.ipv6_lpm': miss
[00:36:44.173] [bmv2] [D] [thread 91871] [125.0] [cxt 0] Action entry is NoAction - 
[00:36:44.173] [bmv2] [T] [thread 91871] [125.0] [cxt 0] Action NoAction
[00:36:44.173] [bmv2] [D] [thread 91871] [125.0] [cxt 0] Pipeline 'ingress': end
[00:36:44.173] [bmv2] [D] [thread 91871] [125.0] [cxt 0] Egress port is 0
[00:36:44.174] [bmv2] [D] [thread 91872] [125.0] [cxt 0] Pipeline 'egress': start
[00:36:44.174] [bmv2] [T] [thread 91872] [125.0] [cxt 0] basic.p4(684) Condition "standard_metadata.mcast_grp != 0" (node_28) is false
[00:36:44.174] [bmv2] [D] [thread 91872] [125.0] [cxt 0] Pipeline 'egress': end
[00:36:44.174] [bmv2] [D] [thread 91872] [125.0] [cxt 0] Deparser 'deparser': start
[00:36:44.174] [bmv2] [T] [thread 91872] [125.0] [cxt 0] Skipping checksum 'cksum' update because condition not met
[00:36:44.174] [bmv2] [D] [thread 91872] [125.0] [cxt 0] Deparsing header 'ethernet'
[00:36:44.174] [bmv2] [D] [thread 91872] [125.0] [cxt 0] Deparsing header 'ipv6'
[00:36:44.174] [bmv2] [D] [thread 91872] [125.0] [cxt 0] Deparser 'deparser': end
[00:36:44.174] [bmv2] [D] [thread 91876] [125.0] [cxt 0] Transmitting packet of size 70 out of port 0
[00:36:44.302] [bmv2] [D] [thread 91871] [126.0] [cxt 0] Processing packet received on port 2
[00:36:44.302] [bmv2] [D] [thread 91871] [126.0] [cxt 0] Parser 'parser': start
[00:36:44.302] [bmv2] [D] [thread 91871] [126.0] [cxt 0] Parser 'parser' entering state 'start'
[00:36:44.302] [bmv2] [D] [thread 91871] [126.0] [cxt 0] Extracting header 'ethernet'
[00:36:44.302] [bmv2] [D] [thread 91871] [126.0] [cxt 0] Parser state 'start': key is 86dd
[00:36:44.302] [bmv2] [T] [thread 91871] [126.0] [cxt 0] Bytes parsed: 14
[00:36:44.302] [bmv2] [D] [thread 91871] [126.0] [cxt 0] Parser 'parser' entering state 'parse_ipv6'
[00:36:44.302] [bmv2] [D] [thread 91871] [126.0] [cxt 0] Extracting header 'ipv6'
[00:36:44.302] [bmv2] [D] [thread 91871] [126.0] [cxt 0] Parser state 'parse_ipv6': key is 3a
[00:36:44.302] [bmv2] [T] [thread 91871] [126.0] [cxt 0] Bytes parsed: 54
[00:36:44.302] [bmv2] [D] [thread 91871] [126.0] [cxt 0] Parser 'parser': end
[00:36:44.302] [bmv2] [D] [thread 91871] [126.0] [cxt 0] Pipeline 'ingress': start
[00:36:44.302] [bmv2] [T] [thread 91871] [126.0] [cxt 0] basic.p4(560) Condition "hdr.ethernet.etherType == TYPE_ARP" (node_2) is false
[00:36:44.302] [bmv2] [T] [thread 91871] [126.0] [cxt 0] basic.p4(563) Condition "hdr.ethernet.etherType == TYPE_SRCROUTING" (node_4) is false
[00:36:44.302] [bmv2] [T] [thread 91871] [126.0] [cxt 0] basic.p4(576) Condition "hdr.ethernet.etherType == TYPE_YEQUDESU" (node_12) is false
[00:36:44.302] [bmv2] [T] [thread 91871] [126.0] [cxt 0] basic.p4(582) Condition "hdr.vxlan.isValid()" (node_15) is false
[00:36:44.302] [bmv2] [T] [thread 91871] [126.0] [cxt 0] basic.p4(586) Condition "hdr.ipv6.isValid()" (node_17) is true
[00:36:44.302] [bmv2] [T] [thread 91871] [126.0] [cxt 0] Applying table 'MyIngress.ipv6_lpm'
[00:36:44.302] [bmv2] [D] [thread 91871] [126.0] [cxt 0] Looking up key:
* hdr.ipv6.dstAddr    : ff020000000000000000000000000002

[00:36:44.302] [bmv2] [D] [thread 91871] [126.0] [cxt 0] Table 'MyIngress.ipv6_lpm': miss
[00:36:44.302] [bmv2] [D] [thread 91871] [126.0] [cxt 0] Action entry is NoAction - 
[00:36:44.302] [bmv2] [T] [thread 91871] [126.0] [cxt 0] Action NoAction
[00:36:44.302] [bmv2] [D] [thread 91871] [126.0] [cxt 0] Pipeline 'ingress': end
[00:36:44.302] [bmv2] [D] [thread 91871] [126.0] [cxt 0] Egress port is 0
[00:36:44.302] [bmv2] [D] [thread 91872] [126.0] [cxt 0] Pipeline 'egress': start
[00:36:44.302] [bmv2] [T] [thread 91872] [126.0] [cxt 0] basic.p4(684) Condition "standard_metadata.mcast_grp != 0" (node_28) is false
[00:36:44.302] [bmv2] [D] [thread 91872] [126.0] [cxt 0] Pipeline 'egress': end
[00:36:44.302] [bmv2] [D] [thread 91872] [126.0] [cxt 0] Deparser 'deparser': start
[00:36:44.302] [bmv2] [T] [thread 91872] [126.0] [cxt 0] Skipping checksum 'cksum' update because condition not met
[00:36:44.302] [bmv2] [D] [thread 91872] [126.0] [cxt 0] Deparsing header 'ethernet'
[00:36:44.302] [bmv2] [D] [thread 91872] [126.0] [cxt 0] Deparsing header 'ipv6'
[00:36:44.302] [bmv2] [D] [thread 91872] [126.0] [cxt 0] Deparser 'deparser': end
[00:36:44.302] [bmv2] [D] [thread 91876] [126.0] [cxt 0] Transmitting packet of size 70 out of port 0
[00:36:44.367] [bmv2] [D] [thread 91871] [127.0] [cxt 0] Processing packet received on port 1
[00:36:44.367] [bmv2] [D] [thread 91871] [127.0] [cxt 0] Parser 'parser': start
[00:36:44.367] [bmv2] [D] [thread 91871] [127.0] [cxt 0] Parser 'parser' entering state 'start'
[00:36:44.367] [bmv2] [D] [thread 91871] [127.0] [cxt 0] Extracting header 'ethernet'
[00:36:44.367] [bmv2] [D] [thread 91871] [127.0] [cxt 0] Parser state 'start': key is 86dd
[00:36:44.367] [bmv2] [T] [thread 91871] [127.0] [cxt 0] Bytes parsed: 14
[00:36:44.367] [bmv2] [D] [thread 91871] [127.0] [cxt 0] Parser 'parser' entering state 'parse_ipv6'
[00:36:44.367] [bmv2] [D] [thread 91871] [127.0] [cxt 0] Extracting header 'ipv6'
[00:36:44.367] [bmv2] [D] [thread 91871] [127.0] [cxt 0] Parser state 'parse_ipv6': key is 3a
[00:36:44.367] [bmv2] [T] [thread 91871] [127.0] [cxt 0] Bytes parsed: 54
[00:36:44.367] [bmv2] [D] [thread 91871] [127.0] [cxt 0] Parser 'parser': end
[00:36:44.367] [bmv2] [D] [thread 91871] [127.0] [cxt 0] Pipeline 'ingress': start
[00:36:44.367] [bmv2] [T] [thread 91871] [127.0] [cxt 0] basic.p4(560) Condition "hdr.ethernet.etherType == TYPE_ARP" (node_2) is false
[00:36:44.367] [bmv2] [T] [thread 91871] [127.0] [cxt 0] basic.p4(563) Condition "hdr.ethernet.etherType == TYPE_SRCROUTING" (node_4) is false
[00:36:44.367] [bmv2] [T] [thread 91871] [127.0] [cxt 0] basic.p4(576) Condition "hdr.ethernet.etherType == TYPE_YEQUDESU" (node_12) is false
[00:36:44.367] [bmv2] [T] [thread 91871] [127.0] [cxt 0] basic.p4(582) Condition "hdr.vxlan.isValid()" (node_15) is false
[00:36:44.367] [bmv2] [T] [thread 91871] [127.0] [cxt 0] basic.p4(586) Condition "hdr.ipv6.isValid()" (node_17) is true
[00:36:44.367] [bmv2] [T] [thread 91871] [127.0] [cxt 0] Applying table 'MyIngress.ipv6_lpm'
[00:36:44.367] [bmv2] [D] [thread 91871] [127.0] [cxt 0] Looking up key:
* hdr.ipv6.dstAddr    : ff020000000000000000000000000002

[00:36:44.367] [bmv2] [D] [thread 91871] [127.0] [cxt 0] Table 'MyIngress.ipv6_lpm': miss
[00:36:44.367] [bmv2] [D] [thread 91871] [127.0] [cxt 0] Action entry is NoAction - 
[00:36:44.367] [bmv2] [T] [thread 91871] [127.0] [cxt 0] Action NoAction
[00:36:44.367] [bmv2] [D] [thread 91871] [127.0] [cxt 0] Pipeline 'ingress': end
[00:36:44.367] [bmv2] [D] [thread 91871] [127.0] [cxt 0] Egress port is 0
[00:36:44.367] [bmv2] [D] [thread 91872] [127.0] [cxt 0] Pipeline 'egress': start
[00:36:44.367] [bmv2] [T] [thread 91872] [127.0] [cxt 0] basic.p4(684) Condition "standard_metadata.mcast_grp != 0" (node_28) is false
[00:36:44.367] [bmv2] [D] [thread 91872] [127.0] [cxt 0] Pipeline 'egress': end
[00:36:44.367] [bmv2] [D] [thread 91872] [127.0] [cxt 0] Deparser 'deparser': start
[00:36:44.367] [bmv2] [T] [thread 91872] [127.0] [cxt 0] Skipping checksum 'cksum' update because condition not met
[00:36:44.367] [bmv2] [D] [thread 91872] [127.0] [cxt 0] Deparsing header 'ethernet'
[00:36:44.367] [bmv2] [D] [thread 91872] [127.0] [cxt 0] Deparsing header 'ipv6'
[00:36:44.367] [bmv2] [D] [thread 91872] [127.0] [cxt 0] Deparser 'deparser': end
[00:36:44.367] [bmv2] [D] [thread 91876] [127.0] [cxt 0] Transmitting packet of size 70 out of port 0
[00:36:44.397] [bmv2] [D] [thread 91871] [128.0] [cxt 0] Processing packet received on port 2
[00:36:44.397] [bmv2] [D] [thread 91871] [128.0] [cxt 0] Parser 'parser': start
[00:36:44.397] [bmv2] [D] [thread 91871] [128.0] [cxt 0] Parser 'parser' entering state 'start'
[00:36:44.397] [bmv2] [D] [thread 91871] [128.0] [cxt 0] Extracting header 'ethernet'
[00:36:44.397] [bmv2] [D] [thread 91871] [128.0] [cxt 0] Parser state 'start': key is 86dd
[00:36:44.397] [bmv2] [T] [thread 91871] [128.0] [cxt 0] Bytes parsed: 14
[00:36:44.397] [bmv2] [D] [thread 91871] [128.0] [cxt 0] Parser 'parser' entering state 'parse_ipv6'
[00:36:44.397] [bmv2] [D] [thread 91871] [128.0] [cxt 0] Extracting header 'ipv6'
[00:36:44.397] [bmv2] [D] [thread 91871] [128.0] [cxt 0] Parser state 'parse_ipv6': key is 11
[00:36:44.397] [bmv2] [T] [thread 91871] [128.0] [cxt 0] Bytes parsed: 54
[00:36:44.397] [bmv2] [D] [thread 91871] [128.0] [cxt 0] Parser 'parser': end
[00:36:44.397] [bmv2] [D] [thread 91871] [128.0] [cxt 0] Pipeline 'ingress': start
[00:36:44.397] [bmv2] [T] [thread 91871] [128.0] [cxt 0] basic.p4(560) Condition "hdr.ethernet.etherType == TYPE_ARP" (node_2) is false
[00:36:44.397] [bmv2] [T] [thread 91871] [128.0] [cxt 0] basic.p4(563) Condition "hdr.ethernet.etherType == TYPE_SRCROUTING" (node_4) is false
[00:36:44.397] [bmv2] [T] [thread 91871] [128.0] [cxt 0] basic.p4(576) Condition "hdr.ethernet.etherType == TYPE_YEQUDESU" (node_12) is false
[00:36:44.397] [bmv2] [T] [thread 91871] [128.0] [cxt 0] basic.p4(582) Condition "hdr.vxlan.isValid()" (node_15) is false
[00:36:44.397] [bmv2] [T] [thread 91871] [128.0] [cxt 0] basic.p4(586) Condition "hdr.ipv6.isValid()" (node_17) is true
[00:36:44.397] [bmv2] [T] [thread 91871] [128.0] [cxt 0] Applying table 'MyIngress.ipv6_lpm'
[00:36:44.397] [bmv2] [D] [thread 91871] [128.0] [cxt 0] Looking up key:
* hdr.ipv6.dstAddr    : ff0200000000000000000000000000fb

[00:36:44.397] [bmv2] [D] [thread 91871] [128.0] [cxt 0] Table 'MyIngress.ipv6_lpm': miss
[00:36:44.397] [bmv2] [D] [thread 91871] [128.0] [cxt 0] Action entry is NoAction - 
[00:36:44.397] [bmv2] [T] [thread 91871] [128.0] [cxt 0] Action NoAction
[00:36:44.397] [bmv2] [D] [thread 91871] [128.0] [cxt 0] Pipeline 'ingress': end
[00:36:44.397] [bmv2] [D] [thread 91871] [128.0] [cxt 0] Egress port is 0
[00:36:44.397] [bmv2] [D] [thread 91871] [129.0] [cxt 0] Processing packet received on port 5
[00:36:44.397] [bmv2] [D] [thread 91871] [129.0] [cxt 0] Parser 'parser': start
[00:36:44.397] [bmv2] [D] [thread 91871] [129.0] [cxt 0] Parser 'parser' entering state 'start'
[00:36:44.397] [bmv2] [D] [thread 91871] [129.0] [cxt 0] Extracting header 'ethernet'
[00:36:44.397] [bmv2] [D] [thread 91871] [129.0] [cxt 0] Parser state 'start': key is 86dd
[00:36:44.397] [bmv2] [T] [thread 91871] [129.0] [cxt 0] Bytes parsed: 14
[00:36:44.397] [bmv2] [D] [thread 91871] [129.0] [cxt 0] Parser 'parser' entering state 'parse_ipv6'
[00:36:44.397] [bmv2] [D] [thread 91871] [129.0] [cxt 0] Extracting header 'ipv6'
[00:36:44.397] [bmv2] [D] [thread 91871] [129.0] [cxt 0] Parser state 'parse_ipv6': key is 11
[00:36:44.397] [bmv2] [T] [thread 91871] [129.0] [cxt 0] Bytes parsed: 54
[00:36:44.397] [bmv2] [D] [thread 91871] [129.0] [cxt 0] Parser 'parser': end
[00:36:44.397] [bmv2] [D] [thread 91871] [129.0] [cxt 0] Pipeline 'ingress': start
[00:36:44.397] [bmv2] [T] [thread 91871] [129.0] [cxt 0] basic.p4(560) Condition "hdr.ethernet.etherType == TYPE_ARP" (node_2) is false
[00:36:44.397] [bmv2] [T] [thread 91871] [129.0] [cxt 0] basic.p4(563) Condition "hdr.ethernet.etherType == TYPE_SRCROUTING" (node_4) is false
[00:36:44.397] [bmv2] [T] [thread 91871] [129.0] [cxt 0] basic.p4(576) Condition "hdr.ethernet.etherType == TYPE_YEQUDESU" (node_12) is false
[00:36:44.397] [bmv2] [T] [thread 91871] [129.0] [cxt 0] basic.p4(582) Condition "hdr.vxlan.isValid()" (node_15) is false
[00:36:44.397] [bmv2] [T] [thread 91871] [129.0] [cxt 0] basic.p4(586) Condition "hdr.ipv6.isValid()" (node_17) is true
[00:36:44.397] [bmv2] [T] [thread 91871] [129.0] [cxt 0] Applying table 'MyIngress.ipv6_lpm'
[00:36:44.397] [bmv2] [D] [thread 91871] [129.0] [cxt 0] Looking up key:
* hdr.ipv6.dstAddr    : ff0200000000000000000000000000fb

[00:36:44.397] [bmv2] [D] [thread 91872] [128.0] [cxt 0] Pipeline 'egress': start
[00:36:44.397] [bmv2] [T] [thread 91872] [128.0] [cxt 0] basic.p4(684) Condition "standard_metadata.mcast_grp != 0" (node_28) is false
[00:36:44.397] [bmv2] [D] [thread 91872] [128.0] [cxt 0] Pipeline 'egress': end
[00:36:44.397] [bmv2] [D] [thread 91872] [128.0] [cxt 0] Deparser 'deparser': start
[00:36:44.397] [bmv2] [T] [thread 91872] [128.0] [cxt 0] Skipping checksum 'cksum' update because condition not met
[00:36:44.397] [bmv2] [D] [thread 91872] [128.0] [cxt 0] Deparsing header 'ethernet'
[00:36:44.397] [bmv2] [D] [thread 91871] [129.0] [cxt 0] Table 'MyIngress.ipv6_lpm': miss
[00:36:44.397] [bmv2] [D] [thread 91871] [129.0] [cxt 0] Action entry is NoAction - 
[00:36:44.397] [bmv2] [D] [thread 91872] [128.0] [cxt 0] Deparsing header 'ipv6'
[00:36:44.397] [bmv2] [D] [thread 91872] [128.0] [cxt 0] Deparser 'deparser': end
[00:36:44.397] [bmv2] [D] [thread 91876] [128.0] [cxt 0] Transmitting packet of size 199 out of port 0
[00:36:44.397] [bmv2] [T] [thread 91871] [129.0] [cxt 0] Action NoAction
[00:36:44.397] [bmv2] [D] [thread 91871] [129.0] [cxt 0] Pipeline 'ingress': end
[00:36:44.397] [bmv2] [D] [thread 91871] [129.0] [cxt 0] Egress port is 0
[00:36:44.397] [bmv2] [D] [thread 91872] [129.0] [cxt 0] Pipeline 'egress': start
[00:36:44.397] [bmv2] [T] [thread 91872] [129.0] [cxt 0] basic.p4(684) Condition "standard_metadata.mcast_grp != 0" (node_28) is false
[00:36:44.397] [bmv2] [D] [thread 91872] [129.0] [cxt 0] Pipeline 'egress': end
[00:36:44.397] [bmv2] [D] [thread 91872] [129.0] [cxt 0] Deparser 'deparser': start
[00:36:44.397] [bmv2] [T] [thread 91872] [129.0] [cxt 0] Skipping checksum 'cksum' update because condition not met
[00:36:44.398] [bmv2] [D] [thread 91872] [129.0] [cxt 0] Deparsing header 'ethernet'
[00:36:44.398] [bmv2] [D] [thread 91872] [129.0] [cxt 0] Deparsing header 'ipv6'
[00:36:44.398] [bmv2] [D] [thread 91872] [129.0] [cxt 0] Deparser 'deparser': end
[00:36:44.398] [bmv2] [D] [thread 91876] [129.0] [cxt 0] Transmitting packet of size 199 out of port 0
[00:36:44.429] [bmv2] [D] [thread 91871] [130.0] [cxt 0] Processing packet received on port 2
[00:36:44.429] [bmv2] [D] [thread 91871] [130.0] [cxt 0] Parser 'parser': start
[00:36:44.429] [bmv2] [D] [thread 91871] [130.0] [cxt 0] Parser 'parser' entering state 'start'
[00:36:44.429] [bmv2] [D] [thread 91871] [130.0] [cxt 0] Extracting header 'ethernet'
[00:36:44.429] [bmv2] [D] [thread 91871] [130.0] [cxt 0] Parser state 'start': key is 86dd
[00:36:44.429] [bmv2] [T] [thread 91871] [130.0] [cxt 0] Bytes parsed: 14
[00:36:44.429] [bmv2] [D] [thread 91871] [130.0] [cxt 0] Parser 'parser' entering state 'parse_ipv6'
[00:36:44.429] [bmv2] [D] [thread 91871] [130.0] [cxt 0] Extracting header 'ipv6'
[00:36:44.429] [bmv2] [D] [thread 91871] [130.0] [cxt 0] Parser state 'parse_ipv6': key is 3a
[00:36:44.429] [bmv2] [T] [thread 91871] [130.0] [cxt 0] Bytes parsed: 54
[00:36:44.429] [bmv2] [D] [thread 91871] [130.0] [cxt 0] Parser 'parser': end
[00:36:44.429] [bmv2] [D] [thread 91871] [130.0] [cxt 0] Pipeline 'ingress': start
[00:36:44.429] [bmv2] [T] [thread 91871] [130.0] [cxt 0] basic.p4(560) Condition "hdr.ethernet.etherType == TYPE_ARP" (node_2) is false
[00:36:44.429] [bmv2] [T] [thread 91871] [130.0] [cxt 0] basic.p4(563) Condition "hdr.ethernet.etherType == TYPE_SRCROUTING" (node_4) is false
[00:36:44.429] [bmv2] [T] [thread 91871] [130.0] [cxt 0] basic.p4(576) Condition "hdr.ethernet.etherType == TYPE_YEQUDESU" (node_12) is false
[00:36:44.429] [bmv2] [T] [thread 91871] [130.0] [cxt 0] basic.p4(582) Condition "hdr.vxlan.isValid()" (node_15) is false
[00:36:44.429] [bmv2] [T] [thread 91871] [130.0] [cxt 0] basic.p4(586) Condition "hdr.ipv6.isValid()" (node_17) is true
[00:36:44.429] [bmv2] [T] [thread 91871] [130.0] [cxt 0] Applying table 'MyIngress.ipv6_lpm'
[00:36:44.429] [bmv2] [D] [thread 91871] [130.0] [cxt 0] Looking up key:
* hdr.ipv6.dstAddr    : ff020000000000000000000000000002

[00:36:44.429] [bmv2] [D] [thread 91871] [130.0] [cxt 0] Table 'MyIngress.ipv6_lpm': miss
[00:36:44.429] [bmv2] [D] [thread 91871] [130.0] [cxt 0] Action entry is NoAction - 
[00:36:44.429] [bmv2] [T] [thread 91871] [130.0] [cxt 0] Action NoAction
[00:36:44.429] [bmv2] [D] [thread 91871] [130.0] [cxt 0] Pipeline 'ingress': end
[00:36:44.429] [bmv2] [D] [thread 91871] [130.0] [cxt 0] Egress port is 0
[00:36:44.430] [bmv2] [D] [thread 91871] [131.0] [cxt 0] Processing packet received on port 5
[00:36:44.430] [bmv2] [D] [thread 91871] [131.0] [cxt 0] Parser 'parser': start
[00:36:44.430] [bmv2] [D] [thread 91871] [131.0] [cxt 0] Parser 'parser' entering state 'start'
[00:36:44.430] [bmv2] [D] [thread 91871] [131.0] [cxt 0] Extracting header 'ethernet'
[00:36:44.430] [bmv2] [D] [thread 91872] [130.0] [cxt 0] Pipeline 'egress': start
[00:36:44.430] [bmv2] [D] [thread 91871] [131.0] [cxt 0] Parser state 'start': key is 86dd
[00:36:44.430] [bmv2] [T] [thread 91872] [130.0] [cxt 0] basic.p4(684) Condition "standard_metadata.mcast_grp != 0" (node_28) is false
[00:36:44.430] [bmv2] [T] [thread 91871] [131.0] [cxt 0] Bytes parsed: 14
[00:36:44.430] [bmv2] [D] [thread 91872] [130.0] [cxt 0] Pipeline 'egress': end
[00:36:44.430] [bmv2] [D] [thread 91871] [131.0] [cxt 0] Parser 'parser' entering state 'parse_ipv6'
[00:36:44.430] [bmv2] [D] [thread 91872] [130.0] [cxt 0] Deparser 'deparser': start
[00:36:44.430] [bmv2] [D] [thread 91871] [131.0] [cxt 0] Extracting header 'ipv6'
[00:36:44.430] [bmv2] [T] [thread 91872] [130.0] [cxt 0] Skipping checksum 'cksum' update because condition not met
[00:36:44.430] [bmv2] [D] [thread 91872] [130.0] [cxt 0] Deparsing header 'ethernet'
[00:36:44.430] [bmv2] [D] [thread 91872] [130.0] [cxt 0] Deparsing header 'ipv6'
[00:36:44.430] [bmv2] [D] [thread 91872] [130.0] [cxt 0] Deparser 'deparser': end
[00:36:44.430] [bmv2] [D] [thread 91876] [130.0] [cxt 0] Transmitting packet of size 70 out of port 0
[00:36:44.430] [bmv2] [D] [thread 91871] [131.0] [cxt 0] Parser state 'parse_ipv6': key is 3a
[00:36:44.430] [bmv2] [T] [thread 91871] [131.0] [cxt 0] Bytes parsed: 54
[00:36:44.430] [bmv2] [D] [thread 91871] [131.0] [cxt 0] Parser 'parser': end
[00:36:44.430] [bmv2] [D] [thread 91871] [131.0] [cxt 0] Pipeline 'ingress': start
[00:36:44.430] [bmv2] [T] [thread 91871] [131.0] [cxt 0] basic.p4(560) Condition "hdr.ethernet.etherType == TYPE_ARP" (node_2) is false
[00:36:44.430] [bmv2] [T] [thread 91871] [131.0] [cxt 0] basic.p4(563) Condition "hdr.ethernet.etherType == TYPE_SRCROUTING" (node_4) is false
[00:36:44.430] [bmv2] [T] [thread 91871] [131.0] [cxt 0] basic.p4(576) Condition "hdr.ethernet.etherType == TYPE_YEQUDESU" (node_12) is false
[00:36:44.430] [bmv2] [T] [thread 91871] [131.0] [cxt 0] basic.p4(582) Condition "hdr.vxlan.isValid()" (node_15) is false
[00:36:44.430] [bmv2] [T] [thread 91871] [131.0] [cxt 0] basic.p4(586) Condition "hdr.ipv6.isValid()" (node_17) is true
[00:36:44.430] [bmv2] [T] [thread 91871] [131.0] [cxt 0] Applying table 'MyIngress.ipv6_lpm'
[00:36:44.430] [bmv2] [D] [thread 91871] [131.0] [cxt 0] Looking up key:
* hdr.ipv6.dstAddr    : ff020000000000000000000000000002

[00:36:44.430] [bmv2] [D] [thread 91871] [131.0] [cxt 0] Table 'MyIngress.ipv6_lpm': miss
[00:36:44.430] [bmv2] [D] [thread 91871] [131.0] [cxt 0] Action entry is NoAction - 
[00:36:44.430] [bmv2] [T] [thread 91871] [131.0] [cxt 0] Action NoAction
[00:36:44.430] [bmv2] [D] [thread 91871] [131.0] [cxt 0] Pipeline 'ingress': end
[00:36:44.430] [bmv2] [D] [thread 91871] [131.0] [cxt 0] Egress port is 0
[00:36:44.430] [bmv2] [D] [thread 91872] [131.0] [cxt 0] Pipeline 'egress': start
[00:36:44.430] [bmv2] [T] [thread 91872] [131.0] [cxt 0] basic.p4(684) Condition "standard_metadata.mcast_grp != 0" (node_28) is false
[00:36:44.430] [bmv2] [D] [thread 91872] [131.0] [cxt 0] Pipeline 'egress': end
[00:36:44.430] [bmv2] [D] [thread 91872] [131.0] [cxt 0] Deparser 'deparser': start
[00:36:44.430] [bmv2] [T] [thread 91872] [131.0] [cxt 0] Skipping checksum 'cksum' update because condition not met
[00:36:44.430] [bmv2] [D] [thread 91872] [131.0] [cxt 0] Deparsing header 'ethernet'
[00:36:44.430] [bmv2] [D] [thread 91872] [131.0] [cxt 0] Deparsing header 'ipv6'
[00:36:44.430] [bmv2] [D] [thread 91872] [131.0] [cxt 0] Deparser 'deparser': end
[00:36:44.430] [bmv2] [D] [thread 91876] [131.0] [cxt 0] Transmitting packet of size 70 out of port 0
[00:36:44.461] [bmv2] [D] [thread 91871] [132.0] [cxt 0] Processing packet received on port 1
[00:36:44.461] [bmv2] [D] [thread 91871] [132.0] [cxt 0] Parser 'parser': start
[00:36:44.461] [bmv2] [D] [thread 91871] [132.0] [cxt 0] Parser 'parser' entering state 'start'
[00:36:44.461] [bmv2] [D] [thread 91871] [132.0] [cxt 0] Extracting header 'ethernet'
[00:36:44.461] [bmv2] [D] [thread 91871] [132.0] [cxt 0] Parser state 'start': key is 86dd
[00:36:44.461] [bmv2] [T] [thread 91871] [132.0] [cxt 0] Bytes parsed: 14
[00:36:44.461] [bmv2] [D] [thread 91871] [132.0] [cxt 0] Parser 'parser' entering state 'parse_ipv6'
[00:36:44.461] [bmv2] [D] [thread 91871] [132.0] [cxt 0] Extracting header 'ipv6'
[00:36:44.461] [bmv2] [D] [thread 91871] [132.0] [cxt 0] Parser state 'parse_ipv6': key is 11
[00:36:44.461] [bmv2] [T] [thread 91871] [132.0] [cxt 0] Bytes parsed: 54
[00:36:44.461] [bmv2] [D] [thread 91871] [132.0] [cxt 0] Parser 'parser': end
[00:36:44.461] [bmv2] [D] [thread 91871] [132.0] [cxt 0] Pipeline 'ingress': start
[00:36:44.461] [bmv2] [T] [thread 91871] [132.0] [cxt 0] basic.p4(560) Condition "hdr.ethernet.etherType == TYPE_ARP" (node_2) is false
[00:36:44.461] [bmv2] [T] [thread 91871] [132.0] [cxt 0] basic.p4(563) Condition "hdr.ethernet.etherType == TYPE_SRCROUTING" (node_4) is false
[00:36:44.461] [bmv2] [T] [thread 91871] [132.0] [cxt 0] basic.p4(576) Condition "hdr.ethernet.etherType == TYPE_YEQUDESU" (node_12) is false
[00:36:44.461] [bmv2] [T] [thread 91871] [132.0] [cxt 0] basic.p4(582) Condition "hdr.vxlan.isValid()" (node_15) is false
[00:36:44.461] [bmv2] [T] [thread 91871] [132.0] [cxt 0] basic.p4(586) Condition "hdr.ipv6.isValid()" (node_17) is true
[00:36:44.461] [bmv2] [T] [thread 91871] [132.0] [cxt 0] Applying table 'MyIngress.ipv6_lpm'
[00:36:44.461] [bmv2] [D] [thread 91871] [132.0] [cxt 0] Looking up key:
* hdr.ipv6.dstAddr    : ff0200000000000000000000000000fb

[00:36:44.461] [bmv2] [D] [thread 91871] [132.0] [cxt 0] Table 'MyIngress.ipv6_lpm': miss
[00:36:44.461] [bmv2] [D] [thread 91871] [132.0] [cxt 0] Action entry is NoAction - 
[00:36:44.461] [bmv2] [T] [thread 91871] [132.0] [cxt 0] Action NoAction
[00:36:44.461] [bmv2] [D] [thread 91871] [132.0] [cxt 0] Pipeline 'ingress': end
[00:36:44.461] [bmv2] [D] [thread 91871] [132.0] [cxt 0] Egress port is 0
[00:36:44.461] [bmv2] [D] [thread 91872] [132.0] [cxt 0] Pipeline 'egress': start
[00:36:44.461] [bmv2] [T] [thread 91872] [132.0] [cxt 0] basic.p4(684) Condition "standard_metadata.mcast_grp != 0" (node_28) is false
[00:36:44.461] [bmv2] [D] [thread 91872] [132.0] [cxt 0] Pipeline 'egress': end
[00:36:44.461] [bmv2] [D] [thread 91872] [132.0] [cxt 0] Deparser 'deparser': start
[00:36:44.461] [bmv2] [T] [thread 91872] [132.0] [cxt 0] Skipping checksum 'cksum' update because condition not met
[00:36:44.461] [bmv2] [D] [thread 91872] [132.0] [cxt 0] Deparsing header 'ethernet'
[00:36:44.461] [bmv2] [D] [thread 91872] [132.0] [cxt 0] Deparsing header 'ipv6'
[00:36:44.461] [bmv2] [D] [thread 91872] [132.0] [cxt 0] Deparser 'deparser': end
[00:36:44.461] [bmv2] [D] [thread 91876] [132.0] [cxt 0] Transmitting packet of size 199 out of port 0
[00:36:44.588] [bmv2] [D] [thread 91871] [133.0] [cxt 0] Processing packet received on port 2
[00:36:44.588] [bmv2] [D] [thread 91871] [133.0] [cxt 0] Parser 'parser': start
[00:36:44.588] [bmv2] [D] [thread 91871] [133.0] [cxt 0] Parser 'parser' entering state 'start'
[00:36:44.588] [bmv2] [D] [thread 91871] [133.0] [cxt 0] Extracting header 'ethernet'
[00:36:44.588] [bmv2] [D] [thread 91871] [133.0] [cxt 0] Parser state 'start': key is 86dd
[00:36:44.588] [bmv2] [T] [thread 91871] [133.0] [cxt 0] Bytes parsed: 14
[00:36:44.588] [bmv2] [D] [thread 91871] [133.0] [cxt 0] Parser 'parser' entering state 'parse_ipv6'
[00:36:44.588] [bmv2] [D] [thread 91871] [133.0] [cxt 0] Extracting header 'ipv6'
[00:36:44.588] [bmv2] [D] [thread 91871] [133.0] [cxt 0] Parser state 'parse_ipv6': key is 11
[00:36:44.588] [bmv2] [T] [thread 91871] [133.0] [cxt 0] Bytes parsed: 54
[00:36:44.588] [bmv2] [D] [thread 91871] [133.0] [cxt 0] Parser 'parser': end
[00:36:44.588] [bmv2] [D] [thread 91871] [133.0] [cxt 0] Pipeline 'ingress': start
[00:36:44.588] [bmv2] [T] [thread 91871] [133.0] [cxt 0] basic.p4(560) Condition "hdr.ethernet.etherType == TYPE_ARP" (node_2) is false
[00:36:44.588] [bmv2] [T] [thread 91871] [133.0] [cxt 0] basic.p4(563) Condition "hdr.ethernet.etherType == TYPE_SRCROUTING" (node_4) is false
[00:36:44.588] [bmv2] [T] [thread 91871] [133.0] [cxt 0] basic.p4(576) Condition "hdr.ethernet.etherType == TYPE_YEQUDESU" (node_12) is false
[00:36:44.588] [bmv2] [T] [thread 91871] [133.0] [cxt 0] basic.p4(582) Condition "hdr.vxlan.isValid()" (node_15) is false
[00:36:44.588] [bmv2] [T] [thread 91871] [133.0] [cxt 0] basic.p4(586) Condition "hdr.ipv6.isValid()" (node_17) is true
[00:36:44.588] [bmv2] [T] [thread 91871] [133.0] [cxt 0] Applying table 'MyIngress.ipv6_lpm'
[00:36:44.588] [bmv2] [D] [thread 91871] [133.0] [cxt 0] Looking up key:
* hdr.ipv6.dstAddr    : ff0200000000000000000000000000fb

[00:36:44.588] [bmv2] [D] [thread 91871] [133.0] [cxt 0] Table 'MyIngress.ipv6_lpm': miss
[00:36:44.588] [bmv2] [D] [thread 91871] [133.0] [cxt 0] Action entry is NoAction - 
[00:36:44.588] [bmv2] [T] [thread 91871] [133.0] [cxt 0] Action NoAction
[00:36:44.588] [bmv2] [D] [thread 91871] [133.0] [cxt 0] Pipeline 'ingress': end
[00:36:44.588] [bmv2] [D] [thread 91871] [133.0] [cxt 0] Egress port is 0
[00:36:44.588] [bmv2] [D] [thread 91872] [133.0] [cxt 0] Pipeline 'egress': start
[00:36:44.588] [bmv2] [T] [thread 91872] [133.0] [cxt 0] basic.p4(684) Condition "standard_metadata.mcast_grp != 0" (node_28) is false
[00:36:44.588] [bmv2] [D] [thread 91872] [133.0] [cxt 0] Pipeline 'egress': end
[00:36:44.588] [bmv2] [D] [thread 91872] [133.0] [cxt 0] Deparser 'deparser': start
[00:36:44.588] [bmv2] [T] [thread 91872] [133.0] [cxt 0] Skipping checksum 'cksum' update because condition not met
[00:36:44.588] [bmv2] [D] [thread 91872] [133.0] [cxt 0] Deparsing header 'ethernet'
[00:36:44.588] [bmv2] [D] [thread 91872] [133.0] [cxt 0] Deparsing header 'ipv6'
[00:36:44.588] [bmv2] [D] [thread 91872] [133.0] [cxt 0] Deparser 'deparser': end
[00:36:44.588] [bmv2] [D] [thread 91876] [133.0] [cxt 0] Transmitting packet of size 199 out of port 0
[00:36:44.685] [bmv2] [D] [thread 91871] [134.0] [cxt 0] Processing packet received on port 4
[00:36:44.686] [bmv2] [D] [thread 91871] [134.0] [cxt 0] Parser 'parser': start
[00:36:44.686] [bmv2] [D] [thread 91871] [134.0] [cxt 0] Parser 'parser' entering state 'start'
[00:36:44.686] [bmv2] [D] [thread 91871] [134.0] [cxt 0] Extracting header 'ethernet'
[00:36:44.686] [bmv2] [D] [thread 91871] [134.0] [cxt 0] Parser state 'start': key is 86dd
[00:36:44.686] [bmv2] [T] [thread 91871] [134.0] [cxt 0] Bytes parsed: 14
[00:36:44.686] [bmv2] [D] [thread 91871] [134.0] [cxt 0] Parser 'parser' entering state 'parse_ipv6'
[00:36:44.686] [bmv2] [D] [thread 91871] [134.0] [cxt 0] Extracting header 'ipv6'
[00:36:44.686] [bmv2] [D] [thread 91871] [134.0] [cxt 0] Parser state 'parse_ipv6': key is 3a
[00:36:44.686] [bmv2] [T] [thread 91871] [134.0] [cxt 0] Bytes parsed: 54
[00:36:44.686] [bmv2] [D] [thread 91871] [134.0] [cxt 0] Parser 'parser': end
[00:36:44.686] [bmv2] [D] [thread 91871] [134.0] [cxt 0] Pipeline 'ingress': start
[00:36:44.686] [bmv2] [T] [thread 91871] [134.0] [cxt 0] basic.p4(560) Condition "hdr.ethernet.etherType == TYPE_ARP" (node_2) is false
[00:36:44.686] [bmv2] [T] [thread 91871] [134.0] [cxt 0] basic.p4(563) Condition "hdr.ethernet.etherType == TYPE_SRCROUTING" (node_4) is false
[00:36:44.686] [bmv2] [T] [thread 91871] [134.0] [cxt 0] basic.p4(576) Condition "hdr.ethernet.etherType == TYPE_YEQUDESU" (node_12) is false
[00:36:44.686] [bmv2] [T] [thread 91871] [134.0] [cxt 0] basic.p4(582) Condition "hdr.vxlan.isValid()" (node_15) is false
[00:36:44.686] [bmv2] [T] [thread 91871] [134.0] [cxt 0] basic.p4(586) Condition "hdr.ipv6.isValid()" (node_17) is true
[00:36:44.686] [bmv2] [T] [thread 91871] [134.0] [cxt 0] Applying table 'MyIngress.ipv6_lpm'
[00:36:44.686] [bmv2] [D] [thread 91871] [134.0] [cxt 0] Looking up key:
* hdr.ipv6.dstAddr    : ff020000000000000000000000000002

[00:36:44.686] [bmv2] [D] [thread 91871] [134.0] [cxt 0] Table 'MyIngress.ipv6_lpm': miss
[00:36:44.686] [bmv2] [D] [thread 91871] [134.0] [cxt 0] Action entry is NoAction - 
[00:36:44.686] [bmv2] [T] [thread 91871] [134.0] [cxt 0] Action NoAction
[00:36:44.686] [bmv2] [D] [thread 91871] [134.0] [cxt 0] Pipeline 'ingress': end
[00:36:44.686] [bmv2] [D] [thread 91871] [134.0] [cxt 0] Egress port is 0
[00:36:44.686] [bmv2] [D] [thread 91872] [134.0] [cxt 0] Pipeline 'egress': start
[00:36:44.686] [bmv2] [T] [thread 91872] [134.0] [cxt 0] basic.p4(684) Condition "standard_metadata.mcast_grp != 0" (node_28) is false
[00:36:44.686] [bmv2] [D] [thread 91872] [134.0] [cxt 0] Pipeline 'egress': end
[00:36:44.686] [bmv2] [D] [thread 91872] [134.0] [cxt 0] Deparser 'deparser': start
[00:36:44.686] [bmv2] [T] [thread 91872] [134.0] [cxt 0] Skipping checksum 'cksum' update because condition not met
[00:36:44.686] [bmv2] [D] [thread 91872] [134.0] [cxt 0] Deparsing header 'ethernet'
[00:36:44.686] [bmv2] [D] [thread 91872] [134.0] [cxt 0] Deparsing header 'ipv6'
[00:36:44.686] [bmv2] [D] [thread 91872] [134.0] [cxt 0] Deparser 'deparser': end
[00:36:44.686] [bmv2] [D] [thread 91876] [134.0] [cxt 0] Transmitting packet of size 70 out of port 0
[00:36:45.189] [bmv2] [D] [thread 91871] [135.0] [cxt 0] Processing packet received on port 1
[00:36:45.189] [bmv2] [D] [thread 91871] [135.0] [cxt 0] Parser 'parser': start
[00:36:45.189] [bmv2] [D] [thread 91871] [135.0] [cxt 0] Parser 'parser' entering state 'start'
[00:36:45.189] [bmv2] [D] [thread 91871] [135.0] [cxt 0] Extracting header 'ethernet'
[00:36:45.189] [bmv2] [D] [thread 91871] [135.0] [cxt 0] Parser state 'start': key is 86dd
[00:36:45.189] [bmv2] [T] [thread 91871] [135.0] [cxt 0] Bytes parsed: 14
[00:36:45.189] [bmv2] [D] [thread 91871] [135.0] [cxt 0] Parser 'parser' entering state 'parse_ipv6'
[00:36:45.189] [bmv2] [D] [thread 91871] [135.0] [cxt 0] Extracting header 'ipv6'
[00:36:45.189] [bmv2] [D] [thread 91871] [135.0] [cxt 0] Parser state 'parse_ipv6': key is 00
[00:36:45.189] [bmv2] [T] [thread 91871] [135.0] [cxt 0] Bytes parsed: 54
[00:36:45.189] [bmv2] [D] [thread 91871] [135.0] [cxt 0] Parser 'parser': end
[00:36:45.189] [bmv2] [D] [thread 91871] [135.0] [cxt 0] Pipeline 'ingress': start
[00:36:45.189] [bmv2] [T] [thread 91871] [135.0] [cxt 0] basic.p4(560) Condition "hdr.ethernet.etherType == TYPE_ARP" (node_2) is false
[00:36:45.189] [bmv2] [T] [thread 91871] [135.0] [cxt 0] basic.p4(563) Condition "hdr.ethernet.etherType == TYPE_SRCROUTING" (node_4) is false
[00:36:45.189] [bmv2] [T] [thread 91871] [135.0] [cxt 0] basic.p4(576) Condition "hdr.ethernet.etherType == TYPE_YEQUDESU" (node_12) is false
[00:36:45.189] [bmv2] [T] [thread 91871] [135.0] [cxt 0] basic.p4(582) Condition "hdr.vxlan.isValid()" (node_15) is false
[00:36:45.189] [bmv2] [T] [thread 91871] [135.0] [cxt 0] basic.p4(586) Condition "hdr.ipv6.isValid()" (node_17) is true
[00:36:45.189] [bmv2] [T] [thread 91871] [135.0] [cxt 0] Applying table 'MyIngress.ipv6_lpm'
[00:36:45.189] [bmv2] [D] [thread 91871] [135.0] [cxt 0] Looking up key:
* hdr.ipv6.dstAddr    : ff020000000000000000000000000016

[00:36:45.189] [bmv2] [D] [thread 91871] [135.0] [cxt 0] Table 'MyIngress.ipv6_lpm': miss
[00:36:45.189] [bmv2] [D] [thread 91871] [135.0] [cxt 0] Action entry is NoAction - 
[00:36:45.189] [bmv2] [T] [thread 91871] [135.0] [cxt 0] Action NoAction
[00:36:45.189] [bmv2] [D] [thread 91871] [135.0] [cxt 0] Pipeline 'ingress': end
[00:36:45.189] [bmv2] [D] [thread 91871] [135.0] [cxt 0] Egress port is 0
[00:36:45.189] [bmv2] [D] [thread 91872] [135.0] [cxt 0] Pipeline 'egress': start
[00:36:45.189] [bmv2] [T] [thread 91872] [135.0] [cxt 0] basic.p4(684) Condition "standard_metadata.mcast_grp != 0" (node_28) is false
[00:36:45.189] [bmv2] [D] [thread 91872] [135.0] [cxt 0] Pipeline 'egress': end
[00:36:45.189] [bmv2] [D] [thread 91872] [135.0] [cxt 0] Deparser 'deparser': start
[00:36:45.189] [bmv2] [T] [thread 91872] [135.0] [cxt 0] Skipping checksum 'cksum' update because condition not met
[00:36:45.189] [bmv2] [D] [thread 91872] [135.0] [cxt 0] Deparsing header 'ethernet'
[00:36:45.189] [bmv2] [D] [thread 91872] [135.0] [cxt 0] Deparsing header 'ipv6'
[00:36:45.189] [bmv2] [D] [thread 91872] [135.0] [cxt 0] Deparser 'deparser': end
[00:36:45.189] [bmv2] [D] [thread 91876] [135.0] [cxt 0] Transmitting packet of size 90 out of port 0
[00:36:45.207] [bmv2] [D] [thread 91871] [136.0] [cxt 0] Processing packet received on port 1
[00:36:45.207] [bmv2] [D] [thread 91871] [136.0] [cxt 0] Parser 'parser': start
[00:36:45.207] [bmv2] [D] [thread 91871] [136.0] [cxt 0] Parser 'parser' entering state 'start'
[00:36:45.207] [bmv2] [D] [thread 91871] [136.0] [cxt 0] Extracting header 'ethernet'
[00:36:45.207] [bmv2] [D] [thread 91871] [136.0] [cxt 0] Parser state 'start': key is 86dd
[00:36:45.207] [bmv2] [T] [thread 91871] [136.0] [cxt 0] Bytes parsed: 14
[00:36:45.207] [bmv2] [D] [thread 91871] [136.0] [cxt 0] Parser 'parser' entering state 'parse_ipv6'
[00:36:45.207] [bmv2] [D] [thread 91871] [136.0] [cxt 0] Extracting header 'ipv6'
[00:36:45.207] [bmv2] [D] [thread 91871] [136.0] [cxt 0] Parser state 'parse_ipv6': key is 3a
[00:36:45.207] [bmv2] [T] [thread 91871] [136.0] [cxt 0] Bytes parsed: 54
[00:36:45.207] [bmv2] [D] [thread 91871] [136.0] [cxt 0] Parser 'parser': end
[00:36:45.207] [bmv2] [D] [thread 91871] [136.0] [cxt 0] Pipeline 'ingress': start
[00:36:45.207] [bmv2] [T] [thread 91871] [136.0] [cxt 0] basic.p4(560) Condition "hdr.ethernet.etherType == TYPE_ARP" (node_2) is false
[00:36:45.207] [bmv2] [T] [thread 91871] [136.0] [cxt 0] basic.p4(563) Condition "hdr.ethernet.etherType == TYPE_SRCROUTING" (node_4) is false
[00:36:45.207] [bmv2] [T] [thread 91871] [136.0] [cxt 0] basic.p4(576) Condition "hdr.ethernet.etherType == TYPE_YEQUDESU" (node_12) is false
[00:36:45.207] [bmv2] [T] [thread 91871] [136.0] [cxt 0] basic.p4(582) Condition "hdr.vxlan.isValid()" (node_15) is false
[00:36:45.207] [bmv2] [T] [thread 91871] [136.0] [cxt 0] basic.p4(586) Condition "hdr.ipv6.isValid()" (node_17) is true
[00:36:45.207] [bmv2] [T] [thread 91871] [136.0] [cxt 0] Applying table 'MyIngress.ipv6_lpm'
[00:36:45.207] [bmv2] [D] [thread 91871] [136.0] [cxt 0] Looking up key:
* hdr.ipv6.dstAddr    : ff0200000000000000000001ff000222

[00:36:45.207] [bmv2] [D] [thread 91871] [136.0] [cxt 0] Table 'MyIngress.ipv6_lpm': miss
[00:36:45.207] [bmv2] [D] [thread 91871] [136.0] [cxt 0] Action entry is NoAction - 
[00:36:45.207] [bmv2] [T] [thread 91871] [136.0] [cxt 0] Action NoAction
[00:36:45.207] [bmv2] [D] [thread 91871] [136.0] [cxt 0] Pipeline 'ingress': end
[00:36:45.207] [bmv2] [D] [thread 91871] [136.0] [cxt 0] Egress port is 0
[00:36:45.207] [bmv2] [D] [thread 91872] [136.0] [cxt 0] Pipeline 'egress': start
[00:36:45.207] [bmv2] [T] [thread 91872] [136.0] [cxt 0] basic.p4(684) Condition "standard_metadata.mcast_grp != 0" (node_28) is false
[00:36:45.207] [bmv2] [D] [thread 91872] [136.0] [cxt 0] Pipeline 'egress': end
[00:36:45.207] [bmv2] [D] [thread 91872] [136.0] [cxt 0] Deparser 'deparser': start
[00:36:45.207] [bmv2] [T] [thread 91872] [136.0] [cxt 0] Skipping checksum 'cksum' update because condition not met
[00:36:45.207] [bmv2] [D] [thread 91872] [136.0] [cxt 0] Deparsing header 'ethernet'
[00:36:45.207] [bmv2] [D] [thread 91872] [136.0] [cxt 0] Deparsing header 'ipv6'
[00:36:45.207] [bmv2] [D] [thread 91872] [136.0] [cxt 0] Deparser 'deparser': end
[00:36:45.207] [bmv2] [D] [thread 91876] [136.0] [cxt 0] Transmitting packet of size 86 out of port 0
[00:36:46.158] [bmv2] [D] [thread 91871] [137.0] [cxt 0] Processing packet received on port 1
[00:36:46.158] [bmv2] [D] [thread 91871] [137.0] [cxt 0] Parser 'parser': start
[00:36:46.158] [bmv2] [D] [thread 91871] [137.0] [cxt 0] Parser 'parser' entering state 'start'
[00:36:46.158] [bmv2] [D] [thread 91871] [137.0] [cxt 0] Extracting header 'ethernet'
[00:36:46.158] [bmv2] [D] [thread 91871] [137.0] [cxt 0] Parser state 'start': key is 86dd
[00:36:46.158] [bmv2] [T] [thread 91871] [137.0] [cxt 0] Bytes parsed: 14
[00:36:46.158] [bmv2] [D] [thread 91871] [137.0] [cxt 0] Parser 'parser' entering state 'parse_ipv6'
[00:36:46.158] [bmv2] [D] [thread 91871] [137.0] [cxt 0] Extracting header 'ipv6'
[00:36:46.158] [bmv2] [D] [thread 91871] [137.0] [cxt 0] Parser state 'parse_ipv6': key is 00
[00:36:46.158] [bmv2] [T] [thread 91871] [137.0] [cxt 0] Bytes parsed: 54
[00:36:46.158] [bmv2] [D] [thread 91871] [137.0] [cxt 0] Parser 'parser': end
[00:36:46.158] [bmv2] [D] [thread 91871] [137.0] [cxt 0] Pipeline 'ingress': start
[00:36:46.158] [bmv2] [T] [thread 91871] [137.0] [cxt 0] basic.p4(560) Condition "hdr.ethernet.etherType == TYPE_ARP" (node_2) is false
[00:36:46.158] [bmv2] [T] [thread 91871] [137.0] [cxt 0] basic.p4(563) Condition "hdr.ethernet.etherType == TYPE_SRCROUTING" (node_4) is false
[00:36:46.158] [bmv2] [T] [thread 91871] [137.0] [cxt 0] basic.p4(576) Condition "hdr.ethernet.etherType == TYPE_YEQUDESU" (node_12) is false
[00:36:46.158] [bmv2] [T] [thread 91871] [137.0] [cxt 0] basic.p4(582) Condition "hdr.vxlan.isValid()" (node_15) is false
[00:36:46.158] [bmv2] [T] [thread 91871] [137.0] [cxt 0] basic.p4(586) Condition "hdr.ipv6.isValid()" (node_17) is true
[00:36:46.158] [bmv2] [T] [thread 91871] [137.0] [cxt 0] Applying table 'MyIngress.ipv6_lpm'
[00:36:46.158] [bmv2] [D] [thread 91871] [137.0] [cxt 0] Looking up key:
* hdr.ipv6.dstAddr    : ff020000000000000000000000000016

[00:36:46.158] [bmv2] [D] [thread 91871] [137.0] [cxt 0] Table 'MyIngress.ipv6_lpm': miss
[00:36:46.158] [bmv2] [D] [thread 91871] [137.0] [cxt 0] Action entry is NoAction - 
[00:36:46.158] [bmv2] [T] [thread 91871] [137.0] [cxt 0] Action NoAction
[00:36:46.158] [bmv2] [D] [thread 91871] [137.0] [cxt 0] Pipeline 'ingress': end
[00:36:46.158] [bmv2] [D] [thread 91871] [137.0] [cxt 0] Egress port is 0
[00:36:46.158] [bmv2] [D] [thread 91872] [137.0] [cxt 0] Pipeline 'egress': start
[00:36:46.158] [bmv2] [T] [thread 91872] [137.0] [cxt 0] basic.p4(684) Condition "standard_metadata.mcast_grp != 0" (node_28) is false
[00:36:46.158] [bmv2] [D] [thread 91872] [137.0] [cxt 0] Pipeline 'egress': end
[00:36:46.158] [bmv2] [D] [thread 91872] [137.0] [cxt 0] Deparser 'deparser': start
[00:36:46.158] [bmv2] [T] [thread 91872] [137.0] [cxt 0] Skipping checksum 'cksum' update because condition not met
[00:36:46.158] [bmv2] [D] [thread 91872] [137.0] [cxt 0] Deparsing header 'ethernet'
[00:36:46.158] [bmv2] [D] [thread 91872] [137.0] [cxt 0] Deparsing header 'ipv6'
[00:36:46.158] [bmv2] [D] [thread 91872] [137.0] [cxt 0] Deparser 'deparser': end
[00:36:46.158] [bmv2] [D] [thread 91876] [137.0] [cxt 0] Transmitting packet of size 90 out of port 0
[00:36:46.221] [bmv2] [D] [thread 91871] [138.0] [cxt 0] Processing packet received on port 1
[00:36:46.221] [bmv2] [D] [thread 91871] [138.0] [cxt 0] Parser 'parser': start
[00:36:46.221] [bmv2] [D] [thread 91871] [138.0] [cxt 0] Parser 'parser' entering state 'start'
[00:36:46.221] [bmv2] [D] [thread 91871] [138.0] [cxt 0] Extracting header 'ethernet'
[00:36:46.221] [bmv2] [D] [thread 91871] [138.0] [cxt 0] Parser state 'start': key is 86dd
[00:36:46.221] [bmv2] [T] [thread 91871] [138.0] [cxt 0] Bytes parsed: 14
[00:36:46.221] [bmv2] [D] [thread 91871] [138.0] [cxt 0] Parser 'parser' entering state 'parse_ipv6'
[00:36:46.221] [bmv2] [D] [thread 91871] [138.0] [cxt 0] Extracting header 'ipv6'
[00:36:46.221] [bmv2] [D] [thread 91871] [138.0] [cxt 0] Parser state 'parse_ipv6': key is 00
[00:36:46.221] [bmv2] [T] [thread 91871] [138.0] [cxt 0] Bytes parsed: 54
[00:36:46.221] [bmv2] [D] [thread 91871] [138.0] [cxt 0] Parser 'parser': end
[00:36:46.221] [bmv2] [D] [thread 91871] [138.0] [cxt 0] Pipeline 'ingress': start
[00:36:46.221] [bmv2] [T] [thread 91871] [138.0] [cxt 0] basic.p4(560) Condition "hdr.ethernet.etherType == TYPE_ARP" (node_2) is false
[00:36:46.221] [bmv2] [T] [thread 91871] [138.0] [cxt 0] basic.p4(563) Condition "hdr.ethernet.etherType == TYPE_SRCROUTING" (node_4) is false
[00:36:46.221] [bmv2] [T] [thread 91871] [138.0] [cxt 0] basic.p4(576) Condition "hdr.ethernet.etherType == TYPE_YEQUDESU" (node_12) is false
[00:36:46.221] [bmv2] [T] [thread 91871] [138.0] [cxt 0] basic.p4(582) Condition "hdr.vxlan.isValid()" (node_15) is false
[00:36:46.221] [bmv2] [T] [thread 91871] [138.0] [cxt 0] basic.p4(586) Condition "hdr.ipv6.isValid()" (node_17) is true
[00:36:46.221] [bmv2] [T] [thread 91871] [138.0] [cxt 0] Applying table 'MyIngress.ipv6_lpm'
[00:36:46.221] [bmv2] [D] [thread 91871] [138.0] [cxt 0] Looking up key:
* hdr.ipv6.dstAddr    : ff020000000000000000000000000016

[00:36:46.221] [bmv2] [D] [thread 91871] [138.0] [cxt 0] Table 'MyIngress.ipv6_lpm': miss
[00:36:46.221] [bmv2] [D] [thread 91871] [138.0] [cxt 0] Action entry is NoAction - 
[00:36:46.221] [bmv2] [T] [thread 91871] [138.0] [cxt 0] Action NoAction
[00:36:46.221] [bmv2] [D] [thread 91871] [138.0] [cxt 0] Pipeline 'ingress': end
[00:36:46.221] [bmv2] [D] [thread 91871] [138.0] [cxt 0] Egress port is 0
[00:36:46.222] [bmv2] [D] [thread 91872] [138.0] [cxt 0] Pipeline 'egress': start
[00:36:46.222] [bmv2] [T] [thread 91872] [138.0] [cxt 0] basic.p4(684) Condition "standard_metadata.mcast_grp != 0" (node_28) is false
[00:36:46.222] [bmv2] [D] [thread 91872] [138.0] [cxt 0] Pipeline 'egress': end
[00:36:46.222] [bmv2] [D] [thread 91872] [138.0] [cxt 0] Deparser 'deparser': start
[00:36:46.222] [bmv2] [T] [thread 91872] [138.0] [cxt 0] Skipping checksum 'cksum' update because condition not met
[00:36:46.222] [bmv2] [D] [thread 91872] [138.0] [cxt 0] Deparsing header 'ethernet'
[00:36:46.222] [bmv2] [D] [thread 91872] [138.0] [cxt 0] Deparsing header 'ipv6'
[00:36:46.222] [bmv2] [D] [thread 91872] [138.0] [cxt 0] Deparser 'deparser': end
[00:36:46.222] [bmv2] [D] [thread 91871] [139.0] [cxt 0] Processing packet received on port 1
[00:36:46.222] [bmv2] [D] [thread 91871] [139.0] [cxt 0] Parser 'parser': start
[00:36:46.222] [bmv2] [D] [thread 91871] [139.0] [cxt 0] Parser 'parser' entering state 'start'
[00:36:46.222] [bmv2] [D] [thread 91871] [139.0] [cxt 0] Extracting header 'ethernet'
[00:36:46.222] [bmv2] [D] [thread 91871] [139.0] [cxt 0] Parser state 'start': key is 86dd
[00:36:46.222] [bmv2] [T] [thread 91871] [139.0] [cxt 0] Bytes parsed: 14
[00:36:46.222] [bmv2] [D] [thread 91871] [139.0] [cxt 0] Parser 'parser' entering state 'parse_ipv6'
[00:36:46.222] [bmv2] [D] [thread 91871] [139.0] [cxt 0] Extracting header 'ipv6'
[00:36:46.222] [bmv2] [D] [thread 91871] [139.0] [cxt 0] Parser state 'parse_ipv6': key is 3a
[00:36:46.222] [bmv2] [T] [thread 91871] [139.0] [cxt 0] Bytes parsed: 54
[00:36:46.222] [bmv2] [D] [thread 91871] [139.0] [cxt 0] Parser 'parser': end
[00:36:46.222] [bmv2] [D] [thread 91871] [139.0] [cxt 0] Pipeline 'ingress': start
[00:36:46.222] [bmv2] [D] [thread 91876] [138.0] [cxt 0] Transmitting packet of size 90 out of port 0
[00:36:46.222] [bmv2] [T] [thread 91871] [139.0] [cxt 0] basic.p4(560) Condition "hdr.ethernet.etherType == TYPE_ARP" (node_2) is false
[00:36:46.222] [bmv2] [T] [thread 91871] [139.0] [cxt 0] basic.p4(563) Condition "hdr.ethernet.etherType == TYPE_SRCROUTING" (node_4) is false
[00:36:46.222] [bmv2] [T] [thread 91871] [139.0] [cxt 0] basic.p4(576) Condition "hdr.ethernet.etherType == TYPE_YEQUDESU" (node_12) is false
[00:36:46.222] [bmv2] [T] [thread 91871] [139.0] [cxt 0] basic.p4(582) Condition "hdr.vxlan.isValid()" (node_15) is false
[00:36:46.222] [bmv2] [T] [thread 91871] [139.0] [cxt 0] basic.p4(586) Condition "hdr.ipv6.isValid()" (node_17) is true
[00:36:46.222] [bmv2] [T] [thread 91871] [139.0] [cxt 0] Applying table 'MyIngress.ipv6_lpm'
[00:36:46.222] [bmv2] [D] [thread 91871] [139.0] [cxt 0] Looking up key:
* hdr.ipv6.dstAddr    : ff020000000000000000000000000002

[00:36:46.222] [bmv2] [D] [thread 91871] [139.0] [cxt 0] Table 'MyIngress.ipv6_lpm': miss
[00:36:46.222] [bmv2] [D] [thread 91871] [139.0] [cxt 0] Action entry is NoAction - 
[00:36:46.222] [bmv2] [T] [thread 91871] [139.0] [cxt 0] Action NoAction
[00:36:46.222] [bmv2] [D] [thread 91871] [139.0] [cxt 0] Pipeline 'ingress': end
[00:36:46.222] [bmv2] [D] [thread 91871] [139.0] [cxt 0] Egress port is 0
[00:36:46.222] [bmv2] [D] [thread 91872] [139.0] [cxt 0] Pipeline 'egress': start
[00:36:46.222] [bmv2] [T] [thread 91872] [139.0] [cxt 0] basic.p4(684) Condition "standard_metadata.mcast_grp != 0" (node_28) is false
[00:36:46.222] [bmv2] [D] [thread 91872] [139.0] [cxt 0] Pipeline 'egress': end
[00:36:46.222] [bmv2] [D] [thread 91872] [139.0] [cxt 0] Deparser 'deparser': start
[00:36:46.222] [bmv2] [T] [thread 91872] [139.0] [cxt 0] Skipping checksum 'cksum' update because condition not met
[00:36:46.222] [bmv2] [D] [thread 91872] [139.0] [cxt 0] Deparsing header 'ethernet'
[00:36:46.222] [bmv2] [D] [thread 91872] [139.0] [cxt 0] Deparsing header 'ipv6'
[00:36:46.222] [bmv2] [D] [thread 91872] [139.0] [cxt 0] Deparser 'deparser': end
[00:36:46.222] [bmv2] [D] [thread 91876] [139.0] [cxt 0] Transmitting packet of size 70 out of port 0
[00:36:46.349] [bmv2] [D] [thread 91871] [140.0] [cxt 0] Processing packet received on port 1
[00:36:46.349] [bmv2] [D] [thread 91871] [140.0] [cxt 0] Parser 'parser': start
[00:36:46.349] [bmv2] [D] [thread 91871] [140.0] [cxt 0] Parser 'parser' entering state 'start'
[00:36:46.349] [bmv2] [D] [thread 91871] [140.0] [cxt 0] Extracting header 'ethernet'
[00:36:46.349] [bmv2] [D] [thread 91871] [140.0] [cxt 0] Parser state 'start': key is 86dd
[00:36:46.349] [bmv2] [T] [thread 91871] [140.0] [cxt 0] Bytes parsed: 14
[00:36:46.349] [bmv2] [D] [thread 91871] [140.0] [cxt 0] Parser 'parser' entering state 'parse_ipv6'
[00:36:46.349] [bmv2] [D] [thread 91871] [140.0] [cxt 0] Extracting header 'ipv6'
[00:36:46.349] [bmv2] [D] [thread 91871] [140.0] [cxt 0] Parser state 'parse_ipv6': key is 00
[00:36:46.349] [bmv2] [T] [thread 91871] [140.0] [cxt 0] Bytes parsed: 54
[00:36:46.349] [bmv2] [D] [thread 91871] [140.0] [cxt 0] Parser 'parser': end
[00:36:46.349] [bmv2] [D] [thread 91871] [140.0] [cxt 0] Pipeline 'ingress': start
[00:36:46.349] [bmv2] [T] [thread 91871] [140.0] [cxt 0] basic.p4(560) Condition "hdr.ethernet.etherType == TYPE_ARP" (node_2) is false
[00:36:46.349] [bmv2] [T] [thread 91871] [140.0] [cxt 0] basic.p4(563) Condition "hdr.ethernet.etherType == TYPE_SRCROUTING" (node_4) is false
[00:36:46.349] [bmv2] [T] [thread 91871] [140.0] [cxt 0] basic.p4(576) Condition "hdr.ethernet.etherType == TYPE_YEQUDESU" (node_12) is false
[00:36:46.349] [bmv2] [T] [thread 91871] [140.0] [cxt 0] basic.p4(582) Condition "hdr.vxlan.isValid()" (node_15) is false
[00:36:46.349] [bmv2] [T] [thread 91871] [140.0] [cxt 0] basic.p4(586) Condition "hdr.ipv6.isValid()" (node_17) is true
[00:36:46.349] [bmv2] [T] [thread 91871] [140.0] [cxt 0] Applying table 'MyIngress.ipv6_lpm'
[00:36:46.349] [bmv2] [D] [thread 91871] [140.0] [cxt 0] Looking up key:
* hdr.ipv6.dstAddr    : ff020000000000000000000000000016

[00:36:46.349] [bmv2] [D] [thread 91871] [140.0] [cxt 0] Table 'MyIngress.ipv6_lpm': miss
[00:36:46.349] [bmv2] [D] [thread 91871] [140.0] [cxt 0] Action entry is NoAction - 
[00:36:46.349] [bmv2] [T] [thread 91871] [140.0] [cxt 0] Action NoAction
[00:36:46.349] [bmv2] [D] [thread 91871] [140.0] [cxt 0] Pipeline 'ingress': end
[00:36:46.349] [bmv2] [D] [thread 91871] [140.0] [cxt 0] Egress port is 0
[00:36:46.349] [bmv2] [D] [thread 91872] [140.0] [cxt 0] Pipeline 'egress': start
[00:36:46.349] [bmv2] [T] [thread 91872] [140.0] [cxt 0] basic.p4(684) Condition "standard_metadata.mcast_grp != 0" (node_28) is false
[00:36:46.349] [bmv2] [D] [thread 91872] [140.0] [cxt 0] Pipeline 'egress': end
[00:36:46.349] [bmv2] [D] [thread 91872] [140.0] [cxt 0] Deparser 'deparser': start
[00:36:46.349] [bmv2] [T] [thread 91872] [140.0] [cxt 0] Skipping checksum 'cksum' update because condition not met
[00:36:46.349] [bmv2] [D] [thread 91872] [140.0] [cxt 0] Deparsing header 'ethernet'
[00:36:46.349] [bmv2] [D] [thread 91872] [140.0] [cxt 0] Deparsing header 'ipv6'
[00:36:46.349] [bmv2] [D] [thread 91872] [140.0] [cxt 0] Deparser 'deparser': end
[00:36:46.349] [bmv2] [D] [thread 91876] [140.0] [cxt 0] Transmitting packet of size 90 out of port 0
[00:36:46.864] [bmv2] [D] [thread 91871] [141.0] [cxt 0] Processing packet received on port 3
[00:36:46.864] [bmv2] [D] [thread 91871] [141.0] [cxt 0] Parser 'parser': start
[00:36:46.864] [bmv2] [D] [thread 91871] [141.0] [cxt 0] Parser 'parser' entering state 'start'
[00:36:46.864] [bmv2] [D] [thread 91871] [141.0] [cxt 0] Extracting header 'ethernet'
[00:36:46.864] [bmv2] [D] [thread 91871] [141.0] [cxt 0] Parser state 'start': key is 86dd
[00:36:46.864] [bmv2] [T] [thread 91871] [141.0] [cxt 0] Bytes parsed: 14
[00:36:46.864] [bmv2] [D] [thread 91871] [141.0] [cxt 0] Parser 'parser' entering state 'parse_ipv6'
[00:36:46.864] [bmv2] [D] [thread 91871] [141.0] [cxt 0] Extracting header 'ipv6'
[00:36:46.864] [bmv2] [D] [thread 91871] [141.0] [cxt 0] Parser state 'parse_ipv6': key is 11
[00:36:46.864] [bmv2] [T] [thread 91871] [141.0] [cxt 0] Bytes parsed: 54
[00:36:46.864] [bmv2] [D] [thread 91871] [141.0] [cxt 0] Parser 'parser': end
[00:36:46.864] [bmv2] [D] [thread 91871] [141.0] [cxt 0] Pipeline 'ingress': start
[00:36:46.864] [bmv2] [T] [thread 91871] [141.0] [cxt 0] basic.p4(560) Condition "hdr.ethernet.etherType == TYPE_ARP" (node_2) is false
[00:36:46.864] [bmv2] [T] [thread 91871] [141.0] [cxt 0] basic.p4(563) Condition "hdr.ethernet.etherType == TYPE_SRCROUTING" (node_4) is false
[00:36:46.864] [bmv2] [T] [thread 91871] [141.0] [cxt 0] basic.p4(576) Condition "hdr.ethernet.etherType == TYPE_YEQUDESU" (node_12) is false
[00:36:46.864] [bmv2] [T] [thread 91871] [141.0] [cxt 0] basic.p4(582) Condition "hdr.vxlan.isValid()" (node_15) is false
[00:36:46.864] [bmv2] [T] [thread 91871] [141.0] [cxt 0] basic.p4(586) Condition "hdr.ipv6.isValid()" (node_17) is true
[00:36:46.864] [bmv2] [T] [thread 91871] [141.0] [cxt 0] Applying table 'MyIngress.ipv6_lpm'
[00:36:46.864] [bmv2] [D] [thread 91871] [141.0] [cxt 0] Looking up key:
* hdr.ipv6.dstAddr    : ff0200000000000000000000000000fb

[00:36:46.864] [bmv2] [D] [thread 91871] [141.0] [cxt 0] Table 'MyIngress.ipv6_lpm': miss
[00:36:46.864] [bmv2] [D] [thread 91871] [141.0] [cxt 0] Action entry is NoAction - 
[00:36:46.864] [bmv2] [T] [thread 91871] [141.0] [cxt 0] Action NoAction
[00:36:46.864] [bmv2] [D] [thread 91871] [141.0] [cxt 0] Pipeline 'ingress': end
[00:36:46.864] [bmv2] [D] [thread 91871] [141.0] [cxt 0] Egress port is 0
[00:36:46.864] [bmv2] [D] [thread 91872] [141.0] [cxt 0] Pipeline 'egress': start
[00:36:46.864] [bmv2] [T] [thread 91872] [141.0] [cxt 0] basic.p4(684) Condition "standard_metadata.mcast_grp != 0" (node_28) is false
[00:36:46.864] [bmv2] [D] [thread 91872] [141.0] [cxt 0] Pipeline 'egress': end
[00:36:46.864] [bmv2] [D] [thread 91872] [141.0] [cxt 0] Deparser 'deparser': start
[00:36:46.864] [bmv2] [T] [thread 91872] [141.0] [cxt 0] Skipping checksum 'cksum' update because condition not met
[00:36:46.864] [bmv2] [D] [thread 91872] [141.0] [cxt 0] Deparsing header 'ethernet'
[00:36:46.864] [bmv2] [D] [thread 91872] [141.0] [cxt 0] Deparsing header 'ipv6'
[00:36:46.864] [bmv2] [D] [thread 91872] [141.0] [cxt 0] Deparser 'deparser': end
[00:36:46.864] [bmv2] [D] [thread 91876] [141.0] [cxt 0] Transmitting packet of size 203 out of port 0
[00:36:47.118] [bmv2] [D] [thread 91871] [142.0] [cxt 0] Processing packet received on port 4
[00:36:47.119] [bmv2] [D] [thread 91871] [142.0] [cxt 0] Parser 'parser': start
[00:36:47.119] [bmv2] [D] [thread 91871] [142.0] [cxt 0] Parser 'parser' entering state 'start'
[00:36:47.119] [bmv2] [D] [thread 91871] [142.0] [cxt 0] Extracting header 'ethernet'
[00:36:47.119] [bmv2] [D] [thread 91871] [142.0] [cxt 0] Parser state 'start': key is 86dd
[00:36:47.119] [bmv2] [T] [thread 91871] [142.0] [cxt 0] Bytes parsed: 14
[00:36:47.119] [bmv2] [D] [thread 91871] [142.0] [cxt 0] Parser 'parser' entering state 'parse_ipv6'
[00:36:47.119] [bmv2] [D] [thread 91871] [142.0] [cxt 0] Extracting header 'ipv6'
[00:36:47.119] [bmv2] [D] [thread 91871] [142.0] [cxt 0] Parser state 'parse_ipv6': key is 11
[00:36:47.119] [bmv2] [T] [thread 91871] [142.0] [cxt 0] Bytes parsed: 54
[00:36:47.119] [bmv2] [D] [thread 91871] [142.0] [cxt 0] Parser 'parser': end
[00:36:47.119] [bmv2] [D] [thread 91871] [142.0] [cxt 0] Pipeline 'ingress': start
[00:36:47.119] [bmv2] [T] [thread 91871] [142.0] [cxt 0] basic.p4(560) Condition "hdr.ethernet.etherType == TYPE_ARP" (node_2) is false
[00:36:47.119] [bmv2] [T] [thread 91871] [142.0] [cxt 0] basic.p4(563) Condition "hdr.ethernet.etherType == TYPE_SRCROUTING" (node_4) is false
[00:36:47.119] [bmv2] [T] [thread 91871] [142.0] [cxt 0] basic.p4(576) Condition "hdr.ethernet.etherType == TYPE_YEQUDESU" (node_12) is false
[00:36:47.119] [bmv2] [T] [thread 91871] [142.0] [cxt 0] basic.p4(582) Condition "hdr.vxlan.isValid()" (node_15) is false
[00:36:47.119] [bmv2] [T] [thread 91871] [142.0] [cxt 0] basic.p4(586) Condition "hdr.ipv6.isValid()" (node_17) is true
[00:36:47.119] [bmv2] [T] [thread 91871] [142.0] [cxt 0] Applying table 'MyIngress.ipv6_lpm'
[00:36:47.119] [bmv2] [D] [thread 91871] [142.0] [cxt 0] Looking up key:
* hdr.ipv6.dstAddr    : ff0200000000000000000000000000fb

[00:36:47.119] [bmv2] [D] [thread 91871] [142.0] [cxt 0] Table 'MyIngress.ipv6_lpm': miss
[00:36:47.119] [bmv2] [D] [thread 91871] [142.0] [cxt 0] Action entry is NoAction - 
[00:36:47.119] [bmv2] [T] [thread 91871] [142.0] [cxt 0] Action NoAction
[00:36:47.119] [bmv2] [D] [thread 91871] [142.0] [cxt 0] Pipeline 'ingress': end
[00:36:47.119] [bmv2] [D] [thread 91871] [142.0] [cxt 0] Egress port is 0
[00:36:47.119] [bmv2] [D] [thread 91872] [142.0] [cxt 0] Pipeline 'egress': start
[00:36:47.119] [bmv2] [T] [thread 91872] [142.0] [cxt 0] basic.p4(684) Condition "standard_metadata.mcast_grp != 0" (node_28) is false
[00:36:47.119] [bmv2] [D] [thread 91872] [142.0] [cxt 0] Pipeline 'egress': end
[00:36:47.119] [bmv2] [D] [thread 91872] [142.0] [cxt 0] Deparser 'deparser': start
[00:36:47.119] [bmv2] [T] [thread 91872] [142.0] [cxt 0] Skipping checksum 'cksum' update because condition not met
[00:36:47.119] [bmv2] [D] [thread 91872] [142.0] [cxt 0] Deparsing header 'ethernet'
[00:36:47.119] [bmv2] [D] [thread 91872] [142.0] [cxt 0] Deparsing header 'ipv6'
[00:36:47.119] [bmv2] [D] [thread 91872] [142.0] [cxt 0] Deparser 'deparser': end
[00:36:47.119] [bmv2] [D] [thread 91876] [142.0] [cxt 0] Transmitting packet of size 203 out of port 0
[00:36:47.180] [bmv2] [D] [thread 91871] [143.0] [cxt 0] Processing packet received on port 3
[00:36:47.180] [bmv2] [D] [thread 91871] [143.0] [cxt 0] Parser 'parser': start
[00:36:47.180] [bmv2] [D] [thread 91871] [143.0] [cxt 0] Parser 'parser' entering state 'start'
[00:36:47.180] [bmv2] [D] [thread 91871] [143.0] [cxt 0] Extracting header 'ethernet'
[00:36:47.180] [bmv2] [D] [thread 91871] [143.0] [cxt 0] Parser state 'start': key is 86dd
[00:36:47.180] [bmv2] [T] [thread 91871] [143.0] [cxt 0] Bytes parsed: 14
[00:36:47.180] [bmv2] [D] [thread 91871] [143.0] [cxt 0] Parser 'parser' entering state 'parse_ipv6'
[00:36:47.180] [bmv2] [D] [thread 91871] [143.0] [cxt 0] Extracting header 'ipv6'
[00:36:47.180] [bmv2] [D] [thread 91871] [143.0] [cxt 0] Parser state 'parse_ipv6': key is 11
[00:36:47.180] [bmv2] [T] [thread 91871] [143.0] [cxt 0] Bytes parsed: 54
[00:36:47.180] [bmv2] [D] [thread 91871] [143.0] [cxt 0] Parser 'parser': end
[00:36:47.180] [bmv2] [D] [thread 91871] [143.0] [cxt 0] Pipeline 'ingress': start
[00:36:47.180] [bmv2] [T] [thread 91871] [143.0] [cxt 0] basic.p4(560) Condition "hdr.ethernet.etherType == TYPE_ARP" (node_2) is false
[00:36:47.180] [bmv2] [T] [thread 91871] [143.0] [cxt 0] basic.p4(563) Condition "hdr.ethernet.etherType == TYPE_SRCROUTING" (node_4) is false
[00:36:47.180] [bmv2] [T] [thread 91871] [143.0] [cxt 0] basic.p4(576) Condition "hdr.ethernet.etherType == TYPE_YEQUDESU" (node_12) is false
[00:36:47.181] [bmv2] [T] [thread 91871] [143.0] [cxt 0] basic.p4(582) Condition "hdr.vxlan.isValid()" (node_15) is false
[00:36:47.181] [bmv2] [T] [thread 91871] [143.0] [cxt 0] basic.p4(586) Condition "hdr.ipv6.isValid()" (node_17) is true
[00:36:47.181] [bmv2] [T] [thread 91871] [143.0] [cxt 0] Applying table 'MyIngress.ipv6_lpm'
[00:36:47.181] [bmv2] [D] [thread 91871] [143.0] [cxt 0] Looking up key:
* hdr.ipv6.dstAddr    : ff0200000000000000000000000000fb

[00:36:47.181] [bmv2] [D] [thread 91871] [143.0] [cxt 0] Table 'MyIngress.ipv6_lpm': miss
[00:36:47.181] [bmv2] [D] [thread 91871] [143.0] [cxt 0] Action entry is NoAction - 
[00:36:47.181] [bmv2] [T] [thread 91871] [143.0] [cxt 0] Action NoAction
[00:36:47.181] [bmv2] [D] [thread 91871] [143.0] [cxt 0] Pipeline 'ingress': end
[00:36:47.181] [bmv2] [D] [thread 91871] [143.0] [cxt 0] Egress port is 0
[00:36:47.181] [bmv2] [D] [thread 91872] [143.0] [cxt 0] Pipeline 'egress': start
[00:36:47.181] [bmv2] [T] [thread 91872] [143.0] [cxt 0] basic.p4(684) Condition "standard_metadata.mcast_grp != 0" (node_28) is false
[00:36:47.181] [bmv2] [D] [thread 91872] [143.0] [cxt 0] Pipeline 'egress': end
[00:36:47.181] [bmv2] [D] [thread 91872] [143.0] [cxt 0] Deparser 'deparser': start
[00:36:47.181] [bmv2] [T] [thread 91872] [143.0] [cxt 0] Skipping checksum 'cksum' update because condition not met
[00:36:47.181] [bmv2] [D] [thread 91872] [143.0] [cxt 0] Deparsing header 'ethernet'
[00:36:47.181] [bmv2] [D] [thread 91872] [143.0] [cxt 0] Deparsing header 'ipv6'
[00:36:47.181] [bmv2] [D] [thread 91872] [143.0] [cxt 0] Deparser 'deparser': end
[00:36:47.181] [bmv2] [D] [thread 91876] [143.0] [cxt 0] Transmitting packet of size 203 out of port 0
[00:36:47.313] [bmv2] [D] [thread 91871] [144.0] [cxt 0] Processing packet received on port 5
[00:36:47.313] [bmv2] [D] [thread 91871] [144.0] [cxt 0] Parser 'parser': start
[00:36:47.313] [bmv2] [D] [thread 91871] [144.0] [cxt 0] Parser 'parser' entering state 'start'
[00:36:47.313] [bmv2] [D] [thread 91871] [144.0] [cxt 0] Extracting header 'ethernet'
[00:36:47.313] [bmv2] [D] [thread 91871] [144.0] [cxt 0] Parser state 'start': key is 86dd
[00:36:47.313] [bmv2] [T] [thread 91871] [144.0] [cxt 0] Bytes parsed: 14
[00:36:47.313] [bmv2] [D] [thread 91871] [144.0] [cxt 0] Parser 'parser' entering state 'parse_ipv6'
[00:36:47.313] [bmv2] [D] [thread 91871] [144.0] [cxt 0] Extracting header 'ipv6'
[00:36:47.313] [bmv2] [D] [thread 91871] [144.0] [cxt 0] Parser state 'parse_ipv6': key is 11
[00:36:47.313] [bmv2] [T] [thread 91871] [144.0] [cxt 0] Bytes parsed: 54
[00:36:47.313] [bmv2] [D] [thread 91871] [144.0] [cxt 0] Parser 'parser': end
[00:36:47.313] [bmv2] [D] [thread 91871] [144.0] [cxt 0] Pipeline 'ingress': start
[00:36:47.313] [bmv2] [T] [thread 91871] [144.0] [cxt 0] basic.p4(560) Condition "hdr.ethernet.etherType == TYPE_ARP" (node_2) is false
[00:36:47.313] [bmv2] [T] [thread 91871] [144.0] [cxt 0] basic.p4(563) Condition "hdr.ethernet.etherType == TYPE_SRCROUTING" (node_4) is false
[00:36:47.313] [bmv2] [T] [thread 91871] [144.0] [cxt 0] basic.p4(576) Condition "hdr.ethernet.etherType == TYPE_YEQUDESU" (node_12) is false
[00:36:47.313] [bmv2] [T] [thread 91871] [144.0] [cxt 0] basic.p4(582) Condition "hdr.vxlan.isValid()" (node_15) is false
[00:36:47.313] [bmv2] [T] [thread 91871] [144.0] [cxt 0] basic.p4(586) Condition "hdr.ipv6.isValid()" (node_17) is true
[00:36:47.313] [bmv2] [T] [thread 91871] [144.0] [cxt 0] Applying table 'MyIngress.ipv6_lpm'
[00:36:47.313] [bmv2] [D] [thread 91871] [144.0] [cxt 0] Looking up key:
* hdr.ipv6.dstAddr    : ff0200000000000000000000000000fb

[00:36:47.313] [bmv2] [D] [thread 91871] [144.0] [cxt 0] Table 'MyIngress.ipv6_lpm': miss
[00:36:47.313] [bmv2] [D] [thread 91871] [144.0] [cxt 0] Action entry is NoAction - 
[00:36:47.313] [bmv2] [T] [thread 91871] [144.0] [cxt 0] Action NoAction
[00:36:47.313] [bmv2] [D] [thread 91871] [144.0] [cxt 0] Pipeline 'ingress': end
[00:36:47.313] [bmv2] [D] [thread 91871] [144.0] [cxt 0] Egress port is 0
[00:36:47.313] [bmv2] [D] [thread 91872] [144.0] [cxt 0] Pipeline 'egress': start
[00:36:47.313] [bmv2] [T] [thread 91872] [144.0] [cxt 0] basic.p4(684) Condition "standard_metadata.mcast_grp != 0" (node_28) is false
[00:36:47.313] [bmv2] [D] [thread 91872] [144.0] [cxt 0] Pipeline 'egress': end
[00:36:47.313] [bmv2] [D] [thread 91872] [144.0] [cxt 0] Deparser 'deparser': start
[00:36:47.313] [bmv2] [T] [thread 91872] [144.0] [cxt 0] Skipping checksum 'cksum' update because condition not met
[00:36:47.313] [bmv2] [D] [thread 91872] [144.0] [cxt 0] Deparsing header 'ethernet'
[00:36:47.313] [bmv2] [D] [thread 91872] [144.0] [cxt 0] Deparsing header 'ipv6'
[00:36:47.313] [bmv2] [D] [thread 91872] [144.0] [cxt 0] Deparser 'deparser': end
[00:36:47.313] [bmv2] [D] [thread 91876] [144.0] [cxt 0] Transmitting packet of size 203 out of port 0
[00:36:47.566] [bmv2] [D] [thread 91871] [145.0] [cxt 0] Processing packet received on port 2
[00:36:47.566] [bmv2] [D] [thread 91871] [145.0] [cxt 0] Parser 'parser': start
[00:36:47.566] [bmv2] [D] [thread 91871] [145.0] [cxt 0] Parser 'parser' entering state 'start'
[00:36:47.566] [bmv2] [D] [thread 91871] [145.0] [cxt 0] Extracting header 'ethernet'
[00:36:47.566] [bmv2] [D] [thread 91871] [145.0] [cxt 0] Parser state 'start': key is 86dd
[00:36:47.566] [bmv2] [T] [thread 91871] [145.0] [cxt 0] Bytes parsed: 14
[00:36:47.566] [bmv2] [D] [thread 91871] [145.0] [cxt 0] Parser 'parser' entering state 'parse_ipv6'
[00:36:47.566] [bmv2] [D] [thread 91871] [145.0] [cxt 0] Extracting header 'ipv6'
[00:36:47.566] [bmv2] [D] [thread 91871] [145.0] [cxt 0] Parser state 'parse_ipv6': key is 11
[00:36:47.566] [bmv2] [T] [thread 91871] [145.0] [cxt 0] Bytes parsed: 54
[00:36:47.566] [bmv2] [D] [thread 91871] [145.0] [cxt 0] Parser 'parser': end
[00:36:47.566] [bmv2] [D] [thread 91871] [145.0] [cxt 0] Pipeline 'ingress': start
[00:36:47.566] [bmv2] [T] [thread 91871] [145.0] [cxt 0] basic.p4(560) Condition "hdr.ethernet.etherType == TYPE_ARP" (node_2) is false
[00:36:47.566] [bmv2] [T] [thread 91871] [145.0] [cxt 0] basic.p4(563) Condition "hdr.ethernet.etherType == TYPE_SRCROUTING" (node_4) is false
[00:36:47.566] [bmv2] [T] [thread 91871] [145.0] [cxt 0] basic.p4(576) Condition "hdr.ethernet.etherType == TYPE_YEQUDESU" (node_12) is false
[00:36:47.566] [bmv2] [T] [thread 91871] [145.0] [cxt 0] basic.p4(582) Condition "hdr.vxlan.isValid()" (node_15) is false
[00:36:47.566] [bmv2] [T] [thread 91871] [145.0] [cxt 0] basic.p4(586) Condition "hdr.ipv6.isValid()" (node_17) is true
[00:36:47.566] [bmv2] [T] [thread 91871] [145.0] [cxt 0] Applying table 'MyIngress.ipv6_lpm'
[00:36:47.566] [bmv2] [D] [thread 91871] [145.0] [cxt 0] Looking up key:
* hdr.ipv6.dstAddr    : ff0200000000000000000000000000fb

[00:36:47.566] [bmv2] [D] [thread 91871] [145.0] [cxt 0] Table 'MyIngress.ipv6_lpm': miss
[00:36:47.566] [bmv2] [D] [thread 91871] [145.0] [cxt 0] Action entry is NoAction - 
[00:36:47.566] [bmv2] [T] [thread 91871] [145.0] [cxt 0] Action NoAction
[00:36:47.566] [bmv2] [D] [thread 91871] [145.0] [cxt 0] Pipeline 'ingress': end
[00:36:47.567] [bmv2] [D] [thread 91871] [145.0] [cxt 0] Egress port is 0
[00:36:47.567] [bmv2] [D] [thread 91871] [146.0] [cxt 0] Processing packet received on port 5
[00:36:47.567] [bmv2] [D] [thread 91871] [146.0] [cxt 0] Parser 'parser': start
[00:36:47.567] [bmv2] [D] [thread 91871] [146.0] [cxt 0] Parser 'parser' entering state 'start'
[00:36:47.567] [bmv2] [D] [thread 91871] [146.0] [cxt 0] Extracting header 'ethernet'
[00:36:47.567] [bmv2] [D] [thread 91871] [146.0] [cxt 0] Parser state 'start': key is 86dd
[00:36:47.567] [bmv2] [T] [thread 91871] [146.0] [cxt 0] Bytes parsed: 14
[00:36:47.567] [bmv2] [D] [thread 91871] [146.0] [cxt 0] Parser 'parser' entering state 'parse_ipv6'
[00:36:47.567] [bmv2] [D] [thread 91871] [146.0] [cxt 0] Extracting header 'ipv6'
[00:36:47.567] [bmv2] [D] [thread 91871] [146.0] [cxt 0] Parser state 'parse_ipv6': key is 11
[00:36:47.567] [bmv2] [T] [thread 91871] [146.0] [cxt 0] Bytes parsed: 54
[00:36:47.567] [bmv2] [D] [thread 91871] [146.0] [cxt 0] Parser 'parser': end
[00:36:47.567] [bmv2] [D] [thread 91871] [146.0] [cxt 0] Pipeline 'ingress': start
[00:36:47.567] [bmv2] [T] [thread 91871] [146.0] [cxt 0] basic.p4(560) Condition "hdr.ethernet.etherType == TYPE_ARP" (node_2) is false
[00:36:47.567] [bmv2] [T] [thread 91871] [146.0] [cxt 0] basic.p4(563) Condition "hdr.ethernet.etherType == TYPE_SRCROUTING" (node_4) is false
[00:36:47.567] [bmv2] [D] [thread 91872] [145.0] [cxt 0] Pipeline 'egress': start
[00:36:47.567] [bmv2] [T] [thread 91872] [145.0] [cxt 0] basic.p4(684) Condition "standard_metadata.mcast_grp != 0" (node_28) is false
[00:36:47.567] [bmv2] [D] [thread 91872] [145.0] [cxt 0] Pipeline 'egress': end
[00:36:47.567] [bmv2] [D] [thread 91872] [145.0] [cxt 0] Deparser 'deparser': start
[00:36:47.567] [bmv2] [T] [thread 91872] [145.0] [cxt 0] Skipping checksum 'cksum' update because condition not met
[00:36:47.567] [bmv2] [D] [thread 91872] [145.0] [cxt 0] Deparsing header 'ethernet'
[00:36:47.567] [bmv2] [D] [thread 91872] [145.0] [cxt 0] Deparsing header 'ipv6'
[00:36:47.567] [bmv2] [T] [thread 91871] [146.0] [cxt 0] basic.p4(576) Condition "hdr.ethernet.etherType == TYPE_YEQUDESU" (node_12) is false
[00:36:47.567] [bmv2] [T] [thread 91871] [146.0] [cxt 0] basic.p4(582) Condition "hdr.vxlan.isValid()" (node_15) is false
[00:36:47.567] [bmv2] [T] [thread 91871] [146.0] [cxt 0] basic.p4(586) Condition "hdr.ipv6.isValid()" (node_17) is true
[00:36:47.567] [bmv2] [T] [thread 91871] [146.0] [cxt 0] Applying table 'MyIngress.ipv6_lpm'
[00:36:47.567] [bmv2] [D] [thread 91871] [146.0] [cxt 0] Looking up key:
* hdr.ipv6.dstAddr    : ff0200000000000000000000000000fb

[00:36:47.567] [bmv2] [D] [thread 91871] [146.0] [cxt 0] Table 'MyIngress.ipv6_lpm': miss
[00:36:47.567] [bmv2] [D] [thread 91871] [146.0] [cxt 0] Action entry is NoAction - 
[00:36:47.567] [bmv2] [T] [thread 91871] [146.0] [cxt 0] Action NoAction
[00:36:47.567] [bmv2] [D] [thread 91871] [146.0] [cxt 0] Pipeline 'ingress': end
[00:36:47.567] [bmv2] [D] [thread 91871] [146.0] [cxt 0] Egress port is 0
[00:36:47.567] [bmv2] [D] [thread 91872] [145.0] [cxt 0] Deparser 'deparser': end
[00:36:47.567] [bmv2] [D] [thread 91872] [146.0] [cxt 0] Pipeline 'egress': start
[00:36:47.567] [bmv2] [T] [thread 91872] [146.0] [cxt 0] basic.p4(684) Condition "standard_metadata.mcast_grp != 0" (node_28) is false
[00:36:47.567] [bmv2] [D] [thread 91872] [146.0] [cxt 0] Pipeline 'egress': end
[00:36:47.567] [bmv2] [D] [thread 91872] [146.0] [cxt 0] Deparser 'deparser': start
[00:36:47.567] [bmv2] [T] [thread 91872] [146.0] [cxt 0] Skipping checksum 'cksum' update because condition not met
[00:36:47.567] [bmv2] [D] [thread 91872] [146.0] [cxt 0] Deparsing header 'ethernet'
[00:36:47.567] [bmv2] [D] [thread 91872] [146.0] [cxt 0] Deparsing header 'ipv6'
[00:36:47.567] [bmv2] [D] [thread 91872] [146.0] [cxt 0] Deparser 'deparser': end
[00:36:47.567] [bmv2] [D] [thread 91876] [145.0] [cxt 0] Transmitting packet of size 203 out of port 0
[00:36:47.567] [bmv2] [D] [thread 91876] [146.0] [cxt 0] Transmitting packet of size 203 out of port 0
[00:36:47.630] [bmv2] [D] [thread 91871] [147.0] [cxt 0] Processing packet received on port 1
[00:36:47.630] [bmv2] [D] [thread 91871] [147.0] [cxt 0] Parser 'parser': start
[00:36:47.630] [bmv2] [D] [thread 91871] [147.0] [cxt 0] Parser 'parser' entering state 'start'
[00:36:47.630] [bmv2] [D] [thread 91871] [147.0] [cxt 0] Extracting header 'ethernet'
[00:36:47.630] [bmv2] [D] [thread 91871] [147.0] [cxt 0] Parser state 'start': key is 86dd
[00:36:47.630] [bmv2] [T] [thread 91871] [147.0] [cxt 0] Bytes parsed: 14
[00:36:47.630] [bmv2] [D] [thread 91871] [147.0] [cxt 0] Parser 'parser' entering state 'parse_ipv6'
[00:36:47.630] [bmv2] [D] [thread 91871] [147.0] [cxt 0] Extracting header 'ipv6'
[00:36:47.630] [bmv2] [D] [thread 91871] [147.0] [cxt 0] Parser state 'parse_ipv6': key is 11
[00:36:47.630] [bmv2] [T] [thread 91871] [147.0] [cxt 0] Bytes parsed: 54
[00:36:47.630] [bmv2] [D] [thread 91871] [147.0] [cxt 0] Parser 'parser': end
[00:36:47.630] [bmv2] [D] [thread 91871] [147.0] [cxt 0] Pipeline 'ingress': start
[00:36:47.630] [bmv2] [T] [thread 91871] [147.0] [cxt 0] basic.p4(560) Condition "hdr.ethernet.etherType == TYPE_ARP" (node_2) is false
[00:36:47.630] [bmv2] [T] [thread 91871] [147.0] [cxt 0] basic.p4(563) Condition "hdr.ethernet.etherType == TYPE_SRCROUTING" (node_4) is false
[00:36:47.630] [bmv2] [T] [thread 91871] [147.0] [cxt 0] basic.p4(576) Condition "hdr.ethernet.etherType == TYPE_YEQUDESU" (node_12) is false
[00:36:47.630] [bmv2] [T] [thread 91871] [147.0] [cxt 0] basic.p4(582) Condition "hdr.vxlan.isValid()" (node_15) is false
[00:36:47.630] [bmv2] [T] [thread 91871] [147.0] [cxt 0] basic.p4(586) Condition "hdr.ipv6.isValid()" (node_17) is true
[00:36:47.630] [bmv2] [T] [thread 91871] [147.0] [cxt 0] Applying table 'MyIngress.ipv6_lpm'
[00:36:47.630] [bmv2] [D] [thread 91871] [147.0] [cxt 0] Looking up key:
* hdr.ipv6.dstAddr    : ff0200000000000000000000000000fb

[00:36:47.630] [bmv2] [D] [thread 91871] [147.0] [cxt 0] Table 'MyIngress.ipv6_lpm': miss
[00:36:47.630] [bmv2] [D] [thread 91871] [147.0] [cxt 0] Action entry is NoAction - 
[00:36:47.630] [bmv2] [T] [thread 91871] [147.0] [cxt 0] Action NoAction
[00:36:47.630] [bmv2] [D] [thread 91871] [147.0] [cxt 0] Pipeline 'ingress': end
[00:36:47.630] [bmv2] [D] [thread 91871] [147.0] [cxt 0] Egress port is 0
[00:36:47.630] [bmv2] [D] [thread 91872] [147.0] [cxt 0] Pipeline 'egress': start
[00:36:47.630] [bmv2] [T] [thread 91872] [147.0] [cxt 0] basic.p4(684) Condition "standard_metadata.mcast_grp != 0" (node_28) is false
[00:36:47.630] [bmv2] [D] [thread 91872] [147.0] [cxt 0] Pipeline 'egress': end
[00:36:47.630] [bmv2] [D] [thread 91872] [147.0] [cxt 0] Deparser 'deparser': start
[00:36:47.630] [bmv2] [T] [thread 91872] [147.0] [cxt 0] Skipping checksum 'cksum' update because condition not met
[00:36:47.630] [bmv2] [D] [thread 91872] [147.0] [cxt 0] Deparsing header 'ethernet'
[00:36:47.630] [bmv2] [D] [thread 91872] [147.0] [cxt 0] Deparsing header 'ipv6'
[00:36:47.630] [bmv2] [D] [thread 91872] [147.0] [cxt 0] Deparser 'deparser': end
[00:36:47.630] [bmv2] [D] [thread 91876] [147.0] [cxt 0] Transmitting packet of size 203 out of port 0
[00:36:48.965] [bmv2] [W] [thread 92311] [P4Runtime] p4::tmp::P4DeviceConfig is deprecated
[00:36:48.971] [bmv2] [D] [thread 92311] Set default default entry for table 'MyIngress.arp_match': MyIngress.drop - 
[00:36:48.971] [bmv2] [D] [thread 92311] Set default default entry for table 'tbl_srcRoute_finish': MyIngress.srcRoute_finish - 
[00:36:48.971] [bmv2] [D] [thread 92311] Set default default entry for table 'MyIngress.ipv4_lpm_src': NoAction - 
[00:36:48.971] [bmv2] [D] [thread 92311] Set default default entry for table 'tbl_srcRoute_nhop': MyIngress.srcRoute_nhop - 
[00:36:48.971] [bmv2] [D] [thread 92311] Set default default entry for table 'tbl_update_ttl': MyIngress.update_ttl - 
[00:36:48.971] [bmv2] [D] [thread 92311] Set default default entry for table 'MyIngress.yequdesu_exact': MyIngress.drop - 
[00:36:48.971] [bmv2] [D] [thread 92311] Set default default entry for table 'MyIngress.vxlan_decap_exact': MyIngress.drop - 
[00:36:48.971] [bmv2] [D] [thread 92311] Set default default entry for table 'MyIngress.ipv6_lpm': NoAction - 
[00:36:48.971] [bmv2] [D] [thread 92311] Set default default entry for table 'MyIngress.vxlan_lpm': NoAction - 
[00:36:48.971] [bmv2] [D] [thread 92311] Set default default entry for table 'MyIngress.modality_schedule': NoAction - 
[00:36:48.971] [bmv2] [D] [thread 92311] Set default default entry for table 'MyIngress.adjudication': NoAction - 
[00:36:48.971] [bmv2] [D] [thread 92311] Set default default entry for table 'MyIngress.ipv4_lpm': NoAction - 
[00:36:48.971] [bmv2] [D] [thread 92311] Set default default entry for table 'MyEgress.egress_encap_ipv6': NoAction - 
[00:36:48.971] [bmv2] [D] [thread 92311] Set default default entry for table 'MyEgress.egress_encap_yequdesu': NoAction - 
[00:36:48.971] [bmv2] [D] [thread 92311] Set default default entry for table 'MyEgress.egress_encap_vxlan': NoAction - 
[00:36:48.973] [bmv2] [D] [thread 92311] simple_switch target has been notified of a config swap
[00:36:49.098] [bmv2] [D] [thread 92312] Entry 0 added to table 'MyIngress.ipv4_lpm'
[00:36:49.098] [bmv2] [D] [thread 92312] Dumping entry 0
Match key:
* hdr.ipv4.dstAddr    : LPM       0a000202/32
Action entry: MyIngress.ipv4_forward - 80000000222,1,

[00:36:49.101] [bmv2] [D] [thread 92312] Entry 1 added to table 'MyIngress.ipv4_lpm'
[00:36:49.101] [bmv2] [D] [thread 92312] Dumping entry 1
Match key:
* hdr.ipv4.dstAddr    : LPM       0a000204/32
Action entry: MyIngress.ipv4_forward - 80000000222,1,

[00:36:49.102] [bmv2] [D] [thread 92311] Entry 2 added to table 'MyIngress.ipv4_lpm'
[00:36:49.102] [bmv2] [D] [thread 92311] Dumping entry 2
Match key:
* hdr.ipv4.dstAddr    : LPM       0a000101/32
Action entry: MyIngress.ipv4_forward - ffffffffffff,2,

[00:36:49.104] [bmv2] [D] [thread 92312] Entry 3 added to table 'MyIngress.ipv4_lpm'
[00:36:49.104] [bmv2] [D] [thread 92312] Dumping entry 3
Match key:
* hdr.ipv4.dstAddr    : LPM       0a000103/32
Action entry: MyIngress.ipv4_forward - ffffffffffff,2,

[00:36:49.109] [bmv2] [D] [thread 92311] Entry 0 added to table 'MyIngress.ipv6_lpm'
[00:36:49.109] [bmv2] [D] [thread 92311] Dumping entry 0
Match key:
* hdr.ipv6.dstAddr    : LPM       20010db8000100000000000000000002/128
Action entry: MyIngress.ipv6_forward - 80000000222,1,

[00:36:49.110] [bmv2] [D] [thread 92312] Entry 1 added to table 'MyIngress.ipv6_lpm'
[00:36:49.110] [bmv2] [D] [thread 92312] Dumping entry 1
Match key:
* hdr.ipv6.dstAddr    : LPM       20010db8000100000000000000000001/128
Action entry: MyIngress.ipv6_forward - ffffffffffff,3,

[00:36:49.116] [bmv2] [D] [thread 92311] Entry 2 added to table 'MyIngress.ipv6_lpm'
[00:36:49.116] [bmv2] [D] [thread 92311] Dumping entry 2
Match key:
* hdr.ipv6.dstAddr    : LPM       20010db8000000000000000000000002/128
Action entry: MyIngress.ipv6_decap_ipv4 - 80000000222,1,

[00:36:49.117] [bmv2] [D] [thread 92312] Entry 3 added to table 'MyIngress.ipv6_lpm'
[00:36:49.118] [bmv2] [D] [thread 92312] Dumping entry 3
Match key:
* hdr.ipv6.dstAddr    : LPM       20010db8000000000000000000000001/128
Action entry: MyIngress.ipv6_forward - ffffffffffff,3,

[00:36:49.121] [bmv2] [D] [thread 92311] Removed entry 3 from table 'MyIngress.ipv4_lpm'
[00:36:49.122] [bmv2] [D] [thread 92312] Entry 16777219 added to table 'MyIngress.ipv4_lpm'
[00:36:49.122] [bmv2] [D] [thread 92312] Dumping entry 16777219
Match key:
* hdr.ipv4.dstAddr    : LPM       0a000103/32
Action entry: MyIngress.yequdesu_ingress - 12d,

[00:36:49.127] [bmv2] [D] [thread 92311] Entry 0 added to table 'MyIngress.yequdesu_exact'
[00:36:49.127] [bmv2] [D] [thread 92311] Dumping entry 0
Match key:
* hdr.yequdesu.dst_id : EXACT     012c
Action entry: MyIngress.yequdesu_egress - 80000000222,1,

[00:36:49.128] [bmv2] [D] [thread 92312] Entry 1 added to table 'MyIngress.yequdesu_exact'
[00:36:49.128] [bmv2] [D] [thread 92312] Dumping entry 1
Match key:
* hdr.yequdesu.dst_id : EXACT     012d
Action entry: MyIngress.yequdesu_forward - 4,

[00:36:49.131] [bmv2] [D] [thread 92311] Entry 0 added to table 'MyIngress.vxlan_lpm'
[00:36:49.131] [bmv2] [D] [thread 92311] Dumping entry 0
Match key:
* hdr.inner_ipv4.dstAddr: LPM       0a000101/32
Action entry: MyIngress.vxlan_encap - 65,ffffffffffff,5,

[00:36:49.132] [bmv2] [D] [thread 92312] Entry 0 added to table 'MyIngress.vxlan_decap_exact'
[00:36:49.132] [bmv2] [D] [thread 92312] Dumping entry 0
Match key:
* hdr.vxlan.vni       : EXACT     000064
Action entry: MyIngress.vxlan_decap - 

[00:36:49.134] [bmv2] [D] [thread 92311] Entry 0 added to table 'MyIngress.arp_match'
[00:36:49.134] [bmv2] [D] [thread 92311] Dumping entry 0
Match key:
* hdr.arp.oper        : EXACT     0001
* hdr.arp.tpa         : LPM       0a000214/32
Action entry: MyIngress.send_arp_reply - 80000000200,

[00:36:49.135] [bmv2] [D] [thread 92312] mgrp node created for mgid 2
[00:36:49.135] [bmv2] [D] [thread 92312] node created for rid 3
[00:36:49.135] [bmv2] [D] [thread 92312] node associated with mgid 2
[00:36:49.136] [bmv2] [D] [thread 92311] Entry 0 added to table 'MyIngress.modality_schedule'
[00:36:49.136] [bmv2] [D] [thread 92311] Dumping entry 0
Match key:
* hdr.ipv4.dstAddr    : EXACT     0a000101
Action entry: MyIngress.set_mcast_grp - 2,

[00:36:49.139] [bmv2] [D] [thread 92312] Entry 0 added to table 'MyEgress.egress_encap_ipv6'
[00:36:49.139] [bmv2] [D] [thread 92312] Dumping entry 0
Match key:
* standard_metadata.egress_port: EXACT     0003
Action entry: MyEgress.encap_ipv6_egress - 20010db8000000000000000000000002,20010db8000000000000000000000001,

[00:36:49.139] [bmv2] [D] [thread 92311] Entry 0 added to table 'MyEgress.egress_encap_yequdesu'
[00:36:49.139] [bmv2] [D] [thread 92311] Dumping entry 0
Match key:
* standard_metadata.egress_port: EXACT     0004
Action entry: MyEgress.encap_yequdesu_egress - 12d,

[00:36:49.140] [bmv2] [D] [thread 92312] Entry 0 added to table 'MyEgress.egress_encap_vxlan'
[00:36:49.140] [bmv2] [D] [thread 92312] Dumping entry 0
Match key:
* standard_metadata.egress_port: EXACT     0005
Action entry: MyEgress.encap_vxlan_egress - 65,a00020a,a00010a,

[00:36:49.140] [bmv2] [D] [thread 92311] Entry 0 added to table 'MyIngress.adjudication'
[00:36:49.140] [bmv2] [D] [thread 92311] Dumping entry 0
Match key:
* hdr.ipv4.dstAddr    : EXACT     0a000202
Action entry: MyIngress.clone_to_cpu - 64,

[00:36:50.829] [bmv2] [D] [thread 91871] [148.0] [cxt 0] Processing packet received on port 1
[00:36:50.829] [bmv2] [D] [thread 91871] [148.0] [cxt 0] Parser 'parser': start
[00:36:50.829] [bmv2] [D] [thread 91871] [148.0] [cxt 0] Parser 'parser' entering state 'start'
[00:36:50.829] [bmv2] [D] [thread 91871] [148.0] [cxt 0] Extracting header 'ethernet'
[00:36:50.829] [bmv2] [D] [thread 91871] [148.0] [cxt 0] Parser state 'start': key is 86dd
[00:36:50.829] [bmv2] [T] [thread 91871] [148.0] [cxt 0] Bytes parsed: 14
[00:36:50.829] [bmv2] [D] [thread 91871] [148.0] [cxt 0] Parser 'parser' entering state 'parse_ipv6'
[00:36:50.829] [bmv2] [D] [thread 91871] [148.0] [cxt 0] Extracting header 'ipv6'
[00:36:50.829] [bmv2] [D] [thread 91871] [148.0] [cxt 0] Parser state 'parse_ipv6': key is 3a
[00:36:50.829] [bmv2] [T] [thread 91871] [148.0] [cxt 0] Bytes parsed: 54
[00:36:50.829] [bmv2] [D] [thread 91871] [148.0] [cxt 0] Parser 'parser': end
[00:36:50.830] [bmv2] [D] [thread 91871] [148.0] [cxt 0] Pipeline 'ingress': start
[00:36:50.830] [bmv2] [T] [thread 91871] [148.0] [cxt 0] basic.p4(560) Condition "hdr.ethernet.etherType == TYPE_ARP" (node_2) is false
[00:36:50.830] [bmv2] [T] [thread 91871] [148.0] [cxt 0] basic.p4(563) Condition "hdr.ethernet.etherType == TYPE_SRCROUTING" (node_4) is false
[00:36:50.830] [bmv2] [T] [thread 91871] [148.0] [cxt 0] basic.p4(576) Condition "hdr.ethernet.etherType == TYPE_YEQUDESU" (node_12) is false
[00:36:50.830] [bmv2] [T] [thread 91871] [148.0] [cxt 0] basic.p4(582) Condition "hdr.vxlan.isValid()" (node_15) is false
[00:36:50.830] [bmv2] [T] [thread 91871] [148.0] [cxt 0] basic.p4(586) Condition "hdr.ipv6.isValid()" (node_17) is true
[00:36:50.830] [bmv2] [T] [thread 91871] [148.0] [cxt 0] Applying table 'MyIngress.ipv6_lpm'
[00:36:50.830] [bmv2] [D] [thread 91871] [148.0] [cxt 0] Looking up key:
* hdr.ipv6.dstAddr    : ff020000000000000000000000000002

[00:36:50.830] [bmv2] [D] [thread 91871] [148.0] [cxt 0] Table 'MyIngress.ipv6_lpm': miss
[00:36:50.830] [bmv2] [D] [thread 91871] [148.0] [cxt 0] Action entry is NoAction - 
[00:36:50.830] [bmv2] [T] [thread 91871] [148.0] [cxt 0] Action NoAction
[00:36:50.830] [bmv2] [D] [thread 91871] [148.0] [cxt 0] Pipeline 'ingress': end
[00:36:50.830] [bmv2] [D] [thread 91871] [148.0] [cxt 0] Egress port is 0
[00:36:50.830] [bmv2] [D] [thread 91871] [149.0] [cxt 0] Processing packet received on port 3
[00:36:50.830] [bmv2] [D] [thread 91871] [149.0] [cxt 0] Parser 'parser': start
[00:36:50.830] [bmv2] [D] [thread 91871] [149.0] [cxt 0] Parser 'parser' entering state 'start'
[00:36:50.830] [bmv2] [D] [thread 91871] [149.0] [cxt 0] Extracting header 'ethernet'
[00:36:50.830] [bmv2] [D] [thread 91871] [149.0] [cxt 0] Parser state 'start': key is 86dd
[00:36:50.830] [bmv2] [T] [thread 91871] [149.0] [cxt 0] Bytes parsed: 14
[00:36:50.830] [bmv2] [D] [thread 91871] [149.0] [cxt 0] Parser 'parser' entering state 'parse_ipv6'
[00:36:50.830] [bmv2] [D] [thread 91871] [149.0] [cxt 0] Extracting header 'ipv6'
[00:36:50.830] [bmv2] [D] [thread 91871] [149.0] [cxt 0] Parser state 'parse_ipv6': key is 3a
[00:36:50.830] [bmv2] [T] [thread 91871] [149.0] [cxt 0] Bytes parsed: 54
[00:36:50.830] [bmv2] [D] [thread 91871] [149.0] [cxt 0] Parser 'parser': end
[00:36:50.830] [bmv2] [D] [thread 91871] [149.0] [cxt 0] Pipeline 'ingress': start
[00:36:50.830] [bmv2] [T] [thread 91871] [149.0] [cxt 0] basic.p4(560) Condition "hdr.ethernet.etherType == TYPE_ARP" (node_2) is false
[00:36:50.830] [bmv2] [T] [thread 91871] [149.0] [cxt 0] basic.p4(563) Condition "hdr.ethernet.etherType == TYPE_SRCROUTING" (node_4) is false
[00:36:50.830] [bmv2] [T] [thread 91871] [149.0] [cxt 0] basic.p4(576) Condition "hdr.ethernet.etherType == TYPE_YEQUDESU" (node_12) is false
[00:36:50.830] [bmv2] [T] [thread 91871] [149.0] [cxt 0] basic.p4(582) Condition "hdr.vxlan.isValid()" (node_15) is false
[00:36:50.830] [bmv2] [T] [thread 91871] [149.0] [cxt 0] basic.p4(586) Condition "hdr.ipv6.isValid()" (node_17) is true
[00:36:50.830] [bmv2] [T] [thread 91871] [149.0] [cxt 0] Applying table 'MyIngress.ipv6_lpm'
[00:36:50.830] [bmv2] [D] [thread 91871] [149.0] [cxt 0] Looking up key:
* hdr.ipv6.dstAddr    : ff020000000000000000000000000002

[00:36:50.830] [bmv2] [D] [thread 91872] [148.0] [cxt 0] Pipeline 'egress': start
[00:36:50.830] [bmv2] [D] [thread 91871] [149.0] [cxt 0] Table 'MyIngress.ipv6_lpm': miss
[00:36:50.830] [bmv2] [D] [thread 91871] [149.0] [cxt 0] Action entry is NoAction - 
[00:36:50.830] [bmv2] [T] [thread 91872] [148.0] [cxt 0] basic.p4(684) Condition "standard_metadata.mcast_grp != 0" (node_28) is false
[00:36:50.830] [bmv2] [T] [thread 91871] [149.0] [cxt 0] Action NoAction
[00:36:50.830] [bmv2] [D] [thread 91872] [148.0] [cxt 0] Pipeline 'egress': end
[00:36:50.830] [bmv2] [D] [thread 91871] [149.0] [cxt 0] Pipeline 'ingress': end
[00:36:50.830] [bmv2] [D] [thread 91872] [148.0] [cxt 0] Deparser 'deparser': start
[00:36:50.830] [bmv2] [D] [thread 91871] [149.0] [cxt 0] Egress port is 0
[00:36:50.830] [bmv2] [T] [thread 91872] [148.0] [cxt 0] Skipping checksum 'cksum' update because condition not met
[00:36:50.830] [bmv2] [D] [thread 91872] [148.0] [cxt 0] Deparsing header 'ethernet'
[00:36:50.830] [bmv2] [D] [thread 91872] [148.0] [cxt 0] Deparsing header 'ipv6'
[00:36:50.830] [bmv2] [D] [thread 91872] [148.0] [cxt 0] Deparser 'deparser': end
[00:36:50.830] [bmv2] [D] [thread 91872] [149.0] [cxt 0] Pipeline 'egress': start
[00:36:50.830] [bmv2] [T] [thread 91872] [149.0] [cxt 0] basic.p4(684) Condition "standard_metadata.mcast_grp != 0" (node_28) is false
[00:36:50.830] [bmv2] [D] [thread 91872] [149.0] [cxt 0] Pipeline 'egress': end
[00:36:50.830] [bmv2] [D] [thread 91872] [149.0] [cxt 0] Deparser 'deparser': start
[00:36:50.830] [bmv2] [T] [thread 91872] [149.0] [cxt 0] Skipping checksum 'cksum' update because condition not met
[00:36:50.830] [bmv2] [D] [thread 91872] [149.0] [cxt 0] Deparsing header 'ethernet'
[00:36:50.830] [bmv2] [D] [thread 91872] [149.0] [cxt 0] Deparsing header 'ipv6'
[00:36:50.830] [bmv2] [D] [thread 91872] [149.0] [cxt 0] Deparser 'deparser': end
[00:36:50.830] [bmv2] [D] [thread 91876] [148.0] [cxt 0] Transmitting packet of size 70 out of port 0
[00:36:50.830] [bmv2] [D] [thread 91876] [149.0] [cxt 0] Transmitting packet of size 70 out of port 0
[00:36:51.342] [bmv2] [D] [thread 91871] [150.0] [cxt 0] Processing packet received on port 5
[00:36:51.342] [bmv2] [D] [thread 91871] [150.0] [cxt 0] Parser 'parser': start
[00:36:51.342] [bmv2] [D] [thread 91871] [150.0] [cxt 0] Parser 'parser' entering state 'start'
[00:36:51.342] [bmv2] [D] [thread 91871] [150.0] [cxt 0] Extracting header 'ethernet'
[00:36:51.342] [bmv2] [D] [thread 91871] [150.0] [cxt 0] Parser state 'start': key is 86dd
[00:36:51.342] [bmv2] [T] [thread 91871] [150.0] [cxt 0] Bytes parsed: 14
[00:36:51.342] [bmv2] [D] [thread 91871] [150.0] [cxt 0] Parser 'parser' entering state 'parse_ipv6'
[00:36:51.342] [bmv2] [D] [thread 91871] [150.0] [cxt 0] Extracting header 'ipv6'
[00:36:51.342] [bmv2] [D] [thread 91871] [150.0] [cxt 0] Parser state 'parse_ipv6': key is 3a
[00:36:51.342] [bmv2] [T] [thread 91871] [150.0] [cxt 0] Bytes parsed: 54
[00:36:51.342] [bmv2] [D] [thread 91871] [150.0] [cxt 0] Parser 'parser': end
[00:36:51.342] [bmv2] [D] [thread 91871] [150.0] [cxt 0] Pipeline 'ingress': start
[00:36:51.342] [bmv2] [T] [thread 91871] [150.0] [cxt 0] basic.p4(560) Condition "hdr.ethernet.etherType == TYPE_ARP" (node_2) is false
[00:36:51.342] [bmv2] [T] [thread 91871] [150.0] [cxt 0] basic.p4(563) Condition "hdr.ethernet.etherType == TYPE_SRCROUTING" (node_4) is false
[00:36:51.342] [bmv2] [T] [thread 91871] [150.0] [cxt 0] basic.p4(576) Condition "hdr.ethernet.etherType == TYPE_YEQUDESU" (node_12) is false
[00:36:51.342] [bmv2] [T] [thread 91871] [150.0] [cxt 0] basic.p4(582) Condition "hdr.vxlan.isValid()" (node_15) is false
[00:36:51.342] [bmv2] [T] [thread 91871] [150.0] [cxt 0] basic.p4(586) Condition "hdr.ipv6.isValid()" (node_17) is true
[00:36:51.342] [bmv2] [T] [thread 91871] [150.0] [cxt 0] Applying table 'MyIngress.ipv6_lpm'
[00:36:51.342] [bmv2] [D] [thread 91871] [150.0] [cxt 0] Looking up key:
* hdr.ipv6.dstAddr    : ff020000000000000000000000000002

[00:36:51.342] [bmv2] [D] [thread 91871] [150.0] [cxt 0] Table 'MyIngress.ipv6_lpm': miss
[00:36:51.342] [bmv2] [D] [thread 91871] [150.0] [cxt 0] Action entry is NoAction - 
[00:36:51.342] [bmv2] [T] [thread 91871] [150.0] [cxt 0] Action NoAction
[00:36:51.342] [bmv2] [D] [thread 91871] [150.0] [cxt 0] Pipeline 'ingress': end
[00:36:51.342] [bmv2] [D] [thread 91871] [150.0] [cxt 0] Egress port is 0
[00:36:51.342] [bmv2] [D] [thread 91872] [150.0] [cxt 0] Pipeline 'egress': start
[00:36:51.342] [bmv2] [T] [thread 91872] [150.0] [cxt 0] basic.p4(684) Condition "standard_metadata.mcast_grp != 0" (node_28) is false
[00:36:51.342] [bmv2] [D] [thread 91872] [150.0] [cxt 0] Pipeline 'egress': end
[00:36:51.342] [bmv2] [D] [thread 91872] [150.0] [cxt 0] Deparser 'deparser': start
[00:36:51.342] [bmv2] [T] [thread 91872] [150.0] [cxt 0] Skipping checksum 'cksum' update because condition not met
[00:36:51.342] [bmv2] [D] [thread 91872] [150.0] [cxt 0] Deparsing header 'ethernet'
[00:36:51.342] [bmv2] [D] [thread 91872] [150.0] [cxt 0] Deparsing header 'ipv6'
[00:36:51.342] [bmv2] [D] [thread 91872] [150.0] [cxt 0] Deparser 'deparser': end
[00:36:51.342] [bmv2] [D] [thread 91876] [150.0] [cxt 0] Transmitting packet of size 70 out of port 0
[00:36:51.854] [bmv2] [D] [thread 91871] [151.0] [cxt 0] Processing packet received on port 2
[00:36:51.854] [bmv2] [D] [thread 91871] [151.0] [cxt 0] Parser 'parser': start
[00:36:51.854] [bmv2] [D] [thread 91871] [151.0] [cxt 0] Parser 'parser' entering state 'start'
[00:36:51.854] [bmv2] [D] [thread 91871] [151.0] [cxt 0] Extracting header 'ethernet'
[00:36:51.854] [bmv2] [D] [thread 91871] [151.0] [cxt 0] Parser state 'start': key is 86dd
[00:36:51.854] [bmv2] [T] [thread 91871] [151.0] [cxt 0] Bytes parsed: 14
[00:36:51.854] [bmv2] [D] [thread 91871] [151.0] [cxt 0] Parser 'parser' entering state 'parse_ipv6'
[00:36:51.854] [bmv2] [D] [thread 91871] [151.0] [cxt 0] Extracting header 'ipv6'
[00:36:51.854] [bmv2] [D] [thread 91871] [151.0] [cxt 0] Parser state 'parse_ipv6': key is 3a
[00:36:51.854] [bmv2] [T] [thread 91871] [151.0] [cxt 0] Bytes parsed: 54
[00:36:51.854] [bmv2] [D] [thread 91871] [151.0] [cxt 0] Parser 'parser': end
[00:36:51.854] [bmv2] [D] [thread 91871] [151.0] [cxt 0] Pipeline 'ingress': start
[00:36:51.854] [bmv2] [T] [thread 91871] [151.0] [cxt 0] basic.p4(560) Condition "hdr.ethernet.etherType == TYPE_ARP" (node_2) is false
[00:36:51.854] [bmv2] [T] [thread 91871] [151.0] [cxt 0] basic.p4(563) Condition "hdr.ethernet.etherType == TYPE_SRCROUTING" (node_4) is false
[00:36:51.854] [bmv2] [T] [thread 91871] [151.0] [cxt 0] basic.p4(576) Condition "hdr.ethernet.etherType == TYPE_YEQUDESU" (node_12) is false
[00:36:51.854] [bmv2] [T] [thread 91871] [151.0] [cxt 0] basic.p4(582) Condition "hdr.vxlan.isValid()" (node_15) is false
[00:36:51.854] [bmv2] [T] [thread 91871] [151.0] [cxt 0] basic.p4(586) Condition "hdr.ipv6.isValid()" (node_17) is true
[00:36:51.854] [bmv2] [T] [thread 91871] [151.0] [cxt 0] Applying table 'MyIngress.ipv6_lpm'
[00:36:51.854] [bmv2] [D] [thread 91871] [151.0] [cxt 0] Looking up key:
* hdr.ipv6.dstAddr    : ff020000000000000000000000000002

[00:36:51.854] [bmv2] [D] [thread 91871] [151.0] [cxt 0] Table 'MyIngress.ipv6_lpm': miss
[00:36:51.854] [bmv2] [D] [thread 91871] [151.0] [cxt 0] Action entry is NoAction - 
[00:36:51.854] [bmv2] [T] [thread 91871] [151.0] [cxt 0] Action NoAction
[00:36:51.854] [bmv2] [D] [thread 91871] [151.0] [cxt 0] Pipeline 'ingress': end
[00:36:51.854] [bmv2] [D] [thread 91871] [151.0] [cxt 0] Egress port is 0
[00:36:51.854] [bmv2] [D] [thread 91871] [152.0] [cxt 0] Processing packet received on port 4
[00:36:51.854] [bmv2] [D] [thread 91871] [152.0] [cxt 0] Parser 'parser': start
[00:36:51.854] [bmv2] [D] [thread 91871] [152.0] [cxt 0] Parser 'parser' entering state 'start'
[00:36:51.854] [bmv2] [D] [thread 91871] [152.0] [cxt 0] Extracting header 'ethernet'
[00:36:51.854] [bmv2] [D] [thread 91871] [152.0] [cxt 0] Parser state 'start': key is 86dd
[00:36:51.854] [bmv2] [T] [thread 91871] [152.0] [cxt 0] Bytes parsed: 14
[00:36:51.854] [bmv2] [D] [thread 91871] [152.0] [cxt 0] Parser 'parser' entering state 'parse_ipv6'
[00:36:51.854] [bmv2] [D] [thread 91871] [152.0] [cxt 0] Extracting header 'ipv6'
[00:36:51.854] [bmv2] [D] [thread 91871] [152.0] [cxt 0] Parser state 'parse_ipv6': key is 3a
[00:36:51.854] [bmv2] [T] [thread 91871] [152.0] [cxt 0] Bytes parsed: 54
[00:36:51.854] [bmv2] [D] [thread 91871] [152.0] [cxt 0] Parser 'parser': end
[00:36:51.854] [bmv2] [D] [thread 91871] [152.0] [cxt 0] Pipeline 'ingress': start
[00:36:51.854] [bmv2] [T] [thread 91871] [152.0] [cxt 0] basic.p4(560) Condition "hdr.ethernet.etherType == TYPE_ARP" (node_2) is false
[00:36:51.854] [bmv2] [T] [thread 91871] [152.0] [cxt 0] basic.p4(563) Condition "hdr.ethernet.etherType == TYPE_SRCROUTING" (node_4) is false
[00:36:51.854] [bmv2] [T] [thread 91871] [152.0] [cxt 0] basic.p4(576) Condition "hdr.ethernet.etherType == TYPE_YEQUDESU" (node_12) is false
[00:36:51.854] [bmv2] [T] [thread 91871] [152.0] [cxt 0] basic.p4(582) Condition "hdr.vxlan.isValid()" (node_15) is false
[00:36:51.854] [bmv2] [T] [thread 91871] [152.0] [cxt 0] basic.p4(586) Condition "hdr.ipv6.isValid()" (node_17) is true
[00:36:51.854] [bmv2] [T] [thread 91871] [152.0] [cxt 0] Applying table 'MyIngress.ipv6_lpm'
[00:36:51.854] [bmv2] [D] [thread 91871] [152.0] [cxt 0] Looking up key:
* hdr.ipv6.dstAddr    : ff020000000000000000000000000002

[00:36:51.854] [bmv2] [D] [thread 91871] [152.0] [cxt 0] Table 'MyIngress.ipv6_lpm': miss
[00:36:51.854] [bmv2] [D] [thread 91871] [152.0] [cxt 0] Action entry is NoAction - 
[00:36:51.854] [bmv2] [T] [thread 91871] [152.0] [cxt 0] Action NoAction
[00:36:51.854] [bmv2] [D] [thread 91872] [151.0] [cxt 0] Pipeline 'egress': start
[00:36:51.854] [bmv2] [D] [thread 91871] [152.0] [cxt 0] Pipeline 'ingress': end
[00:36:51.854] [bmv2] [D] [thread 91871] [152.0] [cxt 0] Egress port is 0
[00:36:51.854] [bmv2] [T] [thread 91872] [151.0] [cxt 0] basic.p4(684) Condition "standard_metadata.mcast_grp != 0" (node_28) is false
[00:36:51.854] [bmv2] [D] [thread 91872] [151.0] [cxt 0] Pipeline 'egress': end
[00:36:51.854] [bmv2] [D] [thread 91872] [151.0] [cxt 0] Deparser 'deparser': start
[00:36:51.854] [bmv2] [T] [thread 91872] [151.0] [cxt 0] Skipping checksum 'cksum' update because condition not met
[00:36:51.854] [bmv2] [D] [thread 91872] [151.0] [cxt 0] Deparsing header 'ethernet'
[00:36:51.854] [bmv2] [D] [thread 91872] [151.0] [cxt 0] Deparsing header 'ipv6'
[00:36:51.854] [bmv2] [D] [thread 91872] [151.0] [cxt 0] Deparser 'deparser': end
[00:36:51.854] [bmv2] [D] [thread 91872] [152.0] [cxt 0] Pipeline 'egress': start
[00:36:51.854] [bmv2] [T] [thread 91872] [152.0] [cxt 0] basic.p4(684) Condition "standard_metadata.mcast_grp != 0" (node_28) is false
[00:36:51.854] [bmv2] [D] [thread 91872] [152.0] [cxt 0] Pipeline 'egress': end
[00:36:51.854] [bmv2] [D] [thread 91872] [152.0] [cxt 0] Deparser 'deparser': start
[00:36:51.854] [bmv2] [T] [thread 91872] [152.0] [cxt 0] Skipping checksum 'cksum' update because condition not met
[00:36:51.854] [bmv2] [D] [thread 91872] [152.0] [cxt 0] Deparsing header 'ethernet'
[00:36:51.854] [bmv2] [D] [thread 91872] [152.0] [cxt 0] Deparsing header 'ipv6'
[00:36:51.854] [bmv2] [D] [thread 91872] [152.0] [cxt 0] Deparser 'deparser': end
[00:36:51.854] [bmv2] [D] [thread 91876] [151.0] [cxt 0] Transmitting packet of size 70 out of port 0
[00:36:51.855] [bmv2] [D] [thread 91876] [152.0] [cxt 0] Transmitting packet of size 70 out of port 0
[00:36:52.366] [bmv2] [D] [thread 91871] [153.0] [cxt 0] Processing packet received on port 1
[00:36:52.366] [bmv2] [D] [thread 91871] [153.0] [cxt 0] Parser 'parser': start
[00:36:52.366] [bmv2] [D] [thread 91871] [153.0] [cxt 0] Parser 'parser' entering state 'start'
[00:36:52.366] [bmv2] [D] [thread 91871] [153.0] [cxt 0] Extracting header 'ethernet'
[00:36:52.366] [bmv2] [D] [thread 91871] [153.0] [cxt 0] Parser state 'start': key is 86dd
[00:36:52.366] [bmv2] [T] [thread 91871] [153.0] [cxt 0] Bytes parsed: 14
[00:36:52.366] [bmv2] [D] [thread 91871] [153.0] [cxt 0] Parser 'parser' entering state 'parse_ipv6'
[00:36:52.366] [bmv2] [D] [thread 91871] [153.0] [cxt 0] Extracting header 'ipv6'
[00:36:52.366] [bmv2] [D] [thread 91871] [153.0] [cxt 0] Parser state 'parse_ipv6': key is 3a
[00:36:52.366] [bmv2] [T] [thread 91871] [153.0] [cxt 0] Bytes parsed: 54
[00:36:52.366] [bmv2] [D] [thread 91871] [153.0] [cxt 0] Parser 'parser': end
[00:36:52.366] [bmv2] [D] [thread 91871] [153.0] [cxt 0] Pipeline 'ingress': start
[00:36:52.366] [bmv2] [T] [thread 91871] [153.0] [cxt 0] basic.p4(560) Condition "hdr.ethernet.etherType == TYPE_ARP" (node_2) is false
[00:36:52.366] [bmv2] [T] [thread 91871] [153.0] [cxt 0] basic.p4(563) Condition "hdr.ethernet.etherType == TYPE_SRCROUTING" (node_4) is false
[00:36:52.366] [bmv2] [T] [thread 91871] [153.0] [cxt 0] basic.p4(576) Condition "hdr.ethernet.etherType == TYPE_YEQUDESU" (node_12) is false
[00:36:52.366] [bmv2] [T] [thread 91871] [153.0] [cxt 0] basic.p4(582) Condition "hdr.vxlan.isValid()" (node_15) is false
[00:36:52.366] [bmv2] [T] [thread 91871] [153.0] [cxt 0] basic.p4(586) Condition "hdr.ipv6.isValid()" (node_17) is true
[00:36:52.366] [bmv2] [T] [thread 91871] [153.0] [cxt 0] Applying table 'MyIngress.ipv6_lpm'
[00:36:52.366] [bmv2] [D] [thread 91871] [153.0] [cxt 0] Looking up key:
* hdr.ipv6.dstAddr    : ff020000000000000000000000000002

[00:36:52.366] [bmv2] [D] [thread 91871] [153.0] [cxt 0] Table 'MyIngress.ipv6_lpm': miss
[00:36:52.366] [bmv2] [D] [thread 91871] [153.0] [cxt 0] Action entry is NoAction - 
[00:36:52.366] [bmv2] [T] [thread 91871] [153.0] [cxt 0] Action NoAction
[00:36:52.366] [bmv2] [D] [thread 91871] [153.0] [cxt 0] Pipeline 'ingress': end
[00:36:52.366] [bmv2] [D] [thread 91871] [153.0] [cxt 0] Egress port is 0
[00:36:52.366] [bmv2] [D] [thread 91871] [154.0] [cxt 0] Processing packet received on port 2
[00:36:52.366] [bmv2] [D] [thread 91871] [154.0] [cxt 0] Parser 'parser': start
[00:36:52.366] [bmv2] [D] [thread 91871] [154.0] [cxt 0] Parser 'parser' entering state 'start'
[00:36:52.366] [bmv2] [D] [thread 91871] [154.0] [cxt 0] Extracting header 'ethernet'
[00:36:52.367] [bmv2] [D] [thread 91871] [154.0] [cxt 0] Parser state 'start': key is 86dd
[00:36:52.367] [bmv2] [T] [thread 91871] [154.0] [cxt 0] Bytes parsed: 14
[00:36:52.367] [bmv2] [D] [thread 91871] [154.0] [cxt 0] Parser 'parser' entering state 'parse_ipv6'
[00:36:52.367] [bmv2] [D] [thread 91871] [154.0] [cxt 0] Extracting header 'ipv6'
[00:36:52.367] [bmv2] [D] [thread 91871] [154.0] [cxt 0] Parser state 'parse_ipv6': key is 3a
[00:36:52.367] [bmv2] [T] [thread 91871] [154.0] [cxt 0] Bytes parsed: 54
[00:36:52.367] [bmv2] [D] [thread 91871] [154.0] [cxt 0] Parser 'parser': end
[00:36:52.367] [bmv2] [D] [thread 91871] [154.0] [cxt 0] Pipeline 'ingress': start
[00:36:52.367] [bmv2] [T] [thread 91871] [154.0] [cxt 0] basic.p4(560) Condition "hdr.ethernet.etherType == TYPE_ARP" (node_2) is false
[00:36:52.367] [bmv2] [T] [thread 91871] [154.0] [cxt 0] basic.p4(563) Condition "hdr.ethernet.etherType == TYPE_SRCROUTING" (node_4) is false
[00:36:52.367] [bmv2] [T] [thread 91871] [154.0] [cxt 0] basic.p4(576) Condition "hdr.ethernet.etherType == TYPE_YEQUDESU" (node_12) is false
[00:36:52.367] [bmv2] [T] [thread 91871] [154.0] [cxt 0] basic.p4(582) Condition "hdr.vxlan.isValid()" (node_15) is false
[00:36:52.367] [bmv2] [T] [thread 91871] [154.0] [cxt 0] basic.p4(586) Condition "hdr.ipv6.isValid()" (node_17) is true
[00:36:52.367] [bmv2] [T] [thread 91871] [154.0] [cxt 0] Applying table 'MyIngress.ipv6_lpm'
[00:36:52.367] [bmv2] [D] [thread 91871] [154.0] [cxt 0] Looking up key:
* hdr.ipv6.dstAddr    : ff020000000000000000000000000002

[00:36:52.367] [bmv2] [D] [thread 91871] [154.0] [cxt 0] Table 'MyIngress.ipv6_lpm': miss
[00:36:52.367] [bmv2] [D] [thread 91871] [154.0] [cxt 0] Action entry is NoAction - 
[00:36:52.367] [bmv2] [T] [thread 91871] [154.0] [cxt 0] Action NoAction
[00:36:52.367] [bmv2] [D] [thread 91871] [154.0] [cxt 0] Pipeline 'ingress': end
[00:36:52.367] [bmv2] [D] [thread 91871] [154.0] [cxt 0] Egress port is 0
[00:36:52.367] [bmv2] [D] [thread 91872] [153.0] [cxt 0] Pipeline 'egress': start
[00:36:52.367] [bmv2] [T] [thread 91872] [153.0] [cxt 0] basic.p4(684) Condition "standard_metadata.mcast_grp != 0" (node_28) is false
[00:36:52.367] [bmv2] [D] [thread 91872] [153.0] [cxt 0] Pipeline 'egress': end
[00:36:52.367] [bmv2] [D] [thread 91872] [153.0] [cxt 0] Deparser 'deparser': start
[00:36:52.367] [bmv2] [D] [thread 91871] [155.0] [cxt 0] Processing packet received on port 3
[00:36:52.367] [bmv2] [D] [thread 91871] [155.0] [cxt 0] Parser 'parser': start
[00:36:52.367] [bmv2] [D] [thread 91871] [155.0] [cxt 0] Parser 'parser' entering state 'start'
[00:36:52.367] [bmv2] [D] [thread 91871] [155.0] [cxt 0] Extracting header 'ethernet'
[00:36:52.367] [bmv2] [D] [thread 91871] [155.0] [cxt 0] Parser state 'start': key is 86dd
[00:36:52.367] [bmv2] [T] [thread 91871] [155.0] [cxt 0] Bytes parsed: 14
[00:36:52.367] [bmv2] [D] [thread 91871] [155.0] [cxt 0] Parser 'parser' entering state 'parse_ipv6'
[00:36:52.367] [bmv2] [D] [thread 91871] [155.0] [cxt 0] Extracting header 'ipv6'
[00:36:52.367] [bmv2] [D] [thread 91871] [155.0] [cxt 0] Parser state 'parse_ipv6': key is 3a
[00:36:52.367] [bmv2] [T] [thread 91871] [155.0] [cxt 0] Bytes parsed: 54
[00:36:52.367] [bmv2] [D] [thread 91871] [155.0] [cxt 0] Parser 'parser': end
[00:36:52.367] [bmv2] [D] [thread 91871] [155.0] [cxt 0] Pipeline 'ingress': start
[00:36:52.367] [bmv2] [T] [thread 91871] [155.0] [cxt 0] basic.p4(560) Condition "hdr.ethernet.etherType == TYPE_ARP" (node_2) is false
[00:36:52.367] [bmv2] [T] [thread 91871] [155.0] [cxt 0] basic.p4(563) Condition "hdr.ethernet.etherType == TYPE_SRCROUTING" (node_4) is false
[00:36:52.367] [bmv2] [T] [thread 91871] [155.0] [cxt 0] basic.p4(576) Condition "hdr.ethernet.etherType == TYPE_YEQUDESU" (node_12) is false
[00:36:52.367] [bmv2] [T] [thread 91871] [155.0] [cxt 0] basic.p4(582) Condition "hdr.vxlan.isValid()" (node_15) is false
[00:36:52.367] [bmv2] [T] [thread 91871] [155.0] [cxt 0] basic.p4(586) Condition "hdr.ipv6.isValid()" (node_17) is true
[00:36:52.367] [bmv2] [T] [thread 91871] [155.0] [cxt 0] Applying table 'MyIngress.ipv6_lpm'
[00:36:52.367] [bmv2] [D] [thread 91871] [155.0] [cxt 0] Looking up key:
* hdr.ipv6.dstAddr    : ff020000000000000000000000000002

[00:36:52.367] [bmv2] [D] [thread 91871] [155.0] [cxt 0] Table 'MyIngress.ipv6_lpm': miss
[00:36:52.367] [bmv2] [D] [thread 91871] [155.0] [cxt 0] Action entry is NoAction - 
[00:36:52.367] [bmv2] [T] [thread 91871] [155.0] [cxt 0] Action NoAction
[00:36:52.367] [bmv2] [D] [thread 91871] [155.0] [cxt 0] Pipeline 'ingress': end
[00:36:52.367] [bmv2] [D] [thread 91871] [155.0] [cxt 0] Egress port is 0
[00:36:52.367] [bmv2] [T] [thread 91872] [153.0] [cxt 0] Skipping checksum 'cksum' update because condition not met
[00:36:52.367] [bmv2] [D] [thread 91872] [153.0] [cxt 0] Deparsing header 'ethernet'
[00:36:52.367] [bmv2] [D] [thread 91872] [153.0] [cxt 0] Deparsing header 'ipv6'
[00:36:52.367] [bmv2] [D] [thread 91872] [153.0] [cxt 0] Deparser 'deparser': end
[00:36:52.367] [bmv2] [D] [thread 91872] [154.0] [cxt 0] Pipeline 'egress': start
[00:36:52.367] [bmv2] [T] [thread 91872] [154.0] [cxt 0] basic.p4(684) Condition "standard_metadata.mcast_grp != 0" (node_28) is false
[00:36:52.367] [bmv2] [D] [thread 91872] [154.0] [cxt 0] Pipeline 'egress': end
[00:36:52.367] [bmv2] [D] [thread 91872] [154.0] [cxt 0] Deparser 'deparser': start
[00:36:52.367] [bmv2] [T] [thread 91872] [154.0] [cxt 0] Skipping checksum 'cksum' update because condition not met
[00:36:52.367] [bmv2] [D] [thread 91872] [154.0] [cxt 0] Deparsing header 'ethernet'
[00:36:52.367] [bmv2] [D] [thread 91876] [153.0] [cxt 0] Transmitting packet of size 70 out of port 0
[00:36:52.367] [bmv2] [D] [thread 91872] [154.0] [cxt 0] Deparsing header 'ipv6'
[00:36:52.367] [bmv2] [D] [thread 91872] [154.0] [cxt 0] Deparser 'deparser': end
[00:36:52.367] [bmv2] [D] [thread 91872] [155.0] [cxt 0] Pipeline 'egress': start
[00:36:52.367] [bmv2] [T] [thread 91872] [155.0] [cxt 0] basic.p4(684) Condition "standard_metadata.mcast_grp != 0" (node_28) is false
[00:36:52.367] [bmv2] [D] [thread 91872] [155.0] [cxt 0] Pipeline 'egress': end
[00:36:52.367] [bmv2] [D] [thread 91872] [155.0] [cxt 0] Deparser 'deparser': start
[00:36:52.367] [bmv2] [T] [thread 91872] [155.0] [cxt 0] Skipping checksum 'cksum' update because condition not met
[00:36:52.367] [bmv2] [D] [thread 91872] [155.0] [cxt 0] Deparsing header 'ethernet'
[00:36:52.367] [bmv2] [D] [thread 91872] [155.0] [cxt 0] Deparsing header 'ipv6'
[00:36:52.367] [bmv2] [D] [thread 91872] [155.0] [cxt 0] Deparser 'deparser': end
[00:36:52.367] [bmv2] [D] [thread 91876] [154.0] [cxt 0] Transmitting packet of size 70 out of port 0
[00:36:52.367] [bmv2] [D] [thread 91876] [155.0] [cxt 0] Transmitting packet of size 70 out of port 0
[00:36:52.878] [bmv2] [D] [thread 91871] [156.0] [cxt 0] Processing packet received on port 5
[00:36:52.878] [bmv2] [D] [thread 91871] [156.0] [cxt 0] Parser 'parser': start
[00:36:52.878] [bmv2] [D] [thread 91871] [156.0] [cxt 0] Parser 'parser' entering state 'start'
[00:36:52.878] [bmv2] [D] [thread 91871] [156.0] [cxt 0] Extracting header 'ethernet'
[00:36:52.878] [bmv2] [D] [thread 91871] [156.0] [cxt 0] Parser state 'start': key is 86dd
[00:36:52.878] [bmv2] [T] [thread 91871] [156.0] [cxt 0] Bytes parsed: 14
[00:36:52.878] [bmv2] [D] [thread 91871] [156.0] [cxt 0] Parser 'parser' entering state 'parse_ipv6'
[00:36:52.878] [bmv2] [D] [thread 91871] [156.0] [cxt 0] Extracting header 'ipv6'
[00:36:52.878] [bmv2] [D] [thread 91871] [156.0] [cxt 0] Parser state 'parse_ipv6': key is 3a
[00:36:52.878] [bmv2] [T] [thread 91871] [156.0] [cxt 0] Bytes parsed: 54
[00:36:52.878] [bmv2] [D] [thread 91871] [156.0] [cxt 0] Parser 'parser': end
[00:36:52.878] [bmv2] [D] [thread 91871] [156.0] [cxt 0] Pipeline 'ingress': start
[00:36:52.878] [bmv2] [T] [thread 91871] [156.0] [cxt 0] basic.p4(560) Condition "hdr.ethernet.etherType == TYPE_ARP" (node_2) is false
[00:36:52.878] [bmv2] [T] [thread 91871] [156.0] [cxt 0] basic.p4(563) Condition "hdr.ethernet.etherType == TYPE_SRCROUTING" (node_4) is false
[00:36:52.878] [bmv2] [T] [thread 91871] [156.0] [cxt 0] basic.p4(576) Condition "hdr.ethernet.etherType == TYPE_YEQUDESU" (node_12) is false
[00:36:52.878] [bmv2] [T] [thread 91871] [156.0] [cxt 0] basic.p4(582) Condition "hdr.vxlan.isValid()" (node_15) is false
[00:36:52.878] [bmv2] [T] [thread 91871] [156.0] [cxt 0] basic.p4(586) Condition "hdr.ipv6.isValid()" (node_17) is true
[00:36:52.878] [bmv2] [T] [thread 91871] [156.0] [cxt 0] Applying table 'MyIngress.ipv6_lpm'
[00:36:52.878] [bmv2] [D] [thread 91871] [156.0] [cxt 0] Looking up key:
* hdr.ipv6.dstAddr    : ff020000000000000000000000000002

[00:36:52.878] [bmv2] [D] [thread 91871] [156.0] [cxt 0] Table 'MyIngress.ipv6_lpm': miss
[00:36:52.878] [bmv2] [D] [thread 91871] [156.0] [cxt 0] Action entry is NoAction - 
[00:36:52.878] [bmv2] [T] [thread 91871] [156.0] [cxt 0] Action NoAction
[00:36:52.878] [bmv2] [D] [thread 91871] [156.0] [cxt 0] Pipeline 'ingress': end
[00:36:52.878] [bmv2] [D] [thread 91871] [156.0] [cxt 0] Egress port is 0
[00:36:52.879] [bmv2] [D] [thread 91872] [156.0] [cxt 0] Pipeline 'egress': start
[00:36:52.879] [bmv2] [T] [thread 91872] [156.0] [cxt 0] basic.p4(684) Condition "standard_metadata.mcast_grp != 0" (node_28) is false
[00:36:52.879] [bmv2] [D] [thread 91872] [156.0] [cxt 0] Pipeline 'egress': end
[00:36:52.879] [bmv2] [D] [thread 91872] [156.0] [cxt 0] Deparser 'deparser': start
[00:36:52.879] [bmv2] [T] [thread 91872] [156.0] [cxt 0] Skipping checksum 'cksum' update because condition not met
[00:36:52.879] [bmv2] [D] [thread 91872] [156.0] [cxt 0] Deparsing header 'ethernet'
[00:36:52.879] [bmv2] [D] [thread 91872] [156.0] [cxt 0] Deparsing header 'ipv6'
[00:36:52.879] [bmv2] [D] [thread 91872] [156.0] [cxt 0] Deparser 'deparser': end
[00:36:52.879] [bmv2] [D] [thread 91876] [156.0] [cxt 0] Transmitting packet of size 70 out of port 0
[00:36:53.902] [bmv2] [D] [thread 91871] [157.0] [cxt 0] Processing packet received on port 4
[00:36:53.902] [bmv2] [D] [thread 91871] [157.0] [cxt 0] Parser 'parser': start
[00:36:53.902] [bmv2] [D] [thread 91871] [157.0] [cxt 0] Parser 'parser' entering state 'start'
[00:36:53.902] [bmv2] [D] [thread 91871] [157.0] [cxt 0] Extracting header 'ethernet'
[00:36:53.902] [bmv2] [D] [thread 91871] [157.0] [cxt 0] Parser state 'start': key is 86dd
[00:36:53.902] [bmv2] [T] [thread 91871] [157.0] [cxt 0] Bytes parsed: 14
[00:36:53.902] [bmv2] [D] [thread 91871] [157.0] [cxt 0] Parser 'parser' entering state 'parse_ipv6'
[00:36:53.902] [bmv2] [D] [thread 91871] [157.0] [cxt 0] Extracting header 'ipv6'
[00:36:53.902] [bmv2] [D] [thread 91871] [157.0] [cxt 0] Parser state 'parse_ipv6': key is 3a
[00:36:53.902] [bmv2] [T] [thread 91871] [157.0] [cxt 0] Bytes parsed: 54
[00:36:53.902] [bmv2] [D] [thread 91871] [157.0] [cxt 0] Parser 'parser': end
[00:36:53.902] [bmv2] [D] [thread 91871] [157.0] [cxt 0] Pipeline 'ingress': start
[00:36:53.902] [bmv2] [T] [thread 91871] [157.0] [cxt 0] basic.p4(560) Condition "hdr.ethernet.etherType == TYPE_ARP" (node_2) is false
[00:36:53.902] [bmv2] [T] [thread 91871] [157.0] [cxt 0] basic.p4(563) Condition "hdr.ethernet.etherType == TYPE_SRCROUTING" (node_4) is false
[00:36:53.902] [bmv2] [T] [thread 91871] [157.0] [cxt 0] basic.p4(576) Condition "hdr.ethernet.etherType == TYPE_YEQUDESU" (node_12) is false
[00:36:53.902] [bmv2] [T] [thread 91871] [157.0] [cxt 0] basic.p4(582) Condition "hdr.vxlan.isValid()" (node_15) is false
[00:36:53.902] [bmv2] [T] [thread 91871] [157.0] [cxt 0] basic.p4(586) Condition "hdr.ipv6.isValid()" (node_17) is true
[00:36:53.902] [bmv2] [T] [thread 91871] [157.0] [cxt 0] Applying table 'MyIngress.ipv6_lpm'
[00:36:53.902] [bmv2] [D] [thread 91871] [157.0] [cxt 0] Looking up key:
* hdr.ipv6.dstAddr    : ff020000000000000000000000000002

[00:36:53.902] [bmv2] [D] [thread 91871] [157.0] [cxt 0] Table 'MyIngress.ipv6_lpm': miss
[00:36:53.902] [bmv2] [D] [thread 91871] [157.0] [cxt 0] Action entry is NoAction - 
[00:36:53.902] [bmv2] [T] [thread 91871] [157.0] [cxt 0] Action NoAction
[00:36:53.902] [bmv2] [D] [thread 91871] [157.0] [cxt 0] Pipeline 'ingress': end
[00:36:53.902] [bmv2] [D] [thread 91871] [157.0] [cxt 0] Egress port is 0
[00:36:53.902] [bmv2] [D] [thread 91872] [157.0] [cxt 0] Pipeline 'egress': start
[00:36:53.902] [bmv2] [T] [thread 91872] [157.0] [cxt 0] basic.p4(684) Condition "standard_metadata.mcast_grp != 0" (node_28) is false
[00:36:53.902] [bmv2] [D] [thread 91872] [157.0] [cxt 0] Pipeline 'egress': end
[00:36:53.902] [bmv2] [D] [thread 91872] [157.0] [cxt 0] Deparser 'deparser': start
[00:36:53.902] [bmv2] [T] [thread 91872] [157.0] [cxt 0] Skipping checksum 'cksum' update because condition not met
[00:36:53.902] [bmv2] [D] [thread 91872] [157.0] [cxt 0] Deparsing header 'ethernet'
[00:36:53.902] [bmv2] [D] [thread 91872] [157.0] [cxt 0] Deparsing header 'ipv6'
[00:36:53.902] [bmv2] [D] [thread 91872] [157.0] [cxt 0] Deparser 'deparser': end
[00:36:53.902] [bmv2] [D] [thread 91876] [157.0] [cxt 0] Transmitting packet of size 70 out of port 0
[00:36:54.869] [bmv2] [D] [thread 91871] [158.0] [cxt 0] Processing packet received on port 3
[00:36:54.869] [bmv2] [D] [thread 91871] [158.0] [cxt 0] Parser 'parser': start
[00:36:54.869] [bmv2] [D] [thread 91871] [158.0] [cxt 0] Parser 'parser' entering state 'start'
[00:36:54.869] [bmv2] [D] [thread 91871] [158.0] [cxt 0] Extracting header 'ethernet'
[00:36:54.869] [bmv2] [D] [thread 91871] [158.0] [cxt 0] Parser state 'start': key is 86dd
[00:36:54.869] [bmv2] [T] [thread 91871] [158.0] [cxt 0] Bytes parsed: 14
[00:36:54.869] [bmv2] [D] [thread 91871] [158.0] [cxt 0] Parser 'parser' entering state 'parse_ipv6'
[00:36:54.869] [bmv2] [D] [thread 91871] [158.0] [cxt 0] Extracting header 'ipv6'
[00:36:54.869] [bmv2] [D] [thread 91871] [158.0] [cxt 0] Parser state 'parse_ipv6': key is 11
[00:36:54.869] [bmv2] [T] [thread 91871] [158.0] [cxt 0] Bytes parsed: 54
[00:36:54.869] [bmv2] [D] [thread 91871] [158.0] [cxt 0] Parser 'parser': end
[00:36:54.869] [bmv2] [D] [thread 91871] [158.0] [cxt 0] Pipeline 'ingress': start
[00:36:54.869] [bmv2] [T] [thread 91871] [158.0] [cxt 0] basic.p4(560) Condition "hdr.ethernet.etherType == TYPE_ARP" (node_2) is false
[00:36:54.869] [bmv2] [T] [thread 91871] [158.0] [cxt 0] basic.p4(563) Condition "hdr.ethernet.etherType == TYPE_SRCROUTING" (node_4) is false
[00:36:54.869] [bmv2] [T] [thread 91871] [158.0] [cxt 0] basic.p4(576) Condition "hdr.ethernet.etherType == TYPE_YEQUDESU" (node_12) is false
[00:36:54.869] [bmv2] [T] [thread 91871] [158.0] [cxt 0] basic.p4(582) Condition "hdr.vxlan.isValid()" (node_15) is false
[00:36:54.869] [bmv2] [T] [thread 91871] [158.0] [cxt 0] basic.p4(586) Condition "hdr.ipv6.isValid()" (node_17) is true
[00:36:54.869] [bmv2] [T] [thread 91871] [158.0] [cxt 0] Applying table 'MyIngress.ipv6_lpm'
[00:36:54.869] [bmv2] [D] [thread 91871] [158.0] [cxt 0] Looking up key:
* hdr.ipv6.dstAddr    : ff0200000000000000000000000000fb

[00:36:54.869] [bmv2] [D] [thread 91871] [158.0] [cxt 0] Table 'MyIngress.ipv6_lpm': miss
[00:36:54.869] [bmv2] [D] [thread 91871] [158.0] [cxt 0] Action entry is NoAction - 
[00:36:54.869] [bmv2] [T] [thread 91871] [158.0] [cxt 0] Action NoAction
[00:36:54.869] [bmv2] [D] [thread 91871] [158.0] [cxt 0] Pipeline 'ingress': end
[00:36:54.869] [bmv2] [D] [thread 91871] [158.0] [cxt 0] Egress port is 0
[00:36:54.869] [bmv2] [D] [thread 91872] [158.0] [cxt 0] Pipeline 'egress': start
[00:36:54.869] [bmv2] [T] [thread 91872] [158.0] [cxt 0] basic.p4(684) Condition "standard_metadata.mcast_grp != 0" (node_28) is false
[00:36:54.869] [bmv2] [D] [thread 91872] [158.0] [cxt 0] Pipeline 'egress': end
[00:36:54.869] [bmv2] [D] [thread 91872] [158.0] [cxt 0] Deparser 'deparser': start
[00:36:54.869] [bmv2] [T] [thread 91872] [158.0] [cxt 0] Skipping checksum 'cksum' update because condition not met
[00:36:54.869] [bmv2] [D] [thread 91872] [158.0] [cxt 0] Deparsing header 'ethernet'
[00:36:54.869] [bmv2] [D] [thread 91872] [158.0] [cxt 0] Deparsing header 'ipv6'
[00:36:54.869] [bmv2] [D] [thread 91872] [158.0] [cxt 0] Deparser 'deparser': end
[00:36:54.869] [bmv2] [D] [thread 91876] [158.0] [cxt 0] Transmitting packet of size 203 out of port 0
[00:36:55.119] [bmv2] [D] [thread 91871] [159.0] [cxt 0] Processing packet received on port 4
[00:36:55.119] [bmv2] [D] [thread 91871] [159.0] [cxt 0] Parser 'parser': start
[00:36:55.119] [bmv2] [D] [thread 91871] [159.0] [cxt 0] Parser 'parser' entering state 'start'
[00:36:55.119] [bmv2] [D] [thread 91871] [159.0] [cxt 0] Extracting header 'ethernet'
[00:36:55.119] [bmv2] [D] [thread 91871] [159.0] [cxt 0] Parser state 'start': key is 86dd
[00:36:55.119] [bmv2] [T] [thread 91871] [159.0] [cxt 0] Bytes parsed: 14
[00:36:55.119] [bmv2] [D] [thread 91871] [159.0] [cxt 0] Parser 'parser' entering state 'parse_ipv6'
[00:36:55.119] [bmv2] [D] [thread 91871] [159.0] [cxt 0] Extracting header 'ipv6'
[00:36:55.119] [bmv2] [D] [thread 91871] [159.0] [cxt 0] Parser state 'parse_ipv6': key is 11
[00:36:55.119] [bmv2] [T] [thread 91871] [159.0] [cxt 0] Bytes parsed: 54
[00:36:55.119] [bmv2] [D] [thread 91871] [159.0] [cxt 0] Parser 'parser': end
[00:36:55.119] [bmv2] [D] [thread 91871] [159.0] [cxt 0] Pipeline 'ingress': start
[00:36:55.119] [bmv2] [T] [thread 91871] [159.0] [cxt 0] basic.p4(560) Condition "hdr.ethernet.etherType == TYPE_ARP" (node_2) is false
[00:36:55.119] [bmv2] [T] [thread 91871] [159.0] [cxt 0] basic.p4(563) Condition "hdr.ethernet.etherType == TYPE_SRCROUTING" (node_4) is false
[00:36:55.119] [bmv2] [T] [thread 91871] [159.0] [cxt 0] basic.p4(576) Condition "hdr.ethernet.etherType == TYPE_YEQUDESU" (node_12) is false
[00:36:55.119] [bmv2] [T] [thread 91871] [159.0] [cxt 0] basic.p4(582) Condition "hdr.vxlan.isValid()" (node_15) is false
[00:36:55.119] [bmv2] [T] [thread 91871] [159.0] [cxt 0] basic.p4(586) Condition "hdr.ipv6.isValid()" (node_17) is true
[00:36:55.119] [bmv2] [T] [thread 91871] [159.0] [cxt 0] Applying table 'MyIngress.ipv6_lpm'
[00:36:55.119] [bmv2] [D] [thread 91871] [159.0] [cxt 0] Looking up key:
* hdr.ipv6.dstAddr    : ff0200000000000000000000000000fb

[00:36:55.119] [bmv2] [D] [thread 91871] [159.0] [cxt 0] Table 'MyIngress.ipv6_lpm': miss
[00:36:55.119] [bmv2] [D] [thread 91871] [159.0] [cxt 0] Action entry is NoAction - 
[00:36:55.119] [bmv2] [T] [thread 91871] [159.0] [cxt 0] Action NoAction
[00:36:55.119] [bmv2] [D] [thread 91871] [159.0] [cxt 0] Pipeline 'ingress': end
[00:36:55.119] [bmv2] [D] [thread 91871] [159.0] [cxt 0] Egress port is 0
[00:36:55.119] [bmv2] [D] [thread 91872] [159.0] [cxt 0] Pipeline 'egress': start
[00:36:55.119] [bmv2] [T] [thread 91872] [159.0] [cxt 0] basic.p4(684) Condition "standard_metadata.mcast_grp != 0" (node_28) is false
[00:36:55.119] [bmv2] [D] [thread 91872] [159.0] [cxt 0] Pipeline 'egress': end
[00:36:55.119] [bmv2] [D] [thread 91872] [159.0] [cxt 0] Deparser 'deparser': start
[00:36:55.119] [bmv2] [T] [thread 91872] [159.0] [cxt 0] Skipping checksum 'cksum' update because condition not met
[00:36:55.119] [bmv2] [D] [thread 91872] [159.0] [cxt 0] Deparsing header 'ethernet'
[00:36:55.119] [bmv2] [D] [thread 91872] [159.0] [cxt 0] Deparsing header 'ipv6'
[00:36:55.119] [bmv2] [D] [thread 91872] [159.0] [cxt 0] Deparser 'deparser': end
[00:36:55.119] [bmv2] [D] [thread 91876] [159.0] [cxt 0] Transmitting packet of size 203 out of port 0
[00:36:55.180] [bmv2] [D] [thread 91871] [160.0] [cxt 0] Processing packet received on port 3
[00:36:55.180] [bmv2] [D] [thread 91871] [160.0] [cxt 0] Parser 'parser': start
[00:36:55.180] [bmv2] [D] [thread 91871] [160.0] [cxt 0] Parser 'parser' entering state 'start'
[00:36:55.180] [bmv2] [D] [thread 91871] [160.0] [cxt 0] Extracting header 'ethernet'
[00:36:55.180] [bmv2] [D] [thread 91871] [160.0] [cxt 0] Parser state 'start': key is 86dd
[00:36:55.180] [bmv2] [T] [thread 91871] [160.0] [cxt 0] Bytes parsed: 14
[00:36:55.180] [bmv2] [D] [thread 91871] [160.0] [cxt 0] Parser 'parser' entering state 'parse_ipv6'
[00:36:55.180] [bmv2] [D] [thread 91871] [160.0] [cxt 0] Extracting header 'ipv6'
[00:36:55.180] [bmv2] [D] [thread 91871] [160.0] [cxt 0] Parser state 'parse_ipv6': key is 11
[00:36:55.180] [bmv2] [T] [thread 91871] [160.0] [cxt 0] Bytes parsed: 54
[00:36:55.180] [bmv2] [D] [thread 91871] [160.0] [cxt 0] Parser 'parser': end
[00:36:55.181] [bmv2] [D] [thread 91871] [160.0] [cxt 0] Pipeline 'ingress': start
[00:36:55.181] [bmv2] [T] [thread 91871] [160.0] [cxt 0] basic.p4(560) Condition "hdr.ethernet.etherType == TYPE_ARP" (node_2) is false
[00:36:55.181] [bmv2] [T] [thread 91871] [160.0] [cxt 0] basic.p4(563) Condition "hdr.ethernet.etherType == TYPE_SRCROUTING" (node_4) is false
[00:36:55.181] [bmv2] [T] [thread 91871] [160.0] [cxt 0] basic.p4(576) Condition "hdr.ethernet.etherType == TYPE_YEQUDESU" (node_12) is false
[00:36:55.181] [bmv2] [T] [thread 91871] [160.0] [cxt 0] basic.p4(582) Condition "hdr.vxlan.isValid()" (node_15) is false
[00:36:55.181] [bmv2] [T] [thread 91871] [160.0] [cxt 0] basic.p4(586) Condition "hdr.ipv6.isValid()" (node_17) is true
[00:36:55.181] [bmv2] [T] [thread 91871] [160.0] [cxt 0] Applying table 'MyIngress.ipv6_lpm'
[00:36:55.181] [bmv2] [D] [thread 91871] [160.0] [cxt 0] Looking up key:
* hdr.ipv6.dstAddr    : ff0200000000000000000000000000fb

[00:36:55.181] [bmv2] [D] [thread 91871] [160.0] [cxt 0] Table 'MyIngress.ipv6_lpm': miss
[00:36:55.181] [bmv2] [D] [thread 91871] [160.0] [cxt 0] Action entry is NoAction - 
[00:36:55.181] [bmv2] [T] [thread 91871] [160.0] [cxt 0] Action NoAction
[00:36:55.181] [bmv2] [D] [thread 91871] [160.0] [cxt 0] Pipeline 'ingress': end
[00:36:55.181] [bmv2] [D] [thread 91871] [160.0] [cxt 0] Egress port is 0
[00:36:55.181] [bmv2] [D] [thread 91872] [160.0] [cxt 0] Pipeline 'egress': start
[00:36:55.181] [bmv2] [T] [thread 91872] [160.0] [cxt 0] basic.p4(684) Condition "standard_metadata.mcast_grp != 0" (node_28) is false
[00:36:55.181] [bmv2] [D] [thread 91872] [160.0] [cxt 0] Pipeline 'egress': end
[00:36:55.181] [bmv2] [D] [thread 91872] [160.0] [cxt 0] Deparser 'deparser': start
[00:36:55.181] [bmv2] [T] [thread 91872] [160.0] [cxt 0] Skipping checksum 'cksum' update because condition not met
[00:36:55.181] [bmv2] [D] [thread 91872] [160.0] [cxt 0] Deparsing header 'ethernet'
[00:36:55.181] [bmv2] [D] [thread 91872] [160.0] [cxt 0] Deparsing header 'ipv6'
[00:36:55.181] [bmv2] [D] [thread 91872] [160.0] [cxt 0] Deparser 'deparser': end
[00:36:55.181] [bmv2] [D] [thread 91876] [160.0] [cxt 0] Transmitting packet of size 203 out of port 0
[00:36:55.313] [bmv2] [D] [thread 91871] [161.0] [cxt 0] Processing packet received on port 5
[00:36:55.313] [bmv2] [D] [thread 91871] [161.0] [cxt 0] Parser 'parser': start
[00:36:55.313] [bmv2] [D] [thread 91871] [161.0] [cxt 0] Parser 'parser' entering state 'start'
[00:36:55.313] [bmv2] [D] [thread 91871] [161.0] [cxt 0] Extracting header 'ethernet'
[00:36:55.313] [bmv2] [D] [thread 91871] [161.0] [cxt 0] Parser state 'start': key is 86dd
[00:36:55.313] [bmv2] [T] [thread 91871] [161.0] [cxt 0] Bytes parsed: 14
[00:36:55.313] [bmv2] [D] [thread 91871] [161.0] [cxt 0] Parser 'parser' entering state 'parse_ipv6'
[00:36:55.313] [bmv2] [D] [thread 91871] [161.0] [cxt 0] Extracting header 'ipv6'
[00:36:55.313] [bmv2] [D] [thread 91871] [161.0] [cxt 0] Parser state 'parse_ipv6': key is 11
[00:36:55.313] [bmv2] [T] [thread 91871] [161.0] [cxt 0] Bytes parsed: 54
[00:36:55.313] [bmv2] [D] [thread 91871] [161.0] [cxt 0] Parser 'parser': end
[00:36:55.313] [bmv2] [D] [thread 91871] [161.0] [cxt 0] Pipeline 'ingress': start
[00:36:55.313] [bmv2] [T] [thread 91871] [161.0] [cxt 0] basic.p4(560) Condition "hdr.ethernet.etherType == TYPE_ARP" (node_2) is false
[00:36:55.313] [bmv2] [T] [thread 91871] [161.0] [cxt 0] basic.p4(563) Condition "hdr.ethernet.etherType == TYPE_SRCROUTING" (node_4) is false
[00:36:55.313] [bmv2] [T] [thread 91871] [161.0] [cxt 0] basic.p4(576) Condition "hdr.ethernet.etherType == TYPE_YEQUDESU" (node_12) is false
[00:36:55.313] [bmv2] [T] [thread 91871] [161.0] [cxt 0] basic.p4(582) Condition "hdr.vxlan.isValid()" (node_15) is false
[00:36:55.313] [bmv2] [T] [thread 91871] [161.0] [cxt 0] basic.p4(586) Condition "hdr.ipv6.isValid()" (node_17) is true
[00:36:55.313] [bmv2] [T] [thread 91871] [161.0] [cxt 0] Applying table 'MyIngress.ipv6_lpm'
[00:36:55.313] [bmv2] [D] [thread 91871] [161.0] [cxt 0] Looking up key:
* hdr.ipv6.dstAddr    : ff0200000000000000000000000000fb

[00:36:55.313] [bmv2] [D] [thread 91871] [161.0] [cxt 0] Table 'MyIngress.ipv6_lpm': miss
[00:36:55.313] [bmv2] [D] [thread 91871] [161.0] [cxt 0] Action entry is NoAction - 
[00:36:55.313] [bmv2] [T] [thread 91871] [161.0] [cxt 0] Action NoAction
[00:36:55.314] [bmv2] [D] [thread 91871] [161.0] [cxt 0] Pipeline 'ingress': end
[00:36:55.314] [bmv2] [D] [thread 91871] [161.0] [cxt 0] Egress port is 0
[00:36:55.314] [bmv2] [D] [thread 91872] [161.0] [cxt 0] Pipeline 'egress': start
[00:36:55.314] [bmv2] [T] [thread 91872] [161.0] [cxt 0] basic.p4(684) Condition "standard_metadata.mcast_grp != 0" (node_28) is false
[00:36:55.314] [bmv2] [D] [thread 91872] [161.0] [cxt 0] Pipeline 'egress': end
[00:36:55.314] [bmv2] [D] [thread 91872] [161.0] [cxt 0] Deparser 'deparser': start
[00:36:55.314] [bmv2] [T] [thread 91872] [161.0] [cxt 0] Skipping checksum 'cksum' update because condition not met
[00:36:55.314] [bmv2] [D] [thread 91872] [161.0] [cxt 0] Deparsing header 'ethernet'
[00:36:55.314] [bmv2] [D] [thread 91872] [161.0] [cxt 0] Deparsing header 'ipv6'
[00:36:55.314] [bmv2] [D] [thread 91872] [161.0] [cxt 0] Deparser 'deparser': end
[00:36:55.314] [bmv2] [D] [thread 91876] [161.0] [cxt 0] Transmitting packet of size 203 out of port 0
[00:36:55.567] [bmv2] [D] [thread 91871] [162.0] [cxt 0] Processing packet received on port 2
[00:36:55.567] [bmv2] [D] [thread 91871] [162.0] [cxt 0] Parser 'parser': start
[00:36:55.567] [bmv2] [D] [thread 91871] [162.0] [cxt 0] Parser 'parser' entering state 'start'
[00:36:55.567] [bmv2] [D] [thread 91871] [162.0] [cxt 0] Extracting header 'ethernet'
[00:36:55.567] [bmv2] [D] [thread 91871] [162.0] [cxt 0] Parser state 'start': key is 86dd
[00:36:55.567] [bmv2] [T] [thread 91871] [162.0] [cxt 0] Bytes parsed: 14
[00:36:55.567] [bmv2] [D] [thread 91871] [162.0] [cxt 0] Parser 'parser' entering state 'parse_ipv6'
[00:36:55.567] [bmv2] [D] [thread 91871] [162.0] [cxt 0] Extracting header 'ipv6'
[00:36:55.567] [bmv2] [D] [thread 91871] [162.0] [cxt 0] Parser state 'parse_ipv6': key is 11
[00:36:55.567] [bmv2] [T] [thread 91871] [162.0] [cxt 0] Bytes parsed: 54
[00:36:55.567] [bmv2] [D] [thread 91871] [162.0] [cxt 0] Parser 'parser': end
[00:36:55.567] [bmv2] [D] [thread 91871] [162.0] [cxt 0] Pipeline 'ingress': start
[00:36:55.567] [bmv2] [T] [thread 91871] [162.0] [cxt 0] basic.p4(560) Condition "hdr.ethernet.etherType == TYPE_ARP" (node_2) is false
[00:36:55.567] [bmv2] [T] [thread 91871] [162.0] [cxt 0] basic.p4(563) Condition "hdr.ethernet.etherType == TYPE_SRCROUTING" (node_4) is false
[00:36:55.567] [bmv2] [T] [thread 91871] [162.0] [cxt 0] basic.p4(576) Condition "hdr.ethernet.etherType == TYPE_YEQUDESU" (node_12) is false
[00:36:55.567] [bmv2] [T] [thread 91871] [162.0] [cxt 0] basic.p4(582) Condition "hdr.vxlan.isValid()" (node_15) is false
[00:36:55.567] [bmv2] [T] [thread 91871] [162.0] [cxt 0] basic.p4(586) Condition "hdr.ipv6.isValid()" (node_17) is true
[00:36:55.567] [bmv2] [T] [thread 91871] [162.0] [cxt 0] Applying table 'MyIngress.ipv6_lpm'
[00:36:55.567] [bmv2] [D] [thread 91871] [162.0] [cxt 0] Looking up key:
* hdr.ipv6.dstAddr    : ff0200000000000000000000000000fb

[00:36:55.567] [bmv2] [D] [thread 91871] [162.0] [cxt 0] Table 'MyIngress.ipv6_lpm': miss
[00:36:55.567] [bmv2] [D] [thread 91871] [162.0] [cxt 0] Action entry is NoAction - 
[00:36:55.567] [bmv2] [T] [thread 91871] [162.0] [cxt 0] Action NoAction
[00:36:55.567] [bmv2] [D] [thread 91871] [162.0] [cxt 0] Pipeline 'ingress': end
[00:36:55.567] [bmv2] [D] [thread 91871] [162.0] [cxt 0] Egress port is 0
[00:36:55.567] [bmv2] [D] [thread 91871] [163.0] [cxt 0] Processing packet received on port 5
[00:36:55.567] [bmv2] [D] [thread 91871] [163.0] [cxt 0] Parser 'parser': start
[00:36:55.567] [bmv2] [D] [thread 91871] [163.0] [cxt 0] Parser 'parser' entering state 'start'
[00:36:55.567] [bmv2] [D] [thread 91871] [163.0] [cxt 0] Extracting header 'ethernet'
[00:36:55.567] [bmv2] [D] [thread 91871] [163.0] [cxt 0] Parser state 'start': key is 86dd
[00:36:55.567] [bmv2] [T] [thread 91871] [163.0] [cxt 0] Bytes parsed: 14
[00:36:55.567] [bmv2] [D] [thread 91871] [163.0] [cxt 0] Parser 'parser' entering state 'parse_ipv6'
[00:36:55.567] [bmv2] [D] [thread 91871] [163.0] [cxt 0] Extracting header 'ipv6'
[00:36:55.567] [bmv2] [D] [thread 91871] [163.0] [cxt 0] Parser state 'parse_ipv6': key is 11
[00:36:55.567] [bmv2] [T] [thread 91871] [163.0] [cxt 0] Bytes parsed: 54
[00:36:55.567] [bmv2] [D] [thread 91871] [163.0] [cxt 0] Parser 'parser': end
[00:36:55.567] [bmv2] [D] [thread 91871] [163.0] [cxt 0] Pipeline 'ingress': start
[00:36:55.567] [bmv2] [T] [thread 91871] [163.0] [cxt 0] basic.p4(560) Condition "hdr.ethernet.etherType == TYPE_ARP" (node_2) is false
[00:36:55.567] [bmv2] [T] [thread 91871] [163.0] [cxt 0] basic.p4(563) Condition "hdr.ethernet.etherType == TYPE_SRCROUTING" (node_4) is false
[00:36:55.567] [bmv2] [T] [thread 91871] [163.0] [cxt 0] basic.p4(576) Condition "hdr.ethernet.etherType == TYPE_YEQUDESU" (node_12) is false
[00:36:55.567] [bmv2] [T] [thread 91871] [163.0] [cxt 0] basic.p4(582) Condition "hdr.vxlan.isValid()" (node_15) is false
[00:36:55.567] [bmv2] [T] [thread 91871] [163.0] [cxt 0] basic.p4(586) Condition "hdr.ipv6.isValid()" (node_17) is true
[00:36:55.567] [bmv2] [T] [thread 91871] [163.0] [cxt 0] Applying table 'MyIngress.ipv6_lpm'
[00:36:55.567] [bmv2] [D] [thread 91871] [163.0] [cxt 0] Looking up key:
* hdr.ipv6.dstAddr    : ff0200000000000000000000000000fb

[00:36:55.567] [bmv2] [D] [thread 91871] [163.0] [cxt 0] Table 'MyIngress.ipv6_lpm': miss
[00:36:55.567] [bmv2] [D] [thread 91871] [163.0] [cxt 0] Action entry is NoAction - 
[00:36:55.567] [bmv2] [T] [thread 91871] [163.0] [cxt 0] Action NoAction
[00:36:55.567] [bmv2] [D] [thread 91871] [163.0] [cxt 0] Pipeline 'ingress': end
[00:36:55.567] [bmv2] [D] [thread 91871] [163.0] [cxt 0] Egress port is 0
[00:36:55.567] [bmv2] [D] [thread 91872] [162.0] [cxt 0] Pipeline 'egress': start
[00:36:55.567] [bmv2] [T] [thread 91872] [162.0] [cxt 0] basic.p4(684) Condition "standard_metadata.mcast_grp != 0" (node_28) is false
[00:36:55.567] [bmv2] [D] [thread 91872] [162.0] [cxt 0] Pipeline 'egress': end
[00:36:55.567] [bmv2] [D] [thread 91872] [162.0] [cxt 0] Deparser 'deparser': start
[00:36:55.567] [bmv2] [T] [thread 91872] [162.0] [cxt 0] Skipping checksum 'cksum' update because condition not met
[00:36:55.567] [bmv2] [D] [thread 91872] [162.0] [cxt 0] Deparsing header 'ethernet'
[00:36:55.567] [bmv2] [D] [thread 91872] [162.0] [cxt 0] Deparsing header 'ipv6'
[00:36:55.567] [bmv2] [D] [thread 91872] [162.0] [cxt 0] Deparser 'deparser': end
[00:36:55.567] [bmv2] [D] [thread 91872] [163.0] [cxt 0] Pipeline 'egress': start
[00:36:55.567] [bmv2] [T] [thread 91872] [163.0] [cxt 0] basic.p4(684) Condition "standard_metadata.mcast_grp != 0" (node_28) is false
[00:36:55.567] [bmv2] [D] [thread 91872] [163.0] [cxt 0] Pipeline 'egress': end
[00:36:55.567] [bmv2] [D] [thread 91872] [163.0] [cxt 0] Deparser 'deparser': start
[00:36:55.567] [bmv2] [T] [thread 91872] [163.0] [cxt 0] Skipping checksum 'cksum' update because condition not met
[00:36:55.567] [bmv2] [D] [thread 91872] [163.0] [cxt 0] Deparsing header 'ethernet'
[00:36:55.567] [bmv2] [D] [thread 91872] [163.0] [cxt 0] Deparsing header 'ipv6'
[00:36:55.567] [bmv2] [D] [thread 91872] [163.0] [cxt 0] Deparser 'deparser': end
[00:36:55.567] [bmv2] [D] [thread 91876] [162.0] [cxt 0] Transmitting packet of size 203 out of port 0
[00:36:55.567] [bmv2] [D] [thread 91876] [163.0] [cxt 0] Transmitting packet of size 203 out of port 0
[00:36:55.630] [bmv2] [D] [thread 91871] [164.0] [cxt 0] Processing packet received on port 1
[00:36:55.630] [bmv2] [D] [thread 91871] [164.0] [cxt 0] Parser 'parser': start
[00:36:55.630] [bmv2] [D] [thread 91871] [164.0] [cxt 0] Parser 'parser' entering state 'start'
[00:36:55.630] [bmv2] [D] [thread 91871] [164.0] [cxt 0] Extracting header 'ethernet'
[00:36:55.630] [bmv2] [D] [thread 91871] [164.0] [cxt 0] Parser state 'start': key is 86dd
[00:36:55.630] [bmv2] [T] [thread 91871] [164.0] [cxt 0] Bytes parsed: 14
[00:36:55.630] [bmv2] [D] [thread 91871] [164.0] [cxt 0] Parser 'parser' entering state 'parse_ipv6'
[00:36:55.630] [bmv2] [D] [thread 91871] [164.0] [cxt 0] Extracting header 'ipv6'
[00:36:55.630] [bmv2] [D] [thread 91871] [164.0] [cxt 0] Parser state 'parse_ipv6': key is 11
[00:36:55.630] [bmv2] [T] [thread 91871] [164.0] [cxt 0] Bytes parsed: 54
[00:36:55.630] [bmv2] [D] [thread 91871] [164.0] [cxt 0] Parser 'parser': end
[00:36:55.630] [bmv2] [D] [thread 91871] [164.0] [cxt 0] Pipeline 'ingress': start
[00:36:55.630] [bmv2] [T] [thread 91871] [164.0] [cxt 0] basic.p4(560) Condition "hdr.ethernet.etherType == TYPE_ARP" (node_2) is false
[00:36:55.630] [bmv2] [T] [thread 91871] [164.0] [cxt 0] basic.p4(563) Condition "hdr.ethernet.etherType == TYPE_SRCROUTING" (node_4) is false
[00:36:55.630] [bmv2] [T] [thread 91871] [164.0] [cxt 0] basic.p4(576) Condition "hdr.ethernet.etherType == TYPE_YEQUDESU" (node_12) is false
[00:36:55.630] [bmv2] [T] [thread 91871] [164.0] [cxt 0] basic.p4(582) Condition "hdr.vxlan.isValid()" (node_15) is false
[00:36:55.630] [bmv2] [T] [thread 91871] [164.0] [cxt 0] basic.p4(586) Condition "hdr.ipv6.isValid()" (node_17) is true
[00:36:55.630] [bmv2] [T] [thread 91871] [164.0] [cxt 0] Applying table 'MyIngress.ipv6_lpm'
[00:36:55.630] [bmv2] [D] [thread 91871] [164.0] [cxt 0] Looking up key:
* hdr.ipv6.dstAddr    : ff0200000000000000000000000000fb

[00:36:55.630] [bmv2] [D] [thread 91871] [164.0] [cxt 0] Table 'MyIngress.ipv6_lpm': miss
[00:36:55.630] [bmv2] [D] [thread 91871] [164.0] [cxt 0] Action entry is NoAction - 
[00:36:55.630] [bmv2] [T] [thread 91871] [164.0] [cxt 0] Action NoAction
[00:36:55.630] [bmv2] [D] [thread 91871] [164.0] [cxt 0] Pipeline 'ingress': end
[00:36:55.630] [bmv2] [D] [thread 91871] [164.0] [cxt 0] Egress port is 0
[00:36:55.630] [bmv2] [D] [thread 91872] [164.0] [cxt 0] Pipeline 'egress': start
[00:36:55.630] [bmv2] [T] [thread 91872] [164.0] [cxt 0] basic.p4(684) Condition "standard_metadata.mcast_grp != 0" (node_28) is false
[00:36:55.630] [bmv2] [D] [thread 91872] [164.0] [cxt 0] Pipeline 'egress': end
[00:36:55.630] [bmv2] [D] [thread 91872] [164.0] [cxt 0] Deparser 'deparser': start
[00:36:55.630] [bmv2] [T] [thread 91872] [164.0] [cxt 0] Skipping checksum 'cksum' update because condition not met
[00:36:55.630] [bmv2] [D] [thread 91872] [164.0] [cxt 0] Deparsing header 'ethernet'
[00:36:55.630] [bmv2] [D] [thread 91872] [164.0] [cxt 0] Deparsing header 'ipv6'
[00:36:55.630] [bmv2] [D] [thread 91872] [164.0] [cxt 0] Deparser 'deparser': end
[00:36:55.630] [bmv2] [D] [thread 91876] [164.0] [cxt 0] Transmitting packet of size 203 out of port 0
[00:36:59.022] [bmv2] [D] [thread 91871] [165.0] [cxt 0] Processing packet received on port 1
[00:36:59.022] [bmv2] [D] [thread 91871] [165.0] [cxt 0] Parser 'parser': start
[00:36:59.022] [bmv2] [D] [thread 91871] [165.0] [cxt 0] Parser 'parser' entering state 'start'
[00:36:59.022] [bmv2] [D] [thread 91871] [165.0] [cxt 0] Extracting header 'ethernet'
[00:36:59.022] [bmv2] [D] [thread 91871] [165.0] [cxt 0] Parser state 'start': key is 86dd
[00:36:59.022] [bmv2] [T] [thread 91871] [165.0] [cxt 0] Bytes parsed: 14
[00:36:59.022] [bmv2] [D] [thread 91871] [165.0] [cxt 0] Parser 'parser' entering state 'parse_ipv6'
[00:36:59.022] [bmv2] [D] [thread 91871] [165.0] [cxt 0] Extracting header 'ipv6'
[00:36:59.022] [bmv2] [D] [thread 91871] [165.0] [cxt 0] Parser state 'parse_ipv6': key is 3a
[00:36:59.022] [bmv2] [T] [thread 91871] [165.0] [cxt 0] Bytes parsed: 54
[00:36:59.022] [bmv2] [D] [thread 91871] [165.0] [cxt 0] Parser 'parser': end
[00:36:59.022] [bmv2] [D] [thread 91871] [165.0] [cxt 0] Pipeline 'ingress': start
[00:36:59.022] [bmv2] [T] [thread 91871] [165.0] [cxt 0] basic.p4(560) Condition "hdr.ethernet.etherType == TYPE_ARP" (node_2) is false
[00:36:59.022] [bmv2] [T] [thread 91871] [165.0] [cxt 0] basic.p4(563) Condition "hdr.ethernet.etherType == TYPE_SRCROUTING" (node_4) is false
[00:36:59.022] [bmv2] [T] [thread 91871] [165.0] [cxt 0] basic.p4(576) Condition "hdr.ethernet.etherType == TYPE_YEQUDESU" (node_12) is false
[00:36:59.022] [bmv2] [T] [thread 91871] [165.0] [cxt 0] basic.p4(582) Condition "hdr.vxlan.isValid()" (node_15) is false
[00:36:59.022] [bmv2] [T] [thread 91871] [165.0] [cxt 0] basic.p4(586) Condition "hdr.ipv6.isValid()" (node_17) is true
[00:36:59.022] [bmv2] [T] [thread 91871] [165.0] [cxt 0] Applying table 'MyIngress.ipv6_lpm'
[00:36:59.022] [bmv2] [D] [thread 91871] [165.0] [cxt 0] Looking up key:
* hdr.ipv6.dstAddr    : ff020000000000000000000000000002

[00:36:59.022] [bmv2] [D] [thread 91871] [165.0] [cxt 0] Table 'MyIngress.ipv6_lpm': miss
[00:36:59.022] [bmv2] [D] [thread 91871] [165.0] [cxt 0] Action entry is NoAction - 
[00:36:59.022] [bmv2] [T] [thread 91871] [165.0] [cxt 0] Action NoAction
[00:36:59.022] [bmv2] [D] [thread 91871] [165.0] [cxt 0] Pipeline 'ingress': end
[00:36:59.022] [bmv2] [D] [thread 91871] [165.0] [cxt 0] Egress port is 0
[00:36:59.022] [bmv2] [D] [thread 91872] [165.0] [cxt 0] Pipeline 'egress': start
[00:36:59.022] [bmv2] [T] [thread 91872] [165.0] [cxt 0] basic.p4(684) Condition "standard_metadata.mcast_grp != 0" (node_28) is false
[00:36:59.022] [bmv2] [D] [thread 91872] [165.0] [cxt 0] Pipeline 'egress': end
[00:36:59.022] [bmv2] [D] [thread 91872] [165.0] [cxt 0] Deparser 'deparser': start
[00:36:59.022] [bmv2] [T] [thread 91872] [165.0] [cxt 0] Skipping checksum 'cksum' update because condition not met
[00:36:59.022] [bmv2] [D] [thread 91872] [165.0] [cxt 0] Deparsing header 'ethernet'
[00:36:59.022] [bmv2] [D] [thread 91872] [165.0] [cxt 0] Deparsing header 'ipv6'
[00:36:59.022] [bmv2] [D] [thread 91872] [165.0] [cxt 0] Deparser 'deparser': end
[00:36:59.022] [bmv2] [D] [thread 91876] [165.0] [cxt 0] Transmitting packet of size 70 out of port 0
[00:37:00.134] [bmv2] [D] [thread 91871] [166.0] [cxt 0] Processing packet received on port 2
[00:37:00.134] [bmv2] [D] [thread 91871] [166.0] [cxt 0] Parser 'parser': start
[00:37:00.134] [bmv2] [D] [thread 91871] [166.0] [cxt 0] Parser 'parser' entering state 'start'
[00:37:00.134] [bmv2] [D] [thread 91871] [166.0] [cxt 0] Extracting header 'ethernet'
[00:37:00.134] [bmv2] [D] [thread 91871] [166.0] [cxt 0] Parser state 'start': key is 0800
[00:37:00.134] [bmv2] [T] [thread 91871] [166.0] [cxt 0] Bytes parsed: 14
[00:37:00.134] [bmv2] [D] [thread 91871] [166.0] [cxt 0] Parser 'parser' entering state 'parse_ipv4'
[00:37:00.134] [bmv2] [D] [thread 91871] [166.0] [cxt 0] Extracting header 'ipv4'
[00:37:00.134] [bmv2] [D] [thread 91871] [166.0] [cxt 0] Parser state 'parse_ipv4': key is 06
[00:37:00.134] [bmv2] [T] [thread 91871] [166.0] [cxt 0] Bytes parsed: 34
[00:37:00.134] [bmv2] [D] [thread 91871] [166.0] [cxt 0] Parser 'parser': end
[00:37:00.134] [bmv2] [D] [thread 91871] [166.0] [cxt 0] Pipeline 'ingress': start
[00:37:00.134] [bmv2] [T] [thread 91871] [166.0] [cxt 0] basic.p4(560) Condition "hdr.ethernet.etherType == TYPE_ARP" (node_2) is false
[00:37:00.134] [bmv2] [T] [thread 91871] [166.0] [cxt 0] basic.p4(563) Condition "hdr.ethernet.etherType == TYPE_SRCROUTING" (node_4) is false
[00:37:00.134] [bmv2] [T] [thread 91871] [166.0] [cxt 0] basic.p4(576) Condition "hdr.ethernet.etherType == TYPE_YEQUDESU" (node_12) is false
[00:37:00.134] [bmv2] [T] [thread 91871] [166.0] [cxt 0] basic.p4(582) Condition "hdr.vxlan.isValid()" (node_15) is false
[00:37:00.134] [bmv2] [T] [thread 91871] [166.0] [cxt 0] basic.p4(586) Condition "hdr.ipv6.isValid()" (node_17) is false
[00:37:00.134] [bmv2] [T] [thread 91871] [166.0] [cxt 0] basic.p4(590) Condition "hdr.ipv4.isValid()" (node_19) is true
[00:37:00.134] [bmv2] [T] [thread 91871] [166.0] [cxt 0] basic.p4(592) Condition "hdr.udp.isValid() && hdr.udp.dstPort == VXLAN_PORT" (node_20) is false
[00:37:00.134] [bmv2] [T] [thread 91871] [166.0] [cxt 0] Applying table 'MyIngress.modality_schedule'
[00:37:00.134] [bmv2] [D] [thread 91871] [166.0] [cxt 0] Looking up key:
* hdr.ipv4.dstAddr    : 0a000202

[00:37:00.134] [bmv2] [D] [thread 91871] [166.0] [cxt 0] Table 'MyIngress.modality_schedule': miss
[00:37:00.134] [bmv2] [D] [thread 91871] [166.0] [cxt 0] Action entry is NoAction - 
[00:37:00.134] [bmv2] [T] [thread 91871] [166.0] [cxt 0] Action NoAction
[00:37:00.134] [bmv2] [T] [thread 91871] [166.0] [cxt 0] basic.p4(597) Condition "meta.do_multimodal == 0" (node_23) is true
[00:37:00.134] [bmv2] [T] [thread 91871] [166.0] [cxt 0] Applying table 'MyIngress.adjudication'
[00:37:00.134] [bmv2] [D] [thread 91871] [166.0] [cxt 0] Looking up key:
* hdr.ipv4.dstAddr    : 0a000202

[00:37:00.134] [bmv2] [D] [thread 91871] [166.0] [cxt 0] Table 'MyIngress.adjudication': hit with handle 0
[00:37:00.134] [bmv2] [D] [thread 91871] [166.0] [cxt 0] Dumping entry 0
Match key:
* hdr.ipv4.dstAddr    : EXACT     0a000202
Action entry: MyIngress.clone_to_cpu - 64,

[00:37:00.134] [bmv2] [D] [thread 91871] [166.0] [cxt 0] Action entry is MyIngress.clone_to_cpu - 64,
[00:37:00.134] [bmv2] [T] [thread 91871] [166.0] [cxt 0] Action MyIngress.clone_to_cpu
[00:37:00.134] [bmv2] [T] [thread 91871] [166.0] [cxt 0] basic.p4(302) Primitive clone(CloneType.I2E, session_id)
[00:37:00.134] [bmv2] [T] [thread 91871] [166.0] [cxt 0] basic.p4(232) Primitive mark_to_drop(standard_metadata)
[00:37:00.134] [bmv2] [T] [thread 91871] [166.0] [cxt 0] Applying table 'MyIngress.ipv4_lpm'
[00:37:00.134] [bmv2] [D] [thread 91871] [166.0] [cxt 0] Looking up key:
* hdr.ipv4.dstAddr    : 0a000202

[00:37:00.134] [bmv2] [D] [thread 91871] [166.0] [cxt 0] Table 'MyIngress.ipv4_lpm': hit with handle 0
[00:37:00.134] [bmv2] [D] [thread 91871] [166.0] [cxt 0] Dumping entry 0
Match key:
* hdr.ipv4.dstAddr    : LPM       0a000202/32
Action entry: MyIngress.ipv4_forward - 80000000222,1,

[00:37:00.134] [bmv2] [D] [thread 91871] [166.0] [cxt 0] Action entry is MyIngress.ipv4_forward - 80000000222,1,
[00:37:00.134] [bmv2] [T] [thread 91871] [166.0] [cxt 0] Action MyIngress.ipv4_forward
[00:37:00.134] [bmv2] [T] [thread 91871] [166.0] [cxt 0] basic.p4(236) Primitive standard_metadata.egress_spec = port
[00:37:00.134] [bmv2] [T] [thread 91871] [166.0] [cxt 0] basic.p4(237) Primitive hdr.ethernet.srcAddr = hdr.ethernet.dstAddr
[00:37:00.134] [bmv2] [T] [thread 91871] [166.0] [cxt 0] basic.p4(238) Primitive hdr.ethernet.dstAddr = dstAddr
[00:37:00.134] [bmv2] [T] [thread 91871] [166.0] [cxt 0] basic.p4(239) Primitive hdr.ipv4.ttl = hdr.ipv4.ttl - 1
[00:37:00.134] [bmv2] [D] [thread 91871] [166.0] [cxt 0] Pipeline 'ingress': end
[00:37:00.134] [bmv2] [D] [thread 91871] [166.0] [cxt 0] Cloning packet at ingress
[00:37:00.134] [bmv2] [D] [thread 91871] [166.0] [cxt 0] Egress port is 1
[00:37:00.134] [bmv2] [D] [thread 91873] [166.0] [cxt 0] Pipeline 'egress': start
[00:37:00.134] [bmv2] [T] [thread 91873] [166.0] [cxt 0] basic.p4(684) Condition "standard_metadata.mcast_grp != 0" (node_28) is false
[00:37:00.134] [bmv2] [D] [thread 91873] [166.0] [cxt 0] Pipeline 'egress': end
[00:37:00.134] [bmv2] [D] [thread 91873] [166.0] [cxt 0] Deparser 'deparser': start
[00:37:00.134] [bmv2] [D] [thread 91873] [166.0] [cxt 0] Updating checksum 'cksum'
[00:37:00.134] [bmv2] [D] [thread 91873] [166.0] [cxt 0] Deparsing header 'ethernet'
[00:37:00.134] [bmv2] [D] [thread 91873] [166.0] [cxt 0] Deparsing header 'ipv4'
[00:37:00.134] [bmv2] [D] [thread 91873] [166.0] [cxt 0] Deparser 'deparser': end
[00:37:00.134] [bmv2] [D] [thread 91876] [166.0] [cxt 0] Transmitting packet of size 64 out of port 1
[00:37:00.134] [bmv2] [D] [thread 91871] [167.0] [cxt 0] Processing packet received on port 1
[00:37:00.134] [bmv2] [D] [thread 91871] [167.0] [cxt 0] Parser 'parser': start
[00:37:00.134] [bmv2] [D] [thread 91871] [167.0] [cxt 0] Parser 'parser' entering state 'start'
[00:37:00.134] [bmv2] [D] [thread 91871] [167.0] [cxt 0] Extracting header 'ethernet'
[00:37:00.134] [bmv2] [D] [thread 91871] [167.0] [cxt 0] Parser state 'start': key is 0806
[00:37:00.134] [bmv2] [T] [thread 91871] [167.0] [cxt 0] Bytes parsed: 14
[00:37:00.134] [bmv2] [D] [thread 91871] [167.0] [cxt 0] Parser 'parser' entering state 'parse_arp'
[00:37:00.134] [bmv2] [D] [thread 91871] [167.0] [cxt 0] Extracting header 'arp'
[00:37:00.134] [bmv2] [D] [thread 91871] [167.0] [cxt 0] Parser set: setting field 'scalars.metadata.dst_ipv4' from field 'arp.tpa' (167772692)
[00:37:00.134] [bmv2] [D] [thread 91871] [167.0] [cxt 0] Parser state 'parse_arp' has no switch, going to default next state
[00:37:00.134] [bmv2] [T] [thread 91871] [167.0] [cxt 0] Bytes parsed: 42
[00:37:00.134] [bmv2] [D] [thread 91871] [167.0] [cxt 0] Parser 'parser': end
[00:37:00.134] [bmv2] [D] [thread 91871] [167.0] [cxt 0] Pipeline 'ingress': start
[00:37:00.134] [bmv2] [T] [thread 91871] [167.0] [cxt 0] basic.p4(560) Condition "hdr.ethernet.etherType == TYPE_ARP" (node_2) is true
[00:37:00.134] [bmv2] [T] [thread 91871] [167.0] [cxt 0] Applying table 'MyIngress.arp_match'
[00:37:00.134] [bmv2] [D] [thread 91871] [167.0] [cxt 0] Looking up key:
* hdr.arp.oper        : 0001
* hdr.arp.tpa         : 0a000214

[00:37:00.134] [bmv2] [D] [thread 91871] [167.0] [cxt 0] Table 'MyIngress.arp_match': hit with handle 0
[00:37:00.134] [bmv2] [D] [thread 91871] [167.0] [cxt 0] Dumping entry 0
Match key:
* hdr.arp.oper        : EXACT     0001
* hdr.arp.tpa         : LPM       0a000214/32
Action entry: MyIngress.send_arp_reply - 80000000200,

[00:37:00.134] [bmv2] [D] [thread 91871] [167.0] [cxt 0] Action entry is MyIngress.send_arp_reply - 80000000200,
[00:37:00.134] [bmv2] [T] [thread 91871] [167.0] [cxt 0] Action MyIngress.send_arp_reply
[00:37:00.134] [bmv2] [T] [thread 91871] [167.0] [cxt 0] basic.p4(467) Primitive hdr.ethernet.dstAddr = hdr.arp.sha
[00:37:00.134] [bmv2] [T] [thread 91871] [167.0] [cxt 0] basic.p4(468) Primitive hdr.ethernet.srcAddr = macAddr
[00:37:00.134] [bmv2] [T] [thread 91871] [167.0] [cxt 0] basic.p4(21) Primitive 2; ...
[00:37:00.134] [bmv2] [T] [thread 91871] [167.0] [cxt 0] basic.p4(472) Primitive hdr.arp.tha = hdr.arp.sha
[00:37:00.134] [bmv2] [T] [thread 91871] [167.0] [cxt 0] basic.p4(473) Primitive hdr.arp.tpa = hdr.arp.spa
[00:37:00.134] [bmv2] [T] [thread 91871] [167.0] [cxt 0] basic.p4(474) Primitive hdr.arp.sha = macAddr
[00:37:00.134] [bmv2] [T] [thread 91871] [167.0] [cxt 0] basic.p4(475) Primitive hdr.arp.spa = meta.dst_ipv4
[00:37:00.134] [bmv2] [T] [thread 91871] [167.0] [cxt 0] basic.p4(477) Primitive standard_metadata.egress_spec = standard_metadata.ingress_port
[00:37:00.134] [bmv2] [D] [thread 91871] [167.0] [cxt 0] Pipeline 'ingress': end
[00:37:00.134] [bmv2] [D] [thread 91871] [167.0] [cxt 0] Egress port is 1
[00:37:00.134] [bmv2] [D] [thread 91871] [168.0] [cxt 0] Processing packet received on port 4
[00:37:00.134] [bmv2] [D] [thread 91871] [168.0] [cxt 0] Parser 'parser': start
[00:37:00.134] [bmv2] [D] [thread 91871] [168.0] [cxt 0] Parser 'parser' entering state 'start'
[00:37:00.134] [bmv2] [D] [thread 91871] [168.0] [cxt 0] Extracting header 'ethernet'
[00:37:00.134] [bmv2] [D] [thread 91871] [168.0] [cxt 0] Parser state 'start': key is 1313
[00:37:00.134] [bmv2] [T] [thread 91871] [168.0] [cxt 0] Bytes parsed: 14
[00:37:00.134] [bmv2] [D] [thread 91871] [168.0] [cxt 0] Parser 'parser' entering state 'parse_yequdesu'
[00:37:00.134] [bmv2] [D] [thread 91871] [168.0] [cxt 0] Extracting header 'yequdesu'
[00:37:00.134] [bmv2] [D] [thread 91871] [168.0] [cxt 0] Parser state 'parse_yequdesu': key is 0800
[00:37:00.134] [bmv2] [T] [thread 91871] [168.0] [cxt 0] Bytes parsed: 18
[00:37:00.134] [bmv2] [D] [thread 91871] [168.0] [cxt 0] Parser 'parser' entering state 'parse_ipv4'
[00:37:00.134] [bmv2] [D] [thread 91871] [168.0] [cxt 0] Extracting header 'ipv4'
[00:37:00.134] [bmv2] [D] [thread 91871] [168.0] [cxt 0] Parser state 'parse_ipv4': key is 06
[00:37:00.134] [bmv2] [T] [thread 91871] [168.0] [cxt 0] Bytes parsed: 38
[00:37:00.134] [bmv2] [D] [thread 91871] [168.0] [cxt 0] Parser 'parser': end
[00:37:00.134] [bmv2] [D] [thread 91871] [168.0] [cxt 0] Pipeline 'ingress': start
[00:37:00.134] [bmv2] [T] [thread 91871] [168.0] [cxt 0] basic.p4(560) Condition "hdr.ethernet.etherType == TYPE_ARP" (node_2) is false
[00:37:00.134] [bmv2] [T] [thread 91871] [168.0] [cxt 0] basic.p4(563) Condition "hdr.ethernet.etherType == TYPE_SRCROUTING" (node_4) is false
[00:37:00.134] [bmv2] [T] [thread 91871] [168.0] [cxt 0] basic.p4(576) Condition "hdr.ethernet.etherType == TYPE_YEQUDESU" (node_12) is true
[00:37:00.134] [bmv2] [T] [thread 91871] [168.0] [cxt 0] basic.p4(578) Condition "hdr.yequdesu.isValid()" (node_13) is true
[00:37:00.134] [bmv2] [T] [thread 91871] [168.0] [cxt 0] Applying table 'MyIngress.yequdesu_exact'
[00:37:00.134] [bmv2] [D] [thread 91871] [168.0] [cxt 0] Looking up key:
* hdr.yequdesu.dst_id : 012c

[00:37:00.134] [bmv2] [D] [thread 91871] [168.0] [cxt 0] Table 'MyIngress.yequdesu_exact': hit with handle 0
[00:37:00.135] [bmv2] [D] [thread 91871] [168.0] [cxt 0] Dumping entry 0
Match key:
* hdr.yequdesu.dst_id : EXACT     012c
Action entry: MyIngress.yequdesu_egress - 80000000222,1,

[00:37:00.135] [bmv2] [D] [thread 91871] [168.0] [cxt 0] Action entry is MyIngress.yequdesu_egress - 80000000222,1,
[00:37:00.135] [bmv2] [T] [thread 91871] [168.0] [cxt 0] Action MyIngress.yequdesu_egress
[00:37:00.135] [bmv2] [T] [thread 91871] [168.0] [cxt 0] basic.p4(262) Primitive standard_metadata.egress_spec = port
[00:37:00.135] [bmv2] [T] [thread 91871] [168.0] [cxt 0] basic.p4(263) Primitive hdr.ethernet.dstAddr = dstAddr
[00:37:00.135] [bmv2] [T] [thread 91871] [168.0] [cxt 0] basic.p4(264) Primitive hdr.ethernet.etherType = hdr.yequdesu.proto_id
[00:37:00.135] [bmv2] [T] [thread 91871] [168.0] [cxt 0] basic.p4(265) Primitive hdr.yequdesu.setInvalid()
[00:37:00.135] [bmv2] [D] [thread 91871] [168.0] [cxt 0] Pipeline 'ingress': end
[00:37:00.135] [bmv2] [D] [thread 91871] [168.0] [cxt 0] Egress port is 1
[00:37:00.135] [bmv2] [D] [thread 91873] [167.0] [cxt 0] Pipeline 'egress': start
[00:37:00.135] [bmv2] [T] [thread 91873] [167.0] [cxt 0] basic.p4(684) Condition "standard_metadata.mcast_grp != 0" (node_28) is false
[00:37:00.135] [bmv2] [D] [thread 91873] [167.0] [cxt 0] Pipeline 'egress': end
[00:37:00.135] [bmv2] [D] [thread 91873] [167.0] [cxt 0] Deparser 'deparser': start
[00:37:00.135] [bmv2] [T] [thread 91873] [167.0] [cxt 0] Skipping checksum 'cksum' update because condition not met
[00:37:00.135] [bmv2] [D] [thread 91873] [167.0] [cxt 0] Deparsing header 'ethernet'
[00:37:00.135] [bmv2] [D] [thread 91873] [167.0] [cxt 0] Deparsing header 'arp'
[00:37:00.135] [bmv2] [D] [thread 91873] [167.0] [cxt 0] Deparser 'deparser': end
[00:37:00.135] [bmv2] [D] [thread 91873] [168.0] [cxt 0] Pipeline 'egress': start
[00:37:00.135] [bmv2] [T] [thread 91873] [168.0] [cxt 0] basic.p4(684) Condition "standard_metadata.mcast_grp != 0" (node_28) is false
[00:37:00.135] [bmv2] [D] [thread 91873] [168.0] [cxt 0] Pipeline 'egress': end
[00:37:00.135] [bmv2] [D] [thread 91873] [168.0] [cxt 0] Deparser 'deparser': start
[00:37:00.135] [bmv2] [D] [thread 91876] [167.0] [cxt 0] Transmitting packet of size 42 out of port 1
[00:37:00.135] [bmv2] [D] [thread 91873] [168.0] [cxt 0] Updating checksum 'cksum'
[00:37:00.135] [bmv2] [D] [thread 91873] [168.0] [cxt 0] Deparsing header 'ethernet'
[00:37:00.135] [bmv2] [D] [thread 91873] [168.0] [cxt 0] Deparsing header 'ipv4'
[00:37:00.135] [bmv2] [D] [thread 91873] [168.0] [cxt 0] Deparser 'deparser': end
[00:37:00.135] [bmv2] [D] [thread 91876] [168.0] [cxt 0] Transmitting packet of size 64 out of port 1
[00:37:00.135] [bmv2] [D] [thread 91871] [169.0] [cxt 0] Processing packet received on port 1
[00:37:00.135] [bmv2] [D] [thread 91871] [169.0] [cxt 0] Parser 'parser': start
[00:37:00.135] [bmv2] [D] [thread 91871] [169.0] [cxt 0] Parser 'parser' entering state 'start'
[00:37:00.135] [bmv2] [D] [thread 91871] [169.0] [cxt 0] Extracting header 'ethernet'
[00:37:00.135] [bmv2] [D] [thread 91871] [169.0] [cxt 0] Parser state 'start': key is 0800
[00:37:00.135] [bmv2] [T] [thread 91871] [169.0] [cxt 0] Bytes parsed: 14
[00:37:00.135] [bmv2] [D] [thread 91871] [169.0] [cxt 0] Parser 'parser' entering state 'parse_ipv4'
[00:37:00.135] [bmv2] [D] [thread 91871] [169.0] [cxt 0] Extracting header 'ipv4'
[00:37:00.135] [bmv2] [D] [thread 91871] [169.0] [cxt 0] Parser state 'parse_ipv4': key is 06
[00:37:00.135] [bmv2] [T] [thread 91871] [169.0] [cxt 0] Bytes parsed: 34
[00:37:00.135] [bmv2] [D] [thread 91871] [169.0] [cxt 0] Parser 'parser': end
[00:37:00.135] [bmv2] [D] [thread 91871] [169.0] [cxt 0] Pipeline 'ingress': start
[00:37:00.135] [bmv2] [T] [thread 91871] [169.0] [cxt 0] basic.p4(560) Condition "hdr.ethernet.etherType == TYPE_ARP" (node_2) is false
[00:37:00.135] [bmv2] [T] [thread 91871] [169.0] [cxt 0] basic.p4(563) Condition "hdr.ethernet.etherType == TYPE_SRCROUTING" (node_4) is false
[00:37:00.135] [bmv2] [T] [thread 91871] [169.0] [cxt 0] basic.p4(576) Condition "hdr.ethernet.etherType == TYPE_YEQUDESU" (node_12) is false
[00:37:00.135] [bmv2] [T] [thread 91871] [169.0] [cxt 0] basic.p4(582) Condition "hdr.vxlan.isValid()" (node_15) is false
[00:37:00.135] [bmv2] [T] [thread 91871] [169.0] [cxt 0] basic.p4(586) Condition "hdr.ipv6.isValid()" (node_17) is false
[00:37:00.135] [bmv2] [T] [thread 91871] [169.0] [cxt 0] basic.p4(590) Condition "hdr.ipv4.isValid()" (node_19) is true
[00:37:00.135] [bmv2] [T] [thread 91871] [169.0] [cxt 0] basic.p4(592) Condition "hdr.udp.isValid() && hdr.udp.dstPort == VXLAN_PORT" (node_20) is false
[00:37:00.135] [bmv2] [T] [thread 91871] [169.0] [cxt 0] Applying table 'MyIngress.modality_schedule'
[00:37:00.135] [bmv2] [D] [thread 91871] [169.0] [cxt 0] Looking up key:
* hdr.ipv4.dstAddr    : 0a000101

[00:37:00.135] [bmv2] [D] [thread 91871] [169.0] [cxt 0] Table 'MyIngress.modality_schedule': hit with handle 0
[00:37:00.135] [bmv2] [D] [thread 91871] [169.0] [cxt 0] Dumping entry 0
Match key:
* hdr.ipv4.dstAddr    : EXACT     0a000101
Action entry: MyIngress.set_mcast_grp - 2,

[00:37:00.135] [bmv2] [D] [thread 91871] [169.0] [cxt 0] Action entry is MyIngress.set_mcast_grp - 2,
[00:37:00.135] [bmv2] [T] [thread 91871] [169.0] [cxt 0] Action MyIngress.set_mcast_grp
[00:37:00.135] [bmv2] [T] [thread 91871] [169.0] [cxt 0] basic.p4(296) Primitive standard_metadata.mcast_grp = mcast_grp
[00:37:00.135] [bmv2] [T] [thread 91871] [169.0] [cxt 0] basic.p4(297) Primitive meta.do_multimodal = 1
[00:37:00.135] [bmv2] [T] [thread 91871] [169.0] [cxt 0] basic.p4(298) Primitive hdr.ipv4.ttl = 100
[00:37:00.135] [bmv2] [T] [thread 91871] [169.0] [cxt 0] basic.p4(597) Condition "meta.do_multimodal == 0" (node_23) is false
[00:37:00.135] [bmv2] [D] [thread 91871] [169.0] [cxt 0] Pipeline 'ingress': end
[00:37:00.135] [bmv2] [D] [thread 91871] [169.0] [cxt 0] Multicast requested for packet
[00:37:00.135] [bmv2] [D] [thread 91871] number of packets replicated : 4 for MGID: 2
[00:37:00.135] [bmv2] [D] [thread 91871] [169.0] [cxt 0] Replicating packet on port 2
[00:37:00.135] [bmv2] [D] [thread 91871] [169.0] [cxt 0] Replicating packet on port 3
[00:37:00.135] [bmv2] [D] [thread 91874] [169.1] [cxt 0] Pipeline 'egress': start
[00:37:00.135] [bmv2] [T] [thread 91874] [169.1] [cxt 0] basic.p4(684) Condition "standard_metadata.mcast_grp != 0" (node_28) is true
[00:37:00.135] [bmv2] [T] [thread 91874] [169.1] [cxt 0] Applying table 'MyEgress.egress_encap_ipv6'
[00:37:00.135] [bmv2] [D] [thread 91874] [169.1] [cxt 0] Looking up key:
* standard_metadata.egress_port: 0002

[00:37:00.135] [bmv2] [D] [thread 91874] [169.1] [cxt 0] Table 'MyEgress.egress_encap_ipv6': miss
[00:37:00.135] [bmv2] [D] [thread 91874] [169.1] [cxt 0] Action entry is NoAction - 
[00:37:00.135] [bmv2] [T] [thread 91874] [169.1] [cxt 0] Action NoAction
[00:37:00.135] [bmv2] [T] [thread 91874] [169.1] [cxt 0] Applying table 'MyEgress.egress_encap_yequdesu'
[00:37:00.135] [bmv2] [D] [thread 91874] [169.1] [cxt 0] Looking up key:
* standard_metadata.egress_port: 0002

[00:37:00.135] [bmv2] [D] [thread 91874] [169.1] [cxt 0] Table 'MyEgress.egress_encap_yequdesu': miss
[00:37:00.135] [bmv2] [D] [thread 91874] [169.1] [cxt 0] Action entry is NoAction - 
[00:37:00.135] [bmv2] [T] [thread 91874] [169.1] [cxt 0] Action NoAction
[00:37:00.135] [bmv2] [T] [thread 91874] [169.1] [cxt 0] Applying table 'MyEgress.egress_encap_vxlan'
[00:37:00.135] [bmv2] [D] [thread 91874] [169.1] [cxt 0] Looking up key:
* standard_metadata.egress_port: 0002

[00:37:00.135] [bmv2] [D] [thread 91874] [169.1] [cxt 0] Table 'MyEgress.egress_encap_vxlan': miss
[00:37:00.135] [bmv2] [D] [thread 91874] [169.1] [cxt 0] Action entry is NoAction - 
[00:37:00.135] [bmv2] [T] [thread 91874] [169.1] [cxt 0] Action NoAction
[00:37:00.135] [bmv2] [D] [thread 91874] [169.1] [cxt 0] Pipeline 'egress': end
[00:37:00.135] [bmv2] [D] [thread 91874] [169.1] [cxt 0] Deparser 'deparser': start
[00:37:00.135] [bmv2] [D] [thread 91874] [169.1] [cxt 0] Updating checksum 'cksum'
[00:37:00.135] [bmv2] [D] [thread 91874] [169.1] [cxt 0] Deparsing header 'ethernet'
[00:37:00.135] [bmv2] [D] [thread 91874] [169.1] [cxt 0] Deparsing header 'ipv4'
[00:37:00.135] [bmv2] [D] [thread 91874] [169.1] [cxt 0] Deparser 'deparser': end
[00:37:00.135] [bmv2] [D] [thread 91871] [169.0] [cxt 0] Replicating packet on port 4
[00:37:00.135] [bmv2] [D] [thread 91876] [169.1] [cxt 0] Transmitting packet of size 54 out of port 2
[00:37:00.135] [bmv2] [D] [thread 91875] [169.2] [cxt 0] Pipeline 'egress': start
[00:37:00.135] [bmv2] [T] [thread 91875] [169.2] [cxt 0] basic.p4(684) Condition "standard_metadata.mcast_grp != 0" (node_28) is true
[00:37:00.135] [bmv2] [T] [thread 91875] [169.2] [cxt 0] Applying table 'MyEgress.egress_encap_ipv6'
[00:37:00.135] [bmv2] [D] [thread 91875] [169.2] [cxt 0] Looking up key:
* standard_metadata.egress_port: 0003

[00:37:00.135] [bmv2] [D] [thread 91875] [169.2] [cxt 0] Table 'MyEgress.egress_encap_ipv6': hit with handle 0
[00:37:00.135] [bmv2] [D] [thread 91875] [169.2] [cxt 0] Dumping entry 0
Match key:
* standard_metadata.egress_port: EXACT     0003
Action entry: MyEgress.encap_ipv6_egress - 20010db8000000000000000000000002,20010db8000000000000000000000001,

[00:37:00.135] [bmv2] [D] [thread 91875] [169.2] [cxt 0] Action entry is MyEgress.encap_ipv6_egress - 20010db8000000000000000000000002,20010db8000000000000000000000001,
[00:37:00.135] [bmv2] [T] [thread 91875] [169.2] [cxt 0] Action MyEgress.encap_ipv6_egress
[00:37:00.135] [bmv2] [T] [thread 91875] [169.2] [cxt 0] basic.p4(616) Primitive hdr.ipv6.setValid()
[00:37:00.135] [bmv2] [T] [thread 91875] [169.2] [cxt 0] basic.p4(617) Primitive hdr.ipv6.version = 6
[00:37:00.135] [bmv2] [T] [thread 91875] [169.2] [cxt 0] basic.p4(618) Primitive hdr.ipv6.trafficClass = 0
[00:37:00.135] [bmv2] [T] [thread 91875] [169.2] [cxt 0] basic.p4(619) Primitive hdr.ipv6.flowLabel = 0
[00:37:00.135] [bmv2] [T] [thread 91875] [169.2] [cxt 0] basic.p4(620) Primitive hdr.ipv6.payLoadLen = hdr.ipv4.totalLen
[00:37:00.135] [bmv2] [T] [thread 91875] [169.2] [cxt 0] basic.p4(621) Primitive hdr.ipv6.nextHdr = 4
[00:37:00.135] [bmv2] [T] [thread 91875] [169.2] [cxt 0] basic.p4(622) Primitive hdr.ipv6.hopLimit = 64
[00:37:00.135] [bmv2] [T] [thread 91875] [169.2] [cxt 0] basic.p4(623) Primitive hdr.ipv6.srcAddr = src
[00:37:00.135] [bmv2] [T] [thread 91875] [169.2] [cxt 0] basic.p4(624) Primitive hdr.ipv6.dstAddr = dst
[00:37:00.135] [bmv2] [T] [thread 91875] [169.2] [cxt 0] basic.p4(625) Primitive hdr.ipv4.ttl = hdr.ipv4.ttl - 1
[00:37:00.135] [bmv2] [T] [thread 91875] [169.2] [cxt 0] basic.p4(626) Primitive hdr.ethernet.etherType = 0x86dd
[00:37:00.135] [bmv2] [T] [thread 91875] [169.2] [cxt 0] Applying table 'MyEgress.egress_encap_yequdesu'
[00:37:00.135] [bmv2] [D] [thread 91875] [169.2] [cxt 0] Looking up key:
* standard_metadata.egress_port: 0003

[00:37:00.136] [bmv2] [D] [thread 91875] [169.2] [cxt 0] Table 'MyEgress.egress_encap_yequdesu': miss
[00:37:00.136] [bmv2] [D] [thread 91875] [169.2] [cxt 0] Action entry is NoAction - 
[00:37:00.136] [bmv2] [T] [thread 91875] [169.2] [cxt 0] Action NoAction
[00:37:00.136] [bmv2] [T] [thread 91875] [169.2] [cxt 0] Applying table 'MyEgress.egress_encap_vxlan'
[00:37:00.136] [bmv2] [D] [thread 91875] [169.2] [cxt 0] Looking up key:
* standard_metadata.egress_port: 0003

[00:37:00.136] [bmv2] [D] [thread 91875] [169.2] [cxt 0] Table 'MyEgress.egress_encap_vxlan': miss
[00:37:00.136] [bmv2] [D] [thread 91875] [169.2] [cxt 0] Action entry is NoAction - 
[00:37:00.136] [bmv2] [T] [thread 91875] [169.2] [cxt 0] Action NoAction
[00:37:00.136] [bmv2] [D] [thread 91875] [169.2] [cxt 0] Pipeline 'egress': end
[00:37:00.136] [bmv2] [D] [thread 91875] [169.2] [cxt 0] Deparser 'deparser': start
[00:37:00.136] [bmv2] [D] [thread 91875] [169.2] [cxt 0] Updating checksum 'cksum'
[00:37:00.136] [bmv2] [D] [thread 91875] [169.2] [cxt 0] Deparsing header 'ethernet'
[00:37:00.136] [bmv2] [D] [thread 91875] [169.2] [cxt 0] Deparsing header 'ipv4'
[00:37:00.136] [bmv2] [D] [thread 91875] [169.2] [cxt 0] Deparsing header 'ipv6'
[00:37:00.136] [bmv2] [D] [thread 91875] [169.2] [cxt 0] Deparser 'deparser': end
[00:37:00.136] [bmv2] [D] [thread 91872] [169.3] [cxt 0] Pipeline 'egress': start
[00:37:00.136] [bmv2] [T] [thread 91872] [169.3] [cxt 0] basic.p4(684) Condition "standard_metadata.mcast_grp != 0" (node_28) is true
[00:37:00.136] [bmv2] [T] [thread 91872] [169.3] [cxt 0] Applying table 'MyEgress.egress_encap_ipv6'
[00:37:00.136] [bmv2] [D] [thread 91872] [169.3] [cxt 0] Looking up key:
* standard_metadata.egress_port: 0004

[00:37:00.136] [bmv2] [D] [thread 91872] [169.3] [cxt 0] Table 'MyEgress.egress_encap_ipv6': miss
[00:37:00.136] [bmv2] [D] [thread 91872] [169.3] [cxt 0] Action entry is NoAction - 
[00:37:00.136] [bmv2] [T] [thread 91872] [169.3] [cxt 0] Action NoAction
[00:37:00.136] [bmv2] [T] [thread 91872] [169.3] [cxt 0] Applying table 'MyEgress.egress_encap_yequdesu'
[00:37:00.136] [bmv2] [D] [thread 91872] [169.3] [cxt 0] Looking up key:
* standard_metadata.egress_port: 0004

[00:37:00.136] [bmv2] [D] [thread 91872] [169.3] [cxt 0] Table 'MyEgress.egress_encap_yequdesu': hit with handle 0
[00:37:00.136] [bmv2] [D] [thread 91872] [169.3] [cxt 0] Dumping entry 0
Match key:
* standard_metadata.egress_port: EXACT     0004
Action entry: MyEgress.encap_yequdesu_egress - 12d,

[00:37:00.136] [bmv2] [D] [thread 91872] [169.3] [cxt 0] Action entry is MyEgress.encap_yequdesu_egress - 12d,
[00:37:00.136] [bmv2] [T] [thread 91872] [169.3] [cxt 0] Action MyEgress.encap_yequdesu_egress
[00:37:00.136] [bmv2] [T] [thread 91872] [169.3] [cxt 0] basic.p4(630) Primitive hdr.yequdesu.setValid()
[00:37:00.136] [bmv2] [T] [thread 91872] [169.3] [cxt 0] basic.p4(631) Primitive hdr.yequdesu.dst_id = dst_id
[00:37:00.136] [bmv2] [T] [thread 91872] [169.3] [cxt 0] basic.p4(632) Primitive hdr.yequdesu.proto_id = 0x800
[00:37:00.136] [bmv2] [T] [thread 91872] [169.3] [cxt 0] basic.p4(6) Primitive 0x1313; ...
[00:37:00.136] [bmv2] [T] [thread 91872] [169.3] [cxt 0] Applying table 'MyEgress.egress_encap_vxlan'
[00:37:00.136] [bmv2] [D] [thread 91872] [169.3] [cxt 0] Looking up key:
* standard_metadata.egress_port: 0004

[00:37:00.136] [bmv2] [D] [thread 91872] [169.3] [cxt 0] Table 'MyEgress.egress_encap_vxlan': miss
[00:37:00.136] [bmv2] [D] [thread 91872] [169.3] [cxt 0] Action entry is NoAction - 
[00:37:00.136] [bmv2] [T] [thread 91872] [169.3] [cxt 0] Action NoAction
[00:37:00.136] [bmv2] [D] [thread 91872] [169.3] [cxt 0] Pipeline 'egress': end
[00:37:00.136] [bmv2] [D] [thread 91872] [169.3] [cxt 0] Deparser 'deparser': start
[00:37:00.136] [bmv2] [D] [thread 91872] [169.3] [cxt 0] Updating checksum 'cksum'
[00:37:00.136] [bmv2] [D] [thread 91876] [169.2] [cxt 0] Transmitting packet of size 94 out of port 3
[00:37:00.136] [bmv2] [D] [thread 91872] [169.3] [cxt 0] Deparsing header 'ethernet'
[00:37:00.136] [bmv2] [D] [thread 91872] [169.3] [cxt 0] Deparsing header 'yequdesu'
[00:37:00.136] [bmv2] [D] [thread 91871] [169.0] [cxt 0] Replicating packet on port 5
[00:37:00.136] [bmv2] [D] [thread 91871] [170.0] [cxt 0] Processing packet received on port 1
[00:37:00.136] [bmv2] [D] [thread 91871] [170.0] [cxt 0] Parser 'parser': start
[00:37:00.136] [bmv2] [D] [thread 91871] [170.0] [cxt 0] Parser 'parser' entering state 'start'
[00:37:00.136] [bmv2] [D] [thread 91871] [170.0] [cxt 0] Extracting header 'ethernet'
[00:37:00.136] [bmv2] [D] [thread 91871] [170.0] [cxt 0] Parser state 'start': key is 0800
[00:37:00.136] [bmv2] [T] [thread 91871] [170.0] [cxt 0] Bytes parsed: 14
[00:37:00.136] [bmv2] [D] [thread 91871] [170.0] [cxt 0] Parser 'parser' entering state 'parse_ipv4'
[00:37:00.136] [bmv2] [D] [thread 91871] [170.0] [cxt 0] Extracting header 'ipv4'
[00:37:00.136] [bmv2] [D] [thread 91871] [170.0] [cxt 0] Parser state 'parse_ipv4': key is 06
[00:37:00.136] [bmv2] [T] [thread 91871] [170.0] [cxt 0] Bytes parsed: 34
[00:37:00.136] [bmv2] [D] [thread 91872] [169.3] [cxt 0] Deparsing header 'ipv4'
[00:37:00.136] [bmv2] [D] [thread 91873] [169.4] [cxt 0] Pipeline 'egress': start
[00:37:00.136] [bmv2] [T] [thread 91873] [169.4] [cxt 0] basic.p4(684) Condition "standard_metadata.mcast_grp != 0" (node_28) is true
[00:37:00.136] [bmv2] [T] [thread 91873] [169.4] [cxt 0] Applying table 'MyEgress.egress_encap_ipv6'
[00:37:00.136] [bmv2] [D] [thread 91872] [169.3] [cxt 0] Deparser 'deparser': end
[00:37:00.136] [bmv2] [D] [thread 91873] [169.4] [cxt 0] Looking up key:
* standard_metadata.egress_port: 0005

[00:37:00.136] [bmv2] [D] [thread 91873] [169.4] [cxt 0] Table 'MyEgress.egress_encap_ipv6': miss
[00:37:00.136] [bmv2] [D] [thread 91873] [169.4] [cxt 0] Action entry is NoAction - 
[00:37:00.136] [bmv2] [D] [thread 91876] [169.3] [cxt 0] Transmitting packet of size 58 out of port 4
[00:37:00.136] [bmv2] [T] [thread 91873] [169.4] [cxt 0] Action NoAction
[00:37:00.136] [bmv2] [T] [thread 91873] [169.4] [cxt 0] Applying table 'MyEgress.egress_encap_yequdesu'
[00:37:00.136] [bmv2] [D] [thread 91871] [170.0] [cxt 0] Parser 'parser': end
[00:37:00.136] [bmv2] [D] [thread 91871] [170.0] [cxt 0] Pipeline 'ingress': start
[00:37:00.136] [bmv2] [T] [thread 91871] [170.0] [cxt 0] basic.p4(560) Condition "hdr.ethernet.etherType == TYPE_ARP" (node_2) is false
[00:37:00.136] [bmv2] [T] [thread 91871] [170.0] [cxt 0] basic.p4(563) Condition "hdr.ethernet.etherType == TYPE_SRCROUTING" (node_4) is false
[00:37:00.136] [bmv2] [T] [thread 91871] [170.0] [cxt 0] basic.p4(576) Condition "hdr.ethernet.etherType == TYPE_YEQUDESU" (node_12) is false
[00:37:00.136] [bmv2] [D] [thread 91873] [169.4] [cxt 0] Looking up key:
* standard_metadata.egress_port: 0005

[00:37:00.136] [bmv2] [T] [thread 91871] [170.0] [cxt 0] basic.p4(582) Condition "hdr.vxlan.isValid()" (node_15) is false
[00:37:00.136] [bmv2] [T] [thread 91871] [170.0] [cxt 0] basic.p4(586) Condition "hdr.ipv6.isValid()" (node_17) is false
[00:37:00.136] [bmv2] [T] [thread 91871] [170.0] [cxt 0] basic.p4(590) Condition "hdr.ipv4.isValid()" (node_19) is true
[00:37:00.136] [bmv2] [T] [thread 91871] [170.0] [cxt 0] basic.p4(592) Condition "hdr.udp.isValid() && hdr.udp.dstPort == VXLAN_PORT" (node_20) is false
[00:37:00.136] [bmv2] [T] [thread 91871] [170.0] [cxt 0] Applying table 'MyIngress.modality_schedule'
[00:37:00.136] [bmv2] [D] [thread 91871] [170.0] [cxt 0] Looking up key:
* hdr.ipv4.dstAddr    : 0a000101

[00:37:00.136] [bmv2] [D] [thread 91871] [170.0] [cxt 0] Table 'MyIngress.modality_schedule': hit with handle 0
[00:37:00.136] [bmv2] [D] [thread 91871] [170.0] [cxt 0] Dumping entry 0
Match key:
* hdr.ipv4.dstAddr    : EXACT     0a000101
Action entry: MyIngress.set_mcast_grp - 2,

[00:37:00.136] [bmv2] [D] [thread 91871] [170.0] [cxt 0] Action entry is MyIngress.set_mcast_grp - 2,
[00:37:00.136] [bmv2] [T] [thread 91871] [170.0] [cxt 0] Action MyIngress.set_mcast_grp
[00:37:00.136] [bmv2] [D] [thread 91873] [169.4] [cxt 0] Table 'MyEgress.egress_encap_yequdesu': miss
[00:37:00.136] [bmv2] [T] [thread 91871] [170.0] [cxt 0] basic.p4(296) Primitive standard_metadata.mcast_grp = mcast_grp
[00:37:00.136] [bmv2] [T] [thread 91871] [170.0] [cxt 0] basic.p4(297) Primitive meta.do_multimodal = 1
[00:37:00.136] [bmv2] [D] [thread 91873] [169.4] [cxt 0] Action entry is NoAction - 
[00:37:00.136] [bmv2] [T] [thread 91871] [170.0] [cxt 0] basic.p4(298) Primitive hdr.ipv4.ttl = 100
[00:37:00.136] [bmv2] [T] [thread 91873] [169.4] [cxt 0] Action NoAction
[00:37:00.136] [bmv2] [T] [thread 91871] [170.0] [cxt 0] basic.p4(597) Condition "meta.do_multimodal == 0" (node_23) is false
[00:37:00.136] [bmv2] [T] [thread 91873] [169.4] [cxt 0] Applying table 'MyEgress.egress_encap_vxlan'
[00:37:00.136] [bmv2] [D] [thread 91871] [170.0] [cxt 0] Pipeline 'ingress': end
[00:37:00.136] [bmv2] [D] [thread 91873] [169.4] [cxt 0] Looking up key:
* standard_metadata.egress_port: 0005

[00:37:00.136] [bmv2] [D] [thread 91871] [170.0] [cxt 0] Multicast requested for packet
[00:37:00.136] [bmv2] [D] [thread 91873] [169.4] [cxt 0] Table 'MyEgress.egress_encap_vxlan': hit with handle 0
[00:37:00.136] [bmv2] [D] [thread 91873] [169.4] [cxt 0] Dumping entry 0
Match key:
* standard_metadata.egress_port: EXACT     0005
Action entry: MyEgress.encap_vxlan_egress - 65,a00020a,a00010a,

[00:37:00.136] [bmv2] [D] [thread 91871] number of packets replicated : 4 for MGID: 2
[00:37:00.136] [bmv2] [D] [thread 91873] [169.4] [cxt 0] Action entry is MyEgress.encap_vxlan_egress - 65,a00020a,a00010a,
[00:37:00.136] [bmv2] [D] [thread 91871] [170.0] [cxt 0] Replicating packet on port 2
[00:37:00.136] [bmv2] [T] [thread 91873] [169.4] [cxt 0] Action MyEgress.encap_vxlan_egress
[00:37:00.136] [bmv2] [T] [thread 91873] [169.4] [cxt 0] basic.p4(7) Primitive 0x800; ...
[00:37:00.136] [bmv2] [T] [thread 91873] [169.4] [cxt 0] basic.p4(639) Primitive hdr.ipv4.setValid()
[00:37:00.136] [bmv2] [D] [thread 91871] [170.0] [cxt 0] Replicating packet on port 3
[00:37:00.136] [bmv2] [T] [thread 91873] [169.4] [cxt 0] basic.p4(640) Primitive hdr.ipv4.version = 4
[00:37:00.136] [bmv2] [D] [thread 91871] [170.0] [cxt 0] Replicating packet on port 4
[00:37:00.136] [bmv2] [T] [thread 91873] [169.4] [cxt 0] basic.p4(641) Primitive hdr.ipv4.ihl = 5
[00:37:00.136] [bmv2] [T] [thread 91873] [169.4] [cxt 0] basic.p4(642) Primitive hdr.ipv4.diffserv = 0
[00:37:00.136] [bmv2] [T] [thread 91873] [169.4] [cxt 0] basic.p4(643) Primitive hdr.ipv4.totalLen = hdr.ipv4.totalLen + 50
[00:37:00.136] [bmv2] [T] [thread 91873] [169.4] [cxt 0] basic.p4(644) Primitive hdr.ipv4.identification = 0
[00:37:00.136] [bmv2] [T] [thread 91873] [169.4] [cxt 0] basic.p4(645) Primitive hdr.ipv4.flags = 0
[00:37:00.136] [bmv2] [D] [thread 91871] [170.0] [cxt 0] Replicating packet on port 5
[00:37:00.136] [bmv2] [D] [thread 91874] [170.1] [cxt 0] Pipeline 'egress': start
[00:37:00.136] [bmv2] [T] [thread 91874] [170.1] [cxt 0] basic.p4(684) Condition "standard_metadata.mcast_grp != 0" (node_28) is true
[00:37:00.136] [bmv2] [T] [thread 91874] [170.1] [cxt 0] Applying table 'MyEgress.egress_encap_ipv6'
[00:37:00.136] [bmv2] [D] [thread 91874] [170.1] [cxt 0] Looking up key:
* standard_metadata.egress_port: 0002

[00:37:00.136] [bmv2] [D] [thread 91874] [170.1] [cxt 0] Table 'MyEgress.egress_encap_ipv6': miss
[00:37:00.136] [bmv2] [D] [thread 91874] [170.1] [cxt 0] Action entry is NoAction - 
[00:37:00.136] [bmv2] [T] [thread 91874] [170.1] [cxt 0] Action NoAction
[00:37:00.136] [bmv2] [T] [thread 91874] [170.1] [cxt 0] Applying table 'MyEgress.egress_encap_yequdesu'
[00:37:00.136] [bmv2] [D] [thread 91874] [170.1] [cxt 0] Looking up key:
* standard_metadata.egress_port: 0002

[00:37:00.136] [bmv2] [D] [thread 91874] [170.1] [cxt 0] Table 'MyEgress.egress_encap_yequdesu': miss
[00:37:00.136] [bmv2] [D] [thread 91874] [170.1] [cxt 0] Action entry is NoAction - 
[00:37:00.136] [bmv2] [T] [thread 91874] [170.1] [cxt 0] Action NoAction
[00:37:00.136] [bmv2] [T] [thread 91874] [170.1] [cxt 0] Applying table 'MyEgress.egress_encap_vxlan'
[00:37:00.136] [bmv2] [D] [thread 91874] [170.1] [cxt 0] Looking up key:
* standard_metadata.egress_port: 0002

[00:37:00.136] [bmv2] [D] [thread 91874] [170.1] [cxt 0] Table 'MyEgress.egress_encap_vxlan': miss
[00:37:00.136] [bmv2] [D] [thread 91874] [170.1] [cxt 0] Action entry is NoAction - 
[00:37:00.136] [bmv2] [D] [thread 91875] [170.2] [cxt 0] Pipeline 'egress': start
[00:37:00.136] [bmv2] [D] [thread 91872] [170.3] [cxt 0] Pipeline 'egress': start
[00:37:00.136] [bmv2] [T] [thread 91875] [170.2] [cxt 0] basic.p4(684) Condition "standard_metadata.mcast_grp != 0" (node_28) is true
[00:37:00.136] [bmv2] [T] [thread 91875] [170.2] [cxt 0] Applying table 'MyEgress.egress_encap_ipv6'
[00:37:00.136] [bmv2] [T] [thread 91874] [170.1] [cxt 0] Action NoAction
[00:37:00.136] [bmv2] [D] [thread 91874] [170.1] [cxt 0] Pipeline 'egress': end
[00:37:00.136] [bmv2] [D] [thread 91874] [170.1] [cxt 0] Deparser 'deparser': start
[00:37:00.136] [bmv2] [D] [thread 91874] [170.1] [cxt 0] Updating checksum 'cksum'
[00:37:00.136] [bmv2] [D] [thread 91874] [170.1] [cxt 0] Deparsing header 'ethernet'
[00:37:00.136] [bmv2] [D] [thread 91874] [170.1] [cxt 0] Deparsing header 'ipv4'
[00:37:00.136] [bmv2] [D] [thread 91875] [170.2] [cxt 0] Looking up key:
* standard_metadata.egress_port: 0003

[00:37:00.136] [bmv2] [D] [thread 91874] [170.1] [cxt 0] Deparser 'deparser': end
[00:37:00.136] [bmv2] [T] [thread 91873] [169.4] [cxt 0] basic.p4(646) Primitive hdr.ipv4.fragOffset = 0
[00:37:00.136] [bmv2] [D] [thread 91875] [170.2] [cxt 0] Table 'MyEgress.egress_encap_ipv6': hit with handle 0
[00:37:00.136] [bmv2] [T] [thread 91873] [169.4] [cxt 0] basic.p4(647) Primitive hdr.ipv4.ttl = 64
[00:37:00.136] [bmv2] [T] [thread 91873] [169.4] [cxt 0] basic.p4(13) Primitive 17; ...
[00:37:00.136] [bmv2] [T] [thread 91872] [170.3] [cxt 0] basic.p4(684) Condition "standard_metadata.mcast_grp != 0" (node_28) is true
[00:37:00.136] [bmv2] [D] [thread 91875] [170.2] [cxt 0] Dumping entry 0
Match key:
* standard_metadata.egress_port: EXACT     0003
Action entry: MyEgress.encap_ipv6_egress - 20010db8000000000000000000000002,20010db8000000000000000000000001,

[00:37:00.136] [bmv2] [T] [thread 91872] [170.3] [cxt 0] Applying table 'MyEgress.egress_encap_ipv6'
[00:37:00.136] [bmv2] [D] [thread 91875] [170.2] [cxt 0] Action entry is MyEgress.encap_ipv6_egress - 20010db8000000000000000000000002,20010db8000000000000000000000001,
[00:37:00.136] [bmv2] [D] [thread 91872] [170.3] [cxt 0] Looking up key:
* standard_metadata.egress_port: 0004

[00:37:00.136] [bmv2] [T] [thread 91875] [170.2] [cxt 0] Action MyEgress.encap_ipv6_egress
[00:37:00.136] [bmv2] [D] [thread 91876] [170.1] [cxt 0] Transmitting packet of size 54 out of port 2
[00:37:00.137] [bmv2] [T] [thread 91875] [170.2] [cxt 0] basic.p4(616) Primitive hdr.ipv6.setValid()
[00:37:00.137] [bmv2] [T] [thread 91875] [170.2] [cxt 0] basic.p4(617) Primitive hdr.ipv6.version = 6
[00:37:00.137] [bmv2] [T] [thread 91875] [170.2] [cxt 0] basic.p4(618) Primitive hdr.ipv6.trafficClass = 0
[00:37:00.137] [bmv2] [T] [thread 91875] [170.2] [cxt 0] basic.p4(619) Primitive hdr.ipv6.flowLabel = 0
[00:37:00.137] [bmv2] [T] [thread 91875] [170.2] [cxt 0] basic.p4(620) Primitive hdr.ipv6.payLoadLen = hdr.ipv4.totalLen
[00:37:00.137] [bmv2] [T] [thread 91875] [170.2] [cxt 0] basic.p4(621) Primitive hdr.ipv6.nextHdr = 4
[00:37:00.137] [bmv2] [T] [thread 91875] [170.2] [cxt 0] basic.p4(622) Primitive hdr.ipv6.hopLimit = 64
[00:37:00.137] [bmv2] [T] [thread 91875] [170.2] [cxt 0] basic.p4(623) Primitive hdr.ipv6.srcAddr = src
[00:37:00.137] [bmv2] [T] [thread 91875] [170.2] [cxt 0] basic.p4(624) Primitive hdr.ipv6.dstAddr = dst
[00:37:00.137] [bmv2] [T] [thread 91875] [170.2] [cxt 0] basic.p4(625) Primitive hdr.ipv4.ttl = hdr.ipv4.ttl - 1
[00:37:00.137] [bmv2] [T] [thread 91875] [170.2] [cxt 0] basic.p4(626) Primitive hdr.ethernet.etherType = 0x86dd
[00:37:00.137] [bmv2] [T] [thread 91875] [170.2] [cxt 0] Applying table 'MyEgress.egress_encap_yequdesu'
[00:37:00.137] [bmv2] [D] [thread 91875] [170.2] [cxt 0] Looking up key:
* standard_metadata.egress_port: 0003

[00:37:00.137] [bmv2] [D] [thread 91875] [170.2] [cxt 0] Table 'MyEgress.egress_encap_yequdesu': miss
[00:37:00.137] [bmv2] [D] [thread 91875] [170.2] [cxt 0] Action entry is NoAction - 
[00:37:00.137] [bmv2] [T] [thread 91875] [170.2] [cxt 0] Action NoAction
[00:37:00.137] [bmv2] [T] [thread 91875] [170.2] [cxt 0] Applying table 'MyEgress.egress_encap_vxlan'
[00:37:00.137] [bmv2] [D] [thread 91875] [170.2] [cxt 0] Looking up key:
* standard_metadata.egress_port: 0003

[00:37:00.137] [bmv2] [D] [thread 91875] [170.2] [cxt 0] Table 'MyEgress.egress_encap_vxlan': miss
[00:37:00.136] [bmv2] [T] [thread 91873] [169.4] [cxt 0] basic.p4(649) Primitive hdr.ipv4.srcAddr = src
[00:37:00.137] [bmv2] [T] [thread 91873] [169.4] [cxt 0] basic.p4(650) Primitive hdr.ipv4.dstAddr = dst
[00:37:00.137] [bmv2] [T] [thread 91873] [169.4] [cxt 0] basic.p4(652) Primitive hdr.udp.setValid()
[00:37:00.137] [bmv2] [T] [thread 91873] [169.4] [cxt 0] basic.p4(653) Primitive hdr.udp.srcPort = 4789
[00:37:00.137] [bmv2] [T] [thread 91873] [169.4] [cxt 0] basic.p4(654) Primitive hdr.udp.dstPort = 4789
[00:37:00.137] [bmv2] [T] [thread 91873] [169.4] [cxt 0] basic.p4(655) Primitive hdr.udp.length = hdr.udp.length + 38
[00:37:00.137] [bmv2] [T] [thread 91873] [169.4] [cxt 0] basic.p4(656) Primitive hdr.udp.checksum = 0
[00:37:00.137] [bmv2] [T] [thread 91873] [169.4] [cxt 0] basic.p4(658) Primitive hdr.vxlan.setValid()
[00:37:00.137] [bmv2] [T] [thread 91873] [169.4] [cxt 0] basic.p4(659) Primitive hdr.vxlan.flags = 0x08
[00:37:00.137] [bmv2] [T] [thread 91873] [169.4] [cxt 0] basic.p4(660) Primitive hdr.vxlan.reserved1 = 0
[00:37:00.137] [bmv2] [T] [thread 91873] [169.4] [cxt 0] basic.p4(661) Primitive hdr.vxlan.vni = vni
[00:37:00.137] [bmv2] [T] [thread 91873] [169.4] [cxt 0] basic.p4(662) Primitive hdr.vxlan.reserved2 = 0
[00:37:00.137] [bmv2] [D] [thread 91873] [169.4] [cxt 0] Pipeline 'egress': end
[00:37:00.137] [bmv2] [D] [thread 91873] [169.4] [cxt 0] Deparser 'deparser': start
[00:37:00.137] [bmv2] [D] [thread 91873] [169.4] [cxt 0] Updating checksum 'cksum'
[00:37:00.137] [bmv2] [D] [thread 91873] [169.4] [cxt 0] Deparsing header 'ethernet'
[00:37:00.137] [bmv2] [D] [thread 91873] [169.4] [cxt 0] Deparsing header 'ipv4'
[00:37:00.137] [bmv2] [D] [thread 91873] [169.4] [cxt 0] Deparsing header 'udp'
[00:37:00.137] [bmv2] [D] [thread 91873] [169.4] [cxt 0] Deparsing header 'vxlan'
[00:37:00.137] [bmv2] [D] [thread 91873] [169.4] [cxt 0] Deparser 'deparser': end
[00:37:00.137] [bmv2] [D] [thread 91873] [170.4] [cxt 0] Pipeline 'egress': start
[00:37:00.137] [bmv2] [T] [thread 91873] [170.4] [cxt 0] basic.p4(684) Condition "standard_metadata.mcast_grp != 0" (node_28) is true
[00:37:00.137] [bmv2] [T] [thread 91873] [170.4] [cxt 0] Applying table 'MyEgress.egress_encap_ipv6'
[00:37:00.137] [bmv2] [D] [thread 91873] [170.4] [cxt 0] Looking up key:
* standard_metadata.egress_port: 0005

[00:37:00.137] [bmv2] [D] [thread 91873] [170.4] [cxt 0] Table 'MyEgress.egress_encap_ipv6': miss
[00:37:00.137] [bmv2] [D] [thread 91873] [170.4] [cxt 0] Action entry is NoAction - 
[00:37:00.137] [bmv2] [T] [thread 91873] [170.4] [cxt 0] Action NoAction
[00:37:00.137] [bmv2] [T] [thread 91873] [170.4] [cxt 0] Applying table 'MyEgress.egress_encap_yequdesu'
[00:37:00.137] [bmv2] [D] [thread 91873] [170.4] [cxt 0] Looking up key:
* standard_metadata.egress_port: 0005

[00:37:00.137] [bmv2] [D] [thread 91873] [170.4] [cxt 0] Table 'MyEgress.egress_encap_yequdesu': miss
[00:37:00.137] [bmv2] [D] [thread 91873] [170.4] [cxt 0] Action entry is NoAction - 
[00:37:00.137] [bmv2] [D] [thread 91876] [169.4] [cxt 0] Transmitting packet of size 70 out of port 5
[00:37:00.136] [bmv2] [D] [thread 91872] [170.3] [cxt 0] Table 'MyEgress.egress_encap_ipv6': miss
[00:37:00.137] [bmv2] [D] [thread 91872] [170.3] [cxt 0] Action entry is NoAction - 
[00:37:00.137] [bmv2] [T] [thread 91873] [170.4] [cxt 0] Action NoAction
[00:37:00.137] [bmv2] [T] [thread 91872] [170.3] [cxt 0] Action NoAction
[00:37:00.137] [bmv2] [T] [thread 91873] [170.4] [cxt 0] Applying table 'MyEgress.egress_encap_vxlan'
[00:37:00.137] [bmv2] [T] [thread 91872] [170.3] [cxt 0] Applying table 'MyEgress.egress_encap_yequdesu'
[00:37:00.137] [bmv2] [D] [thread 91873] [170.4] [cxt 0] Looking up key:
* standard_metadata.egress_port: 0005

[00:37:00.137] [bmv2] [D] [thread 91872] [170.3] [cxt 0] Looking up key:
* standard_metadata.egress_port: 0004

[00:37:00.137] [bmv2] [D] [thread 91873] [170.4] [cxt 0] Table 'MyEgress.egress_encap_vxlan': hit with handle 0
[00:37:00.137] [bmv2] [D] [thread 91872] [170.3] [cxt 0] Table 'MyEgress.egress_encap_yequdesu': hit with handle 0
[00:37:00.137] [bmv2] [D] [thread 91873] [170.4] [cxt 0] Dumping entry 0
Match key:
* standard_metadata.egress_port: EXACT     0005
Action entry: MyEgress.encap_vxlan_egress - 65,a00020a,a00010a,

[00:37:00.137] [bmv2] [D] [thread 91873] [170.4] [cxt 0] Action entry is MyEgress.encap_vxlan_egress - 65,a00020a,a00010a,
[00:37:00.137] [bmv2] [T] [thread 91873] [170.4] [cxt 0] Action MyEgress.encap_vxlan_egress
[00:37:00.137] [bmv2] [T] [thread 91873] [170.4] [cxt 0] basic.p4(7) Primitive 0x800; ...
[00:37:00.137] [bmv2] [T] [thread 91873] [170.4] [cxt 0] basic.p4(639) Primitive hdr.ipv4.setValid()
[00:37:00.137] [bmv2] [T] [thread 91873] [170.4] [cxt 0] basic.p4(640) Primitive hdr.ipv4.version = 4
[00:37:00.137] [bmv2] [T] [thread 91873] [170.4] [cxt 0] basic.p4(641) Primitive hdr.ipv4.ihl = 5
[00:37:00.137] [bmv2] [D] [thread 91872] [170.3] [cxt 0] Dumping entry 0
Match key:
* standard_metadata.egress_port: EXACT     0004
Action entry: MyEgress.encap_yequdesu_egress - 12d,

[00:37:00.137] [bmv2] [T] [thread 91873] [170.4] [cxt 0] basic.p4(642) Primitive hdr.ipv4.diffserv = 0
[00:37:00.137] [bmv2] [T] [thread 91873] [170.4] [cxt 0] basic.p4(643) Primitive hdr.ipv4.totalLen = hdr.ipv4.totalLen + 50
[00:37:00.137] [bmv2] [D] [thread 91872] [170.3] [cxt 0] Action entry is MyEgress.encap_yequdesu_egress - 12d,
[00:37:00.137] [bmv2] [T] [thread 91873] [170.4] [cxt 0] basic.p4(644) Primitive hdr.ipv4.identification = 0
[00:37:00.137] [bmv2] [T] [thread 91872] [170.3] [cxt 0] Action MyEgress.encap_yequdesu_egress
[00:37:00.137] [bmv2] [T] [thread 91873] [170.4] [cxt 0] basic.p4(645) Primitive hdr.ipv4.flags = 0
[00:37:00.137] [bmv2] [T] [thread 91872] [170.3] [cxt 0] basic.p4(630) Primitive hdr.yequdesu.setValid()
[00:37:00.137] [bmv2] [T] [thread 91873] [170.4] [cxt 0] basic.p4(646) Primitive hdr.ipv4.fragOffset = 0
[00:37:00.137] [bmv2] [T] [thread 91873] [170.4] [cxt 0] basic.p4(647) Primitive hdr.ipv4.ttl = 64
[00:37:00.137] [bmv2] [T] [thread 91872] [170.3] [cxt 0] basic.p4(631) Primitive hdr.yequdesu.dst_id = dst_id
[00:37:00.137] [bmv2] [T] [thread 91872] [170.3] [cxt 0] basic.p4(632) Primitive hdr.yequdesu.proto_id = 0x800
[00:37:00.137] [bmv2] [T] [thread 91872] [170.3] [cxt 0] basic.p4(6) Primitive 0x1313; ...
[00:37:00.137] [bmv2] [T] [thread 91873] [170.4] [cxt 0] basic.p4(13) Primitive 17; ...
[00:37:00.137] [bmv2] [T] [thread 91872] [170.3] [cxt 0] Applying table 'MyEgress.egress_encap_vxlan'
[00:37:00.137] [bmv2] [T] [thread 91873] [170.4] [cxt 0] basic.p4(649) Primitive hdr.ipv4.srcAddr = src
[00:37:00.137] [bmv2] [T] [thread 91873] [170.4] [cxt 0] basic.p4(650) Primitive hdr.ipv4.dstAddr = dst
[00:37:00.137] [bmv2] [D] [thread 91872] [170.3] [cxt 0] Looking up key:
* standard_metadata.egress_port: 0004

[00:37:00.137] [bmv2] [T] [thread 91873] [170.4] [cxt 0] basic.p4(652) Primitive hdr.udp.setValid()
[00:37:00.137] [bmv2] [D] [thread 91872] [170.3] [cxt 0] Table 'MyEgress.egress_encap_vxlan': miss
[00:37:00.137] [bmv2] [T] [thread 91873] [170.4] [cxt 0] basic.p4(653) Primitive hdr.udp.srcPort = 4789
[00:37:00.137] [bmv2] [D] [thread 91872] [170.3] [cxt 0] Action entry is NoAction - 
[00:37:00.137] [bmv2] [T] [thread 91873] [170.4] [cxt 0] basic.p4(654) Primitive hdr.udp.dstPort = 4789
[00:37:00.137] [bmv2] [T] [thread 91872] [170.3] [cxt 0] Action NoAction
[00:37:00.137] [bmv2] [T] [thread 91873] [170.4] [cxt 0] basic.p4(655) Primitive hdr.udp.length = hdr.udp.length + 38
[00:37:00.137] [bmv2] [D] [thread 91872] [170.3] [cxt 0] Pipeline 'egress': end
[00:37:00.137] [bmv2] [T] [thread 91873] [170.4] [cxt 0] basic.p4(656) Primitive hdr.udp.checksum = 0
[00:37:00.137] [bmv2] [D] [thread 91872] [170.3] [cxt 0] Deparser 'deparser': start
[00:37:00.137] [bmv2] [T] [thread 91873] [170.4] [cxt 0] basic.p4(658) Primitive hdr.vxlan.setValid()
[00:37:00.137] [bmv2] [D] [thread 91872] [170.3] [cxt 0] Updating checksum 'cksum'
[00:37:00.137] [bmv2] [D] [thread 91872] [170.3] [cxt 0] Deparsing header 'ethernet'
[00:37:00.137] [bmv2] [D] [thread 91872] [170.3] [cxt 0] Deparsing header 'yequdesu'
[00:37:00.137] [bmv2] [D] [thread 91872] [170.3] [cxt 0] Deparsing header 'ipv4'
[00:37:00.137] [bmv2] [D] [thread 91872] [170.3] [cxt 0] Deparser 'deparser': end
[00:37:00.137] [bmv2] [D] [thread 91876] [170.3] [cxt 0] Transmitting packet of size 58 out of port 4
[00:37:00.137] [bmv2] [D] [thread 91875] [170.2] [cxt 0] Action entry is NoAction - 
[00:37:00.137] [bmv2] [T] [thread 91875] [170.2] [cxt 0] Action NoAction
[00:37:00.137] [bmv2] [D] [thread 91875] [170.2] [cxt 0] Pipeline 'egress': end
[00:37:00.137] [bmv2] [D] [thread 91875] [170.2] [cxt 0] Deparser 'deparser': start
[00:37:00.137] [bmv2] [D] [thread 91875] [170.2] [cxt 0] Updating checksum 'cksum'
[00:37:00.137] [bmv2] [D] [thread 91875] [170.2] [cxt 0] Deparsing header 'ethernet'
[00:37:00.137] [bmv2] [D] [thread 91875] [170.2] [cxt 0] Deparsing header 'ipv4'
[00:37:00.137] [bmv2] [D] [thread 91875] [170.2] [cxt 0] Deparsing header 'ipv6'
[00:37:00.137] [bmv2] [D] [thread 91875] [170.2] [cxt 0] Deparser 'deparser': end
[00:37:00.137] [bmv2] [T] [thread 91873] [170.4] [cxt 0] basic.p4(659) Primitive hdr.vxlan.flags = 0x08
[00:37:00.137] [bmv2] [T] [thread 91873] [170.4] [cxt 0] basic.p4(660) Primitive hdr.vxlan.reserved1 = 0
[00:37:00.137] [bmv2] [T] [thread 91873] [170.4] [cxt 0] basic.p4(661) Primitive hdr.vxlan.vni = vni
[00:37:00.137] [bmv2] [T] [thread 91873] [170.4] [cxt 0] basic.p4(662) Primitive hdr.vxlan.reserved2 = 0
[00:37:00.137] [bmv2] [D] [thread 91873] [170.4] [cxt 0] Pipeline 'egress': end
[00:37:00.137] [bmv2] [D] [thread 91873] [170.4] [cxt 0] Deparser 'deparser': start
[00:37:00.137] [bmv2] [D] [thread 91873] [170.4] [cxt 0] Updating checksum 'cksum'
[00:37:00.137] [bmv2] [D] [thread 91873] [170.4] [cxt 0] Deparsing header 'ethernet'
[00:37:00.137] [bmv2] [D] [thread 91876] [170.2] [cxt 0] Transmitting packet of size 94 out of port 3
[00:37:00.137] [bmv2] [D] [thread 91873] [170.4] [cxt 0] Deparsing header 'ipv4'
[00:37:00.137] [bmv2] [D] [thread 91873] [170.4] [cxt 0] Deparsing header 'udp'
[00:37:00.137] [bmv2] [D] [thread 91873] [170.4] [cxt 0] Deparsing header 'vxlan'
[00:37:00.137] [bmv2] [D] [thread 91873] [170.4] [cxt 0] Deparser 'deparser': end
[00:37:00.138] [bmv2] [D] [thread 91876] [170.4] [cxt 0] Transmitting packet of size 70 out of port 5
[00:37:06.189] [bmv2] [D] [thread 91871] [171.0] [cxt 0] Processing packet received on port 2
[00:37:06.190] [bmv2] [D] [thread 91871] [171.0] [cxt 0] Parser 'parser': start
[00:37:06.190] [bmv2] [D] [thread 91871] [171.0] [cxt 0] Parser 'parser' entering state 'start'
[00:37:06.190] [bmv2] [D] [thread 91871] [171.0] [cxt 0] Extracting header 'ethernet'
[00:37:06.190] [bmv2] [D] [thread 91871] [171.0] [cxt 0] Parser state 'start': key is 86dd
[00:37:06.190] [bmv2] [T] [thread 91871] [171.0] [cxt 0] Bytes parsed: 14
[00:37:06.190] [bmv2] [D] [thread 91871] [171.0] [cxt 0] Parser 'parser' entering state 'parse_ipv6'
[00:37:06.190] [bmv2] [D] [thread 91871] [171.0] [cxt 0] Extracting header 'ipv6'
[00:37:06.190] [bmv2] [D] [thread 91871] [171.0] [cxt 0] Parser state 'parse_ipv6': key is 3a
[00:37:06.190] [bmv2] [T] [thread 91871] [171.0] [cxt 0] Bytes parsed: 54
[00:37:06.190] [bmv2] [D] [thread 91871] [171.0] [cxt 0] Parser 'parser': end
[00:37:06.190] [bmv2] [D] [thread 91871] [171.0] [cxt 0] Pipeline 'ingress': start
[00:37:06.190] [bmv2] [T] [thread 91871] [171.0] [cxt 0] basic.p4(560) Condition "hdr.ethernet.etherType == TYPE_ARP" (node_2) is false
[00:37:06.190] [bmv2] [T] [thread 91871] [171.0] [cxt 0] basic.p4(563) Condition "hdr.ethernet.etherType == TYPE_SRCROUTING" (node_4) is false
[00:37:06.190] [bmv2] [T] [thread 91871] [171.0] [cxt 0] basic.p4(576) Condition "hdr.ethernet.etherType == TYPE_YEQUDESU" (node_12) is false
[00:37:06.190] [bmv2] [T] [thread 91871] [171.0] [cxt 0] basic.p4(582) Condition "hdr.vxlan.isValid()" (node_15) is false
[00:37:06.190] [bmv2] [T] [thread 91871] [171.0] [cxt 0] basic.p4(586) Condition "hdr.ipv6.isValid()" (node_17) is true
[00:37:06.190] [bmv2] [T] [thread 91871] [171.0] [cxt 0] Applying table 'MyIngress.ipv6_lpm'
[00:37:06.190] [bmv2] [D] [thread 91871] [171.0] [cxt 0] Looking up key:
* hdr.ipv6.dstAddr    : ff020000000000000000000000000002

[00:37:06.190] [bmv2] [D] [thread 91871] [171.0] [cxt 0] Table 'MyIngress.ipv6_lpm': miss
[00:37:06.190] [bmv2] [D] [thread 91871] [171.0] [cxt 0] Action entry is NoAction - 
[00:37:06.190] [bmv2] [T] [thread 91871] [171.0] [cxt 0] Action NoAction
[00:37:06.190] [bmv2] [D] [thread 91871] [171.0] [cxt 0] Pipeline 'ingress': end
[00:37:06.190] [bmv2] [D] [thread 91871] [171.0] [cxt 0] Egress port is 0
[00:37:06.190] [bmv2] [D] [thread 91871] [172.0] [cxt 0] Processing packet received on port 3
[00:37:06.190] [bmv2] [D] [thread 91871] [172.0] [cxt 0] Parser 'parser': start
[00:37:06.190] [bmv2] [D] [thread 91871] [172.0] [cxt 0] Parser 'parser' entering state 'start'
[00:37:06.190] [bmv2] [D] [thread 91871] [172.0] [cxt 0] Extracting header 'ethernet'
[00:37:06.190] [bmv2] [D] [thread 91871] [172.0] [cxt 0] Parser state 'start': key is 86dd
[00:37:06.190] [bmv2] [T] [thread 91871] [172.0] [cxt 0] Bytes parsed: 14
[00:37:06.190] [bmv2] [D] [thread 91871] [172.0] [cxt 0] Parser 'parser' entering state 'parse_ipv6'
[00:37:06.190] [bmv2] [D] [thread 91871] [172.0] [cxt 0] Extracting header 'ipv6'
[00:37:06.190] [bmv2] [D] [thread 91871] [172.0] [cxt 0] Parser state 'parse_ipv6': key is 3a
[00:37:06.190] [bmv2] [T] [thread 91871] [172.0] [cxt 0] Bytes parsed: 54
[00:37:06.190] [bmv2] [D] [thread 91871] [172.0] [cxt 0] Parser 'parser': end
[00:37:06.190] [bmv2] [D] [thread 91871] [172.0] [cxt 0] Pipeline 'ingress': start
[00:37:06.190] [bmv2] [T] [thread 91871] [172.0] [cxt 0] basic.p4(560) Condition "hdr.ethernet.etherType == TYPE_ARP" (node_2) is false
[00:37:06.190] [bmv2] [T] [thread 91871] [172.0] [cxt 0] basic.p4(563) Condition "hdr.ethernet.etherType == TYPE_SRCROUTING" (node_4) is false
[00:37:06.190] [bmv2] [T] [thread 91871] [172.0] [cxt 0] basic.p4(576) Condition "hdr.ethernet.etherType == TYPE_YEQUDESU" (node_12) is false
[00:37:06.190] [bmv2] [T] [thread 91871] [172.0] [cxt 0] basic.p4(582) Condition "hdr.vxlan.isValid()" (node_15) is false
[00:37:06.190] [bmv2] [T] [thread 91871] [172.0] [cxt 0] basic.p4(586) Condition "hdr.ipv6.isValid()" (node_17) is true
[00:37:06.190] [bmv2] [T] [thread 91871] [172.0] [cxt 0] Applying table 'MyIngress.ipv6_lpm'
[00:37:06.190] [bmv2] [D] [thread 91871] [172.0] [cxt 0] Looking up key:
* hdr.ipv6.dstAddr    : ff020000000000000000000000000002

[00:37:06.190] [bmv2] [D] [thread 91871] [172.0] [cxt 0] Table 'MyIngress.ipv6_lpm': miss
[00:37:06.190] [bmv2] [D] [thread 91871] [172.0] [cxt 0] Action entry is NoAction - 
[00:37:06.190] [bmv2] [T] [thread 91871] [172.0] [cxt 0] Action NoAction
[00:37:06.190] [bmv2] [D] [thread 91872] [171.0] [cxt 0] Pipeline 'egress': start
[00:37:06.190] [bmv2] [T] [thread 91872] [171.0] [cxt 0] basic.p4(684) Condition "standard_metadata.mcast_grp != 0" (node_28) is false
[00:37:06.190] [bmv2] [D] [thread 91872] [171.0] [cxt 0] Pipeline 'egress': end
[00:37:06.190] [bmv2] [D] [thread 91872] [171.0] [cxt 0] Deparser 'deparser': start
[00:37:06.190] [bmv2] [T] [thread 91872] [171.0] [cxt 0] Skipping checksum 'cksum' update because condition not met
[00:37:06.190] [bmv2] [D] [thread 91872] [171.0] [cxt 0] Deparsing header 'ethernet'
[00:37:06.190] [bmv2] [D] [thread 91872] [171.0] [cxt 0] Deparsing header 'ipv6'
[00:37:06.190] [bmv2] [D] [thread 91872] [171.0] [cxt 0] Deparser 'deparser': end
[00:37:06.190] [bmv2] [D] [thread 91871] [172.0] [cxt 0] Pipeline 'ingress': end
[00:37:06.190] [bmv2] [D] [thread 91871] [172.0] [cxt 0] Egress port is 0
[00:37:06.190] [bmv2] [D] [thread 91871] [173.0] [cxt 0] Processing packet received on port 5
[00:37:06.190] [bmv2] [D] [thread 91871] [173.0] [cxt 0] Parser 'parser': start
[00:37:06.190] [bmv2] [D] [thread 91871] [173.0] [cxt 0] Parser 'parser' entering state 'start'
[00:37:06.190] [bmv2] [D] [thread 91871] [173.0] [cxt 0] Extracting header 'ethernet'
[00:37:06.190] [bmv2] [D] [thread 91871] [173.0] [cxt 0] Parser state 'start': key is 86dd
[00:37:06.190] [bmv2] [T] [thread 91871] [173.0] [cxt 0] Bytes parsed: 14
[00:37:06.190] [bmv2] [D] [thread 91871] [173.0] [cxt 0] Parser 'parser' entering state 'parse_ipv6'
[00:37:06.190] [bmv2] [D] [thread 91871] [173.0] [cxt 0] Extracting header 'ipv6'
[00:37:06.190] [bmv2] [D] [thread 91871] [173.0] [cxt 0] Parser state 'parse_ipv6': key is 3a
[00:37:06.190] [bmv2] [T] [thread 91871] [173.0] [cxt 0] Bytes parsed: 54
[00:37:06.190] [bmv2] [D] [thread 91871] [173.0] [cxt 0] Parser 'parser': end
[00:37:06.190] [bmv2] [D] [thread 91871] [173.0] [cxt 0] Pipeline 'ingress': start
[00:37:06.190] [bmv2] [T] [thread 91871] [173.0] [cxt 0] basic.p4(560) Condition "hdr.ethernet.etherType == TYPE_ARP" (node_2) is false
[00:37:06.190] [bmv2] [T] [thread 91871] [173.0] [cxt 0] basic.p4(563) Condition "hdr.ethernet.etherType == TYPE_SRCROUTING" (node_4) is false
[00:37:06.190] [bmv2] [D] [thread 91876] [171.0] [cxt 0] Transmitting packet of size 70 out of port 0
[00:37:06.190] [bmv2] [D] [thread 91872] [172.0] [cxt 0] Pipeline 'egress': start
[00:37:06.190] [bmv2] [T] [thread 91872] [172.0] [cxt 0] basic.p4(684) Condition "standard_metadata.mcast_grp != 0" (node_28) is false
[00:37:06.190] [bmv2] [D] [thread 91872] [172.0] [cxt 0] Pipeline 'egress': end
[00:37:06.190] [bmv2] [T] [thread 91871] [173.0] [cxt 0] basic.p4(576) Condition "hdr.ethernet.etherType == TYPE_YEQUDESU" (node_12) is false
[00:37:06.190] [bmv2] [T] [thread 91871] [173.0] [cxt 0] basic.p4(582) Condition "hdr.vxlan.isValid()" (node_15) is false
[00:37:06.190] [bmv2] [T] [thread 91871] [173.0] [cxt 0] basic.p4(586) Condition "hdr.ipv6.isValid()" (node_17) is true
[00:37:06.190] [bmv2] [T] [thread 91871] [173.0] [cxt 0] Applying table 'MyIngress.ipv6_lpm'
[00:37:06.190] [bmv2] [D] [thread 91871] [173.0] [cxt 0] Looking up key:
* hdr.ipv6.dstAddr    : ff020000000000000000000000000002

[00:37:06.190] [bmv2] [D] [thread 91871] [173.0] [cxt 0] Table 'MyIngress.ipv6_lpm': miss
[00:37:06.190] [bmv2] [D] [thread 91871] [173.0] [cxt 0] Action entry is NoAction - 
[00:37:06.190] [bmv2] [T] [thread 91871] [173.0] [cxt 0] Action NoAction
[00:37:06.190] [bmv2] [D] [thread 91871] [173.0] [cxt 0] Pipeline 'ingress': end
[00:37:06.190] [bmv2] [D] [thread 91871] [173.0] [cxt 0] Egress port is 0
[00:37:06.190] [bmv2] [D] [thread 91872] [172.0] [cxt 0] Deparser 'deparser': start
[00:37:06.190] [bmv2] [T] [thread 91872] [172.0] [cxt 0] Skipping checksum 'cksum' update because condition not met
[00:37:06.190] [bmv2] [D] [thread 91872] [172.0] [cxt 0] Deparsing header 'ethernet'
[00:37:06.190] [bmv2] [D] [thread 91872] [172.0] [cxt 0] Deparsing header 'ipv6'
[00:37:06.190] [bmv2] [D] [thread 91872] [172.0] [cxt 0] Deparser 'deparser': end
[00:37:06.190] [bmv2] [D] [thread 91872] [173.0] [cxt 0] Pipeline 'egress': start
[00:37:06.190] [bmv2] [T] [thread 91872] [173.0] [cxt 0] basic.p4(684) Condition "standard_metadata.mcast_grp != 0" (node_28) is false
[00:37:06.190] [bmv2] [D] [thread 91872] [173.0] [cxt 0] Pipeline 'egress': end
[00:37:06.190] [bmv2] [D] [thread 91872] [173.0] [cxt 0] Deparser 'deparser': start
[00:37:06.190] [bmv2] [T] [thread 91872] [173.0] [cxt 0] Skipping checksum 'cksum' update because condition not met
[00:37:06.190] [bmv2] [D] [thread 91872] [173.0] [cxt 0] Deparsing header 'ethernet'
[00:37:06.190] [bmv2] [D] [thread 91872] [173.0] [cxt 0] Deparsing header 'ipv6'
[00:37:06.190] [bmv2] [D] [thread 91872] [173.0] [cxt 0] Deparser 'deparser': end
[00:37:06.190] [bmv2] [D] [thread 91876] [172.0] [cxt 0] Transmitting packet of size 70 out of port 0
[00:37:06.190] [bmv2] [D] [thread 91876] [173.0] [cxt 0] Transmitting packet of size 70 out of port 0
[00:37:07.214] [bmv2] [D] [thread 91871] [174.0] [cxt 0] Processing packet received on port 2
[00:37:07.214] [bmv2] [D] [thread 91871] [174.0] [cxt 0] Parser 'parser': start
[00:37:07.214] [bmv2] [D] [thread 91871] [174.0] [cxt 0] Parser 'parser' entering state 'start'
[00:37:07.214] [bmv2] [D] [thread 91871] [174.0] [cxt 0] Extracting header 'ethernet'
[00:37:07.214] [bmv2] [D] [thread 91871] [174.0] [cxt 0] Parser state 'start': key is 86dd
[00:37:07.214] [bmv2] [T] [thread 91871] [174.0] [cxt 0] Bytes parsed: 14
[00:37:07.214] [bmv2] [D] [thread 91871] [174.0] [cxt 0] Parser 'parser' entering state 'parse_ipv6'
[00:37:07.214] [bmv2] [D] [thread 91871] [174.0] [cxt 0] Extracting header 'ipv6'
[00:37:07.214] [bmv2] [D] [thread 91871] [174.0] [cxt 0] Parser state 'parse_ipv6': key is 3a
[00:37:07.214] [bmv2] [T] [thread 91871] [174.0] [cxt 0] Bytes parsed: 54
[00:37:07.214] [bmv2] [D] [thread 91871] [174.0] [cxt 0] Parser 'parser': end
[00:37:07.214] [bmv2] [D] [thread 91871] [174.0] [cxt 0] Pipeline 'ingress': start
[00:37:07.214] [bmv2] [T] [thread 91871] [174.0] [cxt 0] basic.p4(560) Condition "hdr.ethernet.etherType == TYPE_ARP" (node_2) is false
[00:37:07.214] [bmv2] [T] [thread 91871] [174.0] [cxt 0] basic.p4(563) Condition "hdr.ethernet.etherType == TYPE_SRCROUTING" (node_4) is false
[00:37:07.214] [bmv2] [T] [thread 91871] [174.0] [cxt 0] basic.p4(576) Condition "hdr.ethernet.etherType == TYPE_YEQUDESU" (node_12) is false
[00:37:07.214] [bmv2] [T] [thread 91871] [174.0] [cxt 0] basic.p4(582) Condition "hdr.vxlan.isValid()" (node_15) is false
[00:37:07.214] [bmv2] [T] [thread 91871] [174.0] [cxt 0] basic.p4(586) Condition "hdr.ipv6.isValid()" (node_17) is true
[00:37:07.214] [bmv2] [T] [thread 91871] [174.0] [cxt 0] Applying table 'MyIngress.ipv6_lpm'
[00:37:07.214] [bmv2] [D] [thread 91871] [174.0] [cxt 0] Looking up key:
* hdr.ipv6.dstAddr    : ff020000000000000000000000000002

[00:37:07.214] [bmv2] [D] [thread 91871] [174.0] [cxt 0] Table 'MyIngress.ipv6_lpm': miss
[00:37:07.214] [bmv2] [D] [thread 91871] [174.0] [cxt 0] Action entry is NoAction - 
[00:37:07.214] [bmv2] [T] [thread 91871] [174.0] [cxt 0] Action NoAction
[00:37:07.214] [bmv2] [D] [thread 91871] [174.0] [cxt 0] Pipeline 'ingress': end
[00:37:07.214] [bmv2] [D] [thread 91871] [174.0] [cxt 0] Egress port is 0
[00:37:07.214] [bmv2] [D] [thread 91872] [174.0] [cxt 0] Pipeline 'egress': start
[00:37:07.214] [bmv2] [T] [thread 91872] [174.0] [cxt 0] basic.p4(684) Condition "standard_metadata.mcast_grp != 0" (node_28) is false
[00:37:07.214] [bmv2] [D] [thread 91872] [174.0] [cxt 0] Pipeline 'egress': end
[00:37:07.214] [bmv2] [D] [thread 91872] [174.0] [cxt 0] Deparser 'deparser': start
[00:37:07.214] [bmv2] [T] [thread 91872] [174.0] [cxt 0] Skipping checksum 'cksum' update because condition not met
[00:37:07.214] [bmv2] [D] [thread 91872] [174.0] [cxt 0] Deparsing header 'ethernet'
[00:37:07.214] [bmv2] [D] [thread 91872] [174.0] [cxt 0] Deparsing header 'ipv6'
[00:37:07.214] [bmv2] [D] [thread 91872] [174.0] [cxt 0] Deparser 'deparser': end
[00:37:07.214] [bmv2] [D] [thread 91876] [174.0] [cxt 0] Transmitting packet of size 70 out of port 0
[00:37:07.725] [bmv2] [D] [thread 91871] [175.0] [cxt 0] Processing packet received on port 1
[00:37:07.725] [bmv2] [D] [thread 91871] [175.0] [cxt 0] Parser 'parser': start
[00:37:07.725] [bmv2] [D] [thread 91871] [175.0] [cxt 0] Parser 'parser' entering state 'start'
[00:37:07.725] [bmv2] [D] [thread 91871] [175.0] [cxt 0] Extracting header 'ethernet'
[00:37:07.725] [bmv2] [D] [thread 91871] [175.0] [cxt 0] Parser state 'start': key is 86dd
[00:37:07.725] [bmv2] [T] [thread 91871] [175.0] [cxt 0] Bytes parsed: 14
[00:37:07.725] [bmv2] [D] [thread 91871] [175.0] [cxt 0] Parser 'parser' entering state 'parse_ipv6'
[00:37:07.725] [bmv2] [D] [thread 91871] [175.0] [cxt 0] Extracting header 'ipv6'
[00:37:07.725] [bmv2] [D] [thread 91871] [175.0] [cxt 0] Parser state 'parse_ipv6': key is 3a
[00:37:07.725] [bmv2] [T] [thread 91871] [175.0] [cxt 0] Bytes parsed: 54
[00:37:07.725] [bmv2] [D] [thread 91871] [175.0] [cxt 0] Parser 'parser': end
[00:37:07.725] [bmv2] [D] [thread 91871] [175.0] [cxt 0] Pipeline 'ingress': start
[00:37:07.725] [bmv2] [T] [thread 91871] [175.0] [cxt 0] basic.p4(560) Condition "hdr.ethernet.etherType == TYPE_ARP" (node_2) is false
[00:37:07.725] [bmv2] [T] [thread 91871] [175.0] [cxt 0] basic.p4(563) Condition "hdr.ethernet.etherType == TYPE_SRCROUTING" (node_4) is false
[00:37:07.725] [bmv2] [T] [thread 91871] [175.0] [cxt 0] basic.p4(576) Condition "hdr.ethernet.etherType == TYPE_YEQUDESU" (node_12) is false
[00:37:07.725] [bmv2] [T] [thread 91871] [175.0] [cxt 0] basic.p4(582) Condition "hdr.vxlan.isValid()" (node_15) is false
[00:37:07.725] [bmv2] [T] [thread 91871] [175.0] [cxt 0] basic.p4(586) Condition "hdr.ipv6.isValid()" (node_17) is true
[00:37:07.725] [bmv2] [T] [thread 91871] [175.0] [cxt 0] Applying table 'MyIngress.ipv6_lpm'
[00:37:07.725] [bmv2] [D] [thread 91871] [175.0] [cxt 0] Looking up key:
* hdr.ipv6.dstAddr    : ff020000000000000000000000000002

[00:37:07.725] [bmv2] [D] [thread 91871] [175.0] [cxt 0] Table 'MyIngress.ipv6_lpm': miss
[00:37:07.725] [bmv2] [D] [thread 91871] [175.0] [cxt 0] Action entry is NoAction - 
[00:37:07.725] [bmv2] [T] [thread 91871] [175.0] [cxt 0] Action NoAction
[00:37:07.725] [bmv2] [D] [thread 91871] [175.0] [cxt 0] Pipeline 'ingress': end
[00:37:07.725] [bmv2] [D] [thread 91871] [175.0] [cxt 0] Egress port is 0
[00:37:07.725] [bmv2] [D] [thread 91871] [176.0] [cxt 0] Processing packet received on port 4
[00:37:07.725] [bmv2] [D] [thread 91871] [176.0] [cxt 0] Parser 'parser': start
[00:37:07.725] [bmv2] [D] [thread 91871] [176.0] [cxt 0] Parser 'parser' entering state 'start'
[00:37:07.725] [bmv2] [D] [thread 91871] [176.0] [cxt 0] Extracting header 'ethernet'
[00:37:07.725] [bmv2] [D] [thread 91871] [176.0] [cxt 0] Parser state 'start': key is 86dd
[00:37:07.725] [bmv2] [T] [thread 91871] [176.0] [cxt 0] Bytes parsed: 14
[00:37:07.725] [bmv2] [D] [thread 91871] [176.0] [cxt 0] Parser 'parser' entering state 'parse_ipv6'
[00:37:07.725] [bmv2] [D] [thread 91871] [176.0] [cxt 0] Extracting header 'ipv6'
[00:37:07.725] [bmv2] [D] [thread 91871] [176.0] [cxt 0] Parser state 'parse_ipv6': key is 3a
[00:37:07.726] [bmv2] [T] [thread 91871] [176.0] [cxt 0] Bytes parsed: 54
[00:37:07.726] [bmv2] [D] [thread 91871] [176.0] [cxt 0] Parser 'parser': end
[00:37:07.726] [bmv2] [D] [thread 91871] [176.0] [cxt 0] Pipeline 'ingress': start
[00:37:07.726] [bmv2] [T] [thread 91871] [176.0] [cxt 0] basic.p4(560) Condition "hdr.ethernet.etherType == TYPE_ARP" (node_2) is false
[00:37:07.726] [bmv2] [T] [thread 91871] [176.0] [cxt 0] basic.p4(563) Condition "hdr.ethernet.etherType == TYPE_SRCROUTING" (node_4) is false
[00:37:07.726] [bmv2] [T] [thread 91871] [176.0] [cxt 0] basic.p4(576) Condition "hdr.ethernet.etherType == TYPE_YEQUDESU" (node_12) is false
[00:37:07.726] [bmv2] [D] [thread 91872] [175.0] [cxt 0] Pipeline 'egress': start
[00:37:07.726] [bmv2] [T] [thread 91872] [175.0] [cxt 0] basic.p4(684) Condition "standard_metadata.mcast_grp != 0" (node_28) is false
[00:37:07.726] [bmv2] [D] [thread 91872] [175.0] [cxt 0] Pipeline 'egress': end
[00:37:07.726] [bmv2] [D] [thread 91872] [175.0] [cxt 0] Deparser 'deparser': start
[00:37:07.726] [bmv2] [T] [thread 91872] [175.0] [cxt 0] Skipping checksum 'cksum' update because condition not met
[00:37:07.726] [bmv2] [D] [thread 91872] [175.0] [cxt 0] Deparsing header 'ethernet'
[00:37:07.726] [bmv2] [D] [thread 91872] [175.0] [cxt 0] Deparsing header 'ipv6'
[00:37:07.726] [bmv2] [T] [thread 91871] [176.0] [cxt 0] basic.p4(582) Condition "hdr.vxlan.isValid()" (node_15) is false
[00:37:07.726] [bmv2] [D] [thread 91872] [175.0] [cxt 0] Deparser 'deparser': end
[00:37:07.726] [bmv2] [T] [thread 91871] [176.0] [cxt 0] basic.p4(586) Condition "hdr.ipv6.isValid()" (node_17) is true
[00:37:07.726] [bmv2] [T] [thread 91871] [176.0] [cxt 0] Applying table 'MyIngress.ipv6_lpm'
[00:37:07.726] [bmv2] [D] [thread 91871] [176.0] [cxt 0] Looking up key:
* hdr.ipv6.dstAddr    : ff020000000000000000000000000002

[00:37:07.726] [bmv2] [D] [thread 91871] [176.0] [cxt 0] Table 'MyIngress.ipv6_lpm': miss
[00:37:07.726] [bmv2] [D] [thread 91871] [176.0] [cxt 0] Action entry is NoAction - 
[00:37:07.726] [bmv2] [T] [thread 91871] [176.0] [cxt 0] Action NoAction
[00:37:07.726] [bmv2] [D] [thread 91871] [176.0] [cxt 0] Pipeline 'ingress': end
[00:37:07.726] [bmv2] [D] [thread 91871] [176.0] [cxt 0] Egress port is 0
[00:37:07.726] [bmv2] [D] [thread 91876] [175.0] [cxt 0] Transmitting packet of size 70 out of port 0
[00:37:07.726] [bmv2] [D] [thread 91872] [176.0] [cxt 0] Pipeline 'egress': start
[00:37:07.726] [bmv2] [T] [thread 91872] [176.0] [cxt 0] basic.p4(684) Condition "standard_metadata.mcast_grp != 0" (node_28) is false
[00:37:07.726] [bmv2] [D] [thread 91872] [176.0] [cxt 0] Pipeline 'egress': end
[00:37:07.726] [bmv2] [D] [thread 91872] [176.0] [cxt 0] Deparser 'deparser': start
[00:37:07.726] [bmv2] [T] [thread 91872] [176.0] [cxt 0] Skipping checksum 'cksum' update because condition not met
[00:37:07.726] [bmv2] [D] [thread 91872] [176.0] [cxt 0] Deparsing header 'ethernet'
[00:37:07.726] [bmv2] [D] [thread 91872] [176.0] [cxt 0] Deparsing header 'ipv6'
[00:37:07.726] [bmv2] [D] [thread 91872] [176.0] [cxt 0] Deparser 'deparser': end
[00:37:07.726] [bmv2] [D] [thread 91876] [176.0] [cxt 0] Transmitting packet of size 70 out of port 0
[00:37:08.238] [bmv2] [D] [thread 91871] [177.0] [cxt 0] Processing packet received on port 3
[00:37:08.238] [bmv2] [D] [thread 91871] [177.0] [cxt 0] Parser 'parser': start
[00:37:08.238] [bmv2] [D] [thread 91871] [177.0] [cxt 0] Parser 'parser' entering state 'start'
[00:37:08.238] [bmv2] [D] [thread 91871] [177.0] [cxt 0] Extracting header 'ethernet'
[00:37:08.238] [bmv2] [D] [thread 91871] [177.0] [cxt 0] Parser state 'start': key is 86dd
[00:37:08.238] [bmv2] [T] [thread 91871] [177.0] [cxt 0] Bytes parsed: 14
[00:37:08.238] [bmv2] [D] [thread 91871] [177.0] [cxt 0] Parser 'parser' entering state 'parse_ipv6'
[00:37:08.238] [bmv2] [D] [thread 91871] [177.0] [cxt 0] Extracting header 'ipv6'
[00:37:08.238] [bmv2] [D] [thread 91871] [177.0] [cxt 0] Parser state 'parse_ipv6': key is 3a
[00:37:08.238] [bmv2] [T] [thread 91871] [177.0] [cxt 0] Bytes parsed: 54
[00:37:08.238] [bmv2] [D] [thread 91871] [177.0] [cxt 0] Parser 'parser': end
[00:37:08.238] [bmv2] [D] [thread 91871] [177.0] [cxt 0] Pipeline 'ingress': start
[00:37:08.238] [bmv2] [T] [thread 91871] [177.0] [cxt 0] basic.p4(560) Condition "hdr.ethernet.etherType == TYPE_ARP" (node_2) is false
[00:37:08.238] [bmv2] [T] [thread 91871] [177.0] [cxt 0] basic.p4(563) Condition "hdr.ethernet.etherType == TYPE_SRCROUTING" (node_4) is false
[00:37:08.238] [bmv2] [T] [thread 91871] [177.0] [cxt 0] basic.p4(576) Condition "hdr.ethernet.etherType == TYPE_YEQUDESU" (node_12) is false
[00:37:08.238] [bmv2] [T] [thread 91871] [177.0] [cxt 0] basic.p4(582) Condition "hdr.vxlan.isValid()" (node_15) is false
[00:37:08.238] [bmv2] [T] [thread 91871] [177.0] [cxt 0] basic.p4(586) Condition "hdr.ipv6.isValid()" (node_17) is true
[00:37:08.238] [bmv2] [T] [thread 91871] [177.0] [cxt 0] Applying table 'MyIngress.ipv6_lpm'
[00:37:08.238] [bmv2] [D] [thread 91871] [177.0] [cxt 0] Looking up key:
* hdr.ipv6.dstAddr    : ff020000000000000000000000000002

[00:37:08.238] [bmv2] [D] [thread 91871] [177.0] [cxt 0] Table 'MyIngress.ipv6_lpm': miss
[00:37:08.238] [bmv2] [D] [thread 91871] [177.0] [cxt 0] Action entry is NoAction - 
[00:37:08.238] [bmv2] [T] [thread 91871] [177.0] [cxt 0] Action NoAction
[00:37:08.238] [bmv2] [D] [thread 91871] [177.0] [cxt 0] Pipeline 'ingress': end
[00:37:08.238] [bmv2] [D] [thread 91871] [177.0] [cxt 0] Egress port is 0
[00:37:08.238] [bmv2] [D] [thread 91872] [177.0] [cxt 0] Pipeline 'egress': start
[00:37:08.238] [bmv2] [T] [thread 91872] [177.0] [cxt 0] basic.p4(684) Condition "standard_metadata.mcast_grp != 0" (node_28) is false
[00:37:08.238] [bmv2] [D] [thread 91872] [177.0] [cxt 0] Pipeline 'egress': end
[00:37:08.238] [bmv2] [D] [thread 91872] [177.0] [cxt 0] Deparser 'deparser': start
[00:37:08.238] [bmv2] [T] [thread 91872] [177.0] [cxt 0] Skipping checksum 'cksum' update because condition not met
[00:37:08.238] [bmv2] [D] [thread 91872] [177.0] [cxt 0] Deparsing header 'ethernet'
[00:37:08.238] [bmv2] [D] [thread 91872] [177.0] [cxt 0] Deparsing header 'ipv6'
[00:37:08.238] [bmv2] [D] [thread 91872] [177.0] [cxt 0] Deparser 'deparser': end
[00:37:08.238] [bmv2] [D] [thread 91876] [177.0] [cxt 0] Transmitting packet of size 70 out of port 0
[00:37:09.774] [bmv2] [D] [thread 91871] [178.0] [cxt 0] Processing packet received on port 5
[00:37:09.774] [bmv2] [D] [thread 91871] [178.0] [cxt 0] Parser 'parser': start
[00:37:09.774] [bmv2] [D] [thread 91871] [178.0] [cxt 0] Parser 'parser' entering state 'start'
[00:37:09.774] [bmv2] [D] [thread 91871] [178.0] [cxt 0] Extracting header 'ethernet'
[00:37:09.774] [bmv2] [D] [thread 91871] [178.0] [cxt 0] Parser state 'start': key is 86dd
[00:37:09.774] [bmv2] [T] [thread 91871] [178.0] [cxt 0] Bytes parsed: 14
[00:37:09.774] [bmv2] [D] [thread 91871] [178.0] [cxt 0] Parser 'parser' entering state 'parse_ipv6'
[00:37:09.774] [bmv2] [D] [thread 91871] [178.0] [cxt 0] Extracting header 'ipv6'
[00:37:09.774] [bmv2] [D] [thread 91871] [178.0] [cxt 0] Parser state 'parse_ipv6': key is 3a
[00:37:09.774] [bmv2] [T] [thread 91871] [178.0] [cxt 0] Bytes parsed: 54
[00:37:09.774] [bmv2] [D] [thread 91871] [178.0] [cxt 0] Parser 'parser': end
[00:37:09.774] [bmv2] [D] [thread 91871] [178.0] [cxt 0] Pipeline 'ingress': start
[00:37:09.774] [bmv2] [T] [thread 91871] [178.0] [cxt 0] basic.p4(560) Condition "hdr.ethernet.etherType == TYPE_ARP" (node_2) is false
[00:37:09.774] [bmv2] [T] [thread 91871] [178.0] [cxt 0] basic.p4(563) Condition "hdr.ethernet.etherType == TYPE_SRCROUTING" (node_4) is false
[00:37:09.774] [bmv2] [T] [thread 91871] [178.0] [cxt 0] basic.p4(576) Condition "hdr.ethernet.etherType == TYPE_YEQUDESU" (node_12) is false
[00:37:09.774] [bmv2] [T] [thread 91871] [178.0] [cxt 0] basic.p4(582) Condition "hdr.vxlan.isValid()" (node_15) is false
[00:37:09.774] [bmv2] [T] [thread 91871] [178.0] [cxt 0] basic.p4(586) Condition "hdr.ipv6.isValid()" (node_17) is true
[00:37:09.774] [bmv2] [T] [thread 91871] [178.0] [cxt 0] Applying table 'MyIngress.ipv6_lpm'
[00:37:09.774] [bmv2] [D] [thread 91871] [178.0] [cxt 0] Looking up key:
* hdr.ipv6.dstAddr    : ff020000000000000000000000000002

[00:37:09.774] [bmv2] [D] [thread 91871] [178.0] [cxt 0] Table 'MyIngress.ipv6_lpm': miss
[00:37:09.774] [bmv2] [D] [thread 91871] [178.0] [cxt 0] Action entry is NoAction - 
[00:37:09.774] [bmv2] [T] [thread 91871] [178.0] [cxt 0] Action NoAction
[00:37:09.774] [bmv2] [D] [thread 91871] [178.0] [cxt 0] Pipeline 'ingress': end
[00:37:09.774] [bmv2] [D] [thread 91871] [178.0] [cxt 0] Egress port is 0
[00:37:09.775] [bmv2] [D] [thread 91872] [178.0] [cxt 0] Pipeline 'egress': start
[00:37:09.775] [bmv2] [T] [thread 91872] [178.0] [cxt 0] basic.p4(684) Condition "standard_metadata.mcast_grp != 0" (node_28) is false
[00:37:09.775] [bmv2] [D] [thread 91872] [178.0] [cxt 0] Pipeline 'egress': end
[00:37:09.775] [bmv2] [D] [thread 91872] [178.0] [cxt 0] Deparser 'deparser': start
[00:37:09.775] [bmv2] [T] [thread 91872] [178.0] [cxt 0] Skipping checksum 'cksum' update because condition not met
[00:37:09.775] [bmv2] [D] [thread 91872] [178.0] [cxt 0] Deparsing header 'ethernet'
[00:37:09.775] [bmv2] [D] [thread 91872] [178.0] [cxt 0] Deparsing header 'ipv6'
[00:37:09.775] [bmv2] [D] [thread 91872] [178.0] [cxt 0] Deparser 'deparser': end
[00:37:09.775] [bmv2] [D] [thread 91876] [178.0] [cxt 0] Transmitting packet of size 70 out of port 0
[00:37:10.875] [bmv2] [D] [thread 91871] [179.0] [cxt 0] Processing packet received on port 3
[00:37:10.875] [bmv2] [D] [thread 91871] [179.0] [cxt 0] Parser 'parser': start
[00:37:10.875] [bmv2] [D] [thread 91871] [179.0] [cxt 0] Parser 'parser' entering state 'start'
[00:37:10.875] [bmv2] [D] [thread 91871] [179.0] [cxt 0] Extracting header 'ethernet'
[00:37:10.875] [bmv2] [D] [thread 91871] [179.0] [cxt 0] Parser state 'start': key is 86dd
[00:37:10.875] [bmv2] [T] [thread 91871] [179.0] [cxt 0] Bytes parsed: 14
[00:37:10.875] [bmv2] [D] [thread 91871] [179.0] [cxt 0] Parser 'parser' entering state 'parse_ipv6'
[00:37:10.875] [bmv2] [D] [thread 91871] [179.0] [cxt 0] Extracting header 'ipv6'
[00:37:10.875] [bmv2] [D] [thread 91871] [179.0] [cxt 0] Parser state 'parse_ipv6': key is 11
[00:37:10.875] [bmv2] [T] [thread 91871] [179.0] [cxt 0] Bytes parsed: 54
[00:37:10.875] [bmv2] [D] [thread 91871] [179.0] [cxt 0] Parser 'parser': end
[00:37:10.875] [bmv2] [D] [thread 91871] [179.0] [cxt 0] Pipeline 'ingress': start
[00:37:10.875] [bmv2] [T] [thread 91871] [179.0] [cxt 0] basic.p4(560) Condition "hdr.ethernet.etherType == TYPE_ARP" (node_2) is false
[00:37:10.875] [bmv2] [T] [thread 91871] [179.0] [cxt 0] basic.p4(563) Condition "hdr.ethernet.etherType == TYPE_SRCROUTING" (node_4) is false
[00:37:10.875] [bmv2] [T] [thread 91871] [179.0] [cxt 0] basic.p4(576) Condition "hdr.ethernet.etherType == TYPE_YEQUDESU" (node_12) is false
[00:37:10.875] [bmv2] [T] [thread 91871] [179.0] [cxt 0] basic.p4(582) Condition "hdr.vxlan.isValid()" (node_15) is false
[00:37:10.875] [bmv2] [T] [thread 91871] [179.0] [cxt 0] basic.p4(586) Condition "hdr.ipv6.isValid()" (node_17) is true
[00:37:10.875] [bmv2] [T] [thread 91871] [179.0] [cxt 0] Applying table 'MyIngress.ipv6_lpm'
[00:37:10.875] [bmv2] [D] [thread 91871] [179.0] [cxt 0] Looking up key:
* hdr.ipv6.dstAddr    : ff0200000000000000000000000000fb

[00:37:10.875] [bmv2] [D] [thread 91871] [179.0] [cxt 0] Table 'MyIngress.ipv6_lpm': miss
[00:37:10.875] [bmv2] [D] [thread 91871] [179.0] [cxt 0] Action entry is NoAction - 
[00:37:10.875] [bmv2] [T] [thread 91871] [179.0] [cxt 0] Action NoAction
[00:37:10.875] [bmv2] [D] [thread 91871] [179.0] [cxt 0] Pipeline 'ingress': end
[00:37:10.875] [bmv2] [D] [thread 91871] [179.0] [cxt 0] Egress port is 0
[00:37:10.875] [bmv2] [D] [thread 91872] [179.0] [cxt 0] Pipeline 'egress': start
[00:37:10.875] [bmv2] [T] [thread 91872] [179.0] [cxt 0] basic.p4(684) Condition "standard_metadata.mcast_grp != 0" (node_28) is false
[00:37:10.875] [bmv2] [D] [thread 91872] [179.0] [cxt 0] Pipeline 'egress': end
[00:37:10.875] [bmv2] [D] [thread 91872] [179.0] [cxt 0] Deparser 'deparser': start
[00:37:10.875] [bmv2] [T] [thread 91872] [179.0] [cxt 0] Skipping checksum 'cksum' update because condition not met
[00:37:10.875] [bmv2] [D] [thread 91872] [179.0] [cxt 0] Deparsing header 'ethernet'
[00:37:10.875] [bmv2] [D] [thread 91872] [179.0] [cxt 0] Deparsing header 'ipv6'
[00:37:10.875] [bmv2] [D] [thread 91872] [179.0] [cxt 0] Deparser 'deparser': end
[00:37:10.876] [bmv2] [D] [thread 91876] [179.0] [cxt 0] Transmitting packet of size 203 out of port 0
[00:37:11.119] [bmv2] [D] [thread 91871] [180.0] [cxt 0] Processing packet received on port 4
[00:37:11.119] [bmv2] [D] [thread 91871] [180.0] [cxt 0] Parser 'parser': start
[00:37:11.119] [bmv2] [D] [thread 91871] [180.0] [cxt 0] Parser 'parser' entering state 'start'
[00:37:11.119] [bmv2] [D] [thread 91871] [180.0] [cxt 0] Extracting header 'ethernet'
[00:37:11.119] [bmv2] [D] [thread 91871] [180.0] [cxt 0] Parser state 'start': key is 86dd
[00:37:11.119] [bmv2] [T] [thread 91871] [180.0] [cxt 0] Bytes parsed: 14
[00:37:11.119] [bmv2] [D] [thread 91871] [180.0] [cxt 0] Parser 'parser' entering state 'parse_ipv6'
[00:37:11.119] [bmv2] [D] [thread 91871] [180.0] [cxt 0] Extracting header 'ipv6'
[00:37:11.119] [bmv2] [D] [thread 91871] [180.0] [cxt 0] Parser state 'parse_ipv6': key is 11
[00:37:11.119] [bmv2] [T] [thread 91871] [180.0] [cxt 0] Bytes parsed: 54
[00:37:11.119] [bmv2] [D] [thread 91871] [180.0] [cxt 0] Parser 'parser': end
[00:37:11.119] [bmv2] [D] [thread 91871] [180.0] [cxt 0] Pipeline 'ingress': start
[00:37:11.119] [bmv2] [T] [thread 91871] [180.0] [cxt 0] basic.p4(560) Condition "hdr.ethernet.etherType == TYPE_ARP" (node_2) is false
[00:37:11.119] [bmv2] [T] [thread 91871] [180.0] [cxt 0] basic.p4(563) Condition "hdr.ethernet.etherType == TYPE_SRCROUTING" (node_4) is false
[00:37:11.119] [bmv2] [T] [thread 91871] [180.0] [cxt 0] basic.p4(576) Condition "hdr.ethernet.etherType == TYPE_YEQUDESU" (node_12) is false
[00:37:11.119] [bmv2] [T] [thread 91871] [180.0] [cxt 0] basic.p4(582) Condition "hdr.vxlan.isValid()" (node_15) is false
[00:37:11.119] [bmv2] [T] [thread 91871] [180.0] [cxt 0] basic.p4(586) Condition "hdr.ipv6.isValid()" (node_17) is true
[00:37:11.119] [bmv2] [T] [thread 91871] [180.0] [cxt 0] Applying table 'MyIngress.ipv6_lpm'
[00:37:11.119] [bmv2] [D] [thread 91871] [180.0] [cxt 0] Looking up key:
* hdr.ipv6.dstAddr    : ff0200000000000000000000000000fb

[00:37:11.119] [bmv2] [D] [thread 91871] [180.0] [cxt 0] Table 'MyIngress.ipv6_lpm': miss
[00:37:11.119] [bmv2] [D] [thread 91871] [180.0] [cxt 0] Action entry is NoAction - 
[00:37:11.119] [bmv2] [T] [thread 91871] [180.0] [cxt 0] Action NoAction
[00:37:11.119] [bmv2] [D] [thread 91871] [180.0] [cxt 0] Pipeline 'ingress': end
[00:37:11.119] [bmv2] [D] [thread 91871] [180.0] [cxt 0] Egress port is 0
[00:37:11.119] [bmv2] [D] [thread 91872] [180.0] [cxt 0] Pipeline 'egress': start
[00:37:11.120] [bmv2] [T] [thread 91872] [180.0] [cxt 0] basic.p4(684) Condition "standard_metadata.mcast_grp != 0" (node_28) is false
[00:37:11.120] [bmv2] [D] [thread 91872] [180.0] [cxt 0] Pipeline 'egress': end
[00:37:11.120] [bmv2] [D] [thread 91872] [180.0] [cxt 0] Deparser 'deparser': start
[00:37:11.120] [bmv2] [T] [thread 91872] [180.0] [cxt 0] Skipping checksum 'cksum' update because condition not met
[00:37:11.120] [bmv2] [D] [thread 91872] [180.0] [cxt 0] Deparsing header 'ethernet'
[00:37:11.120] [bmv2] [D] [thread 91872] [180.0] [cxt 0] Deparsing header 'ipv6'
[00:37:11.120] [bmv2] [D] [thread 91872] [180.0] [cxt 0] Deparser 'deparser': end
[00:37:11.120] [bmv2] [D] [thread 91876] [180.0] [cxt 0] Transmitting packet of size 203 out of port 0
[00:37:11.181] [bmv2] [D] [thread 91871] [181.0] [cxt 0] Processing packet received on port 3
[00:37:11.181] [bmv2] [D] [thread 91871] [181.0] [cxt 0] Parser 'parser': start
[00:37:11.181] [bmv2] [D] [thread 91871] [181.0] [cxt 0] Parser 'parser' entering state 'start'
[00:37:11.181] [bmv2] [D] [thread 91871] [181.0] [cxt 0] Extracting header 'ethernet'
[00:37:11.181] [bmv2] [D] [thread 91871] [181.0] [cxt 0] Parser state 'start': key is 86dd
[00:37:11.181] [bmv2] [T] [thread 91871] [181.0] [cxt 0] Bytes parsed: 14
[00:37:11.181] [bmv2] [D] [thread 91871] [181.0] [cxt 0] Parser 'parser' entering state 'parse_ipv6'
[00:37:11.181] [bmv2] [D] [thread 91871] [181.0] [cxt 0] Extracting header 'ipv6'
[00:37:11.181] [bmv2] [D] [thread 91871] [181.0] [cxt 0] Parser state 'parse_ipv6': key is 11
[00:37:11.181] [bmv2] [T] [thread 91871] [181.0] [cxt 0] Bytes parsed: 54
[00:37:11.181] [bmv2] [D] [thread 91871] [181.0] [cxt 0] Parser 'parser': end
[00:37:11.181] [bmv2] [D] [thread 91871] [181.0] [cxt 0] Pipeline 'ingress': start
[00:37:11.181] [bmv2] [T] [thread 91871] [181.0] [cxt 0] basic.p4(560) Condition "hdr.ethernet.etherType == TYPE_ARP" (node_2) is false
[00:37:11.181] [bmv2] [T] [thread 91871] [181.0] [cxt 0] basic.p4(563) Condition "hdr.ethernet.etherType == TYPE_SRCROUTING" (node_4) is false
[00:37:11.181] [bmv2] [T] [thread 91871] [181.0] [cxt 0] basic.p4(576) Condition "hdr.ethernet.etherType == TYPE_YEQUDESU" (node_12) is false
[00:37:11.181] [bmv2] [T] [thread 91871] [181.0] [cxt 0] basic.p4(582) Condition "hdr.vxlan.isValid()" (node_15) is false
[00:37:11.181] [bmv2] [T] [thread 91871] [181.0] [cxt 0] basic.p4(586) Condition "hdr.ipv6.isValid()" (node_17) is true
[00:37:11.181] [bmv2] [T] [thread 91871] [181.0] [cxt 0] Applying table 'MyIngress.ipv6_lpm'
[00:37:11.181] [bmv2] [D] [thread 91871] [181.0] [cxt 0] Looking up key:
* hdr.ipv6.dstAddr    : ff0200000000000000000000000000fb

[00:37:11.181] [bmv2] [D] [thread 91871] [181.0] [cxt 0] Table 'MyIngress.ipv6_lpm': miss
[00:37:11.181] [bmv2] [D] [thread 91871] [181.0] [cxt 0] Action entry is NoAction - 
[00:37:11.181] [bmv2] [T] [thread 91871] [181.0] [cxt 0] Action NoAction
[00:37:11.181] [bmv2] [D] [thread 91871] [181.0] [cxt 0] Pipeline 'ingress': end
[00:37:11.181] [bmv2] [D] [thread 91871] [181.0] [cxt 0] Egress port is 0
[00:37:11.182] [bmv2] [D] [thread 91872] [181.0] [cxt 0] Pipeline 'egress': start
[00:37:11.182] [bmv2] [T] [thread 91872] [181.0] [cxt 0] basic.p4(684) Condition "standard_metadata.mcast_grp != 0" (node_28) is false
[00:37:11.182] [bmv2] [D] [thread 91872] [181.0] [cxt 0] Pipeline 'egress': end
[00:37:11.182] [bmv2] [D] [thread 91872] [181.0] [cxt 0] Deparser 'deparser': start
[00:37:11.182] [bmv2] [T] [thread 91872] [181.0] [cxt 0] Skipping checksum 'cksum' update because condition not met
[00:37:11.182] [bmv2] [D] [thread 91872] [181.0] [cxt 0] Deparsing header 'ethernet'
[00:37:11.182] [bmv2] [D] [thread 91872] [181.0] [cxt 0] Deparsing header 'ipv6'
[00:37:11.182] [bmv2] [D] [thread 91872] [181.0] [cxt 0] Deparser 'deparser': end
[00:37:11.182] [bmv2] [D] [thread 91876] [181.0] [cxt 0] Transmitting packet of size 203 out of port 0
[00:37:11.314] [bmv2] [D] [thread 91871] [182.0] [cxt 0] Processing packet received on port 5
[00:37:11.314] [bmv2] [D] [thread 91871] [182.0] [cxt 0] Parser 'parser': start
[00:37:11.314] [bmv2] [D] [thread 91871] [182.0] [cxt 0] Parser 'parser' entering state 'start'
[00:37:11.314] [bmv2] [D] [thread 91871] [182.0] [cxt 0] Extracting header 'ethernet'
[00:37:11.314] [bmv2] [D] [thread 91871] [182.0] [cxt 0] Parser state 'start': key is 86dd
[00:37:11.314] [bmv2] [T] [thread 91871] [182.0] [cxt 0] Bytes parsed: 14
[00:37:11.314] [bmv2] [D] [thread 91871] [182.0] [cxt 0] Parser 'parser' entering state 'parse_ipv6'
[00:37:11.314] [bmv2] [D] [thread 91871] [182.0] [cxt 0] Extracting header 'ipv6'
[00:37:11.314] [bmv2] [D] [thread 91871] [182.0] [cxt 0] Parser state 'parse_ipv6': key is 11
[00:37:11.314] [bmv2] [T] [thread 91871] [182.0] [cxt 0] Bytes parsed: 54
[00:37:11.314] [bmv2] [D] [thread 91871] [182.0] [cxt 0] Parser 'parser': end
[00:37:11.314] [bmv2] [D] [thread 91871] [182.0] [cxt 0] Pipeline 'ingress': start
[00:37:11.314] [bmv2] [T] [thread 91871] [182.0] [cxt 0] basic.p4(560) Condition "hdr.ethernet.etherType == TYPE_ARP" (node_2) is false
[00:37:11.314] [bmv2] [T] [thread 91871] [182.0] [cxt 0] basic.p4(563) Condition "hdr.ethernet.etherType == TYPE_SRCROUTING" (node_4) is false
[00:37:11.314] [bmv2] [T] [thread 91871] [182.0] [cxt 0] basic.p4(576) Condition "hdr.ethernet.etherType == TYPE_YEQUDESU" (node_12) is false
[00:37:11.314] [bmv2] [T] [thread 91871] [182.0] [cxt 0] basic.p4(582) Condition "hdr.vxlan.isValid()" (node_15) is false
[00:37:11.314] [bmv2] [T] [thread 91871] [182.0] [cxt 0] basic.p4(586) Condition "hdr.ipv6.isValid()" (node_17) is true
[00:37:11.314] [bmv2] [T] [thread 91871] [182.0] [cxt 0] Applying table 'MyIngress.ipv6_lpm'
[00:37:11.314] [bmv2] [D] [thread 91871] [182.0] [cxt 0] Looking up key:
* hdr.ipv6.dstAddr    : ff0200000000000000000000000000fb

[00:37:11.314] [bmv2] [D] [thread 91871] [182.0] [cxt 0] Table 'MyIngress.ipv6_lpm': miss
[00:37:11.314] [bmv2] [D] [thread 91871] [182.0] [cxt 0] Action entry is NoAction - 
[00:37:11.314] [bmv2] [T] [thread 91871] [182.0] [cxt 0] Action NoAction
[00:37:11.314] [bmv2] [D] [thread 91871] [182.0] [cxt 0] Pipeline 'ingress': end
[00:37:11.314] [bmv2] [D] [thread 91871] [182.0] [cxt 0] Egress port is 0
[00:37:11.314] [bmv2] [D] [thread 91872] [182.0] [cxt 0] Pipeline 'egress': start
[00:37:11.314] [bmv2] [T] [thread 91872] [182.0] [cxt 0] basic.p4(684) Condition "standard_metadata.mcast_grp != 0" (node_28) is false
[00:37:11.314] [bmv2] [D] [thread 91872] [182.0] [cxt 0] Pipeline 'egress': end
[00:37:11.314] [bmv2] [D] [thread 91872] [182.0] [cxt 0] Deparser 'deparser': start
[00:37:11.314] [bmv2] [T] [thread 91872] [182.0] [cxt 0] Skipping checksum 'cksum' update because condition not met
[00:37:11.314] [bmv2] [D] [thread 91872] [182.0] [cxt 0] Deparsing header 'ethernet'
[00:37:11.314] [bmv2] [D] [thread 91872] [182.0] [cxt 0] Deparsing header 'ipv6'
[00:37:11.314] [bmv2] [D] [thread 91872] [182.0] [cxt 0] Deparser 'deparser': end
[00:37:11.314] [bmv2] [D] [thread 91876] [182.0] [cxt 0] Transmitting packet of size 203 out of port 0
[00:37:11.568] [bmv2] [D] [thread 91871] [183.0] [cxt 0] Processing packet received on port 5
[00:37:11.568] [bmv2] [D] [thread 91871] [183.0] [cxt 0] Parser 'parser': start
[00:37:11.568] [bmv2] [D] [thread 91871] [183.0] [cxt 0] Parser 'parser' entering state 'start'
[00:37:11.568] [bmv2] [D] [thread 91871] [183.0] [cxt 0] Extracting header 'ethernet'
[00:37:11.568] [bmv2] [D] [thread 91871] [183.0] [cxt 0] Parser state 'start': key is 86dd
[00:37:11.568] [bmv2] [T] [thread 91871] [183.0] [cxt 0] Bytes parsed: 14
[00:37:11.568] [bmv2] [D] [thread 91871] [183.0] [cxt 0] Parser 'parser' entering state 'parse_ipv6'
[00:37:11.568] [bmv2] [D] [thread 91871] [183.0] [cxt 0] Extracting header 'ipv6'
[00:37:11.568] [bmv2] [D] [thread 91871] [183.0] [cxt 0] Parser state 'parse_ipv6': key is 11
[00:37:11.568] [bmv2] [T] [thread 91871] [183.0] [cxt 0] Bytes parsed: 54
[00:37:11.568] [bmv2] [D] [thread 91871] [183.0] [cxt 0] Parser 'parser': end
[00:37:11.568] [bmv2] [D] [thread 91871] [183.0] [cxt 0] Pipeline 'ingress': start
[00:37:11.568] [bmv2] [T] [thread 91871] [183.0] [cxt 0] basic.p4(560) Condition "hdr.ethernet.etherType == TYPE_ARP" (node_2) is false
[00:37:11.568] [bmv2] [T] [thread 91871] [183.0] [cxt 0] basic.p4(563) Condition "hdr.ethernet.etherType == TYPE_SRCROUTING" (node_4) is false
[00:37:11.568] [bmv2] [T] [thread 91871] [183.0] [cxt 0] basic.p4(576) Condition "hdr.ethernet.etherType == TYPE_YEQUDESU" (node_12) is false
[00:37:11.568] [bmv2] [T] [thread 91871] [183.0] [cxt 0] basic.p4(582) Condition "hdr.vxlan.isValid()" (node_15) is false
[00:37:11.568] [bmv2] [T] [thread 91871] [183.0] [cxt 0] basic.p4(586) Condition "hdr.ipv6.isValid()" (node_17) is true
[00:37:11.568] [bmv2] [T] [thread 91871] [183.0] [cxt 0] Applying table 'MyIngress.ipv6_lpm'
[00:37:11.568] [bmv2] [D] [thread 91871] [183.0] [cxt 0] Looking up key:
* hdr.ipv6.dstAddr    : ff0200000000000000000000000000fb

[00:37:11.568] [bmv2] [D] [thread 91871] [183.0] [cxt 0] Table 'MyIngress.ipv6_lpm': miss
[00:37:11.568] [bmv2] [D] [thread 91871] [183.0] [cxt 0] Action entry is NoAction - 
[00:37:11.568] [bmv2] [T] [thread 91871] [183.0] [cxt 0] Action NoAction
[00:37:11.568] [bmv2] [D] [thread 91871] [183.0] [cxt 0] Pipeline 'ingress': end
[00:37:11.568] [bmv2] [D] [thread 91871] [183.0] [cxt 0] Egress port is 0
[00:37:11.568] [bmv2] [D] [thread 91871] [184.0] [cxt 0] Processing packet received on port 2
[00:37:11.568] [bmv2] [D] [thread 91871] [184.0] [cxt 0] Parser 'parser': start
[00:37:11.568] [bmv2] [D] [thread 91871] [184.0] [cxt 0] Parser 'parser' entering state 'start'
[00:37:11.568] [bmv2] [D] [thread 91871] [184.0] [cxt 0] Extracting header 'ethernet'
[00:37:11.568] [bmv2] [D] [thread 91871] [184.0] [cxt 0] Parser state 'start': key is 86dd
[00:37:11.568] [bmv2] [T] [thread 91871] [184.0] [cxt 0] Bytes parsed: 14
[00:37:11.568] [bmv2] [D] [thread 91871] [184.0] [cxt 0] Parser 'parser' entering state 'parse_ipv6'
[00:37:11.568] [bmv2] [D] [thread 91871] [184.0] [cxt 0] Extracting header 'ipv6'
[00:37:11.568] [bmv2] [D] [thread 91871] [184.0] [cxt 0] Parser state 'parse_ipv6': key is 11
[00:37:11.568] [bmv2] [T] [thread 91871] [184.0] [cxt 0] Bytes parsed: 54
[00:37:11.568] [bmv2] [D] [thread 91871] [184.0] [cxt 0] Parser 'parser': end
[00:37:11.568] [bmv2] [D] [thread 91871] [184.0] [cxt 0] Pipeline 'ingress': start
[00:37:11.568] [bmv2] [T] [thread 91871] [184.0] [cxt 0] basic.p4(560) Condition "hdr.ethernet.etherType == TYPE_ARP" (node_2) is false
[00:37:11.568] [bmv2] [T] [thread 91871] [184.0] [cxt 0] basic.p4(563) Condition "hdr.ethernet.etherType == TYPE_SRCROUTING" (node_4) is false
[00:37:11.568] [bmv2] [T] [thread 91871] [184.0] [cxt 0] basic.p4(576) Condition "hdr.ethernet.etherType == TYPE_YEQUDESU" (node_12) is false
[00:37:11.568] [bmv2] [T] [thread 91871] [184.0] [cxt 0] basic.p4(582) Condition "hdr.vxlan.isValid()" (node_15) is false
[00:37:11.568] [bmv2] [T] [thread 91871] [184.0] [cxt 0] basic.p4(586) Condition "hdr.ipv6.isValid()" (node_17) is true
[00:37:11.568] [bmv2] [T] [thread 91871] [184.0] [cxt 0] Applying table 'MyIngress.ipv6_lpm'
[00:37:11.568] [bmv2] [D] [thread 91871] [184.0] [cxt 0] Looking up key:
* hdr.ipv6.dstAddr    : ff0200000000000000000000000000fb

[00:37:11.568] [bmv2] [D] [thread 91871] [184.0] [cxt 0] Table 'MyIngress.ipv6_lpm': miss
[00:37:11.568] [bmv2] [D] [thread 91871] [184.0] [cxt 0] Action entry is NoAction - 
[00:37:11.568] [bmv2] [T] [thread 91871] [184.0] [cxt 0] Action NoAction
[00:37:11.568] [bmv2] [D] [thread 91871] [184.0] [cxt 0] Pipeline 'ingress': end
[00:37:11.568] [bmv2] [D] [thread 91871] [184.0] [cxt 0] Egress port is 0
[00:37:11.568] [bmv2] [D] [thread 91872] [183.0] [cxt 0] Pipeline 'egress': start
[00:37:11.568] [bmv2] [T] [thread 91872] [183.0] [cxt 0] basic.p4(684) Condition "standard_metadata.mcast_grp != 0" (node_28) is false
[00:37:11.568] [bmv2] [D] [thread 91872] [183.0] [cxt 0] Pipeline 'egress': end
[00:37:11.568] [bmv2] [D] [thread 91872] [183.0] [cxt 0] Deparser 'deparser': start
[00:37:11.568] [bmv2] [T] [thread 91872] [183.0] [cxt 0] Skipping checksum 'cksum' update because condition not met
[00:37:11.568] [bmv2] [D] [thread 91872] [183.0] [cxt 0] Deparsing header 'ethernet'
[00:37:11.568] [bmv2] [D] [thread 91872] [183.0] [cxt 0] Deparsing header 'ipv6'
[00:37:11.568] [bmv2] [D] [thread 91872] [183.0] [cxt 0] Deparser 'deparser': end
[00:37:11.568] [bmv2] [D] [thread 91872] [184.0] [cxt 0] Pipeline 'egress': start
[00:37:11.568] [bmv2] [T] [thread 91872] [184.0] [cxt 0] basic.p4(684) Condition "standard_metadata.mcast_grp != 0" (node_28) is false
[00:37:11.568] [bmv2] [D] [thread 91872] [184.0] [cxt 0] Pipeline 'egress': end
[00:37:11.568] [bmv2] [D] [thread 91872] [184.0] [cxt 0] Deparser 'deparser': start
[00:37:11.568] [bmv2] [T] [thread 91872] [184.0] [cxt 0] Skipping checksum 'cksum' update because condition not met
[00:37:11.569] [bmv2] [D] [thread 91872] [184.0] [cxt 0] Deparsing header 'ethernet'
[00:37:11.569] [bmv2] [D] [thread 91872] [184.0] [cxt 0] Deparsing header 'ipv6'
[00:37:11.569] [bmv2] [D] [thread 91872] [184.0] [cxt 0] Deparser 'deparser': end
[00:37:11.568] [bmv2] [D] [thread 91876] [183.0] [cxt 0] Transmitting packet of size 203 out of port 0
[00:37:11.569] [bmv2] [D] [thread 91876] [184.0] [cxt 0] Transmitting packet of size 203 out of port 0
[00:37:11.631] [bmv2] [D] [thread 91871] [185.0] [cxt 0] Processing packet received on port 1
[00:37:11.631] [bmv2] [D] [thread 91871] [185.0] [cxt 0] Parser 'parser': start
[00:37:11.631] [bmv2] [D] [thread 91871] [185.0] [cxt 0] Parser 'parser' entering state 'start'
[00:37:11.631] [bmv2] [D] [thread 91871] [185.0] [cxt 0] Extracting header 'ethernet'
[00:37:11.631] [bmv2] [D] [thread 91871] [185.0] [cxt 0] Parser state 'start': key is 86dd
[00:37:11.632] [bmv2] [T] [thread 91871] [185.0] [cxt 0] Bytes parsed: 14
[00:37:11.632] [bmv2] [D] [thread 91871] [185.0] [cxt 0] Parser 'parser' entering state 'parse_ipv6'
[00:37:11.632] [bmv2] [D] [thread 91871] [185.0] [cxt 0] Extracting header 'ipv6'
[00:37:11.632] [bmv2] [D] [thread 91871] [185.0] [cxt 0] Parser state 'parse_ipv6': key is 11
[00:37:11.632] [bmv2] [T] [thread 91871] [185.0] [cxt 0] Bytes parsed: 54
[00:37:11.632] [bmv2] [D] [thread 91871] [185.0] [cxt 0] Parser 'parser': end
[00:37:11.632] [bmv2] [D] [thread 91871] [185.0] [cxt 0] Pipeline 'ingress': start
[00:37:11.632] [bmv2] [T] [thread 91871] [185.0] [cxt 0] basic.p4(560) Condition "hdr.ethernet.etherType == TYPE_ARP" (node_2) is false
[00:37:11.632] [bmv2] [T] [thread 91871] [185.0] [cxt 0] basic.p4(563) Condition "hdr.ethernet.etherType == TYPE_SRCROUTING" (node_4) is false
[00:37:11.632] [bmv2] [T] [thread 91871] [185.0] [cxt 0] basic.p4(576) Condition "hdr.ethernet.etherType == TYPE_YEQUDESU" (node_12) is false
[00:37:11.632] [bmv2] [T] [thread 91871] [185.0] [cxt 0] basic.p4(582) Condition "hdr.vxlan.isValid()" (node_15) is false
[00:37:11.632] [bmv2] [T] [thread 91871] [185.0] [cxt 0] basic.p4(586) Condition "hdr.ipv6.isValid()" (node_17) is true
[00:37:11.632] [bmv2] [T] [thread 91871] [185.0] [cxt 0] Applying table 'MyIngress.ipv6_lpm'
[00:37:11.632] [bmv2] [D] [thread 91871] [185.0] [cxt 0] Looking up key:
* hdr.ipv6.dstAddr    : ff0200000000000000000000000000fb

[00:37:11.632] [bmv2] [D] [thread 91871] [185.0] [cxt 0] Table 'MyIngress.ipv6_lpm': miss
[00:37:11.632] [bmv2] [D] [thread 91871] [185.0] [cxt 0] Action entry is NoAction - 
[00:37:11.632] [bmv2] [T] [thread 91871] [185.0] [cxt 0] Action NoAction
[00:37:11.632] [bmv2] [D] [thread 91871] [185.0] [cxt 0] Pipeline 'ingress': end
[00:37:11.632] [bmv2] [D] [thread 91871] [185.0] [cxt 0] Egress port is 0
[00:37:11.632] [bmv2] [D] [thread 91872] [185.0] [cxt 0] Pipeline 'egress': start
[00:37:11.632] [bmv2] [T] [thread 91872] [185.0] [cxt 0] basic.p4(684) Condition "standard_metadata.mcast_grp != 0" (node_28) is false
[00:37:11.632] [bmv2] [D] [thread 91872] [185.0] [cxt 0] Pipeline 'egress': end
[00:37:11.632] [bmv2] [D] [thread 91872] [185.0] [cxt 0] Deparser 'deparser': start
[00:37:11.632] [bmv2] [T] [thread 91872] [185.0] [cxt 0] Skipping checksum 'cksum' update because condition not met
[00:37:11.632] [bmv2] [D] [thread 91872] [185.0] [cxt 0] Deparsing header 'ethernet'
[00:37:11.632] [bmv2] [D] [thread 91872] [185.0] [cxt 0] Deparsing header 'ipv6'
[00:37:11.632] [bmv2] [D] [thread 91872] [185.0] [cxt 0] Deparser 'deparser': end
[00:37:11.632] [bmv2] [D] [thread 91876] [185.0] [cxt 0] Transmitting packet of size 203 out of port 0
[00:37:12.845] [bmv2] [D] [thread 91871] [186.0] [cxt 0] Processing packet received on port 4
[00:37:12.845] [bmv2] [D] [thread 91871] [186.0] [cxt 0] Parser 'parser': start
[00:37:12.845] [bmv2] [D] [thread 91871] [186.0] [cxt 0] Parser 'parser' entering state 'start'
[00:37:12.845] [bmv2] [D] [thread 91871] [186.0] [cxt 0] Extracting header 'ethernet'
[00:37:12.845] [bmv2] [D] [thread 91871] [186.0] [cxt 0] Parser state 'start': key is 86dd
[00:37:12.845] [bmv2] [T] [thread 91871] [186.0] [cxt 0] Bytes parsed: 14
[00:37:12.845] [bmv2] [D] [thread 91871] [186.0] [cxt 0] Parser 'parser' entering state 'parse_ipv6'
[00:37:12.845] [bmv2] [D] [thread 91871] [186.0] [cxt 0] Extracting header 'ipv6'
[00:37:12.845] [bmv2] [D] [thread 91871] [186.0] [cxt 0] Parser state 'parse_ipv6': key is 3a
[00:37:12.845] [bmv2] [T] [thread 91871] [186.0] [cxt 0] Bytes parsed: 54
[00:37:12.845] [bmv2] [D] [thread 91871] [186.0] [cxt 0] Parser 'parser': end
[00:37:12.845] [bmv2] [D] [thread 91871] [186.0] [cxt 0] Pipeline 'ingress': start
[00:37:12.845] [bmv2] [T] [thread 91871] [186.0] [cxt 0] basic.p4(560) Condition "hdr.ethernet.etherType == TYPE_ARP" (node_2) is false
[00:37:12.845] [bmv2] [T] [thread 91871] [186.0] [cxt 0] basic.p4(563) Condition "hdr.ethernet.etherType == TYPE_SRCROUTING" (node_4) is false
[00:37:12.845] [bmv2] [T] [thread 91871] [186.0] [cxt 0] basic.p4(576) Condition "hdr.ethernet.etherType == TYPE_YEQUDESU" (node_12) is false
[00:37:12.845] [bmv2] [T] [thread 91871] [186.0] [cxt 0] basic.p4(582) Condition "hdr.vxlan.isValid()" (node_15) is false
[00:37:12.845] [bmv2] [T] [thread 91871] [186.0] [cxt 0] basic.p4(586) Condition "hdr.ipv6.isValid()" (node_17) is true
[00:37:12.845] [bmv2] [T] [thread 91871] [186.0] [cxt 0] Applying table 'MyIngress.ipv6_lpm'
[00:37:12.845] [bmv2] [D] [thread 91871] [186.0] [cxt 0] Looking up key:
* hdr.ipv6.dstAddr    : ff020000000000000000000000000002

[00:37:12.845] [bmv2] [D] [thread 91871] [186.0] [cxt 0] Table 'MyIngress.ipv6_lpm': miss
[00:37:12.845] [bmv2] [D] [thread 91871] [186.0] [cxt 0] Action entry is NoAction - 
[00:37:12.845] [bmv2] [T] [thread 91871] [186.0] [cxt 0] Action NoAction
[00:37:12.845] [bmv2] [D] [thread 91871] [186.0] [cxt 0] Pipeline 'ingress': end
[00:37:12.845] [bmv2] [D] [thread 91871] [186.0] [cxt 0] Egress port is 0
[00:37:12.845] [bmv2] [D] [thread 91872] [186.0] [cxt 0] Pipeline 'egress': start
[00:37:12.845] [bmv2] [T] [thread 91872] [186.0] [cxt 0] basic.p4(684) Condition "standard_metadata.mcast_grp != 0" (node_28) is false
[00:37:12.845] [bmv2] [D] [thread 91872] [186.0] [cxt 0] Pipeline 'egress': end
[00:37:12.845] [bmv2] [D] [thread 91872] [186.0] [cxt 0] Deparser 'deparser': start
[00:37:12.845] [bmv2] [T] [thread 91872] [186.0] [cxt 0] Skipping checksum 'cksum' update because condition not met
[00:37:12.846] [bmv2] [D] [thread 91872] [186.0] [cxt 0] Deparsing header 'ethernet'
[00:37:12.846] [bmv2] [D] [thread 91872] [186.0] [cxt 0] Deparsing header 'ipv6'
[00:37:12.846] [bmv2] [D] [thread 91872] [186.0] [cxt 0] Deparser 'deparser': end
[00:37:12.846] [bmv2] [D] [thread 91876] [186.0] [cxt 0] Transmitting packet of size 70 out of port 0
[00:37:15.405] [bmv2] [D] [thread 91871] [187.0] [cxt 0] Processing packet received on port 1
[00:37:15.405] [bmv2] [D] [thread 91871] [187.0] [cxt 0] Parser 'parser': start
[00:37:15.405] [bmv2] [D] [thread 91871] [187.0] [cxt 0] Parser 'parser' entering state 'start'
[00:37:15.405] [bmv2] [D] [thread 91871] [187.0] [cxt 0] Extracting header 'ethernet'
[00:37:15.405] [bmv2] [D] [thread 91871] [187.0] [cxt 0] Parser state 'start': key is 86dd
[00:37:15.405] [bmv2] [T] [thread 91871] [187.0] [cxt 0] Bytes parsed: 14
[00:37:15.405] [bmv2] [D] [thread 91871] [187.0] [cxt 0] Parser 'parser' entering state 'parse_ipv6'
[00:37:15.405] [bmv2] [D] [thread 91871] [187.0] [cxt 0] Extracting header 'ipv6'
[00:37:15.405] [bmv2] [D] [thread 91871] [187.0] [cxt 0] Parser state 'parse_ipv6': key is 3a
[00:37:15.405] [bmv2] [T] [thread 91871] [187.0] [cxt 0] Bytes parsed: 54
[00:37:15.405] [bmv2] [D] [thread 91871] [187.0] [cxt 0] Parser 'parser': end
[00:37:15.405] [bmv2] [D] [thread 91871] [187.0] [cxt 0] Pipeline 'ingress': start
[00:37:15.405] [bmv2] [T] [thread 91871] [187.0] [cxt 0] basic.p4(560) Condition "hdr.ethernet.etherType == TYPE_ARP" (node_2) is false
[00:37:15.405] [bmv2] [T] [thread 91871] [187.0] [cxt 0] basic.p4(563) Condition "hdr.ethernet.etherType == TYPE_SRCROUTING" (node_4) is false
[00:37:15.405] [bmv2] [T] [thread 91871] [187.0] [cxt 0] basic.p4(576) Condition "hdr.ethernet.etherType == TYPE_YEQUDESU" (node_12) is false
[00:37:15.405] [bmv2] [T] [thread 91871] [187.0] [cxt 0] basic.p4(582) Condition "hdr.vxlan.isValid()" (node_15) is false
[00:37:15.405] [bmv2] [T] [thread 91871] [187.0] [cxt 0] basic.p4(586) Condition "hdr.ipv6.isValid()" (node_17) is true
[00:37:15.405] [bmv2] [T] [thread 91871] [187.0] [cxt 0] Applying table 'MyIngress.ipv6_lpm'
[00:37:15.405] [bmv2] [D] [thread 91871] [187.0] [cxt 0] Looking up key:
* hdr.ipv6.dstAddr    : ff020000000000000000000000000002

[00:37:15.405] [bmv2] [D] [thread 91871] [187.0] [cxt 0] Table 'MyIngress.ipv6_lpm': miss
[00:37:15.405] [bmv2] [D] [thread 91871] [187.0] [cxt 0] Action entry is NoAction - 
[00:37:15.405] [bmv2] [T] [thread 91871] [187.0] [cxt 0] Action NoAction
[00:37:15.405] [bmv2] [D] [thread 91871] [187.0] [cxt 0] Pipeline 'ingress': end
[00:37:15.405] [bmv2] [D] [thread 91871] [187.0] [cxt 0] Egress port is 0
[00:37:15.405] [bmv2] [D] [thread 91872] [187.0] [cxt 0] Pipeline 'egress': start
[00:37:15.405] [bmv2] [T] [thread 91872] [187.0] [cxt 0] basic.p4(684) Condition "standard_metadata.mcast_grp != 0" (node_28) is false
[00:37:15.405] [bmv2] [D] [thread 91872] [187.0] [cxt 0] Pipeline 'egress': end
[00:37:15.405] [bmv2] [D] [thread 91872] [187.0] [cxt 0] Deparser 'deparser': start
[00:37:15.406] [bmv2] [T] [thread 91872] [187.0] [cxt 0] Skipping checksum 'cksum' update because condition not met
[00:37:15.406] [bmv2] [D] [thread 91872] [187.0] [cxt 0] Deparsing header 'ethernet'
[00:37:15.406] [bmv2] [D] [thread 91872] [187.0] [cxt 0] Deparsing header 'ipv6'
[00:37:15.406] [bmv2] [D] [thread 91872] [187.0] [cxt 0] Deparser 'deparser': end
[00:37:15.406] [bmv2] [D] [thread 91876] [187.0] [cxt 0] Transmitting packet of size 70 out of port 0
[00:37:34.349] [bmv2] [D] [thread 91871] [188.0] [cxt 0] Processing packet received on port 2
[00:37:34.349] [bmv2] [D] [thread 91871] [188.0] [cxt 0] Parser 'parser': start
[00:37:34.349] [bmv2] [D] [thread 91871] [188.0] [cxt 0] Parser 'parser' entering state 'start'
[00:37:34.349] [bmv2] [D] [thread 91871] [188.0] [cxt 0] Extracting header 'ethernet'
[00:37:34.349] [bmv2] [D] [thread 91871] [188.0] [cxt 0] Parser state 'start': key is 86dd
[00:37:34.349] [bmv2] [T] [thread 91871] [188.0] [cxt 0] Bytes parsed: 14
[00:37:34.349] [bmv2] [D] [thread 91871] [188.0] [cxt 0] Parser 'parser' entering state 'parse_ipv6'
[00:37:34.349] [bmv2] [D] [thread 91871] [188.0] [cxt 0] Extracting header 'ipv6'
[00:37:34.350] [bmv2] [D] [thread 91871] [188.0] [cxt 0] Parser state 'parse_ipv6': key is 3a
[00:37:34.350] [bmv2] [T] [thread 91871] [188.0] [cxt 0] Bytes parsed: 54
[00:37:34.350] [bmv2] [D] [thread 91871] [188.0] [cxt 0] Parser 'parser': end
[00:37:34.350] [bmv2] [D] [thread 91871] [188.0] [cxt 0] Pipeline 'ingress': start
[00:37:34.350] [bmv2] [T] [thread 91871] [188.0] [cxt 0] basic.p4(560) Condition "hdr.ethernet.etherType == TYPE_ARP" (node_2) is false
[00:37:34.350] [bmv2] [T] [thread 91871] [188.0] [cxt 0] basic.p4(563) Condition "hdr.ethernet.etherType == TYPE_SRCROUTING" (node_4) is false
[00:37:34.350] [bmv2] [T] [thread 91871] [188.0] [cxt 0] basic.p4(576) Condition "hdr.ethernet.etherType == TYPE_YEQUDESU" (node_12) is false
[00:37:34.350] [bmv2] [T] [thread 91871] [188.0] [cxt 0] basic.p4(582) Condition "hdr.vxlan.isValid()" (node_15) is false
[00:37:34.350] [bmv2] [T] [thread 91871] [188.0] [cxt 0] basic.p4(586) Condition "hdr.ipv6.isValid()" (node_17) is true
[00:37:34.350] [bmv2] [T] [thread 91871] [188.0] [cxt 0] Applying table 'MyIngress.ipv6_lpm'
[00:37:34.350] [bmv2] [D] [thread 91871] [188.0] [cxt 0] Looking up key:
* hdr.ipv6.dstAddr    : ff020000000000000000000000000002

[00:37:34.350] [bmv2] [D] [thread 91871] [188.0] [cxt 0] Table 'MyIngress.ipv6_lpm': miss
[00:37:34.350] [bmv2] [D] [thread 91871] [188.0] [cxt 0] Action entry is NoAction - 
[00:37:34.350] [bmv2] [T] [thread 91871] [188.0] [cxt 0] Action NoAction
[00:37:34.350] [bmv2] [D] [thread 91871] [188.0] [cxt 0] Pipeline 'ingress': end
[00:37:34.350] [bmv2] [D] [thread 91871] [188.0] [cxt 0] Egress port is 0
[00:37:34.350] [bmv2] [D] [thread 91872] [188.0] [cxt 0] Pipeline 'egress': start
[00:37:34.350] [bmv2] [T] [thread 91872] [188.0] [cxt 0] basic.p4(684) Condition "standard_metadata.mcast_grp != 0" (node_28) is false
[00:37:34.350] [bmv2] [D] [thread 91872] [188.0] [cxt 0] Pipeline 'egress': end
[00:37:34.350] [bmv2] [D] [thread 91872] [188.0] [cxt 0] Deparser 'deparser': start
[00:37:34.350] [bmv2] [T] [thread 91872] [188.0] [cxt 0] Skipping checksum 'cksum' update because condition not met
[00:37:34.350] [bmv2] [D] [thread 91872] [188.0] [cxt 0] Deparsing header 'ethernet'
[00:37:34.350] [bmv2] [D] [thread 91872] [188.0] [cxt 0] Deparsing header 'ipv6'
[00:37:34.350] [bmv2] [D] [thread 91872] [188.0] [cxt 0] Deparser 'deparser': end
[00:37:34.350] [bmv2] [D] [thread 91876] [188.0] [cxt 0] Transmitting packet of size 70 out of port 0
[00:37:34.861] [bmv2] [D] [thread 91871] [189.0] [cxt 0] Processing packet received on port 5
[00:37:34.861] [bmv2] [D] [thread 91871] [189.0] [cxt 0] Parser 'parser': start
[00:37:34.861] [bmv2] [D] [thread 91871] [189.0] [cxt 0] Parser 'parser' entering state 'start'
[00:37:34.861] [bmv2] [D] [thread 91871] [189.0] [cxt 0] Extracting header 'ethernet'
[00:37:34.861] [bmv2] [D] [thread 91871] [189.0] [cxt 0] Parser state 'start': key is 86dd
[00:37:34.861] [bmv2] [T] [thread 91871] [189.0] [cxt 0] Bytes parsed: 14
[00:37:34.861] [bmv2] [D] [thread 91871] [189.0] [cxt 0] Parser 'parser' entering state 'parse_ipv6'
[00:37:34.861] [bmv2] [D] [thread 91871] [189.0] [cxt 0] Extracting header 'ipv6'
[00:37:34.861] [bmv2] [D] [thread 91871] [189.0] [cxt 0] Parser state 'parse_ipv6': key is 3a
[00:37:34.861] [bmv2] [T] [thread 91871] [189.0] [cxt 0] Bytes parsed: 54
[00:37:34.861] [bmv2] [D] [thread 91871] [189.0] [cxt 0] Parser 'parser': end
[00:37:34.861] [bmv2] [D] [thread 91871] [189.0] [cxt 0] Pipeline 'ingress': start
[00:37:34.861] [bmv2] [T] [thread 91871] [189.0] [cxt 0] basic.p4(560) Condition "hdr.ethernet.etherType == TYPE_ARP" (node_2) is false
[00:37:34.861] [bmv2] [T] [thread 91871] [189.0] [cxt 0] basic.p4(563) Condition "hdr.ethernet.etherType == TYPE_SRCROUTING" (node_4) is false
[00:37:34.861] [bmv2] [T] [thread 91871] [189.0] [cxt 0] basic.p4(576) Condition "hdr.ethernet.etherType == TYPE_YEQUDESU" (node_12) is false
[00:37:34.861] [bmv2] [T] [thread 91871] [189.0] [cxt 0] basic.p4(582) Condition "hdr.vxlan.isValid()" (node_15) is false
[00:37:34.861] [bmv2] [T] [thread 91871] [189.0] [cxt 0] basic.p4(586) Condition "hdr.ipv6.isValid()" (node_17) is true
[00:37:34.861] [bmv2] [T] [thread 91871] [189.0] [cxt 0] Applying table 'MyIngress.ipv6_lpm'
[00:37:34.861] [bmv2] [D] [thread 91871] [189.0] [cxt 0] Looking up key:
* hdr.ipv6.dstAddr    : ff020000000000000000000000000002

[00:37:34.861] [bmv2] [D] [thread 91871] [189.0] [cxt 0] Table 'MyIngress.ipv6_lpm': miss
[00:37:34.861] [bmv2] [D] [thread 91871] [189.0] [cxt 0] Action entry is NoAction - 
[00:37:34.861] [bmv2] [T] [thread 91871] [189.0] [cxt 0] Action NoAction
[00:37:34.861] [bmv2] [D] [thread 91871] [189.0] [cxt 0] Pipeline 'ingress': end
[00:37:34.861] [bmv2] [D] [thread 91871] [189.0] [cxt 0] Egress port is 0
[00:37:34.861] [bmv2] [D] [thread 91872] [189.0] [cxt 0] Pipeline 'egress': start
[00:37:34.861] [bmv2] [T] [thread 91872] [189.0] [cxt 0] basic.p4(684) Condition "standard_metadata.mcast_grp != 0" (node_28) is false
[00:37:34.861] [bmv2] [D] [thread 91872] [189.0] [cxt 0] Pipeline 'egress': end
[00:37:34.861] [bmv2] [D] [thread 91872] [189.0] [cxt 0] Deparser 'deparser': start
[00:37:34.861] [bmv2] [T] [thread 91872] [189.0] [cxt 0] Skipping checksum 'cksum' update because condition not met
[00:37:34.861] [bmv2] [D] [thread 91872] [189.0] [cxt 0] Deparsing header 'ethernet'
[00:37:34.861] [bmv2] [D] [thread 91872] [189.0] [cxt 0] Deparsing header 'ipv6'
[00:37:34.861] [bmv2] [D] [thread 91872] [189.0] [cxt 0] Deparser 'deparser': end
[00:37:34.861] [bmv2] [D] [thread 91876] [189.0] [cxt 0] Transmitting packet of size 70 out of port 0
[00:37:35.886] [bmv2] [D] [thread 91871] [190.0] [cxt 0] Processing packet received on port 3
[00:37:35.886] [bmv2] [D] [thread 91871] [190.0] [cxt 0] Parser 'parser': start
[00:37:35.886] [bmv2] [D] [thread 91871] [190.0] [cxt 0] Parser 'parser' entering state 'start'
[00:37:35.886] [bmv2] [D] [thread 91871] [190.0] [cxt 0] Extracting header 'ethernet'
[00:37:35.886] [bmv2] [D] [thread 91871] [190.0] [cxt 0] Parser state 'start': key is 86dd
[00:37:35.886] [bmv2] [T] [thread 91871] [190.0] [cxt 0] Bytes parsed: 14
[00:37:35.886] [bmv2] [D] [thread 91871] [190.0] [cxt 0] Parser 'parser' entering state 'parse_ipv6'
[00:37:35.886] [bmv2] [D] [thread 91871] [190.0] [cxt 0] Extracting header 'ipv6'
[00:37:35.886] [bmv2] [D] [thread 91871] [190.0] [cxt 0] Parser state 'parse_ipv6': key is 3a
[00:37:35.886] [bmv2] [T] [thread 91871] [190.0] [cxt 0] Bytes parsed: 54
[00:37:35.886] [bmv2] [D] [thread 91871] [190.0] [cxt 0] Parser 'parser': end
[00:37:35.886] [bmv2] [D] [thread 91871] [190.0] [cxt 0] Pipeline 'ingress': start
[00:37:35.886] [bmv2] [T] [thread 91871] [190.0] [cxt 0] basic.p4(560) Condition "hdr.ethernet.etherType == TYPE_ARP" (node_2) is false
[00:37:35.886] [bmv2] [T] [thread 91871] [190.0] [cxt 0] basic.p4(563) Condition "hdr.ethernet.etherType == TYPE_SRCROUTING" (node_4) is false
[00:37:35.886] [bmv2] [T] [thread 91871] [190.0] [cxt 0] basic.p4(576) Condition "hdr.ethernet.etherType == TYPE_YEQUDESU" (node_12) is false
[00:37:35.886] [bmv2] [T] [thread 91871] [190.0] [cxt 0] basic.p4(582) Condition "hdr.vxlan.isValid()" (node_15) is false
[00:37:35.886] [bmv2] [T] [thread 91871] [190.0] [cxt 0] basic.p4(586) Condition "hdr.ipv6.isValid()" (node_17) is true
[00:37:35.886] [bmv2] [T] [thread 91871] [190.0] [cxt 0] Applying table 'MyIngress.ipv6_lpm'
[00:37:35.886] [bmv2] [D] [thread 91871] [190.0] [cxt 0] Looking up key:
* hdr.ipv6.dstAddr    : ff020000000000000000000000000002

[00:37:35.886] [bmv2] [D] [thread 91871] [190.0] [cxt 0] Table 'MyIngress.ipv6_lpm': miss
[00:37:35.886] [bmv2] [D] [thread 91871] [190.0] [cxt 0] Action entry is NoAction - 
[00:37:35.886] [bmv2] [T] [thread 91871] [190.0] [cxt 0] Action NoAction
[00:37:35.886] [bmv2] [D] [thread 91871] [190.0] [cxt 0] Pipeline 'ingress': end
[00:37:35.886] [bmv2] [D] [thread 91871] [190.0] [cxt 0] Egress port is 0
[00:37:35.886] [bmv2] [D] [thread 91872] [190.0] [cxt 0] Pipeline 'egress': start
[00:37:35.886] [bmv2] [T] [thread 91872] [190.0] [cxt 0] basic.p4(684) Condition "standard_metadata.mcast_grp != 0" (node_28) is false
[00:37:35.886] [bmv2] [D] [thread 91872] [190.0] [cxt 0] Pipeline 'egress': end
[00:37:35.886] [bmv2] [D] [thread 91872] [190.0] [cxt 0] Deparser 'deparser': start
[00:37:35.886] [bmv2] [T] [thread 91872] [190.0] [cxt 0] Skipping checksum 'cksum' update because condition not met
[00:37:35.886] [bmv2] [D] [thread 91872] [190.0] [cxt 0] Deparsing header 'ethernet'
[00:37:35.886] [bmv2] [D] [thread 91872] [190.0] [cxt 0] Deparsing header 'ipv6'
[00:37:35.886] [bmv2] [D] [thread 91872] [190.0] [cxt 0] Deparser 'deparser': end
[00:37:35.886] [bmv2] [D] [thread 91876] [190.0] [cxt 0] Transmitting packet of size 70 out of port 0
[00:37:36.909] [bmv2] [D] [thread 91871] [191.0] [cxt 0] Processing packet received on port 2
[00:37:36.909] [bmv2] [D] [thread 91871] [191.0] [cxt 0] Parser 'parser': start
[00:37:36.909] [bmv2] [D] [thread 91871] [191.0] [cxt 0] Parser 'parser' entering state 'start'
[00:37:36.909] [bmv2] [D] [thread 91871] [191.0] [cxt 0] Extracting header 'ethernet'
[00:37:36.909] [bmv2] [D] [thread 91871] [191.0] [cxt 0] Parser state 'start': key is 86dd
[00:37:36.909] [bmv2] [T] [thread 91871] [191.0] [cxt 0] Bytes parsed: 14
[00:37:36.910] [bmv2] [D] [thread 91871] [191.0] [cxt 0] Parser 'parser' entering state 'parse_ipv6'
[00:37:36.910] [bmv2] [D] [thread 91871] [191.0] [cxt 0] Extracting header 'ipv6'
[00:37:36.910] [bmv2] [D] [thread 91871] [191.0] [cxt 0] Parser state 'parse_ipv6': key is 3a
[00:37:36.910] [bmv2] [T] [thread 91871] [191.0] [cxt 0] Bytes parsed: 54
[00:37:36.910] [bmv2] [D] [thread 91871] [191.0] [cxt 0] Parser 'parser': end
[00:37:36.910] [bmv2] [D] [thread 91871] [191.0] [cxt 0] Pipeline 'ingress': start
[00:37:36.910] [bmv2] [T] [thread 91871] [191.0] [cxt 0] basic.p4(560) Condition "hdr.ethernet.etherType == TYPE_ARP" (node_2) is false
[00:37:36.910] [bmv2] [T] [thread 91871] [191.0] [cxt 0] basic.p4(563) Condition "hdr.ethernet.etherType == TYPE_SRCROUTING" (node_4) is false
[00:37:36.910] [bmv2] [T] [thread 91871] [191.0] [cxt 0] basic.p4(576) Condition "hdr.ethernet.etherType == TYPE_YEQUDESU" (node_12) is false
[00:37:36.910] [bmv2] [T] [thread 91871] [191.0] [cxt 0] basic.p4(582) Condition "hdr.vxlan.isValid()" (node_15) is false
[00:37:36.910] [bmv2] [T] [thread 91871] [191.0] [cxt 0] basic.p4(586) Condition "hdr.ipv6.isValid()" (node_17) is true
[00:37:36.910] [bmv2] [T] [thread 91871] [191.0] [cxt 0] Applying table 'MyIngress.ipv6_lpm'
[00:37:36.910] [bmv2] [D] [thread 91871] [191.0] [cxt 0] Looking up key:
* hdr.ipv6.dstAddr    : ff020000000000000000000000000002

[00:37:36.910] [bmv2] [D] [thread 91871] [191.0] [cxt 0] Table 'MyIngress.ipv6_lpm': miss
[00:37:36.910] [bmv2] [D] [thread 91871] [191.0] [cxt 0] Action entry is NoAction - 
[00:37:36.910] [bmv2] [T] [thread 91871] [191.0] [cxt 0] Action NoAction
[00:37:36.910] [bmv2] [D] [thread 91871] [191.0] [cxt 0] Pipeline 'ingress': end
[00:37:36.910] [bmv2] [D] [thread 91871] [191.0] [cxt 0] Egress port is 0
[00:37:36.910] [bmv2] [D] [thread 91872] [191.0] [cxt 0] Pipeline 'egress': start
[00:37:36.910] [bmv2] [T] [thread 91872] [191.0] [cxt 0] basic.p4(684) Condition "standard_metadata.mcast_grp != 0" (node_28) is false
[00:37:36.910] [bmv2] [D] [thread 91872] [191.0] [cxt 0] Pipeline 'egress': end
[00:37:36.910] [bmv2] [D] [thread 91872] [191.0] [cxt 0] Deparser 'deparser': start
[00:37:36.910] [bmv2] [T] [thread 91872] [191.0] [cxt 0] Skipping checksum 'cksum' update because condition not met
[00:37:36.910] [bmv2] [D] [thread 91872] [191.0] [cxt 0] Deparsing header 'ethernet'
[00:37:36.910] [bmv2] [D] [thread 91872] [191.0] [cxt 0] Deparsing header 'ipv6'
[00:37:36.910] [bmv2] [D] [thread 91872] [191.0] [cxt 0] Deparser 'deparser': end
[00:37:36.910] [bmv2] [D] [thread 91876] [191.0] [cxt 0] Transmitting packet of size 70 out of port 0
[00:37:38.446] [bmv2] [D] [thread 91871] [192.0] [cxt 0] Processing packet received on port 4
[00:37:38.446] [bmv2] [D] [thread 91871] [192.0] [cxt 0] Parser 'parser': start
[00:37:38.446] [bmv2] [D] [thread 91871] [192.0] [cxt 0] Parser 'parser' entering state 'start'
[00:37:38.446] [bmv2] [D] [thread 91871] [192.0] [cxt 0] Extracting header 'ethernet'
[00:37:38.446] [bmv2] [D] [thread 91871] [192.0] [cxt 0] Parser state 'start': key is 86dd
[00:37:38.446] [bmv2] [T] [thread 91871] [192.0] [cxt 0] Bytes parsed: 14
[00:37:38.446] [bmv2] [D] [thread 91871] [192.0] [cxt 0] Parser 'parser' entering state 'parse_ipv6'
[00:37:38.446] [bmv2] [D] [thread 91871] [192.0] [cxt 0] Extracting header 'ipv6'
[00:37:38.446] [bmv2] [D] [thread 91871] [192.0] [cxt 0] Parser state 'parse_ipv6': key is 3a
[00:37:38.446] [bmv2] [T] [thread 91871] [192.0] [cxt 0] Bytes parsed: 54
[00:37:38.446] [bmv2] [D] [thread 91871] [192.0] [cxt 0] Parser 'parser': end
[00:37:38.446] [bmv2] [D] [thread 91871] [192.0] [cxt 0] Pipeline 'ingress': start
[00:37:38.446] [bmv2] [T] [thread 91871] [192.0] [cxt 0] basic.p4(560) Condition "hdr.ethernet.etherType == TYPE_ARP" (node_2) is false
[00:37:38.446] [bmv2] [T] [thread 91871] [192.0] [cxt 0] basic.p4(563) Condition "hdr.ethernet.etherType == TYPE_SRCROUTING" (node_4) is false
[00:37:38.446] [bmv2] [T] [thread 91871] [192.0] [cxt 0] basic.p4(576) Condition "hdr.ethernet.etherType == TYPE_YEQUDESU" (node_12) is false
[00:37:38.446] [bmv2] [T] [thread 91871] [192.0] [cxt 0] basic.p4(582) Condition "hdr.vxlan.isValid()" (node_15) is false
[00:37:38.446] [bmv2] [T] [thread 91871] [192.0] [cxt 0] basic.p4(586) Condition "hdr.ipv6.isValid()" (node_17) is true
[00:37:38.446] [bmv2] [T] [thread 91871] [192.0] [cxt 0] Applying table 'MyIngress.ipv6_lpm'
[00:37:38.446] [bmv2] [D] [thread 91871] [192.0] [cxt 0] Looking up key:
* hdr.ipv6.dstAddr    : ff020000000000000000000000000002

[00:37:38.446] [bmv2] [D] [thread 91871] [192.0] [cxt 0] Table 'MyIngress.ipv6_lpm': miss
[00:37:38.446] [bmv2] [D] [thread 91871] [192.0] [cxt 0] Action entry is NoAction - 
[00:37:38.446] [bmv2] [T] [thread 91871] [192.0] [cxt 0] Action NoAction
[00:37:38.446] [bmv2] [D] [thread 91871] [192.0] [cxt 0] Pipeline 'ingress': end
[00:37:38.446] [bmv2] [D] [thread 91871] [192.0] [cxt 0] Egress port is 0
[00:37:38.446] [bmv2] [D] [thread 91872] [192.0] [cxt 0] Pipeline 'egress': start
[00:37:38.446] [bmv2] [T] [thread 91872] [192.0] [cxt 0] basic.p4(684) Condition "standard_metadata.mcast_grp != 0" (node_28) is false
[00:37:38.446] [bmv2] [D] [thread 91872] [192.0] [cxt 0] Pipeline 'egress': end
[00:37:38.446] [bmv2] [D] [thread 91872] [192.0] [cxt 0] Deparser 'deparser': start
[00:37:38.446] [bmv2] [T] [thread 91872] [192.0] [cxt 0] Skipping checksum 'cksum' update because condition not met
[00:37:38.446] [bmv2] [D] [thread 91872] [192.0] [cxt 0] Deparsing header 'ethernet'
[00:37:38.446] [bmv2] [D] [thread 91872] [192.0] [cxt 0] Deparsing header 'ipv6'
[00:37:38.446] [bmv2] [D] [thread 91872] [192.0] [cxt 0] Deparser 'deparser': end
[00:37:38.446] [bmv2] [D] [thread 91876] [192.0] [cxt 0] Transmitting packet of size 70 out of port 0
[00:37:38.958] [bmv2] [D] [thread 91871] [193.0] [cxt 0] Processing packet received on port 1
[00:37:38.958] [bmv2] [D] [thread 91871] [193.0] [cxt 0] Parser 'parser': start
[00:37:38.958] [bmv2] [D] [thread 91871] [193.0] [cxt 0] Parser 'parser' entering state 'start'
[00:37:38.958] [bmv2] [D] [thread 91871] [193.0] [cxt 0] Extracting header 'ethernet'
[00:37:38.958] [bmv2] [D] [thread 91871] [193.0] [cxt 0] Parser state 'start': key is 86dd
[00:37:38.958] [bmv2] [T] [thread 91871] [193.0] [cxt 0] Bytes parsed: 14
[00:37:38.958] [bmv2] [D] [thread 91871] [193.0] [cxt 0] Parser 'parser' entering state 'parse_ipv6'
[00:37:38.958] [bmv2] [D] [thread 91871] [193.0] [cxt 0] Extracting header 'ipv6'
[00:37:38.958] [bmv2] [D] [thread 91871] [193.0] [cxt 0] Parser state 'parse_ipv6': key is 3a
[00:37:38.958] [bmv2] [T] [thread 91871] [193.0] [cxt 0] Bytes parsed: 54
[00:37:38.958] [bmv2] [D] [thread 91871] [193.0] [cxt 0] Parser 'parser': end
[00:37:38.958] [bmv2] [D] [thread 91871] [193.0] [cxt 0] Pipeline 'ingress': start
[00:37:38.958] [bmv2] [T] [thread 91871] [193.0] [cxt 0] basic.p4(560) Condition "hdr.ethernet.etherType == TYPE_ARP" (node_2) is false
[00:37:38.958] [bmv2] [T] [thread 91871] [193.0] [cxt 0] basic.p4(563) Condition "hdr.ethernet.etherType == TYPE_SRCROUTING" (node_4) is false
[00:37:38.958] [bmv2] [T] [thread 91871] [193.0] [cxt 0] basic.p4(576) Condition "hdr.ethernet.etherType == TYPE_YEQUDESU" (node_12) is false
[00:37:38.958] [bmv2] [T] [thread 91871] [193.0] [cxt 0] basic.p4(582) Condition "hdr.vxlan.isValid()" (node_15) is false
[00:37:38.958] [bmv2] [T] [thread 91871] [193.0] [cxt 0] basic.p4(586) Condition "hdr.ipv6.isValid()" (node_17) is true
[00:37:38.958] [bmv2] [T] [thread 91871] [193.0] [cxt 0] Applying table 'MyIngress.ipv6_lpm'
[00:37:38.958] [bmv2] [D] [thread 91871] [193.0] [cxt 0] Looking up key:
* hdr.ipv6.dstAddr    : ff020000000000000000000000000002

[00:37:38.958] [bmv2] [D] [thread 91871] [193.0] [cxt 0] Table 'MyIngress.ipv6_lpm': miss
[00:37:38.958] [bmv2] [D] [thread 91871] [193.0] [cxt 0] Action entry is NoAction - 
[00:37:38.958] [bmv2] [T] [thread 91871] [193.0] [cxt 0] Action NoAction
[00:37:38.958] [bmv2] [D] [thread 91871] [193.0] [cxt 0] Pipeline 'ingress': end
[00:37:38.958] [bmv2] [D] [thread 91871] [193.0] [cxt 0] Egress port is 0
[00:37:38.958] [bmv2] [D] [thread 91871] [194.0] [cxt 0] Processing packet received on port 3
[00:37:38.958] [bmv2] [D] [thread 91871] [194.0] [cxt 0] Parser 'parser': start
[00:37:38.958] [bmv2] [D] [thread 91871] [194.0] [cxt 0] Parser 'parser' entering state 'start'
[00:37:38.958] [bmv2] [D] [thread 91871] [194.0] [cxt 0] Extracting header 'ethernet'
[00:37:38.958] [bmv2] [D] [thread 91871] [194.0] [cxt 0] Parser state 'start': key is 86dd
[00:37:38.958] [bmv2] [T] [thread 91871] [194.0] [cxt 0] Bytes parsed: 14
[00:37:38.958] [bmv2] [D] [thread 91871] [194.0] [cxt 0] Parser 'parser' entering state 'parse_ipv6'
[00:37:38.958] [bmv2] [D] [thread 91871] [194.0] [cxt 0] Extracting header 'ipv6'
[00:37:38.958] [bmv2] [D] [thread 91872] [193.0] [cxt 0] Pipeline 'egress': start
[00:37:38.958] [bmv2] [T] [thread 91872] [193.0] [cxt 0] basic.p4(684) Condition "standard_metadata.mcast_grp != 0" (node_28) is false
[00:37:38.958] [bmv2] [D] [thread 91872] [193.0] [cxt 0] Pipeline 'egress': end
[00:37:38.958] [bmv2] [D] [thread 91872] [193.0] [cxt 0] Deparser 'deparser': start
[00:37:38.958] [bmv2] [T] [thread 91872] [193.0] [cxt 0] Skipping checksum 'cksum' update because condition not met
[00:37:38.958] [bmv2] [D] [thread 91872] [193.0] [cxt 0] Deparsing header 'ethernet'
[00:37:38.958] [bmv2] [D] [thread 91872] [193.0] [cxt 0] Deparsing header 'ipv6'
[00:37:38.958] [bmv2] [D] [thread 91872] [193.0] [cxt 0] Deparser 'deparser': end
[00:37:38.958] [bmv2] [D] [thread 91876] [193.0] [cxt 0] Transmitting packet of size 70 out of port 0
[00:37:38.958] [bmv2] [D] [thread 91871] [194.0] [cxt 0] Parser state 'parse_ipv6': key is 3a
[00:37:38.959] [bmv2] [T] [thread 91871] [194.0] [cxt 0] Bytes parsed: 54
[00:37:38.959] [bmv2] [D] [thread 91871] [194.0] [cxt 0] Parser 'parser': end
[00:37:38.959] [bmv2] [D] [thread 91871] [194.0] [cxt 0] Pipeline 'ingress': start
[00:37:38.959] [bmv2] [T] [thread 91871] [194.0] [cxt 0] basic.p4(560) Condition "hdr.ethernet.etherType == TYPE_ARP" (node_2) is false
[00:37:38.959] [bmv2] [T] [thread 91871] [194.0] [cxt 0] basic.p4(563) Condition "hdr.ethernet.etherType == TYPE_SRCROUTING" (node_4) is false
[00:37:38.959] [bmv2] [T] [thread 91871] [194.0] [cxt 0] basic.p4(576) Condition "hdr.ethernet.etherType == TYPE_YEQUDESU" (node_12) is false
[00:37:38.959] [bmv2] [T] [thread 91871] [194.0] [cxt 0] basic.p4(582) Condition "hdr.vxlan.isValid()" (node_15) is false
[00:37:38.959] [bmv2] [T] [thread 91871] [194.0] [cxt 0] basic.p4(586) Condition "hdr.ipv6.isValid()" (node_17) is true
[00:37:38.959] [bmv2] [T] [thread 91871] [194.0] [cxt 0] Applying table 'MyIngress.ipv6_lpm'
[00:37:38.959] [bmv2] [D] [thread 91871] [194.0] [cxt 0] Looking up key:
* hdr.ipv6.dstAddr    : ff020000000000000000000000000002

[00:37:38.959] [bmv2] [D] [thread 91871] [194.0] [cxt 0] Table 'MyIngress.ipv6_lpm': miss
[00:37:38.959] [bmv2] [D] [thread 91871] [194.0] [cxt 0] Action entry is NoAction - 
[00:37:38.959] [bmv2] [T] [thread 91871] [194.0] [cxt 0] Action NoAction
[00:37:38.959] [bmv2] [D] [thread 91871] [194.0] [cxt 0] Pipeline 'ingress': end
[00:37:38.959] [bmv2] [D] [thread 91871] [194.0] [cxt 0] Egress port is 0
[00:37:38.959] [bmv2] [D] [thread 91872] [194.0] [cxt 0] Pipeline 'egress': start
[00:37:38.959] [bmv2] [T] [thread 91872] [194.0] [cxt 0] basic.p4(684) Condition "standard_metadata.mcast_grp != 0" (node_28) is false
[00:37:38.959] [bmv2] [D] [thread 91872] [194.0] [cxt 0] Pipeline 'egress': end
[00:37:38.959] [bmv2] [D] [thread 91872] [194.0] [cxt 0] Deparser 'deparser': start
[00:37:38.959] [bmv2] [T] [thread 91872] [194.0] [cxt 0] Skipping checksum 'cksum' update because condition not met
[00:37:38.959] [bmv2] [D] [thread 91872] [194.0] [cxt 0] Deparsing header 'ethernet'
[00:37:38.959] [bmv2] [D] [thread 91872] [194.0] [cxt 0] Deparsing header 'ipv6'
[00:37:38.959] [bmv2] [D] [thread 91872] [194.0] [cxt 0] Deparser 'deparser': end
[00:37:38.959] [bmv2] [D] [thread 91876] [194.0] [cxt 0] Transmitting packet of size 70 out of port 0
[00:37:42.896] [bmv2] [D] [thread 91871] [195.0] [cxt 0] Processing packet received on port 3
[00:37:42.896] [bmv2] [D] [thread 91871] [195.0] [cxt 0] Parser 'parser': start
[00:37:42.896] [bmv2] [D] [thread 91871] [195.0] [cxt 0] Parser 'parser' entering state 'start'
[00:37:42.896] [bmv2] [D] [thread 91871] [195.0] [cxt 0] Extracting header 'ethernet'
[00:37:42.896] [bmv2] [D] [thread 91871] [195.0] [cxt 0] Parser state 'start': key is 86dd
[00:37:42.896] [bmv2] [T] [thread 91871] [195.0] [cxt 0] Bytes parsed: 14
[00:37:42.896] [bmv2] [D] [thread 91871] [195.0] [cxt 0] Parser 'parser' entering state 'parse_ipv6'
[00:37:42.896] [bmv2] [D] [thread 91871] [195.0] [cxt 0] Extracting header 'ipv6'
[00:37:42.896] [bmv2] [D] [thread 91871] [195.0] [cxt 0] Parser state 'parse_ipv6': key is 11
[00:37:42.896] [bmv2] [T] [thread 91871] [195.0] [cxt 0] Bytes parsed: 54
[00:37:42.896] [bmv2] [D] [thread 91871] [195.0] [cxt 0] Parser 'parser': end
[00:37:42.896] [bmv2] [D] [thread 91871] [195.0] [cxt 0] Pipeline 'ingress': start
[00:37:42.896] [bmv2] [T] [thread 91871] [195.0] [cxt 0] basic.p4(560) Condition "hdr.ethernet.etherType == TYPE_ARP" (node_2) is false
[00:37:42.896] [bmv2] [T] [thread 91871] [195.0] [cxt 0] basic.p4(563) Condition "hdr.ethernet.etherType == TYPE_SRCROUTING" (node_4) is false
[00:37:42.896] [bmv2] [T] [thread 91871] [195.0] [cxt 0] basic.p4(576) Condition "hdr.ethernet.etherType == TYPE_YEQUDESU" (node_12) is false
[00:37:42.896] [bmv2] [T] [thread 91871] [195.0] [cxt 0] basic.p4(582) Condition "hdr.vxlan.isValid()" (node_15) is false
[00:37:42.896] [bmv2] [T] [thread 91871] [195.0] [cxt 0] basic.p4(586) Condition "hdr.ipv6.isValid()" (node_17) is true
[00:37:42.896] [bmv2] [T] [thread 91871] [195.0] [cxt 0] Applying table 'MyIngress.ipv6_lpm'
[00:37:42.896] [bmv2] [D] [thread 91871] [195.0] [cxt 0] Looking up key:
* hdr.ipv6.dstAddr    : ff0200000000000000000000000000fb

[00:37:42.896] [bmv2] [D] [thread 91871] [195.0] [cxt 0] Table 'MyIngress.ipv6_lpm': miss
[00:37:42.896] [bmv2] [D] [thread 91871] [195.0] [cxt 0] Action entry is NoAction - 
[00:37:42.896] [bmv2] [T] [thread 91871] [195.0] [cxt 0] Action NoAction
[00:37:42.896] [bmv2] [D] [thread 91871] [195.0] [cxt 0] Pipeline 'ingress': end
[00:37:42.896] [bmv2] [D] [thread 91871] [195.0] [cxt 0] Egress port is 0
[00:37:42.896] [bmv2] [D] [thread 91872] [195.0] [cxt 0] Pipeline 'egress': start
[00:37:42.896] [bmv2] [T] [thread 91872] [195.0] [cxt 0] basic.p4(684) Condition "standard_metadata.mcast_grp != 0" (node_28) is false
[00:37:42.897] [bmv2] [D] [thread 91872] [195.0] [cxt 0] Pipeline 'egress': end
[00:37:42.897] [bmv2] [D] [thread 91872] [195.0] [cxt 0] Deparser 'deparser': start
[00:37:42.897] [bmv2] [T] [thread 91872] [195.0] [cxt 0] Skipping checksum 'cksum' update because condition not met
[00:37:42.897] [bmv2] [D] [thread 91872] [195.0] [cxt 0] Deparsing header 'ethernet'
[00:37:42.897] [bmv2] [D] [thread 91872] [195.0] [cxt 0] Deparsing header 'ipv6'
[00:37:42.897] [bmv2] [D] [thread 91872] [195.0] [cxt 0] Deparser 'deparser': end
[00:37:42.897] [bmv2] [D] [thread 91876] [195.0] [cxt 0] Transmitting packet of size 203 out of port 0
[00:37:43.120] [bmv2] [D] [thread 91871] [196.0] [cxt 0] Processing packet received on port 4
[00:37:43.120] [bmv2] [D] [thread 91871] [196.0] [cxt 0] Parser 'parser': start
[00:37:43.120] [bmv2] [D] [thread 91871] [196.0] [cxt 0] Parser 'parser' entering state 'start'
[00:37:43.121] [bmv2] [D] [thread 91871] [196.0] [cxt 0] Extracting header 'ethernet'
[00:37:43.121] [bmv2] [D] [thread 91871] [196.0] [cxt 0] Parser state 'start': key is 86dd
[00:37:43.121] [bmv2] [T] [thread 91871] [196.0] [cxt 0] Bytes parsed: 14
[00:37:43.121] [bmv2] [D] [thread 91871] [196.0] [cxt 0] Parser 'parser' entering state 'parse_ipv6'
[00:37:43.121] [bmv2] [D] [thread 91871] [196.0] [cxt 0] Extracting header 'ipv6'
[00:37:43.121] [bmv2] [D] [thread 91871] [196.0] [cxt 0] Parser state 'parse_ipv6': key is 11
[00:37:43.121] [bmv2] [T] [thread 91871] [196.0] [cxt 0] Bytes parsed: 54
[00:37:43.121] [bmv2] [D] [thread 91871] [196.0] [cxt 0] Parser 'parser': end
[00:37:43.121] [bmv2] [D] [thread 91871] [196.0] [cxt 0] Pipeline 'ingress': start
[00:37:43.121] [bmv2] [T] [thread 91871] [196.0] [cxt 0] basic.p4(560) Condition "hdr.ethernet.etherType == TYPE_ARP" (node_2) is false
[00:37:43.121] [bmv2] [T] [thread 91871] [196.0] [cxt 0] basic.p4(563) Condition "hdr.ethernet.etherType == TYPE_SRCROUTING" (node_4) is false
[00:37:43.121] [bmv2] [T] [thread 91871] [196.0] [cxt 0] basic.p4(576) Condition "hdr.ethernet.etherType == TYPE_YEQUDESU" (node_12) is false
[00:37:43.121] [bmv2] [T] [thread 91871] [196.0] [cxt 0] basic.p4(582) Condition "hdr.vxlan.isValid()" (node_15) is false
[00:37:43.121] [bmv2] [T] [thread 91871] [196.0] [cxt 0] basic.p4(586) Condition "hdr.ipv6.isValid()" (node_17) is true
[00:37:43.121] [bmv2] [T] [thread 91871] [196.0] [cxt 0] Applying table 'MyIngress.ipv6_lpm'
[00:37:43.121] [bmv2] [D] [thread 91871] [196.0] [cxt 0] Looking up key:
* hdr.ipv6.dstAddr    : ff0200000000000000000000000000fb

[00:37:43.121] [bmv2] [D] [thread 91871] [196.0] [cxt 0] Table 'MyIngress.ipv6_lpm': miss
[00:37:43.121] [bmv2] [D] [thread 91871] [196.0] [cxt 0] Action entry is NoAction - 
[00:37:43.121] [bmv2] [T] [thread 91871] [196.0] [cxt 0] Action NoAction
[00:37:43.121] [bmv2] [D] [thread 91871] [196.0] [cxt 0] Pipeline 'ingress': end
[00:37:43.121] [bmv2] [D] [thread 91871] [196.0] [cxt 0] Egress port is 0
[00:37:43.121] [bmv2] [D] [thread 91872] [196.0] [cxt 0] Pipeline 'egress': start
[00:37:43.121] [bmv2] [T] [thread 91872] [196.0] [cxt 0] basic.p4(684) Condition "standard_metadata.mcast_grp != 0" (node_28) is false
[00:37:43.121] [bmv2] [D] [thread 91872] [196.0] [cxt 0] Pipeline 'egress': end
[00:37:43.121] [bmv2] [D] [thread 91872] [196.0] [cxt 0] Deparser 'deparser': start
[00:37:43.121] [bmv2] [T] [thread 91872] [196.0] [cxt 0] Skipping checksum 'cksum' update because condition not met
[00:37:43.121] [bmv2] [D] [thread 91872] [196.0] [cxt 0] Deparsing header 'ethernet'
[00:37:43.121] [bmv2] [D] [thread 91872] [196.0] [cxt 0] Deparsing header 'ipv6'
[00:37:43.121] [bmv2] [D] [thread 91872] [196.0] [cxt 0] Deparser 'deparser': end
[00:37:43.121] [bmv2] [D] [thread 91876] [196.0] [cxt 0] Transmitting packet of size 203 out of port 0
[00:37:43.183] [bmv2] [D] [thread 91871] [197.0] [cxt 0] Processing packet received on port 3
[00:37:43.183] [bmv2] [D] [thread 91871] [197.0] [cxt 0] Parser 'parser': start
[00:37:43.183] [bmv2] [D] [thread 91871] [197.0] [cxt 0] Parser 'parser' entering state 'start'
[00:37:43.183] [bmv2] [D] [thread 91871] [197.0] [cxt 0] Extracting header 'ethernet'
[00:37:43.183] [bmv2] [D] [thread 91871] [197.0] [cxt 0] Parser state 'start': key is 86dd
[00:37:43.183] [bmv2] [T] [thread 91871] [197.0] [cxt 0] Bytes parsed: 14
[00:37:43.183] [bmv2] [D] [thread 91871] [197.0] [cxt 0] Parser 'parser' entering state 'parse_ipv6'
[00:37:43.183] [bmv2] [D] [thread 91871] [197.0] [cxt 0] Extracting header 'ipv6'
[00:37:43.183] [bmv2] [D] [thread 91871] [197.0] [cxt 0] Parser state 'parse_ipv6': key is 11
[00:37:43.183] [bmv2] [T] [thread 91871] [197.0] [cxt 0] Bytes parsed: 54
[00:37:43.183] [bmv2] [D] [thread 91871] [197.0] [cxt 0] Parser 'parser': end
[00:37:43.183] [bmv2] [D] [thread 91871] [197.0] [cxt 0] Pipeline 'ingress': start
[00:37:43.183] [bmv2] [T] [thread 91871] [197.0] [cxt 0] basic.p4(560) Condition "hdr.ethernet.etherType == TYPE_ARP" (node_2) is false
[00:37:43.183] [bmv2] [T] [thread 91871] [197.0] [cxt 0] basic.p4(563) Condition "hdr.ethernet.etherType == TYPE_SRCROUTING" (node_4) is false
[00:37:43.183] [bmv2] [T] [thread 91871] [197.0] [cxt 0] basic.p4(576) Condition "hdr.ethernet.etherType == TYPE_YEQUDESU" (node_12) is false
[00:37:43.183] [bmv2] [T] [thread 91871] [197.0] [cxt 0] basic.p4(582) Condition "hdr.vxlan.isValid()" (node_15) is false
[00:37:43.183] [bmv2] [T] [thread 91871] [197.0] [cxt 0] basic.p4(586) Condition "hdr.ipv6.isValid()" (node_17) is true
[00:37:43.183] [bmv2] [T] [thread 91871] [197.0] [cxt 0] Applying table 'MyIngress.ipv6_lpm'
[00:37:43.183] [bmv2] [D] [thread 91871] [197.0] [cxt 0] Looking up key:
* hdr.ipv6.dstAddr    : ff0200000000000000000000000000fb

[00:37:43.183] [bmv2] [D] [thread 91871] [197.0] [cxt 0] Table 'MyIngress.ipv6_lpm': miss
[00:37:43.183] [bmv2] [D] [thread 91871] [197.0] [cxt 0] Action entry is NoAction - 
[00:37:43.183] [bmv2] [T] [thread 91871] [197.0] [cxt 0] Action NoAction
[00:37:43.183] [bmv2] [D] [thread 91871] [197.0] [cxt 0] Pipeline 'ingress': end
[00:37:43.183] [bmv2] [D] [thread 91871] [197.0] [cxt 0] Egress port is 0
[00:37:43.183] [bmv2] [D] [thread 91872] [197.0] [cxt 0] Pipeline 'egress': start
[00:37:43.183] [bmv2] [T] [thread 91872] [197.0] [cxt 0] basic.p4(684) Condition "standard_metadata.mcast_grp != 0" (node_28) is false
[00:37:43.183] [bmv2] [D] [thread 91872] [197.0] [cxt 0] Pipeline 'egress': end
[00:37:43.183] [bmv2] [D] [thread 91872] [197.0] [cxt 0] Deparser 'deparser': start
[00:37:43.183] [bmv2] [T] [thread 91872] [197.0] [cxt 0] Skipping checksum 'cksum' update because condition not met
[00:37:43.183] [bmv2] [D] [thread 91872] [197.0] [cxt 0] Deparsing header 'ethernet'
[00:37:43.183] [bmv2] [D] [thread 91872] [197.0] [cxt 0] Deparsing header 'ipv6'
[00:37:43.183] [bmv2] [D] [thread 91872] [197.0] [cxt 0] Deparser 'deparser': end
[00:37:43.183] [bmv2] [D] [thread 91876] [197.0] [cxt 0] Transmitting packet of size 203 out of port 0
[00:37:43.317] [bmv2] [D] [thread 91871] [198.0] [cxt 0] Processing packet received on port 5
[00:37:43.317] [bmv2] [D] [thread 91871] [198.0] [cxt 0] Parser 'parser': start
[00:37:43.317] [bmv2] [D] [thread 91871] [198.0] [cxt 0] Parser 'parser' entering state 'start'
[00:37:43.317] [bmv2] [D] [thread 91871] [198.0] [cxt 0] Extracting header 'ethernet'
[00:37:43.317] [bmv2] [D] [thread 91871] [198.0] [cxt 0] Parser state 'start': key is 86dd
[00:37:43.317] [bmv2] [T] [thread 91871] [198.0] [cxt 0] Bytes parsed: 14
[00:37:43.317] [bmv2] [D] [thread 91871] [198.0] [cxt 0] Parser 'parser' entering state 'parse_ipv6'
[00:37:43.317] [bmv2] [D] [thread 91871] [198.0] [cxt 0] Extracting header 'ipv6'
[00:37:43.317] [bmv2] [D] [thread 91871] [198.0] [cxt 0] Parser state 'parse_ipv6': key is 11
[00:37:43.317] [bmv2] [T] [thread 91871] [198.0] [cxt 0] Bytes parsed: 54
[00:37:43.317] [bmv2] [D] [thread 91871] [198.0] [cxt 0] Parser 'parser': end
[00:37:43.317] [bmv2] [D] [thread 91871] [198.0] [cxt 0] Pipeline 'ingress': start
[00:37:43.317] [bmv2] [T] [thread 91871] [198.0] [cxt 0] basic.p4(560) Condition "hdr.ethernet.etherType == TYPE_ARP" (node_2) is false
[00:37:43.317] [bmv2] [T] [thread 91871] [198.0] [cxt 0] basic.p4(563) Condition "hdr.ethernet.etherType == TYPE_SRCROUTING" (node_4) is false
[00:37:43.317] [bmv2] [T] [thread 91871] [198.0] [cxt 0] basic.p4(576) Condition "hdr.ethernet.etherType == TYPE_YEQUDESU" (node_12) is false
[00:37:43.317] [bmv2] [T] [thread 91871] [198.0] [cxt 0] basic.p4(582) Condition "hdr.vxlan.isValid()" (node_15) is false
[00:37:43.317] [bmv2] [T] [thread 91871] [198.0] [cxt 0] basic.p4(586) Condition "hdr.ipv6.isValid()" (node_17) is true
[00:37:43.317] [bmv2] [T] [thread 91871] [198.0] [cxt 0] Applying table 'MyIngress.ipv6_lpm'
[00:37:43.317] [bmv2] [D] [thread 91871] [198.0] [cxt 0] Looking up key:
* hdr.ipv6.dstAddr    : ff0200000000000000000000000000fb

[00:37:43.317] [bmv2] [D] [thread 91871] [198.0] [cxt 0] Table 'MyIngress.ipv6_lpm': miss
[00:37:43.317] [bmv2] [D] [thread 91871] [198.0] [cxt 0] Action entry is NoAction - 
[00:37:43.317] [bmv2] [T] [thread 91871] [198.0] [cxt 0] Action NoAction
[00:37:43.317] [bmv2] [D] [thread 91871] [198.0] [cxt 0] Pipeline 'ingress': end
[00:37:43.317] [bmv2] [D] [thread 91871] [198.0] [cxt 0] Egress port is 0
[00:37:43.317] [bmv2] [D] [thread 91872] [198.0] [cxt 0] Pipeline 'egress': start
[00:37:43.317] [bmv2] [T] [thread 91872] [198.0] [cxt 0] basic.p4(684) Condition "standard_metadata.mcast_grp != 0" (node_28) is false
[00:37:43.317] [bmv2] [D] [thread 91872] [198.0] [cxt 0] Pipeline 'egress': end
[00:37:43.317] [bmv2] [D] [thread 91872] [198.0] [cxt 0] Deparser 'deparser': start
[00:37:43.317] [bmv2] [T] [thread 91872] [198.0] [cxt 0] Skipping checksum 'cksum' update because condition not met
[00:37:43.317] [bmv2] [D] [thread 91872] [198.0] [cxt 0] Deparsing header 'ethernet'
[00:37:43.317] [bmv2] [D] [thread 91872] [198.0] [cxt 0] Deparsing header 'ipv6'
[00:37:43.317] [bmv2] [D] [thread 91872] [198.0] [cxt 0] Deparser 'deparser': end
[00:37:43.317] [bmv2] [D] [thread 91876] [198.0] [cxt 0] Transmitting packet of size 203 out of port 0
[00:37:43.569] [bmv2] [D] [thread 91871] [199.0] [cxt 0] Processing packet received on port 2
[00:37:43.569] [bmv2] [D] [thread 91871] [199.0] [cxt 0] Parser 'parser': start
[00:37:43.569] [bmv2] [D] [thread 91871] [199.0] [cxt 0] Parser 'parser' entering state 'start'
[00:37:43.569] [bmv2] [D] [thread 91871] [199.0] [cxt 0] Extracting header 'ethernet'
[00:37:43.569] [bmv2] [D] [thread 91871] [199.0] [cxt 0] Parser state 'start': key is 86dd
[00:37:43.569] [bmv2] [T] [thread 91871] [199.0] [cxt 0] Bytes parsed: 14
[00:37:43.569] [bmv2] [D] [thread 91871] [199.0] [cxt 0] Parser 'parser' entering state 'parse_ipv6'
[00:37:43.569] [bmv2] [D] [thread 91871] [199.0] [cxt 0] Extracting header 'ipv6'
[00:37:43.569] [bmv2] [D] [thread 91871] [199.0] [cxt 0] Parser state 'parse_ipv6': key is 11
[00:37:43.569] [bmv2] [T] [thread 91871] [199.0] [cxt 0] Bytes parsed: 54
[00:37:43.569] [bmv2] [D] [thread 91871] [199.0] [cxt 0] Parser 'parser': end
[00:37:43.569] [bmv2] [D] [thread 91871] [199.0] [cxt 0] Pipeline 'ingress': start
[00:37:43.569] [bmv2] [T] [thread 91871] [199.0] [cxt 0] basic.p4(560) Condition "hdr.ethernet.etherType == TYPE_ARP" (node_2) is false
[00:37:43.569] [bmv2] [T] [thread 91871] [199.0] [cxt 0] basic.p4(563) Condition "hdr.ethernet.etherType == TYPE_SRCROUTING" (node_4) is false
[00:37:43.569] [bmv2] [T] [thread 91871] [199.0] [cxt 0] basic.p4(576) Condition "hdr.ethernet.etherType == TYPE_YEQUDESU" (node_12) is false
[00:37:43.569] [bmv2] [T] [thread 91871] [199.0] [cxt 0] basic.p4(582) Condition "hdr.vxlan.isValid()" (node_15) is false
[00:37:43.569] [bmv2] [T] [thread 91871] [199.0] [cxt 0] basic.p4(586) Condition "hdr.ipv6.isValid()" (node_17) is true
[00:37:43.569] [bmv2] [T] [thread 91871] [199.0] [cxt 0] Applying table 'MyIngress.ipv6_lpm'
[00:37:43.569] [bmv2] [D] [thread 91871] [199.0] [cxt 0] Looking up key:
* hdr.ipv6.dstAddr    : ff0200000000000000000000000000fb

[00:37:43.569] [bmv2] [D] [thread 91871] [199.0] [cxt 0] Table 'MyIngress.ipv6_lpm': miss
[00:37:43.569] [bmv2] [D] [thread 91871] [199.0] [cxt 0] Action entry is NoAction - 
[00:37:43.569] [bmv2] [T] [thread 91871] [199.0] [cxt 0] Action NoAction
[00:37:43.569] [bmv2] [D] [thread 91871] [199.0] [cxt 0] Pipeline 'ingress': end
[00:37:43.569] [bmv2] [D] [thread 91871] [199.0] [cxt 0] Egress port is 0
[00:37:43.569] [bmv2] [D] [thread 91871] [200.0] [cxt 0] Processing packet received on port 5
[00:37:43.569] [bmv2] [D] [thread 91871] [200.0] [cxt 0] Parser 'parser': start
[00:37:43.569] [bmv2] [D] [thread 91871] [200.0] [cxt 0] Parser 'parser' entering state 'start'
[00:37:43.569] [bmv2] [D] [thread 91871] [200.0] [cxt 0] Extracting header 'ethernet'
[00:37:43.569] [bmv2] [D] [thread 91871] [200.0] [cxt 0] Parser state 'start': key is 86dd
[00:37:43.569] [bmv2] [T] [thread 91871] [200.0] [cxt 0] Bytes parsed: 14
[00:37:43.569] [bmv2] [D] [thread 91871] [200.0] [cxt 0] Parser 'parser' entering state 'parse_ipv6'
[00:37:43.569] [bmv2] [D] [thread 91871] [200.0] [cxt 0] Extracting header 'ipv6'
[00:37:43.569] [bmv2] [D] [thread 91871] [200.0] [cxt 0] Parser state 'parse_ipv6': key is 11
[00:37:43.569] [bmv2] [T] [thread 91871] [200.0] [cxt 0] Bytes parsed: 54
[00:37:43.569] [bmv2] [D] [thread 91871] [200.0] [cxt 0] Parser 'parser': end
[00:37:43.569] [bmv2] [D] [thread 91871] [200.0] [cxt 0] Pipeline 'ingress': start
[00:37:43.569] [bmv2] [T] [thread 91871] [200.0] [cxt 0] basic.p4(560) Condition "hdr.ethernet.etherType == TYPE_ARP" (node_2) is false
[00:37:43.569] [bmv2] [T] [thread 91871] [200.0] [cxt 0] basic.p4(563) Condition "hdr.ethernet.etherType == TYPE_SRCROUTING" (node_4) is false
[00:37:43.569] [bmv2] [T] [thread 91871] [200.0] [cxt 0] basic.p4(576) Condition "hdr.ethernet.etherType == TYPE_YEQUDESU" (node_12) is false
[00:37:43.569] [bmv2] [T] [thread 91871] [200.0] [cxt 0] basic.p4(582) Condition "hdr.vxlan.isValid()" (node_15) is false
[00:37:43.569] [bmv2] [T] [thread 91871] [200.0] [cxt 0] basic.p4(586) Condition "hdr.ipv6.isValid()" (node_17) is true
[00:37:43.569] [bmv2] [T] [thread 91871] [200.0] [cxt 0] Applying table 'MyIngress.ipv6_lpm'
[00:37:43.569] [bmv2] [D] [thread 91871] [200.0] [cxt 0] Looking up key:
* hdr.ipv6.dstAddr    : ff0200000000000000000000000000fb

[00:37:43.569] [bmv2] [D] [thread 91871] [200.0] [cxt 0] Table 'MyIngress.ipv6_lpm': miss
[00:37:43.569] [bmv2] [D] [thread 91871] [200.0] [cxt 0] Action entry is NoAction - 
[00:37:43.569] [bmv2] [T] [thread 91871] [200.0] [cxt 0] Action NoAction
[00:37:43.569] [bmv2] [D] [thread 91871] [200.0] [cxt 0] Pipeline 'ingress': end
[00:37:43.569] [bmv2] [D] [thread 91871] [200.0] [cxt 0] Egress port is 0
[00:37:43.569] [bmv2] [D] [thread 91872] [199.0] [cxt 0] Pipeline 'egress': start
[00:37:43.569] [bmv2] [T] [thread 91872] [199.0] [cxt 0] basic.p4(684) Condition "standard_metadata.mcast_grp != 0" (node_28) is false
[00:37:43.569] [bmv2] [D] [thread 91872] [199.0] [cxt 0] Pipeline 'egress': end
[00:37:43.569] [bmv2] [D] [thread 91872] [199.0] [cxt 0] Deparser 'deparser': start
[00:37:43.569] [bmv2] [T] [thread 91872] [199.0] [cxt 0] Skipping checksum 'cksum' update because condition not met
[00:37:43.569] [bmv2] [D] [thread 91872] [199.0] [cxt 0] Deparsing header 'ethernet'
[00:37:43.569] [bmv2] [D] [thread 91872] [199.0] [cxt 0] Deparsing header 'ipv6'
[00:37:43.569] [bmv2] [D] [thread 91872] [199.0] [cxt 0] Deparser 'deparser': end
[00:37:43.569] [bmv2] [D] [thread 91872] [200.0] [cxt 0] Pipeline 'egress': start
[00:37:43.569] [bmv2] [T] [thread 91872] [200.0] [cxt 0] basic.p4(684) Condition "standard_metadata.mcast_grp != 0" (node_28) is false
[00:37:43.570] [bmv2] [D] [thread 91872] [200.0] [cxt 0] Pipeline 'egress': end
[00:37:43.570] [bmv2] [D] [thread 91872] [200.0] [cxt 0] Deparser 'deparser': start
[00:37:43.570] [bmv2] [T] [thread 91872] [200.0] [cxt 0] Skipping checksum 'cksum' update because condition not met
[00:37:43.570] [bmv2] [D] [thread 91872] [200.0] [cxt 0] Deparsing header 'ethernet'
[00:37:43.570] [bmv2] [D] [thread 91872] [200.0] [cxt 0] Deparsing header 'ipv6'
[00:37:43.570] [bmv2] [D] [thread 91872] [200.0] [cxt 0] Deparser 'deparser': end
[00:37:43.570] [bmv2] [D] [thread 91876] [199.0] [cxt 0] Transmitting packet of size 203 out of port 0
[00:37:43.570] [bmv2] [D] [thread 91876] [200.0] [cxt 0] Transmitting packet of size 203 out of port 0
[00:37:43.633] [bmv2] [D] [thread 91871] [201.0] [cxt 0] Processing packet received on port 1
[00:37:43.633] [bmv2] [D] [thread 91871] [201.0] [cxt 0] Parser 'parser': start
[00:37:43.633] [bmv2] [D] [thread 91871] [201.0] [cxt 0] Parser 'parser' entering state 'start'
[00:37:43.633] [bmv2] [D] [thread 91871] [201.0] [cxt 0] Extracting header 'ethernet'
[00:37:43.633] [bmv2] [D] [thread 91871] [201.0] [cxt 0] Parser state 'start': key is 86dd
[00:37:43.633] [bmv2] [T] [thread 91871] [201.0] [cxt 0] Bytes parsed: 14
[00:37:43.633] [bmv2] [D] [thread 91871] [201.0] [cxt 0] Parser 'parser' entering state 'parse_ipv6'
[00:37:43.633] [bmv2] [D] [thread 91871] [201.0] [cxt 0] Extracting header 'ipv6'
[00:37:43.633] [bmv2] [D] [thread 91871] [201.0] [cxt 0] Parser state 'parse_ipv6': key is 11
[00:37:43.633] [bmv2] [T] [thread 91871] [201.0] [cxt 0] Bytes parsed: 54
[00:37:43.633] [bmv2] [D] [thread 91871] [201.0] [cxt 0] Parser 'parser': end
[00:37:43.633] [bmv2] [D] [thread 91871] [201.0] [cxt 0] Pipeline 'ingress': start
[00:37:43.633] [bmv2] [T] [thread 91871] [201.0] [cxt 0] basic.p4(560) Condition "hdr.ethernet.etherType == TYPE_ARP" (node_2) is false
[00:37:43.633] [bmv2] [T] [thread 91871] [201.0] [cxt 0] basic.p4(563) Condition "hdr.ethernet.etherType == TYPE_SRCROUTING" (node_4) is false
[00:37:43.633] [bmv2] [T] [thread 91871] [201.0] [cxt 0] basic.p4(576) Condition "hdr.ethernet.etherType == TYPE_YEQUDESU" (node_12) is false
[00:37:43.633] [bmv2] [T] [thread 91871] [201.0] [cxt 0] basic.p4(582) Condition "hdr.vxlan.isValid()" (node_15) is false
[00:37:43.633] [bmv2] [T] [thread 91871] [201.0] [cxt 0] basic.p4(586) Condition "hdr.ipv6.isValid()" (node_17) is true
[00:37:43.633] [bmv2] [T] [thread 91871] [201.0] [cxt 0] Applying table 'MyIngress.ipv6_lpm'
[00:37:43.633] [bmv2] [D] [thread 91871] [201.0] [cxt 0] Looking up key:
* hdr.ipv6.dstAddr    : ff0200000000000000000000000000fb

[00:37:43.633] [bmv2] [D] [thread 91871] [201.0] [cxt 0] Table 'MyIngress.ipv6_lpm': miss
[00:37:43.633] [bmv2] [D] [thread 91871] [201.0] [cxt 0] Action entry is NoAction - 
[00:37:43.633] [bmv2] [T] [thread 91871] [201.0] [cxt 0] Action NoAction
[00:37:43.633] [bmv2] [D] [thread 91871] [201.0] [cxt 0] Pipeline 'ingress': end
[00:37:43.633] [bmv2] [D] [thread 91871] [201.0] [cxt 0] Egress port is 0
[00:37:43.633] [bmv2] [D] [thread 91872] [201.0] [cxt 0] Pipeline 'egress': start
[00:37:43.633] [bmv2] [T] [thread 91872] [201.0] [cxt 0] basic.p4(684) Condition "standard_metadata.mcast_grp != 0" (node_28) is false
[00:37:43.633] [bmv2] [D] [thread 91872] [201.0] [cxt 0] Pipeline 'egress': end
[00:37:43.633] [bmv2] [D] [thread 91872] [201.0] [cxt 0] Deparser 'deparser': start
[00:37:43.633] [bmv2] [T] [thread 91872] [201.0] [cxt 0] Skipping checksum 'cksum' update because condition not met
[00:37:43.633] [bmv2] [D] [thread 91872] [201.0] [cxt 0] Deparsing header 'ethernet'
[00:37:43.633] [bmv2] [D] [thread 91872] [201.0] [cxt 0] Deparsing header 'ipv6'
[00:37:43.633] [bmv2] [D] [thread 91872] [201.0] [cxt 0] Deparser 'deparser': end
[00:37:43.633] [bmv2] [D] [thread 91876] [201.0] [cxt 0] Transmitting packet of size 203 out of port 0
[00:37:45.614] [bmv2] [D] [thread 91871] [202.0] [cxt 0] Processing packet received on port 5
[00:37:45.614] [bmv2] [D] [thread 91871] [202.0] [cxt 0] Parser 'parser': start
[00:37:45.614] [bmv2] [D] [thread 91871] [202.0] [cxt 0] Parser 'parser' entering state 'start'
[00:37:45.614] [bmv2] [D] [thread 91871] [202.0] [cxt 0] Extracting header 'ethernet'
[00:37:45.614] [bmv2] [D] [thread 91871] [202.0] [cxt 0] Parser state 'start': key is 86dd
[00:37:45.614] [bmv2] [T] [thread 91871] [202.0] [cxt 0] Bytes parsed: 14
[00:37:45.614] [bmv2] [D] [thread 91871] [202.0] [cxt 0] Parser 'parser' entering state 'parse_ipv6'
[00:37:45.614] [bmv2] [D] [thread 91871] [202.0] [cxt 0] Extracting header 'ipv6'
[00:37:45.614] [bmv2] [D] [thread 91871] [202.0] [cxt 0] Parser state 'parse_ipv6': key is 3a
[00:37:45.614] [bmv2] [T] [thread 91871] [202.0] [cxt 0] Bytes parsed: 54
[00:37:45.614] [bmv2] [D] [thread 91871] [202.0] [cxt 0] Parser 'parser': end
[00:37:45.614] [bmv2] [D] [thread 91871] [202.0] [cxt 0] Pipeline 'ingress': start
[00:37:45.614] [bmv2] [T] [thread 91871] [202.0] [cxt 0] basic.p4(560) Condition "hdr.ethernet.etherType == TYPE_ARP" (node_2) is false
[00:37:45.614] [bmv2] [T] [thread 91871] [202.0] [cxt 0] basic.p4(563) Condition "hdr.ethernet.etherType == TYPE_SRCROUTING" (node_4) is false
[00:37:45.614] [bmv2] [T] [thread 91871] [202.0] [cxt 0] basic.p4(576) Condition "hdr.ethernet.etherType == TYPE_YEQUDESU" (node_12) is false
[00:37:45.614] [bmv2] [T] [thread 91871] [202.0] [cxt 0] basic.p4(582) Condition "hdr.vxlan.isValid()" (node_15) is false
[00:37:45.614] [bmv2] [T] [thread 91871] [202.0] [cxt 0] basic.p4(586) Condition "hdr.ipv6.isValid()" (node_17) is true
[00:37:45.614] [bmv2] [T] [thread 91871] [202.0] [cxt 0] Applying table 'MyIngress.ipv6_lpm'
[00:37:45.614] [bmv2] [D] [thread 91871] [202.0] [cxt 0] Looking up key:
* hdr.ipv6.dstAddr    : ff020000000000000000000000000002

[00:37:45.614] [bmv2] [D] [thread 91871] [202.0] [cxt 0] Table 'MyIngress.ipv6_lpm': miss
[00:37:45.614] [bmv2] [D] [thread 91871] [202.0] [cxt 0] Action entry is NoAction - 
[00:37:45.614] [bmv2] [T] [thread 91871] [202.0] [cxt 0] Action NoAction
[00:37:45.614] [bmv2] [D] [thread 91871] [202.0] [cxt 0] Pipeline 'ingress': end
[00:37:45.614] [bmv2] [D] [thread 91871] [202.0] [cxt 0] Egress port is 0
[00:37:45.614] [bmv2] [D] [thread 91872] [202.0] [cxt 0] Pipeline 'egress': start
[00:37:45.614] [bmv2] [T] [thread 91872] [202.0] [cxt 0] basic.p4(684) Condition "standard_metadata.mcast_grp != 0" (node_28) is false
[00:37:45.614] [bmv2] [D] [thread 91872] [202.0] [cxt 0] Pipeline 'egress': end
[00:37:45.614] [bmv2] [D] [thread 91872] [202.0] [cxt 0] Deparser 'deparser': start
[00:37:45.614] [bmv2] [T] [thread 91872] [202.0] [cxt 0] Skipping checksum 'cksum' update because condition not met
[00:37:45.614] [bmv2] [D] [thread 91872] [202.0] [cxt 0] Deparsing header 'ethernet'
[00:37:45.614] [bmv2] [D] [thread 91872] [202.0] [cxt 0] Deparsing header 'ipv6'
[00:37:45.614] [bmv2] [D] [thread 91872] [202.0] [cxt 0] Deparser 'deparser': end
[00:37:45.614] [bmv2] [D] [thread 91876] [202.0] [cxt 0] Transmitting packet of size 70 out of port 0
[00:37:49.710] [bmv2] [D] [thread 91871] [203.0] [cxt 0] Processing packet received on port 1
[00:37:49.710] [bmv2] [D] [thread 91871] [203.0] [cxt 0] Parser 'parser': start
[00:37:49.710] [bmv2] [D] [thread 91871] [203.0] [cxt 0] Parser 'parser' entering state 'start'
[00:37:49.710] [bmv2] [D] [thread 91871] [203.0] [cxt 0] Extracting header 'ethernet'
[00:37:49.710] [bmv2] [D] [thread 91871] [203.0] [cxt 0] Parser state 'start': key is 86dd
[00:37:49.710] [bmv2] [T] [thread 91871] [203.0] [cxt 0] Bytes parsed: 14
[00:37:49.710] [bmv2] [D] [thread 91871] [203.0] [cxt 0] Parser 'parser' entering state 'parse_ipv6'
[00:37:49.710] [bmv2] [D] [thread 91871] [203.0] [cxt 0] Extracting header 'ipv6'
[00:37:49.710] [bmv2] [D] [thread 91871] [203.0] [cxt 0] Parser state 'parse_ipv6': key is 3a
[00:37:49.710] [bmv2] [T] [thread 91871] [203.0] [cxt 0] Bytes parsed: 54
[00:37:49.710] [bmv2] [D] [thread 91871] [203.0] [cxt 0] Parser 'parser': end
[00:37:49.711] [bmv2] [D] [thread 91871] [203.0] [cxt 0] Pipeline 'ingress': start
[00:37:49.711] [bmv2] [T] [thread 91871] [203.0] [cxt 0] basic.p4(560) Condition "hdr.ethernet.etherType == TYPE_ARP" (node_2) is false
[00:37:49.711] [bmv2] [T] [thread 91871] [203.0] [cxt 0] basic.p4(563) Condition "hdr.ethernet.etherType == TYPE_SRCROUTING" (node_4) is false
[00:37:49.711] [bmv2] [T] [thread 91871] [203.0] [cxt 0] basic.p4(576) Condition "hdr.ethernet.etherType == TYPE_YEQUDESU" (node_12) is false
[00:37:49.711] [bmv2] [T] [thread 91871] [203.0] [cxt 0] basic.p4(582) Condition "hdr.vxlan.isValid()" (node_15) is false
[00:37:49.711] [bmv2] [T] [thread 91871] [203.0] [cxt 0] basic.p4(586) Condition "hdr.ipv6.isValid()" (node_17) is true
[00:37:49.711] [bmv2] [T] [thread 91871] [203.0] [cxt 0] Applying table 'MyIngress.ipv6_lpm'
[00:37:49.711] [bmv2] [D] [thread 91871] [203.0] [cxt 0] Looking up key:
* hdr.ipv6.dstAddr    : ff020000000000000000000000000002

[00:37:49.711] [bmv2] [D] [thread 91871] [203.0] [cxt 0] Table 'MyIngress.ipv6_lpm': miss
[00:37:49.711] [bmv2] [D] [thread 91871] [203.0] [cxt 0] Action entry is NoAction - 
[00:37:49.711] [bmv2] [T] [thread 91871] [203.0] [cxt 0] Action NoAction
[00:37:49.711] [bmv2] [D] [thread 91871] [203.0] [cxt 0] Pipeline 'ingress': end
[00:37:49.711] [bmv2] [D] [thread 91871] [203.0] [cxt 0] Egress port is 0
[00:37:49.711] [bmv2] [D] [thread 91871] [204.0] [cxt 0] Processing packet received on port 4
[00:37:49.711] [bmv2] [D] [thread 91871] [204.0] [cxt 0] Parser 'parser': start
[00:37:49.711] [bmv2] [D] [thread 91871] [204.0] [cxt 0] Parser 'parser' entering state 'start'
[00:37:49.712] [bmv2] [D] [thread 91871] [204.0] [cxt 0] Extracting header 'ethernet'
[00:37:49.712] [bmv2] [D] [thread 91871] [204.0] [cxt 0] Parser state 'start': key is 86dd
[00:37:49.712] [bmv2] [T] [thread 91871] [204.0] [cxt 0] Bytes parsed: 14
[00:37:49.712] [bmv2] [D] [thread 91871] [204.0] [cxt 0] Parser 'parser' entering state 'parse_ipv6'
[00:37:49.712] [bmv2] [D] [thread 91871] [204.0] [cxt 0] Extracting header 'ipv6'
[00:37:49.712] [bmv2] [D] [thread 91871] [204.0] [cxt 0] Parser state 'parse_ipv6': key is 3a
[00:37:49.712] [bmv2] [T] [thread 91871] [204.0] [cxt 0] Bytes parsed: 54
[00:37:49.712] [bmv2] [D] [thread 91871] [204.0] [cxt 0] Parser 'parser': end
[00:37:49.712] [bmv2] [D] [thread 91871] [204.0] [cxt 0] Pipeline 'ingress': start
[00:37:49.712] [bmv2] [T] [thread 91871] [204.0] [cxt 0] basic.p4(560) Condition "hdr.ethernet.etherType == TYPE_ARP" (node_2) is false
[00:37:49.712] [bmv2] [T] [thread 91871] [204.0] [cxt 0] basic.p4(563) Condition "hdr.ethernet.etherType == TYPE_SRCROUTING" (node_4) is false
[00:37:49.712] [bmv2] [T] [thread 91871] [204.0] [cxt 0] basic.p4(576) Condition "hdr.ethernet.etherType == TYPE_YEQUDESU" (node_12) is false
[00:37:49.712] [bmv2] [T] [thread 91871] [204.0] [cxt 0] basic.p4(582) Condition "hdr.vxlan.isValid()" (node_15) is false
[00:37:49.712] [bmv2] [T] [thread 91871] [204.0] [cxt 0] basic.p4(586) Condition "hdr.ipv6.isValid()" (node_17) is true
[00:37:49.712] [bmv2] [T] [thread 91871] [204.0] [cxt 0] Applying table 'MyIngress.ipv6_lpm'
[00:37:49.712] [bmv2] [D] [thread 91871] [204.0] [cxt 0] Looking up key:
* hdr.ipv6.dstAddr    : ff020000000000000000000000000002

[00:37:49.712] [bmv2] [D] [thread 91871] [204.0] [cxt 0] Table 'MyIngress.ipv6_lpm': miss
[00:37:49.712] [bmv2] [D] [thread 91871] [204.0] [cxt 0] Action entry is NoAction - 
[00:37:49.712] [bmv2] [T] [thread 91871] [204.0] [cxt 0] Action NoAction
[00:37:49.712] [bmv2] [D] [thread 91871] [204.0] [cxt 0] Pipeline 'ingress': end
[00:37:49.712] [bmv2] [D] [thread 91871] [204.0] [cxt 0] Egress port is 0
[00:37:49.712] [bmv2] [D] [thread 91872] [203.0] [cxt 0] Pipeline 'egress': start
[00:37:49.712] [bmv2] [T] [thread 91872] [203.0] [cxt 0] basic.p4(684) Condition "standard_metadata.mcast_grp != 0" (node_28) is false
[00:37:49.712] [bmv2] [D] [thread 91872] [203.0] [cxt 0] Pipeline 'egress': end
[00:37:49.712] [bmv2] [D] [thread 91872] [203.0] [cxt 0] Deparser 'deparser': start
[00:37:49.712] [bmv2] [T] [thread 91872] [203.0] [cxt 0] Skipping checksum 'cksum' update because condition not met
[00:37:49.712] [bmv2] [D] [thread 91872] [203.0] [cxt 0] Deparsing header 'ethernet'
[00:37:49.712] [bmv2] [D] [thread 91872] [203.0] [cxt 0] Deparsing header 'ipv6'
[00:37:49.712] [bmv2] [D] [thread 91872] [203.0] [cxt 0] Deparser 'deparser': end
[00:37:49.712] [bmv2] [D] [thread 91872] [204.0] [cxt 0] Pipeline 'egress': start
[00:37:49.712] [bmv2] [T] [thread 91872] [204.0] [cxt 0] basic.p4(684) Condition "standard_metadata.mcast_grp != 0" (node_28) is false
[00:37:49.712] [bmv2] [D] [thread 91872] [204.0] [cxt 0] Pipeline 'egress': end
[00:37:49.712] [bmv2] [D] [thread 91872] [204.0] [cxt 0] Deparser 'deparser': start
[00:37:49.712] [bmv2] [T] [thread 91872] [204.0] [cxt 0] Skipping checksum 'cksum' update because condition not met
[00:37:49.712] [bmv2] [D] [thread 91872] [204.0] [cxt 0] Deparsing header 'ethernet'
[00:37:49.712] [bmv2] [D] [thread 91872] [204.0] [cxt 0] Deparsing header 'ipv6'
[00:37:49.712] [bmv2] [D] [thread 91872] [204.0] [cxt 0] Deparser 'deparser': end
[00:37:49.712] [bmv2] [D] [thread 91876] [203.0] [cxt 0] Transmitting packet of size 70 out of port 0
[00:37:49.712] [bmv2] [D] [thread 91876] [204.0] [cxt 0] Transmitting packet of size 70 out of port 0
[00:38:30.670] [bmv2] [D] [thread 91871] [205.0] [cxt 0] Processing packet received on port 2
[00:38:30.670] [bmv2] [D] [thread 91871] [205.0] [cxt 0] Parser 'parser': start
[00:38:30.670] [bmv2] [D] [thread 91871] [205.0] [cxt 0] Parser 'parser' entering state 'start'
[00:38:30.670] [bmv2] [D] [thread 91871] [205.0] [cxt 0] Extracting header 'ethernet'
[00:38:30.670] [bmv2] [D] [thread 91871] [205.0] [cxt 0] Parser state 'start': key is 86dd
[00:38:30.670] [bmv2] [T] [thread 91871] [205.0] [cxt 0] Bytes parsed: 14
[00:38:30.670] [bmv2] [D] [thread 91871] [205.0] [cxt 0] Parser 'parser' entering state 'parse_ipv6'
[00:38:30.670] [bmv2] [D] [thread 91871] [205.0] [cxt 0] Extracting header 'ipv6'
[00:38:30.670] [bmv2] [D] [thread 91871] [205.0] [cxt 0] Parser state 'parse_ipv6': key is 3a
[00:38:30.670] [bmv2] [T] [thread 91871] [205.0] [cxt 0] Bytes parsed: 54
[00:38:30.670] [bmv2] [D] [thread 91871] [205.0] [cxt 0] Parser 'parser': end
[00:38:30.670] [bmv2] [D] [thread 91871] [205.0] [cxt 0] Pipeline 'ingress': start
[00:38:30.670] [bmv2] [T] [thread 91871] [205.0] [cxt 0] basic.p4(560) Condition "hdr.ethernet.etherType == TYPE_ARP" (node_2) is false
[00:38:30.670] [bmv2] [T] [thread 91871] [205.0] [cxt 0] basic.p4(563) Condition "hdr.ethernet.etherType == TYPE_SRCROUTING" (node_4) is false
[00:38:30.670] [bmv2] [T] [thread 91871] [205.0] [cxt 0] basic.p4(576) Condition "hdr.ethernet.etherType == TYPE_YEQUDESU" (node_12) is false
[00:38:30.670] [bmv2] [T] [thread 91871] [205.0] [cxt 0] basic.p4(582) Condition "hdr.vxlan.isValid()" (node_15) is false
[00:38:30.670] [bmv2] [T] [thread 91871] [205.0] [cxt 0] basic.p4(586) Condition "hdr.ipv6.isValid()" (node_17) is true
[00:38:30.670] [bmv2] [T] [thread 91871] [205.0] [cxt 0] Applying table 'MyIngress.ipv6_lpm'
[00:38:30.670] [bmv2] [D] [thread 91871] [205.0] [cxt 0] Looking up key:
* hdr.ipv6.dstAddr    : ff020000000000000000000000000002

[00:38:30.670] [bmv2] [D] [thread 91871] [205.0] [cxt 0] Table 'MyIngress.ipv6_lpm': miss
[00:38:30.670] [bmv2] [D] [thread 91871] [205.0] [cxt 0] Action entry is NoAction - 
[00:38:30.670] [bmv2] [T] [thread 91871] [205.0] [cxt 0] Action NoAction
[00:38:30.670] [bmv2] [D] [thread 91871] [205.0] [cxt 0] Pipeline 'ingress': end
[00:38:30.670] [bmv2] [D] [thread 91871] [205.0] [cxt 0] Egress port is 0
[00:38:30.670] [bmv2] [D] [thread 91872] [205.0] [cxt 0] Pipeline 'egress': start
[00:38:30.670] [bmv2] [T] [thread 91872] [205.0] [cxt 0] basic.p4(684) Condition "standard_metadata.mcast_grp != 0" (node_28) is false
[00:38:30.670] [bmv2] [D] [thread 91872] [205.0] [cxt 0] Pipeline 'egress': end
[00:38:30.670] [bmv2] [D] [thread 91872] [205.0] [cxt 0] Deparser 'deparser': start
[00:38:30.670] [bmv2] [T] [thread 91872] [205.0] [cxt 0] Skipping checksum 'cksum' update because condition not met
[00:38:30.670] [bmv2] [D] [thread 91872] [205.0] [cxt 0] Deparsing header 'ethernet'
[00:38:30.670] [bmv2] [D] [thread 91872] [205.0] [cxt 0] Deparsing header 'ipv6'
[00:38:30.670] [bmv2] [D] [thread 91872] [205.0] [cxt 0] Deparser 'deparser': end
[00:38:30.670] [bmv2] [D] [thread 91876] [205.0] [cxt 0] Transmitting packet of size 70 out of port 0
[00:38:34.766] [bmv2] [D] [thread 91871] [206.0] [cxt 0] Processing packet received on port 2
[00:38:34.766] [bmv2] [D] [thread 91871] [206.0] [cxt 0] Parser 'parser': start
[00:38:34.766] [bmv2] [D] [thread 91871] [206.0] [cxt 0] Parser 'parser' entering state 'start'
[00:38:34.766] [bmv2] [D] [thread 91871] [206.0] [cxt 0] Extracting header 'ethernet'
[00:38:34.766] [bmv2] [D] [thread 91871] [206.0] [cxt 0] Parser state 'start': key is 86dd
[00:38:34.766] [bmv2] [T] [thread 91871] [206.0] [cxt 0] Bytes parsed: 14
[00:38:34.766] [bmv2] [D] [thread 91871] [206.0] [cxt 0] Parser 'parser' entering state 'parse_ipv6'
[00:38:34.766] [bmv2] [D] [thread 91871] [206.0] [cxt 0] Extracting header 'ipv6'
[00:38:34.766] [bmv2] [D] [thread 91871] [206.0] [cxt 0] Parser state 'parse_ipv6': key is 3a
[00:38:34.766] [bmv2] [T] [thread 91871] [206.0] [cxt 0] Bytes parsed: 54
[00:38:34.766] [bmv2] [D] [thread 91871] [206.0] [cxt 0] Parser 'parser': end
[00:38:34.766] [bmv2] [D] [thread 91871] [206.0] [cxt 0] Pipeline 'ingress': start
[00:38:34.766] [bmv2] [T] [thread 91871] [206.0] [cxt 0] basic.p4(560) Condition "hdr.ethernet.etherType == TYPE_ARP" (node_2) is false
[00:38:34.766] [bmv2] [T] [thread 91871] [206.0] [cxt 0] basic.p4(563) Condition "hdr.ethernet.etherType == TYPE_SRCROUTING" (node_4) is false
[00:38:34.766] [bmv2] [T] [thread 91871] [206.0] [cxt 0] basic.p4(576) Condition "hdr.ethernet.etherType == TYPE_YEQUDESU" (node_12) is false
[00:38:34.766] [bmv2] [T] [thread 91871] [206.0] [cxt 0] basic.p4(582) Condition "hdr.vxlan.isValid()" (node_15) is false
[00:38:34.766] [bmv2] [T] [thread 91871] [206.0] [cxt 0] basic.p4(586) Condition "hdr.ipv6.isValid()" (node_17) is true
[00:38:34.766] [bmv2] [T] [thread 91871] [206.0] [cxt 0] Applying table 'MyIngress.ipv6_lpm'
[00:38:34.766] [bmv2] [D] [thread 91871] [206.0] [cxt 0] Looking up key:
* hdr.ipv6.dstAddr    : ff020000000000000000000000000002

[00:38:34.766] [bmv2] [D] [thread 91871] [206.0] [cxt 0] Table 'MyIngress.ipv6_lpm': miss
[00:38:34.766] [bmv2] [D] [thread 91871] [206.0] [cxt 0] Action entry is NoAction - 
[00:38:34.766] [bmv2] [T] [thread 91871] [206.0] [cxt 0] Action NoAction
[00:38:34.766] [bmv2] [D] [thread 91871] [206.0] [cxt 0] Pipeline 'ingress': end
[00:38:34.766] [bmv2] [D] [thread 91871] [206.0] [cxt 0] Egress port is 0
[00:38:34.766] [bmv2] [D] [thread 91871] [207.0] [cxt 0] Processing packet received on port 5
[00:38:34.766] [bmv2] [D] [thread 91871] [207.0] [cxt 0] Parser 'parser': start
[00:38:34.766] [bmv2] [D] [thread 91871] [207.0] [cxt 0] Parser 'parser' entering state 'start'
[00:38:34.766] [bmv2] [D] [thread 91871] [207.0] [cxt 0] Extracting header 'ethernet'
[00:38:34.766] [bmv2] [D] [thread 91871] [207.0] [cxt 0] Parser state 'start': key is 86dd
[00:38:34.766] [bmv2] [T] [thread 91871] [207.0] [cxt 0] Bytes parsed: 14
[00:38:34.766] [bmv2] [D] [thread 91871] [207.0] [cxt 0] Parser 'parser' entering state 'parse_ipv6'
[00:38:34.766] [bmv2] [D] [thread 91871] [207.0] [cxt 0] Extracting header 'ipv6'
[00:38:34.766] [bmv2] [D] [thread 91871] [207.0] [cxt 0] Parser state 'parse_ipv6': key is 3a
[00:38:34.766] [bmv2] [T] [thread 91871] [207.0] [cxt 0] Bytes parsed: 54
[00:38:34.766] [bmv2] [D] [thread 91871] [207.0] [cxt 0] Parser 'parser': end
[00:38:34.766] [bmv2] [D] [thread 91871] [207.0] [cxt 0] Pipeline 'ingress': start
[00:38:34.766] [bmv2] [T] [thread 91871] [207.0] [cxt 0] basic.p4(560) Condition "hdr.ethernet.etherType == TYPE_ARP" (node_2) is false
[00:38:34.766] [bmv2] [T] [thread 91871] [207.0] [cxt 0] basic.p4(563) Condition "hdr.ethernet.etherType == TYPE_SRCROUTING" (node_4) is false
[00:38:34.766] [bmv2] [T] [thread 91871] [207.0] [cxt 0] basic.p4(576) Condition "hdr.ethernet.etherType == TYPE_YEQUDESU" (node_12) is false
[00:38:34.766] [bmv2] [T] [thread 91871] [207.0] [cxt 0] basic.p4(582) Condition "hdr.vxlan.isValid()" (node_15) is false
[00:38:34.766] [bmv2] [T] [thread 91871] [207.0] [cxt 0] basic.p4(586) Condition "hdr.ipv6.isValid()" (node_17) is true
[00:38:34.766] [bmv2] [T] [thread 91871] [207.0] [cxt 0] Applying table 'MyIngress.ipv6_lpm'
[00:38:34.766] [bmv2] [D] [thread 91871] [207.0] [cxt 0] Looking up key:
* hdr.ipv6.dstAddr    : ff020000000000000000000000000002

[00:38:34.766] [bmv2] [D] [thread 91871] [207.0] [cxt 0] Table 'MyIngress.ipv6_lpm': miss
[00:38:34.766] [bmv2] [D] [thread 91871] [207.0] [cxt 0] Action entry is NoAction - 
[00:38:34.766] [bmv2] [T] [thread 91871] [207.0] [cxt 0] Action NoAction
[00:38:34.766] [bmv2] [D] [thread 91871] [207.0] [cxt 0] Pipeline 'ingress': end
[00:38:34.766] [bmv2] [D] [thread 91871] [207.0] [cxt 0] Egress port is 0
[00:38:34.767] [bmv2] [D] [thread 91872] [206.0] [cxt 0] Pipeline 'egress': start
[00:38:34.767] [bmv2] [T] [thread 91872] [206.0] [cxt 0] basic.p4(684) Condition "standard_metadata.mcast_grp != 0" (node_28) is false
[00:38:34.767] [bmv2] [D] [thread 91872] [206.0] [cxt 0] Pipeline 'egress': end
[00:38:34.767] [bmv2] [D] [thread 91872] [206.0] [cxt 0] Deparser 'deparser': start
[00:38:34.767] [bmv2] [T] [thread 91872] [206.0] [cxt 0] Skipping checksum 'cksum' update because condition not met
[00:38:34.767] [bmv2] [D] [thread 91872] [206.0] [cxt 0] Deparsing header 'ethernet'
[00:38:34.767] [bmv2] [D] [thread 91872] [206.0] [cxt 0] Deparsing header 'ipv6'
[00:38:34.767] [bmv2] [D] [thread 91872] [206.0] [cxt 0] Deparser 'deparser': end
[00:38:34.767] [bmv2] [D] [thread 91872] [207.0] [cxt 0] Pipeline 'egress': start
[00:38:34.767] [bmv2] [T] [thread 91872] [207.0] [cxt 0] basic.p4(684) Condition "standard_metadata.mcast_grp != 0" (node_28) is false
[00:38:34.767] [bmv2] [D] [thread 91872] [207.0] [cxt 0] Pipeline 'egress': end
[00:38:34.767] [bmv2] [D] [thread 91872] [207.0] [cxt 0] Deparser 'deparser': start
[00:38:34.767] [bmv2] [T] [thread 91872] [207.0] [cxt 0] Skipping checksum 'cksum' update because condition not met
[00:38:34.767] [bmv2] [D] [thread 91872] [207.0] [cxt 0] Deparsing header 'ethernet'
[00:38:34.767] [bmv2] [D] [thread 91872] [207.0] [cxt 0] Deparsing header 'ipv6'
[00:38:34.767] [bmv2] [D] [thread 91872] [207.0] [cxt 0] Deparser 'deparser': end
[00:38:34.768] [bmv2] [D] [thread 91876] [206.0] [cxt 0] Transmitting packet of size 70 out of port 0
[00:38:34.768] [bmv2] [D] [thread 91876] [207.0] [cxt 0] Transmitting packet of size 70 out of port 0
[00:38:38.862] [bmv2] [D] [thread 91871] [208.0] [cxt 0] Processing packet received on port 4
[00:38:38.862] [bmv2] [D] [thread 91871] [208.0] [cxt 0] Parser 'parser': start
[00:38:38.862] [bmv2] [D] [thread 91871] [208.0] [cxt 0] Parser 'parser' entering state 'start'
[00:38:38.862] [bmv2] [D] [thread 91871] [208.0] [cxt 0] Extracting header 'ethernet'
[00:38:38.862] [bmv2] [D] [thread 91871] [208.0] [cxt 0] Parser state 'start': key is 86dd
[00:38:38.862] [bmv2] [T] [thread 91871] [208.0] [cxt 0] Bytes parsed: 14
[00:38:38.862] [bmv2] [D] [thread 91871] [208.0] [cxt 0] Parser 'parser' entering state 'parse_ipv6'
[00:38:38.862] [bmv2] [D] [thread 91871] [208.0] [cxt 0] Extracting header 'ipv6'
[00:38:38.862] [bmv2] [D] [thread 91871] [208.0] [cxt 0] Parser state 'parse_ipv6': key is 3a
[00:38:38.862] [bmv2] [T] [thread 91871] [208.0] [cxt 0] Bytes parsed: 54
[00:38:38.862] [bmv2] [D] [thread 91871] [208.0] [cxt 0] Parser 'parser': end
[00:38:38.862] [bmv2] [D] [thread 91871] [208.0] [cxt 0] Pipeline 'ingress': start
[00:38:38.862] [bmv2] [T] [thread 91871] [208.0] [cxt 0] basic.p4(560) Condition "hdr.ethernet.etherType == TYPE_ARP" (node_2) is false
[00:38:38.862] [bmv2] [T] [thread 91871] [208.0] [cxt 0] basic.p4(563) Condition "hdr.ethernet.etherType == TYPE_SRCROUTING" (node_4) is false
[00:38:38.862] [bmv2] [T] [thread 91871] [208.0] [cxt 0] basic.p4(576) Condition "hdr.ethernet.etherType == TYPE_YEQUDESU" (node_12) is false
[00:38:38.862] [bmv2] [T] [thread 91871] [208.0] [cxt 0] basic.p4(582) Condition "hdr.vxlan.isValid()" (node_15) is false
[00:38:38.862] [bmv2] [T] [thread 91871] [208.0] [cxt 0] basic.p4(586) Condition "hdr.ipv6.isValid()" (node_17) is true
[00:38:38.862] [bmv2] [T] [thread 91871] [208.0] [cxt 0] Applying table 'MyIngress.ipv6_lpm'
[00:38:38.862] [bmv2] [D] [thread 91871] [208.0] [cxt 0] Looking up key:
* hdr.ipv6.dstAddr    : ff020000000000000000000000000002

[00:38:38.862] [bmv2] [D] [thread 91871] [208.0] [cxt 0] Table 'MyIngress.ipv6_lpm': miss
[00:38:38.862] [bmv2] [D] [thread 91871] [208.0] [cxt 0] Action entry is NoAction - 
[00:38:38.862] [bmv2] [T] [thread 91871] [208.0] [cxt 0] Action NoAction
[00:38:38.862] [bmv2] [D] [thread 91871] [208.0] [cxt 0] Pipeline 'ingress': end
[00:38:38.862] [bmv2] [D] [thread 91871] [208.0] [cxt 0] Egress port is 0
[00:38:38.862] [bmv2] [D] [thread 91871] [209.0] [cxt 0] Processing packet received on port 3
[00:38:38.862] [bmv2] [D] [thread 91871] [209.0] [cxt 0] Parser 'parser': start
[00:38:38.862] [bmv2] [D] [thread 91871] [209.0] [cxt 0] Parser 'parser' entering state 'start'
[00:38:38.862] [bmv2] [D] [thread 91871] [209.0] [cxt 0] Extracting header 'ethernet'
[00:38:38.862] [bmv2] [D] [thread 91872] [208.0] [cxt 0] Pipeline 'egress': start
[00:38:38.862] [bmv2] [D] [thread 91871] [209.0] [cxt 0] Parser state 'start': key is 86dd
[00:38:38.862] [bmv2] [T] [thread 91871] [209.0] [cxt 0] Bytes parsed: 14
[00:38:38.862] [bmv2] [T] [thread 91872] [208.0] [cxt 0] basic.p4(684) Condition "standard_metadata.mcast_grp != 0" (node_28) is false
[00:38:38.862] [bmv2] [D] [thread 91871] [209.0] [cxt 0] Parser 'parser' entering state 'parse_ipv6'
[00:38:38.862] [bmv2] [D] [thread 91872] [208.0] [cxt 0] Pipeline 'egress': end
[00:38:38.862] [bmv2] [D] [thread 91871] [209.0] [cxt 0] Extracting header 'ipv6'
[00:38:38.862] [bmv2] [D] [thread 91872] [208.0] [cxt 0] Deparser 'deparser': start
[00:38:38.862] [bmv2] [D] [thread 91871] [209.0] [cxt 0] Parser state 'parse_ipv6': key is 3a
[00:38:38.862] [bmv2] [T] [thread 91872] [208.0] [cxt 0] Skipping checksum 'cksum' update because condition not met
[00:38:38.862] [bmv2] [T] [thread 91871] [209.0] [cxt 0] Bytes parsed: 54
[00:38:38.862] [bmv2] [D] [thread 91871] [209.0] [cxt 0] Parser 'parser': end
[00:38:38.862] [bmv2] [D] [thread 91872] [208.0] [cxt 0] Deparsing header 'ethernet'
[00:38:38.862] [bmv2] [D] [thread 91872] [208.0] [cxt 0] Deparsing header 'ipv6'
[00:38:38.862] [bmv2] [D] [thread 91871] [209.0] [cxt 0] Pipeline 'ingress': start
[00:38:38.862] [bmv2] [D] [thread 91872] [208.0] [cxt 0] Deparser 'deparser': end
[00:38:38.862] [bmv2] [T] [thread 91871] [209.0] [cxt 0] basic.p4(560) Condition "hdr.ethernet.etherType == TYPE_ARP" (node_2) is false
[00:38:38.862] [bmv2] [T] [thread 91871] [209.0] [cxt 0] basic.p4(563) Condition "hdr.ethernet.etherType == TYPE_SRCROUTING" (node_4) is false
[00:38:38.862] [bmv2] [T] [thread 91871] [209.0] [cxt 0] basic.p4(576) Condition "hdr.ethernet.etherType == TYPE_YEQUDESU" (node_12) is false
[00:38:38.862] [bmv2] [D] [thread 91876] [208.0] [cxt 0] Transmitting packet of size 70 out of port 0
[00:38:38.862] [bmv2] [T] [thread 91871] [209.0] [cxt 0] basic.p4(582) Condition "hdr.vxlan.isValid()" (node_15) is false
[00:38:38.862] [bmv2] [T] [thread 91871] [209.0] [cxt 0] basic.p4(586) Condition "hdr.ipv6.isValid()" (node_17) is true
[00:38:38.862] [bmv2] [T] [thread 91871] [209.0] [cxt 0] Applying table 'MyIngress.ipv6_lpm'
[00:38:38.862] [bmv2] [D] [thread 91871] [209.0] [cxt 0] Looking up key:
* hdr.ipv6.dstAddr    : ff020000000000000000000000000002

[00:38:38.862] [bmv2] [D] [thread 91871] [209.0] [cxt 0] Table 'MyIngress.ipv6_lpm': miss
[00:38:38.862] [bmv2] [D] [thread 91871] [209.0] [cxt 0] Action entry is NoAction - 
[00:38:38.862] [bmv2] [T] [thread 91871] [209.0] [cxt 0] Action NoAction
[00:38:38.862] [bmv2] [D] [thread 91871] [209.0] [cxt 0] Pipeline 'ingress': end
[00:38:38.862] [bmv2] [D] [thread 91871] [209.0] [cxt 0] Egress port is 0
[00:38:38.862] [bmv2] [D] [thread 91872] [209.0] [cxt 0] Pipeline 'egress': start
[00:38:38.862] [bmv2] [T] [thread 91872] [209.0] [cxt 0] basic.p4(684) Condition "standard_metadata.mcast_grp != 0" (node_28) is false
[00:38:38.862] [bmv2] [D] [thread 91872] [209.0] [cxt 0] Pipeline 'egress': end
[00:38:38.862] [bmv2] [D] [thread 91872] [209.0] [cxt 0] Deparser 'deparser': start
[00:38:38.862] [bmv2] [T] [thread 91872] [209.0] [cxt 0] Skipping checksum 'cksum' update because condition not met
[00:38:38.862] [bmv2] [D] [thread 91872] [209.0] [cxt 0] Deparsing header 'ethernet'
[00:38:38.862] [bmv2] [D] [thread 91872] [209.0] [cxt 0] Deparsing header 'ipv6'
[00:38:38.862] [bmv2] [D] [thread 91872] [209.0] [cxt 0] Deparser 'deparser': end
[00:38:38.862] [bmv2] [D] [thread 91876] [209.0] [cxt 0] Transmitting packet of size 70 out of port 0
[00:38:42.958] [bmv2] [D] [thread 91871] [210.0] [cxt 0] Processing packet received on port 1
[00:38:42.958] [bmv2] [D] [thread 91871] [210.0] [cxt 0] Parser 'parser': start
[00:38:42.958] [bmv2] [D] [thread 91871] [210.0] [cxt 0] Parser 'parser' entering state 'start'
[00:38:42.958] [bmv2] [D] [thread 91871] [210.0] [cxt 0] Extracting header 'ethernet'
[00:38:42.958] [bmv2] [D] [thread 91871] [210.0] [cxt 0] Parser state 'start': key is 86dd
[00:38:42.958] [bmv2] [T] [thread 91871] [210.0] [cxt 0] Bytes parsed: 14
[00:38:42.958] [bmv2] [D] [thread 91871] [210.0] [cxt 0] Parser 'parser' entering state 'parse_ipv6'
[00:38:42.958] [bmv2] [D] [thread 91871] [210.0] [cxt 0] Extracting header 'ipv6'
[00:38:42.958] [bmv2] [D] [thread 91871] [210.0] [cxt 0] Parser state 'parse_ipv6': key is 3a
[00:38:42.958] [bmv2] [T] [thread 91871] [210.0] [cxt 0] Bytes parsed: 54
[00:38:42.958] [bmv2] [D] [thread 91871] [210.0] [cxt 0] Parser 'parser': end
[00:38:42.958] [bmv2] [D] [thread 91871] [210.0] [cxt 0] Pipeline 'ingress': start
[00:38:42.958] [bmv2] [T] [thread 91871] [210.0] [cxt 0] basic.p4(560) Condition "hdr.ethernet.etherType == TYPE_ARP" (node_2) is false
[00:38:42.958] [bmv2] [T] [thread 91871] [210.0] [cxt 0] basic.p4(563) Condition "hdr.ethernet.etherType == TYPE_SRCROUTING" (node_4) is false
[00:38:42.958] [bmv2] [T] [thread 91871] [210.0] [cxt 0] basic.p4(576) Condition "hdr.ethernet.etherType == TYPE_YEQUDESU" (node_12) is false
[00:38:42.958] [bmv2] [T] [thread 91871] [210.0] [cxt 0] basic.p4(582) Condition "hdr.vxlan.isValid()" (node_15) is false
[00:38:42.958] [bmv2] [T] [thread 91871] [210.0] [cxt 0] basic.p4(586) Condition "hdr.ipv6.isValid()" (node_17) is true
[00:38:42.958] [bmv2] [T] [thread 91871] [210.0] [cxt 0] Applying table 'MyIngress.ipv6_lpm'
[00:38:42.958] [bmv2] [D] [thread 91871] [210.0] [cxt 0] Looking up key:
* hdr.ipv6.dstAddr    : ff020000000000000000000000000002

[00:38:42.958] [bmv2] [D] [thread 91871] [210.0] [cxt 0] Table 'MyIngress.ipv6_lpm': miss
[00:38:42.958] [bmv2] [D] [thread 91871] [210.0] [cxt 0] Action entry is NoAction - 
[00:38:42.958] [bmv2] [T] [thread 91871] [210.0] [cxt 0] Action NoAction
[00:38:42.958] [bmv2] [D] [thread 91871] [210.0] [cxt 0] Pipeline 'ingress': end
[00:38:42.958] [bmv2] [D] [thread 91871] [210.0] [cxt 0] Egress port is 0
[00:38:42.958] [bmv2] [D] [thread 91871] [211.0] [cxt 0] Processing packet received on port 3
[00:38:42.958] [bmv2] [D] [thread 91871] [211.0] [cxt 0] Parser 'parser': start
[00:38:42.958] [bmv2] [D] [thread 91871] [211.0] [cxt 0] Parser 'parser' entering state 'start'
[00:38:42.958] [bmv2] [D] [thread 91871] [211.0] [cxt 0] Extracting header 'ethernet'
[00:38:42.958] [bmv2] [D] [thread 91871] [211.0] [cxt 0] Parser state 'start': key is 86dd
[00:38:42.958] [bmv2] [T] [thread 91871] [211.0] [cxt 0] Bytes parsed: 14
[00:38:42.958] [bmv2] [D] [thread 91871] [211.0] [cxt 0] Parser 'parser' entering state 'parse_ipv6'
[00:38:42.958] [bmv2] [D] [thread 91871] [211.0] [cxt 0] Extracting header 'ipv6'
[00:38:42.958] [bmv2] [D] [thread 91871] [211.0] [cxt 0] Parser state 'parse_ipv6': key is 3a
[00:38:42.958] [bmv2] [T] [thread 91871] [211.0] [cxt 0] Bytes parsed: 54
[00:38:42.958] [bmv2] [D] [thread 91871] [211.0] [cxt 0] Parser 'parser': end
[00:38:42.958] [bmv2] [D] [thread 91871] [211.0] [cxt 0] Pipeline 'ingress': start
[00:38:42.958] [bmv2] [T] [thread 91871] [211.0] [cxt 0] basic.p4(560) Condition "hdr.ethernet.etherType == TYPE_ARP" (node_2) is false
[00:38:42.958] [bmv2] [T] [thread 91871] [211.0] [cxt 0] basic.p4(563) Condition "hdr.ethernet.etherType == TYPE_SRCROUTING" (node_4) is false
[00:38:42.958] [bmv2] [T] [thread 91871] [211.0] [cxt 0] basic.p4(576) Condition "hdr.ethernet.etherType == TYPE_YEQUDESU" (node_12) is false
[00:38:42.958] [bmv2] [T] [thread 91871] [211.0] [cxt 0] basic.p4(582) Condition "hdr.vxlan.isValid()" (node_15) is false
[00:38:42.958] [bmv2] [T] [thread 91871] [211.0] [cxt 0] basic.p4(586) Condition "hdr.ipv6.isValid()" (node_17) is true
[00:38:42.958] [bmv2] [T] [thread 91871] [211.0] [cxt 0] Applying table 'MyIngress.ipv6_lpm'
[00:38:42.958] [bmv2] [D] [thread 91871] [211.0] [cxt 0] Looking up key:
* hdr.ipv6.dstAddr    : ff020000000000000000000000000002

[00:38:42.958] [bmv2] [D] [thread 91871] [211.0] [cxt 0] Table 'MyIngress.ipv6_lpm': miss
[00:38:42.958] [bmv2] [D] [thread 91871] [211.0] [cxt 0] Action entry is NoAction - 
[00:38:42.958] [bmv2] [T] [thread 91871] [211.0] [cxt 0] Action NoAction
[00:38:42.958] [bmv2] [D] [thread 91871] [211.0] [cxt 0] Pipeline 'ingress': end
[00:38:42.958] [bmv2] [D] [thread 91872] [210.0] [cxt 0] Pipeline 'egress': start
[00:38:42.958] [bmv2] [D] [thread 91871] [211.0] [cxt 0] Egress port is 0
[00:38:42.958] [bmv2] [T] [thread 91872] [210.0] [cxt 0] basic.p4(684) Condition "standard_metadata.mcast_grp != 0" (node_28) is false
[00:38:42.958] [bmv2] [D] [thread 91872] [210.0] [cxt 0] Pipeline 'egress': end
[00:38:42.958] [bmv2] [D] [thread 91872] [210.0] [cxt 0] Deparser 'deparser': start
[00:38:42.958] [bmv2] [T] [thread 91872] [210.0] [cxt 0] Skipping checksum 'cksum' update because condition not met
[00:38:42.958] [bmv2] [D] [thread 91872] [210.0] [cxt 0] Deparsing header 'ethernet'
[00:38:42.958] [bmv2] [D] [thread 91872] [210.0] [cxt 0] Deparsing header 'ipv6'
[00:38:42.958] [bmv2] [D] [thread 91872] [210.0] [cxt 0] Deparser 'deparser': end
[00:38:42.958] [bmv2] [D] [thread 91876] [210.0] [cxt 0] Transmitting packet of size 70 out of port 0
[00:38:42.958] [bmv2] [D] [thread 91872] [211.0] [cxt 0] Pipeline 'egress': start
[00:38:42.958] [bmv2] [T] [thread 91872] [211.0] [cxt 0] basic.p4(684) Condition "standard_metadata.mcast_grp != 0" (node_28) is false
[00:38:42.958] [bmv2] [D] [thread 91872] [211.0] [cxt 0] Pipeline 'egress': end
[00:38:42.958] [bmv2] [D] [thread 91872] [211.0] [cxt 0] Deparser 'deparser': start
[00:38:42.958] [bmv2] [T] [thread 91872] [211.0] [cxt 0] Skipping checksum 'cksum' update because condition not met
[00:38:42.958] [bmv2] [D] [thread 91872] [211.0] [cxt 0] Deparsing header 'ethernet'
[00:38:42.958] [bmv2] [D] [thread 91872] [211.0] [cxt 0] Deparsing header 'ipv6'
[00:38:42.958] [bmv2] [D] [thread 91872] [211.0] [cxt 0] Deparser 'deparser': end
[00:38:42.958] [bmv2] [D] [thread 91876] [211.0] [cxt 0] Transmitting packet of size 70 out of port 0
[00:38:46.898] [bmv2] [D] [thread 91871] [212.0] [cxt 0] Processing packet received on port 3
[00:38:46.899] [bmv2] [D] [thread 91871] [212.0] [cxt 0] Parser 'parser': start
[00:38:46.899] [bmv2] [D] [thread 91871] [212.0] [cxt 0] Parser 'parser' entering state 'start'
[00:38:46.899] [bmv2] [D] [thread 91871] [212.0] [cxt 0] Extracting header 'ethernet'
[00:38:46.899] [bmv2] [D] [thread 91871] [212.0] [cxt 0] Parser state 'start': key is 86dd
[00:38:46.899] [bmv2] [T] [thread 91871] [212.0] [cxt 0] Bytes parsed: 14
[00:38:46.899] [bmv2] [D] [thread 91871] [212.0] [cxt 0] Parser 'parser' entering state 'parse_ipv6'
[00:38:46.899] [bmv2] [D] [thread 91871] [212.0] [cxt 0] Extracting header 'ipv6'
[00:38:46.899] [bmv2] [D] [thread 91871] [212.0] [cxt 0] Parser state 'parse_ipv6': key is 11
[00:38:46.899] [bmv2] [T] [thread 91871] [212.0] [cxt 0] Bytes parsed: 54
[00:38:46.899] [bmv2] [D] [thread 91871] [212.0] [cxt 0] Parser 'parser': end
[00:38:46.899] [bmv2] [D] [thread 91871] [212.0] [cxt 0] Pipeline 'ingress': start
[00:38:46.899] [bmv2] [T] [thread 91871] [212.0] [cxt 0] basic.p4(560) Condition "hdr.ethernet.etherType == TYPE_ARP" (node_2) is false
[00:38:46.899] [bmv2] [T] [thread 91871] [212.0] [cxt 0] basic.p4(563) Condition "hdr.ethernet.etherType == TYPE_SRCROUTING" (node_4) is false
[00:38:46.899] [bmv2] [T] [thread 91871] [212.0] [cxt 0] basic.p4(576) Condition "hdr.ethernet.etherType == TYPE_YEQUDESU" (node_12) is false
[00:38:46.899] [bmv2] [T] [thread 91871] [212.0] [cxt 0] basic.p4(582) Condition "hdr.vxlan.isValid()" (node_15) is false
[00:38:46.899] [bmv2] [T] [thread 91871] [212.0] [cxt 0] basic.p4(586) Condition "hdr.ipv6.isValid()" (node_17) is true
[00:38:46.899] [bmv2] [T] [thread 91871] [212.0] [cxt 0] Applying table 'MyIngress.ipv6_lpm'
[00:38:46.899] [bmv2] [D] [thread 91871] [212.0] [cxt 0] Looking up key:
* hdr.ipv6.dstAddr    : ff0200000000000000000000000000fb

[00:38:46.899] [bmv2] [D] [thread 91871] [212.0] [cxt 0] Table 'MyIngress.ipv6_lpm': miss
[00:38:46.899] [bmv2] [D] [thread 91871] [212.0] [cxt 0] Action entry is NoAction - 
[00:38:46.899] [bmv2] [T] [thread 91871] [212.0] [cxt 0] Action NoAction
[00:38:46.899] [bmv2] [D] [thread 91871] [212.0] [cxt 0] Pipeline 'ingress': end
[00:38:46.899] [bmv2] [D] [thread 91871] [212.0] [cxt 0] Egress port is 0
[00:38:46.899] [bmv2] [D] [thread 91872] [212.0] [cxt 0] Pipeline 'egress': start
[00:38:46.899] [bmv2] [T] [thread 91872] [212.0] [cxt 0] basic.p4(684) Condition "standard_metadata.mcast_grp != 0" (node_28) is false
[00:38:46.899] [bmv2] [D] [thread 91872] [212.0] [cxt 0] Pipeline 'egress': end
[00:38:46.899] [bmv2] [D] [thread 91872] [212.0] [cxt 0] Deparser 'deparser': start
[00:38:46.899] [bmv2] [T] [thread 91872] [212.0] [cxt 0] Skipping checksum 'cksum' update because condition not met
[00:38:46.899] [bmv2] [D] [thread 91872] [212.0] [cxt 0] Deparsing header 'ethernet'
[00:38:46.899] [bmv2] [D] [thread 91872] [212.0] [cxt 0] Deparsing header 'ipv6'
[00:38:46.899] [bmv2] [D] [thread 91872] [212.0] [cxt 0] Deparser 'deparser': end
[00:38:46.899] [bmv2] [D] [thread 91876] [212.0] [cxt 0] Transmitting packet of size 203 out of port 0
[00:38:47.121] [bmv2] [D] [thread 91871] [213.0] [cxt 0] Processing packet received on port 4
[00:38:47.121] [bmv2] [D] [thread 91871] [213.0] [cxt 0] Parser 'parser': start
[00:38:47.121] [bmv2] [D] [thread 91871] [213.0] [cxt 0] Parser 'parser' entering state 'start'
[00:38:47.121] [bmv2] [D] [thread 91871] [213.0] [cxt 0] Extracting header 'ethernet'
[00:38:47.122] [bmv2] [D] [thread 91871] [213.0] [cxt 0] Parser state 'start': key is 86dd
[00:38:47.122] [bmv2] [T] [thread 91871] [213.0] [cxt 0] Bytes parsed: 14
[00:38:47.122] [bmv2] [D] [thread 91871] [213.0] [cxt 0] Parser 'parser' entering state 'parse_ipv6'
[00:38:47.122] [bmv2] [D] [thread 91871] [213.0] [cxt 0] Extracting header 'ipv6'
[00:38:47.122] [bmv2] [D] [thread 91871] [213.0] [cxt 0] Parser state 'parse_ipv6': key is 11
[00:38:47.122] [bmv2] [T] [thread 91871] [213.0] [cxt 0] Bytes parsed: 54
[00:38:47.122] [bmv2] [D] [thread 91871] [213.0] [cxt 0] Parser 'parser': end
[00:38:47.122] [bmv2] [D] [thread 91871] [213.0] [cxt 0] Pipeline 'ingress': start
[00:38:47.122] [bmv2] [T] [thread 91871] [213.0] [cxt 0] basic.p4(560) Condition "hdr.ethernet.etherType == TYPE_ARP" (node_2) is false
[00:38:47.122] [bmv2] [T] [thread 91871] [213.0] [cxt 0] basic.p4(563) Condition "hdr.ethernet.etherType == TYPE_SRCROUTING" (node_4) is false
[00:38:47.122] [bmv2] [T] [thread 91871] [213.0] [cxt 0] basic.p4(576) Condition "hdr.ethernet.etherType == TYPE_YEQUDESU" (node_12) is false
[00:38:47.122] [bmv2] [T] [thread 91871] [213.0] [cxt 0] basic.p4(582) Condition "hdr.vxlan.isValid()" (node_15) is false
[00:38:47.122] [bmv2] [T] [thread 91871] [213.0] [cxt 0] basic.p4(586) Condition "hdr.ipv6.isValid()" (node_17) is true
[00:38:47.122] [bmv2] [T] [thread 91871] [213.0] [cxt 0] Applying table 'MyIngress.ipv6_lpm'
[00:38:47.122] [bmv2] [D] [thread 91871] [213.0] [cxt 0] Looking up key:
* hdr.ipv6.dstAddr    : ff0200000000000000000000000000fb

[00:38:47.122] [bmv2] [D] [thread 91871] [213.0] [cxt 0] Table 'MyIngress.ipv6_lpm': miss
[00:38:47.122] [bmv2] [D] [thread 91871] [213.0] [cxt 0] Action entry is NoAction - 
[00:38:47.122] [bmv2] [T] [thread 91871] [213.0] [cxt 0] Action NoAction
[00:38:47.122] [bmv2] [D] [thread 91871] [213.0] [cxt 0] Pipeline 'ingress': end
[00:38:47.122] [bmv2] [D] [thread 91871] [213.0] [cxt 0] Egress port is 0
[00:38:47.123] [bmv2] [D] [thread 91872] [213.0] [cxt 0] Pipeline 'egress': start
[00:38:47.123] [bmv2] [T] [thread 91872] [213.0] [cxt 0] basic.p4(684) Condition "standard_metadata.mcast_grp != 0" (node_28) is false
[00:38:47.123] [bmv2] [D] [thread 91872] [213.0] [cxt 0] Pipeline 'egress': end
[00:38:47.123] [bmv2] [D] [thread 91872] [213.0] [cxt 0] Deparser 'deparser': start
[00:38:47.123] [bmv2] [T] [thread 91872] [213.0] [cxt 0] Skipping checksum 'cksum' update because condition not met
[00:38:47.123] [bmv2] [D] [thread 91872] [213.0] [cxt 0] Deparsing header 'ethernet'
[00:38:47.123] [bmv2] [D] [thread 91872] [213.0] [cxt 0] Deparsing header 'ipv6'
[00:38:47.123] [bmv2] [D] [thread 91872] [213.0] [cxt 0] Deparser 'deparser': end
[00:38:47.123] [bmv2] [D] [thread 91876] [213.0] [cxt 0] Transmitting packet of size 203 out of port 0
[00:38:47.184] [bmv2] [D] [thread 91871] [214.0] [cxt 0] Processing packet received on port 3
[00:38:47.184] [bmv2] [D] [thread 91871] [214.0] [cxt 0] Parser 'parser': start
[00:38:47.184] [bmv2] [D] [thread 91871] [214.0] [cxt 0] Parser 'parser' entering state 'start'
[00:38:47.184] [bmv2] [D] [thread 91871] [214.0] [cxt 0] Extracting header 'ethernet'
[00:38:47.184] [bmv2] [D] [thread 91871] [214.0] [cxt 0] Parser state 'start': key is 86dd
[00:38:47.184] [bmv2] [T] [thread 91871] [214.0] [cxt 0] Bytes parsed: 14
[00:38:47.184] [bmv2] [D] [thread 91871] [214.0] [cxt 0] Parser 'parser' entering state 'parse_ipv6'
[00:38:47.184] [bmv2] [D] [thread 91871] [214.0] [cxt 0] Extracting header 'ipv6'
[00:38:47.184] [bmv2] [D] [thread 91871] [214.0] [cxt 0] Parser state 'parse_ipv6': key is 11
[00:38:47.184] [bmv2] [T] [thread 91871] [214.0] [cxt 0] Bytes parsed: 54
[00:38:47.184] [bmv2] [D] [thread 91871] [214.0] [cxt 0] Parser 'parser': end
[00:38:47.184] [bmv2] [D] [thread 91871] [214.0] [cxt 0] Pipeline 'ingress': start
[00:38:47.184] [bmv2] [T] [thread 91871] [214.0] [cxt 0] basic.p4(560) Condition "hdr.ethernet.etherType == TYPE_ARP" (node_2) is false
[00:38:47.184] [bmv2] [T] [thread 91871] [214.0] [cxt 0] basic.p4(563) Condition "hdr.ethernet.etherType == TYPE_SRCROUTING" (node_4) is false
[00:38:47.184] [bmv2] [T] [thread 91871] [214.0] [cxt 0] basic.p4(576) Condition "hdr.ethernet.etherType == TYPE_YEQUDESU" (node_12) is false
[00:38:47.184] [bmv2] [T] [thread 91871] [214.0] [cxt 0] basic.p4(582) Condition "hdr.vxlan.isValid()" (node_15) is false
[00:38:47.184] [bmv2] [T] [thread 91871] [214.0] [cxt 0] basic.p4(586) Condition "hdr.ipv6.isValid()" (node_17) is true
[00:38:47.184] [bmv2] [T] [thread 91871] [214.0] [cxt 0] Applying table 'MyIngress.ipv6_lpm'
[00:38:47.184] [bmv2] [D] [thread 91871] [214.0] [cxt 0] Looking up key:
* hdr.ipv6.dstAddr    : ff0200000000000000000000000000fb

[00:38:47.184] [bmv2] [D] [thread 91871] [214.0] [cxt 0] Table 'MyIngress.ipv6_lpm': miss
[00:38:47.184] [bmv2] [D] [thread 91871] [214.0] [cxt 0] Action entry is NoAction - 
[00:38:47.184] [bmv2] [T] [thread 91871] [214.0] [cxt 0] Action NoAction
[00:38:47.184] [bmv2] [D] [thread 91871] [214.0] [cxt 0] Pipeline 'ingress': end
[00:38:47.184] [bmv2] [D] [thread 91871] [214.0] [cxt 0] Egress port is 0
[00:38:47.184] [bmv2] [D] [thread 91872] [214.0] [cxt 0] Pipeline 'egress': start
[00:38:47.184] [bmv2] [T] [thread 91872] [214.0] [cxt 0] basic.p4(684) Condition "standard_metadata.mcast_grp != 0" (node_28) is false
[00:38:47.184] [bmv2] [D] [thread 91872] [214.0] [cxt 0] Pipeline 'egress': end
[00:38:47.184] [bmv2] [D] [thread 91872] [214.0] [cxt 0] Deparser 'deparser': start
[00:38:47.184] [bmv2] [T] [thread 91872] [214.0] [cxt 0] Skipping checksum 'cksum' update because condition not met
[00:38:47.184] [bmv2] [D] [thread 91872] [214.0] [cxt 0] Deparsing header 'ethernet'
[00:38:47.184] [bmv2] [D] [thread 91872] [214.0] [cxt 0] Deparsing header 'ipv6'
[00:38:47.184] [bmv2] [D] [thread 91872] [214.0] [cxt 0] Deparser 'deparser': end
[00:38:47.185] [bmv2] [D] [thread 91876] [214.0] [cxt 0] Transmitting packet of size 203 out of port 0
[00:38:47.317] [bmv2] [D] [thread 91871] [215.0] [cxt 0] Processing packet received on port 5
[00:38:47.317] [bmv2] [D] [thread 91871] [215.0] [cxt 0] Parser 'parser': start
[00:38:47.317] [bmv2] [D] [thread 91871] [215.0] [cxt 0] Parser 'parser' entering state 'start'
[00:38:47.317] [bmv2] [D] [thread 91871] [215.0] [cxt 0] Extracting header 'ethernet'
[00:38:47.317] [bmv2] [D] [thread 91871] [215.0] [cxt 0] Parser state 'start': key is 86dd
[00:38:47.317] [bmv2] [T] [thread 91871] [215.0] [cxt 0] Bytes parsed: 14
[00:38:47.317] [bmv2] [D] [thread 91871] [215.0] [cxt 0] Parser 'parser' entering state 'parse_ipv6'
[00:38:47.317] [bmv2] [D] [thread 91871] [215.0] [cxt 0] Extracting header 'ipv6'
[00:38:47.317] [bmv2] [D] [thread 91871] [215.0] [cxt 0] Parser state 'parse_ipv6': key is 11
[00:38:47.317] [bmv2] [T] [thread 91871] [215.0] [cxt 0] Bytes parsed: 54
[00:38:47.317] [bmv2] [D] [thread 91871] [215.0] [cxt 0] Parser 'parser': end
[00:38:47.317] [bmv2] [D] [thread 91871] [215.0] [cxt 0] Pipeline 'ingress': start
[00:38:47.317] [bmv2] [T] [thread 91871] [215.0] [cxt 0] basic.p4(560) Condition "hdr.ethernet.etherType == TYPE_ARP" (node_2) is false
[00:38:47.317] [bmv2] [T] [thread 91871] [215.0] [cxt 0] basic.p4(563) Condition "hdr.ethernet.etherType == TYPE_SRCROUTING" (node_4) is false
[00:38:47.317] [bmv2] [T] [thread 91871] [215.0] [cxt 0] basic.p4(576) Condition "hdr.ethernet.etherType == TYPE_YEQUDESU" (node_12) is false
[00:38:47.317] [bmv2] [T] [thread 91871] [215.0] [cxt 0] basic.p4(582) Condition "hdr.vxlan.isValid()" (node_15) is false
[00:38:47.317] [bmv2] [T] [thread 91871] [215.0] [cxt 0] basic.p4(586) Condition "hdr.ipv6.isValid()" (node_17) is true
[00:38:47.317] [bmv2] [T] [thread 91871] [215.0] [cxt 0] Applying table 'MyIngress.ipv6_lpm'
[00:38:47.317] [bmv2] [D] [thread 91871] [215.0] [cxt 0] Looking up key:
* hdr.ipv6.dstAddr    : ff0200000000000000000000000000fb

[00:38:47.317] [bmv2] [D] [thread 91871] [215.0] [cxt 0] Table 'MyIngress.ipv6_lpm': miss
[00:38:47.317] [bmv2] [D] [thread 91871] [215.0] [cxt 0] Action entry is NoAction - 
[00:38:47.317] [bmv2] [T] [thread 91871] [215.0] [cxt 0] Action NoAction
[00:38:47.317] [bmv2] [D] [thread 91871] [215.0] [cxt 0] Pipeline 'ingress': end
[00:38:47.317] [bmv2] [D] [thread 91871] [215.0] [cxt 0] Egress port is 0
[00:38:47.317] [bmv2] [D] [thread 91872] [215.0] [cxt 0] Pipeline 'egress': start
[00:38:47.317] [bmv2] [T] [thread 91872] [215.0] [cxt 0] basic.p4(684) Condition "standard_metadata.mcast_grp != 0" (node_28) is false
[00:38:47.317] [bmv2] [D] [thread 91872] [215.0] [cxt 0] Pipeline 'egress': end
[00:38:47.317] [bmv2] [D] [thread 91872] [215.0] [cxt 0] Deparser 'deparser': start
[00:38:47.317] [bmv2] [T] [thread 91872] [215.0] [cxt 0] Skipping checksum 'cksum' update because condition not met
[00:38:47.317] [bmv2] [D] [thread 91872] [215.0] [cxt 0] Deparsing header 'ethernet'
[00:38:47.317] [bmv2] [D] [thread 91872] [215.0] [cxt 0] Deparsing header 'ipv6'
[00:38:47.317] [bmv2] [D] [thread 91872] [215.0] [cxt 0] Deparser 'deparser': end
[00:38:47.317] [bmv2] [D] [thread 91876] [215.0] [cxt 0] Transmitting packet of size 203 out of port 0
[00:38:47.571] [bmv2] [D] [thread 91871] [216.0] [cxt 0] Processing packet received on port 2
[00:38:47.571] [bmv2] [D] [thread 91871] [216.0] [cxt 0] Parser 'parser': start
[00:38:47.571] [bmv2] [D] [thread 91871] [216.0] [cxt 0] Parser 'parser' entering state 'start'
[00:38:47.571] [bmv2] [D] [thread 91871] [216.0] [cxt 0] Extracting header 'ethernet'
[00:38:47.571] [bmv2] [D] [thread 91871] [216.0] [cxt 0] Parser state 'start': key is 86dd
[00:38:47.571] [bmv2] [T] [thread 91871] [216.0] [cxt 0] Bytes parsed: 14
[00:38:47.571] [bmv2] [D] [thread 91871] [216.0] [cxt 0] Parser 'parser' entering state 'parse_ipv6'
[00:38:47.571] [bmv2] [D] [thread 91871] [216.0] [cxt 0] Extracting header 'ipv6'
[00:38:47.571] [bmv2] [D] [thread 91871] [216.0] [cxt 0] Parser state 'parse_ipv6': key is 11
[00:38:47.571] [bmv2] [T] [thread 91871] [216.0] [cxt 0] Bytes parsed: 54
[00:38:47.571] [bmv2] [D] [thread 91871] [216.0] [cxt 0] Parser 'parser': end
[00:38:47.571] [bmv2] [D] [thread 91871] [216.0] [cxt 0] Pipeline 'ingress': start
[00:38:47.571] [bmv2] [T] [thread 91871] [216.0] [cxt 0] basic.p4(560) Condition "hdr.ethernet.etherType == TYPE_ARP" (node_2) is false
[00:38:47.571] [bmv2] [T] [thread 91871] [216.0] [cxt 0] basic.p4(563) Condition "hdr.ethernet.etherType == TYPE_SRCROUTING" (node_4) is false
[00:38:47.571] [bmv2] [T] [thread 91871] [216.0] [cxt 0] basic.p4(576) Condition "hdr.ethernet.etherType == TYPE_YEQUDESU" (node_12) is false
[00:38:47.571] [bmv2] [T] [thread 91871] [216.0] [cxt 0] basic.p4(582) Condition "hdr.vxlan.isValid()" (node_15) is false
[00:38:47.571] [bmv2] [T] [thread 91871] [216.0] [cxt 0] basic.p4(586) Condition "hdr.ipv6.isValid()" (node_17) is true
[00:38:47.571] [bmv2] [T] [thread 91871] [216.0] [cxt 0] Applying table 'MyIngress.ipv6_lpm'
[00:38:47.571] [bmv2] [D] [thread 91871] [216.0] [cxt 0] Looking up key:
* hdr.ipv6.dstAddr    : ff0200000000000000000000000000fb

[00:38:47.571] [bmv2] [D] [thread 91871] [216.0] [cxt 0] Table 'MyIngress.ipv6_lpm': miss
[00:38:47.571] [bmv2] [D] [thread 91871] [216.0] [cxt 0] Action entry is NoAction - 
[00:38:47.571] [bmv2] [T] [thread 91871] [216.0] [cxt 0] Action NoAction
[00:38:47.571] [bmv2] [D] [thread 91871] [216.0] [cxt 0] Pipeline 'ingress': end
[00:38:47.571] [bmv2] [D] [thread 91871] [216.0] [cxt 0] Egress port is 0
[00:38:47.571] [bmv2] [D] [thread 91871] [217.0] [cxt 0] Processing packet received on port 5
[00:38:47.571] [bmv2] [D] [thread 91871] [217.0] [cxt 0] Parser 'parser': start
[00:38:47.571] [bmv2] [D] [thread 91871] [217.0] [cxt 0] Parser 'parser' entering state 'start'
[00:38:47.571] [bmv2] [D] [thread 91871] [217.0] [cxt 0] Extracting header 'ethernet'
[00:38:47.571] [bmv2] [D] [thread 91871] [217.0] [cxt 0] Parser state 'start': key is 86dd
[00:38:47.571] [bmv2] [T] [thread 91871] [217.0] [cxt 0] Bytes parsed: 14
[00:38:47.571] [bmv2] [D] [thread 91871] [217.0] [cxt 0] Parser 'parser' entering state 'parse_ipv6'
[00:38:47.571] [bmv2] [D] [thread 91871] [217.0] [cxt 0] Extracting header 'ipv6'
[00:38:47.571] [bmv2] [D] [thread 91871] [217.0] [cxt 0] Parser state 'parse_ipv6': key is 11
[00:38:47.571] [bmv2] [T] [thread 91871] [217.0] [cxt 0] Bytes parsed: 54
[00:38:47.571] [bmv2] [D] [thread 91871] [217.0] [cxt 0] Parser 'parser': end
[00:38:47.571] [bmv2] [D] [thread 91871] [217.0] [cxt 0] Pipeline 'ingress': start
[00:38:47.571] [bmv2] [T] [thread 91871] [217.0] [cxt 0] basic.p4(560) Condition "hdr.ethernet.etherType == TYPE_ARP" (node_2) is false
[00:38:47.571] [bmv2] [T] [thread 91871] [217.0] [cxt 0] basic.p4(563) Condition "hdr.ethernet.etherType == TYPE_SRCROUTING" (node_4) is false
[00:38:47.571] [bmv2] [T] [thread 91871] [217.0] [cxt 0] basic.p4(576) Condition "hdr.ethernet.etherType == TYPE_YEQUDESU" (node_12) is false
[00:38:47.571] [bmv2] [T] [thread 91871] [217.0] [cxt 0] basic.p4(582) Condition "hdr.vxlan.isValid()" (node_15) is false
[00:38:47.571] [bmv2] [T] [thread 91871] [217.0] [cxt 0] basic.p4(586) Condition "hdr.ipv6.isValid()" (node_17) is true
[00:38:47.571] [bmv2] [T] [thread 91871] [217.0] [cxt 0] Applying table 'MyIngress.ipv6_lpm'
[00:38:47.571] [bmv2] [D] [thread 91871] [217.0] [cxt 0] Looking up key:
* hdr.ipv6.dstAddr    : ff0200000000000000000000000000fb

[00:38:47.571] [bmv2] [D] [thread 91871] [217.0] [cxt 0] Table 'MyIngress.ipv6_lpm': miss
[00:38:47.571] [bmv2] [D] [thread 91871] [217.0] [cxt 0] Action entry is NoAction - 
[00:38:47.571] [bmv2] [T] [thread 91871] [217.0] [cxt 0] Action NoAction
[00:38:47.571] [bmv2] [D] [thread 91871] [217.0] [cxt 0] Pipeline 'ingress': end
[00:38:47.571] [bmv2] [D] [thread 91871] [217.0] [cxt 0] Egress port is 0
[00:38:47.571] [bmv2] [D] [thread 91872] [216.0] [cxt 0] Pipeline 'egress': start
[00:38:47.571] [bmv2] [T] [thread 91872] [216.0] [cxt 0] basic.p4(684) Condition "standard_metadata.mcast_grp != 0" (node_28) is false
[00:38:47.571] [bmv2] [D] [thread 91872] [216.0] [cxt 0] Pipeline 'egress': end
[00:38:47.571] [bmv2] [D] [thread 91872] [216.0] [cxt 0] Deparser 'deparser': start
[00:38:47.571] [bmv2] [T] [thread 91872] [216.0] [cxt 0] Skipping checksum 'cksum' update because condition not met
[00:38:47.571] [bmv2] [D] [thread 91872] [216.0] [cxt 0] Deparsing header 'ethernet'
[00:38:47.571] [bmv2] [D] [thread 91872] [216.0] [cxt 0] Deparsing header 'ipv6'
[00:38:47.571] [bmv2] [D] [thread 91872] [216.0] [cxt 0] Deparser 'deparser': end
[00:38:47.571] [bmv2] [D] [thread 91872] [217.0] [cxt 0] Pipeline 'egress': start
[00:38:47.571] [bmv2] [T] [thread 91872] [217.0] [cxt 0] basic.p4(684) Condition "standard_metadata.mcast_grp != 0" (node_28) is false
[00:38:47.571] [bmv2] [D] [thread 91872] [217.0] [cxt 0] Pipeline 'egress': end
[00:38:47.571] [bmv2] [D] [thread 91872] [217.0] [cxt 0] Deparser 'deparser': start
[00:38:47.571] [bmv2] [T] [thread 91872] [217.0] [cxt 0] Skipping checksum 'cksum' update because condition not met
[00:38:47.571] [bmv2] [D] [thread 91872] [217.0] [cxt 0] Deparsing header 'ethernet'
[00:38:47.571] [bmv2] [D] [thread 91872] [217.0] [cxt 0] Deparsing header 'ipv6'
[00:38:47.572] [bmv2] [D] [thread 91872] [217.0] [cxt 0] Deparser 'deparser': end
[00:38:47.571] [bmv2] [D] [thread 91876] [216.0] [cxt 0] Transmitting packet of size 203 out of port 0
[00:38:47.572] [bmv2] [D] [thread 91876] [217.0] [cxt 0] Transmitting packet of size 203 out of port 0
[00:38:47.634] [bmv2] [D] [thread 91871] [218.0] [cxt 0] Processing packet received on port 1
[00:38:47.634] [bmv2] [D] [thread 91871] [218.0] [cxt 0] Parser 'parser': start
[00:38:47.634] [bmv2] [D] [thread 91871] [218.0] [cxt 0] Parser 'parser' entering state 'start'
[00:38:47.634] [bmv2] [D] [thread 91871] [218.0] [cxt 0] Extracting header 'ethernet'
[00:38:47.634] [bmv2] [D] [thread 91871] [218.0] [cxt 0] Parser state 'start': key is 86dd
[00:38:47.634] [bmv2] [T] [thread 91871] [218.0] [cxt 0] Bytes parsed: 14
[00:38:47.634] [bmv2] [D] [thread 91871] [218.0] [cxt 0] Parser 'parser' entering state 'parse_ipv6'
[00:38:47.634] [bmv2] [D] [thread 91871] [218.0] [cxt 0] Extracting header 'ipv6'
[00:38:47.634] [bmv2] [D] [thread 91871] [218.0] [cxt 0] Parser state 'parse_ipv6': key is 11
[00:38:47.634] [bmv2] [T] [thread 91871] [218.0] [cxt 0] Bytes parsed: 54
[00:38:47.634] [bmv2] [D] [thread 91871] [218.0] [cxt 0] Parser 'parser': end
[00:38:47.634] [bmv2] [D] [thread 91871] [218.0] [cxt 0] Pipeline 'ingress': start
[00:38:47.634] [bmv2] [T] [thread 91871] [218.0] [cxt 0] basic.p4(560) Condition "hdr.ethernet.etherType == TYPE_ARP" (node_2) is false
[00:38:47.634] [bmv2] [T] [thread 91871] [218.0] [cxt 0] basic.p4(563) Condition "hdr.ethernet.etherType == TYPE_SRCROUTING" (node_4) is false
[00:38:47.634] [bmv2] [T] [thread 91871] [218.0] [cxt 0] basic.p4(576) Condition "hdr.ethernet.etherType == TYPE_YEQUDESU" (node_12) is false
[00:38:47.634] [bmv2] [T] [thread 91871] [218.0] [cxt 0] basic.p4(582) Condition "hdr.vxlan.isValid()" (node_15) is false
[00:38:47.634] [bmv2] [T] [thread 91871] [218.0] [cxt 0] basic.p4(586) Condition "hdr.ipv6.isValid()" (node_17) is true
[00:38:47.634] [bmv2] [T] [thread 91871] [218.0] [cxt 0] Applying table 'MyIngress.ipv6_lpm'
[00:38:47.634] [bmv2] [D] [thread 91871] [218.0] [cxt 0] Looking up key:
* hdr.ipv6.dstAddr    : ff0200000000000000000000000000fb

[00:38:47.634] [bmv2] [D] [thread 91871] [218.0] [cxt 0] Table 'MyIngress.ipv6_lpm': miss
[00:38:47.634] [bmv2] [D] [thread 91871] [218.0] [cxt 0] Action entry is NoAction - 
[00:38:47.634] [bmv2] [T] [thread 91871] [218.0] [cxt 0] Action NoAction
[00:38:47.634] [bmv2] [D] [thread 91871] [218.0] [cxt 0] Pipeline 'ingress': end
[00:38:47.634] [bmv2] [D] [thread 91871] [218.0] [cxt 0] Egress port is 0
[00:38:47.634] [bmv2] [D] [thread 91872] [218.0] [cxt 0] Pipeline 'egress': start
[00:38:47.634] [bmv2] [T] [thread 91872] [218.0] [cxt 0] basic.p4(684) Condition "standard_metadata.mcast_grp != 0" (node_28) is false
[00:38:47.634] [bmv2] [D] [thread 91872] [218.0] [cxt 0] Pipeline 'egress': end
[00:38:47.634] [bmv2] [D] [thread 91872] [218.0] [cxt 0] Deparser 'deparser': start
[00:38:47.634] [bmv2] [T] [thread 91872] [218.0] [cxt 0] Skipping checksum 'cksum' update because condition not met
[00:38:47.634] [bmv2] [D] [thread 91872] [218.0] [cxt 0] Deparsing header 'ethernet'
[00:38:47.634] [bmv2] [D] [thread 91872] [218.0] [cxt 0] Deparsing header 'ipv6'
[00:38:47.634] [bmv2] [D] [thread 91872] [218.0] [cxt 0] Deparser 'deparser': end
[00:38:47.634] [bmv2] [D] [thread 91876] [218.0] [cxt 0] Transmitting packet of size 203 out of port 0
[00:38:51.150] [bmv2] [D] [thread 91871] [219.0] [cxt 0] Processing packet received on port 5
[00:38:51.150] [bmv2] [D] [thread 91871] [219.0] [cxt 0] Parser 'parser': start
[00:38:51.150] [bmv2] [D] [thread 91871] [219.0] [cxt 0] Parser 'parser' entering state 'start'
[00:38:51.150] [bmv2] [D] [thread 91871] [219.0] [cxt 0] Extracting header 'ethernet'
[00:38:51.150] [bmv2] [D] [thread 91871] [219.0] [cxt 0] Parser state 'start': key is 86dd
[00:38:51.150] [bmv2] [T] [thread 91871] [219.0] [cxt 0] Bytes parsed: 14
[00:38:51.150] [bmv2] [D] [thread 91871] [219.0] [cxt 0] Parser 'parser' entering state 'parse_ipv6'
[00:38:51.150] [bmv2] [D] [thread 91871] [219.0] [cxt 0] Extracting header 'ipv6'
[00:38:51.150] [bmv2] [D] [thread 91871] [219.0] [cxt 0] Parser state 'parse_ipv6': key is 3a
[00:38:51.150] [bmv2] [T] [thread 91871] [219.0] [cxt 0] Bytes parsed: 54
[00:38:51.150] [bmv2] [D] [thread 91871] [219.0] [cxt 0] Parser 'parser': end
[00:38:51.150] [bmv2] [D] [thread 91871] [219.0] [cxt 0] Pipeline 'ingress': start
[00:38:51.150] [bmv2] [T] [thread 91871] [219.0] [cxt 0] basic.p4(560) Condition "hdr.ethernet.etherType == TYPE_ARP" (node_2) is false
[00:38:51.150] [bmv2] [T] [thread 91871] [219.0] [cxt 0] basic.p4(563) Condition "hdr.ethernet.etherType == TYPE_SRCROUTING" (node_4) is false
[00:38:51.150] [bmv2] [T] [thread 91871] [219.0] [cxt 0] basic.p4(576) Condition "hdr.ethernet.etherType == TYPE_YEQUDESU" (node_12) is false
[00:38:51.150] [bmv2] [T] [thread 91871] [219.0] [cxt 0] basic.p4(582) Condition "hdr.vxlan.isValid()" (node_15) is false
[00:38:51.150] [bmv2] [T] [thread 91871] [219.0] [cxt 0] basic.p4(586) Condition "hdr.ipv6.isValid()" (node_17) is true
[00:38:51.150] [bmv2] [T] [thread 91871] [219.0] [cxt 0] Applying table 'MyIngress.ipv6_lpm'
[00:38:51.150] [bmv2] [D] [thread 91871] [219.0] [cxt 0] Looking up key:
* hdr.ipv6.dstAddr    : ff020000000000000000000000000002

[00:38:51.150] [bmv2] [D] [thread 91871] [219.0] [cxt 0] Table 'MyIngress.ipv6_lpm': miss
[00:38:51.150] [bmv2] [D] [thread 91871] [219.0] [cxt 0] Action entry is NoAction - 
[00:38:51.150] [bmv2] [T] [thread 91871] [219.0] [cxt 0] Action NoAction
[00:38:51.150] [bmv2] [D] [thread 91871] [219.0] [cxt 0] Pipeline 'ingress': end
[00:38:51.150] [bmv2] [D] [thread 91871] [219.0] [cxt 0] Egress port is 0
[00:38:51.150] [bmv2] [D] [thread 91872] [219.0] [cxt 0] Pipeline 'egress': start
[00:38:51.150] [bmv2] [T] [thread 91872] [219.0] [cxt 0] basic.p4(684) Condition "standard_metadata.mcast_grp != 0" (node_28) is false
[00:38:51.150] [bmv2] [D] [thread 91872] [219.0] [cxt 0] Pipeline 'egress': end
[00:38:51.150] [bmv2] [D] [thread 91872] [219.0] [cxt 0] Deparser 'deparser': start
[00:38:51.150] [bmv2] [T] [thread 91872] [219.0] [cxt 0] Skipping checksum 'cksum' update because condition not met
[00:38:51.150] [bmv2] [D] [thread 91872] [219.0] [cxt 0] Deparsing header 'ethernet'
[00:38:51.150] [bmv2] [D] [thread 91872] [219.0] [cxt 0] Deparsing header 'ipv6'
[00:38:51.150] [bmv2] [D] [thread 91872] [219.0] [cxt 0] Deparser 'deparser': end
[00:38:51.150] [bmv2] [D] [thread 91876] [219.0] [cxt 0] Transmitting packet of size 70 out of port 0
[00:38:59.343] [bmv2] [D] [thread 91871] [220.0] [cxt 0] Processing packet received on port 1
[00:38:59.343] [bmv2] [D] [thread 91871] [220.0] [cxt 0] Parser 'parser': start
[00:38:59.343] [bmv2] [D] [thread 91871] [220.0] [cxt 0] Parser 'parser' entering state 'start'
[00:38:59.343] [bmv2] [D] [thread 91871] [220.0] [cxt 0] Extracting header 'ethernet'
[00:38:59.343] [bmv2] [D] [thread 91871] [220.0] [cxt 0] Parser state 'start': key is 86dd
[00:38:59.343] [bmv2] [T] [thread 91871] [220.0] [cxt 0] Bytes parsed: 14
[00:38:59.343] [bmv2] [D] [thread 91871] [220.0] [cxt 0] Parser 'parser' entering state 'parse_ipv6'
[00:38:59.343] [bmv2] [D] [thread 91871] [220.0] [cxt 0] Extracting header 'ipv6'
[00:38:59.343] [bmv2] [D] [thread 91871] [220.0] [cxt 0] Parser state 'parse_ipv6': key is 3a
[00:38:59.343] [bmv2] [T] [thread 91871] [220.0] [cxt 0] Bytes parsed: 54
[00:38:59.343] [bmv2] [D] [thread 91871] [220.0] [cxt 0] Parser 'parser': end
[00:38:59.343] [bmv2] [D] [thread 91871] [220.0] [cxt 0] Pipeline 'ingress': start
[00:38:59.343] [bmv2] [T] [thread 91871] [220.0] [cxt 0] basic.p4(560) Condition "hdr.ethernet.etherType == TYPE_ARP" (node_2) is false
[00:38:59.343] [bmv2] [T] [thread 91871] [220.0] [cxt 0] basic.p4(563) Condition "hdr.ethernet.etherType == TYPE_SRCROUTING" (node_4) is false
[00:38:59.343] [bmv2] [T] [thread 91871] [220.0] [cxt 0] basic.p4(576) Condition "hdr.ethernet.etherType == TYPE_YEQUDESU" (node_12) is false
[00:38:59.343] [bmv2] [T] [thread 91871] [220.0] [cxt 0] basic.p4(582) Condition "hdr.vxlan.isValid()" (node_15) is false
[00:38:59.343] [bmv2] [T] [thread 91871] [220.0] [cxt 0] basic.p4(586) Condition "hdr.ipv6.isValid()" (node_17) is true
[00:38:59.343] [bmv2] [T] [thread 91871] [220.0] [cxt 0] Applying table 'MyIngress.ipv6_lpm'
[00:38:59.343] [bmv2] [D] [thread 91871] [220.0] [cxt 0] Looking up key:
* hdr.ipv6.dstAddr    : ff020000000000000000000000000002

[00:38:59.343] [bmv2] [D] [thread 91871] [220.0] [cxt 0] Table 'MyIngress.ipv6_lpm': miss
[00:38:59.343] [bmv2] [D] [thread 91871] [220.0] [cxt 0] Action entry is NoAction - 
[00:38:59.343] [bmv2] [T] [thread 91871] [220.0] [cxt 0] Action NoAction
[00:38:59.343] [bmv2] [D] [thread 91871] [220.0] [cxt 0] Pipeline 'ingress': end
[00:38:59.343] [bmv2] [D] [thread 91871] [220.0] [cxt 0] Egress port is 0
[00:38:59.343] [bmv2] [D] [thread 91872] [220.0] [cxt 0] Pipeline 'egress': start
[00:38:59.343] [bmv2] [T] [thread 91872] [220.0] [cxt 0] basic.p4(684) Condition "standard_metadata.mcast_grp != 0" (node_28) is false
[00:38:59.343] [bmv2] [D] [thread 91872] [220.0] [cxt 0] Pipeline 'egress': end
[00:38:59.343] [bmv2] [D] [thread 91872] [220.0] [cxt 0] Deparser 'deparser': start
[00:38:59.343] [bmv2] [T] [thread 91872] [220.0] [cxt 0] Skipping checksum 'cksum' update because condition not met
[00:38:59.343] [bmv2] [D] [thread 91872] [220.0] [cxt 0] Deparsing header 'ethernet'
[00:38:59.343] [bmv2] [D] [thread 91872] [220.0] [cxt 0] Deparsing header 'ipv6'
[00:38:59.343] [bmv2] [D] [thread 91872] [220.0] [cxt 0] Deparser 'deparser': end
[00:38:59.343] [bmv2] [D] [thread 91876] [220.0] [cxt 0] Transmitting packet of size 70 out of port 0
[00:39:07.535] [bmv2] [D] [thread 91871] [221.0] [cxt 0] Processing packet received on port 4
[00:39:07.535] [bmv2] [D] [thread 91871] [221.0] [cxt 0] Parser 'parser': start
[00:39:07.535] [bmv2] [D] [thread 91871] [221.0] [cxt 0] Parser 'parser' entering state 'start'
[00:39:07.535] [bmv2] [D] [thread 91871] [221.0] [cxt 0] Extracting header 'ethernet'
[00:39:07.535] [bmv2] [D] [thread 91871] [221.0] [cxt 0] Parser state 'start': key is 86dd
[00:39:07.535] [bmv2] [T] [thread 91871] [221.0] [cxt 0] Bytes parsed: 14
[00:39:07.535] [bmv2] [D] [thread 91871] [221.0] [cxt 0] Parser 'parser' entering state 'parse_ipv6'
[00:39:07.535] [bmv2] [D] [thread 91871] [221.0] [cxt 0] Extracting header 'ipv6'
[00:39:07.535] [bmv2] [D] [thread 91871] [221.0] [cxt 0] Parser state 'parse_ipv6': key is 3a
[00:39:07.535] [bmv2] [T] [thread 91871] [221.0] [cxt 0] Bytes parsed: 54
[00:39:07.535] [bmv2] [D] [thread 91871] [221.0] [cxt 0] Parser 'parser': end
[00:39:07.535] [bmv2] [D] [thread 91871] [221.0] [cxt 0] Pipeline 'ingress': start
[00:39:07.535] [bmv2] [T] [thread 91871] [221.0] [cxt 0] basic.p4(560) Condition "hdr.ethernet.etherType == TYPE_ARP" (node_2) is false
[00:39:07.535] [bmv2] [T] [thread 91871] [221.0] [cxt 0] basic.p4(563) Condition "hdr.ethernet.etherType == TYPE_SRCROUTING" (node_4) is false
[00:39:07.535] [bmv2] [T] [thread 91871] [221.0] [cxt 0] basic.p4(576) Condition "hdr.ethernet.etherType == TYPE_YEQUDESU" (node_12) is false
[00:39:07.535] [bmv2] [T] [thread 91871] [221.0] [cxt 0] basic.p4(582) Condition "hdr.vxlan.isValid()" (node_15) is false
[00:39:07.535] [bmv2] [T] [thread 91871] [221.0] [cxt 0] basic.p4(586) Condition "hdr.ipv6.isValid()" (node_17) is true
[00:39:07.535] [bmv2] [T] [thread 91871] [221.0] [cxt 0] Applying table 'MyIngress.ipv6_lpm'
[00:39:07.535] [bmv2] [D] [thread 91871] [221.0] [cxt 0] Looking up key:
* hdr.ipv6.dstAddr    : ff020000000000000000000000000002

[00:39:07.535] [bmv2] [D] [thread 91871] [221.0] [cxt 0] Table 'MyIngress.ipv6_lpm': miss
[00:39:07.535] [bmv2] [D] [thread 91871] [221.0] [cxt 0] Action entry is NoAction - 
[00:39:07.535] [bmv2] [T] [thread 91871] [221.0] [cxt 0] Action NoAction
[00:39:07.535] [bmv2] [D] [thread 91871] [221.0] [cxt 0] Pipeline 'ingress': end
[00:39:07.535] [bmv2] [D] [thread 91871] [221.0] [cxt 0] Egress port is 0
[00:39:07.535] [bmv2] [D] [thread 91872] [221.0] [cxt 0] Pipeline 'egress': start
[00:39:07.535] [bmv2] [T] [thread 91872] [221.0] [cxt 0] basic.p4(684) Condition "standard_metadata.mcast_grp != 0" (node_28) is false
[00:39:07.535] [bmv2] [D] [thread 91872] [221.0] [cxt 0] Pipeline 'egress': end
[00:39:07.535] [bmv2] [D] [thread 91872] [221.0] [cxt 0] Deparser 'deparser': start
[00:39:07.535] [bmv2] [T] [thread 91872] [221.0] [cxt 0] Skipping checksum 'cksum' update because condition not met
[00:39:07.535] [bmv2] [D] [thread 91872] [221.0] [cxt 0] Deparsing header 'ethernet'
[00:39:07.535] [bmv2] [D] [thread 91872] [221.0] [cxt 0] Deparsing header 'ipv6'
[00:39:07.535] [bmv2] [D] [thread 91872] [221.0] [cxt 0] Deparser 'deparser': end
[00:39:07.535] [bmv2] [D] [thread 91876] [221.0] [cxt 0] Transmitting packet of size 70 out of port 0
[00:40:21.261] [bmv2] [D] [thread 91871] [222.0] [cxt 0] Processing packet received on port 2
[00:40:21.262] [bmv2] [D] [thread 91871] [222.0] [cxt 0] Parser 'parser': start
[00:40:21.262] [bmv2] [D] [thread 91871] [222.0] [cxt 0] Parser 'parser' entering state 'start'
[00:40:21.262] [bmv2] [D] [thread 91871] [222.0] [cxt 0] Extracting header 'ethernet'
[00:40:21.262] [bmv2] [D] [thread 91871] [222.0] [cxt 0] Parser state 'start': key is 86dd
[00:40:21.262] [bmv2] [T] [thread 91871] [222.0] [cxt 0] Bytes parsed: 14
[00:40:21.262] [bmv2] [D] [thread 91871] [222.0] [cxt 0] Parser 'parser' entering state 'parse_ipv6'
[00:40:21.262] [bmv2] [D] [thread 91871] [222.0] [cxt 0] Extracting header 'ipv6'
[00:40:21.262] [bmv2] [D] [thread 91871] [222.0] [cxt 0] Parser state 'parse_ipv6': key is 3a
[00:40:21.262] [bmv2] [T] [thread 91871] [222.0] [cxt 0] Bytes parsed: 54
[00:40:21.262] [bmv2] [D] [thread 91871] [222.0] [cxt 0] Parser 'parser': end
[00:40:21.262] [bmv2] [D] [thread 91871] [222.0] [cxt 0] Pipeline 'ingress': start
[00:40:21.262] [bmv2] [T] [thread 91871] [222.0] [cxt 0] basic.p4(560) Condition "hdr.ethernet.etherType == TYPE_ARP" (node_2) is false
[00:40:21.262] [bmv2] [T] [thread 91871] [222.0] [cxt 0] basic.p4(563) Condition "hdr.ethernet.etherType == TYPE_SRCROUTING" (node_4) is false
[00:40:21.262] [bmv2] [T] [thread 91871] [222.0] [cxt 0] basic.p4(576) Condition "hdr.ethernet.etherType == TYPE_YEQUDESU" (node_12) is false
[00:40:21.262] [bmv2] [T] [thread 91871] [222.0] [cxt 0] basic.p4(582) Condition "hdr.vxlan.isValid()" (node_15) is false
[00:40:21.262] [bmv2] [T] [thread 91871] [222.0] [cxt 0] basic.p4(586) Condition "hdr.ipv6.isValid()" (node_17) is true
[00:40:21.262] [bmv2] [T] [thread 91871] [222.0] [cxt 0] Applying table 'MyIngress.ipv6_lpm'
[00:40:21.262] [bmv2] [D] [thread 91871] [222.0] [cxt 0] Looking up key:
* hdr.ipv6.dstAddr    : ff020000000000000000000000000002

[00:40:21.262] [bmv2] [D] [thread 91871] [222.0] [cxt 0] Table 'MyIngress.ipv6_lpm': miss
[00:40:21.262] [bmv2] [D] [thread 91871] [222.0] [cxt 0] Action entry is NoAction - 
[00:40:21.262] [bmv2] [T] [thread 91871] [222.0] [cxt 0] Action NoAction
[00:40:21.262] [bmv2] [D] [thread 91871] [222.0] [cxt 0] Pipeline 'ingress': end
[00:40:21.262] [bmv2] [D] [thread 91871] [222.0] [cxt 0] Egress port is 0
[00:40:21.262] [bmv2] [D] [thread 91872] [222.0] [cxt 0] Pipeline 'egress': start
[00:40:21.262] [bmv2] [T] [thread 91872] [222.0] [cxt 0] basic.p4(684) Condition "standard_metadata.mcast_grp != 0" (node_28) is false
[00:40:21.262] [bmv2] [D] [thread 91872] [222.0] [cxt 0] Pipeline 'egress': end
[00:40:21.262] [bmv2] [D] [thread 91872] [222.0] [cxt 0] Deparser 'deparser': start
[00:40:21.262] [bmv2] [T] [thread 91872] [222.0] [cxt 0] Skipping checksum 'cksum' update because condition not met
[00:40:21.262] [bmv2] [D] [thread 91872] [222.0] [cxt 0] Deparsing header 'ethernet'
[00:40:21.262] [bmv2] [D] [thread 91872] [222.0] [cxt 0] Deparsing header 'ipv6'
[00:40:21.262] [bmv2] [D] [thread 91872] [222.0] [cxt 0] Deparser 'deparser': end
[00:40:21.262] [bmv2] [D] [thread 91876] [222.0] [cxt 0] Transmitting packet of size 70 out of port 0
[00:40:29.454] [bmv2] [D] [thread 91871] [223.0] [cxt 0] Processing packet received on port 2
[00:40:29.454] [bmv2] [D] [thread 91871] [223.0] [cxt 0] Parser 'parser': start
[00:40:29.454] [bmv2] [D] [thread 91871] [223.0] [cxt 0] Parser 'parser' entering state 'start'
[00:40:29.454] [bmv2] [D] [thread 91871] [223.0] [cxt 0] Extracting header 'ethernet'
[00:40:29.454] [bmv2] [D] [thread 91871] [223.0] [cxt 0] Parser state 'start': key is 86dd
[00:40:29.454] [bmv2] [T] [thread 91871] [223.0] [cxt 0] Bytes parsed: 14
[00:40:29.454] [bmv2] [D] [thread 91871] [223.0] [cxt 0] Parser 'parser' entering state 'parse_ipv6'
[00:40:29.454] [bmv2] [D] [thread 91871] [223.0] [cxt 0] Extracting header 'ipv6'
[00:40:29.454] [bmv2] [D] [thread 91871] [223.0] [cxt 0] Parser state 'parse_ipv6': key is 3a
[00:40:29.454] [bmv2] [T] [thread 91871] [223.0] [cxt 0] Bytes parsed: 54
[00:40:29.454] [bmv2] [D] [thread 91871] [223.0] [cxt 0] Parser 'parser': end
[00:40:29.454] [bmv2] [D] [thread 91871] [223.0] [cxt 0] Pipeline 'ingress': start
[00:40:29.454] [bmv2] [T] [thread 91871] [223.0] [cxt 0] basic.p4(560) Condition "hdr.ethernet.etherType == TYPE_ARP" (node_2) is false
[00:40:29.454] [bmv2] [T] [thread 91871] [223.0] [cxt 0] basic.p4(563) Condition "hdr.ethernet.etherType == TYPE_SRCROUTING" (node_4) is false
[00:40:29.454] [bmv2] [T] [thread 91871] [223.0] [cxt 0] basic.p4(576) Condition "hdr.ethernet.etherType == TYPE_YEQUDESU" (node_12) is false
[00:40:29.454] [bmv2] [T] [thread 91871] [223.0] [cxt 0] basic.p4(582) Condition "hdr.vxlan.isValid()" (node_15) is false
[00:40:29.454] [bmv2] [T] [thread 91871] [223.0] [cxt 0] basic.p4(586) Condition "hdr.ipv6.isValid()" (node_17) is true
[00:40:29.454] [bmv2] [T] [thread 91871] [223.0] [cxt 0] Applying table 'MyIngress.ipv6_lpm'
[00:40:29.454] [bmv2] [D] [thread 91871] [223.0] [cxt 0] Looking up key:
* hdr.ipv6.dstAddr    : ff020000000000000000000000000002

[00:40:29.454] [bmv2] [D] [thread 91871] [223.0] [cxt 0] Table 'MyIngress.ipv6_lpm': miss
[00:40:29.454] [bmv2] [D] [thread 91871] [223.0] [cxt 0] Action entry is NoAction - 
[00:40:29.454] [bmv2] [T] [thread 91871] [223.0] [cxt 0] Action NoAction
[00:40:29.454] [bmv2] [D] [thread 91871] [223.0] [cxt 0] Pipeline 'ingress': end
[00:40:29.454] [bmv2] [D] [thread 91871] [223.0] [cxt 0] Egress port is 0
[00:40:29.454] [bmv2] [D] [thread 91872] [223.0] [cxt 0] Pipeline 'egress': start
[00:40:29.454] [bmv2] [T] [thread 91872] [223.0] [cxt 0] basic.p4(684) Condition "standard_metadata.mcast_grp != 0" (node_28) is false
[00:40:29.454] [bmv2] [D] [thread 91872] [223.0] [cxt 0] Pipeline 'egress': end
[00:40:29.454] [bmv2] [D] [thread 91872] [223.0] [cxt 0] Deparser 'deparser': start
[00:40:29.454] [bmv2] [T] [thread 91872] [223.0] [cxt 0] Skipping checksum 'cksum' update because condition not met
[00:40:29.454] [bmv2] [D] [thread 91872] [223.0] [cxt 0] Deparsing header 'ethernet'
[00:40:29.454] [bmv2] [D] [thread 91872] [223.0] [cxt 0] Deparsing header 'ipv6'
[00:40:29.454] [bmv2] [D] [thread 91872] [223.0] [cxt 0] Deparser 'deparser': end
[00:40:29.454] [bmv2] [D] [thread 91876] [223.0] [cxt 0] Transmitting packet of size 70 out of port 0
[00:40:33.550] [bmv2] [D] [thread 91871] [224.0] [cxt 0] Processing packet received on port 3
[00:40:33.550] [bmv2] [D] [thread 91871] [224.0] [cxt 0] Parser 'parser': start
[00:40:33.550] [bmv2] [D] [thread 91871] [224.0] [cxt 0] Parser 'parser' entering state 'start'
[00:40:33.550] [bmv2] [D] [thread 91871] [224.0] [cxt 0] Extracting header 'ethernet'
[00:40:33.550] [bmv2] [D] [thread 91871] [224.0] [cxt 0] Parser state 'start': key is 86dd
[00:40:33.550] [bmv2] [T] [thread 91871] [224.0] [cxt 0] Bytes parsed: 14
[00:40:33.550] [bmv2] [D] [thread 91871] [224.0] [cxt 0] Parser 'parser' entering state 'parse_ipv6'
[00:40:33.550] [bmv2] [D] [thread 91871] [224.0] [cxt 0] Extracting header 'ipv6'
[00:40:33.550] [bmv2] [D] [thread 91871] [224.0] [cxt 0] Parser state 'parse_ipv6': key is 3a
[00:40:33.550] [bmv2] [T] [thread 91871] [224.0] [cxt 0] Bytes parsed: 54
[00:40:33.550] [bmv2] [D] [thread 91871] [224.0] [cxt 0] Parser 'parser': end
[00:40:33.550] [bmv2] [D] [thread 91871] [224.0] [cxt 0] Pipeline 'ingress': start
[00:40:33.550] [bmv2] [T] [thread 91871] [224.0] [cxt 0] basic.p4(560) Condition "hdr.ethernet.etherType == TYPE_ARP" (node_2) is false
[00:40:33.550] [bmv2] [T] [thread 91871] [224.0] [cxt 0] basic.p4(563) Condition "hdr.ethernet.etherType == TYPE_SRCROUTING" (node_4) is false
[00:40:33.550] [bmv2] [T] [thread 91871] [224.0] [cxt 0] basic.p4(576) Condition "hdr.ethernet.etherType == TYPE_YEQUDESU" (node_12) is false
[00:40:33.550] [bmv2] [T] [thread 91871] [224.0] [cxt 0] basic.p4(582) Condition "hdr.vxlan.isValid()" (node_15) is false
[00:40:33.550] [bmv2] [T] [thread 91871] [224.0] [cxt 0] basic.p4(586) Condition "hdr.ipv6.isValid()" (node_17) is true
[00:40:33.550] [bmv2] [T] [thread 91871] [224.0] [cxt 0] Applying table 'MyIngress.ipv6_lpm'
[00:40:33.550] [bmv2] [D] [thread 91871] [224.0] [cxt 0] Looking up key:
* hdr.ipv6.dstAddr    : ff020000000000000000000000000002

[00:40:33.550] [bmv2] [D] [thread 91871] [224.0] [cxt 0] Table 'MyIngress.ipv6_lpm': miss
[00:40:33.550] [bmv2] [D] [thread 91871] [224.0] [cxt 0] Action entry is NoAction - 
[00:40:33.550] [bmv2] [T] [thread 91871] [224.0] [cxt 0] Action NoAction
[00:40:33.550] [bmv2] [D] [thread 91871] [224.0] [cxt 0] Pipeline 'ingress': end
[00:40:33.550] [bmv2] [D] [thread 91871] [224.0] [cxt 0] Egress port is 0
[00:40:33.550] [bmv2] [D] [thread 91871] [225.0] [cxt 0] Processing packet received on port 5
[00:40:33.550] [bmv2] [D] [thread 91871] [225.0] [cxt 0] Parser 'parser': start
[00:40:33.550] [bmv2] [D] [thread 91871] [225.0] [cxt 0] Parser 'parser' entering state 'start'
[00:40:33.550] [bmv2] [D] [thread 91871] [225.0] [cxt 0] Extracting header 'ethernet'
[00:40:33.550] [bmv2] [D] [thread 91871] [225.0] [cxt 0] Parser state 'start': key is 86dd
[00:40:33.550] [bmv2] [T] [thread 91871] [225.0] [cxt 0] Bytes parsed: 14
[00:40:33.550] [bmv2] [D] [thread 91871] [225.0] [cxt 0] Parser 'parser' entering state 'parse_ipv6'
[00:40:33.550] [bmv2] [D] [thread 91871] [225.0] [cxt 0] Extracting header 'ipv6'
[00:40:33.550] [bmv2] [D] [thread 91871] [225.0] [cxt 0] Parser state 'parse_ipv6': key is 3a
[00:40:33.550] [bmv2] [T] [thread 91871] [225.0] [cxt 0] Bytes parsed: 54
[00:40:33.550] [bmv2] [D] [thread 91871] [225.0] [cxt 0] Parser 'parser': end
[00:40:33.550] [bmv2] [D] [thread 91871] [225.0] [cxt 0] Pipeline 'ingress': start
[00:40:33.550] [bmv2] [T] [thread 91871] [225.0] [cxt 0] basic.p4(560) Condition "hdr.ethernet.etherType == TYPE_ARP" (node_2) is false
[00:40:33.550] [bmv2] [T] [thread 91871] [225.0] [cxt 0] basic.p4(563) Condition "hdr.ethernet.etherType == TYPE_SRCROUTING" (node_4) is false
[00:40:33.550] [bmv2] [T] [thread 91871] [225.0] [cxt 0] basic.p4(576) Condition "hdr.ethernet.etherType == TYPE_YEQUDESU" (node_12) is false
[00:40:33.550] [bmv2] [T] [thread 91871] [225.0] [cxt 0] basic.p4(582) Condition "hdr.vxlan.isValid()" (node_15) is false
[00:40:33.550] [bmv2] [T] [thread 91871] [225.0] [cxt 0] basic.p4(586) Condition "hdr.ipv6.isValid()" (node_17) is true
[00:40:33.550] [bmv2] [T] [thread 91871] [225.0] [cxt 0] Applying table 'MyIngress.ipv6_lpm'
[00:40:33.550] [bmv2] [D] [thread 91871] [225.0] [cxt 0] Looking up key:
* hdr.ipv6.dstAddr    : ff020000000000000000000000000002

[00:40:33.550] [bmv2] [D] [thread 91871] [225.0] [cxt 0] Table 'MyIngress.ipv6_lpm': miss
[00:40:33.550] [bmv2] [D] [thread 91871] [225.0] [cxt 0] Action entry is NoAction - 
[00:40:33.550] [bmv2] [T] [thread 91871] [225.0] [cxt 0] Action NoAction
[00:40:33.550] [bmv2] [D] [thread 91871] [225.0] [cxt 0] Pipeline 'ingress': end
[00:40:33.550] [bmv2] [D] [thread 91871] [225.0] [cxt 0] Egress port is 0
[00:40:33.550] [bmv2] [D] [thread 91872] [224.0] [cxt 0] Pipeline 'egress': start
[00:40:33.550] [bmv2] [T] [thread 91872] [224.0] [cxt 0] basic.p4(684) Condition "standard_metadata.mcast_grp != 0" (node_28) is false
[00:40:33.550] [bmv2] [D] [thread 91872] [224.0] [cxt 0] Pipeline 'egress': end
[00:40:33.550] [bmv2] [D] [thread 91872] [224.0] [cxt 0] Deparser 'deparser': start
[00:40:33.550] [bmv2] [T] [thread 91872] [224.0] [cxt 0] Skipping checksum 'cksum' update because condition not met
[00:40:33.550] [bmv2] [D] [thread 91872] [224.0] [cxt 0] Deparsing header 'ethernet'
[00:40:33.550] [bmv2] [D] [thread 91872] [224.0] [cxt 0] Deparsing header 'ipv6'
[00:40:33.550] [bmv2] [D] [thread 91872] [224.0] [cxt 0] Deparser 'deparser': end
[00:40:33.550] [bmv2] [D] [thread 91872] [225.0] [cxt 0] Pipeline 'egress': start
[00:40:33.550] [bmv2] [T] [thread 91872] [225.0] [cxt 0] basic.p4(684) Condition "standard_metadata.mcast_grp != 0" (node_28) is false
[00:40:33.550] [bmv2] [D] [thread 91872] [225.0] [cxt 0] Pipeline 'egress': end
[00:40:33.550] [bmv2] [D] [thread 91872] [225.0] [cxt 0] Deparser 'deparser': start
[00:40:33.550] [bmv2] [T] [thread 91872] [225.0] [cxt 0] Skipping checksum 'cksum' update because condition not met
[00:40:33.550] [bmv2] [D] [thread 91872] [225.0] [cxt 0] Deparsing header 'ethernet'
[00:40:33.550] [bmv2] [D] [thread 91872] [225.0] [cxt 0] Deparsing header 'ipv6'
[00:40:33.550] [bmv2] [D] [thread 91872] [225.0] [cxt 0] Deparser 'deparser': end
[00:40:33.550] [bmv2] [D] [thread 91876] [224.0] [cxt 0] Transmitting packet of size 70 out of port 0
[00:40:33.550] [bmv2] [D] [thread 91876] [225.0] [cxt 0] Transmitting packet of size 70 out of port 0
[00:40:41.741] [bmv2] [D] [thread 91871] [226.0] [cxt 0] Processing packet received on port 4
[00:40:41.742] [bmv2] [D] [thread 91871] [226.0] [cxt 0] Parser 'parser': start
[00:40:41.742] [bmv2] [D] [thread 91871] [226.0] [cxt 0] Parser 'parser' entering state 'start'
[00:40:41.742] [bmv2] [D] [thread 91871] [226.0] [cxt 0] Extracting header 'ethernet'
[00:40:41.742] [bmv2] [D] [thread 91871] [226.0] [cxt 0] Parser state 'start': key is 86dd
[00:40:41.742] [bmv2] [T] [thread 91871] [226.0] [cxt 0] Bytes parsed: 14
[00:40:41.742] [bmv2] [D] [thread 91871] [226.0] [cxt 0] Parser 'parser' entering state 'parse_ipv6'
[00:40:41.742] [bmv2] [D] [thread 91871] [226.0] [cxt 0] Extracting header 'ipv6'
[00:40:41.742] [bmv2] [D] [thread 91871] [226.0] [cxt 0] Parser state 'parse_ipv6': key is 3a
[00:40:41.742] [bmv2] [T] [thread 91871] [226.0] [cxt 0] Bytes parsed: 54
[00:40:41.742] [bmv2] [D] [thread 91871] [226.0] [cxt 0] Parser 'parser': end
[00:40:41.742] [bmv2] [D] [thread 91871] [226.0] [cxt 0] Pipeline 'ingress': start
[00:40:41.742] [bmv2] [T] [thread 91871] [226.0] [cxt 0] basic.p4(560) Condition "hdr.ethernet.etherType == TYPE_ARP" (node_2) is false
[00:40:41.742] [bmv2] [T] [thread 91871] [226.0] [cxt 0] basic.p4(563) Condition "hdr.ethernet.etherType == TYPE_SRCROUTING" (node_4) is false
[00:40:41.742] [bmv2] [T] [thread 91871] [226.0] [cxt 0] basic.p4(576) Condition "hdr.ethernet.etherType == TYPE_YEQUDESU" (node_12) is false
[00:40:41.742] [bmv2] [T] [thread 91871] [226.0] [cxt 0] basic.p4(582) Condition "hdr.vxlan.isValid()" (node_15) is false
[00:40:41.742] [bmv2] [T] [thread 91871] [226.0] [cxt 0] basic.p4(586) Condition "hdr.ipv6.isValid()" (node_17) is true
[00:40:41.742] [bmv2] [T] [thread 91871] [226.0] [cxt 0] Applying table 'MyIngress.ipv6_lpm'
[00:40:41.742] [bmv2] [D] [thread 91871] [226.0] [cxt 0] Looking up key:
* hdr.ipv6.dstAddr    : ff020000000000000000000000000002

[00:40:41.742] [bmv2] [D] [thread 91871] [226.0] [cxt 0] Table 'MyIngress.ipv6_lpm': miss
[00:40:41.742] [bmv2] [D] [thread 91871] [226.0] [cxt 0] Action entry is NoAction - 
[00:40:41.742] [bmv2] [T] [thread 91871] [226.0] [cxt 0] Action NoAction
[00:40:41.742] [bmv2] [D] [thread 91871] [226.0] [cxt 0] Pipeline 'ingress': end
[00:40:41.742] [bmv2] [D] [thread 91871] [226.0] [cxt 0] Egress port is 0
[00:40:41.742] [bmv2] [D] [thread 91872] [226.0] [cxt 0] Pipeline 'egress': start
[00:40:41.742] [bmv2] [T] [thread 91872] [226.0] [cxt 0] basic.p4(684) Condition "standard_metadata.mcast_grp != 0" (node_28) is false
[00:40:41.742] [bmv2] [D] [thread 91872] [226.0] [cxt 0] Pipeline 'egress': end
[00:40:41.742] [bmv2] [D] [thread 91872] [226.0] [cxt 0] Deparser 'deparser': start
[00:40:41.742] [bmv2] [T] [thread 91872] [226.0] [cxt 0] Skipping checksum 'cksum' update because condition not met
[00:40:41.742] [bmv2] [D] [thread 91872] [226.0] [cxt 0] Deparsing header 'ethernet'
[00:40:41.742] [bmv2] [D] [thread 91872] [226.0] [cxt 0] Deparsing header 'ipv6'
[00:40:41.742] [bmv2] [D] [thread 91872] [226.0] [cxt 0] Deparser 'deparser': end
[00:40:41.742] [bmv2] [D] [thread 91876] [226.0] [cxt 0] Transmitting packet of size 70 out of port 0
[00:40:45.838] [bmv2] [D] [thread 91871] [227.0] [cxt 0] Processing packet received on port 3
[00:40:45.838] [bmv2] [D] [thread 91871] [227.0] [cxt 0] Parser 'parser': start
[00:40:45.838] [bmv2] [D] [thread 91871] [227.0] [cxt 0] Parser 'parser' entering state 'start'
[00:40:45.838] [bmv2] [D] [thread 91871] [227.0] [cxt 0] Extracting header 'ethernet'
[00:40:45.838] [bmv2] [D] [thread 91871] [227.0] [cxt 0] Parser state 'start': key is 86dd
[00:40:45.838] [bmv2] [T] [thread 91871] [227.0] [cxt 0] Bytes parsed: 14
[00:40:45.838] [bmv2] [D] [thread 91871] [227.0] [cxt 0] Parser 'parser' entering state 'parse_ipv6'
[00:40:45.838] [bmv2] [D] [thread 91871] [227.0] [cxt 0] Extracting header 'ipv6'
[00:40:45.838] [bmv2] [D] [thread 91871] [227.0] [cxt 0] Parser state 'parse_ipv6': key is 3a
[00:40:45.838] [bmv2] [T] [thread 91871] [227.0] [cxt 0] Bytes parsed: 54
[00:40:45.838] [bmv2] [D] [thread 91871] [227.0] [cxt 0] Parser 'parser': end
[00:40:45.838] [bmv2] [D] [thread 91871] [227.0] [cxt 0] Pipeline 'ingress': start
[00:40:45.838] [bmv2] [T] [thread 91871] [227.0] [cxt 0] basic.p4(560) Condition "hdr.ethernet.etherType == TYPE_ARP" (node_2) is false
[00:40:45.838] [bmv2] [T] [thread 91871] [227.0] [cxt 0] basic.p4(563) Condition "hdr.ethernet.etherType == TYPE_SRCROUTING" (node_4) is false
[00:40:45.838] [bmv2] [T] [thread 91871] [227.0] [cxt 0] basic.p4(576) Condition "hdr.ethernet.etherType == TYPE_YEQUDESU" (node_12) is false
[00:40:45.838] [bmv2] [T] [thread 91871] [227.0] [cxt 0] basic.p4(582) Condition "hdr.vxlan.isValid()" (node_15) is false
[00:40:45.838] [bmv2] [T] [thread 91871] [227.0] [cxt 0] basic.p4(586) Condition "hdr.ipv6.isValid()" (node_17) is true
[00:40:45.838] [bmv2] [T] [thread 91871] [227.0] [cxt 0] Applying table 'MyIngress.ipv6_lpm'
[00:40:45.838] [bmv2] [D] [thread 91871] [227.0] [cxt 0] Looking up key:
* hdr.ipv6.dstAddr    : ff020000000000000000000000000002

[00:40:45.838] [bmv2] [D] [thread 91871] [227.0] [cxt 0] Table 'MyIngress.ipv6_lpm': miss
[00:40:45.838] [bmv2] [D] [thread 91871] [227.0] [cxt 0] Action entry is NoAction - 
[00:40:45.838] [bmv2] [T] [thread 91871] [227.0] [cxt 0] Action NoAction
[00:40:45.838] [bmv2] [D] [thread 91871] [227.0] [cxt 0] Pipeline 'ingress': end
[00:40:45.838] [bmv2] [D] [thread 91871] [227.0] [cxt 0] Egress port is 0
[00:40:45.838] [bmv2] [D] [thread 91872] [227.0] [cxt 0] Pipeline 'egress': start
[00:40:45.838] [bmv2] [T] [thread 91872] [227.0] [cxt 0] basic.p4(684) Condition "standard_metadata.mcast_grp != 0" (node_28) is false
[00:40:45.838] [bmv2] [D] [thread 91872] [227.0] [cxt 0] Pipeline 'egress': end
[00:40:45.838] [bmv2] [D] [thread 91872] [227.0] [cxt 0] Deparser 'deparser': start
[00:40:45.838] [bmv2] [T] [thread 91872] [227.0] [cxt 0] Skipping checksum 'cksum' update because condition not met
[00:40:45.838] [bmv2] [D] [thread 91872] [227.0] [cxt 0] Deparsing header 'ethernet'
[00:40:45.838] [bmv2] [D] [thread 91872] [227.0] [cxt 0] Deparsing header 'ipv6'
[00:40:45.838] [bmv2] [D] [thread 91872] [227.0] [cxt 0] Deparser 'deparser': end
[00:40:45.839] [bmv2] [D] [thread 91876] [227.0] [cxt 0] Transmitting packet of size 70 out of port 0
[00:40:49.934] [bmv2] [D] [thread 91871] [228.0] [cxt 0] Processing packet received on port 1
[00:40:49.934] [bmv2] [D] [thread 91871] [228.0] [cxt 0] Parser 'parser': start
[00:40:49.934] [bmv2] [D] [thread 91871] [228.0] [cxt 0] Parser 'parser' entering state 'start'
[00:40:49.934] [bmv2] [D] [thread 91871] [228.0] [cxt 0] Extracting header 'ethernet'
[00:40:49.934] [bmv2] [D] [thread 91871] [228.0] [cxt 0] Parser state 'start': key is 86dd
[00:40:49.934] [bmv2] [T] [thread 91871] [228.0] [cxt 0] Bytes parsed: 14
[00:40:49.934] [bmv2] [D] [thread 91871] [228.0] [cxt 0] Parser 'parser' entering state 'parse_ipv6'
[00:40:49.934] [bmv2] [D] [thread 91871] [228.0] [cxt 0] Extracting header 'ipv6'
[00:40:49.934] [bmv2] [D] [thread 91871] [228.0] [cxt 0] Parser state 'parse_ipv6': key is 3a
[00:40:49.934] [bmv2] [T] [thread 91871] [228.0] [cxt 0] Bytes parsed: 54
[00:40:49.934] [bmv2] [D] [thread 91871] [228.0] [cxt 0] Parser 'parser': end
[00:40:49.934] [bmv2] [D] [thread 91871] [228.0] [cxt 0] Pipeline 'ingress': start
[00:40:49.934] [bmv2] [T] [thread 91871] [228.0] [cxt 0] basic.p4(560) Condition "hdr.ethernet.etherType == TYPE_ARP" (node_2) is false
[00:40:49.934] [bmv2] [T] [thread 91871] [228.0] [cxt 0] basic.p4(563) Condition "hdr.ethernet.etherType == TYPE_SRCROUTING" (node_4) is false
[00:40:49.934] [bmv2] [T] [thread 91871] [228.0] [cxt 0] basic.p4(576) Condition "hdr.ethernet.etherType == TYPE_YEQUDESU" (node_12) is false
[00:40:49.934] [bmv2] [T] [thread 91871] [228.0] [cxt 0] basic.p4(582) Condition "hdr.vxlan.isValid()" (node_15) is false
[00:40:49.934] [bmv2] [T] [thread 91871] [228.0] [cxt 0] basic.p4(586) Condition "hdr.ipv6.isValid()" (node_17) is true
[00:40:49.934] [bmv2] [T] [thread 91871] [228.0] [cxt 0] Applying table 'MyIngress.ipv6_lpm'
[00:40:49.934] [bmv2] [D] [thread 91871] [228.0] [cxt 0] Looking up key:
* hdr.ipv6.dstAddr    : ff020000000000000000000000000002

[00:40:49.934] [bmv2] [D] [thread 91871] [228.0] [cxt 0] Table 'MyIngress.ipv6_lpm': miss
[00:40:49.934] [bmv2] [D] [thread 91871] [228.0] [cxt 0] Action entry is NoAction - 
[00:40:49.934] [bmv2] [T] [thread 91871] [228.0] [cxt 0] Action NoAction
[00:40:49.934] [bmv2] [D] [thread 91871] [228.0] [cxt 0] Pipeline 'ingress': end
[00:40:49.934] [bmv2] [D] [thread 91871] [228.0] [cxt 0] Egress port is 0
[00:40:49.934] [bmv2] [D] [thread 91872] [228.0] [cxt 0] Pipeline 'egress': start
[00:40:49.934] [bmv2] [T] [thread 91872] [228.0] [cxt 0] basic.p4(684) Condition "standard_metadata.mcast_grp != 0" (node_28) is false
[00:40:49.934] [bmv2] [D] [thread 91872] [228.0] [cxt 0] Pipeline 'egress': end
[00:40:49.934] [bmv2] [D] [thread 91872] [228.0] [cxt 0] Deparser 'deparser': start
[00:40:49.934] [bmv2] [T] [thread 91872] [228.0] [cxt 0] Skipping checksum 'cksum' update because condition not met
[00:40:49.934] [bmv2] [D] [thread 91872] [228.0] [cxt 0] Deparsing header 'ethernet'
[00:40:49.934] [bmv2] [D] [thread 91872] [228.0] [cxt 0] Deparsing header 'ipv6'
[00:40:49.934] [bmv2] [D] [thread 91872] [228.0] [cxt 0] Deparser 'deparser': end
[00:40:49.934] [bmv2] [D] [thread 91876] [228.0] [cxt 0] Transmitting packet of size 70 out of port 0
[00:40:54.903] [bmv2] [D] [thread 91871] [229.0] [cxt 0] Processing packet received on port 3
[00:40:54.903] [bmv2] [D] [thread 91871] [229.0] [cxt 0] Parser 'parser': start
[00:40:54.903] [bmv2] [D] [thread 91871] [229.0] [cxt 0] Parser 'parser' entering state 'start'
[00:40:54.903] [bmv2] [D] [thread 91871] [229.0] [cxt 0] Extracting header 'ethernet'
[00:40:54.904] [bmv2] [D] [thread 91871] [229.0] [cxt 0] Parser state 'start': key is 86dd
[00:40:54.904] [bmv2] [T] [thread 91871] [229.0] [cxt 0] Bytes parsed: 14
[00:40:54.904] [bmv2] [D] [thread 91871] [229.0] [cxt 0] Parser 'parser' entering state 'parse_ipv6'
[00:40:54.904] [bmv2] [D] [thread 91871] [229.0] [cxt 0] Extracting header 'ipv6'
[00:40:54.904] [bmv2] [D] [thread 91871] [229.0] [cxt 0] Parser state 'parse_ipv6': key is 11
[00:40:54.904] [bmv2] [T] [thread 91871] [229.0] [cxt 0] Bytes parsed: 54
[00:40:54.904] [bmv2] [D] [thread 91871] [229.0] [cxt 0] Parser 'parser': end
[00:40:54.904] [bmv2] [D] [thread 91871] [229.0] [cxt 0] Pipeline 'ingress': start
[00:40:54.904] [bmv2] [T] [thread 91871] [229.0] [cxt 0] basic.p4(560) Condition "hdr.ethernet.etherType == TYPE_ARP" (node_2) is false
[00:40:54.904] [bmv2] [T] [thread 91871] [229.0] [cxt 0] basic.p4(563) Condition "hdr.ethernet.etherType == TYPE_SRCROUTING" (node_4) is false
[00:40:54.904] [bmv2] [T] [thread 91871] [229.0] [cxt 0] basic.p4(576) Condition "hdr.ethernet.etherType == TYPE_YEQUDESU" (node_12) is false
[00:40:54.904] [bmv2] [T] [thread 91871] [229.0] [cxt 0] basic.p4(582) Condition "hdr.vxlan.isValid()" (node_15) is false
[00:40:54.904] [bmv2] [T] [thread 91871] [229.0] [cxt 0] basic.p4(586) Condition "hdr.ipv6.isValid()" (node_17) is true
[00:40:54.904] [bmv2] [T] [thread 91871] [229.0] [cxt 0] Applying table 'MyIngress.ipv6_lpm'
[00:40:54.904] [bmv2] [D] [thread 91871] [229.0] [cxt 0] Looking up key:
* hdr.ipv6.dstAddr    : ff0200000000000000000000000000fb

[00:40:54.904] [bmv2] [D] [thread 91871] [229.0] [cxt 0] Table 'MyIngress.ipv6_lpm': miss
[00:40:54.904] [bmv2] [D] [thread 91871] [229.0] [cxt 0] Action entry is NoAction - 
[00:40:54.904] [bmv2] [T] [thread 91871] [229.0] [cxt 0] Action NoAction
[00:40:54.904] [bmv2] [D] [thread 91871] [229.0] [cxt 0] Pipeline 'ingress': end
[00:40:54.904] [bmv2] [D] [thread 91871] [229.0] [cxt 0] Egress port is 0
[00:40:54.904] [bmv2] [D] [thread 91872] [229.0] [cxt 0] Pipeline 'egress': start
[00:40:54.904] [bmv2] [T] [thread 91872] [229.0] [cxt 0] basic.p4(684) Condition "standard_metadata.mcast_grp != 0" (node_28) is false
[00:40:54.904] [bmv2] [D] [thread 91872] [229.0] [cxt 0] Pipeline 'egress': end
[00:40:54.904] [bmv2] [D] [thread 91872] [229.0] [cxt 0] Deparser 'deparser': start
[00:40:54.904] [bmv2] [T] [thread 91872] [229.0] [cxt 0] Skipping checksum 'cksum' update because condition not met
[00:40:54.904] [bmv2] [D] [thread 91872] [229.0] [cxt 0] Deparsing header 'ethernet'
[00:40:54.904] [bmv2] [D] [thread 91872] [229.0] [cxt 0] Deparsing header 'ipv6'
[00:40:54.904] [bmv2] [D] [thread 91872] [229.0] [cxt 0] Deparser 'deparser': end
[00:40:54.904] [bmv2] [D] [thread 91876] [229.0] [cxt 0] Transmitting packet of size 203 out of port 0
[00:40:55.122] [bmv2] [D] [thread 91871] [230.0] [cxt 0] Processing packet received on port 4
[00:40:55.123] [bmv2] [D] [thread 91871] [230.0] [cxt 0] Parser 'parser': start
[00:40:55.123] [bmv2] [D] [thread 91871] [230.0] [cxt 0] Parser 'parser' entering state 'start'
[00:40:55.123] [bmv2] [D] [thread 91871] [230.0] [cxt 0] Extracting header 'ethernet'
[00:40:55.123] [bmv2] [D] [thread 91871] [230.0] [cxt 0] Parser state 'start': key is 86dd
[00:40:55.123] [bmv2] [T] [thread 91871] [230.0] [cxt 0] Bytes parsed: 14
[00:40:55.123] [bmv2] [D] [thread 91871] [230.0] [cxt 0] Parser 'parser' entering state 'parse_ipv6'
[00:40:55.123] [bmv2] [D] [thread 91871] [230.0] [cxt 0] Extracting header 'ipv6'
[00:40:55.123] [bmv2] [D] [thread 91871] [230.0] [cxt 0] Parser state 'parse_ipv6': key is 11
[00:40:55.123] [bmv2] [T] [thread 91871] [230.0] [cxt 0] Bytes parsed: 54
[00:40:55.123] [bmv2] [D] [thread 91871] [230.0] [cxt 0] Parser 'parser': end
[00:40:55.123] [bmv2] [D] [thread 91871] [230.0] [cxt 0] Pipeline 'ingress': start
[00:40:55.123] [bmv2] [T] [thread 91871] [230.0] [cxt 0] basic.p4(560) Condition "hdr.ethernet.etherType == TYPE_ARP" (node_2) is false
[00:40:55.123] [bmv2] [T] [thread 91871] [230.0] [cxt 0] basic.p4(563) Condition "hdr.ethernet.etherType == TYPE_SRCROUTING" (node_4) is false
[00:40:55.123] [bmv2] [T] [thread 91871] [230.0] [cxt 0] basic.p4(576) Condition "hdr.ethernet.etherType == TYPE_YEQUDESU" (node_12) is false
[00:40:55.123] [bmv2] [T] [thread 91871] [230.0] [cxt 0] basic.p4(582) Condition "hdr.vxlan.isValid()" (node_15) is false
[00:40:55.123] [bmv2] [T] [thread 91871] [230.0] [cxt 0] basic.p4(586) Condition "hdr.ipv6.isValid()" (node_17) is true
[00:40:55.123] [bmv2] [T] [thread 91871] [230.0] [cxt 0] Applying table 'MyIngress.ipv6_lpm'
[00:40:55.123] [bmv2] [D] [thread 91871] [230.0] [cxt 0] Looking up key:
* hdr.ipv6.dstAddr    : ff0200000000000000000000000000fb

[00:40:55.123] [bmv2] [D] [thread 91871] [230.0] [cxt 0] Table 'MyIngress.ipv6_lpm': miss
[00:40:55.123] [bmv2] [D] [thread 91871] [230.0] [cxt 0] Action entry is NoAction - 
[00:40:55.123] [bmv2] [T] [thread 91871] [230.0] [cxt 0] Action NoAction
[00:40:55.123] [bmv2] [D] [thread 91871] [230.0] [cxt 0] Pipeline 'ingress': end
[00:40:55.123] [bmv2] [D] [thread 91871] [230.0] [cxt 0] Egress port is 0
[00:40:55.123] [bmv2] [D] [thread 91872] [230.0] [cxt 0] Pipeline 'egress': start
[00:40:55.123] [bmv2] [T] [thread 91872] [230.0] [cxt 0] basic.p4(684) Condition "standard_metadata.mcast_grp != 0" (node_28) is false
[00:40:55.123] [bmv2] [D] [thread 91872] [230.0] [cxt 0] Pipeline 'egress': end
[00:40:55.123] [bmv2] [D] [thread 91872] [230.0] [cxt 0] Deparser 'deparser': start
[00:40:55.123] [bmv2] [T] [thread 91872] [230.0] [cxt 0] Skipping checksum 'cksum' update because condition not met
[00:40:55.123] [bmv2] [D] [thread 91872] [230.0] [cxt 0] Deparsing header 'ethernet'
[00:40:55.123] [bmv2] [D] [thread 91872] [230.0] [cxt 0] Deparsing header 'ipv6'
[00:40:55.123] [bmv2] [D] [thread 91872] [230.0] [cxt 0] Deparser 'deparser': end
[00:40:55.123] [bmv2] [D] [thread 91876] [230.0] [cxt 0] Transmitting packet of size 203 out of port 0
[00:40:55.186] [bmv2] [D] [thread 91871] [231.0] [cxt 0] Processing packet received on port 3
[00:40:55.186] [bmv2] [D] [thread 91871] [231.0] [cxt 0] Parser 'parser': start
[00:40:55.186] [bmv2] [D] [thread 91871] [231.0] [cxt 0] Parser 'parser' entering state 'start'
[00:40:55.186] [bmv2] [D] [thread 91871] [231.0] [cxt 0] Extracting header 'ethernet'
[00:40:55.186] [bmv2] [D] [thread 91871] [231.0] [cxt 0] Parser state 'start': key is 86dd
[00:40:55.186] [bmv2] [T] [thread 91871] [231.0] [cxt 0] Bytes parsed: 14
[00:40:55.186] [bmv2] [D] [thread 91871] [231.0] [cxt 0] Parser 'parser' entering state 'parse_ipv6'
[00:40:55.186] [bmv2] [D] [thread 91871] [231.0] [cxt 0] Extracting header 'ipv6'
[00:40:55.186] [bmv2] [D] [thread 91871] [231.0] [cxt 0] Parser state 'parse_ipv6': key is 11
[00:40:55.186] [bmv2] [T] [thread 91871] [231.0] [cxt 0] Bytes parsed: 54
[00:40:55.186] [bmv2] [D] [thread 91871] [231.0] [cxt 0] Parser 'parser': end
[00:40:55.186] [bmv2] [D] [thread 91871] [231.0] [cxt 0] Pipeline 'ingress': start
[00:40:55.186] [bmv2] [T] [thread 91871] [231.0] [cxt 0] basic.p4(560) Condition "hdr.ethernet.etherType == TYPE_ARP" (node_2) is false
[00:40:55.186] [bmv2] [T] [thread 91871] [231.0] [cxt 0] basic.p4(563) Condition "hdr.ethernet.etherType == TYPE_SRCROUTING" (node_4) is false
[00:40:55.186] [bmv2] [T] [thread 91871] [231.0] [cxt 0] basic.p4(576) Condition "hdr.ethernet.etherType == TYPE_YEQUDESU" (node_12) is false
[00:40:55.186] [bmv2] [T] [thread 91871] [231.0] [cxt 0] basic.p4(582) Condition "hdr.vxlan.isValid()" (node_15) is false
[00:40:55.186] [bmv2] [T] [thread 91871] [231.0] [cxt 0] basic.p4(586) Condition "hdr.ipv6.isValid()" (node_17) is true
[00:40:55.186] [bmv2] [T] [thread 91871] [231.0] [cxt 0] Applying table 'MyIngress.ipv6_lpm'
[00:40:55.186] [bmv2] [D] [thread 91871] [231.0] [cxt 0] Looking up key:
* hdr.ipv6.dstAddr    : ff0200000000000000000000000000fb

[00:40:55.186] [bmv2] [D] [thread 91871] [231.0] [cxt 0] Table 'MyIngress.ipv6_lpm': miss
[00:40:55.186] [bmv2] [D] [thread 91871] [231.0] [cxt 0] Action entry is NoAction - 
[00:40:55.186] [bmv2] [T] [thread 91871] [231.0] [cxt 0] Action NoAction
[00:40:55.186] [bmv2] [D] [thread 91871] [231.0] [cxt 0] Pipeline 'ingress': end
[00:40:55.186] [bmv2] [D] [thread 91871] [231.0] [cxt 0] Egress port is 0
[00:40:55.186] [bmv2] [D] [thread 91872] [231.0] [cxt 0] Pipeline 'egress': start
[00:40:55.186] [bmv2] [T] [thread 91872] [231.0] [cxt 0] basic.p4(684) Condition "standard_metadata.mcast_grp != 0" (node_28) is false
[00:40:55.186] [bmv2] [D] [thread 91872] [231.0] [cxt 0] Pipeline 'egress': end
[00:40:55.186] [bmv2] [D] [thread 91872] [231.0] [cxt 0] Deparser 'deparser': start
[00:40:55.186] [bmv2] [T] [thread 91872] [231.0] [cxt 0] Skipping checksum 'cksum' update because condition not met
[00:40:55.186] [bmv2] [D] [thread 91872] [231.0] [cxt 0] Deparsing header 'ethernet'
[00:40:55.186] [bmv2] [D] [thread 91872] [231.0] [cxt 0] Deparsing header 'ipv6'
[00:40:55.186] [bmv2] [D] [thread 91872] [231.0] [cxt 0] Deparser 'deparser': end
[00:40:55.186] [bmv2] [D] [thread 91876] [231.0] [cxt 0] Transmitting packet of size 203 out of port 0
[00:40:55.317] [bmv2] [D] [thread 91871] [232.0] [cxt 0] Processing packet received on port 5
[00:40:55.317] [bmv2] [D] [thread 91871] [232.0] [cxt 0] Parser 'parser': start
[00:40:55.317] [bmv2] [D] [thread 91871] [232.0] [cxt 0] Parser 'parser' entering state 'start'
[00:40:55.317] [bmv2] [D] [thread 91871] [232.0] [cxt 0] Extracting header 'ethernet'
[00:40:55.317] [bmv2] [D] [thread 91871] [232.0] [cxt 0] Parser state 'start': key is 86dd
[00:40:55.317] [bmv2] [T] [thread 91871] [232.0] [cxt 0] Bytes parsed: 14
[00:40:55.317] [bmv2] [D] [thread 91871] [232.0] [cxt 0] Parser 'parser' entering state 'parse_ipv6'
[00:40:55.317] [bmv2] [D] [thread 91871] [232.0] [cxt 0] Extracting header 'ipv6'
[00:40:55.317] [bmv2] [D] [thread 91871] [232.0] [cxt 0] Parser state 'parse_ipv6': key is 11
[00:40:55.317] [bmv2] [T] [thread 91871] [232.0] [cxt 0] Bytes parsed: 54
[00:40:55.317] [bmv2] [D] [thread 91871] [232.0] [cxt 0] Parser 'parser': end
[00:40:55.317] [bmv2] [D] [thread 91871] [232.0] [cxt 0] Pipeline 'ingress': start
[00:40:55.317] [bmv2] [T] [thread 91871] [232.0] [cxt 0] basic.p4(560) Condition "hdr.ethernet.etherType == TYPE_ARP" (node_2) is false
[00:40:55.317] [bmv2] [T] [thread 91871] [232.0] [cxt 0] basic.p4(563) Condition "hdr.ethernet.etherType == TYPE_SRCROUTING" (node_4) is false
[00:40:55.317] [bmv2] [T] [thread 91871] [232.0] [cxt 0] basic.p4(576) Condition "hdr.ethernet.etherType == TYPE_YEQUDESU" (node_12) is false
[00:40:55.317] [bmv2] [T] [thread 91871] [232.0] [cxt 0] basic.p4(582) Condition "hdr.vxlan.isValid()" (node_15) is false
[00:40:55.317] [bmv2] [T] [thread 91871] [232.0] [cxt 0] basic.p4(586) Condition "hdr.ipv6.isValid()" (node_17) is true
[00:40:55.317] [bmv2] [T] [thread 91871] [232.0] [cxt 0] Applying table 'MyIngress.ipv6_lpm'
[00:40:55.317] [bmv2] [D] [thread 91871] [232.0] [cxt 0] Looking up key:
* hdr.ipv6.dstAddr    : ff0200000000000000000000000000fb

[00:40:55.317] [bmv2] [D] [thread 91871] [232.0] [cxt 0] Table 'MyIngress.ipv6_lpm': miss
[00:40:55.317] [bmv2] [D] [thread 91871] [232.0] [cxt 0] Action entry is NoAction - 
[00:40:55.317] [bmv2] [T] [thread 91871] [232.0] [cxt 0] Action NoAction
[00:40:55.317] [bmv2] [D] [thread 91871] [232.0] [cxt 0] Pipeline 'ingress': end
[00:40:55.317] [bmv2] [D] [thread 91871] [232.0] [cxt 0] Egress port is 0
[00:40:55.317] [bmv2] [D] [thread 91872] [232.0] [cxt 0] Pipeline 'egress': start
[00:40:55.317] [bmv2] [T] [thread 91872] [232.0] [cxt 0] basic.p4(684) Condition "standard_metadata.mcast_grp != 0" (node_28) is false
[00:40:55.317] [bmv2] [D] [thread 91872] [232.0] [cxt 0] Pipeline 'egress': end
[00:40:55.317] [bmv2] [D] [thread 91872] [232.0] [cxt 0] Deparser 'deparser': start
[00:40:55.317] [bmv2] [T] [thread 91872] [232.0] [cxt 0] Skipping checksum 'cksum' update because condition not met
[00:40:55.317] [bmv2] [D] [thread 91872] [232.0] [cxt 0] Deparsing header 'ethernet'
[00:40:55.317] [bmv2] [D] [thread 91872] [232.0] [cxt 0] Deparsing header 'ipv6'
[00:40:55.317] [bmv2] [D] [thread 91872] [232.0] [cxt 0] Deparser 'deparser': end
[00:40:55.317] [bmv2] [D] [thread 91876] [232.0] [cxt 0] Transmitting packet of size 203 out of port 0
[00:40:55.571] [bmv2] [D] [thread 91871] [233.0] [cxt 0] Processing packet received on port 2
[00:40:55.571] [bmv2] [D] [thread 91871] [233.0] [cxt 0] Parser 'parser': start
[00:40:55.571] [bmv2] [D] [thread 91871] [233.0] [cxt 0] Parser 'parser' entering state 'start'
[00:40:55.571] [bmv2] [D] [thread 91871] [233.0] [cxt 0] Extracting header 'ethernet'
[00:40:55.571] [bmv2] [D] [thread 91871] [233.0] [cxt 0] Parser state 'start': key is 86dd
[00:40:55.571] [bmv2] [T] [thread 91871] [233.0] [cxt 0] Bytes parsed: 14
[00:40:55.571] [bmv2] [D] [thread 91871] [233.0] [cxt 0] Parser 'parser' entering state 'parse_ipv6'
[00:40:55.571] [bmv2] [D] [thread 91871] [233.0] [cxt 0] Extracting header 'ipv6'
[00:40:55.571] [bmv2] [D] [thread 91871] [233.0] [cxt 0] Parser state 'parse_ipv6': key is 11
[00:40:55.571] [bmv2] [T] [thread 91871] [233.0] [cxt 0] Bytes parsed: 54
[00:40:55.571] [bmv2] [D] [thread 91871] [233.0] [cxt 0] Parser 'parser': end
[00:40:55.571] [bmv2] [D] [thread 91871] [233.0] [cxt 0] Pipeline 'ingress': start
[00:40:55.571] [bmv2] [T] [thread 91871] [233.0] [cxt 0] basic.p4(560) Condition "hdr.ethernet.etherType == TYPE_ARP" (node_2) is false
[00:40:55.571] [bmv2] [T] [thread 91871] [233.0] [cxt 0] basic.p4(563) Condition "hdr.ethernet.etherType == TYPE_SRCROUTING" (node_4) is false
[00:40:55.571] [bmv2] [T] [thread 91871] [233.0] [cxt 0] basic.p4(576) Condition "hdr.ethernet.etherType == TYPE_YEQUDESU" (node_12) is false
[00:40:55.571] [bmv2] [T] [thread 91871] [233.0] [cxt 0] basic.p4(582) Condition "hdr.vxlan.isValid()" (node_15) is false
[00:40:55.571] [bmv2] [T] [thread 91871] [233.0] [cxt 0] basic.p4(586) Condition "hdr.ipv6.isValid()" (node_17) is true
[00:40:55.572] [bmv2] [T] [thread 91871] [233.0] [cxt 0] Applying table 'MyIngress.ipv6_lpm'
[00:40:55.572] [bmv2] [D] [thread 91871] [233.0] [cxt 0] Looking up key:
* hdr.ipv6.dstAddr    : ff0200000000000000000000000000fb

[00:40:55.572] [bmv2] [D] [thread 91871] [233.0] [cxt 0] Table 'MyIngress.ipv6_lpm': miss
[00:40:55.572] [bmv2] [D] [thread 91871] [233.0] [cxt 0] Action entry is NoAction - 
[00:40:55.572] [bmv2] [T] [thread 91871] [233.0] [cxt 0] Action NoAction
[00:40:55.572] [bmv2] [D] [thread 91871] [233.0] [cxt 0] Pipeline 'ingress': end
[00:40:55.572] [bmv2] [D] [thread 91871] [233.0] [cxt 0] Egress port is 0
[00:40:55.572] [bmv2] [D] [thread 91871] [234.0] [cxt 0] Processing packet received on port 5
[00:40:55.572] [bmv2] [D] [thread 91871] [234.0] [cxt 0] Parser 'parser': start
[00:40:55.572] [bmv2] [D] [thread 91871] [234.0] [cxt 0] Parser 'parser' entering state 'start'
[00:40:55.572] [bmv2] [D] [thread 91871] [234.0] [cxt 0] Extracting header 'ethernet'
[00:40:55.572] [bmv2] [D] [thread 91871] [234.0] [cxt 0] Parser state 'start': key is 86dd
[00:40:55.572] [bmv2] [T] [thread 91871] [234.0] [cxt 0] Bytes parsed: 14
[00:40:55.572] [bmv2] [D] [thread 91871] [234.0] [cxt 0] Parser 'parser' entering state 'parse_ipv6'
[00:40:55.572] [bmv2] [D] [thread 91871] [234.0] [cxt 0] Extracting header 'ipv6'
[00:40:55.572] [bmv2] [D] [thread 91871] [234.0] [cxt 0] Parser state 'parse_ipv6': key is 11
[00:40:55.572] [bmv2] [T] [thread 91871] [234.0] [cxt 0] Bytes parsed: 54
[00:40:55.572] [bmv2] [D] [thread 91871] [234.0] [cxt 0] Parser 'parser': end
[00:40:55.572] [bmv2] [D] [thread 91871] [234.0] [cxt 0] Pipeline 'ingress': start
[00:40:55.572] [bmv2] [T] [thread 91871] [234.0] [cxt 0] basic.p4(560) Condition "hdr.ethernet.etherType == TYPE_ARP" (node_2) is false
[00:40:55.572] [bmv2] [T] [thread 91871] [234.0] [cxt 0] basic.p4(563) Condition "hdr.ethernet.etherType == TYPE_SRCROUTING" (node_4) is false
[00:40:55.572] [bmv2] [T] [thread 91871] [234.0] [cxt 0] basic.p4(576) Condition "hdr.ethernet.etherType == TYPE_YEQUDESU" (node_12) is false
[00:40:55.572] [bmv2] [T] [thread 91871] [234.0] [cxt 0] basic.p4(582) Condition "hdr.vxlan.isValid()" (node_15) is false
[00:40:55.572] [bmv2] [T] [thread 91871] [234.0] [cxt 0] basic.p4(586) Condition "hdr.ipv6.isValid()" (node_17) is true
[00:40:55.572] [bmv2] [T] [thread 91871] [234.0] [cxt 0] Applying table 'MyIngress.ipv6_lpm'
[00:40:55.572] [bmv2] [D] [thread 91871] [234.0] [cxt 0] Looking up key:
* hdr.ipv6.dstAddr    : ff0200000000000000000000000000fb

[00:40:55.572] [bmv2] [D] [thread 91871] [234.0] [cxt 0] Table 'MyIngress.ipv6_lpm': miss
[00:40:55.572] [bmv2] [D] [thread 91871] [234.0] [cxt 0] Action entry is NoAction - 
[00:40:55.572] [bmv2] [T] [thread 91871] [234.0] [cxt 0] Action NoAction
[00:40:55.572] [bmv2] [D] [thread 91871] [234.0] [cxt 0] Pipeline 'ingress': end
[00:40:55.572] [bmv2] [D] [thread 91871] [234.0] [cxt 0] Egress port is 0
[00:40:55.572] [bmv2] [D] [thread 91872] [233.0] [cxt 0] Pipeline 'egress': start
[00:40:55.572] [bmv2] [T] [thread 91872] [233.0] [cxt 0] basic.p4(684) Condition "standard_metadata.mcast_grp != 0" (node_28) is false
[00:40:55.572] [bmv2] [D] [thread 91872] [233.0] [cxt 0] Pipeline 'egress': end
[00:40:55.572] [bmv2] [D] [thread 91872] [233.0] [cxt 0] Deparser 'deparser': start
[00:40:55.572] [bmv2] [T] [thread 91872] [233.0] [cxt 0] Skipping checksum 'cksum' update because condition not met
[00:40:55.572] [bmv2] [D] [thread 91872] [233.0] [cxt 0] Deparsing header 'ethernet'
[00:40:55.572] [bmv2] [D] [thread 91872] [233.0] [cxt 0] Deparsing header 'ipv6'
[00:40:55.572] [bmv2] [D] [thread 91872] [233.0] [cxt 0] Deparser 'deparser': end
[00:40:55.572] [bmv2] [D] [thread 91872] [234.0] [cxt 0] Pipeline 'egress': start
[00:40:55.572] [bmv2] [T] [thread 91872] [234.0] [cxt 0] basic.p4(684) Condition "standard_metadata.mcast_grp != 0" (node_28) is false
[00:40:55.572] [bmv2] [D] [thread 91872] [234.0] [cxt 0] Pipeline 'egress': end
[00:40:55.572] [bmv2] [D] [thread 91872] [234.0] [cxt 0] Deparser 'deparser': start
[00:40:55.572] [bmv2] [T] [thread 91872] [234.0] [cxt 0] Skipping checksum 'cksum' update because condition not met
[00:40:55.572] [bmv2] [D] [thread 91872] [234.0] [cxt 0] Deparsing header 'ethernet'
[00:40:55.572] [bmv2] [D] [thread 91872] [234.0] [cxt 0] Deparsing header 'ipv6'
[00:40:55.572] [bmv2] [D] [thread 91872] [234.0] [cxt 0] Deparser 'deparser': end
[00:40:55.572] [bmv2] [D] [thread 91876] [233.0] [cxt 0] Transmitting packet of size 203 out of port 0
[00:40:55.572] [bmv2] [D] [thread 91876] [234.0] [cxt 0] Transmitting packet of size 203 out of port 0
[00:40:55.633] [bmv2] [D] [thread 91871] [235.0] [cxt 0] Processing packet received on port 1
[00:40:55.633] [bmv2] [D] [thread 91871] [235.0] [cxt 0] Parser 'parser': start
[00:40:55.633] [bmv2] [D] [thread 91871] [235.0] [cxt 0] Parser 'parser' entering state 'start'
[00:40:55.633] [bmv2] [D] [thread 91871] [235.0] [cxt 0] Extracting header 'ethernet'
[00:40:55.633] [bmv2] [D] [thread 91871] [235.0] [cxt 0] Parser state 'start': key is 86dd
[00:40:55.633] [bmv2] [T] [thread 91871] [235.0] [cxt 0] Bytes parsed: 14
[00:40:55.633] [bmv2] [D] [thread 91871] [235.0] [cxt 0] Parser 'parser' entering state 'parse_ipv6'
[00:40:55.633] [bmv2] [D] [thread 91871] [235.0] [cxt 0] Extracting header 'ipv6'
[00:40:55.633] [bmv2] [D] [thread 91871] [235.0] [cxt 0] Parser state 'parse_ipv6': key is 11
[00:40:55.634] [bmv2] [T] [thread 91871] [235.0] [cxt 0] Bytes parsed: 54
[00:40:55.634] [bmv2] [D] [thread 91871] [235.0] [cxt 0] Parser 'parser': end
[00:40:55.634] [bmv2] [D] [thread 91871] [235.0] [cxt 0] Pipeline 'ingress': start
[00:40:55.634] [bmv2] [T] [thread 91871] [235.0] [cxt 0] basic.p4(560) Condition "hdr.ethernet.etherType == TYPE_ARP" (node_2) is false
[00:40:55.634] [bmv2] [T] [thread 91871] [235.0] [cxt 0] basic.p4(563) Condition "hdr.ethernet.etherType == TYPE_SRCROUTING" (node_4) is false
[00:40:55.634] [bmv2] [T] [thread 91871] [235.0] [cxt 0] basic.p4(576) Condition "hdr.ethernet.etherType == TYPE_YEQUDESU" (node_12) is false
[00:40:55.634] [bmv2] [T] [thread 91871] [235.0] [cxt 0] basic.p4(582) Condition "hdr.vxlan.isValid()" (node_15) is false
[00:40:55.634] [bmv2] [T] [thread 91871] [235.0] [cxt 0] basic.p4(586) Condition "hdr.ipv6.isValid()" (node_17) is true
[00:40:55.634] [bmv2] [T] [thread 91871] [235.0] [cxt 0] Applying table 'MyIngress.ipv6_lpm'
[00:40:55.634] [bmv2] [D] [thread 91871] [235.0] [cxt 0] Looking up key:
* hdr.ipv6.dstAddr    : ff0200000000000000000000000000fb

[00:40:55.634] [bmv2] [D] [thread 91871] [235.0] [cxt 0] Table 'MyIngress.ipv6_lpm': miss
[00:40:55.634] [bmv2] [D] [thread 91871] [235.0] [cxt 0] Action entry is NoAction - 
[00:40:55.634] [bmv2] [T] [thread 91871] [235.0] [cxt 0] Action NoAction
[00:40:55.634] [bmv2] [D] [thread 91871] [235.0] [cxt 0] Pipeline 'ingress': end
[00:40:55.634] [bmv2] [D] [thread 91871] [235.0] [cxt 0] Egress port is 0
[00:40:55.634] [bmv2] [D] [thread 91872] [235.0] [cxt 0] Pipeline 'egress': start
[00:40:55.634] [bmv2] [T] [thread 91872] [235.0] [cxt 0] basic.p4(684) Condition "standard_metadata.mcast_grp != 0" (node_28) is false
[00:40:55.634] [bmv2] [D] [thread 91872] [235.0] [cxt 0] Pipeline 'egress': end
[00:40:55.634] [bmv2] [D] [thread 91872] [235.0] [cxt 0] Deparser 'deparser': start
[00:40:55.634] [bmv2] [T] [thread 91872] [235.0] [cxt 0] Skipping checksum 'cksum' update because condition not met
[00:40:55.634] [bmv2] [D] [thread 91872] [235.0] [cxt 0] Deparsing header 'ethernet'
[00:40:55.634] [bmv2] [D] [thread 91872] [235.0] [cxt 0] Deparsing header 'ipv6'
[00:40:55.634] [bmv2] [D] [thread 91872] [235.0] [cxt 0] Deparser 'deparser': end
[00:40:55.634] [bmv2] [D] [thread 91876] [235.0] [cxt 0] Transmitting packet of size 203 out of port 0
[00:41:02.221] [bmv2] [D] [thread 91871] [236.0] [cxt 0] Processing packet received on port 5
[00:41:02.221] [bmv2] [D] [thread 91871] [236.0] [cxt 0] Parser 'parser': start
[00:41:02.221] [bmv2] [D] [thread 91871] [236.0] [cxt 0] Parser 'parser' entering state 'start'
[00:41:02.221] [bmv2] [D] [thread 91871] [236.0] [cxt 0] Extracting header 'ethernet'
[00:41:02.221] [bmv2] [D] [thread 91871] [236.0] [cxt 0] Parser state 'start': key is 86dd
[00:41:02.221] [bmv2] [T] [thread 91871] [236.0] [cxt 0] Bytes parsed: 14
[00:41:02.221] [bmv2] [D] [thread 91871] [236.0] [cxt 0] Parser 'parser' entering state 'parse_ipv6'
[00:41:02.221] [bmv2] [D] [thread 91871] [236.0] [cxt 0] Extracting header 'ipv6'
[00:41:02.221] [bmv2] [D] [thread 91871] [236.0] [cxt 0] Parser state 'parse_ipv6': key is 3a
[00:41:02.221] [bmv2] [T] [thread 91871] [236.0] [cxt 0] Bytes parsed: 54
[00:41:02.221] [bmv2] [D] [thread 91871] [236.0] [cxt 0] Parser 'parser': end
[00:41:02.221] [bmv2] [D] [thread 91871] [236.0] [cxt 0] Pipeline 'ingress': start
[00:41:02.221] [bmv2] [T] [thread 91871] [236.0] [cxt 0] basic.p4(560) Condition "hdr.ethernet.etherType == TYPE_ARP" (node_2) is false
[00:41:02.221] [bmv2] [T] [thread 91871] [236.0] [cxt 0] basic.p4(563) Condition "hdr.ethernet.etherType == TYPE_SRCROUTING" (node_4) is false
[00:41:02.221] [bmv2] [T] [thread 91871] [236.0] [cxt 0] basic.p4(576) Condition "hdr.ethernet.etherType == TYPE_YEQUDESU" (node_12) is false
[00:41:02.221] [bmv2] [T] [thread 91871] [236.0] [cxt 0] basic.p4(582) Condition "hdr.vxlan.isValid()" (node_15) is false
[00:41:02.221] [bmv2] [T] [thread 91871] [236.0] [cxt 0] basic.p4(586) Condition "hdr.ipv6.isValid()" (node_17) is true
[00:41:02.221] [bmv2] [T] [thread 91871] [236.0] [cxt 0] Applying table 'MyIngress.ipv6_lpm'
[00:41:02.221] [bmv2] [D] [thread 91871] [236.0] [cxt 0] Looking up key:
* hdr.ipv6.dstAddr    : ff020000000000000000000000000002

[00:41:02.221] [bmv2] [D] [thread 91871] [236.0] [cxt 0] Table 'MyIngress.ipv6_lpm': miss
[00:41:02.221] [bmv2] [D] [thread 91871] [236.0] [cxt 0] Action entry is NoAction - 
[00:41:02.221] [bmv2] [T] [thread 91871] [236.0] [cxt 0] Action NoAction
[00:41:02.221] [bmv2] [D] [thread 91871] [236.0] [cxt 0] Pipeline 'ingress': end
[00:41:02.221] [bmv2] [D] [thread 91871] [236.0] [cxt 0] Egress port is 0
[00:41:02.222] [bmv2] [D] [thread 91872] [236.0] [cxt 0] Pipeline 'egress': start
[00:41:02.222] [bmv2] [T] [thread 91872] [236.0] [cxt 0] basic.p4(684) Condition "standard_metadata.mcast_grp != 0" (node_28) is false
[00:41:02.222] [bmv2] [D] [thread 91872] [236.0] [cxt 0] Pipeline 'egress': end
[00:41:02.222] [bmv2] [D] [thread 91872] [236.0] [cxt 0] Deparser 'deparser': start
[00:41:02.222] [bmv2] [T] [thread 91872] [236.0] [cxt 0] Skipping checksum 'cksum' update because condition not met
[00:41:02.222] [bmv2] [D] [thread 91872] [236.0] [cxt 0] Deparsing header 'ethernet'
[00:41:02.222] [bmv2] [D] [thread 91872] [236.0] [cxt 0] Deparsing header 'ipv6'
[00:41:02.222] [bmv2] [D] [thread 91872] [236.0] [cxt 0] Deparser 'deparser': end
[00:41:02.222] [bmv2] [D] [thread 91876] [236.0] [cxt 0] Transmitting packet of size 70 out of port 0
[00:41:22.702] [bmv2] [D] [thread 91871] [237.0] [cxt 0] Processing packet received on port 1
[00:41:22.702] [bmv2] [D] [thread 91871] [237.0] [cxt 0] Parser 'parser': start
[00:41:22.702] [bmv2] [D] [thread 91871] [237.0] [cxt 0] Parser 'parser' entering state 'start'
[00:41:22.702] [bmv2] [D] [thread 91871] [237.0] [cxt 0] Extracting header 'ethernet'
[00:41:22.702] [bmv2] [D] [thread 91871] [237.0] [cxt 0] Parser state 'start': key is 86dd
[00:41:22.702] [bmv2] [T] [thread 91871] [237.0] [cxt 0] Bytes parsed: 14
[00:41:22.702] [bmv2] [D] [thread 91871] [237.0] [cxt 0] Parser 'parser' entering state 'parse_ipv6'
[00:41:22.702] [bmv2] [D] [thread 91871] [237.0] [cxt 0] Extracting header 'ipv6'
[00:41:22.702] [bmv2] [D] [thread 91871] [237.0] [cxt 0] Parser state 'parse_ipv6': key is 3a
[00:41:22.702] [bmv2] [T] [thread 91871] [237.0] [cxt 0] Bytes parsed: 54
[00:41:22.702] [bmv2] [D] [thread 91871] [237.0] [cxt 0] Parser 'parser': end
[00:41:22.702] [bmv2] [D] [thread 91871] [237.0] [cxt 0] Pipeline 'ingress': start
[00:41:22.702] [bmv2] [T] [thread 91871] [237.0] [cxt 0] basic.p4(560) Condition "hdr.ethernet.etherType == TYPE_ARP" (node_2) is false
[00:41:22.702] [bmv2] [T] [thread 91871] [237.0] [cxt 0] basic.p4(563) Condition "hdr.ethernet.etherType == TYPE_SRCROUTING" (node_4) is false
[00:41:22.702] [bmv2] [T] [thread 91871] [237.0] [cxt 0] basic.p4(576) Condition "hdr.ethernet.etherType == TYPE_YEQUDESU" (node_12) is false
[00:41:22.702] [bmv2] [T] [thread 91871] [237.0] [cxt 0] basic.p4(582) Condition "hdr.vxlan.isValid()" (node_15) is false
[00:41:22.702] [bmv2] [T] [thread 91871] [237.0] [cxt 0] basic.p4(586) Condition "hdr.ipv6.isValid()" (node_17) is true
[00:41:22.702] [bmv2] [T] [thread 91871] [237.0] [cxt 0] Applying table 'MyIngress.ipv6_lpm'
[00:41:22.702] [bmv2] [D] [thread 91871] [237.0] [cxt 0] Looking up key:
* hdr.ipv6.dstAddr    : ff020000000000000000000000000002

[00:41:22.702] [bmv2] [D] [thread 91871] [237.0] [cxt 0] Table 'MyIngress.ipv6_lpm': miss
[00:41:22.702] [bmv2] [D] [thread 91871] [237.0] [cxt 0] Action entry is NoAction - 
[00:41:22.702] [bmv2] [T] [thread 91871] [237.0] [cxt 0] Action NoAction
[00:41:22.702] [bmv2] [D] [thread 91871] [237.0] [cxt 0] Pipeline 'ingress': end
[00:41:22.702] [bmv2] [D] [thread 91871] [237.0] [cxt 0] Egress port is 0
[00:41:22.703] [bmv2] [D] [thread 91872] [237.0] [cxt 0] Pipeline 'egress': start
[00:41:22.703] [bmv2] [T] [thread 91872] [237.0] [cxt 0] basic.p4(684) Condition "standard_metadata.mcast_grp != 0" (node_28) is false
[00:41:22.703] [bmv2] [D] [thread 91872] [237.0] [cxt 0] Pipeline 'egress': end
[00:41:22.703] [bmv2] [D] [thread 91872] [237.0] [cxt 0] Deparser 'deparser': start
[00:41:22.703] [bmv2] [T] [thread 91872] [237.0] [cxt 0] Skipping checksum 'cksum' update because condition not met
[00:41:22.703] [bmv2] [D] [thread 91872] [237.0] [cxt 0] Deparsing header 'ethernet'
[00:41:22.703] [bmv2] [D] [thread 91872] [237.0] [cxt 0] Deparsing header 'ipv6'
[00:41:22.703] [bmv2] [D] [thread 91872] [237.0] [cxt 0] Deparser 'deparser': end
[00:41:22.703] [bmv2] [D] [thread 91876] [237.0] [cxt 0] Transmitting packet of size 70 out of port 0
[00:41:32.062] [bmv2] [D] [thread 91871] [238.0] [cxt 0] Processing packet received on port 4
[00:41:32.062] [bmv2] [D] [thread 91871] [238.0] [cxt 0] Parser 'parser': start
[00:41:32.062] [bmv2] [D] [thread 91871] [238.0] [cxt 0] Parser 'parser' entering state 'start'
[00:41:32.062] [bmv2] [D] [thread 91871] [238.0] [cxt 0] Extracting header 'ethernet'
[00:41:32.062] [bmv2] [D] [thread 91871] [238.0] [cxt 0] Parser state 'start': key is 1313
[00:41:32.062] [bmv2] [T] [thread 91871] [238.0] [cxt 0] Bytes parsed: 14
[00:41:32.062] [bmv2] [D] [thread 91871] [238.0] [cxt 0] Parser 'parser' entering state 'parse_yequdesu'
[00:41:32.062] [bmv2] [D] [thread 91871] [238.0] [cxt 0] Extracting header 'yequdesu'
[00:41:32.062] [bmv2] [D] [thread 91871] [238.0] [cxt 0] Parser state 'parse_yequdesu': key is 0800
[00:41:32.062] [bmv2] [T] [thread 91871] [238.0] [cxt 0] Bytes parsed: 18
[00:41:32.062] [bmv2] [D] [thread 91871] [238.0] [cxt 0] Parser 'parser' entering state 'parse_ipv4'
[00:41:32.062] [bmv2] [D] [thread 91871] [238.0] [cxt 0] Extracting header 'ipv4'
[00:41:32.062] [bmv2] [D] [thread 91871] [238.0] [cxt 0] Parser state 'parse_ipv4': key is 06
[00:41:32.062] [bmv2] [T] [thread 91871] [238.0] [cxt 0] Bytes parsed: 38
[00:41:32.062] [bmv2] [D] [thread 91871] [238.0] [cxt 0] Parser 'parser': end
[00:41:32.062] [bmv2] [D] [thread 91871] [238.0] [cxt 0] Pipeline 'ingress': start
[00:41:32.062] [bmv2] [T] [thread 91871] [238.0] [cxt 0] basic.p4(560) Condition "hdr.ethernet.etherType == TYPE_ARP" (node_2) is false
[00:41:32.062] [bmv2] [T] [thread 91871] [238.0] [cxt 0] basic.p4(563) Condition "hdr.ethernet.etherType == TYPE_SRCROUTING" (node_4) is false
[00:41:32.062] [bmv2] [T] [thread 91871] [238.0] [cxt 0] basic.p4(576) Condition "hdr.ethernet.etherType == TYPE_YEQUDESU" (node_12) is true
[00:41:32.062] [bmv2] [T] [thread 91871] [238.0] [cxt 0] basic.p4(578) Condition "hdr.yequdesu.isValid()" (node_13) is true
[00:41:32.062] [bmv2] [T] [thread 91871] [238.0] [cxt 0] Applying table 'MyIngress.yequdesu_exact'
[00:41:32.062] [bmv2] [D] [thread 91871] [238.0] [cxt 0] Looking up key:
* hdr.yequdesu.dst_id : 012c

[00:41:32.062] [bmv2] [D] [thread 91871] [238.0] [cxt 0] Table 'MyIngress.yequdesu_exact': hit with handle 0
[00:41:32.062] [bmv2] [D] [thread 91871] [238.0] [cxt 0] Dumping entry 0
Match key:
* hdr.yequdesu.dst_id : EXACT     012c
Action entry: MyIngress.yequdesu_egress - 80000000222,1,

[00:41:32.062] [bmv2] [D] [thread 91871] [238.0] [cxt 0] Action entry is MyIngress.yequdesu_egress - 80000000222,1,
[00:41:32.062] [bmv2] [T] [thread 91871] [238.0] [cxt 0] Action MyIngress.yequdesu_egress
[00:41:32.062] [bmv2] [T] [thread 91871] [238.0] [cxt 0] basic.p4(262) Primitive standard_metadata.egress_spec = port
[00:41:32.062] [bmv2] [T] [thread 91871] [238.0] [cxt 0] basic.p4(263) Primitive hdr.ethernet.dstAddr = dstAddr
[00:41:32.062] [bmv2] [T] [thread 91871] [238.0] [cxt 0] basic.p4(264) Primitive hdr.ethernet.etherType = hdr.yequdesu.proto_id
[00:41:32.062] [bmv2] [T] [thread 91871] [238.0] [cxt 0] basic.p4(265) Primitive hdr.yequdesu.setInvalid()
[00:41:32.062] [bmv2] [D] [thread 91871] [238.0] [cxt 0] Pipeline 'ingress': end
[00:41:32.062] [bmv2] [D] [thread 91871] [238.0] [cxt 0] Egress port is 1
[00:41:32.062] [bmv2] [D] [thread 91873] [238.0] [cxt 0] Pipeline 'egress': start
[00:41:32.062] [bmv2] [T] [thread 91873] [238.0] [cxt 0] basic.p4(684) Condition "standard_metadata.mcast_grp != 0" (node_28) is false
[00:41:32.062] [bmv2] [D] [thread 91873] [238.0] [cxt 0] Pipeline 'egress': end
[00:41:32.062] [bmv2] [D] [thread 91873] [238.0] [cxt 0] Deparser 'deparser': start
[00:41:32.062] [bmv2] [D] [thread 91873] [238.0] [cxt 0] Updating checksum 'cksum'
[00:41:32.062] [bmv2] [D] [thread 91873] [238.0] [cxt 0] Deparsing header 'ethernet'
[00:41:32.062] [bmv2] [D] [thread 91873] [238.0] [cxt 0] Deparsing header 'ipv4'
[00:41:32.062] [bmv2] [D] [thread 91873] [238.0] [cxt 0] Deparser 'deparser': end
[00:41:32.063] [bmv2] [D] [thread 91876] [238.0] [cxt 0] Transmitting packet of size 64 out of port 1
[00:41:32.063] [bmv2] [D] [thread 91871] [239.0] [cxt 0] Processing packet received on port 1
[00:41:32.063] [bmv2] [D] [thread 91871] [239.0] [cxt 0] Parser 'parser': start
[00:41:32.063] [bmv2] [D] [thread 91871] [239.0] [cxt 0] Parser 'parser' entering state 'start'
[00:41:32.063] [bmv2] [D] [thread 91871] [239.0] [cxt 0] Extracting header 'ethernet'
[00:41:32.063] [bmv2] [D] [thread 91871] [239.0] [cxt 0] Parser state 'start': key is 0800
[00:41:32.063] [bmv2] [T] [thread 91871] [239.0] [cxt 0] Bytes parsed: 14
[00:41:32.063] [bmv2] [D] [thread 91871] [239.0] [cxt 0] Parser 'parser' entering state 'parse_ipv4'
[00:41:32.063] [bmv2] [D] [thread 91871] [239.0] [cxt 0] Extracting header 'ipv4'
[00:41:32.063] [bmv2] [D] [thread 91871] [239.0] [cxt 0] Parser state 'parse_ipv4': key is 06
[00:41:32.063] [bmv2] [T] [thread 91871] [239.0] [cxt 0] Bytes parsed: 34
[00:41:32.063] [bmv2] [D] [thread 91871] [239.0] [cxt 0] Parser 'parser': end
[00:41:32.063] [bmv2] [D] [thread 91871] [239.0] [cxt 0] Pipeline 'ingress': start
[00:41:32.063] [bmv2] [T] [thread 91871] [239.0] [cxt 0] basic.p4(560) Condition "hdr.ethernet.etherType == TYPE_ARP" (node_2) is false
[00:41:32.063] [bmv2] [T] [thread 91871] [239.0] [cxt 0] basic.p4(563) Condition "hdr.ethernet.etherType == TYPE_SRCROUTING" (node_4) is false
[00:41:32.063] [bmv2] [T] [thread 91871] [239.0] [cxt 0] basic.p4(576) Condition "hdr.ethernet.etherType == TYPE_YEQUDESU" (node_12) is false
[00:41:32.063] [bmv2] [T] [thread 91871] [239.0] [cxt 0] basic.p4(582) Condition "hdr.vxlan.isValid()" (node_15) is false
[00:41:32.063] [bmv2] [T] [thread 91871] [239.0] [cxt 0] basic.p4(586) Condition "hdr.ipv6.isValid()" (node_17) is false
[00:41:32.063] [bmv2] [T] [thread 91871] [239.0] [cxt 0] basic.p4(590) Condition "hdr.ipv4.isValid()" (node_19) is true
[00:41:32.063] [bmv2] [T] [thread 91871] [239.0] [cxt 0] basic.p4(592) Condition "hdr.udp.isValid() && hdr.udp.dstPort == VXLAN_PORT" (node_20) is false
[00:41:32.063] [bmv2] [T] [thread 91871] [239.0] [cxt 0] Applying table 'MyIngress.modality_schedule'
[00:41:32.063] [bmv2] [D] [thread 91871] [239.0] [cxt 0] Looking up key:
* hdr.ipv4.dstAddr    : 0a000101

[00:41:32.063] [bmv2] [D] [thread 91871] [239.0] [cxt 0] Table 'MyIngress.modality_schedule': hit with handle 0
[00:41:32.063] [bmv2] [D] [thread 91871] [239.0] [cxt 0] Dumping entry 0
Match key:
* hdr.ipv4.dstAddr    : EXACT     0a000101
Action entry: MyIngress.set_mcast_grp - 2,

[00:41:32.063] [bmv2] [D] [thread 91871] [239.0] [cxt 0] Action entry is MyIngress.set_mcast_grp - 2,
[00:41:32.063] [bmv2] [T] [thread 91871] [239.0] [cxt 0] Action MyIngress.set_mcast_grp
[00:41:32.063] [bmv2] [T] [thread 91871] [239.0] [cxt 0] basic.p4(296) Primitive standard_metadata.mcast_grp = mcast_grp
[00:41:32.063] [bmv2] [T] [thread 91871] [239.0] [cxt 0] basic.p4(297) Primitive meta.do_multimodal = 1
[00:41:32.063] [bmv2] [T] [thread 91871] [239.0] [cxt 0] basic.p4(298) Primitive hdr.ipv4.ttl = 100
[00:41:32.063] [bmv2] [T] [thread 91871] [239.0] [cxt 0] basic.p4(597) Condition "meta.do_multimodal == 0" (node_23) is false
[00:41:32.063] [bmv2] [D] [thread 91871] [239.0] [cxt 0] Pipeline 'ingress': end
[00:41:32.063] [bmv2] [D] [thread 91871] [239.0] [cxt 0] Multicast requested for packet
[00:41:32.063] [bmv2] [D] [thread 91871] number of packets replicated : 4 for MGID: 2
[00:41:32.063] [bmv2] [D] [thread 91871] [239.0] [cxt 0] Replicating packet on port 2
[00:41:32.063] [bmv2] [D] [thread 91871] [239.0] [cxt 0] Replicating packet on port 3
[00:41:32.063] [bmv2] [D] [thread 91871] [239.0] [cxt 0] Replicating packet on port 4
[00:41:32.063] [bmv2] [D] [thread 91871] [239.0] [cxt 0] Replicating packet on port 5
[00:41:32.063] [bmv2] [D] [thread 91871] [240.0] [cxt 0] Processing packet received on port 2
[00:41:32.063] [bmv2] [D] [thread 91871] [240.0] [cxt 0] Parser 'parser': start
[00:41:32.063] [bmv2] [D] [thread 91871] [240.0] [cxt 0] Parser 'parser' entering state 'start'
[00:41:32.063] [bmv2] [D] [thread 91874] [239.1] [cxt 0] Pipeline 'egress': start
[00:41:32.063] [bmv2] [T] [thread 91874] [239.1] [cxt 0] basic.p4(684) Condition "standard_metadata.mcast_grp != 0" (node_28) is true
[00:41:32.063] [bmv2] [D] [thread 91875] [239.2] [cxt 0] Pipeline 'egress': start
[00:41:32.063] [bmv2] [T] [thread 91875] [239.2] [cxt 0] basic.p4(684) Condition "standard_metadata.mcast_grp != 0" (node_28) is true
[00:41:32.063] [bmv2] [T] [thread 91875] [239.2] [cxt 0] Applying table 'MyEgress.egress_encap_ipv6'
[00:41:32.063] [bmv2] [D] [thread 91875] [239.2] [cxt 0] Looking up key:
* standard_metadata.egress_port: 0003

[00:41:32.063] [bmv2] [D] [thread 91875] [239.2] [cxt 0] Table 'MyEgress.egress_encap_ipv6': hit with handle 0
[00:41:32.063] [bmv2] [D] [thread 91873] [239.4] [cxt 0] Pipeline 'egress': start
[00:41:32.063] [bmv2] [D] [thread 91875] [239.2] [cxt 0] Dumping entry 0
Match key:
* standard_metadata.egress_port: EXACT     0003
Action entry: MyEgress.encap_ipv6_egress - 20010db8000000000000000000000002,20010db8000000000000000000000001,

[00:41:32.063] [bmv2] [T] [thread 91873] [239.4] [cxt 0] basic.p4(684) Condition "standard_metadata.mcast_grp != 0" (node_28) is true
[00:41:32.063] [bmv2] [D] [thread 91875] [239.2] [cxt 0] Action entry is MyEgress.encap_ipv6_egress - 20010db8000000000000000000000002,20010db8000000000000000000000001,
[00:41:32.063] [bmv2] [D] [thread 91871] [240.0] [cxt 0] Extracting header 'ethernet'
[00:41:32.063] [bmv2] [T] [thread 91875] [239.2] [cxt 0] Action MyEgress.encap_ipv6_egress
[00:41:32.063] [bmv2] [D] [thread 91871] [240.0] [cxt 0] Parser state 'start': key is 0800
[00:41:32.063] [bmv2] [T] [thread 91871] [240.0] [cxt 0] Bytes parsed: 14
[00:41:32.063] [bmv2] [D] [thread 91871] [240.0] [cxt 0] Parser 'parser' entering state 'parse_ipv4'
[00:41:32.063] [bmv2] [D] [thread 91871] [240.0] [cxt 0] Extracting header 'ipv4'
[00:41:32.063] [bmv2] [T] [thread 91875] [239.2] [cxt 0] basic.p4(616) Primitive hdr.ipv6.setValid()
[00:41:32.063] [bmv2] [D] [thread 91871] [240.0] [cxt 0] Parser state 'parse_ipv4': key is 06
[00:41:32.063] [bmv2] [T] [thread 91871] [240.0] [cxt 0] Bytes parsed: 34
[00:41:32.063] [bmv2] [T] [thread 91875] [239.2] [cxt 0] basic.p4(617) Primitive hdr.ipv6.version = 6
[00:41:32.063] [bmv2] [D] [thread 91871] [240.0] [cxt 0] Parser 'parser': end
[00:41:32.063] [bmv2] [T] [thread 91875] [239.2] [cxt 0] basic.p4(618) Primitive hdr.ipv6.trafficClass = 0
[00:41:32.063] [bmv2] [T] [thread 91875] [239.2] [cxt 0] basic.p4(619) Primitive hdr.ipv6.flowLabel = 0
[00:41:32.063] [bmv2] [D] [thread 91871] [240.0] [cxt 0] Pipeline 'ingress': start
[00:41:32.063] [bmv2] [T] [thread 91875] [239.2] [cxt 0] basic.p4(620) Primitive hdr.ipv6.payLoadLen = hdr.ipv4.totalLen
[00:41:32.063] [bmv2] [T] [thread 91871] [240.0] [cxt 0] basic.p4(560) Condition "hdr.ethernet.etherType == TYPE_ARP" (node_2) is false
[00:41:32.063] [bmv2] [D] [thread 91872] [239.3] [cxt 0] Pipeline 'egress': start
[00:41:32.063] [bmv2] [T] [thread 91873] [239.4] [cxt 0] Applying table 'MyEgress.egress_encap_ipv6'
[00:41:32.063] [bmv2] [D] [thread 91873] [239.4] [cxt 0] Looking up key:
* standard_metadata.egress_port: 0005

[00:41:32.063] [bmv2] [T] [thread 91872] [239.3] [cxt 0] basic.p4(684) Condition "standard_metadata.mcast_grp != 0" (node_28) is true
[00:41:32.063] [bmv2] [T] [thread 91872] [239.3] [cxt 0] Applying table 'MyEgress.egress_encap_ipv6'
[00:41:32.063] [bmv2] [D] [thread 91873] [239.4] [cxt 0] Table 'MyEgress.egress_encap_ipv6': miss
[00:41:32.063] [bmv2] [T] [thread 91874] [239.1] [cxt 0] Applying table 'MyEgress.egress_encap_ipv6'
[00:41:32.063] [bmv2] [D] [thread 91872] [239.3] [cxt 0] Looking up key:
* standard_metadata.egress_port: 0004

[00:41:32.063] [bmv2] [T] [thread 91871] [240.0] [cxt 0] basic.p4(563) Condition "hdr.ethernet.etherType == TYPE_SRCROUTING" (node_4) is false
[00:41:32.063] [bmv2] [T] [thread 91875] [239.2] [cxt 0] basic.p4(621) Primitive hdr.ipv6.nextHdr = 4
[00:41:32.063] [bmv2] [T] [thread 91875] [239.2] [cxt 0] basic.p4(622) Primitive hdr.ipv6.hopLimit = 64
[00:41:32.063] [bmv2] [T] [thread 91875] [239.2] [cxt 0] basic.p4(623) Primitive hdr.ipv6.srcAddr = src
[00:41:32.063] [bmv2] [T] [thread 91875] [239.2] [cxt 0] basic.p4(624) Primitive hdr.ipv6.dstAddr = dst
[00:41:32.063] [bmv2] [T] [thread 91875] [239.2] [cxt 0] basic.p4(625) Primitive hdr.ipv4.ttl = hdr.ipv4.ttl - 1
[00:41:32.063] [bmv2] [D] [thread 91874] [239.1] [cxt 0] Looking up key:
* standard_metadata.egress_port: 0002

[00:41:32.063] [bmv2] [T] [thread 91875] [239.2] [cxt 0] basic.p4(626) Primitive hdr.ethernet.etherType = 0x86dd
[00:41:32.063] [bmv2] [D] [thread 91873] [239.4] [cxt 0] Action entry is NoAction - 
[00:41:32.063] [bmv2] [T] [thread 91871] [240.0] [cxt 0] basic.p4(576) Condition "hdr.ethernet.etherType == TYPE_YEQUDESU" (node_12) is false
[00:41:32.063] [bmv2] [T] [thread 91875] [239.2] [cxt 0] Applying table 'MyEgress.egress_encap_yequdesu'
[00:41:32.063] [bmv2] [T] [thread 91871] [240.0] [cxt 0] basic.p4(582) Condition "hdr.vxlan.isValid()" (node_15) is false
[00:41:32.063] [bmv2] [D] [thread 91875] [239.2] [cxt 0] Looking up key:
* standard_metadata.egress_port: 0003

[00:41:32.063] [bmv2] [T] [thread 91871] [240.0] [cxt 0] basic.p4(586) Condition "hdr.ipv6.isValid()" (node_17) is false
[00:41:32.063] [bmv2] [D] [thread 91874] [239.1] [cxt 0] Table 'MyEgress.egress_encap_ipv6': miss
[00:41:32.063] [bmv2] [D] [thread 91875] [239.2] [cxt 0] Table 'MyEgress.egress_encap_yequdesu': miss
[00:41:32.063] [bmv2] [D] [thread 91874] [239.1] [cxt 0] Action entry is NoAction - 
[00:41:32.063] [bmv2] [D] [thread 91875] [239.2] [cxt 0] Action entry is NoAction - 
[00:41:32.063] [bmv2] [T] [thread 91875] [239.2] [cxt 0] Action NoAction
[00:41:32.063] [bmv2] [T] [thread 91874] [239.1] [cxt 0] Action NoAction
[00:41:32.063] [bmv2] [T] [thread 91871] [240.0] [cxt 0] basic.p4(590) Condition "hdr.ipv4.isValid()" (node_19) is true
[00:41:32.063] [bmv2] [T] [thread 91871] [240.0] [cxt 0] basic.p4(592) Condition "hdr.udp.isValid() && hdr.udp.dstPort == VXLAN_PORT" (node_20) is false
[00:41:32.063] [bmv2] [T] [thread 91874] [239.1] [cxt 0] Applying table 'MyEgress.egress_encap_yequdesu'
[00:41:32.063] [bmv2] [T] [thread 91871] [240.0] [cxt 0] Applying table 'MyIngress.modality_schedule'
[00:41:32.063] [bmv2] [D] [thread 91874] [239.1] [cxt 0] Looking up key:
* standard_metadata.egress_port: 0002

[00:41:32.063] [bmv2] [D] [thread 91871] [240.0] [cxt 0] Looking up key:
* hdr.ipv4.dstAddr    : 0a000202

[00:41:32.063] [bmv2] [D] [thread 91874] [239.1] [cxt 0] Table 'MyEgress.egress_encap_yequdesu': miss
[00:41:32.063] [bmv2] [D] [thread 91871] [240.0] [cxt 0] Table 'MyIngress.modality_schedule': miss
[00:41:32.063] [bmv2] [D] [thread 91874] [239.1] [cxt 0] Action entry is NoAction - 
[00:41:32.063] [bmv2] [D] [thread 91871] [240.0] [cxt 0] Action entry is NoAction - 
[00:41:32.063] [bmv2] [T] [thread 91874] [239.1] [cxt 0] Action NoAction
[00:41:32.063] [bmv2] [T] [thread 91871] [240.0] [cxt 0] Action NoAction
[00:41:32.063] [bmv2] [T] [thread 91874] [239.1] [cxt 0] Applying table 'MyEgress.egress_encap_vxlan'
[00:41:32.063] [bmv2] [T] [thread 91871] [240.0] [cxt 0] basic.p4(597) Condition "meta.do_multimodal == 0" (node_23) is true
[00:41:32.063] [bmv2] [D] [thread 91872] [239.3] [cxt 0] Table 'MyEgress.egress_encap_ipv6': miss
[00:41:32.063] [bmv2] [T] [thread 91873] [239.4] [cxt 0] Action NoAction
[00:41:32.063] [bmv2] [T] [thread 91873] [239.4] [cxt 0] Applying table 'MyEgress.egress_encap_yequdesu'
[00:41:32.064] [bmv2] [D] [thread 91873] [239.4] [cxt 0] Looking up key:
* standard_metadata.egress_port: 0005

[00:41:32.064] [bmv2] [D] [thread 91873] [239.4] [cxt 0] Table 'MyEgress.egress_encap_yequdesu': miss
[00:41:32.064] [bmv2] [D] [thread 91873] [239.4] [cxt 0] Action entry is NoAction - 
[00:41:32.064] [bmv2] [T] [thread 91873] [239.4] [cxt 0] Action NoAction
[00:41:32.064] [bmv2] [T] [thread 91873] [239.4] [cxt 0] Applying table 'MyEgress.egress_encap_vxlan'
[00:41:32.064] [bmv2] [D] [thread 91873] [239.4] [cxt 0] Looking up key:
* standard_metadata.egress_port: 0005

[00:41:32.063] [bmv2] [D] [thread 91874] [239.1] [cxt 0] Looking up key:
* standard_metadata.egress_port: 0002

[00:41:32.064] [bmv2] [D] [thread 91873] [239.4] [cxt 0] Table 'MyEgress.egress_encap_vxlan': hit with handle 0
[00:41:32.064] [bmv2] [D] [thread 91872] [239.3] [cxt 0] Action entry is NoAction - 
[00:41:32.064] [bmv2] [D] [thread 91874] [239.1] [cxt 0] Table 'MyEgress.egress_encap_vxlan': miss
[00:41:32.064] [bmv2] [D] [thread 91873] [239.4] [cxt 0] Dumping entry 0
Match key:
* standard_metadata.egress_port: EXACT     0005
Action entry: MyEgress.encap_vxlan_egress - 65,a00020a,a00010a,

[00:41:32.064] [bmv2] [T] [thread 91872] [239.3] [cxt 0] Action NoAction
[00:41:32.064] [bmv2] [D] [thread 91873] [239.4] [cxt 0] Action entry is MyEgress.encap_vxlan_egress - 65,a00020a,a00010a,
[00:41:32.064] [bmv2] [T] [thread 91872] [239.3] [cxt 0] Applying table 'MyEgress.egress_encap_yequdesu'
[00:41:32.064] [bmv2] [T] [thread 91873] [239.4] [cxt 0] Action MyEgress.encap_vxlan_egress
[00:41:32.064] [bmv2] [T] [thread 91873] [239.4] [cxt 0] basic.p4(7) Primitive 0x800; ...
[00:41:32.064] [bmv2] [T] [thread 91873] [239.4] [cxt 0] basic.p4(639) Primitive hdr.ipv4.setValid()
[00:41:32.064] [bmv2] [T] [thread 91873] [239.4] [cxt 0] basic.p4(640) Primitive hdr.ipv4.version = 4
[00:41:32.063] [bmv2] [T] [thread 91875] [239.2] [cxt 0] Applying table 'MyEgress.egress_encap_vxlan'
[00:41:32.064] [bmv2] [T] [thread 91873] [239.4] [cxt 0] basic.p4(641) Primitive hdr.ipv4.ihl = 5
[00:41:32.064] [bmv2] [T] [thread 91873] [239.4] [cxt 0] basic.p4(642) Primitive hdr.ipv4.diffserv = 0
[00:41:32.064] [bmv2] [T] [thread 91873] [239.4] [cxt 0] basic.p4(643) Primitive hdr.ipv4.totalLen = hdr.ipv4.totalLen + 50
[00:41:32.064] [bmv2] [T] [thread 91873] [239.4] [cxt 0] basic.p4(644) Primitive hdr.ipv4.identification = 0
[00:41:32.064] [bmv2] [T] [thread 91873] [239.4] [cxt 0] basic.p4(645) Primitive hdr.ipv4.flags = 0
[00:41:32.064] [bmv2] [T] [thread 91873] [239.4] [cxt 0] basic.p4(646) Primitive hdr.ipv4.fragOffset = 0
[00:41:32.064] [bmv2] [T] [thread 91873] [239.4] [cxt 0] basic.p4(647) Primitive hdr.ipv4.ttl = 64
[00:41:32.064] [bmv2] [D] [thread 91874] [239.1] [cxt 0] Action entry is NoAction - 
[00:41:32.064] [bmv2] [T] [thread 91873] [239.4] [cxt 0] basic.p4(13) Primitive 17; ...
[00:41:32.064] [bmv2] [D] [thread 91872] [239.3] [cxt 0] Looking up key:
* standard_metadata.egress_port: 0004

[00:41:32.064] [bmv2] [D] [thread 91872] [239.3] [cxt 0] Table 'MyEgress.egress_encap_yequdesu': hit with handle 0
[00:41:32.064] [bmv2] [T] [thread 91874] [239.1] [cxt 0] Action NoAction
[00:41:32.064] [bmv2] [D] [thread 91872] [239.3] [cxt 0] Dumping entry 0
Match key:
* standard_metadata.egress_port: EXACT     0004
Action entry: MyEgress.encap_yequdesu_egress - 12d,

[00:41:32.064] [bmv2] [D] [thread 91872] [239.3] [cxt 0] Action entry is MyEgress.encap_yequdesu_egress - 12d,
[00:41:32.064] [bmv2] [T] [thread 91872] [239.3] [cxt 0] Action MyEgress.encap_yequdesu_egress
[00:41:32.064] [bmv2] [T] [thread 91872] [239.3] [cxt 0] basic.p4(630) Primitive hdr.yequdesu.setValid()
[00:41:32.064] [bmv2] [D] [thread 91875] [239.2] [cxt 0] Looking up key:
* standard_metadata.egress_port: 0003

[00:41:32.064] [bmv2] [D] [thread 91875] [239.2] [cxt 0] Table 'MyEgress.egress_encap_vxlan': miss
[00:41:32.064] [bmv2] [D] [thread 91875] [239.2] [cxt 0] Action entry is NoAction - 
[00:41:32.064] [bmv2] [T] [thread 91875] [239.2] [cxt 0] Action NoAction
[00:41:32.063] [bmv2] [T] [thread 91871] [240.0] [cxt 0] Applying table 'MyIngress.adjudication'
[00:41:32.064] [bmv2] [D] [thread 91875] [239.2] [cxt 0] Pipeline 'egress': end
[00:41:32.064] [bmv2] [D] [thread 91875] [239.2] [cxt 0] Deparser 'deparser': start
[00:41:32.064] [bmv2] [D] [thread 91875] [239.2] [cxt 0] Updating checksum 'cksum'
[00:41:32.064] [bmv2] [D] [thread 91871] [240.0] [cxt 0] Looking up key:
* hdr.ipv4.dstAddr    : 0a000202

[00:41:32.064] [bmv2] [D] [thread 91875] [239.2] [cxt 0] Deparsing header 'ethernet'
[00:41:32.064] [bmv2] [D] [thread 91871] [240.0] [cxt 0] Table 'MyIngress.adjudication': hit with handle 0
[00:41:32.064] [bmv2] [D] [thread 91875] [239.2] [cxt 0] Deparsing header 'ipv4'
[00:41:32.064] [bmv2] [D] [thread 91875] [239.2] [cxt 0] Deparsing header 'ipv6'
[00:41:32.064] [bmv2] [D] [thread 91875] [239.2] [cxt 0] Deparser 'deparser': end
[00:41:32.064] [bmv2] [T] [thread 91873] [239.4] [cxt 0] basic.p4(649) Primitive hdr.ipv4.srcAddr = src
[00:41:32.064] [bmv2] [D] [thread 91871] [240.0] [cxt 0] Dumping entry 0
Match key:
* hdr.ipv4.dstAddr    : EXACT     0a000202
Action entry: MyIngress.clone_to_cpu - 64,

[00:41:32.064] [bmv2] [D] [thread 91871] [240.0] [cxt 0] Action entry is MyIngress.clone_to_cpu - 64,
[00:41:32.064] [bmv2] [D] [thread 91874] [239.1] [cxt 0] Pipeline 'egress': end
[00:41:32.064] [bmv2] [T] [thread 91873] [239.4] [cxt 0] basic.p4(650) Primitive hdr.ipv4.dstAddr = dst
[00:41:32.064] [bmv2] [D] [thread 91876] [239.2] [cxt 0] Transmitting packet of size 94 out of port 3
[00:41:32.064] [bmv2] [D] [thread 91874] [239.1] [cxt 0] Deparser 'deparser': start
[00:41:32.064] [bmv2] [D] [thread 91874] [239.1] [cxt 0] Updating checksum 'cksum'
[00:41:32.064] [bmv2] [T] [thread 91871] [240.0] [cxt 0] Action MyIngress.clone_to_cpu
[00:41:32.064] [bmv2] [T] [thread 91871] [240.0] [cxt 0] basic.p4(302) Primitive clone(CloneType.I2E, session_id)
[00:41:32.064] [bmv2] [D] [thread 91874] [239.1] [cxt 0] Deparsing header 'ethernet'
[00:41:32.064] [bmv2] [T] [thread 91871] [240.0] [cxt 0] basic.p4(232) Primitive mark_to_drop(standard_metadata)
[00:41:32.064] [bmv2] [D] [thread 91874] [239.1] [cxt 0] Deparsing header 'ipv4'
[00:41:32.064] [bmv2] [T] [thread 91871] [240.0] [cxt 0] Applying table 'MyIngress.ipv4_lpm'
[00:41:32.064] [bmv2] [D] [thread 91874] [239.1] [cxt 0] Deparser 'deparser': end
[00:41:32.064] [bmv2] [D] [thread 91871] [240.0] [cxt 0] Looking up key:
* hdr.ipv4.dstAddr    : 0a000202

[00:41:32.064] [bmv2] [D] [thread 91876] [239.1] [cxt 0] Transmitting packet of size 54 out of port 2
[00:41:32.064] [bmv2] [D] [thread 91871] [240.0] [cxt 0] Table 'MyIngress.ipv4_lpm': hit with handle 0
[00:41:32.064] [bmv2] [D] [thread 91871] [240.0] [cxt 0] Dumping entry 0
Match key:
* hdr.ipv4.dstAddr    : LPM       0a000202/32
Action entry: MyIngress.ipv4_forward - 80000000222,1,

[00:41:32.064] [bmv2] [T] [thread 91872] [239.3] [cxt 0] basic.p4(631) Primitive hdr.yequdesu.dst_id = dst_id
[00:41:32.064] [bmv2] [D] [thread 91871] [240.0] [cxt 0] Action entry is MyIngress.ipv4_forward - 80000000222,1,
[00:41:32.064] [bmv2] [T] [thread 91872] [239.3] [cxt 0] basic.p4(632) Primitive hdr.yequdesu.proto_id = 0x800
[00:41:32.064] [bmv2] [T] [thread 91873] [239.4] [cxt 0] basic.p4(652) Primitive hdr.udp.setValid()
[00:41:32.064] [bmv2] [T] [thread 91872] [239.3] [cxt 0] basic.p4(6) Primitive 0x1313; ...
[00:41:32.064] [bmv2] [T] [thread 91873] [239.4] [cxt 0] basic.p4(653) Primitive hdr.udp.srcPort = 4789
[00:41:32.064] [bmv2] [T] [thread 91872] [239.3] [cxt 0] Applying table 'MyEgress.egress_encap_vxlan'
[00:41:32.064] [bmv2] [T] [thread 91873] [239.4] [cxt 0] basic.p4(654) Primitive hdr.udp.dstPort = 4789
[00:41:32.064] [bmv2] [T] [thread 91873] [239.4] [cxt 0] basic.p4(655) Primitive hdr.udp.length = hdr.udp.length + 38
[00:41:32.064] [bmv2] [T] [thread 91873] [239.4] [cxt 0] basic.p4(656) Primitive hdr.udp.checksum = 0
[00:41:32.064] [bmv2] [D] [thread 91872] [239.3] [cxt 0] Looking up key:
* standard_metadata.egress_port: 0004

[00:41:32.064] [bmv2] [T] [thread 91873] [239.4] [cxt 0] basic.p4(658) Primitive hdr.vxlan.setValid()
[00:41:32.064] [bmv2] [D] [thread 91872] [239.3] [cxt 0] Table 'MyEgress.egress_encap_vxlan': miss
[00:41:32.064] [bmv2] [T] [thread 91873] [239.4] [cxt 0] basic.p4(659) Primitive hdr.vxlan.flags = 0x08
[00:41:32.064] [bmv2] [D] [thread 91872] [239.3] [cxt 0] Action entry is NoAction - 
[00:41:32.064] [bmv2] [T] [thread 91873] [239.4] [cxt 0] basic.p4(660) Primitive hdr.vxlan.reserved1 = 0
[00:41:32.064] [bmv2] [T] [thread 91872] [239.3] [cxt 0] Action NoAction
[00:41:32.064] [bmv2] [T] [thread 91871] [240.0] [cxt 0] Action MyIngress.ipv4_forward
[00:41:32.064] [bmv2] [D] [thread 91872] [239.3] [cxt 0] Pipeline 'egress': end
[00:41:32.064] [bmv2] [T] [thread 91871] [240.0] [cxt 0] basic.p4(236) Primitive standard_metadata.egress_spec = port
[00:41:32.064] [bmv2] [D] [thread 91872] [239.3] [cxt 0] Deparser 'deparser': start
[00:41:32.064] [bmv2] [T] [thread 91873] [239.4] [cxt 0] basic.p4(661) Primitive hdr.vxlan.vni = vni
[00:41:32.064] [bmv2] [T] [thread 91873] [239.4] [cxt 0] basic.p4(662) Primitive hdr.vxlan.reserved2 = 0
[00:41:32.064] [bmv2] [D] [thread 91872] [239.3] [cxt 0] Updating checksum 'cksum'
[00:41:32.064] [bmv2] [T] [thread 91871] [240.0] [cxt 0] basic.p4(237) Primitive hdr.ethernet.srcAddr = hdr.ethernet.dstAddr
[00:41:32.064] [bmv2] [T] [thread 91871] [240.0] [cxt 0] basic.p4(238) Primitive hdr.ethernet.dstAddr = dstAddr
[00:41:32.064] [bmv2] [D] [thread 91872] [239.3] [cxt 0] Deparsing header 'ethernet'
[00:41:32.064] [bmv2] [D] [thread 91873] [239.4] [cxt 0] Pipeline 'egress': end
[00:41:32.064] [bmv2] [D] [thread 91872] [239.3] [cxt 0] Deparsing header 'yequdesu'
[00:41:32.064] [bmv2] [D] [thread 91873] [239.4] [cxt 0] Deparser 'deparser': start
[00:41:32.064] [bmv2] [D] [thread 91872] [239.3] [cxt 0] Deparsing header 'ipv4'
[00:41:32.064] [bmv2] [D] [thread 91873] [239.4] [cxt 0] Updating checksum 'cksum'
[00:41:32.064] [bmv2] [D] [thread 91872] [239.3] [cxt 0] Deparser 'deparser': end
[00:41:32.064] [bmv2] [D] [thread 91873] [239.4] [cxt 0] Deparsing header 'ethernet'
[00:41:32.064] [bmv2] [D] [thread 91876] [239.3] [cxt 0] Transmitting packet of size 58 out of port 4
[00:41:32.064] [bmv2] [D] [thread 91873] [239.4] [cxt 0] Deparsing header 'ipv4'
[00:41:32.064] [bmv2] [D] [thread 91873] [239.4] [cxt 0] Deparsing header 'udp'
[00:41:32.064] [bmv2] [D] [thread 91873] [239.4] [cxt 0] Deparsing header 'vxlan'
[00:41:32.064] [bmv2] [D] [thread 91873] [239.4] [cxt 0] Deparser 'deparser': end
[00:41:32.064] [bmv2] [T] [thread 91871] [240.0] [cxt 0] basic.p4(239) Primitive hdr.ipv4.ttl = hdr.ipv4.ttl - 1
[00:41:32.064] [bmv2] [D] [thread 91876] [239.4] [cxt 0] Transmitting packet of size 70 out of port 5
[00:41:32.064] [bmv2] [D] [thread 91871] [240.0] [cxt 0] Pipeline 'ingress': end
[00:41:32.064] [bmv2] [D] [thread 91871] [240.0] [cxt 0] Cloning packet at ingress
[00:41:32.064] [bmv2] [D] [thread 91871] [240.0] [cxt 0] Egress port is 1
[00:41:32.064] [bmv2] [D] [thread 91873] [240.0] [cxt 0] Pipeline 'egress': start
[00:41:32.064] [bmv2] [T] [thread 91873] [240.0] [cxt 0] basic.p4(684) Condition "standard_metadata.mcast_grp != 0" (node_28) is false
[00:41:32.064] [bmv2] [D] [thread 91873] [240.0] [cxt 0] Pipeline 'egress': end
[00:41:32.064] [bmv2] [D] [thread 91873] [240.0] [cxt 0] Deparser 'deparser': start
[00:41:32.064] [bmv2] [D] [thread 91873] [240.0] [cxt 0] Updating checksum 'cksum'
[00:41:32.064] [bmv2] [D] [thread 91873] [240.0] [cxt 0] Deparsing header 'ethernet'
[00:41:32.064] [bmv2] [D] [thread 91873] [240.0] [cxt 0] Deparsing header 'ipv4'
[00:41:32.064] [bmv2] [D] [thread 91873] [240.0] [cxt 0] Deparser 'deparser': end
[00:41:32.064] [bmv2] [D] [thread 91876] [240.0] [cxt 0] Transmitting packet of size 64 out of port 1
[00:41:32.065] [bmv2] [D] [thread 91871] [241.0] [cxt 0] Processing packet received on port 1
[00:41:32.065] [bmv2] [D] [thread 91871] [241.0] [cxt 0] Parser 'parser': start
[00:41:32.065] [bmv2] [D] [thread 91871] [241.0] [cxt 0] Parser 'parser' entering state 'start'
[00:41:32.065] [bmv2] [D] [thread 91871] [241.0] [cxt 0] Extracting header 'ethernet'
[00:41:32.065] [bmv2] [D] [thread 91871] [241.0] [cxt 0] Parser state 'start': key is 0800
[00:41:32.065] [bmv2] [T] [thread 91871] [241.0] [cxt 0] Bytes parsed: 14
[00:41:32.065] [bmv2] [D] [thread 91871] [241.0] [cxt 0] Parser 'parser' entering state 'parse_ipv4'
[00:41:32.065] [bmv2] [D] [thread 91871] [241.0] [cxt 0] Extracting header 'ipv4'
[00:41:32.065] [bmv2] [D] [thread 91871] [241.0] [cxt 0] Parser state 'parse_ipv4': key is 06
[00:41:32.065] [bmv2] [T] [thread 91871] [241.0] [cxt 0] Bytes parsed: 34
[00:41:32.065] [bmv2] [D] [thread 91871] [241.0] [cxt 0] Parser 'parser': end
[00:41:32.065] [bmv2] [D] [thread 91871] [241.0] [cxt 0] Pipeline 'ingress': start
[00:41:32.065] [bmv2] [T] [thread 91871] [241.0] [cxt 0] basic.p4(560) Condition "hdr.ethernet.etherType == TYPE_ARP" (node_2) is false
[00:41:32.065] [bmv2] [T] [thread 91871] [241.0] [cxt 0] basic.p4(563) Condition "hdr.ethernet.etherType == TYPE_SRCROUTING" (node_4) is false
[00:41:32.065] [bmv2] [T] [thread 91871] [241.0] [cxt 0] basic.p4(576) Condition "hdr.ethernet.etherType == TYPE_YEQUDESU" (node_12) is false
[00:41:32.065] [bmv2] [T] [thread 91871] [241.0] [cxt 0] basic.p4(582) Condition "hdr.vxlan.isValid()" (node_15) is false
[00:41:32.065] [bmv2] [T] [thread 91871] [241.0] [cxt 0] basic.p4(586) Condition "hdr.ipv6.isValid()" (node_17) is false
[00:41:32.065] [bmv2] [T] [thread 91871] [241.0] [cxt 0] basic.p4(590) Condition "hdr.ipv4.isValid()" (node_19) is true
[00:41:32.065] [bmv2] [T] [thread 91871] [241.0] [cxt 0] basic.p4(592) Condition "hdr.udp.isValid() && hdr.udp.dstPort == VXLAN_PORT" (node_20) is false
[00:41:32.065] [bmv2] [T] [thread 91871] [241.0] [cxt 0] Applying table 'MyIngress.modality_schedule'
[00:41:32.065] [bmv2] [D] [thread 91871] [241.0] [cxt 0] Looking up key:
* hdr.ipv4.dstAddr    : 0a000101

[00:41:32.065] [bmv2] [D] [thread 91871] [241.0] [cxt 0] Table 'MyIngress.modality_schedule': hit with handle 0
[00:41:32.065] [bmv2] [D] [thread 91871] [241.0] [cxt 0] Dumping entry 0
Match key:
* hdr.ipv4.dstAddr    : EXACT     0a000101
Action entry: MyIngress.set_mcast_grp - 2,

[00:41:32.065] [bmv2] [D] [thread 91871] [241.0] [cxt 0] Action entry is MyIngress.set_mcast_grp - 2,
[00:41:32.065] [bmv2] [T] [thread 91871] [241.0] [cxt 0] Action MyIngress.set_mcast_grp
[00:41:32.065] [bmv2] [T] [thread 91871] [241.0] [cxt 0] basic.p4(296) Primitive standard_metadata.mcast_grp = mcast_grp
[00:41:32.065] [bmv2] [T] [thread 91871] [241.0] [cxt 0] basic.p4(297) Primitive meta.do_multimodal = 1
[00:41:32.065] [bmv2] [T] [thread 91871] [241.0] [cxt 0] basic.p4(298) Primitive hdr.ipv4.ttl = 100
[00:41:32.065] [bmv2] [T] [thread 91871] [241.0] [cxt 0] basic.p4(597) Condition "meta.do_multimodal == 0" (node_23) is false
[00:41:32.065] [bmv2] [D] [thread 91871] [241.0] [cxt 0] Pipeline 'ingress': end
[00:41:32.065] [bmv2] [D] [thread 91871] [241.0] [cxt 0] Multicast requested for packet
[00:41:32.065] [bmv2] [D] [thread 91871] number of packets replicated : 4 for MGID: 2
[00:41:32.065] [bmv2] [D] [thread 91871] [241.0] [cxt 0] Replicating packet on port 2
[00:41:32.065] [bmv2] [D] [thread 91871] [241.0] [cxt 0] Replicating packet on port 3
[00:41:32.065] [bmv2] [D] [thread 91871] [241.0] [cxt 0] Replicating packet on port 4
[00:41:32.065] [bmv2] [D] [thread 91871] [241.0] [cxt 0] Replicating packet on port 5
[00:41:32.066] [bmv2] [D] [thread 91874] [241.1] [cxt 0] Pipeline 'egress': start
[00:41:32.066] [bmv2] [T] [thread 91874] [241.1] [cxt 0] basic.p4(684) Condition "standard_metadata.mcast_grp != 0" (node_28) is true
[00:41:32.066] [bmv2] [T] [thread 91874] [241.1] [cxt 0] Applying table 'MyEgress.egress_encap_ipv6'
[00:41:32.066] [bmv2] [D] [thread 91873] [241.4] [cxt 0] Pipeline 'egress': start
[00:41:32.066] [bmv2] [D] [thread 91875] [241.2] [cxt 0] Pipeline 'egress': start
[00:41:32.066] [bmv2] [T] [thread 91875] [241.2] [cxt 0] basic.p4(684) Condition "standard_metadata.mcast_grp != 0" (node_28) is true
[00:41:32.066] [bmv2] [T] [thread 91875] [241.2] [cxt 0] Applying table 'MyEgress.egress_encap_ipv6'
[00:41:32.066] [bmv2] [D] [thread 91875] [241.2] [cxt 0] Looking up key:
* standard_metadata.egress_port: 0003

[00:41:32.066] [bmv2] [D] [thread 91875] [241.2] [cxt 0] Table 'MyEgress.egress_encap_ipv6': hit with handle 0
[00:41:32.066] [bmv2] [T] [thread 91873] [241.4] [cxt 0] basic.p4(684) Condition "standard_metadata.mcast_grp != 0" (node_28) is true
[00:41:32.066] [bmv2] [D] [thread 91875] [241.2] [cxt 0] Dumping entry 0
Match key:
* standard_metadata.egress_port: EXACT     0003
Action entry: MyEgress.encap_ipv6_egress - 20010db8000000000000000000000002,20010db8000000000000000000000001,

[00:41:32.066] [bmv2] [T] [thread 91873] [241.4] [cxt 0] Applying table 'MyEgress.egress_encap_ipv6'
[00:41:32.066] [bmv2] [D] [thread 91872] [241.3] [cxt 0] Pipeline 'egress': start
[00:41:32.066] [bmv2] [T] [thread 91872] [241.3] [cxt 0] basic.p4(684) Condition "standard_metadata.mcast_grp != 0" (node_28) is true
[00:41:32.066] [bmv2] [T] [thread 91872] [241.3] [cxt 0] Applying table 'MyEgress.egress_encap_ipv6'
[00:41:32.066] [bmv2] [D] [thread 91873] [241.4] [cxt 0] Looking up key:
* standard_metadata.egress_port: 0005

[00:41:32.066] [bmv2] [D] [thread 91874] [241.1] [cxt 0] Looking up key:
* standard_metadata.egress_port: 0002

[00:41:32.066] [bmv2] [D] [thread 91874] [241.1] [cxt 0] Table 'MyEgress.egress_encap_ipv6': miss
[00:41:32.066] [bmv2] [D] [thread 91874] [241.1] [cxt 0] Action entry is NoAction - 
[00:41:32.066] [bmv2] [T] [thread 91874] [241.1] [cxt 0] Action NoAction
[00:41:32.066] [bmv2] [T] [thread 91874] [241.1] [cxt 0] Applying table 'MyEgress.egress_encap_yequdesu'
[00:41:32.066] [bmv2] [D] [thread 91874] [241.1] [cxt 0] Looking up key:
* standard_metadata.egress_port: 0002

[00:41:32.066] [bmv2] [D] [thread 91873] [241.4] [cxt 0] Table 'MyEgress.egress_encap_ipv6': miss
[00:41:32.066] [bmv2] [D] [thread 91873] [241.4] [cxt 0] Action entry is NoAction - 
[00:41:32.066] [bmv2] [D] [thread 91874] [241.1] [cxt 0] Table 'MyEgress.egress_encap_yequdesu': miss
[00:41:32.066] [bmv2] [D] [thread 91875] [241.2] [cxt 0] Action entry is MyEgress.encap_ipv6_egress - 20010db8000000000000000000000002,20010db8000000000000000000000001,
[00:41:32.066] [bmv2] [T] [thread 91875] [241.2] [cxt 0] Action MyEgress.encap_ipv6_egress
[00:41:32.066] [bmv2] [T] [thread 91875] [241.2] [cxt 0] basic.p4(616) Primitive hdr.ipv6.setValid()
[00:41:32.066] [bmv2] [T] [thread 91875] [241.2] [cxt 0] basic.p4(617) Primitive hdr.ipv6.version = 6
[00:41:32.066] [bmv2] [T] [thread 91875] [241.2] [cxt 0] basic.p4(618) Primitive hdr.ipv6.trafficClass = 0
[00:41:32.066] [bmv2] [T] [thread 91875] [241.2] [cxt 0] basic.p4(619) Primitive hdr.ipv6.flowLabel = 0
[00:41:32.066] [bmv2] [T] [thread 91875] [241.2] [cxt 0] basic.p4(620) Primitive hdr.ipv6.payLoadLen = hdr.ipv4.totalLen
[00:41:32.066] [bmv2] [T] [thread 91875] [241.2] [cxt 0] basic.p4(621) Primitive hdr.ipv6.nextHdr = 4
[00:41:32.066] [bmv2] [T] [thread 91875] [241.2] [cxt 0] basic.p4(622) Primitive hdr.ipv6.hopLimit = 64
[00:41:32.066] [bmv2] [T] [thread 91875] [241.2] [cxt 0] basic.p4(623) Primitive hdr.ipv6.srcAddr = src
[00:41:32.066] [bmv2] [T] [thread 91875] [241.2] [cxt 0] basic.p4(624) Primitive hdr.ipv6.dstAddr = dst
[00:41:32.066] [bmv2] [T] [thread 91875] [241.2] [cxt 0] basic.p4(625) Primitive hdr.ipv4.ttl = hdr.ipv4.ttl - 1
[00:41:32.066] [bmv2] [T] [thread 91875] [241.2] [cxt 0] basic.p4(626) Primitive hdr.ethernet.etherType = 0x86dd
[00:41:32.066] [bmv2] [T] [thread 91875] [241.2] [cxt 0] Applying table 'MyEgress.egress_encap_yequdesu'
[00:41:32.066] [bmv2] [D] [thread 91875] [241.2] [cxt 0] Looking up key:
* standard_metadata.egress_port: 0003

[00:41:32.066] [bmv2] [D] [thread 91875] [241.2] [cxt 0] Table 'MyEgress.egress_encap_yequdesu': miss
[00:41:32.066] [bmv2] [D] [thread 91875] [241.2] [cxt 0] Action entry is NoAction - 
[00:41:32.066] [bmv2] [T] [thread 91875] [241.2] [cxt 0] Action NoAction
[00:41:32.066] [bmv2] [T] [thread 91875] [241.2] [cxt 0] Applying table 'MyEgress.egress_encap_vxlan'
[00:41:32.066] [bmv2] [D] [thread 91875] [241.2] [cxt 0] Looking up key:
* standard_metadata.egress_port: 0003

[00:41:32.066] [bmv2] [D] [thread 91875] [241.2] [cxt 0] Table 'MyEgress.egress_encap_vxlan': miss
[00:41:32.066] [bmv2] [D] [thread 91875] [241.2] [cxt 0] Action entry is NoAction - 
[00:41:32.066] [bmv2] [T] [thread 91875] [241.2] [cxt 0] Action NoAction
[00:41:32.066] [bmv2] [D] [thread 91875] [241.2] [cxt 0] Pipeline 'egress': end
[00:41:32.066] [bmv2] [D] [thread 91875] [241.2] [cxt 0] Deparser 'deparser': start
[00:41:32.066] [bmv2] [D] [thread 91875] [241.2] [cxt 0] Updating checksum 'cksum'
[00:41:32.066] [bmv2] [D] [thread 91875] [241.2] [cxt 0] Deparsing header 'ethernet'
[00:41:32.066] [bmv2] [D] [thread 91875] [241.2] [cxt 0] Deparsing header 'ipv4'
[00:41:32.066] [bmv2] [D] [thread 91872] [241.3] [cxt 0] Looking up key:
* standard_metadata.egress_port: 0004

[00:41:32.066] [bmv2] [D] [thread 91875] [241.2] [cxt 0] Deparsing header 'ipv6'
[00:41:32.066] [bmv2] [D] [thread 91875] [241.2] [cxt 0] Deparser 'deparser': end
[00:41:32.066] [bmv2] [D] [thread 91872] [241.3] [cxt 0] Table 'MyEgress.egress_encap_ipv6': miss
[00:41:32.066] [bmv2] [D] [thread 91872] [241.3] [cxt 0] Action entry is NoAction - 
[00:41:32.066] [bmv2] [T] [thread 91872] [241.3] [cxt 0] Action NoAction
[00:41:32.066] [bmv2] [T] [thread 91872] [241.3] [cxt 0] Applying table 'MyEgress.egress_encap_yequdesu'
[00:41:32.066] [bmv2] [D] [thread 91872] [241.3] [cxt 0] Looking up key:
* standard_metadata.egress_port: 0004

[00:41:32.066] [bmv2] [D] [thread 91872] [241.3] [cxt 0] Table 'MyEgress.egress_encap_yequdesu': hit with handle 0
[00:41:32.066] [bmv2] [D] [thread 91872] [241.3] [cxt 0] Dumping entry 0
Match key:
* standard_metadata.egress_port: EXACT     0004
Action entry: MyEgress.encap_yequdesu_egress - 12d,

[00:41:32.066] [bmv2] [D] [thread 91872] [241.3] [cxt 0] Action entry is MyEgress.encap_yequdesu_egress - 12d,
[00:41:32.066] [bmv2] [T] [thread 91872] [241.3] [cxt 0] Action MyEgress.encap_yequdesu_egress
[00:41:32.066] [bmv2] [D] [thread 91874] [241.1] [cxt 0] Action entry is NoAction - 
[00:41:32.066] [bmv2] [T] [thread 91874] [241.1] [cxt 0] Action NoAction
[00:41:32.066] [bmv2] [T] [thread 91872] [241.3] [cxt 0] basic.p4(630) Primitive hdr.yequdesu.setValid()
[00:41:32.066] [bmv2] [T] [thread 91874] [241.1] [cxt 0] Applying table 'MyEgress.egress_encap_vxlan'
[00:41:32.066] [bmv2] [D] [thread 91874] [241.1] [cxt 0] Looking up key:
* standard_metadata.egress_port: 0002

[00:41:32.066] [bmv2] [D] [thread 91874] [241.1] [cxt 0] Table 'MyEgress.egress_encap_vxlan': miss
[00:41:32.066] [bmv2] [T] [thread 91872] [241.3] [cxt 0] basic.p4(631) Primitive hdr.yequdesu.dst_id = dst_id
[00:41:32.066] [bmv2] [T] [thread 91873] [241.4] [cxt 0] Action NoAction
[00:41:32.066] [bmv2] [T] [thread 91872] [241.3] [cxt 0] basic.p4(632) Primitive hdr.yequdesu.proto_id = 0x800
[00:41:32.066] [bmv2] [D] [thread 91874] [241.1] [cxt 0] Action entry is NoAction - 
[00:41:32.066] [bmv2] [T] [thread 91873] [241.4] [cxt 0] Applying table 'MyEgress.egress_encap_yequdesu'
[00:41:32.066] [bmv2] [D] [thread 91876] [241.2] [cxt 0] Transmitting packet of size 94 out of port 3
[00:41:32.066] [bmv2] [D] [thread 91873] [241.4] [cxt 0] Looking up key:
* standard_metadata.egress_port: 0005

[00:41:32.066] [bmv2] [T] [thread 91874] [241.1] [cxt 0] Action NoAction
[00:41:32.066] [bmv2] [T] [thread 91872] [241.3] [cxt 0] basic.p4(6) Primitive 0x1313; ...
[00:41:32.066] [bmv2] [D] [thread 91874] [241.1] [cxt 0] Pipeline 'egress': end
[00:41:32.066] [bmv2] [D] [thread 91874] [241.1] [cxt 0] Deparser 'deparser': start
[00:41:32.066] [bmv2] [D] [thread 91873] [241.4] [cxt 0] Table 'MyEgress.egress_encap_yequdesu': miss
[00:41:32.066] [bmv2] [D] [thread 91874] [241.1] [cxt 0] Updating checksum 'cksum'
[00:41:32.066] [bmv2] [D] [thread 91873] [241.4] [cxt 0] Action entry is NoAction - 
[00:41:32.066] [bmv2] [D] [thread 91874] [241.1] [cxt 0] Deparsing header 'ethernet'
[00:41:32.066] [bmv2] [T] [thread 91873] [241.4] [cxt 0] Action NoAction
[00:41:32.066] [bmv2] [D] [thread 91874] [241.1] [cxt 0] Deparsing header 'ipv4'
[00:41:32.066] [bmv2] [T] [thread 91873] [241.4] [cxt 0] Applying table 'MyEgress.egress_encap_vxlan'
[00:41:32.066] [bmv2] [T] [thread 91872] [241.3] [cxt 0] Applying table 'MyEgress.egress_encap_vxlan'
[00:41:32.066] [bmv2] [D] [thread 91873] [241.4] [cxt 0] Looking up key:
* standard_metadata.egress_port: 0005

[00:41:32.066] [bmv2] [D] [thread 91873] [241.4] [cxt 0] Table 'MyEgress.egress_encap_vxlan': hit with handle 0
[00:41:32.066] [bmv2] [D] [thread 91873] [241.4] [cxt 0] Dumping entry 0
Match key:
* standard_metadata.egress_port: EXACT     0005
Action entry: MyEgress.encap_vxlan_egress - 65,a00020a,a00010a,

[00:41:32.066] [bmv2] [D] [thread 91873] [241.4] [cxt 0] Action entry is MyEgress.encap_vxlan_egress - 65,a00020a,a00010a,
[00:41:32.066] [bmv2] [D] [thread 91874] [241.1] [cxt 0] Deparser 'deparser': end
[00:41:32.066] [bmv2] [T] [thread 91873] [241.4] [cxt 0] Action MyEgress.encap_vxlan_egress
[00:41:32.066] [bmv2] [T] [thread 91873] [241.4] [cxt 0] basic.p4(7) Primitive 0x800; ...
[00:41:32.066] [bmv2] [T] [thread 91873] [241.4] [cxt 0] basic.p4(639) Primitive hdr.ipv4.setValid()
[00:41:32.066] [bmv2] [T] [thread 91873] [241.4] [cxt 0] basic.p4(640) Primitive hdr.ipv4.version = 4
[00:41:32.066] [bmv2] [T] [thread 91873] [241.4] [cxt 0] basic.p4(641) Primitive hdr.ipv4.ihl = 5
[00:41:32.066] [bmv2] [T] [thread 91873] [241.4] [cxt 0] basic.p4(642) Primitive hdr.ipv4.diffserv = 0
[00:41:32.066] [bmv2] [D] [thread 91876] [241.1] [cxt 0] Transmitting packet of size 54 out of port 2
[00:41:32.066] [bmv2] [T] [thread 91873] [241.4] [cxt 0] basic.p4(643) Primitive hdr.ipv4.totalLen = hdr.ipv4.totalLen + 50
[00:41:32.066] [bmv2] [T] [thread 91873] [241.4] [cxt 0] basic.p4(644) Primitive hdr.ipv4.identification = 0
[00:41:32.066] [bmv2] [T] [thread 91873] [241.4] [cxt 0] basic.p4(645) Primitive hdr.ipv4.flags = 0
[00:41:32.066] [bmv2] [T] [thread 91873] [241.4] [cxt 0] basic.p4(646) Primitive hdr.ipv4.fragOffset = 0
[00:41:32.066] [bmv2] [T] [thread 91873] [241.4] [cxt 0] basic.p4(647) Primitive hdr.ipv4.ttl = 64
[00:41:32.066] [bmv2] [T] [thread 91873] [241.4] [cxt 0] basic.p4(13) Primitive 17; ...
[00:41:32.066] [bmv2] [D] [thread 91872] [241.3] [cxt 0] Looking up key:
* standard_metadata.egress_port: 0004

[00:41:32.066] [bmv2] [T] [thread 91873] [241.4] [cxt 0] basic.p4(649) Primitive hdr.ipv4.srcAddr = src
[00:41:32.066] [bmv2] [D] [thread 91872] [241.3] [cxt 0] Table 'MyEgress.egress_encap_vxlan': miss
[00:41:32.066] [bmv2] [D] [thread 91872] [241.3] [cxt 0] Action entry is NoAction - 
[00:41:32.066] [bmv2] [T] [thread 91872] [241.3] [cxt 0] Action NoAction
[00:41:32.066] [bmv2] [D] [thread 91872] [241.3] [cxt 0] Pipeline 'egress': end
[00:41:32.066] [bmv2] [D] [thread 91872] [241.3] [cxt 0] Deparser 'deparser': start
[00:41:32.066] [bmv2] [T] [thread 91873] [241.4] [cxt 0] basic.p4(650) Primitive hdr.ipv4.dstAddr = dst
[00:41:32.066] [bmv2] [D] [thread 91872] [241.3] [cxt 0] Updating checksum 'cksum'
[00:41:32.066] [bmv2] [T] [thread 91873] [241.4] [cxt 0] basic.p4(652) Primitive hdr.udp.setValid()
[00:41:32.066] [bmv2] [T] [thread 91873] [241.4] [cxt 0] basic.p4(653) Primitive hdr.udp.srcPort = 4789
[00:41:32.066] [bmv2] [D] [thread 91872] [241.3] [cxt 0] Deparsing header 'ethernet'
[00:41:32.066] [bmv2] [T] [thread 91873] [241.4] [cxt 0] basic.p4(654) Primitive hdr.udp.dstPort = 4789
[00:41:32.066] [bmv2] [D] [thread 91872] [241.3] [cxt 0] Deparsing header 'yequdesu'
[00:41:32.066] [bmv2] [T] [thread 91873] [241.4] [cxt 0] basic.p4(655) Primitive hdr.udp.length = hdr.udp.length + 38
[00:41:32.066] [bmv2] [D] [thread 91872] [241.3] [cxt 0] Deparsing header 'ipv4'
[00:41:32.066] [bmv2] [T] [thread 91873] [241.4] [cxt 0] basic.p4(656) Primitive hdr.udp.checksum = 0
[00:41:32.066] [bmv2] [D] [thread 91872] [241.3] [cxt 0] Deparser 'deparser': end
[00:41:32.066] [bmv2] [T] [thread 91873] [241.4] [cxt 0] basic.p4(658) Primitive hdr.vxlan.setValid()
[00:41:32.066] [bmv2] [T] [thread 91873] [241.4] [cxt 0] basic.p4(659) Primitive hdr.vxlan.flags = 0x08
[00:41:32.066] [bmv2] [D] [thread 91876] [241.3] [cxt 0] Transmitting packet of size 58 out of port 4
[00:41:32.066] [bmv2] [T] [thread 91873] [241.4] [cxt 0] basic.p4(660) Primitive hdr.vxlan.reserved1 = 0
[00:41:32.066] [bmv2] [T] [thread 91873] [241.4] [cxt 0] basic.p4(661) Primitive hdr.vxlan.vni = vni
[00:41:32.066] [bmv2] [T] [thread 91873] [241.4] [cxt 0] basic.p4(662) Primitive hdr.vxlan.reserved2 = 0
[00:41:32.066] [bmv2] [D] [thread 91873] [241.4] [cxt 0] Pipeline 'egress': end
[00:41:32.066] [bmv2] [D] [thread 91873] [241.4] [cxt 0] Deparser 'deparser': start
[00:41:32.066] [bmv2] [D] [thread 91873] [241.4] [cxt 0] Updating checksum 'cksum'
[00:41:32.066] [bmv2] [D] [thread 91873] [241.4] [cxt 0] Deparsing header 'ethernet'
[00:41:32.066] [bmv2] [D] [thread 91873] [241.4] [cxt 0] Deparsing header 'ipv4'
[00:41:32.066] [bmv2] [D] [thread 91873] [241.4] [cxt 0] Deparsing header 'udp'
[00:41:32.066] [bmv2] [D] [thread 91873] [241.4] [cxt 0] Deparsing header 'vxlan'
[00:41:32.066] [bmv2] [D] [thread 91873] [241.4] [cxt 0] Deparser 'deparser': end
[00:41:32.067] [bmv2] [D] [thread 91876] [241.4] [cxt 0] Transmitting packet of size 70 out of port 5
[00:41:34.339] [bmv2] [D] [thread 91871] [242.0] [cxt 0] Processing packet received on port 2
[00:41:34.339] [bmv2] [D] [thread 91871] [242.0] [cxt 0] Parser 'parser': start
[00:41:34.339] [bmv2] [D] [thread 91871] [242.0] [cxt 0] Parser 'parser' entering state 'start'
[00:41:34.339] [bmv2] [D] [thread 91871] [242.0] [cxt 0] Extracting header 'ethernet'
[00:41:34.339] [bmv2] [D] [thread 91871] [242.0] [cxt 0] Parser state 'start': key is 0800
[00:41:34.339] [bmv2] [T] [thread 91871] [242.0] [cxt 0] Bytes parsed: 14
[00:41:34.339] [bmv2] [D] [thread 91871] [242.0] [cxt 0] Parser 'parser' entering state 'parse_ipv4'
[00:41:34.339] [bmv2] [D] [thread 91871] [242.0] [cxt 0] Extracting header 'ipv4'
[00:41:34.339] [bmv2] [D] [thread 91871] [242.0] [cxt 0] Parser state 'parse_ipv4': key is 06
[00:41:34.339] [bmv2] [T] [thread 91871] [242.0] [cxt 0] Bytes parsed: 34
[00:41:34.339] [bmv2] [D] [thread 91871] [242.0] [cxt 0] Parser 'parser': end
[00:41:34.339] [bmv2] [D] [thread 91871] [242.0] [cxt 0] Pipeline 'ingress': start
[00:41:34.339] [bmv2] [T] [thread 91871] [242.0] [cxt 0] basic.p4(560) Condition "hdr.ethernet.etherType == TYPE_ARP" (node_2) is false
[00:41:34.339] [bmv2] [T] [thread 91871] [242.0] [cxt 0] basic.p4(563) Condition "hdr.ethernet.etherType == TYPE_SRCROUTING" (node_4) is false
[00:41:34.339] [bmv2] [T] [thread 91871] [242.0] [cxt 0] basic.p4(576) Condition "hdr.ethernet.etherType == TYPE_YEQUDESU" (node_12) is false
[00:41:34.339] [bmv2] [T] [thread 91871] [242.0] [cxt 0] basic.p4(582) Condition "hdr.vxlan.isValid()" (node_15) is false
[00:41:34.339] [bmv2] [T] [thread 91871] [242.0] [cxt 0] basic.p4(586) Condition "hdr.ipv6.isValid()" (node_17) is false
[00:41:34.339] [bmv2] [T] [thread 91871] [242.0] [cxt 0] basic.p4(590) Condition "hdr.ipv4.isValid()" (node_19) is true
[00:41:34.339] [bmv2] [T] [thread 91871] [242.0] [cxt 0] basic.p4(592) Condition "hdr.udp.isValid() && hdr.udp.dstPort == VXLAN_PORT" (node_20) is false
[00:41:34.339] [bmv2] [T] [thread 91871] [242.0] [cxt 0] Applying table 'MyIngress.modality_schedule'
[00:41:34.339] [bmv2] [D] [thread 91871] [242.0] [cxt 0] Looking up key:
* hdr.ipv4.dstAddr    : 0a000202

[00:41:34.339] [bmv2] [D] [thread 91871] [242.0] [cxt 0] Table 'MyIngress.modality_schedule': miss
[00:41:34.339] [bmv2] [D] [thread 91871] [242.0] [cxt 0] Action entry is NoAction - 
[00:41:34.339] [bmv2] [T] [thread 91871] [242.0] [cxt 0] Action NoAction
[00:41:34.339] [bmv2] [T] [thread 91871] [242.0] [cxt 0] basic.p4(597) Condition "meta.do_multimodal == 0" (node_23) is true
[00:41:34.339] [bmv2] [T] [thread 91871] [242.0] [cxt 0] Applying table 'MyIngress.adjudication'
[00:41:34.339] [bmv2] [D] [thread 91871] [242.0] [cxt 0] Looking up key:
* hdr.ipv4.dstAddr    : 0a000202

[00:41:34.339] [bmv2] [D] [thread 91871] [242.0] [cxt 0] Table 'MyIngress.adjudication': hit with handle 0
[00:41:34.339] [bmv2] [D] [thread 91871] [242.0] [cxt 0] Dumping entry 0
Match key:
* hdr.ipv4.dstAddr    : EXACT     0a000202
Action entry: MyIngress.clone_to_cpu - 64,

[00:41:34.339] [bmv2] [D] [thread 91871] [242.0] [cxt 0] Action entry is MyIngress.clone_to_cpu - 64,
[00:41:34.339] [bmv2] [T] [thread 91871] [242.0] [cxt 0] Action MyIngress.clone_to_cpu
[00:41:34.339] [bmv2] [T] [thread 91871] [242.0] [cxt 0] basic.p4(302) Primitive clone(CloneType.I2E, session_id)
[00:41:34.339] [bmv2] [T] [thread 91871] [242.0] [cxt 0] basic.p4(232) Primitive mark_to_drop(standard_metadata)
[00:41:34.339] [bmv2] [T] [thread 91871] [242.0] [cxt 0] Applying table 'MyIngress.ipv4_lpm'
[00:41:34.339] [bmv2] [D] [thread 91871] [242.0] [cxt 0] Looking up key:
* hdr.ipv4.dstAddr    : 0a000202

[00:41:34.339] [bmv2] [D] [thread 91871] [242.0] [cxt 0] Table 'MyIngress.ipv4_lpm': hit with handle 0
[00:41:34.339] [bmv2] [D] [thread 91871] [242.0] [cxt 0] Dumping entry 0
Match key:
* hdr.ipv4.dstAddr    : LPM       0a000202/32
Action entry: MyIngress.ipv4_forward - 80000000222,1,

[00:41:34.339] [bmv2] [D] [thread 91871] [242.0] [cxt 0] Action entry is MyIngress.ipv4_forward - 80000000222,1,
[00:41:34.340] [bmv2] [T] [thread 91871] [242.0] [cxt 0] Action MyIngress.ipv4_forward
[00:41:34.340] [bmv2] [T] [thread 91871] [242.0] [cxt 0] basic.p4(236) Primitive standard_metadata.egress_spec = port
[00:41:34.340] [bmv2] [T] [thread 91871] [242.0] [cxt 0] basic.p4(237) Primitive hdr.ethernet.srcAddr = hdr.ethernet.dstAddr
[00:41:34.340] [bmv2] [T] [thread 91871] [242.0] [cxt 0] basic.p4(238) Primitive hdr.ethernet.dstAddr = dstAddr
[00:41:34.340] [bmv2] [T] [thread 91871] [242.0] [cxt 0] basic.p4(239) Primitive hdr.ipv4.ttl = hdr.ipv4.ttl - 1
[00:41:34.340] [bmv2] [D] [thread 91871] [242.0] [cxt 0] Pipeline 'ingress': end
[00:41:34.340] [bmv2] [D] [thread 91871] [242.0] [cxt 0] Cloning packet at ingress
[00:41:34.340] [bmv2] [D] [thread 91871] [242.0] [cxt 0] Egress port is 1
[00:41:34.340] [bmv2] [D] [thread 91871] [243.0] [cxt 0] Processing packet received on port 4
[00:41:34.340] [bmv2] [D] [thread 91871] [243.0] [cxt 0] Parser 'parser': start
[00:41:34.340] [bmv2] [D] [thread 91871] [243.0] [cxt 0] Parser 'parser' entering state 'start'
[00:41:34.340] [bmv2] [D] [thread 91871] [243.0] [cxt 0] Extracting header 'ethernet'
[00:41:34.340] [bmv2] [D] [thread 91871] [243.0] [cxt 0] Parser state 'start': key is 1313
[00:41:34.340] [bmv2] [T] [thread 91871] [243.0] [cxt 0] Bytes parsed: 14
[00:41:34.340] [bmv2] [D] [thread 91871] [243.0] [cxt 0] Parser 'parser' entering state 'parse_yequdesu'
[00:41:34.340] [bmv2] [D] [thread 91871] [243.0] [cxt 0] Extracting header 'yequdesu'
[00:41:34.340] [bmv2] [D] [thread 91871] [243.0] [cxt 0] Parser state 'parse_yequdesu': key is 0800
[00:41:34.340] [bmv2] [T] [thread 91871] [243.0] [cxt 0] Bytes parsed: 18
[00:41:34.340] [bmv2] [D] [thread 91871] [243.0] [cxt 0] Parser 'parser' entering state 'parse_ipv4'
[00:41:34.340] [bmv2] [D] [thread 91871] [243.0] [cxt 0] Extracting header 'ipv4'
[00:41:34.340] [bmv2] [D] [thread 91871] [243.0] [cxt 0] Parser state 'parse_ipv4': key is 06
[00:41:34.340] [bmv2] [T] [thread 91871] [243.0] [cxt 0] Bytes parsed: 38
[00:41:34.340] [bmv2] [D] [thread 91871] [243.0] [cxt 0] Parser 'parser': end
[00:41:34.340] [bmv2] [D] [thread 91871] [243.0] [cxt 0] Pipeline 'ingress': start
[00:41:34.340] [bmv2] [T] [thread 91871] [243.0] [cxt 0] basic.p4(560) Condition "hdr.ethernet.etherType == TYPE_ARP" (node_2) is false
[00:41:34.340] [bmv2] [T] [thread 91871] [243.0] [cxt 0] basic.p4(563) Condition "hdr.ethernet.etherType == TYPE_SRCROUTING" (node_4) is false
[00:41:34.340] [bmv2] [T] [thread 91871] [243.0] [cxt 0] basic.p4(576) Condition "hdr.ethernet.etherType == TYPE_YEQUDESU" (node_12) is true
[00:41:34.340] [bmv2] [T] [thread 91871] [243.0] [cxt 0] basic.p4(578) Condition "hdr.yequdesu.isValid()" (node_13) is true
[00:41:34.340] [bmv2] [T] [thread 91871] [243.0] [cxt 0] Applying table 'MyIngress.yequdesu_exact'
[00:41:34.340] [bmv2] [D] [thread 91871] [243.0] [cxt 0] Looking up key:
* hdr.yequdesu.dst_id : 012c

[00:41:34.340] [bmv2] [D] [thread 91871] [243.0] [cxt 0] Table 'MyIngress.yequdesu_exact': hit with handle 0
[00:41:34.340] [bmv2] [D] [thread 91871] [243.0] [cxt 0] Dumping entry 0
Match key:
* hdr.yequdesu.dst_id : EXACT     012c
Action entry: MyIngress.yequdesu_egress - 80000000222,1,

[00:41:34.340] [bmv2] [D] [thread 91871] [243.0] [cxt 0] Action entry is MyIngress.yequdesu_egress - 80000000222,1,
[00:41:34.340] [bmv2] [T] [thread 91871] [243.0] [cxt 0] Action MyIngress.yequdesu_egress
[00:41:34.340] [bmv2] [T] [thread 91871] [243.0] [cxt 0] basic.p4(262) Primitive standard_metadata.egress_spec = port
[00:41:34.340] [bmv2] [T] [thread 91871] [243.0] [cxt 0] basic.p4(263) Primitive hdr.ethernet.dstAddr = dstAddr
[00:41:34.340] [bmv2] [T] [thread 91871] [243.0] [cxt 0] basic.p4(264) Primitive hdr.ethernet.etherType = hdr.yequdesu.proto_id
[00:41:34.340] [bmv2] [T] [thread 91871] [243.0] [cxt 0] basic.p4(265) Primitive hdr.yequdesu.setInvalid()
[00:41:34.340] [bmv2] [D] [thread 91871] [243.0] [cxt 0] Pipeline 'ingress': end
[00:41:34.340] [bmv2] [D] [thread 91871] [243.0] [cxt 0] Egress port is 1
[00:41:34.340] [bmv2] [D] [thread 91873] [242.0] [cxt 0] Pipeline 'egress': start
[00:41:34.340] [bmv2] [T] [thread 91873] [242.0] [cxt 0] basic.p4(684) Condition "standard_metadata.mcast_grp != 0" (node_28) is false
[00:41:34.340] [bmv2] [D] [thread 91873] [242.0] [cxt 0] Pipeline 'egress': end
[00:41:34.340] [bmv2] [D] [thread 91873] [242.0] [cxt 0] Deparser 'deparser': start
[00:41:34.340] [bmv2] [D] [thread 91873] [242.0] [cxt 0] Updating checksum 'cksum'
[00:41:34.340] [bmv2] [D] [thread 91873] [242.0] [cxt 0] Deparsing header 'ethernet'
[00:41:34.340] [bmv2] [D] [thread 91873] [242.0] [cxt 0] Deparsing header 'ipv4'
[00:41:34.340] [bmv2] [D] [thread 91873] [242.0] [cxt 0] Deparser 'deparser': end
[00:41:34.340] [bmv2] [D] [thread 91873] [243.0] [cxt 0] Pipeline 'egress': start
[00:41:34.340] [bmv2] [T] [thread 91873] [243.0] [cxt 0] basic.p4(684) Condition "standard_metadata.mcast_grp != 0" (node_28) is false
[00:41:34.340] [bmv2] [D] [thread 91873] [243.0] [cxt 0] Pipeline 'egress': end
[00:41:34.340] [bmv2] [D] [thread 91873] [243.0] [cxt 0] Deparser 'deparser': start
[00:41:34.340] [bmv2] [D] [thread 91873] [243.0] [cxt 0] Updating checksum 'cksum'
[00:41:34.340] [bmv2] [D] [thread 91873] [243.0] [cxt 0] Deparsing header 'ethernet'
[00:41:34.340] [bmv2] [D] [thread 91873] [243.0] [cxt 0] Deparsing header 'ipv4'
[00:41:34.340] [bmv2] [D] [thread 91876] [242.0] [cxt 0] Transmitting packet of size 64 out of port 1
[00:41:34.340] [bmv2] [D] [thread 91873] [243.0] [cxt 0] Deparser 'deparser': end
[00:41:34.340] [bmv2] [D] [thread 91876] [243.0] [cxt 0] Transmitting packet of size 64 out of port 1
[00:41:34.340] [bmv2] [D] [thread 91871] [244.0] [cxt 0] Processing packet received on port 1
[00:41:34.340] [bmv2] [D] [thread 91871] [244.0] [cxt 0] Parser 'parser': start
[00:41:34.340] [bmv2] [D] [thread 91871] [244.0] [cxt 0] Parser 'parser' entering state 'start'
[00:41:34.340] [bmv2] [D] [thread 91871] [244.0] [cxt 0] Extracting header 'ethernet'
[00:41:34.340] [bmv2] [D] [thread 91871] [244.0] [cxt 0] Parser state 'start': key is 0800
[00:41:34.340] [bmv2] [T] [thread 91871] [244.0] [cxt 0] Bytes parsed: 14
[00:41:34.340] [bmv2] [D] [thread 91871] [244.0] [cxt 0] Parser 'parser' entering state 'parse_ipv4'
[00:41:34.340] [bmv2] [D] [thread 91871] [244.0] [cxt 0] Extracting header 'ipv4'
[00:41:34.340] [bmv2] [D] [thread 91871] [244.0] [cxt 0] Parser state 'parse_ipv4': key is 06
[00:41:34.340] [bmv2] [T] [thread 91871] [244.0] [cxt 0] Bytes parsed: 34
[00:41:34.340] [bmv2] [D] [thread 91871] [244.0] [cxt 0] Parser 'parser': end
[00:41:34.340] [bmv2] [D] [thread 91871] [244.0] [cxt 0] Pipeline 'ingress': start
[00:41:34.340] [bmv2] [T] [thread 91871] [244.0] [cxt 0] basic.p4(560) Condition "hdr.ethernet.etherType == TYPE_ARP" (node_2) is false
[00:41:34.340] [bmv2] [T] [thread 91871] [244.0] [cxt 0] basic.p4(563) Condition "hdr.ethernet.etherType == TYPE_SRCROUTING" (node_4) is false
[00:41:34.340] [bmv2] [T] [thread 91871] [244.0] [cxt 0] basic.p4(576) Condition "hdr.ethernet.etherType == TYPE_YEQUDESU" (node_12) is false
[00:41:34.340] [bmv2] [T] [thread 91871] [244.0] [cxt 0] basic.p4(582) Condition "hdr.vxlan.isValid()" (node_15) is false
[00:41:34.340] [bmv2] [T] [thread 91871] [244.0] [cxt 0] basic.p4(586) Condition "hdr.ipv6.isValid()" (node_17) is false
[00:41:34.340] [bmv2] [T] [thread 91871] [244.0] [cxt 0] basic.p4(590) Condition "hdr.ipv4.isValid()" (node_19) is true
[00:41:34.340] [bmv2] [T] [thread 91871] [244.0] [cxt 0] basic.p4(592) Condition "hdr.udp.isValid() && hdr.udp.dstPort == VXLAN_PORT" (node_20) is false
[00:41:34.340] [bmv2] [T] [thread 91871] [244.0] [cxt 0] Applying table 'MyIngress.modality_schedule'
[00:41:34.340] [bmv2] [D] [thread 91871] [244.0] [cxt 0] Looking up key:
* hdr.ipv4.dstAddr    : 0a000101

[00:41:34.340] [bmv2] [D] [thread 91871] [244.0] [cxt 0] Table 'MyIngress.modality_schedule': hit with handle 0
[00:41:34.340] [bmv2] [D] [thread 91871] [244.0] [cxt 0] Dumping entry 0
Match key:
* hdr.ipv4.dstAddr    : EXACT     0a000101
Action entry: MyIngress.set_mcast_grp - 2,

[00:41:34.340] [bmv2] [D] [thread 91871] [244.0] [cxt 0] Action entry is MyIngress.set_mcast_grp - 2,
[00:41:34.340] [bmv2] [T] [thread 91871] [244.0] [cxt 0] Action MyIngress.set_mcast_grp
[00:41:34.340] [bmv2] [T] [thread 91871] [244.0] [cxt 0] basic.p4(296) Primitive standard_metadata.mcast_grp = mcast_grp
[00:41:34.340] [bmv2] [T] [thread 91871] [244.0] [cxt 0] basic.p4(297) Primitive meta.do_multimodal = 1
[00:41:34.340] [bmv2] [T] [thread 91871] [244.0] [cxt 0] basic.p4(298) Primitive hdr.ipv4.ttl = 100
[00:41:34.340] [bmv2] [T] [thread 91871] [244.0] [cxt 0] basic.p4(597) Condition "meta.do_multimodal == 0" (node_23) is false
[00:41:34.340] [bmv2] [D] [thread 91871] [244.0] [cxt 0] Pipeline 'ingress': end
[00:41:34.340] [bmv2] [D] [thread 91871] [244.0] [cxt 0] Multicast requested for packet
[00:41:34.340] [bmv2] [D] [thread 91871] number of packets replicated : 4 for MGID: 2
[00:41:34.340] [bmv2] [D] [thread 91871] [244.0] [cxt 0] Replicating packet on port 2
[00:41:34.340] [bmv2] [D] [thread 91871] [244.0] [cxt 0] Replicating packet on port 3
[00:41:34.340] [bmv2] [D] [thread 91871] [244.0] [cxt 0] Replicating packet on port 4
[00:41:34.340] [bmv2] [D] [thread 91871] [244.0] [cxt 0] Replicating packet on port 5
[00:41:34.340] [bmv2] [D] [thread 91873] [244.4] [cxt 0] Pipeline 'egress': start
[00:41:34.340] [bmv2] [T] [thread 91873] [244.4] [cxt 0] basic.p4(684) Condition "standard_metadata.mcast_grp != 0" (node_28) is true
[00:41:34.340] [bmv2] [T] [thread 91873] [244.4] [cxt 0] Applying table 'MyEgress.egress_encap_ipv6'
[00:41:34.340] [bmv2] [D] [thread 91873] [244.4] [cxt 0] Looking up key:
* standard_metadata.egress_port: 0005

[00:41:34.340] [bmv2] [D] [thread 91873] [244.4] [cxt 0] Table 'MyEgress.egress_encap_ipv6': miss
[00:41:34.340] [bmv2] [D] [thread 91873] [244.4] [cxt 0] Action entry is NoAction - 
[00:41:34.340] [bmv2] [T] [thread 91873] [244.4] [cxt 0] Action NoAction
[00:41:34.340] [bmv2] [T] [thread 91873] [244.4] [cxt 0] Applying table 'MyEgress.egress_encap_yequdesu'
[00:41:34.340] [bmv2] [D] [thread 91873] [244.4] [cxt 0] Looking up key:
* standard_metadata.egress_port: 0005

[00:41:34.340] [bmv2] [D] [thread 91873] [244.4] [cxt 0] Table 'MyEgress.egress_encap_yequdesu': miss
[00:41:34.340] [bmv2] [D] [thread 91873] [244.4] [cxt 0] Action entry is NoAction - 
[00:41:34.340] [bmv2] [D] [thread 91874] [244.1] [cxt 0] Pipeline 'egress': start
[00:41:34.340] [bmv2] [D] [thread 91871] [245.0] [cxt 0] Processing packet received on port 1
[00:41:34.340] [bmv2] [T] [thread 91874] [244.1] [cxt 0] basic.p4(684) Condition "standard_metadata.mcast_grp != 0" (node_28) is true
[00:41:34.340] [bmv2] [T] [thread 91873] [244.4] [cxt 0] Action NoAction
[00:41:34.340] [bmv2] [T] [thread 91873] [244.4] [cxt 0] Applying table 'MyEgress.egress_encap_vxlan'
[00:41:34.340] [bmv2] [D] [thread 91873] [244.4] [cxt 0] Looking up key:
* standard_metadata.egress_port: 0005

[00:41:34.340] [bmv2] [D] [thread 91873] [244.4] [cxt 0] Table 'MyEgress.egress_encap_vxlan': hit with handle 0
[00:41:34.340] [bmv2] [T] [thread 91874] [244.1] [cxt 0] Applying table 'MyEgress.egress_encap_ipv6'
[00:41:34.340] [bmv2] [D] [thread 91873] [244.4] [cxt 0] Dumping entry 0
Match key:
* standard_metadata.egress_port: EXACT     0005
Action entry: MyEgress.encap_vxlan_egress - 65,a00020a,a00010a,

[00:41:34.340] [bmv2] [D] [thread 91873] [244.4] [cxt 0] Action entry is MyEgress.encap_vxlan_egress - 65,a00020a,a00010a,
[00:41:34.340] [bmv2] [T] [thread 91873] [244.4] [cxt 0] Action MyEgress.encap_vxlan_egress
[00:41:34.340] [bmv2] [T] [thread 91873] [244.4] [cxt 0] basic.p4(7) Primitive 0x800; ...
[00:41:34.340] [bmv2] [T] [thread 91873] [244.4] [cxt 0] basic.p4(639) Primitive hdr.ipv4.setValid()
[00:41:34.340] [bmv2] [D] [thread 91874] [244.1] [cxt 0] Looking up key:
* standard_metadata.egress_port: 0002

[00:41:34.340] [bmv2] [T] [thread 91873] [244.4] [cxt 0] basic.p4(640) Primitive hdr.ipv4.version = 4
[00:41:34.340] [bmv2] [D] [thread 91874] [244.1] [cxt 0] Table 'MyEgress.egress_encap_ipv6': miss
[00:41:34.340] [bmv2] [T] [thread 91873] [244.4] [cxt 0] basic.p4(641) Primitive hdr.ipv4.ihl = 5
[00:41:34.340] [bmv2] [T] [thread 91873] [244.4] [cxt 0] basic.p4(642) Primitive hdr.ipv4.diffserv = 0
[00:41:34.340] [bmv2] [T] [thread 91873] [244.4] [cxt 0] basic.p4(643) Primitive hdr.ipv4.totalLen = hdr.ipv4.totalLen + 50
[00:41:34.340] [bmv2] [T] [thread 91873] [244.4] [cxt 0] basic.p4(644) Primitive hdr.ipv4.identification = 0
[00:41:34.340] [bmv2] [D] [thread 91872] [244.3] [cxt 0] Pipeline 'egress': start
[00:41:34.340] [bmv2] [D] [thread 91874] [244.1] [cxt 0] Action entry is NoAction - 
[00:41:34.340] [bmv2] [T] [thread 91872] [244.3] [cxt 0] basic.p4(684) Condition "standard_metadata.mcast_grp != 0" (node_28) is true
[00:41:34.340] [bmv2] [T] [thread 91872] [244.3] [cxt 0] Applying table 'MyEgress.egress_encap_ipv6'
[00:41:34.340] [bmv2] [T] [thread 91874] [244.1] [cxt 0] Action NoAction
[00:41:34.340] [bmv2] [T] [thread 91874] [244.1] [cxt 0] Applying table 'MyEgress.egress_encap_yequdesu'
[00:41:34.340] [bmv2] [T] [thread 91873] [244.4] [cxt 0] basic.p4(645) Primitive hdr.ipv4.flags = 0
[00:41:34.340] [bmv2] [D] [thread 91874] [244.1] [cxt 0] Looking up key:
* standard_metadata.egress_port: 0002

[00:41:34.340] [bmv2] [D] [thread 91872] [244.3] [cxt 0] Looking up key:
* standard_metadata.egress_port: 0004

[00:41:34.340] [bmv2] [D] [thread 91874] [244.1] [cxt 0] Table 'MyEgress.egress_encap_yequdesu': miss
[00:41:34.340] [bmv2] [D] [thread 91874] [244.1] [cxt 0] Action entry is NoAction - 
[00:41:34.340] [bmv2] [T] [thread 91873] [244.4] [cxt 0] basic.p4(646) Primitive hdr.ipv4.fragOffset = 0
[00:41:34.340] [bmv2] [T] [thread 91874] [244.1] [cxt 0] Action NoAction
[00:41:34.340] [bmv2] [T] [thread 91874] [244.1] [cxt 0] Applying table 'MyEgress.egress_encap_vxlan'
[00:41:34.341] [bmv2] [D] [thread 91874] [244.1] [cxt 0] Looking up key:
* standard_metadata.egress_port: 0002

[00:41:34.341] [bmv2] [D] [thread 91874] [244.1] [cxt 0] Table 'MyEgress.egress_encap_vxlan': miss
[00:41:34.341] [bmv2] [D] [thread 91874] [244.1] [cxt 0] Action entry is NoAction - 
[00:41:34.341] [bmv2] [T] [thread 91873] [244.4] [cxt 0] basic.p4(647) Primitive hdr.ipv4.ttl = 64
[00:41:34.341] [bmv2] [T] [thread 91874] [244.1] [cxt 0] Action NoAction
[00:41:34.341] [bmv2] [T] [thread 91873] [244.4] [cxt 0] basic.p4(13) Primitive 17; ...
[00:41:34.341] [bmv2] [D] [thread 91874] [244.1] [cxt 0] Pipeline 'egress': end
[00:41:34.341] [bmv2] [T] [thread 91873] [244.4] [cxt 0] basic.p4(649) Primitive hdr.ipv4.srcAddr = src
[00:41:34.341] [bmv2] [D] [thread 91874] [244.1] [cxt 0] Deparser 'deparser': start
[00:41:34.341] [bmv2] [T] [thread 91873] [244.4] [cxt 0] basic.p4(650) Primitive hdr.ipv4.dstAddr = dst
[00:41:34.341] [bmv2] [T] [thread 91873] [244.4] [cxt 0] basic.p4(652) Primitive hdr.udp.setValid()
[00:41:34.341] [bmv2] [T] [thread 91873] [244.4] [cxt 0] basic.p4(653) Primitive hdr.udp.srcPort = 4789
[00:41:34.341] [bmv2] [T] [thread 91873] [244.4] [cxt 0] basic.p4(654) Primitive hdr.udp.dstPort = 4789
[00:41:34.341] [bmv2] [T] [thread 91873] [244.4] [cxt 0] basic.p4(655) Primitive hdr.udp.length = hdr.udp.length + 38
[00:41:34.341] [bmv2] [T] [thread 91873] [244.4] [cxt 0] basic.p4(656) Primitive hdr.udp.checksum = 0
[00:41:34.341] [bmv2] [T] [thread 91873] [244.4] [cxt 0] basic.p4(658) Primitive hdr.vxlan.setValid()
[00:41:34.341] [bmv2] [T] [thread 91873] [244.4] [cxt 0] basic.p4(659) Primitive hdr.vxlan.flags = 0x08
[00:41:34.341] [bmv2] [T] [thread 91873] [244.4] [cxt 0] basic.p4(660) Primitive hdr.vxlan.reserved1 = 0
[00:41:34.340] [bmv2] [D] [thread 91875] [244.2] [cxt 0] Pipeline 'egress': start
[00:41:34.340] [bmv2] [D] [thread 91872] [244.3] [cxt 0] Table 'MyEgress.egress_encap_ipv6': miss
[00:41:34.340] [bmv2] [D] [thread 91871] [245.0] [cxt 0] Parser 'parser': start
[00:41:34.341] [bmv2] [D] [thread 91872] [244.3] [cxt 0] Action entry is NoAction - 
[00:41:34.341] [bmv2] [D] [thread 91871] [245.0] [cxt 0] Parser 'parser' entering state 'start'
[00:41:34.341] [bmv2] [T] [thread 91872] [244.3] [cxt 0] Action NoAction
[00:41:34.341] [bmv2] [D] [thread 91871] [245.0] [cxt 0] Extracting header 'ethernet'
[00:41:34.341] [bmv2] [T] [thread 91872] [244.3] [cxt 0] Applying table 'MyEgress.egress_encap_yequdesu'
[00:41:34.341] [bmv2] [D] [thread 91871] [245.0] [cxt 0] Parser state 'start': key is 0800
[00:41:34.341] [bmv2] [T] [thread 91871] [245.0] [cxt 0] Bytes parsed: 14
[00:41:34.341] [bmv2] [D] [thread 91872] [244.3] [cxt 0] Looking up key:
* standard_metadata.egress_port: 0004

[00:41:34.341] [bmv2] [D] [thread 91871] [245.0] [cxt 0] Parser 'parser' entering state 'parse_ipv4'
[00:41:34.341] [bmv2] [D] [thread 91871] [245.0] [cxt 0] Extracting header 'ipv4'
[00:41:34.341] [bmv2] [T] [thread 91875] [244.2] [cxt 0] basic.p4(684) Condition "standard_metadata.mcast_grp != 0" (node_28) is true
[00:41:34.341] [bmv2] [T] [thread 91873] [244.4] [cxt 0] basic.p4(661) Primitive hdr.vxlan.vni = vni
[00:41:34.341] [bmv2] [T] [thread 91873] [244.4] [cxt 0] basic.p4(662) Primitive hdr.vxlan.reserved2 = 0
[00:41:34.341] [bmv2] [D] [thread 91873] [244.4] [cxt 0] Pipeline 'egress': end
[00:41:34.341] [bmv2] [D] [thread 91873] [244.4] [cxt 0] Deparser 'deparser': start
[00:41:34.341] [bmv2] [D] [thread 91873] [244.4] [cxt 0] Updating checksum 'cksum'
[00:41:34.341] [bmv2] [T] [thread 91875] [244.2] [cxt 0] Applying table 'MyEgress.egress_encap_ipv6'
[00:41:34.341] [bmv2] [D] [thread 91873] [244.4] [cxt 0] Deparsing header 'ethernet'
[00:41:34.341] [bmv2] [D] [thread 91873] [244.4] [cxt 0] Deparsing header 'ipv4'
[00:41:34.341] [bmv2] [D] [thread 91875] [244.2] [cxt 0] Looking up key:
* standard_metadata.egress_port: 0003

[00:41:34.341] [bmv2] [D] [thread 91871] [245.0] [cxt 0] Parser state 'parse_ipv4': key is 06
[00:41:34.341] [bmv2] [T] [thread 91871] [245.0] [cxt 0] Bytes parsed: 34
[00:41:34.341] [bmv2] [D] [thread 91871] [245.0] [cxt 0] Parser 'parser': end
[00:41:34.341] [bmv2] [D] [thread 91875] [244.2] [cxt 0] Table 'MyEgress.egress_encap_ipv6': hit with handle 0
[00:41:34.341] [bmv2] [D] [thread 91871] [245.0] [cxt 0] Pipeline 'ingress': start
[00:41:34.341] [bmv2] [T] [thread 91871] [245.0] [cxt 0] basic.p4(560) Condition "hdr.ethernet.etherType == TYPE_ARP" (node_2) is false
[00:41:34.341] [bmv2] [D] [thread 91875] [244.2] [cxt 0] Dumping entry 0
Match key:
* standard_metadata.egress_port: EXACT     0003
Action entry: MyEgress.encap_ipv6_egress - 20010db8000000000000000000000002,20010db8000000000000000000000001,

[00:41:34.341] [bmv2] [T] [thread 91871] [245.0] [cxt 0] basic.p4(563) Condition "hdr.ethernet.etherType == TYPE_SRCROUTING" (node_4) is false
[00:41:34.341] [bmv2] [D] [thread 91875] [244.2] [cxt 0] Action entry is MyEgress.encap_ipv6_egress - 20010db8000000000000000000000002,20010db8000000000000000000000001,
[00:41:34.341] [bmv2] [T] [thread 91871] [245.0] [cxt 0] basic.p4(576) Condition "hdr.ethernet.etherType == TYPE_YEQUDESU" (node_12) is false
[00:41:34.341] [bmv2] [T] [thread 91875] [244.2] [cxt 0] Action MyEgress.encap_ipv6_egress
[00:41:34.341] [bmv2] [T] [thread 91871] [245.0] [cxt 0] basic.p4(582) Condition "hdr.vxlan.isValid()" (node_15) is false
[00:41:34.341] [bmv2] [T] [thread 91875] [244.2] [cxt 0] basic.p4(616) Primitive hdr.ipv6.setValid()
[00:41:34.341] [bmv2] [T] [thread 91871] [245.0] [cxt 0] basic.p4(586) Condition "hdr.ipv6.isValid()" (node_17) is false
[00:41:34.341] [bmv2] [T] [thread 91871] [245.0] [cxt 0] basic.p4(590) Condition "hdr.ipv4.isValid()" (node_19) is true
[00:41:34.341] [bmv2] [T] [thread 91875] [244.2] [cxt 0] basic.p4(617) Primitive hdr.ipv6.version = 6
[00:41:34.341] [bmv2] [T] [thread 91871] [245.0] [cxt 0] basic.p4(592) Condition "hdr.udp.isValid() && hdr.udp.dstPort == VXLAN_PORT" (node_20) is false
[00:41:34.341] [bmv2] [T] [thread 91875] [244.2] [cxt 0] basic.p4(618) Primitive hdr.ipv6.trafficClass = 0
[00:41:34.341] [bmv2] [D] [thread 91872] [244.3] [cxt 0] Table 'MyEgress.egress_encap_yequdesu': hit with handle 0
[00:41:34.341] [bmv2] [D] [thread 91874] [244.1] [cxt 0] Updating checksum 'cksum'
[00:41:34.341] [bmv2] [D] [thread 91872] [244.3] [cxt 0] Dumping entry 0
Match key:
* standard_metadata.egress_port: EXACT     0004
Action entry: MyEgress.encap_yequdesu_egress - 12d,

[00:41:34.341] [bmv2] [D] [thread 91874] [244.1] [cxt 0] Deparsing header 'ethernet'
[00:41:34.341] [bmv2] [D] [thread 91872] [244.3] [cxt 0] Action entry is MyEgress.encap_yequdesu_egress - 12d,
[00:41:34.341] [bmv2] [T] [thread 91875] [244.2] [cxt 0] basic.p4(619) Primitive hdr.ipv6.flowLabel = 0
[00:41:34.341] [bmv2] [T] [thread 91875] [244.2] [cxt 0] basic.p4(620) Primitive hdr.ipv6.payLoadLen = hdr.ipv4.totalLen
[00:41:34.341] [bmv2] [T] [thread 91872] [244.3] [cxt 0] Action MyEgress.encap_yequdesu_egress
[00:41:34.341] [bmv2] [D] [thread 91874] [244.1] [cxt 0] Deparsing header 'ipv4'
[00:41:34.341] [bmv2] [T] [thread 91872] [244.3] [cxt 0] basic.p4(630) Primitive hdr.yequdesu.setValid()
[00:41:34.341] [bmv2] [D] [thread 91874] [244.1] [cxt 0] Deparser 'deparser': end
[00:41:34.341] [bmv2] [T] [thread 91872] [244.3] [cxt 0] basic.p4(631) Primitive hdr.yequdesu.dst_id = dst_id
[00:41:34.341] [bmv2] [T] [thread 91875] [244.2] [cxt 0] basic.p4(621) Primitive hdr.ipv6.nextHdr = 4
[00:41:34.341] [bmv2] [T] [thread 91875] [244.2] [cxt 0] basic.p4(622) Primitive hdr.ipv6.hopLimit = 64
[00:41:34.341] [bmv2] [D] [thread 91873] [244.4] [cxt 0] Deparsing header 'udp'
[00:41:34.341] [bmv2] [T] [thread 91875] [244.2] [cxt 0] basic.p4(623) Primitive hdr.ipv6.srcAddr = src
[00:41:34.341] [bmv2] [T] [thread 91875] [244.2] [cxt 0] basic.p4(624) Primitive hdr.ipv6.dstAddr = dst
[00:41:34.341] [bmv2] [T] [thread 91875] [244.2] [cxt 0] basic.p4(625) Primitive hdr.ipv4.ttl = hdr.ipv4.ttl - 1
[00:41:34.341] [bmv2] [T] [thread 91871] [245.0] [cxt 0] Applying table 'MyIngress.modality_schedule'
[00:41:34.341] [bmv2] [T] [thread 91875] [244.2] [cxt 0] basic.p4(626) Primitive hdr.ethernet.etherType = 0x86dd
[00:41:34.341] [bmv2] [T] [thread 91875] [244.2] [cxt 0] Applying table 'MyEgress.egress_encap_yequdesu'
[00:41:34.341] [bmv2] [T] [thread 91872] [244.3] [cxt 0] basic.p4(632) Primitive hdr.yequdesu.proto_id = 0x800
[00:41:34.341] [bmv2] [D] [thread 91875] [244.2] [cxt 0] Looking up key:
* standard_metadata.egress_port: 0003

[00:41:34.341] [bmv2] [D] [thread 91873] [244.4] [cxt 0] Deparsing header 'vxlan'
[00:41:34.341] [bmv2] [D] [thread 91875] [244.2] [cxt 0] Table 'MyEgress.egress_encap_yequdesu': miss
[00:41:34.341] [bmv2] [D] [thread 91873] [244.4] [cxt 0] Deparser 'deparser': end
[00:41:34.341] [bmv2] [D] [thread 91875] [244.2] [cxt 0] Action entry is NoAction - 
[00:41:34.341] [bmv2] [D] [thread 91871] [245.0] [cxt 0] Looking up key:
* hdr.ipv4.dstAddr    : 0a000101

[00:41:34.341] [bmv2] [T] [thread 91875] [244.2] [cxt 0] Action NoAction
[00:41:34.341] [bmv2] [T] [thread 91872] [244.3] [cxt 0] basic.p4(6) Primitive 0x1313; ...
[00:41:34.341] [bmv2] [D] [thread 91876] [244.1] [cxt 0] Transmitting packet of size 54 out of port 2
[00:41:34.341] [bmv2] [T] [thread 91872] [244.3] [cxt 0] Applying table 'MyEgress.egress_encap_vxlan'
[00:41:34.341] [bmv2] [D] [thread 91876] [244.4] [cxt 0] Transmitting packet of size 70 out of port 5
[00:41:34.341] [bmv2] [D] [thread 91871] [245.0] [cxt 0] Table 'MyIngress.modality_schedule': hit with handle 0
[00:41:34.341] [bmv2] [D] [thread 91871] [245.0] [cxt 0] Dumping entry 0
Match key:
* hdr.ipv4.dstAddr    : EXACT     0a000101
Action entry: MyIngress.set_mcast_grp - 2,

[00:41:34.341] [bmv2] [D] [thread 91871] [245.0] [cxt 0] Action entry is MyIngress.set_mcast_grp - 2,
[00:41:34.341] [bmv2] [T] [thread 91871] [245.0] [cxt 0] Action MyIngress.set_mcast_grp
[00:41:34.341] [bmv2] [T] [thread 91871] [245.0] [cxt 0] basic.p4(296) Primitive standard_metadata.mcast_grp = mcast_grp
[00:41:34.341] [bmv2] [T] [thread 91871] [245.0] [cxt 0] basic.p4(297) Primitive meta.do_multimodal = 1
[00:41:34.341] [bmv2] [T] [thread 91871] [245.0] [cxt 0] basic.p4(298) Primitive hdr.ipv4.ttl = 100
[00:41:34.341] [bmv2] [T] [thread 91871] [245.0] [cxt 0] basic.p4(597) Condition "meta.do_multimodal == 0" (node_23) is false
[00:41:34.341] [bmv2] [D] [thread 91871] [245.0] [cxt 0] Pipeline 'ingress': end
[00:41:34.341] [bmv2] [D] [thread 91871] [245.0] [cxt 0] Multicast requested for packet
[00:41:34.341] [bmv2] [D] [thread 91871] number of packets replicated : 4 for MGID: 2
[00:41:34.341] [bmv2] [D] [thread 91871] [245.0] [cxt 0] Replicating packet on port 2
[00:41:34.341] [bmv2] [D] [thread 91871] [245.0] [cxt 0] Replicating packet on port 3
[00:41:34.341] [bmv2] [D] [thread 91871] [245.0] [cxt 0] Replicating packet on port 4
[00:41:34.341] [bmv2] [T] [thread 91875] [244.2] [cxt 0] Applying table 'MyEgress.egress_encap_vxlan'
[00:41:34.341] [bmv2] [D] [thread 91871] [245.0] [cxt 0] Replicating packet on port 5
[00:41:34.341] [bmv2] [D] [thread 91874] [245.1] [cxt 0] Pipeline 'egress': start
[00:41:34.341] [bmv2] [T] [thread 91874] [245.1] [cxt 0] basic.p4(684) Condition "standard_metadata.mcast_grp != 0" (node_28) is true
[00:41:34.341] [bmv2] [T] [thread 91874] [245.1] [cxt 0] Applying table 'MyEgress.egress_encap_ipv6'
[00:41:34.341] [bmv2] [D] [thread 91874] [245.1] [cxt 0] Looking up key:
* standard_metadata.egress_port: 0002

[00:41:34.341] [bmv2] [D] [thread 91874] [245.1] [cxt 0] Table 'MyEgress.egress_encap_ipv6': miss
[00:41:34.341] [bmv2] [D] [thread 91874] [245.1] [cxt 0] Action entry is NoAction - 
[00:41:34.341] [bmv2] [T] [thread 91874] [245.1] [cxt 0] Action NoAction
[00:41:34.341] [bmv2] [T] [thread 91874] [245.1] [cxt 0] Applying table 'MyEgress.egress_encap_yequdesu'
[00:41:34.341] [bmv2] [D] [thread 91872] [244.3] [cxt 0] Looking up key:
* standard_metadata.egress_port: 0004

[00:41:34.341] [bmv2] [D] [thread 91875] [244.2] [cxt 0] Looking up key:
* standard_metadata.egress_port: 0003

[00:41:34.341] [bmv2] [D] [thread 91872] [244.3] [cxt 0] Table 'MyEgress.egress_encap_vxlan': miss
[00:41:34.341] [bmv2] [D] [thread 91874] [245.1] [cxt 0] Looking up key:
* standard_metadata.egress_port: 0002

[00:41:34.341] [bmv2] [D] [thread 91875] [244.2] [cxt 0] Table 'MyEgress.egress_encap_vxlan': miss
[00:41:34.341] [bmv2] [D] [thread 91872] [244.3] [cxt 0] Action entry is NoAction - 
[00:41:34.341] [bmv2] [D] [thread 91875] [244.2] [cxt 0] Action entry is NoAction - 
[00:41:34.341] [bmv2] [T] [thread 91875] [244.2] [cxt 0] Action NoAction
[00:41:34.341] [bmv2] [D] [thread 91875] [244.2] [cxt 0] Pipeline 'egress': end
[00:41:34.341] [bmv2] [D] [thread 91875] [244.2] [cxt 0] Deparser 'deparser': start
[00:41:34.341] [bmv2] [D] [thread 91874] [245.1] [cxt 0] Table 'MyEgress.egress_encap_yequdesu': miss
[00:41:34.341] [bmv2] [D] [thread 91875] [244.2] [cxt 0] Updating checksum 'cksum'
[00:41:34.341] [bmv2] [D] [thread 91874] [245.1] [cxt 0] Action entry is NoAction - 
[00:41:34.341] [bmv2] [T] [thread 91874] [245.1] [cxt 0] Action NoAction
[00:41:34.341] [bmv2] [T] [thread 91874] [245.1] [cxt 0] Applying table 'MyEgress.egress_encap_vxlan'
[00:41:34.341] [bmv2] [D] [thread 91873] [245.4] [cxt 0] Pipeline 'egress': start
[00:41:34.341] [bmv2] [D] [thread 91874] [245.1] [cxt 0] Looking up key:
* standard_metadata.egress_port: 0002

[00:41:34.341] [bmv2] [T] [thread 91873] [245.4] [cxt 0] basic.p4(684) Condition "standard_metadata.mcast_grp != 0" (node_28) is true
[00:41:34.341] [bmv2] [D] [thread 91874] [245.1] [cxt 0] Table 'MyEgress.egress_encap_vxlan': miss
[00:41:34.341] [bmv2] [T] [thread 91873] [245.4] [cxt 0] Applying table 'MyEgress.egress_encap_ipv6'
[00:41:34.341] [bmv2] [D] [thread 91874] [245.1] [cxt 0] Action entry is NoAction - 
[00:41:34.341] [bmv2] [T] [thread 91874] [245.1] [cxt 0] Action NoAction
[00:41:34.341] [bmv2] [D] [thread 91873] [245.4] [cxt 0] Looking up key:
* standard_metadata.egress_port: 0005

[00:41:34.341] [bmv2] [D] [thread 91874] [245.1] [cxt 0] Pipeline 'egress': end
[00:41:34.341] [bmv2] [D] [thread 91873] [245.4] [cxt 0] Table 'MyEgress.egress_encap_ipv6': miss
[00:41:34.341] [bmv2] [D] [thread 91874] [245.1] [cxt 0] Deparser 'deparser': start
[00:41:34.341] [bmv2] [D] [thread 91873] [245.4] [cxt 0] Action entry is NoAction - 
[00:41:34.341] [bmv2] [D] [thread 91874] [245.1] [cxt 0] Updating checksum 'cksum'
[00:41:34.341] [bmv2] [T] [thread 91873] [245.4] [cxt 0] Action NoAction
[00:41:34.341] [bmv2] [T] [thread 91873] [245.4] [cxt 0] Applying table 'MyEgress.egress_encap_yequdesu'
[00:41:34.341] [bmv2] [D] [thread 91874] [245.1] [cxt 0] Deparsing header 'ethernet'
[00:41:34.341] [bmv2] [D] [thread 91875] [244.2] [cxt 0] Deparsing header 'ethernet'
[00:41:34.341] [bmv2] [D] [thread 91874] [245.1] [cxt 0] Deparsing header 'ipv4'
[00:41:34.341] [bmv2] [D] [thread 91875] [244.2] [cxt 0] Deparsing header 'ipv4'
[00:41:34.341] [bmv2] [D] [thread 91874] [245.1] [cxt 0] Deparser 'deparser': end
[00:41:34.341] [bmv2] [D] [thread 91875] [244.2] [cxt 0] Deparsing header 'ipv6'
[00:41:34.341] [bmv2] [D] [thread 91875] [244.2] [cxt 0] Deparser 'deparser': end
[00:41:34.341] [bmv2] [T] [thread 91872] [244.3] [cxt 0] Action NoAction
[00:41:34.342] [bmv2] [D] [thread 91876] [245.1] [cxt 0] Transmitting packet of size 54 out of port 2
[00:41:34.342] [bmv2] [D] [thread 91875] [245.2] [cxt 0] Pipeline 'egress': start
[00:41:34.342] [bmv2] [D] [thread 91872] [244.3] [cxt 0] Pipeline 'egress': end
[00:41:34.342] [bmv2] [T] [thread 91875] [245.2] [cxt 0] basic.p4(684) Condition "standard_metadata.mcast_grp != 0" (node_28) is true
[00:41:34.342] [bmv2] [D] [thread 91872] [244.3] [cxt 0] Deparser 'deparser': start
[00:41:34.342] [bmv2] [T] [thread 91875] [245.2] [cxt 0] Applying table 'MyEgress.egress_encap_ipv6'
[00:41:34.342] [bmv2] [D] [thread 91872] [244.3] [cxt 0] Updating checksum 'cksum'
[00:41:34.341] [bmv2] [D] [thread 91873] [245.4] [cxt 0] Looking up key:
* standard_metadata.egress_port: 0005

[00:41:34.342] [bmv2] [D] [thread 91875] [245.2] [cxt 0] Looking up key:
* standard_metadata.egress_port: 0003

[00:41:34.342] [bmv2] [D] [thread 91876] [244.2] [cxt 0] Transmitting packet of size 94 out of port 3
[00:41:34.342] [bmv2] [D] [thread 91872] [244.3] [cxt 0] Deparsing header 'ethernet'
[00:41:34.342] [bmv2] [D] [thread 91872] [244.3] [cxt 0] Deparsing header 'yequdesu'
[00:41:34.342] [bmv2] [D] [thread 91872] [244.3] [cxt 0] Deparsing header 'ipv4'
[00:41:34.342] [bmv2] [D] [thread 91872] [244.3] [cxt 0] Deparser 'deparser': end
[00:41:34.342] [bmv2] [D] [thread 91875] [245.2] [cxt 0] Table 'MyEgress.egress_encap_ipv6': hit with handle 0
[00:41:34.342] [bmv2] [D] [thread 91876] [244.3] [cxt 0] Transmitting packet of size 58 out of port 4
[00:41:34.342] [bmv2] [D] [thread 91875] [245.2] [cxt 0] Dumping entry 0
Match key:
* standard_metadata.egress_port: EXACT     0003
Action entry: MyEgress.encap_ipv6_egress - 20010db8000000000000000000000002,20010db8000000000000000000000001,

[00:41:34.342] [bmv2] [D] [thread 91875] [245.2] [cxt 0] Action entry is MyEgress.encap_ipv6_egress - 20010db8000000000000000000000002,20010db8000000000000000000000001,
[00:41:34.342] [bmv2] [T] [thread 91875] [245.2] [cxt 0] Action MyEgress.encap_ipv6_egress
[00:41:34.342] [bmv2] [T] [thread 91875] [245.2] [cxt 0] basic.p4(616) Primitive hdr.ipv6.setValid()
[00:41:34.342] [bmv2] [T] [thread 91875] [245.2] [cxt 0] basic.p4(617) Primitive hdr.ipv6.version = 6
[00:41:34.342] [bmv2] [T] [thread 91875] [245.2] [cxt 0] basic.p4(618) Primitive hdr.ipv6.trafficClass = 0
[00:41:34.342] [bmv2] [T] [thread 91875] [245.2] [cxt 0] basic.p4(619) Primitive hdr.ipv6.flowLabel = 0
[00:41:34.342] [bmv2] [T] [thread 91875] [245.2] [cxt 0] basic.p4(620) Primitive hdr.ipv6.payLoadLen = hdr.ipv4.totalLen
[00:41:34.342] [bmv2] [T] [thread 91875] [245.2] [cxt 0] basic.p4(621) Primitive hdr.ipv6.nextHdr = 4
[00:41:34.342] [bmv2] [T] [thread 91875] [245.2] [cxt 0] basic.p4(622) Primitive hdr.ipv6.hopLimit = 64
[00:41:34.342] [bmv2] [T] [thread 91875] [245.2] [cxt 0] basic.p4(623) Primitive hdr.ipv6.srcAddr = src
[00:41:34.342] [bmv2] [T] [thread 91875] [245.2] [cxt 0] basic.p4(624) Primitive hdr.ipv6.dstAddr = dst
[00:41:34.342] [bmv2] [T] [thread 91875] [245.2] [cxt 0] basic.p4(625) Primitive hdr.ipv4.ttl = hdr.ipv4.ttl - 1
[00:41:34.342] [bmv2] [T] [thread 91875] [245.2] [cxt 0] basic.p4(626) Primitive hdr.ethernet.etherType = 0x86dd
[00:41:34.342] [bmv2] [T] [thread 91875] [245.2] [cxt 0] Applying table 'MyEgress.egress_encap_yequdesu'
[00:41:34.342] [bmv2] [D] [thread 91875] [245.2] [cxt 0] Looking up key:
* standard_metadata.egress_port: 0003

[00:41:34.342] [bmv2] [D] [thread 91873] [245.4] [cxt 0] Table 'MyEgress.egress_encap_yequdesu': miss
[00:41:34.342] [bmv2] [D] [thread 91875] [245.2] [cxt 0] Table 'MyEgress.egress_encap_yequdesu': miss
[00:41:34.342] [bmv2] [D] [thread 91875] [245.2] [cxt 0] Action entry is NoAction - 
[00:41:34.342] [bmv2] [D] [thread 91873] [245.4] [cxt 0] Action entry is NoAction - 
[00:41:34.342] [bmv2] [T] [thread 91875] [245.2] [cxt 0] Action NoAction
[00:41:34.342] [bmv2] [T] [thread 91873] [245.4] [cxt 0] Action NoAction
[00:41:34.342] [bmv2] [T] [thread 91875] [245.2] [cxt 0] Applying table 'MyEgress.egress_encap_vxlan'
[00:41:34.342] [bmv2] [T] [thread 91873] [245.4] [cxt 0] Applying table 'MyEgress.egress_encap_vxlan'
[00:41:34.342] [bmv2] [D] [thread 91875] [245.2] [cxt 0] Looking up key:
* standard_metadata.egress_port: 0003

[00:41:34.342] [bmv2] [D] [thread 91873] [245.4] [cxt 0] Looking up key:
* standard_metadata.egress_port: 0005

[00:41:34.342] [bmv2] [D] [thread 91875] [245.2] [cxt 0] Table 'MyEgress.egress_encap_vxlan': miss
[00:41:34.342] [bmv2] [D] [thread 91873] [245.4] [cxt 0] Table 'MyEgress.egress_encap_vxlan': hit with handle 0
[00:41:34.342] [bmv2] [D] [thread 91873] [245.4] [cxt 0] Dumping entry 0
Match key:
* standard_metadata.egress_port: EXACT     0005
Action entry: MyEgress.encap_vxlan_egress - 65,a00020a,a00010a,

[00:41:34.342] [bmv2] [D] [thread 91873] [245.4] [cxt 0] Action entry is MyEgress.encap_vxlan_egress - 65,a00020a,a00010a,
[00:41:34.342] [bmv2] [T] [thread 91873] [245.4] [cxt 0] Action MyEgress.encap_vxlan_egress
[00:41:34.342] [bmv2] [T] [thread 91873] [245.4] [cxt 0] basic.p4(7) Primitive 0x800; ...
[00:41:34.342] [bmv2] [T] [thread 91873] [245.4] [cxt 0] basic.p4(639) Primitive hdr.ipv4.setValid()
[00:41:34.342] [bmv2] [T] [thread 91873] [245.4] [cxt 0] basic.p4(640) Primitive hdr.ipv4.version = 4
[00:41:34.342] [bmv2] [T] [thread 91873] [245.4] [cxt 0] basic.p4(641) Primitive hdr.ipv4.ihl = 5
[00:41:34.342] [bmv2] [T] [thread 91873] [245.4] [cxt 0] basic.p4(642) Primitive hdr.ipv4.diffserv = 0
[00:41:34.342] [bmv2] [T] [thread 91873] [245.4] [cxt 0] basic.p4(643) Primitive hdr.ipv4.totalLen = hdr.ipv4.totalLen + 50
[00:41:34.342] [bmv2] [D] [thread 91875] [245.2] [cxt 0] Action entry is NoAction - 
[00:41:34.342] [bmv2] [T] [thread 91873] [245.4] [cxt 0] basic.p4(644) Primitive hdr.ipv4.identification = 0
[00:41:34.342] [bmv2] [T] [thread 91873] [245.4] [cxt 0] basic.p4(645) Primitive hdr.ipv4.flags = 0
[00:41:34.342] [bmv2] [T] [thread 91873] [245.4] [cxt 0] basic.p4(646) Primitive hdr.ipv4.fragOffset = 0
[00:41:34.342] [bmv2] [T] [thread 91875] [245.2] [cxt 0] Action NoAction
[00:41:34.342] [bmv2] [D] [thread 91872] [245.3] [cxt 0] Pipeline 'egress': start
[00:41:34.342] [bmv2] [T] [thread 91872] [245.3] [cxt 0] basic.p4(684) Condition "standard_metadata.mcast_grp != 0" (node_28) is true
[00:41:34.342] [bmv2] [T] [thread 91872] [245.3] [cxt 0] Applying table 'MyEgress.egress_encap_ipv6'
[00:41:34.342] [bmv2] [D] [thread 91875] [245.2] [cxt 0] Pipeline 'egress': end
[00:41:34.342] [bmv2] [T] [thread 91873] [245.4] [cxt 0] basic.p4(647) Primitive hdr.ipv4.ttl = 64
[00:41:34.342] [bmv2] [D] [thread 91872] [245.3] [cxt 0] Looking up key:
* standard_metadata.egress_port: 0004

[00:41:34.342] [bmv2] [D] [thread 91872] [245.3] [cxt 0] Table 'MyEgress.egress_encap_ipv6': miss
[00:41:34.342] [bmv2] [D] [thread 91872] [245.3] [cxt 0] Action entry is NoAction - 
[00:41:34.342] [bmv2] [T] [thread 91872] [245.3] [cxt 0] Action NoAction
[00:41:34.342] [bmv2] [T] [thread 91872] [245.3] [cxt 0] Applying table 'MyEgress.egress_encap_yequdesu'
[00:41:34.342] [bmv2] [D] [thread 91872] [245.3] [cxt 0] Looking up key:
* standard_metadata.egress_port: 0004

[00:41:34.342] [bmv2] [T] [thread 91873] [245.4] [cxt 0] basic.p4(13) Primitive 17; ...
[00:41:34.342] [bmv2] [D] [thread 91872] [245.3] [cxt 0] Table 'MyEgress.egress_encap_yequdesu': hit with handle 0
[00:41:34.342] [bmv2] [T] [thread 91873] [245.4] [cxt 0] basic.p4(649) Primitive hdr.ipv4.srcAddr = src
[00:41:34.342] [bmv2] [T] [thread 91873] [245.4] [cxt 0] basic.p4(650) Primitive hdr.ipv4.dstAddr = dst
[00:41:34.342] [bmv2] [T] [thread 91873] [245.4] [cxt 0] basic.p4(652) Primitive hdr.udp.setValid()
[00:41:34.342] [bmv2] [T] [thread 91873] [245.4] [cxt 0] basic.p4(653) Primitive hdr.udp.srcPort = 4789
[00:41:34.342] [bmv2] [T] [thread 91873] [245.4] [cxt 0] basic.p4(654) Primitive hdr.udp.dstPort = 4789
[00:41:34.342] [bmv2] [T] [thread 91873] [245.4] [cxt 0] basic.p4(655) Primitive hdr.udp.length = hdr.udp.length + 38
[00:41:34.342] [bmv2] [T] [thread 91873] [245.4] [cxt 0] basic.p4(656) Primitive hdr.udp.checksum = 0
[00:41:34.342] [bmv2] [T] [thread 91873] [245.4] [cxt 0] basic.p4(658) Primitive hdr.vxlan.setValid()
[00:41:34.342] [bmv2] [T] [thread 91873] [245.4] [cxt 0] basic.p4(659) Primitive hdr.vxlan.flags = 0x08
[00:41:34.342] [bmv2] [T] [thread 91873] [245.4] [cxt 0] basic.p4(660) Primitive hdr.vxlan.reserved1 = 0
[00:41:34.342] [bmv2] [T] [thread 91873] [245.4] [cxt 0] basic.p4(661) Primitive hdr.vxlan.vni = vni
[00:41:34.342] [bmv2] [D] [thread 91872] [245.3] [cxt 0] Dumping entry 0
Match key:
* standard_metadata.egress_port: EXACT     0004
Action entry: MyEgress.encap_yequdesu_egress - 12d,

[00:41:34.342] [bmv2] [D] [thread 91872] [245.3] [cxt 0] Action entry is MyEgress.encap_yequdesu_egress - 12d,
[00:41:34.342] [bmv2] [T] [thread 91872] [245.3] [cxt 0] Action MyEgress.encap_yequdesu_egress
[00:41:34.342] [bmv2] [T] [thread 91872] [245.3] [cxt 0] basic.p4(630) Primitive hdr.yequdesu.setValid()
[00:41:34.342] [bmv2] [T] [thread 91873] [245.4] [cxt 0] basic.p4(662) Primitive hdr.vxlan.reserved2 = 0
[00:41:34.342] [bmv2] [T] [thread 91872] [245.3] [cxt 0] basic.p4(631) Primitive hdr.yequdesu.dst_id = dst_id
[00:41:34.342] [bmv2] [T] [thread 91872] [245.3] [cxt 0] basic.p4(632) Primitive hdr.yequdesu.proto_id = 0x800
[00:41:34.342] [bmv2] [D] [thread 91873] [245.4] [cxt 0] Pipeline 'egress': end
[00:41:34.342] [bmv2] [T] [thread 91872] [245.3] [cxt 0] basic.p4(6) Primitive 0x1313; ...
[00:41:34.342] [bmv2] [D] [thread 91873] [245.4] [cxt 0] Deparser 'deparser': start
[00:41:34.342] [bmv2] [T] [thread 91872] [245.3] [cxt 0] Applying table 'MyEgress.egress_encap_vxlan'
[00:41:34.342] [bmv2] [D] [thread 91873] [245.4] [cxt 0] Updating checksum 'cksum'
[00:41:34.342] [bmv2] [D] [thread 91872] [245.3] [cxt 0] Looking up key:
* standard_metadata.egress_port: 0004

[00:41:34.342] [bmv2] [D] [thread 91873] [245.4] [cxt 0] Deparsing header 'ethernet'
[00:41:34.342] [bmv2] [D] [thread 91872] [245.3] [cxt 0] Table 'MyEgress.egress_encap_vxlan': miss
[00:41:34.342] [bmv2] [D] [thread 91873] [245.4] [cxt 0] Deparsing header 'ipv4'
[00:41:34.342] [bmv2] [D] [thread 91872] [245.3] [cxt 0] Action entry is NoAction - 
[00:41:34.342] [bmv2] [D] [thread 91873] [245.4] [cxt 0] Deparsing header 'udp'
[00:41:34.342] [bmv2] [T] [thread 91872] [245.3] [cxt 0] Action NoAction
[00:41:34.342] [bmv2] [D] [thread 91873] [245.4] [cxt 0] Deparsing header 'vxlan'
[00:41:34.342] [bmv2] [D] [thread 91872] [245.3] [cxt 0] Pipeline 'egress': end
[00:41:34.342] [bmv2] [D] [thread 91873] [245.4] [cxt 0] Deparser 'deparser': end
[00:41:34.342] [bmv2] [D] [thread 91872] [245.3] [cxt 0] Deparser 'deparser': start
[00:41:34.342] [bmv2] [D] [thread 91872] [245.3] [cxt 0] Updating checksum 'cksum'
[00:41:34.342] [bmv2] [D] [thread 91876] [245.4] [cxt 0] Transmitting packet of size 70 out of port 5
[00:41:34.342] [bmv2] [D] [thread 91872] [245.3] [cxt 0] Deparsing header 'ethernet'
[00:41:34.342] [bmv2] [D] [thread 91872] [245.3] [cxt 0] Deparsing header 'yequdesu'
[00:41:34.342] [bmv2] [D] [thread 91872] [245.3] [cxt 0] Deparsing header 'ipv4'
[00:41:34.342] [bmv2] [D] [thread 91872] [245.3] [cxt 0] Deparser 'deparser': end
[00:41:34.342] [bmv2] [D] [thread 91876] [245.3] [cxt 0] Transmitting packet of size 58 out of port 4
[00:41:34.342] [bmv2] [D] [thread 91875] [245.2] [cxt 0] Deparser 'deparser': start
[00:41:34.343] [bmv2] [D] [thread 91875] [245.2] [cxt 0] Updating checksum 'cksum'
[00:41:34.343] [bmv2] [D] [thread 91875] [245.2] [cxt 0] Deparsing header 'ethernet'
[00:41:34.343] [bmv2] [D] [thread 91875] [245.2] [cxt 0] Deparsing header 'ipv4'
[00:41:34.343] [bmv2] [D] [thread 91875] [245.2] [cxt 0] Deparsing header 'ipv6'
[00:41:34.343] [bmv2] [D] [thread 91875] [245.2] [cxt 0] Deparser 'deparser': end
[00:41:34.343] [bmv2] [D] [thread 91876] [245.2] [cxt 0] Transmitting packet of size 94 out of port 3
[00:41:37.549] [bmv2] [D] [thread 91871] [246.0] [cxt 0] Processing packet received on port 1
[00:41:37.549] [bmv2] [D] [thread 91871] [246.0] [cxt 0] Parser 'parser': start
[00:41:37.549] [bmv2] [D] [thread 91871] [246.0] [cxt 0] Parser 'parser' entering state 'start'
[00:41:37.549] [bmv2] [D] [thread 91871] [246.0] [cxt 0] Extracting header 'ethernet'
[00:41:37.549] [bmv2] [D] [thread 91871] [246.0] [cxt 0] Parser state 'start': key is 0806
[00:41:37.549] [bmv2] [T] [thread 91871] [246.0] [cxt 0] Bytes parsed: 14
[00:41:37.549] [bmv2] [D] [thread 91871] [246.0] [cxt 0] Parser 'parser' entering state 'parse_arp'
[00:41:37.549] [bmv2] [D] [thread 91871] [246.0] [cxt 0] Extracting header 'arp'
[00:41:37.549] [bmv2] [D] [thread 91871] [246.0] [cxt 0] Parser set: setting field 'scalars.metadata.dst_ipv4' from field 'arp.tpa' (167772692)
[00:41:37.549] [bmv2] [D] [thread 91871] [246.0] [cxt 0] Parser state 'parse_arp' has no switch, going to default next state
[00:41:37.549] [bmv2] [T] [thread 91871] [246.0] [cxt 0] Bytes parsed: 42
[00:41:37.549] [bmv2] [D] [thread 91871] [246.0] [cxt 0] Parser 'parser': end
[00:41:37.549] [bmv2] [D] [thread 91871] [246.0] [cxt 0] Pipeline 'ingress': start
[00:41:37.549] [bmv2] [T] [thread 91871] [246.0] [cxt 0] basic.p4(560) Condition "hdr.ethernet.etherType == TYPE_ARP" (node_2) is true
[00:41:37.549] [bmv2] [T] [thread 91871] [246.0] [cxt 0] Applying table 'MyIngress.arp_match'
[00:41:37.549] [bmv2] [D] [thread 91871] [246.0] [cxt 0] Looking up key:
* hdr.arp.oper        : 0001
* hdr.arp.tpa         : 0a000214

[00:41:37.549] [bmv2] [D] [thread 91871] [246.0] [cxt 0] Table 'MyIngress.arp_match': hit with handle 0
[00:41:37.549] [bmv2] [D] [thread 91871] [246.0] [cxt 0] Dumping entry 0
Match key:
* hdr.arp.oper        : EXACT     0001
* hdr.arp.tpa         : LPM       0a000214/32
Action entry: MyIngress.send_arp_reply - 80000000200,

[00:41:37.549] [bmv2] [D] [thread 91871] [246.0] [cxt 0] Action entry is MyIngress.send_arp_reply - 80000000200,
[00:41:37.549] [bmv2] [T] [thread 91871] [246.0] [cxt 0] Action MyIngress.send_arp_reply
[00:41:37.549] [bmv2] [T] [thread 91871] [246.0] [cxt 0] basic.p4(467) Primitive hdr.ethernet.dstAddr = hdr.arp.sha
[00:41:37.549] [bmv2] [T] [thread 91871] [246.0] [cxt 0] basic.p4(468) Primitive hdr.ethernet.srcAddr = macAddr
[00:41:37.549] [bmv2] [T] [thread 91871] [246.0] [cxt 0] basic.p4(21) Primitive 2; ...
[00:41:37.549] [bmv2] [T] [thread 91871] [246.0] [cxt 0] basic.p4(472) Primitive hdr.arp.tha = hdr.arp.sha
[00:41:37.550] [bmv2] [T] [thread 91871] [246.0] [cxt 0] basic.p4(473) Primitive hdr.arp.tpa = hdr.arp.spa
[00:41:37.550] [bmv2] [T] [thread 91871] [246.0] [cxt 0] basic.p4(474) Primitive hdr.arp.sha = macAddr
[00:41:37.550] [bmv2] [T] [thread 91871] [246.0] [cxt 0] basic.p4(475) Primitive hdr.arp.spa = meta.dst_ipv4
[00:41:37.550] [bmv2] [T] [thread 91871] [246.0] [cxt 0] basic.p4(477) Primitive standard_metadata.egress_spec = standard_metadata.ingress_port
[00:41:37.550] [bmv2] [D] [thread 91871] [246.0] [cxt 0] Pipeline 'ingress': end
[00:41:37.550] [bmv2] [D] [thread 91871] [246.0] [cxt 0] Egress port is 1
[00:41:37.550] [bmv2] [D] [thread 91873] [246.0] [cxt 0] Pipeline 'egress': start
[00:41:37.550] [bmv2] [T] [thread 91873] [246.0] [cxt 0] basic.p4(684) Condition "standard_metadata.mcast_grp != 0" (node_28) is false
[00:41:37.550] [bmv2] [D] [thread 91873] [246.0] [cxt 0] Pipeline 'egress': end
[00:41:37.550] [bmv2] [D] [thread 91873] [246.0] [cxt 0] Deparser 'deparser': start
[00:41:37.550] [bmv2] [T] [thread 91873] [246.0] [cxt 0] Skipping checksum 'cksum' update because condition not met
[00:41:37.550] [bmv2] [D] [thread 91873] [246.0] [cxt 0] Deparsing header 'ethernet'
[00:41:37.550] [bmv2] [D] [thread 91873] [246.0] [cxt 0] Deparsing header 'arp'
[00:41:37.550] [bmv2] [D] [thread 91873] [246.0] [cxt 0] Deparser 'deparser': end
[00:41:37.550] [bmv2] [D] [thread 91876] [246.0] [cxt 0] Transmitting packet of size 42 out of port 1
[00:41:39.087] [bmv2] [D] [thread 91871] [247.0] [cxt 0] Processing packet received on port 4
[00:41:39.087] [bmv2] [D] [thread 91871] [247.0] [cxt 0] Parser 'parser': start
[00:41:39.087] [bmv2] [D] [thread 91871] [247.0] [cxt 0] Parser 'parser' entering state 'start'
[00:41:39.087] [bmv2] [D] [thread 91871] [247.0] [cxt 0] Extracting header 'ethernet'
[00:41:39.087] [bmv2] [D] [thread 91871] [247.0] [cxt 0] Parser state 'start': key is 86dd
[00:41:39.087] [bmv2] [T] [thread 91871] [247.0] [cxt 0] Bytes parsed: 14
[00:41:39.087] [bmv2] [D] [thread 91871] [247.0] [cxt 0] Parser 'parser' entering state 'parse_ipv6'
[00:41:39.087] [bmv2] [D] [thread 91871] [247.0] [cxt 0] Extracting header 'ipv6'
[00:41:39.087] [bmv2] [D] [thread 91871] [247.0] [cxt 0] Parser state 'parse_ipv6': key is 3a
[00:41:39.087] [bmv2] [T] [thread 91871] [247.0] [cxt 0] Bytes parsed: 54
[00:41:39.087] [bmv2] [D] [thread 91871] [247.0] [cxt 0] Parser 'parser': end
[00:41:39.087] [bmv2] [D] [thread 91871] [247.0] [cxt 0] Pipeline 'ingress': start
[00:41:39.087] [bmv2] [T] [thread 91871] [247.0] [cxt 0] basic.p4(560) Condition "hdr.ethernet.etherType == TYPE_ARP" (node_2) is false
[00:41:39.087] [bmv2] [T] [thread 91871] [247.0] [cxt 0] basic.p4(563) Condition "hdr.ethernet.etherType == TYPE_SRCROUTING" (node_4) is false
[00:41:39.087] [bmv2] [T] [thread 91871] [247.0] [cxt 0] basic.p4(576) Condition "hdr.ethernet.etherType == TYPE_YEQUDESU" (node_12) is false
[00:41:39.087] [bmv2] [T] [thread 91871] [247.0] [cxt 0] basic.p4(582) Condition "hdr.vxlan.isValid()" (node_15) is false
[00:41:39.087] [bmv2] [T] [thread 91871] [247.0] [cxt 0] basic.p4(586) Condition "hdr.ipv6.isValid()" (node_17) is true
[00:41:39.087] [bmv2] [T] [thread 91871] [247.0] [cxt 0] Applying table 'MyIngress.ipv6_lpm'
[00:41:39.087] [bmv2] [D] [thread 91871] [247.0] [cxt 0] Looking up key:
* hdr.ipv6.dstAddr    : ff020000000000000000000000000002

[00:41:39.087] [bmv2] [D] [thread 91871] [247.0] [cxt 0] Table 'MyIngress.ipv6_lpm': miss
[00:41:39.087] [bmv2] [D] [thread 91871] [247.0] [cxt 0] Action entry is NoAction - 
[00:41:39.087] [bmv2] [T] [thread 91871] [247.0] [cxt 0] Action NoAction
[00:41:39.087] [bmv2] [D] [thread 91871] [247.0] [cxt 0] Pipeline 'ingress': end
[00:41:39.087] [bmv2] [D] [thread 91871] [247.0] [cxt 0] Egress port is 0
[00:41:39.088] [bmv2] [D] [thread 91872] [247.0] [cxt 0] Pipeline 'egress': start
[00:41:39.088] [bmv2] [T] [thread 91872] [247.0] [cxt 0] basic.p4(684) Condition "standard_metadata.mcast_grp != 0" (node_28) is false
[00:41:39.088] [bmv2] [D] [thread 91872] [247.0] [cxt 0] Pipeline 'egress': end
[00:41:39.088] [bmv2] [D] [thread 91872] [247.0] [cxt 0] Deparser 'deparser': start
[00:41:39.088] [bmv2] [T] [thread 91872] [247.0] [cxt 0] Skipping checksum 'cksum' update because condition not met
[00:41:39.088] [bmv2] [D] [thread 91872] [247.0] [cxt 0] Deparsing header 'ethernet'
[00:41:39.088] [bmv2] [D] [thread 91872] [247.0] [cxt 0] Deparsing header 'ipv6'
[00:41:39.088] [bmv2] [D] [thread 91872] [247.0] [cxt 0] Deparser 'deparser': end
[00:41:39.088] [bmv2] [D] [thread 91876] [247.0] [cxt 0] Transmitting packet of size 70 out of port 0
[00:44:06.542] [bmv2] [D] [thread 91871] [248.0] [cxt 0] Processing packet received on port 2
[00:44:06.542] [bmv2] [D] [thread 91871] [248.0] [cxt 0] Parser 'parser': start
[00:44:06.542] [bmv2] [D] [thread 91871] [248.0] [cxt 0] Parser 'parser' entering state 'start'
[00:44:06.542] [bmv2] [D] [thread 91871] [248.0] [cxt 0] Extracting header 'ethernet'
[00:44:06.542] [bmv2] [D] [thread 91871] [248.0] [cxt 0] Parser state 'start': key is 86dd
[00:44:06.542] [bmv2] [T] [thread 91871] [248.0] [cxt 0] Bytes parsed: 14
[00:44:06.542] [bmv2] [D] [thread 91871] [248.0] [cxt 0] Parser 'parser' entering state 'parse_ipv6'
[00:44:06.542] [bmv2] [D] [thread 91871] [248.0] [cxt 0] Extracting header 'ipv6'
[00:44:06.542] [bmv2] [D] [thread 91871] [248.0] [cxt 0] Parser state 'parse_ipv6': key is 3a
[00:44:06.542] [bmv2] [T] [thread 91871] [248.0] [cxt 0] Bytes parsed: 54
[00:44:06.542] [bmv2] [D] [thread 91871] [248.0] [cxt 0] Parser 'parser': end
[00:44:06.542] [bmv2] [D] [thread 91871] [248.0] [cxt 0] Pipeline 'ingress': start
[00:44:06.543] [bmv2] [T] [thread 91871] [248.0] [cxt 0] basic.p4(560) Condition "hdr.ethernet.etherType == TYPE_ARP" (node_2) is false
[00:44:06.543] [bmv2] [T] [thread 91871] [248.0] [cxt 0] basic.p4(563) Condition "hdr.ethernet.etherType == TYPE_SRCROUTING" (node_4) is false
[00:44:06.543] [bmv2] [T] [thread 91871] [248.0] [cxt 0] basic.p4(576) Condition "hdr.ethernet.etherType == TYPE_YEQUDESU" (node_12) is false
[00:44:06.543] [bmv2] [T] [thread 91871] [248.0] [cxt 0] basic.p4(582) Condition "hdr.vxlan.isValid()" (node_15) is false
[00:44:06.543] [bmv2] [T] [thread 91871] [248.0] [cxt 0] basic.p4(586) Condition "hdr.ipv6.isValid()" (node_17) is true
[00:44:06.543] [bmv2] [T] [thread 91871] [248.0] [cxt 0] Applying table 'MyIngress.ipv6_lpm'
[00:44:06.543] [bmv2] [D] [thread 91871] [248.0] [cxt 0] Looking up key:
* hdr.ipv6.dstAddr    : ff020000000000000000000000000002

[00:44:06.543] [bmv2] [D] [thread 91871] [248.0] [cxt 0] Table 'MyIngress.ipv6_lpm': miss
[00:44:06.543] [bmv2] [D] [thread 91871] [248.0] [cxt 0] Action entry is NoAction - 
[00:44:06.543] [bmv2] [T] [thread 91871] [248.0] [cxt 0] Action NoAction
[00:44:06.543] [bmv2] [D] [thread 91871] [248.0] [cxt 0] Pipeline 'ingress': end
[00:44:06.543] [bmv2] [D] [thread 91871] [248.0] [cxt 0] Egress port is 0
[00:44:06.543] [bmv2] [D] [thread 91872] [248.0] [cxt 0] Pipeline 'egress': start
[00:44:06.543] [bmv2] [T] [thread 91872] [248.0] [cxt 0] basic.p4(684) Condition "standard_metadata.mcast_grp != 0" (node_28) is false
[00:44:06.543] [bmv2] [D] [thread 91872] [248.0] [cxt 0] Pipeline 'egress': end
[00:44:06.543] [bmv2] [D] [thread 91872] [248.0] [cxt 0] Deparser 'deparser': start
[00:44:06.543] [bmv2] [T] [thread 91872] [248.0] [cxt 0] Skipping checksum 'cksum' update because condition not met
[00:44:06.543] [bmv2] [D] [thread 91872] [248.0] [cxt 0] Deparsing header 'ethernet'
[00:44:06.543] [bmv2] [D] [thread 91872] [248.0] [cxt 0] Deparsing header 'ipv6'
[00:44:06.543] [bmv2] [D] [thread 91872] [248.0] [cxt 0] Deparser 'deparser': end
[00:44:06.543] [bmv2] [D] [thread 91876] [248.0] [cxt 0] Transmitting packet of size 70 out of port 0
[00:44:22.926] [bmv2] [D] [thread 91871] [249.0] [cxt 0] Processing packet received on port 2
[00:44:22.926] [bmv2] [D] [thread 91871] [249.0] [cxt 0] Parser 'parser': start
[00:44:22.926] [bmv2] [D] [thread 91871] [249.0] [cxt 0] Parser 'parser' entering state 'start'
[00:44:22.926] [bmv2] [D] [thread 91871] [249.0] [cxt 0] Extracting header 'ethernet'
[00:44:22.926] [bmv2] [D] [thread 91871] [249.0] [cxt 0] Parser state 'start': key is 86dd
[00:44:22.926] [bmv2] [T] [thread 91871] [249.0] [cxt 0] Bytes parsed: 14
[00:44:22.926] [bmv2] [D] [thread 91871] [249.0] [cxt 0] Parser 'parser' entering state 'parse_ipv6'
[00:44:22.926] [bmv2] [D] [thread 91871] [249.0] [cxt 0] Extracting header 'ipv6'
[00:44:22.926] [bmv2] [D] [thread 91871] [249.0] [cxt 0] Parser state 'parse_ipv6': key is 3a
[00:44:22.926] [bmv2] [T] [thread 91871] [249.0] [cxt 0] Bytes parsed: 54
[00:44:22.926] [bmv2] [D] [thread 91871] [249.0] [cxt 0] Parser 'parser': end
[00:44:22.926] [bmv2] [D] [thread 91871] [249.0] [cxt 0] Pipeline 'ingress': start
[00:44:22.926] [bmv2] [T] [thread 91871] [249.0] [cxt 0] basic.p4(560) Condition "hdr.ethernet.etherType == TYPE_ARP" (node_2) is false
[00:44:22.926] [bmv2] [T] [thread 91871] [249.0] [cxt 0] basic.p4(563) Condition "hdr.ethernet.etherType == TYPE_SRCROUTING" (node_4) is false
[00:44:22.926] [bmv2] [T] [thread 91871] [249.0] [cxt 0] basic.p4(576) Condition "hdr.ethernet.etherType == TYPE_YEQUDESU" (node_12) is false
[00:44:22.926] [bmv2] [T] [thread 91871] [249.0] [cxt 0] basic.p4(582) Condition "hdr.vxlan.isValid()" (node_15) is false
[00:44:22.926] [bmv2] [T] [thread 91871] [249.0] [cxt 0] basic.p4(586) Condition "hdr.ipv6.isValid()" (node_17) is true
[00:44:22.926] [bmv2] [T] [thread 91871] [249.0] [cxt 0] Applying table 'MyIngress.ipv6_lpm'
[00:44:22.926] [bmv2] [D] [thread 91871] [249.0] [cxt 0] Looking up key:
* hdr.ipv6.dstAddr    : ff020000000000000000000000000002

[00:44:22.926] [bmv2] [D] [thread 91871] [249.0] [cxt 0] Table 'MyIngress.ipv6_lpm': miss
[00:44:22.926] [bmv2] [D] [thread 91871] [249.0] [cxt 0] Action entry is NoAction - 
[00:44:22.926] [bmv2] [T] [thread 91871] [249.0] [cxt 0] Action NoAction
[00:44:22.926] [bmv2] [D] [thread 91871] [249.0] [cxt 0] Pipeline 'ingress': end
[00:44:22.926] [bmv2] [D] [thread 91871] [249.0] [cxt 0] Egress port is 0
[00:44:22.926] [bmv2] [D] [thread 91872] [249.0] [cxt 0] Pipeline 'egress': start
[00:44:22.926] [bmv2] [T] [thread 91872] [249.0] [cxt 0] basic.p4(684) Condition "standard_metadata.mcast_grp != 0" (node_28) is false
[00:44:22.926] [bmv2] [D] [thread 91872] [249.0] [cxt 0] Pipeline 'egress': end
[00:44:22.926] [bmv2] [D] [thread 91872] [249.0] [cxt 0] Deparser 'deparser': start
[00:44:22.926] [bmv2] [T] [thread 91872] [249.0] [cxt 0] Skipping checksum 'cksum' update because condition not met
[00:44:22.926] [bmv2] [D] [thread 91872] [249.0] [cxt 0] Deparsing header 'ethernet'
[00:44:22.926] [bmv2] [D] [thread 91872] [249.0] [cxt 0] Deparsing header 'ipv6'
[00:44:22.927] [bmv2] [D] [thread 91872] [249.0] [cxt 0] Deparser 'deparser': end
[00:44:22.927] [bmv2] [D] [thread 91876] [249.0] [cxt 0] Transmitting packet of size 70 out of port 0
[00:44:27.022] [bmv2] [D] [thread 91871] [250.0] [cxt 0] Processing packet received on port 3
[00:44:27.022] [bmv2] [D] [thread 91871] [250.0] [cxt 0] Parser 'parser': start
[00:44:27.022] [bmv2] [D] [thread 91871] [250.0] [cxt 0] Parser 'parser' entering state 'start'
[00:44:27.022] [bmv2] [D] [thread 91871] [250.0] [cxt 0] Extracting header 'ethernet'
[00:44:27.022] [bmv2] [D] [thread 91871] [250.0] [cxt 0] Parser state 'start': key is 86dd
[00:44:27.022] [bmv2] [T] [thread 91871] [250.0] [cxt 0] Bytes parsed: 14
[00:44:27.022] [bmv2] [D] [thread 91871] [250.0] [cxt 0] Parser 'parser' entering state 'parse_ipv6'
[00:44:27.022] [bmv2] [D] [thread 91871] [250.0] [cxt 0] Extracting header 'ipv6'
[00:44:27.022] [bmv2] [D] [thread 91871] [250.0] [cxt 0] Parser state 'parse_ipv6': key is 3a
[00:44:27.022] [bmv2] [T] [thread 91871] [250.0] [cxt 0] Bytes parsed: 54
[00:44:27.022] [bmv2] [D] [thread 91871] [250.0] [cxt 0] Parser 'parser': end
[00:44:27.022] [bmv2] [D] [thread 91871] [250.0] [cxt 0] Pipeline 'ingress': start
[00:44:27.022] [bmv2] [T] [thread 91871] [250.0] [cxt 0] basic.p4(560) Condition "hdr.ethernet.etherType == TYPE_ARP" (node_2) is false
[00:44:27.022] [bmv2] [T] [thread 91871] [250.0] [cxt 0] basic.p4(563) Condition "hdr.ethernet.etherType == TYPE_SRCROUTING" (node_4) is false
[00:44:27.022] [bmv2] [T] [thread 91871] [250.0] [cxt 0] basic.p4(576) Condition "hdr.ethernet.etherType == TYPE_YEQUDESU" (node_12) is false
[00:44:27.022] [bmv2] [T] [thread 91871] [250.0] [cxt 0] basic.p4(582) Condition "hdr.vxlan.isValid()" (node_15) is false
[00:44:27.022] [bmv2] [T] [thread 91871] [250.0] [cxt 0] basic.p4(586) Condition "hdr.ipv6.isValid()" (node_17) is true
[00:44:27.022] [bmv2] [T] [thread 91871] [250.0] [cxt 0] Applying table 'MyIngress.ipv6_lpm'
[00:44:27.022] [bmv2] [D] [thread 91871] [250.0] [cxt 0] Looking up key:
* hdr.ipv6.dstAddr    : ff020000000000000000000000000002

[00:44:27.022] [bmv2] [D] [thread 91871] [250.0] [cxt 0] Table 'MyIngress.ipv6_lpm': miss
[00:44:27.022] [bmv2] [D] [thread 91871] [250.0] [cxt 0] Action entry is NoAction - 
[00:44:27.022] [bmv2] [T] [thread 91871] [250.0] [cxt 0] Action NoAction
[00:44:27.022] [bmv2] [D] [thread 91871] [250.0] [cxt 0] Pipeline 'ingress': end
[00:44:27.022] [bmv2] [D] [thread 91871] [250.0] [cxt 0] Egress port is 0
[00:44:27.022] [bmv2] [D] [thread 91872] [250.0] [cxt 0] Pipeline 'egress': start
[00:44:27.022] [bmv2] [T] [thread 91872] [250.0] [cxt 0] basic.p4(684) Condition "standard_metadata.mcast_grp != 0" (node_28) is false
[00:44:27.022] [bmv2] [D] [thread 91872] [250.0] [cxt 0] Pipeline 'egress': end
[00:44:27.022] [bmv2] [D] [thread 91872] [250.0] [cxt 0] Deparser 'deparser': start
[00:44:27.022] [bmv2] [T] [thread 91872] [250.0] [cxt 0] Skipping checksum 'cksum' update because condition not met
[00:44:27.022] [bmv2] [D] [thread 91872] [250.0] [cxt 0] Deparsing header 'ethernet'
[00:44:27.022] [bmv2] [D] [thread 91872] [250.0] [cxt 0] Deparsing header 'ipv6'
[00:44:27.022] [bmv2] [D] [thread 91872] [250.0] [cxt 0] Deparser 'deparser': end
[00:44:27.022] [bmv2] [D] [thread 91876] [250.0] [cxt 0] Transmitting packet of size 70 out of port 0
[00:44:39.310] [bmv2] [D] [thread 91871] [251.0] [cxt 0] Processing packet received on port 3
[00:44:39.310] [bmv2] [D] [thread 91871] [251.0] [cxt 0] Parser 'parser': start
[00:44:39.310] [bmv2] [D] [thread 91871] [251.0] [cxt 0] Parser 'parser' entering state 'start'
[00:44:39.310] [bmv2] [D] [thread 91871] [251.0] [cxt 0] Extracting header 'ethernet'
[00:44:39.310] [bmv2] [D] [thread 91871] [251.0] [cxt 0] Parser state 'start': key is 86dd
[00:44:39.310] [bmv2] [T] [thread 91871] [251.0] [cxt 0] Bytes parsed: 14
[00:44:39.310] [bmv2] [D] [thread 91871] [251.0] [cxt 0] Parser 'parser' entering state 'parse_ipv6'
[00:44:39.310] [bmv2] [D] [thread 91871] [251.0] [cxt 0] Extracting header 'ipv6'
[00:44:39.310] [bmv2] [D] [thread 91871] [251.0] [cxt 0] Parser state 'parse_ipv6': key is 3a
[00:44:39.310] [bmv2] [T] [thread 91871] [251.0] [cxt 0] Bytes parsed: 54
[00:44:39.310] [bmv2] [D] [thread 91871] [251.0] [cxt 0] Parser 'parser': end
[00:44:39.310] [bmv2] [D] [thread 91871] [251.0] [cxt 0] Pipeline 'ingress': start
[00:44:39.310] [bmv2] [T] [thread 91871] [251.0] [cxt 0] basic.p4(560) Condition "hdr.ethernet.etherType == TYPE_ARP" (node_2) is false
[00:44:39.310] [bmv2] [T] [thread 91871] [251.0] [cxt 0] basic.p4(563) Condition "hdr.ethernet.etherType == TYPE_SRCROUTING" (node_4) is false
[00:44:39.310] [bmv2] [T] [thread 91871] [251.0] [cxt 0] basic.p4(576) Condition "hdr.ethernet.etherType == TYPE_YEQUDESU" (node_12) is false
[00:44:39.310] [bmv2] [T] [thread 91871] [251.0] [cxt 0] basic.p4(582) Condition "hdr.vxlan.isValid()" (node_15) is false
[00:44:39.310] [bmv2] [T] [thread 91871] [251.0] [cxt 0] basic.p4(586) Condition "hdr.ipv6.isValid()" (node_17) is true
[00:44:39.310] [bmv2] [T] [thread 91871] [251.0] [cxt 0] Applying table 'MyIngress.ipv6_lpm'
[00:44:39.310] [bmv2] [D] [thread 91871] [251.0] [cxt 0] Looking up key:
* hdr.ipv6.dstAddr    : ff020000000000000000000000000002

[00:44:39.310] [bmv2] [D] [thread 91871] [251.0] [cxt 0] Table 'MyIngress.ipv6_lpm': miss
[00:44:39.310] [bmv2] [D] [thread 91871] [251.0] [cxt 0] Action entry is NoAction - 
[00:44:39.310] [bmv2] [T] [thread 91871] [251.0] [cxt 0] Action NoAction
[00:44:39.310] [bmv2] [D] [thread 91871] [251.0] [cxt 0] Pipeline 'ingress': end
[00:44:39.310] [bmv2] [D] [thread 91871] [251.0] [cxt 0] Egress port is 0
[00:44:39.310] [bmv2] [D] [thread 91871] [252.0] [cxt 0] Processing packet received on port 4
[00:44:39.310] [bmv2] [D] [thread 91871] [252.0] [cxt 0] Parser 'parser': start
[00:44:39.310] [bmv2] [D] [thread 91871] [252.0] [cxt 0] Parser 'parser' entering state 'start'
[00:44:39.310] [bmv2] [D] [thread 91871] [252.0] [cxt 0] Extracting header 'ethernet'
[00:44:39.310] [bmv2] [D] [thread 91871] [252.0] [cxt 0] Parser state 'start': key is 86dd
[00:44:39.310] [bmv2] [T] [thread 91871] [252.0] [cxt 0] Bytes parsed: 14
[00:44:39.310] [bmv2] [D] [thread 91871] [252.0] [cxt 0] Parser 'parser' entering state 'parse_ipv6'
[00:44:39.310] [bmv2] [D] [thread 91871] [252.0] [cxt 0] Extracting header 'ipv6'
[00:44:39.310] [bmv2] [D] [thread 91871] [252.0] [cxt 0] Parser state 'parse_ipv6': key is 3a
[00:44:39.310] [bmv2] [T] [thread 91871] [252.0] [cxt 0] Bytes parsed: 54
[00:44:39.310] [bmv2] [D] [thread 91871] [252.0] [cxt 0] Parser 'parser': end
[00:44:39.310] [bmv2] [D] [thread 91872] [251.0] [cxt 0] Pipeline 'egress': start
[00:44:39.310] [bmv2] [T] [thread 91872] [251.0] [cxt 0] basic.p4(684) Condition "standard_metadata.mcast_grp != 0" (node_28) is false
[00:44:39.310] [bmv2] [D] [thread 91872] [251.0] [cxt 0] Pipeline 'egress': end
[00:44:39.310] [bmv2] [D] [thread 91872] [251.0] [cxt 0] Deparser 'deparser': start
[00:44:39.310] [bmv2] [T] [thread 91872] [251.0] [cxt 0] Skipping checksum 'cksum' update because condition not met
[00:44:39.310] [bmv2] [D] [thread 91872] [251.0] [cxt 0] Deparsing header 'ethernet'
[00:44:39.310] [bmv2] [D] [thread 91872] [251.0] [cxt 0] Deparsing header 'ipv6'
[00:44:39.310] [bmv2] [D] [thread 91872] [251.0] [cxt 0] Deparser 'deparser': end
[00:44:39.310] [bmv2] [D] [thread 91871] [252.0] [cxt 0] Pipeline 'ingress': start
[00:44:39.311] [bmv2] [T] [thread 91871] [252.0] [cxt 0] basic.p4(560) Condition "hdr.ethernet.etherType == TYPE_ARP" (node_2) is false
[00:44:39.311] [bmv2] [T] [thread 91871] [252.0] [cxt 0] basic.p4(563) Condition "hdr.ethernet.etherType == TYPE_SRCROUTING" (node_4) is false
[00:44:39.311] [bmv2] [T] [thread 91871] [252.0] [cxt 0] basic.p4(576) Condition "hdr.ethernet.etherType == TYPE_YEQUDESU" (node_12) is false
[00:44:39.311] [bmv2] [T] [thread 91871] [252.0] [cxt 0] basic.p4(582) Condition "hdr.vxlan.isValid()" (node_15) is false
[00:44:39.311] [bmv2] [T] [thread 91871] [252.0] [cxt 0] basic.p4(586) Condition "hdr.ipv6.isValid()" (node_17) is true
[00:44:39.311] [bmv2] [D] [thread 91876] [251.0] [cxt 0] Transmitting packet of size 70 out of port 0
[00:44:39.311] [bmv2] [T] [thread 91871] [252.0] [cxt 0] Applying table 'MyIngress.ipv6_lpm'
[00:44:39.311] [bmv2] [D] [thread 91871] [252.0] [cxt 0] Looking up key:
* hdr.ipv6.dstAddr    : ff020000000000000000000000000002

[00:44:39.311] [bmv2] [D] [thread 91871] [252.0] [cxt 0] Table 'MyIngress.ipv6_lpm': miss
[00:44:39.311] [bmv2] [D] [thread 91871] [252.0] [cxt 0] Action entry is NoAction - 
[00:44:39.311] [bmv2] [T] [thread 91871] [252.0] [cxt 0] Action NoAction
[00:44:39.311] [bmv2] [D] [thread 91871] [252.0] [cxt 0] Pipeline 'ingress': end
[00:44:39.311] [bmv2] [D] [thread 91871] [252.0] [cxt 0] Egress port is 0
[00:44:39.311] [bmv2] [D] [thread 91871] [253.0] [cxt 0] Processing packet received on port 5
[00:44:39.311] [bmv2] [D] [thread 91871] [253.0] [cxt 0] Parser 'parser': start
[00:44:39.311] [bmv2] [D] [thread 91871] [253.0] [cxt 0] Parser 'parser' entering state 'start'
[00:44:39.311] [bmv2] [D] [thread 91871] [253.0] [cxt 0] Extracting header 'ethernet'
[00:44:39.311] [bmv2] [D] [thread 91871] [253.0] [cxt 0] Parser state 'start': key is 86dd
[00:44:39.311] [bmv2] [T] [thread 91871] [253.0] [cxt 0] Bytes parsed: 14
[00:44:39.311] [bmv2] [D] [thread 91871] [253.0] [cxt 0] Parser 'parser' entering state 'parse_ipv6'
[00:44:39.311] [bmv2] [D] [thread 91871] [253.0] [cxt 0] Extracting header 'ipv6'
[00:44:39.311] [bmv2] [D] [thread 91871] [253.0] [cxt 0] Parser state 'parse_ipv6': key is 3a
[00:44:39.311] [bmv2] [T] [thread 91871] [253.0] [cxt 0] Bytes parsed: 54
[00:44:39.311] [bmv2] [D] [thread 91872] [252.0] [cxt 0] Pipeline 'egress': start
[00:44:39.311] [bmv2] [D] [thread 91871] [253.0] [cxt 0] Parser 'parser': end
[00:44:39.311] [bmv2] [T] [thread 91872] [252.0] [cxt 0] basic.p4(684) Condition "standard_metadata.mcast_grp != 0" (node_28) is false
[00:44:39.311] [bmv2] [D] [thread 91871] [253.0] [cxt 0] Pipeline 'ingress': start
[00:44:39.311] [bmv2] [T] [thread 91871] [253.0] [cxt 0] basic.p4(560) Condition "hdr.ethernet.etherType == TYPE_ARP" (node_2) is false
[00:44:39.311] [bmv2] [T] [thread 91871] [253.0] [cxt 0] basic.p4(563) Condition "hdr.ethernet.etherType == TYPE_SRCROUTING" (node_4) is false
[00:44:39.311] [bmv2] [T] [thread 91871] [253.0] [cxt 0] basic.p4(576) Condition "hdr.ethernet.etherType == TYPE_YEQUDESU" (node_12) is false
[00:44:39.311] [bmv2] [T] [thread 91871] [253.0] [cxt 0] basic.p4(582) Condition "hdr.vxlan.isValid()" (node_15) is false
[00:44:39.311] [bmv2] [T] [thread 91871] [253.0] [cxt 0] basic.p4(586) Condition "hdr.ipv6.isValid()" (node_17) is true
[00:44:39.311] [bmv2] [T] [thread 91871] [253.0] [cxt 0] Applying table 'MyIngress.ipv6_lpm'
[00:44:39.311] [bmv2] [D] [thread 91871] [253.0] [cxt 0] Looking up key:
* hdr.ipv6.dstAddr    : ff020000000000000000000000000002

[00:44:39.311] [bmv2] [D] [thread 91871] [253.0] [cxt 0] Table 'MyIngress.ipv6_lpm': miss
[00:44:39.311] [bmv2] [D] [thread 91871] [253.0] [cxt 0] Action entry is NoAction - 
[00:44:39.311] [bmv2] [T] [thread 91871] [253.0] [cxt 0] Action NoAction
[00:44:39.311] [bmv2] [D] [thread 91871] [253.0] [cxt 0] Pipeline 'ingress': end
[00:44:39.311] [bmv2] [D] [thread 91871] [253.0] [cxt 0] Egress port is 0
[00:44:39.311] [bmv2] [D] [thread 91872] [252.0] [cxt 0] Pipeline 'egress': end
[00:44:39.311] [bmv2] [D] [thread 91872] [252.0] [cxt 0] Deparser 'deparser': start
[00:44:39.311] [bmv2] [T] [thread 91872] [252.0] [cxt 0] Skipping checksum 'cksum' update because condition not met
[00:44:39.311] [bmv2] [D] [thread 91872] [252.0] [cxt 0] Deparsing header 'ethernet'
[00:44:39.311] [bmv2] [D] [thread 91872] [252.0] [cxt 0] Deparsing header 'ipv6'
[00:44:39.311] [bmv2] [D] [thread 91872] [252.0] [cxt 0] Deparser 'deparser': end
[00:44:39.311] [bmv2] [D] [thread 91872] [253.0] [cxt 0] Pipeline 'egress': start
[00:44:39.311] [bmv2] [T] [thread 91872] [253.0] [cxt 0] basic.p4(684) Condition "standard_metadata.mcast_grp != 0" (node_28) is false
[00:44:39.311] [bmv2] [D] [thread 91872] [253.0] [cxt 0] Pipeline 'egress': end
[00:44:39.311] [bmv2] [D] [thread 91872] [253.0] [cxt 0] Deparser 'deparser': start
[00:44:39.311] [bmv2] [T] [thread 91872] [253.0] [cxt 0] Skipping checksum 'cksum' update because condition not met
[00:44:39.311] [bmv2] [D] [thread 91872] [253.0] [cxt 0] Deparsing header 'ethernet'
[00:44:39.311] [bmv2] [D] [thread 91872] [253.0] [cxt 0] Deparsing header 'ipv6'
[00:44:39.311] [bmv2] [D] [thread 91872] [253.0] [cxt 0] Deparser 'deparser': end
[00:44:39.312] [bmv2] [D] [thread 91876] [252.0] [cxt 0] Transmitting packet of size 70 out of port 0
[00:44:39.312] [bmv2] [D] [thread 91876] [253.0] [cxt 0] Transmitting packet of size 70 out of port 0
