Calling target program-options parser
[00:36:41.013] [bmv2] [D] [thread 92071] Set default default entry for table 'MyIngress.arp_match': MyIngress.drop - 
[00:36:41.013] [bmv2] [D] [thread 92071] Set default default entry for table 'tbl_srcRoute_finish': MyIngress.srcRoute_finish - 
[00:36:41.013] [bmv2] [D] [thread 92071] Set default default entry for table 'MyIngress.ipv4_lpm_src': NoAction - 
[00:36:41.013] [bmv2] [D] [thread 92071] Set default default entry for table 'tbl_srcRoute_nhop': MyIngress.srcRoute_nhop - 
[00:36:41.013] [bmv2] [D] [thread 92071] Set default default entry for table 'tbl_update_ttl': MyIngress.update_ttl - 
[00:36:41.013] [bmv2] [D] [thread 92071] Set default default entry for table 'MyIngress.yequdesu_exact': MyIngress.drop - 
[00:36:41.013] [bmv2] [D] [thread 92071] Set default default entry for table 'MyIngress.vxlan_decap_exact': MyIngress.drop - 
[00:36:41.013] [bmv2] [D] [thread 92071] Set default default entry for table 'MyIngress.ipv6_lpm': NoAction - 
[00:36:41.013] [bmv2] [D] [thread 92071] Set default default entry for table 'MyIngress.vxlan_lpm': NoAction - 
[00:36:41.013] [bmv2] [D] [thread 92071] Set default default entry for table 'MyIngress.modality_schedule': NoAction - 
[00:36:41.013] [bmv2] [D] [thread 92071] Set default default entry for table 'MyIngress.adjudication': NoAction - 
[00:36:41.013] [bmv2] [D] [thread 92071] Set default default entry for table 'MyIngress.ipv4_lpm': NoAction - 
[00:36:41.014] [bmv2] [D] [thread 92071] Set default default entry for table 'MyEgress.egress_encap_ipv6': NoAction - 
[00:36:41.014] [bmv2] [D] [thread 92071] Set default default entry for table 'MyEgress.egress_encap_yequdesu': NoAction - 
[00:36:41.014] [bmv2] [D] [thread 92071] Set default default entry for table 'MyEgress.egress_encap_vxlan': NoAction - 
Adding interface s21-eth1 as port 1
[00:36:41.017] [bmv2] [D] [thread 92071] Adding interface s21-eth1 as port 1
Adding interface s21-eth2 as port 2
[00:36:41.040] [bmv2] [D] [thread 92071] Adding interface s21-eth2 as port 2
Server listening on 0.0.0.0:50055
[00:36:41.066] [bmv2] [I] [thread 92071] Starting Thrift server on port 9094
[00:36:41.067] [bmv2] [I] [thread 92071] Thrift server was started
[00:36:41.140] [bmv2] [D] [thread 92090] [0.0] [cxt 0] Processing packet received on port 1
[00:36:41.140] [bmv2] [D] [thread 92090] [0.0] [cxt 0] Parser 'parser': start
[00:36:41.140] [bmv2] [D] [thread 92090] [0.0] [cxt 0] Parser 'parser' entering state 'start'
[00:36:41.140] [bmv2] [D] [thread 92090] [0.0] [cxt 0] Extracting header 'ethernet'
[00:36:41.140] [bmv2] [D] [thread 92090] [0.0] [cxt 0] Parser state 'start': key is 86dd
[00:36:41.140] [bmv2] [T] [thread 92090] [0.0] [cxt 0] Bytes parsed: 14
[00:36:41.140] [bmv2] [D] [thread 92090] [0.0] [cxt 0] Parser 'parser' entering state 'parse_ipv6'
[00:36:41.140] [bmv2] [D] [thread 92090] [0.0] [cxt 0] Extracting header 'ipv6'
[00:36:41.140] [bmv2] [D] [thread 92090] [0.0] [cxt 0] Parser state 'parse_ipv6': key is 11
[00:36:41.140] [bmv2] [T] [thread 92090] [0.0] [cxt 0] Bytes parsed: 54
[00:36:41.140] [bmv2] [D] [thread 92090] [0.0] [cxt 0] Parser 'parser': end
[00:36:41.141] [bmv2] [D] [thread 92090] [0.0] [cxt 0] Pipeline 'ingress': start
[00:36:41.141] [bmv2] [T] [thread 92090] [0.0] [cxt 0] basic.p4(560) Condition "hdr.ethernet.etherType == TYPE_ARP" (node_2) is false
[00:36:41.141] [bmv2] [T] [thread 92090] [0.0] [cxt 0] basic.p4(563) Condition "hdr.ethernet.etherType == TYPE_SRCROUTING" (node_4) is false
[00:36:41.141] [bmv2] [T] [thread 92090] [0.0] [cxt 0] basic.p4(576) Condition "hdr.ethernet.etherType == TYPE_YEQUDESU" (node_12) is false
[00:36:41.141] [bmv2] [T] [thread 92090] [0.0] [cxt 0] basic.p4(582) Condition "hdr.vxlan.isValid()" (node_15) is false
[00:36:41.141] [bmv2] [T] [thread 92090] [0.0] [cxt 0] basic.p4(586) Condition "hdr.ipv6.isValid()" (node_17) is true
[00:36:41.141] [bmv2] [T] [thread 92090] [0.0] [cxt 0] Applying table 'MyIngress.ipv6_lpm'
[00:36:41.141] [bmv2] [D] [thread 92090] [0.0] [cxt 0] Looking up key:
* hdr.ipv6.dstAddr    : ff0200000000000000000000000000fb

[00:36:41.141] [bmv2] [D] [thread 92090] [0.0] [cxt 0] Table 'MyIngress.ipv6_lpm': miss
[00:36:41.141] [bmv2] [D] [thread 92090] [0.0] [cxt 0] Action entry is NoAction - 
[00:36:41.141] [bmv2] [T] [thread 92090] [0.0] [cxt 0] Action NoAction
[00:36:41.141] [bmv2] [D] [thread 92090] [0.0] [cxt 0] Pipeline 'ingress': end
[00:36:41.141] [bmv2] [D] [thread 92090] [0.0] [cxt 0] Egress port is 0
[00:36:41.141] [bmv2] [D] [thread 92090] [1.0] [cxt 0] Processing packet received on port 1
[00:36:41.141] [bmv2] [D] [thread 92090] [1.0] [cxt 0] Parser 'parser': start
[00:36:41.141] [bmv2] [D] [thread 92090] [1.0] [cxt 0] Parser 'parser' entering state 'start'
[00:36:41.141] [bmv2] [D] [thread 92090] [1.0] [cxt 0] Extracting header 'ethernet'
[00:36:41.141] [bmv2] [D] [thread 92090] [1.0] [cxt 0] Parser state 'start': key is 86dd
[00:36:41.141] [bmv2] [T] [thread 92090] [1.0] [cxt 0] Bytes parsed: 14
[00:36:41.141] [bmv2] [D] [thread 92090] [1.0] [cxt 0] Parser 'parser' entering state 'parse_ipv6'
[00:36:41.141] [bmv2] [D] [thread 92090] [1.0] [cxt 0] Extracting header 'ipv6'
[00:36:41.141] [bmv2] [D] [thread 92090] [1.0] [cxt 0] Parser state 'parse_ipv6': key is 11
[00:36:41.141] [bmv2] [T] [thread 92090] [1.0] [cxt 0] Bytes parsed: 54
[00:36:41.141] [bmv2] [D] [thread 92090] [1.0] [cxt 0] Parser 'parser': end
[00:36:41.141] [bmv2] [D] [thread 92090] [1.0] [cxt 0] Pipeline 'ingress': start
[00:36:41.141] [bmv2] [T] [thread 92090] [1.0] [cxt 0] basic.p4(560) Condition "hdr.ethernet.etherType == TYPE_ARP" (node_2) is false
[00:36:41.141] [bmv2] [T] [thread 92090] [1.0] [cxt 0] basic.p4(563) Condition "hdr.ethernet.etherType == TYPE_SRCROUTING" (node_4) is false
[00:36:41.141] [bmv2] [D] [thread 92091] [0.0] [cxt 0] Pipeline 'egress': start
[00:36:41.141] [bmv2] [T] [thread 92090] [1.0] [cxt 0] basic.p4(576) Condition "hdr.ethernet.etherType == TYPE_YEQUDESU" (node_12) is false
[00:36:41.141] [bmv2] [T] [thread 92090] [1.0] [cxt 0] basic.p4(582) Condition "hdr.vxlan.isValid()" (node_15) is false
[00:36:41.141] [bmv2] [T] [thread 92091] [0.0] [cxt 0] basic.p4(684) Condition "standard_metadata.mcast_grp != 0" (node_28) is false
[00:36:41.141] [bmv2] [D] [thread 92091] [0.0] [cxt 0] Pipeline 'egress': end
[00:36:41.141] [bmv2] [D] [thread 92091] [0.0] [cxt 0] Deparser 'deparser': start
[00:36:41.141] [bmv2] [T] [thread 92091] [0.0] [cxt 0] Skipping checksum 'cksum' update because condition not met
[00:36:41.141] [bmv2] [D] [thread 92091] [0.0] [cxt 0] Deparsing header 'ethernet'
[00:36:41.141] [bmv2] [T] [thread 92090] [1.0] [cxt 0] basic.p4(586) Condition "hdr.ipv6.isValid()" (node_17) is true
[00:36:41.141] [bmv2] [D] [thread 92091] [0.0] [cxt 0] Deparsing header 'ipv6'
[00:36:41.141] [bmv2] [T] [thread 92090] [1.0] [cxt 0] Applying table 'MyIngress.ipv6_lpm'
[00:36:41.141] [bmv2] [D] [thread 92091] [0.0] [cxt 0] Deparser 'deparser': end
[00:36:41.141] [bmv2] [D] [thread 92090] [1.0] [cxt 0] Looking up key:
* hdr.ipv6.dstAddr    : ff0200000000000000000000000000fb

[00:36:41.141] [bmv2] [D] [thread 92090] [1.0] [cxt 0] Table 'MyIngress.ipv6_lpm': miss
[00:36:41.141] [bmv2] [D] [thread 92090] [1.0] [cxt 0] Action entry is NoAction - 
[00:36:41.141] [bmv2] [T] [thread 92090] [1.0] [cxt 0] Action NoAction
[00:36:41.141] [bmv2] [D] [thread 92090] [1.0] [cxt 0] Pipeline 'ingress': end
[00:36:41.141] [bmv2] [D] [thread 92095] [0.0] [cxt 0] Transmitting packet of size 211 out of port 0
[00:36:41.141] [bmv2] [D] [thread 92090] [1.0] [cxt 0] Egress port is 0
[00:36:41.141] [bmv2] [D] [thread 92091] [1.0] [cxt 0] Pipeline 'egress': start
[00:36:41.141] [bmv2] [T] [thread 92091] [1.0] [cxt 0] basic.p4(684) Condition "standard_metadata.mcast_grp != 0" (node_28) is false
[00:36:41.141] [bmv2] [D] [thread 92091] [1.0] [cxt 0] Pipeline 'egress': end
[00:36:41.141] [bmv2] [D] [thread 92091] [1.0] [cxt 0] Deparser 'deparser': start
[00:36:41.141] [bmv2] [T] [thread 92091] [1.0] [cxt 0] Skipping checksum 'cksum' update because condition not met
[00:36:41.141] [bmv2] [D] [thread 92091] [1.0] [cxt 0] Deparsing header 'ethernet'
[00:36:41.141] [bmv2] [D] [thread 92091] [1.0] [cxt 0] Deparsing header 'ipv6'
[00:36:41.141] [bmv2] [D] [thread 92091] [1.0] [cxt 0] Deparser 'deparser': end
[00:36:41.141] [bmv2] [D] [thread 92095] [1.0] [cxt 0] Transmitting packet of size 113 out of port 0
[00:36:41.166] [bmv2] [D] [thread 92090] [2.0] [cxt 0] Processing packet received on port 2
[00:36:41.166] [bmv2] [D] [thread 92090] [2.0] [cxt 0] Parser 'parser': start
[00:36:41.166] [bmv2] [D] [thread 92090] [2.0] [cxt 0] Parser 'parser' entering state 'start'
[00:36:41.166] [bmv2] [D] [thread 92090] [2.0] [cxt 0] Extracting header 'ethernet'
[00:36:41.166] [bmv2] [D] [thread 92090] [2.0] [cxt 0] Parser state 'start': key is 86dd
[00:36:41.166] [bmv2] [T] [thread 92090] [2.0] [cxt 0] Bytes parsed: 14
[00:36:41.166] [bmv2] [D] [thread 92090] [2.0] [cxt 0] Parser 'parser' entering state 'parse_ipv6'
[00:36:41.166] [bmv2] [D] [thread 92090] [2.0] [cxt 0] Extracting header 'ipv6'
[00:36:41.166] [bmv2] [D] [thread 92090] [2.0] [cxt 0] Parser state 'parse_ipv6': key is 00
[00:36:41.166] [bmv2] [T] [thread 92090] [2.0] [cxt 0] Bytes parsed: 54
[00:36:41.166] [bmv2] [D] [thread 92090] [2.0] [cxt 0] Parser 'parser': end
[00:36:41.166] [bmv2] [D] [thread 92090] [2.0] [cxt 0] Pipeline 'ingress': start
[00:36:41.166] [bmv2] [T] [thread 92090] [2.0] [cxt 0] basic.p4(560) Condition "hdr.ethernet.etherType == TYPE_ARP" (node_2) is false
[00:36:41.166] [bmv2] [T] [thread 92090] [2.0] [cxt 0] basic.p4(563) Condition "hdr.ethernet.etherType == TYPE_SRCROUTING" (node_4) is false
[00:36:41.166] [bmv2] [T] [thread 92090] [2.0] [cxt 0] basic.p4(576) Condition "hdr.ethernet.etherType == TYPE_YEQUDESU" (node_12) is false
[00:36:41.166] [bmv2] [T] [thread 92090] [2.0] [cxt 0] basic.p4(582) Condition "hdr.vxlan.isValid()" (node_15) is false
[00:36:41.166] [bmv2] [T] [thread 92090] [2.0] [cxt 0] basic.p4(586) Condition "hdr.ipv6.isValid()" (node_17) is true
[00:36:41.166] [bmv2] [T] [thread 92090] [2.0] [cxt 0] Applying table 'MyIngress.ipv6_lpm'
[00:36:41.166] [bmv2] [D] [thread 92090] [2.0] [cxt 0] Looking up key:
* hdr.ipv6.dstAddr    : ff020000000000000000000000000016

[00:36:41.166] [bmv2] [D] [thread 92090] [2.0] [cxt 0] Table 'MyIngress.ipv6_lpm': miss
[00:36:41.166] [bmv2] [D] [thread 92090] [2.0] [cxt 0] Action entry is NoAction - 
[00:36:41.166] [bmv2] [T] [thread 92090] [2.0] [cxt 0] Action NoAction
[00:36:41.166] [bmv2] [D] [thread 92090] [2.0] [cxt 0] Pipeline 'ingress': end
[00:36:41.166] [bmv2] [D] [thread 92090] [2.0] [cxt 0] Egress port is 0
[00:36:41.166] [bmv2] [D] [thread 92091] [2.0] [cxt 0] Pipeline 'egress': start
[00:36:41.166] [bmv2] [T] [thread 92091] [2.0] [cxt 0] basic.p4(684) Condition "standard_metadata.mcast_grp != 0" (node_28) is false
[00:36:41.166] [bmv2] [D] [thread 92091] [2.0] [cxt 0] Pipeline 'egress': end
[00:36:41.166] [bmv2] [D] [thread 92091] [2.0] [cxt 0] Deparser 'deparser': start
[00:36:41.166] [bmv2] [T] [thread 92091] [2.0] [cxt 0] Skipping checksum 'cksum' update because condition not met
[00:36:41.166] [bmv2] [D] [thread 92091] [2.0] [cxt 0] Deparsing header 'ethernet'
[00:36:41.166] [bmv2] [D] [thread 92091] [2.0] [cxt 0] Deparsing header 'ipv6'
[00:36:41.166] [bmv2] [D] [thread 92091] [2.0] [cxt 0] Deparser 'deparser': end
[00:36:41.166] [bmv2] [D] [thread 92095] [2.0] [cxt 0] Transmitting packet of size 90 out of port 0
[00:36:41.210] [bmv2] [D] [thread 92090] [3.0] [cxt 0] Processing packet received on port 2
[00:36:41.210] [bmv2] [D] [thread 92090] [3.0] [cxt 0] Parser 'parser': start
[00:36:41.210] [bmv2] [D] [thread 92090] [3.0] [cxt 0] Parser 'parser' entering state 'start'
[00:36:41.210] [bmv2] [D] [thread 92090] [3.0] [cxt 0] Extracting header 'ethernet'
[00:36:41.210] [bmv2] [D] [thread 92090] [3.0] [cxt 0] Parser state 'start': key is 86dd
[00:36:41.210] [bmv2] [T] [thread 92090] [3.0] [cxt 0] Bytes parsed: 14
[00:36:41.210] [bmv2] [D] [thread 92090] [3.0] [cxt 0] Parser 'parser' entering state 'parse_ipv6'
[00:36:41.210] [bmv2] [D] [thread 92090] [3.0] [cxt 0] Extracting header 'ipv6'
[00:36:41.210] [bmv2] [D] [thread 92090] [3.0] [cxt 0] Parser state 'parse_ipv6': key is 11
[00:36:41.210] [bmv2] [T] [thread 92090] [3.0] [cxt 0] Bytes parsed: 54
[00:36:41.210] [bmv2] [D] [thread 92090] [3.0] [cxt 0] Parser 'parser': end
[00:36:41.210] [bmv2] [D] [thread 92090] [3.0] [cxt 0] Pipeline 'ingress': start
[00:36:41.210] [bmv2] [T] [thread 92090] [3.0] [cxt 0] basic.p4(560) Condition "hdr.ethernet.etherType == TYPE_ARP" (node_2) is false
[00:36:41.210] [bmv2] [T] [thread 92090] [3.0] [cxt 0] basic.p4(563) Condition "hdr.ethernet.etherType == TYPE_SRCROUTING" (node_4) is false
[00:36:41.210] [bmv2] [T] [thread 92090] [3.0] [cxt 0] basic.p4(576) Condition "hdr.ethernet.etherType == TYPE_YEQUDESU" (node_12) is false
[00:36:41.210] [bmv2] [T] [thread 92090] [3.0] [cxt 0] basic.p4(582) Condition "hdr.vxlan.isValid()" (node_15) is false
[00:36:41.210] [bmv2] [T] [thread 92090] [3.0] [cxt 0] basic.p4(586) Condition "hdr.ipv6.isValid()" (node_17) is true
[00:36:41.210] [bmv2] [T] [thread 92090] [3.0] [cxt 0] Applying table 'MyIngress.ipv6_lpm'
[00:36:41.210] [bmv2] [D] [thread 92090] [3.0] [cxt 0] Looking up key:
* hdr.ipv6.dstAddr    : ff0200000000000000000000000000fb

[00:36:41.210] [bmv2] [D] [thread 92090] [3.0] [cxt 0] Table 'MyIngress.ipv6_lpm': miss
[00:36:41.210] [bmv2] [D] [thread 92090] [3.0] [cxt 0] Action entry is NoAction - 
[00:36:41.211] [bmv2] [T] [thread 92090] [3.0] [cxt 0] Action NoAction
[00:36:41.211] [bmv2] [D] [thread 92090] [3.0] [cxt 0] Pipeline 'ingress': end
[00:36:41.211] [bmv2] [D] [thread 92090] [3.0] [cxt 0] Egress port is 0
[00:36:41.211] [bmv2] [D] [thread 92091] [3.0] [cxt 0] Pipeline 'egress': start
[00:36:41.211] [bmv2] [T] [thread 92091] [3.0] [cxt 0] basic.p4(684) Condition "standard_metadata.mcast_grp != 0" (node_28) is false
[00:36:41.211] [bmv2] [D] [thread 92091] [3.0] [cxt 0] Pipeline 'egress': end
[00:36:41.211] [bmv2] [D] [thread 92091] [3.0] [cxt 0] Deparser 'deparser': start
[00:36:41.211] [bmv2] [T] [thread 92091] [3.0] [cxt 0] Skipping checksum 'cksum' update because condition not met
[00:36:41.211] [bmv2] [D] [thread 92091] [3.0] [cxt 0] Deparsing header 'ethernet'
[00:36:41.211] [bmv2] [D] [thread 92091] [3.0] [cxt 0] Deparsing header 'ipv6'
[00:36:41.211] [bmv2] [D] [thread 92091] [3.0] [cxt 0] Deparser 'deparser': end
[00:36:41.211] [bmv2] [D] [thread 92095] [3.0] [cxt 0] Transmitting packet of size 199 out of port 0
[00:36:41.294] [bmv2] [D] [thread 92090] [4.0] [cxt 0] Processing packet received on port 1
[00:36:41.294] [bmv2] [D] [thread 92090] [4.0] [cxt 0] Parser 'parser': start
[00:36:41.294] [bmv2] [D] [thread 92090] [4.0] [cxt 0] Parser 'parser' entering state 'start'
[00:36:41.294] [bmv2] [D] [thread 92090] [4.0] [cxt 0] Extracting header 'ethernet'
[00:36:41.294] [bmv2] [D] [thread 92090] [4.0] [cxt 0] Parser state 'start': key is 86dd
[00:36:41.294] [bmv2] [T] [thread 92090] [4.0] [cxt 0] Bytes parsed: 14
[00:36:41.294] [bmv2] [D] [thread 92090] [4.0] [cxt 0] Parser 'parser' entering state 'parse_ipv6'
[00:36:41.294] [bmv2] [D] [thread 92090] [4.0] [cxt 0] Extracting header 'ipv6'
[00:36:41.294] [bmv2] [D] [thread 92090] [4.0] [cxt 0] Parser state 'parse_ipv6': key is 00
[00:36:41.294] [bmv2] [T] [thread 92090] [4.0] [cxt 0] Bytes parsed: 54
[00:36:41.294] [bmv2] [D] [thread 92090] [4.0] [cxt 0] Parser 'parser': end
[00:36:41.294] [bmv2] [D] [thread 92090] [4.0] [cxt 0] Pipeline 'ingress': start
[00:36:41.294] [bmv2] [T] [thread 92090] [4.0] [cxt 0] basic.p4(560) Condition "hdr.ethernet.etherType == TYPE_ARP" (node_2) is false
[00:36:41.294] [bmv2] [T] [thread 92090] [4.0] [cxt 0] basic.p4(563) Condition "hdr.ethernet.etherType == TYPE_SRCROUTING" (node_4) is false
[00:36:41.294] [bmv2] [T] [thread 92090] [4.0] [cxt 0] basic.p4(576) Condition "hdr.ethernet.etherType == TYPE_YEQUDESU" (node_12) is false
[00:36:41.294] [bmv2] [T] [thread 92090] [4.0] [cxt 0] basic.p4(582) Condition "hdr.vxlan.isValid()" (node_15) is false
[00:36:41.294] [bmv2] [T] [thread 92090] [4.0] [cxt 0] basic.p4(586) Condition "hdr.ipv6.isValid()" (node_17) is true
[00:36:41.294] [bmv2] [T] [thread 92090] [4.0] [cxt 0] Applying table 'MyIngress.ipv6_lpm'
[00:36:41.294] [bmv2] [D] [thread 92090] [4.0] [cxt 0] Looking up key:
* hdr.ipv6.dstAddr    : ff020000000000000000000000000016

[00:36:41.294] [bmv2] [D] [thread 92090] [4.0] [cxt 0] Table 'MyIngress.ipv6_lpm': miss
[00:36:41.294] [bmv2] [D] [thread 92090] [4.0] [cxt 0] Action entry is NoAction - 
[00:36:41.294] [bmv2] [T] [thread 92090] [4.0] [cxt 0] Action NoAction
[00:36:41.294] [bmv2] [D] [thread 92090] [4.0] [cxt 0] Pipeline 'ingress': end
[00:36:41.294] [bmv2] [D] [thread 92090] [4.0] [cxt 0] Egress port is 0
[00:36:41.295] [bmv2] [D] [thread 92091] [4.0] [cxt 0] Pipeline 'egress': start
[00:36:41.295] [bmv2] [T] [thread 92091] [4.0] [cxt 0] basic.p4(684) Condition "standard_metadata.mcast_grp != 0" (node_28) is false
[00:36:41.295] [bmv2] [D] [thread 92091] [4.0] [cxt 0] Pipeline 'egress': end
[00:36:41.295] [bmv2] [D] [thread 92091] [4.0] [cxt 0] Deparser 'deparser': start
[00:36:41.295] [bmv2] [T] [thread 92091] [4.0] [cxt 0] Skipping checksum 'cksum' update because condition not met
[00:36:41.295] [bmv2] [D] [thread 92091] [4.0] [cxt 0] Deparsing header 'ethernet'
[00:36:41.295] [bmv2] [D] [thread 92091] [4.0] [cxt 0] Deparsing header 'ipv6'
[00:36:41.295] [bmv2] [D] [thread 92091] [4.0] [cxt 0] Deparser 'deparser': end
[00:36:41.295] [bmv2] [D] [thread 92095] [4.0] [cxt 0] Transmitting packet of size 110 out of port 0
[00:36:41.310] [bmv2] [D] [thread 92090] [5.0] [cxt 0] Processing packet received on port 2
[00:36:41.310] [bmv2] [D] [thread 92090] [5.0] [cxt 0] Parser 'parser': start
[00:36:41.310] [bmv2] [D] [thread 92090] [5.0] [cxt 0] Parser 'parser' entering state 'start'
[00:36:41.310] [bmv2] [D] [thread 92090] [5.0] [cxt 0] Extracting header 'ethernet'
[00:36:41.310] [bmv2] [D] [thread 92090] [5.0] [cxt 0] Parser state 'start': key is 86dd
[00:36:41.310] [bmv2] [T] [thread 92090] [5.0] [cxt 0] Bytes parsed: 14
[00:36:41.310] [bmv2] [D] [thread 92090] [5.0] [cxt 0] Parser 'parser' entering state 'parse_ipv6'
[00:36:41.310] [bmv2] [D] [thread 92090] [5.0] [cxt 0] Extracting header 'ipv6'
[00:36:41.310] [bmv2] [D] [thread 92090] [5.0] [cxt 0] Parser state 'parse_ipv6': key is 11
[00:36:41.310] [bmv2] [T] [thread 92090] [5.0] [cxt 0] Bytes parsed: 54
[00:36:41.310] [bmv2] [D] [thread 92090] [5.0] [cxt 0] Parser 'parser': end
[00:36:41.310] [bmv2] [D] [thread 92090] [5.0] [cxt 0] Pipeline 'ingress': start
[00:36:41.310] [bmv2] [T] [thread 92090] [5.0] [cxt 0] basic.p4(560) Condition "hdr.ethernet.etherType == TYPE_ARP" (node_2) is false
[00:36:41.310] [bmv2] [T] [thread 92090] [5.0] [cxt 0] basic.p4(563) Condition "hdr.ethernet.etherType == TYPE_SRCROUTING" (node_4) is false
[00:36:41.310] [bmv2] [T] [thread 92090] [5.0] [cxt 0] basic.p4(576) Condition "hdr.ethernet.etherType == TYPE_YEQUDESU" (node_12) is false
[00:36:41.310] [bmv2] [T] [thread 92090] [5.0] [cxt 0] basic.p4(582) Condition "hdr.vxlan.isValid()" (node_15) is false
[00:36:41.310] [bmv2] [T] [thread 92090] [5.0] [cxt 0] basic.p4(586) Condition "hdr.ipv6.isValid()" (node_17) is true
[00:36:41.310] [bmv2] [T] [thread 92090] [5.0] [cxt 0] Applying table 'MyIngress.ipv6_lpm'
[00:36:41.310] [bmv2] [D] [thread 92090] [5.0] [cxt 0] Looking up key:
* hdr.ipv6.dstAddr    : ff0200000000000000000000000000fb

[00:36:41.310] [bmv2] [D] [thread 92090] [5.0] [cxt 0] Table 'MyIngress.ipv6_lpm': miss
[00:36:41.310] [bmv2] [D] [thread 92090] [5.0] [cxt 0] Action entry is NoAction - 
[00:36:41.310] [bmv2] [T] [thread 92090] [5.0] [cxt 0] Action NoAction
[00:36:41.310] [bmv2] [D] [thread 92090] [5.0] [cxt 0] Pipeline 'ingress': end
[00:36:41.310] [bmv2] [D] [thread 92090] [5.0] [cxt 0] Egress port is 0
[00:36:41.310] [bmv2] [D] [thread 92091] [5.0] [cxt 0] Pipeline 'egress': start
[00:36:41.310] [bmv2] [T] [thread 92091] [5.0] [cxt 0] basic.p4(684) Condition "standard_metadata.mcast_grp != 0" (node_28) is false
[00:36:41.310] [bmv2] [D] [thread 92091] [5.0] [cxt 0] Pipeline 'egress': end
[00:36:41.310] [bmv2] [D] [thread 92091] [5.0] [cxt 0] Deparser 'deparser': start
[00:36:41.310] [bmv2] [T] [thread 92091] [5.0] [cxt 0] Skipping checksum 'cksum' update because condition not met
[00:36:41.310] [bmv2] [D] [thread 92091] [5.0] [cxt 0] Deparsing header 'ethernet'
[00:36:41.310] [bmv2] [D] [thread 92091] [5.0] [cxt 0] Deparsing header 'ipv6'
[00:36:41.310] [bmv2] [D] [thread 92091] [5.0] [cxt 0] Deparser 'deparser': end
[00:36:41.310] [bmv2] [D] [thread 92095] [5.0] [cxt 0] Transmitting packet of size 203 out of port 0
[00:36:41.340] [bmv2] [D] [thread 92090] [6.0] [cxt 0] Processing packet received on port 1
[00:36:41.340] [bmv2] [D] [thread 92090] [6.0] [cxt 0] Parser 'parser': start
[00:36:41.340] [bmv2] [D] [thread 92090] [6.0] [cxt 0] Parser 'parser' entering state 'start'
[00:36:41.340] [bmv2] [D] [thread 92090] [6.0] [cxt 0] Extracting header 'ethernet'
[00:36:41.340] [bmv2] [D] [thread 92090] [6.0] [cxt 0] Parser state 'start': key is 86dd
[00:36:41.340] [bmv2] [T] [thread 92090] [6.0] [cxt 0] Bytes parsed: 14
[00:36:41.340] [bmv2] [D] [thread 92090] [6.0] [cxt 0] Parser 'parser' entering state 'parse_ipv6'
[00:36:41.340] [bmv2] [D] [thread 92090] [6.0] [cxt 0] Extracting header 'ipv6'
[00:36:41.340] [bmv2] [D] [thread 92090] [6.0] [cxt 0] Parser state 'parse_ipv6': key is 11
[00:36:41.340] [bmv2] [T] [thread 92090] [6.0] [cxt 0] Bytes parsed: 54
[00:36:41.340] [bmv2] [D] [thread 92090] [6.0] [cxt 0] Parser 'parser': end
[00:36:41.340] [bmv2] [D] [thread 92090] [6.0] [cxt 0] Pipeline 'ingress': start
[00:36:41.340] [bmv2] [T] [thread 92090] [6.0] [cxt 0] basic.p4(560) Condition "hdr.ethernet.etherType == TYPE_ARP" (node_2) is false
[00:36:41.340] [bmv2] [T] [thread 92090] [6.0] [cxt 0] basic.p4(563) Condition "hdr.ethernet.etherType == TYPE_SRCROUTING" (node_4) is false
[00:36:41.340] [bmv2] [T] [thread 92090] [6.0] [cxt 0] basic.p4(576) Condition "hdr.ethernet.etherType == TYPE_YEQUDESU" (node_12) is false
[00:36:41.340] [bmv2] [T] [thread 92090] [6.0] [cxt 0] basic.p4(582) Condition "hdr.vxlan.isValid()" (node_15) is false
[00:36:41.340] [bmv2] [T] [thread 92090] [6.0] [cxt 0] basic.p4(586) Condition "hdr.ipv6.isValid()" (node_17) is true
[00:36:41.340] [bmv2] [T] [thread 92090] [6.0] [cxt 0] Applying table 'MyIngress.ipv6_lpm'
[00:36:41.340] [bmv2] [D] [thread 92090] [6.0] [cxt 0] Looking up key:
* hdr.ipv6.dstAddr    : ff0200000000000000000000000000fb

[00:36:41.340] [bmv2] [D] [thread 92090] [6.0] [cxt 0] Table 'MyIngress.ipv6_lpm': miss
[00:36:41.340] [bmv2] [D] [thread 92090] [6.0] [cxt 0] Action entry is NoAction - 
[00:36:41.340] [bmv2] [T] [thread 92090] [6.0] [cxt 0] Action NoAction
[00:36:41.340] [bmv2] [D] [thread 92090] [6.0] [cxt 0] Pipeline 'ingress': end
[00:36:41.340] [bmv2] [D] [thread 92090] [6.0] [cxt 0] Egress port is 0
[00:36:41.342] [bmv2] [D] [thread 92091] [6.0] [cxt 0] Pipeline 'egress': start
[00:36:41.342] [bmv2] [T] [thread 92091] [6.0] [cxt 0] basic.p4(684) Condition "standard_metadata.mcast_grp != 0" (node_28) is false
[00:36:41.342] [bmv2] [D] [thread 92091] [6.0] [cxt 0] Pipeline 'egress': end
[00:36:41.342] [bmv2] [D] [thread 92091] [6.0] [cxt 0] Deparser 'deparser': start
[00:36:41.342] [bmv2] [T] [thread 92091] [6.0] [cxt 0] Skipping checksum 'cksum' update because condition not met
[00:36:41.342] [bmv2] [D] [thread 92091] [6.0] [cxt 0] Deparsing header 'ethernet'
[00:36:41.342] [bmv2] [D] [thread 92091] [6.0] [cxt 0] Deparsing header 'ipv6'
[00:36:41.342] [bmv2] [D] [thread 92091] [6.0] [cxt 0] Deparser 'deparser': end
[00:36:41.342] [bmv2] [D] [thread 92095] [6.0] [cxt 0] Transmitting packet of size 199 out of port 0
[00:36:41.421] [bmv2] [D] [thread 92090] [7.0] [cxt 0] Processing packet received on port 2
[00:36:41.421] [bmv2] [D] [thread 92090] [7.0] [cxt 0] Parser 'parser': start
[00:36:41.421] [bmv2] [D] [thread 92090] [7.0] [cxt 0] Parser 'parser' entering state 'start'
[00:36:41.421] [bmv2] [D] [thread 92090] [7.0] [cxt 0] Extracting header 'ethernet'
[00:36:41.421] [bmv2] [D] [thread 92090] [7.0] [cxt 0] Parser state 'start': key is 86dd
[00:36:41.421] [bmv2] [T] [thread 92090] [7.0] [cxt 0] Bytes parsed: 14
[00:36:41.421] [bmv2] [D] [thread 92090] [7.0] [cxt 0] Parser 'parser' entering state 'parse_ipv6'
[00:36:41.421] [bmv2] [D] [thread 92090] [7.0] [cxt 0] Extracting header 'ipv6'
[00:36:41.421] [bmv2] [D] [thread 92090] [7.0] [cxt 0] Parser state 'parse_ipv6': key is 00
[00:36:41.421] [bmv2] [T] [thread 92090] [7.0] [cxt 0] Bytes parsed: 54
[00:36:41.421] [bmv2] [D] [thread 92090] [7.0] [cxt 0] Parser 'parser': end
[00:36:41.421] [bmv2] [D] [thread 92090] [7.0] [cxt 0] Pipeline 'ingress': start
[00:36:41.421] [bmv2] [T] [thread 92090] [7.0] [cxt 0] basic.p4(560) Condition "hdr.ethernet.etherType == TYPE_ARP" (node_2) is false
[00:36:41.421] [bmv2] [T] [thread 92090] [7.0] [cxt 0] basic.p4(563) Condition "hdr.ethernet.etherType == TYPE_SRCROUTING" (node_4) is false
[00:36:41.421] [bmv2] [T] [thread 92090] [7.0] [cxt 0] basic.p4(576) Condition "hdr.ethernet.etherType == TYPE_YEQUDESU" (node_12) is false
[00:36:41.421] [bmv2] [T] [thread 92090] [7.0] [cxt 0] basic.p4(582) Condition "hdr.vxlan.isValid()" (node_15) is false
[00:36:41.421] [bmv2] [T] [thread 92090] [7.0] [cxt 0] basic.p4(586) Condition "hdr.ipv6.isValid()" (node_17) is true
[00:36:41.421] [bmv2] [T] [thread 92090] [7.0] [cxt 0] Applying table 'MyIngress.ipv6_lpm'
[00:36:41.421] [bmv2] [D] [thread 92090] [7.0] [cxt 0] Looking up key:
* hdr.ipv6.dstAddr    : ff020000000000000000000000000016

[00:36:41.421] [bmv2] [D] [thread 92090] [7.0] [cxt 0] Table 'MyIngress.ipv6_lpm': miss
[00:36:41.421] [bmv2] [D] [thread 92090] [7.0] [cxt 0] Action entry is NoAction - 
[00:36:41.421] [bmv2] [T] [thread 92090] [7.0] [cxt 0] Action NoAction
[00:36:41.421] [bmv2] [D] [thread 92090] [7.0] [cxt 0] Pipeline 'ingress': end
[00:36:41.421] [bmv2] [D] [thread 92090] [7.0] [cxt 0] Egress port is 0
[00:36:41.422] [bmv2] [D] [thread 92091] [7.0] [cxt 0] Pipeline 'egress': start
[00:36:41.422] [bmv2] [T] [thread 92091] [7.0] [cxt 0] basic.p4(684) Condition "standard_metadata.mcast_grp != 0" (node_28) is false
[00:36:41.422] [bmv2] [D] [thread 92091] [7.0] [cxt 0] Pipeline 'egress': end
[00:36:41.422] [bmv2] [D] [thread 92091] [7.0] [cxt 0] Deparser 'deparser': start
[00:36:41.422] [bmv2] [T] [thread 92091] [7.0] [cxt 0] Skipping checksum 'cksum' update because condition not met
[00:36:41.422] [bmv2] [D] [thread 92091] [7.0] [cxt 0] Deparsing header 'ethernet'
[00:36:41.422] [bmv2] [D] [thread 92091] [7.0] [cxt 0] Deparsing header 'ipv6'
[00:36:41.422] [bmv2] [D] [thread 92091] [7.0] [cxt 0] Deparser 'deparser': end
[00:36:41.422] [bmv2] [D] [thread 92095] [7.0] [cxt 0] Transmitting packet of size 110 out of port 0
[00:36:41.628] [bmv2] [D] [thread 92090] [8.0] [cxt 0] Processing packet received on port 1
[00:36:41.628] [bmv2] [D] [thread 92090] [8.0] [cxt 0] Parser 'parser': start
[00:36:41.628] [bmv2] [D] [thread 92090] [8.0] [cxt 0] Parser 'parser' entering state 'start'
[00:36:41.628] [bmv2] [D] [thread 92090] [8.0] [cxt 0] Extracting header 'ethernet'
[00:36:41.628] [bmv2] [D] [thread 92090] [8.0] [cxt 0] Parser state 'start': key is 86dd
[00:36:41.628] [bmv2] [T] [thread 92090] [8.0] [cxt 0] Bytes parsed: 14
[00:36:41.628] [bmv2] [D] [thread 92090] [8.0] [cxt 0] Parser 'parser' entering state 'parse_ipv6'
[00:36:41.628] [bmv2] [D] [thread 92090] [8.0] [cxt 0] Extracting header 'ipv6'
[00:36:41.628] [bmv2] [D] [thread 92090] [8.0] [cxt 0] Parser state 'parse_ipv6': key is 11
[00:36:41.628] [bmv2] [T] [thread 92090] [8.0] [cxt 0] Bytes parsed: 54
[00:36:41.628] [bmv2] [D] [thread 92090] [8.0] [cxt 0] Parser 'parser': end
[00:36:41.628] [bmv2] [D] [thread 92090] [8.0] [cxt 0] Pipeline 'ingress': start
[00:36:41.628] [bmv2] [T] [thread 92090] [8.0] [cxt 0] basic.p4(560) Condition "hdr.ethernet.etherType == TYPE_ARP" (node_2) is false
[00:36:41.628] [bmv2] [T] [thread 92090] [8.0] [cxt 0] basic.p4(563) Condition "hdr.ethernet.etherType == TYPE_SRCROUTING" (node_4) is false
[00:36:41.628] [bmv2] [T] [thread 92090] [8.0] [cxt 0] basic.p4(576) Condition "hdr.ethernet.etherType == TYPE_YEQUDESU" (node_12) is false
[00:36:41.628] [bmv2] [T] [thread 92090] [8.0] [cxt 0] basic.p4(582) Condition "hdr.vxlan.isValid()" (node_15) is false
[00:36:41.628] [bmv2] [T] [thread 92090] [8.0] [cxt 0] basic.p4(586) Condition "hdr.ipv6.isValid()" (node_17) is true
[00:36:41.628] [bmv2] [T] [thread 92090] [8.0] [cxt 0] Applying table 'MyIngress.ipv6_lpm'
[00:36:41.628] [bmv2] [D] [thread 92090] [8.0] [cxt 0] Looking up key:
* hdr.ipv6.dstAddr    : ff0200000000000000000000000000fb

[00:36:41.628] [bmv2] [D] [thread 92090] [8.0] [cxt 0] Table 'MyIngress.ipv6_lpm': miss
[00:36:41.628] [bmv2] [D] [thread 92090] [8.0] [cxt 0] Action entry is NoAction - 
[00:36:41.628] [bmv2] [T] [thread 92090] [8.0] [cxt 0] Action NoAction
[00:36:41.628] [bmv2] [D] [thread 92090] [8.0] [cxt 0] Pipeline 'ingress': end
[00:36:41.628] [bmv2] [D] [thread 92090] [8.0] [cxt 0] Egress port is 0
[00:36:41.628] [bmv2] [D] [thread 92091] [8.0] [cxt 0] Pipeline 'egress': start
[00:36:41.628] [bmv2] [T] [thread 92091] [8.0] [cxt 0] basic.p4(684) Condition "standard_metadata.mcast_grp != 0" (node_28) is false
[00:36:41.628] [bmv2] [D] [thread 92091] [8.0] [cxt 0] Pipeline 'egress': end
[00:36:41.628] [bmv2] [D] [thread 92091] [8.0] [cxt 0] Deparser 'deparser': start
[00:36:41.628] [bmv2] [T] [thread 92091] [8.0] [cxt 0] Skipping checksum 'cksum' update because condition not met
[00:36:41.628] [bmv2] [D] [thread 92091] [8.0] [cxt 0] Deparsing header 'ethernet'
[00:36:41.628] [bmv2] [D] [thread 92091] [8.0] [cxt 0] Deparsing header 'ipv6'
[00:36:41.628] [bmv2] [D] [thread 92091] [8.0] [cxt 0] Deparser 'deparser': end
[00:36:41.629] [bmv2] [D] [thread 92095] [8.0] [cxt 0] Transmitting packet of size 203 out of port 0
[00:36:41.694] [bmv2] [D] [thread 92090] [9.0] [cxt 0] Processing packet received on port 1
[00:36:41.694] [bmv2] [D] [thread 92090] [9.0] [cxt 0] Parser 'parser': start
[00:36:41.694] [bmv2] [D] [thread 92090] [9.0] [cxt 0] Parser 'parser' entering state 'start'
[00:36:41.694] [bmv2] [D] [thread 92090] [9.0] [cxt 0] Extracting header 'ethernet'
[00:36:41.694] [bmv2] [D] [thread 92090] [9.0] [cxt 0] Parser state 'start': key is 86dd
[00:36:41.694] [bmv2] [T] [thread 92090] [9.0] [cxt 0] Bytes parsed: 14
[00:36:41.694] [bmv2] [D] [thread 92090] [9.0] [cxt 0] Parser 'parser' entering state 'parse_ipv6'
[00:36:41.694] [bmv2] [D] [thread 92090] [9.0] [cxt 0] Extracting header 'ipv6'
[00:36:41.694] [bmv2] [D] [thread 92090] [9.0] [cxt 0] Parser state 'parse_ipv6': key is 11
[00:36:41.694] [bmv2] [T] [thread 92090] [9.0] [cxt 0] Bytes parsed: 54
[00:36:41.694] [bmv2] [D] [thread 92090] [9.0] [cxt 0] Parser 'parser': end
[00:36:41.695] [bmv2] [D] [thread 92090] [9.0] [cxt 0] Pipeline 'ingress': start
[00:36:41.695] [bmv2] [T] [thread 92090] [9.0] [cxt 0] basic.p4(560) Condition "hdr.ethernet.etherType == TYPE_ARP" (node_2) is false
[00:36:41.695] [bmv2] [T] [thread 92090] [9.0] [cxt 0] basic.p4(563) Condition "hdr.ethernet.etherType == TYPE_SRCROUTING" (node_4) is false
[00:36:41.695] [bmv2] [T] [thread 92090] [9.0] [cxt 0] basic.p4(576) Condition "hdr.ethernet.etherType == TYPE_YEQUDESU" (node_12) is false
[00:36:41.695] [bmv2] [T] [thread 92090] [9.0] [cxt 0] basic.p4(582) Condition "hdr.vxlan.isValid()" (node_15) is false
[00:36:41.695] [bmv2] [T] [thread 92090] [9.0] [cxt 0] basic.p4(586) Condition "hdr.ipv6.isValid()" (node_17) is true
[00:36:41.695] [bmv2] [T] [thread 92090] [9.0] [cxt 0] Applying table 'MyIngress.ipv6_lpm'
[00:36:41.695] [bmv2] [D] [thread 92090] [9.0] [cxt 0] Looking up key:
* hdr.ipv6.dstAddr    : ff0200000000000000000000000000fb

[00:36:41.695] [bmv2] [D] [thread 92090] [9.0] [cxt 0] Table 'MyIngress.ipv6_lpm': miss
[00:36:41.695] [bmv2] [D] [thread 92090] [9.0] [cxt 0] Action entry is NoAction - 
[00:36:41.695] [bmv2] [T] [thread 92090] [9.0] [cxt 0] Action NoAction
[00:36:41.695] [bmv2] [D] [thread 92090] [9.0] [cxt 0] Pipeline 'ingress': end
[00:36:41.695] [bmv2] [D] [thread 92090] [9.0] [cxt 0] Egress port is 0
[00:36:41.695] [bmv2] [D] [thread 92091] [9.0] [cxt 0] Pipeline 'egress': start
[00:36:41.695] [bmv2] [T] [thread 92091] [9.0] [cxt 0] basic.p4(684) Condition "standard_metadata.mcast_grp != 0" (node_28) is false
[00:36:41.695] [bmv2] [D] [thread 92091] [9.0] [cxt 0] Pipeline 'egress': end
[00:36:41.695] [bmv2] [D] [thread 92091] [9.0] [cxt 0] Deparser 'deparser': start
[00:36:41.695] [bmv2] [T] [thread 92091] [9.0] [cxt 0] Skipping checksum 'cksum' update because condition not met
[00:36:41.695] [bmv2] [D] [thread 92091] [9.0] [cxt 0] Deparsing header 'ethernet'
[00:36:41.695] [bmv2] [D] [thread 92091] [9.0] [cxt 0] Deparsing header 'ipv6'
[00:36:41.695] [bmv2] [D] [thread 92091] [9.0] [cxt 0] Deparser 'deparser': end
[00:36:41.695] [bmv2] [D] [thread 92095] [9.0] [cxt 0] Transmitting packet of size 199 out of port 0
[00:36:42.077] [bmv2] [D] [thread 92090] [10.0] [cxt 0] Processing packet received on port 2
[00:36:42.078] [bmv2] [D] [thread 92090] [10.0] [cxt 0] Parser 'parser': start
[00:36:42.078] [bmv2] [D] [thread 92090] [10.0] [cxt 0] Parser 'parser' entering state 'start'
[00:36:42.078] [bmv2] [D] [thread 92090] [10.0] [cxt 0] Extracting header 'ethernet'
[00:36:42.078] [bmv2] [D] [thread 92090] [10.0] [cxt 0] Parser state 'start': key is 86dd
[00:36:42.078] [bmv2] [T] [thread 92090] [10.0] [cxt 0] Bytes parsed: 14
[00:36:42.078] [bmv2] [D] [thread 92090] [10.0] [cxt 0] Parser 'parser' entering state 'parse_ipv6'
[00:36:42.078] [bmv2] [D] [thread 92090] [10.0] [cxt 0] Extracting header 'ipv6'
[00:36:42.078] [bmv2] [D] [thread 92090] [10.0] [cxt 0] Parser state 'parse_ipv6': key is 11
[00:36:42.078] [bmv2] [T] [thread 92090] [10.0] [cxt 0] Bytes parsed: 54
[00:36:42.078] [bmv2] [D] [thread 92090] [10.0] [cxt 0] Parser 'parser': end
[00:36:42.078] [bmv2] [D] [thread 92090] [10.0] [cxt 0] Pipeline 'ingress': start
[00:36:42.078] [bmv2] [T] [thread 92090] [10.0] [cxt 0] basic.p4(560) Condition "hdr.ethernet.etherType == TYPE_ARP" (node_2) is false
[00:36:42.078] [bmv2] [T] [thread 92090] [10.0] [cxt 0] basic.p4(563) Condition "hdr.ethernet.etherType == TYPE_SRCROUTING" (node_4) is false
[00:36:42.078] [bmv2] [T] [thread 92090] [10.0] [cxt 0] basic.p4(576) Condition "hdr.ethernet.etherType == TYPE_YEQUDESU" (node_12) is false
[00:36:42.078] [bmv2] [T] [thread 92090] [10.0] [cxt 0] basic.p4(582) Condition "hdr.vxlan.isValid()" (node_15) is false
[00:36:42.078] [bmv2] [T] [thread 92090] [10.0] [cxt 0] basic.p4(586) Condition "hdr.ipv6.isValid()" (node_17) is true
[00:36:42.078] [bmv2] [T] [thread 92090] [10.0] [cxt 0] Applying table 'MyIngress.ipv6_lpm'
[00:36:42.078] [bmv2] [D] [thread 92090] [10.0] [cxt 0] Looking up key:
* hdr.ipv6.dstAddr    : ff0200000000000000000000000000fb

[00:36:42.078] [bmv2] [D] [thread 92090] [10.0] [cxt 0] Table 'MyIngress.ipv6_lpm': miss
[00:36:42.078] [bmv2] [D] [thread 92090] [10.0] [cxt 0] Action entry is NoAction - 
[00:36:42.078] [bmv2] [T] [thread 92090] [10.0] [cxt 0] Action NoAction
[00:36:42.078] [bmv2] [D] [thread 92090] [10.0] [cxt 0] Pipeline 'ingress': end
[00:36:42.078] [bmv2] [D] [thread 92090] [10.0] [cxt 0] Egress port is 0
[00:36:42.078] [bmv2] [D] [thread 92091] [10.0] [cxt 0] Pipeline 'egress': start
[00:36:42.078] [bmv2] [T] [thread 92091] [10.0] [cxt 0] basic.p4(684) Condition "standard_metadata.mcast_grp != 0" (node_28) is false
[00:36:42.078] [bmv2] [D] [thread 92091] [10.0] [cxt 0] Pipeline 'egress': end
[00:36:42.078] [bmv2] [D] [thread 92091] [10.0] [cxt 0] Deparser 'deparser': start
[00:36:42.078] [bmv2] [T] [thread 92091] [10.0] [cxt 0] Skipping checksum 'cksum' update because condition not met
[00:36:42.078] [bmv2] [D] [thread 92091] [10.0] [cxt 0] Deparsing header 'ethernet'
[00:36:42.078] [bmv2] [D] [thread 92091] [10.0] [cxt 0] Deparsing header 'ipv6'
[00:36:42.078] [bmv2] [D] [thread 92091] [10.0] [cxt 0] Deparser 'deparser': end
[00:36:42.078] [bmv2] [D] [thread 92095] [10.0] [cxt 0] Transmitting packet of size 199 out of port 0
[00:36:42.270] [bmv2] [D] [thread 92090] [11.0] [cxt 0] Processing packet received on port 2
[00:36:42.270] [bmv2] [D] [thread 92090] [11.0] [cxt 0] Parser 'parser': start
[00:36:42.270] [bmv2] [D] [thread 92090] [11.0] [cxt 0] Parser 'parser' entering state 'start'
[00:36:42.270] [bmv2] [D] [thread 92090] [11.0] [cxt 0] Extracting header 'ethernet'
[00:36:42.270] [bmv2] [D] [thread 92090] [11.0] [cxt 0] Parser state 'start': key is 86dd
[00:36:42.270] [bmv2] [T] [thread 92090] [11.0] [cxt 0] Bytes parsed: 14
[00:36:42.270] [bmv2] [D] [thread 92090] [11.0] [cxt 0] Parser 'parser' entering state 'parse_ipv6'
[00:36:42.270] [bmv2] [D] [thread 92090] [11.0] [cxt 0] Extracting header 'ipv6'
[00:36:42.270] [bmv2] [D] [thread 92090] [11.0] [cxt 0] Parser state 'parse_ipv6': key is 11
[00:36:42.270] [bmv2] [T] [thread 92090] [11.0] [cxt 0] Bytes parsed: 54
[00:36:42.270] [bmv2] [D] [thread 92090] [11.0] [cxt 0] Parser 'parser': end
[00:36:42.270] [bmv2] [D] [thread 92090] [11.0] [cxt 0] Pipeline 'ingress': start
[00:36:42.270] [bmv2] [T] [thread 92090] [11.0] [cxt 0] basic.p4(560) Condition "hdr.ethernet.etherType == TYPE_ARP" (node_2) is false
[00:36:42.270] [bmv2] [T] [thread 92090] [11.0] [cxt 0] basic.p4(563) Condition "hdr.ethernet.etherType == TYPE_SRCROUTING" (node_4) is false
[00:36:42.270] [bmv2] [T] [thread 92090] [11.0] [cxt 0] basic.p4(576) Condition "hdr.ethernet.etherType == TYPE_YEQUDESU" (node_12) is false
[00:36:42.270] [bmv2] [T] [thread 92090] [11.0] [cxt 0] basic.p4(582) Condition "hdr.vxlan.isValid()" (node_15) is false
[00:36:42.270] [bmv2] [T] [thread 92090] [11.0] [cxt 0] basic.p4(586) Condition "hdr.ipv6.isValid()" (node_17) is true
[00:36:42.270] [bmv2] [T] [thread 92090] [11.0] [cxt 0] Applying table 'MyIngress.ipv6_lpm'
[00:36:42.270] [bmv2] [D] [thread 92090] [11.0] [cxt 0] Looking up key:
* hdr.ipv6.dstAddr    : ff0200000000000000000000000000fb

[00:36:42.270] [bmv2] [D] [thread 92090] [11.0] [cxt 0] Table 'MyIngress.ipv6_lpm': miss
[00:36:42.270] [bmv2] [D] [thread 92090] [11.0] [cxt 0] Action entry is NoAction - 
[00:36:42.270] [bmv2] [T] [thread 92090] [11.0] [cxt 0] Action NoAction
[00:36:42.270] [bmv2] [D] [thread 92090] [11.0] [cxt 0] Pipeline 'ingress': end
[00:36:42.270] [bmv2] [D] [thread 92090] [11.0] [cxt 0] Egress port is 0
[00:36:42.270] [bmv2] [D] [thread 92091] [11.0] [cxt 0] Pipeline 'egress': start
[00:36:42.270] [bmv2] [T] [thread 92091] [11.0] [cxt 0] basic.p4(684) Condition "standard_metadata.mcast_grp != 0" (node_28) is false
[00:36:42.270] [bmv2] [D] [thread 92091] [11.0] [cxt 0] Pipeline 'egress': end
[00:36:42.270] [bmv2] [D] [thread 92091] [11.0] [cxt 0] Deparser 'deparser': start
[00:36:42.270] [bmv2] [T] [thread 92091] [11.0] [cxt 0] Skipping checksum 'cksum' update because condition not met
[00:36:42.270] [bmv2] [D] [thread 92091] [11.0] [cxt 0] Deparsing header 'ethernet'
[00:36:42.270] [bmv2] [D] [thread 92091] [11.0] [cxt 0] Deparsing header 'ipv6'
[00:36:42.270] [bmv2] [D] [thread 92091] [11.0] [cxt 0] Deparser 'deparser': end
[00:36:42.271] [bmv2] [D] [thread 92095] [11.0] [cxt 0] Transmitting packet of size 199 out of port 0
[00:36:42.400] [bmv2] [D] [thread 92090] [12.0] [cxt 0] Processing packet received on port 1
[00:36:42.400] [bmv2] [D] [thread 92090] [12.0] [cxt 0] Parser 'parser': start
[00:36:42.400] [bmv2] [D] [thread 92090] [12.0] [cxt 0] Parser 'parser' entering state 'start'
[00:36:42.400] [bmv2] [D] [thread 92090] [12.0] [cxt 0] Extracting header 'ethernet'
[00:36:42.400] [bmv2] [D] [thread 92090] [12.0] [cxt 0] Parser state 'start': key is 86dd
[00:36:42.400] [bmv2] [T] [thread 92090] [12.0] [cxt 0] Bytes parsed: 14
[00:36:42.400] [bmv2] [D] [thread 92090] [12.0] [cxt 0] Parser 'parser' entering state 'parse_ipv6'
[00:36:42.400] [bmv2] [D] [thread 92090] [12.0] [cxt 0] Extracting header 'ipv6'
[00:36:42.400] [bmv2] [D] [thread 92090] [12.0] [cxt 0] Parser state 'parse_ipv6': key is 11
[00:36:42.400] [bmv2] [T] [thread 92090] [12.0] [cxt 0] Bytes parsed: 54
[00:36:42.400] [bmv2] [D] [thread 92090] [12.0] [cxt 0] Parser 'parser': end
[00:36:42.401] [bmv2] [D] [thread 92090] [12.0] [cxt 0] Pipeline 'ingress': start
[00:36:42.401] [bmv2] [T] [thread 92090] [12.0] [cxt 0] basic.p4(560) Condition "hdr.ethernet.etherType == TYPE_ARP" (node_2) is false
[00:36:42.401] [bmv2] [T] [thread 92090] [12.0] [cxt 0] basic.p4(563) Condition "hdr.ethernet.etherType == TYPE_SRCROUTING" (node_4) is false
[00:36:42.401] [bmv2] [T] [thread 92090] [12.0] [cxt 0] basic.p4(576) Condition "hdr.ethernet.etherType == TYPE_YEQUDESU" (node_12) is false
[00:36:42.401] [bmv2] [T] [thread 92090] [12.0] [cxt 0] basic.p4(582) Condition "hdr.vxlan.isValid()" (node_15) is false
[00:36:42.401] [bmv2] [T] [thread 92090] [12.0] [cxt 0] basic.p4(586) Condition "hdr.ipv6.isValid()" (node_17) is true
[00:36:42.401] [bmv2] [T] [thread 92090] [12.0] [cxt 0] Applying table 'MyIngress.ipv6_lpm'
[00:36:42.401] [bmv2] [D] [thread 92090] [12.0] [cxt 0] Looking up key:
* hdr.ipv6.dstAddr    : ff0200000000000000000000000000fb

[00:36:42.401] [bmv2] [D] [thread 92090] [12.0] [cxt 0] Table 'MyIngress.ipv6_lpm': miss
[00:36:42.401] [bmv2] [D] [thread 92090] [12.0] [cxt 0] Action entry is NoAction - 
[00:36:42.401] [bmv2] [T] [thread 92090] [12.0] [cxt 0] Action NoAction
[00:36:42.401] [bmv2] [D] [thread 92090] [12.0] [cxt 0] Pipeline 'ingress': end
[00:36:42.401] [bmv2] [D] [thread 92090] [12.0] [cxt 0] Egress port is 0
[00:36:42.401] [bmv2] [D] [thread 92091] [12.0] [cxt 0] Pipeline 'egress': start
[00:36:42.401] [bmv2] [T] [thread 92091] [12.0] [cxt 0] basic.p4(684) Condition "standard_metadata.mcast_grp != 0" (node_28) is false
[00:36:42.401] [bmv2] [D] [thread 92091] [12.0] [cxt 0] Pipeline 'egress': end
[00:36:42.401] [bmv2] [D] [thread 92091] [12.0] [cxt 0] Deparser 'deparser': start
[00:36:42.401] [bmv2] [T] [thread 92091] [12.0] [cxt 0] Skipping checksum 'cksum' update because condition not met
[00:36:42.401] [bmv2] [D] [thread 92091] [12.0] [cxt 0] Deparsing header 'ethernet'
[00:36:42.401] [bmv2] [D] [thread 92091] [12.0] [cxt 0] Deparsing header 'ipv6'
[00:36:42.401] [bmv2] [D] [thread 92091] [12.0] [cxt 0] Deparser 'deparser': end
[00:36:42.401] [bmv2] [D] [thread 92095] [12.0] [cxt 0] Transmitting packet of size 199 out of port 0
[00:36:42.924] [bmv2] [D] [thread 92090] [13.0] [cxt 0] Processing packet received on port 1
[00:36:42.924] [bmv2] [D] [thread 92090] [13.0] [cxt 0] Parser 'parser': start
[00:36:42.924] [bmv2] [D] [thread 92090] [13.0] [cxt 0] Parser 'parser' entering state 'start'
[00:36:42.924] [bmv2] [D] [thread 92090] [13.0] [cxt 0] Extracting header 'ethernet'
[00:36:42.924] [bmv2] [D] [thread 92090] [13.0] [cxt 0] Parser state 'start': key is 86dd
[00:36:42.924] [bmv2] [T] [thread 92090] [13.0] [cxt 0] Bytes parsed: 14
[00:36:42.924] [bmv2] [D] [thread 92090] [13.0] [cxt 0] Parser 'parser' entering state 'parse_ipv6'
[00:36:42.924] [bmv2] [D] [thread 92090] [13.0] [cxt 0] Extracting header 'ipv6'
[00:36:42.924] [bmv2] [D] [thread 92090] [13.0] [cxt 0] Parser state 'parse_ipv6': key is 11
[00:36:42.924] [bmv2] [T] [thread 92090] [13.0] [cxt 0] Bytes parsed: 54
[00:36:42.924] [bmv2] [D] [thread 92090] [13.0] [cxt 0] Parser 'parser': end
[00:36:42.924] [bmv2] [D] [thread 92090] [13.0] [cxt 0] Pipeline 'ingress': start
[00:36:42.924] [bmv2] [T] [thread 92090] [13.0] [cxt 0] basic.p4(560) Condition "hdr.ethernet.etherType == TYPE_ARP" (node_2) is false
[00:36:42.924] [bmv2] [T] [thread 92090] [13.0] [cxt 0] basic.p4(563) Condition "hdr.ethernet.etherType == TYPE_SRCROUTING" (node_4) is false
[00:36:42.924] [bmv2] [T] [thread 92090] [13.0] [cxt 0] basic.p4(576) Condition "hdr.ethernet.etherType == TYPE_YEQUDESU" (node_12) is false
[00:36:42.924] [bmv2] [T] [thread 92090] [13.0] [cxt 0] basic.p4(582) Condition "hdr.vxlan.isValid()" (node_15) is false
[00:36:42.924] [bmv2] [T] [thread 92090] [13.0] [cxt 0] basic.p4(586) Condition "hdr.ipv6.isValid()" (node_17) is true
[00:36:42.924] [bmv2] [T] [thread 92090] [13.0] [cxt 0] Applying table 'MyIngress.ipv6_lpm'
[00:36:42.924] [bmv2] [D] [thread 92090] [13.0] [cxt 0] Looking up key:
* hdr.ipv6.dstAddr    : ff0200000000000000000000000000fb

[00:36:42.924] [bmv2] [D] [thread 92090] [13.0] [cxt 0] Table 'MyIngress.ipv6_lpm': miss
[00:36:42.924] [bmv2] [D] [thread 92090] [13.0] [cxt 0] Action entry is NoAction - 
[00:36:42.924] [bmv2] [T] [thread 92090] [13.0] [cxt 0] Action NoAction
[00:36:42.924] [bmv2] [D] [thread 92090] [13.0] [cxt 0] Pipeline 'ingress': end
[00:36:42.924] [bmv2] [D] [thread 92090] [13.0] [cxt 0] Egress port is 0
[00:36:42.924] [bmv2] [D] [thread 92091] [13.0] [cxt 0] Pipeline 'egress': start
[00:36:42.924] [bmv2] [T] [thread 92091] [13.0] [cxt 0] basic.p4(684) Condition "standard_metadata.mcast_grp != 0" (node_28) is false
[00:36:42.924] [bmv2] [D] [thread 92091] [13.0] [cxt 0] Pipeline 'egress': end
[00:36:42.924] [bmv2] [D] [thread 92091] [13.0] [cxt 0] Deparser 'deparser': start
[00:36:42.924] [bmv2] [T] [thread 92091] [13.0] [cxt 0] Skipping checksum 'cksum' update because condition not met
[00:36:42.924] [bmv2] [D] [thread 92091] [13.0] [cxt 0] Deparsing header 'ethernet'
[00:36:42.924] [bmv2] [D] [thread 92091] [13.0] [cxt 0] Deparsing header 'ipv6'
[00:36:42.924] [bmv2] [D] [thread 92091] [13.0] [cxt 0] Deparser 'deparser': end
[00:36:42.925] [bmv2] [D] [thread 92095] [13.0] [cxt 0] Transmitting packet of size 203 out of port 0
[00:36:43.311] [bmv2] [D] [thread 92090] [14.0] [cxt 0] Processing packet received on port 2
[00:36:43.311] [bmv2] [D] [thread 92090] [14.0] [cxt 0] Parser 'parser': start
[00:36:43.311] [bmv2] [D] [thread 92090] [14.0] [cxt 0] Parser 'parser' entering state 'start'
[00:36:43.311] [bmv2] [D] [thread 92090] [14.0] [cxt 0] Extracting header 'ethernet'
[00:36:43.311] [bmv2] [D] [thread 92090] [14.0] [cxt 0] Parser state 'start': key is 86dd
[00:36:43.311] [bmv2] [T] [thread 92090] [14.0] [cxt 0] Bytes parsed: 14
[00:36:43.311] [bmv2] [D] [thread 92090] [14.0] [cxt 0] Parser 'parser' entering state 'parse_ipv6'
[00:36:43.311] [bmv2] [D] [thread 92090] [14.0] [cxt 0] Extracting header 'ipv6'
[00:36:43.311] [bmv2] [D] [thread 92090] [14.0] [cxt 0] Parser state 'parse_ipv6': key is 11
[00:36:43.311] [bmv2] [T] [thread 92090] [14.0] [cxt 0] Bytes parsed: 54
[00:36:43.311] [bmv2] [D] [thread 92090] [14.0] [cxt 0] Parser 'parser': end
[00:36:43.311] [bmv2] [D] [thread 92090] [14.0] [cxt 0] Pipeline 'ingress': start
[00:36:43.311] [bmv2] [T] [thread 92090] [14.0] [cxt 0] basic.p4(560) Condition "hdr.ethernet.etherType == TYPE_ARP" (node_2) is false
[00:36:43.311] [bmv2] [T] [thread 92090] [14.0] [cxt 0] basic.p4(563) Condition "hdr.ethernet.etherType == TYPE_SRCROUTING" (node_4) is false
[00:36:43.311] [bmv2] [T] [thread 92090] [14.0] [cxt 0] basic.p4(576) Condition "hdr.ethernet.etherType == TYPE_YEQUDESU" (node_12) is false
[00:36:43.311] [bmv2] [T] [thread 92090] [14.0] [cxt 0] basic.p4(582) Condition "hdr.vxlan.isValid()" (node_15) is false
[00:36:43.311] [bmv2] [T] [thread 92090] [14.0] [cxt 0] basic.p4(586) Condition "hdr.ipv6.isValid()" (node_17) is true
[00:36:43.311] [bmv2] [T] [thread 92090] [14.0] [cxt 0] Applying table 'MyIngress.ipv6_lpm'
[00:36:43.311] [bmv2] [D] [thread 92090] [14.0] [cxt 0] Looking up key:
* hdr.ipv6.dstAddr    : ff0200000000000000000000000000fb

[00:36:43.311] [bmv2] [D] [thread 92090] [14.0] [cxt 0] Table 'MyIngress.ipv6_lpm': miss
[00:36:43.311] [bmv2] [D] [thread 92090] [14.0] [cxt 0] Action entry is NoAction - 
[00:36:43.311] [bmv2] [T] [thread 92090] [14.0] [cxt 0] Action NoAction
[00:36:43.311] [bmv2] [D] [thread 92090] [14.0] [cxt 0] Pipeline 'ingress': end
[00:36:43.311] [bmv2] [D] [thread 92090] [14.0] [cxt 0] Egress port is 0
[00:36:43.311] [bmv2] [D] [thread 92091] [14.0] [cxt 0] Pipeline 'egress': start
[00:36:43.311] [bmv2] [T] [thread 92091] [14.0] [cxt 0] basic.p4(684) Condition "standard_metadata.mcast_grp != 0" (node_28) is false
[00:36:43.311] [bmv2] [D] [thread 92091] [14.0] [cxt 0] Pipeline 'egress': end
[00:36:43.311] [bmv2] [D] [thread 92091] [14.0] [cxt 0] Deparser 'deparser': start
[00:36:43.311] [bmv2] [T] [thread 92091] [14.0] [cxt 0] Skipping checksum 'cksum' update because condition not met
[00:36:43.311] [bmv2] [D] [thread 92091] [14.0] [cxt 0] Deparsing header 'ethernet'
[00:36:43.311] [bmv2] [D] [thread 92091] [14.0] [cxt 0] Deparsing header 'ipv6'
[00:36:43.311] [bmv2] [D] [thread 92091] [14.0] [cxt 0] Deparser 'deparser': end
[00:36:43.312] [bmv2] [D] [thread 92095] [14.0] [cxt 0] Transmitting packet of size 203 out of port 0
[00:36:43.629] [bmv2] [D] [thread 92090] [15.0] [cxt 0] Processing packet received on port 1
[00:36:43.629] [bmv2] [D] [thread 92090] [15.0] [cxt 0] Parser 'parser': start
[00:36:43.629] [bmv2] [D] [thread 92090] [15.0] [cxt 0] Parser 'parser' entering state 'start'
[00:36:43.629] [bmv2] [D] [thread 92090] [15.0] [cxt 0] Extracting header 'ethernet'
[00:36:43.629] [bmv2] [D] [thread 92090] [15.0] [cxt 0] Parser state 'start': key is 86dd
[00:36:43.629] [bmv2] [T] [thread 92090] [15.0] [cxt 0] Bytes parsed: 14
[00:36:43.629] [bmv2] [D] [thread 92090] [15.0] [cxt 0] Parser 'parser' entering state 'parse_ipv6'
[00:36:43.629] [bmv2] [D] [thread 92090] [15.0] [cxt 0] Extracting header 'ipv6'
[00:36:43.629] [bmv2] [D] [thread 92090] [15.0] [cxt 0] Parser state 'parse_ipv6': key is 11
[00:36:43.629] [bmv2] [T] [thread 92090] [15.0] [cxt 0] Bytes parsed: 54
[00:36:43.629] [bmv2] [D] [thread 92090] [15.0] [cxt 0] Parser 'parser': end
[00:36:43.629] [bmv2] [D] [thread 92090] [15.0] [cxt 0] Pipeline 'ingress': start
[00:36:43.629] [bmv2] [T] [thread 92090] [15.0] [cxt 0] basic.p4(560) Condition "hdr.ethernet.etherType == TYPE_ARP" (node_2) is false
[00:36:43.629] [bmv2] [T] [thread 92090] [15.0] [cxt 0] basic.p4(563) Condition "hdr.ethernet.etherType == TYPE_SRCROUTING" (node_4) is false
[00:36:43.629] [bmv2] [T] [thread 92090] [15.0] [cxt 0] basic.p4(576) Condition "hdr.ethernet.etherType == TYPE_YEQUDESU" (node_12) is false
[00:36:43.629] [bmv2] [T] [thread 92090] [15.0] [cxt 0] basic.p4(582) Condition "hdr.vxlan.isValid()" (node_15) is false
[00:36:43.629] [bmv2] [T] [thread 92090] [15.0] [cxt 0] basic.p4(586) Condition "hdr.ipv6.isValid()" (node_17) is true
[00:36:43.629] [bmv2] [T] [thread 92090] [15.0] [cxt 0] Applying table 'MyIngress.ipv6_lpm'
[00:36:43.629] [bmv2] [D] [thread 92090] [15.0] [cxt 0] Looking up key:
* hdr.ipv6.dstAddr    : ff0200000000000000000000000000fb

[00:36:43.629] [bmv2] [D] [thread 92090] [15.0] [cxt 0] Table 'MyIngress.ipv6_lpm': miss
[00:36:43.629] [bmv2] [D] [thread 92090] [15.0] [cxt 0] Action entry is NoAction - 
[00:36:43.629] [bmv2] [T] [thread 92090] [15.0] [cxt 0] Action NoAction
[00:36:43.629] [bmv2] [D] [thread 92090] [15.0] [cxt 0] Pipeline 'ingress': end
[00:36:43.629] [bmv2] [D] [thread 92090] [15.0] [cxt 0] Egress port is 0
[00:36:43.629] [bmv2] [D] [thread 92091] [15.0] [cxt 0] Pipeline 'egress': start
[00:36:43.629] [bmv2] [T] [thread 92091] [15.0] [cxt 0] basic.p4(684) Condition "standard_metadata.mcast_grp != 0" (node_28) is false
[00:36:43.629] [bmv2] [D] [thread 92091] [15.0] [cxt 0] Pipeline 'egress': end
[00:36:43.629] [bmv2] [D] [thread 92091] [15.0] [cxt 0] Deparser 'deparser': start
[00:36:43.629] [bmv2] [T] [thread 92091] [15.0] [cxt 0] Skipping checksum 'cksum' update because condition not met
[00:36:43.629] [bmv2] [D] [thread 92091] [15.0] [cxt 0] Deparsing header 'ethernet'
[00:36:43.629] [bmv2] [D] [thread 92091] [15.0] [cxt 0] Deparsing header 'ipv6'
[00:36:43.629] [bmv2] [D] [thread 92091] [15.0] [cxt 0] Deparser 'deparser': end
[00:36:43.629] [bmv2] [D] [thread 92095] [15.0] [cxt 0] Transmitting packet of size 203 out of port 0
[00:36:43.753] [bmv2] [D] [thread 92090] [16.0] [cxt 0] Processing packet received on port 1
[00:36:43.754] [bmv2] [D] [thread 92090] [16.0] [cxt 0] Parser 'parser': start
[00:36:43.754] [bmv2] [D] [thread 92090] [16.0] [cxt 0] Parser 'parser' entering state 'start'
[00:36:43.754] [bmv2] [D] [thread 92090] [16.0] [cxt 0] Extracting header 'ethernet'
[00:36:43.754] [bmv2] [D] [thread 92090] [16.0] [cxt 0] Parser state 'start': key is 86dd
[00:36:43.754] [bmv2] [T] [thread 92090] [16.0] [cxt 0] Bytes parsed: 14
[00:36:43.754] [bmv2] [D] [thread 92090] [16.0] [cxt 0] Parser 'parser' entering state 'parse_ipv6'
[00:36:43.754] [bmv2] [D] [thread 92090] [16.0] [cxt 0] Extracting header 'ipv6'
[00:36:43.754] [bmv2] [D] [thread 92090] [16.0] [cxt 0] Parser state 'parse_ipv6': key is 11
[00:36:43.754] [bmv2] [T] [thread 92090] [16.0] [cxt 0] Bytes parsed: 54
[00:36:43.754] [bmv2] [D] [thread 92090] [16.0] [cxt 0] Parser 'parser': end
[00:36:43.754] [bmv2] [D] [thread 92090] [16.0] [cxt 0] Pipeline 'ingress': start
[00:36:43.754] [bmv2] [T] [thread 92090] [16.0] [cxt 0] basic.p4(560) Condition "hdr.ethernet.etherType == TYPE_ARP" (node_2) is false
[00:36:43.754] [bmv2] [T] [thread 92090] [16.0] [cxt 0] basic.p4(563) Condition "hdr.ethernet.etherType == TYPE_SRCROUTING" (node_4) is false
[00:36:43.754] [bmv2] [T] [thread 92090] [16.0] [cxt 0] basic.p4(576) Condition "hdr.ethernet.etherType == TYPE_YEQUDESU" (node_12) is false
[00:36:43.754] [bmv2] [T] [thread 92090] [16.0] [cxt 0] basic.p4(582) Condition "hdr.vxlan.isValid()" (node_15) is false
[00:36:43.754] [bmv2] [T] [thread 92090] [16.0] [cxt 0] basic.p4(586) Condition "hdr.ipv6.isValid()" (node_17) is true
[00:36:43.754] [bmv2] [T] [thread 92090] [16.0] [cxt 0] Applying table 'MyIngress.ipv6_lpm'
[00:36:43.754] [bmv2] [D] [thread 92090] [16.0] [cxt 0] Looking up key:
* hdr.ipv6.dstAddr    : ff0200000000000000000000000000fb

[00:36:43.754] [bmv2] [D] [thread 92090] [16.0] [cxt 0] Table 'MyIngress.ipv6_lpm': miss
[00:36:43.754] [bmv2] [D] [thread 92090] [16.0] [cxt 0] Action entry is NoAction - 
[00:36:43.754] [bmv2] [T] [thread 92090] [16.0] [cxt 0] Action NoAction
[00:36:43.754] [bmv2] [D] [thread 92090] [16.0] [cxt 0] Pipeline 'ingress': end
[00:36:43.754] [bmv2] [D] [thread 92090] [16.0] [cxt 0] Egress port is 0
[00:36:43.754] [bmv2] [D] [thread 92091] [16.0] [cxt 0] Pipeline 'egress': start
[00:36:43.754] [bmv2] [T] [thread 92091] [16.0] [cxt 0] basic.p4(684) Condition "standard_metadata.mcast_grp != 0" (node_28) is false
[00:36:43.754] [bmv2] [D] [thread 92091] [16.0] [cxt 0] Pipeline 'egress': end
[00:36:43.754] [bmv2] [D] [thread 92091] [16.0] [cxt 0] Deparser 'deparser': start
[00:36:43.754] [bmv2] [T] [thread 92091] [16.0] [cxt 0] Skipping checksum 'cksum' update because condition not met
[00:36:43.754] [bmv2] [D] [thread 92091] [16.0] [cxt 0] Deparsing header 'ethernet'
[00:36:43.754] [bmv2] [D] [thread 92091] [16.0] [cxt 0] Deparsing header 'ipv6'
[00:36:43.754] [bmv2] [D] [thread 92091] [16.0] [cxt 0] Deparser 'deparser': end
[00:36:43.754] [bmv2] [D] [thread 92095] [16.0] [cxt 0] Transmitting packet of size 199 out of port 0
[00:36:43.981] [bmv2] [D] [thread 92090] [17.0] [cxt 0] Processing packet received on port 2
[00:36:43.981] [bmv2] [D] [thread 92090] [17.0] [cxt 0] Parser 'parser': start
[00:36:43.981] [bmv2] [D] [thread 92090] [17.0] [cxt 0] Parser 'parser' entering state 'start'
[00:36:43.981] [bmv2] [D] [thread 92090] [17.0] [cxt 0] Extracting header 'ethernet'
[00:36:43.981] [bmv2] [D] [thread 92090] [17.0] [cxt 0] Parser state 'start': key is 86dd
[00:36:43.981] [bmv2] [T] [thread 92090] [17.0] [cxt 0] Bytes parsed: 14
[00:36:43.981] [bmv2] [D] [thread 92090] [17.0] [cxt 0] Parser 'parser' entering state 'parse_ipv6'
[00:36:43.982] [bmv2] [D] [thread 92090] [17.0] [cxt 0] Extracting header 'ipv6'
[00:36:43.982] [bmv2] [D] [thread 92090] [17.0] [cxt 0] Parser state 'parse_ipv6': key is 3a
[00:36:43.982] [bmv2] [T] [thread 92090] [17.0] [cxt 0] Bytes parsed: 54
[00:36:43.982] [bmv2] [D] [thread 92090] [17.0] [cxt 0] Parser 'parser': end
[00:36:43.982] [bmv2] [D] [thread 92090] [17.0] [cxt 0] Pipeline 'ingress': start
[00:36:43.982] [bmv2] [T] [thread 92090] [17.0] [cxt 0] basic.p4(560) Condition "hdr.ethernet.etherType == TYPE_ARP" (node_2) is false
[00:36:43.982] [bmv2] [T] [thread 92090] [17.0] [cxt 0] basic.p4(563) Condition "hdr.ethernet.etherType == TYPE_SRCROUTING" (node_4) is false
[00:36:43.982] [bmv2] [T] [thread 92090] [17.0] [cxt 0] basic.p4(576) Condition "hdr.ethernet.etherType == TYPE_YEQUDESU" (node_12) is false
[00:36:43.982] [bmv2] [T] [thread 92090] [17.0] [cxt 0] basic.p4(582) Condition "hdr.vxlan.isValid()" (node_15) is false
[00:36:43.982] [bmv2] [T] [thread 92090] [17.0] [cxt 0] basic.p4(586) Condition "hdr.ipv6.isValid()" (node_17) is true
[00:36:43.982] [bmv2] [T] [thread 92090] [17.0] [cxt 0] Applying table 'MyIngress.ipv6_lpm'
[00:36:43.982] [bmv2] [D] [thread 92090] [17.0] [cxt 0] Looking up key:
* hdr.ipv6.dstAddr    : ff020000000000000000000000000002

[00:36:43.982] [bmv2] [D] [thread 92090] [17.0] [cxt 0] Table 'MyIngress.ipv6_lpm': miss
[00:36:43.982] [bmv2] [D] [thread 92090] [17.0] [cxt 0] Action entry is NoAction - 
[00:36:43.982] [bmv2] [T] [thread 92090] [17.0] [cxt 0] Action NoAction
[00:36:43.982] [bmv2] [D] [thread 92090] [17.0] [cxt 0] Pipeline 'ingress': end
[00:36:43.982] [bmv2] [D] [thread 92090] [17.0] [cxt 0] Egress port is 0
[00:36:43.982] [bmv2] [D] [thread 92091] [17.0] [cxt 0] Pipeline 'egress': start
[00:36:43.982] [bmv2] [T] [thread 92091] [17.0] [cxt 0] basic.p4(684) Condition "standard_metadata.mcast_grp != 0" (node_28) is false
[00:36:43.982] [bmv2] [D] [thread 92091] [17.0] [cxt 0] Pipeline 'egress': end
[00:36:43.982] [bmv2] [D] [thread 92091] [17.0] [cxt 0] Deparser 'deparser': start
[00:36:43.982] [bmv2] [T] [thread 92091] [17.0] [cxt 0] Skipping checksum 'cksum' update because condition not met
[00:36:43.982] [bmv2] [D] [thread 92091] [17.0] [cxt 0] Deparsing header 'ethernet'
[00:36:43.982] [bmv2] [D] [thread 92091] [17.0] [cxt 0] Deparsing header 'ipv6'
[00:36:43.982] [bmv2] [D] [thread 92091] [17.0] [cxt 0] Deparser 'deparser': end
[00:36:43.982] [bmv2] [D] [thread 92095] [17.0] [cxt 0] Transmitting packet of size 70 out of port 0
[00:36:44.138] [bmv2] [D] [thread 92090] [18.0] [cxt 0] Processing packet received on port 2
[00:36:44.138] [bmv2] [D] [thread 92090] [18.0] [cxt 0] Parser 'parser': start
[00:36:44.138] [bmv2] [D] [thread 92090] [18.0] [cxt 0] Parser 'parser' entering state 'start'
[00:36:44.138] [bmv2] [D] [thread 92090] [18.0] [cxt 0] Extracting header 'ethernet'
[00:36:44.138] [bmv2] [D] [thread 92090] [18.0] [cxt 0] Parser state 'start': key is 86dd
[00:36:44.138] [bmv2] [T] [thread 92090] [18.0] [cxt 0] Bytes parsed: 14
[00:36:44.138] [bmv2] [D] [thread 92090] [18.0] [cxt 0] Parser 'parser' entering state 'parse_ipv6'
[00:36:44.138] [bmv2] [D] [thread 92090] [18.0] [cxt 0] Extracting header 'ipv6'
[00:36:44.138] [bmv2] [D] [thread 92090] [18.0] [cxt 0] Parser state 'parse_ipv6': key is 11
[00:36:44.138] [bmv2] [T] [thread 92090] [18.0] [cxt 0] Bytes parsed: 54
[00:36:44.138] [bmv2] [D] [thread 92090] [18.0] [cxt 0] Parser 'parser': end
[00:36:44.138] [bmv2] [D] [thread 92090] [18.0] [cxt 0] Pipeline 'ingress': start
[00:36:44.138] [bmv2] [T] [thread 92090] [18.0] [cxt 0] basic.p4(560) Condition "hdr.ethernet.etherType == TYPE_ARP" (node_2) is false
[00:36:44.138] [bmv2] [T] [thread 92090] [18.0] [cxt 0] basic.p4(563) Condition "hdr.ethernet.etherType == TYPE_SRCROUTING" (node_4) is false
[00:36:44.138] [bmv2] [T] [thread 92090] [18.0] [cxt 0] basic.p4(576) Condition "hdr.ethernet.etherType == TYPE_YEQUDESU" (node_12) is false
[00:36:44.138] [bmv2] [T] [thread 92090] [18.0] [cxt 0] basic.p4(582) Condition "hdr.vxlan.isValid()" (node_15) is false
[00:36:44.138] [bmv2] [T] [thread 92090] [18.0] [cxt 0] basic.p4(586) Condition "hdr.ipv6.isValid()" (node_17) is true
[00:36:44.138] [bmv2] [T] [thread 92090] [18.0] [cxt 0] Applying table 'MyIngress.ipv6_lpm'
[00:36:44.138] [bmv2] [D] [thread 92090] [18.0] [cxt 0] Looking up key:
* hdr.ipv6.dstAddr    : ff0200000000000000000000000000fb

[00:36:44.138] [bmv2] [D] [thread 92090] [18.0] [cxt 0] Table 'MyIngress.ipv6_lpm': miss
[00:36:44.138] [bmv2] [D] [thread 92090] [18.0] [cxt 0] Action entry is NoAction - 
[00:36:44.138] [bmv2] [T] [thread 92090] [18.0] [cxt 0] Action NoAction
[00:36:44.138] [bmv2] [D] [thread 92090] [18.0] [cxt 0] Pipeline 'ingress': end
[00:36:44.138] [bmv2] [D] [thread 92090] [18.0] [cxt 0] Egress port is 0
[00:36:44.138] [bmv2] [D] [thread 92091] [18.0] [cxt 0] Pipeline 'egress': start
[00:36:44.138] [bmv2] [T] [thread 92091] [18.0] [cxt 0] basic.p4(684) Condition "standard_metadata.mcast_grp != 0" (node_28) is false
[00:36:44.138] [bmv2] [D] [thread 92091] [18.0] [cxt 0] Pipeline 'egress': end
[00:36:44.138] [bmv2] [D] [thread 92091] [18.0] [cxt 0] Deparser 'deparser': start
[00:36:44.138] [bmv2] [T] [thread 92091] [18.0] [cxt 0] Skipping checksum 'cksum' update because condition not met
[00:36:44.138] [bmv2] [D] [thread 92091] [18.0] [cxt 0] Deparsing header 'ethernet'
[00:36:44.138] [bmv2] [D] [thread 92091] [18.0] [cxt 0] Deparsing header 'ipv6'
[00:36:44.138] [bmv2] [D] [thread 92091] [18.0] [cxt 0] Deparser 'deparser': end
[00:36:44.138] [bmv2] [D] [thread 92095] [18.0] [cxt 0] Transmitting packet of size 199 out of port 0
[00:36:44.173] [bmv2] [D] [thread 92090] [19.0] [cxt 0] Processing packet received on port 1
[00:36:44.173] [bmv2] [D] [thread 92090] [19.0] [cxt 0] Parser 'parser': start
[00:36:44.173] [bmv2] [D] [thread 92090] [19.0] [cxt 0] Parser 'parser' entering state 'start'
[00:36:44.173] [bmv2] [D] [thread 92090] [19.0] [cxt 0] Extracting header 'ethernet'
[00:36:44.173] [bmv2] [D] [thread 92090] [19.0] [cxt 0] Parser state 'start': key is 86dd
[00:36:44.173] [bmv2] [T] [thread 92090] [19.0] [cxt 0] Bytes parsed: 14
[00:36:44.173] [bmv2] [D] [thread 92090] [19.0] [cxt 0] Parser 'parser' entering state 'parse_ipv6'
[00:36:44.173] [bmv2] [D] [thread 92090] [19.0] [cxt 0] Extracting header 'ipv6'
[00:36:44.173] [bmv2] [D] [thread 92090] [19.0] [cxt 0] Parser state 'parse_ipv6': key is 3a
[00:36:44.173] [bmv2] [T] [thread 92090] [19.0] [cxt 0] Bytes parsed: 54
[00:36:44.173] [bmv2] [D] [thread 92090] [19.0] [cxt 0] Parser 'parser': end
[00:36:44.173] [bmv2] [D] [thread 92090] [19.0] [cxt 0] Pipeline 'ingress': start
[00:36:44.173] [bmv2] [T] [thread 92090] [19.0] [cxt 0] basic.p4(560) Condition "hdr.ethernet.etherType == TYPE_ARP" (node_2) is false
[00:36:44.173] [bmv2] [T] [thread 92090] [19.0] [cxt 0] basic.p4(563) Condition "hdr.ethernet.etherType == TYPE_SRCROUTING" (node_4) is false
[00:36:44.173] [bmv2] [T] [thread 92090] [19.0] [cxt 0] basic.p4(576) Condition "hdr.ethernet.etherType == TYPE_YEQUDESU" (node_12) is false
[00:36:44.173] [bmv2] [T] [thread 92090] [19.0] [cxt 0] basic.p4(582) Condition "hdr.vxlan.isValid()" (node_15) is false
[00:36:44.173] [bmv2] [T] [thread 92090] [19.0] [cxt 0] basic.p4(586) Condition "hdr.ipv6.isValid()" (node_17) is true
[00:36:44.173] [bmv2] [T] [thread 92090] [19.0] [cxt 0] Applying table 'MyIngress.ipv6_lpm'
[00:36:44.173] [bmv2] [D] [thread 92090] [19.0] [cxt 0] Looking up key:
* hdr.ipv6.dstAddr    : ff020000000000000000000000000002

[00:36:44.173] [bmv2] [D] [thread 92090] [19.0] [cxt 0] Table 'MyIngress.ipv6_lpm': miss
[00:36:44.173] [bmv2] [D] [thread 92090] [19.0] [cxt 0] Action entry is NoAction - 
[00:36:44.173] [bmv2] [T] [thread 92090] [19.0] [cxt 0] Action NoAction
[00:36:44.173] [bmv2] [D] [thread 92090] [19.0] [cxt 0] Pipeline 'ingress': end
[00:36:44.173] [bmv2] [D] [thread 92090] [19.0] [cxt 0] Egress port is 0
[00:36:44.174] [bmv2] [D] [thread 92091] [19.0] [cxt 0] Pipeline 'egress': start
[00:36:44.174] [bmv2] [T] [thread 92091] [19.0] [cxt 0] basic.p4(684) Condition "standard_metadata.mcast_grp != 0" (node_28) is false
[00:36:44.174] [bmv2] [D] [thread 92091] [19.0] [cxt 0] Pipeline 'egress': end
[00:36:44.174] [bmv2] [D] [thread 92091] [19.0] [cxt 0] Deparser 'deparser': start
[00:36:44.174] [bmv2] [T] [thread 92091] [19.0] [cxt 0] Skipping checksum 'cksum' update because condition not met
[00:36:44.174] [bmv2] [D] [thread 92091] [19.0] [cxt 0] Deparsing header 'ethernet'
[00:36:44.174] [bmv2] [D] [thread 92091] [19.0] [cxt 0] Deparsing header 'ipv6'
[00:36:44.174] [bmv2] [D] [thread 92091] [19.0] [cxt 0] Deparser 'deparser': end
[00:36:44.174] [bmv2] [D] [thread 92095] [19.0] [cxt 0] Transmitting packet of size 70 out of port 0
[00:36:44.301] [bmv2] [D] [thread 92090] [20.0] [cxt 0] Processing packet received on port 2
[00:36:44.301] [bmv2] [D] [thread 92090] [20.0] [cxt 0] Parser 'parser': start
[00:36:44.301] [bmv2] [D] [thread 92090] [20.0] [cxt 0] Parser 'parser' entering state 'start'
[00:36:44.301] [bmv2] [D] [thread 92090] [20.0] [cxt 0] Extracting header 'ethernet'
[00:36:44.301] [bmv2] [D] [thread 92090] [20.0] [cxt 0] Parser state 'start': key is 86dd
[00:36:44.301] [bmv2] [T] [thread 92090] [20.0] [cxt 0] Bytes parsed: 14
[00:36:44.301] [bmv2] [D] [thread 92090] [20.0] [cxt 0] Parser 'parser' entering state 'parse_ipv6'
[00:36:44.301] [bmv2] [D] [thread 92090] [20.0] [cxt 0] Extracting header 'ipv6'
[00:36:44.301] [bmv2] [D] [thread 92090] [20.0] [cxt 0] Parser state 'parse_ipv6': key is 3a
[00:36:44.301] [bmv2] [T] [thread 92090] [20.0] [cxt 0] Bytes parsed: 54
[00:36:44.301] [bmv2] [D] [thread 92090] [20.0] [cxt 0] Parser 'parser': end
[00:36:44.302] [bmv2] [D] [thread 92090] [20.0] [cxt 0] Pipeline 'ingress': start
[00:36:44.302] [bmv2] [T] [thread 92090] [20.0] [cxt 0] basic.p4(560) Condition "hdr.ethernet.etherType == TYPE_ARP" (node_2) is false
[00:36:44.302] [bmv2] [T] [thread 92090] [20.0] [cxt 0] basic.p4(563) Condition "hdr.ethernet.etherType == TYPE_SRCROUTING" (node_4) is false
[00:36:44.302] [bmv2] [T] [thread 92090] [20.0] [cxt 0] basic.p4(576) Condition "hdr.ethernet.etherType == TYPE_YEQUDESU" (node_12) is false
[00:36:44.302] [bmv2] [T] [thread 92090] [20.0] [cxt 0] basic.p4(582) Condition "hdr.vxlan.isValid()" (node_15) is false
[00:36:44.302] [bmv2] [T] [thread 92090] [20.0] [cxt 0] basic.p4(586) Condition "hdr.ipv6.isValid()" (node_17) is true
[00:36:44.302] [bmv2] [T] [thread 92090] [20.0] [cxt 0] Applying table 'MyIngress.ipv6_lpm'
[00:36:44.302] [bmv2] [D] [thread 92090] [20.0] [cxt 0] Looking up key:
* hdr.ipv6.dstAddr    : ff020000000000000000000000000002

[00:36:44.302] [bmv2] [D] [thread 92090] [20.0] [cxt 0] Table 'MyIngress.ipv6_lpm': miss
[00:36:44.302] [bmv2] [D] [thread 92090] [20.0] [cxt 0] Action entry is NoAction - 
[00:36:44.302] [bmv2] [T] [thread 92090] [20.0] [cxt 0] Action NoAction
[00:36:44.302] [bmv2] [D] [thread 92090] [20.0] [cxt 0] Pipeline 'ingress': end
[00:36:44.302] [bmv2] [D] [thread 92090] [20.0] [cxt 0] Egress port is 0
[00:36:44.302] [bmv2] [D] [thread 92091] [20.0] [cxt 0] Pipeline 'egress': start
[00:36:44.302] [bmv2] [T] [thread 92091] [20.0] [cxt 0] basic.p4(684) Condition "standard_metadata.mcast_grp != 0" (node_28) is false
[00:36:44.302] [bmv2] [D] [thread 92091] [20.0] [cxt 0] Pipeline 'egress': end
[00:36:44.302] [bmv2] [D] [thread 92091] [20.0] [cxt 0] Deparser 'deparser': start
[00:36:44.302] [bmv2] [T] [thread 92091] [20.0] [cxt 0] Skipping checksum 'cksum' update because condition not met
[00:36:44.302] [bmv2] [D] [thread 92091] [20.0] [cxt 0] Deparsing header 'ethernet'
[00:36:44.302] [bmv2] [D] [thread 92091] [20.0] [cxt 0] Deparsing header 'ipv6'
[00:36:44.302] [bmv2] [D] [thread 92091] [20.0] [cxt 0] Deparser 'deparser': end
[00:36:44.302] [bmv2] [D] [thread 92095] [20.0] [cxt 0] Transmitting packet of size 70 out of port 0
[00:36:44.330] [bmv2] [D] [thread 92090] [21.0] [cxt 0] Processing packet received on port 2
[00:36:44.330] [bmv2] [D] [thread 92090] [21.0] [cxt 0] Parser 'parser': start
[00:36:44.330] [bmv2] [D] [thread 92090] [21.0] [cxt 0] Parser 'parser' entering state 'start'
[00:36:44.330] [bmv2] [D] [thread 92090] [21.0] [cxt 0] Extracting header 'ethernet'
[00:36:44.330] [bmv2] [D] [thread 92090] [21.0] [cxt 0] Parser state 'start': key is 86dd
[00:36:44.330] [bmv2] [T] [thread 92090] [21.0] [cxt 0] Bytes parsed: 14
[00:36:44.330] [bmv2] [D] [thread 92090] [21.0] [cxt 0] Parser 'parser' entering state 'parse_ipv6'
[00:36:44.330] [bmv2] [D] [thread 92090] [21.0] [cxt 0] Extracting header 'ipv6'
[00:36:44.330] [bmv2] [D] [thread 92090] [21.0] [cxt 0] Parser state 'parse_ipv6': key is 11
[00:36:44.330] [bmv2] [T] [thread 92090] [21.0] [cxt 0] Bytes parsed: 54
[00:36:44.330] [bmv2] [D] [thread 92090] [21.0] [cxt 0] Parser 'parser': end
[00:36:44.330] [bmv2] [D] [thread 92090] [21.0] [cxt 0] Pipeline 'ingress': start
[00:36:44.330] [bmv2] [T] [thread 92090] [21.0] [cxt 0] basic.p4(560) Condition "hdr.ethernet.etherType == TYPE_ARP" (node_2) is false
[00:36:44.330] [bmv2] [T] [thread 92090] [21.0] [cxt 0] basic.p4(563) Condition "hdr.ethernet.etherType == TYPE_SRCROUTING" (node_4) is false
[00:36:44.330] [bmv2] [T] [thread 92090] [21.0] [cxt 0] basic.p4(576) Condition "hdr.ethernet.etherType == TYPE_YEQUDESU" (node_12) is false
[00:36:44.330] [bmv2] [T] [thread 92090] [21.0] [cxt 0] basic.p4(582) Condition "hdr.vxlan.isValid()" (node_15) is false
[00:36:44.330] [bmv2] [T] [thread 92090] [21.0] [cxt 0] basic.p4(586) Condition "hdr.ipv6.isValid()" (node_17) is true
[00:36:44.330] [bmv2] [T] [thread 92090] [21.0] [cxt 0] Applying table 'MyIngress.ipv6_lpm'
[00:36:44.330] [bmv2] [D] [thread 92090] [21.0] [cxt 0] Looking up key:
* hdr.ipv6.dstAddr    : ff0200000000000000000000000000fb

[00:36:44.330] [bmv2] [D] [thread 92090] [21.0] [cxt 0] Table 'MyIngress.ipv6_lpm': miss
[00:36:44.330] [bmv2] [D] [thread 92090] [21.0] [cxt 0] Action entry is NoAction - 
[00:36:44.330] [bmv2] [T] [thread 92090] [21.0] [cxt 0] Action NoAction
[00:36:44.330] [bmv2] [D] [thread 92090] [21.0] [cxt 0] Pipeline 'ingress': end
[00:36:44.330] [bmv2] [D] [thread 92090] [21.0] [cxt 0] Egress port is 0
[00:36:44.330] [bmv2] [D] [thread 92091] [21.0] [cxt 0] Pipeline 'egress': start
[00:36:44.330] [bmv2] [T] [thread 92091] [21.0] [cxt 0] basic.p4(684) Condition "standard_metadata.mcast_grp != 0" (node_28) is false
[00:36:44.330] [bmv2] [D] [thread 92091] [21.0] [cxt 0] Pipeline 'egress': end
[00:36:44.330] [bmv2] [D] [thread 92091] [21.0] [cxt 0] Deparser 'deparser': start
[00:36:44.330] [bmv2] [T] [thread 92091] [21.0] [cxt 0] Skipping checksum 'cksum' update because condition not met
[00:36:44.330] [bmv2] [D] [thread 92091] [21.0] [cxt 0] Deparsing header 'ethernet'
[00:36:44.330] [bmv2] [D] [thread 92091] [21.0] [cxt 0] Deparsing header 'ipv6'
[00:36:44.330] [bmv2] [D] [thread 92091] [21.0] [cxt 0] Deparser 'deparser': end
[00:36:44.330] [bmv2] [D] [thread 92095] [21.0] [cxt 0] Transmitting packet of size 199 out of port 0
[00:36:44.461] [bmv2] [D] [thread 92090] [22.0] [cxt 0] Processing packet received on port 1
[00:36:44.461] [bmv2] [D] [thread 92090] [22.0] [cxt 0] Parser 'parser': start
[00:36:44.461] [bmv2] [D] [thread 92090] [22.0] [cxt 0] Parser 'parser' entering state 'start'
[00:36:44.461] [bmv2] [D] [thread 92090] [22.0] [cxt 0] Extracting header 'ethernet'
[00:36:44.461] [bmv2] [D] [thread 92090] [22.0] [cxt 0] Parser state 'start': key is 86dd
[00:36:44.461] [bmv2] [T] [thread 92090] [22.0] [cxt 0] Bytes parsed: 14
[00:36:44.461] [bmv2] [D] [thread 92090] [22.0] [cxt 0] Parser 'parser' entering state 'parse_ipv6'
[00:36:44.461] [bmv2] [D] [thread 92090] [22.0] [cxt 0] Extracting header 'ipv6'
[00:36:44.461] [bmv2] [D] [thread 92090] [22.0] [cxt 0] Parser state 'parse_ipv6': key is 11
[00:36:44.461] [bmv2] [T] [thread 92090] [22.0] [cxt 0] Bytes parsed: 54
[00:36:44.461] [bmv2] [D] [thread 92090] [22.0] [cxt 0] Parser 'parser': end
[00:36:44.461] [bmv2] [D] [thread 92090] [22.0] [cxt 0] Pipeline 'ingress': start
[00:36:44.461] [bmv2] [T] [thread 92090] [22.0] [cxt 0] basic.p4(560) Condition "hdr.ethernet.etherType == TYPE_ARP" (node_2) is false
[00:36:44.461] [bmv2] [T] [thread 92090] [22.0] [cxt 0] basic.p4(563) Condition "hdr.ethernet.etherType == TYPE_SRCROUTING" (node_4) is false
[00:36:44.461] [bmv2] [T] [thread 92090] [22.0] [cxt 0] basic.p4(576) Condition "hdr.ethernet.etherType == TYPE_YEQUDESU" (node_12) is false
[00:36:44.461] [bmv2] [T] [thread 92090] [22.0] [cxt 0] basic.p4(582) Condition "hdr.vxlan.isValid()" (node_15) is false
[00:36:44.461] [bmv2] [T] [thread 92090] [22.0] [cxt 0] basic.p4(586) Condition "hdr.ipv6.isValid()" (node_17) is true
[00:36:44.461] [bmv2] [T] [thread 92090] [22.0] [cxt 0] Applying table 'MyIngress.ipv6_lpm'
[00:36:44.461] [bmv2] [D] [thread 92090] [22.0] [cxt 0] Looking up key:
* hdr.ipv6.dstAddr    : ff0200000000000000000000000000fb

[00:36:44.461] [bmv2] [D] [thread 92090] [22.0] [cxt 0] Table 'MyIngress.ipv6_lpm': miss
[00:36:44.461] [bmv2] [D] [thread 92090] [22.0] [cxt 0] Action entry is NoAction - 
[00:36:44.461] [bmv2] [T] [thread 92090] [22.0] [cxt 0] Action NoAction
[00:36:44.461] [bmv2] [D] [thread 92090] [22.0] [cxt 0] Pipeline 'ingress': end
[00:36:44.461] [bmv2] [D] [thread 92090] [22.0] [cxt 0] Egress port is 0
[00:36:44.461] [bmv2] [D] [thread 92091] [22.0] [cxt 0] Pipeline 'egress': start
[00:36:44.461] [bmv2] [T] [thread 92091] [22.0] [cxt 0] basic.p4(684) Condition "standard_metadata.mcast_grp != 0" (node_28) is false
[00:36:44.461] [bmv2] [D] [thread 92091] [22.0] [cxt 0] Pipeline 'egress': end
[00:36:44.461] [bmv2] [D] [thread 92091] [22.0] [cxt 0] Deparser 'deparser': start
[00:36:44.461] [bmv2] [T] [thread 92091] [22.0] [cxt 0] Skipping checksum 'cksum' update because condition not met
[00:36:44.461] [bmv2] [D] [thread 92091] [22.0] [cxt 0] Deparsing header 'ethernet'
[00:36:44.461] [bmv2] [D] [thread 92091] [22.0] [cxt 0] Deparsing header 'ipv6'
[00:36:44.461] [bmv2] [D] [thread 92091] [22.0] [cxt 0] Deparser 'deparser': end
[00:36:44.461] [bmv2] [D] [thread 92095] [22.0] [cxt 0] Transmitting packet of size 199 out of port 0
[00:36:44.685] [bmv2] [D] [thread 92090] [23.0] [cxt 0] Processing packet received on port 1
[00:36:44.685] [bmv2] [D] [thread 92090] [23.0] [cxt 0] Parser 'parser': start
[00:36:44.685] [bmv2] [D] [thread 92090] [23.0] [cxt 0] Parser 'parser' entering state 'start'
[00:36:44.685] [bmv2] [D] [thread 92090] [23.0] [cxt 0] Extracting header 'ethernet'
[00:36:44.685] [bmv2] [D] [thread 92090] [23.0] [cxt 0] Parser state 'start': key is 86dd
[00:36:44.685] [bmv2] [T] [thread 92090] [23.0] [cxt 0] Bytes parsed: 14
[00:36:44.685] [bmv2] [D] [thread 92090] [23.0] [cxt 0] Parser 'parser' entering state 'parse_ipv6'
[00:36:44.685] [bmv2] [D] [thread 92090] [23.0] [cxt 0] Extracting header 'ipv6'
[00:36:44.685] [bmv2] [D] [thread 92090] [23.0] [cxt 0] Parser state 'parse_ipv6': key is 3a
[00:36:44.685] [bmv2] [T] [thread 92090] [23.0] [cxt 0] Bytes parsed: 54
[00:36:44.685] [bmv2] [D] [thread 92090] [23.0] [cxt 0] Parser 'parser': end
[00:36:44.685] [bmv2] [D] [thread 92090] [23.0] [cxt 0] Pipeline 'ingress': start
[00:36:44.685] [bmv2] [T] [thread 92090] [23.0] [cxt 0] basic.p4(560) Condition "hdr.ethernet.etherType == TYPE_ARP" (node_2) is false
[00:36:44.685] [bmv2] [T] [thread 92090] [23.0] [cxt 0] basic.p4(563) Condition "hdr.ethernet.etherType == TYPE_SRCROUTING" (node_4) is false
[00:36:44.685] [bmv2] [T] [thread 92090] [23.0] [cxt 0] basic.p4(576) Condition "hdr.ethernet.etherType == TYPE_YEQUDESU" (node_12) is false
[00:36:44.685] [bmv2] [T] [thread 92090] [23.0] [cxt 0] basic.p4(582) Condition "hdr.vxlan.isValid()" (node_15) is false
[00:36:44.686] [bmv2] [T] [thread 92090] [23.0] [cxt 0] basic.p4(586) Condition "hdr.ipv6.isValid()" (node_17) is true
[00:36:44.686] [bmv2] [T] [thread 92090] [23.0] [cxt 0] Applying table 'MyIngress.ipv6_lpm'
[00:36:44.686] [bmv2] [D] [thread 92090] [23.0] [cxt 0] Looking up key:
* hdr.ipv6.dstAddr    : ff020000000000000000000000000002

[00:36:44.686] [bmv2] [D] [thread 92090] [23.0] [cxt 0] Table 'MyIngress.ipv6_lpm': miss
[00:36:44.686] [bmv2] [D] [thread 92090] [23.0] [cxt 0] Action entry is NoAction - 
[00:36:44.686] [bmv2] [T] [thread 92090] [23.0] [cxt 0] Action NoAction
[00:36:44.686] [bmv2] [D] [thread 92090] [23.0] [cxt 0] Pipeline 'ingress': end
[00:36:44.686] [bmv2] [D] [thread 92090] [23.0] [cxt 0] Egress port is 0
[00:36:44.686] [bmv2] [D] [thread 92091] [23.0] [cxt 0] Pipeline 'egress': start
[00:36:44.686] [bmv2] [T] [thread 92091] [23.0] [cxt 0] basic.p4(684) Condition "standard_metadata.mcast_grp != 0" (node_28) is false
[00:36:44.686] [bmv2] [D] [thread 92091] [23.0] [cxt 0] Pipeline 'egress': end
[00:36:44.686] [bmv2] [D] [thread 92091] [23.0] [cxt 0] Deparser 'deparser': start
[00:36:44.686] [bmv2] [T] [thread 92091] [23.0] [cxt 0] Skipping checksum 'cksum' update because condition not met
[00:36:44.686] [bmv2] [D] [thread 92091] [23.0] [cxt 0] Deparsing header 'ethernet'
[00:36:44.686] [bmv2] [D] [thread 92091] [23.0] [cxt 0] Deparsing header 'ipv6'
[00:36:44.686] [bmv2] [D] [thread 92091] [23.0] [cxt 0] Deparser 'deparser': end
[00:36:44.686] [bmv2] [D] [thread 92095] [23.0] [cxt 0] Transmitting packet of size 70 out of port 0
[00:36:46.925] [bmv2] [D] [thread 92090] [24.0] [cxt 0] Processing packet received on port 1
[00:36:46.925] [bmv2] [D] [thread 92090] [24.0] [cxt 0] Parser 'parser': start
[00:36:46.925] [bmv2] [D] [thread 92090] [24.0] [cxt 0] Parser 'parser' entering state 'start'
[00:36:46.925] [bmv2] [D] [thread 92090] [24.0] [cxt 0] Extracting header 'ethernet'
[00:36:46.925] [bmv2] [D] [thread 92090] [24.0] [cxt 0] Parser state 'start': key is 86dd
[00:36:46.925] [bmv2] [T] [thread 92090] [24.0] [cxt 0] Bytes parsed: 14
[00:36:46.925] [bmv2] [D] [thread 92090] [24.0] [cxt 0] Parser 'parser' entering state 'parse_ipv6'
[00:36:46.925] [bmv2] [D] [thread 92090] [24.0] [cxt 0] Extracting header 'ipv6'
[00:36:46.925] [bmv2] [D] [thread 92090] [24.0] [cxt 0] Parser state 'parse_ipv6': key is 11
[00:36:46.925] [bmv2] [T] [thread 92090] [24.0] [cxt 0] Bytes parsed: 54
[00:36:46.925] [bmv2] [D] [thread 92090] [24.0] [cxt 0] Parser 'parser': end
[00:36:46.925] [bmv2] [D] [thread 92090] [24.0] [cxt 0] Pipeline 'ingress': start
[00:36:46.925] [bmv2] [T] [thread 92090] [24.0] [cxt 0] basic.p4(560) Condition "hdr.ethernet.etherType == TYPE_ARP" (node_2) is false
[00:36:46.925] [bmv2] [T] [thread 92090] [24.0] [cxt 0] basic.p4(563) Condition "hdr.ethernet.etherType == TYPE_SRCROUTING" (node_4) is false
[00:36:46.925] [bmv2] [T] [thread 92090] [24.0] [cxt 0] basic.p4(576) Condition "hdr.ethernet.etherType == TYPE_YEQUDESU" (node_12) is false
[00:36:46.925] [bmv2] [T] [thread 92090] [24.0] [cxt 0] basic.p4(582) Condition "hdr.vxlan.isValid()" (node_15) is false
[00:36:46.925] [bmv2] [T] [thread 92090] [24.0] [cxt 0] basic.p4(586) Condition "hdr.ipv6.isValid()" (node_17) is true
[00:36:46.925] [bmv2] [T] [thread 92090] [24.0] [cxt 0] Applying table 'MyIngress.ipv6_lpm'
[00:36:46.925] [bmv2] [D] [thread 92090] [24.0] [cxt 0] Looking up key:
* hdr.ipv6.dstAddr    : ff0200000000000000000000000000fb

[00:36:46.925] [bmv2] [D] [thread 92090] [24.0] [cxt 0] Table 'MyIngress.ipv6_lpm': miss
[00:36:46.925] [bmv2] [D] [thread 92090] [24.0] [cxt 0] Action entry is NoAction - 
[00:36:46.925] [bmv2] [T] [thread 92090] [24.0] [cxt 0] Action NoAction
[00:36:46.925] [bmv2] [D] [thread 92090] [24.0] [cxt 0] Pipeline 'ingress': end
[00:36:46.925] [bmv2] [D] [thread 92090] [24.0] [cxt 0] Egress port is 0
[00:36:46.926] [bmv2] [D] [thread 92091] [24.0] [cxt 0] Pipeline 'egress': start
[00:36:46.926] [bmv2] [T] [thread 92091] [24.0] [cxt 0] basic.p4(684) Condition "standard_metadata.mcast_grp != 0" (node_28) is false
[00:36:46.926] [bmv2] [D] [thread 92091] [24.0] [cxt 0] Pipeline 'egress': end
[00:36:46.926] [bmv2] [D] [thread 92091] [24.0] [cxt 0] Deparser 'deparser': start
[00:36:46.926] [bmv2] [T] [thread 92091] [24.0] [cxt 0] Skipping checksum 'cksum' update because condition not met
[00:36:46.926] [bmv2] [D] [thread 92091] [24.0] [cxt 0] Deparsing header 'ethernet'
[00:36:46.926] [bmv2] [D] [thread 92091] [24.0] [cxt 0] Deparsing header 'ipv6'
[00:36:46.926] [bmv2] [D] [thread 92091] [24.0] [cxt 0] Deparser 'deparser': end
[00:36:46.926] [bmv2] [D] [thread 92095] [24.0] [cxt 0] Transmitting packet of size 203 out of port 0
[00:36:47.312] [bmv2] [D] [thread 92090] [25.0] [cxt 0] Processing packet received on port 2
[00:36:47.312] [bmv2] [D] [thread 92090] [25.0] [cxt 0] Parser 'parser': start
[00:36:47.312] [bmv2] [D] [thread 92090] [25.0] [cxt 0] Parser 'parser' entering state 'start'
[00:36:47.312] [bmv2] [D] [thread 92090] [25.0] [cxt 0] Extracting header 'ethernet'
[00:36:47.312] [bmv2] [D] [thread 92090] [25.0] [cxt 0] Parser state 'start': key is 86dd
[00:36:47.312] [bmv2] [T] [thread 92090] [25.0] [cxt 0] Bytes parsed: 14
[00:36:47.312] [bmv2] [D] [thread 92090] [25.0] [cxt 0] Parser 'parser' entering state 'parse_ipv6'
[00:36:47.312] [bmv2] [D] [thread 92090] [25.0] [cxt 0] Extracting header 'ipv6'
[00:36:47.312] [bmv2] [D] [thread 92090] [25.0] [cxt 0] Parser state 'parse_ipv6': key is 11
[00:36:47.312] [bmv2] [T] [thread 92090] [25.0] [cxt 0] Bytes parsed: 54
[00:36:47.312] [bmv2] [D] [thread 92090] [25.0] [cxt 0] Parser 'parser': end
[00:36:47.312] [bmv2] [D] [thread 92090] [25.0] [cxt 0] Pipeline 'ingress': start
[00:36:47.312] [bmv2] [T] [thread 92090] [25.0] [cxt 0] basic.p4(560) Condition "hdr.ethernet.etherType == TYPE_ARP" (node_2) is false
[00:36:47.312] [bmv2] [T] [thread 92090] [25.0] [cxt 0] basic.p4(563) Condition "hdr.ethernet.etherType == TYPE_SRCROUTING" (node_4) is false
[00:36:47.312] [bmv2] [T] [thread 92090] [25.0] [cxt 0] basic.p4(576) Condition "hdr.ethernet.etherType == TYPE_YEQUDESU" (node_12) is false
[00:36:47.313] [bmv2] [T] [thread 92090] [25.0] [cxt 0] basic.p4(582) Condition "hdr.vxlan.isValid()" (node_15) is false
[00:36:47.313] [bmv2] [T] [thread 92090] [25.0] [cxt 0] basic.p4(586) Condition "hdr.ipv6.isValid()" (node_17) is true
[00:36:47.313] [bmv2] [T] [thread 92090] [25.0] [cxt 0] Applying table 'MyIngress.ipv6_lpm'
[00:36:47.313] [bmv2] [D] [thread 92090] [25.0] [cxt 0] Looking up key:
* hdr.ipv6.dstAddr    : ff0200000000000000000000000000fb

[00:36:47.313] [bmv2] [D] [thread 92090] [25.0] [cxt 0] Table 'MyIngress.ipv6_lpm': miss
[00:36:47.313] [bmv2] [D] [thread 92090] [25.0] [cxt 0] Action entry is NoAction - 
[00:36:47.313] [bmv2] [T] [thread 92090] [25.0] [cxt 0] Action NoAction
[00:36:47.313] [bmv2] [D] [thread 92090] [25.0] [cxt 0] Pipeline 'ingress': end
[00:36:47.313] [bmv2] [D] [thread 92090] [25.0] [cxt 0] Egress port is 0
[00:36:47.313] [bmv2] [D] [thread 92091] [25.0] [cxt 0] Pipeline 'egress': start
[00:36:47.313] [bmv2] [T] [thread 92091] [25.0] [cxt 0] basic.p4(684) Condition "standard_metadata.mcast_grp != 0" (node_28) is false
[00:36:47.313] [bmv2] [D] [thread 92091] [25.0] [cxt 0] Pipeline 'egress': end
[00:36:47.313] [bmv2] [D] [thread 92091] [25.0] [cxt 0] Deparser 'deparser': start
[00:36:47.313] [bmv2] [T] [thread 92091] [25.0] [cxt 0] Skipping checksum 'cksum' update because condition not met
[00:36:47.313] [bmv2] [D] [thread 92091] [25.0] [cxt 0] Deparsing header 'ethernet'
[00:36:47.313] [bmv2] [D] [thread 92091] [25.0] [cxt 0] Deparsing header 'ipv6'
[00:36:47.313] [bmv2] [D] [thread 92091] [25.0] [cxt 0] Deparser 'deparser': end
[00:36:47.313] [bmv2] [D] [thread 92095] [25.0] [cxt 0] Transmitting packet of size 203 out of port 0
[00:36:47.630] [bmv2] [D] [thread 92090] [26.0] [cxt 0] Processing packet received on port 1
[00:36:47.630] [bmv2] [D] [thread 92090] [26.0] [cxt 0] Parser 'parser': start
[00:36:47.630] [bmv2] [D] [thread 92090] [26.0] [cxt 0] Parser 'parser' entering state 'start'
[00:36:47.630] [bmv2] [D] [thread 92090] [26.0] [cxt 0] Extracting header 'ethernet'
[00:36:47.630] [bmv2] [D] [thread 92090] [26.0] [cxt 0] Parser state 'start': key is 86dd
[00:36:47.630] [bmv2] [T] [thread 92090] [26.0] [cxt 0] Bytes parsed: 14
[00:36:47.630] [bmv2] [D] [thread 92090] [26.0] [cxt 0] Parser 'parser' entering state 'parse_ipv6'
[00:36:47.630] [bmv2] [D] [thread 92090] [26.0] [cxt 0] Extracting header 'ipv6'
[00:36:47.630] [bmv2] [D] [thread 92090] [26.0] [cxt 0] Parser state 'parse_ipv6': key is 11
[00:36:47.630] [bmv2] [T] [thread 92090] [26.0] [cxt 0] Bytes parsed: 54
[00:36:47.630] [bmv2] [D] [thread 92090] [26.0] [cxt 0] Parser 'parser': end
[00:36:47.630] [bmv2] [D] [thread 92090] [26.0] [cxt 0] Pipeline 'ingress': start
[00:36:47.630] [bmv2] [T] [thread 92090] [26.0] [cxt 0] basic.p4(560) Condition "hdr.ethernet.etherType == TYPE_ARP" (node_2) is false
[00:36:47.630] [bmv2] [T] [thread 92090] [26.0] [cxt 0] basic.p4(563) Condition "hdr.ethernet.etherType == TYPE_SRCROUTING" (node_4) is false
[00:36:47.630] [bmv2] [T] [thread 92090] [26.0] [cxt 0] basic.p4(576) Condition "hdr.ethernet.etherType == TYPE_YEQUDESU" (node_12) is false
[00:36:47.630] [bmv2] [T] [thread 92090] [26.0] [cxt 0] basic.p4(582) Condition "hdr.vxlan.isValid()" (node_15) is false
[00:36:47.630] [bmv2] [T] [thread 92090] [26.0] [cxt 0] basic.p4(586) Condition "hdr.ipv6.isValid()" (node_17) is true
[00:36:47.630] [bmv2] [T] [thread 92090] [26.0] [cxt 0] Applying table 'MyIngress.ipv6_lpm'
[00:36:47.630] [bmv2] [D] [thread 92090] [26.0] [cxt 0] Looking up key:
* hdr.ipv6.dstAddr    : ff0200000000000000000000000000fb

[00:36:47.630] [bmv2] [D] [thread 92090] [26.0] [cxt 0] Table 'MyIngress.ipv6_lpm': miss
[00:36:47.630] [bmv2] [D] [thread 92090] [26.0] [cxt 0] Action entry is NoAction - 
[00:36:47.630] [bmv2] [T] [thread 92090] [26.0] [cxt 0] Action NoAction
[00:36:47.630] [bmv2] [D] [thread 92090] [26.0] [cxt 0] Pipeline 'ingress': end
[00:36:47.630] [bmv2] [D] [thread 92090] [26.0] [cxt 0] Egress port is 0
[00:36:47.630] [bmv2] [D] [thread 92091] [26.0] [cxt 0] Pipeline 'egress': start
[00:36:47.630] [bmv2] [T] [thread 92091] [26.0] [cxt 0] basic.p4(684) Condition "standard_metadata.mcast_grp != 0" (node_28) is false
[00:36:47.630] [bmv2] [D] [thread 92091] [26.0] [cxt 0] Pipeline 'egress': end
[00:36:47.630] [bmv2] [D] [thread 92091] [26.0] [cxt 0] Deparser 'deparser': start
[00:36:47.630] [bmv2] [T] [thread 92091] [26.0] [cxt 0] Skipping checksum 'cksum' update because condition not met
[00:36:47.630] [bmv2] [D] [thread 92091] [26.0] [cxt 0] Deparsing header 'ethernet'
[00:36:47.630] [bmv2] [D] [thread 92091] [26.0] [cxt 0] Deparsing header 'ipv6'
[00:36:47.630] [bmv2] [D] [thread 92091] [26.0] [cxt 0] Deparser 'deparser': end
[00:36:47.630] [bmv2] [D] [thread 92095] [26.0] [cxt 0] Transmitting packet of size 203 out of port 0
[00:36:49.008] [bmv2] [W] [thread 92338] [P4Runtime] p4::tmp::P4DeviceConfig is deprecated
[00:36:49.013] [bmv2] [D] [thread 92338] Set default default entry for table 'MyIngress.arp_match': MyIngress.drop - 
[00:36:49.013] [bmv2] [D] [thread 92338] Set default default entry for table 'tbl_srcRoute_finish': MyIngress.srcRoute_finish - 
[00:36:49.013] [bmv2] [D] [thread 92338] Set default default entry for table 'MyIngress.ipv4_lpm_src': NoAction - 
[00:36:49.013] [bmv2] [D] [thread 92338] Set default default entry for table 'tbl_srcRoute_nhop': MyIngress.srcRoute_nhop - 
[00:36:49.013] [bmv2] [D] [thread 92338] Set default default entry for table 'tbl_update_ttl': MyIngress.update_ttl - 
[00:36:49.013] [bmv2] [D] [thread 92338] Set default default entry for table 'MyIngress.yequdesu_exact': MyIngress.drop - 
[00:36:49.013] [bmv2] [D] [thread 92338] Set default default entry for table 'MyIngress.vxlan_decap_exact': MyIngress.drop - 
[00:36:49.013] [bmv2] [D] [thread 92338] Set default default entry for table 'MyIngress.ipv6_lpm': NoAction - 
[00:36:49.013] [bmv2] [D] [thread 92338] Set default default entry for table 'MyIngress.vxlan_lpm': NoAction - 
[00:36:49.013] [bmv2] [D] [thread 92338] Set default default entry for table 'MyIngress.modality_schedule': NoAction - 
[00:36:49.013] [bmv2] [D] [thread 92338] Set default default entry for table 'MyIngress.adjudication': NoAction - 
[00:36:49.013] [bmv2] [D] [thread 92338] Set default default entry for table 'MyIngress.ipv4_lpm': NoAction - 
[00:36:49.014] [bmv2] [D] [thread 92338] Set default default entry for table 'MyEgress.egress_encap_ipv6': NoAction - 
[00:36:49.014] [bmv2] [D] [thread 92338] Set default default entry for table 'MyEgress.egress_encap_yequdesu': NoAction - 
[00:36:49.014] [bmv2] [D] [thread 92338] Set default default entry for table 'MyEgress.egress_encap_vxlan': NoAction - 
[00:36:49.016] [bmv2] [D] [thread 92338] simple_switch target has been notified of a config swap
[00:36:49.107] [bmv2] [D] [thread 92338] Entry 0 added to table 'MyIngress.ipv6_lpm'
[00:36:49.107] [bmv2] [D] [thread 92338] Dumping entry 0
Match key:
* hdr.ipv6.dstAddr    : LPM       20010db8000100000000000000000002/128
Action entry: MyIngress.ipv6_forward - ffffffffffff,2,

[00:36:49.112] [bmv2] [D] [thread 92339] Entry 1 added to table 'MyIngress.ipv6_lpm'
[00:36:49.112] [bmv2] [D] [thread 92339] Dumping entry 1
Match key:
* hdr.ipv6.dstAddr    : LPM       20010db8000100000000000000000001/128
Action entry: MyIngress.ipv6_forward - ffffffffffff,1,

[00:36:49.115] [bmv2] [D] [thread 92338] Entry 2 added to table 'MyIngress.ipv6_lpm'
[00:36:49.115] [bmv2] [D] [thread 92338] Dumping entry 2
Match key:
* hdr.ipv6.dstAddr    : LPM       20010db8000000000000000000000002/128
Action entry: MyIngress.ipv6_forward - ffffffffffff,2,

[00:36:49.119] [bmv2] [D] [thread 92339] Entry 3 added to table 'MyIngress.ipv6_lpm'
[00:36:49.119] [bmv2] [D] [thread 92339] Dumping entry 3
Match key:
* hdr.ipv6.dstAddr    : LPM       20010db8000000000000000000000001/128
Action entry: MyIngress.ipv6_forward - ffffffffffff,1,

[00:36:51.342] [bmv2] [D] [thread 92090] [27.0] [cxt 0] Processing packet received on port 2
[00:36:51.342] [bmv2] [D] [thread 92090] [27.0] [cxt 0] Parser 'parser': start
[00:36:51.342] [bmv2] [D] [thread 92090] [27.0] [cxt 0] Parser 'parser' entering state 'start'
[00:36:51.342] [bmv2] [D] [thread 92090] [27.0] [cxt 0] Extracting header 'ethernet'
[00:36:51.342] [bmv2] [D] [thread 92090] [27.0] [cxt 0] Parser state 'start': key is 86dd
[00:36:51.342] [bmv2] [T] [thread 92090] [27.0] [cxt 0] Bytes parsed: 14
[00:36:51.342] [bmv2] [D] [thread 92090] [27.0] [cxt 0] Parser 'parser' entering state 'parse_ipv6'
[00:36:51.342] [bmv2] [D] [thread 92090] [27.0] [cxt 0] Extracting header 'ipv6'
[00:36:51.342] [bmv2] [D] [thread 92090] [27.0] [cxt 0] Parser state 'parse_ipv6': key is 3a
[00:36:51.342] [bmv2] [T] [thread 92090] [27.0] [cxt 0] Bytes parsed: 54
[00:36:51.342] [bmv2] [D] [thread 92090] [27.0] [cxt 0] Parser 'parser': end
[00:36:51.342] [bmv2] [D] [thread 92090] [27.0] [cxt 0] Pipeline 'ingress': start
[00:36:51.342] [bmv2] [T] [thread 92090] [27.0] [cxt 0] basic.p4(560) Condition "hdr.ethernet.etherType == TYPE_ARP" (node_2) is false
[00:36:51.342] [bmv2] [T] [thread 92090] [27.0] [cxt 0] basic.p4(563) Condition "hdr.ethernet.etherType == TYPE_SRCROUTING" (node_4) is false
[00:36:51.342] [bmv2] [T] [thread 92090] [27.0] [cxt 0] basic.p4(576) Condition "hdr.ethernet.etherType == TYPE_YEQUDESU" (node_12) is false
[00:36:51.342] [bmv2] [T] [thread 92090] [27.0] [cxt 0] basic.p4(582) Condition "hdr.vxlan.isValid()" (node_15) is false
[00:36:51.342] [bmv2] [T] [thread 92090] [27.0] [cxt 0] basic.p4(586) Condition "hdr.ipv6.isValid()" (node_17) is true
[00:36:51.342] [bmv2] [T] [thread 92090] [27.0] [cxt 0] Applying table 'MyIngress.ipv6_lpm'
[00:36:51.342] [bmv2] [D] [thread 92090] [27.0] [cxt 0] Looking up key:
* hdr.ipv6.dstAddr    : ff020000000000000000000000000002

[00:36:51.342] [bmv2] [D] [thread 92090] [27.0] [cxt 0] Table 'MyIngress.ipv6_lpm': miss
[00:36:51.342] [bmv2] [D] [thread 92090] [27.0] [cxt 0] Action entry is NoAction - 
[00:36:51.342] [bmv2] [T] [thread 92090] [27.0] [cxt 0] Action NoAction
[00:36:51.342] [bmv2] [D] [thread 92090] [27.0] [cxt 0] Pipeline 'ingress': end
[00:36:51.342] [bmv2] [D] [thread 92090] [27.0] [cxt 0] Egress port is 0
[00:36:51.342] [bmv2] [D] [thread 92091] [27.0] [cxt 0] Pipeline 'egress': start
[00:36:51.342] [bmv2] [T] [thread 92091] [27.0] [cxt 0] basic.p4(684) Condition "standard_metadata.mcast_grp != 0" (node_28) is false
[00:36:51.342] [bmv2] [D] [thread 92091] [27.0] [cxt 0] Pipeline 'egress': end
[00:36:51.342] [bmv2] [D] [thread 92091] [27.0] [cxt 0] Deparser 'deparser': start
[00:36:51.342] [bmv2] [T] [thread 92091] [27.0] [cxt 0] Skipping checksum 'cksum' update because condition not met
[00:36:51.342] [bmv2] [D] [thread 92091] [27.0] [cxt 0] Deparsing header 'ethernet'
[00:36:51.342] [bmv2] [D] [thread 92091] [27.0] [cxt 0] Deparsing header 'ipv6'
[00:36:51.342] [bmv2] [D] [thread 92091] [27.0] [cxt 0] Deparser 'deparser': end
[00:36:51.342] [bmv2] [D] [thread 92095] [27.0] [cxt 0] Transmitting packet of size 70 out of port 0
[00:36:52.366] [bmv2] [D] [thread 92090] [28.0] [cxt 0] Processing packet received on port 2
[00:36:52.367] [bmv2] [D] [thread 92090] [28.0] [cxt 0] Parser 'parser': start
[00:36:52.367] [bmv2] [D] [thread 92090] [28.0] [cxt 0] Parser 'parser' entering state 'start'
[00:36:52.367] [bmv2] [D] [thread 92090] [28.0] [cxt 0] Extracting header 'ethernet'
[00:36:52.367] [bmv2] [D] [thread 92090] [28.0] [cxt 0] Parser state 'start': key is 86dd
[00:36:52.367] [bmv2] [T] [thread 92090] [28.0] [cxt 0] Bytes parsed: 14
[00:36:52.367] [bmv2] [D] [thread 92090] [28.0] [cxt 0] Parser 'parser' entering state 'parse_ipv6'
[00:36:52.367] [bmv2] [D] [thread 92090] [28.0] [cxt 0] Extracting header 'ipv6'
[00:36:52.367] [bmv2] [D] [thread 92090] [28.0] [cxt 0] Parser state 'parse_ipv6': key is 3a
[00:36:52.367] [bmv2] [T] [thread 92090] [28.0] [cxt 0] Bytes parsed: 54
[00:36:52.367] [bmv2] [D] [thread 92090] [28.0] [cxt 0] Parser 'parser': end
[00:36:52.367] [bmv2] [D] [thread 92090] [28.0] [cxt 0] Pipeline 'ingress': start
[00:36:52.367] [bmv2] [T] [thread 92090] [28.0] [cxt 0] basic.p4(560) Condition "hdr.ethernet.etherType == TYPE_ARP" (node_2) is false
[00:36:52.367] [bmv2] [T] [thread 92090] [28.0] [cxt 0] basic.p4(563) Condition "hdr.ethernet.etherType == TYPE_SRCROUTING" (node_4) is false
[00:36:52.367] [bmv2] [T] [thread 92090] [28.0] [cxt 0] basic.p4(576) Condition "hdr.ethernet.etherType == TYPE_YEQUDESU" (node_12) is false
[00:36:52.367] [bmv2] [T] [thread 92090] [28.0] [cxt 0] basic.p4(582) Condition "hdr.vxlan.isValid()" (node_15) is false
[00:36:52.367] [bmv2] [T] [thread 92090] [28.0] [cxt 0] basic.p4(586) Condition "hdr.ipv6.isValid()" (node_17) is true
[00:36:52.367] [bmv2] [T] [thread 92090] [28.0] [cxt 0] Applying table 'MyIngress.ipv6_lpm'
[00:36:52.367] [bmv2] [D] [thread 92090] [28.0] [cxt 0] Looking up key:
* hdr.ipv6.dstAddr    : ff020000000000000000000000000002

[00:36:52.367] [bmv2] [D] [thread 92090] [28.0] [cxt 0] Table 'MyIngress.ipv6_lpm': miss
[00:36:52.367] [bmv2] [D] [thread 92090] [28.0] [cxt 0] Action entry is NoAction - 
[00:36:52.367] [bmv2] [T] [thread 92090] [28.0] [cxt 0] Action NoAction
[00:36:52.367] [bmv2] [D] [thread 92090] [28.0] [cxt 0] Pipeline 'ingress': end
[00:36:52.367] [bmv2] [D] [thread 92090] [28.0] [cxt 0] Egress port is 0
[00:36:52.367] [bmv2] [D] [thread 92091] [28.0] [cxt 0] Pipeline 'egress': start
[00:36:52.367] [bmv2] [T] [thread 92091] [28.0] [cxt 0] basic.p4(684) Condition "standard_metadata.mcast_grp != 0" (node_28) is false
[00:36:52.367] [bmv2] [D] [thread 92091] [28.0] [cxt 0] Pipeline 'egress': end
[00:36:52.367] [bmv2] [D] [thread 92091] [28.0] [cxt 0] Deparser 'deparser': start
[00:36:52.367] [bmv2] [T] [thread 92091] [28.0] [cxt 0] Skipping checksum 'cksum' update because condition not met
[00:36:52.367] [bmv2] [D] [thread 92091] [28.0] [cxt 0] Deparsing header 'ethernet'
[00:36:52.367] [bmv2] [D] [thread 92091] [28.0] [cxt 0] Deparsing header 'ipv6'
[00:36:52.367] [bmv2] [D] [thread 92091] [28.0] [cxt 0] Deparser 'deparser': end
[00:36:52.367] [bmv2] [D] [thread 92095] [28.0] [cxt 0] Transmitting packet of size 70 out of port 0
[00:36:52.878] [bmv2] [D] [thread 92090] [29.0] [cxt 0] Processing packet received on port 1
[00:36:52.878] [bmv2] [D] [thread 92090] [29.0] [cxt 0] Parser 'parser': start
[00:36:52.878] [bmv2] [D] [thread 92090] [29.0] [cxt 0] Parser 'parser' entering state 'start'
[00:36:52.878] [bmv2] [D] [thread 92090] [29.0] [cxt 0] Extracting header 'ethernet'
[00:36:52.878] [bmv2] [D] [thread 92090] [29.0] [cxt 0] Parser state 'start': key is 86dd
[00:36:52.878] [bmv2] [T] [thread 92090] [29.0] [cxt 0] Bytes parsed: 14
[00:36:52.878] [bmv2] [D] [thread 92090] [29.0] [cxt 0] Parser 'parser' entering state 'parse_ipv6'
[00:36:52.878] [bmv2] [D] [thread 92090] [29.0] [cxt 0] Extracting header 'ipv6'
[00:36:52.878] [bmv2] [D] [thread 92090] [29.0] [cxt 0] Parser state 'parse_ipv6': key is 3a
[00:36:52.878] [bmv2] [T] [thread 92090] [29.0] [cxt 0] Bytes parsed: 54
[00:36:52.878] [bmv2] [D] [thread 92090] [29.0] [cxt 0] Parser 'parser': end
[00:36:52.878] [bmv2] [D] [thread 92090] [29.0] [cxt 0] Pipeline 'ingress': start
[00:36:52.878] [bmv2] [T] [thread 92090] [29.0] [cxt 0] basic.p4(560) Condition "hdr.ethernet.etherType == TYPE_ARP" (node_2) is false
[00:36:52.878] [bmv2] [T] [thread 92090] [29.0] [cxt 0] basic.p4(563) Condition "hdr.ethernet.etherType == TYPE_SRCROUTING" (node_4) is false
[00:36:52.878] [bmv2] [T] [thread 92090] [29.0] [cxt 0] basic.p4(576) Condition "hdr.ethernet.etherType == TYPE_YEQUDESU" (node_12) is false
[00:36:52.878] [bmv2] [T] [thread 92090] [29.0] [cxt 0] basic.p4(582) Condition "hdr.vxlan.isValid()" (node_15) is false
[00:36:52.878] [bmv2] [T] [thread 92090] [29.0] [cxt 0] basic.p4(586) Condition "hdr.ipv6.isValid()" (node_17) is true
[00:36:52.878] [bmv2] [T] [thread 92090] [29.0] [cxt 0] Applying table 'MyIngress.ipv6_lpm'
[00:36:52.878] [bmv2] [D] [thread 92090] [29.0] [cxt 0] Looking up key:
* hdr.ipv6.dstAddr    : ff020000000000000000000000000002

[00:36:52.878] [bmv2] [D] [thread 92090] [29.0] [cxt 0] Table 'MyIngress.ipv6_lpm': miss
[00:36:52.878] [bmv2] [D] [thread 92090] [29.0] [cxt 0] Action entry is NoAction - 
[00:36:52.878] [bmv2] [T] [thread 92090] [29.0] [cxt 0] Action NoAction
[00:36:52.878] [bmv2] [D] [thread 92090] [29.0] [cxt 0] Pipeline 'ingress': end
[00:36:52.878] [bmv2] [D] [thread 92090] [29.0] [cxt 0] Egress port is 0
[00:36:52.878] [bmv2] [D] [thread 92090] [30.0] [cxt 0] Processing packet received on port 1
[00:36:52.878] [bmv2] [D] [thread 92090] [30.0] [cxt 0] Parser 'parser': start
[00:36:52.878] [bmv2] [D] [thread 92090] [30.0] [cxt 0] Parser 'parser' entering state 'start'
[00:36:52.878] [bmv2] [D] [thread 92090] [30.0] [cxt 0] Extracting header 'ethernet'
[00:36:52.878] [bmv2] [D] [thread 92090] [30.0] [cxt 0] Parser state 'start': key is 86dd
[00:36:52.878] [bmv2] [T] [thread 92090] [30.0] [cxt 0] Bytes parsed: 14
[00:36:52.878] [bmv2] [D] [thread 92090] [30.0] [cxt 0] Parser 'parser' entering state 'parse_ipv6'
[00:36:52.878] [bmv2] [D] [thread 92090] [30.0] [cxt 0] Extracting header 'ipv6'
[00:36:52.878] [bmv2] [D] [thread 92090] [30.0] [cxt 0] Parser state 'parse_ipv6': key is 3a
[00:36:52.878] [bmv2] [T] [thread 92090] [30.0] [cxt 0] Bytes parsed: 54
[00:36:52.878] [bmv2] [D] [thread 92090] [30.0] [cxt 0] Parser 'parser': end
[00:36:52.878] [bmv2] [D] [thread 92090] [30.0] [cxt 0] Pipeline 'ingress': start
[00:36:52.878] [bmv2] [T] [thread 92090] [30.0] [cxt 0] basic.p4(560) Condition "hdr.ethernet.etherType == TYPE_ARP" (node_2) is false
[00:36:52.878] [bmv2] [T] [thread 92090] [30.0] [cxt 0] basic.p4(563) Condition "hdr.ethernet.etherType == TYPE_SRCROUTING" (node_4) is false
[00:36:52.878] [bmv2] [T] [thread 92090] [30.0] [cxt 0] basic.p4(576) Condition "hdr.ethernet.etherType == TYPE_YEQUDESU" (node_12) is false
[00:36:52.878] [bmv2] [D] [thread 92091] [29.0] [cxt 0] Pipeline 'egress': start
[00:36:52.878] [bmv2] [T] [thread 92090] [30.0] [cxt 0] basic.p4(582) Condition "hdr.vxlan.isValid()" (node_15) is false
[00:36:52.879] [bmv2] [T] [thread 92091] [29.0] [cxt 0] basic.p4(684) Condition "standard_metadata.mcast_grp != 0" (node_28) is false
[00:36:52.879] [bmv2] [T] [thread 92090] [30.0] [cxt 0] basic.p4(586) Condition "hdr.ipv6.isValid()" (node_17) is true
[00:36:52.879] [bmv2] [D] [thread 92091] [29.0] [cxt 0] Pipeline 'egress': end
[00:36:52.879] [bmv2] [T] [thread 92090] [30.0] [cxt 0] Applying table 'MyIngress.ipv6_lpm'
[00:36:52.879] [bmv2] [D] [thread 92091] [29.0] [cxt 0] Deparser 'deparser': start
[00:36:52.879] [bmv2] [T] [thread 92091] [29.0] [cxt 0] Skipping checksum 'cksum' update because condition not met
[00:36:52.879] [bmv2] [D] [thread 92091] [29.0] [cxt 0] Deparsing header 'ethernet'
[00:36:52.879] [bmv2] [D] [thread 92091] [29.0] [cxt 0] Deparsing header 'ipv6'
[00:36:52.879] [bmv2] [D] [thread 92091] [29.0] [cxt 0] Deparser 'deparser': end
[00:36:52.879] [bmv2] [D] [thread 92095] [29.0] [cxt 0] Transmitting packet of size 70 out of port 0
[00:36:52.879] [bmv2] [D] [thread 92090] [30.0] [cxt 0] Looking up key:
* hdr.ipv6.dstAddr    : ff020000000000000000000000000002

[00:36:52.879] [bmv2] [D] [thread 92090] [30.0] [cxt 0] Table 'MyIngress.ipv6_lpm': miss
[00:36:52.879] [bmv2] [D] [thread 92090] [30.0] [cxt 0] Action entry is NoAction - 
[00:36:52.879] [bmv2] [T] [thread 92090] [30.0] [cxt 0] Action NoAction
[00:36:52.879] [bmv2] [D] [thread 92090] [30.0] [cxt 0] Pipeline 'ingress': end
[00:36:52.879] [bmv2] [D] [thread 92090] [30.0] [cxt 0] Egress port is 0
[00:36:52.879] [bmv2] [D] [thread 92091] [30.0] [cxt 0] Pipeline 'egress': start
[00:36:52.879] [bmv2] [T] [thread 92091] [30.0] [cxt 0] basic.p4(684) Condition "standard_metadata.mcast_grp != 0" (node_28) is false
[00:36:52.879] [bmv2] [D] [thread 92091] [30.0] [cxt 0] Pipeline 'egress': end
[00:36:52.879] [bmv2] [D] [thread 92091] [30.0] [cxt 0] Deparser 'deparser': start
[00:36:52.879] [bmv2] [T] [thread 92091] [30.0] [cxt 0] Skipping checksum 'cksum' update because condition not met
[00:36:52.879] [bmv2] [D] [thread 92091] [30.0] [cxt 0] Deparsing header 'ethernet'
[00:36:52.879] [bmv2] [D] [thread 92091] [30.0] [cxt 0] Deparsing header 'ipv6'
[00:36:52.879] [bmv2] [D] [thread 92091] [30.0] [cxt 0] Deparser 'deparser': end
[00:36:52.879] [bmv2] [D] [thread 92095] [30.0] [cxt 0] Transmitting packet of size 70 out of port 0
[00:36:54.926] [bmv2] [D] [thread 92090] [31.0] [cxt 0] Processing packet received on port 1
[00:36:54.926] [bmv2] [D] [thread 92090] [31.0] [cxt 0] Parser 'parser': start
[00:36:54.926] [bmv2] [D] [thread 92090] [31.0] [cxt 0] Parser 'parser' entering state 'start'
[00:36:54.926] [bmv2] [D] [thread 92090] [31.0] [cxt 0] Extracting header 'ethernet'
[00:36:54.926] [bmv2] [D] [thread 92090] [31.0] [cxt 0] Parser state 'start': key is 86dd
[00:36:54.926] [bmv2] [T] [thread 92090] [31.0] [cxt 0] Bytes parsed: 14
[00:36:54.926] [bmv2] [D] [thread 92090] [31.0] [cxt 0] Parser 'parser' entering state 'parse_ipv6'
[00:36:54.926] [bmv2] [D] [thread 92090] [31.0] [cxt 0] Extracting header 'ipv6'
[00:36:54.926] [bmv2] [D] [thread 92090] [31.0] [cxt 0] Parser state 'parse_ipv6': key is 11
[00:36:54.926] [bmv2] [T] [thread 92090] [31.0] [cxt 0] Bytes parsed: 54
[00:36:54.926] [bmv2] [D] [thread 92090] [31.0] [cxt 0] Parser 'parser': end
[00:36:54.926] [bmv2] [D] [thread 92090] [31.0] [cxt 0] Pipeline 'ingress': start
[00:36:54.926] [bmv2] [T] [thread 92090] [31.0] [cxt 0] basic.p4(560) Condition "hdr.ethernet.etherType == TYPE_ARP" (node_2) is false
[00:36:54.926] [bmv2] [T] [thread 92090] [31.0] [cxt 0] basic.p4(563) Condition "hdr.ethernet.etherType == TYPE_SRCROUTING" (node_4) is false
[00:36:54.926] [bmv2] [T] [thread 92090] [31.0] [cxt 0] basic.p4(576) Condition "hdr.ethernet.etherType == TYPE_YEQUDESU" (node_12) is false
[00:36:54.926] [bmv2] [T] [thread 92090] [31.0] [cxt 0] basic.p4(582) Condition "hdr.vxlan.isValid()" (node_15) is false
[00:36:54.926] [bmv2] [T] [thread 92090] [31.0] [cxt 0] basic.p4(586) Condition "hdr.ipv6.isValid()" (node_17) is true
[00:36:54.926] [bmv2] [T] [thread 92090] [31.0] [cxt 0] Applying table 'MyIngress.ipv6_lpm'
[00:36:54.926] [bmv2] [D] [thread 92090] [31.0] [cxt 0] Looking up key:
* hdr.ipv6.dstAddr    : ff0200000000000000000000000000fb

[00:36:54.926] [bmv2] [D] [thread 92090] [31.0] [cxt 0] Table 'MyIngress.ipv6_lpm': miss
[00:36:54.926] [bmv2] [D] [thread 92090] [31.0] [cxt 0] Action entry is NoAction - 
[00:36:54.926] [bmv2] [T] [thread 92090] [31.0] [cxt 0] Action NoAction
[00:36:54.926] [bmv2] [D] [thread 92090] [31.0] [cxt 0] Pipeline 'ingress': end
[00:36:54.926] [bmv2] [D] [thread 92090] [31.0] [cxt 0] Egress port is 0
[00:36:54.927] [bmv2] [D] [thread 92091] [31.0] [cxt 0] Pipeline 'egress': start
[00:36:54.927] [bmv2] [T] [thread 92091] [31.0] [cxt 0] basic.p4(684) Condition "standard_metadata.mcast_grp != 0" (node_28) is false
[00:36:54.927] [bmv2] [D] [thread 92091] [31.0] [cxt 0] Pipeline 'egress': end
[00:36:54.927] [bmv2] [D] [thread 92091] [31.0] [cxt 0] Deparser 'deparser': start
[00:36:54.927] [bmv2] [T] [thread 92091] [31.0] [cxt 0] Skipping checksum 'cksum' update because condition not met
[00:36:54.927] [bmv2] [D] [thread 92091] [31.0] [cxt 0] Deparsing header 'ethernet'
[00:36:54.927] [bmv2] [D] [thread 92091] [31.0] [cxt 0] Deparsing header 'ipv6'
[00:36:54.927] [bmv2] [D] [thread 92091] [31.0] [cxt 0] Deparser 'deparser': end
[00:36:54.927] [bmv2] [D] [thread 92095] [31.0] [cxt 0] Transmitting packet of size 203 out of port 0
[00:36:55.313] [bmv2] [D] [thread 92090] [32.0] [cxt 0] Processing packet received on port 2
[00:36:55.313] [bmv2] [D] [thread 92090] [32.0] [cxt 0] Parser 'parser': start
[00:36:55.313] [bmv2] [D] [thread 92090] [32.0] [cxt 0] Parser 'parser' entering state 'start'
[00:36:55.313] [bmv2] [D] [thread 92090] [32.0] [cxt 0] Extracting header 'ethernet'
[00:36:55.313] [bmv2] [D] [thread 92090] [32.0] [cxt 0] Parser state 'start': key is 86dd
[00:36:55.313] [bmv2] [T] [thread 92090] [32.0] [cxt 0] Bytes parsed: 14
[00:36:55.313] [bmv2] [D] [thread 92090] [32.0] [cxt 0] Parser 'parser' entering state 'parse_ipv6'
[00:36:55.313] [bmv2] [D] [thread 92090] [32.0] [cxt 0] Extracting header 'ipv6'
[00:36:55.313] [bmv2] [D] [thread 92090] [32.0] [cxt 0] Parser state 'parse_ipv6': key is 11
[00:36:55.313] [bmv2] [T] [thread 92090] [32.0] [cxt 0] Bytes parsed: 54
[00:36:55.313] [bmv2] [D] [thread 92090] [32.0] [cxt 0] Parser 'parser': end
[00:36:55.313] [bmv2] [D] [thread 92090] [32.0] [cxt 0] Pipeline 'ingress': start
[00:36:55.313] [bmv2] [T] [thread 92090] [32.0] [cxt 0] basic.p4(560) Condition "hdr.ethernet.etherType == TYPE_ARP" (node_2) is false
[00:36:55.313] [bmv2] [T] [thread 92090] [32.0] [cxt 0] basic.p4(563) Condition "hdr.ethernet.etherType == TYPE_SRCROUTING" (node_4) is false
[00:36:55.313] [bmv2] [T] [thread 92090] [32.0] [cxt 0] basic.p4(576) Condition "hdr.ethernet.etherType == TYPE_YEQUDESU" (node_12) is false
[00:36:55.313] [bmv2] [T] [thread 92090] [32.0] [cxt 0] basic.p4(582) Condition "hdr.vxlan.isValid()" (node_15) is false
[00:36:55.313] [bmv2] [T] [thread 92090] [32.0] [cxt 0] basic.p4(586) Condition "hdr.ipv6.isValid()" (node_17) is true
[00:36:55.313] [bmv2] [T] [thread 92090] [32.0] [cxt 0] Applying table 'MyIngress.ipv6_lpm'
[00:36:55.313] [bmv2] [D] [thread 92090] [32.0] [cxt 0] Looking up key:
* hdr.ipv6.dstAddr    : ff0200000000000000000000000000fb

[00:36:55.313] [bmv2] [D] [thread 92090] [32.0] [cxt 0] Table 'MyIngress.ipv6_lpm': miss
[00:36:55.313] [bmv2] [D] [thread 92090] [32.0] [cxt 0] Action entry is NoAction - 
[00:36:55.313] [bmv2] [T] [thread 92090] [32.0] [cxt 0] Action NoAction
[00:36:55.314] [bmv2] [D] [thread 92090] [32.0] [cxt 0] Pipeline 'ingress': end
[00:36:55.314] [bmv2] [D] [thread 92090] [32.0] [cxt 0] Egress port is 0
[00:36:55.314] [bmv2] [D] [thread 92091] [32.0] [cxt 0] Pipeline 'egress': start
[00:36:55.314] [bmv2] [T] [thread 92091] [32.0] [cxt 0] basic.p4(684) Condition "standard_metadata.mcast_grp != 0" (node_28) is false
[00:36:55.314] [bmv2] [D] [thread 92091] [32.0] [cxt 0] Pipeline 'egress': end
[00:36:55.314] [bmv2] [D] [thread 92091] [32.0] [cxt 0] Deparser 'deparser': start
[00:36:55.314] [bmv2] [T] [thread 92091] [32.0] [cxt 0] Skipping checksum 'cksum' update because condition not met
[00:36:55.314] [bmv2] [D] [thread 92091] [32.0] [cxt 0] Deparsing header 'ethernet'
[00:36:55.314] [bmv2] [D] [thread 92091] [32.0] [cxt 0] Deparsing header 'ipv6'
[00:36:55.314] [bmv2] [D] [thread 92091] [32.0] [cxt 0] Deparser 'deparser': end
[00:36:55.314] [bmv2] [D] [thread 92095] [32.0] [cxt 0] Transmitting packet of size 203 out of port 0
[00:36:55.630] [bmv2] [D] [thread 92090] [33.0] [cxt 0] Processing packet received on port 1
[00:36:55.630] [bmv2] [D] [thread 92090] [33.0] [cxt 0] Parser 'parser': start
[00:36:55.630] [bmv2] [D] [thread 92090] [33.0] [cxt 0] Parser 'parser' entering state 'start'
[00:36:55.630] [bmv2] [D] [thread 92090] [33.0] [cxt 0] Extracting header 'ethernet'
[00:36:55.630] [bmv2] [D] [thread 92090] [33.0] [cxt 0] Parser state 'start': key is 86dd
[00:36:55.630] [bmv2] [T] [thread 92090] [33.0] [cxt 0] Bytes parsed: 14
[00:36:55.630] [bmv2] [D] [thread 92090] [33.0] [cxt 0] Parser 'parser' entering state 'parse_ipv6'
[00:36:55.630] [bmv2] [D] [thread 92090] [33.0] [cxt 0] Extracting header 'ipv6'
[00:36:55.630] [bmv2] [D] [thread 92090] [33.0] [cxt 0] Parser state 'parse_ipv6': key is 11
[00:36:55.630] [bmv2] [T] [thread 92090] [33.0] [cxt 0] Bytes parsed: 54
[00:36:55.630] [bmv2] [D] [thread 92090] [33.0] [cxt 0] Parser 'parser': end
[00:36:55.630] [bmv2] [D] [thread 92090] [33.0] [cxt 0] Pipeline 'ingress': start
[00:36:55.630] [bmv2] [T] [thread 92090] [33.0] [cxt 0] basic.p4(560) Condition "hdr.ethernet.etherType == TYPE_ARP" (node_2) is false
[00:36:55.630] [bmv2] [T] [thread 92090] [33.0] [cxt 0] basic.p4(563) Condition "hdr.ethernet.etherType == TYPE_SRCROUTING" (node_4) is false
[00:36:55.630] [bmv2] [T] [thread 92090] [33.0] [cxt 0] basic.p4(576) Condition "hdr.ethernet.etherType == TYPE_YEQUDESU" (node_12) is false
[00:36:55.630] [bmv2] [T] [thread 92090] [33.0] [cxt 0] basic.p4(582) Condition "hdr.vxlan.isValid()" (node_15) is false
[00:36:55.630] [bmv2] [T] [thread 92090] [33.0] [cxt 0] basic.p4(586) Condition "hdr.ipv6.isValid()" (node_17) is true
[00:36:55.630] [bmv2] [T] [thread 92090] [33.0] [cxt 0] Applying table 'MyIngress.ipv6_lpm'
[00:36:55.630] [bmv2] [D] [thread 92090] [33.0] [cxt 0] Looking up key:
* hdr.ipv6.dstAddr    : ff0200000000000000000000000000fb

[00:36:55.630] [bmv2] [D] [thread 92090] [33.0] [cxt 0] Table 'MyIngress.ipv6_lpm': miss
[00:36:55.630] [bmv2] [D] [thread 92090] [33.0] [cxt 0] Action entry is NoAction - 
[00:36:55.630] [bmv2] [T] [thread 92090] [33.0] [cxt 0] Action NoAction
[00:36:55.630] [bmv2] [D] [thread 92090] [33.0] [cxt 0] Pipeline 'ingress': end
[00:36:55.630] [bmv2] [D] [thread 92090] [33.0] [cxt 0] Egress port is 0
[00:36:55.630] [bmv2] [D] [thread 92091] [33.0] [cxt 0] Pipeline 'egress': start
[00:36:55.630] [bmv2] [T] [thread 92091] [33.0] [cxt 0] basic.p4(684) Condition "standard_metadata.mcast_grp != 0" (node_28) is false
[00:36:55.630] [bmv2] [D] [thread 92091] [33.0] [cxt 0] Pipeline 'egress': end
[00:36:55.630] [bmv2] [D] [thread 92091] [33.0] [cxt 0] Deparser 'deparser': start
[00:36:55.630] [bmv2] [T] [thread 92091] [33.0] [cxt 0] Skipping checksum 'cksum' update because condition not met
[00:36:55.630] [bmv2] [D] [thread 92091] [33.0] [cxt 0] Deparsing header 'ethernet'
[00:36:55.630] [bmv2] [D] [thread 92091] [33.0] [cxt 0] Deparsing header 'ipv6'
[00:36:55.630] [bmv2] [D] [thread 92091] [33.0] [cxt 0] Deparser 'deparser': end
[00:36:55.630] [bmv2] [D] [thread 92095] [33.0] [cxt 0] Transmitting packet of size 203 out of port 0
[00:37:00.133] [bmv2] [D] [thread 92090] [34.0] [cxt 0] Processing packet received on port 1
[00:37:00.133] [bmv2] [D] [thread 92090] [34.0] [cxt 0] Parser 'parser': start
[00:37:00.133] [bmv2] [D] [thread 92090] [34.0] [cxt 0] Parser 'parser' entering state 'start'
[00:37:00.133] [bmv2] [D] [thread 92090] [34.0] [cxt 0] Extracting header 'ethernet'
[00:37:00.133] [bmv2] [D] [thread 92090] [34.0] [cxt 0] Parser state 'start': key is 86dd
[00:37:00.133] [bmv2] [T] [thread 92090] [34.0] [cxt 0] Bytes parsed: 14
[00:37:00.133] [bmv2] [D] [thread 92090] [34.0] [cxt 0] Parser 'parser' entering state 'parse_ipv6'
[00:37:00.133] [bmv2] [D] [thread 92090] [34.0] [cxt 0] Extracting header 'ipv6'
[00:37:00.133] [bmv2] [D] [thread 92090] [34.0] [cxt 0] Parser state 'parse_ipv6': key is 00
[00:37:00.133] [bmv2] [T] [thread 92090] [34.0] [cxt 0] Bytes parsed: 54
[00:37:00.133] [bmv2] [D] [thread 92090] [34.0] [cxt 0] Parser 'parser': end
[00:37:00.133] [bmv2] [D] [thread 92090] [34.0] [cxt 0] Pipeline 'ingress': start
[00:37:00.133] [bmv2] [T] [thread 92090] [34.0] [cxt 0] basic.p4(560) Condition "hdr.ethernet.etherType == TYPE_ARP" (node_2) is false
[00:37:00.133] [bmv2] [T] [thread 92090] [34.0] [cxt 0] basic.p4(563) Condition "hdr.ethernet.etherType == TYPE_SRCROUTING" (node_4) is false
[00:37:00.133] [bmv2] [T] [thread 92090] [34.0] [cxt 0] basic.p4(576) Condition "hdr.ethernet.etherType == TYPE_YEQUDESU" (node_12) is false
[00:37:00.133] [bmv2] [T] [thread 92090] [34.0] [cxt 0] basic.p4(582) Condition "hdr.vxlan.isValid()" (node_15) is false
[00:37:00.133] [bmv2] [T] [thread 92090] [34.0] [cxt 0] basic.p4(586) Condition "hdr.ipv6.isValid()" (node_17) is true
[00:37:00.133] [bmv2] [T] [thread 92090] [34.0] [cxt 0] Applying table 'MyIngress.ipv6_lpm'
[00:37:00.133] [bmv2] [D] [thread 92090] [34.0] [cxt 0] Looking up key:
* hdr.ipv6.dstAddr    : 0032044020010db80000000000000000

[00:37:00.133] [bmv2] [D] [thread 92090] [34.0] [cxt 0] Table 'MyIngress.ipv6_lpm': miss
[00:37:00.133] [bmv2] [D] [thread 92090] [34.0] [cxt 0] Action entry is NoAction - 
[00:37:00.133] [bmv2] [T] [thread 92090] [34.0] [cxt 0] Action NoAction
[00:37:00.133] [bmv2] [D] [thread 92090] [34.0] [cxt 0] Pipeline 'ingress': end
[00:37:00.133] [bmv2] [D] [thread 92090] [34.0] [cxt 0] Egress port is 0
[00:37:00.133] [bmv2] [D] [thread 92091] [34.0] [cxt 0] Pipeline 'egress': start
[00:37:00.133] [bmv2] [T] [thread 92091] [34.0] [cxt 0] basic.p4(684) Condition "standard_metadata.mcast_grp != 0" (node_28) is false
[00:37:00.133] [bmv2] [D] [thread 92091] [34.0] [cxt 0] Pipeline 'egress': end
[00:37:00.133] [bmv2] [D] [thread 92091] [34.0] [cxt 0] Deparser 'deparser': start
[00:37:00.133] [bmv2] [T] [thread 92091] [34.0] [cxt 0] Skipping checksum 'cksum' update because condition not met
[00:37:00.133] [bmv2] [D] [thread 92091] [34.0] [cxt 0] Deparsing header 'ethernet'
[00:37:00.133] [bmv2] [D] [thread 92091] [34.0] [cxt 0] Deparsing header 'ipv6'
[00:37:00.133] [bmv2] [D] [thread 92091] [34.0] [cxt 0] Deparser 'deparser': end
[00:37:00.133] [bmv2] [D] [thread 92095] [34.0] [cxt 0] Transmitting packet of size 104 out of port 0
[00:37:05.677] [bmv2] [D] [thread 92090] [35.0] [cxt 0] Processing packet received on port 2
[00:37:05.677] [bmv2] [D] [thread 92090] [35.0] [cxt 0] Parser 'parser': start
[00:37:05.677] [bmv2] [D] [thread 92090] [35.0] [cxt 0] Parser 'parser' entering state 'start'
[00:37:05.677] [bmv2] [D] [thread 92090] [35.0] [cxt 0] Extracting header 'ethernet'
[00:37:05.677] [bmv2] [D] [thread 92090] [35.0] [cxt 0] Parser state 'start': key is 86dd
[00:37:05.677] [bmv2] [T] [thread 92090] [35.0] [cxt 0] Bytes parsed: 14
[00:37:05.677] [bmv2] [D] [thread 92090] [35.0] [cxt 0] Parser 'parser' entering state 'parse_ipv6'
[00:37:05.677] [bmv2] [D] [thread 92090] [35.0] [cxt 0] Extracting header 'ipv6'
[00:37:05.677] [bmv2] [D] [thread 92090] [35.0] [cxt 0] Parser state 'parse_ipv6': key is 3a
[00:37:05.677] [bmv2] [T] [thread 92090] [35.0] [cxt 0] Bytes parsed: 54
[00:37:05.677] [bmv2] [D] [thread 92090] [35.0] [cxt 0] Parser 'parser': end
[00:37:05.677] [bmv2] [D] [thread 92090] [35.0] [cxt 0] Pipeline 'ingress': start
[00:37:05.677] [bmv2] [T] [thread 92090] [35.0] [cxt 0] basic.p4(560) Condition "hdr.ethernet.etherType == TYPE_ARP" (node_2) is false
[00:37:05.677] [bmv2] [T] [thread 92090] [35.0] [cxt 0] basic.p4(563) Condition "hdr.ethernet.etherType == TYPE_SRCROUTING" (node_4) is false
[00:37:05.677] [bmv2] [T] [thread 92090] [35.0] [cxt 0] basic.p4(576) Condition "hdr.ethernet.etherType == TYPE_YEQUDESU" (node_12) is false
[00:37:05.677] [bmv2] [T] [thread 92090] [35.0] [cxt 0] basic.p4(582) Condition "hdr.vxlan.isValid()" (node_15) is false
[00:37:05.677] [bmv2] [T] [thread 92090] [35.0] [cxt 0] basic.p4(586) Condition "hdr.ipv6.isValid()" (node_17) is true
[00:37:05.677] [bmv2] [T] [thread 92090] [35.0] [cxt 0] Applying table 'MyIngress.ipv6_lpm'
[00:37:05.677] [bmv2] [D] [thread 92090] [35.0] [cxt 0] Looking up key:
* hdr.ipv6.dstAddr    : ff020000000000000000000000000002

[00:37:05.677] [bmv2] [D] [thread 92090] [35.0] [cxt 0] Table 'MyIngress.ipv6_lpm': miss
[00:37:05.677] [bmv2] [D] [thread 92090] [35.0] [cxt 0] Action entry is NoAction - 
[00:37:05.677] [bmv2] [T] [thread 92090] [35.0] [cxt 0] Action NoAction
[00:37:05.677] [bmv2] [D] [thread 92090] [35.0] [cxt 0] Pipeline 'ingress': end
[00:37:05.677] [bmv2] [D] [thread 92090] [35.0] [cxt 0] Egress port is 0
[00:37:05.677] [bmv2] [D] [thread 92091] [35.0] [cxt 0] Pipeline 'egress': start
[00:37:05.677] [bmv2] [T] [thread 92091] [35.0] [cxt 0] basic.p4(684) Condition "standard_metadata.mcast_grp != 0" (node_28) is false
[00:37:05.677] [bmv2] [D] [thread 92091] [35.0] [cxt 0] Pipeline 'egress': end
[00:37:05.677] [bmv2] [D] [thread 92091] [35.0] [cxt 0] Deparser 'deparser': start
[00:37:05.677] [bmv2] [T] [thread 92091] [35.0] [cxt 0] Skipping checksum 'cksum' update because condition not met
[00:37:05.677] [bmv2] [D] [thread 92091] [35.0] [cxt 0] Deparsing header 'ethernet'
[00:37:05.677] [bmv2] [D] [thread 92091] [35.0] [cxt 0] Deparsing header 'ipv6'
[00:37:05.677] [bmv2] [D] [thread 92091] [35.0] [cxt 0] Deparser 'deparser': end
[00:37:05.677] [bmv2] [D] [thread 92095] [35.0] [cxt 0] Transmitting packet of size 70 out of port 0
[00:37:08.237] [bmv2] [D] [thread 92090] [36.0] [cxt 0] Processing packet received on port 1
[00:37:08.237] [bmv2] [D] [thread 92090] [36.0] [cxt 0] Parser 'parser': start
[00:37:08.237] [bmv2] [D] [thread 92090] [36.0] [cxt 0] Parser 'parser' entering state 'start'
[00:37:08.237] [bmv2] [D] [thread 92090] [36.0] [cxt 0] Extracting header 'ethernet'
[00:37:08.237] [bmv2] [D] [thread 92090] [36.0] [cxt 0] Parser state 'start': key is 86dd
[00:37:08.237] [bmv2] [T] [thread 92090] [36.0] [cxt 0] Bytes parsed: 14
[00:37:08.237] [bmv2] [D] [thread 92090] [36.0] [cxt 0] Parser 'parser' entering state 'parse_ipv6'
[00:37:08.237] [bmv2] [D] [thread 92090] [36.0] [cxt 0] Extracting header 'ipv6'
[00:37:08.237] [bmv2] [D] [thread 92090] [36.0] [cxt 0] Parser state 'parse_ipv6': key is 3a
[00:37:08.237] [bmv2] [T] [thread 92090] [36.0] [cxt 0] Bytes parsed: 54
[00:37:08.237] [bmv2] [D] [thread 92090] [36.0] [cxt 0] Parser 'parser': end
[00:37:08.237] [bmv2] [D] [thread 92090] [36.0] [cxt 0] Pipeline 'ingress': start
[00:37:08.237] [bmv2] [T] [thread 92090] [36.0] [cxt 0] basic.p4(560) Condition "hdr.ethernet.etherType == TYPE_ARP" (node_2) is false
[00:37:08.237] [bmv2] [T] [thread 92090] [36.0] [cxt 0] basic.p4(563) Condition "hdr.ethernet.etherType == TYPE_SRCROUTING" (node_4) is false
[00:37:08.237] [bmv2] [T] [thread 92090] [36.0] [cxt 0] basic.p4(576) Condition "hdr.ethernet.etherType == TYPE_YEQUDESU" (node_12) is false
[00:37:08.237] [bmv2] [T] [thread 92090] [36.0] [cxt 0] basic.p4(582) Condition "hdr.vxlan.isValid()" (node_15) is false
[00:37:08.237] [bmv2] [T] [thread 92090] [36.0] [cxt 0] basic.p4(586) Condition "hdr.ipv6.isValid()" (node_17) is true
[00:37:08.237] [bmv2] [T] [thread 92090] [36.0] [cxt 0] Applying table 'MyIngress.ipv6_lpm'
[00:37:08.237] [bmv2] [D] [thread 92090] [36.0] [cxt 0] Looking up key:
* hdr.ipv6.dstAddr    : ff020000000000000000000000000002

[00:37:08.237] [bmv2] [D] [thread 92090] [36.0] [cxt 0] Table 'MyIngress.ipv6_lpm': miss
[00:37:08.238] [bmv2] [D] [thread 92090] [36.0] [cxt 0] Action entry is NoAction - 
[00:37:08.238] [bmv2] [T] [thread 92090] [36.0] [cxt 0] Action NoAction
[00:37:08.238] [bmv2] [D] [thread 92090] [36.0] [cxt 0] Pipeline 'ingress': end
[00:37:08.238] [bmv2] [D] [thread 92090] [36.0] [cxt 0] Egress port is 0
[00:37:08.238] [bmv2] [D] [thread 92090] [37.0] [cxt 0] Processing packet received on port 2
[00:37:08.238] [bmv2] [D] [thread 92090] [37.0] [cxt 0] Parser 'parser': start
[00:37:08.238] [bmv2] [D] [thread 92090] [37.0] [cxt 0] Parser 'parser' entering state 'start'
[00:37:08.238] [bmv2] [D] [thread 92090] [37.0] [cxt 0] Extracting header 'ethernet'
[00:37:08.238] [bmv2] [D] [thread 92090] [37.0] [cxt 0] Parser state 'start': key is 86dd
[00:37:08.238] [bmv2] [T] [thread 92090] [37.0] [cxt 0] Bytes parsed: 14
[00:37:08.238] [bmv2] [D] [thread 92090] [37.0] [cxt 0] Parser 'parser' entering state 'parse_ipv6'
[00:37:08.238] [bmv2] [D] [thread 92090] [37.0] [cxt 0] Extracting header 'ipv6'
[00:37:08.238] [bmv2] [D] [thread 92090] [37.0] [cxt 0] Parser state 'parse_ipv6': key is 3a
[00:37:08.238] [bmv2] [T] [thread 92090] [37.0] [cxt 0] Bytes parsed: 54
[00:37:08.238] [bmv2] [D] [thread 92090] [37.0] [cxt 0] Parser 'parser': end
[00:37:08.238] [bmv2] [D] [thread 92090] [37.0] [cxt 0] Pipeline 'ingress': start
[00:37:08.238] [bmv2] [D] [thread 92091] [36.0] [cxt 0] Pipeline 'egress': start
[00:37:08.238] [bmv2] [T] [thread 92090] [37.0] [cxt 0] basic.p4(560) Condition "hdr.ethernet.etherType == TYPE_ARP" (node_2) is false
[00:37:08.238] [bmv2] [T] [thread 92090] [37.0] [cxt 0] basic.p4(563) Condition "hdr.ethernet.etherType == TYPE_SRCROUTING" (node_4) is false
[00:37:08.238] [bmv2] [T] [thread 92090] [37.0] [cxt 0] basic.p4(576) Condition "hdr.ethernet.etherType == TYPE_YEQUDESU" (node_12) is false
[00:37:08.238] [bmv2] [T] [thread 92090] [37.0] [cxt 0] basic.p4(582) Condition "hdr.vxlan.isValid()" (node_15) is false
[00:37:08.238] [bmv2] [T] [thread 92090] [37.0] [cxt 0] basic.p4(586) Condition "hdr.ipv6.isValid()" (node_17) is true
[00:37:08.238] [bmv2] [T] [thread 92090] [37.0] [cxt 0] Applying table 'MyIngress.ipv6_lpm'
[00:37:08.238] [bmv2] [T] [thread 92091] [36.0] [cxt 0] basic.p4(684) Condition "standard_metadata.mcast_grp != 0" (node_28) is false
[00:37:08.238] [bmv2] [D] [thread 92090] [37.0] [cxt 0] Looking up key:
* hdr.ipv6.dstAddr    : ff020000000000000000000000000002

[00:37:08.238] [bmv2] [D] [thread 92091] [36.0] [cxt 0] Pipeline 'egress': end
[00:37:08.238] [bmv2] [D] [thread 92090] [37.0] [cxt 0] Table 'MyIngress.ipv6_lpm': miss
[00:37:08.238] [bmv2] [D] [thread 92091] [36.0] [cxt 0] Deparser 'deparser': start
[00:37:08.238] [bmv2] [D] [thread 92090] [37.0] [cxt 0] Action entry is NoAction - 
[00:37:08.238] [bmv2] [T] [thread 92091] [36.0] [cxt 0] Skipping checksum 'cksum' update because condition not met
[00:37:08.238] [bmv2] [T] [thread 92090] [37.0] [cxt 0] Action NoAction
[00:37:08.238] [bmv2] [D] [thread 92091] [36.0] [cxt 0] Deparsing header 'ethernet'
[00:37:08.238] [bmv2] [D] [thread 92091] [36.0] [cxt 0] Deparsing header 'ipv6'
[00:37:08.238] [bmv2] [D] [thread 92091] [36.0] [cxt 0] Deparser 'deparser': end
[00:37:08.238] [bmv2] [D] [thread 92090] [37.0] [cxt 0] Pipeline 'ingress': end
[00:37:08.238] [bmv2] [D] [thread 92095] [36.0] [cxt 0] Transmitting packet of size 70 out of port 0
[00:37:08.238] [bmv2] [D] [thread 92090] [37.0] [cxt 0] Egress port is 0
[00:37:08.238] [bmv2] [D] [thread 92091] [37.0] [cxt 0] Pipeline 'egress': start
[00:37:08.238] [bmv2] [T] [thread 92091] [37.0] [cxt 0] basic.p4(684) Condition "standard_metadata.mcast_grp != 0" (node_28) is false
[00:37:08.238] [bmv2] [D] [thread 92091] [37.0] [cxt 0] Pipeline 'egress': end
[00:37:08.238] [bmv2] [D] [thread 92091] [37.0] [cxt 0] Deparser 'deparser': start
[00:37:08.238] [bmv2] [T] [thread 92091] [37.0] [cxt 0] Skipping checksum 'cksum' update because condition not met
[00:37:08.238] [bmv2] [D] [thread 92091] [37.0] [cxt 0] Deparsing header 'ethernet'
[00:37:08.238] [bmv2] [D] [thread 92091] [37.0] [cxt 0] Deparsing header 'ipv6'
[00:37:08.238] [bmv2] [D] [thread 92091] [37.0] [cxt 0] Deparser 'deparser': end
[00:37:08.238] [bmv2] [D] [thread 92095] [37.0] [cxt 0] Transmitting packet of size 70 out of port 0
[00:37:10.798] [bmv2] [D] [thread 92090] [38.0] [cxt 0] Processing packet received on port 1
[00:37:10.798] [bmv2] [D] [thread 92090] [38.0] [cxt 0] Parser 'parser': start
[00:37:10.798] [bmv2] [D] [thread 92090] [38.0] [cxt 0] Parser 'parser' entering state 'start'
[00:37:10.798] [bmv2] [D] [thread 92090] [38.0] [cxt 0] Extracting header 'ethernet'
[00:37:10.798] [bmv2] [D] [thread 92090] [38.0] [cxt 0] Parser state 'start': key is 86dd
[00:37:10.798] [bmv2] [T] [thread 92090] [38.0] [cxt 0] Bytes parsed: 14
[00:37:10.798] [bmv2] [D] [thread 92090] [38.0] [cxt 0] Parser 'parser' entering state 'parse_ipv6'
[00:37:10.798] [bmv2] [D] [thread 92090] [38.0] [cxt 0] Extracting header 'ipv6'
[00:37:10.798] [bmv2] [D] [thread 92090] [38.0] [cxt 0] Parser state 'parse_ipv6': key is 3a
[00:37:10.798] [bmv2] [T] [thread 92090] [38.0] [cxt 0] Bytes parsed: 54
[00:37:10.798] [bmv2] [D] [thread 92090] [38.0] [cxt 0] Parser 'parser': end
[00:37:10.798] [bmv2] [D] [thread 92090] [38.0] [cxt 0] Pipeline 'ingress': start
[00:37:10.798] [bmv2] [T] [thread 92090] [38.0] [cxt 0] basic.p4(560) Condition "hdr.ethernet.etherType == TYPE_ARP" (node_2) is false
[00:37:10.798] [bmv2] [T] [thread 92090] [38.0] [cxt 0] basic.p4(563) Condition "hdr.ethernet.etherType == TYPE_SRCROUTING" (node_4) is false
[00:37:10.798] [bmv2] [T] [thread 92090] [38.0] [cxt 0] basic.p4(576) Condition "hdr.ethernet.etherType == TYPE_YEQUDESU" (node_12) is false
[00:37:10.798] [bmv2] [T] [thread 92090] [38.0] [cxt 0] basic.p4(582) Condition "hdr.vxlan.isValid()" (node_15) is false
[00:37:10.798] [bmv2] [T] [thread 92090] [38.0] [cxt 0] basic.p4(586) Condition "hdr.ipv6.isValid()" (node_17) is true
[00:37:10.798] [bmv2] [T] [thread 92090] [38.0] [cxt 0] Applying table 'MyIngress.ipv6_lpm'
[00:37:10.798] [bmv2] [D] [thread 92090] [38.0] [cxt 0] Looking up key:
* hdr.ipv6.dstAddr    : ff020000000000000000000000000002

[00:37:10.798] [bmv2] [D] [thread 92090] [38.0] [cxt 0] Table 'MyIngress.ipv6_lpm': miss
[00:37:10.798] [bmv2] [D] [thread 92090] [38.0] [cxt 0] Action entry is NoAction - 
[00:37:10.798] [bmv2] [T] [thread 92090] [38.0] [cxt 0] Action NoAction
[00:37:10.798] [bmv2] [D] [thread 92090] [38.0] [cxt 0] Pipeline 'ingress': end
[00:37:10.798] [bmv2] [D] [thread 92090] [38.0] [cxt 0] Egress port is 0
[00:37:10.799] [bmv2] [D] [thread 92091] [38.0] [cxt 0] Pipeline 'egress': start
[00:37:10.799] [bmv2] [T] [thread 92091] [38.0] [cxt 0] basic.p4(684) Condition "standard_metadata.mcast_grp != 0" (node_28) is false
[00:37:10.799] [bmv2] [D] [thread 92091] [38.0] [cxt 0] Pipeline 'egress': end
[00:37:10.799] [bmv2] [D] [thread 92091] [38.0] [cxt 0] Deparser 'deparser': start
[00:37:10.799] [bmv2] [T] [thread 92091] [38.0] [cxt 0] Skipping checksum 'cksum' update because condition not met
[00:37:10.799] [bmv2] [D] [thread 92091] [38.0] [cxt 0] Deparsing header 'ethernet'
[00:37:10.799] [bmv2] [D] [thread 92091] [38.0] [cxt 0] Deparsing header 'ipv6'
[00:37:10.799] [bmv2] [D] [thread 92091] [38.0] [cxt 0] Deparser 'deparser': end
[00:37:10.799] [bmv2] [D] [thread 92095] [38.0] [cxt 0] Transmitting packet of size 70 out of port 0
[00:37:10.926] [bmv2] [D] [thread 92090] [39.0] [cxt 0] Processing packet received on port 1
[00:37:10.926] [bmv2] [D] [thread 92090] [39.0] [cxt 0] Parser 'parser': start
[00:37:10.926] [bmv2] [D] [thread 92090] [39.0] [cxt 0] Parser 'parser' entering state 'start'
[00:37:10.926] [bmv2] [D] [thread 92090] [39.0] [cxt 0] Extracting header 'ethernet'
[00:37:10.926] [bmv2] [D] [thread 92090] [39.0] [cxt 0] Parser state 'start': key is 86dd
[00:37:10.926] [bmv2] [T] [thread 92090] [39.0] [cxt 0] Bytes parsed: 14
[00:37:10.926] [bmv2] [D] [thread 92090] [39.0] [cxt 0] Parser 'parser' entering state 'parse_ipv6'
[00:37:10.926] [bmv2] [D] [thread 92090] [39.0] [cxt 0] Extracting header 'ipv6'
[00:37:10.926] [bmv2] [D] [thread 92090] [39.0] [cxt 0] Parser state 'parse_ipv6': key is 11
[00:37:10.926] [bmv2] [T] [thread 92090] [39.0] [cxt 0] Bytes parsed: 54
[00:37:10.926] [bmv2] [D] [thread 92090] [39.0] [cxt 0] Parser 'parser': end
[00:37:10.926] [bmv2] [D] [thread 92090] [39.0] [cxt 0] Pipeline 'ingress': start
[00:37:10.926] [bmv2] [T] [thread 92090] [39.0] [cxt 0] basic.p4(560) Condition "hdr.ethernet.etherType == TYPE_ARP" (node_2) is false
[00:37:10.926] [bmv2] [T] [thread 92090] [39.0] [cxt 0] basic.p4(563) Condition "hdr.ethernet.etherType == TYPE_SRCROUTING" (node_4) is false
[00:37:10.926] [bmv2] [T] [thread 92090] [39.0] [cxt 0] basic.p4(576) Condition "hdr.ethernet.etherType == TYPE_YEQUDESU" (node_12) is false
[00:37:10.926] [bmv2] [T] [thread 92090] [39.0] [cxt 0] basic.p4(582) Condition "hdr.vxlan.isValid()" (node_15) is false
[00:37:10.926] [bmv2] [T] [thread 92090] [39.0] [cxt 0] basic.p4(586) Condition "hdr.ipv6.isValid()" (node_17) is true
[00:37:10.926] [bmv2] [T] [thread 92090] [39.0] [cxt 0] Applying table 'MyIngress.ipv6_lpm'
[00:37:10.926] [bmv2] [D] [thread 92090] [39.0] [cxt 0] Looking up key:
* hdr.ipv6.dstAddr    : ff0200000000000000000000000000fb

[00:37:10.926] [bmv2] [D] [thread 92090] [39.0] [cxt 0] Table 'MyIngress.ipv6_lpm': miss
[00:37:10.926] [bmv2] [D] [thread 92090] [39.0] [cxt 0] Action entry is NoAction - 
[00:37:10.926] [bmv2] [T] [thread 92090] [39.0] [cxt 0] Action NoAction
[00:37:10.926] [bmv2] [D] [thread 92090] [39.0] [cxt 0] Pipeline 'ingress': end
[00:37:10.926] [bmv2] [D] [thread 92090] [39.0] [cxt 0] Egress port is 0
[00:37:10.926] [bmv2] [D] [thread 92091] [39.0] [cxt 0] Pipeline 'egress': start
[00:37:10.926] [bmv2] [T] [thread 92091] [39.0] [cxt 0] basic.p4(684) Condition "standard_metadata.mcast_grp != 0" (node_28) is false
[00:37:10.926] [bmv2] [D] [thread 92091] [39.0] [cxt 0] Pipeline 'egress': end
[00:37:10.926] [bmv2] [D] [thread 92091] [39.0] [cxt 0] Deparser 'deparser': start
[00:37:10.926] [bmv2] [T] [thread 92091] [39.0] [cxt 0] Skipping checksum 'cksum' update because condition not met
[00:37:10.926] [bmv2] [D] [thread 92091] [39.0] [cxt 0] Deparsing header 'ethernet'
[00:37:10.926] [bmv2] [D] [thread 92091] [39.0] [cxt 0] Deparsing header 'ipv6'
[00:37:10.926] [bmv2] [D] [thread 92091] [39.0] [cxt 0] Deparser 'deparser': end
[00:37:10.926] [bmv2] [D] [thread 92095] [39.0] [cxt 0] Transmitting packet of size 203 out of port 0
[00:37:11.314] [bmv2] [D] [thread 92090] [40.0] [cxt 0] Processing packet received on port 2
[00:37:11.314] [bmv2] [D] [thread 92090] [40.0] [cxt 0] Parser 'parser': start
[00:37:11.314] [bmv2] [D] [thread 92090] [40.0] [cxt 0] Parser 'parser' entering state 'start'
[00:37:11.314] [bmv2] [D] [thread 92090] [40.0] [cxt 0] Extracting header 'ethernet'
[00:37:11.314] [bmv2] [D] [thread 92090] [40.0] [cxt 0] Parser state 'start': key is 86dd
[00:37:11.314] [bmv2] [T] [thread 92090] [40.0] [cxt 0] Bytes parsed: 14
[00:37:11.314] [bmv2] [D] [thread 92090] [40.0] [cxt 0] Parser 'parser' entering state 'parse_ipv6'
[00:37:11.314] [bmv2] [D] [thread 92090] [40.0] [cxt 0] Extracting header 'ipv6'
[00:37:11.314] [bmv2] [D] [thread 92090] [40.0] [cxt 0] Parser state 'parse_ipv6': key is 11
[00:37:11.314] [bmv2] [T] [thread 92090] [40.0] [cxt 0] Bytes parsed: 54
[00:37:11.314] [bmv2] [D] [thread 92090] [40.0] [cxt 0] Parser 'parser': end
[00:37:11.314] [bmv2] [D] [thread 92090] [40.0] [cxt 0] Pipeline 'ingress': start
[00:37:11.314] [bmv2] [T] [thread 92090] [40.0] [cxt 0] basic.p4(560) Condition "hdr.ethernet.etherType == TYPE_ARP" (node_2) is false
[00:37:11.314] [bmv2] [T] [thread 92090] [40.0] [cxt 0] basic.p4(563) Condition "hdr.ethernet.etherType == TYPE_SRCROUTING" (node_4) is false
[00:37:11.314] [bmv2] [T] [thread 92090] [40.0] [cxt 0] basic.p4(576) Condition "hdr.ethernet.etherType == TYPE_YEQUDESU" (node_12) is false
[00:37:11.314] [bmv2] [T] [thread 92090] [40.0] [cxt 0] basic.p4(582) Condition "hdr.vxlan.isValid()" (node_15) is false
[00:37:11.314] [bmv2] [T] [thread 92090] [40.0] [cxt 0] basic.p4(586) Condition "hdr.ipv6.isValid()" (node_17) is true
[00:37:11.314] [bmv2] [T] [thread 92090] [40.0] [cxt 0] Applying table 'MyIngress.ipv6_lpm'
[00:37:11.314] [bmv2] [D] [thread 92090] [40.0] [cxt 0] Looking up key:
* hdr.ipv6.dstAddr    : ff0200000000000000000000000000fb

[00:37:11.314] [bmv2] [D] [thread 92090] [40.0] [cxt 0] Table 'MyIngress.ipv6_lpm': miss
[00:37:11.314] [bmv2] [D] [thread 92090] [40.0] [cxt 0] Action entry is NoAction - 
[00:37:11.314] [bmv2] [T] [thread 92090] [40.0] [cxt 0] Action NoAction
[00:37:11.314] [bmv2] [D] [thread 92090] [40.0] [cxt 0] Pipeline 'ingress': end
[00:37:11.314] [bmv2] [D] [thread 92090] [40.0] [cxt 0] Egress port is 0
[00:37:11.314] [bmv2] [D] [thread 92091] [40.0] [cxt 0] Pipeline 'egress': start
[00:37:11.314] [bmv2] [T] [thread 92091] [40.0] [cxt 0] basic.p4(684) Condition "standard_metadata.mcast_grp != 0" (node_28) is false
[00:37:11.314] [bmv2] [D] [thread 92091] [40.0] [cxt 0] Pipeline 'egress': end
[00:37:11.314] [bmv2] [D] [thread 92091] [40.0] [cxt 0] Deparser 'deparser': start
[00:37:11.314] [bmv2] [T] [thread 92091] [40.0] [cxt 0] Skipping checksum 'cksum' update because condition not met
[00:37:11.314] [bmv2] [D] [thread 92091] [40.0] [cxt 0] Deparsing header 'ethernet'
[00:37:11.314] [bmv2] [D] [thread 92091] [40.0] [cxt 0] Deparsing header 'ipv6'
[00:37:11.314] [bmv2] [D] [thread 92091] [40.0] [cxt 0] Deparser 'deparser': end
[00:37:11.314] [bmv2] [D] [thread 92095] [40.0] [cxt 0] Transmitting packet of size 203 out of port 0
[00:37:11.632] [bmv2] [D] [thread 92090] [41.0] [cxt 0] Processing packet received on port 1
[00:37:11.632] [bmv2] [D] [thread 92090] [41.0] [cxt 0] Parser 'parser': start
[00:37:11.632] [bmv2] [D] [thread 92090] [41.0] [cxt 0] Parser 'parser' entering state 'start'
[00:37:11.632] [bmv2] [D] [thread 92090] [41.0] [cxt 0] Extracting header 'ethernet'
[00:37:11.632] [bmv2] [D] [thread 92090] [41.0] [cxt 0] Parser state 'start': key is 86dd
[00:37:11.632] [bmv2] [T] [thread 92090] [41.0] [cxt 0] Bytes parsed: 14
[00:37:11.632] [bmv2] [D] [thread 92090] [41.0] [cxt 0] Parser 'parser' entering state 'parse_ipv6'
[00:37:11.632] [bmv2] [D] [thread 92090] [41.0] [cxt 0] Extracting header 'ipv6'
[00:37:11.632] [bmv2] [D] [thread 92090] [41.0] [cxt 0] Parser state 'parse_ipv6': key is 11
[00:37:11.632] [bmv2] [T] [thread 92090] [41.0] [cxt 0] Bytes parsed: 54
[00:37:11.632] [bmv2] [D] [thread 92090] [41.0] [cxt 0] Parser 'parser': end
[00:37:11.632] [bmv2] [D] [thread 92090] [41.0] [cxt 0] Pipeline 'ingress': start
[00:37:11.632] [bmv2] [T] [thread 92090] [41.0] [cxt 0] basic.p4(560) Condition "hdr.ethernet.etherType == TYPE_ARP" (node_2) is false
[00:37:11.632] [bmv2] [T] [thread 92090] [41.0] [cxt 0] basic.p4(563) Condition "hdr.ethernet.etherType == TYPE_SRCROUTING" (node_4) is false
[00:37:11.632] [bmv2] [T] [thread 92090] [41.0] [cxt 0] basic.p4(576) Condition "hdr.ethernet.etherType == TYPE_YEQUDESU" (node_12) is false
[00:37:11.632] [bmv2] [T] [thread 92090] [41.0] [cxt 0] basic.p4(582) Condition "hdr.vxlan.isValid()" (node_15) is false
[00:37:11.632] [bmv2] [T] [thread 92090] [41.0] [cxt 0] basic.p4(586) Condition "hdr.ipv6.isValid()" (node_17) is true
[00:37:11.632] [bmv2] [T] [thread 92090] [41.0] [cxt 0] Applying table 'MyIngress.ipv6_lpm'
[00:37:11.632] [bmv2] [D] [thread 92090] [41.0] [cxt 0] Looking up key:
* hdr.ipv6.dstAddr    : ff0200000000000000000000000000fb

[00:37:11.632] [bmv2] [D] [thread 92090] [41.0] [cxt 0] Table 'MyIngress.ipv6_lpm': miss
[00:37:11.632] [bmv2] [D] [thread 92090] [41.0] [cxt 0] Action entry is NoAction - 
[00:37:11.632] [bmv2] [T] [thread 92090] [41.0] [cxt 0] Action NoAction
[00:37:11.632] [bmv2] [D] [thread 92090] [41.0] [cxt 0] Pipeline 'ingress': end
[00:37:11.632] [bmv2] [D] [thread 92090] [41.0] [cxt 0] Egress port is 0
[00:37:11.632] [bmv2] [D] [thread 92091] [41.0] [cxt 0] Pipeline 'egress': start
[00:37:11.632] [bmv2] [T] [thread 92091] [41.0] [cxt 0] basic.p4(684) Condition "standard_metadata.mcast_grp != 0" (node_28) is false
[00:37:11.632] [bmv2] [D] [thread 92091] [41.0] [cxt 0] Pipeline 'egress': end
[00:37:11.632] [bmv2] [D] [thread 92091] [41.0] [cxt 0] Deparser 'deparser': start
[00:37:11.632] [bmv2] [T] [thread 92091] [41.0] [cxt 0] Skipping checksum 'cksum' update because condition not met
[00:37:11.632] [bmv2] [D] [thread 92091] [41.0] [cxt 0] Deparsing header 'ethernet'
[00:37:11.632] [bmv2] [D] [thread 92091] [41.0] [cxt 0] Deparsing header 'ipv6'
[00:37:11.632] [bmv2] [D] [thread 92091] [41.0] [cxt 0] Deparser 'deparser': end
[00:37:11.632] [bmv2] [D] [thread 92095] [41.0] [cxt 0] Transmitting packet of size 203 out of port 0
[00:37:34.861] [bmv2] [D] [thread 92090] [42.0] [cxt 0] Processing packet received on port 2
[00:37:34.861] [bmv2] [D] [thread 92090] [42.0] [cxt 0] Parser 'parser': start
[00:37:34.861] [bmv2] [D] [thread 92090] [42.0] [cxt 0] Parser 'parser' entering state 'start'
[00:37:34.861] [bmv2] [D] [thread 92090] [42.0] [cxt 0] Extracting header 'ethernet'
[00:37:34.861] [bmv2] [D] [thread 92090] [42.0] [cxt 0] Parser state 'start': key is 86dd
[00:37:34.861] [bmv2] [T] [thread 92090] [42.0] [cxt 0] Bytes parsed: 14
[00:37:34.861] [bmv2] [D] [thread 92090] [42.0] [cxt 0] Parser 'parser' entering state 'parse_ipv6'
[00:37:34.861] [bmv2] [D] [thread 92090] [42.0] [cxt 0] Extracting header 'ipv6'
[00:37:34.861] [bmv2] [D] [thread 92090] [42.0] [cxt 0] Parser state 'parse_ipv6': key is 3a
[00:37:34.861] [bmv2] [T] [thread 92090] [42.0] [cxt 0] Bytes parsed: 54
[00:37:34.861] [bmv2] [D] [thread 92090] [42.0] [cxt 0] Parser 'parser': end
[00:37:34.861] [bmv2] [D] [thread 92090] [42.0] [cxt 0] Pipeline 'ingress': start
[00:37:34.861] [bmv2] [T] [thread 92090] [42.0] [cxt 0] basic.p4(560) Condition "hdr.ethernet.etherType == TYPE_ARP" (node_2) is false
[00:37:34.861] [bmv2] [T] [thread 92090] [42.0] [cxt 0] basic.p4(563) Condition "hdr.ethernet.etherType == TYPE_SRCROUTING" (node_4) is false
[00:37:34.861] [bmv2] [T] [thread 92090] [42.0] [cxt 0] basic.p4(576) Condition "hdr.ethernet.etherType == TYPE_YEQUDESU" (node_12) is false
[00:37:34.861] [bmv2] [T] [thread 92090] [42.0] [cxt 0] basic.p4(582) Condition "hdr.vxlan.isValid()" (node_15) is false
[00:37:34.861] [bmv2] [T] [thread 92090] [42.0] [cxt 0] basic.p4(586) Condition "hdr.ipv6.isValid()" (node_17) is true
[00:37:34.861] [bmv2] [T] [thread 92090] [42.0] [cxt 0] Applying table 'MyIngress.ipv6_lpm'
[00:37:34.861] [bmv2] [D] [thread 92090] [42.0] [cxt 0] Looking up key:
* hdr.ipv6.dstAddr    : ff020000000000000000000000000002

[00:37:34.861] [bmv2] [D] [thread 92090] [42.0] [cxt 0] Table 'MyIngress.ipv6_lpm': miss
[00:37:34.861] [bmv2] [D] [thread 92090] [42.0] [cxt 0] Action entry is NoAction - 
[00:37:34.861] [bmv2] [T] [thread 92090] [42.0] [cxt 0] Action NoAction
[00:37:34.861] [bmv2] [D] [thread 92090] [42.0] [cxt 0] Pipeline 'ingress': end
[00:37:34.861] [bmv2] [D] [thread 92090] [42.0] [cxt 0] Egress port is 0
[00:37:34.862] [bmv2] [D] [thread 92091] [42.0] [cxt 0] Pipeline 'egress': start
[00:37:34.862] [bmv2] [T] [thread 92091] [42.0] [cxt 0] basic.p4(684) Condition "standard_metadata.mcast_grp != 0" (node_28) is false
[00:37:34.862] [bmv2] [D] [thread 92091] [42.0] [cxt 0] Pipeline 'egress': end
[00:37:34.862] [bmv2] [D] [thread 92091] [42.0] [cxt 0] Deparser 'deparser': start
[00:37:34.862] [bmv2] [T] [thread 92091] [42.0] [cxt 0] Skipping checksum 'cksum' update because condition not met
[00:37:34.862] [bmv2] [D] [thread 92091] [42.0] [cxt 0] Deparsing header 'ethernet'
[00:37:34.862] [bmv2] [D] [thread 92091] [42.0] [cxt 0] Deparsing header 'ipv6'
[00:37:34.862] [bmv2] [D] [thread 92091] [42.0] [cxt 0] Deparser 'deparser': end
[00:37:34.862] [bmv2] [D] [thread 92095] [42.0] [cxt 0] Transmitting packet of size 70 out of port 0
[00:37:37.934] [bmv2] [D] [thread 92090] [43.0] [cxt 0] Processing packet received on port 2
[00:37:37.934] [bmv2] [D] [thread 92090] [43.0] [cxt 0] Parser 'parser': start
[00:37:37.934] [bmv2] [D] [thread 92090] [43.0] [cxt 0] Parser 'parser' entering state 'start'
[00:37:37.934] [bmv2] [D] [thread 92090] [43.0] [cxt 0] Extracting header 'ethernet'
[00:37:37.934] [bmv2] [D] [thread 92090] [43.0] [cxt 0] Parser state 'start': key is 86dd
[00:37:37.934] [bmv2] [T] [thread 92090] [43.0] [cxt 0] Bytes parsed: 14
[00:37:37.934] [bmv2] [D] [thread 92090] [43.0] [cxt 0] Parser 'parser' entering state 'parse_ipv6'
[00:37:37.934] [bmv2] [D] [thread 92090] [43.0] [cxt 0] Extracting header 'ipv6'
[00:37:37.934] [bmv2] [D] [thread 92090] [43.0] [cxt 0] Parser state 'parse_ipv6': key is 3a
[00:37:37.934] [bmv2] [T] [thread 92090] [43.0] [cxt 0] Bytes parsed: 54
[00:37:37.934] [bmv2] [D] [thread 92090] [43.0] [cxt 0] Parser 'parser': end
[00:37:37.934] [bmv2] [D] [thread 92090] [43.0] [cxt 0] Pipeline 'ingress': start
[00:37:37.934] [bmv2] [T] [thread 92090] [43.0] [cxt 0] basic.p4(560) Condition "hdr.ethernet.etherType == TYPE_ARP" (node_2) is false
[00:37:37.934] [bmv2] [T] [thread 92090] [43.0] [cxt 0] basic.p4(563) Condition "hdr.ethernet.etherType == TYPE_SRCROUTING" (node_4) is false
[00:37:37.934] [bmv2] [T] [thread 92090] [43.0] [cxt 0] basic.p4(576) Condition "hdr.ethernet.etherType == TYPE_YEQUDESU" (node_12) is false
[00:37:37.934] [bmv2] [T] [thread 92090] [43.0] [cxt 0] basic.p4(582) Condition "hdr.vxlan.isValid()" (node_15) is false
[00:37:37.934] [bmv2] [T] [thread 92090] [43.0] [cxt 0] basic.p4(586) Condition "hdr.ipv6.isValid()" (node_17) is true
[00:37:37.934] [bmv2] [T] [thread 92090] [43.0] [cxt 0] Applying table 'MyIngress.ipv6_lpm'
[00:37:37.934] [bmv2] [D] [thread 92090] [43.0] [cxt 0] Looking up key:
* hdr.ipv6.dstAddr    : ff020000000000000000000000000002

[00:37:37.934] [bmv2] [D] [thread 92090] [43.0] [cxt 0] Table 'MyIngress.ipv6_lpm': miss
[00:37:37.934] [bmv2] [D] [thread 92090] [43.0] [cxt 0] Action entry is NoAction - 
[00:37:37.934] [bmv2] [T] [thread 92090] [43.0] [cxt 0] Action NoAction
[00:37:37.934] [bmv2] [D] [thread 92090] [43.0] [cxt 0] Pipeline 'ingress': end
[00:37:37.934] [bmv2] [D] [thread 92090] [43.0] [cxt 0] Egress port is 0
[00:37:37.934] [bmv2] [D] [thread 92091] [43.0] [cxt 0] Pipeline 'egress': start
[00:37:37.934] [bmv2] [T] [thread 92091] [43.0] [cxt 0] basic.p4(684) Condition "standard_metadata.mcast_grp != 0" (node_28) is false
[00:37:37.934] [bmv2] [D] [thread 92091] [43.0] [cxt 0] Pipeline 'egress': end
[00:37:37.934] [bmv2] [D] [thread 92091] [43.0] [cxt 0] Deparser 'deparser': start
[00:37:37.934] [bmv2] [T] [thread 92091] [43.0] [cxt 0] Skipping checksum 'cksum' update because condition not met
[00:37:37.934] [bmv2] [D] [thread 92091] [43.0] [cxt 0] Deparsing header 'ethernet'
[00:37:37.934] [bmv2] [D] [thread 92091] [43.0] [cxt 0] Deparsing header 'ipv6'
[00:37:37.934] [bmv2] [D] [thread 92091] [43.0] [cxt 0] Deparser 'deparser': end
[00:37:37.934] [bmv2] [D] [thread 92095] [43.0] [cxt 0] Transmitting packet of size 70 out of port 0
[00:37:39.982] [bmv2] [D] [thread 92090] [44.0] [cxt 0] Processing packet received on port 1
[00:37:39.982] [bmv2] [D] [thread 92090] [44.0] [cxt 0] Parser 'parser': start
[00:37:39.982] [bmv2] [D] [thread 92090] [44.0] [cxt 0] Parser 'parser' entering state 'start'
[00:37:39.982] [bmv2] [D] [thread 92090] [44.0] [cxt 0] Extracting header 'ethernet'
[00:37:39.982] [bmv2] [D] [thread 92090] [44.0] [cxt 0] Parser state 'start': key is 86dd
[00:37:39.982] [bmv2] [T] [thread 92090] [44.0] [cxt 0] Bytes parsed: 14
[00:37:39.982] [bmv2] [D] [thread 92090] [44.0] [cxt 0] Parser 'parser' entering state 'parse_ipv6'
[00:37:39.982] [bmv2] [D] [thread 92090] [44.0] [cxt 0] Extracting header 'ipv6'
[00:37:39.982] [bmv2] [D] [thread 92090] [44.0] [cxt 0] Parser state 'parse_ipv6': key is 3a
[00:37:39.982] [bmv2] [T] [thread 92090] [44.0] [cxt 0] Bytes parsed: 54
[00:37:39.982] [bmv2] [D] [thread 92090] [44.0] [cxt 0] Parser 'parser': end
[00:37:39.982] [bmv2] [D] [thread 92090] [44.0] [cxt 0] Pipeline 'ingress': start
[00:37:39.982] [bmv2] [T] [thread 92090] [44.0] [cxt 0] basic.p4(560) Condition "hdr.ethernet.etherType == TYPE_ARP" (node_2) is false
[00:37:39.982] [bmv2] [T] [thread 92090] [44.0] [cxt 0] basic.p4(563) Condition "hdr.ethernet.etherType == TYPE_SRCROUTING" (node_4) is false
[00:37:39.982] [bmv2] [T] [thread 92090] [44.0] [cxt 0] basic.p4(576) Condition "hdr.ethernet.etherType == TYPE_YEQUDESU" (node_12) is false
[00:37:39.982] [bmv2] [T] [thread 92090] [44.0] [cxt 0] basic.p4(582) Condition "hdr.vxlan.isValid()" (node_15) is false
[00:37:39.982] [bmv2] [T] [thread 92090] [44.0] [cxt 0] basic.p4(586) Condition "hdr.ipv6.isValid()" (node_17) is true
[00:37:39.982] [bmv2] [T] [thread 92090] [44.0] [cxt 0] Applying table 'MyIngress.ipv6_lpm'
[00:37:39.982] [bmv2] [D] [thread 92090] [44.0] [cxt 0] Looking up key:
* hdr.ipv6.dstAddr    : ff020000000000000000000000000002

[00:37:39.982] [bmv2] [D] [thread 92090] [44.0] [cxt 0] Table 'MyIngress.ipv6_lpm': miss
[00:37:39.982] [bmv2] [D] [thread 92090] [44.0] [cxt 0] Action entry is NoAction - 
[00:37:39.982] [bmv2] [T] [thread 92090] [44.0] [cxt 0] Action NoAction
[00:37:39.982] [bmv2] [D] [thread 92090] [44.0] [cxt 0] Pipeline 'ingress': end
[00:37:39.982] [bmv2] [D] [thread 92090] [44.0] [cxt 0] Egress port is 0
[00:37:39.982] [bmv2] [D] [thread 92091] [44.0] [cxt 0] Pipeline 'egress': start
[00:37:39.982] [bmv2] [T] [thread 92091] [44.0] [cxt 0] basic.p4(684) Condition "standard_metadata.mcast_grp != 0" (node_28) is false
[00:37:39.982] [bmv2] [D] [thread 92091] [44.0] [cxt 0] Pipeline 'egress': end
[00:37:39.982] [bmv2] [D] [thread 92091] [44.0] [cxt 0] Deparser 'deparser': start
[00:37:39.982] [bmv2] [T] [thread 92091] [44.0] [cxt 0] Skipping checksum 'cksum' update because condition not met
[00:37:39.982] [bmv2] [D] [thread 92091] [44.0] [cxt 0] Deparsing header 'ethernet'
[00:37:39.982] [bmv2] [D] [thread 92091] [44.0] [cxt 0] Deparsing header 'ipv6'
[00:37:39.982] [bmv2] [D] [thread 92091] [44.0] [cxt 0] Deparser 'deparser': end
[00:37:39.983] [bmv2] [D] [thread 92095] [44.0] [cxt 0] Transmitting packet of size 70 out of port 0
[00:37:42.927] [bmv2] [D] [thread 92090] [45.0] [cxt 0] Processing packet received on port 1
[00:37:42.927] [bmv2] [D] [thread 92090] [45.0] [cxt 0] Parser 'parser': start
[00:37:42.927] [bmv2] [D] [thread 92090] [45.0] [cxt 0] Parser 'parser' entering state 'start'
[00:37:42.927] [bmv2] [D] [thread 92090] [45.0] [cxt 0] Extracting header 'ethernet'
[00:37:42.927] [bmv2] [D] [thread 92090] [45.0] [cxt 0] Parser state 'start': key is 86dd
[00:37:42.927] [bmv2] [T] [thread 92090] [45.0] [cxt 0] Bytes parsed: 14
[00:37:42.927] [bmv2] [D] [thread 92090] [45.0] [cxt 0] Parser 'parser' entering state 'parse_ipv6'
[00:37:42.927] [bmv2] [D] [thread 92090] [45.0] [cxt 0] Extracting header 'ipv6'
[00:37:42.927] [bmv2] [D] [thread 92090] [45.0] [cxt 0] Parser state 'parse_ipv6': key is 11
[00:37:42.927] [bmv2] [T] [thread 92090] [45.0] [cxt 0] Bytes parsed: 54
[00:37:42.927] [bmv2] [D] [thread 92090] [45.0] [cxt 0] Parser 'parser': end
[00:37:42.927] [bmv2] [D] [thread 92090] [45.0] [cxt 0] Pipeline 'ingress': start
[00:37:42.927] [bmv2] [T] [thread 92090] [45.0] [cxt 0] basic.p4(560) Condition "hdr.ethernet.etherType == TYPE_ARP" (node_2) is false
[00:37:42.927] [bmv2] [T] [thread 92090] [45.0] [cxt 0] basic.p4(563) Condition "hdr.ethernet.etherType == TYPE_SRCROUTING" (node_4) is false
[00:37:42.927] [bmv2] [T] [thread 92090] [45.0] [cxt 0] basic.p4(576) Condition "hdr.ethernet.etherType == TYPE_YEQUDESU" (node_12) is false
[00:37:42.927] [bmv2] [T] [thread 92090] [45.0] [cxt 0] basic.p4(582) Condition "hdr.vxlan.isValid()" (node_15) is false
[00:37:42.927] [bmv2] [T] [thread 92090] [45.0] [cxt 0] basic.p4(586) Condition "hdr.ipv6.isValid()" (node_17) is true
[00:37:42.927] [bmv2] [T] [thread 92090] [45.0] [cxt 0] Applying table 'MyIngress.ipv6_lpm'
[00:37:42.927] [bmv2] [D] [thread 92090] [45.0] [cxt 0] Looking up key:
* hdr.ipv6.dstAddr    : ff0200000000000000000000000000fb

[00:37:42.927] [bmv2] [D] [thread 92090] [45.0] [cxt 0] Table 'MyIngress.ipv6_lpm': miss
[00:37:42.927] [bmv2] [D] [thread 92090] [45.0] [cxt 0] Action entry is NoAction - 
[00:37:42.927] [bmv2] [T] [thread 92090] [45.0] [cxt 0] Action NoAction
[00:37:42.927] [bmv2] [D] [thread 92090] [45.0] [cxt 0] Pipeline 'ingress': end
[00:37:42.927] [bmv2] [D] [thread 92090] [45.0] [cxt 0] Egress port is 0
[00:37:42.927] [bmv2] [D] [thread 92091] [45.0] [cxt 0] Pipeline 'egress': start
[00:37:42.927] [bmv2] [T] [thread 92091] [45.0] [cxt 0] basic.p4(684) Condition "standard_metadata.mcast_grp != 0" (node_28) is false
[00:37:42.927] [bmv2] [D] [thread 92091] [45.0] [cxt 0] Pipeline 'egress': end
[00:37:42.927] [bmv2] [D] [thread 92091] [45.0] [cxt 0] Deparser 'deparser': start
[00:37:42.927] [bmv2] [T] [thread 92091] [45.0] [cxt 0] Skipping checksum 'cksum' update because condition not met
[00:37:42.927] [bmv2] [D] [thread 92091] [45.0] [cxt 0] Deparsing header 'ethernet'
[00:37:42.927] [bmv2] [D] [thread 92091] [45.0] [cxt 0] Deparsing header 'ipv6'
[00:37:42.927] [bmv2] [D] [thread 92091] [45.0] [cxt 0] Deparser 'deparser': end
[00:37:42.927] [bmv2] [D] [thread 92095] [45.0] [cxt 0] Transmitting packet of size 203 out of port 0
[00:37:43.316] [bmv2] [D] [thread 92090] [46.0] [cxt 0] Processing packet received on port 2
[00:37:43.316] [bmv2] [D] [thread 92090] [46.0] [cxt 0] Parser 'parser': start
[00:37:43.316] [bmv2] [D] [thread 92090] [46.0] [cxt 0] Parser 'parser' entering state 'start'
[00:37:43.316] [bmv2] [D] [thread 92090] [46.0] [cxt 0] Extracting header 'ethernet'
[00:37:43.316] [bmv2] [D] [thread 92090] [46.0] [cxt 0] Parser state 'start': key is 86dd
[00:37:43.316] [bmv2] [T] [thread 92090] [46.0] [cxt 0] Bytes parsed: 14
[00:37:43.316] [bmv2] [D] [thread 92090] [46.0] [cxt 0] Parser 'parser' entering state 'parse_ipv6'
[00:37:43.316] [bmv2] [D] [thread 92090] [46.0] [cxt 0] Extracting header 'ipv6'
[00:37:43.316] [bmv2] [D] [thread 92090] [46.0] [cxt 0] Parser state 'parse_ipv6': key is 11
[00:37:43.316] [bmv2] [T] [thread 92090] [46.0] [cxt 0] Bytes parsed: 54
[00:37:43.316] [bmv2] [D] [thread 92090] [46.0] [cxt 0] Parser 'parser': end
[00:37:43.316] [bmv2] [D] [thread 92090] [46.0] [cxt 0] Pipeline 'ingress': start
[00:37:43.317] [bmv2] [T] [thread 92090] [46.0] [cxt 0] basic.p4(560) Condition "hdr.ethernet.etherType == TYPE_ARP" (node_2) is false
[00:37:43.317] [bmv2] [T] [thread 92090] [46.0] [cxt 0] basic.p4(563) Condition "hdr.ethernet.etherType == TYPE_SRCROUTING" (node_4) is false
[00:37:43.317] [bmv2] [T] [thread 92090] [46.0] [cxt 0] basic.p4(576) Condition "hdr.ethernet.etherType == TYPE_YEQUDESU" (node_12) is false
[00:37:43.317] [bmv2] [T] [thread 92090] [46.0] [cxt 0] basic.p4(582) Condition "hdr.vxlan.isValid()" (node_15) is false
[00:37:43.317] [bmv2] [T] [thread 92090] [46.0] [cxt 0] basic.p4(586) Condition "hdr.ipv6.isValid()" (node_17) is true
[00:37:43.317] [bmv2] [T] [thread 92090] [46.0] [cxt 0] Applying table 'MyIngress.ipv6_lpm'
[00:37:43.317] [bmv2] [D] [thread 92090] [46.0] [cxt 0] Looking up key:
* hdr.ipv6.dstAddr    : ff0200000000000000000000000000fb

[00:37:43.317] [bmv2] [D] [thread 92090] [46.0] [cxt 0] Table 'MyIngress.ipv6_lpm': miss
[00:37:43.317] [bmv2] [D] [thread 92090] [46.0] [cxt 0] Action entry is NoAction - 
[00:37:43.317] [bmv2] [T] [thread 92090] [46.0] [cxt 0] Action NoAction
[00:37:43.317] [bmv2] [D] [thread 92090] [46.0] [cxt 0] Pipeline 'ingress': end
[00:37:43.317] [bmv2] [D] [thread 92090] [46.0] [cxt 0] Egress port is 0
[00:37:43.317] [bmv2] [D] [thread 92091] [46.0] [cxt 0] Pipeline 'egress': start
[00:37:43.317] [bmv2] [T] [thread 92091] [46.0] [cxt 0] basic.p4(684) Condition "standard_metadata.mcast_grp != 0" (node_28) is false
[00:37:43.317] [bmv2] [D] [thread 92091] [46.0] [cxt 0] Pipeline 'egress': end
[00:37:43.317] [bmv2] [D] [thread 92091] [46.0] [cxt 0] Deparser 'deparser': start
[00:37:43.317] [bmv2] [T] [thread 92091] [46.0] [cxt 0] Skipping checksum 'cksum' update because condition not met
[00:37:43.317] [bmv2] [D] [thread 92091] [46.0] [cxt 0] Deparsing header 'ethernet'
[00:37:43.317] [bmv2] [D] [thread 92091] [46.0] [cxt 0] Deparsing header 'ipv6'
[00:37:43.317] [bmv2] [D] [thread 92091] [46.0] [cxt 0] Deparser 'deparser': end
[00:37:43.317] [bmv2] [D] [thread 92095] [46.0] [cxt 0] Transmitting packet of size 203 out of port 0
[00:37:43.633] [bmv2] [D] [thread 92090] [47.0] [cxt 0] Processing packet received on port 1
[00:37:43.633] [bmv2] [D] [thread 92090] [47.0] [cxt 0] Parser 'parser': start
[00:37:43.633] [bmv2] [D] [thread 92090] [47.0] [cxt 0] Parser 'parser' entering state 'start'
[00:37:43.633] [bmv2] [D] [thread 92090] [47.0] [cxt 0] Extracting header 'ethernet'
[00:37:43.633] [bmv2] [D] [thread 92090] [47.0] [cxt 0] Parser state 'start': key is 86dd
[00:37:43.633] [bmv2] [T] [thread 92090] [47.0] [cxt 0] Bytes parsed: 14
[00:37:43.633] [bmv2] [D] [thread 92090] [47.0] [cxt 0] Parser 'parser' entering state 'parse_ipv6'
[00:37:43.633] [bmv2] [D] [thread 92090] [47.0] [cxt 0] Extracting header 'ipv6'
[00:37:43.633] [bmv2] [D] [thread 92090] [47.0] [cxt 0] Parser state 'parse_ipv6': key is 11
[00:37:43.633] [bmv2] [T] [thread 92090] [47.0] [cxt 0] Bytes parsed: 54
[00:37:43.633] [bmv2] [D] [thread 92090] [47.0] [cxt 0] Parser 'parser': end
[00:37:43.633] [bmv2] [D] [thread 92090] [47.0] [cxt 0] Pipeline 'ingress': start
[00:37:43.633] [bmv2] [T] [thread 92090] [47.0] [cxt 0] basic.p4(560) Condition "hdr.ethernet.etherType == TYPE_ARP" (node_2) is false
[00:37:43.633] [bmv2] [T] [thread 92090] [47.0] [cxt 0] basic.p4(563) Condition "hdr.ethernet.etherType == TYPE_SRCROUTING" (node_4) is false
[00:37:43.633] [bmv2] [T] [thread 92090] [47.0] [cxt 0] basic.p4(576) Condition "hdr.ethernet.etherType == TYPE_YEQUDESU" (node_12) is false
[00:37:43.633] [bmv2] [T] [thread 92090] [47.0] [cxt 0] basic.p4(582) Condition "hdr.vxlan.isValid()" (node_15) is false
[00:37:43.633] [bmv2] [T] [thread 92090] [47.0] [cxt 0] basic.p4(586) Condition "hdr.ipv6.isValid()" (node_17) is true
[00:37:43.633] [bmv2] [T] [thread 92090] [47.0] [cxt 0] Applying table 'MyIngress.ipv6_lpm'
[00:37:43.633] [bmv2] [D] [thread 92090] [47.0] [cxt 0] Looking up key:
* hdr.ipv6.dstAddr    : ff0200000000000000000000000000fb

[00:37:43.633] [bmv2] [D] [thread 92090] [47.0] [cxt 0] Table 'MyIngress.ipv6_lpm': miss
[00:37:43.633] [bmv2] [D] [thread 92090] [47.0] [cxt 0] Action entry is NoAction - 
[00:37:43.633] [bmv2] [T] [thread 92090] [47.0] [cxt 0] Action NoAction
[00:37:43.633] [bmv2] [D] [thread 92090] [47.0] [cxt 0] Pipeline 'ingress': end
[00:37:43.633] [bmv2] [D] [thread 92090] [47.0] [cxt 0] Egress port is 0
[00:37:43.634] [bmv2] [D] [thread 92091] [47.0] [cxt 0] Pipeline 'egress': start
[00:37:43.634] [bmv2] [T] [thread 92091] [47.0] [cxt 0] basic.p4(684) Condition "standard_metadata.mcast_grp != 0" (node_28) is false
[00:37:43.634] [bmv2] [D] [thread 92091] [47.0] [cxt 0] Pipeline 'egress': end
[00:37:43.634] [bmv2] [D] [thread 92091] [47.0] [cxt 0] Deparser 'deparser': start
[00:37:43.634] [bmv2] [T] [thread 92091] [47.0] [cxt 0] Skipping checksum 'cksum' update because condition not met
[00:37:43.634] [bmv2] [D] [thread 92091] [47.0] [cxt 0] Deparsing header 'ethernet'
[00:37:43.634] [bmv2] [D] [thread 92091] [47.0] [cxt 0] Deparsing header 'ipv6'
[00:37:43.634] [bmv2] [D] [thread 92091] [47.0] [cxt 0] Deparser 'deparser': end
[00:37:43.634] [bmv2] [D] [thread 92095] [47.0] [cxt 0] Transmitting packet of size 203 out of port 0
[00:37:49.710] [bmv2] [D] [thread 92090] [48.0] [cxt 0] Processing packet received on port 1
[00:37:49.710] [bmv2] [D] [thread 92090] [48.0] [cxt 0] Parser 'parser': start
[00:37:49.710] [bmv2] [D] [thread 92090] [48.0] [cxt 0] Parser 'parser' entering state 'start'
[00:37:49.710] [bmv2] [D] [thread 92090] [48.0] [cxt 0] Extracting header 'ethernet'
[00:37:49.710] [bmv2] [D] [thread 92090] [48.0] [cxt 0] Parser state 'start': key is 86dd
[00:37:49.710] [bmv2] [T] [thread 92090] [48.0] [cxt 0] Bytes parsed: 14
[00:37:49.710] [bmv2] [D] [thread 92090] [48.0] [cxt 0] Parser 'parser' entering state 'parse_ipv6'
[00:37:49.710] [bmv2] [D] [thread 92090] [48.0] [cxt 0] Extracting header 'ipv6'
[00:37:49.710] [bmv2] [D] [thread 92090] [48.0] [cxt 0] Parser state 'parse_ipv6': key is 3a
[00:37:49.710] [bmv2] [T] [thread 92090] [48.0] [cxt 0] Bytes parsed: 54
[00:37:49.710] [bmv2] [D] [thread 92090] [48.0] [cxt 0] Parser 'parser': end
[00:37:49.710] [bmv2] [D] [thread 92090] [48.0] [cxt 0] Pipeline 'ingress': start
[00:37:49.711] [bmv2] [T] [thread 92090] [48.0] [cxt 0] basic.p4(560) Condition "hdr.ethernet.etherType == TYPE_ARP" (node_2) is false
[00:37:49.711] [bmv2] [T] [thread 92090] [48.0] [cxt 0] basic.p4(563) Condition "hdr.ethernet.etherType == TYPE_SRCROUTING" (node_4) is false
[00:37:49.711] [bmv2] [T] [thread 92090] [48.0] [cxt 0] basic.p4(576) Condition "hdr.ethernet.etherType == TYPE_YEQUDESU" (node_12) is false
[00:37:49.711] [bmv2] [T] [thread 92090] [48.0] [cxt 0] basic.p4(582) Condition "hdr.vxlan.isValid()" (node_15) is false
[00:37:49.711] [bmv2] [T] [thread 92090] [48.0] [cxt 0] basic.p4(586) Condition "hdr.ipv6.isValid()" (node_17) is true
[00:37:49.711] [bmv2] [T] [thread 92090] [48.0] [cxt 0] Applying table 'MyIngress.ipv6_lpm'
[00:37:49.711] [bmv2] [D] [thread 92090] [48.0] [cxt 0] Looking up key:
* hdr.ipv6.dstAddr    : ff020000000000000000000000000002

[00:37:49.711] [bmv2] [D] [thread 92090] [48.0] [cxt 0] Table 'MyIngress.ipv6_lpm': miss
[00:37:49.711] [bmv2] [D] [thread 92090] [48.0] [cxt 0] Action entry is NoAction - 
[00:37:49.711] [bmv2] [T] [thread 92090] [48.0] [cxt 0] Action NoAction
[00:37:49.711] [bmv2] [D] [thread 92090] [48.0] [cxt 0] Pipeline 'ingress': end
[00:37:49.711] [bmv2] [D] [thread 92090] [48.0] [cxt 0] Egress port is 0
[00:37:49.711] [bmv2] [D] [thread 92091] [48.0] [cxt 0] Pipeline 'egress': start
[00:37:49.711] [bmv2] [T] [thread 92091] [48.0] [cxt 0] basic.p4(684) Condition "standard_metadata.mcast_grp != 0" (node_28) is false
[00:37:49.711] [bmv2] [D] [thread 92091] [48.0] [cxt 0] Pipeline 'egress': end
[00:37:49.711] [bmv2] [D] [thread 92091] [48.0] [cxt 0] Deparser 'deparser': start
[00:37:49.711] [bmv2] [T] [thread 92091] [48.0] [cxt 0] Skipping checksum 'cksum' update because condition not met
[00:37:49.711] [bmv2] [D] [thread 92091] [48.0] [cxt 0] Deparsing header 'ethernet'
[00:37:49.711] [bmv2] [D] [thread 92091] [48.0] [cxt 0] Deparsing header 'ipv6'
[00:37:49.711] [bmv2] [D] [thread 92091] [48.0] [cxt 0] Deparser 'deparser': end
[00:37:49.711] [bmv2] [D] [thread 92095] [48.0] [cxt 0] Transmitting packet of size 70 out of port 0
[00:38:34.765] [bmv2] [D] [thread 92090] [49.0] [cxt 0] Processing packet received on port 2
[00:38:34.765] [bmv2] [D] [thread 92090] [49.0] [cxt 0] Parser 'parser': start
[00:38:34.765] [bmv2] [D] [thread 92090] [49.0] [cxt 0] Parser 'parser' entering state 'start'
[00:38:34.765] [bmv2] [D] [thread 92090] [49.0] [cxt 0] Extracting header 'ethernet'
[00:38:34.766] [bmv2] [D] [thread 92090] [49.0] [cxt 0] Parser state 'start': key is 86dd
[00:38:34.766] [bmv2] [T] [thread 92090] [49.0] [cxt 0] Bytes parsed: 14
[00:38:34.766] [bmv2] [D] [thread 92090] [49.0] [cxt 0] Parser 'parser' entering state 'parse_ipv6'
[00:38:34.766] [bmv2] [D] [thread 92090] [49.0] [cxt 0] Extracting header 'ipv6'
[00:38:34.766] [bmv2] [D] [thread 92090] [49.0] [cxt 0] Parser state 'parse_ipv6': key is 3a
[00:38:34.766] [bmv2] [T] [thread 92090] [49.0] [cxt 0] Bytes parsed: 54
[00:38:34.766] [bmv2] [D] [thread 92090] [49.0] [cxt 0] Parser 'parser': end
[00:38:34.766] [bmv2] [D] [thread 92090] [49.0] [cxt 0] Pipeline 'ingress': start
[00:38:34.766] [bmv2] [T] [thread 92090] [49.0] [cxt 0] basic.p4(560) Condition "hdr.ethernet.etherType == TYPE_ARP" (node_2) is false
[00:38:34.766] [bmv2] [T] [thread 92090] [49.0] [cxt 0] basic.p4(563) Condition "hdr.ethernet.etherType == TYPE_SRCROUTING" (node_4) is false
[00:38:34.766] [bmv2] [T] [thread 92090] [49.0] [cxt 0] basic.p4(576) Condition "hdr.ethernet.etherType == TYPE_YEQUDESU" (node_12) is false
[00:38:34.766] [bmv2] [T] [thread 92090] [49.0] [cxt 0] basic.p4(582) Condition "hdr.vxlan.isValid()" (node_15) is false
[00:38:34.766] [bmv2] [T] [thread 92090] [49.0] [cxt 0] basic.p4(586) Condition "hdr.ipv6.isValid()" (node_17) is true
[00:38:34.766] [bmv2] [T] [thread 92090] [49.0] [cxt 0] Applying table 'MyIngress.ipv6_lpm'
[00:38:34.766] [bmv2] [D] [thread 92090] [49.0] [cxt 0] Looking up key:
* hdr.ipv6.dstAddr    : ff020000000000000000000000000002

[00:38:34.766] [bmv2] [D] [thread 92090] [49.0] [cxt 0] Table 'MyIngress.ipv6_lpm': miss
[00:38:34.766] [bmv2] [D] [thread 92090] [49.0] [cxt 0] Action entry is NoAction - 
[00:38:34.766] [bmv2] [T] [thread 92090] [49.0] [cxt 0] Action NoAction
[00:38:34.766] [bmv2] [D] [thread 92090] [49.0] [cxt 0] Pipeline 'ingress': end
[00:38:34.766] [bmv2] [D] [thread 92090] [49.0] [cxt 0] Egress port is 0
[00:38:34.767] [bmv2] [D] [thread 92091] [49.0] [cxt 0] Pipeline 'egress': start
[00:38:34.767] [bmv2] [T] [thread 92091] [49.0] [cxt 0] basic.p4(684) Condition "standard_metadata.mcast_grp != 0" (node_28) is false
[00:38:34.767] [bmv2] [D] [thread 92091] [49.0] [cxt 0] Pipeline 'egress': end
[00:38:34.767] [bmv2] [D] [thread 92091] [49.0] [cxt 0] Deparser 'deparser': start
[00:38:34.767] [bmv2] [T] [thread 92091] [49.0] [cxt 0] Skipping checksum 'cksum' update because condition not met
[00:38:34.767] [bmv2] [D] [thread 92091] [49.0] [cxt 0] Deparsing header 'ethernet'
[00:38:34.767] [bmv2] [D] [thread 92091] [49.0] [cxt 0] Deparsing header 'ipv6'
[00:38:34.767] [bmv2] [D] [thread 92091] [49.0] [cxt 0] Deparser 'deparser': end
[00:38:34.767] [bmv2] [D] [thread 92095] [49.0] [cxt 0] Transmitting packet of size 70 out of port 0
[00:38:38.862] [bmv2] [D] [thread 92090] [50.0] [cxt 0] Processing packet received on port 2
[00:38:38.862] [bmv2] [D] [thread 92090] [50.0] [cxt 0] Parser 'parser': start
[00:38:38.862] [bmv2] [D] [thread 92090] [50.0] [cxt 0] Parser 'parser' entering state 'start'
[00:38:38.862] [bmv2] [D] [thread 92090] [50.0] [cxt 0] Extracting header 'ethernet'
[00:38:38.862] [bmv2] [D] [thread 92090] [50.0] [cxt 0] Parser state 'start': key is 86dd
[00:38:38.862] [bmv2] [T] [thread 92090] [50.0] [cxt 0] Bytes parsed: 14
[00:38:38.862] [bmv2] [D] [thread 92090] [50.0] [cxt 0] Parser 'parser' entering state 'parse_ipv6'
[00:38:38.862] [bmv2] [D] [thread 92090] [50.0] [cxt 0] Extracting header 'ipv6'
[00:38:38.862] [bmv2] [D] [thread 92090] [50.0] [cxt 0] Parser state 'parse_ipv6': key is 3a
[00:38:38.862] [bmv2] [T] [thread 92090] [50.0] [cxt 0] Bytes parsed: 54
[00:38:38.862] [bmv2] [D] [thread 92090] [50.0] [cxt 0] Parser 'parser': end
[00:38:38.862] [bmv2] [D] [thread 92090] [50.0] [cxt 0] Pipeline 'ingress': start
[00:38:38.862] [bmv2] [T] [thread 92090] [50.0] [cxt 0] basic.p4(560) Condition "hdr.ethernet.etherType == TYPE_ARP" (node_2) is false
[00:38:38.862] [bmv2] [T] [thread 92090] [50.0] [cxt 0] basic.p4(563) Condition "hdr.ethernet.etherType == TYPE_SRCROUTING" (node_4) is false
[00:38:38.862] [bmv2] [T] [thread 92090] [50.0] [cxt 0] basic.p4(576) Condition "hdr.ethernet.etherType == TYPE_YEQUDESU" (node_12) is false
[00:38:38.862] [bmv2] [T] [thread 92090] [50.0] [cxt 0] basic.p4(582) Condition "hdr.vxlan.isValid()" (node_15) is false
[00:38:38.862] [bmv2] [T] [thread 92090] [50.0] [cxt 0] basic.p4(586) Condition "hdr.ipv6.isValid()" (node_17) is true
[00:38:38.862] [bmv2] [T] [thread 92090] [50.0] [cxt 0] Applying table 'MyIngress.ipv6_lpm'
[00:38:38.862] [bmv2] [D] [thread 92090] [50.0] [cxt 0] Looking up key:
* hdr.ipv6.dstAddr    : ff020000000000000000000000000002

[00:38:38.862] [bmv2] [D] [thread 92090] [50.0] [cxt 0] Table 'MyIngress.ipv6_lpm': miss
[00:38:38.862] [bmv2] [D] [thread 92090] [50.0] [cxt 0] Action entry is NoAction - 
[00:38:38.862] [bmv2] [T] [thread 92090] [50.0] [cxt 0] Action NoAction
[00:38:38.862] [bmv2] [D] [thread 92090] [50.0] [cxt 0] Pipeline 'ingress': end
[00:38:38.862] [bmv2] [D] [thread 92090] [50.0] [cxt 0] Egress port is 0
[00:38:38.862] [bmv2] [D] [thread 92091] [50.0] [cxt 0] Pipeline 'egress': start
[00:38:38.862] [bmv2] [T] [thread 92091] [50.0] [cxt 0] basic.p4(684) Condition "standard_metadata.mcast_grp != 0" (node_28) is false
[00:38:38.862] [bmv2] [D] [thread 92091] [50.0] [cxt 0] Pipeline 'egress': end
[00:38:38.862] [bmv2] [D] [thread 92091] [50.0] [cxt 0] Deparser 'deparser': start
[00:38:38.862] [bmv2] [T] [thread 92091] [50.0] [cxt 0] Skipping checksum 'cksum' update because condition not met
[00:38:38.862] [bmv2] [D] [thread 92091] [50.0] [cxt 0] Deparsing header 'ethernet'
[00:38:38.862] [bmv2] [D] [thread 92091] [50.0] [cxt 0] Deparsing header 'ipv6'
[00:38:38.862] [bmv2] [D] [thread 92091] [50.0] [cxt 0] Deparser 'deparser': end
[00:38:38.862] [bmv2] [D] [thread 92095] [50.0] [cxt 0] Transmitting packet of size 70 out of port 0
[00:38:46.928] [bmv2] [D] [thread 92090] [51.0] [cxt 0] Processing packet received on port 1
[00:38:46.928] [bmv2] [D] [thread 92090] [51.0] [cxt 0] Parser 'parser': start
[00:38:46.928] [bmv2] [D] [thread 92090] [51.0] [cxt 0] Parser 'parser' entering state 'start'
[00:38:46.928] [bmv2] [D] [thread 92090] [51.0] [cxt 0] Extracting header 'ethernet'
[00:38:46.928] [bmv2] [D] [thread 92090] [51.0] [cxt 0] Parser state 'start': key is 86dd
[00:38:46.928] [bmv2] [T] [thread 92090] [51.0] [cxt 0] Bytes parsed: 14
[00:38:46.928] [bmv2] [D] [thread 92090] [51.0] [cxt 0] Parser 'parser' entering state 'parse_ipv6'
[00:38:46.928] [bmv2] [D] [thread 92090] [51.0] [cxt 0] Extracting header 'ipv6'
[00:38:46.928] [bmv2] [D] [thread 92090] [51.0] [cxt 0] Parser state 'parse_ipv6': key is 11
[00:38:46.928] [bmv2] [T] [thread 92090] [51.0] [cxt 0] Bytes parsed: 54
[00:38:46.928] [bmv2] [D] [thread 92090] [51.0] [cxt 0] Parser 'parser': end
[00:38:46.928] [bmv2] [D] [thread 92090] [51.0] [cxt 0] Pipeline 'ingress': start
[00:38:46.928] [bmv2] [T] [thread 92090] [51.0] [cxt 0] basic.p4(560) Condition "hdr.ethernet.etherType == TYPE_ARP" (node_2) is false
[00:38:46.928] [bmv2] [T] [thread 92090] [51.0] [cxt 0] basic.p4(563) Condition "hdr.ethernet.etherType == TYPE_SRCROUTING" (node_4) is false
[00:38:46.928] [bmv2] [T] [thread 92090] [51.0] [cxt 0] basic.p4(576) Condition "hdr.ethernet.etherType == TYPE_YEQUDESU" (node_12) is false
[00:38:46.928] [bmv2] [T] [thread 92090] [51.0] [cxt 0] basic.p4(582) Condition "hdr.vxlan.isValid()" (node_15) is false
[00:38:46.928] [bmv2] [T] [thread 92090] [51.0] [cxt 0] basic.p4(586) Condition "hdr.ipv6.isValid()" (node_17) is true
[00:38:46.928] [bmv2] [T] [thread 92090] [51.0] [cxt 0] Applying table 'MyIngress.ipv6_lpm'
[00:38:46.928] [bmv2] [D] [thread 92090] [51.0] [cxt 0] Looking up key:
* hdr.ipv6.dstAddr    : ff0200000000000000000000000000fb

[00:38:46.928] [bmv2] [D] [thread 92090] [51.0] [cxt 0] Table 'MyIngress.ipv6_lpm': miss
[00:38:46.928] [bmv2] [D] [thread 92090] [51.0] [cxt 0] Action entry is NoAction - 
[00:38:46.928] [bmv2] [T] [thread 92090] [51.0] [cxt 0] Action NoAction
[00:38:46.928] [bmv2] [D] [thread 92090] [51.0] [cxt 0] Pipeline 'ingress': end
[00:38:46.928] [bmv2] [D] [thread 92090] [51.0] [cxt 0] Egress port is 0
[00:38:46.928] [bmv2] [D] [thread 92091] [51.0] [cxt 0] Pipeline 'egress': start
[00:38:46.928] [bmv2] [T] [thread 92091] [51.0] [cxt 0] basic.p4(684) Condition "standard_metadata.mcast_grp != 0" (node_28) is false
[00:38:46.928] [bmv2] [D] [thread 92091] [51.0] [cxt 0] Pipeline 'egress': end
[00:38:46.928] [bmv2] [D] [thread 92091] [51.0] [cxt 0] Deparser 'deparser': start
[00:38:46.928] [bmv2] [T] [thread 92091] [51.0] [cxt 0] Skipping checksum 'cksum' update because condition not met
[00:38:46.928] [bmv2] [D] [thread 92091] [51.0] [cxt 0] Deparsing header 'ethernet'
[00:38:46.928] [bmv2] [D] [thread 92091] [51.0] [cxt 0] Deparsing header 'ipv6'
[00:38:46.928] [bmv2] [D] [thread 92091] [51.0] [cxt 0] Deparser 'deparser': end
[00:38:46.928] [bmv2] [D] [thread 92095] [51.0] [cxt 0] Transmitting packet of size 203 out of port 0
[00:38:47.053] [bmv2] [D] [thread 92090] [52.0] [cxt 0] Processing packet received on port 1
[00:38:47.053] [bmv2] [D] [thread 92090] [52.0] [cxt 0] Parser 'parser': start
[00:38:47.053] [bmv2] [D] [thread 92090] [52.0] [cxt 0] Parser 'parser' entering state 'start'
[00:38:47.053] [bmv2] [D] [thread 92090] [52.0] [cxt 0] Extracting header 'ethernet'
[00:38:47.053] [bmv2] [D] [thread 92090] [52.0] [cxt 0] Parser state 'start': key is 86dd
[00:38:47.053] [bmv2] [T] [thread 92090] [52.0] [cxt 0] Bytes parsed: 14
[00:38:47.053] [bmv2] [D] [thread 92090] [52.0] [cxt 0] Parser 'parser' entering state 'parse_ipv6'
[00:38:47.053] [bmv2] [D] [thread 92090] [52.0] [cxt 0] Extracting header 'ipv6'
[00:38:47.053] [bmv2] [D] [thread 92090] [52.0] [cxt 0] Parser state 'parse_ipv6': key is 3a
[00:38:47.053] [bmv2] [T] [thread 92090] [52.0] [cxt 0] Bytes parsed: 54
[00:38:47.053] [bmv2] [D] [thread 92090] [52.0] [cxt 0] Parser 'parser': end
[00:38:47.053] [bmv2] [D] [thread 92090] [52.0] [cxt 0] Pipeline 'ingress': start
[00:38:47.053] [bmv2] [T] [thread 92090] [52.0] [cxt 0] basic.p4(560) Condition "hdr.ethernet.etherType == TYPE_ARP" (node_2) is false
[00:38:47.053] [bmv2] [T] [thread 92090] [52.0] [cxt 0] basic.p4(563) Condition "hdr.ethernet.etherType == TYPE_SRCROUTING" (node_4) is false
[00:38:47.053] [bmv2] [T] [thread 92090] [52.0] [cxt 0] basic.p4(576) Condition "hdr.ethernet.etherType == TYPE_YEQUDESU" (node_12) is false
[00:38:47.053] [bmv2] [T] [thread 92090] [52.0] [cxt 0] basic.p4(582) Condition "hdr.vxlan.isValid()" (node_15) is false
[00:38:47.053] [bmv2] [T] [thread 92090] [52.0] [cxt 0] basic.p4(586) Condition "hdr.ipv6.isValid()" (node_17) is true
[00:38:47.053] [bmv2] [T] [thread 92090] [52.0] [cxt 0] Applying table 'MyIngress.ipv6_lpm'
[00:38:47.053] [bmv2] [D] [thread 92090] [52.0] [cxt 0] Looking up key:
* hdr.ipv6.dstAddr    : ff020000000000000000000000000002

[00:38:47.053] [bmv2] [D] [thread 92090] [52.0] [cxt 0] Table 'MyIngress.ipv6_lpm': miss
[00:38:47.053] [bmv2] [D] [thread 92090] [52.0] [cxt 0] Action entry is NoAction - 
[00:38:47.053] [bmv2] [T] [thread 92090] [52.0] [cxt 0] Action NoAction
[00:38:47.053] [bmv2] [D] [thread 92090] [52.0] [cxt 0] Pipeline 'ingress': end
[00:38:47.054] [bmv2] [D] [thread 92090] [52.0] [cxt 0] Egress port is 0
[00:38:47.054] [bmv2] [D] [thread 92091] [52.0] [cxt 0] Pipeline 'egress': start
[00:38:47.054] [bmv2] [T] [thread 92091] [52.0] [cxt 0] basic.p4(684) Condition "standard_metadata.mcast_grp != 0" (node_28) is false
[00:38:47.054] [bmv2] [D] [thread 92091] [52.0] [cxt 0] Pipeline 'egress': end
[00:38:47.054] [bmv2] [D] [thread 92091] [52.0] [cxt 0] Deparser 'deparser': start
[00:38:47.054] [bmv2] [T] [thread 92091] [52.0] [cxt 0] Skipping checksum 'cksum' update because condition not met
[00:38:47.054] [bmv2] [D] [thread 92091] [52.0] [cxt 0] Deparsing header 'ethernet'
[00:38:47.054] [bmv2] [D] [thread 92091] [52.0] [cxt 0] Deparsing header 'ipv6'
[00:38:47.054] [bmv2] [D] [thread 92091] [52.0] [cxt 0] Deparser 'deparser': end
[00:38:47.054] [bmv2] [D] [thread 92095] [52.0] [cxt 0] Transmitting packet of size 70 out of port 0
[00:38:47.317] [bmv2] [D] [thread 92090] [53.0] [cxt 0] Processing packet received on port 2
[00:38:47.317] [bmv2] [D] [thread 92090] [53.0] [cxt 0] Parser 'parser': start
[00:38:47.317] [bmv2] [D] [thread 92090] [53.0] [cxt 0] Parser 'parser' entering state 'start'
[00:38:47.317] [bmv2] [D] [thread 92090] [53.0] [cxt 0] Extracting header 'ethernet'
[00:38:47.317] [bmv2] [D] [thread 92090] [53.0] [cxt 0] Parser state 'start': key is 86dd
[00:38:47.317] [bmv2] [T] [thread 92090] [53.0] [cxt 0] Bytes parsed: 14
[00:38:47.317] [bmv2] [D] [thread 92090] [53.0] [cxt 0] Parser 'parser' entering state 'parse_ipv6'
[00:38:47.317] [bmv2] [D] [thread 92090] [53.0] [cxt 0] Extracting header 'ipv6'
[00:38:47.317] [bmv2] [D] [thread 92090] [53.0] [cxt 0] Parser state 'parse_ipv6': key is 11
[00:38:47.317] [bmv2] [T] [thread 92090] [53.0] [cxt 0] Bytes parsed: 54
[00:38:47.317] [bmv2] [D] [thread 92090] [53.0] [cxt 0] Parser 'parser': end
[00:38:47.317] [bmv2] [D] [thread 92090] [53.0] [cxt 0] Pipeline 'ingress': start
[00:38:47.317] [bmv2] [T] [thread 92090] [53.0] [cxt 0] basic.p4(560) Condition "hdr.ethernet.etherType == TYPE_ARP" (node_2) is false
[00:38:47.317] [bmv2] [T] [thread 92090] [53.0] [cxt 0] basic.p4(563) Condition "hdr.ethernet.etherType == TYPE_SRCROUTING" (node_4) is false
[00:38:47.317] [bmv2] [T] [thread 92090] [53.0] [cxt 0] basic.p4(576) Condition "hdr.ethernet.etherType == TYPE_YEQUDESU" (node_12) is false
[00:38:47.317] [bmv2] [T] [thread 92090] [53.0] [cxt 0] basic.p4(582) Condition "hdr.vxlan.isValid()" (node_15) is false
[00:38:47.317] [bmv2] [T] [thread 92090] [53.0] [cxt 0] basic.p4(586) Condition "hdr.ipv6.isValid()" (node_17) is true
[00:38:47.317] [bmv2] [T] [thread 92090] [53.0] [cxt 0] Applying table 'MyIngress.ipv6_lpm'
[00:38:47.317] [bmv2] [D] [thread 92090] [53.0] [cxt 0] Looking up key:
* hdr.ipv6.dstAddr    : ff0200000000000000000000000000fb

[00:38:47.317] [bmv2] [D] [thread 92090] [53.0] [cxt 0] Table 'MyIngress.ipv6_lpm': miss
[00:38:47.317] [bmv2] [D] [thread 92090] [53.0] [cxt 0] Action entry is NoAction - 
[00:38:47.317] [bmv2] [T] [thread 92090] [53.0] [cxt 0] Action NoAction
[00:38:47.317] [bmv2] [D] [thread 92090] [53.0] [cxt 0] Pipeline 'ingress': end
[00:38:47.317] [bmv2] [D] [thread 92090] [53.0] [cxt 0] Egress port is 0
[00:38:47.317] [bmv2] [D] [thread 92091] [53.0] [cxt 0] Pipeline 'egress': start
[00:38:47.317] [bmv2] [T] [thread 92091] [53.0] [cxt 0] basic.p4(684) Condition "standard_metadata.mcast_grp != 0" (node_28) is false
[00:38:47.317] [bmv2] [D] [thread 92091] [53.0] [cxt 0] Pipeline 'egress': end
[00:38:47.317] [bmv2] [D] [thread 92091] [53.0] [cxt 0] Deparser 'deparser': start
[00:38:47.317] [bmv2] [T] [thread 92091] [53.0] [cxt 0] Skipping checksum 'cksum' update because condition not met
[00:38:47.317] [bmv2] [D] [thread 92091] [53.0] [cxt 0] Deparsing header 'ethernet'
[00:38:47.317] [bmv2] [D] [thread 92091] [53.0] [cxt 0] Deparsing header 'ipv6'
[00:38:47.317] [bmv2] [D] [thread 92091] [53.0] [cxt 0] Deparser 'deparser': end
[00:38:47.317] [bmv2] [D] [thread 92095] [53.0] [cxt 0] Transmitting packet of size 203 out of port 0
[00:38:47.634] [bmv2] [D] [thread 92090] [54.0] [cxt 0] Processing packet received on port 1
[00:38:47.634] [bmv2] [D] [thread 92090] [54.0] [cxt 0] Parser 'parser': start
[00:38:47.634] [bmv2] [D] [thread 92090] [54.0] [cxt 0] Parser 'parser' entering state 'start'
[00:38:47.634] [bmv2] [D] [thread 92090] [54.0] [cxt 0] Extracting header 'ethernet'
[00:38:47.634] [bmv2] [D] [thread 92090] [54.0] [cxt 0] Parser state 'start': key is 86dd
[00:38:47.634] [bmv2] [T] [thread 92090] [54.0] [cxt 0] Bytes parsed: 14
[00:38:47.634] [bmv2] [D] [thread 92090] [54.0] [cxt 0] Parser 'parser' entering state 'parse_ipv6'
[00:38:47.634] [bmv2] [D] [thread 92090] [54.0] [cxt 0] Extracting header 'ipv6'
[00:38:47.634] [bmv2] [D] [thread 92090] [54.0] [cxt 0] Parser state 'parse_ipv6': key is 11
[00:38:47.634] [bmv2] [T] [thread 92090] [54.0] [cxt 0] Bytes parsed: 54
[00:38:47.634] [bmv2] [D] [thread 92090] [54.0] [cxt 0] Parser 'parser': end
[00:38:47.634] [bmv2] [D] [thread 92090] [54.0] [cxt 0] Pipeline 'ingress': start
[00:38:47.634] [bmv2] [T] [thread 92090] [54.0] [cxt 0] basic.p4(560) Condition "hdr.ethernet.etherType == TYPE_ARP" (node_2) is false
[00:38:47.634] [bmv2] [T] [thread 92090] [54.0] [cxt 0] basic.p4(563) Condition "hdr.ethernet.etherType == TYPE_SRCROUTING" (node_4) is false
[00:38:47.634] [bmv2] [T] [thread 92090] [54.0] [cxt 0] basic.p4(576) Condition "hdr.ethernet.etherType == TYPE_YEQUDESU" (node_12) is false
[00:38:47.634] [bmv2] [T] [thread 92090] [54.0] [cxt 0] basic.p4(582) Condition "hdr.vxlan.isValid()" (node_15) is false
[00:38:47.634] [bmv2] [T] [thread 92090] [54.0] [cxt 0] basic.p4(586) Condition "hdr.ipv6.isValid()" (node_17) is true
[00:38:47.634] [bmv2] [T] [thread 92090] [54.0] [cxt 0] Applying table 'MyIngress.ipv6_lpm'
[00:38:47.634] [bmv2] [D] [thread 92090] [54.0] [cxt 0] Looking up key:
* hdr.ipv6.dstAddr    : ff0200000000000000000000000000fb

[00:38:47.634] [bmv2] [D] [thread 92090] [54.0] [cxt 0] Table 'MyIngress.ipv6_lpm': miss
[00:38:47.634] [bmv2] [D] [thread 92090] [54.0] [cxt 0] Action entry is NoAction - 
[00:38:47.634] [bmv2] [T] [thread 92090] [54.0] [cxt 0] Action NoAction
[00:38:47.635] [bmv2] [D] [thread 92090] [54.0] [cxt 0] Pipeline 'ingress': end
[00:38:47.635] [bmv2] [D] [thread 92090] [54.0] [cxt 0] Egress port is 0
[00:38:47.635] [bmv2] [D] [thread 92091] [54.0] [cxt 0] Pipeline 'egress': start
[00:38:47.635] [bmv2] [T] [thread 92091] [54.0] [cxt 0] basic.p4(684) Condition "standard_metadata.mcast_grp != 0" (node_28) is false
[00:38:47.635] [bmv2] [D] [thread 92091] [54.0] [cxt 0] Pipeline 'egress': end
[00:38:47.635] [bmv2] [D] [thread 92091] [54.0] [cxt 0] Deparser 'deparser': start
[00:38:47.635] [bmv2] [T] [thread 92091] [54.0] [cxt 0] Skipping checksum 'cksum' update because condition not met
[00:38:47.635] [bmv2] [D] [thread 92091] [54.0] [cxt 0] Deparsing header 'ethernet'
[00:38:47.635] [bmv2] [D] [thread 92091] [54.0] [cxt 0] Deparsing header 'ipv6'
[00:38:47.635] [bmv2] [D] [thread 92091] [54.0] [cxt 0] Deparser 'deparser': end
[00:38:47.635] [bmv2] [D] [thread 92095] [54.0] [cxt 0] Transmitting packet of size 203 out of port 0
[00:39:03.438] [bmv2] [D] [thread 92090] [55.0] [cxt 0] Processing packet received on port 1
[00:39:03.438] [bmv2] [D] [thread 92090] [55.0] [cxt 0] Parser 'parser': start
[00:39:03.438] [bmv2] [D] [thread 92090] [55.0] [cxt 0] Parser 'parser' entering state 'start'
[00:39:03.438] [bmv2] [D] [thread 92090] [55.0] [cxt 0] Extracting header 'ethernet'
[00:39:03.438] [bmv2] [D] [thread 92090] [55.0] [cxt 0] Parser state 'start': key is 86dd
[00:39:03.438] [bmv2] [T] [thread 92090] [55.0] [cxt 0] Bytes parsed: 14
[00:39:03.438] [bmv2] [D] [thread 92090] [55.0] [cxt 0] Parser 'parser' entering state 'parse_ipv6'
[00:39:03.438] [bmv2] [D] [thread 92090] [55.0] [cxt 0] Extracting header 'ipv6'
[00:39:03.438] [bmv2] [D] [thread 92090] [55.0] [cxt 0] Parser state 'parse_ipv6': key is 3a
[00:39:03.438] [bmv2] [T] [thread 92090] [55.0] [cxt 0] Bytes parsed: 54
[00:39:03.438] [bmv2] [D] [thread 92090] [55.0] [cxt 0] Parser 'parser': end
[00:39:03.438] [bmv2] [D] [thread 92090] [55.0] [cxt 0] Pipeline 'ingress': start
[00:39:03.438] [bmv2] [T] [thread 92090] [55.0] [cxt 0] basic.p4(560) Condition "hdr.ethernet.etherType == TYPE_ARP" (node_2) is false
[00:39:03.438] [bmv2] [T] [thread 92090] [55.0] [cxt 0] basic.p4(563) Condition "hdr.ethernet.etherType == TYPE_SRCROUTING" (node_4) is false
[00:39:03.438] [bmv2] [T] [thread 92090] [55.0] [cxt 0] basic.p4(576) Condition "hdr.ethernet.etherType == TYPE_YEQUDESU" (node_12) is false
[00:39:03.438] [bmv2] [T] [thread 92090] [55.0] [cxt 0] basic.p4(582) Condition "hdr.vxlan.isValid()" (node_15) is false
[00:39:03.438] [bmv2] [T] [thread 92090] [55.0] [cxt 0] basic.p4(586) Condition "hdr.ipv6.isValid()" (node_17) is true
[00:39:03.438] [bmv2] [T] [thread 92090] [55.0] [cxt 0] Applying table 'MyIngress.ipv6_lpm'
[00:39:03.438] [bmv2] [D] [thread 92090] [55.0] [cxt 0] Looking up key:
* hdr.ipv6.dstAddr    : ff020000000000000000000000000002

[00:39:03.438] [bmv2] [D] [thread 92090] [55.0] [cxt 0] Table 'MyIngress.ipv6_lpm': miss
[00:39:03.438] [bmv2] [D] [thread 92090] [55.0] [cxt 0] Action entry is NoAction - 
[00:39:03.438] [bmv2] [T] [thread 92090] [55.0] [cxt 0] Action NoAction
[00:39:03.438] [bmv2] [D] [thread 92090] [55.0] [cxt 0] Pipeline 'ingress': end
[00:39:03.438] [bmv2] [D] [thread 92090] [55.0] [cxt 0] Egress port is 0
[00:39:03.438] [bmv2] [D] [thread 92091] [55.0] [cxt 0] Pipeline 'egress': start
[00:39:03.438] [bmv2] [T] [thread 92091] [55.0] [cxt 0] basic.p4(684) Condition "standard_metadata.mcast_grp != 0" (node_28) is false
[00:39:03.438] [bmv2] [D] [thread 92091] [55.0] [cxt 0] Pipeline 'egress': end
[00:39:03.438] [bmv2] [D] [thread 92091] [55.0] [cxt 0] Deparser 'deparser': start
[00:39:03.438] [bmv2] [T] [thread 92091] [55.0] [cxt 0] Skipping checksum 'cksum' update because condition not met
[00:39:03.438] [bmv2] [D] [thread 92091] [55.0] [cxt 0] Deparsing header 'ethernet'
[00:39:03.438] [bmv2] [D] [thread 92091] [55.0] [cxt 0] Deparsing header 'ipv6'
[00:39:03.438] [bmv2] [D] [thread 92091] [55.0] [cxt 0] Deparser 'deparser': end
[00:39:03.438] [bmv2] [D] [thread 92095] [55.0] [cxt 0] Transmitting packet of size 70 out of port 0
[00:40:37.646] [bmv2] [D] [thread 92090] [56.0] [cxt 0] Processing packet received on port 2
[00:40:37.646] [bmv2] [D] [thread 92090] [56.0] [cxt 0] Parser 'parser': start
[00:40:37.646] [bmv2] [D] [thread 92090] [56.0] [cxt 0] Parser 'parser' entering state 'start'
[00:40:37.646] [bmv2] [D] [thread 92090] [56.0] [cxt 0] Extracting header 'ethernet'
[00:40:37.646] [bmv2] [D] [thread 92090] [56.0] [cxt 0] Parser state 'start': key is 86dd
[00:40:37.646] [bmv2] [T] [thread 92090] [56.0] [cxt 0] Bytes parsed: 14
[00:40:37.646] [bmv2] [D] [thread 92090] [56.0] [cxt 0] Parser 'parser' entering state 'parse_ipv6'
[00:40:37.646] [bmv2] [D] [thread 92090] [56.0] [cxt 0] Extracting header 'ipv6'
[00:40:37.646] [bmv2] [D] [thread 92090] [56.0] [cxt 0] Parser state 'parse_ipv6': key is 3a
[00:40:37.646] [bmv2] [T] [thread 92090] [56.0] [cxt 0] Bytes parsed: 54
[00:40:37.646] [bmv2] [D] [thread 92090] [56.0] [cxt 0] Parser 'parser': end
[00:40:37.646] [bmv2] [D] [thread 92090] [56.0] [cxt 0] Pipeline 'ingress': start
[00:40:37.646] [bmv2] [T] [thread 92090] [56.0] [cxt 0] basic.p4(560) Condition "hdr.ethernet.etherType == TYPE_ARP" (node_2) is false
[00:40:37.646] [bmv2] [T] [thread 92090] [56.0] [cxt 0] basic.p4(563) Condition "hdr.ethernet.etherType == TYPE_SRCROUTING" (node_4) is false
[00:40:37.646] [bmv2] [T] [thread 92090] [56.0] [cxt 0] basic.p4(576) Condition "hdr.ethernet.etherType == TYPE_YEQUDESU" (node_12) is false
[00:40:37.646] [bmv2] [T] [thread 92090] [56.0] [cxt 0] basic.p4(582) Condition "hdr.vxlan.isValid()" (node_15) is false
[00:40:37.646] [bmv2] [T] [thread 92090] [56.0] [cxt 0] basic.p4(586) Condition "hdr.ipv6.isValid()" (node_17) is true
[00:40:37.646] [bmv2] [T] [thread 92090] [56.0] [cxt 0] Applying table 'MyIngress.ipv6_lpm'
[00:40:37.646] [bmv2] [D] [thread 92090] [56.0] [cxt 0] Looking up key:
* hdr.ipv6.dstAddr    : ff020000000000000000000000000002

[00:40:37.646] [bmv2] [D] [thread 92090] [56.0] [cxt 0] Table 'MyIngress.ipv6_lpm': miss
[00:40:37.646] [bmv2] [D] [thread 92090] [56.0] [cxt 0] Action entry is NoAction - 
[00:40:37.646] [bmv2] [T] [thread 92090] [56.0] [cxt 0] Action NoAction
[00:40:37.646] [bmv2] [D] [thread 92090] [56.0] [cxt 0] Pipeline 'ingress': end
[00:40:37.646] [bmv2] [D] [thread 92090] [56.0] [cxt 0] Egress port is 0
[00:40:37.646] [bmv2] [D] [thread 92091] [56.0] [cxt 0] Pipeline 'egress': start
[00:40:37.646] [bmv2] [T] [thread 92091] [56.0] [cxt 0] basic.p4(684) Condition "standard_metadata.mcast_grp != 0" (node_28) is false
[00:40:37.646] [bmv2] [D] [thread 92091] [56.0] [cxt 0] Pipeline 'egress': end
[00:40:37.646] [bmv2] [D] [thread 92091] [56.0] [cxt 0] Deparser 'deparser': start
[00:40:37.646] [bmv2] [T] [thread 92091] [56.0] [cxt 0] Skipping checksum 'cksum' update because condition not met
[00:40:37.646] [bmv2] [D] [thread 92091] [56.0] [cxt 0] Deparsing header 'ethernet'
[00:40:37.646] [bmv2] [D] [thread 92091] [56.0] [cxt 0] Deparsing header 'ipv6'
[00:40:37.646] [bmv2] [D] [thread 92091] [56.0] [cxt 0] Deparser 'deparser': end
[00:40:37.646] [bmv2] [D] [thread 92095] [56.0] [cxt 0] Transmitting packet of size 70 out of port 0
[00:40:41.742] [bmv2] [D] [thread 92090] [57.0] [cxt 0] Processing packet received on port 2
[00:40:41.742] [bmv2] [D] [thread 92090] [57.0] [cxt 0] Parser 'parser': start
[00:40:41.742] [bmv2] [D] [thread 92090] [57.0] [cxt 0] Parser 'parser' entering state 'start'
[00:40:41.742] [bmv2] [D] [thread 92090] [57.0] [cxt 0] Extracting header 'ethernet'
[00:40:41.742] [bmv2] [D] [thread 92090] [57.0] [cxt 0] Parser state 'start': key is 86dd
[00:40:41.742] [bmv2] [T] [thread 92090] [57.0] [cxt 0] Bytes parsed: 14
[00:40:41.742] [bmv2] [D] [thread 92090] [57.0] [cxt 0] Parser 'parser' entering state 'parse_ipv6'
[00:40:41.742] [bmv2] [D] [thread 92090] [57.0] [cxt 0] Extracting header 'ipv6'
[00:40:41.742] [bmv2] [D] [thread 92090] [57.0] [cxt 0] Parser state 'parse_ipv6': key is 3a
[00:40:41.742] [bmv2] [T] [thread 92090] [57.0] [cxt 0] Bytes parsed: 54
[00:40:41.742] [bmv2] [D] [thread 92090] [57.0] [cxt 0] Parser 'parser': end
[00:40:41.742] [bmv2] [D] [thread 92090] [57.0] [cxt 0] Pipeline 'ingress': start
[00:40:41.742] [bmv2] [T] [thread 92090] [57.0] [cxt 0] basic.p4(560) Condition "hdr.ethernet.etherType == TYPE_ARP" (node_2) is false
[00:40:41.742] [bmv2] [T] [thread 92090] [57.0] [cxt 0] basic.p4(563) Condition "hdr.ethernet.etherType == TYPE_SRCROUTING" (node_4) is false
[00:40:41.742] [bmv2] [T] [thread 92090] [57.0] [cxt 0] basic.p4(576) Condition "hdr.ethernet.etherType == TYPE_YEQUDESU" (node_12) is false
[00:40:41.742] [bmv2] [T] [thread 92090] [57.0] [cxt 0] basic.p4(582) Condition "hdr.vxlan.isValid()" (node_15) is false
[00:40:41.742] [bmv2] [T] [thread 92090] [57.0] [cxt 0] basic.p4(586) Condition "hdr.ipv6.isValid()" (node_17) is true
[00:40:41.742] [bmv2] [T] [thread 92090] [57.0] [cxt 0] Applying table 'MyIngress.ipv6_lpm'
[00:40:41.742] [bmv2] [D] [thread 92090] [57.0] [cxt 0] Looking up key:
* hdr.ipv6.dstAddr    : ff020000000000000000000000000002

[00:40:41.742] [bmv2] [D] [thread 92090] [57.0] [cxt 0] Table 'MyIngress.ipv6_lpm': miss
[00:40:41.742] [bmv2] [D] [thread 92090] [57.0] [cxt 0] Action entry is NoAction - 
[00:40:41.742] [bmv2] [T] [thread 92090] [57.0] [cxt 0] Action NoAction
[00:40:41.742] [bmv2] [D] [thread 92090] [57.0] [cxt 0] Pipeline 'ingress': end
[00:40:41.742] [bmv2] [D] [thread 92090] [57.0] [cxt 0] Egress port is 0
[00:40:41.742] [bmv2] [D] [thread 92091] [57.0] [cxt 0] Pipeline 'egress': start
[00:40:41.742] [bmv2] [T] [thread 92091] [57.0] [cxt 0] basic.p4(684) Condition "standard_metadata.mcast_grp != 0" (node_28) is false
[00:40:41.742] [bmv2] [D] [thread 92091] [57.0] [cxt 0] Pipeline 'egress': end
[00:40:41.742] [bmv2] [D] [thread 92091] [57.0] [cxt 0] Deparser 'deparser': start
[00:40:41.742] [bmv2] [T] [thread 92091] [57.0] [cxt 0] Skipping checksum 'cksum' update because condition not met
[00:40:41.742] [bmv2] [D] [thread 92091] [57.0] [cxt 0] Deparsing header 'ethernet'
[00:40:41.742] [bmv2] [D] [thread 92091] [57.0] [cxt 0] Deparsing header 'ipv6'
[00:40:41.742] [bmv2] [D] [thread 92091] [57.0] [cxt 0] Deparser 'deparser': end
[00:40:41.742] [bmv2] [D] [thread 92095] [57.0] [cxt 0] Transmitting packet of size 70 out of port 0
[00:40:54.930] [bmv2] [D] [thread 92090] [58.0] [cxt 0] Processing packet received on port 1
[00:40:54.930] [bmv2] [D] [thread 92090] [58.0] [cxt 0] Parser 'parser': start
[00:40:54.930] [bmv2] [D] [thread 92090] [58.0] [cxt 0] Parser 'parser' entering state 'start'
[00:40:54.930] [bmv2] [D] [thread 92090] [58.0] [cxt 0] Extracting header 'ethernet'
[00:40:54.930] [bmv2] [D] [thread 92090] [58.0] [cxt 0] Parser state 'start': key is 86dd
[00:40:54.930] [bmv2] [T] [thread 92090] [58.0] [cxt 0] Bytes parsed: 14
[00:40:54.930] [bmv2] [D] [thread 92090] [58.0] [cxt 0] Parser 'parser' entering state 'parse_ipv6'
[00:40:54.930] [bmv2] [D] [thread 92090] [58.0] [cxt 0] Extracting header 'ipv6'
[00:40:54.930] [bmv2] [D] [thread 92090] [58.0] [cxt 0] Parser state 'parse_ipv6': key is 11
[00:40:54.930] [bmv2] [T] [thread 92090] [58.0] [cxt 0] Bytes parsed: 54
[00:40:54.930] [bmv2] [D] [thread 92090] [58.0] [cxt 0] Parser 'parser': end
[00:40:54.930] [bmv2] [D] [thread 92090] [58.0] [cxt 0] Pipeline 'ingress': start
[00:40:54.930] [bmv2] [T] [thread 92090] [58.0] [cxt 0] basic.p4(560) Condition "hdr.ethernet.etherType == TYPE_ARP" (node_2) is false
[00:40:54.930] [bmv2] [T] [thread 92090] [58.0] [cxt 0] basic.p4(563) Condition "hdr.ethernet.etherType == TYPE_SRCROUTING" (node_4) is false
[00:40:54.930] [bmv2] [T] [thread 92090] [58.0] [cxt 0] basic.p4(576) Condition "hdr.ethernet.etherType == TYPE_YEQUDESU" (node_12) is false
[00:40:54.930] [bmv2] [T] [thread 92090] [58.0] [cxt 0] basic.p4(582) Condition "hdr.vxlan.isValid()" (node_15) is false
[00:40:54.930] [bmv2] [T] [thread 92090] [58.0] [cxt 0] basic.p4(586) Condition "hdr.ipv6.isValid()" (node_17) is true
[00:40:54.930] [bmv2] [T] [thread 92090] [58.0] [cxt 0] Applying table 'MyIngress.ipv6_lpm'
[00:40:54.930] [bmv2] [D] [thread 92090] [58.0] [cxt 0] Looking up key:
* hdr.ipv6.dstAddr    : ff0200000000000000000000000000fb

[00:40:54.930] [bmv2] [D] [thread 92090] [58.0] [cxt 0] Table 'MyIngress.ipv6_lpm': miss
[00:40:54.930] [bmv2] [D] [thread 92090] [58.0] [cxt 0] Action entry is NoAction - 
[00:40:54.930] [bmv2] [T] [thread 92090] [58.0] [cxt 0] Action NoAction
[00:40:54.930] [bmv2] [D] [thread 92090] [58.0] [cxt 0] Pipeline 'ingress': end
[00:40:54.930] [bmv2] [D] [thread 92090] [58.0] [cxt 0] Egress port is 0
[00:40:54.930] [bmv2] [D] [thread 92091] [58.0] [cxt 0] Pipeline 'egress': start
[00:40:54.930] [bmv2] [T] [thread 92091] [58.0] [cxt 0] basic.p4(684) Condition "standard_metadata.mcast_grp != 0" (node_28) is false
[00:40:54.930] [bmv2] [D] [thread 92091] [58.0] [cxt 0] Pipeline 'egress': end
[00:40:54.930] [bmv2] [D] [thread 92091] [58.0] [cxt 0] Deparser 'deparser': start
[00:40:54.930] [bmv2] [T] [thread 92091] [58.0] [cxt 0] Skipping checksum 'cksum' update because condition not met
[00:40:54.930] [bmv2] [D] [thread 92091] [58.0] [cxt 0] Deparsing header 'ethernet'
[00:40:54.930] [bmv2] [D] [thread 92091] [58.0] [cxt 0] Deparsing header 'ipv6'
[00:40:54.930] [bmv2] [D] [thread 92091] [58.0] [cxt 0] Deparser 'deparser': end
[00:40:54.930] [bmv2] [D] [thread 92095] [58.0] [cxt 0] Transmitting packet of size 203 out of port 0
[00:40:55.317] [bmv2] [D] [thread 92090] [59.0] [cxt 0] Processing packet received on port 2
[00:40:55.317] [bmv2] [D] [thread 92090] [59.0] [cxt 0] Parser 'parser': start
[00:40:55.317] [bmv2] [D] [thread 92090] [59.0] [cxt 0] Parser 'parser' entering state 'start'
[00:40:55.317] [bmv2] [D] [thread 92090] [59.0] [cxt 0] Extracting header 'ethernet'
[00:40:55.317] [bmv2] [D] [thread 92090] [59.0] [cxt 0] Parser state 'start': key is 86dd
[00:40:55.317] [bmv2] [T] [thread 92090] [59.0] [cxt 0] Bytes parsed: 14
[00:40:55.317] [bmv2] [D] [thread 92090] [59.0] [cxt 0] Parser 'parser' entering state 'parse_ipv6'
[00:40:55.317] [bmv2] [D] [thread 92090] [59.0] [cxt 0] Extracting header 'ipv6'
[00:40:55.317] [bmv2] [D] [thread 92090] [59.0] [cxt 0] Parser state 'parse_ipv6': key is 11
[00:40:55.317] [bmv2] [T] [thread 92090] [59.0] [cxt 0] Bytes parsed: 54
[00:40:55.317] [bmv2] [D] [thread 92090] [59.0] [cxt 0] Parser 'parser': end
[00:40:55.317] [bmv2] [D] [thread 92090] [59.0] [cxt 0] Pipeline 'ingress': start
[00:40:55.317] [bmv2] [T] [thread 92090] [59.0] [cxt 0] basic.p4(560) Condition "hdr.ethernet.etherType == TYPE_ARP" (node_2) is false
[00:40:55.317] [bmv2] [T] [thread 92090] [59.0] [cxt 0] basic.p4(563) Condition "hdr.ethernet.etherType == TYPE_SRCROUTING" (node_4) is false
[00:40:55.317] [bmv2] [T] [thread 92090] [59.0] [cxt 0] basic.p4(576) Condition "hdr.ethernet.etherType == TYPE_YEQUDESU" (node_12) is false
[00:40:55.317] [bmv2] [T] [thread 92090] [59.0] [cxt 0] basic.p4(582) Condition "hdr.vxlan.isValid()" (node_15) is false
[00:40:55.317] [bmv2] [T] [thread 92090] [59.0] [cxt 0] basic.p4(586) Condition "hdr.ipv6.isValid()" (node_17) is true
[00:40:55.317] [bmv2] [T] [thread 92090] [59.0] [cxt 0] Applying table 'MyIngress.ipv6_lpm'
[00:40:55.317] [bmv2] [D] [thread 92090] [59.0] [cxt 0] Looking up key:
* hdr.ipv6.dstAddr    : ff0200000000000000000000000000fb

[00:40:55.317] [bmv2] [D] [thread 92090] [59.0] [cxt 0] Table 'MyIngress.ipv6_lpm': miss
[00:40:55.317] [bmv2] [D] [thread 92090] [59.0] [cxt 0] Action entry is NoAction - 
[00:40:55.317] [bmv2] [T] [thread 92090] [59.0] [cxt 0] Action NoAction
[00:40:55.317] [bmv2] [D] [thread 92090] [59.0] [cxt 0] Pipeline 'ingress': end
[00:40:55.317] [bmv2] [D] [thread 92090] [59.0] [cxt 0] Egress port is 0
[00:40:55.317] [bmv2] [D] [thread 92091] [59.0] [cxt 0] Pipeline 'egress': start
[00:40:55.317] [bmv2] [T] [thread 92091] [59.0] [cxt 0] basic.p4(684) Condition "standard_metadata.mcast_grp != 0" (node_28) is false
[00:40:55.317] [bmv2] [D] [thread 92091] [59.0] [cxt 0] Pipeline 'egress': end
[00:40:55.317] [bmv2] [D] [thread 92091] [59.0] [cxt 0] Deparser 'deparser': start
[00:40:55.317] [bmv2] [T] [thread 92091] [59.0] [cxt 0] Skipping checksum 'cksum' update because condition not met
[00:40:55.317] [bmv2] [D] [thread 92091] [59.0] [cxt 0] Deparsing header 'ethernet'
[00:40:55.317] [bmv2] [D] [thread 92091] [59.0] [cxt 0] Deparsing header 'ipv6'
[00:40:55.317] [bmv2] [D] [thread 92091] [59.0] [cxt 0] Deparser 'deparser': end
[00:40:55.317] [bmv2] [D] [thread 92095] [59.0] [cxt 0] Transmitting packet of size 203 out of port 0
[00:40:55.633] [bmv2] [D] [thread 92090] [60.0] [cxt 0] Processing packet received on port 1
[00:40:55.633] [bmv2] [D] [thread 92090] [60.0] [cxt 0] Parser 'parser': start
[00:40:55.633] [bmv2] [D] [thread 92090] [60.0] [cxt 0] Parser 'parser' entering state 'start'
[00:40:55.634] [bmv2] [D] [thread 92090] [60.0] [cxt 0] Extracting header 'ethernet'
[00:40:55.634] [bmv2] [D] [thread 92090] [60.0] [cxt 0] Parser state 'start': key is 86dd
[00:40:55.634] [bmv2] [T] [thread 92090] [60.0] [cxt 0] Bytes parsed: 14
[00:40:55.634] [bmv2] [D] [thread 92090] [60.0] [cxt 0] Parser 'parser' entering state 'parse_ipv6'
[00:40:55.634] [bmv2] [D] [thread 92090] [60.0] [cxt 0] Extracting header 'ipv6'
[00:40:55.634] [bmv2] [D] [thread 92090] [60.0] [cxt 0] Parser state 'parse_ipv6': key is 11
[00:40:55.634] [bmv2] [T] [thread 92090] [60.0] [cxt 0] Bytes parsed: 54
[00:40:55.634] [bmv2] [D] [thread 92090] [60.0] [cxt 0] Parser 'parser': end
[00:40:55.634] [bmv2] [D] [thread 92090] [60.0] [cxt 0] Pipeline 'ingress': start
[00:40:55.634] [bmv2] [T] [thread 92090] [60.0] [cxt 0] basic.p4(560) Condition "hdr.ethernet.etherType == TYPE_ARP" (node_2) is false
[00:40:55.634] [bmv2] [T] [thread 92090] [60.0] [cxt 0] basic.p4(563) Condition "hdr.ethernet.etherType == TYPE_SRCROUTING" (node_4) is false
[00:40:55.634] [bmv2] [T] [thread 92090] [60.0] [cxt 0] basic.p4(576) Condition "hdr.ethernet.etherType == TYPE_YEQUDESU" (node_12) is false
[00:40:55.634] [bmv2] [T] [thread 92090] [60.0] [cxt 0] basic.p4(582) Condition "hdr.vxlan.isValid()" (node_15) is false
[00:40:55.634] [bmv2] [T] [thread 92090] [60.0] [cxt 0] basic.p4(586) Condition "hdr.ipv6.isValid()" (node_17) is true
[00:40:55.634] [bmv2] [T] [thread 92090] [60.0] [cxt 0] Applying table 'MyIngress.ipv6_lpm'
[00:40:55.634] [bmv2] [D] [thread 92090] [60.0] [cxt 0] Looking up key:
* hdr.ipv6.dstAddr    : ff0200000000000000000000000000fb

[00:40:55.634] [bmv2] [D] [thread 92090] [60.0] [cxt 0] Table 'MyIngress.ipv6_lpm': miss
[00:40:55.634] [bmv2] [D] [thread 92090] [60.0] [cxt 0] Action entry is NoAction - 
[00:40:55.634] [bmv2] [T] [thread 92090] [60.0] [cxt 0] Action NoAction
[00:40:55.634] [bmv2] [D] [thread 92090] [60.0] [cxt 0] Pipeline 'ingress': end
[00:40:55.634] [bmv2] [D] [thread 92090] [60.0] [cxt 0] Egress port is 0
[00:40:55.634] [bmv2] [D] [thread 92091] [60.0] [cxt 0] Pipeline 'egress': start
[00:40:55.634] [bmv2] [T] [thread 92091] [60.0] [cxt 0] basic.p4(684) Condition "standard_metadata.mcast_grp != 0" (node_28) is false
[00:40:55.634] [bmv2] [D] [thread 92091] [60.0] [cxt 0] Pipeline 'egress': end
[00:40:55.634] [bmv2] [D] [thread 92091] [60.0] [cxt 0] Deparser 'deparser': start
[00:40:55.634] [bmv2] [T] [thread 92091] [60.0] [cxt 0] Skipping checksum 'cksum' update because condition not met
[00:40:55.634] [bmv2] [D] [thread 92091] [60.0] [cxt 0] Deparsing header 'ethernet'
[00:40:55.634] [bmv2] [D] [thread 92091] [60.0] [cxt 0] Deparsing header 'ipv6'
[00:40:55.634] [bmv2] [D] [thread 92091] [60.0] [cxt 0] Deparser 'deparser': end
[00:40:55.634] [bmv2] [D] [thread 92095] [60.0] [cxt 0] Transmitting packet of size 203 out of port 0
[00:41:06.317] [bmv2] [D] [thread 92090] [61.0] [cxt 0] Processing packet received on port 1
[00:41:06.317] [bmv2] [D] [thread 92090] [61.0] [cxt 0] Parser 'parser': start
[00:41:06.317] [bmv2] [D] [thread 92090] [61.0] [cxt 0] Parser 'parser' entering state 'start'
[00:41:06.317] [bmv2] [D] [thread 92090] [61.0] [cxt 0] Extracting header 'ethernet'
[00:41:06.317] [bmv2] [D] [thread 92090] [61.0] [cxt 0] Parser state 'start': key is 86dd
[00:41:06.317] [bmv2] [T] [thread 92090] [61.0] [cxt 0] Bytes parsed: 14
[00:41:06.317] [bmv2] [D] [thread 92090] [61.0] [cxt 0] Parser 'parser' entering state 'parse_ipv6'
[00:41:06.317] [bmv2] [D] [thread 92090] [61.0] [cxt 0] Extracting header 'ipv6'
[00:41:06.317] [bmv2] [D] [thread 92090] [61.0] [cxt 0] Parser state 'parse_ipv6': key is 3a
[00:41:06.317] [bmv2] [T] [thread 92090] [61.0] [cxt 0] Bytes parsed: 54
[00:41:06.317] [bmv2] [D] [thread 92090] [61.0] [cxt 0] Parser 'parser': end
[00:41:06.317] [bmv2] [D] [thread 92090] [61.0] [cxt 0] Pipeline 'ingress': start
[00:41:06.317] [bmv2] [T] [thread 92090] [61.0] [cxt 0] basic.p4(560) Condition "hdr.ethernet.etherType == TYPE_ARP" (node_2) is false
[00:41:06.317] [bmv2] [T] [thread 92090] [61.0] [cxt 0] basic.p4(563) Condition "hdr.ethernet.etherType == TYPE_SRCROUTING" (node_4) is false
[00:41:06.317] [bmv2] [T] [thread 92090] [61.0] [cxt 0] basic.p4(576) Condition "hdr.ethernet.etherType == TYPE_YEQUDESU" (node_12) is false
[00:41:06.317] [bmv2] [T] [thread 92090] [61.0] [cxt 0] basic.p4(582) Condition "hdr.vxlan.isValid()" (node_15) is false
[00:41:06.317] [bmv2] [T] [thread 92090] [61.0] [cxt 0] basic.p4(586) Condition "hdr.ipv6.isValid()" (node_17) is true
[00:41:06.317] [bmv2] [T] [thread 92090] [61.0] [cxt 0] Applying table 'MyIngress.ipv6_lpm'
[00:41:06.317] [bmv2] [D] [thread 92090] [61.0] [cxt 0] Looking up key:
* hdr.ipv6.dstAddr    : ff020000000000000000000000000002

[00:41:06.317] [bmv2] [D] [thread 92090] [61.0] [cxt 0] Table 'MyIngress.ipv6_lpm': miss
[00:41:06.317] [bmv2] [D] [thread 92090] [61.0] [cxt 0] Action entry is NoAction - 
[00:41:06.317] [bmv2] [T] [thread 92090] [61.0] [cxt 0] Action NoAction
[00:41:06.317] [bmv2] [D] [thread 92090] [61.0] [cxt 0] Pipeline 'ingress': end
[00:41:06.317] [bmv2] [D] [thread 92090] [61.0] [cxt 0] Egress port is 0
[00:41:06.317] [bmv2] [D] [thread 92091] [61.0] [cxt 0] Pipeline 'egress': start
[00:41:06.317] [bmv2] [T] [thread 92091] [61.0] [cxt 0] basic.p4(684) Condition "standard_metadata.mcast_grp != 0" (node_28) is false
[00:41:06.317] [bmv2] [D] [thread 92091] [61.0] [cxt 0] Pipeline 'egress': end
[00:41:06.317] [bmv2] [D] [thread 92091] [61.0] [cxt 0] Deparser 'deparser': start
[00:41:06.317] [bmv2] [T] [thread 92091] [61.0] [cxt 0] Skipping checksum 'cksum' update because condition not met
[00:41:06.317] [bmv2] [D] [thread 92091] [61.0] [cxt 0] Deparsing header 'ethernet'
[00:41:06.317] [bmv2] [D] [thread 92091] [61.0] [cxt 0] Deparsing header 'ipv6'
[00:41:06.317] [bmv2] [D] [thread 92091] [61.0] [cxt 0] Deparser 'deparser': end
[00:41:06.317] [bmv2] [D] [thread 92095] [61.0] [cxt 0] Transmitting packet of size 70 out of port 0
[00:41:30.893] [bmv2] [D] [thread 92090] [62.0] [cxt 0] Processing packet received on port 1
[00:41:30.893] [bmv2] [D] [thread 92090] [62.0] [cxt 0] Parser 'parser': start
[00:41:30.893] [bmv2] [D] [thread 92090] [62.0] [cxt 0] Parser 'parser' entering state 'start'
[00:41:30.893] [bmv2] [D] [thread 92090] [62.0] [cxt 0] Extracting header 'ethernet'
[00:41:30.893] [bmv2] [D] [thread 92090] [62.0] [cxt 0] Parser state 'start': key is 86dd
[00:41:30.893] [bmv2] [T] [thread 92090] [62.0] [cxt 0] Bytes parsed: 14
[00:41:30.893] [bmv2] [D] [thread 92090] [62.0] [cxt 0] Parser 'parser' entering state 'parse_ipv6'
[00:41:30.893] [bmv2] [D] [thread 92090] [62.0] [cxt 0] Extracting header 'ipv6'
[00:41:30.893] [bmv2] [D] [thread 92090] [62.0] [cxt 0] Parser state 'parse_ipv6': key is 3a
[00:41:30.893] [bmv2] [T] [thread 92090] [62.0] [cxt 0] Bytes parsed: 54
[00:41:30.893] [bmv2] [D] [thread 92090] [62.0] [cxt 0] Parser 'parser': end
[00:41:30.894] [bmv2] [D] [thread 92090] [62.0] [cxt 0] Pipeline 'ingress': start
[00:41:30.894] [bmv2] [T] [thread 92090] [62.0] [cxt 0] basic.p4(560) Condition "hdr.ethernet.etherType == TYPE_ARP" (node_2) is false
[00:41:30.894] [bmv2] [T] [thread 92090] [62.0] [cxt 0] basic.p4(563) Condition "hdr.ethernet.etherType == TYPE_SRCROUTING" (node_4) is false
[00:41:30.894] [bmv2] [T] [thread 92090] [62.0] [cxt 0] basic.p4(576) Condition "hdr.ethernet.etherType == TYPE_YEQUDESU" (node_12) is false
[00:41:30.894] [bmv2] [T] [thread 92090] [62.0] [cxt 0] basic.p4(582) Condition "hdr.vxlan.isValid()" (node_15) is false
[00:41:30.894] [bmv2] [T] [thread 92090] [62.0] [cxt 0] basic.p4(586) Condition "hdr.ipv6.isValid()" (node_17) is true
[00:41:30.894] [bmv2] [T] [thread 92090] [62.0] [cxt 0] Applying table 'MyIngress.ipv6_lpm'
[00:41:30.894] [bmv2] [D] [thread 92090] [62.0] [cxt 0] Looking up key:
* hdr.ipv6.dstAddr    : ff020000000000000000000000000002

[00:41:30.894] [bmv2] [D] [thread 92090] [62.0] [cxt 0] Table 'MyIngress.ipv6_lpm': miss
[00:41:30.894] [bmv2] [D] [thread 92090] [62.0] [cxt 0] Action entry is NoAction - 
[00:41:30.894] [bmv2] [T] [thread 92090] [62.0] [cxt 0] Action NoAction
[00:41:30.894] [bmv2] [D] [thread 92090] [62.0] [cxt 0] Pipeline 'ingress': end
[00:41:30.894] [bmv2] [D] [thread 92090] [62.0] [cxt 0] Egress port is 0
[00:41:30.894] [bmv2] [D] [thread 92091] [62.0] [cxt 0] Pipeline 'egress': start
[00:41:30.894] [bmv2] [T] [thread 92091] [62.0] [cxt 0] basic.p4(684) Condition "standard_metadata.mcast_grp != 0" (node_28) is false
[00:41:30.894] [bmv2] [D] [thread 92091] [62.0] [cxt 0] Pipeline 'egress': end
[00:41:30.894] [bmv2] [D] [thread 92091] [62.0] [cxt 0] Deparser 'deparser': start
[00:41:30.894] [bmv2] [T] [thread 92091] [62.0] [cxt 0] Skipping checksum 'cksum' update because condition not met
[00:41:30.894] [bmv2] [D] [thread 92091] [62.0] [cxt 0] Deparsing header 'ethernet'
[00:41:30.894] [bmv2] [D] [thread 92091] [62.0] [cxt 0] Deparsing header 'ipv6'
[00:41:30.894] [bmv2] [D] [thread 92091] [62.0] [cxt 0] Deparser 'deparser': end
[00:41:30.894] [bmv2] [D] [thread 92095] [62.0] [cxt 0] Transmitting packet of size 70 out of port 0
[00:41:32.061] [bmv2] [D] [thread 92090] [63.0] [cxt 0] Processing packet received on port 1
[00:41:32.061] [bmv2] [D] [thread 92090] [63.0] [cxt 0] Parser 'parser': start
[00:41:32.061] [bmv2] [D] [thread 92090] [63.0] [cxt 0] Parser 'parser' entering state 'start'
[00:41:32.061] [bmv2] [D] [thread 92090] [63.0] [cxt 0] Extracting header 'ethernet'
[00:41:32.061] [bmv2] [D] [thread 92090] [63.0] [cxt 0] Parser state 'start': key is 86dd
[00:41:32.061] [bmv2] [T] [thread 92090] [63.0] [cxt 0] Bytes parsed: 14
[00:41:32.061] [bmv2] [D] [thread 92090] [63.0] [cxt 0] Parser 'parser' entering state 'parse_ipv6'
[00:41:32.061] [bmv2] [D] [thread 92090] [63.0] [cxt 0] Extracting header 'ipv6'
[00:41:32.061] [bmv2] [D] [thread 92090] [63.0] [cxt 0] Parser state 'parse_ipv6': key is 00
[00:41:32.061] [bmv2] [T] [thread 92090] [63.0] [cxt 0] Bytes parsed: 54
[00:41:32.061] [bmv2] [D] [thread 92090] [63.0] [cxt 0] Parser 'parser': end
[00:41:32.061] [bmv2] [D] [thread 92090] [63.0] [cxt 0] Pipeline 'ingress': start
[00:41:32.061] [bmv2] [T] [thread 92090] [63.0] [cxt 0] basic.p4(560) Condition "hdr.ethernet.etherType == TYPE_ARP" (node_2) is false
[00:41:32.061] [bmv2] [T] [thread 92090] [63.0] [cxt 0] basic.p4(563) Condition "hdr.ethernet.etherType == TYPE_SRCROUTING" (node_4) is false
[00:41:32.061] [bmv2] [T] [thread 92090] [63.0] [cxt 0] basic.p4(576) Condition "hdr.ethernet.etherType == TYPE_YEQUDESU" (node_12) is false
[00:41:32.061] [bmv2] [T] [thread 92090] [63.0] [cxt 0] basic.p4(582) Condition "hdr.vxlan.isValid()" (node_15) is false
[00:41:32.061] [bmv2] [T] [thread 92090] [63.0] [cxt 0] basic.p4(586) Condition "hdr.ipv6.isValid()" (node_17) is true
[00:41:32.061] [bmv2] [T] [thread 92090] [63.0] [cxt 0] Applying table 'MyIngress.ipv6_lpm'
[00:41:32.061] [bmv2] [D] [thread 92090] [63.0] [cxt 0] Looking up key:
* hdr.ipv6.dstAddr    : 0032044020010db80000000000000000

[00:41:32.061] [bmv2] [D] [thread 92090] [63.0] [cxt 0] Table 'MyIngress.ipv6_lpm': miss
[00:41:32.061] [bmv2] [D] [thread 92090] [63.0] [cxt 0] Action entry is NoAction - 
[00:41:32.061] [bmv2] [T] [thread 92090] [63.0] [cxt 0] Action NoAction
[00:41:32.061] [bmv2] [D] [thread 92090] [63.0] [cxt 0] Pipeline 'ingress': end
[00:41:32.061] [bmv2] [D] [thread 92090] [63.0] [cxt 0] Egress port is 0
[00:41:32.061] [bmv2] [D] [thread 92091] [63.0] [cxt 0] Pipeline 'egress': start
[00:41:32.061] [bmv2] [T] [thread 92091] [63.0] [cxt 0] basic.p4(684) Condition "standard_metadata.mcast_grp != 0" (node_28) is false
[00:41:32.061] [bmv2] [D] [thread 92091] [63.0] [cxt 0] Pipeline 'egress': end
[00:41:32.061] [bmv2] [D] [thread 92091] [63.0] [cxt 0] Deparser 'deparser': start
[00:41:32.061] [bmv2] [T] [thread 92091] [63.0] [cxt 0] Skipping checksum 'cksum' update because condition not met
[00:41:32.061] [bmv2] [D] [thread 92091] [63.0] [cxt 0] Deparsing header 'ethernet'
[00:41:32.061] [bmv2] [D] [thread 92091] [63.0] [cxt 0] Deparsing header 'ipv6'
[00:41:32.061] [bmv2] [D] [thread 92091] [63.0] [cxt 0] Deparser 'deparser': end
[00:41:32.061] [bmv2] [D] [thread 92095] [63.0] [cxt 0] Transmitting packet of size 104 out of port 0
[00:41:34.338] [bmv2] [D] [thread 92090] [64.0] [cxt 0] Processing packet received on port 1
[00:41:34.338] [bmv2] [D] [thread 92090] [64.0] [cxt 0] Parser 'parser': start
[00:41:34.338] [bmv2] [D] [thread 92090] [64.0] [cxt 0] Parser 'parser' entering state 'start'
[00:41:34.338] [bmv2] [D] [thread 92090] [64.0] [cxt 0] Extracting header 'ethernet'
[00:41:34.338] [bmv2] [D] [thread 92090] [64.0] [cxt 0] Parser state 'start': key is 86dd
[00:41:34.338] [bmv2] [T] [thread 92090] [64.0] [cxt 0] Bytes parsed: 14
[00:41:34.338] [bmv2] [D] [thread 92090] [64.0] [cxt 0] Parser 'parser' entering state 'parse_ipv6'
[00:41:34.338] [bmv2] [D] [thread 92090] [64.0] [cxt 0] Extracting header 'ipv6'
[00:41:34.338] [bmv2] [D] [thread 92090] [64.0] [cxt 0] Parser state 'parse_ipv6': key is 00
[00:41:34.338] [bmv2] [T] [thread 92090] [64.0] [cxt 0] Bytes parsed: 54
[00:41:34.338] [bmv2] [D] [thread 92090] [64.0] [cxt 0] Parser 'parser': end
[00:41:34.338] [bmv2] [D] [thread 92090] [64.0] [cxt 0] Pipeline 'ingress': start
[00:41:34.338] [bmv2] [T] [thread 92090] [64.0] [cxt 0] basic.p4(560) Condition "hdr.ethernet.etherType == TYPE_ARP" (node_2) is false
[00:41:34.338] [bmv2] [T] [thread 92090] [64.0] [cxt 0] basic.p4(563) Condition "hdr.ethernet.etherType == TYPE_SRCROUTING" (node_4) is false
[00:41:34.338] [bmv2] [T] [thread 92090] [64.0] [cxt 0] basic.p4(576) Condition "hdr.ethernet.etherType == TYPE_YEQUDESU" (node_12) is false
[00:41:34.338] [bmv2] [T] [thread 92090] [64.0] [cxt 0] basic.p4(582) Condition "hdr.vxlan.isValid()" (node_15) is false
[00:41:34.338] [bmv2] [T] [thread 92090] [64.0] [cxt 0] basic.p4(586) Condition "hdr.ipv6.isValid()" (node_17) is true
[00:41:34.338] [bmv2] [T] [thread 92090] [64.0] [cxt 0] Applying table 'MyIngress.ipv6_lpm'
[00:41:34.338] [bmv2] [D] [thread 92090] [64.0] [cxt 0] Looking up key:
* hdr.ipv6.dstAddr    : 0032044020010db80000000000000000

[00:41:34.338] [bmv2] [D] [thread 92090] [64.0] [cxt 0] Table 'MyIngress.ipv6_lpm': miss
[00:41:34.338] [bmv2] [D] [thread 92090] [64.0] [cxt 0] Action entry is NoAction - 
[00:41:34.338] [bmv2] [T] [thread 92090] [64.0] [cxt 0] Action NoAction
[00:41:34.338] [bmv2] [D] [thread 92090] [64.0] [cxt 0] Pipeline 'ingress': end
[00:41:34.338] [bmv2] [D] [thread 92090] [64.0] [cxt 0] Egress port is 0
[00:41:34.338] [bmv2] [D] [thread 92091] [64.0] [cxt 0] Pipeline 'egress': start
[00:41:34.338] [bmv2] [T] [thread 92091] [64.0] [cxt 0] basic.p4(684) Condition "standard_metadata.mcast_grp != 0" (node_28) is false
[00:41:34.338] [bmv2] [D] [thread 92091] [64.0] [cxt 0] Pipeline 'egress': end
[00:41:34.338] [bmv2] [D] [thread 92091] [64.0] [cxt 0] Deparser 'deparser': start
[00:41:34.338] [bmv2] [T] [thread 92091] [64.0] [cxt 0] Skipping checksum 'cksum' update because condition not met
[00:41:34.338] [bmv2] [D] [thread 92091] [64.0] [cxt 0] Deparsing header 'ethernet'
[00:41:34.338] [bmv2] [D] [thread 92091] [64.0] [cxt 0] Deparsing header 'ipv6'
[00:41:34.338] [bmv2] [D] [thread 92091] [64.0] [cxt 0] Deparser 'deparser': end
[00:41:34.338] [bmv2] [D] [thread 92095] [64.0] [cxt 0] Transmitting packet of size 104 out of port 0
[00:44:39.310] [bmv2] [D] [thread 92090] [65.0] [cxt 0] Processing packet received on port 2
[00:44:39.310] [bmv2] [D] [thread 92090] [65.0] [cxt 0] Parser 'parser': start
[00:44:39.310] [bmv2] [D] [thread 92090] [65.0] [cxt 0] Parser 'parser' entering state 'start'
[00:44:39.310] [bmv2] [D] [thread 92090] [65.0] [cxt 0] Extracting header 'ethernet'
[00:44:39.310] [bmv2] [D] [thread 92090] [65.0] [cxt 0] Parser state 'start': key is 86dd
[00:44:39.310] [bmv2] [T] [thread 92090] [65.0] [cxt 0] Bytes parsed: 14
[00:44:39.310] [bmv2] [D] [thread 92090] [65.0] [cxt 0] Parser 'parser' entering state 'parse_ipv6'
[00:44:39.310] [bmv2] [D] [thread 92090] [65.0] [cxt 0] Extracting header 'ipv6'
[00:44:39.310] [bmv2] [D] [thread 92090] [65.0] [cxt 0] Parser state 'parse_ipv6': key is 3a
[00:44:39.310] [bmv2] [T] [thread 92090] [65.0] [cxt 0] Bytes parsed: 54
[00:44:39.310] [bmv2] [D] [thread 92090] [65.0] [cxt 0] Parser 'parser': end
[00:44:39.310] [bmv2] [D] [thread 92090] [65.0] [cxt 0] Pipeline 'ingress': start
[00:44:39.310] [bmv2] [T] [thread 92090] [65.0] [cxt 0] basic.p4(560) Condition "hdr.ethernet.etherType == TYPE_ARP" (node_2) is false
[00:44:39.310] [bmv2] [T] [thread 92090] [65.0] [cxt 0] basic.p4(563) Condition "hdr.ethernet.etherType == TYPE_SRCROUTING" (node_4) is false
[00:44:39.310] [bmv2] [T] [thread 92090] [65.0] [cxt 0] basic.p4(576) Condition "hdr.ethernet.etherType == TYPE_YEQUDESU" (node_12) is false
[00:44:39.310] [bmv2] [T] [thread 92090] [65.0] [cxt 0] basic.p4(582) Condition "hdr.vxlan.isValid()" (node_15) is false
[00:44:39.310] [bmv2] [T] [thread 92090] [65.0] [cxt 0] basic.p4(586) Condition "hdr.ipv6.isValid()" (node_17) is true
[00:44:39.310] [bmv2] [T] [thread 92090] [65.0] [cxt 0] Applying table 'MyIngress.ipv6_lpm'
[00:44:39.310] [bmv2] [D] [thread 92090] [65.0] [cxt 0] Looking up key:
* hdr.ipv6.dstAddr    : ff020000000000000000000000000002

[00:44:39.310] [bmv2] [D] [thread 92090] [65.0] [cxt 0] Table 'MyIngress.ipv6_lpm': miss
[00:44:39.310] [bmv2] [D] [thread 92090] [65.0] [cxt 0] Action entry is NoAction - 
[00:44:39.310] [bmv2] [T] [thread 92090] [65.0] [cxt 0] Action NoAction
[00:44:39.310] [bmv2] [D] [thread 92090] [65.0] [cxt 0] Pipeline 'ingress': end
[00:44:39.310] [bmv2] [D] [thread 92090] [65.0] [cxt 0] Egress port is 0
[00:44:39.310] [bmv2] [D] [thread 92091] [65.0] [cxt 0] Pipeline 'egress': start
[00:44:39.310] [bmv2] [T] [thread 92091] [65.0] [cxt 0] basic.p4(684) Condition "standard_metadata.mcast_grp != 0" (node_28) is false
[00:44:39.310] [bmv2] [D] [thread 92091] [65.0] [cxt 0] Pipeline 'egress': end
[00:44:39.310] [bmv2] [D] [thread 92091] [65.0] [cxt 0] Deparser 'deparser': start
[00:44:39.310] [bmv2] [T] [thread 92091] [65.0] [cxt 0] Skipping checksum 'cksum' update because condition not met
[00:44:39.310] [bmv2] [D] [thread 92091] [65.0] [cxt 0] Deparsing header 'ethernet'
[00:44:39.310] [bmv2] [D] [thread 92091] [65.0] [cxt 0] Deparsing header 'ipv6'
[00:44:39.310] [bmv2] [D] [thread 92091] [65.0] [cxt 0] Deparser 'deparser': end
[00:44:39.311] [bmv2] [D] [thread 92095] [65.0] [cxt 0] Transmitting packet of size 70 out of port 0
