Calling target program-options parser
[02:45:16.120] [bmv2] [D] [thread 160771] Set default default entry for table 'MyIngress.arp_match': MyIngress.drop - 
[02:45:16.120] [bmv2] [D] [thread 160771] Set default default entry for table 'tbl_srcRoute_finish': MyIngress.srcRoute_finish - 
[02:45:16.120] [bmv2] [D] [thread 160771] Set default default entry for table 'MyIngress.ipv4_lpm_src': NoAction - 
[02:45:16.120] [bmv2] [D] [thread 160771] Set default default entry for table 'tbl_srcRoute_nhop': MyIngress.srcRoute_nhop - 
[02:45:16.120] [bmv2] [D] [thread 160771] Set default default entry for table 'tbl_update_ttl': MyIngress.update_ttl - 
[02:45:16.120] [bmv2] [D] [thread 160771] Set default default entry for table 'MyIngress.yequdesu_exact': MyIngress.drop - 
[02:45:16.120] [bmv2] [D] [thread 160771] Set default default entry for table 'MyIngress.vxlan_decap_exact': MyIngress.drop - 
[02:45:16.120] [bmv2] [D] [thread 160771] Set default default entry for table 'MyIngress.ipv6_lpm': NoAction - 
[02:45:16.120] [bmv2] [D] [thread 160771] Set default default entry for table 'MyIngress.vxlan_lpm': NoAction - 
[02:45:16.120] [bmv2] [D] [thread 160771] Set default default entry for table 'MyIngress.modality_schedule': NoAction - 
[02:45:16.120] [bmv2] [D] [thread 160771] Set default default entry for table 'MyIngress.adjudication': NoAction - 
[02:45:16.120] [bmv2] [D] [thread 160771] Set default default entry for table 'MyIngress.ipv4_lpm': NoAction - 
[02:45:16.121] [bmv2] [D] [thread 160771] Set default default entry for table 'MyEgress.egress_encap_ipv6': NoAction - 
[02:45:16.121] [bmv2] [D] [thread 160771] Set default default entry for table 'MyEgress.egress_encap_yequdesu': NoAction - 
[02:45:16.121] [bmv2] [D] [thread 160771] Set default default entry for table 'MyEgress.egress_encap_vxlan': NoAction - 
Adding interface s22-eth1 as port 1
[02:45:16.125] [bmv2] [D] [thread 160771] Adding interface s22-eth1 as port 1
Adding interface s22-eth2 as port 2
[02:45:16.143] [bmv2] [D] [thread 160771] Adding interface s22-eth2 as port 2
Server listening on 0.0.0.0:50056
[02:45:16.157] [bmv2] [I] [thread 160771] Starting Thrift server on port 9095
[02:45:16.158] [bmv2] [I] [thread 160771] Thrift server was started
[02:45:16.517] [bmv2] [D] [thread 160791] [0.0] [cxt 0] Processing packet received on port 1
[02:45:16.517] [bmv2] [D] [thread 160791] [0.0] [cxt 0] Parser 'parser': start
[02:45:16.517] [bmv2] [D] [thread 160791] [0.0] [cxt 0] Parser 'parser' entering state 'start'
[02:45:16.517] [bmv2] [D] [thread 160791] [0.0] [cxt 0] Extracting header 'ethernet'
[02:45:16.517] [bmv2] [D] [thread 160791] [0.0] [cxt 0] Parser state 'start': key is 86dd
[02:45:16.517] [bmv2] [T] [thread 160791] [0.0] [cxt 0] Bytes parsed: 14
[02:45:16.517] [bmv2] [D] [thread 160791] [0.0] [cxt 0] Parser 'parser' entering state 'parse_ipv6'
[02:45:16.517] [bmv2] [D] [thread 160791] [0.0] [cxt 0] Extracting header 'ipv6'
[02:45:16.517] [bmv2] [D] [thread 160791] [0.0] [cxt 0] Parser state 'parse_ipv6': key is 11
[02:45:16.517] [bmv2] [T] [thread 160791] [0.0] [cxt 0] Bytes parsed: 54
[02:45:16.517] [bmv2] [D] [thread 160791] [0.0] [cxt 0] Parser 'parser': end
[02:45:16.517] [bmv2] [D] [thread 160791] [0.0] [cxt 0] Pipeline 'ingress': start
[02:45:16.517] [bmv2] [T] [thread 160791] [0.0] [cxt 0] basic.p4(565) Condition "hdr.ethernet.etherType == TYPE_ARP" (node_2) is false
[02:45:16.517] [bmv2] [T] [thread 160791] [0.0] [cxt 0] basic.p4(568) Condition "hdr.ethernet.etherType == TYPE_SRCROUTING" (node_4) is false
[02:45:16.517] [bmv2] [T] [thread 160791] [0.0] [cxt 0] basic.p4(581) Condition "hdr.ethernet.etherType == TYPE_YEQUDESU" (node_12) is false
[02:45:16.517] [bmv2] [T] [thread 160791] [0.0] [cxt 0] basic.p4(587) Condition "hdr.vxlan.isValid()" (node_15) is false
[02:45:16.517] [bmv2] [T] [thread 160791] [0.0] [cxt 0] basic.p4(591) Condition "hdr.ipv6.isValid()" (node_17) is true
[02:45:16.517] [bmv2] [T] [thread 160791] [0.0] [cxt 0] Applying table 'MyIngress.ipv6_lpm'
[02:45:16.517] [bmv2] [D] [thread 160791] [0.0] [cxt 0] Looking up key:
* hdr.ipv6.dstAddr    : ff0200000000000000000000000000fb

[02:45:16.517] [bmv2] [D] [thread 160791] [0.0] [cxt 0] Table 'MyIngress.ipv6_lpm': miss
[02:45:16.517] [bmv2] [D] [thread 160791] [0.0] [cxt 0] Action entry is NoAction - 
[02:45:16.517] [bmv2] [T] [thread 160791] [0.0] [cxt 0] Action NoAction
[02:45:16.517] [bmv2] [D] [thread 160791] [0.0] [cxt 0] Pipeline 'ingress': end
[02:45:16.517] [bmv2] [D] [thread 160791] [0.0] [cxt 0] Egress port is 0
[02:45:16.517] [bmv2] [D] [thread 160793] [0.0] [cxt 0] Pipeline 'egress': start
[02:45:16.517] [bmv2] [T] [thread 160793] [0.0] [cxt 0] Applying table 'MyEgress.egress_encap_ipv6'
[02:45:16.517] [bmv2] [D] [thread 160793] [0.0] [cxt 0] Looking up key:
* standard_metadata.egress_port: 0000

[02:45:16.517] [bmv2] [D] [thread 160793] [0.0] [cxt 0] Table 'MyEgress.egress_encap_ipv6': miss
[02:45:16.517] [bmv2] [D] [thread 160793] [0.0] [cxt 0] Action entry is NoAction - 
[02:45:16.517] [bmv2] [T] [thread 160793] [0.0] [cxt 0] Action NoAction
[02:45:16.517] [bmv2] [T] [thread 160793] [0.0] [cxt 0] Applying table 'MyEgress.egress_encap_yequdesu'
[02:45:16.517] [bmv2] [D] [thread 160793] [0.0] [cxt 0] Looking up key:
* standard_metadata.egress_port: 0000

[02:45:16.517] [bmv2] [D] [thread 160793] [0.0] [cxt 0] Table 'MyEgress.egress_encap_yequdesu': miss
[02:45:16.517] [bmv2] [D] [thread 160793] [0.0] [cxt 0] Action entry is NoAction - 
[02:45:16.517] [bmv2] [T] [thread 160793] [0.0] [cxt 0] Action NoAction
[02:45:16.517] [bmv2] [T] [thread 160793] [0.0] [cxt 0] Applying table 'MyEgress.egress_encap_vxlan'
[02:45:16.517] [bmv2] [D] [thread 160793] [0.0] [cxt 0] Looking up key:
* standard_metadata.egress_port: 0000

[02:45:16.517] [bmv2] [D] [thread 160793] [0.0] [cxt 0] Table 'MyEgress.egress_encap_vxlan': miss
[02:45:16.517] [bmv2] [D] [thread 160793] [0.0] [cxt 0] Action entry is NoAction - 
[02:45:16.517] [bmv2] [T] [thread 160793] [0.0] [cxt 0] Action NoAction
[02:45:16.517] [bmv2] [D] [thread 160793] [0.0] [cxt 0] Pipeline 'egress': end
[02:45:16.517] [bmv2] [D] [thread 160793] [0.0] [cxt 0] Deparser 'deparser': start
[02:45:16.517] [bmv2] [T] [thread 160793] [0.0] [cxt 0] Skipping checksum 'cksum' update because condition not met
[02:45:16.517] [bmv2] [D] [thread 160793] [0.0] [cxt 0] Deparsing header 'ethernet'
[02:45:16.517] [bmv2] [D] [thread 160793] [0.0] [cxt 0] Deparsing header 'ipv6'
[02:45:16.517] [bmv2] [D] [thread 160793] [0.0] [cxt 0] Deparser 'deparser': end
[02:45:16.518] [bmv2] [D] [thread 160797] [0.0] [cxt 0] Transmitting packet of size 199 out of port 0
[02:45:16.771] [bmv2] [D] [thread 160791] [1.0] [cxt 0] Processing packet received on port 2
[02:45:16.771] [bmv2] [D] [thread 160791] [1.0] [cxt 0] Parser 'parser': start
[02:45:16.771] [bmv2] [D] [thread 160791] [1.0] [cxt 0] Parser 'parser' entering state 'start'
[02:45:16.771] [bmv2] [D] [thread 160791] [1.0] [cxt 0] Extracting header 'ethernet'
[02:45:16.771] [bmv2] [D] [thread 160791] [1.0] [cxt 0] Parser state 'start': key is 86dd
[02:45:16.771] [bmv2] [T] [thread 160791] [1.0] [cxt 0] Bytes parsed: 14
[02:45:16.771] [bmv2] [D] [thread 160791] [1.0] [cxt 0] Parser 'parser' entering state 'parse_ipv6'
[02:45:16.771] [bmv2] [D] [thread 160791] [1.0] [cxt 0] Extracting header 'ipv6'
[02:45:16.771] [bmv2] [D] [thread 160791] [1.0] [cxt 0] Parser state 'parse_ipv6': key is 11
[02:45:16.771] [bmv2] [T] [thread 160791] [1.0] [cxt 0] Bytes parsed: 54
[02:45:16.771] [bmv2] [D] [thread 160791] [1.0] [cxt 0] Parser 'parser': end
[02:45:16.771] [bmv2] [D] [thread 160791] [1.0] [cxt 0] Pipeline 'ingress': start
[02:45:16.771] [bmv2] [T] [thread 160791] [1.0] [cxt 0] basic.p4(565) Condition "hdr.ethernet.etherType == TYPE_ARP" (node_2) is false
[02:45:16.771] [bmv2] [T] [thread 160791] [1.0] [cxt 0] basic.p4(568) Condition "hdr.ethernet.etherType == TYPE_SRCROUTING" (node_4) is false
[02:45:16.771] [bmv2] [T] [thread 160791] [1.0] [cxt 0] basic.p4(581) Condition "hdr.ethernet.etherType == TYPE_YEQUDESU" (node_12) is false
[02:45:16.771] [bmv2] [T] [thread 160791] [1.0] [cxt 0] basic.p4(587) Condition "hdr.vxlan.isValid()" (node_15) is false
[02:45:16.771] [bmv2] [T] [thread 160791] [1.0] [cxt 0] basic.p4(591) Condition "hdr.ipv6.isValid()" (node_17) is true
[02:45:16.771] [bmv2] [T] [thread 160791] [1.0] [cxt 0] Applying table 'MyIngress.ipv6_lpm'
[02:45:16.771] [bmv2] [D] [thread 160791] [1.0] [cxt 0] Looking up key:
* hdr.ipv6.dstAddr    : ff0200000000000000000000000000fb

[02:45:16.771] [bmv2] [D] [thread 160791] [1.0] [cxt 0] Table 'MyIngress.ipv6_lpm': miss
[02:45:16.771] [bmv2] [D] [thread 160791] [1.0] [cxt 0] Action entry is NoAction - 
[02:45:16.771] [bmv2] [T] [thread 160791] [1.0] [cxt 0] Action NoAction
[02:45:16.772] [bmv2] [D] [thread 160791] [1.0] [cxt 0] Pipeline 'ingress': end
[02:45:16.772] [bmv2] [D] [thread 160791] [1.0] [cxt 0] Egress port is 0
[02:45:16.772] [bmv2] [D] [thread 160793] [1.0] [cxt 0] Pipeline 'egress': start
[02:45:16.772] [bmv2] [T] [thread 160793] [1.0] [cxt 0] Applying table 'MyEgress.egress_encap_ipv6'
[02:45:16.772] [bmv2] [D] [thread 160793] [1.0] [cxt 0] Looking up key:
* standard_metadata.egress_port: 0000

[02:45:16.772] [bmv2] [D] [thread 160793] [1.0] [cxt 0] Table 'MyEgress.egress_encap_ipv6': miss
[02:45:16.772] [bmv2] [D] [thread 160793] [1.0] [cxt 0] Action entry is NoAction - 
[02:45:16.772] [bmv2] [T] [thread 160793] [1.0] [cxt 0] Action NoAction
[02:45:16.772] [bmv2] [T] [thread 160793] [1.0] [cxt 0] Applying table 'MyEgress.egress_encap_yequdesu'
[02:45:16.772] [bmv2] [D] [thread 160793] [1.0] [cxt 0] Looking up key:
* standard_metadata.egress_port: 0000

[02:45:16.772] [bmv2] [D] [thread 160793] [1.0] [cxt 0] Table 'MyEgress.egress_encap_yequdesu': miss
[02:45:16.772] [bmv2] [D] [thread 160793] [1.0] [cxt 0] Action entry is NoAction - 
[02:45:16.772] [bmv2] [T] [thread 160793] [1.0] [cxt 0] Action NoAction
[02:45:16.772] [bmv2] [T] [thread 160793] [1.0] [cxt 0] Applying table 'MyEgress.egress_encap_vxlan'
[02:45:16.772] [bmv2] [D] [thread 160793] [1.0] [cxt 0] Looking up key:
* standard_metadata.egress_port: 0000

[02:45:16.772] [bmv2] [D] [thread 160793] [1.0] [cxt 0] Table 'MyEgress.egress_encap_vxlan': miss
[02:45:16.772] [bmv2] [D] [thread 160793] [1.0] [cxt 0] Action entry is NoAction - 
[02:45:16.772] [bmv2] [T] [thread 160793] [1.0] [cxt 0] Action NoAction
[02:45:16.772] [bmv2] [D] [thread 160793] [1.0] [cxt 0] Pipeline 'egress': end
[02:45:16.772] [bmv2] [D] [thread 160793] [1.0] [cxt 0] Deparser 'deparser': start
[02:45:16.772] [bmv2] [T] [thread 160793] [1.0] [cxt 0] Skipping checksum 'cksum' update because condition not met
[02:45:16.772] [bmv2] [D] [thread 160793] [1.0] [cxt 0] Deparsing header 'ethernet'
[02:45:16.772] [bmv2] [D] [thread 160793] [1.0] [cxt 0] Deparsing header 'ipv6'
[02:45:16.772] [bmv2] [D] [thread 160793] [1.0] [cxt 0] Deparser 'deparser': end
[02:45:16.772] [bmv2] [D] [thread 160797] [1.0] [cxt 0] Transmitting packet of size 199 out of port 0
[02:45:16.774] [bmv2] [D] [thread 160791] [2.0] [cxt 0] Processing packet received on port 1
[02:45:16.774] [bmv2] [D] [thread 160791] [2.0] [cxt 0] Parser 'parser': start
[02:45:16.774] [bmv2] [D] [thread 160791] [2.0] [cxt 0] Parser 'parser' entering state 'start'
[02:45:16.774] [bmv2] [D] [thread 160791] [2.0] [cxt 0] Extracting header 'ethernet'
[02:45:16.774] [bmv2] [D] [thread 160791] [2.0] [cxt 0] Parser state 'start': key is 86dd
[02:45:16.774] [bmv2] [T] [thread 160791] [2.0] [cxt 0] Bytes parsed: 14
[02:45:16.774] [bmv2] [D] [thread 160791] [2.0] [cxt 0] Parser 'parser' entering state 'parse_ipv6'
[02:45:16.774] [bmv2] [D] [thread 160791] [2.0] [cxt 0] Extracting header 'ipv6'
[02:45:16.774] [bmv2] [D] [thread 160791] [2.0] [cxt 0] Parser state 'parse_ipv6': key is 11
[02:45:16.774] [bmv2] [T] [thread 160791] [2.0] [cxt 0] Bytes parsed: 54
[02:45:16.774] [bmv2] [D] [thread 160791] [2.0] [cxt 0] Parser 'parser': end
[02:45:16.774] [bmv2] [D] [thread 160791] [2.0] [cxt 0] Pipeline 'ingress': start
[02:45:16.774] [bmv2] [T] [thread 160791] [2.0] [cxt 0] basic.p4(565) Condition "hdr.ethernet.etherType == TYPE_ARP" (node_2) is false
[02:45:16.774] [bmv2] [T] [thread 160791] [2.0] [cxt 0] basic.p4(568) Condition "hdr.ethernet.etherType == TYPE_SRCROUTING" (node_4) is false
[02:45:16.774] [bmv2] [T] [thread 160791] [2.0] [cxt 0] basic.p4(581) Condition "hdr.ethernet.etherType == TYPE_YEQUDESU" (node_12) is false
[02:45:16.774] [bmv2] [T] [thread 160791] [2.0] [cxt 0] basic.p4(587) Condition "hdr.vxlan.isValid()" (node_15) is false
[02:45:16.774] [bmv2] [T] [thread 160791] [2.0] [cxt 0] basic.p4(591) Condition "hdr.ipv6.isValid()" (node_17) is true
[02:45:16.774] [bmv2] [T] [thread 160791] [2.0] [cxt 0] Applying table 'MyIngress.ipv6_lpm'
[02:45:16.774] [bmv2] [D] [thread 160791] [2.0] [cxt 0] Looking up key:
* hdr.ipv6.dstAddr    : ff0200000000000000000000000000fb

[02:45:16.774] [bmv2] [D] [thread 160791] [2.0] [cxt 0] Table 'MyIngress.ipv6_lpm': miss
[02:45:16.774] [bmv2] [D] [thread 160791] [2.0] [cxt 0] Action entry is NoAction - 
[02:45:16.774] [bmv2] [T] [thread 160791] [2.0] [cxt 0] Action NoAction
[02:45:16.774] [bmv2] [D] [thread 160791] [2.0] [cxt 0] Pipeline 'ingress': end
[02:45:16.774] [bmv2] [D] [thread 160791] [2.0] [cxt 0] Egress port is 0
[02:45:16.774] [bmv2] [D] [thread 160793] [2.0] [cxt 0] Pipeline 'egress': start
[02:45:16.774] [bmv2] [T] [thread 160793] [2.0] [cxt 0] Applying table 'MyEgress.egress_encap_ipv6'
[02:45:16.775] [bmv2] [D] [thread 160793] [2.0] [cxt 0] Looking up key:
* standard_metadata.egress_port: 0000

[02:45:16.775] [bmv2] [D] [thread 160793] [2.0] [cxt 0] Table 'MyEgress.egress_encap_ipv6': miss
[02:45:16.775] [bmv2] [D] [thread 160793] [2.0] [cxt 0] Action entry is NoAction - 
[02:45:16.775] [bmv2] [T] [thread 160793] [2.0] [cxt 0] Action NoAction
[02:45:16.775] [bmv2] [T] [thread 160793] [2.0] [cxt 0] Applying table 'MyEgress.egress_encap_yequdesu'
[02:45:16.775] [bmv2] [D] [thread 160793] [2.0] [cxt 0] Looking up key:
* standard_metadata.egress_port: 0000

[02:45:16.775] [bmv2] [D] [thread 160793] [2.0] [cxt 0] Table 'MyEgress.egress_encap_yequdesu': miss
[02:45:16.775] [bmv2] [D] [thread 160793] [2.0] [cxt 0] Action entry is NoAction - 
[02:45:16.775] [bmv2] [T] [thread 160793] [2.0] [cxt 0] Action NoAction
[02:45:16.775] [bmv2] [T] [thread 160793] [2.0] [cxt 0] Applying table 'MyEgress.egress_encap_vxlan'
[02:45:16.775] [bmv2] [D] [thread 160793] [2.0] [cxt 0] Looking up key:
* standard_metadata.egress_port: 0000

[02:45:16.775] [bmv2] [D] [thread 160793] [2.0] [cxt 0] Table 'MyEgress.egress_encap_vxlan': miss
[02:45:16.775] [bmv2] [D] [thread 160793] [2.0] [cxt 0] Action entry is NoAction - 
[02:45:16.775] [bmv2] [T] [thread 160793] [2.0] [cxt 0] Action NoAction
[02:45:16.775] [bmv2] [D] [thread 160793] [2.0] [cxt 0] Pipeline 'egress': end
[02:45:16.775] [bmv2] [D] [thread 160793] [2.0] [cxt 0] Deparser 'deparser': start
[02:45:16.775] [bmv2] [T] [thread 160793] [2.0] [cxt 0] Skipping checksum 'cksum' update because condition not met
[02:45:16.775] [bmv2] [D] [thread 160793] [2.0] [cxt 0] Deparsing header 'ethernet'
[02:45:16.775] [bmv2] [D] [thread 160793] [2.0] [cxt 0] Deparsing header 'ipv6'
[02:45:16.775] [bmv2] [D] [thread 160793] [2.0] [cxt 0] Deparser 'deparser': end
[02:45:16.775] [bmv2] [D] [thread 160797] [2.0] [cxt 0] Transmitting packet of size 199 out of port 0
[02:45:16.836] [bmv2] [D] [thread 160791] [3.0] [cxt 0] Processing packet received on port 2
[02:45:16.836] [bmv2] [D] [thread 160791] [3.0] [cxt 0] Parser 'parser': start
[02:45:16.836] [bmv2] [D] [thread 160791] [3.0] [cxt 0] Parser 'parser' entering state 'start'
[02:45:16.836] [bmv2] [D] [thread 160791] [3.0] [cxt 0] Extracting header 'ethernet'
[02:45:16.836] [bmv2] [D] [thread 160791] [3.0] [cxt 0] Parser state 'start': key is 86dd
[02:45:16.836] [bmv2] [T] [thread 160791] [3.0] [cxt 0] Bytes parsed: 14
[02:45:16.836] [bmv2] [D] [thread 160791] [3.0] [cxt 0] Parser 'parser' entering state 'parse_ipv6'
[02:45:16.836] [bmv2] [D] [thread 160791] [3.0] [cxt 0] Extracting header 'ipv6'
[02:45:16.836] [bmv2] [D] [thread 160791] [3.0] [cxt 0] Parser state 'parse_ipv6': key is 11
[02:45:16.836] [bmv2] [T] [thread 160791] [3.0] [cxt 0] Bytes parsed: 54
[02:45:16.836] [bmv2] [D] [thread 160791] [3.0] [cxt 0] Parser 'parser': end
[02:45:16.836] [bmv2] [D] [thread 160791] [3.0] [cxt 0] Pipeline 'ingress': start
[02:45:16.836] [bmv2] [T] [thread 160791] [3.0] [cxt 0] basic.p4(565) Condition "hdr.ethernet.etherType == TYPE_ARP" (node_2) is false
[02:45:16.836] [bmv2] [T] [thread 160791] [3.0] [cxt 0] basic.p4(568) Condition "hdr.ethernet.etherType == TYPE_SRCROUTING" (node_4) is false
[02:45:16.836] [bmv2] [T] [thread 160791] [3.0] [cxt 0] basic.p4(581) Condition "hdr.ethernet.etherType == TYPE_YEQUDESU" (node_12) is false
[02:45:16.836] [bmv2] [T] [thread 160791] [3.0] [cxt 0] basic.p4(587) Condition "hdr.vxlan.isValid()" (node_15) is false
[02:45:16.836] [bmv2] [T] [thread 160791] [3.0] [cxt 0] basic.p4(591) Condition "hdr.ipv6.isValid()" (node_17) is true
[02:45:16.836] [bmv2] [T] [thread 160791] [3.0] [cxt 0] Applying table 'MyIngress.ipv6_lpm'
[02:45:16.836] [bmv2] [D] [thread 160791] [3.0] [cxt 0] Looking up key:
* hdr.ipv6.dstAddr    : ff0200000000000000000000000000fb

[02:45:16.836] [bmv2] [D] [thread 160791] [3.0] [cxt 0] Table 'MyIngress.ipv6_lpm': miss
[02:45:16.836] [bmv2] [D] [thread 160791] [3.0] [cxt 0] Action entry is NoAction - 
[02:45:16.836] [bmv2] [T] [thread 160791] [3.0] [cxt 0] Action NoAction
[02:45:16.836] [bmv2] [D] [thread 160791] [3.0] [cxt 0] Pipeline 'ingress': end
[02:45:16.836] [bmv2] [D] [thread 160791] [3.0] [cxt 0] Egress port is 0
[02:45:16.837] [bmv2] [D] [thread 160793] [3.0] [cxt 0] Pipeline 'egress': start
[02:45:16.837] [bmv2] [T] [thread 160793] [3.0] [cxt 0] Applying table 'MyEgress.egress_encap_ipv6'
[02:45:16.837] [bmv2] [D] [thread 160793] [3.0] [cxt 0] Looking up key:
* standard_metadata.egress_port: 0000

[02:45:16.837] [bmv2] [D] [thread 160793] [3.0] [cxt 0] Table 'MyEgress.egress_encap_ipv6': miss
[02:45:16.837] [bmv2] [D] [thread 160793] [3.0] [cxt 0] Action entry is NoAction - 
[02:45:16.837] [bmv2] [T] [thread 160793] [3.0] [cxt 0] Action NoAction
[02:45:16.837] [bmv2] [T] [thread 160793] [3.0] [cxt 0] Applying table 'MyEgress.egress_encap_yequdesu'
[02:45:16.837] [bmv2] [D] [thread 160793] [3.0] [cxt 0] Looking up key:
* standard_metadata.egress_port: 0000

[02:45:16.837] [bmv2] [D] [thread 160793] [3.0] [cxt 0] Table 'MyEgress.egress_encap_yequdesu': miss
[02:45:16.837] [bmv2] [D] [thread 160793] [3.0] [cxt 0] Action entry is NoAction - 
[02:45:16.837] [bmv2] [T] [thread 160793] [3.0] [cxt 0] Action NoAction
[02:45:16.837] [bmv2] [T] [thread 160793] [3.0] [cxt 0] Applying table 'MyEgress.egress_encap_vxlan'
[02:45:16.837] [bmv2] [D] [thread 160793] [3.0] [cxt 0] Looking up key:
* standard_metadata.egress_port: 0000

[02:45:16.837] [bmv2] [D] [thread 160793] [3.0] [cxt 0] Table 'MyEgress.egress_encap_vxlan': miss
[02:45:16.837] [bmv2] [D] [thread 160793] [3.0] [cxt 0] Action entry is NoAction - 
[02:45:16.837] [bmv2] [T] [thread 160793] [3.0] [cxt 0] Action NoAction
[02:45:16.837] [bmv2] [D] [thread 160793] [3.0] [cxt 0] Pipeline 'egress': end
[02:45:16.837] [bmv2] [D] [thread 160793] [3.0] [cxt 0] Deparser 'deparser': start
[02:45:16.837] [bmv2] [T] [thread 160793] [3.0] [cxt 0] Skipping checksum 'cksum' update because condition not met
[02:45:16.837] [bmv2] [D] [thread 160793] [3.0] [cxt 0] Deparsing header 'ethernet'
[02:45:16.837] [bmv2] [D] [thread 160793] [3.0] [cxt 0] Deparsing header 'ipv6'
[02:45:16.837] [bmv2] [D] [thread 160793] [3.0] [cxt 0] Deparser 'deparser': end
[02:45:16.837] [bmv2] [D] [thread 160797] [3.0] [cxt 0] Transmitting packet of size 199 out of port 0
[02:45:17.423] [bmv2] [D] [thread 160791] [4.0] [cxt 0] Processing packet received on port 1
[02:45:17.423] [bmv2] [D] [thread 160791] [4.0] [cxt 0] Parser 'parser': start
[02:45:17.423] [bmv2] [D] [thread 160791] [4.0] [cxt 0] Parser 'parser' entering state 'start'
[02:45:17.423] [bmv2] [D] [thread 160791] [4.0] [cxt 0] Extracting header 'ethernet'
[02:45:17.423] [bmv2] [D] [thread 160791] [4.0] [cxt 0] Parser state 'start': key is 86dd
[02:45:17.423] [bmv2] [T] [thread 160791] [4.0] [cxt 0] Bytes parsed: 14
[02:45:17.423] [bmv2] [D] [thread 160791] [4.0] [cxt 0] Parser 'parser' entering state 'parse_ipv6'
[02:45:17.423] [bmv2] [D] [thread 160791] [4.0] [cxt 0] Extracting header 'ipv6'
[02:45:17.423] [bmv2] [D] [thread 160791] [4.0] [cxt 0] Parser state 'parse_ipv6': key is 11
[02:45:17.423] [bmv2] [T] [thread 160791] [4.0] [cxt 0] Bytes parsed: 54
[02:45:17.423] [bmv2] [D] [thread 160791] [4.0] [cxt 0] Parser 'parser': end
[02:45:17.423] [bmv2] [D] [thread 160791] [4.0] [cxt 0] Pipeline 'ingress': start
[02:45:17.423] [bmv2] [T] [thread 160791] [4.0] [cxt 0] basic.p4(565) Condition "hdr.ethernet.etherType == TYPE_ARP" (node_2) is false
[02:45:17.423] [bmv2] [T] [thread 160791] [4.0] [cxt 0] basic.p4(568) Condition "hdr.ethernet.etherType == TYPE_SRCROUTING" (node_4) is false
[02:45:17.423] [bmv2] [T] [thread 160791] [4.0] [cxt 0] basic.p4(581) Condition "hdr.ethernet.etherType == TYPE_YEQUDESU" (node_12) is false
[02:45:17.423] [bmv2] [T] [thread 160791] [4.0] [cxt 0] basic.p4(587) Condition "hdr.vxlan.isValid()" (node_15) is false
[02:45:17.423] [bmv2] [T] [thread 160791] [4.0] [cxt 0] basic.p4(591) Condition "hdr.ipv6.isValid()" (node_17) is true
[02:45:17.423] [bmv2] [T] [thread 160791] [4.0] [cxt 0] Applying table 'MyIngress.ipv6_lpm'
[02:45:17.423] [bmv2] [D] [thread 160791] [4.0] [cxt 0] Looking up key:
* hdr.ipv6.dstAddr    : ff0200000000000000000000000000fb

[02:45:17.423] [bmv2] [D] [thread 160791] [4.0] [cxt 0] Table 'MyIngress.ipv6_lpm': miss
[02:45:17.423] [bmv2] [D] [thread 160791] [4.0] [cxt 0] Action entry is NoAction - 
[02:45:17.423] [bmv2] [T] [thread 160791] [4.0] [cxt 0] Action NoAction
[02:45:17.423] [bmv2] [D] [thread 160791] [4.0] [cxt 0] Pipeline 'ingress': end
[02:45:17.423] [bmv2] [D] [thread 160791] [4.0] [cxt 0] Egress port is 0
[02:45:17.423] [bmv2] [D] [thread 160793] [4.0] [cxt 0] Pipeline 'egress': start
[02:45:17.423] [bmv2] [T] [thread 160793] [4.0] [cxt 0] Applying table 'MyEgress.egress_encap_ipv6'
[02:45:17.423] [bmv2] [D] [thread 160793] [4.0] [cxt 0] Looking up key:
* standard_metadata.egress_port: 0000

[02:45:17.423] [bmv2] [D] [thread 160793] [4.0] [cxt 0] Table 'MyEgress.egress_encap_ipv6': miss
[02:45:17.423] [bmv2] [D] [thread 160793] [4.0] [cxt 0] Action entry is NoAction - 
[02:45:17.423] [bmv2] [T] [thread 160793] [4.0] [cxt 0] Action NoAction
[02:45:17.423] [bmv2] [T] [thread 160793] [4.0] [cxt 0] Applying table 'MyEgress.egress_encap_yequdesu'
[02:45:17.423] [bmv2] [D] [thread 160793] [4.0] [cxt 0] Looking up key:
* standard_metadata.egress_port: 0000

[02:45:17.423] [bmv2] [D] [thread 160793] [4.0] [cxt 0] Table 'MyEgress.egress_encap_yequdesu': miss
[02:45:17.423] [bmv2] [D] [thread 160793] [4.0] [cxt 0] Action entry is NoAction - 
[02:45:17.423] [bmv2] [T] [thread 160793] [4.0] [cxt 0] Action NoAction
[02:45:17.423] [bmv2] [T] [thread 160793] [4.0] [cxt 0] Applying table 'MyEgress.egress_encap_vxlan'
[02:45:17.423] [bmv2] [D] [thread 160793] [4.0] [cxt 0] Looking up key:
* standard_metadata.egress_port: 0000

[02:45:17.423] [bmv2] [D] [thread 160793] [4.0] [cxt 0] Table 'MyEgress.egress_encap_vxlan': miss
[02:45:17.423] [bmv2] [D] [thread 160793] [4.0] [cxt 0] Action entry is NoAction - 
[02:45:17.423] [bmv2] [T] [thread 160793] [4.0] [cxt 0] Action NoAction
[02:45:17.423] [bmv2] [D] [thread 160793] [4.0] [cxt 0] Pipeline 'egress': end
[02:45:17.423] [bmv2] [D] [thread 160793] [4.0] [cxt 0] Deparser 'deparser': start
[02:45:17.423] [bmv2] [T] [thread 160793] [4.0] [cxt 0] Skipping checksum 'cksum' update because condition not met
[02:45:17.423] [bmv2] [D] [thread 160793] [4.0] [cxt 0] Deparsing header 'ethernet'
[02:45:17.423] [bmv2] [D] [thread 160793] [4.0] [cxt 0] Deparsing header 'ipv6'
[02:45:17.423] [bmv2] [D] [thread 160793] [4.0] [cxt 0] Deparser 'deparser': end
[02:45:17.424] [bmv2] [D] [thread 160797] [4.0] [cxt 0] Transmitting packet of size 203 out of port 0
[02:45:17.677] [bmv2] [D] [thread 160791] [5.0] [cxt 0] Processing packet received on port 1
[02:45:17.677] [bmv2] [D] [thread 160791] [5.0] [cxt 0] Parser 'parser': start
[02:45:17.677] [bmv2] [D] [thread 160791] [5.0] [cxt 0] Parser 'parser' entering state 'start'
[02:45:17.677] [bmv2] [D] [thread 160791] [5.0] [cxt 0] Extracting header 'ethernet'
[02:45:17.677] [bmv2] [D] [thread 160791] [5.0] [cxt 0] Parser state 'start': key is 86dd
[02:45:17.677] [bmv2] [T] [thread 160791] [5.0] [cxt 0] Bytes parsed: 14
[02:45:17.677] [bmv2] [D] [thread 160791] [5.0] [cxt 0] Parser 'parser' entering state 'parse_ipv6'
[02:45:17.677] [bmv2] [D] [thread 160791] [5.0] [cxt 0] Extracting header 'ipv6'
[02:45:17.677] [bmv2] [D] [thread 160791] [5.0] [cxt 0] Parser state 'parse_ipv6': key is 11
[02:45:17.677] [bmv2] [T] [thread 160791] [5.0] [cxt 0] Bytes parsed: 54
[02:45:17.677] [bmv2] [D] [thread 160791] [5.0] [cxt 0] Parser 'parser': end
[02:45:17.677] [bmv2] [D] [thread 160791] [5.0] [cxt 0] Pipeline 'ingress': start
[02:45:17.677] [bmv2] [T] [thread 160791] [5.0] [cxt 0] basic.p4(565) Condition "hdr.ethernet.etherType == TYPE_ARP" (node_2) is false
[02:45:17.677] [bmv2] [T] [thread 160791] [5.0] [cxt 0] basic.p4(568) Condition "hdr.ethernet.etherType == TYPE_SRCROUTING" (node_4) is false
[02:45:17.677] [bmv2] [T] [thread 160791] [5.0] [cxt 0] basic.p4(581) Condition "hdr.ethernet.etherType == TYPE_YEQUDESU" (node_12) is false
[02:45:17.677] [bmv2] [T] [thread 160791] [5.0] [cxt 0] basic.p4(587) Condition "hdr.vxlan.isValid()" (node_15) is false
[02:45:17.677] [bmv2] [T] [thread 160791] [5.0] [cxt 0] basic.p4(591) Condition "hdr.ipv6.isValid()" (node_17) is true
[02:45:17.677] [bmv2] [T] [thread 160791] [5.0] [cxt 0] Applying table 'MyIngress.ipv6_lpm'
[02:45:17.677] [bmv2] [D] [thread 160791] [5.0] [cxt 0] Looking up key:
* hdr.ipv6.dstAddr    : ff0200000000000000000000000000fb

[02:45:17.677] [bmv2] [D] [thread 160791] [5.0] [cxt 0] Table 'MyIngress.ipv6_lpm': miss
[02:45:17.677] [bmv2] [D] [thread 160791] [5.0] [cxt 0] Action entry is NoAction - 
[02:45:17.677] [bmv2] [T] [thread 160791] [5.0] [cxt 0] Action NoAction
[02:45:17.677] [bmv2] [D] [thread 160791] [5.0] [cxt 0] Pipeline 'ingress': end
[02:45:17.678] [bmv2] [D] [thread 160791] [5.0] [cxt 0] Egress port is 0
[02:45:17.678] [bmv2] [D] [thread 160791] [6.0] [cxt 0] Processing packet received on port 2
[02:45:17.678] [bmv2] [D] [thread 160791] [6.0] [cxt 0] Parser 'parser': start
[02:45:17.678] [bmv2] [D] [thread 160791] [6.0] [cxt 0] Parser 'parser' entering state 'start'
[02:45:17.678] [bmv2] [D] [thread 160791] [6.0] [cxt 0] Extracting header 'ethernet'
[02:45:17.678] [bmv2] [D] [thread 160791] [6.0] [cxt 0] Parser state 'start': key is 86dd
[02:45:17.678] [bmv2] [T] [thread 160791] [6.0] [cxt 0] Bytes parsed: 14
[02:45:17.678] [bmv2] [D] [thread 160791] [6.0] [cxt 0] Parser 'parser' entering state 'parse_ipv6'
[02:45:17.678] [bmv2] [D] [thread 160791] [6.0] [cxt 0] Extracting header 'ipv6'
[02:45:17.678] [bmv2] [D] [thread 160791] [6.0] [cxt 0] Parser state 'parse_ipv6': key is 11
[02:45:17.678] [bmv2] [T] [thread 160791] [6.0] [cxt 0] Bytes parsed: 54
[02:45:17.678] [bmv2] [D] [thread 160791] [6.0] [cxt 0] Parser 'parser': end
[02:45:17.678] [bmv2] [D] [thread 160791] [6.0] [cxt 0] Pipeline 'ingress': start
[02:45:17.678] [bmv2] [T] [thread 160791] [6.0] [cxt 0] basic.p4(565) Condition "hdr.ethernet.etherType == TYPE_ARP" (node_2) is false
[02:45:17.678] [bmv2] [T] [thread 160791] [6.0] [cxt 0] basic.p4(568) Condition "hdr.ethernet.etherType == TYPE_SRCROUTING" (node_4) is false
[02:45:17.678] [bmv2] [T] [thread 160791] [6.0] [cxt 0] basic.p4(581) Condition "hdr.ethernet.etherType == TYPE_YEQUDESU" (node_12) is false
[02:45:17.678] [bmv2] [T] [thread 160791] [6.0] [cxt 0] basic.p4(587) Condition "hdr.vxlan.isValid()" (node_15) is false
[02:45:17.678] [bmv2] [T] [thread 160791] [6.0] [cxt 0] basic.p4(591) Condition "hdr.ipv6.isValid()" (node_17) is true
[02:45:17.678] [bmv2] [T] [thread 160791] [6.0] [cxt 0] Applying table 'MyIngress.ipv6_lpm'
[02:45:17.678] [bmv2] [D] [thread 160791] [6.0] [cxt 0] Looking up key:
* hdr.ipv6.dstAddr    : ff0200000000000000000000000000fb

[02:45:17.678] [bmv2] [D] [thread 160791] [6.0] [cxt 0] Table 'MyIngress.ipv6_lpm': miss
[02:45:17.678] [bmv2] [D] [thread 160791] [6.0] [cxt 0] Action entry is NoAction - 
[02:45:17.678] [bmv2] [T] [thread 160791] [6.0] [cxt 0] Action NoAction
[02:45:17.678] [bmv2] [D] [thread 160791] [6.0] [cxt 0] Pipeline 'ingress': end
[02:45:17.678] [bmv2] [D] [thread 160791] [6.0] [cxt 0] Egress port is 0
[02:45:17.678] [bmv2] [D] [thread 160793] [5.0] [cxt 0] Pipeline 'egress': start
[02:45:17.678] [bmv2] [T] [thread 160793] [5.0] [cxt 0] Applying table 'MyEgress.egress_encap_ipv6'
[02:45:17.678] [bmv2] [D] [thread 160793] [5.0] [cxt 0] Looking up key:
* standard_metadata.egress_port: 0000

[02:45:17.678] [bmv2] [D] [thread 160793] [5.0] [cxt 0] Table 'MyEgress.egress_encap_ipv6': miss
[02:45:17.678] [bmv2] [D] [thread 160793] [5.0] [cxt 0] Action entry is NoAction - 
[02:45:17.678] [bmv2] [T] [thread 160793] [5.0] [cxt 0] Action NoAction
[02:45:17.678] [bmv2] [T] [thread 160793] [5.0] [cxt 0] Applying table 'MyEgress.egress_encap_yequdesu'
[02:45:17.678] [bmv2] [D] [thread 160793] [5.0] [cxt 0] Looking up key:
* standard_metadata.egress_port: 0000

[02:45:17.678] [bmv2] [D] [thread 160793] [5.0] [cxt 0] Table 'MyEgress.egress_encap_yequdesu': miss
[02:45:17.678] [bmv2] [D] [thread 160793] [5.0] [cxt 0] Action entry is NoAction - 
[02:45:17.678] [bmv2] [T] [thread 160793] [5.0] [cxt 0] Action NoAction
[02:45:17.678] [bmv2] [T] [thread 160793] [5.0] [cxt 0] Applying table 'MyEgress.egress_encap_vxlan'
[02:45:17.678] [bmv2] [D] [thread 160793] [5.0] [cxt 0] Looking up key:
* standard_metadata.egress_port: 0000

[02:45:17.678] [bmv2] [D] [thread 160793] [5.0] [cxt 0] Table 'MyEgress.egress_encap_vxlan': miss
[02:45:17.678] [bmv2] [D] [thread 160793] [5.0] [cxt 0] Action entry is NoAction - 
[02:45:17.678] [bmv2] [T] [thread 160793] [5.0] [cxt 0] Action NoAction
[02:45:17.678] [bmv2] [D] [thread 160793] [5.0] [cxt 0] Pipeline 'egress': end
[02:45:17.678] [bmv2] [D] [thread 160793] [5.0] [cxt 0] Deparser 'deparser': start
[02:45:17.678] [bmv2] [T] [thread 160793] [5.0] [cxt 0] Skipping checksum 'cksum' update because condition not met
[02:45:17.678] [bmv2] [D] [thread 160793] [5.0] [cxt 0] Deparsing header 'ethernet'
[02:45:17.678] [bmv2] [D] [thread 160793] [5.0] [cxt 0] Deparsing header 'ipv6'
[02:45:17.678] [bmv2] [D] [thread 160793] [5.0] [cxt 0] Deparser 'deparser': end
[02:45:17.678] [bmv2] [D] [thread 160793] [6.0] [cxt 0] Pipeline 'egress': start
[02:45:17.678] [bmv2] [D] [thread 160797] [5.0] [cxt 0] Transmitting packet of size 203 out of port 0
[02:45:17.678] [bmv2] [T] [thread 160793] [6.0] [cxt 0] Applying table 'MyEgress.egress_encap_ipv6'
[02:45:17.678] [bmv2] [D] [thread 160793] [6.0] [cxt 0] Looking up key:
* standard_metadata.egress_port: 0000

[02:45:17.678] [bmv2] [D] [thread 160793] [6.0] [cxt 0] Table 'MyEgress.egress_encap_ipv6': miss
[02:45:17.678] [bmv2] [D] [thread 160793] [6.0] [cxt 0] Action entry is NoAction - 
[02:45:17.678] [bmv2] [T] [thread 160793] [6.0] [cxt 0] Action NoAction
[02:45:17.678] [bmv2] [T] [thread 160793] [6.0] [cxt 0] Applying table 'MyEgress.egress_encap_yequdesu'
[02:45:17.678] [bmv2] [D] [thread 160793] [6.0] [cxt 0] Looking up key:
* standard_metadata.egress_port: 0000

[02:45:17.678] [bmv2] [D] [thread 160793] [6.0] [cxt 0] Table 'MyEgress.egress_encap_yequdesu': miss
[02:45:17.678] [bmv2] [D] [thread 160793] [6.0] [cxt 0] Action entry is NoAction - 
[02:45:17.678] [bmv2] [T] [thread 160793] [6.0] [cxt 0] Action NoAction
[02:45:17.678] [bmv2] [T] [thread 160793] [6.0] [cxt 0] Applying table 'MyEgress.egress_encap_vxlan'
[02:45:17.678] [bmv2] [D] [thread 160793] [6.0] [cxt 0] Looking up key:
* standard_metadata.egress_port: 0000

[02:45:17.678] [bmv2] [D] [thread 160793] [6.0] [cxt 0] Table 'MyEgress.egress_encap_vxlan': miss
[02:45:17.678] [bmv2] [D] [thread 160793] [6.0] [cxt 0] Action entry is NoAction - 
[02:45:17.678] [bmv2] [T] [thread 160793] [6.0] [cxt 0] Action NoAction
[02:45:17.678] [bmv2] [D] [thread 160793] [6.0] [cxt 0] Pipeline 'egress': end
[02:45:17.678] [bmv2] [D] [thread 160793] [6.0] [cxt 0] Deparser 'deparser': start
[02:45:17.678] [bmv2] [T] [thread 160793] [6.0] [cxt 0] Skipping checksum 'cksum' update because condition not met
[02:45:17.678] [bmv2] [D] [thread 160793] [6.0] [cxt 0] Deparsing header 'ethernet'
[02:45:17.678] [bmv2] [D] [thread 160793] [6.0] [cxt 0] Deparsing header 'ipv6'
[02:45:17.678] [bmv2] [D] [thread 160793] [6.0] [cxt 0] Deparser 'deparser': end
[02:45:17.678] [bmv2] [D] [thread 160797] [6.0] [cxt 0] Transmitting packet of size 203 out of port 0
[02:45:18.478] [bmv2] [D] [thread 160791] [7.0] [cxt 0] Processing packet received on port 1
[02:45:18.478] [bmv2] [D] [thread 160791] [7.0] [cxt 0] Parser 'parser': start
[02:45:18.478] [bmv2] [D] [thread 160791] [7.0] [cxt 0] Parser 'parser' entering state 'start'
[02:45:18.478] [bmv2] [D] [thread 160791] [7.0] [cxt 0] Extracting header 'ethernet'
[02:45:18.478] [bmv2] [D] [thread 160791] [7.0] [cxt 0] Parser state 'start': key is 86dd
[02:45:18.478] [bmv2] [T] [thread 160791] [7.0] [cxt 0] Bytes parsed: 14
[02:45:18.478] [bmv2] [D] [thread 160791] [7.0] [cxt 0] Parser 'parser' entering state 'parse_ipv6'
[02:45:18.478] [bmv2] [D] [thread 160791] [7.0] [cxt 0] Extracting header 'ipv6'
[02:45:18.478] [bmv2] [D] [thread 160791] [7.0] [cxt 0] Parser state 'parse_ipv6': key is 3a
[02:45:18.478] [bmv2] [T] [thread 160791] [7.0] [cxt 0] Bytes parsed: 54
[02:45:18.478] [bmv2] [D] [thread 160791] [7.0] [cxt 0] Parser 'parser': end
[02:45:18.478] [bmv2] [D] [thread 160791] [7.0] [cxt 0] Pipeline 'ingress': start
[02:45:18.478] [bmv2] [T] [thread 160791] [7.0] [cxt 0] basic.p4(565) Condition "hdr.ethernet.etherType == TYPE_ARP" (node_2) is false
[02:45:18.478] [bmv2] [T] [thread 160791] [7.0] [cxt 0] basic.p4(568) Condition "hdr.ethernet.etherType == TYPE_SRCROUTING" (node_4) is false
[02:45:18.478] [bmv2] [T] [thread 160791] [7.0] [cxt 0] basic.p4(581) Condition "hdr.ethernet.etherType == TYPE_YEQUDESU" (node_12) is false
[02:45:18.478] [bmv2] [T] [thread 160791] [7.0] [cxt 0] basic.p4(587) Condition "hdr.vxlan.isValid()" (node_15) is false
[02:45:18.478] [bmv2] [T] [thread 160791] [7.0] [cxt 0] basic.p4(591) Condition "hdr.ipv6.isValid()" (node_17) is true
[02:45:18.478] [bmv2] [T] [thread 160791] [7.0] [cxt 0] Applying table 'MyIngress.ipv6_lpm'
[02:45:18.478] [bmv2] [D] [thread 160791] [7.0] [cxt 0] Looking up key:
* hdr.ipv6.dstAddr    : ff020000000000000000000000000002

[02:45:18.478] [bmv2] [D] [thread 160791] [7.0] [cxt 0] Table 'MyIngress.ipv6_lpm': miss
[02:45:18.478] [bmv2] [D] [thread 160791] [7.0] [cxt 0] Action entry is NoAction - 
[02:45:18.478] [bmv2] [T] [thread 160791] [7.0] [cxt 0] Action NoAction
[02:45:18.478] [bmv2] [D] [thread 160791] [7.0] [cxt 0] Pipeline 'ingress': end
[02:45:18.478] [bmv2] [D] [thread 160791] [7.0] [cxt 0] Egress port is 0
[02:45:18.478] [bmv2] [D] [thread 160793] [7.0] [cxt 0] Pipeline 'egress': start
[02:45:18.478] [bmv2] [T] [thread 160793] [7.0] [cxt 0] Applying table 'MyEgress.egress_encap_ipv6'
[02:45:18.478] [bmv2] [D] [thread 160793] [7.0] [cxt 0] Looking up key:
* standard_metadata.egress_port: 0000

[02:45:18.478] [bmv2] [D] [thread 160793] [7.0] [cxt 0] Table 'MyEgress.egress_encap_ipv6': miss
[02:45:18.478] [bmv2] [D] [thread 160793] [7.0] [cxt 0] Action entry is NoAction - 
[02:45:18.478] [bmv2] [T] [thread 160793] [7.0] [cxt 0] Action NoAction
[02:45:18.478] [bmv2] [T] [thread 160793] [7.0] [cxt 0] Applying table 'MyEgress.egress_encap_yequdesu'
[02:45:18.478] [bmv2] [D] [thread 160793] [7.0] [cxt 0] Looking up key:
* standard_metadata.egress_port: 0000

[02:45:18.478] [bmv2] [D] [thread 160793] [7.0] [cxt 0] Table 'MyEgress.egress_encap_yequdesu': miss
[02:45:18.478] [bmv2] [D] [thread 160793] [7.0] [cxt 0] Action entry is NoAction - 
[02:45:18.478] [bmv2] [T] [thread 160793] [7.0] [cxt 0] Action NoAction
[02:45:18.478] [bmv2] [T] [thread 160793] [7.0] [cxt 0] Applying table 'MyEgress.egress_encap_vxlan'
[02:45:18.478] [bmv2] [D] [thread 160793] [7.0] [cxt 0] Looking up key:
* standard_metadata.egress_port: 0000

[02:45:18.478] [bmv2] [D] [thread 160793] [7.0] [cxt 0] Table 'MyEgress.egress_encap_vxlan': miss
[02:45:18.478] [bmv2] [D] [thread 160793] [7.0] [cxt 0] Action entry is NoAction - 
[02:45:18.478] [bmv2] [T] [thread 160793] [7.0] [cxt 0] Action NoAction
[02:45:18.478] [bmv2] [D] [thread 160793] [7.0] [cxt 0] Pipeline 'egress': end
[02:45:18.478] [bmv2] [D] [thread 160793] [7.0] [cxt 0] Deparser 'deparser': start
[02:45:18.478] [bmv2] [T] [thread 160793] [7.0] [cxt 0] Skipping checksum 'cksum' update because condition not met
[02:45:18.478] [bmv2] [D] [thread 160793] [7.0] [cxt 0] Deparsing header 'ethernet'
[02:45:18.478] [bmv2] [D] [thread 160793] [7.0] [cxt 0] Deparsing header 'ipv6'
[02:45:18.478] [bmv2] [D] [thread 160793] [7.0] [cxt 0] Deparser 'deparser': end
[02:45:18.479] [bmv2] [D] [thread 160797] [7.0] [cxt 0] Transmitting packet of size 70 out of port 0
[02:45:18.608] [bmv2] [D] [thread 160791] [8.0] [cxt 0] Processing packet received on port 2
[02:45:18.608] [bmv2] [D] [thread 160791] [8.0] [cxt 0] Parser 'parser': start
[02:45:18.608] [bmv2] [D] [thread 160791] [8.0] [cxt 0] Parser 'parser' entering state 'start'
[02:45:18.608] [bmv2] [D] [thread 160791] [8.0] [cxt 0] Extracting header 'ethernet'
[02:45:18.608] [bmv2] [D] [thread 160791] [8.0] [cxt 0] Parser state 'start': key is 86dd
[02:45:18.608] [bmv2] [T] [thread 160791] [8.0] [cxt 0] Bytes parsed: 14
[02:45:18.608] [bmv2] [D] [thread 160791] [8.0] [cxt 0] Parser 'parser' entering state 'parse_ipv6'
[02:45:18.608] [bmv2] [D] [thread 160791] [8.0] [cxt 0] Extracting header 'ipv6'
[02:45:18.608] [bmv2] [D] [thread 160791] [8.0] [cxt 0] Parser state 'parse_ipv6': key is 3a
[02:45:18.608] [bmv2] [T] [thread 160791] [8.0] [cxt 0] Bytes parsed: 54
[02:45:18.608] [bmv2] [D] [thread 160791] [8.0] [cxt 0] Parser 'parser': end
[02:45:18.608] [bmv2] [D] [thread 160791] [8.0] [cxt 0] Pipeline 'ingress': start
[02:45:18.608] [bmv2] [T] [thread 160791] [8.0] [cxt 0] basic.p4(565) Condition "hdr.ethernet.etherType == TYPE_ARP" (node_2) is false
[02:45:18.608] [bmv2] [T] [thread 160791] [8.0] [cxt 0] basic.p4(568) Condition "hdr.ethernet.etherType == TYPE_SRCROUTING" (node_4) is false
[02:45:18.608] [bmv2] [T] [thread 160791] [8.0] [cxt 0] basic.p4(581) Condition "hdr.ethernet.etherType == TYPE_YEQUDESU" (node_12) is false
[02:45:18.608] [bmv2] [T] [thread 160791] [8.0] [cxt 0] basic.p4(587) Condition "hdr.vxlan.isValid()" (node_15) is false
[02:45:18.608] [bmv2] [T] [thread 160791] [8.0] [cxt 0] basic.p4(591) Condition "hdr.ipv6.isValid()" (node_17) is true
[02:45:18.608] [bmv2] [T] [thread 160791] [8.0] [cxt 0] Applying table 'MyIngress.ipv6_lpm'
[02:45:18.608] [bmv2] [D] [thread 160791] [8.0] [cxt 0] Looking up key:
* hdr.ipv6.dstAddr    : ff020000000000000000000000000002

[02:45:18.608] [bmv2] [D] [thread 160791] [8.0] [cxt 0] Table 'MyIngress.ipv6_lpm': miss
[02:45:18.608] [bmv2] [D] [thread 160791] [8.0] [cxt 0] Action entry is NoAction - 
[02:45:18.608] [bmv2] [T] [thread 160791] [8.0] [cxt 0] Action NoAction
[02:45:18.608] [bmv2] [D] [thread 160791] [8.0] [cxt 0] Pipeline 'ingress': end
[02:45:18.608] [bmv2] [D] [thread 160791] [8.0] [cxt 0] Egress port is 0
[02:45:18.608] [bmv2] [D] [thread 160793] [8.0] [cxt 0] Pipeline 'egress': start
[02:45:18.608] [bmv2] [T] [thread 160793] [8.0] [cxt 0] Applying table 'MyEgress.egress_encap_ipv6'
[02:45:18.608] [bmv2] [D] [thread 160793] [8.0] [cxt 0] Looking up key:
* standard_metadata.egress_port: 0000

[02:45:18.608] [bmv2] [D] [thread 160793] [8.0] [cxt 0] Table 'MyEgress.egress_encap_ipv6': miss
[02:45:18.608] [bmv2] [D] [thread 160793] [8.0] [cxt 0] Action entry is NoAction - 
[02:45:18.608] [bmv2] [T] [thread 160793] [8.0] [cxt 0] Action NoAction
[02:45:18.608] [bmv2] [T] [thread 160793] [8.0] [cxt 0] Applying table 'MyEgress.egress_encap_yequdesu'
[02:45:18.608] [bmv2] [D] [thread 160793] [8.0] [cxt 0] Looking up key:
* standard_metadata.egress_port: 0000

[02:45:18.608] [bmv2] [D] [thread 160793] [8.0] [cxt 0] Table 'MyEgress.egress_encap_yequdesu': miss
[02:45:18.608] [bmv2] [D] [thread 160793] [8.0] [cxt 0] Action entry is NoAction - 
[02:45:18.608] [bmv2] [T] [thread 160793] [8.0] [cxt 0] Action NoAction
[02:45:18.608] [bmv2] [T] [thread 160793] [8.0] [cxt 0] Applying table 'MyEgress.egress_encap_vxlan'
[02:45:18.608] [bmv2] [D] [thread 160793] [8.0] [cxt 0] Looking up key:
* standard_metadata.egress_port: 0000

[02:45:18.608] [bmv2] [D] [thread 160793] [8.0] [cxt 0] Table 'MyEgress.egress_encap_vxlan': miss
[02:45:18.608] [bmv2] [D] [thread 160793] [8.0] [cxt 0] Action entry is NoAction - 
[02:45:18.608] [bmv2] [T] [thread 160793] [8.0] [cxt 0] Action NoAction
[02:45:18.608] [bmv2] [D] [thread 160793] [8.0] [cxt 0] Pipeline 'egress': end
[02:45:18.608] [bmv2] [D] [thread 160793] [8.0] [cxt 0] Deparser 'deparser': start
[02:45:18.608] [bmv2] [T] [thread 160793] [8.0] [cxt 0] Skipping checksum 'cksum' update because condition not met
[02:45:18.608] [bmv2] [D] [thread 160793] [8.0] [cxt 0] Deparsing header 'ethernet'
[02:45:18.608] [bmv2] [D] [thread 160793] [8.0] [cxt 0] Deparsing header 'ipv6'
[02:45:18.608] [bmv2] [D] [thread 160793] [8.0] [cxt 0] Deparser 'deparser': end
[02:45:18.609] [bmv2] [D] [thread 160797] [8.0] [cxt 0] Transmitting packet of size 70 out of port 0
[02:45:18.740] [bmv2] [D] [thread 160791] [9.0] [cxt 0] Processing packet received on port 1
[02:45:18.740] [bmv2] [D] [thread 160791] [9.0] [cxt 0] Parser 'parser': start
[02:45:18.740] [bmv2] [D] [thread 160791] [9.0] [cxt 0] Parser 'parser' entering state 'start'
[02:45:18.740] [bmv2] [D] [thread 160791] [9.0] [cxt 0] Extracting header 'ethernet'
[02:45:18.740] [bmv2] [D] [thread 160791] [9.0] [cxt 0] Parser state 'start': key is 86dd
[02:45:18.740] [bmv2] [T] [thread 160791] [9.0] [cxt 0] Bytes parsed: 14
[02:45:18.740] [bmv2] [D] [thread 160791] [9.0] [cxt 0] Parser 'parser' entering state 'parse_ipv6'
[02:45:18.740] [bmv2] [D] [thread 160791] [9.0] [cxt 0] Extracting header 'ipv6'
[02:45:18.740] [bmv2] [D] [thread 160791] [9.0] [cxt 0] Parser state 'parse_ipv6': key is 11
[02:45:18.740] [bmv2] [T] [thread 160791] [9.0] [cxt 0] Bytes parsed: 54
[02:45:18.740] [bmv2] [D] [thread 160791] [9.0] [cxt 0] Parser 'parser': end
[02:45:18.740] [bmv2] [D] [thread 160791] [9.0] [cxt 0] Pipeline 'ingress': start
[02:45:18.740] [bmv2] [T] [thread 160791] [9.0] [cxt 0] basic.p4(565) Condition "hdr.ethernet.etherType == TYPE_ARP" (node_2) is false
[02:45:18.740] [bmv2] [T] [thread 160791] [9.0] [cxt 0] basic.p4(568) Condition "hdr.ethernet.etherType == TYPE_SRCROUTING" (node_4) is false
[02:45:18.740] [bmv2] [T] [thread 160791] [9.0] [cxt 0] basic.p4(581) Condition "hdr.ethernet.etherType == TYPE_YEQUDESU" (node_12) is false
[02:45:18.740] [bmv2] [T] [thread 160791] [9.0] [cxt 0] basic.p4(587) Condition "hdr.vxlan.isValid()" (node_15) is false
[02:45:18.740] [bmv2] [T] [thread 160791] [9.0] [cxt 0] basic.p4(591) Condition "hdr.ipv6.isValid()" (node_17) is true
[02:45:18.740] [bmv2] [T] [thread 160791] [9.0] [cxt 0] Applying table 'MyIngress.ipv6_lpm'
[02:45:18.740] [bmv2] [D] [thread 160791] [9.0] [cxt 0] Looking up key:
* hdr.ipv6.dstAddr    : ff0200000000000000000000000000fb

[02:45:18.740] [bmv2] [D] [thread 160791] [9.0] [cxt 0] Table 'MyIngress.ipv6_lpm': miss
[02:45:18.740] [bmv2] [D] [thread 160791] [9.0] [cxt 0] Action entry is NoAction - 
[02:45:18.740] [bmv2] [T] [thread 160791] [9.0] [cxt 0] Action NoAction
[02:45:18.740] [bmv2] [D] [thread 160791] [9.0] [cxt 0] Pipeline 'ingress': end
[02:45:18.740] [bmv2] [D] [thread 160791] [9.0] [cxt 0] Egress port is 0
[02:45:18.740] [bmv2] [D] [thread 160793] [9.0] [cxt 0] Pipeline 'egress': start
[02:45:18.740] [bmv2] [T] [thread 160793] [9.0] [cxt 0] Applying table 'MyEgress.egress_encap_ipv6'
[02:45:18.740] [bmv2] [D] [thread 160793] [9.0] [cxt 0] Looking up key:
* standard_metadata.egress_port: 0000

[02:45:18.740] [bmv2] [D] [thread 160793] [9.0] [cxt 0] Table 'MyEgress.egress_encap_ipv6': miss
[02:45:18.740] [bmv2] [D] [thread 160793] [9.0] [cxt 0] Action entry is NoAction - 
[02:45:18.740] [bmv2] [T] [thread 160793] [9.0] [cxt 0] Action NoAction
[02:45:18.740] [bmv2] [T] [thread 160793] [9.0] [cxt 0] Applying table 'MyEgress.egress_encap_yequdesu'
[02:45:18.740] [bmv2] [D] [thread 160793] [9.0] [cxt 0] Looking up key:
* standard_metadata.egress_port: 0000

[02:45:18.740] [bmv2] [D] [thread 160793] [9.0] [cxt 0] Table 'MyEgress.egress_encap_yequdesu': miss
[02:45:18.740] [bmv2] [D] [thread 160793] [9.0] [cxt 0] Action entry is NoAction - 
[02:45:18.740] [bmv2] [T] [thread 160793] [9.0] [cxt 0] Action NoAction
[02:45:18.740] [bmv2] [T] [thread 160793] [9.0] [cxt 0] Applying table 'MyEgress.egress_encap_vxlan'
[02:45:18.740] [bmv2] [D] [thread 160793] [9.0] [cxt 0] Looking up key:
* standard_metadata.egress_port: 0000

[02:45:18.740] [bmv2] [D] [thread 160793] [9.0] [cxt 0] Table 'MyEgress.egress_encap_vxlan': miss
[02:45:18.740] [bmv2] [D] [thread 160793] [9.0] [cxt 0] Action entry is NoAction - 
[02:45:18.740] [bmv2] [T] [thread 160793] [9.0] [cxt 0] Action NoAction
[02:45:18.740] [bmv2] [D] [thread 160793] [9.0] [cxt 0] Pipeline 'egress': end
[02:45:18.740] [bmv2] [D] [thread 160793] [9.0] [cxt 0] Deparser 'deparser': start
[02:45:18.740] [bmv2] [T] [thread 160793] [9.0] [cxt 0] Skipping checksum 'cksum' update because condition not met
[02:45:18.740] [bmv2] [D] [thread 160793] [9.0] [cxt 0] Deparsing header 'ethernet'
[02:45:18.740] [bmv2] [D] [thread 160793] [9.0] [cxt 0] Deparsing header 'ipv6'
[02:45:18.740] [bmv2] [D] [thread 160793] [9.0] [cxt 0] Deparser 'deparser': end
[02:45:18.741] [bmv2] [D] [thread 160797] [9.0] [cxt 0] Transmitting packet of size 199 out of port 0
[02:45:18.991] [bmv2] [D] [thread 160791] [10.0] [cxt 0] Processing packet received on port 1
[02:45:18.991] [bmv2] [D] [thread 160791] [10.0] [cxt 0] Parser 'parser': start
[02:45:18.991] [bmv2] [D] [thread 160791] [10.0] [cxt 0] Parser 'parser' entering state 'start'
[02:45:18.991] [bmv2] [D] [thread 160791] [10.0] [cxt 0] Extracting header 'ethernet'
[02:45:18.991] [bmv2] [D] [thread 160791] [10.0] [cxt 0] Parser state 'start': key is 86dd
[02:45:18.991] [bmv2] [T] [thread 160791] [10.0] [cxt 0] Bytes parsed: 14
[02:45:18.991] [bmv2] [D] [thread 160791] [10.0] [cxt 0] Parser 'parser' entering state 'parse_ipv6'
[02:45:18.991] [bmv2] [D] [thread 160791] [10.0] [cxt 0] Extracting header 'ipv6'
[02:45:18.991] [bmv2] [D] [thread 160791] [10.0] [cxt 0] Parser state 'parse_ipv6': key is 3a
[02:45:18.991] [bmv2] [T] [thread 160791] [10.0] [cxt 0] Bytes parsed: 54
[02:45:18.991] [bmv2] [D] [thread 160791] [10.0] [cxt 0] Parser 'parser': end
[02:45:18.991] [bmv2] [D] [thread 160791] [10.0] [cxt 0] Pipeline 'ingress': start
[02:45:18.991] [bmv2] [T] [thread 160791] [10.0] [cxt 0] basic.p4(565) Condition "hdr.ethernet.etherType == TYPE_ARP" (node_2) is false
[02:45:18.991] [bmv2] [T] [thread 160791] [10.0] [cxt 0] basic.p4(568) Condition "hdr.ethernet.etherType == TYPE_SRCROUTING" (node_4) is false
[02:45:18.991] [bmv2] [T] [thread 160791] [10.0] [cxt 0] basic.p4(581) Condition "hdr.ethernet.etherType == TYPE_YEQUDESU" (node_12) is false
[02:45:18.991] [bmv2] [T] [thread 160791] [10.0] [cxt 0] basic.p4(587) Condition "hdr.vxlan.isValid()" (node_15) is false
[02:45:18.991] [bmv2] [T] [thread 160791] [10.0] [cxt 0] basic.p4(591) Condition "hdr.ipv6.isValid()" (node_17) is true
[02:45:18.991] [bmv2] [T] [thread 160791] [10.0] [cxt 0] Applying table 'MyIngress.ipv6_lpm'
[02:45:18.991] [bmv2] [D] [thread 160791] [10.0] [cxt 0] Looking up key:
* hdr.ipv6.dstAddr    : ff020000000000000000000000000002

[02:45:18.991] [bmv2] [D] [thread 160791] [10.0] [cxt 0] Table 'MyIngress.ipv6_lpm': miss
[02:45:18.991] [bmv2] [D] [thread 160791] [10.0] [cxt 0] Action entry is NoAction - 
[02:45:18.991] [bmv2] [T] [thread 160791] [10.0] [cxt 0] Action NoAction
[02:45:18.991] [bmv2] [D] [thread 160791] [10.0] [cxt 0] Pipeline 'ingress': end
[02:45:18.991] [bmv2] [D] [thread 160791] [10.0] [cxt 0] Egress port is 0
[02:45:18.991] [bmv2] [D] [thread 160791] [11.0] [cxt 0] Processing packet received on port 2
[02:45:18.991] [bmv2] [D] [thread 160791] [11.0] [cxt 0] Parser 'parser': start
[02:45:18.991] [bmv2] [D] [thread 160791] [11.0] [cxt 0] Parser 'parser' entering state 'start'
[02:45:18.991] [bmv2] [D] [thread 160791] [11.0] [cxt 0] Extracting header 'ethernet'
[02:45:18.991] [bmv2] [D] [thread 160793] [10.0] [cxt 0] Pipeline 'egress': start
[02:45:18.991] [bmv2] [T] [thread 160793] [10.0] [cxt 0] Applying table 'MyEgress.egress_encap_ipv6'
[02:45:18.991] [bmv2] [D] [thread 160791] [11.0] [cxt 0] Parser state 'start': key is 86dd
[02:45:18.991] [bmv2] [T] [thread 160791] [11.0] [cxt 0] Bytes parsed: 14
[02:45:18.991] [bmv2] [D] [thread 160793] [10.0] [cxt 0] Looking up key:
* standard_metadata.egress_port: 0000

[02:45:18.991] [bmv2] [D] [thread 160791] [11.0] [cxt 0] Parser 'parser' entering state 'parse_ipv6'
[02:45:18.991] [bmv2] [D] [thread 160791] [11.0] [cxt 0] Extracting header 'ipv6'
[02:45:18.991] [bmv2] [D] [thread 160793] [10.0] [cxt 0] Table 'MyEgress.egress_encap_ipv6': miss
[02:45:18.991] [bmv2] [D] [thread 160793] [10.0] [cxt 0] Action entry is NoAction - 
[02:45:18.991] [bmv2] [T] [thread 160793] [10.0] [cxt 0] Action NoAction
[02:45:18.991] [bmv2] [T] [thread 160793] [10.0] [cxt 0] Applying table 'MyEgress.egress_encap_yequdesu'
[02:45:18.991] [bmv2] [D] [thread 160793] [10.0] [cxt 0] Looking up key:
* standard_metadata.egress_port: 0000

[02:45:18.991] [bmv2] [D] [thread 160793] [10.0] [cxt 0] Table 'MyEgress.egress_encap_yequdesu': miss
[02:45:18.991] [bmv2] [D] [thread 160793] [10.0] [cxt 0] Action entry is NoAction - 
[02:45:18.991] [bmv2] [T] [thread 160793] [10.0] [cxt 0] Action NoAction
[02:45:18.991] [bmv2] [T] [thread 160793] [10.0] [cxt 0] Applying table 'MyEgress.egress_encap_vxlan'
[02:45:18.991] [bmv2] [D] [thread 160793] [10.0] [cxt 0] Looking up key:
* standard_metadata.egress_port: 0000

[02:45:18.991] [bmv2] [D] [thread 160793] [10.0] [cxt 0] Table 'MyEgress.egress_encap_vxlan': miss
[02:45:18.991] [bmv2] [D] [thread 160793] [10.0] [cxt 0] Action entry is NoAction - 
[02:45:18.991] [bmv2] [T] [thread 160793] [10.0] [cxt 0] Action NoAction
[02:45:18.991] [bmv2] [D] [thread 160793] [10.0] [cxt 0] Pipeline 'egress': end
[02:45:18.991] [bmv2] [D] [thread 160793] [10.0] [cxt 0] Deparser 'deparser': start
[02:45:18.991] [bmv2] [T] [thread 160793] [10.0] [cxt 0] Skipping checksum 'cksum' update because condition not met
[02:45:18.991] [bmv2] [D] [thread 160793] [10.0] [cxt 0] Deparsing header 'ethernet'
[02:45:18.991] [bmv2] [D] [thread 160793] [10.0] [cxt 0] Deparsing header 'ipv6'
[02:45:18.991] [bmv2] [D] [thread 160793] [10.0] [cxt 0] Deparser 'deparser': end
[02:45:18.991] [bmv2] [D] [thread 160797] [10.0] [cxt 0] Transmitting packet of size 70 out of port 0
[02:45:18.991] [bmv2] [D] [thread 160791] [11.0] [cxt 0] Parser state 'parse_ipv6': key is 3a
[02:45:18.991] [bmv2] [T] [thread 160791] [11.0] [cxt 0] Bytes parsed: 54
[02:45:18.991] [bmv2] [D] [thread 160791] [11.0] [cxt 0] Parser 'parser': end
[02:45:18.991] [bmv2] [D] [thread 160791] [11.0] [cxt 0] Pipeline 'ingress': start
[02:45:18.991] [bmv2] [T] [thread 160791] [11.0] [cxt 0] basic.p4(565) Condition "hdr.ethernet.etherType == TYPE_ARP" (node_2) is false
[02:45:18.991] [bmv2] [T] [thread 160791] [11.0] [cxt 0] basic.p4(568) Condition "hdr.ethernet.etherType == TYPE_SRCROUTING" (node_4) is false
[02:45:18.991] [bmv2] [T] [thread 160791] [11.0] [cxt 0] basic.p4(581) Condition "hdr.ethernet.etherType == TYPE_YEQUDESU" (node_12) is false
[02:45:18.991] [bmv2] [T] [thread 160791] [11.0] [cxt 0] basic.p4(587) Condition "hdr.vxlan.isValid()" (node_15) is false
[02:45:18.991] [bmv2] [T] [thread 160791] [11.0] [cxt 0] basic.p4(591) Condition "hdr.ipv6.isValid()" (node_17) is true
[02:45:18.991] [bmv2] [T] [thread 160791] [11.0] [cxt 0] Applying table 'MyIngress.ipv6_lpm'
[02:45:18.991] [bmv2] [D] [thread 160791] [11.0] [cxt 0] Looking up key:
* hdr.ipv6.dstAddr    : ff020000000000000000000000000002

[02:45:18.991] [bmv2] [D] [thread 160791] [11.0] [cxt 0] Table 'MyIngress.ipv6_lpm': miss
[02:45:18.991] [bmv2] [D] [thread 160791] [11.0] [cxt 0] Action entry is NoAction - 
[02:45:18.991] [bmv2] [T] [thread 160791] [11.0] [cxt 0] Action NoAction
[02:45:18.991] [bmv2] [D] [thread 160791] [11.0] [cxt 0] Pipeline 'ingress': end
[02:45:18.991] [bmv2] [D] [thread 160791] [11.0] [cxt 0] Egress port is 0
[02:45:18.991] [bmv2] [D] [thread 160793] [11.0] [cxt 0] Pipeline 'egress': start
[02:45:18.991] [bmv2] [T] [thread 160793] [11.0] [cxt 0] Applying table 'MyEgress.egress_encap_ipv6'
[02:45:18.992] [bmv2] [D] [thread 160793] [11.0] [cxt 0] Looking up key:
* standard_metadata.egress_port: 0000

[02:45:18.992] [bmv2] [D] [thread 160793] [11.0] [cxt 0] Table 'MyEgress.egress_encap_ipv6': miss
[02:45:18.992] [bmv2] [D] [thread 160793] [11.0] [cxt 0] Action entry is NoAction - 
[02:45:18.992] [bmv2] [T] [thread 160793] [11.0] [cxt 0] Action NoAction
[02:45:18.992] [bmv2] [T] [thread 160793] [11.0] [cxt 0] Applying table 'MyEgress.egress_encap_yequdesu'
[02:45:18.992] [bmv2] [D] [thread 160793] [11.0] [cxt 0] Looking up key:
* standard_metadata.egress_port: 0000

[02:45:18.992] [bmv2] [D] [thread 160793] [11.0] [cxt 0] Table 'MyEgress.egress_encap_yequdesu': miss
[02:45:18.992] [bmv2] [D] [thread 160793] [11.0] [cxt 0] Action entry is NoAction - 
[02:45:18.992] [bmv2] [T] [thread 160793] [11.0] [cxt 0] Action NoAction
[02:45:18.992] [bmv2] [T] [thread 160793] [11.0] [cxt 0] Applying table 'MyEgress.egress_encap_vxlan'
[02:45:18.992] [bmv2] [D] [thread 160793] [11.0] [cxt 0] Looking up key:
* standard_metadata.egress_port: 0000

[02:45:18.992] [bmv2] [D] [thread 160793] [11.0] [cxt 0] Table 'MyEgress.egress_encap_vxlan': miss
[02:45:18.992] [bmv2] [D] [thread 160793] [11.0] [cxt 0] Action entry is NoAction - 
[02:45:18.992] [bmv2] [T] [thread 160793] [11.0] [cxt 0] Action NoAction
[02:45:18.992] [bmv2] [D] [thread 160793] [11.0] [cxt 0] Pipeline 'egress': end
[02:45:18.992] [bmv2] [D] [thread 160793] [11.0] [cxt 0] Deparser 'deparser': start
[02:45:18.992] [bmv2] [T] [thread 160793] [11.0] [cxt 0] Skipping checksum 'cksum' update because condition not met
[02:45:18.992] [bmv2] [D] [thread 160793] [11.0] [cxt 0] Deparsing header 'ethernet'
[02:45:18.992] [bmv2] [D] [thread 160793] [11.0] [cxt 0] Deparsing header 'ipv6'
[02:45:18.992] [bmv2] [D] [thread 160793] [11.0] [cxt 0] Deparser 'deparser': end
[02:45:18.992] [bmv2] [D] [thread 160797] [11.0] [cxt 0] Transmitting packet of size 70 out of port 0
[02:45:18.994] [bmv2] [D] [thread 160791] [12.0] [cxt 0] Processing packet received on port 2
[02:45:18.994] [bmv2] [D] [thread 160791] [12.0] [cxt 0] Parser 'parser': start
[02:45:18.994] [bmv2] [D] [thread 160791] [12.0] [cxt 0] Parser 'parser' entering state 'start'
[02:45:18.994] [bmv2] [D] [thread 160791] [12.0] [cxt 0] Extracting header 'ethernet'
[02:45:18.994] [bmv2] [D] [thread 160791] [12.0] [cxt 0] Parser state 'start': key is 86dd
[02:45:18.994] [bmv2] [T] [thread 160791] [12.0] [cxt 0] Bytes parsed: 14
[02:45:18.994] [bmv2] [D] [thread 160791] [12.0] [cxt 0] Parser 'parser' entering state 'parse_ipv6'
[02:45:18.994] [bmv2] [D] [thread 160791] [12.0] [cxt 0] Extracting header 'ipv6'
[02:45:18.994] [bmv2] [D] [thread 160791] [12.0] [cxt 0] Parser state 'parse_ipv6': key is 11
[02:45:18.994] [bmv2] [T] [thread 160791] [12.0] [cxt 0] Bytes parsed: 54
[02:45:18.994] [bmv2] [D] [thread 160791] [12.0] [cxt 0] Parser 'parser': end
[02:45:18.994] [bmv2] [D] [thread 160791] [12.0] [cxt 0] Pipeline 'ingress': start
[02:45:18.994] [bmv2] [T] [thread 160791] [12.0] [cxt 0] basic.p4(565) Condition "hdr.ethernet.etherType == TYPE_ARP" (node_2) is false
[02:45:18.994] [bmv2] [T] [thread 160791] [12.0] [cxt 0] basic.p4(568) Condition "hdr.ethernet.etherType == TYPE_SRCROUTING" (node_4) is false
[02:45:18.994] [bmv2] [T] [thread 160791] [12.0] [cxt 0] basic.p4(581) Condition "hdr.ethernet.etherType == TYPE_YEQUDESU" (node_12) is false
[02:45:18.994] [bmv2] [T] [thread 160791] [12.0] [cxt 0] basic.p4(587) Condition "hdr.vxlan.isValid()" (node_15) is false
[02:45:18.994] [bmv2] [T] [thread 160791] [12.0] [cxt 0] basic.p4(591) Condition "hdr.ipv6.isValid()" (node_17) is true
[02:45:18.994] [bmv2] [T] [thread 160791] [12.0] [cxt 0] Applying table 'MyIngress.ipv6_lpm'
[02:45:18.994] [bmv2] [D] [thread 160791] [12.0] [cxt 0] Looking up key:
* hdr.ipv6.dstAddr    : ff0200000000000000000000000000fb

[02:45:18.994] [bmv2] [D] [thread 160791] [12.0] [cxt 0] Table 'MyIngress.ipv6_lpm': miss
[02:45:18.994] [bmv2] [D] [thread 160791] [12.0] [cxt 0] Action entry is NoAction - 
[02:45:18.994] [bmv2] [T] [thread 160791] [12.0] [cxt 0] Action NoAction
[02:45:18.994] [bmv2] [D] [thread 160791] [12.0] [cxt 0] Pipeline 'ingress': end
[02:45:18.994] [bmv2] [D] [thread 160791] [12.0] [cxt 0] Egress port is 0
[02:45:18.995] [bmv2] [D] [thread 160793] [12.0] [cxt 0] Pipeline 'egress': start
[02:45:18.995] [bmv2] [T] [thread 160793] [12.0] [cxt 0] Applying table 'MyEgress.egress_encap_ipv6'
[02:45:18.995] [bmv2] [D] [thread 160793] [12.0] [cxt 0] Looking up key:
* standard_metadata.egress_port: 0000

[02:45:18.995] [bmv2] [D] [thread 160793] [12.0] [cxt 0] Table 'MyEgress.egress_encap_ipv6': miss
[02:45:18.995] [bmv2] [D] [thread 160793] [12.0] [cxt 0] Action entry is NoAction - 
[02:45:18.995] [bmv2] [T] [thread 160793] [12.0] [cxt 0] Action NoAction
[02:45:18.995] [bmv2] [T] [thread 160793] [12.0] [cxt 0] Applying table 'MyEgress.egress_encap_yequdesu'
[02:45:18.995] [bmv2] [D] [thread 160793] [12.0] [cxt 0] Looking up key:
* standard_metadata.egress_port: 0000

[02:45:18.995] [bmv2] [D] [thread 160793] [12.0] [cxt 0] Table 'MyEgress.egress_encap_yequdesu': miss
[02:45:18.995] [bmv2] [D] [thread 160793] [12.0] [cxt 0] Action entry is NoAction - 
[02:45:18.995] [bmv2] [T] [thread 160793] [12.0] [cxt 0] Action NoAction
[02:45:18.995] [bmv2] [T] [thread 160793] [12.0] [cxt 0] Applying table 'MyEgress.egress_encap_vxlan'
[02:45:18.995] [bmv2] [D] [thread 160793] [12.0] [cxt 0] Looking up key:
* standard_metadata.egress_port: 0000

[02:45:18.995] [bmv2] [D] [thread 160793] [12.0] [cxt 0] Table 'MyEgress.egress_encap_vxlan': miss
[02:45:18.995] [bmv2] [D] [thread 160793] [12.0] [cxt 0] Action entry is NoAction - 
[02:45:18.995] [bmv2] [T] [thread 160793] [12.0] [cxt 0] Action NoAction
[02:45:18.995] [bmv2] [D] [thread 160793] [12.0] [cxt 0] Pipeline 'egress': end
[02:45:18.995] [bmv2] [D] [thread 160793] [12.0] [cxt 0] Deparser 'deparser': start
[02:45:18.995] [bmv2] [T] [thread 160793] [12.0] [cxt 0] Skipping checksum 'cksum' update because condition not met
[02:45:18.995] [bmv2] [D] [thread 160793] [12.0] [cxt 0] Deparsing header 'ethernet'
[02:45:18.995] [bmv2] [D] [thread 160793] [12.0] [cxt 0] Deparsing header 'ipv6'
[02:45:18.995] [bmv2] [D] [thread 160793] [12.0] [cxt 0] Deparser 'deparser': end
[02:45:18.995] [bmv2] [D] [thread 160797] [12.0] [cxt 0] Transmitting packet of size 199 out of port 0
[02:45:18.997] [bmv2] [D] [thread 160791] [13.0] [cxt 0] Processing packet received on port 1
[02:45:18.997] [bmv2] [D] [thread 160791] [13.0] [cxt 0] Parser 'parser': start
[02:45:18.997] [bmv2] [D] [thread 160791] [13.0] [cxt 0] Parser 'parser' entering state 'start'
[02:45:18.997] [bmv2] [D] [thread 160791] [13.0] [cxt 0] Extracting header 'ethernet'
[02:45:18.997] [bmv2] [D] [thread 160791] [13.0] [cxt 0] Parser state 'start': key is 86dd
[02:45:18.997] [bmv2] [T] [thread 160791] [13.0] [cxt 0] Bytes parsed: 14
[02:45:18.997] [bmv2] [D] [thread 160791] [13.0] [cxt 0] Parser 'parser' entering state 'parse_ipv6'
[02:45:18.997] [bmv2] [D] [thread 160791] [13.0] [cxt 0] Extracting header 'ipv6'
[02:45:18.997] [bmv2] [D] [thread 160791] [13.0] [cxt 0] Parser state 'parse_ipv6': key is 11
[02:45:18.997] [bmv2] [T] [thread 160791] [13.0] [cxt 0] Bytes parsed: 54
[02:45:18.997] [bmv2] [D] [thread 160791] [13.0] [cxt 0] Parser 'parser': end
[02:45:18.997] [bmv2] [D] [thread 160791] [13.0] [cxt 0] Pipeline 'ingress': start
[02:45:18.997] [bmv2] [T] [thread 160791] [13.0] [cxt 0] basic.p4(565) Condition "hdr.ethernet.etherType == TYPE_ARP" (node_2) is false
[02:45:18.997] [bmv2] [T] [thread 160791] [13.0] [cxt 0] basic.p4(568) Condition "hdr.ethernet.etherType == TYPE_SRCROUTING" (node_4) is false
[02:45:18.997] [bmv2] [T] [thread 160791] [13.0] [cxt 0] basic.p4(581) Condition "hdr.ethernet.etherType == TYPE_YEQUDESU" (node_12) is false
[02:45:18.997] [bmv2] [T] [thread 160791] [13.0] [cxt 0] basic.p4(587) Condition "hdr.vxlan.isValid()" (node_15) is false
[02:45:18.997] [bmv2] [T] [thread 160791] [13.0] [cxt 0] basic.p4(591) Condition "hdr.ipv6.isValid()" (node_17) is true
[02:45:18.997] [bmv2] [T] [thread 160791] [13.0] [cxt 0] Applying table 'MyIngress.ipv6_lpm'
[02:45:18.997] [bmv2] [D] [thread 160791] [13.0] [cxt 0] Looking up key:
* hdr.ipv6.dstAddr    : ff0200000000000000000000000000fb

[02:45:18.997] [bmv2] [D] [thread 160791] [13.0] [cxt 0] Table 'MyIngress.ipv6_lpm': miss
[02:45:18.997] [bmv2] [D] [thread 160791] [13.0] [cxt 0] Action entry is NoAction - 
[02:45:18.998] [bmv2] [T] [thread 160791] [13.0] [cxt 0] Action NoAction
[02:45:18.998] [bmv2] [D] [thread 160791] [13.0] [cxt 0] Pipeline 'ingress': end
[02:45:18.998] [bmv2] [D] [thread 160791] [13.0] [cxt 0] Egress port is 0
[02:45:18.998] [bmv2] [D] [thread 160793] [13.0] [cxt 0] Pipeline 'egress': start
[02:45:18.998] [bmv2] [T] [thread 160793] [13.0] [cxt 0] Applying table 'MyEgress.egress_encap_ipv6'
[02:45:18.998] [bmv2] [D] [thread 160793] [13.0] [cxt 0] Looking up key:
* standard_metadata.egress_port: 0000

[02:45:18.998] [bmv2] [D] [thread 160793] [13.0] [cxt 0] Table 'MyEgress.egress_encap_ipv6': miss
[02:45:18.998] [bmv2] [D] [thread 160793] [13.0] [cxt 0] Action entry is NoAction - 
[02:45:18.998] [bmv2] [T] [thread 160793] [13.0] [cxt 0] Action NoAction
[02:45:18.998] [bmv2] [T] [thread 160793] [13.0] [cxt 0] Applying table 'MyEgress.egress_encap_yequdesu'
[02:45:18.998] [bmv2] [D] [thread 160793] [13.0] [cxt 0] Looking up key:
* standard_metadata.egress_port: 0000

[02:45:18.998] [bmv2] [D] [thread 160793] [13.0] [cxt 0] Table 'MyEgress.egress_encap_yequdesu': miss
[02:45:18.998] [bmv2] [D] [thread 160793] [13.0] [cxt 0] Action entry is NoAction - 
[02:45:18.998] [bmv2] [T] [thread 160793] [13.0] [cxt 0] Action NoAction
[02:45:18.998] [bmv2] [T] [thread 160793] [13.0] [cxt 0] Applying table 'MyEgress.egress_encap_vxlan'
[02:45:18.998] [bmv2] [D] [thread 160793] [13.0] [cxt 0] Looking up key:
* standard_metadata.egress_port: 0000

[02:45:18.998] [bmv2] [D] [thread 160793] [13.0] [cxt 0] Table 'MyEgress.egress_encap_vxlan': miss
[02:45:18.998] [bmv2] [D] [thread 160793] [13.0] [cxt 0] Action entry is NoAction - 
[02:45:18.998] [bmv2] [T] [thread 160793] [13.0] [cxt 0] Action NoAction
[02:45:18.998] [bmv2] [D] [thread 160793] [13.0] [cxt 0] Pipeline 'egress': end
[02:45:18.998] [bmv2] [D] [thread 160793] [13.0] [cxt 0] Deparser 'deparser': start
[02:45:18.998] [bmv2] [T] [thread 160793] [13.0] [cxt 0] Skipping checksum 'cksum' update because condition not met
[02:45:18.998] [bmv2] [D] [thread 160793] [13.0] [cxt 0] Deparsing header 'ethernet'
[02:45:18.998] [bmv2] [D] [thread 160793] [13.0] [cxt 0] Deparsing header 'ipv6'
[02:45:18.998] [bmv2] [D] [thread 160793] [13.0] [cxt 0] Deparser 'deparser': end
[02:45:18.998] [bmv2] [D] [thread 160797] [13.0] [cxt 0] Transmitting packet of size 199 out of port 0
[02:45:19.059] [bmv2] [D] [thread 160791] [14.0] [cxt 0] Processing packet received on port 2
[02:45:19.059] [bmv2] [D] [thread 160791] [14.0] [cxt 0] Parser 'parser': start
[02:45:19.059] [bmv2] [D] [thread 160791] [14.0] [cxt 0] Parser 'parser' entering state 'start'
[02:45:19.059] [bmv2] [D] [thread 160791] [14.0] [cxt 0] Extracting header 'ethernet'
[02:45:19.059] [bmv2] [D] [thread 160791] [14.0] [cxt 0] Parser state 'start': key is 86dd
[02:45:19.059] [bmv2] [T] [thread 160791] [14.0] [cxt 0] Bytes parsed: 14
[02:45:19.059] [bmv2] [D] [thread 160791] [14.0] [cxt 0] Parser 'parser' entering state 'parse_ipv6'
[02:45:19.059] [bmv2] [D] [thread 160791] [14.0] [cxt 0] Extracting header 'ipv6'
[02:45:19.059] [bmv2] [D] [thread 160791] [14.0] [cxt 0] Parser state 'parse_ipv6': key is 11
[02:45:19.059] [bmv2] [T] [thread 160791] [14.0] [cxt 0] Bytes parsed: 54
[02:45:19.059] [bmv2] [D] [thread 160791] [14.0] [cxt 0] Parser 'parser': end
[02:45:19.059] [bmv2] [D] [thread 160791] [14.0] [cxt 0] Pipeline 'ingress': start
[02:45:19.059] [bmv2] [T] [thread 160791] [14.0] [cxt 0] basic.p4(565) Condition "hdr.ethernet.etherType == TYPE_ARP" (node_2) is false
[02:45:19.059] [bmv2] [T] [thread 160791] [14.0] [cxt 0] basic.p4(568) Condition "hdr.ethernet.etherType == TYPE_SRCROUTING" (node_4) is false
[02:45:19.059] [bmv2] [T] [thread 160791] [14.0] [cxt 0] basic.p4(581) Condition "hdr.ethernet.etherType == TYPE_YEQUDESU" (node_12) is false
[02:45:19.060] [bmv2] [T] [thread 160791] [14.0] [cxt 0] basic.p4(587) Condition "hdr.vxlan.isValid()" (node_15) is false
[02:45:19.060] [bmv2] [T] [thread 160791] [14.0] [cxt 0] basic.p4(591) Condition "hdr.ipv6.isValid()" (node_17) is true
[02:45:19.060] [bmv2] [T] [thread 160791] [14.0] [cxt 0] Applying table 'MyIngress.ipv6_lpm'
[02:45:19.060] [bmv2] [D] [thread 160791] [14.0] [cxt 0] Looking up key:
* hdr.ipv6.dstAddr    : ff0200000000000000000000000000fb

[02:45:19.060] [bmv2] [D] [thread 160791] [14.0] [cxt 0] Table 'MyIngress.ipv6_lpm': miss
[02:45:19.060] [bmv2] [D] [thread 160791] [14.0] [cxt 0] Action entry is NoAction - 
[02:45:19.060] [bmv2] [T] [thread 160791] [14.0] [cxt 0] Action NoAction
[02:45:19.060] [bmv2] [D] [thread 160791] [14.0] [cxt 0] Pipeline 'ingress': end
[02:45:19.060] [bmv2] [D] [thread 160791] [14.0] [cxt 0] Egress port is 0
[02:45:19.060] [bmv2] [D] [thread 160793] [14.0] [cxt 0] Pipeline 'egress': start
[02:45:19.060] [bmv2] [T] [thread 160793] [14.0] [cxt 0] Applying table 'MyEgress.egress_encap_ipv6'
[02:45:19.060] [bmv2] [D] [thread 160793] [14.0] [cxt 0] Looking up key:
* standard_metadata.egress_port: 0000

[02:45:19.060] [bmv2] [D] [thread 160793] [14.0] [cxt 0] Table 'MyEgress.egress_encap_ipv6': miss
[02:45:19.060] [bmv2] [D] [thread 160793] [14.0] [cxt 0] Action entry is NoAction - 
[02:45:19.060] [bmv2] [T] [thread 160793] [14.0] [cxt 0] Action NoAction
[02:45:19.060] [bmv2] [T] [thread 160793] [14.0] [cxt 0] Applying table 'MyEgress.egress_encap_yequdesu'
[02:45:19.060] [bmv2] [D] [thread 160793] [14.0] [cxt 0] Looking up key:
* standard_metadata.egress_port: 0000

[02:45:19.060] [bmv2] [D] [thread 160793] [14.0] [cxt 0] Table 'MyEgress.egress_encap_yequdesu': miss
[02:45:19.060] [bmv2] [D] [thread 160793] [14.0] [cxt 0] Action entry is NoAction - 
[02:45:19.060] [bmv2] [T] [thread 160793] [14.0] [cxt 0] Action NoAction
[02:45:19.060] [bmv2] [T] [thread 160793] [14.0] [cxt 0] Applying table 'MyEgress.egress_encap_vxlan'
[02:45:19.060] [bmv2] [D] [thread 160793] [14.0] [cxt 0] Looking up key:
* standard_metadata.egress_port: 0000

[02:45:19.060] [bmv2] [D] [thread 160793] [14.0] [cxt 0] Table 'MyEgress.egress_encap_vxlan': miss
[02:45:19.060] [bmv2] [D] [thread 160793] [14.0] [cxt 0] Action entry is NoAction - 
[02:45:19.060] [bmv2] [T] [thread 160793] [14.0] [cxt 0] Action NoAction
[02:45:19.060] [bmv2] [D] [thread 160793] [14.0] [cxt 0] Pipeline 'egress': end
[02:45:19.060] [bmv2] [D] [thread 160793] [14.0] [cxt 0] Deparser 'deparser': start
[02:45:19.060] [bmv2] [T] [thread 160793] [14.0] [cxt 0] Skipping checksum 'cksum' update because condition not met
[02:45:19.060] [bmv2] [D] [thread 160793] [14.0] [cxt 0] Deparsing header 'ethernet'
[02:45:19.060] [bmv2] [D] [thread 160793] [14.0] [cxt 0] Deparsing header 'ipv6'
[02:45:19.060] [bmv2] [D] [thread 160793] [14.0] [cxt 0] Deparser 'deparser': end
[02:45:19.060] [bmv2] [D] [thread 160797] [14.0] [cxt 0] Transmitting packet of size 199 out of port 0
[02:45:21.423] [bmv2] [D] [thread 160791] [15.0] [cxt 0] Processing packet received on port 1
[02:45:21.423] [bmv2] [D] [thread 160791] [15.0] [cxt 0] Parser 'parser': start
[02:45:21.423] [bmv2] [D] [thread 160791] [15.0] [cxt 0] Parser 'parser' entering state 'start'
[02:45:21.423] [bmv2] [D] [thread 160791] [15.0] [cxt 0] Extracting header 'ethernet'
[02:45:21.423] [bmv2] [D] [thread 160791] [15.0] [cxt 0] Parser state 'start': key is 86dd
[02:45:21.423] [bmv2] [T] [thread 160791] [15.0] [cxt 0] Bytes parsed: 14
[02:45:21.423] [bmv2] [D] [thread 160791] [15.0] [cxt 0] Parser 'parser' entering state 'parse_ipv6'
[02:45:21.423] [bmv2] [D] [thread 160791] [15.0] [cxt 0] Extracting header 'ipv6'
[02:45:21.423] [bmv2] [D] [thread 160791] [15.0] [cxt 0] Parser state 'parse_ipv6': key is 11
[02:45:21.423] [bmv2] [T] [thread 160791] [15.0] [cxt 0] Bytes parsed: 54
[02:45:21.423] [bmv2] [D] [thread 160791] [15.0] [cxt 0] Parser 'parser': end
[02:45:21.423] [bmv2] [D] [thread 160791] [15.0] [cxt 0] Pipeline 'ingress': start
[02:45:21.423] [bmv2] [T] [thread 160791] [15.0] [cxt 0] basic.p4(565) Condition "hdr.ethernet.etherType == TYPE_ARP" (node_2) is false
[02:45:21.423] [bmv2] [T] [thread 160791] [15.0] [cxt 0] basic.p4(568) Condition "hdr.ethernet.etherType == TYPE_SRCROUTING" (node_4) is false
[02:45:21.423] [bmv2] [T] [thread 160791] [15.0] [cxt 0] basic.p4(581) Condition "hdr.ethernet.etherType == TYPE_YEQUDESU" (node_12) is false
[02:45:21.423] [bmv2] [T] [thread 160791] [15.0] [cxt 0] basic.p4(587) Condition "hdr.vxlan.isValid()" (node_15) is false
[02:45:21.423] [bmv2] [T] [thread 160791] [15.0] [cxt 0] basic.p4(591) Condition "hdr.ipv6.isValid()" (node_17) is true
[02:45:21.423] [bmv2] [T] [thread 160791] [15.0] [cxt 0] Applying table 'MyIngress.ipv6_lpm'
[02:45:21.423] [bmv2] [D] [thread 160791] [15.0] [cxt 0] Looking up key:
* hdr.ipv6.dstAddr    : ff0200000000000000000000000000fb

[02:45:21.423] [bmv2] [D] [thread 160791] [15.0] [cxt 0] Table 'MyIngress.ipv6_lpm': miss
[02:45:21.423] [bmv2] [D] [thread 160791] [15.0] [cxt 0] Action entry is NoAction - 
[02:45:21.423] [bmv2] [T] [thread 160791] [15.0] [cxt 0] Action NoAction
[02:45:21.423] [bmv2] [D] [thread 160791] [15.0] [cxt 0] Pipeline 'ingress': end
[02:45:21.423] [bmv2] [D] [thread 160791] [15.0] [cxt 0] Egress port is 0
[02:45:21.424] [bmv2] [D] [thread 160793] [15.0] [cxt 0] Pipeline 'egress': start
[02:45:21.424] [bmv2] [T] [thread 160793] [15.0] [cxt 0] Applying table 'MyEgress.egress_encap_ipv6'
[02:45:21.424] [bmv2] [D] [thread 160793] [15.0] [cxt 0] Looking up key:
* standard_metadata.egress_port: 0000

[02:45:21.424] [bmv2] [D] [thread 160793] [15.0] [cxt 0] Table 'MyEgress.egress_encap_ipv6': miss
[02:45:21.424] [bmv2] [D] [thread 160793] [15.0] [cxt 0] Action entry is NoAction - 
[02:45:21.424] [bmv2] [T] [thread 160793] [15.0] [cxt 0] Action NoAction
[02:45:21.424] [bmv2] [T] [thread 160793] [15.0] [cxt 0] Applying table 'MyEgress.egress_encap_yequdesu'
[02:45:21.424] [bmv2] [D] [thread 160793] [15.0] [cxt 0] Looking up key:
* standard_metadata.egress_port: 0000

[02:45:21.424] [bmv2] [D] [thread 160793] [15.0] [cxt 0] Table 'MyEgress.egress_encap_yequdesu': miss
[02:45:21.424] [bmv2] [D] [thread 160793] [15.0] [cxt 0] Action entry is NoAction - 
[02:45:21.424] [bmv2] [T] [thread 160793] [15.0] [cxt 0] Action NoAction
[02:45:21.424] [bmv2] [T] [thread 160793] [15.0] [cxt 0] Applying table 'MyEgress.egress_encap_vxlan'
[02:45:21.424] [bmv2] [D] [thread 160793] [15.0] [cxt 0] Looking up key:
* standard_metadata.egress_port: 0000

[02:45:21.424] [bmv2] [D] [thread 160793] [15.0] [cxt 0] Table 'MyEgress.egress_encap_vxlan': miss
[02:45:21.424] [bmv2] [D] [thread 160793] [15.0] [cxt 0] Action entry is NoAction - 
[02:45:21.424] [bmv2] [T] [thread 160793] [15.0] [cxt 0] Action NoAction
[02:45:21.424] [bmv2] [D] [thread 160793] [15.0] [cxt 0] Pipeline 'egress': end
[02:45:21.424] [bmv2] [D] [thread 160793] [15.0] [cxt 0] Deparser 'deparser': start
[02:45:21.424] [bmv2] [T] [thread 160793] [15.0] [cxt 0] Skipping checksum 'cksum' update because condition not met
[02:45:21.424] [bmv2] [D] [thread 160793] [15.0] [cxt 0] Deparsing header 'ethernet'
[02:45:21.424] [bmv2] [D] [thread 160793] [15.0] [cxt 0] Deparsing header 'ipv6'
[02:45:21.424] [bmv2] [D] [thread 160793] [15.0] [cxt 0] Deparser 'deparser': end
[02:45:21.424] [bmv2] [D] [thread 160797] [15.0] [cxt 0] Transmitting packet of size 203 out of port 0
[02:45:21.678] [bmv2] [D] [thread 160791] [16.0] [cxt 0] Processing packet received on port 1
[02:45:21.678] [bmv2] [D] [thread 160791] [16.0] [cxt 0] Parser 'parser': start
[02:45:21.678] [bmv2] [D] [thread 160791] [16.0] [cxt 0] Parser 'parser' entering state 'start'
[02:45:21.678] [bmv2] [D] [thread 160791] [16.0] [cxt 0] Extracting header 'ethernet'
[02:45:21.678] [bmv2] [D] [thread 160791] [16.0] [cxt 0] Parser state 'start': key is 86dd
[02:45:21.678] [bmv2] [T] [thread 160791] [16.0] [cxt 0] Bytes parsed: 14
[02:45:21.678] [bmv2] [D] [thread 160791] [16.0] [cxt 0] Parser 'parser' entering state 'parse_ipv6'
[02:45:21.678] [bmv2] [D] [thread 160791] [16.0] [cxt 0] Extracting header 'ipv6'
[02:45:21.678] [bmv2] [D] [thread 160791] [16.0] [cxt 0] Parser state 'parse_ipv6': key is 11
[02:45:21.678] [bmv2] [T] [thread 160791] [16.0] [cxt 0] Bytes parsed: 54
[02:45:21.678] [bmv2] [D] [thread 160791] [16.0] [cxt 0] Parser 'parser': end
[02:45:21.678] [bmv2] [D] [thread 160791] [16.0] [cxt 0] Pipeline 'ingress': start
[02:45:21.678] [bmv2] [T] [thread 160791] [16.0] [cxt 0] basic.p4(565) Condition "hdr.ethernet.etherType == TYPE_ARP" (node_2) is false
[02:45:21.678] [bmv2] [T] [thread 160791] [16.0] [cxt 0] basic.p4(568) Condition "hdr.ethernet.etherType == TYPE_SRCROUTING" (node_4) is false
[02:45:21.678] [bmv2] [T] [thread 160791] [16.0] [cxt 0] basic.p4(581) Condition "hdr.ethernet.etherType == TYPE_YEQUDESU" (node_12) is false
[02:45:21.678] [bmv2] [T] [thread 160791] [16.0] [cxt 0] basic.p4(587) Condition "hdr.vxlan.isValid()" (node_15) is false
[02:45:21.678] [bmv2] [T] [thread 160791] [16.0] [cxt 0] basic.p4(591) Condition "hdr.ipv6.isValid()" (node_17) is true
[02:45:21.678] [bmv2] [T] [thread 160791] [16.0] [cxt 0] Applying table 'MyIngress.ipv6_lpm'
[02:45:21.678] [bmv2] [D] [thread 160791] [16.0] [cxt 0] Looking up key:
* hdr.ipv6.dstAddr    : ff0200000000000000000000000000fb

[02:45:21.678] [bmv2] [D] [thread 160791] [16.0] [cxt 0] Table 'MyIngress.ipv6_lpm': miss
[02:45:21.678] [bmv2] [D] [thread 160791] [16.0] [cxt 0] Action entry is NoAction - 
[02:45:21.678] [bmv2] [T] [thread 160791] [16.0] [cxt 0] Action NoAction
[02:45:21.678] [bmv2] [D] [thread 160791] [16.0] [cxt 0] Pipeline 'ingress': end
[02:45:21.678] [bmv2] [D] [thread 160791] [16.0] [cxt 0] Egress port is 0
[02:45:21.678] [bmv2] [D] [thread 160791] [17.0] [cxt 0] Processing packet received on port 2
[02:45:21.678] [bmv2] [D] [thread 160791] [17.0] [cxt 0] Parser 'parser': start
[02:45:21.678] [bmv2] [D] [thread 160791] [17.0] [cxt 0] Parser 'parser' entering state 'start'
[02:45:21.678] [bmv2] [D] [thread 160791] [17.0] [cxt 0] Extracting header 'ethernet'
[02:45:21.678] [bmv2] [D] [thread 160791] [17.0] [cxt 0] Parser state 'start': key is 86dd
[02:45:21.678] [bmv2] [T] [thread 160791] [17.0] [cxt 0] Bytes parsed: 14
[02:45:21.678] [bmv2] [D] [thread 160791] [17.0] [cxt 0] Parser 'parser' entering state 'parse_ipv6'
[02:45:21.678] [bmv2] [D] [thread 160791] [17.0] [cxt 0] Extracting header 'ipv6'
[02:45:21.678] [bmv2] [D] [thread 160791] [17.0] [cxt 0] Parser state 'parse_ipv6': key is 11
[02:45:21.678] [bmv2] [T] [thread 160791] [17.0] [cxt 0] Bytes parsed: 54
[02:45:21.678] [bmv2] [D] [thread 160791] [17.0] [cxt 0] Parser 'parser': end
[02:45:21.678] [bmv2] [D] [thread 160791] [17.0] [cxt 0] Pipeline 'ingress': start
[02:45:21.678] [bmv2] [T] [thread 160791] [17.0] [cxt 0] basic.p4(565) Condition "hdr.ethernet.etherType == TYPE_ARP" (node_2) is false
[02:45:21.678] [bmv2] [T] [thread 160791] [17.0] [cxt 0] basic.p4(568) Condition "hdr.ethernet.etherType == TYPE_SRCROUTING" (node_4) is false
[02:45:21.678] [bmv2] [T] [thread 160791] [17.0] [cxt 0] basic.p4(581) Condition "hdr.ethernet.etherType == TYPE_YEQUDESU" (node_12) is false
[02:45:21.678] [bmv2] [T] [thread 160791] [17.0] [cxt 0] basic.p4(587) Condition "hdr.vxlan.isValid()" (node_15) is false
[02:45:21.678] [bmv2] [T] [thread 160791] [17.0] [cxt 0] basic.p4(591) Condition "hdr.ipv6.isValid()" (node_17) is true
[02:45:21.678] [bmv2] [T] [thread 160791] [17.0] [cxt 0] Applying table 'MyIngress.ipv6_lpm'
[02:45:21.678] [bmv2] [D] [thread 160791] [17.0] [cxt 0] Looking up key:
* hdr.ipv6.dstAddr    : ff0200000000000000000000000000fb

[02:45:21.678] [bmv2] [D] [thread 160791] [17.0] [cxt 0] Table 'MyIngress.ipv6_lpm': miss
[02:45:21.678] [bmv2] [D] [thread 160791] [17.0] [cxt 0] Action entry is NoAction - 
[02:45:21.678] [bmv2] [T] [thread 160791] [17.0] [cxt 0] Action NoAction
[02:45:21.678] [bmv2] [D] [thread 160791] [17.0] [cxt 0] Pipeline 'ingress': end
[02:45:21.678] [bmv2] [D] [thread 160791] [17.0] [cxt 0] Egress port is 0
[02:45:21.678] [bmv2] [D] [thread 160793] [16.0] [cxt 0] Pipeline 'egress': start
[02:45:21.678] [bmv2] [T] [thread 160793] [16.0] [cxt 0] Applying table 'MyEgress.egress_encap_ipv6'
[02:45:21.678] [bmv2] [D] [thread 160793] [16.0] [cxt 0] Looking up key:
* standard_metadata.egress_port: 0000

[02:45:21.679] [bmv2] [D] [thread 160793] [16.0] [cxt 0] Table 'MyEgress.egress_encap_ipv6': miss
[02:45:21.679] [bmv2] [D] [thread 160793] [16.0] [cxt 0] Action entry is NoAction - 
[02:45:21.679] [bmv2] [T] [thread 160793] [16.0] [cxt 0] Action NoAction
[02:45:21.679] [bmv2] [T] [thread 160793] [16.0] [cxt 0] Applying table 'MyEgress.egress_encap_yequdesu'
[02:45:21.679] [bmv2] [D] [thread 160793] [16.0] [cxt 0] Looking up key:
* standard_metadata.egress_port: 0000

[02:45:21.679] [bmv2] [D] [thread 160793] [16.0] [cxt 0] Table 'MyEgress.egress_encap_yequdesu': miss
[02:45:21.679] [bmv2] [D] [thread 160793] [16.0] [cxt 0] Action entry is NoAction - 
[02:45:21.679] [bmv2] [T] [thread 160793] [16.0] [cxt 0] Action NoAction
[02:45:21.679] [bmv2] [T] [thread 160793] [16.0] [cxt 0] Applying table 'MyEgress.egress_encap_vxlan'
[02:45:21.679] [bmv2] [D] [thread 160793] [16.0] [cxt 0] Looking up key:
* standard_metadata.egress_port: 0000

[02:45:21.679] [bmv2] [D] [thread 160793] [16.0] [cxt 0] Table 'MyEgress.egress_encap_vxlan': miss
[02:45:21.679] [bmv2] [D] [thread 160793] [16.0] [cxt 0] Action entry is NoAction - 
[02:45:21.679] [bmv2] [T] [thread 160793] [16.0] [cxt 0] Action NoAction
[02:45:21.679] [bmv2] [D] [thread 160793] [16.0] [cxt 0] Pipeline 'egress': end
[02:45:21.679] [bmv2] [D] [thread 160793] [16.0] [cxt 0] Deparser 'deparser': start
[02:45:21.679] [bmv2] [T] [thread 160793] [16.0] [cxt 0] Skipping checksum 'cksum' update because condition not met
[02:45:21.679] [bmv2] [D] [thread 160793] [16.0] [cxt 0] Deparsing header 'ethernet'
[02:45:21.679] [bmv2] [D] [thread 160793] [16.0] [cxt 0] Deparsing header 'ipv6'
[02:45:21.679] [bmv2] [D] [thread 160793] [16.0] [cxt 0] Deparser 'deparser': end
[02:45:21.679] [bmv2] [D] [thread 160797] [16.0] [cxt 0] Transmitting packet of size 203 out of port 0
[02:45:21.679] [bmv2] [D] [thread 160793] [17.0] [cxt 0] Pipeline 'egress': start
[02:45:21.679] [bmv2] [T] [thread 160793] [17.0] [cxt 0] Applying table 'MyEgress.egress_encap_ipv6'
[02:45:21.679] [bmv2] [D] [thread 160793] [17.0] [cxt 0] Looking up key:
* standard_metadata.egress_port: 0000

[02:45:21.679] [bmv2] [D] [thread 160793] [17.0] [cxt 0] Table 'MyEgress.egress_encap_ipv6': miss
[02:45:21.679] [bmv2] [D] [thread 160793] [17.0] [cxt 0] Action entry is NoAction - 
[02:45:21.679] [bmv2] [T] [thread 160793] [17.0] [cxt 0] Action NoAction
[02:45:21.679] [bmv2] [T] [thread 160793] [17.0] [cxt 0] Applying table 'MyEgress.egress_encap_yequdesu'
[02:45:21.679] [bmv2] [D] [thread 160793] [17.0] [cxt 0] Looking up key:
* standard_metadata.egress_port: 0000

[02:45:21.679] [bmv2] [D] [thread 160793] [17.0] [cxt 0] Table 'MyEgress.egress_encap_yequdesu': miss
[02:45:21.679] [bmv2] [D] [thread 160793] [17.0] [cxt 0] Action entry is NoAction - 
[02:45:21.679] [bmv2] [T] [thread 160793] [17.0] [cxt 0] Action NoAction
[02:45:21.679] [bmv2] [T] [thread 160793] [17.0] [cxt 0] Applying table 'MyEgress.egress_encap_vxlan'
[02:45:21.679] [bmv2] [D] [thread 160793] [17.0] [cxt 0] Looking up key:
* standard_metadata.egress_port: 0000

[02:45:21.679] [bmv2] [D] [thread 160793] [17.0] [cxt 0] Table 'MyEgress.egress_encap_vxlan': miss
[02:45:21.679] [bmv2] [D] [thread 160793] [17.0] [cxt 0] Action entry is NoAction - 
[02:45:21.679] [bmv2] [T] [thread 160793] [17.0] [cxt 0] Action NoAction
[02:45:21.679] [bmv2] [D] [thread 160793] [17.0] [cxt 0] Pipeline 'egress': end
[02:45:21.679] [bmv2] [D] [thread 160793] [17.0] [cxt 0] Deparser 'deparser': start
[02:45:21.679] [bmv2] [T] [thread 160793] [17.0] [cxt 0] Skipping checksum 'cksum' update because condition not met
[02:45:21.679] [bmv2] [D] [thread 160793] [17.0] [cxt 0] Deparsing header 'ethernet'
[02:45:21.679] [bmv2] [D] [thread 160793] [17.0] [cxt 0] Deparsing header 'ipv6'
[02:45:21.679] [bmv2] [D] [thread 160793] [17.0] [cxt 0] Deparser 'deparser': end
[02:45:21.679] [bmv2] [D] [thread 160797] [17.0] [cxt 0] Transmitting packet of size 203 out of port 0
[02:45:27.182] [bmv2] [D] [thread 160791] [18.0] [cxt 0] Processing packet received on port 1
[02:45:27.182] [bmv2] [D] [thread 160791] [18.0] [cxt 0] Parser 'parser': start
[02:45:27.182] [bmv2] [D] [thread 160791] [18.0] [cxt 0] Parser 'parser' entering state 'start'
[02:45:27.182] [bmv2] [D] [thread 160791] [18.0] [cxt 0] Extracting header 'ethernet'
[02:45:27.182] [bmv2] [D] [thread 160791] [18.0] [cxt 0] Parser state 'start': key is 86dd
[02:45:27.182] [bmv2] [T] [thread 160791] [18.0] [cxt 0] Bytes parsed: 14
[02:45:27.182] [bmv2] [D] [thread 160791] [18.0] [cxt 0] Parser 'parser' entering state 'parse_ipv6'
[02:45:27.182] [bmv2] [D] [thread 160791] [18.0] [cxt 0] Extracting header 'ipv6'
[02:45:27.182] [bmv2] [D] [thread 160791] [18.0] [cxt 0] Parser state 'parse_ipv6': key is 3a
[02:45:27.182] [bmv2] [T] [thread 160791] [18.0] [cxt 0] Bytes parsed: 54
[02:45:27.182] [bmv2] [D] [thread 160791] [18.0] [cxt 0] Parser 'parser': end
[02:45:27.182] [bmv2] [D] [thread 160791] [18.0] [cxt 0] Pipeline 'ingress': start
[02:45:27.182] [bmv2] [T] [thread 160791] [18.0] [cxt 0] basic.p4(565) Condition "hdr.ethernet.etherType == TYPE_ARP" (node_2) is false
[02:45:27.182] [bmv2] [T] [thread 160791] [18.0] [cxt 0] basic.p4(568) Condition "hdr.ethernet.etherType == TYPE_SRCROUTING" (node_4) is false
[02:45:27.182] [bmv2] [T] [thread 160791] [18.0] [cxt 0] basic.p4(581) Condition "hdr.ethernet.etherType == TYPE_YEQUDESU" (node_12) is false
[02:45:27.182] [bmv2] [T] [thread 160791] [18.0] [cxt 0] basic.p4(587) Condition "hdr.vxlan.isValid()" (node_15) is false
[02:45:27.182] [bmv2] [T] [thread 160791] [18.0] [cxt 0] basic.p4(591) Condition "hdr.ipv6.isValid()" (node_17) is true
[02:45:27.182] [bmv2] [T] [thread 160791] [18.0] [cxt 0] Applying table 'MyIngress.ipv6_lpm'
[02:45:27.182] [bmv2] [D] [thread 160791] [18.0] [cxt 0] Looking up key:
* hdr.ipv6.dstAddr    : ff020000000000000000000000000002

[02:45:27.182] [bmv2] [D] [thread 160791] [18.0] [cxt 0] Table 'MyIngress.ipv6_lpm': miss
[02:45:27.182] [bmv2] [D] [thread 160791] [18.0] [cxt 0] Action entry is NoAction - 
[02:45:27.182] [bmv2] [T] [thread 160791] [18.0] [cxt 0] Action NoAction
[02:45:27.182] [bmv2] [D] [thread 160791] [18.0] [cxt 0] Pipeline 'ingress': end
[02:45:27.182] [bmv2] [D] [thread 160791] [18.0] [cxt 0] Egress port is 0
[02:45:27.182] [bmv2] [D] [thread 160791] [19.0] [cxt 0] Processing packet received on port 2
[02:45:27.182] [bmv2] [D] [thread 160791] [19.0] [cxt 0] Parser 'parser': start
[02:45:27.182] [bmv2] [D] [thread 160791] [19.0] [cxt 0] Parser 'parser' entering state 'start'
[02:45:27.182] [bmv2] [D] [thread 160791] [19.0] [cxt 0] Extracting header 'ethernet'
[02:45:27.182] [bmv2] [D] [thread 160791] [19.0] [cxt 0] Parser state 'start': key is 86dd
[02:45:27.182] [bmv2] [T] [thread 160791] [19.0] [cxt 0] Bytes parsed: 14
[02:45:27.182] [bmv2] [D] [thread 160791] [19.0] [cxt 0] Parser 'parser' entering state 'parse_ipv6'
[02:45:27.182] [bmv2] [D] [thread 160791] [19.0] [cxt 0] Extracting header 'ipv6'
[02:45:27.182] [bmv2] [D] [thread 160791] [19.0] [cxt 0] Parser state 'parse_ipv6': key is 3a
[02:45:27.182] [bmv2] [T] [thread 160791] [19.0] [cxt 0] Bytes parsed: 54
[02:45:27.182] [bmv2] [D] [thread 160791] [19.0] [cxt 0] Parser 'parser': end
[02:45:27.182] [bmv2] [D] [thread 160791] [19.0] [cxt 0] Pipeline 'ingress': start
[02:45:27.182] [bmv2] [T] [thread 160791] [19.0] [cxt 0] basic.p4(565) Condition "hdr.ethernet.etherType == TYPE_ARP" (node_2) is false
[02:45:27.182] [bmv2] [T] [thread 160791] [19.0] [cxt 0] basic.p4(568) Condition "hdr.ethernet.etherType == TYPE_SRCROUTING" (node_4) is false
[02:45:27.182] [bmv2] [T] [thread 160791] [19.0] [cxt 0] basic.p4(581) Condition "hdr.ethernet.etherType == TYPE_YEQUDESU" (node_12) is false
[02:45:27.182] [bmv2] [T] [thread 160791] [19.0] [cxt 0] basic.p4(587) Condition "hdr.vxlan.isValid()" (node_15) is false
[02:45:27.182] [bmv2] [T] [thread 160791] [19.0] [cxt 0] basic.p4(591) Condition "hdr.ipv6.isValid()" (node_17) is true
[02:45:27.182] [bmv2] [T] [thread 160791] [19.0] [cxt 0] Applying table 'MyIngress.ipv6_lpm'
[02:45:27.183] [bmv2] [D] [thread 160791] [19.0] [cxt 0] Looking up key:
* hdr.ipv6.dstAddr    : ff020000000000000000000000000002

[02:45:27.183] [bmv2] [D] [thread 160791] [19.0] [cxt 0] Table 'MyIngress.ipv6_lpm': miss
[02:45:27.183] [bmv2] [D] [thread 160791] [19.0] [cxt 0] Action entry is NoAction - 
[02:45:27.183] [bmv2] [T] [thread 160791] [19.0] [cxt 0] Action NoAction
[02:45:27.183] [bmv2] [D] [thread 160791] [19.0] [cxt 0] Pipeline 'ingress': end
[02:45:27.183] [bmv2] [D] [thread 160791] [19.0] [cxt 0] Egress port is 0
[02:45:27.183] [bmv2] [D] [thread 160793] [18.0] [cxt 0] Pipeline 'egress': start
[02:45:27.183] [bmv2] [T] [thread 160793] [18.0] [cxt 0] Applying table 'MyEgress.egress_encap_ipv6'
[02:45:27.183] [bmv2] [D] [thread 160793] [18.0] [cxt 0] Looking up key:
* standard_metadata.egress_port: 0000

[02:45:27.183] [bmv2] [D] [thread 160793] [18.0] [cxt 0] Table 'MyEgress.egress_encap_ipv6': miss
[02:45:27.183] [bmv2] [D] [thread 160793] [18.0] [cxt 0] Action entry is NoAction - 
[02:45:27.183] [bmv2] [T] [thread 160793] [18.0] [cxt 0] Action NoAction
[02:45:27.183] [bmv2] [T] [thread 160793] [18.0] [cxt 0] Applying table 'MyEgress.egress_encap_yequdesu'
[02:45:27.183] [bmv2] [D] [thread 160793] [18.0] [cxt 0] Looking up key:
* standard_metadata.egress_port: 0000

[02:45:27.183] [bmv2] [D] [thread 160793] [18.0] [cxt 0] Table 'MyEgress.egress_encap_yequdesu': miss
[02:45:27.183] [bmv2] [D] [thread 160793] [18.0] [cxt 0] Action entry is NoAction - 
[02:45:27.183] [bmv2] [T] [thread 160793] [18.0] [cxt 0] Action NoAction
[02:45:27.183] [bmv2] [T] [thread 160793] [18.0] [cxt 0] Applying table 'MyEgress.egress_encap_vxlan'
[02:45:27.183] [bmv2] [D] [thread 160793] [18.0] [cxt 0] Looking up key:
* standard_metadata.egress_port: 0000

[02:45:27.183] [bmv2] [D] [thread 160793] [18.0] [cxt 0] Table 'MyEgress.egress_encap_vxlan': miss
[02:45:27.183] [bmv2] [D] [thread 160793] [18.0] [cxt 0] Action entry is NoAction - 
[02:45:27.183] [bmv2] [T] [thread 160793] [18.0] [cxt 0] Action NoAction
[02:45:27.183] [bmv2] [D] [thread 160793] [18.0] [cxt 0] Pipeline 'egress': end
[02:45:27.183] [bmv2] [D] [thread 160793] [18.0] [cxt 0] Deparser 'deparser': start
[02:45:27.183] [bmv2] [T] [thread 160793] [18.0] [cxt 0] Skipping checksum 'cksum' update because condition not met
[02:45:27.183] [bmv2] [D] [thread 160793] [18.0] [cxt 0] Deparsing header 'ethernet'
[02:45:27.183] [bmv2] [D] [thread 160793] [18.0] [cxt 0] Deparsing header 'ipv6'
[02:45:27.183] [bmv2] [D] [thread 160793] [18.0] [cxt 0] Deparser 'deparser': end
[02:45:27.183] [bmv2] [D] [thread 160793] [19.0] [cxt 0] Pipeline 'egress': start
[02:45:27.183] [bmv2] [T] [thread 160793] [19.0] [cxt 0] Applying table 'MyEgress.egress_encap_ipv6'
[02:45:27.183] [bmv2] [D] [thread 160793] [19.0] [cxt 0] Looking up key:
* standard_metadata.egress_port: 0000

[02:45:27.183] [bmv2] [D] [thread 160793] [19.0] [cxt 0] Table 'MyEgress.egress_encap_ipv6': miss
[02:45:27.183] [bmv2] [D] [thread 160793] [19.0] [cxt 0] Action entry is NoAction - 
[02:45:27.183] [bmv2] [T] [thread 160793] [19.0] [cxt 0] Action NoAction
[02:45:27.183] [bmv2] [T] [thread 160793] [19.0] [cxt 0] Applying table 'MyEgress.egress_encap_yequdesu'
[02:45:27.183] [bmv2] [D] [thread 160793] [19.0] [cxt 0] Looking up key:
* standard_metadata.egress_port: 0000

[02:45:27.183] [bmv2] [D] [thread 160793] [19.0] [cxt 0] Table 'MyEgress.egress_encap_yequdesu': miss
[02:45:27.183] [bmv2] [D] [thread 160793] [19.0] [cxt 0] Action entry is NoAction - 
[02:45:27.183] [bmv2] [T] [thread 160793] [19.0] [cxt 0] Action NoAction
[02:45:27.183] [bmv2] [T] [thread 160793] [19.0] [cxt 0] Applying table 'MyEgress.egress_encap_vxlan'
[02:45:27.183] [bmv2] [D] [thread 160793] [19.0] [cxt 0] Looking up key:
* standard_metadata.egress_port: 0000

[02:45:27.183] [bmv2] [D] [thread 160793] [19.0] [cxt 0] Table 'MyEgress.egress_encap_vxlan': miss
[02:45:27.183] [bmv2] [D] [thread 160793] [19.0] [cxt 0] Action entry is NoAction - 
[02:45:27.183] [bmv2] [T] [thread 160793] [19.0] [cxt 0] Action NoAction
[02:45:27.183] [bmv2] [D] [thread 160793] [19.0] [cxt 0] Pipeline 'egress': end
[02:45:27.183] [bmv2] [D] [thread 160793] [19.0] [cxt 0] Deparser 'deparser': start
[02:45:27.183] [bmv2] [T] [thread 160793] [19.0] [cxt 0] Skipping checksum 'cksum' update because condition not met
[02:45:27.183] [bmv2] [D] [thread 160793] [19.0] [cxt 0] Deparsing header 'ethernet'
[02:45:27.183] [bmv2] [D] [thread 160793] [19.0] [cxt 0] Deparsing header 'ipv6'
[02:45:27.183] [bmv2] [D] [thread 160793] [19.0] [cxt 0] Deparser 'deparser': end
[02:45:27.184] [bmv2] [D] [thread 160797] [18.0] [cxt 0] Transmitting packet of size 70 out of port 0
[02:45:27.184] [bmv2] [D] [thread 160797] [19.0] [cxt 0] Transmitting packet of size 70 out of port 0
[02:45:27.694] [bmv2] [D] [thread 160791] [20.0] [cxt 0] Processing packet received on port 1
[02:45:27.694] [bmv2] [D] [thread 160791] [20.0] [cxt 0] Parser 'parser': start
[02:45:27.694] [bmv2] [D] [thread 160791] [20.0] [cxt 0] Parser 'parser' entering state 'start'
[02:45:27.694] [bmv2] [D] [thread 160791] [20.0] [cxt 0] Extracting header 'ethernet'
[02:45:27.694] [bmv2] [D] [thread 160791] [20.0] [cxt 0] Parser state 'start': key is 86dd
[02:45:27.694] [bmv2] [T] [thread 160791] [20.0] [cxt 0] Bytes parsed: 14
[02:45:27.694] [bmv2] [D] [thread 160791] [20.0] [cxt 0] Parser 'parser' entering state 'parse_ipv6'
[02:45:27.694] [bmv2] [D] [thread 160791] [20.0] [cxt 0] Extracting header 'ipv6'
[02:45:27.694] [bmv2] [D] [thread 160791] [20.0] [cxt 0] Parser state 'parse_ipv6': key is 3a
[02:45:27.694] [bmv2] [T] [thread 160791] [20.0] [cxt 0] Bytes parsed: 54
[02:45:27.694] [bmv2] [D] [thread 160791] [20.0] [cxt 0] Parser 'parser': end
[02:45:27.694] [bmv2] [D] [thread 160791] [20.0] [cxt 0] Pipeline 'ingress': start
[02:45:27.694] [bmv2] [T] [thread 160791] [20.0] [cxt 0] basic.p4(565) Condition "hdr.ethernet.etherType == TYPE_ARP" (node_2) is false
[02:45:27.694] [bmv2] [T] [thread 160791] [20.0] [cxt 0] basic.p4(568) Condition "hdr.ethernet.etherType == TYPE_SRCROUTING" (node_4) is false
[02:45:27.694] [bmv2] [T] [thread 160791] [20.0] [cxt 0] basic.p4(581) Condition "hdr.ethernet.etherType == TYPE_YEQUDESU" (node_12) is false
[02:45:27.694] [bmv2] [T] [thread 160791] [20.0] [cxt 0] basic.p4(587) Condition "hdr.vxlan.isValid()" (node_15) is false
[02:45:27.694] [bmv2] [T] [thread 160791] [20.0] [cxt 0] basic.p4(591) Condition "hdr.ipv6.isValid()" (node_17) is true
[02:45:27.694] [bmv2] [T] [thread 160791] [20.0] [cxt 0] Applying table 'MyIngress.ipv6_lpm'
[02:45:27.694] [bmv2] [D] [thread 160791] [20.0] [cxt 0] Looking up key:
* hdr.ipv6.dstAddr    : ff020000000000000000000000000002

[02:45:27.694] [bmv2] [D] [thread 160791] [20.0] [cxt 0] Table 'MyIngress.ipv6_lpm': miss
[02:45:27.694] [bmv2] [D] [thread 160791] [20.0] [cxt 0] Action entry is NoAction - 
[02:45:27.694] [bmv2] [T] [thread 160791] [20.0] [cxt 0] Action NoAction
[02:45:27.694] [bmv2] [D] [thread 160791] [20.0] [cxt 0] Pipeline 'ingress': end
[02:45:27.694] [bmv2] [D] [thread 160791] [20.0] [cxt 0] Egress port is 0
[02:45:27.694] [bmv2] [D] [thread 160793] [20.0] [cxt 0] Pipeline 'egress': start
[02:45:27.694] [bmv2] [T] [thread 160793] [20.0] [cxt 0] Applying table 'MyEgress.egress_encap_ipv6'
[02:45:27.694] [bmv2] [D] [thread 160793] [20.0] [cxt 0] Looking up key:
* standard_metadata.egress_port: 0000

[02:45:27.694] [bmv2] [D] [thread 160793] [20.0] [cxt 0] Table 'MyEgress.egress_encap_ipv6': miss
[02:45:27.694] [bmv2] [D] [thread 160793] [20.0] [cxt 0] Action entry is NoAction - 
[02:45:27.694] [bmv2] [T] [thread 160793] [20.0] [cxt 0] Action NoAction
[02:45:27.694] [bmv2] [T] [thread 160793] [20.0] [cxt 0] Applying table 'MyEgress.egress_encap_yequdesu'
[02:45:27.694] [bmv2] [D] [thread 160793] [20.0] [cxt 0] Looking up key:
* standard_metadata.egress_port: 0000

[02:45:27.694] [bmv2] [D] [thread 160793] [20.0] [cxt 0] Table 'MyEgress.egress_encap_yequdesu': miss
[02:45:27.694] [bmv2] [D] [thread 160793] [20.0] [cxt 0] Action entry is NoAction - 
[02:45:27.694] [bmv2] [T] [thread 160793] [20.0] [cxt 0] Action NoAction
[02:45:27.694] [bmv2] [T] [thread 160793] [20.0] [cxt 0] Applying table 'MyEgress.egress_encap_vxlan'
[02:45:27.694] [bmv2] [D] [thread 160793] [20.0] [cxt 0] Looking up key:
* standard_metadata.egress_port: 0000

[02:45:27.694] [bmv2] [D] [thread 160793] [20.0] [cxt 0] Table 'MyEgress.egress_encap_vxlan': miss
[02:45:27.694] [bmv2] [D] [thread 160793] [20.0] [cxt 0] Action entry is NoAction - 
[02:45:27.694] [bmv2] [T] [thread 160793] [20.0] [cxt 0] Action NoAction
[02:45:27.694] [bmv2] [D] [thread 160793] [20.0] [cxt 0] Pipeline 'egress': end
[02:45:27.694] [bmv2] [D] [thread 160793] [20.0] [cxt 0] Deparser 'deparser': start
[02:45:27.694] [bmv2] [T] [thread 160793] [20.0] [cxt 0] Skipping checksum 'cksum' update because condition not met
[02:45:27.694] [bmv2] [D] [thread 160793] [20.0] [cxt 0] Deparsing header 'ethernet'
[02:45:27.694] [bmv2] [D] [thread 160793] [20.0] [cxt 0] Deparsing header 'ipv6'
[02:45:27.694] [bmv2] [D] [thread 160793] [20.0] [cxt 0] Deparser 'deparser': end
[02:45:27.694] [bmv2] [D] [thread 160797] [20.0] [cxt 0] Transmitting packet of size 70 out of port 0
[02:45:28.205] [bmv2] [D] [thread 160791] [21.0] [cxt 0] Processing packet received on port 2
[02:45:28.205] [bmv2] [D] [thread 160791] [21.0] [cxt 0] Parser 'parser': start
[02:45:28.205] [bmv2] [D] [thread 160791] [21.0] [cxt 0] Parser 'parser' entering state 'start'
[02:45:28.205] [bmv2] [D] [thread 160791] [21.0] [cxt 0] Extracting header 'ethernet'
[02:45:28.206] [bmv2] [D] [thread 160791] [21.0] [cxt 0] Parser state 'start': key is 86dd
[02:45:28.206] [bmv2] [T] [thread 160791] [21.0] [cxt 0] Bytes parsed: 14
[02:45:28.206] [bmv2] [D] [thread 160791] [21.0] [cxt 0] Parser 'parser' entering state 'parse_ipv6'
[02:45:28.206] [bmv2] [D] [thread 160791] [21.0] [cxt 0] Extracting header 'ipv6'
[02:45:28.206] [bmv2] [D] [thread 160791] [21.0] [cxt 0] Parser state 'parse_ipv6': key is 3a
[02:45:28.206] [bmv2] [T] [thread 160791] [21.0] [cxt 0] Bytes parsed: 54
[02:45:28.206] [bmv2] [D] [thread 160791] [21.0] [cxt 0] Parser 'parser': end
[02:45:28.206] [bmv2] [D] [thread 160791] [21.0] [cxt 0] Pipeline 'ingress': start
[02:45:28.206] [bmv2] [T] [thread 160791] [21.0] [cxt 0] basic.p4(565) Condition "hdr.ethernet.etherType == TYPE_ARP" (node_2) is false
[02:45:28.206] [bmv2] [T] [thread 160791] [21.0] [cxt 0] basic.p4(568) Condition "hdr.ethernet.etherType == TYPE_SRCROUTING" (node_4) is false
[02:45:28.206] [bmv2] [T] [thread 160791] [21.0] [cxt 0] basic.p4(581) Condition "hdr.ethernet.etherType == TYPE_YEQUDESU" (node_12) is false
[02:45:28.206] [bmv2] [T] [thread 160791] [21.0] [cxt 0] basic.p4(587) Condition "hdr.vxlan.isValid()" (node_15) is false
[02:45:28.206] [bmv2] [T] [thread 160791] [21.0] [cxt 0] basic.p4(591) Condition "hdr.ipv6.isValid()" (node_17) is true
[02:45:28.206] [bmv2] [T] [thread 160791] [21.0] [cxt 0] Applying table 'MyIngress.ipv6_lpm'
[02:45:28.206] [bmv2] [D] [thread 160791] [21.0] [cxt 0] Looking up key:
* hdr.ipv6.dstAddr    : ff020000000000000000000000000002

[02:45:28.206] [bmv2] [D] [thread 160791] [21.0] [cxt 0] Table 'MyIngress.ipv6_lpm': miss
[02:45:28.206] [bmv2] [D] [thread 160791] [21.0] [cxt 0] Action entry is NoAction - 
[02:45:28.206] [bmv2] [T] [thread 160791] [21.0] [cxt 0] Action NoAction
[02:45:28.206] [bmv2] [D] [thread 160791] [21.0] [cxt 0] Pipeline 'ingress': end
[02:45:28.206] [bmv2] [D] [thread 160791] [21.0] [cxt 0] Egress port is 0
[02:45:28.206] [bmv2] [D] [thread 160793] [21.0] [cxt 0] Pipeline 'egress': start
[02:45:28.206] [bmv2] [T] [thread 160793] [21.0] [cxt 0] Applying table 'MyEgress.egress_encap_ipv6'
[02:45:28.206] [bmv2] [D] [thread 160793] [21.0] [cxt 0] Looking up key:
* standard_metadata.egress_port: 0000

[02:45:28.206] [bmv2] [D] [thread 160793] [21.0] [cxt 0] Table 'MyEgress.egress_encap_ipv6': miss
[02:45:28.206] [bmv2] [D] [thread 160793] [21.0] [cxt 0] Action entry is NoAction - 
[02:45:28.206] [bmv2] [T] [thread 160793] [21.0] [cxt 0] Action NoAction
[02:45:28.206] [bmv2] [T] [thread 160793] [21.0] [cxt 0] Applying table 'MyEgress.egress_encap_yequdesu'
[02:45:28.206] [bmv2] [D] [thread 160793] [21.0] [cxt 0] Looking up key:
* standard_metadata.egress_port: 0000

[02:45:28.206] [bmv2] [D] [thread 160793] [21.0] [cxt 0] Table 'MyEgress.egress_encap_yequdesu': miss
[02:45:28.206] [bmv2] [D] [thread 160793] [21.0] [cxt 0] Action entry is NoAction - 
[02:45:28.206] [bmv2] [T] [thread 160793] [21.0] [cxt 0] Action NoAction
[02:45:28.206] [bmv2] [T] [thread 160793] [21.0] [cxt 0] Applying table 'MyEgress.egress_encap_vxlan'
[02:45:28.206] [bmv2] [D] [thread 160793] [21.0] [cxt 0] Looking up key:
* standard_metadata.egress_port: 0000

[02:45:28.206] [bmv2] [D] [thread 160793] [21.0] [cxt 0] Table 'MyEgress.egress_encap_vxlan': miss
[02:45:28.206] [bmv2] [D] [thread 160793] [21.0] [cxt 0] Action entry is NoAction - 
[02:45:28.206] [bmv2] [T] [thread 160793] [21.0] [cxt 0] Action NoAction
[02:45:28.206] [bmv2] [D] [thread 160793] [21.0] [cxt 0] Pipeline 'egress': end
[02:45:28.206] [bmv2] [D] [thread 160793] [21.0] [cxt 0] Deparser 'deparser': start
[02:45:28.206] [bmv2] [T] [thread 160793] [21.0] [cxt 0] Skipping checksum 'cksum' update because condition not met
[02:45:28.206] [bmv2] [D] [thread 160793] [21.0] [cxt 0] Deparsing header 'ethernet'
[02:45:28.206] [bmv2] [D] [thread 160793] [21.0] [cxt 0] Deparsing header 'ipv6'
[02:45:28.206] [bmv2] [D] [thread 160793] [21.0] [cxt 0] Deparser 'deparser': end
[02:45:28.206] [bmv2] [D] [thread 160797] [21.0] [cxt 0] Transmitting packet of size 70 out of port 0
[02:45:29.424] [bmv2] [D] [thread 160791] [22.0] [cxt 0] Processing packet received on port 1
[02:45:29.424] [bmv2] [D] [thread 160791] [22.0] [cxt 0] Parser 'parser': start
[02:45:29.424] [bmv2] [D] [thread 160791] [22.0] [cxt 0] Parser 'parser' entering state 'start'
[02:45:29.424] [bmv2] [D] [thread 160791] [22.0] [cxt 0] Extracting header 'ethernet'
[02:45:29.424] [bmv2] [D] [thread 160791] [22.0] [cxt 0] Parser state 'start': key is 86dd
[02:45:29.424] [bmv2] [T] [thread 160791] [22.0] [cxt 0] Bytes parsed: 14
[02:45:29.424] [bmv2] [D] [thread 160791] [22.0] [cxt 0] Parser 'parser' entering state 'parse_ipv6'
[02:45:29.424] [bmv2] [D] [thread 160791] [22.0] [cxt 0] Extracting header 'ipv6'
[02:45:29.424] [bmv2] [D] [thread 160791] [22.0] [cxt 0] Parser state 'parse_ipv6': key is 11
[02:45:29.424] [bmv2] [T] [thread 160791] [22.0] [cxt 0] Bytes parsed: 54
[02:45:29.424] [bmv2] [D] [thread 160791] [22.0] [cxt 0] Parser 'parser': end
[02:45:29.424] [bmv2] [D] [thread 160791] [22.0] [cxt 0] Pipeline 'ingress': start
[02:45:29.424] [bmv2] [T] [thread 160791] [22.0] [cxt 0] basic.p4(565) Condition "hdr.ethernet.etherType == TYPE_ARP" (node_2) is false
[02:45:29.424] [bmv2] [T] [thread 160791] [22.0] [cxt 0] basic.p4(568) Condition "hdr.ethernet.etherType == TYPE_SRCROUTING" (node_4) is false
[02:45:29.424] [bmv2] [T] [thread 160791] [22.0] [cxt 0] basic.p4(581) Condition "hdr.ethernet.etherType == TYPE_YEQUDESU" (node_12) is false
[02:45:29.424] [bmv2] [T] [thread 160791] [22.0] [cxt 0] basic.p4(587) Condition "hdr.vxlan.isValid()" (node_15) is false
[02:45:29.424] [bmv2] [T] [thread 160791] [22.0] [cxt 0] basic.p4(591) Condition "hdr.ipv6.isValid()" (node_17) is true
[02:45:29.424] [bmv2] [T] [thread 160791] [22.0] [cxt 0] Applying table 'MyIngress.ipv6_lpm'
[02:45:29.424] [bmv2] [D] [thread 160791] [22.0] [cxt 0] Looking up key:
* hdr.ipv6.dstAddr    : ff0200000000000000000000000000fb

[02:45:29.424] [bmv2] [D] [thread 160791] [22.0] [cxt 0] Table 'MyIngress.ipv6_lpm': miss
[02:45:29.424] [bmv2] [D] [thread 160791] [22.0] [cxt 0] Action entry is NoAction - 
[02:45:29.424] [bmv2] [T] [thread 160791] [22.0] [cxt 0] Action NoAction
[02:45:29.424] [bmv2] [D] [thread 160791] [22.0] [cxt 0] Pipeline 'ingress': end
[02:45:29.424] [bmv2] [D] [thread 160791] [22.0] [cxt 0] Egress port is 0
[02:45:29.424] [bmv2] [D] [thread 160793] [22.0] [cxt 0] Pipeline 'egress': start
[02:45:29.424] [bmv2] [T] [thread 160793] [22.0] [cxt 0] Applying table 'MyEgress.egress_encap_ipv6'
[02:45:29.424] [bmv2] [D] [thread 160793] [22.0] [cxt 0] Looking up key:
* standard_metadata.egress_port: 0000

[02:45:29.424] [bmv2] [D] [thread 160793] [22.0] [cxt 0] Table 'MyEgress.egress_encap_ipv6': miss
[02:45:29.424] [bmv2] [D] [thread 160793] [22.0] [cxt 0] Action entry is NoAction - 
[02:45:29.424] [bmv2] [T] [thread 160793] [22.0] [cxt 0] Action NoAction
[02:45:29.424] [bmv2] [T] [thread 160793] [22.0] [cxt 0] Applying table 'MyEgress.egress_encap_yequdesu'
[02:45:29.424] [bmv2] [D] [thread 160793] [22.0] [cxt 0] Looking up key:
* standard_metadata.egress_port: 0000

[02:45:29.424] [bmv2] [D] [thread 160793] [22.0] [cxt 0] Table 'MyEgress.egress_encap_yequdesu': miss
[02:45:29.424] [bmv2] [D] [thread 160793] [22.0] [cxt 0] Action entry is NoAction - 
[02:45:29.424] [bmv2] [T] [thread 160793] [22.0] [cxt 0] Action NoAction
[02:45:29.424] [bmv2] [T] [thread 160793] [22.0] [cxt 0] Applying table 'MyEgress.egress_encap_vxlan'
[02:45:29.424] [bmv2] [D] [thread 160793] [22.0] [cxt 0] Looking up key:
* standard_metadata.egress_port: 0000

[02:45:29.424] [bmv2] [D] [thread 160793] [22.0] [cxt 0] Table 'MyEgress.egress_encap_vxlan': miss
[02:45:29.424] [bmv2] [D] [thread 160793] [22.0] [cxt 0] Action entry is NoAction - 
[02:45:29.424] [bmv2] [T] [thread 160793] [22.0] [cxt 0] Action NoAction
[02:45:29.424] [bmv2] [D] [thread 160793] [22.0] [cxt 0] Pipeline 'egress': end
[02:45:29.424] [bmv2] [D] [thread 160793] [22.0] [cxt 0] Deparser 'deparser': start
[02:45:29.424] [bmv2] [T] [thread 160793] [22.0] [cxt 0] Skipping checksum 'cksum' update because condition not met
[02:45:29.424] [bmv2] [D] [thread 160793] [22.0] [cxt 0] Deparsing header 'ethernet'
[02:45:29.424] [bmv2] [D] [thread 160793] [22.0] [cxt 0] Deparsing header 'ipv6'
[02:45:29.424] [bmv2] [D] [thread 160793] [22.0] [cxt 0] Deparser 'deparser': end
[02:45:29.424] [bmv2] [D] [thread 160797] [22.0] [cxt 0] Transmitting packet of size 203 out of port 0
[02:45:29.679] [bmv2] [D] [thread 160791] [23.0] [cxt 0] Processing packet received on port 1
[02:45:29.679] [bmv2] [D] [thread 160791] [23.0] [cxt 0] Parser 'parser': start
[02:45:29.679] [bmv2] [D] [thread 160791] [23.0] [cxt 0] Parser 'parser' entering state 'start'
[02:45:29.679] [bmv2] [D] [thread 160791] [23.0] [cxt 0] Extracting header 'ethernet'
[02:45:29.679] [bmv2] [D] [thread 160791] [23.0] [cxt 0] Parser state 'start': key is 86dd
[02:45:29.679] [bmv2] [T] [thread 160791] [23.0] [cxt 0] Bytes parsed: 14
[02:45:29.679] [bmv2] [D] [thread 160791] [23.0] [cxt 0] Parser 'parser' entering state 'parse_ipv6'
[02:45:29.679] [bmv2] [D] [thread 160791] [23.0] [cxt 0] Extracting header 'ipv6'
[02:45:29.679] [bmv2] [D] [thread 160791] [23.0] [cxt 0] Parser state 'parse_ipv6': key is 11
[02:45:29.679] [bmv2] [T] [thread 160791] [23.0] [cxt 0] Bytes parsed: 54
[02:45:29.679] [bmv2] [D] [thread 160791] [23.0] [cxt 0] Parser 'parser': end
[02:45:29.679] [bmv2] [D] [thread 160791] [23.0] [cxt 0] Pipeline 'ingress': start
[02:45:29.679] [bmv2] [T] [thread 160791] [23.0] [cxt 0] basic.p4(565) Condition "hdr.ethernet.etherType == TYPE_ARP" (node_2) is false
[02:45:29.679] [bmv2] [T] [thread 160791] [23.0] [cxt 0] basic.p4(568) Condition "hdr.ethernet.etherType == TYPE_SRCROUTING" (node_4) is false
[02:45:29.679] [bmv2] [T] [thread 160791] [23.0] [cxt 0] basic.p4(581) Condition "hdr.ethernet.etherType == TYPE_YEQUDESU" (node_12) is false
[02:45:29.679] [bmv2] [T] [thread 160791] [23.0] [cxt 0] basic.p4(587) Condition "hdr.vxlan.isValid()" (node_15) is false
[02:45:29.679] [bmv2] [T] [thread 160791] [23.0] [cxt 0] basic.p4(591) Condition "hdr.ipv6.isValid()" (node_17) is true
[02:45:29.679] [bmv2] [T] [thread 160791] [23.0] [cxt 0] Applying table 'MyIngress.ipv6_lpm'
[02:45:29.679] [bmv2] [D] [thread 160791] [23.0] [cxt 0] Looking up key:
* hdr.ipv6.dstAddr    : ff0200000000000000000000000000fb

[02:45:29.679] [bmv2] [D] [thread 160791] [23.0] [cxt 0] Table 'MyIngress.ipv6_lpm': miss
[02:45:29.679] [bmv2] [D] [thread 160791] [23.0] [cxt 0] Action entry is NoAction - 
[02:45:29.679] [bmv2] [T] [thread 160791] [23.0] [cxt 0] Action NoAction
[02:45:29.679] [bmv2] [D] [thread 160791] [23.0] [cxt 0] Pipeline 'ingress': end
[02:45:29.679] [bmv2] [D] [thread 160791] [23.0] [cxt 0] Egress port is 0
[02:45:29.679] [bmv2] [D] [thread 160791] [24.0] [cxt 0] Processing packet received on port 2
[02:45:29.679] [bmv2] [D] [thread 160791] [24.0] [cxt 0] Parser 'parser': start
[02:45:29.679] [bmv2] [D] [thread 160791] [24.0] [cxt 0] Parser 'parser' entering state 'start'
[02:45:29.679] [bmv2] [D] [thread 160791] [24.0] [cxt 0] Extracting header 'ethernet'
[02:45:29.679] [bmv2] [D] [thread 160791] [24.0] [cxt 0] Parser state 'start': key is 86dd
[02:45:29.679] [bmv2] [T] [thread 160791] [24.0] [cxt 0] Bytes parsed: 14
[02:45:29.679] [bmv2] [D] [thread 160791] [24.0] [cxt 0] Parser 'parser' entering state 'parse_ipv6'
[02:45:29.679] [bmv2] [D] [thread 160791] [24.0] [cxt 0] Extracting header 'ipv6'
[02:45:29.679] [bmv2] [D] [thread 160791] [24.0] [cxt 0] Parser state 'parse_ipv6': key is 11
[02:45:29.679] [bmv2] [T] [thread 160791] [24.0] [cxt 0] Bytes parsed: 54
[02:45:29.679] [bmv2] [D] [thread 160791] [24.0] [cxt 0] Parser 'parser': end
[02:45:29.679] [bmv2] [D] [thread 160791] [24.0] [cxt 0] Pipeline 'ingress': start
[02:45:29.680] [bmv2] [T] [thread 160791] [24.0] [cxt 0] basic.p4(565) Condition "hdr.ethernet.etherType == TYPE_ARP" (node_2) is false
[02:45:29.680] [bmv2] [T] [thread 160791] [24.0] [cxt 0] basic.p4(568) Condition "hdr.ethernet.etherType == TYPE_SRCROUTING" (node_4) is false
[02:45:29.680] [bmv2] [T] [thread 160791] [24.0] [cxt 0] basic.p4(581) Condition "hdr.ethernet.etherType == TYPE_YEQUDESU" (node_12) is false
[02:45:29.680] [bmv2] [T] [thread 160791] [24.0] [cxt 0] basic.p4(587) Condition "hdr.vxlan.isValid()" (node_15) is false
[02:45:29.680] [bmv2] [T] [thread 160791] [24.0] [cxt 0] basic.p4(591) Condition "hdr.ipv6.isValid()" (node_17) is true
[02:45:29.680] [bmv2] [T] [thread 160791] [24.0] [cxt 0] Applying table 'MyIngress.ipv6_lpm'
[02:45:29.680] [bmv2] [D] [thread 160791] [24.0] [cxt 0] Looking up key:
* hdr.ipv6.dstAddr    : ff0200000000000000000000000000fb

[02:45:29.680] [bmv2] [D] [thread 160791] [24.0] [cxt 0] Table 'MyIngress.ipv6_lpm': miss
[02:45:29.680] [bmv2] [D] [thread 160791] [24.0] [cxt 0] Action entry is NoAction - 
[02:45:29.680] [bmv2] [T] [thread 160791] [24.0] [cxt 0] Action NoAction
[02:45:29.680] [bmv2] [D] [thread 160791] [24.0] [cxt 0] Pipeline 'ingress': end
[02:45:29.680] [bmv2] [D] [thread 160791] [24.0] [cxt 0] Egress port is 0
[02:45:29.680] [bmv2] [D] [thread 160793] [23.0] [cxt 0] Pipeline 'egress': start
[02:45:29.680] [bmv2] [T] [thread 160793] [23.0] [cxt 0] Applying table 'MyEgress.egress_encap_ipv6'
[02:45:29.680] [bmv2] [D] [thread 160793] [23.0] [cxt 0] Looking up key:
* standard_metadata.egress_port: 0000

[02:45:29.680] [bmv2] [D] [thread 160793] [23.0] [cxt 0] Table 'MyEgress.egress_encap_ipv6': miss
[02:45:29.680] [bmv2] [D] [thread 160793] [23.0] [cxt 0] Action entry is NoAction - 
[02:45:29.680] [bmv2] [T] [thread 160793] [23.0] [cxt 0] Action NoAction
[02:45:29.680] [bmv2] [T] [thread 160793] [23.0] [cxt 0] Applying table 'MyEgress.egress_encap_yequdesu'
[02:45:29.680] [bmv2] [D] [thread 160793] [23.0] [cxt 0] Looking up key:
* standard_metadata.egress_port: 0000

[02:45:29.680] [bmv2] [D] [thread 160793] [23.0] [cxt 0] Table 'MyEgress.egress_encap_yequdesu': miss
[02:45:29.680] [bmv2] [D] [thread 160793] [23.0] [cxt 0] Action entry is NoAction - 
[02:45:29.680] [bmv2] [T] [thread 160793] [23.0] [cxt 0] Action NoAction
[02:45:29.680] [bmv2] [T] [thread 160793] [23.0] [cxt 0] Applying table 'MyEgress.egress_encap_vxlan'
[02:45:29.680] [bmv2] [D] [thread 160793] [23.0] [cxt 0] Looking up key:
* standard_metadata.egress_port: 0000

[02:45:29.680] [bmv2] [D] [thread 160793] [23.0] [cxt 0] Table 'MyEgress.egress_encap_vxlan': miss
[02:45:29.680] [bmv2] [D] [thread 160793] [23.0] [cxt 0] Action entry is NoAction - 
[02:45:29.680] [bmv2] [T] [thread 160793] [23.0] [cxt 0] Action NoAction
[02:45:29.680] [bmv2] [D] [thread 160793] [23.0] [cxt 0] Pipeline 'egress': end
[02:45:29.680] [bmv2] [D] [thread 160793] [23.0] [cxt 0] Deparser 'deparser': start
[02:45:29.680] [bmv2] [T] [thread 160793] [23.0] [cxt 0] Skipping checksum 'cksum' update because condition not met
[02:45:29.680] [bmv2] [D] [thread 160793] [23.0] [cxt 0] Deparsing header 'ethernet'
[02:45:29.680] [bmv2] [D] [thread 160793] [23.0] [cxt 0] Deparsing header 'ipv6'
[02:45:29.680] [bmv2] [D] [thread 160793] [23.0] [cxt 0] Deparser 'deparser': end
[02:45:29.680] [bmv2] [D] [thread 160793] [24.0] [cxt 0] Pipeline 'egress': start
[02:45:29.680] [bmv2] [T] [thread 160793] [24.0] [cxt 0] Applying table 'MyEgress.egress_encap_ipv6'
[02:45:29.680] [bmv2] [D] [thread 160793] [24.0] [cxt 0] Looking up key:
* standard_metadata.egress_port: 0000

[02:45:29.680] [bmv2] [D] [thread 160793] [24.0] [cxt 0] Table 'MyEgress.egress_encap_ipv6': miss
[02:45:29.680] [bmv2] [D] [thread 160793] [24.0] [cxt 0] Action entry is NoAction - 
[02:45:29.680] [bmv2] [T] [thread 160793] [24.0] [cxt 0] Action NoAction
[02:45:29.680] [bmv2] [T] [thread 160793] [24.0] [cxt 0] Applying table 'MyEgress.egress_encap_yequdesu'
[02:45:29.680] [bmv2] [D] [thread 160793] [24.0] [cxt 0] Looking up key:
* standard_metadata.egress_port: 0000

[02:45:29.680] [bmv2] [D] [thread 160793] [24.0] [cxt 0] Table 'MyEgress.egress_encap_yequdesu': miss
[02:45:29.680] [bmv2] [D] [thread 160793] [24.0] [cxt 0] Action entry is NoAction - 
[02:45:29.680] [bmv2] [T] [thread 160793] [24.0] [cxt 0] Action NoAction
[02:45:29.680] [bmv2] [T] [thread 160793] [24.0] [cxt 0] Applying table 'MyEgress.egress_encap_vxlan'
[02:45:29.680] [bmv2] [D] [thread 160793] [24.0] [cxt 0] Looking up key:
* standard_metadata.egress_port: 0000

[02:45:29.680] [bmv2] [D] [thread 160793] [24.0] [cxt 0] Table 'MyEgress.egress_encap_vxlan': miss
[02:45:29.680] [bmv2] [D] [thread 160793] [24.0] [cxt 0] Action entry is NoAction - 
[02:45:29.680] [bmv2] [T] [thread 160793] [24.0] [cxt 0] Action NoAction
[02:45:29.680] [bmv2] [D] [thread 160793] [24.0] [cxt 0] Pipeline 'egress': end
[02:45:29.680] [bmv2] [D] [thread 160793] [24.0] [cxt 0] Deparser 'deparser': start
[02:45:29.680] [bmv2] [T] [thread 160793] [24.0] [cxt 0] Skipping checksum 'cksum' update because condition not met
[02:45:29.680] [bmv2] [D] [thread 160793] [24.0] [cxt 0] Deparsing header 'ethernet'
[02:45:29.680] [bmv2] [D] [thread 160793] [24.0] [cxt 0] Deparsing header 'ipv6'
[02:45:29.680] [bmv2] [D] [thread 160793] [24.0] [cxt 0] Deparser 'deparser': end
[02:45:29.680] [bmv2] [D] [thread 160797] [23.0] [cxt 0] Transmitting packet of size 203 out of port 0
[02:45:29.680] [bmv2] [D] [thread 160797] [24.0] [cxt 0] Transmitting packet of size 203 out of port 0
[02:45:30.440] [bmv2] [W] [thread 161163] [P4Runtime] p4::tmp::P4DeviceConfig is deprecated
[02:45:30.446] [bmv2] [D] [thread 161163] Set default default entry for table 'MyIngress.arp_match': MyIngress.drop - 
[02:45:30.446] [bmv2] [D] [thread 161163] Set default default entry for table 'tbl_srcRoute_finish': MyIngress.srcRoute_finish - 
[02:45:30.446] [bmv2] [D] [thread 161163] Set default default entry for table 'MyIngress.ipv4_lpm_src': NoAction - 
[02:45:30.446] [bmv2] [D] [thread 161163] Set default default entry for table 'tbl_srcRoute_nhop': MyIngress.srcRoute_nhop - 
[02:45:30.446] [bmv2] [D] [thread 161163] Set default default entry for table 'tbl_update_ttl': MyIngress.update_ttl - 
[02:45:30.446] [bmv2] [D] [thread 161163] Set default default entry for table 'MyIngress.yequdesu_exact': MyIngress.drop - 
[02:45:30.446] [bmv2] [D] [thread 161163] Set default default entry for table 'MyIngress.vxlan_decap_exact': MyIngress.drop - 
[02:45:30.446] [bmv2] [D] [thread 161163] Set default default entry for table 'MyIngress.ipv6_lpm': NoAction - 
[02:45:30.446] [bmv2] [D] [thread 161163] Set default default entry for table 'MyIngress.vxlan_lpm': NoAction - 
[02:45:30.446] [bmv2] [D] [thread 161163] Set default default entry for table 'MyIngress.modality_schedule': NoAction - 
[02:45:30.446] [bmv2] [D] [thread 161163] Set default default entry for table 'MyIngress.adjudication': NoAction - 
[02:45:30.446] [bmv2] [D] [thread 161163] Set default default entry for table 'MyIngress.ipv4_lpm': NoAction - 
[02:45:30.447] [bmv2] [D] [thread 161163] Set default default entry for table 'MyEgress.egress_encap_ipv6': NoAction - 
[02:45:30.447] [bmv2] [D] [thread 161163] Set default default entry for table 'MyEgress.egress_encap_yequdesu': NoAction - 
[02:45:30.447] [bmv2] [D] [thread 161163] Set default default entry for table 'MyEgress.egress_encap_vxlan': NoAction - 
[02:45:30.450] [bmv2] [D] [thread 161163] simple_switch target has been notified of a config swap
[02:45:30.524] [bmv2] [D] [thread 161163] Entry 0 added to table 'MyIngress.ipv6_lpm'
[02:45:30.524] [bmv2] [D] [thread 161163] Dumping entry 0
Match key:
* hdr.ipv6.dstAddr    : LPM       20010db8000100000000000000000002/128
Action entry: MyIngress.ipv6_forward - ffffffffffff,2,

[02:45:30.529] [bmv2] [D] [thread 161164] Entry 1 added to table 'MyIngress.ipv6_lpm'
[02:45:30.529] [bmv2] [D] [thread 161164] Dumping entry 1
Match key:
* hdr.ipv6.dstAddr    : LPM       20010db8000100000000000000000001/128
Action entry: MyIngress.ipv6_forward - ffffffffffff,1,

[02:45:30.537] [bmv2] [D] [thread 161163] Entry 2 added to table 'MyIngress.ipv6_lpm'
[02:45:30.537] [bmv2] [D] [thread 161163] Dumping entry 2
Match key:
* hdr.ipv6.dstAddr    : LPM       20010db8000000000000000000000002/128
Action entry: MyIngress.ipv6_forward - ffffffffffff,2,

[02:45:30.540] [bmv2] [D] [thread 161164] Entry 3 added to table 'MyIngress.ipv6_lpm'
[02:45:30.540] [bmv2] [D] [thread 161164] Dumping entry 3
Match key:
* hdr.ipv6.dstAddr    : LPM       20010db8000000000000000000000001/128
Action entry: MyIngress.ipv6_forward - ffffffffffff,1,

[02:45:43.055] [bmv2] [D] [thread 160791] [25.0] [cxt 0] Processing packet received on port 2
[02:45:43.055] [bmv2] [D] [thread 160791] [25.0] [cxt 0] Parser 'parser': start
[02:45:43.055] [bmv2] [D] [thread 160791] [25.0] [cxt 0] Parser 'parser' entering state 'start'
[02:45:43.055] [bmv2] [D] [thread 160791] [25.0] [cxt 0] Extracting header 'ethernet'
[02:45:43.055] [bmv2] [D] [thread 160791] [25.0] [cxt 0] Parser state 'start': key is 86dd
[02:45:43.055] [bmv2] [T] [thread 160791] [25.0] [cxt 0] Bytes parsed: 14
[02:45:43.055] [bmv2] [D] [thread 160791] [25.0] [cxt 0] Parser 'parser' entering state 'parse_ipv6'
[02:45:43.055] [bmv2] [D] [thread 160791] [25.0] [cxt 0] Extracting header 'ipv6'
[02:45:43.055] [bmv2] [D] [thread 160791] [25.0] [cxt 0] Parser state 'parse_ipv6': key is 3a
[02:45:43.055] [bmv2] [T] [thread 160791] [25.0] [cxt 0] Bytes parsed: 54
[02:45:43.055] [bmv2] [D] [thread 160791] [25.0] [cxt 0] Parser 'parser': end
[02:45:43.055] [bmv2] [D] [thread 160791] [25.0] [cxt 0] Pipeline 'ingress': start
[02:45:43.055] [bmv2] [T] [thread 160791] [25.0] [cxt 0] basic.p4(565) Condition "hdr.ethernet.etherType == TYPE_ARP" (node_2) is false
[02:45:43.055] [bmv2] [T] [thread 160791] [25.0] [cxt 0] basic.p4(568) Condition "hdr.ethernet.etherType == TYPE_SRCROUTING" (node_4) is false
[02:45:43.055] [bmv2] [T] [thread 160791] [25.0] [cxt 0] basic.p4(581) Condition "hdr.ethernet.etherType == TYPE_YEQUDESU" (node_12) is false
[02:45:43.055] [bmv2] [T] [thread 160791] [25.0] [cxt 0] basic.p4(587) Condition "hdr.vxlan.isValid()" (node_15) is false
[02:45:43.055] [bmv2] [T] [thread 160791] [25.0] [cxt 0] basic.p4(591) Condition "hdr.ipv6.isValid()" (node_17) is true
[02:45:43.055] [bmv2] [T] [thread 160791] [25.0] [cxt 0] Applying table 'MyIngress.ipv6_lpm'
[02:45:43.055] [bmv2] [D] [thread 160791] [25.0] [cxt 0] Looking up key:
* hdr.ipv6.dstAddr    : ff020000000000000000000000000002

[02:45:43.055] [bmv2] [D] [thread 160791] [25.0] [cxt 0] Table 'MyIngress.ipv6_lpm': miss
[02:45:43.055] [bmv2] [D] [thread 160791] [25.0] [cxt 0] Action entry is NoAction - 
[02:45:43.055] [bmv2] [T] [thread 160791] [25.0] [cxt 0] Action NoAction
[02:45:43.055] [bmv2] [D] [thread 160791] [25.0] [cxt 0] Pipeline 'ingress': end
[02:45:43.055] [bmv2] [D] [thread 160791] [25.0] [cxt 0] Egress port is 0
[02:45:43.055] [bmv2] [D] [thread 160793] [25.0] [cxt 0] Pipeline 'egress': start
[02:45:43.055] [bmv2] [T] [thread 160793] [25.0] [cxt 0] Applying table 'MyEgress.egress_encap_ipv6'
[02:45:43.055] [bmv2] [D] [thread 160793] [25.0] [cxt 0] Looking up key:
* standard_metadata.egress_port: 0000

[02:45:43.055] [bmv2] [D] [thread 160793] [25.0] [cxt 0] Table 'MyEgress.egress_encap_ipv6': miss
[02:45:43.055] [bmv2] [D] [thread 160793] [25.0] [cxt 0] Action entry is NoAction - 
[02:45:43.055] [bmv2] [T] [thread 160793] [25.0] [cxt 0] Action NoAction
[02:45:43.055] [bmv2] [T] [thread 160793] [25.0] [cxt 0] Applying table 'MyEgress.egress_encap_yequdesu'
[02:45:43.055] [bmv2] [D] [thread 160793] [25.0] [cxt 0] Looking up key:
* standard_metadata.egress_port: 0000

[02:45:43.055] [bmv2] [D] [thread 160793] [25.0] [cxt 0] Table 'MyEgress.egress_encap_yequdesu': miss
[02:45:43.055] [bmv2] [D] [thread 160793] [25.0] [cxt 0] Action entry is NoAction - 
[02:45:43.055] [bmv2] [T] [thread 160793] [25.0] [cxt 0] Action NoAction
[02:45:43.055] [bmv2] [T] [thread 160793] [25.0] [cxt 0] Applying table 'MyEgress.egress_encap_vxlan'
[02:45:43.055] [bmv2] [D] [thread 160793] [25.0] [cxt 0] Looking up key:
* standard_metadata.egress_port: 0000

[02:45:43.055] [bmv2] [D] [thread 160793] [25.0] [cxt 0] Table 'MyEgress.egress_encap_vxlan': miss
[02:45:43.055] [bmv2] [D] [thread 160793] [25.0] [cxt 0] Action entry is NoAction - 
[02:45:43.055] [bmv2] [T] [thread 160793] [25.0] [cxt 0] Action NoAction
[02:45:43.055] [bmv2] [D] [thread 160793] [25.0] [cxt 0] Pipeline 'egress': end
[02:45:43.055] [bmv2] [D] [thread 160793] [25.0] [cxt 0] Deparser 'deparser': start
[02:45:43.055] [bmv2] [T] [thread 160793] [25.0] [cxt 0] Skipping checksum 'cksum' update because condition not met
[02:45:43.055] [bmv2] [D] [thread 160793] [25.0] [cxt 0] Deparsing header 'ethernet'
[02:45:43.055] [bmv2] [D] [thread 160793] [25.0] [cxt 0] Deparsing header 'ipv6'
[02:45:43.055] [bmv2] [D] [thread 160793] [25.0] [cxt 0] Deparser 'deparser': end
[02:45:43.055] [bmv2] [D] [thread 160797] [25.0] [cxt 0] Transmitting packet of size 70 out of port 0
[02:45:44.078] [bmv2] [D] [thread 160791] [26.0] [cxt 0] Processing packet received on port 1
[02:45:44.078] [bmv2] [D] [thread 160791] [26.0] [cxt 0] Parser 'parser': start
[02:45:44.078] [bmv2] [D] [thread 160791] [26.0] [cxt 0] Parser 'parser' entering state 'start'
[02:45:44.078] [bmv2] [D] [thread 160791] [26.0] [cxt 0] Extracting header 'ethernet'
[02:45:44.078] [bmv2] [D] [thread 160791] [26.0] [cxt 0] Parser state 'start': key is 86dd
[02:45:44.078] [bmv2] [T] [thread 160791] [26.0] [cxt 0] Bytes parsed: 14
[02:45:44.078] [bmv2] [D] [thread 160791] [26.0] [cxt 0] Parser 'parser' entering state 'parse_ipv6'
[02:45:44.078] [bmv2] [D] [thread 160791] [26.0] [cxt 0] Extracting header 'ipv6'
[02:45:44.078] [bmv2] [D] [thread 160791] [26.0] [cxt 0] Parser state 'parse_ipv6': key is 3a
[02:45:44.078] [bmv2] [T] [thread 160791] [26.0] [cxt 0] Bytes parsed: 54
[02:45:44.078] [bmv2] [D] [thread 160791] [26.0] [cxt 0] Parser 'parser': end
[02:45:44.078] [bmv2] [D] [thread 160791] [26.0] [cxt 0] Pipeline 'ingress': start
[02:45:44.078] [bmv2] [T] [thread 160791] [26.0] [cxt 0] basic.p4(565) Condition "hdr.ethernet.etherType == TYPE_ARP" (node_2) is false
[02:45:44.078] [bmv2] [T] [thread 160791] [26.0] [cxt 0] basic.p4(568) Condition "hdr.ethernet.etherType == TYPE_SRCROUTING" (node_4) is false
[02:45:44.078] [bmv2] [T] [thread 160791] [26.0] [cxt 0] basic.p4(581) Condition "hdr.ethernet.etherType == TYPE_YEQUDESU" (node_12) is false
[02:45:44.078] [bmv2] [T] [thread 160791] [26.0] [cxt 0] basic.p4(587) Condition "hdr.vxlan.isValid()" (node_15) is false
[02:45:44.078] [bmv2] [T] [thread 160791] [26.0] [cxt 0] basic.p4(591) Condition "hdr.ipv6.isValid()" (node_17) is true
[02:45:44.078] [bmv2] [T] [thread 160791] [26.0] [cxt 0] Applying table 'MyIngress.ipv6_lpm'
[02:45:44.078] [bmv2] [D] [thread 160791] [26.0] [cxt 0] Looking up key:
* hdr.ipv6.dstAddr    : ff020000000000000000000000000002

[02:45:44.078] [bmv2] [D] [thread 160791] [26.0] [cxt 0] Table 'MyIngress.ipv6_lpm': miss
[02:45:44.078] [bmv2] [D] [thread 160791] [26.0] [cxt 0] Action entry is NoAction - 
[02:45:44.078] [bmv2] [T] [thread 160791] [26.0] [cxt 0] Action NoAction
[02:45:44.078] [bmv2] [D] [thread 160791] [26.0] [cxt 0] Pipeline 'ingress': end
[02:45:44.078] [bmv2] [D] [thread 160791] [26.0] [cxt 0] Egress port is 0
[02:45:44.078] [bmv2] [D] [thread 160791] [27.0] [cxt 0] Processing packet received on port 1
[02:45:44.078] [bmv2] [D] [thread 160791] [27.0] [cxt 0] Parser 'parser': start
[02:45:44.078] [bmv2] [D] [thread 160791] [27.0] [cxt 0] Parser 'parser' entering state 'start'
[02:45:44.078] [bmv2] [D] [thread 160791] [27.0] [cxt 0] Extracting header 'ethernet'
[02:45:44.078] [bmv2] [D] [thread 160791] [27.0] [cxt 0] Parser state 'start': key is 86dd
[02:45:44.078] [bmv2] [T] [thread 160791] [27.0] [cxt 0] Bytes parsed: 14
[02:45:44.078] [bmv2] [D] [thread 160791] [27.0] [cxt 0] Parser 'parser' entering state 'parse_ipv6'
[02:45:44.078] [bmv2] [D] [thread 160791] [27.0] [cxt 0] Extracting header 'ipv6'
[02:45:44.078] [bmv2] [D] [thread 160791] [27.0] [cxt 0] Parser state 'parse_ipv6': key is 3a
[02:45:44.078] [bmv2] [T] [thread 160791] [27.0] [cxt 0] Bytes parsed: 54
[02:45:44.078] [bmv2] [D] [thread 160791] [27.0] [cxt 0] Parser 'parser': end
[02:45:44.078] [bmv2] [D] [thread 160791] [27.0] [cxt 0] Pipeline 'ingress': start
[02:45:44.078] [bmv2] [T] [thread 160791] [27.0] [cxt 0] basic.p4(565) Condition "hdr.ethernet.etherType == TYPE_ARP" (node_2) is false
[02:45:44.078] [bmv2] [T] [thread 160791] [27.0] [cxt 0] basic.p4(568) Condition "hdr.ethernet.etherType == TYPE_SRCROUTING" (node_4) is false
[02:45:44.078] [bmv2] [T] [thread 160791] [27.0] [cxt 0] basic.p4(581) Condition "hdr.ethernet.etherType == TYPE_YEQUDESU" (node_12) is false
[02:45:44.078] [bmv2] [T] [thread 160791] [27.0] [cxt 0] basic.p4(587) Condition "hdr.vxlan.isValid()" (node_15) is false
[02:45:44.078] [bmv2] [T] [thread 160791] [27.0] [cxt 0] basic.p4(591) Condition "hdr.ipv6.isValid()" (node_17) is true
[02:45:44.078] [bmv2] [T] [thread 160791] [27.0] [cxt 0] Applying table 'MyIngress.ipv6_lpm'
[02:45:44.078] [bmv2] [D] [thread 160791] [27.0] [cxt 0] Looking up key:
* hdr.ipv6.dstAddr    : ff020000000000000000000000000002

[02:45:44.078] [bmv2] [D] [thread 160791] [27.0] [cxt 0] Table 'MyIngress.ipv6_lpm': miss
[02:45:44.078] [bmv2] [D] [thread 160791] [27.0] [cxt 0] Action entry is NoAction - 
[02:45:44.078] [bmv2] [T] [thread 160791] [27.0] [cxt 0] Action NoAction
[02:45:44.078] [bmv2] [D] [thread 160791] [27.0] [cxt 0] Pipeline 'ingress': end
[02:45:44.078] [bmv2] [D] [thread 160791] [27.0] [cxt 0] Egress port is 0
[02:45:44.078] [bmv2] [D] [thread 160793] [26.0] [cxt 0] Pipeline 'egress': start
[02:45:44.078] [bmv2] [T] [thread 160793] [26.0] [cxt 0] Applying table 'MyEgress.egress_encap_ipv6'
[02:45:44.079] [bmv2] [D] [thread 160793] [26.0] [cxt 0] Looking up key:
* standard_metadata.egress_port: 0000

[02:45:44.079] [bmv2] [D] [thread 160793] [26.0] [cxt 0] Table 'MyEgress.egress_encap_ipv6': miss
[02:45:44.079] [bmv2] [D] [thread 160793] [26.0] [cxt 0] Action entry is NoAction - 
[02:45:44.079] [bmv2] [T] [thread 160793] [26.0] [cxt 0] Action NoAction
[02:45:44.079] [bmv2] [T] [thread 160793] [26.0] [cxt 0] Applying table 'MyEgress.egress_encap_yequdesu'
[02:45:44.079] [bmv2] [D] [thread 160793] [26.0] [cxt 0] Looking up key:
* standard_metadata.egress_port: 0000

[02:45:44.079] [bmv2] [D] [thread 160793] [26.0] [cxt 0] Table 'MyEgress.egress_encap_yequdesu': miss
[02:45:44.079] [bmv2] [D] [thread 160793] [26.0] [cxt 0] Action entry is NoAction - 
[02:45:44.079] [bmv2] [T] [thread 160793] [26.0] [cxt 0] Action NoAction
[02:45:44.079] [bmv2] [T] [thread 160793] [26.0] [cxt 0] Applying table 'MyEgress.egress_encap_vxlan'
[02:45:44.079] [bmv2] [D] [thread 160793] [26.0] [cxt 0] Looking up key:
* standard_metadata.egress_port: 0000

[02:45:44.079] [bmv2] [D] [thread 160793] [26.0] [cxt 0] Table 'MyEgress.egress_encap_vxlan': miss
[02:45:44.079] [bmv2] [D] [thread 160793] [26.0] [cxt 0] Action entry is NoAction - 
[02:45:44.079] [bmv2] [T] [thread 160793] [26.0] [cxt 0] Action NoAction
[02:45:44.079] [bmv2] [D] [thread 160793] [26.0] [cxt 0] Pipeline 'egress': end
[02:45:44.079] [bmv2] [D] [thread 160793] [26.0] [cxt 0] Deparser 'deparser': start
[02:45:44.079] [bmv2] [T] [thread 160793] [26.0] [cxt 0] Skipping checksum 'cksum' update because condition not met
[02:45:44.079] [bmv2] [D] [thread 160793] [26.0] [cxt 0] Deparsing header 'ethernet'
[02:45:44.079] [bmv2] [D] [thread 160793] [26.0] [cxt 0] Deparsing header 'ipv6'
[02:45:44.079] [bmv2] [D] [thread 160793] [26.0] [cxt 0] Deparser 'deparser': end
[02:45:44.079] [bmv2] [D] [thread 160793] [27.0] [cxt 0] Pipeline 'egress': start
[02:45:44.079] [bmv2] [T] [thread 160793] [27.0] [cxt 0] Applying table 'MyEgress.egress_encap_ipv6'
[02:45:44.079] [bmv2] [D] [thread 160793] [27.0] [cxt 0] Looking up key:
* standard_metadata.egress_port: 0000

[02:45:44.079] [bmv2] [D] [thread 160793] [27.0] [cxt 0] Table 'MyEgress.egress_encap_ipv6': miss
[02:45:44.079] [bmv2] [D] [thread 160793] [27.0] [cxt 0] Action entry is NoAction - 
[02:45:44.079] [bmv2] [T] [thread 160793] [27.0] [cxt 0] Action NoAction
[02:45:44.079] [bmv2] [T] [thread 160793] [27.0] [cxt 0] Applying table 'MyEgress.egress_encap_yequdesu'
[02:45:44.079] [bmv2] [D] [thread 160797] [26.0] [cxt 0] Transmitting packet of size 70 out of port 0
[02:45:44.079] [bmv2] [D] [thread 160793] [27.0] [cxt 0] Looking up key:
* standard_metadata.egress_port: 0000

[02:45:44.079] [bmv2] [D] [thread 160793] [27.0] [cxt 0] Table 'MyEgress.egress_encap_yequdesu': miss
[02:45:44.079] [bmv2] [D] [thread 160793] [27.0] [cxt 0] Action entry is NoAction - 
[02:45:44.079] [bmv2] [T] [thread 160793] [27.0] [cxt 0] Action NoAction
[02:45:44.079] [bmv2] [T] [thread 160793] [27.0] [cxt 0] Applying table 'MyEgress.egress_encap_vxlan'
[02:45:44.079] [bmv2] [D] [thread 160793] [27.0] [cxt 0] Looking up key:
* standard_metadata.egress_port: 0000

[02:45:44.079] [bmv2] [D] [thread 160793] [27.0] [cxt 0] Table 'MyEgress.egress_encap_vxlan': miss
[02:45:44.079] [bmv2] [D] [thread 160793] [27.0] [cxt 0] Action entry is NoAction - 
[02:45:44.079] [bmv2] [T] [thread 160793] [27.0] [cxt 0] Action NoAction
[02:45:44.079] [bmv2] [D] [thread 160793] [27.0] [cxt 0] Pipeline 'egress': end
[02:45:44.079] [bmv2] [D] [thread 160793] [27.0] [cxt 0] Deparser 'deparser': start
[02:45:44.079] [bmv2] [T] [thread 160793] [27.0] [cxt 0] Skipping checksum 'cksum' update because condition not met
[02:45:44.079] [bmv2] [D] [thread 160793] [27.0] [cxt 0] Deparsing header 'ethernet'
[02:45:44.079] [bmv2] [D] [thread 160793] [27.0] [cxt 0] Deparsing header 'ipv6'
[02:45:44.079] [bmv2] [D] [thread 160793] [27.0] [cxt 0] Deparser 'deparser': end
[02:45:44.079] [bmv2] [D] [thread 160797] [27.0] [cxt 0] Transmitting packet of size 70 out of port 0
[02:45:45.424] [bmv2] [D] [thread 160791] [28.0] [cxt 0] Processing packet received on port 1
[02:45:45.424] [bmv2] [D] [thread 160791] [28.0] [cxt 0] Parser 'parser': start
[02:45:45.424] [bmv2] [D] [thread 160791] [28.0] [cxt 0] Parser 'parser' entering state 'start'
[02:45:45.424] [bmv2] [D] [thread 160791] [28.0] [cxt 0] Extracting header 'ethernet'
[02:45:45.424] [bmv2] [D] [thread 160791] [28.0] [cxt 0] Parser state 'start': key is 86dd
[02:45:45.424] [bmv2] [T] [thread 160791] [28.0] [cxt 0] Bytes parsed: 14
[02:45:45.424] [bmv2] [D] [thread 160791] [28.0] [cxt 0] Parser 'parser' entering state 'parse_ipv6'
[02:45:45.424] [bmv2] [D] [thread 160791] [28.0] [cxt 0] Extracting header 'ipv6'
[02:45:45.424] [bmv2] [D] [thread 160791] [28.0] [cxt 0] Parser state 'parse_ipv6': key is 11
[02:45:45.424] [bmv2] [T] [thread 160791] [28.0] [cxt 0] Bytes parsed: 54
[02:45:45.424] [bmv2] [D] [thread 160791] [28.0] [cxt 0] Parser 'parser': end
[02:45:45.424] [bmv2] [D] [thread 160791] [28.0] [cxt 0] Pipeline 'ingress': start
[02:45:45.424] [bmv2] [T] [thread 160791] [28.0] [cxt 0] basic.p4(565) Condition "hdr.ethernet.etherType == TYPE_ARP" (node_2) is false
[02:45:45.424] [bmv2] [T] [thread 160791] [28.0] [cxt 0] basic.p4(568) Condition "hdr.ethernet.etherType == TYPE_SRCROUTING" (node_4) is false
[02:45:45.424] [bmv2] [T] [thread 160791] [28.0] [cxt 0] basic.p4(581) Condition "hdr.ethernet.etherType == TYPE_YEQUDESU" (node_12) is false
[02:45:45.424] [bmv2] [T] [thread 160791] [28.0] [cxt 0] basic.p4(587) Condition "hdr.vxlan.isValid()" (node_15) is false
[02:45:45.424] [bmv2] [T] [thread 160791] [28.0] [cxt 0] basic.p4(591) Condition "hdr.ipv6.isValid()" (node_17) is true
[02:45:45.424] [bmv2] [T] [thread 160791] [28.0] [cxt 0] Applying table 'MyIngress.ipv6_lpm'
[02:45:45.425] [bmv2] [D] [thread 160791] [28.0] [cxt 0] Looking up key:
* hdr.ipv6.dstAddr    : ff0200000000000000000000000000fb

[02:45:45.425] [bmv2] [D] [thread 160791] [28.0] [cxt 0] Table 'MyIngress.ipv6_lpm': miss
[02:45:45.425] [bmv2] [D] [thread 160791] [28.0] [cxt 0] Action entry is NoAction - 
[02:45:45.425] [bmv2] [T] [thread 160791] [28.0] [cxt 0] Action NoAction
[02:45:45.425] [bmv2] [D] [thread 160791] [28.0] [cxt 0] Pipeline 'ingress': end
[02:45:45.425] [bmv2] [D] [thread 160791] [28.0] [cxt 0] Egress port is 0
[02:45:45.425] [bmv2] [D] [thread 160793] [28.0] [cxt 0] Pipeline 'egress': start
[02:45:45.425] [bmv2] [T] [thread 160793] [28.0] [cxt 0] Applying table 'MyEgress.egress_encap_ipv6'
[02:45:45.425] [bmv2] [D] [thread 160793] [28.0] [cxt 0] Looking up key:
* standard_metadata.egress_port: 0000

[02:45:45.425] [bmv2] [D] [thread 160793] [28.0] [cxt 0] Table 'MyEgress.egress_encap_ipv6': miss
[02:45:45.425] [bmv2] [D] [thread 160793] [28.0] [cxt 0] Action entry is NoAction - 
[02:45:45.425] [bmv2] [T] [thread 160793] [28.0] [cxt 0] Action NoAction
[02:45:45.425] [bmv2] [T] [thread 160793] [28.0] [cxt 0] Applying table 'MyEgress.egress_encap_yequdesu'
[02:45:45.425] [bmv2] [D] [thread 160793] [28.0] [cxt 0] Looking up key:
* standard_metadata.egress_port: 0000

[02:45:45.425] [bmv2] [D] [thread 160793] [28.0] [cxt 0] Table 'MyEgress.egress_encap_yequdesu': miss
[02:45:45.425] [bmv2] [D] [thread 160793] [28.0] [cxt 0] Action entry is NoAction - 
[02:45:45.425] [bmv2] [T] [thread 160793] [28.0] [cxt 0] Action NoAction
[02:45:45.425] [bmv2] [T] [thread 160793] [28.0] [cxt 0] Applying table 'MyEgress.egress_encap_vxlan'
[02:45:45.425] [bmv2] [D] [thread 160793] [28.0] [cxt 0] Looking up key:
* standard_metadata.egress_port: 0000

[02:45:45.425] [bmv2] [D] [thread 160793] [28.0] [cxt 0] Table 'MyEgress.egress_encap_vxlan': miss
[02:45:45.425] [bmv2] [D] [thread 160793] [28.0] [cxt 0] Action entry is NoAction - 
[02:45:45.425] [bmv2] [T] [thread 160793] [28.0] [cxt 0] Action NoAction
[02:45:45.425] [bmv2] [D] [thread 160793] [28.0] [cxt 0] Pipeline 'egress': end
[02:45:45.425] [bmv2] [D] [thread 160793] [28.0] [cxt 0] Deparser 'deparser': start
[02:45:45.425] [bmv2] [T] [thread 160793] [28.0] [cxt 0] Skipping checksum 'cksum' update because condition not met
[02:45:45.425] [bmv2] [D] [thread 160793] [28.0] [cxt 0] Deparsing header 'ethernet'
[02:45:45.425] [bmv2] [D] [thread 160793] [28.0] [cxt 0] Deparsing header 'ipv6'
[02:45:45.425] [bmv2] [D] [thread 160793] [28.0] [cxt 0] Deparser 'deparser': end
[02:45:45.425] [bmv2] [D] [thread 160797] [28.0] [cxt 0] Transmitting packet of size 203 out of port 0
[02:45:45.614] [bmv2] [D] [thread 160791] [29.0] [cxt 0] Processing packet received on port 2
[02:45:45.614] [bmv2] [D] [thread 160791] [29.0] [cxt 0] Parser 'parser': start
[02:45:45.614] [bmv2] [D] [thread 160791] [29.0] [cxt 0] Parser 'parser' entering state 'start'
[02:45:45.614] [bmv2] [D] [thread 160791] [29.0] [cxt 0] Extracting header 'ethernet'
[02:45:45.614] [bmv2] [D] [thread 160791] [29.0] [cxt 0] Parser state 'start': key is 86dd
[02:45:45.614] [bmv2] [T] [thread 160791] [29.0] [cxt 0] Bytes parsed: 14
[02:45:45.614] [bmv2] [D] [thread 160791] [29.0] [cxt 0] Parser 'parser' entering state 'parse_ipv6'
[02:45:45.614] [bmv2] [D] [thread 160791] [29.0] [cxt 0] Extracting header 'ipv6'
[02:45:45.614] [bmv2] [D] [thread 160791] [29.0] [cxt 0] Parser state 'parse_ipv6': key is 40
[02:45:45.614] [bmv2] [T] [thread 160791] [29.0] [cxt 0] Bytes parsed: 54
[02:45:45.614] [bmv2] [D] [thread 160791] [29.0] [cxt 0] Parser 'parser': end
[02:45:45.614] [bmv2] [D] [thread 160791] [29.0] [cxt 0] Pipeline 'ingress': start
[02:45:45.614] [bmv2] [T] [thread 160791] [29.0] [cxt 0] basic.p4(565) Condition "hdr.ethernet.etherType == TYPE_ARP" (node_2) is false
[02:45:45.614] [bmv2] [T] [thread 160791] [29.0] [cxt 0] basic.p4(568) Condition "hdr.ethernet.etherType == TYPE_SRCROUTING" (node_4) is false
[02:45:45.614] [bmv2] [T] [thread 160791] [29.0] [cxt 0] basic.p4(581) Condition "hdr.ethernet.etherType == TYPE_YEQUDESU" (node_12) is false
[02:45:45.614] [bmv2] [T] [thread 160791] [29.0] [cxt 0] basic.p4(587) Condition "hdr.vxlan.isValid()" (node_15) is false
[02:45:45.614] [bmv2] [T] [thread 160791] [29.0] [cxt 0] basic.p4(591) Condition "hdr.ipv6.isValid()" (node_17) is true
[02:45:45.614] [bmv2] [T] [thread 160791] [29.0] [cxt 0] Applying table 'MyIngress.ipv6_lpm'
[02:45:45.614] [bmv2] [D] [thread 160791] [29.0] [cxt 0] Looking up key:
* hdr.ipv6.dstAddr    : 0028044020010db80000000000000000

[02:45:45.614] [bmv2] [D] [thread 160791] [29.0] [cxt 0] Table 'MyIngress.ipv6_lpm': miss
[02:45:45.614] [bmv2] [D] [thread 160791] [29.0] [cxt 0] Action entry is NoAction - 
[02:45:45.614] [bmv2] [T] [thread 160791] [29.0] [cxt 0] Action NoAction
[02:45:45.614] [bmv2] [D] [thread 160791] [29.0] [cxt 0] Pipeline 'ingress': end
[02:45:45.615] [bmv2] [D] [thread 160791] [29.0] [cxt 0] Egress port is 0
[02:45:45.615] [bmv2] [D] [thread 160793] [29.0] [cxt 0] Pipeline 'egress': start
[02:45:45.615] [bmv2] [T] [thread 160793] [29.0] [cxt 0] Applying table 'MyEgress.egress_encap_ipv6'
[02:45:45.615] [bmv2] [D] [thread 160793] [29.0] [cxt 0] Looking up key:
* standard_metadata.egress_port: 0000

[02:45:45.615] [bmv2] [D] [thread 160793] [29.0] [cxt 0] Table 'MyEgress.egress_encap_ipv6': miss
[02:45:45.615] [bmv2] [D] [thread 160793] [29.0] [cxt 0] Action entry is NoAction - 
[02:45:45.615] [bmv2] [T] [thread 160793] [29.0] [cxt 0] Action NoAction
[02:45:45.615] [bmv2] [T] [thread 160793] [29.0] [cxt 0] Applying table 'MyEgress.egress_encap_yequdesu'
[02:45:45.615] [bmv2] [D] [thread 160793] [29.0] [cxt 0] Looking up key:
* standard_metadata.egress_port: 0000

[02:45:45.615] [bmv2] [D] [thread 160793] [29.0] [cxt 0] Table 'MyEgress.egress_encap_yequdesu': miss
[02:45:45.615] [bmv2] [D] [thread 160793] [29.0] [cxt 0] Action entry is NoAction - 
[02:45:45.615] [bmv2] [T] [thread 160793] [29.0] [cxt 0] Action NoAction
[02:45:45.615] [bmv2] [T] [thread 160793] [29.0] [cxt 0] Applying table 'MyEgress.egress_encap_vxlan'
[02:45:45.615] [bmv2] [D] [thread 160793] [29.0] [cxt 0] Looking up key:
* standard_metadata.egress_port: 0000

[02:45:45.615] [bmv2] [D] [thread 160793] [29.0] [cxt 0] Table 'MyEgress.egress_encap_vxlan': miss
[02:45:45.615] [bmv2] [D] [thread 160793] [29.0] [cxt 0] Action entry is NoAction - 
[02:45:45.615] [bmv2] [T] [thread 160793] [29.0] [cxt 0] Action NoAction
[02:45:45.615] [bmv2] [D] [thread 160793] [29.0] [cxt 0] Pipeline 'egress': end
[02:45:45.615] [bmv2] [D] [thread 160793] [29.0] [cxt 0] Deparser 'deparser': start
[02:45:45.615] [bmv2] [T] [thread 160793] [29.0] [cxt 0] Skipping checksum 'cksum' update because condition not met
[02:45:45.615] [bmv2] [D] [thread 160793] [29.0] [cxt 0] Deparsing header 'ethernet'
[02:45:45.615] [bmv2] [D] [thread 160793] [29.0] [cxt 0] Deparsing header 'ipv6'
[02:45:45.615] [bmv2] [D] [thread 160793] [29.0] [cxt 0] Deparser 'deparser': end
[02:45:45.616] [bmv2] [D] [thread 160797] [29.0] [cxt 0] Transmitting packet of size 94 out of port 0
[02:45:45.616] [bmv2] [D] [thread 160791] [30.0] [cxt 0] Processing packet received on port 2
[02:45:45.616] [bmv2] [D] [thread 160791] [30.0] [cxt 0] Parser 'parser': start
[02:45:45.616] [bmv2] [D] [thread 160791] [30.0] [cxt 0] Parser 'parser' entering state 'start'
[02:45:45.616] [bmv2] [D] [thread 160791] [30.0] [cxt 0] Extracting header 'ethernet'
[02:45:45.616] [bmv2] [D] [thread 160791] [30.0] [cxt 0] Parser state 'start': key is 86dd
[02:45:45.616] [bmv2] [T] [thread 160791] [30.0] [cxt 0] Bytes parsed: 14
[02:45:45.616] [bmv2] [D] [thread 160791] [30.0] [cxt 0] Parser 'parser' entering state 'parse_ipv6'
[02:45:45.616] [bmv2] [D] [thread 160791] [30.0] [cxt 0] Extracting header 'ipv6'
[02:45:45.616] [bmv2] [D] [thread 160791] [30.0] [cxt 0] Parser state 'parse_ipv6': key is 40
[02:45:45.616] [bmv2] [T] [thread 160791] [30.0] [cxt 0] Bytes parsed: 54
[02:45:45.616] [bmv2] [D] [thread 160791] [30.0] [cxt 0] Parser 'parser': end
[02:45:45.616] [bmv2] [D] [thread 160791] [30.0] [cxt 0] Pipeline 'ingress': start
[02:45:45.616] [bmv2] [T] [thread 160791] [30.0] [cxt 0] basic.p4(565) Condition "hdr.ethernet.etherType == TYPE_ARP" (node_2) is false
[02:45:45.616] [bmv2] [T] [thread 160791] [30.0] [cxt 0] basic.p4(568) Condition "hdr.ethernet.etherType == TYPE_SRCROUTING" (node_4) is false
[02:45:45.616] [bmv2] [T] [thread 160791] [30.0] [cxt 0] basic.p4(581) Condition "hdr.ethernet.etherType == TYPE_YEQUDESU" (node_12) is false
[02:45:45.616] [bmv2] [T] [thread 160791] [30.0] [cxt 0] basic.p4(587) Condition "hdr.vxlan.isValid()" (node_15) is false
[02:45:45.616] [bmv2] [T] [thread 160791] [30.0] [cxt 0] basic.p4(591) Condition "hdr.ipv6.isValid()" (node_17) is true
[02:45:45.616] [bmv2] [T] [thread 160791] [30.0] [cxt 0] Applying table 'MyIngress.ipv6_lpm'
[02:45:45.616] [bmv2] [D] [thread 160791] [30.0] [cxt 0] Looking up key:
* hdr.ipv6.dstAddr    : 0028044020010db80000000000000000

[02:45:45.616] [bmv2] [D] [thread 160791] [30.0] [cxt 0] Table 'MyIngress.ipv6_lpm': miss
[02:45:45.616] [bmv2] [D] [thread 160791] [30.0] [cxt 0] Action entry is NoAction - 
[02:45:45.616] [bmv2] [T] [thread 160791] [30.0] [cxt 0] Action NoAction
[02:45:45.616] [bmv2] [D] [thread 160791] [30.0] [cxt 0] Pipeline 'ingress': end
[02:45:45.616] [bmv2] [D] [thread 160791] [30.0] [cxt 0] Egress port is 0
[02:45:45.616] [bmv2] [D] [thread 160793] [30.0] [cxt 0] Pipeline 'egress': start
[02:45:45.616] [bmv2] [T] [thread 160793] [30.0] [cxt 0] Applying table 'MyEgress.egress_encap_ipv6'
[02:45:45.616] [bmv2] [D] [thread 160793] [30.0] [cxt 0] Looking up key:
* standard_metadata.egress_port: 0000

[02:45:45.616] [bmv2] [D] [thread 160793] [30.0] [cxt 0] Table 'MyEgress.egress_encap_ipv6': miss
[02:45:45.616] [bmv2] [D] [thread 160793] [30.0] [cxt 0] Action entry is NoAction - 
[02:45:45.616] [bmv2] [T] [thread 160793] [30.0] [cxt 0] Action NoAction
[02:45:45.616] [bmv2] [T] [thread 160793] [30.0] [cxt 0] Applying table 'MyEgress.egress_encap_yequdesu'
[02:45:45.616] [bmv2] [D] [thread 160793] [30.0] [cxt 0] Looking up key:
* standard_metadata.egress_port: 0000

[02:45:45.616] [bmv2] [D] [thread 160793] [30.0] [cxt 0] Table 'MyEgress.egress_encap_yequdesu': miss
[02:45:45.616] [bmv2] [D] [thread 160793] [30.0] [cxt 0] Action entry is NoAction - 
[02:45:45.616] [bmv2] [T] [thread 160793] [30.0] [cxt 0] Action NoAction
[02:45:45.616] [bmv2] [T] [thread 160793] [30.0] [cxt 0] Applying table 'MyEgress.egress_encap_vxlan'
[02:45:45.616] [bmv2] [D] [thread 160793] [30.0] [cxt 0] Looking up key:
* standard_metadata.egress_port: 0000

[02:45:45.616] [bmv2] [D] [thread 160793] [30.0] [cxt 0] Table 'MyEgress.egress_encap_vxlan': miss
[02:45:45.616] [bmv2] [D] [thread 160793] [30.0] [cxt 0] Action entry is NoAction - 
[02:45:45.616] [bmv2] [T] [thread 160793] [30.0] [cxt 0] Action NoAction
[02:45:45.616] [bmv2] [D] [thread 160793] [30.0] [cxt 0] Pipeline 'egress': end
[02:45:45.616] [bmv2] [D] [thread 160793] [30.0] [cxt 0] Deparser 'deparser': start
[02:45:45.616] [bmv2] [T] [thread 160793] [30.0] [cxt 0] Skipping checksum 'cksum' update because condition not met
[02:45:45.616] [bmv2] [D] [thread 160793] [30.0] [cxt 0] Deparsing header 'ethernet'
[02:45:45.616] [bmv2] [D] [thread 160793] [30.0] [cxt 0] Deparsing header 'ipv6'
[02:45:45.616] [bmv2] [D] [thread 160793] [30.0] [cxt 0] Deparser 'deparser': end
[02:45:45.617] [bmv2] [D] [thread 160797] [30.0] [cxt 0] Transmitting packet of size 94 out of port 0
[02:45:45.681] [bmv2] [D] [thread 160791] [31.0] [cxt 0] Processing packet received on port 2
[02:45:45.681] [bmv2] [D] [thread 160791] [31.0] [cxt 0] Parser 'parser': start
[02:45:45.681] [bmv2] [D] [thread 160791] [31.0] [cxt 0] Parser 'parser' entering state 'start'
[02:45:45.681] [bmv2] [D] [thread 160791] [31.0] [cxt 0] Extracting header 'ethernet'
[02:45:45.681] [bmv2] [D] [thread 160791] [31.0] [cxt 0] Parser state 'start': key is 86dd
[02:45:45.681] [bmv2] [T] [thread 160791] [31.0] [cxt 0] Bytes parsed: 14
[02:45:45.681] [bmv2] [D] [thread 160791] [31.0] [cxt 0] Parser 'parser' entering state 'parse_ipv6'
[02:45:45.681] [bmv2] [D] [thread 160791] [31.0] [cxt 0] Extracting header 'ipv6'
[02:45:45.681] [bmv2] [D] [thread 160791] [31.0] [cxt 0] Parser state 'parse_ipv6': key is 11
[02:45:45.681] [bmv2] [T] [thread 160791] [31.0] [cxt 0] Bytes parsed: 54
[02:45:45.681] [bmv2] [D] [thread 160791] [31.0] [cxt 0] Parser 'parser': end
[02:45:45.681] [bmv2] [D] [thread 160791] [31.0] [cxt 0] Pipeline 'ingress': start
[02:45:45.681] [bmv2] [T] [thread 160791] [31.0] [cxt 0] basic.p4(565) Condition "hdr.ethernet.etherType == TYPE_ARP" (node_2) is false
[02:45:45.681] [bmv2] [T] [thread 160791] [31.0] [cxt 0] basic.p4(568) Condition "hdr.ethernet.etherType == TYPE_SRCROUTING" (node_4) is false
[02:45:45.681] [bmv2] [T] [thread 160791] [31.0] [cxt 0] basic.p4(581) Condition "hdr.ethernet.etherType == TYPE_YEQUDESU" (node_12) is false
[02:45:45.681] [bmv2] [T] [thread 160791] [31.0] [cxt 0] basic.p4(587) Condition "hdr.vxlan.isValid()" (node_15) is false
[02:45:45.681] [bmv2] [T] [thread 160791] [31.0] [cxt 0] basic.p4(591) Condition "hdr.ipv6.isValid()" (node_17) is true
[02:45:45.681] [bmv2] [T] [thread 160791] [31.0] [cxt 0] Applying table 'MyIngress.ipv6_lpm'
[02:45:45.681] [bmv2] [D] [thread 160791] [31.0] [cxt 0] Looking up key:
* hdr.ipv6.dstAddr    : ff0200000000000000000000000000fb

[02:45:45.681] [bmv2] [D] [thread 160791] [31.0] [cxt 0] Table 'MyIngress.ipv6_lpm': miss
[02:45:45.681] [bmv2] [D] [thread 160791] [31.0] [cxt 0] Action entry is NoAction - 
[02:45:45.681] [bmv2] [T] [thread 160791] [31.0] [cxt 0] Action NoAction
[02:45:45.681] [bmv2] [D] [thread 160791] [31.0] [cxt 0] Pipeline 'ingress': end
[02:45:45.682] [bmv2] [D] [thread 160791] [31.0] [cxt 0] Egress port is 0
[02:45:45.682] [bmv2] [D] [thread 160791] [32.0] [cxt 0] Processing packet received on port 1
[02:45:45.682] [bmv2] [D] [thread 160791] [32.0] [cxt 0] Parser 'parser': start
[02:45:45.682] [bmv2] [D] [thread 160791] [32.0] [cxt 0] Parser 'parser' entering state 'start'
[02:45:45.682] [bmv2] [D] [thread 160791] [32.0] [cxt 0] Extracting header 'ethernet'
[02:45:45.682] [bmv2] [D] [thread 160791] [32.0] [cxt 0] Parser state 'start': key is 86dd
[02:45:45.682] [bmv2] [T] [thread 160791] [32.0] [cxt 0] Bytes parsed: 14
[02:45:45.682] [bmv2] [D] [thread 160791] [32.0] [cxt 0] Parser 'parser' entering state 'parse_ipv6'
[02:45:45.682] [bmv2] [D] [thread 160791] [32.0] [cxt 0] Extracting header 'ipv6'
[02:45:45.682] [bmv2] [D] [thread 160791] [32.0] [cxt 0] Parser state 'parse_ipv6': key is 11
[02:45:45.682] [bmv2] [T] [thread 160791] [32.0] [cxt 0] Bytes parsed: 54
[02:45:45.682] [bmv2] [D] [thread 160791] [32.0] [cxt 0] Parser 'parser': end
[02:45:45.682] [bmv2] [D] [thread 160791] [32.0] [cxt 0] Pipeline 'ingress': start
[02:45:45.682] [bmv2] [T] [thread 160791] [32.0] [cxt 0] basic.p4(565) Condition "hdr.ethernet.etherType == TYPE_ARP" (node_2) is false
[02:45:45.682] [bmv2] [T] [thread 160791] [32.0] [cxt 0] basic.p4(568) Condition "hdr.ethernet.etherType == TYPE_SRCROUTING" (node_4) is false
[02:45:45.682] [bmv2] [T] [thread 160791] [32.0] [cxt 0] basic.p4(581) Condition "hdr.ethernet.etherType == TYPE_YEQUDESU" (node_12) is false
[02:45:45.682] [bmv2] [T] [thread 160791] [32.0] [cxt 0] basic.p4(587) Condition "hdr.vxlan.isValid()" (node_15) is false
[02:45:45.682] [bmv2] [T] [thread 160791] [32.0] [cxt 0] basic.p4(591) Condition "hdr.ipv6.isValid()" (node_17) is true
[02:45:45.682] [bmv2] [T] [thread 160791] [32.0] [cxt 0] Applying table 'MyIngress.ipv6_lpm'
[02:45:45.682] [bmv2] [D] [thread 160791] [32.0] [cxt 0] Looking up key:
* hdr.ipv6.dstAddr    : ff0200000000000000000000000000fb

[02:45:45.682] [bmv2] [D] [thread 160791] [32.0] [cxt 0] Table 'MyIngress.ipv6_lpm': miss
[02:45:45.682] [bmv2] [D] [thread 160791] [32.0] [cxt 0] Action entry is NoAction - 
[02:45:45.682] [bmv2] [T] [thread 160791] [32.0] [cxt 0] Action NoAction
[02:45:45.682] [bmv2] [D] [thread 160791] [32.0] [cxt 0] Pipeline 'ingress': end
[02:45:45.682] [bmv2] [D] [thread 160791] [32.0] [cxt 0] Egress port is 0
[02:45:45.682] [bmv2] [D] [thread 160793] [31.0] [cxt 0] Pipeline 'egress': start
[02:45:45.682] [bmv2] [T] [thread 160793] [31.0] [cxt 0] Applying table 'MyEgress.egress_encap_ipv6'
[02:45:45.682] [bmv2] [D] [thread 160793] [31.0] [cxt 0] Looking up key:
* standard_metadata.egress_port: 0000

[02:45:45.682] [bmv2] [D] [thread 160793] [31.0] [cxt 0] Table 'MyEgress.egress_encap_ipv6': miss
[02:45:45.682] [bmv2] [D] [thread 160793] [31.0] [cxt 0] Action entry is NoAction - 
[02:45:45.682] [bmv2] [T] [thread 160793] [31.0] [cxt 0] Action NoAction
[02:45:45.682] [bmv2] [T] [thread 160793] [31.0] [cxt 0] Applying table 'MyEgress.egress_encap_yequdesu'
[02:45:45.682] [bmv2] [D] [thread 160793] [31.0] [cxt 0] Looking up key:
* standard_metadata.egress_port: 0000

[02:45:45.682] [bmv2] [D] [thread 160793] [31.0] [cxt 0] Table 'MyEgress.egress_encap_yequdesu': miss
[02:45:45.682] [bmv2] [D] [thread 160793] [31.0] [cxt 0] Action entry is NoAction - 
[02:45:45.682] [bmv2] [T] [thread 160793] [31.0] [cxt 0] Action NoAction
[02:45:45.682] [bmv2] [T] [thread 160793] [31.0] [cxt 0] Applying table 'MyEgress.egress_encap_vxlan'
[02:45:45.682] [bmv2] [D] [thread 160793] [31.0] [cxt 0] Looking up key:
* standard_metadata.egress_port: 0000

[02:45:45.682] [bmv2] [D] [thread 160793] [31.0] [cxt 0] Table 'MyEgress.egress_encap_vxlan': miss
[02:45:45.682] [bmv2] [D] [thread 160793] [31.0] [cxt 0] Action entry is NoAction - 
[02:45:45.682] [bmv2] [T] [thread 160793] [31.0] [cxt 0] Action NoAction
[02:45:45.682] [bmv2] [D] [thread 160793] [31.0] [cxt 0] Pipeline 'egress': end
[02:45:45.682] [bmv2] [D] [thread 160793] [31.0] [cxt 0] Deparser 'deparser': start
[02:45:45.682] [bmv2] [T] [thread 160793] [31.0] [cxt 0] Skipping checksum 'cksum' update because condition not met
[02:45:45.682] [bmv2] [D] [thread 160793] [31.0] [cxt 0] Deparsing header 'ethernet'
[02:45:45.682] [bmv2] [D] [thread 160793] [31.0] [cxt 0] Deparsing header 'ipv6'
[02:45:45.682] [bmv2] [D] [thread 160793] [31.0] [cxt 0] Deparser 'deparser': end
[02:45:45.682] [bmv2] [D] [thread 160793] [32.0] [cxt 0] Pipeline 'egress': start
[02:45:45.682] [bmv2] [T] [thread 160793] [32.0] [cxt 0] Applying table 'MyEgress.egress_encap_ipv6'
[02:45:45.682] [bmv2] [D] [thread 160793] [32.0] [cxt 0] Looking up key:
* standard_metadata.egress_port: 0000

[02:45:45.682] [bmv2] [D] [thread 160793] [32.0] [cxt 0] Table 'MyEgress.egress_encap_ipv6': miss
[02:45:45.682] [bmv2] [D] [thread 160793] [32.0] [cxt 0] Action entry is NoAction - 
[02:45:45.682] [bmv2] [T] [thread 160793] [32.0] [cxt 0] Action NoAction
[02:45:45.682] [bmv2] [T] [thread 160793] [32.0] [cxt 0] Applying table 'MyEgress.egress_encap_yequdesu'
[02:45:45.682] [bmv2] [D] [thread 160793] [32.0] [cxt 0] Looking up key:
* standard_metadata.egress_port: 0000

[02:45:45.682] [bmv2] [D] [thread 160793] [32.0] [cxt 0] Table 'MyEgress.egress_encap_yequdesu': miss
[02:45:45.682] [bmv2] [D] [thread 160793] [32.0] [cxt 0] Action entry is NoAction - 
[02:45:45.682] [bmv2] [D] [thread 160797] [31.0] [cxt 0] Transmitting packet of size 203 out of port 0
[02:45:45.682] [bmv2] [T] [thread 160793] [32.0] [cxt 0] Action NoAction
[02:45:45.682] [bmv2] [T] [thread 160793] [32.0] [cxt 0] Applying table 'MyEgress.egress_encap_vxlan'
[02:45:45.682] [bmv2] [D] [thread 160793] [32.0] [cxt 0] Looking up key:
* standard_metadata.egress_port: 0000

[02:45:45.682] [bmv2] [D] [thread 160793] [32.0] [cxt 0] Table 'MyEgress.egress_encap_vxlan': miss
[02:45:45.682] [bmv2] [D] [thread 160793] [32.0] [cxt 0] Action entry is NoAction - 
[02:45:45.682] [bmv2] [T] [thread 160793] [32.0] [cxt 0] Action NoAction
[02:45:45.682] [bmv2] [D] [thread 160793] [32.0] [cxt 0] Pipeline 'egress': end
[02:45:45.682] [bmv2] [D] [thread 160793] [32.0] [cxt 0] Deparser 'deparser': start
[02:45:45.682] [bmv2] [T] [thread 160793] [32.0] [cxt 0] Skipping checksum 'cksum' update because condition not met
[02:45:45.682] [bmv2] [D] [thread 160793] [32.0] [cxt 0] Deparsing header 'ethernet'
[02:45:45.682] [bmv2] [D] [thread 160793] [32.0] [cxt 0] Deparsing header 'ipv6'
[02:45:45.682] [bmv2] [D] [thread 160793] [32.0] [cxt 0] Deparser 'deparser': end
[02:45:45.682] [bmv2] [D] [thread 160797] [32.0] [cxt 0] Transmitting packet of size 203 out of port 0
[02:45:46.638] [bmv2] [D] [thread 160791] [33.0] [cxt 0] Processing packet received on port 2
[02:45:46.638] [bmv2] [D] [thread 160791] [33.0] [cxt 0] Parser 'parser': start
[02:45:46.638] [bmv2] [D] [thread 160791] [33.0] [cxt 0] Parser 'parser' entering state 'start'
[02:45:46.638] [bmv2] [D] [thread 160791] [33.0] [cxt 0] Extracting header 'ethernet'
[02:45:46.638] [bmv2] [D] [thread 160791] [33.0] [cxt 0] Parser state 'start': key is 86dd
[02:45:46.638] [bmv2] [T] [thread 160791] [33.0] [cxt 0] Bytes parsed: 14
[02:45:46.638] [bmv2] [D] [thread 160791] [33.0] [cxt 0] Parser 'parser' entering state 'parse_ipv6'
[02:45:46.638] [bmv2] [D] [thread 160791] [33.0] [cxt 0] Extracting header 'ipv6'
[02:45:46.638] [bmv2] [D] [thread 160791] [33.0] [cxt 0] Parser state 'parse_ipv6': key is 3a
[02:45:46.638] [bmv2] [T] [thread 160791] [33.0] [cxt 0] Bytes parsed: 54
[02:45:46.638] [bmv2] [D] [thread 160791] [33.0] [cxt 0] Parser 'parser': end
[02:45:46.638] [bmv2] [D] [thread 160791] [33.0] [cxt 0] Pipeline 'ingress': start
[02:45:46.638] [bmv2] [T] [thread 160791] [33.0] [cxt 0] basic.p4(565) Condition "hdr.ethernet.etherType == TYPE_ARP" (node_2) is false
[02:45:46.638] [bmv2] [T] [thread 160791] [33.0] [cxt 0] basic.p4(568) Condition "hdr.ethernet.etherType == TYPE_SRCROUTING" (node_4) is false
[02:45:46.638] [bmv2] [T] [thread 160791] [33.0] [cxt 0] basic.p4(581) Condition "hdr.ethernet.etherType == TYPE_YEQUDESU" (node_12) is false
[02:45:46.638] [bmv2] [T] [thread 160791] [33.0] [cxt 0] basic.p4(587) Condition "hdr.vxlan.isValid()" (node_15) is false
[02:45:46.638] [bmv2] [T] [thread 160791] [33.0] [cxt 0] basic.p4(591) Condition "hdr.ipv6.isValid()" (node_17) is true
[02:45:46.638] [bmv2] [T] [thread 160791] [33.0] [cxt 0] Applying table 'MyIngress.ipv6_lpm'
[02:45:46.638] [bmv2] [D] [thread 160791] [33.0] [cxt 0] Looking up key:
* hdr.ipv6.dstAddr    : ff020000000000000000000000000002

[02:45:46.638] [bmv2] [D] [thread 160791] [33.0] [cxt 0] Table 'MyIngress.ipv6_lpm': miss
[02:45:46.638] [bmv2] [D] [thread 160791] [33.0] [cxt 0] Action entry is NoAction - 
[02:45:46.638] [bmv2] [T] [thread 160791] [33.0] [cxt 0] Action NoAction
[02:45:46.638] [bmv2] [D] [thread 160791] [33.0] [cxt 0] Pipeline 'ingress': end
[02:45:46.638] [bmv2] [D] [thread 160791] [33.0] [cxt 0] Egress port is 0
[02:45:46.638] [bmv2] [D] [thread 160793] [33.0] [cxt 0] Pipeline 'egress': start
[02:45:46.638] [bmv2] [T] [thread 160793] [33.0] [cxt 0] Applying table 'MyEgress.egress_encap_ipv6'
[02:45:46.638] [bmv2] [D] [thread 160793] [33.0] [cxt 0] Looking up key:
* standard_metadata.egress_port: 0000

[02:45:46.638] [bmv2] [D] [thread 160793] [33.0] [cxt 0] Table 'MyEgress.egress_encap_ipv6': miss
[02:45:46.638] [bmv2] [D] [thread 160793] [33.0] [cxt 0] Action entry is NoAction - 
[02:45:46.638] [bmv2] [T] [thread 160793] [33.0] [cxt 0] Action NoAction
[02:45:46.638] [bmv2] [T] [thread 160793] [33.0] [cxt 0] Applying table 'MyEgress.egress_encap_yequdesu'
[02:45:46.638] [bmv2] [D] [thread 160793] [33.0] [cxt 0] Looking up key:
* standard_metadata.egress_port: 0000

[02:45:46.638] [bmv2] [D] [thread 160793] [33.0] [cxt 0] Table 'MyEgress.egress_encap_yequdesu': miss
[02:45:46.638] [bmv2] [D] [thread 160793] [33.0] [cxt 0] Action entry is NoAction - 
[02:45:46.638] [bmv2] [T] [thread 160793] [33.0] [cxt 0] Action NoAction
[02:45:46.638] [bmv2] [T] [thread 160793] [33.0] [cxt 0] Applying table 'MyEgress.egress_encap_vxlan'
[02:45:46.638] [bmv2] [D] [thread 160793] [33.0] [cxt 0] Looking up key:
* standard_metadata.egress_port: 0000

[02:45:46.638] [bmv2] [D] [thread 160793] [33.0] [cxt 0] Table 'MyEgress.egress_encap_vxlan': miss
[02:45:46.638] [bmv2] [D] [thread 160793] [33.0] [cxt 0] Action entry is NoAction - 
[02:45:46.638] [bmv2] [T] [thread 160793] [33.0] [cxt 0] Action NoAction
[02:45:46.638] [bmv2] [D] [thread 160793] [33.0] [cxt 0] Pipeline 'egress': end
[02:45:46.638] [bmv2] [D] [thread 160793] [33.0] [cxt 0] Deparser 'deparser': start
[02:45:46.638] [bmv2] [T] [thread 160793] [33.0] [cxt 0] Skipping checksum 'cksum' update because condition not met
[02:45:46.638] [bmv2] [D] [thread 160793] [33.0] [cxt 0] Deparsing header 'ethernet'
[02:45:46.638] [bmv2] [D] [thread 160793] [33.0] [cxt 0] Deparsing header 'ipv6'
[02:45:46.638] [bmv2] [D] [thread 160793] [33.0] [cxt 0] Deparser 'deparser': end
[02:45:46.638] [bmv2] [D] [thread 160797] [33.0] [cxt 0] Transmitting packet of size 70 out of port 0
[02:46:17.426] [bmv2] [D] [thread 160791] [34.0] [cxt 0] Processing packet received on port 1
[02:46:17.426] [bmv2] [D] [thread 160791] [34.0] [cxt 0] Parser 'parser': start
[02:46:17.426] [bmv2] [D] [thread 160791] [34.0] [cxt 0] Parser 'parser' entering state 'start'
[02:46:17.426] [bmv2] [D] [thread 160791] [34.0] [cxt 0] Extracting header 'ethernet'
[02:46:17.426] [bmv2] [D] [thread 160791] [34.0] [cxt 0] Parser state 'start': key is 86dd
[02:46:17.426] [bmv2] [T] [thread 160791] [34.0] [cxt 0] Bytes parsed: 14
[02:46:17.426] [bmv2] [D] [thread 160791] [34.0] [cxt 0] Parser 'parser' entering state 'parse_ipv6'
[02:46:17.426] [bmv2] [D] [thread 160791] [34.0] [cxt 0] Extracting header 'ipv6'
[02:46:17.426] [bmv2] [D] [thread 160791] [34.0] [cxt 0] Parser state 'parse_ipv6': key is 11
[02:46:17.426] [bmv2] [T] [thread 160791] [34.0] [cxt 0] Bytes parsed: 54
[02:46:17.426] [bmv2] [D] [thread 160791] [34.0] [cxt 0] Parser 'parser': end
[02:46:17.426] [bmv2] [D] [thread 160791] [34.0] [cxt 0] Pipeline 'ingress': start
[02:46:17.427] [bmv2] [T] [thread 160791] [34.0] [cxt 0] basic.p4(565) Condition "hdr.ethernet.etherType == TYPE_ARP" (node_2) is false
[02:46:17.427] [bmv2] [T] [thread 160791] [34.0] [cxt 0] basic.p4(568) Condition "hdr.ethernet.etherType == TYPE_SRCROUTING" (node_4) is false
[02:46:17.427] [bmv2] [T] [thread 160791] [34.0] [cxt 0] basic.p4(581) Condition "hdr.ethernet.etherType == TYPE_YEQUDESU" (node_12) is false
[02:46:17.427] [bmv2] [T] [thread 160791] [34.0] [cxt 0] basic.p4(587) Condition "hdr.vxlan.isValid()" (node_15) is false
[02:46:17.427] [bmv2] [T] [thread 160791] [34.0] [cxt 0] basic.p4(591) Condition "hdr.ipv6.isValid()" (node_17) is true
[02:46:17.427] [bmv2] [T] [thread 160791] [34.0] [cxt 0] Applying table 'MyIngress.ipv6_lpm'
[02:46:17.427] [bmv2] [D] [thread 160791] [34.0] [cxt 0] Looking up key:
* hdr.ipv6.dstAddr    : ff0200000000000000000000000000fb

[02:46:17.427] [bmv2] [D] [thread 160791] [34.0] [cxt 0] Table 'MyIngress.ipv6_lpm': miss
[02:46:17.427] [bmv2] [D] [thread 160791] [34.0] [cxt 0] Action entry is NoAction - 
[02:46:17.427] [bmv2] [T] [thread 160791] [34.0] [cxt 0] Action NoAction
[02:46:17.427] [bmv2] [D] [thread 160791] [34.0] [cxt 0] Pipeline 'ingress': end
[02:46:17.427] [bmv2] [D] [thread 160791] [34.0] [cxt 0] Egress port is 0
[02:46:17.427] [bmv2] [D] [thread 160793] [34.0] [cxt 0] Pipeline 'egress': start
[02:46:17.427] [bmv2] [T] [thread 160793] [34.0] [cxt 0] Applying table 'MyEgress.egress_encap_ipv6'
[02:46:17.427] [bmv2] [D] [thread 160793] [34.0] [cxt 0] Looking up key:
* standard_metadata.egress_port: 0000

[02:46:17.427] [bmv2] [D] [thread 160793] [34.0] [cxt 0] Table 'MyEgress.egress_encap_ipv6': miss
[02:46:17.427] [bmv2] [D] [thread 160793] [34.0] [cxt 0] Action entry is NoAction - 
[02:46:17.427] [bmv2] [T] [thread 160793] [34.0] [cxt 0] Action NoAction
[02:46:17.427] [bmv2] [T] [thread 160793] [34.0] [cxt 0] Applying table 'MyEgress.egress_encap_yequdesu'
[02:46:17.427] [bmv2] [D] [thread 160793] [34.0] [cxt 0] Looking up key:
* standard_metadata.egress_port: 0000

[02:46:17.427] [bmv2] [D] [thread 160793] [34.0] [cxt 0] Table 'MyEgress.egress_encap_yequdesu': miss
[02:46:17.427] [bmv2] [D] [thread 160793] [34.0] [cxt 0] Action entry is NoAction - 
[02:46:17.427] [bmv2] [T] [thread 160793] [34.0] [cxt 0] Action NoAction
[02:46:17.427] [bmv2] [T] [thread 160793] [34.0] [cxt 0] Applying table 'MyEgress.egress_encap_vxlan'
[02:46:17.427] [bmv2] [D] [thread 160793] [34.0] [cxt 0] Looking up key:
* standard_metadata.egress_port: 0000

[02:46:17.427] [bmv2] [D] [thread 160793] [34.0] [cxt 0] Table 'MyEgress.egress_encap_vxlan': miss
[02:46:17.427] [bmv2] [D] [thread 160793] [34.0] [cxt 0] Action entry is NoAction - 
[02:46:17.427] [bmv2] [T] [thread 160793] [34.0] [cxt 0] Action NoAction
[02:46:17.427] [bmv2] [D] [thread 160793] [34.0] [cxt 0] Pipeline 'egress': end
[02:46:17.427] [bmv2] [D] [thread 160793] [34.0] [cxt 0] Deparser 'deparser': start
[02:46:17.427] [bmv2] [T] [thread 160793] [34.0] [cxt 0] Skipping checksum 'cksum' update because condition not met
[02:46:17.427] [bmv2] [D] [thread 160793] [34.0] [cxt 0] Deparsing header 'ethernet'
[02:46:17.427] [bmv2] [D] [thread 160793] [34.0] [cxt 0] Deparsing header 'ipv6'
[02:46:17.427] [bmv2] [D] [thread 160793] [34.0] [cxt 0] Deparser 'deparser': end
[02:46:17.427] [bmv2] [D] [thread 160797] [34.0] [cxt 0] Transmitting packet of size 203 out of port 0
[02:46:17.681] [bmv2] [D] [thread 160791] [35.0] [cxt 0] Processing packet received on port 2
[02:46:17.681] [bmv2] [D] [thread 160791] [35.0] [cxt 0] Parser 'parser': start
[02:46:17.681] [bmv2] [D] [thread 160791] [35.0] [cxt 0] Parser 'parser' entering state 'start'
[02:46:17.681] [bmv2] [D] [thread 160791] [35.0] [cxt 0] Extracting header 'ethernet'
[02:46:17.681] [bmv2] [D] [thread 160791] [35.0] [cxt 0] Parser state 'start': key is 86dd
[02:46:17.681] [bmv2] [T] [thread 160791] [35.0] [cxt 0] Bytes parsed: 14
[02:46:17.681] [bmv2] [D] [thread 160791] [35.0] [cxt 0] Parser 'parser' entering state 'parse_ipv6'
[02:46:17.681] [bmv2] [D] [thread 160791] [35.0] [cxt 0] Extracting header 'ipv6'
[02:46:17.681] [bmv2] [D] [thread 160791] [35.0] [cxt 0] Parser state 'parse_ipv6': key is 11
[02:46:17.681] [bmv2] [T] [thread 160791] [35.0] [cxt 0] Bytes parsed: 54
[02:46:17.681] [bmv2] [D] [thread 160791] [35.0] [cxt 0] Parser 'parser': end
[02:46:17.681] [bmv2] [D] [thread 160791] [35.0] [cxt 0] Pipeline 'ingress': start
[02:46:17.681] [bmv2] [T] [thread 160791] [35.0] [cxt 0] basic.p4(565) Condition "hdr.ethernet.etherType == TYPE_ARP" (node_2) is false
[02:46:17.681] [bmv2] [T] [thread 160791] [35.0] [cxt 0] basic.p4(568) Condition "hdr.ethernet.etherType == TYPE_SRCROUTING" (node_4) is false
[02:46:17.681] [bmv2] [T] [thread 160791] [35.0] [cxt 0] basic.p4(581) Condition "hdr.ethernet.etherType == TYPE_YEQUDESU" (node_12) is false
[02:46:17.682] [bmv2] [T] [thread 160791] [35.0] [cxt 0] basic.p4(587) Condition "hdr.vxlan.isValid()" (node_15) is false
[02:46:17.682] [bmv2] [T] [thread 160791] [35.0] [cxt 0] basic.p4(591) Condition "hdr.ipv6.isValid()" (node_17) is true
[02:46:17.682] [bmv2] [T] [thread 160791] [35.0] [cxt 0] Applying table 'MyIngress.ipv6_lpm'
[02:46:17.682] [bmv2] [D] [thread 160791] [35.0] [cxt 0] Looking up key:
* hdr.ipv6.dstAddr    : ff0200000000000000000000000000fb

[02:46:17.682] [bmv2] [D] [thread 160791] [35.0] [cxt 0] Table 'MyIngress.ipv6_lpm': miss
[02:46:17.682] [bmv2] [D] [thread 160791] [35.0] [cxt 0] Action entry is NoAction - 
[02:46:17.682] [bmv2] [T] [thread 160791] [35.0] [cxt 0] Action NoAction
[02:46:17.682] [bmv2] [D] [thread 160791] [35.0] [cxt 0] Pipeline 'ingress': end
[02:46:17.682] [bmv2] [D] [thread 160791] [35.0] [cxt 0] Egress port is 0
[02:46:17.682] [bmv2] [D] [thread 160791] [36.0] [cxt 0] Processing packet received on port 1
[02:46:17.682] [bmv2] [D] [thread 160791] [36.0] [cxt 0] Parser 'parser': start
[02:46:17.682] [bmv2] [D] [thread 160791] [36.0] [cxt 0] Parser 'parser' entering state 'start'
[02:46:17.682] [bmv2] [D] [thread 160791] [36.0] [cxt 0] Extracting header 'ethernet'
[02:46:17.682] [bmv2] [D] [thread 160791] [36.0] [cxt 0] Parser state 'start': key is 86dd
[02:46:17.682] [bmv2] [T] [thread 160791] [36.0] [cxt 0] Bytes parsed: 14
[02:46:17.682] [bmv2] [D] [thread 160791] [36.0] [cxt 0] Parser 'parser' entering state 'parse_ipv6'
[02:46:17.682] [bmv2] [D] [thread 160791] [36.0] [cxt 0] Extracting header 'ipv6'
[02:46:17.682] [bmv2] [D] [thread 160791] [36.0] [cxt 0] Parser state 'parse_ipv6': key is 11
[02:46:17.682] [bmv2] [T] [thread 160791] [36.0] [cxt 0] Bytes parsed: 54
[02:46:17.682] [bmv2] [D] [thread 160791] [36.0] [cxt 0] Parser 'parser': end
[02:46:17.682] [bmv2] [D] [thread 160791] [36.0] [cxt 0] Pipeline 'ingress': start
[02:46:17.682] [bmv2] [T] [thread 160791] [36.0] [cxt 0] basic.p4(565) Condition "hdr.ethernet.etherType == TYPE_ARP" (node_2) is false
[02:46:17.682] [bmv2] [T] [thread 160791] [36.0] [cxt 0] basic.p4(568) Condition "hdr.ethernet.etherType == TYPE_SRCROUTING" (node_4) is false
[02:46:17.682] [bmv2] [T] [thread 160791] [36.0] [cxt 0] basic.p4(581) Condition "hdr.ethernet.etherType == TYPE_YEQUDESU" (node_12) is false
[02:46:17.682] [bmv2] [T] [thread 160791] [36.0] [cxt 0] basic.p4(587) Condition "hdr.vxlan.isValid()" (node_15) is false
[02:46:17.682] [bmv2] [T] [thread 160791] [36.0] [cxt 0] basic.p4(591) Condition "hdr.ipv6.isValid()" (node_17) is true
[02:46:17.682] [bmv2] [T] [thread 160791] [36.0] [cxt 0] Applying table 'MyIngress.ipv6_lpm'
[02:46:17.682] [bmv2] [D] [thread 160791] [36.0] [cxt 0] Looking up key:
* hdr.ipv6.dstAddr    : ff0200000000000000000000000000fb

[02:46:17.682] [bmv2] [D] [thread 160791] [36.0] [cxt 0] Table 'MyIngress.ipv6_lpm': miss
[02:46:17.682] [bmv2] [D] [thread 160791] [36.0] [cxt 0] Action entry is NoAction - 
[02:46:17.682] [bmv2] [T] [thread 160791] [36.0] [cxt 0] Action NoAction
[02:46:17.682] [bmv2] [D] [thread 160791] [36.0] [cxt 0] Pipeline 'ingress': end
[02:46:17.682] [bmv2] [D] [thread 160791] [36.0] [cxt 0] Egress port is 0
[02:46:17.682] [bmv2] [D] [thread 160793] [35.0] [cxt 0] Pipeline 'egress': start
[02:46:17.682] [bmv2] [T] [thread 160793] [35.0] [cxt 0] Applying table 'MyEgress.egress_encap_ipv6'
[02:46:17.682] [bmv2] [D] [thread 160793] [35.0] [cxt 0] Looking up key:
* standard_metadata.egress_port: 0000

[02:46:17.682] [bmv2] [D] [thread 160793] [35.0] [cxt 0] Table 'MyEgress.egress_encap_ipv6': miss
[02:46:17.682] [bmv2] [D] [thread 160793] [35.0] [cxt 0] Action entry is NoAction - 
[02:46:17.682] [bmv2] [T] [thread 160793] [35.0] [cxt 0] Action NoAction
[02:46:17.682] [bmv2] [T] [thread 160793] [35.0] [cxt 0] Applying table 'MyEgress.egress_encap_yequdesu'
[02:46:17.682] [bmv2] [D] [thread 160793] [35.0] [cxt 0] Looking up key:
* standard_metadata.egress_port: 0000

[02:46:17.682] [bmv2] [D] [thread 160793] [35.0] [cxt 0] Table 'MyEgress.egress_encap_yequdesu': miss
[02:46:17.682] [bmv2] [D] [thread 160793] [35.0] [cxt 0] Action entry is NoAction - 
[02:46:17.682] [bmv2] [T] [thread 160793] [35.0] [cxt 0] Action NoAction
[02:46:17.682] [bmv2] [T] [thread 160793] [35.0] [cxt 0] Applying table 'MyEgress.egress_encap_vxlan'
[02:46:17.682] [bmv2] [D] [thread 160793] [35.0] [cxt 0] Looking up key:
* standard_metadata.egress_port: 0000

[02:46:17.682] [bmv2] [D] [thread 160793] [35.0] [cxt 0] Table 'MyEgress.egress_encap_vxlan': miss
[02:46:17.682] [bmv2] [D] [thread 160793] [35.0] [cxt 0] Action entry is NoAction - 
[02:46:17.682] [bmv2] [T] [thread 160793] [35.0] [cxt 0] Action NoAction
[02:46:17.682] [bmv2] [D] [thread 160793] [35.0] [cxt 0] Pipeline 'egress': end
[02:46:17.682] [bmv2] [D] [thread 160793] [35.0] [cxt 0] Deparser 'deparser': start
[02:46:17.682] [bmv2] [T] [thread 160793] [35.0] [cxt 0] Skipping checksum 'cksum' update because condition not met
[02:46:17.682] [bmv2] [D] [thread 160793] [35.0] [cxt 0] Deparsing header 'ethernet'
[02:46:17.682] [bmv2] [D] [thread 160793] [35.0] [cxt 0] Deparsing header 'ipv6'
[02:46:17.682] [bmv2] [D] [thread 160793] [35.0] [cxt 0] Deparser 'deparser': end
[02:46:17.682] [bmv2] [D] [thread 160793] [36.0] [cxt 0] Pipeline 'egress': start
[02:46:17.682] [bmv2] [T] [thread 160793] [36.0] [cxt 0] Applying table 'MyEgress.egress_encap_ipv6'
[02:46:17.682] [bmv2] [D] [thread 160793] [36.0] [cxt 0] Looking up key:
* standard_metadata.egress_port: 0000

[02:46:17.682] [bmv2] [D] [thread 160793] [36.0] [cxt 0] Table 'MyEgress.egress_encap_ipv6': miss
[02:46:17.682] [bmv2] [D] [thread 160793] [36.0] [cxt 0] Action entry is NoAction - 
[02:46:17.682] [bmv2] [T] [thread 160793] [36.0] [cxt 0] Action NoAction
[02:46:17.682] [bmv2] [T] [thread 160793] [36.0] [cxt 0] Applying table 'MyEgress.egress_encap_yequdesu'
[02:46:17.682] [bmv2] [D] [thread 160793] [36.0] [cxt 0] Looking up key:
* standard_metadata.egress_port: 0000

[02:46:17.682] [bmv2] [D] [thread 160793] [36.0] [cxt 0] Table 'MyEgress.egress_encap_yequdesu': miss
[02:46:17.682] [bmv2] [D] [thread 160793] [36.0] [cxt 0] Action entry is NoAction - 
[02:46:17.682] [bmv2] [T] [thread 160793] [36.0] [cxt 0] Action NoAction
[02:46:17.682] [bmv2] [T] [thread 160793] [36.0] [cxt 0] Applying table 'MyEgress.egress_encap_vxlan'
[02:46:17.682] [bmv2] [D] [thread 160793] [36.0] [cxt 0] Looking up key:
* standard_metadata.egress_port: 0000

[02:46:17.682] [bmv2] [D] [thread 160793] [36.0] [cxt 0] Table 'MyEgress.egress_encap_vxlan': miss
[02:46:17.682] [bmv2] [D] [thread 160793] [36.0] [cxt 0] Action entry is NoAction - 
[02:46:17.682] [bmv2] [T] [thread 160793] [36.0] [cxt 0] Action NoAction
[02:46:17.682] [bmv2] [D] [thread 160793] [36.0] [cxt 0] Pipeline 'egress': end
[02:46:17.682] [bmv2] [D] [thread 160793] [36.0] [cxt 0] Deparser 'deparser': start
[02:46:17.682] [bmv2] [T] [thread 160793] [36.0] [cxt 0] Skipping checksum 'cksum' update because condition not met
[02:46:17.682] [bmv2] [D] [thread 160793] [36.0] [cxt 0] Deparsing header 'ethernet'
[02:46:17.682] [bmv2] [D] [thread 160793] [36.0] [cxt 0] Deparsing header 'ipv6'
[02:46:17.682] [bmv2] [D] [thread 160793] [36.0] [cxt 0] Deparser 'deparser': end
[02:46:17.682] [bmv2] [D] [thread 160797] [35.0] [cxt 0] Transmitting packet of size 203 out of port 0
[02:46:17.682] [bmv2] [D] [thread 160797] [36.0] [cxt 0] Transmitting packet of size 203 out of port 0
[02:46:18.382] [bmv2] [D] [thread 160791] [37.0] [cxt 0] Processing packet received on port 1
[02:46:18.382] [bmv2] [D] [thread 160791] [37.0] [cxt 0] Parser 'parser': start
[02:46:18.382] [bmv2] [D] [thread 160791] [37.0] [cxt 0] Parser 'parser' entering state 'start'
[02:46:18.382] [bmv2] [D] [thread 160791] [37.0] [cxt 0] Extracting header 'ethernet'
[02:46:18.382] [bmv2] [D] [thread 160791] [37.0] [cxt 0] Parser state 'start': key is 86dd
[02:46:18.382] [bmv2] [T] [thread 160791] [37.0] [cxt 0] Bytes parsed: 14
[02:46:18.382] [bmv2] [D] [thread 160791] [37.0] [cxt 0] Parser 'parser' entering state 'parse_ipv6'
[02:46:18.382] [bmv2] [D] [thread 160791] [37.0] [cxt 0] Extracting header 'ipv6'
[02:46:18.382] [bmv2] [D] [thread 160791] [37.0] [cxt 0] Parser state 'parse_ipv6': key is 3a
[02:46:18.382] [bmv2] [T] [thread 160791] [37.0] [cxt 0] Bytes parsed: 54
[02:46:18.382] [bmv2] [D] [thread 160791] [37.0] [cxt 0] Parser 'parser': end
[02:46:18.382] [bmv2] [D] [thread 160791] [37.0] [cxt 0] Pipeline 'ingress': start
[02:46:18.382] [bmv2] [T] [thread 160791] [37.0] [cxt 0] basic.p4(565) Condition "hdr.ethernet.etherType == TYPE_ARP" (node_2) is false
[02:46:18.382] [bmv2] [T] [thread 160791] [37.0] [cxt 0] basic.p4(568) Condition "hdr.ethernet.etherType == TYPE_SRCROUTING" (node_4) is false
[02:46:18.382] [bmv2] [T] [thread 160791] [37.0] [cxt 0] basic.p4(581) Condition "hdr.ethernet.etherType == TYPE_YEQUDESU" (node_12) is false
[02:46:18.382] [bmv2] [T] [thread 160791] [37.0] [cxt 0] basic.p4(587) Condition "hdr.vxlan.isValid()" (node_15) is false
[02:46:18.382] [bmv2] [T] [thread 160791] [37.0] [cxt 0] basic.p4(591) Condition "hdr.ipv6.isValid()" (node_17) is true
[02:46:18.382] [bmv2] [T] [thread 160791] [37.0] [cxt 0] Applying table 'MyIngress.ipv6_lpm'
[02:46:18.382] [bmv2] [D] [thread 160791] [37.0] [cxt 0] Looking up key:
* hdr.ipv6.dstAddr    : ff020000000000000000000000000002

[02:46:18.382] [bmv2] [D] [thread 160791] [37.0] [cxt 0] Table 'MyIngress.ipv6_lpm': miss
[02:46:18.382] [bmv2] [D] [thread 160791] [37.0] [cxt 0] Action entry is NoAction - 
[02:46:18.383] [bmv2] [T] [thread 160791] [37.0] [cxt 0] Action NoAction
[02:46:18.383] [bmv2] [D] [thread 160791] [37.0] [cxt 0] Pipeline 'ingress': end
[02:46:18.383] [bmv2] [D] [thread 160791] [37.0] [cxt 0] Egress port is 0
[02:46:18.383] [bmv2] [D] [thread 160791] [38.0] [cxt 0] Processing packet received on port 2
[02:46:18.383] [bmv2] [D] [thread 160791] [38.0] [cxt 0] Parser 'parser': start
[02:46:18.383] [bmv2] [D] [thread 160791] [38.0] [cxt 0] Parser 'parser' entering state 'start'
[02:46:18.383] [bmv2] [D] [thread 160791] [38.0] [cxt 0] Extracting header 'ethernet'
[02:46:18.383] [bmv2] [D] [thread 160791] [38.0] [cxt 0] Parser state 'start': key is 86dd
[02:46:18.383] [bmv2] [T] [thread 160791] [38.0] [cxt 0] Bytes parsed: 14
[02:46:18.383] [bmv2] [D] [thread 160791] [38.0] [cxt 0] Parser 'parser' entering state 'parse_ipv6'
[02:46:18.383] [bmv2] [D] [thread 160791] [38.0] [cxt 0] Extracting header 'ipv6'
[02:46:18.383] [bmv2] [D] [thread 160791] [38.0] [cxt 0] Parser state 'parse_ipv6': key is 3a
[02:46:18.383] [bmv2] [T] [thread 160791] [38.0] [cxt 0] Bytes parsed: 54
[02:46:18.383] [bmv2] [D] [thread 160791] [38.0] [cxt 0] Parser 'parser': end
[02:46:18.383] [bmv2] [D] [thread 160791] [38.0] [cxt 0] Pipeline 'ingress': start
[02:46:18.383] [bmv2] [T] [thread 160791] [38.0] [cxt 0] basic.p4(565) Condition "hdr.ethernet.etherType == TYPE_ARP" (node_2) is false
[02:46:18.383] [bmv2] [T] [thread 160791] [38.0] [cxt 0] basic.p4(568) Condition "hdr.ethernet.etherType == TYPE_SRCROUTING" (node_4) is false
[02:46:18.383] [bmv2] [T] [thread 160791] [38.0] [cxt 0] basic.p4(581) Condition "hdr.ethernet.etherType == TYPE_YEQUDESU" (node_12) is false
[02:46:18.383] [bmv2] [T] [thread 160791] [38.0] [cxt 0] basic.p4(587) Condition "hdr.vxlan.isValid()" (node_15) is false
[02:46:18.383] [bmv2] [T] [thread 160791] [38.0] [cxt 0] basic.p4(591) Condition "hdr.ipv6.isValid()" (node_17) is true
[02:46:18.383] [bmv2] [D] [thread 160793] [37.0] [cxt 0] Pipeline 'egress': start
[02:46:18.383] [bmv2] [T] [thread 160791] [38.0] [cxt 0] Applying table 'MyIngress.ipv6_lpm'
[02:46:18.383] [bmv2] [T] [thread 160793] [37.0] [cxt 0] Applying table 'MyEgress.egress_encap_ipv6'
[02:46:18.383] [bmv2] [D] [thread 160791] [38.0] [cxt 0] Looking up key:
* hdr.ipv6.dstAddr    : ff020000000000000000000000000002

[02:46:18.383] [bmv2] [D] [thread 160791] [38.0] [cxt 0] Table 'MyIngress.ipv6_lpm': miss
[02:46:18.383] [bmv2] [D] [thread 160793] [37.0] [cxt 0] Looking up key:
* standard_metadata.egress_port: 0000

[02:46:18.383] [bmv2] [D] [thread 160791] [38.0] [cxt 0] Action entry is NoAction - 
[02:46:18.383] [bmv2] [D] [thread 160793] [37.0] [cxt 0] Table 'MyEgress.egress_encap_ipv6': miss
[02:46:18.383] [bmv2] [T] [thread 160791] [38.0] [cxt 0] Action NoAction
[02:46:18.383] [bmv2] [D] [thread 160793] [37.0] [cxt 0] Action entry is NoAction - 
[02:46:18.383] [bmv2] [D] [thread 160791] [38.0] [cxt 0] Pipeline 'ingress': end
[02:46:18.383] [bmv2] [T] [thread 160793] [37.0] [cxt 0] Action NoAction
[02:46:18.383] [bmv2] [D] [thread 160791] [38.0] [cxt 0] Egress port is 0
[02:46:18.383] [bmv2] [D] [thread 160791] [39.0] [cxt 0] Processing packet received on port 1
[02:46:18.383] [bmv2] [D] [thread 160791] [39.0] [cxt 0] Parser 'parser': start
[02:46:18.383] [bmv2] [D] [thread 160791] [39.0] [cxt 0] Parser 'parser' entering state 'start'
[02:46:18.383] [bmv2] [D] [thread 160791] [39.0] [cxt 0] Extracting header 'ethernet'
[02:46:18.383] [bmv2] [T] [thread 160793] [37.0] [cxt 0] Applying table 'MyEgress.egress_encap_yequdesu'
[02:46:18.383] [bmv2] [D] [thread 160793] [37.0] [cxt 0] Looking up key:
* standard_metadata.egress_port: 0000

[02:46:18.383] [bmv2] [D] [thread 160793] [37.0] [cxt 0] Table 'MyEgress.egress_encap_yequdesu': miss
[02:46:18.383] [bmv2] [D] [thread 160793] [37.0] [cxt 0] Action entry is NoAction - 
[02:46:18.383] [bmv2] [T] [thread 160793] [37.0] [cxt 0] Action NoAction
[02:46:18.383] [bmv2] [T] [thread 160793] [37.0] [cxt 0] Applying table 'MyEgress.egress_encap_vxlan'
[02:46:18.383] [bmv2] [D] [thread 160791] [39.0] [cxt 0] Parser state 'start': key is 86dd
[02:46:18.383] [bmv2] [D] [thread 160793] [37.0] [cxt 0] Looking up key:
* standard_metadata.egress_port: 0000

[02:46:18.383] [bmv2] [T] [thread 160791] [39.0] [cxt 0] Bytes parsed: 14
[02:46:18.383] [bmv2] [D] [thread 160791] [39.0] [cxt 0] Parser 'parser' entering state 'parse_ipv6'
[02:46:18.383] [bmv2] [D] [thread 160791] [39.0] [cxt 0] Extracting header 'ipv6'
[02:46:18.383] [bmv2] [D] [thread 160791] [39.0] [cxt 0] Parser state 'parse_ipv6': key is 3a
[02:46:18.383] [bmv2] [T] [thread 160791] [39.0] [cxt 0] Bytes parsed: 54
[02:46:18.383] [bmv2] [D] [thread 160791] [39.0] [cxt 0] Parser 'parser': end
[02:46:18.383] [bmv2] [D] [thread 160791] [39.0] [cxt 0] Pipeline 'ingress': start
[02:46:18.383] [bmv2] [T] [thread 160791] [39.0] [cxt 0] basic.p4(565) Condition "hdr.ethernet.etherType == TYPE_ARP" (node_2) is false
[02:46:18.383] [bmv2] [T] [thread 160791] [39.0] [cxt 0] basic.p4(568) Condition "hdr.ethernet.etherType == TYPE_SRCROUTING" (node_4) is false
[02:46:18.383] [bmv2] [D] [thread 160793] [37.0] [cxt 0] Table 'MyEgress.egress_encap_vxlan': miss
[02:46:18.383] [bmv2] [T] [thread 160791] [39.0] [cxt 0] basic.p4(581) Condition "hdr.ethernet.etherType == TYPE_YEQUDESU" (node_12) is false
[02:46:18.383] [bmv2] [D] [thread 160793] [37.0] [cxt 0] Action entry is NoAction - 
[02:46:18.383] [bmv2] [T] [thread 160791] [39.0] [cxt 0] basic.p4(587) Condition "hdr.vxlan.isValid()" (node_15) is false
[02:46:18.383] [bmv2] [T] [thread 160793] [37.0] [cxt 0] Action NoAction
[02:46:18.383] [bmv2] [D] [thread 160793] [37.0] [cxt 0] Pipeline 'egress': end
[02:46:18.383] [bmv2] [D] [thread 160793] [37.0] [cxt 0] Deparser 'deparser': start
[02:46:18.383] [bmv2] [T] [thread 160793] [37.0] [cxt 0] Skipping checksum 'cksum' update because condition not met
[02:46:18.383] [bmv2] [D] [thread 160793] [37.0] [cxt 0] Deparsing header 'ethernet'
[02:46:18.383] [bmv2] [D] [thread 160793] [37.0] [cxt 0] Deparsing header 'ipv6'
[02:46:18.383] [bmv2] [T] [thread 160791] [39.0] [cxt 0] basic.p4(591) Condition "hdr.ipv6.isValid()" (node_17) is true
[02:46:18.383] [bmv2] [D] [thread 160793] [37.0] [cxt 0] Deparser 'deparser': end
[02:46:18.383] [bmv2] [T] [thread 160791] [39.0] [cxt 0] Applying table 'MyIngress.ipv6_lpm'
[02:46:18.383] [bmv2] [D] [thread 160793] [38.0] [cxt 0] Pipeline 'egress': start
[02:46:18.383] [bmv2] [T] [thread 160793] [38.0] [cxt 0] Applying table 'MyEgress.egress_encap_ipv6'
[02:46:18.383] [bmv2] [D] [thread 160791] [39.0] [cxt 0] Looking up key:
* hdr.ipv6.dstAddr    : ff020000000000000000000000000002

[02:46:18.383] [bmv2] [D] [thread 160793] [38.0] [cxt 0] Looking up key:
* standard_metadata.egress_port: 0000

[02:46:18.383] [bmv2] [D] [thread 160791] [39.0] [cxt 0] Table 'MyIngress.ipv6_lpm': miss
[02:46:18.383] [bmv2] [D] [thread 160793] [38.0] [cxt 0] Table 'MyEgress.egress_encap_ipv6': miss
[02:46:18.383] [bmv2] [D] [thread 160791] [39.0] [cxt 0] Action entry is NoAction - 
[02:46:18.383] [bmv2] [T] [thread 160791] [39.0] [cxt 0] Action NoAction
[02:46:18.383] [bmv2] [D] [thread 160791] [39.0] [cxt 0] Pipeline 'ingress': end
[02:46:18.383] [bmv2] [D] [thread 160791] [39.0] [cxt 0] Egress port is 0
[02:46:18.383] [bmv2] [D] [thread 160793] [38.0] [cxt 0] Action entry is NoAction - 
[02:46:18.383] [bmv2] [T] [thread 160793] [38.0] [cxt 0] Action NoAction
[02:46:18.383] [bmv2] [T] [thread 160793] [38.0] [cxt 0] Applying table 'MyEgress.egress_encap_yequdesu'
[02:46:18.383] [bmv2] [D] [thread 160793] [38.0] [cxt 0] Looking up key:
* standard_metadata.egress_port: 0000

[02:46:18.383] [bmv2] [D] [thread 160793] [38.0] [cxt 0] Table 'MyEgress.egress_encap_yequdesu': miss
[02:46:18.383] [bmv2] [D] [thread 160793] [38.0] [cxt 0] Action entry is NoAction - 
[02:46:18.383] [bmv2] [T] [thread 160793] [38.0] [cxt 0] Action NoAction
[02:46:18.383] [bmv2] [T] [thread 160793] [38.0] [cxt 0] Applying table 'MyEgress.egress_encap_vxlan'
[02:46:18.383] [bmv2] [D] [thread 160793] [38.0] [cxt 0] Looking up key:
* standard_metadata.egress_port: 0000

[02:46:18.383] [bmv2] [D] [thread 160793] [38.0] [cxt 0] Table 'MyEgress.egress_encap_vxlan': miss
[02:46:18.383] [bmv2] [D] [thread 160793] [38.0] [cxt 0] Action entry is NoAction - 
[02:46:18.383] [bmv2] [T] [thread 160793] [38.0] [cxt 0] Action NoAction
[02:46:18.383] [bmv2] [D] [thread 160793] [38.0] [cxt 0] Pipeline 'egress': end
[02:46:18.383] [bmv2] [D] [thread 160793] [38.0] [cxt 0] Deparser 'deparser': start
[02:46:18.383] [bmv2] [T] [thread 160793] [38.0] [cxt 0] Skipping checksum 'cksum' update because condition not met
[02:46:18.383] [bmv2] [D] [thread 160793] [38.0] [cxt 0] Deparsing header 'ethernet'
[02:46:18.383] [bmv2] [D] [thread 160797] [37.0] [cxt 0] Transmitting packet of size 70 out of port 0
[02:46:18.384] [bmv2] [D] [thread 160793] [38.0] [cxt 0] Deparsing header 'ipv6'
[02:46:18.384] [bmv2] [D] [thread 160793] [38.0] [cxt 0] Deparser 'deparser': end
[02:46:18.384] [bmv2] [D] [thread 160793] [39.0] [cxt 0] Pipeline 'egress': start
[02:46:18.384] [bmv2] [T] [thread 160793] [39.0] [cxt 0] Applying table 'MyEgress.egress_encap_ipv6'
[02:46:18.384] [bmv2] [D] [thread 160793] [39.0] [cxt 0] Looking up key:
* standard_metadata.egress_port: 0000

[02:46:18.384] [bmv2] [D] [thread 160793] [39.0] [cxt 0] Table 'MyEgress.egress_encap_ipv6': miss
[02:46:18.384] [bmv2] [D] [thread 160793] [39.0] [cxt 0] Action entry is NoAction - 
[02:46:18.384] [bmv2] [T] [thread 160793] [39.0] [cxt 0] Action NoAction
[02:46:18.384] [bmv2] [T] [thread 160793] [39.0] [cxt 0] Applying table 'MyEgress.egress_encap_yequdesu'
[02:46:18.384] [bmv2] [D] [thread 160793] [39.0] [cxt 0] Looking up key:
* standard_metadata.egress_port: 0000

[02:46:18.384] [bmv2] [D] [thread 160793] [39.0] [cxt 0] Table 'MyEgress.egress_encap_yequdesu': miss
[02:46:18.384] [bmv2] [D] [thread 160793] [39.0] [cxt 0] Action entry is NoAction - 
[02:46:18.384] [bmv2] [T] [thread 160793] [39.0] [cxt 0] Action NoAction
[02:46:18.384] [bmv2] [T] [thread 160793] [39.0] [cxt 0] Applying table 'MyEgress.egress_encap_vxlan'
[02:46:18.384] [bmv2] [D] [thread 160793] [39.0] [cxt 0] Looking up key:
* standard_metadata.egress_port: 0000

[02:46:18.384] [bmv2] [D] [thread 160793] [39.0] [cxt 0] Table 'MyEgress.egress_encap_vxlan': miss
[02:46:18.384] [bmv2] [D] [thread 160793] [39.0] [cxt 0] Action entry is NoAction - 
[02:46:18.384] [bmv2] [T] [thread 160793] [39.0] [cxt 0] Action NoAction
[02:46:18.384] [bmv2] [D] [thread 160793] [39.0] [cxt 0] Pipeline 'egress': end
[02:46:18.384] [bmv2] [D] [thread 160793] [39.0] [cxt 0] Deparser 'deparser': start
[02:46:18.384] [bmv2] [T] [thread 160793] [39.0] [cxt 0] Skipping checksum 'cksum' update because condition not met
[02:46:18.384] [bmv2] [D] [thread 160793] [39.0] [cxt 0] Deparsing header 'ethernet'
[02:46:18.384] [bmv2] [D] [thread 160793] [39.0] [cxt 0] Deparsing header 'ipv6'
[02:46:18.384] [bmv2] [D] [thread 160793] [39.0] [cxt 0] Deparser 'deparser': end
[02:46:18.384] [bmv2] [D] [thread 160797] [38.0] [cxt 0] Transmitting packet of size 70 out of port 0
[02:46:18.384] [bmv2] [D] [thread 160797] [39.0] [cxt 0] Transmitting packet of size 70 out of port 0
[02:46:26.574] [bmv2] [D] [thread 160791] [40.0] [cxt 0] Processing packet received on port 2
[02:46:26.574] [bmv2] [D] [thread 160791] [40.0] [cxt 0] Parser 'parser': start
[02:46:26.574] [bmv2] [D] [thread 160791] [40.0] [cxt 0] Parser 'parser' entering state 'start'
[02:46:26.574] [bmv2] [D] [thread 160791] [40.0] [cxt 0] Extracting header 'ethernet'
[02:46:26.574] [bmv2] [D] [thread 160791] [40.0] [cxt 0] Parser state 'start': key is 86dd
[02:46:26.574] [bmv2] [T] [thread 160791] [40.0] [cxt 0] Bytes parsed: 14
[02:46:26.574] [bmv2] [D] [thread 160791] [40.0] [cxt 0] Parser 'parser' entering state 'parse_ipv6'
[02:46:26.574] [bmv2] [D] [thread 160791] [40.0] [cxt 0] Extracting header 'ipv6'
[02:46:26.574] [bmv2] [D] [thread 160791] [40.0] [cxt 0] Parser state 'parse_ipv6': key is 3a
[02:46:26.574] [bmv2] [T] [thread 160791] [40.0] [cxt 0] Bytes parsed: 54
[02:46:26.574] [bmv2] [D] [thread 160791] [40.0] [cxt 0] Parser 'parser': end
[02:46:26.574] [bmv2] [D] [thread 160791] [40.0] [cxt 0] Pipeline 'ingress': start
[02:46:26.574] [bmv2] [T] [thread 160791] [40.0] [cxt 0] basic.p4(565) Condition "hdr.ethernet.etherType == TYPE_ARP" (node_2) is false
[02:46:26.574] [bmv2] [T] [thread 160791] [40.0] [cxt 0] basic.p4(568) Condition "hdr.ethernet.etherType == TYPE_SRCROUTING" (node_4) is false
[02:46:26.574] [bmv2] [T] [thread 160791] [40.0] [cxt 0] basic.p4(581) Condition "hdr.ethernet.etherType == TYPE_YEQUDESU" (node_12) is false
[02:46:26.574] [bmv2] [T] [thread 160791] [40.0] [cxt 0] basic.p4(587) Condition "hdr.vxlan.isValid()" (node_15) is false
[02:46:26.574] [bmv2] [T] [thread 160791] [40.0] [cxt 0] basic.p4(591) Condition "hdr.ipv6.isValid()" (node_17) is true
[02:46:26.574] [bmv2] [T] [thread 160791] [40.0] [cxt 0] Applying table 'MyIngress.ipv6_lpm'
[02:46:26.574] [bmv2] [D] [thread 160791] [40.0] [cxt 0] Looking up key:
* hdr.ipv6.dstAddr    : ff020000000000000000000000000002

[02:46:26.574] [bmv2] [D] [thread 160791] [40.0] [cxt 0] Table 'MyIngress.ipv6_lpm': miss
[02:46:26.574] [bmv2] [D] [thread 160791] [40.0] [cxt 0] Action entry is NoAction - 
[02:46:26.574] [bmv2] [T] [thread 160791] [40.0] [cxt 0] Action NoAction
[02:46:26.574] [bmv2] [D] [thread 160791] [40.0] [cxt 0] Pipeline 'ingress': end
[02:46:26.574] [bmv2] [D] [thread 160791] [40.0] [cxt 0] Egress port is 0
[02:46:26.575] [bmv2] [D] [thread 160793] [40.0] [cxt 0] Pipeline 'egress': start
[02:46:26.575] [bmv2] [T] [thread 160793] [40.0] [cxt 0] Applying table 'MyEgress.egress_encap_ipv6'
[02:46:26.575] [bmv2] [D] [thread 160793] [40.0] [cxt 0] Looking up key:
* standard_metadata.egress_port: 0000

[02:46:26.575] [bmv2] [D] [thread 160793] [40.0] [cxt 0] Table 'MyEgress.egress_encap_ipv6': miss
[02:46:26.575] [bmv2] [D] [thread 160793] [40.0] [cxt 0] Action entry is NoAction - 
[02:46:26.575] [bmv2] [T] [thread 160793] [40.0] [cxt 0] Action NoAction
[02:46:26.575] [bmv2] [T] [thread 160793] [40.0] [cxt 0] Applying table 'MyEgress.egress_encap_yequdesu'
[02:46:26.575] [bmv2] [D] [thread 160793] [40.0] [cxt 0] Looking up key:
* standard_metadata.egress_port: 0000

[02:46:26.575] [bmv2] [D] [thread 160793] [40.0] [cxt 0] Table 'MyEgress.egress_encap_yequdesu': miss
[02:46:26.575] [bmv2] [D] [thread 160793] [40.0] [cxt 0] Action entry is NoAction - 
[02:46:26.575] [bmv2] [T] [thread 160793] [40.0] [cxt 0] Action NoAction
[02:46:26.575] [bmv2] [T] [thread 160793] [40.0] [cxt 0] Applying table 'MyEgress.egress_encap_vxlan'
[02:46:26.575] [bmv2] [D] [thread 160793] [40.0] [cxt 0] Looking up key:
* standard_metadata.egress_port: 0000

[02:46:26.575] [bmv2] [D] [thread 160793] [40.0] [cxt 0] Table 'MyEgress.egress_encap_vxlan': miss
[02:46:26.575] [bmv2] [D] [thread 160793] [40.0] [cxt 0] Action entry is NoAction - 
[02:46:26.575] [bmv2] [T] [thread 160793] [40.0] [cxt 0] Action NoAction
[02:46:26.575] [bmv2] [D] [thread 160793] [40.0] [cxt 0] Pipeline 'egress': end
[02:46:26.575] [bmv2] [D] [thread 160793] [40.0] [cxt 0] Deparser 'deparser': start
[02:46:26.575] [bmv2] [T] [thread 160793] [40.0] [cxt 0] Skipping checksum 'cksum' update because condition not met
[02:46:26.575] [bmv2] [D] [thread 160793] [40.0] [cxt 0] Deparsing header 'ethernet'
[02:46:26.575] [bmv2] [D] [thread 160793] [40.0] [cxt 0] Deparsing header 'ipv6'
[02:46:26.575] [bmv2] [D] [thread 160793] [40.0] [cxt 0] Deparser 'deparser': end
[02:46:26.575] [bmv2] [D] [thread 160797] [40.0] [cxt 0] Transmitting packet of size 70 out of port 0
[02:47:21.427] [bmv2] [D] [thread 160791] [41.0] [cxt 0] Processing packet received on port 1
[02:47:21.427] [bmv2] [D] [thread 160791] [41.0] [cxt 0] Parser 'parser': start
[02:47:21.427] [bmv2] [D] [thread 160791] [41.0] [cxt 0] Parser 'parser' entering state 'start'
[02:47:21.427] [bmv2] [D] [thread 160791] [41.0] [cxt 0] Extracting header 'ethernet'
[02:47:21.427] [bmv2] [D] [thread 160791] [41.0] [cxt 0] Parser state 'start': key is 86dd
[02:47:21.427] [bmv2] [T] [thread 160791] [41.0] [cxt 0] Bytes parsed: 14
[02:47:21.427] [bmv2] [D] [thread 160791] [41.0] [cxt 0] Parser 'parser' entering state 'parse_ipv6'
[02:47:21.427] [bmv2] [D] [thread 160791] [41.0] [cxt 0] Extracting header 'ipv6'
[02:47:21.427] [bmv2] [D] [thread 160791] [41.0] [cxt 0] Parser state 'parse_ipv6': key is 11
[02:47:21.427] [bmv2] [T] [thread 160791] [41.0] [cxt 0] Bytes parsed: 54
[02:47:21.427] [bmv2] [D] [thread 160791] [41.0] [cxt 0] Parser 'parser': end
[02:47:21.427] [bmv2] [D] [thread 160791] [41.0] [cxt 0] Pipeline 'ingress': start
[02:47:21.427] [bmv2] [T] [thread 160791] [41.0] [cxt 0] basic.p4(565) Condition "hdr.ethernet.etherType == TYPE_ARP" (node_2) is false
[02:47:21.427] [bmv2] [T] [thread 160791] [41.0] [cxt 0] basic.p4(568) Condition "hdr.ethernet.etherType == TYPE_SRCROUTING" (node_4) is false
[02:47:21.427] [bmv2] [T] [thread 160791] [41.0] [cxt 0] basic.p4(581) Condition "hdr.ethernet.etherType == TYPE_YEQUDESU" (node_12) is false
[02:47:21.427] [bmv2] [T] [thread 160791] [41.0] [cxt 0] basic.p4(587) Condition "hdr.vxlan.isValid()" (node_15) is false
[02:47:21.427] [bmv2] [T] [thread 160791] [41.0] [cxt 0] basic.p4(591) Condition "hdr.ipv6.isValid()" (node_17) is true
[02:47:21.427] [bmv2] [T] [thread 160791] [41.0] [cxt 0] Applying table 'MyIngress.ipv6_lpm'
[02:47:21.427] [bmv2] [D] [thread 160791] [41.0] [cxt 0] Looking up key:
* hdr.ipv6.dstAddr    : ff0200000000000000000000000000fb

[02:47:21.427] [bmv2] [D] [thread 160791] [41.0] [cxt 0] Table 'MyIngress.ipv6_lpm': miss
[02:47:21.427] [bmv2] [D] [thread 160791] [41.0] [cxt 0] Action entry is NoAction - 
[02:47:21.427] [bmv2] [T] [thread 160791] [41.0] [cxt 0] Action NoAction
[02:47:21.427] [bmv2] [D] [thread 160791] [41.0] [cxt 0] Pipeline 'ingress': end
[02:47:21.427] [bmv2] [D] [thread 160791] [41.0] [cxt 0] Egress port is 0
[02:47:21.427] [bmv2] [D] [thread 160793] [41.0] [cxt 0] Pipeline 'egress': start
[02:47:21.427] [bmv2] [T] [thread 160793] [41.0] [cxt 0] Applying table 'MyEgress.egress_encap_ipv6'
[02:47:21.427] [bmv2] [D] [thread 160793] [41.0] [cxt 0] Looking up key:
* standard_metadata.egress_port: 0000

[02:47:21.427] [bmv2] [D] [thread 160793] [41.0] [cxt 0] Table 'MyEgress.egress_encap_ipv6': miss
[02:47:21.427] [bmv2] [D] [thread 160793] [41.0] [cxt 0] Action entry is NoAction - 
[02:47:21.427] [bmv2] [T] [thread 160793] [41.0] [cxt 0] Action NoAction
[02:47:21.427] [bmv2] [T] [thread 160793] [41.0] [cxt 0] Applying table 'MyEgress.egress_encap_yequdesu'
[02:47:21.427] [bmv2] [D] [thread 160793] [41.0] [cxt 0] Looking up key:
* standard_metadata.egress_port: 0000

[02:47:21.427] [bmv2] [D] [thread 160793] [41.0] [cxt 0] Table 'MyEgress.egress_encap_yequdesu': miss
[02:47:21.427] [bmv2] [D] [thread 160793] [41.0] [cxt 0] Action entry is NoAction - 
[02:47:21.427] [bmv2] [T] [thread 160793] [41.0] [cxt 0] Action NoAction
[02:47:21.427] [bmv2] [T] [thread 160793] [41.0] [cxt 0] Applying table 'MyEgress.egress_encap_vxlan'
[02:47:21.427] [bmv2] [D] [thread 160793] [41.0] [cxt 0] Looking up key:
* standard_metadata.egress_port: 0000

[02:47:21.427] [bmv2] [D] [thread 160793] [41.0] [cxt 0] Table 'MyEgress.egress_encap_vxlan': miss
[02:47:21.427] [bmv2] [D] [thread 160793] [41.0] [cxt 0] Action entry is NoAction - 
[02:47:21.427] [bmv2] [T] [thread 160793] [41.0] [cxt 0] Action NoAction
[02:47:21.427] [bmv2] [D] [thread 160793] [41.0] [cxt 0] Pipeline 'egress': end
[02:47:21.427] [bmv2] [D] [thread 160793] [41.0] [cxt 0] Deparser 'deparser': start
[02:47:21.427] [bmv2] [T] [thread 160793] [41.0] [cxt 0] Skipping checksum 'cksum' update because condition not met
[02:47:21.427] [bmv2] [D] [thread 160793] [41.0] [cxt 0] Deparsing header 'ethernet'
[02:47:21.427] [bmv2] [D] [thread 160793] [41.0] [cxt 0] Deparsing header 'ipv6'
[02:47:21.427] [bmv2] [D] [thread 160793] [41.0] [cxt 0] Deparser 'deparser': end
[02:47:21.427] [bmv2] [D] [thread 160797] [41.0] [cxt 0] Transmitting packet of size 203 out of port 0
[02:47:21.684] [bmv2] [D] [thread 160791] [42.0] [cxt 0] Processing packet received on port 2
[02:47:21.684] [bmv2] [D] [thread 160791] [42.0] [cxt 0] Parser 'parser': start
[02:47:21.684] [bmv2] [D] [thread 160791] [42.0] [cxt 0] Parser 'parser' entering state 'start'
[02:47:21.684] [bmv2] [D] [thread 160791] [42.0] [cxt 0] Extracting header 'ethernet'
[02:47:21.684] [bmv2] [D] [thread 160791] [42.0] [cxt 0] Parser state 'start': key is 86dd
[02:47:21.684] [bmv2] [T] [thread 160791] [42.0] [cxt 0] Bytes parsed: 14
[02:47:21.684] [bmv2] [D] [thread 160791] [42.0] [cxt 0] Parser 'parser' entering state 'parse_ipv6'
[02:47:21.684] [bmv2] [D] [thread 160791] [42.0] [cxt 0] Extracting header 'ipv6'
[02:47:21.684] [bmv2] [D] [thread 160791] [42.0] [cxt 0] Parser state 'parse_ipv6': key is 11
[02:47:21.684] [bmv2] [T] [thread 160791] [42.0] [cxt 0] Bytes parsed: 54
[02:47:21.684] [bmv2] [D] [thread 160791] [42.0] [cxt 0] Parser 'parser': end
[02:47:21.684] [bmv2] [D] [thread 160791] [42.0] [cxt 0] Pipeline 'ingress': start
[02:47:21.684] [bmv2] [T] [thread 160791] [42.0] [cxt 0] basic.p4(565) Condition "hdr.ethernet.etherType == TYPE_ARP" (node_2) is false
[02:47:21.684] [bmv2] [T] [thread 160791] [42.0] [cxt 0] basic.p4(568) Condition "hdr.ethernet.etherType == TYPE_SRCROUTING" (node_4) is false
[02:47:21.684] [bmv2] [T] [thread 160791] [42.0] [cxt 0] basic.p4(581) Condition "hdr.ethernet.etherType == TYPE_YEQUDESU" (node_12) is false
[02:47:21.684] [bmv2] [T] [thread 160791] [42.0] [cxt 0] basic.p4(587) Condition "hdr.vxlan.isValid()" (node_15) is false
[02:47:21.684] [bmv2] [T] [thread 160791] [42.0] [cxt 0] basic.p4(591) Condition "hdr.ipv6.isValid()" (node_17) is true
[02:47:21.684] [bmv2] [T] [thread 160791] [42.0] [cxt 0] Applying table 'MyIngress.ipv6_lpm'
[02:47:21.684] [bmv2] [D] [thread 160791] [42.0] [cxt 0] Looking up key:
* hdr.ipv6.dstAddr    : ff0200000000000000000000000000fb

[02:47:21.684] [bmv2] [D] [thread 160791] [42.0] [cxt 0] Table 'MyIngress.ipv6_lpm': miss
[02:47:21.684] [bmv2] [D] [thread 160791] [42.0] [cxt 0] Action entry is NoAction - 
[02:47:21.684] [bmv2] [T] [thread 160791] [42.0] [cxt 0] Action NoAction
[02:47:21.684] [bmv2] [D] [thread 160791] [42.0] [cxt 0] Pipeline 'ingress': end
[02:47:21.684] [bmv2] [D] [thread 160791] [42.0] [cxt 0] Egress port is 0
[02:47:21.684] [bmv2] [D] [thread 160791] [43.0] [cxt 0] Processing packet received on port 1
[02:47:21.684] [bmv2] [D] [thread 160791] [43.0] [cxt 0] Parser 'parser': start
[02:47:21.684] [bmv2] [D] [thread 160791] [43.0] [cxt 0] Parser 'parser' entering state 'start'
[02:47:21.684] [bmv2] [D] [thread 160791] [43.0] [cxt 0] Extracting header 'ethernet'
[02:47:21.684] [bmv2] [D] [thread 160791] [43.0] [cxt 0] Parser state 'start': key is 86dd
[02:47:21.684] [bmv2] [T] [thread 160791] [43.0] [cxt 0] Bytes parsed: 14
[02:47:21.684] [bmv2] [D] [thread 160791] [43.0] [cxt 0] Parser 'parser' entering state 'parse_ipv6'
[02:47:21.684] [bmv2] [D] [thread 160791] [43.0] [cxt 0] Extracting header 'ipv6'
[02:47:21.684] [bmv2] [D] [thread 160791] [43.0] [cxt 0] Parser state 'parse_ipv6': key is 11
[02:47:21.684] [bmv2] [T] [thread 160791] [43.0] [cxt 0] Bytes parsed: 54
[02:47:21.684] [bmv2] [D] [thread 160791] [43.0] [cxt 0] Parser 'parser': end
[02:47:21.684] [bmv2] [D] [thread 160791] [43.0] [cxt 0] Pipeline 'ingress': start
[02:47:21.684] [bmv2] [T] [thread 160791] [43.0] [cxt 0] basic.p4(565) Condition "hdr.ethernet.etherType == TYPE_ARP" (node_2) is false
[02:47:21.684] [bmv2] [T] [thread 160791] [43.0] [cxt 0] basic.p4(568) Condition "hdr.ethernet.etherType == TYPE_SRCROUTING" (node_4) is false
[02:47:21.684] [bmv2] [T] [thread 160791] [43.0] [cxt 0] basic.p4(581) Condition "hdr.ethernet.etherType == TYPE_YEQUDESU" (node_12) is false
[02:47:21.684] [bmv2] [T] [thread 160791] [43.0] [cxt 0] basic.p4(587) Condition "hdr.vxlan.isValid()" (node_15) is false
[02:47:21.684] [bmv2] [T] [thread 160791] [43.0] [cxt 0] basic.p4(591) Condition "hdr.ipv6.isValid()" (node_17) is true
[02:47:21.684] [bmv2] [T] [thread 160791] [43.0] [cxt 0] Applying table 'MyIngress.ipv6_lpm'
[02:47:21.684] [bmv2] [D] [thread 160791] [43.0] [cxt 0] Looking up key:
* hdr.ipv6.dstAddr    : ff0200000000000000000000000000fb

[02:47:21.684] [bmv2] [D] [thread 160791] [43.0] [cxt 0] Table 'MyIngress.ipv6_lpm': miss
[02:47:21.684] [bmv2] [D] [thread 160791] [43.0] [cxt 0] Action entry is NoAction - 
[02:47:21.684] [bmv2] [T] [thread 160791] [43.0] [cxt 0] Action NoAction
[02:47:21.684] [bmv2] [D] [thread 160791] [43.0] [cxt 0] Pipeline 'ingress': end
[02:47:21.684] [bmv2] [D] [thread 160791] [43.0] [cxt 0] Egress port is 0
[02:47:21.684] [bmv2] [D] [thread 160793] [42.0] [cxt 0] Pipeline 'egress': start
[02:47:21.684] [bmv2] [T] [thread 160793] [42.0] [cxt 0] Applying table 'MyEgress.egress_encap_ipv6'
[02:47:21.684] [bmv2] [D] [thread 160793] [42.0] [cxt 0] Looking up key:
* standard_metadata.egress_port: 0000

[02:47:21.684] [bmv2] [D] [thread 160793] [42.0] [cxt 0] Table 'MyEgress.egress_encap_ipv6': miss
[02:47:21.684] [bmv2] [D] [thread 160793] [42.0] [cxt 0] Action entry is NoAction - 
[02:47:21.684] [bmv2] [T] [thread 160793] [42.0] [cxt 0] Action NoAction
[02:47:21.684] [bmv2] [T] [thread 160793] [42.0] [cxt 0] Applying table 'MyEgress.egress_encap_yequdesu'
[02:47:21.684] [bmv2] [D] [thread 160793] [42.0] [cxt 0] Looking up key:
* standard_metadata.egress_port: 0000

[02:47:21.684] [bmv2] [D] [thread 160793] [42.0] [cxt 0] Table 'MyEgress.egress_encap_yequdesu': miss
[02:47:21.684] [bmv2] [D] [thread 160793] [42.0] [cxt 0] Action entry is NoAction - 
[02:47:21.684] [bmv2] [T] [thread 160793] [42.0] [cxt 0] Action NoAction
[02:47:21.684] [bmv2] [T] [thread 160793] [42.0] [cxt 0] Applying table 'MyEgress.egress_encap_vxlan'
[02:47:21.684] [bmv2] [D] [thread 160793] [42.0] [cxt 0] Looking up key:
* standard_metadata.egress_port: 0000

[02:47:21.684] [bmv2] [D] [thread 160793] [42.0] [cxt 0] Table 'MyEgress.egress_encap_vxlan': miss
[02:47:21.684] [bmv2] [D] [thread 160793] [42.0] [cxt 0] Action entry is NoAction - 
[02:47:21.684] [bmv2] [T] [thread 160793] [42.0] [cxt 0] Action NoAction
[02:47:21.684] [bmv2] [D] [thread 160793] [42.0] [cxt 0] Pipeline 'egress': end
[02:47:21.684] [bmv2] [D] [thread 160793] [42.0] [cxt 0] Deparser 'deparser': start
[02:47:21.684] [bmv2] [T] [thread 160793] [42.0] [cxt 0] Skipping checksum 'cksum' update because condition not met
[02:47:21.684] [bmv2] [D] [thread 160793] [42.0] [cxt 0] Deparsing header 'ethernet'
[02:47:21.684] [bmv2] [D] [thread 160793] [42.0] [cxt 0] Deparsing header 'ipv6'
[02:47:21.684] [bmv2] [D] [thread 160793] [42.0] [cxt 0] Deparser 'deparser': end
[02:47:21.684] [bmv2] [D] [thread 160793] [43.0] [cxt 0] Pipeline 'egress': start
[02:47:21.684] [bmv2] [T] [thread 160793] [43.0] [cxt 0] Applying table 'MyEgress.egress_encap_ipv6'
[02:47:21.684] [bmv2] [D] [thread 160793] [43.0] [cxt 0] Looking up key:
* standard_metadata.egress_port: 0000

[02:47:21.684] [bmv2] [D] [thread 160793] [43.0] [cxt 0] Table 'MyEgress.egress_encap_ipv6': miss
[02:47:21.684] [bmv2] [D] [thread 160793] [43.0] [cxt 0] Action entry is NoAction - 
[02:47:21.684] [bmv2] [T] [thread 160793] [43.0] [cxt 0] Action NoAction
[02:47:21.684] [bmv2] [T] [thread 160793] [43.0] [cxt 0] Applying table 'MyEgress.egress_encap_yequdesu'
[02:47:21.684] [bmv2] [D] [thread 160793] [43.0] [cxt 0] Looking up key:
* standard_metadata.egress_port: 0000

[02:47:21.684] [bmv2] [D] [thread 160793] [43.0] [cxt 0] Table 'MyEgress.egress_encap_yequdesu': miss
[02:47:21.684] [bmv2] [D] [thread 160793] [43.0] [cxt 0] Action entry is NoAction - 
[02:47:21.684] [bmv2] [T] [thread 160793] [43.0] [cxt 0] Action NoAction
[02:47:21.684] [bmv2] [T] [thread 160793] [43.0] [cxt 0] Applying table 'MyEgress.egress_encap_vxlan'
[02:47:21.684] [bmv2] [D] [thread 160793] [43.0] [cxt 0] Looking up key:
* standard_metadata.egress_port: 0000

[02:47:21.684] [bmv2] [D] [thread 160793] [43.0] [cxt 0] Table 'MyEgress.egress_encap_vxlan': miss
[02:47:21.684] [bmv2] [D] [thread 160793] [43.0] [cxt 0] Action entry is NoAction - 
[02:47:21.684] [bmv2] [T] [thread 160793] [43.0] [cxt 0] Action NoAction
[02:47:21.684] [bmv2] [D] [thread 160793] [43.0] [cxt 0] Pipeline 'egress': end
[02:47:21.684] [bmv2] [D] [thread 160793] [43.0] [cxt 0] Deparser 'deparser': start
[02:47:21.684] [bmv2] [T] [thread 160793] [43.0] [cxt 0] Skipping checksum 'cksum' update because condition not met
[02:47:21.684] [bmv2] [D] [thread 160793] [43.0] [cxt 0] Deparsing header 'ethernet'
[02:47:21.684] [bmv2] [D] [thread 160793] [43.0] [cxt 0] Deparsing header 'ipv6'
[02:47:21.684] [bmv2] [D] [thread 160793] [43.0] [cxt 0] Deparser 'deparser': end
[02:47:21.684] [bmv2] [D] [thread 160797] [42.0] [cxt 0] Transmitting packet of size 203 out of port 0
[02:47:21.684] [bmv2] [D] [thread 160797] [43.0] [cxt 0] Transmitting packet of size 203 out of port 0
[02:47:23.918] [bmv2] [D] [thread 160791] [44.0] [cxt 0] Processing packet received on port 2
[02:47:23.918] [bmv2] [D] [thread 160791] [44.0] [cxt 0] Parser 'parser': start
[02:47:23.918] [bmv2] [D] [thread 160791] [44.0] [cxt 0] Parser 'parser' entering state 'start'
[02:47:23.918] [bmv2] [D] [thread 160791] [44.0] [cxt 0] Extracting header 'ethernet'
[02:47:23.918] [bmv2] [D] [thread 160791] [44.0] [cxt 0] Parser state 'start': key is 86dd
[02:47:23.918] [bmv2] [T] [thread 160791] [44.0] [cxt 0] Bytes parsed: 14
[02:47:23.918] [bmv2] [D] [thread 160791] [44.0] [cxt 0] Parser 'parser' entering state 'parse_ipv6'
[02:47:23.918] [bmv2] [D] [thread 160791] [44.0] [cxt 0] Extracting header 'ipv6'
[02:47:23.918] [bmv2] [D] [thread 160791] [44.0] [cxt 0] Parser state 'parse_ipv6': key is 3a
[02:47:23.918] [bmv2] [T] [thread 160791] [44.0] [cxt 0] Bytes parsed: 54
[02:47:23.918] [bmv2] [D] [thread 160791] [44.0] [cxt 0] Parser 'parser': end
[02:47:23.918] [bmv2] [D] [thread 160791] [44.0] [cxt 0] Pipeline 'ingress': start
[02:47:23.918] [bmv2] [T] [thread 160791] [44.0] [cxt 0] basic.p4(565) Condition "hdr.ethernet.etherType == TYPE_ARP" (node_2) is false
[02:47:23.918] [bmv2] [T] [thread 160791] [44.0] [cxt 0] basic.p4(568) Condition "hdr.ethernet.etherType == TYPE_SRCROUTING" (node_4) is false
[02:47:23.918] [bmv2] [T] [thread 160791] [44.0] [cxt 0] basic.p4(581) Condition "hdr.ethernet.etherType == TYPE_YEQUDESU" (node_12) is false
[02:47:23.918] [bmv2] [T] [thread 160791] [44.0] [cxt 0] basic.p4(587) Condition "hdr.vxlan.isValid()" (node_15) is false
[02:47:23.918] [bmv2] [T] [thread 160791] [44.0] [cxt 0] basic.p4(591) Condition "hdr.ipv6.isValid()" (node_17) is true
[02:47:23.918] [bmv2] [T] [thread 160791] [44.0] [cxt 0] Applying table 'MyIngress.ipv6_lpm'
[02:47:23.918] [bmv2] [D] [thread 160791] [44.0] [cxt 0] Looking up key:
* hdr.ipv6.dstAddr    : ff020000000000000000000000000002

[02:47:23.918] [bmv2] [D] [thread 160791] [44.0] [cxt 0] Table 'MyIngress.ipv6_lpm': miss
[02:47:23.918] [bmv2] [D] [thread 160791] [44.0] [cxt 0] Action entry is NoAction - 
[02:47:23.918] [bmv2] [T] [thread 160791] [44.0] [cxt 0] Action NoAction
[02:47:23.918] [bmv2] [D] [thread 160791] [44.0] [cxt 0] Pipeline 'ingress': end
[02:47:23.918] [bmv2] [D] [thread 160791] [44.0] [cxt 0] Egress port is 0
[02:47:23.918] [bmv2] [D] [thread 160793] [44.0] [cxt 0] Pipeline 'egress': start
[02:47:23.918] [bmv2] [T] [thread 160793] [44.0] [cxt 0] Applying table 'MyEgress.egress_encap_ipv6'
[02:47:23.919] [bmv2] [D] [thread 160793] [44.0] [cxt 0] Looking up key:
* standard_metadata.egress_port: 0000

[02:47:23.919] [bmv2] [D] [thread 160793] [44.0] [cxt 0] Table 'MyEgress.egress_encap_ipv6': miss
[02:47:23.919] [bmv2] [D] [thread 160793] [44.0] [cxt 0] Action entry is NoAction - 
[02:47:23.919] [bmv2] [T] [thread 160793] [44.0] [cxt 0] Action NoAction
[02:47:23.919] [bmv2] [T] [thread 160793] [44.0] [cxt 0] Applying table 'MyEgress.egress_encap_yequdesu'
[02:47:23.919] [bmv2] [D] [thread 160793] [44.0] [cxt 0] Looking up key:
* standard_metadata.egress_port: 0000

[02:47:23.919] [bmv2] [D] [thread 160793] [44.0] [cxt 0] Table 'MyEgress.egress_encap_yequdesu': miss
[02:47:23.919] [bmv2] [D] [thread 160793] [44.0] [cxt 0] Action entry is NoAction - 
[02:47:23.919] [bmv2] [T] [thread 160793] [44.0] [cxt 0] Action NoAction
[02:47:23.919] [bmv2] [T] [thread 160793] [44.0] [cxt 0] Applying table 'MyEgress.egress_encap_vxlan'
[02:47:23.919] [bmv2] [D] [thread 160793] [44.0] [cxt 0] Looking up key:
* standard_metadata.egress_port: 0000

[02:47:23.919] [bmv2] [D] [thread 160793] [44.0] [cxt 0] Table 'MyEgress.egress_encap_vxlan': miss
[02:47:23.919] [bmv2] [D] [thread 160793] [44.0] [cxt 0] Action entry is NoAction - 
[02:47:23.919] [bmv2] [T] [thread 160793] [44.0] [cxt 0] Action NoAction
[02:47:23.919] [bmv2] [D] [thread 160793] [44.0] [cxt 0] Pipeline 'egress': end
[02:47:23.919] [bmv2] [D] [thread 160793] [44.0] [cxt 0] Deparser 'deparser': start
[02:47:23.919] [bmv2] [T] [thread 160793] [44.0] [cxt 0] Skipping checksum 'cksum' update because condition not met
[02:47:23.919] [bmv2] [D] [thread 160793] [44.0] [cxt 0] Deparsing header 'ethernet'
[02:47:23.919] [bmv2] [D] [thread 160793] [44.0] [cxt 0] Deparsing header 'ipv6'
[02:47:23.919] [bmv2] [D] [thread 160793] [44.0] [cxt 0] Deparser 'deparser': end
[02:47:23.919] [bmv2] [D] [thread 160797] [44.0] [cxt 0] Transmitting packet of size 70 out of port 0
[02:47:28.014] [bmv2] [D] [thread 160791] [45.0] [cxt 0] Processing packet received on port 1
[02:47:28.014] [bmv2] [D] [thread 160791] [45.0] [cxt 0] Parser 'parser': start
[02:47:28.014] [bmv2] [D] [thread 160791] [45.0] [cxt 0] Parser 'parser' entering state 'start'
[02:47:28.014] [bmv2] [D] [thread 160791] [45.0] [cxt 0] Extracting header 'ethernet'
[02:47:28.014] [bmv2] [D] [thread 160791] [45.0] [cxt 0] Parser state 'start': key is 86dd
[02:47:28.014] [bmv2] [T] [thread 160791] [45.0] [cxt 0] Bytes parsed: 14
[02:47:28.014] [bmv2] [D] [thread 160791] [45.0] [cxt 0] Parser 'parser' entering state 'parse_ipv6'
[02:47:28.014] [bmv2] [D] [thread 160791] [45.0] [cxt 0] Extracting header 'ipv6'
[02:47:28.014] [bmv2] [D] [thread 160791] [45.0] [cxt 0] Parser state 'parse_ipv6': key is 3a
[02:47:28.014] [bmv2] [T] [thread 160791] [45.0] [cxt 0] Bytes parsed: 54
[02:47:28.014] [bmv2] [D] [thread 160791] [45.0] [cxt 0] Parser 'parser': end
[02:47:28.014] [bmv2] [D] [thread 160791] [45.0] [cxt 0] Pipeline 'ingress': start
[02:47:28.014] [bmv2] [T] [thread 160791] [45.0] [cxt 0] basic.p4(565) Condition "hdr.ethernet.etherType == TYPE_ARP" (node_2) is false
[02:47:28.014] [bmv2] [T] [thread 160791] [45.0] [cxt 0] basic.p4(568) Condition "hdr.ethernet.etherType == TYPE_SRCROUTING" (node_4) is false
[02:47:28.014] [bmv2] [T] [thread 160791] [45.0] [cxt 0] basic.p4(581) Condition "hdr.ethernet.etherType == TYPE_YEQUDESU" (node_12) is false
[02:47:28.014] [bmv2] [T] [thread 160791] [45.0] [cxt 0] basic.p4(587) Condition "hdr.vxlan.isValid()" (node_15) is false
[02:47:28.014] [bmv2] [T] [thread 160791] [45.0] [cxt 0] basic.p4(591) Condition "hdr.ipv6.isValid()" (node_17) is true
[02:47:28.014] [bmv2] [T] [thread 160791] [45.0] [cxt 0] Applying table 'MyIngress.ipv6_lpm'
[02:47:28.014] [bmv2] [D] [thread 160791] [45.0] [cxt 0] Looking up key:
* hdr.ipv6.dstAddr    : ff020000000000000000000000000002

[02:47:28.014] [bmv2] [D] [thread 160791] [45.0] [cxt 0] Table 'MyIngress.ipv6_lpm': miss
[02:47:28.014] [bmv2] [D] [thread 160791] [45.0] [cxt 0] Action entry is NoAction - 
[02:47:28.014] [bmv2] [T] [thread 160791] [45.0] [cxt 0] Action NoAction
[02:47:28.014] [bmv2] [D] [thread 160791] [45.0] [cxt 0] Pipeline 'ingress': end
[02:47:28.014] [bmv2] [D] [thread 160791] [45.0] [cxt 0] Egress port is 0
[02:47:28.014] [bmv2] [D] [thread 160791] [46.0] [cxt 0] Processing packet received on port 1
[02:47:28.014] [bmv2] [D] [thread 160791] [46.0] [cxt 0] Parser 'parser': start
[02:47:28.014] [bmv2] [D] [thread 160791] [46.0] [cxt 0] Parser 'parser' entering state 'start'
[02:47:28.014] [bmv2] [D] [thread 160791] [46.0] [cxt 0] Extracting header 'ethernet'
[02:47:28.014] [bmv2] [D] [thread 160791] [46.0] [cxt 0] Parser state 'start': key is 86dd
[02:47:28.014] [bmv2] [T] [thread 160791] [46.0] [cxt 0] Bytes parsed: 14
[02:47:28.014] [bmv2] [D] [thread 160791] [46.0] [cxt 0] Parser 'parser' entering state 'parse_ipv6'
[02:47:28.015] [bmv2] [D] [thread 160791] [46.0] [cxt 0] Extracting header 'ipv6'
[02:47:28.015] [bmv2] [D] [thread 160791] [46.0] [cxt 0] Parser state 'parse_ipv6': key is 3a
[02:47:28.015] [bmv2] [T] [thread 160791] [46.0] [cxt 0] Bytes parsed: 54
[02:47:28.015] [bmv2] [D] [thread 160791] [46.0] [cxt 0] Parser 'parser': end
[02:47:28.015] [bmv2] [D] [thread 160791] [46.0] [cxt 0] Pipeline 'ingress': start
[02:47:28.015] [bmv2] [T] [thread 160791] [46.0] [cxt 0] basic.p4(565) Condition "hdr.ethernet.etherType == TYPE_ARP" (node_2) is false
[02:47:28.015] [bmv2] [T] [thread 160791] [46.0] [cxt 0] basic.p4(568) Condition "hdr.ethernet.etherType == TYPE_SRCROUTING" (node_4) is false
[02:47:28.015] [bmv2] [T] [thread 160791] [46.0] [cxt 0] basic.p4(581) Condition "hdr.ethernet.etherType == TYPE_YEQUDESU" (node_12) is false
[02:47:28.015] [bmv2] [T] [thread 160791] [46.0] [cxt 0] basic.p4(587) Condition "hdr.vxlan.isValid()" (node_15) is false
[02:47:28.015] [bmv2] [T] [thread 160791] [46.0] [cxt 0] basic.p4(591) Condition "hdr.ipv6.isValid()" (node_17) is true
[02:47:28.015] [bmv2] [T] [thread 160791] [46.0] [cxt 0] Applying table 'MyIngress.ipv6_lpm'
[02:47:28.015] [bmv2] [D] [thread 160791] [46.0] [cxt 0] Looking up key:
* hdr.ipv6.dstAddr    : ff020000000000000000000000000002

[02:47:28.015] [bmv2] [D] [thread 160791] [46.0] [cxt 0] Table 'MyIngress.ipv6_lpm': miss
[02:47:28.015] [bmv2] [D] [thread 160791] [46.0] [cxt 0] Action entry is NoAction - 
[02:47:28.015] [bmv2] [T] [thread 160791] [46.0] [cxt 0] Action NoAction
[02:47:28.015] [bmv2] [D] [thread 160791] [46.0] [cxt 0] Pipeline 'ingress': end
[02:47:28.015] [bmv2] [D] [thread 160791] [46.0] [cxt 0] Egress port is 0
[02:47:28.015] [bmv2] [D] [thread 160793] [45.0] [cxt 0] Pipeline 'egress': start
[02:47:28.015] [bmv2] [T] [thread 160793] [45.0] [cxt 0] Applying table 'MyEgress.egress_encap_ipv6'
[02:47:28.015] [bmv2] [D] [thread 160793] [45.0] [cxt 0] Looking up key:
* standard_metadata.egress_port: 0000

[02:47:28.015] [bmv2] [D] [thread 160793] [45.0] [cxt 0] Table 'MyEgress.egress_encap_ipv6': miss
[02:47:28.015] [bmv2] [D] [thread 160793] [45.0] [cxt 0] Action entry is NoAction - 
[02:47:28.015] [bmv2] [T] [thread 160793] [45.0] [cxt 0] Action NoAction
[02:47:28.015] [bmv2] [T] [thread 160793] [45.0] [cxt 0] Applying table 'MyEgress.egress_encap_yequdesu'
[02:47:28.015] [bmv2] [D] [thread 160793] [45.0] [cxt 0] Looking up key:
* standard_metadata.egress_port: 0000

[02:47:28.015] [bmv2] [D] [thread 160793] [45.0] [cxt 0] Table 'MyEgress.egress_encap_yequdesu': miss
[02:47:28.015] [bmv2] [D] [thread 160793] [45.0] [cxt 0] Action entry is NoAction - 
[02:47:28.015] [bmv2] [T] [thread 160793] [45.0] [cxt 0] Action NoAction
[02:47:28.015] [bmv2] [T] [thread 160793] [45.0] [cxt 0] Applying table 'MyEgress.egress_encap_vxlan'
[02:47:28.015] [bmv2] [D] [thread 160793] [45.0] [cxt 0] Looking up key:
* standard_metadata.egress_port: 0000

[02:47:28.015] [bmv2] [D] [thread 160793] [45.0] [cxt 0] Table 'MyEgress.egress_encap_vxlan': miss
[02:47:28.015] [bmv2] [D] [thread 160793] [45.0] [cxt 0] Action entry is NoAction - 
[02:47:28.015] [bmv2] [T] [thread 160793] [45.0] [cxt 0] Action NoAction
[02:47:28.015] [bmv2] [D] [thread 160793] [45.0] [cxt 0] Pipeline 'egress': end
[02:47:28.015] [bmv2] [D] [thread 160793] [45.0] [cxt 0] Deparser 'deparser': start
[02:47:28.015] [bmv2] [T] [thread 160793] [45.0] [cxt 0] Skipping checksum 'cksum' update because condition not met
[02:47:28.015] [bmv2] [D] [thread 160793] [45.0] [cxt 0] Deparsing header 'ethernet'
[02:47:28.015] [bmv2] [D] [thread 160793] [45.0] [cxt 0] Deparsing header 'ipv6'
[02:47:28.015] [bmv2] [D] [thread 160793] [45.0] [cxt 0] Deparser 'deparser': end
[02:47:28.015] [bmv2] [D] [thread 160793] [46.0] [cxt 0] Pipeline 'egress': start
[02:47:28.015] [bmv2] [T] [thread 160793] [46.0] [cxt 0] Applying table 'MyEgress.egress_encap_ipv6'
[02:47:28.015] [bmv2] [D] [thread 160793] [46.0] [cxt 0] Looking up key:
* standard_metadata.egress_port: 0000

[02:47:28.015] [bmv2] [D] [thread 160793] [46.0] [cxt 0] Table 'MyEgress.egress_encap_ipv6': miss
[02:47:28.015] [bmv2] [D] [thread 160793] [46.0] [cxt 0] Action entry is NoAction - 
[02:47:28.015] [bmv2] [T] [thread 160793] [46.0] [cxt 0] Action NoAction
[02:47:28.015] [bmv2] [T] [thread 160793] [46.0] [cxt 0] Applying table 'MyEgress.egress_encap_yequdesu'
[02:47:28.015] [bmv2] [D] [thread 160793] [46.0] [cxt 0] Looking up key:
* standard_metadata.egress_port: 0000

[02:47:28.015] [bmv2] [D] [thread 160793] [46.0] [cxt 0] Table 'MyEgress.egress_encap_yequdesu': miss
[02:47:28.015] [bmv2] [D] [thread 160793] [46.0] [cxt 0] Action entry is NoAction - 
[02:47:28.015] [bmv2] [T] [thread 160793] [46.0] [cxt 0] Action NoAction
[02:47:28.015] [bmv2] [T] [thread 160793] [46.0] [cxt 0] Applying table 'MyEgress.egress_encap_vxlan'
[02:47:28.015] [bmv2] [D] [thread 160797] [45.0] [cxt 0] Transmitting packet of size 70 out of port 0
[02:47:28.015] [bmv2] [D] [thread 160793] [46.0] [cxt 0] Looking up key:
* standard_metadata.egress_port: 0000

[02:47:28.015] [bmv2] [D] [thread 160793] [46.0] [cxt 0] Table 'MyEgress.egress_encap_vxlan': miss
[02:47:28.015] [bmv2] [D] [thread 160793] [46.0] [cxt 0] Action entry is NoAction - 
[02:47:28.015] [bmv2] [T] [thread 160793] [46.0] [cxt 0] Action NoAction
[02:47:28.015] [bmv2] [D] [thread 160793] [46.0] [cxt 0] Pipeline 'egress': end
[02:47:28.015] [bmv2] [D] [thread 160793] [46.0] [cxt 0] Deparser 'deparser': start
[02:47:28.015] [bmv2] [T] [thread 160793] [46.0] [cxt 0] Skipping checksum 'cksum' update because condition not met
[02:47:28.015] [bmv2] [D] [thread 160793] [46.0] [cxt 0] Deparsing header 'ethernet'
[02:47:28.015] [bmv2] [D] [thread 160793] [46.0] [cxt 0] Deparsing header 'ipv6'
[02:47:28.015] [bmv2] [D] [thread 160793] [46.0] [cxt 0] Deparser 'deparser': end
[02:47:28.016] [bmv2] [D] [thread 160797] [46.0] [cxt 0] Transmitting packet of size 70 out of port 0
open: No such file or directory
open: No such file or directory
open: No such file or directory
open: No such file or directory
