Calling target program-options parser
[02:45:16.658] [bmv2] [D] [thread 160856] Set default default entry for table 'MyIngress.arp_match': MyIngress.drop - 
[02:45:16.658] [bmv2] [D] [thread 160856] Set default default entry for table 'tbl_srcRoute_finish': MyIngress.srcRoute_finish - 
[02:45:16.658] [bmv2] [D] [thread 160856] Set default default entry for table 'MyIngress.ipv4_lpm_src': NoAction - 
[02:45:16.658] [bmv2] [D] [thread 160856] Set default default entry for table 'tbl_srcRoute_nhop': MyIngress.srcRoute_nhop - 
[02:45:16.658] [bmv2] [D] [thread 160856] Set default default entry for table 'tbl_update_ttl': MyIngress.update_ttl - 
[02:45:16.658] [bmv2] [D] [thread 160856] Set default default entry for table 'MyIngress.yequdesu_exact': MyIngress.drop - 
[02:45:16.658] [bmv2] [D] [thread 160856] Set default default entry for table 'MyIngress.vxlan_decap_exact': MyIngress.drop - 
[02:45:16.658] [bmv2] [D] [thread 160856] Set default default entry for table 'MyIngress.ipv6_lpm': NoAction - 
[02:45:16.658] [bmv2] [D] [thread 160856] Set default default entry for table 'MyIngress.vxlan_lpm': NoAction - 
[02:45:16.658] [bmv2] [D] [thread 160856] Set default default entry for table 'MyIngress.modality_schedule': NoAction - 
[02:45:16.658] [bmv2] [D] [thread 160856] Set default default entry for table 'MyIngress.adjudication': NoAction - 
[02:45:16.658] [bmv2] [D] [thread 160856] Set default default entry for table 'MyIngress.ipv4_lpm': NoAction - 
[02:45:16.658] [bmv2] [D] [thread 160856] Set default default entry for table 'MyEgress.egress_encap_ipv6': NoAction - 
[02:45:16.658] [bmv2] [D] [thread 160856] Set default default entry for table 'MyEgress.egress_encap_yequdesu': NoAction - 
[02:45:16.658] [bmv2] [D] [thread 160856] Set default default entry for table 'MyEgress.egress_encap_vxlan': NoAction - 
Adding interface s31-eth1 as port 1
[02:45:16.663] [bmv2] [D] [thread 160856] Adding interface s31-eth1 as port 1
Adding interface s31-eth2 as port 2
[02:45:16.688] [bmv2] [D] [thread 160856] Adding interface s31-eth2 as port 2
Server listening on 0.0.0.0:50057
[02:45:16.708] [bmv2] [I] [thread 160856] Starting Thrift server on port 9096
[02:45:16.709] [bmv2] [I] [thread 160856] Thrift server was started
[02:45:16.775] [bmv2] [D] [thread 160877] [0.0] [cxt 0] Processing packet received on port 2
[02:45:16.775] [bmv2] [D] [thread 160877] [0.0] [cxt 0] Parser 'parser': start
[02:45:16.775] [bmv2] [D] [thread 160877] [0.0] [cxt 0] Parser 'parser' entering state 'start'
[02:45:16.775] [bmv2] [D] [thread 160877] [0.0] [cxt 0] Extracting header 'ethernet'
[02:45:16.775] [bmv2] [D] [thread 160877] [0.0] [cxt 0] Parser state 'start': key is 86dd
[02:45:16.775] [bmv2] [T] [thread 160877] [0.0] [cxt 0] Bytes parsed: 14
[02:45:16.775] [bmv2] [D] [thread 160877] [0.0] [cxt 0] Parser 'parser' entering state 'parse_ipv6'
[02:45:16.775] [bmv2] [D] [thread 160877] [0.0] [cxt 0] Extracting header 'ipv6'
[02:45:16.775] [bmv2] [D] [thread 160877] [0.0] [cxt 0] Parser state 'parse_ipv6': key is 11
[02:45:16.775] [bmv2] [T] [thread 160877] [0.0] [cxt 0] Bytes parsed: 54
[02:45:16.775] [bmv2] [D] [thread 160877] [0.0] [cxt 0] Parser 'parser': end
[02:45:16.775] [bmv2] [D] [thread 160877] [0.0] [cxt 0] Pipeline 'ingress': start
[02:45:16.775] [bmv2] [T] [thread 160877] [0.0] [cxt 0] basic.p4(565) Condition "hdr.ethernet.etherType == TYPE_ARP" (node_2) is false
[02:45:16.775] [bmv2] [T] [thread 160877] [0.0] [cxt 0] basic.p4(568) Condition "hdr.ethernet.etherType == TYPE_SRCROUTING" (node_4) is false
[02:45:16.775] [bmv2] [T] [thread 160877] [0.0] [cxt 0] basic.p4(581) Condition "hdr.ethernet.etherType == TYPE_YEQUDESU" (node_12) is false
[02:45:16.775] [bmv2] [T] [thread 160877] [0.0] [cxt 0] basic.p4(587) Condition "hdr.vxlan.isValid()" (node_15) is false
[02:45:16.775] [bmv2] [T] [thread 160877] [0.0] [cxt 0] basic.p4(591) Condition "hdr.ipv6.isValid()" (node_17) is true
[02:45:16.775] [bmv2] [T] [thread 160877] [0.0] [cxt 0] Applying table 'MyIngress.ipv6_lpm'
[02:45:16.775] [bmv2] [D] [thread 160877] [0.0] [cxt 0] Looking up key:
* hdr.ipv6.dstAddr    : ff0200000000000000000000000000fb

[02:45:16.775] [bmv2] [D] [thread 160877] [0.0] [cxt 0] Table 'MyIngress.ipv6_lpm': miss
[02:45:16.775] [bmv2] [D] [thread 160877] [0.0] [cxt 0] Action entry is NoAction - 
[02:45:16.775] [bmv2] [T] [thread 160877] [0.0] [cxt 0] Action NoAction
[02:45:16.775] [bmv2] [D] [thread 160877] [0.0] [cxt 0] Pipeline 'ingress': end
[02:45:16.775] [bmv2] [D] [thread 160877] [0.0] [cxt 0] Egress port is 0
[02:45:16.775] [bmv2] [D] [thread 160878] [0.0] [cxt 0] Pipeline 'egress': start
[02:45:16.775] [bmv2] [T] [thread 160878] [0.0] [cxt 0] Applying table 'MyEgress.egress_encap_ipv6'
[02:45:16.775] [bmv2] [D] [thread 160878] [0.0] [cxt 0] Looking up key:
* standard_metadata.egress_port: 0000

[02:45:16.775] [bmv2] [D] [thread 160878] [0.0] [cxt 0] Table 'MyEgress.egress_encap_ipv6': miss
[02:45:16.775] [bmv2] [D] [thread 160878] [0.0] [cxt 0] Action entry is NoAction - 
[02:45:16.775] [bmv2] [T] [thread 160878] [0.0] [cxt 0] Action NoAction
[02:45:16.775] [bmv2] [T] [thread 160878] [0.0] [cxt 0] Applying table 'MyEgress.egress_encap_yequdesu'
[02:45:16.775] [bmv2] [D] [thread 160878] [0.0] [cxt 0] Looking up key:
* standard_metadata.egress_port: 0000

[02:45:16.775] [bmv2] [D] [thread 160878] [0.0] [cxt 0] Table 'MyEgress.egress_encap_yequdesu': miss
[02:45:16.775] [bmv2] [D] [thread 160878] [0.0] [cxt 0] Action entry is NoAction - 
[02:45:16.775] [bmv2] [T] [thread 160878] [0.0] [cxt 0] Action NoAction
[02:45:16.775] [bmv2] [T] [thread 160878] [0.0] [cxt 0] Applying table 'MyEgress.egress_encap_vxlan'
[02:45:16.775] [bmv2] [D] [thread 160878] [0.0] [cxt 0] Looking up key:
* standard_metadata.egress_port: 0000

[02:45:16.775] [bmv2] [D] [thread 160878] [0.0] [cxt 0] Table 'MyEgress.egress_encap_vxlan': miss
[02:45:16.775] [bmv2] [D] [thread 160878] [0.0] [cxt 0] Action entry is NoAction - 
[02:45:16.775] [bmv2] [T] [thread 160878] [0.0] [cxt 0] Action NoAction
[02:45:16.775] [bmv2] [D] [thread 160878] [0.0] [cxt 0] Pipeline 'egress': end
[02:45:16.775] [bmv2] [D] [thread 160878] [0.0] [cxt 0] Deparser 'deparser': start
[02:45:16.775] [bmv2] [T] [thread 160878] [0.0] [cxt 0] Skipping checksum 'cksum' update because condition not met
[02:45:16.775] [bmv2] [D] [thread 160878] [0.0] [cxt 0] Deparsing header 'ethernet'
[02:45:16.775] [bmv2] [D] [thread 160878] [0.0] [cxt 0] Deparsing header 'ipv6'
[02:45:16.775] [bmv2] [D] [thread 160878] [0.0] [cxt 0] Deparser 'deparser': end
[02:45:16.775] [bmv2] [D] [thread 160882] [0.0] [cxt 0] Transmitting packet of size 199 out of port 0
[02:45:17.158] [bmv2] [D] [thread 160877] [1.0] [cxt 0] Processing packet received on port 1
[02:45:17.158] [bmv2] [D] [thread 160877] [1.0] [cxt 0] Parser 'parser': start
[02:45:17.158] [bmv2] [D] [thread 160877] [1.0] [cxt 0] Parser 'parser' entering state 'start'
[02:45:17.158] [bmv2] [D] [thread 160877] [1.0] [cxt 0] Extracting header 'ethernet'
[02:45:17.158] [bmv2] [D] [thread 160877] [1.0] [cxt 0] Parser state 'start': key is 86dd
[02:45:17.158] [bmv2] [T] [thread 160877] [1.0] [cxt 0] Bytes parsed: 14
[02:45:17.158] [bmv2] [D] [thread 160877] [1.0] [cxt 0] Parser 'parser' entering state 'parse_ipv6'
[02:45:17.158] [bmv2] [D] [thread 160877] [1.0] [cxt 0] Extracting header 'ipv6'
[02:45:17.158] [bmv2] [D] [thread 160877] [1.0] [cxt 0] Parser state 'parse_ipv6': key is 11
[02:45:17.158] [bmv2] [T] [thread 160877] [1.0] [cxt 0] Bytes parsed: 54
[02:45:17.158] [bmv2] [D] [thread 160877] [1.0] [cxt 0] Parser 'parser': end
[02:45:17.158] [bmv2] [D] [thread 160877] [1.0] [cxt 0] Pipeline 'ingress': start
[02:45:17.158] [bmv2] [T] [thread 160877] [1.0] [cxt 0] basic.p4(565) Condition "hdr.ethernet.etherType == TYPE_ARP" (node_2) is false
[02:45:17.158] [bmv2] [T] [thread 160877] [1.0] [cxt 0] basic.p4(568) Condition "hdr.ethernet.etherType == TYPE_SRCROUTING" (node_4) is false
[02:45:17.158] [bmv2] [T] [thread 160877] [1.0] [cxt 0] basic.p4(581) Condition "hdr.ethernet.etherType == TYPE_YEQUDESU" (node_12) is false
[02:45:17.158] [bmv2] [T] [thread 160877] [1.0] [cxt 0] basic.p4(587) Condition "hdr.vxlan.isValid()" (node_15) is false
[02:45:17.158] [bmv2] [T] [thread 160877] [1.0] [cxt 0] basic.p4(591) Condition "hdr.ipv6.isValid()" (node_17) is true
[02:45:17.158] [bmv2] [T] [thread 160877] [1.0] [cxt 0] Applying table 'MyIngress.ipv6_lpm'
[02:45:17.158] [bmv2] [D] [thread 160877] [1.0] [cxt 0] Looking up key:
* hdr.ipv6.dstAddr    : ff0200000000000000000000000000fb

[02:45:17.158] [bmv2] [D] [thread 160877] [1.0] [cxt 0] Table 'MyIngress.ipv6_lpm': miss
[02:45:17.158] [bmv2] [D] [thread 160877] [1.0] [cxt 0] Action entry is NoAction - 
[02:45:17.158] [bmv2] [T] [thread 160877] [1.0] [cxt 0] Action NoAction
[02:45:17.158] [bmv2] [D] [thread 160877] [1.0] [cxt 0] Pipeline 'ingress': end
[02:45:17.158] [bmv2] [D] [thread 160877] [1.0] [cxt 0] Egress port is 0
[02:45:17.158] [bmv2] [D] [thread 160878] [1.0] [cxt 0] Pipeline 'egress': start
[02:45:17.158] [bmv2] [T] [thread 160878] [1.0] [cxt 0] Applying table 'MyEgress.egress_encap_ipv6'
[02:45:17.158] [bmv2] [D] [thread 160878] [1.0] [cxt 0] Looking up key:
* standard_metadata.egress_port: 0000

[02:45:17.158] [bmv2] [D] [thread 160878] [1.0] [cxt 0] Table 'MyEgress.egress_encap_ipv6': miss
[02:45:17.158] [bmv2] [D] [thread 160878] [1.0] [cxt 0] Action entry is NoAction - 
[02:45:17.158] [bmv2] [T] [thread 160878] [1.0] [cxt 0] Action NoAction
[02:45:17.158] [bmv2] [T] [thread 160878] [1.0] [cxt 0] Applying table 'MyEgress.egress_encap_yequdesu'
[02:45:17.158] [bmv2] [D] [thread 160878] [1.0] [cxt 0] Looking up key:
* standard_metadata.egress_port: 0000

[02:45:17.158] [bmv2] [D] [thread 160878] [1.0] [cxt 0] Table 'MyEgress.egress_encap_yequdesu': miss
[02:45:17.158] [bmv2] [D] [thread 160878] [1.0] [cxt 0] Action entry is NoAction - 
[02:45:17.158] [bmv2] [T] [thread 160878] [1.0] [cxt 0] Action NoAction
[02:45:17.158] [bmv2] [T] [thread 160878] [1.0] [cxt 0] Applying table 'MyEgress.egress_encap_vxlan'
[02:45:17.158] [bmv2] [D] [thread 160878] [1.0] [cxt 0] Looking up key:
* standard_metadata.egress_port: 0000

[02:45:17.158] [bmv2] [D] [thread 160878] [1.0] [cxt 0] Table 'MyEgress.egress_encap_vxlan': miss
[02:45:17.158] [bmv2] [D] [thread 160878] [1.0] [cxt 0] Action entry is NoAction - 
[02:45:17.158] [bmv2] [T] [thread 160878] [1.0] [cxt 0] Action NoAction
[02:45:17.158] [bmv2] [D] [thread 160878] [1.0] [cxt 0] Pipeline 'egress': end
[02:45:17.158] [bmv2] [D] [thread 160878] [1.0] [cxt 0] Deparser 'deparser': start
[02:45:17.159] [bmv2] [T] [thread 160878] [1.0] [cxt 0] Skipping checksum 'cksum' update because condition not met
[02:45:17.159] [bmv2] [D] [thread 160878] [1.0] [cxt 0] Deparsing header 'ethernet'
[02:45:17.159] [bmv2] [D] [thread 160878] [1.0] [cxt 0] Deparsing header 'ipv6'
[02:45:17.159] [bmv2] [D] [thread 160878] [1.0] [cxt 0] Deparser 'deparser': end
[02:45:17.159] [bmv2] [D] [thread 160882] [1.0] [cxt 0] Transmitting packet of size 199 out of port 0
[02:45:17.224] [bmv2] [D] [thread 160877] [2.0] [cxt 0] Processing packet received on port 2
[02:45:17.224] [bmv2] [D] [thread 160877] [2.0] [cxt 0] Parser 'parser': start
[02:45:17.224] [bmv2] [D] [thread 160877] [2.0] [cxt 0] Parser 'parser' entering state 'start'
[02:45:17.224] [bmv2] [D] [thread 160877] [2.0] [cxt 0] Extracting header 'ethernet'
[02:45:17.225] [bmv2] [D] [thread 160877] [2.0] [cxt 0] Parser state 'start': key is 86dd
[02:45:17.225] [bmv2] [T] [thread 160877] [2.0] [cxt 0] Bytes parsed: 14
[02:45:17.225] [bmv2] [D] [thread 160877] [2.0] [cxt 0] Parser 'parser' entering state 'parse_ipv6'
[02:45:17.225] [bmv2] [D] [thread 160877] [2.0] [cxt 0] Extracting header 'ipv6'
[02:45:17.225] [bmv2] [D] [thread 160877] [2.0] [cxt 0] Parser state 'parse_ipv6': key is 11
[02:45:17.225] [bmv2] [T] [thread 160877] [2.0] [cxt 0] Bytes parsed: 54
[02:45:17.225] [bmv2] [D] [thread 160877] [2.0] [cxt 0] Parser 'parser': end
[02:45:17.225] [bmv2] [D] [thread 160877] [2.0] [cxt 0] Pipeline 'ingress': start
[02:45:17.225] [bmv2] [T] [thread 160877] [2.0] [cxt 0] basic.p4(565) Condition "hdr.ethernet.etherType == TYPE_ARP" (node_2) is false
[02:45:17.225] [bmv2] [T] [thread 160877] [2.0] [cxt 0] basic.p4(568) Condition "hdr.ethernet.etherType == TYPE_SRCROUTING" (node_4) is false
[02:45:17.225] [bmv2] [T] [thread 160877] [2.0] [cxt 0] basic.p4(581) Condition "hdr.ethernet.etherType == TYPE_YEQUDESU" (node_12) is false
[02:45:17.225] [bmv2] [T] [thread 160877] [2.0] [cxt 0] basic.p4(587) Condition "hdr.vxlan.isValid()" (node_15) is false
[02:45:17.225] [bmv2] [T] [thread 160877] [2.0] [cxt 0] basic.p4(591) Condition "hdr.ipv6.isValid()" (node_17) is true
[02:45:17.225] [bmv2] [T] [thread 160877] [2.0] [cxt 0] Applying table 'MyIngress.ipv6_lpm'
[02:45:17.225] [bmv2] [D] [thread 160877] [2.0] [cxt 0] Looking up key:
* hdr.ipv6.dstAddr    : ff0200000000000000000000000000fb

[02:45:17.225] [bmv2] [D] [thread 160877] [2.0] [cxt 0] Table 'MyIngress.ipv6_lpm': miss
[02:45:17.225] [bmv2] [D] [thread 160877] [2.0] [cxt 0] Action entry is NoAction - 
[02:45:17.225] [bmv2] [T] [thread 160877] [2.0] [cxt 0] Action NoAction
[02:45:17.225] [bmv2] [D] [thread 160877] [2.0] [cxt 0] Pipeline 'ingress': end
[02:45:17.225] [bmv2] [D] [thread 160877] [2.0] [cxt 0] Egress port is 0
[02:45:17.225] [bmv2] [D] [thread 160878] [2.0] [cxt 0] Pipeline 'egress': start
[02:45:17.225] [bmv2] [T] [thread 160878] [2.0] [cxt 0] Applying table 'MyEgress.egress_encap_ipv6'
[02:45:17.225] [bmv2] [D] [thread 160878] [2.0] [cxt 0] Looking up key:
* standard_metadata.egress_port: 0000

[02:45:17.225] [bmv2] [D] [thread 160878] [2.0] [cxt 0] Table 'MyEgress.egress_encap_ipv6': miss
[02:45:17.225] [bmv2] [D] [thread 160878] [2.0] [cxt 0] Action entry is NoAction - 
[02:45:17.225] [bmv2] [T] [thread 160878] [2.0] [cxt 0] Action NoAction
[02:45:17.225] [bmv2] [T] [thread 160878] [2.0] [cxt 0] Applying table 'MyEgress.egress_encap_yequdesu'
[02:45:17.225] [bmv2] [D] [thread 160878] [2.0] [cxt 0] Looking up key:
* standard_metadata.egress_port: 0000

[02:45:17.225] [bmv2] [D] [thread 160878] [2.0] [cxt 0] Table 'MyEgress.egress_encap_yequdesu': miss
[02:45:17.225] [bmv2] [D] [thread 160878] [2.0] [cxt 0] Action entry is NoAction - 
[02:45:17.225] [bmv2] [T] [thread 160878] [2.0] [cxt 0] Action NoAction
[02:45:17.225] [bmv2] [T] [thread 160878] [2.0] [cxt 0] Applying table 'MyEgress.egress_encap_vxlan'
[02:45:17.225] [bmv2] [D] [thread 160878] [2.0] [cxt 0] Looking up key:
* standard_metadata.egress_port: 0000

[02:45:17.225] [bmv2] [D] [thread 160878] [2.0] [cxt 0] Table 'MyEgress.egress_encap_vxlan': miss
[02:45:17.225] [bmv2] [D] [thread 160878] [2.0] [cxt 0] Action entry is NoAction - 
[02:45:17.225] [bmv2] [T] [thread 160878] [2.0] [cxt 0] Action NoAction
[02:45:17.225] [bmv2] [D] [thread 160878] [2.0] [cxt 0] Pipeline 'egress': end
[02:45:17.225] [bmv2] [D] [thread 160878] [2.0] [cxt 0] Deparser 'deparser': start
[02:45:17.225] [bmv2] [T] [thread 160878] [2.0] [cxt 0] Skipping checksum 'cksum' update because condition not met
[02:45:17.226] [bmv2] [D] [thread 160878] [2.0] [cxt 0] Deparsing header 'ethernet'
[02:45:17.226] [bmv2] [D] [thread 160878] [2.0] [cxt 0] Deparsing header 'ipv6'
[02:45:17.226] [bmv2] [D] [thread 160878] [2.0] [cxt 0] Deparser 'deparser': end
[02:45:17.226] [bmv2] [D] [thread 160882] [2.0] [cxt 0] Transmitting packet of size 199 out of port 0
[02:45:17.486] [bmv2] [D] [thread 160877] [3.0] [cxt 0] Processing packet received on port 1
[02:45:17.486] [bmv2] [D] [thread 160877] [3.0] [cxt 0] Parser 'parser': start
[02:45:17.486] [bmv2] [D] [thread 160877] [3.0] [cxt 0] Parser 'parser' entering state 'start'
[02:45:17.486] [bmv2] [D] [thread 160877] [3.0] [cxt 0] Extracting header 'ethernet'
[02:45:17.486] [bmv2] [D] [thread 160877] [3.0] [cxt 0] Parser state 'start': key is 86dd
[02:45:17.486] [bmv2] [T] [thread 160877] [3.0] [cxt 0] Bytes parsed: 14
[02:45:17.486] [bmv2] [D] [thread 160877] [3.0] [cxt 0] Parser 'parser' entering state 'parse_ipv6'
[02:45:17.486] [bmv2] [D] [thread 160877] [3.0] [cxt 0] Extracting header 'ipv6'
[02:45:17.486] [bmv2] [D] [thread 160877] [3.0] [cxt 0] Parser state 'parse_ipv6': key is 11
[02:45:17.486] [bmv2] [T] [thread 160877] [3.0] [cxt 0] Bytes parsed: 54
[02:45:17.486] [bmv2] [D] [thread 160877] [3.0] [cxt 0] Parser 'parser': end
[02:45:17.486] [bmv2] [D] [thread 160877] [3.0] [cxt 0] Pipeline 'ingress': start
[02:45:17.486] [bmv2] [T] [thread 160877] [3.0] [cxt 0] basic.p4(565) Condition "hdr.ethernet.etherType == TYPE_ARP" (node_2) is false
[02:45:17.486] [bmv2] [T] [thread 160877] [3.0] [cxt 0] basic.p4(568) Condition "hdr.ethernet.etherType == TYPE_SRCROUTING" (node_4) is false
[02:45:17.486] [bmv2] [T] [thread 160877] [3.0] [cxt 0] basic.p4(581) Condition "hdr.ethernet.etherType == TYPE_YEQUDESU" (node_12) is false
[02:45:17.486] [bmv2] [T] [thread 160877] [3.0] [cxt 0] basic.p4(587) Condition "hdr.vxlan.isValid()" (node_15) is false
[02:45:17.486] [bmv2] [T] [thread 160877] [3.0] [cxt 0] basic.p4(591) Condition "hdr.ipv6.isValid()" (node_17) is true
[02:45:17.486] [bmv2] [T] [thread 160877] [3.0] [cxt 0] Applying table 'MyIngress.ipv6_lpm'
[02:45:17.486] [bmv2] [D] [thread 160877] [3.0] [cxt 0] Looking up key:
* hdr.ipv6.dstAddr    : ff0200000000000000000000000000fb

[02:45:17.486] [bmv2] [D] [thread 160877] [3.0] [cxt 0] Table 'MyIngress.ipv6_lpm': miss
[02:45:17.486] [bmv2] [D] [thread 160877] [3.0] [cxt 0] Action entry is NoAction - 
[02:45:17.486] [bmv2] [T] [thread 160877] [3.0] [cxt 0] Action NoAction
[02:45:17.486] [bmv2] [D] [thread 160877] [3.0] [cxt 0] Pipeline 'ingress': end
[02:45:17.486] [bmv2] [D] [thread 160877] [3.0] [cxt 0] Egress port is 0
[02:45:17.487] [bmv2] [D] [thread 160878] [3.0] [cxt 0] Pipeline 'egress': start
[02:45:17.487] [bmv2] [T] [thread 160878] [3.0] [cxt 0] Applying table 'MyEgress.egress_encap_ipv6'
[02:45:17.487] [bmv2] [D] [thread 160878] [3.0] [cxt 0] Looking up key:
* standard_metadata.egress_port: 0000

[02:45:17.487] [bmv2] [D] [thread 160878] [3.0] [cxt 0] Table 'MyEgress.egress_encap_ipv6': miss
[02:45:17.487] [bmv2] [D] [thread 160878] [3.0] [cxt 0] Action entry is NoAction - 
[02:45:17.487] [bmv2] [T] [thread 160878] [3.0] [cxt 0] Action NoAction
[02:45:17.487] [bmv2] [T] [thread 160878] [3.0] [cxt 0] Applying table 'MyEgress.egress_encap_yequdesu'
[02:45:17.487] [bmv2] [D] [thread 160878] [3.0] [cxt 0] Looking up key:
* standard_metadata.egress_port: 0000

[02:45:17.487] [bmv2] [D] [thread 160878] [3.0] [cxt 0] Table 'MyEgress.egress_encap_yequdesu': miss
[02:45:17.487] [bmv2] [D] [thread 160878] [3.0] [cxt 0] Action entry is NoAction - 
[02:45:17.487] [bmv2] [T] [thread 160878] [3.0] [cxt 0] Action NoAction
[02:45:17.487] [bmv2] [T] [thread 160878] [3.0] [cxt 0] Applying table 'MyEgress.egress_encap_vxlan'
[02:45:17.487] [bmv2] [D] [thread 160878] [3.0] [cxt 0] Looking up key:
* standard_metadata.egress_port: 0000

[02:45:17.487] [bmv2] [D] [thread 160878] [3.0] [cxt 0] Table 'MyEgress.egress_encap_vxlan': miss
[02:45:17.487] [bmv2] [D] [thread 160878] [3.0] [cxt 0] Action entry is NoAction - 
[02:45:17.487] [bmv2] [T] [thread 160878] [3.0] [cxt 0] Action NoAction
[02:45:17.487] [bmv2] [D] [thread 160878] [3.0] [cxt 0] Pipeline 'egress': end
[02:45:17.487] [bmv2] [D] [thread 160878] [3.0] [cxt 0] Deparser 'deparser': start
[02:45:17.487] [bmv2] [T] [thread 160878] [3.0] [cxt 0] Skipping checksum 'cksum' update because condition not met
[02:45:17.487] [bmv2] [D] [thread 160878] [3.0] [cxt 0] Deparsing header 'ethernet'
[02:45:17.487] [bmv2] [D] [thread 160878] [3.0] [cxt 0] Deparsing header 'ipv6'
[02:45:17.487] [bmv2] [D] [thread 160878] [3.0] [cxt 0] Deparser 'deparser': end
[02:45:17.487] [bmv2] [D] [thread 160882] [3.0] [cxt 0] Transmitting packet of size 203 out of port 0
[02:45:17.677] [bmv2] [D] [thread 160877] [4.0] [cxt 0] Processing packet received on port 2
[02:45:17.677] [bmv2] [D] [thread 160877] [4.0] [cxt 0] Parser 'parser': start
[02:45:17.677] [bmv2] [D] [thread 160877] [4.0] [cxt 0] Parser 'parser' entering state 'start'
[02:45:17.677] [bmv2] [D] [thread 160877] [4.0] [cxt 0] Extracting header 'ethernet'
[02:45:17.677] [bmv2] [D] [thread 160877] [4.0] [cxt 0] Parser state 'start': key is 86dd
[02:45:17.677] [bmv2] [T] [thread 160877] [4.0] [cxt 0] Bytes parsed: 14
[02:45:17.677] [bmv2] [D] [thread 160877] [4.0] [cxt 0] Parser 'parser' entering state 'parse_ipv6'
[02:45:17.677] [bmv2] [D] [thread 160877] [4.0] [cxt 0] Extracting header 'ipv6'
[02:45:17.677] [bmv2] [D] [thread 160877] [4.0] [cxt 0] Parser state 'parse_ipv6': key is 11
[02:45:17.677] [bmv2] [T] [thread 160877] [4.0] [cxt 0] Bytes parsed: 54
[02:45:17.677] [bmv2] [D] [thread 160877] [4.0] [cxt 0] Parser 'parser': end
[02:45:17.677] [bmv2] [D] [thread 160877] [4.0] [cxt 0] Pipeline 'ingress': start
[02:45:17.677] [bmv2] [T] [thread 160877] [4.0] [cxt 0] basic.p4(565) Condition "hdr.ethernet.etherType == TYPE_ARP" (node_2) is false
[02:45:17.677] [bmv2] [T] [thread 160877] [4.0] [cxt 0] basic.p4(568) Condition "hdr.ethernet.etherType == TYPE_SRCROUTING" (node_4) is false
[02:45:17.677] [bmv2] [T] [thread 160877] [4.0] [cxt 0] basic.p4(581) Condition "hdr.ethernet.etherType == TYPE_YEQUDESU" (node_12) is false
[02:45:17.677] [bmv2] [T] [thread 160877] [4.0] [cxt 0] basic.p4(587) Condition "hdr.vxlan.isValid()" (node_15) is false
[02:45:17.677] [bmv2] [T] [thread 160877] [4.0] [cxt 0] basic.p4(591) Condition "hdr.ipv6.isValid()" (node_17) is true
[02:45:17.677] [bmv2] [T] [thread 160877] [4.0] [cxt 0] Applying table 'MyIngress.ipv6_lpm'
[02:45:17.677] [bmv2] [D] [thread 160877] [4.0] [cxt 0] Looking up key:
* hdr.ipv6.dstAddr    : ff0200000000000000000000000000fb

[02:45:17.677] [bmv2] [D] [thread 160877] [4.0] [cxt 0] Table 'MyIngress.ipv6_lpm': miss
[02:45:17.677] [bmv2] [D] [thread 160877] [4.0] [cxt 0] Action entry is NoAction - 
[02:45:17.677] [bmv2] [T] [thread 160877] [4.0] [cxt 0] Action NoAction
[02:45:17.677] [bmv2] [D] [thread 160877] [4.0] [cxt 0] Pipeline 'ingress': end
[02:45:17.677] [bmv2] [D] [thread 160877] [4.0] [cxt 0] Egress port is 0
[02:45:17.678] [bmv2] [D] [thread 160878] [4.0] [cxt 0] Pipeline 'egress': start
[02:45:17.678] [bmv2] [T] [thread 160878] [4.0] [cxt 0] Applying table 'MyEgress.egress_encap_ipv6'
[02:45:17.678] [bmv2] [D] [thread 160878] [4.0] [cxt 0] Looking up key:
* standard_metadata.egress_port: 0000

[02:45:17.678] [bmv2] [D] [thread 160878] [4.0] [cxt 0] Table 'MyEgress.egress_encap_ipv6': miss
[02:45:17.678] [bmv2] [D] [thread 160878] [4.0] [cxt 0] Action entry is NoAction - 
[02:45:17.678] [bmv2] [T] [thread 160878] [4.0] [cxt 0] Action NoAction
[02:45:17.678] [bmv2] [T] [thread 160878] [4.0] [cxt 0] Applying table 'MyEgress.egress_encap_yequdesu'
[02:45:17.678] [bmv2] [D] [thread 160878] [4.0] [cxt 0] Looking up key:
* standard_metadata.egress_port: 0000

[02:45:17.678] [bmv2] [D] [thread 160878] [4.0] [cxt 0] Table 'MyEgress.egress_encap_yequdesu': miss
[02:45:17.678] [bmv2] [D] [thread 160878] [4.0] [cxt 0] Action entry is NoAction - 
[02:45:17.678] [bmv2] [T] [thread 160878] [4.0] [cxt 0] Action NoAction
[02:45:17.678] [bmv2] [T] [thread 160878] [4.0] [cxt 0] Applying table 'MyEgress.egress_encap_vxlan'
[02:45:17.678] [bmv2] [D] [thread 160878] [4.0] [cxt 0] Looking up key:
* standard_metadata.egress_port: 0000

[02:45:17.678] [bmv2] [D] [thread 160878] [4.0] [cxt 0] Table 'MyEgress.egress_encap_vxlan': miss
[02:45:17.678] [bmv2] [D] [thread 160878] [4.0] [cxt 0] Action entry is NoAction - 
[02:45:17.678] [bmv2] [T] [thread 160878] [4.0] [cxt 0] Action NoAction
[02:45:17.678] [bmv2] [D] [thread 160878] [4.0] [cxt 0] Pipeline 'egress': end
[02:45:17.678] [bmv2] [D] [thread 160878] [4.0] [cxt 0] Deparser 'deparser': start
[02:45:17.678] [bmv2] [T] [thread 160878] [4.0] [cxt 0] Skipping checksum 'cksum' update because condition not met
[02:45:17.678] [bmv2] [D] [thread 160878] [4.0] [cxt 0] Deparsing header 'ethernet'
[02:45:17.678] [bmv2] [D] [thread 160878] [4.0] [cxt 0] Deparsing header 'ipv6'
[02:45:17.678] [bmv2] [D] [thread 160878] [4.0] [cxt 0] Deparser 'deparser': end
[02:45:17.678] [bmv2] [D] [thread 160882] [4.0] [cxt 0] Transmitting packet of size 203 out of port 0
[02:45:18.061] [bmv2] [D] [thread 160877] [5.0] [cxt 0] Processing packet received on port 1
[02:45:18.061] [bmv2] [D] [thread 160877] [5.0] [cxt 0] Parser 'parser': start
[02:45:18.061] [bmv2] [D] [thread 160877] [5.0] [cxt 0] Parser 'parser' entering state 'start'
[02:45:18.061] [bmv2] [D] [thread 160877] [5.0] [cxt 0] Extracting header 'ethernet'
[02:45:18.061] [bmv2] [D] [thread 160877] [5.0] [cxt 0] Parser state 'start': key is 86dd
[02:45:18.061] [bmv2] [T] [thread 160877] [5.0] [cxt 0] Bytes parsed: 14
[02:45:18.061] [bmv2] [D] [thread 160877] [5.0] [cxt 0] Parser 'parser' entering state 'parse_ipv6'
[02:45:18.061] [bmv2] [D] [thread 160877] [5.0] [cxt 0] Extracting header 'ipv6'
[02:45:18.061] [bmv2] [D] [thread 160877] [5.0] [cxt 0] Parser state 'parse_ipv6': key is 11
[02:45:18.061] [bmv2] [T] [thread 160877] [5.0] [cxt 0] Bytes parsed: 54
[02:45:18.061] [bmv2] [D] [thread 160877] [5.0] [cxt 0] Parser 'parser': end
[02:45:18.061] [bmv2] [D] [thread 160877] [5.0] [cxt 0] Pipeline 'ingress': start
[02:45:18.061] [bmv2] [T] [thread 160877] [5.0] [cxt 0] basic.p4(565) Condition "hdr.ethernet.etherType == TYPE_ARP" (node_2) is false
[02:45:18.061] [bmv2] [T] [thread 160877] [5.0] [cxt 0] basic.p4(568) Condition "hdr.ethernet.etherType == TYPE_SRCROUTING" (node_4) is false
[02:45:18.061] [bmv2] [T] [thread 160877] [5.0] [cxt 0] basic.p4(581) Condition "hdr.ethernet.etherType == TYPE_YEQUDESU" (node_12) is false
[02:45:18.061] [bmv2] [T] [thread 160877] [5.0] [cxt 0] basic.p4(587) Condition "hdr.vxlan.isValid()" (node_15) is false
[02:45:18.061] [bmv2] [T] [thread 160877] [5.0] [cxt 0] basic.p4(591) Condition "hdr.ipv6.isValid()" (node_17) is true
[02:45:18.061] [bmv2] [T] [thread 160877] [5.0] [cxt 0] Applying table 'MyIngress.ipv6_lpm'
[02:45:18.061] [bmv2] [D] [thread 160877] [5.0] [cxt 0] Looking up key:
* hdr.ipv6.dstAddr    : ff0200000000000000000000000000fb

[02:45:18.061] [bmv2] [D] [thread 160877] [5.0] [cxt 0] Table 'MyIngress.ipv6_lpm': miss
[02:45:18.061] [bmv2] [D] [thread 160877] [5.0] [cxt 0] Action entry is NoAction - 
[02:45:18.061] [bmv2] [T] [thread 160877] [5.0] [cxt 0] Action NoAction
[02:45:18.061] [bmv2] [D] [thread 160877] [5.0] [cxt 0] Pipeline 'ingress': end
[02:45:18.061] [bmv2] [D] [thread 160877] [5.0] [cxt 0] Egress port is 0
[02:45:18.061] [bmv2] [D] [thread 160878] [5.0] [cxt 0] Pipeline 'egress': start
[02:45:18.061] [bmv2] [T] [thread 160878] [5.0] [cxt 0] Applying table 'MyEgress.egress_encap_ipv6'
[02:45:18.061] [bmv2] [D] [thread 160878] [5.0] [cxt 0] Looking up key:
* standard_metadata.egress_port: 0000

[02:45:18.061] [bmv2] [D] [thread 160878] [5.0] [cxt 0] Table 'MyEgress.egress_encap_ipv6': miss
[02:45:18.061] [bmv2] [D] [thread 160878] [5.0] [cxt 0] Action entry is NoAction - 
[02:45:18.061] [bmv2] [T] [thread 160878] [5.0] [cxt 0] Action NoAction
[02:45:18.061] [bmv2] [T] [thread 160878] [5.0] [cxt 0] Applying table 'MyEgress.egress_encap_yequdesu'
[02:45:18.061] [bmv2] [D] [thread 160878] [5.0] [cxt 0] Looking up key:
* standard_metadata.egress_port: 0000

[02:45:18.061] [bmv2] [D] [thread 160878] [5.0] [cxt 0] Table 'MyEgress.egress_encap_yequdesu': miss
[02:45:18.061] [bmv2] [D] [thread 160878] [5.0] [cxt 0] Action entry is NoAction - 
[02:45:18.061] [bmv2] [T] [thread 160878] [5.0] [cxt 0] Action NoAction
[02:45:18.061] [bmv2] [T] [thread 160878] [5.0] [cxt 0] Applying table 'MyEgress.egress_encap_vxlan'
[02:45:18.061] [bmv2] [D] [thread 160878] [5.0] [cxt 0] Looking up key:
* standard_metadata.egress_port: 0000

[02:45:18.061] [bmv2] [D] [thread 160878] [5.0] [cxt 0] Table 'MyEgress.egress_encap_vxlan': miss
[02:45:18.061] [bmv2] [D] [thread 160878] [5.0] [cxt 0] Action entry is NoAction - 
[02:45:18.061] [bmv2] [T] [thread 160878] [5.0] [cxt 0] Action NoAction
[02:45:18.061] [bmv2] [D] [thread 160878] [5.0] [cxt 0] Pipeline 'egress': end
[02:45:18.061] [bmv2] [D] [thread 160878] [5.0] [cxt 0] Deparser 'deparser': start
[02:45:18.061] [bmv2] [T] [thread 160878] [5.0] [cxt 0] Skipping checksum 'cksum' update because condition not met
[02:45:18.061] [bmv2] [D] [thread 160878] [5.0] [cxt 0] Deparsing header 'ethernet'
[02:45:18.061] [bmv2] [D] [thread 160878] [5.0] [cxt 0] Deparsing header 'ipv6'
[02:45:18.061] [bmv2] [D] [thread 160878] [5.0] [cxt 0] Deparser 'deparser': end
[02:45:18.062] [bmv2] [D] [thread 160882] [5.0] [cxt 0] Transmitting packet of size 203 out of port 0
[02:45:18.128] [bmv2] [D] [thread 160877] [6.0] [cxt 0] Processing packet received on port 2
[02:45:18.128] [bmv2] [D] [thread 160877] [6.0] [cxt 0] Parser 'parser': start
[02:45:18.128] [bmv2] [D] [thread 160877] [6.0] [cxt 0] Parser 'parser' entering state 'start'
[02:45:18.128] [bmv2] [D] [thread 160877] [6.0] [cxt 0] Extracting header 'ethernet'
[02:45:18.128] [bmv2] [D] [thread 160877] [6.0] [cxt 0] Parser state 'start': key is 86dd
[02:45:18.128] [bmv2] [T] [thread 160877] [6.0] [cxt 0] Bytes parsed: 14
[02:45:18.128] [bmv2] [D] [thread 160877] [6.0] [cxt 0] Parser 'parser' entering state 'parse_ipv6'
[02:45:18.128] [bmv2] [D] [thread 160877] [6.0] [cxt 0] Extracting header 'ipv6'
[02:45:18.128] [bmv2] [D] [thread 160877] [6.0] [cxt 0] Parser state 'parse_ipv6': key is 11
[02:45:18.128] [bmv2] [T] [thread 160877] [6.0] [cxt 0] Bytes parsed: 54
[02:45:18.128] [bmv2] [D] [thread 160877] [6.0] [cxt 0] Parser 'parser': end
[02:45:18.128] [bmv2] [D] [thread 160877] [6.0] [cxt 0] Pipeline 'ingress': start
[02:45:18.128] [bmv2] [T] [thread 160877] [6.0] [cxt 0] basic.p4(565) Condition "hdr.ethernet.etherType == TYPE_ARP" (node_2) is false
[02:45:18.128] [bmv2] [T] [thread 160877] [6.0] [cxt 0] basic.p4(568) Condition "hdr.ethernet.etherType == TYPE_SRCROUTING" (node_4) is false
[02:45:18.128] [bmv2] [T] [thread 160877] [6.0] [cxt 0] basic.p4(581) Condition "hdr.ethernet.etherType == TYPE_YEQUDESU" (node_12) is false
[02:45:18.128] [bmv2] [T] [thread 160877] [6.0] [cxt 0] basic.p4(587) Condition "hdr.vxlan.isValid()" (node_15) is false
[02:45:18.128] [bmv2] [T] [thread 160877] [6.0] [cxt 0] basic.p4(591) Condition "hdr.ipv6.isValid()" (node_17) is true
[02:45:18.128] [bmv2] [T] [thread 160877] [6.0] [cxt 0] Applying table 'MyIngress.ipv6_lpm'
[02:45:18.128] [bmv2] [D] [thread 160877] [6.0] [cxt 0] Looking up key:
* hdr.ipv6.dstAddr    : ff0200000000000000000000000000fb

[02:45:18.128] [bmv2] [D] [thread 160877] [6.0] [cxt 0] Table 'MyIngress.ipv6_lpm': miss
[02:45:18.128] [bmv2] [D] [thread 160877] [6.0] [cxt 0] Action entry is NoAction - 
[02:45:18.128] [bmv2] [T] [thread 160877] [6.0] [cxt 0] Action NoAction
[02:45:18.128] [bmv2] [D] [thread 160877] [6.0] [cxt 0] Pipeline 'ingress': end
[02:45:18.128] [bmv2] [D] [thread 160877] [6.0] [cxt 0] Egress port is 0
[02:45:18.128] [bmv2] [D] [thread 160878] [6.0] [cxt 0] Pipeline 'egress': start
[02:45:18.128] [bmv2] [T] [thread 160878] [6.0] [cxt 0] Applying table 'MyEgress.egress_encap_ipv6'
[02:45:18.128] [bmv2] [D] [thread 160878] [6.0] [cxt 0] Looking up key:
* standard_metadata.egress_port: 0000

[02:45:18.129] [bmv2] [D] [thread 160878] [6.0] [cxt 0] Table 'MyEgress.egress_encap_ipv6': miss
[02:45:18.129] [bmv2] [D] [thread 160878] [6.0] [cxt 0] Action entry is NoAction - 
[02:45:18.129] [bmv2] [T] [thread 160878] [6.0] [cxt 0] Action NoAction
[02:45:18.129] [bmv2] [T] [thread 160878] [6.0] [cxt 0] Applying table 'MyEgress.egress_encap_yequdesu'
[02:45:18.129] [bmv2] [D] [thread 160878] [6.0] [cxt 0] Looking up key:
* standard_metadata.egress_port: 0000

[02:45:18.129] [bmv2] [D] [thread 160878] [6.0] [cxt 0] Table 'MyEgress.egress_encap_yequdesu': miss
[02:45:18.129] [bmv2] [D] [thread 160878] [6.0] [cxt 0] Action entry is NoAction - 
[02:45:18.129] [bmv2] [T] [thread 160878] [6.0] [cxt 0] Action NoAction
[02:45:18.129] [bmv2] [T] [thread 160878] [6.0] [cxt 0] Applying table 'MyEgress.egress_encap_vxlan'
[02:45:18.129] [bmv2] [D] [thread 160878] [6.0] [cxt 0] Looking up key:
* standard_metadata.egress_port: 0000

[02:45:18.129] [bmv2] [D] [thread 160878] [6.0] [cxt 0] Table 'MyEgress.egress_encap_vxlan': miss
[02:45:18.129] [bmv2] [D] [thread 160878] [6.0] [cxt 0] Action entry is NoAction - 
[02:45:18.129] [bmv2] [T] [thread 160878] [6.0] [cxt 0] Action NoAction
[02:45:18.129] [bmv2] [D] [thread 160878] [6.0] [cxt 0] Pipeline 'egress': end
[02:45:18.129] [bmv2] [D] [thread 160878] [6.0] [cxt 0] Deparser 'deparser': start
[02:45:18.129] [bmv2] [T] [thread 160878] [6.0] [cxt 0] Skipping checksum 'cksum' update because condition not met
[02:45:18.129] [bmv2] [D] [thread 160878] [6.0] [cxt 0] Deparsing header 'ethernet'
[02:45:18.129] [bmv2] [D] [thread 160878] [6.0] [cxt 0] Deparsing header 'ipv6'
[02:45:18.129] [bmv2] [D] [thread 160878] [6.0] [cxt 0] Deparser 'deparser': end
[02:45:18.129] [bmv2] [D] [thread 160882] [6.0] [cxt 0] Transmitting packet of size 203 out of port 0
[02:45:18.808] [bmv2] [D] [thread 160877] [7.0] [cxt 0] Processing packet received on port 1
[02:45:18.808] [bmv2] [D] [thread 160877] [7.0] [cxt 0] Parser 'parser': start
[02:45:18.808] [bmv2] [D] [thread 160877] [7.0] [cxt 0] Parser 'parser' entering state 'start'
[02:45:18.808] [bmv2] [D] [thread 160877] [7.0] [cxt 0] Extracting header 'ethernet'
[02:45:18.808] [bmv2] [D] [thread 160877] [7.0] [cxt 0] Parser state 'start': key is 86dd
[02:45:18.808] [bmv2] [T] [thread 160877] [7.0] [cxt 0] Bytes parsed: 14
[02:45:18.808] [bmv2] [D] [thread 160877] [7.0] [cxt 0] Parser 'parser' entering state 'parse_ipv6'
[02:45:18.808] [bmv2] [D] [thread 160877] [7.0] [cxt 0] Extracting header 'ipv6'
[02:45:18.808] [bmv2] [D] [thread 160877] [7.0] [cxt 0] Parser state 'parse_ipv6': key is 11
[02:45:18.808] [bmv2] [T] [thread 160877] [7.0] [cxt 0] Bytes parsed: 54
[02:45:18.808] [bmv2] [D] [thread 160877] [7.0] [cxt 0] Parser 'parser': end
[02:45:18.808] [bmv2] [D] [thread 160877] [7.0] [cxt 0] Pipeline 'ingress': start
[02:45:18.808] [bmv2] [T] [thread 160877] [7.0] [cxt 0] basic.p4(565) Condition "hdr.ethernet.etherType == TYPE_ARP" (node_2) is false
[02:45:18.808] [bmv2] [T] [thread 160877] [7.0] [cxt 0] basic.p4(568) Condition "hdr.ethernet.etherType == TYPE_SRCROUTING" (node_4) is false
[02:45:18.808] [bmv2] [T] [thread 160877] [7.0] [cxt 0] basic.p4(581) Condition "hdr.ethernet.etherType == TYPE_YEQUDESU" (node_12) is false
[02:45:18.808] [bmv2] [T] [thread 160877] [7.0] [cxt 0] basic.p4(587) Condition "hdr.vxlan.isValid()" (node_15) is false
[02:45:18.808] [bmv2] [T] [thread 160877] [7.0] [cxt 0] basic.p4(591) Condition "hdr.ipv6.isValid()" (node_17) is true
[02:45:18.808] [bmv2] [T] [thread 160877] [7.0] [cxt 0] Applying table 'MyIngress.ipv6_lpm'
[02:45:18.808] [bmv2] [D] [thread 160877] [7.0] [cxt 0] Looking up key:
* hdr.ipv6.dstAddr    : ff0200000000000000000000000000fb

[02:45:18.808] [bmv2] [D] [thread 160877] [7.0] [cxt 0] Table 'MyIngress.ipv6_lpm': miss
[02:45:18.808] [bmv2] [D] [thread 160877] [7.0] [cxt 0] Action entry is NoAction - 
[02:45:18.808] [bmv2] [T] [thread 160877] [7.0] [cxt 0] Action NoAction
[02:45:18.808] [bmv2] [D] [thread 160877] [7.0] [cxt 0] Pipeline 'ingress': end
[02:45:18.808] [bmv2] [D] [thread 160877] [7.0] [cxt 0] Egress port is 0
[02:45:18.808] [bmv2] [D] [thread 160878] [7.0] [cxt 0] Pipeline 'egress': start
[02:45:18.808] [bmv2] [T] [thread 160878] [7.0] [cxt 0] Applying table 'MyEgress.egress_encap_ipv6'
[02:45:18.808] [bmv2] [D] [thread 160878] [7.0] [cxt 0] Looking up key:
* standard_metadata.egress_port: 0000

[02:45:18.808] [bmv2] [D] [thread 160878] [7.0] [cxt 0] Table 'MyEgress.egress_encap_ipv6': miss
[02:45:18.808] [bmv2] [D] [thread 160878] [7.0] [cxt 0] Action entry is NoAction - 
[02:45:18.808] [bmv2] [T] [thread 160878] [7.0] [cxt 0] Action NoAction
[02:45:18.808] [bmv2] [T] [thread 160878] [7.0] [cxt 0] Applying table 'MyEgress.egress_encap_yequdesu'
[02:45:18.808] [bmv2] [D] [thread 160878] [7.0] [cxt 0] Looking up key:
* standard_metadata.egress_port: 0000

[02:45:18.808] [bmv2] [D] [thread 160878] [7.0] [cxt 0] Table 'MyEgress.egress_encap_yequdesu': miss
[02:45:18.808] [bmv2] [D] [thread 160878] [7.0] [cxt 0] Action entry is NoAction - 
[02:45:18.808] [bmv2] [T] [thread 160878] [7.0] [cxt 0] Action NoAction
[02:45:18.808] [bmv2] [T] [thread 160878] [7.0] [cxt 0] Applying table 'MyEgress.egress_encap_vxlan'
[02:45:18.808] [bmv2] [D] [thread 160878] [7.0] [cxt 0] Looking up key:
* standard_metadata.egress_port: 0000

[02:45:18.808] [bmv2] [D] [thread 160878] [7.0] [cxt 0] Table 'MyEgress.egress_encap_vxlan': miss
[02:45:18.808] [bmv2] [D] [thread 160878] [7.0] [cxt 0] Action entry is NoAction - 
[02:45:18.808] [bmv2] [T] [thread 160878] [7.0] [cxt 0] Action NoAction
[02:45:18.808] [bmv2] [D] [thread 160878] [7.0] [cxt 0] Pipeline 'egress': end
[02:45:18.808] [bmv2] [D] [thread 160878] [7.0] [cxt 0] Deparser 'deparser': start
[02:45:18.808] [bmv2] [T] [thread 160878] [7.0] [cxt 0] Skipping checksum 'cksum' update because condition not met
[02:45:18.808] [bmv2] [D] [thread 160878] [7.0] [cxt 0] Deparsing header 'ethernet'
[02:45:18.808] [bmv2] [D] [thread 160878] [7.0] [cxt 0] Deparsing header 'ipv6'
[02:45:18.808] [bmv2] [D] [thread 160878] [7.0] [cxt 0] Deparser 'deparser': end
[02:45:18.808] [bmv2] [D] [thread 160882] [7.0] [cxt 0] Transmitting packet of size 199 out of port 0
[02:45:18.862] [bmv2] [D] [thread 160877] [8.0] [cxt 0] Processing packet received on port 1
[02:45:18.862] [bmv2] [D] [thread 160877] [8.0] [cxt 0] Parser 'parser': start
[02:45:18.862] [bmv2] [D] [thread 160877] [8.0] [cxt 0] Parser 'parser' entering state 'start'
[02:45:18.862] [bmv2] [D] [thread 160877] [8.0] [cxt 0] Extracting header 'ethernet'
[02:45:18.862] [bmv2] [D] [thread 160877] [8.0] [cxt 0] Parser state 'start': key is 86dd
[02:45:18.862] [bmv2] [T] [thread 160877] [8.0] [cxt 0] Bytes parsed: 14
[02:45:18.862] [bmv2] [D] [thread 160877] [8.0] [cxt 0] Parser 'parser' entering state 'parse_ipv6'
[02:45:18.862] [bmv2] [D] [thread 160877] [8.0] [cxt 0] Extracting header 'ipv6'
[02:45:18.862] [bmv2] [D] [thread 160877] [8.0] [cxt 0] Parser state 'parse_ipv6': key is 3a
[02:45:18.862] [bmv2] [T] [thread 160877] [8.0] [cxt 0] Bytes parsed: 54
[02:45:18.862] [bmv2] [D] [thread 160877] [8.0] [cxt 0] Parser 'parser': end
[02:45:18.862] [bmv2] [D] [thread 160877] [8.0] [cxt 0] Pipeline 'ingress': start
[02:45:18.862] [bmv2] [T] [thread 160877] [8.0] [cxt 0] basic.p4(565) Condition "hdr.ethernet.etherType == TYPE_ARP" (node_2) is false
[02:45:18.862] [bmv2] [T] [thread 160877] [8.0] [cxt 0] basic.p4(568) Condition "hdr.ethernet.etherType == TYPE_SRCROUTING" (node_4) is false
[02:45:18.862] [bmv2] [T] [thread 160877] [8.0] [cxt 0] basic.p4(581) Condition "hdr.ethernet.etherType == TYPE_YEQUDESU" (node_12) is false
[02:45:18.862] [bmv2] [T] [thread 160877] [8.0] [cxt 0] basic.p4(587) Condition "hdr.vxlan.isValid()" (node_15) is false
[02:45:18.862] [bmv2] [T] [thread 160877] [8.0] [cxt 0] basic.p4(591) Condition "hdr.ipv6.isValid()" (node_17) is true
[02:45:18.862] [bmv2] [T] [thread 160877] [8.0] [cxt 0] Applying table 'MyIngress.ipv6_lpm'
[02:45:18.862] [bmv2] [D] [thread 160877] [8.0] [cxt 0] Looking up key:
* hdr.ipv6.dstAddr    : ff020000000000000000000000000002

[02:45:18.862] [bmv2] [D] [thread 160877] [8.0] [cxt 0] Table 'MyIngress.ipv6_lpm': miss
[02:45:18.862] [bmv2] [D] [thread 160877] [8.0] [cxt 0] Action entry is NoAction - 
[02:45:18.862] [bmv2] [T] [thread 160877] [8.0] [cxt 0] Action NoAction
[02:45:18.862] [bmv2] [D] [thread 160877] [8.0] [cxt 0] Pipeline 'ingress': end
[02:45:18.862] [bmv2] [D] [thread 160877] [8.0] [cxt 0] Egress port is 0
[02:45:18.862] [bmv2] [D] [thread 160878] [8.0] [cxt 0] Pipeline 'egress': start
[02:45:18.862] [bmv2] [T] [thread 160878] [8.0] [cxt 0] Applying table 'MyEgress.egress_encap_ipv6'
[02:45:18.862] [bmv2] [D] [thread 160878] [8.0] [cxt 0] Looking up key:
* standard_metadata.egress_port: 0000

[02:45:18.862] [bmv2] [D] [thread 160878] [8.0] [cxt 0] Table 'MyEgress.egress_encap_ipv6': miss
[02:45:18.862] [bmv2] [D] [thread 160878] [8.0] [cxt 0] Action entry is NoAction - 
[02:45:18.862] [bmv2] [T] [thread 160878] [8.0] [cxt 0] Action NoAction
[02:45:18.862] [bmv2] [T] [thread 160878] [8.0] [cxt 0] Applying table 'MyEgress.egress_encap_yequdesu'
[02:45:18.862] [bmv2] [D] [thread 160878] [8.0] [cxt 0] Looking up key:
* standard_metadata.egress_port: 0000

[02:45:18.862] [bmv2] [D] [thread 160878] [8.0] [cxt 0] Table 'MyEgress.egress_encap_yequdesu': miss
[02:45:18.862] [bmv2] [D] [thread 160878] [8.0] [cxt 0] Action entry is NoAction - 
[02:45:18.862] [bmv2] [T] [thread 160878] [8.0] [cxt 0] Action NoAction
[02:45:18.862] [bmv2] [T] [thread 160878] [8.0] [cxt 0] Applying table 'MyEgress.egress_encap_vxlan'
[02:45:18.862] [bmv2] [D] [thread 160878] [8.0] [cxt 0] Looking up key:
* standard_metadata.egress_port: 0000

[02:45:18.862] [bmv2] [D] [thread 160878] [8.0] [cxt 0] Table 'MyEgress.egress_encap_vxlan': miss
[02:45:18.862] [bmv2] [D] [thread 160878] [8.0] [cxt 0] Action entry is NoAction - 
[02:45:18.862] [bmv2] [T] [thread 160878] [8.0] [cxt 0] Action NoAction
[02:45:18.862] [bmv2] [D] [thread 160878] [8.0] [cxt 0] Pipeline 'egress': end
[02:45:18.862] [bmv2] [D] [thread 160878] [8.0] [cxt 0] Deparser 'deparser': start
[02:45:18.862] [bmv2] [T] [thread 160878] [8.0] [cxt 0] Skipping checksum 'cksum' update because condition not met
[02:45:18.862] [bmv2] [D] [thread 160878] [8.0] [cxt 0] Deparsing header 'ethernet'
[02:45:18.862] [bmv2] [D] [thread 160878] [8.0] [cxt 0] Deparsing header 'ipv6'
[02:45:18.862] [bmv2] [D] [thread 160878] [8.0] [cxt 0] Deparser 'deparser': end
[02:45:18.862] [bmv2] [D] [thread 160882] [8.0] [cxt 0] Transmitting packet of size 70 out of port 0
[02:45:18.990] [bmv2] [D] [thread 160877] [9.0] [cxt 0] Processing packet received on port 2
[02:45:18.990] [bmv2] [D] [thread 160877] [9.0] [cxt 0] Parser 'parser': start
[02:45:18.990] [bmv2] [D] [thread 160877] [9.0] [cxt 0] Parser 'parser' entering state 'start'
[02:45:18.990] [bmv2] [D] [thread 160877] [9.0] [cxt 0] Extracting header 'ethernet'
[02:45:18.990] [bmv2] [D] [thread 160877] [9.0] [cxt 0] Parser state 'start': key is 86dd
[02:45:18.990] [bmv2] [T] [thread 160877] [9.0] [cxt 0] Bytes parsed: 14
[02:45:18.990] [bmv2] [D] [thread 160877] [9.0] [cxt 0] Parser 'parser' entering state 'parse_ipv6'
[02:45:18.990] [bmv2] [D] [thread 160877] [9.0] [cxt 0] Extracting header 'ipv6'
[02:45:18.990] [bmv2] [D] [thread 160877] [9.0] [cxt 0] Parser state 'parse_ipv6': key is 3a
[02:45:18.990] [bmv2] [T] [thread 160877] [9.0] [cxt 0] Bytes parsed: 54
[02:45:18.990] [bmv2] [D] [thread 160877] [9.0] [cxt 0] Parser 'parser': end
[02:45:18.990] [bmv2] [D] [thread 160877] [9.0] [cxt 0] Pipeline 'ingress': start
[02:45:18.990] [bmv2] [T] [thread 160877] [9.0] [cxt 0] basic.p4(565) Condition "hdr.ethernet.etherType == TYPE_ARP" (node_2) is false
[02:45:18.990] [bmv2] [T] [thread 160877] [9.0] [cxt 0] basic.p4(568) Condition "hdr.ethernet.etherType == TYPE_SRCROUTING" (node_4) is false
[02:45:18.990] [bmv2] [T] [thread 160877] [9.0] [cxt 0] basic.p4(581) Condition "hdr.ethernet.etherType == TYPE_YEQUDESU" (node_12) is false
[02:45:18.990] [bmv2] [T] [thread 160877] [9.0] [cxt 0] basic.p4(587) Condition "hdr.vxlan.isValid()" (node_15) is false
[02:45:18.990] [bmv2] [T] [thread 160877] [9.0] [cxt 0] basic.p4(591) Condition "hdr.ipv6.isValid()" (node_17) is true
[02:45:18.990] [bmv2] [T] [thread 160877] [9.0] [cxt 0] Applying table 'MyIngress.ipv6_lpm'
[02:45:18.991] [bmv2] [D] [thread 160877] [9.0] [cxt 0] Looking up key:
* hdr.ipv6.dstAddr    : ff020000000000000000000000000002

[02:45:18.991] [bmv2] [D] [thread 160877] [9.0] [cxt 0] Table 'MyIngress.ipv6_lpm': miss
[02:45:18.991] [bmv2] [D] [thread 160877] [9.0] [cxt 0] Action entry is NoAction - 
[02:45:18.991] [bmv2] [T] [thread 160877] [9.0] [cxt 0] Action NoAction
[02:45:18.991] [bmv2] [D] [thread 160877] [9.0] [cxt 0] Pipeline 'ingress': end
[02:45:18.991] [bmv2] [D] [thread 160877] [9.0] [cxt 0] Egress port is 0
[02:45:18.991] [bmv2] [D] [thread 160877] [10.0] [cxt 0] Processing packet received on port 1
[02:45:18.991] [bmv2] [D] [thread 160877] [10.0] [cxt 0] Parser 'parser': start
[02:45:18.991] [bmv2] [D] [thread 160877] [10.0] [cxt 0] Parser 'parser' entering state 'start'
[02:45:18.991] [bmv2] [D] [thread 160877] [10.0] [cxt 0] Extracting header 'ethernet'
[02:45:18.991] [bmv2] [D] [thread 160877] [10.0] [cxt 0] Parser state 'start': key is 86dd
[02:45:18.991] [bmv2] [T] [thread 160877] [10.0] [cxt 0] Bytes parsed: 14
[02:45:18.991] [bmv2] [D] [thread 160877] [10.0] [cxt 0] Parser 'parser' entering state 'parse_ipv6'
[02:45:18.991] [bmv2] [D] [thread 160877] [10.0] [cxt 0] Extracting header 'ipv6'
[02:45:18.991] [bmv2] [D] [thread 160877] [10.0] [cxt 0] Parser state 'parse_ipv6': key is 3a
[02:45:18.991] [bmv2] [T] [thread 160877] [10.0] [cxt 0] Bytes parsed: 54
[02:45:18.991] [bmv2] [D] [thread 160877] [10.0] [cxt 0] Parser 'parser': end
[02:45:18.991] [bmv2] [D] [thread 160877] [10.0] [cxt 0] Pipeline 'ingress': start
[02:45:18.991] [bmv2] [T] [thread 160877] [10.0] [cxt 0] basic.p4(565) Condition "hdr.ethernet.etherType == TYPE_ARP" (node_2) is false
[02:45:18.991] [bmv2] [T] [thread 160877] [10.0] [cxt 0] basic.p4(568) Condition "hdr.ethernet.etherType == TYPE_SRCROUTING" (node_4) is false
[02:45:18.991] [bmv2] [T] [thread 160877] [10.0] [cxt 0] basic.p4(581) Condition "hdr.ethernet.etherType == TYPE_YEQUDESU" (node_12) is false
[02:45:18.991] [bmv2] [T] [thread 160877] [10.0] [cxt 0] basic.p4(587) Condition "hdr.vxlan.isValid()" (node_15) is false
[02:45:18.991] [bmv2] [T] [thread 160877] [10.0] [cxt 0] basic.p4(591) Condition "hdr.ipv6.isValid()" (node_17) is true
[02:45:18.991] [bmv2] [T] [thread 160877] [10.0] [cxt 0] Applying table 'MyIngress.ipv6_lpm'
[02:45:18.991] [bmv2] [D] [thread 160877] [10.0] [cxt 0] Looking up key:
* hdr.ipv6.dstAddr    : ff020000000000000000000000000002

[02:45:18.991] [bmv2] [D] [thread 160877] [10.0] [cxt 0] Table 'MyIngress.ipv6_lpm': miss
[02:45:18.991] [bmv2] [D] [thread 160877] [10.0] [cxt 0] Action entry is NoAction - 
[02:45:18.991] [bmv2] [T] [thread 160877] [10.0] [cxt 0] Action NoAction
[02:45:18.991] [bmv2] [D] [thread 160877] [10.0] [cxt 0] Pipeline 'ingress': end
[02:45:18.991] [bmv2] [D] [thread 160877] [10.0] [cxt 0] Egress port is 0
[02:45:18.991] [bmv2] [D] [thread 160877] [11.0] [cxt 0] Processing packet received on port 2
[02:45:18.991] [bmv2] [D] [thread 160877] [11.0] [cxt 0] Parser 'parser': start
[02:45:18.991] [bmv2] [D] [thread 160877] [11.0] [cxt 0] Parser 'parser' entering state 'start'
[02:45:18.991] [bmv2] [D] [thread 160877] [11.0] [cxt 0] Extracting header 'ethernet'
[02:45:18.991] [bmv2] [D] [thread 160877] [11.0] [cxt 0] Parser state 'start': key is 86dd
[02:45:18.991] [bmv2] [T] [thread 160877] [11.0] [cxt 0] Bytes parsed: 14
[02:45:18.991] [bmv2] [D] [thread 160877] [11.0] [cxt 0] Parser 'parser' entering state 'parse_ipv6'
[02:45:18.991] [bmv2] [D] [thread 160877] [11.0] [cxt 0] Extracting header 'ipv6'
[02:45:18.991] [bmv2] [D] [thread 160877] [11.0] [cxt 0] Parser state 'parse_ipv6': key is 3a
[02:45:18.991] [bmv2] [T] [thread 160877] [11.0] [cxt 0] Bytes parsed: 54
[02:45:18.991] [bmv2] [D] [thread 160877] [11.0] [cxt 0] Parser 'parser': end
[02:45:18.991] [bmv2] [D] [thread 160877] [11.0] [cxt 0] Pipeline 'ingress': start
[02:45:18.991] [bmv2] [T] [thread 160877] [11.0] [cxt 0] basic.p4(565) Condition "hdr.ethernet.etherType == TYPE_ARP" (node_2) is false
[02:45:18.991] [bmv2] [T] [thread 160877] [11.0] [cxt 0] basic.p4(568) Condition "hdr.ethernet.etherType == TYPE_SRCROUTING" (node_4) is false
[02:45:18.991] [bmv2] [T] [thread 160877] [11.0] [cxt 0] basic.p4(581) Condition "hdr.ethernet.etherType == TYPE_YEQUDESU" (node_12) is false
[02:45:18.991] [bmv2] [T] [thread 160877] [11.0] [cxt 0] basic.p4(587) Condition "hdr.vxlan.isValid()" (node_15) is false
[02:45:18.991] [bmv2] [T] [thread 160877] [11.0] [cxt 0] basic.p4(591) Condition "hdr.ipv6.isValid()" (node_17) is true
[02:45:18.991] [bmv2] [T] [thread 160877] [11.0] [cxt 0] Applying table 'MyIngress.ipv6_lpm'
[02:45:18.991] [bmv2] [D] [thread 160878] [9.0] [cxt 0] Pipeline 'egress': start
[02:45:18.991] [bmv2] [D] [thread 160877] [11.0] [cxt 0] Looking up key:
* hdr.ipv6.dstAddr    : ff020000000000000000000000000002

[02:45:18.991] [bmv2] [D] [thread 160877] [11.0] [cxt 0] Table 'MyIngress.ipv6_lpm': miss
[02:45:18.991] [bmv2] [D] [thread 160877] [11.0] [cxt 0] Action entry is NoAction - 
[02:45:18.991] [bmv2] [T] [thread 160877] [11.0] [cxt 0] Action NoAction
[02:45:18.991] [bmv2] [D] [thread 160877] [11.0] [cxt 0] Pipeline 'ingress': end
[02:45:18.991] [bmv2] [D] [thread 160877] [11.0] [cxt 0] Egress port is 0
[02:45:18.991] [bmv2] [T] [thread 160878] [9.0] [cxt 0] Applying table 'MyEgress.egress_encap_ipv6'
[02:45:18.991] [bmv2] [D] [thread 160878] [9.0] [cxt 0] Looking up key:
* standard_metadata.egress_port: 0000

[02:45:18.991] [bmv2] [D] [thread 160878] [9.0] [cxt 0] Table 'MyEgress.egress_encap_ipv6': miss
[02:45:18.991] [bmv2] [D] [thread 160878] [9.0] [cxt 0] Action entry is NoAction - 
[02:45:18.991] [bmv2] [T] [thread 160878] [9.0] [cxt 0] Action NoAction
[02:45:18.991] [bmv2] [T] [thread 160878] [9.0] [cxt 0] Applying table 'MyEgress.egress_encap_yequdesu'
[02:45:18.991] [bmv2] [D] [thread 160878] [9.0] [cxt 0] Looking up key:
* standard_metadata.egress_port: 0000

[02:45:18.991] [bmv2] [D] [thread 160878] [9.0] [cxt 0] Table 'MyEgress.egress_encap_yequdesu': miss
[02:45:18.991] [bmv2] [D] [thread 160878] [9.0] [cxt 0] Action entry is NoAction - 
[02:45:18.991] [bmv2] [T] [thread 160878] [9.0] [cxt 0] Action NoAction
[02:45:18.991] [bmv2] [T] [thread 160878] [9.0] [cxt 0] Applying table 'MyEgress.egress_encap_vxlan'
[02:45:18.991] [bmv2] [D] [thread 160878] [9.0] [cxt 0] Looking up key:
* standard_metadata.egress_port: 0000

[02:45:18.991] [bmv2] [D] [thread 160878] [9.0] [cxt 0] Table 'MyEgress.egress_encap_vxlan': miss
[02:45:18.991] [bmv2] [D] [thread 160878] [9.0] [cxt 0] Action entry is NoAction - 
[02:45:18.991] [bmv2] [T] [thread 160878] [9.0] [cxt 0] Action NoAction
[02:45:18.991] [bmv2] [D] [thread 160878] [9.0] [cxt 0] Pipeline 'egress': end
[02:45:18.991] [bmv2] [D] [thread 160878] [9.0] [cxt 0] Deparser 'deparser': start
[02:45:18.992] [bmv2] [T] [thread 160878] [9.0] [cxt 0] Skipping checksum 'cksum' update because condition not met
[02:45:18.992] [bmv2] [D] [thread 160878] [9.0] [cxt 0] Deparsing header 'ethernet'
[02:45:18.992] [bmv2] [D] [thread 160878] [9.0] [cxt 0] Deparsing header 'ipv6'
[02:45:18.992] [bmv2] [D] [thread 160878] [9.0] [cxt 0] Deparser 'deparser': end
[02:45:18.992] [bmv2] [D] [thread 160878] [10.0] [cxt 0] Pipeline 'egress': start
[02:45:18.992] [bmv2] [T] [thread 160878] [10.0] [cxt 0] Applying table 'MyEgress.egress_encap_ipv6'
[02:45:18.992] [bmv2] [D] [thread 160878] [10.0] [cxt 0] Looking up key:
* standard_metadata.egress_port: 0000

[02:45:18.992] [bmv2] [D] [thread 160878] [10.0] [cxt 0] Table 'MyEgress.egress_encap_ipv6': miss
[02:45:18.992] [bmv2] [D] [thread 160882] [9.0] [cxt 0] Transmitting packet of size 70 out of port 0
[02:45:18.992] [bmv2] [D] [thread 160878] [10.0] [cxt 0] Action entry is NoAction - 
[02:45:18.992] [bmv2] [T] [thread 160878] [10.0] [cxt 0] Action NoAction
[02:45:18.992] [bmv2] [T] [thread 160878] [10.0] [cxt 0] Applying table 'MyEgress.egress_encap_yequdesu'
[02:45:18.992] [bmv2] [D] [thread 160878] [10.0] [cxt 0] Looking up key:
* standard_metadata.egress_port: 0000

[02:45:18.992] [bmv2] [D] [thread 160878] [10.0] [cxt 0] Table 'MyEgress.egress_encap_yequdesu': miss
[02:45:18.992] [bmv2] [D] [thread 160878] [10.0] [cxt 0] Action entry is NoAction - 
[02:45:18.992] [bmv2] [T] [thread 160878] [10.0] [cxt 0] Action NoAction
[02:45:18.992] [bmv2] [T] [thread 160878] [10.0] [cxt 0] Applying table 'MyEgress.egress_encap_vxlan'
[02:45:18.992] [bmv2] [D] [thread 160878] [10.0] [cxt 0] Looking up key:
* standard_metadata.egress_port: 0000

[02:45:18.992] [bmv2] [D] [thread 160878] [10.0] [cxt 0] Table 'MyEgress.egress_encap_vxlan': miss
[02:45:18.992] [bmv2] [D] [thread 160878] [10.0] [cxt 0] Action entry is NoAction - 
[02:45:18.992] [bmv2] [T] [thread 160878] [10.0] [cxt 0] Action NoAction
[02:45:18.992] [bmv2] [D] [thread 160878] [10.0] [cxt 0] Pipeline 'egress': end
[02:45:18.992] [bmv2] [D] [thread 160878] [10.0] [cxt 0] Deparser 'deparser': start
[02:45:18.992] [bmv2] [T] [thread 160878] [10.0] [cxt 0] Skipping checksum 'cksum' update because condition not met
[02:45:18.992] [bmv2] [D] [thread 160878] [10.0] [cxt 0] Deparsing header 'ethernet'
[02:45:18.992] [bmv2] [D] [thread 160878] [10.0] [cxt 0] Deparsing header 'ipv6'
[02:45:18.992] [bmv2] [D] [thread 160878] [10.0] [cxt 0] Deparser 'deparser': end
[02:45:18.992] [bmv2] [D] [thread 160878] [11.0] [cxt 0] Pipeline 'egress': start
[02:45:18.992] [bmv2] [T] [thread 160878] [11.0] [cxt 0] Applying table 'MyEgress.egress_encap_ipv6'
[02:45:18.992] [bmv2] [D] [thread 160878] [11.0] [cxt 0] Looking up key:
* standard_metadata.egress_port: 0000

[02:45:18.992] [bmv2] [D] [thread 160878] [11.0] [cxt 0] Table 'MyEgress.egress_encap_ipv6': miss
[02:45:18.992] [bmv2] [D] [thread 160878] [11.0] [cxt 0] Action entry is NoAction - 
[02:45:18.992] [bmv2] [D] [thread 160882] [10.0] [cxt 0] Transmitting packet of size 70 out of port 0
[02:45:18.992] [bmv2] [T] [thread 160878] [11.0] [cxt 0] Action NoAction
[02:45:18.992] [bmv2] [T] [thread 160878] [11.0] [cxt 0] Applying table 'MyEgress.egress_encap_yequdesu'
[02:45:18.992] [bmv2] [D] [thread 160878] [11.0] [cxt 0] Looking up key:
* standard_metadata.egress_port: 0000

[02:45:18.992] [bmv2] [D] [thread 160878] [11.0] [cxt 0] Table 'MyEgress.egress_encap_yequdesu': miss
[02:45:18.992] [bmv2] [D] [thread 160878] [11.0] [cxt 0] Action entry is NoAction - 
[02:45:18.992] [bmv2] [T] [thread 160878] [11.0] [cxt 0] Action NoAction
[02:45:18.992] [bmv2] [T] [thread 160878] [11.0] [cxt 0] Applying table 'MyEgress.egress_encap_vxlan'
[02:45:18.992] [bmv2] [D] [thread 160878] [11.0] [cxt 0] Looking up key:
* standard_metadata.egress_port: 0000

[02:45:18.992] [bmv2] [D] [thread 160878] [11.0] [cxt 0] Table 'MyEgress.egress_encap_vxlan': miss
[02:45:18.992] [bmv2] [D] [thread 160878] [11.0] [cxt 0] Action entry is NoAction - 
[02:45:18.992] [bmv2] [T] [thread 160878] [11.0] [cxt 0] Action NoAction
[02:45:18.992] [bmv2] [D] [thread 160878] [11.0] [cxt 0] Pipeline 'egress': end
[02:45:18.992] [bmv2] [D] [thread 160878] [11.0] [cxt 0] Deparser 'deparser': start
[02:45:18.992] [bmv2] [T] [thread 160878] [11.0] [cxt 0] Skipping checksum 'cksum' update because condition not met
[02:45:18.992] [bmv2] [D] [thread 160878] [11.0] [cxt 0] Deparsing header 'ethernet'
[02:45:18.992] [bmv2] [D] [thread 160878] [11.0] [cxt 0] Deparsing header 'ipv6'
[02:45:18.992] [bmv2] [D] [thread 160878] [11.0] [cxt 0] Deparser 'deparser': end
[02:45:18.992] [bmv2] [D] [thread 160882] [11.0] [cxt 0] Transmitting packet of size 70 out of port 0
[02:45:18.997] [bmv2] [D] [thread 160877] [12.0] [cxt 0] Processing packet received on port 2
[02:45:18.997] [bmv2] [D] [thread 160877] [12.0] [cxt 0] Parser 'parser': start
[02:45:18.997] [bmv2] [D] [thread 160877] [12.0] [cxt 0] Parser 'parser' entering state 'start'
[02:45:18.997] [bmv2] [D] [thread 160877] [12.0] [cxt 0] Extracting header 'ethernet'
[02:45:18.997] [bmv2] [D] [thread 160877] [12.0] [cxt 0] Parser state 'start': key is 86dd
[02:45:18.997] [bmv2] [T] [thread 160877] [12.0] [cxt 0] Bytes parsed: 14
[02:45:18.997] [bmv2] [D] [thread 160877] [12.0] [cxt 0] Parser 'parser' entering state 'parse_ipv6'
[02:45:18.997] [bmv2] [D] [thread 160877] [12.0] [cxt 0] Extracting header 'ipv6'
[02:45:18.997] [bmv2] [D] [thread 160877] [12.0] [cxt 0] Parser state 'parse_ipv6': key is 11
[02:45:18.997] [bmv2] [T] [thread 160877] [12.0] [cxt 0] Bytes parsed: 54
[02:45:18.997] [bmv2] [D] [thread 160877] [12.0] [cxt 0] Parser 'parser': end
[02:45:18.997] [bmv2] [D] [thread 160877] [12.0] [cxt 0] Pipeline 'ingress': start
[02:45:18.997] [bmv2] [T] [thread 160877] [12.0] [cxt 0] basic.p4(565) Condition "hdr.ethernet.etherType == TYPE_ARP" (node_2) is false
[02:45:18.997] [bmv2] [T] [thread 160877] [12.0] [cxt 0] basic.p4(568) Condition "hdr.ethernet.etherType == TYPE_SRCROUTING" (node_4) is false
[02:45:18.997] [bmv2] [T] [thread 160877] [12.0] [cxt 0] basic.p4(581) Condition "hdr.ethernet.etherType == TYPE_YEQUDESU" (node_12) is false
[02:45:18.997] [bmv2] [T] [thread 160877] [12.0] [cxt 0] basic.p4(587) Condition "hdr.vxlan.isValid()" (node_15) is false
[02:45:18.997] [bmv2] [T] [thread 160877] [12.0] [cxt 0] basic.p4(591) Condition "hdr.ipv6.isValid()" (node_17) is true
[02:45:18.997] [bmv2] [T] [thread 160877] [12.0] [cxt 0] Applying table 'MyIngress.ipv6_lpm'
[02:45:18.997] [bmv2] [D] [thread 160877] [12.0] [cxt 0] Looking up key:
* hdr.ipv6.dstAddr    : ff0200000000000000000000000000fb

[02:45:18.997] [bmv2] [D] [thread 160877] [12.0] [cxt 0] Table 'MyIngress.ipv6_lpm': miss
[02:45:18.997] [bmv2] [D] [thread 160877] [12.0] [cxt 0] Action entry is NoAction - 
[02:45:18.997] [bmv2] [T] [thread 160877] [12.0] [cxt 0] Action NoAction
[02:45:18.998] [bmv2] [D] [thread 160877] [12.0] [cxt 0] Pipeline 'ingress': end
[02:45:18.998] [bmv2] [D] [thread 160877] [12.0] [cxt 0] Egress port is 0
[02:45:18.998] [bmv2] [D] [thread 160878] [12.0] [cxt 0] Pipeline 'egress': start
[02:45:18.998] [bmv2] [T] [thread 160878] [12.0] [cxt 0] Applying table 'MyEgress.egress_encap_ipv6'
[02:45:18.998] [bmv2] [D] [thread 160878] [12.0] [cxt 0] Looking up key:
* standard_metadata.egress_port: 0000

[02:45:18.998] [bmv2] [D] [thread 160878] [12.0] [cxt 0] Table 'MyEgress.egress_encap_ipv6': miss
[02:45:18.998] [bmv2] [D] [thread 160878] [12.0] [cxt 0] Action entry is NoAction - 
[02:45:18.998] [bmv2] [T] [thread 160878] [12.0] [cxt 0] Action NoAction
[02:45:18.998] [bmv2] [T] [thread 160878] [12.0] [cxt 0] Applying table 'MyEgress.egress_encap_yequdesu'
[02:45:18.998] [bmv2] [D] [thread 160878] [12.0] [cxt 0] Looking up key:
* standard_metadata.egress_port: 0000

[02:45:18.998] [bmv2] [D] [thread 160878] [12.0] [cxt 0] Table 'MyEgress.egress_encap_yequdesu': miss
[02:45:18.998] [bmv2] [D] [thread 160878] [12.0] [cxt 0] Action entry is NoAction - 
[02:45:18.998] [bmv2] [T] [thread 160878] [12.0] [cxt 0] Action NoAction
[02:45:18.998] [bmv2] [T] [thread 160878] [12.0] [cxt 0] Applying table 'MyEgress.egress_encap_vxlan'
[02:45:18.998] [bmv2] [D] [thread 160878] [12.0] [cxt 0] Looking up key:
* standard_metadata.egress_port: 0000

[02:45:18.998] [bmv2] [D] [thread 160878] [12.0] [cxt 0] Table 'MyEgress.egress_encap_vxlan': miss
[02:45:18.998] [bmv2] [D] [thread 160878] [12.0] [cxt 0] Action entry is NoAction - 
[02:45:18.998] [bmv2] [T] [thread 160878] [12.0] [cxt 0] Action NoAction
[02:45:18.998] [bmv2] [D] [thread 160878] [12.0] [cxt 0] Pipeline 'egress': end
[02:45:18.998] [bmv2] [D] [thread 160878] [12.0] [cxt 0] Deparser 'deparser': start
[02:45:18.998] [bmv2] [T] [thread 160878] [12.0] [cxt 0] Skipping checksum 'cksum' update because condition not met
[02:45:18.998] [bmv2] [D] [thread 160878] [12.0] [cxt 0] Deparsing header 'ethernet'
[02:45:18.998] [bmv2] [D] [thread 160878] [12.0] [cxt 0] Deparsing header 'ipv6'
[02:45:18.998] [bmv2] [D] [thread 160878] [12.0] [cxt 0] Deparser 'deparser': end
[02:45:18.999] [bmv2] [D] [thread 160882] [12.0] [cxt 0] Transmitting packet of size 199 out of port 0
[02:45:19.382] [bmv2] [D] [thread 160877] [13.0] [cxt 0] Processing packet received on port 1
[02:45:19.382] [bmv2] [D] [thread 160877] [13.0] [cxt 0] Parser 'parser': start
[02:45:19.382] [bmv2] [D] [thread 160877] [13.0] [cxt 0] Parser 'parser' entering state 'start'
[02:45:19.382] [bmv2] [D] [thread 160877] [13.0] [cxt 0] Extracting header 'ethernet'
[02:45:19.382] [bmv2] [D] [thread 160877] [13.0] [cxt 0] Parser state 'start': key is 86dd
[02:45:19.382] [bmv2] [T] [thread 160877] [13.0] [cxt 0] Bytes parsed: 14
[02:45:19.382] [bmv2] [D] [thread 160877] [13.0] [cxt 0] Parser 'parser' entering state 'parse_ipv6'
[02:45:19.382] [bmv2] [D] [thread 160877] [13.0] [cxt 0] Extracting header 'ipv6'
[02:45:19.382] [bmv2] [D] [thread 160877] [13.0] [cxt 0] Parser state 'parse_ipv6': key is 11
[02:45:19.382] [bmv2] [T] [thread 160877] [13.0] [cxt 0] Bytes parsed: 54
[02:45:19.382] [bmv2] [D] [thread 160877] [13.0] [cxt 0] Parser 'parser': end
[02:45:19.382] [bmv2] [D] [thread 160877] [13.0] [cxt 0] Pipeline 'ingress': start
[02:45:19.382] [bmv2] [T] [thread 160877] [13.0] [cxt 0] basic.p4(565) Condition "hdr.ethernet.etherType == TYPE_ARP" (node_2) is false
[02:45:19.382] [bmv2] [T] [thread 160877] [13.0] [cxt 0] basic.p4(568) Condition "hdr.ethernet.etherType == TYPE_SRCROUTING" (node_4) is false
[02:45:19.382] [bmv2] [T] [thread 160877] [13.0] [cxt 0] basic.p4(581) Condition "hdr.ethernet.etherType == TYPE_YEQUDESU" (node_12) is false
[02:45:19.382] [bmv2] [T] [thread 160877] [13.0] [cxt 0] basic.p4(587) Condition "hdr.vxlan.isValid()" (node_15) is false
[02:45:19.382] [bmv2] [T] [thread 160877] [13.0] [cxt 0] basic.p4(591) Condition "hdr.ipv6.isValid()" (node_17) is true
[02:45:19.382] [bmv2] [T] [thread 160877] [13.0] [cxt 0] Applying table 'MyIngress.ipv6_lpm'
[02:45:19.382] [bmv2] [D] [thread 160877] [13.0] [cxt 0] Looking up key:
* hdr.ipv6.dstAddr    : ff0200000000000000000000000000fb

[02:45:19.382] [bmv2] [D] [thread 160877] [13.0] [cxt 0] Table 'MyIngress.ipv6_lpm': miss
[02:45:19.382] [bmv2] [D] [thread 160877] [13.0] [cxt 0] Action entry is NoAction - 
[02:45:19.382] [bmv2] [T] [thread 160877] [13.0] [cxt 0] Action NoAction
[02:45:19.382] [bmv2] [D] [thread 160877] [13.0] [cxt 0] Pipeline 'ingress': end
[02:45:19.382] [bmv2] [D] [thread 160877] [13.0] [cxt 0] Egress port is 0
[02:45:19.382] [bmv2] [D] [thread 160878] [13.0] [cxt 0] Pipeline 'egress': start
[02:45:19.382] [bmv2] [T] [thread 160878] [13.0] [cxt 0] Applying table 'MyEgress.egress_encap_ipv6'
[02:45:19.382] [bmv2] [D] [thread 160878] [13.0] [cxt 0] Looking up key:
* standard_metadata.egress_port: 0000

[02:45:19.382] [bmv2] [D] [thread 160878] [13.0] [cxt 0] Table 'MyEgress.egress_encap_ipv6': miss
[02:45:19.382] [bmv2] [D] [thread 160878] [13.0] [cxt 0] Action entry is NoAction - 
[02:45:19.382] [bmv2] [T] [thread 160878] [13.0] [cxt 0] Action NoAction
[02:45:19.382] [bmv2] [T] [thread 160878] [13.0] [cxt 0] Applying table 'MyEgress.egress_encap_yequdesu'
[02:45:19.382] [bmv2] [D] [thread 160878] [13.0] [cxt 0] Looking up key:
* standard_metadata.egress_port: 0000

[02:45:19.382] [bmv2] [D] [thread 160878] [13.0] [cxt 0] Table 'MyEgress.egress_encap_yequdesu': miss
[02:45:19.382] [bmv2] [D] [thread 160878] [13.0] [cxt 0] Action entry is NoAction - 
[02:45:19.382] [bmv2] [T] [thread 160878] [13.0] [cxt 0] Action NoAction
[02:45:19.382] [bmv2] [T] [thread 160878] [13.0] [cxt 0] Applying table 'MyEgress.egress_encap_vxlan'
[02:45:19.382] [bmv2] [D] [thread 160878] [13.0] [cxt 0] Looking up key:
* standard_metadata.egress_port: 0000

[02:45:19.382] [bmv2] [D] [thread 160878] [13.0] [cxt 0] Table 'MyEgress.egress_encap_vxlan': miss
[02:45:19.382] [bmv2] [D] [thread 160878] [13.0] [cxt 0] Action entry is NoAction - 
[02:45:19.382] [bmv2] [T] [thread 160878] [13.0] [cxt 0] Action NoAction
[02:45:19.382] [bmv2] [D] [thread 160878] [13.0] [cxt 0] Pipeline 'egress': end
[02:45:19.382] [bmv2] [D] [thread 160878] [13.0] [cxt 0] Deparser 'deparser': start
[02:45:19.382] [bmv2] [T] [thread 160878] [13.0] [cxt 0] Skipping checksum 'cksum' update because condition not met
[02:45:19.382] [bmv2] [D] [thread 160878] [13.0] [cxt 0] Deparsing header 'ethernet'
[02:45:19.382] [bmv2] [D] [thread 160878] [13.0] [cxt 0] Deparsing header 'ipv6'
[02:45:19.382] [bmv2] [D] [thread 160878] [13.0] [cxt 0] Deparser 'deparser': end
[02:45:19.382] [bmv2] [D] [thread 160882] [13.0] [cxt 0] Transmitting packet of size 199 out of port 0
[02:45:19.447] [bmv2] [D] [thread 160877] [14.0] [cxt 0] Processing packet received on port 2
[02:45:19.447] [bmv2] [D] [thread 160877] [14.0] [cxt 0] Parser 'parser': start
[02:45:19.447] [bmv2] [D] [thread 160877] [14.0] [cxt 0] Parser 'parser' entering state 'start'
[02:45:19.447] [bmv2] [D] [thread 160877] [14.0] [cxt 0] Extracting header 'ethernet'
[02:45:19.447] [bmv2] [D] [thread 160877] [14.0] [cxt 0] Parser state 'start': key is 86dd
[02:45:19.447] [bmv2] [T] [thread 160877] [14.0] [cxt 0] Bytes parsed: 14
[02:45:19.447] [bmv2] [D] [thread 160877] [14.0] [cxt 0] Parser 'parser' entering state 'parse_ipv6'
[02:45:19.447] [bmv2] [D] [thread 160877] [14.0] [cxt 0] Extracting header 'ipv6'
[02:45:19.447] [bmv2] [D] [thread 160877] [14.0] [cxt 0] Parser state 'parse_ipv6': key is 11
[02:45:19.447] [bmv2] [T] [thread 160877] [14.0] [cxt 0] Bytes parsed: 54
[02:45:19.447] [bmv2] [D] [thread 160877] [14.0] [cxt 0] Parser 'parser': end
[02:45:19.447] [bmv2] [D] [thread 160877] [14.0] [cxt 0] Pipeline 'ingress': start
[02:45:19.447] [bmv2] [T] [thread 160877] [14.0] [cxt 0] basic.p4(565) Condition "hdr.ethernet.etherType == TYPE_ARP" (node_2) is false
[02:45:19.447] [bmv2] [T] [thread 160877] [14.0] [cxt 0] basic.p4(568) Condition "hdr.ethernet.etherType == TYPE_SRCROUTING" (node_4) is false
[02:45:19.447] [bmv2] [T] [thread 160877] [14.0] [cxt 0] basic.p4(581) Condition "hdr.ethernet.etherType == TYPE_YEQUDESU" (node_12) is false
[02:45:19.447] [bmv2] [T] [thread 160877] [14.0] [cxt 0] basic.p4(587) Condition "hdr.vxlan.isValid()" (node_15) is false
[02:45:19.447] [bmv2] [T] [thread 160877] [14.0] [cxt 0] basic.p4(591) Condition "hdr.ipv6.isValid()" (node_17) is true
[02:45:19.447] [bmv2] [T] [thread 160877] [14.0] [cxt 0] Applying table 'MyIngress.ipv6_lpm'
[02:45:19.447] [bmv2] [D] [thread 160877] [14.0] [cxt 0] Looking up key:
* hdr.ipv6.dstAddr    : ff0200000000000000000000000000fb

[02:45:19.447] [bmv2] [D] [thread 160877] [14.0] [cxt 0] Table 'MyIngress.ipv6_lpm': miss
[02:45:19.447] [bmv2] [D] [thread 160877] [14.0] [cxt 0] Action entry is NoAction - 
[02:45:19.447] [bmv2] [T] [thread 160877] [14.0] [cxt 0] Action NoAction
[02:45:19.447] [bmv2] [D] [thread 160877] [14.0] [cxt 0] Pipeline 'ingress': end
[02:45:19.447] [bmv2] [D] [thread 160877] [14.0] [cxt 0] Egress port is 0
[02:45:19.447] [bmv2] [D] [thread 160878] [14.0] [cxt 0] Pipeline 'egress': start
[02:45:19.448] [bmv2] [T] [thread 160878] [14.0] [cxt 0] Applying table 'MyEgress.egress_encap_ipv6'
[02:45:19.448] [bmv2] [D] [thread 160878] [14.0] [cxt 0] Looking up key:
* standard_metadata.egress_port: 0000

[02:45:19.448] [bmv2] [D] [thread 160878] [14.0] [cxt 0] Table 'MyEgress.egress_encap_ipv6': miss
[02:45:19.448] [bmv2] [D] [thread 160878] [14.0] [cxt 0] Action entry is NoAction - 
[02:45:19.448] [bmv2] [T] [thread 160878] [14.0] [cxt 0] Action NoAction
[02:45:19.448] [bmv2] [T] [thread 160878] [14.0] [cxt 0] Applying table 'MyEgress.egress_encap_yequdesu'
[02:45:19.448] [bmv2] [D] [thread 160878] [14.0] [cxt 0] Looking up key:
* standard_metadata.egress_port: 0000

[02:45:19.448] [bmv2] [D] [thread 160878] [14.0] [cxt 0] Table 'MyEgress.egress_encap_yequdesu': miss
[02:45:19.448] [bmv2] [D] [thread 160878] [14.0] [cxt 0] Action entry is NoAction - 
[02:45:19.448] [bmv2] [T] [thread 160878] [14.0] [cxt 0] Action NoAction
[02:45:19.448] [bmv2] [T] [thread 160878] [14.0] [cxt 0] Applying table 'MyEgress.egress_encap_vxlan'
[02:45:19.448] [bmv2] [D] [thread 160878] [14.0] [cxt 0] Looking up key:
* standard_metadata.egress_port: 0000

[02:45:19.448] [bmv2] [D] [thread 160878] [14.0] [cxt 0] Table 'MyEgress.egress_encap_vxlan': miss
[02:45:19.448] [bmv2] [D] [thread 160878] [14.0] [cxt 0] Action entry is NoAction - 
[02:45:19.448] [bmv2] [T] [thread 160878] [14.0] [cxt 0] Action NoAction
[02:45:19.448] [bmv2] [D] [thread 160878] [14.0] [cxt 0] Pipeline 'egress': end
[02:45:19.448] [bmv2] [D] [thread 160878] [14.0] [cxt 0] Deparser 'deparser': start
[02:45:19.448] [bmv2] [T] [thread 160878] [14.0] [cxt 0] Skipping checksum 'cksum' update because condition not met
[02:45:19.448] [bmv2] [D] [thread 160878] [14.0] [cxt 0] Deparsing header 'ethernet'
[02:45:19.448] [bmv2] [D] [thread 160878] [14.0] [cxt 0] Deparsing header 'ipv6'
[02:45:19.448] [bmv2] [D] [thread 160878] [14.0] [cxt 0] Deparser 'deparser': end
[02:45:19.448] [bmv2] [D] [thread 160882] [14.0] [cxt 0] Transmitting packet of size 199 out of port 0
[02:45:21.487] [bmv2] [D] [thread 160877] [15.0] [cxt 0] Processing packet received on port 1
[02:45:21.487] [bmv2] [D] [thread 160877] [15.0] [cxt 0] Parser 'parser': start
[02:45:21.487] [bmv2] [D] [thread 160877] [15.0] [cxt 0] Parser 'parser' entering state 'start'
[02:45:21.487] [bmv2] [D] [thread 160877] [15.0] [cxt 0] Extracting header 'ethernet'
[02:45:21.487] [bmv2] [D] [thread 160877] [15.0] [cxt 0] Parser state 'start': key is 86dd
[02:45:21.487] [bmv2] [T] [thread 160877] [15.0] [cxt 0] Bytes parsed: 14
[02:45:21.487] [bmv2] [D] [thread 160877] [15.0] [cxt 0] Parser 'parser' entering state 'parse_ipv6'
[02:45:21.487] [bmv2] [D] [thread 160877] [15.0] [cxt 0] Extracting header 'ipv6'
[02:45:21.487] [bmv2] [D] [thread 160877] [15.0] [cxt 0] Parser state 'parse_ipv6': key is 11
[02:45:21.487] [bmv2] [T] [thread 160877] [15.0] [cxt 0] Bytes parsed: 54
[02:45:21.487] [bmv2] [D] [thread 160877] [15.0] [cxt 0] Parser 'parser': end
[02:45:21.487] [bmv2] [D] [thread 160877] [15.0] [cxt 0] Pipeline 'ingress': start
[02:45:21.487] [bmv2] [T] [thread 160877] [15.0] [cxt 0] basic.p4(565) Condition "hdr.ethernet.etherType == TYPE_ARP" (node_2) is false
[02:45:21.487] [bmv2] [T] [thread 160877] [15.0] [cxt 0] basic.p4(568) Condition "hdr.ethernet.etherType == TYPE_SRCROUTING" (node_4) is false
[02:45:21.487] [bmv2] [T] [thread 160877] [15.0] [cxt 0] basic.p4(581) Condition "hdr.ethernet.etherType == TYPE_YEQUDESU" (node_12) is false
[02:45:21.487] [bmv2] [T] [thread 160877] [15.0] [cxt 0] basic.p4(587) Condition "hdr.vxlan.isValid()" (node_15) is false
[02:45:21.487] [bmv2] [T] [thread 160877] [15.0] [cxt 0] basic.p4(591) Condition "hdr.ipv6.isValid()" (node_17) is true
[02:45:21.487] [bmv2] [T] [thread 160877] [15.0] [cxt 0] Applying table 'MyIngress.ipv6_lpm'
[02:45:21.487] [bmv2] [D] [thread 160877] [15.0] [cxt 0] Looking up key:
* hdr.ipv6.dstAddr    : ff0200000000000000000000000000fb

[02:45:21.487] [bmv2] [D] [thread 160877] [15.0] [cxt 0] Table 'MyIngress.ipv6_lpm': miss
[02:45:21.487] [bmv2] [D] [thread 160877] [15.0] [cxt 0] Action entry is NoAction - 
[02:45:21.487] [bmv2] [T] [thread 160877] [15.0] [cxt 0] Action NoAction
[02:45:21.487] [bmv2] [D] [thread 160877] [15.0] [cxt 0] Pipeline 'ingress': end
[02:45:21.487] [bmv2] [D] [thread 160877] [15.0] [cxt 0] Egress port is 0
[02:45:21.487] [bmv2] [D] [thread 160878] [15.0] [cxt 0] Pipeline 'egress': start
[02:45:21.487] [bmv2] [T] [thread 160878] [15.0] [cxt 0] Applying table 'MyEgress.egress_encap_ipv6'
[02:45:21.487] [bmv2] [D] [thread 160878] [15.0] [cxt 0] Looking up key:
* standard_metadata.egress_port: 0000

[02:45:21.487] [bmv2] [D] [thread 160878] [15.0] [cxt 0] Table 'MyEgress.egress_encap_ipv6': miss
[02:45:21.487] [bmv2] [D] [thread 160878] [15.0] [cxt 0] Action entry is NoAction - 
[02:45:21.487] [bmv2] [T] [thread 160878] [15.0] [cxt 0] Action NoAction
[02:45:21.487] [bmv2] [T] [thread 160878] [15.0] [cxt 0] Applying table 'MyEgress.egress_encap_yequdesu'
[02:45:21.487] [bmv2] [D] [thread 160878] [15.0] [cxt 0] Looking up key:
* standard_metadata.egress_port: 0000

[02:45:21.487] [bmv2] [D] [thread 160878] [15.0] [cxt 0] Table 'MyEgress.egress_encap_yequdesu': miss
[02:45:21.487] [bmv2] [D] [thread 160878] [15.0] [cxt 0] Action entry is NoAction - 
[02:45:21.487] [bmv2] [T] [thread 160878] [15.0] [cxt 0] Action NoAction
[02:45:21.487] [bmv2] [T] [thread 160878] [15.0] [cxt 0] Applying table 'MyEgress.egress_encap_vxlan'
[02:45:21.487] [bmv2] [D] [thread 160878] [15.0] [cxt 0] Looking up key:
* standard_metadata.egress_port: 0000

[02:45:21.488] [bmv2] [D] [thread 160878] [15.0] [cxt 0] Table 'MyEgress.egress_encap_vxlan': miss
[02:45:21.488] [bmv2] [D] [thread 160878] [15.0] [cxt 0] Action entry is NoAction - 
[02:45:21.488] [bmv2] [T] [thread 160878] [15.0] [cxt 0] Action NoAction
[02:45:21.488] [bmv2] [D] [thread 160878] [15.0] [cxt 0] Pipeline 'egress': end
[02:45:21.488] [bmv2] [D] [thread 160878] [15.0] [cxt 0] Deparser 'deparser': start
[02:45:21.488] [bmv2] [T] [thread 160878] [15.0] [cxt 0] Skipping checksum 'cksum' update because condition not met
[02:45:21.488] [bmv2] [D] [thread 160878] [15.0] [cxt 0] Deparsing header 'ethernet'
[02:45:21.488] [bmv2] [D] [thread 160878] [15.0] [cxt 0] Deparsing header 'ipv6'
[02:45:21.488] [bmv2] [D] [thread 160878] [15.0] [cxt 0] Deparser 'deparser': end
[02:45:21.488] [bmv2] [D] [thread 160882] [15.0] [cxt 0] Transmitting packet of size 203 out of port 0
[02:45:21.678] [bmv2] [D] [thread 160877] [16.0] [cxt 0] Processing packet received on port 2
[02:45:21.678] [bmv2] [D] [thread 160877] [16.0] [cxt 0] Parser 'parser': start
[02:45:21.678] [bmv2] [D] [thread 160877] [16.0] [cxt 0] Parser 'parser' entering state 'start'
[02:45:21.678] [bmv2] [D] [thread 160877] [16.0] [cxt 0] Extracting header 'ethernet'
[02:45:21.678] [bmv2] [D] [thread 160877] [16.0] [cxt 0] Parser state 'start': key is 86dd
[02:45:21.678] [bmv2] [T] [thread 160877] [16.0] [cxt 0] Bytes parsed: 14
[02:45:21.678] [bmv2] [D] [thread 160877] [16.0] [cxt 0] Parser 'parser' entering state 'parse_ipv6'
[02:45:21.678] [bmv2] [D] [thread 160877] [16.0] [cxt 0] Extracting header 'ipv6'
[02:45:21.678] [bmv2] [D] [thread 160877] [16.0] [cxt 0] Parser state 'parse_ipv6': key is 11
[02:45:21.678] [bmv2] [T] [thread 160877] [16.0] [cxt 0] Bytes parsed: 54
[02:45:21.678] [bmv2] [D] [thread 160877] [16.0] [cxt 0] Parser 'parser': end
[02:45:21.678] [bmv2] [D] [thread 160877] [16.0] [cxt 0] Pipeline 'ingress': start
[02:45:21.678] [bmv2] [T] [thread 160877] [16.0] [cxt 0] basic.p4(565) Condition "hdr.ethernet.etherType == TYPE_ARP" (node_2) is false
[02:45:21.678] [bmv2] [T] [thread 160877] [16.0] [cxt 0] basic.p4(568) Condition "hdr.ethernet.etherType == TYPE_SRCROUTING" (node_4) is false
[02:45:21.678] [bmv2] [T] [thread 160877] [16.0] [cxt 0] basic.p4(581) Condition "hdr.ethernet.etherType == TYPE_YEQUDESU" (node_12) is false
[02:45:21.678] [bmv2] [T] [thread 160877] [16.0] [cxt 0] basic.p4(587) Condition "hdr.vxlan.isValid()" (node_15) is false
[02:45:21.678] [bmv2] [T] [thread 160877] [16.0] [cxt 0] basic.p4(591) Condition "hdr.ipv6.isValid()" (node_17) is true
[02:45:21.678] [bmv2] [T] [thread 160877] [16.0] [cxt 0] Applying table 'MyIngress.ipv6_lpm'
[02:45:21.678] [bmv2] [D] [thread 160877] [16.0] [cxt 0] Looking up key:
* hdr.ipv6.dstAddr    : ff0200000000000000000000000000fb

[02:45:21.678] [bmv2] [D] [thread 160877] [16.0] [cxt 0] Table 'MyIngress.ipv6_lpm': miss
[02:45:21.678] [bmv2] [D] [thread 160877] [16.0] [cxt 0] Action entry is NoAction - 
[02:45:21.678] [bmv2] [T] [thread 160877] [16.0] [cxt 0] Action NoAction
[02:45:21.678] [bmv2] [D] [thread 160877] [16.0] [cxt 0] Pipeline 'ingress': end
[02:45:21.678] [bmv2] [D] [thread 160877] [16.0] [cxt 0] Egress port is 0
[02:45:21.678] [bmv2] [D] [thread 160878] [16.0] [cxt 0] Pipeline 'egress': start
[02:45:21.678] [bmv2] [T] [thread 160878] [16.0] [cxt 0] Applying table 'MyEgress.egress_encap_ipv6'
[02:45:21.678] [bmv2] [D] [thread 160878] [16.0] [cxt 0] Looking up key:
* standard_metadata.egress_port: 0000

[02:45:21.678] [bmv2] [D] [thread 160878] [16.0] [cxt 0] Table 'MyEgress.egress_encap_ipv6': miss
[02:45:21.678] [bmv2] [D] [thread 160878] [16.0] [cxt 0] Action entry is NoAction - 
[02:45:21.678] [bmv2] [T] [thread 160878] [16.0] [cxt 0] Action NoAction
[02:45:21.678] [bmv2] [T] [thread 160878] [16.0] [cxt 0] Applying table 'MyEgress.egress_encap_yequdesu'
[02:45:21.678] [bmv2] [D] [thread 160878] [16.0] [cxt 0] Looking up key:
* standard_metadata.egress_port: 0000

[02:45:21.678] [bmv2] [D] [thread 160878] [16.0] [cxt 0] Table 'MyEgress.egress_encap_yequdesu': miss
[02:45:21.678] [bmv2] [D] [thread 160878] [16.0] [cxt 0] Action entry is NoAction - 
[02:45:21.678] [bmv2] [T] [thread 160878] [16.0] [cxt 0] Action NoAction
[02:45:21.678] [bmv2] [T] [thread 160878] [16.0] [cxt 0] Applying table 'MyEgress.egress_encap_vxlan'
[02:45:21.678] [bmv2] [D] [thread 160878] [16.0] [cxt 0] Looking up key:
* standard_metadata.egress_port: 0000

[02:45:21.678] [bmv2] [D] [thread 160878] [16.0] [cxt 0] Table 'MyEgress.egress_encap_vxlan': miss
[02:45:21.678] [bmv2] [D] [thread 160878] [16.0] [cxt 0] Action entry is NoAction - 
[02:45:21.678] [bmv2] [T] [thread 160878] [16.0] [cxt 0] Action NoAction
[02:45:21.678] [bmv2] [D] [thread 160878] [16.0] [cxt 0] Pipeline 'egress': end
[02:45:21.678] [bmv2] [D] [thread 160878] [16.0] [cxt 0] Deparser 'deparser': start
[02:45:21.678] [bmv2] [T] [thread 160878] [16.0] [cxt 0] Skipping checksum 'cksum' update because condition not met
[02:45:21.678] [bmv2] [D] [thread 160878] [16.0] [cxt 0] Deparsing header 'ethernet'
[02:45:21.678] [bmv2] [D] [thread 160878] [16.0] [cxt 0] Deparsing header 'ipv6'
[02:45:21.678] [bmv2] [D] [thread 160878] [16.0] [cxt 0] Deparser 'deparser': end
[02:45:21.679] [bmv2] [D] [thread 160882] [16.0] [cxt 0] Transmitting packet of size 203 out of port 0
[02:45:22.062] [bmv2] [D] [thread 160877] [17.0] [cxt 0] Processing packet received on port 1
[02:45:22.062] [bmv2] [D] [thread 160877] [17.0] [cxt 0] Parser 'parser': start
[02:45:22.062] [bmv2] [D] [thread 160877] [17.0] [cxt 0] Parser 'parser' entering state 'start'
[02:45:22.062] [bmv2] [D] [thread 160877] [17.0] [cxt 0] Extracting header 'ethernet'
[02:45:22.062] [bmv2] [D] [thread 160877] [17.0] [cxt 0] Parser state 'start': key is 86dd
[02:45:22.062] [bmv2] [T] [thread 160877] [17.0] [cxt 0] Bytes parsed: 14
[02:45:22.062] [bmv2] [D] [thread 160877] [17.0] [cxt 0] Parser 'parser' entering state 'parse_ipv6'
[02:45:22.062] [bmv2] [D] [thread 160877] [17.0] [cxt 0] Extracting header 'ipv6'
[02:45:22.062] [bmv2] [D] [thread 160877] [17.0] [cxt 0] Parser state 'parse_ipv6': key is 11
[02:45:22.062] [bmv2] [T] [thread 160877] [17.0] [cxt 0] Bytes parsed: 54
[02:45:22.062] [bmv2] [D] [thread 160877] [17.0] [cxt 0] Parser 'parser': end
[02:45:22.062] [bmv2] [D] [thread 160877] [17.0] [cxt 0] Pipeline 'ingress': start
[02:45:22.062] [bmv2] [T] [thread 160877] [17.0] [cxt 0] basic.p4(565) Condition "hdr.ethernet.etherType == TYPE_ARP" (node_2) is false
[02:45:22.062] [bmv2] [T] [thread 160877] [17.0] [cxt 0] basic.p4(568) Condition "hdr.ethernet.etherType == TYPE_SRCROUTING" (node_4) is false
[02:45:22.062] [bmv2] [T] [thread 160877] [17.0] [cxt 0] basic.p4(581) Condition "hdr.ethernet.etherType == TYPE_YEQUDESU" (node_12) is false
[02:45:22.062] [bmv2] [T] [thread 160877] [17.0] [cxt 0] basic.p4(587) Condition "hdr.vxlan.isValid()" (node_15) is false
[02:45:22.062] [bmv2] [T] [thread 160877] [17.0] [cxt 0] basic.p4(591) Condition "hdr.ipv6.isValid()" (node_17) is true
[02:45:22.062] [bmv2] [T] [thread 160877] [17.0] [cxt 0] Applying table 'MyIngress.ipv6_lpm'
[02:45:22.062] [bmv2] [D] [thread 160877] [17.0] [cxt 0] Looking up key:
* hdr.ipv6.dstAddr    : ff0200000000000000000000000000fb

[02:45:22.062] [bmv2] [D] [thread 160877] [17.0] [cxt 0] Table 'MyIngress.ipv6_lpm': miss
[02:45:22.062] [bmv2] [D] [thread 160877] [17.0] [cxt 0] Action entry is NoAction - 
[02:45:22.062] [bmv2] [T] [thread 160877] [17.0] [cxt 0] Action NoAction
[02:45:22.062] [bmv2] [D] [thread 160877] [17.0] [cxt 0] Pipeline 'ingress': end
[02:45:22.062] [bmv2] [D] [thread 160877] [17.0] [cxt 0] Egress port is 0
[02:45:22.062] [bmv2] [D] [thread 160878] [17.0] [cxt 0] Pipeline 'egress': start
[02:45:22.062] [bmv2] [T] [thread 160878] [17.0] [cxt 0] Applying table 'MyEgress.egress_encap_ipv6'
[02:45:22.062] [bmv2] [D] [thread 160878] [17.0] [cxt 0] Looking up key:
* standard_metadata.egress_port: 0000

[02:45:22.062] [bmv2] [D] [thread 160878] [17.0] [cxt 0] Table 'MyEgress.egress_encap_ipv6': miss
[02:45:22.062] [bmv2] [D] [thread 160878] [17.0] [cxt 0] Action entry is NoAction - 
[02:45:22.062] [bmv2] [T] [thread 160878] [17.0] [cxt 0] Action NoAction
[02:45:22.062] [bmv2] [T] [thread 160878] [17.0] [cxt 0] Applying table 'MyEgress.egress_encap_yequdesu'
[02:45:22.062] [bmv2] [D] [thread 160878] [17.0] [cxt 0] Looking up key:
* standard_metadata.egress_port: 0000

[02:45:22.062] [bmv2] [D] [thread 160878] [17.0] [cxt 0] Table 'MyEgress.egress_encap_yequdesu': miss
[02:45:22.062] [bmv2] [D] [thread 160878] [17.0] [cxt 0] Action entry is NoAction - 
[02:45:22.062] [bmv2] [T] [thread 160878] [17.0] [cxt 0] Action NoAction
[02:45:22.062] [bmv2] [T] [thread 160878] [17.0] [cxt 0] Applying table 'MyEgress.egress_encap_vxlan'
[02:45:22.062] [bmv2] [D] [thread 160878] [17.0] [cxt 0] Looking up key:
* standard_metadata.egress_port: 0000

[02:45:22.062] [bmv2] [D] [thread 160878] [17.0] [cxt 0] Table 'MyEgress.egress_encap_vxlan': miss
[02:45:22.062] [bmv2] [D] [thread 160878] [17.0] [cxt 0] Action entry is NoAction - 
[02:45:22.062] [bmv2] [T] [thread 160878] [17.0] [cxt 0] Action NoAction
[02:45:22.062] [bmv2] [D] [thread 160878] [17.0] [cxt 0] Pipeline 'egress': end
[02:45:22.062] [bmv2] [D] [thread 160878] [17.0] [cxt 0] Deparser 'deparser': start
[02:45:22.062] [bmv2] [T] [thread 160878] [17.0] [cxt 0] Skipping checksum 'cksum' update because condition not met
[02:45:22.062] [bmv2] [D] [thread 160878] [17.0] [cxt 0] Deparsing header 'ethernet'
[02:45:22.062] [bmv2] [D] [thread 160878] [17.0] [cxt 0] Deparsing header 'ipv6'
[02:45:22.062] [bmv2] [D] [thread 160878] [17.0] [cxt 0] Deparser 'deparser': end
[02:45:22.062] [bmv2] [D] [thread 160882] [17.0] [cxt 0] Transmitting packet of size 203 out of port 0
[02:45:22.128] [bmv2] [D] [thread 160877] [18.0] [cxt 0] Processing packet received on port 2
[02:45:22.128] [bmv2] [D] [thread 160877] [18.0] [cxt 0] Parser 'parser': start
[02:45:22.128] [bmv2] [D] [thread 160877] [18.0] [cxt 0] Parser 'parser' entering state 'start'
[02:45:22.128] [bmv2] [D] [thread 160877] [18.0] [cxt 0] Extracting header 'ethernet'
[02:45:22.128] [bmv2] [D] [thread 160877] [18.0] [cxt 0] Parser state 'start': key is 86dd
[02:45:22.128] [bmv2] [T] [thread 160877] [18.0] [cxt 0] Bytes parsed: 14
[02:45:22.128] [bmv2] [D] [thread 160877] [18.0] [cxt 0] Parser 'parser' entering state 'parse_ipv6'
[02:45:22.128] [bmv2] [D] [thread 160877] [18.0] [cxt 0] Extracting header 'ipv6'
[02:45:22.128] [bmv2] [D] [thread 160877] [18.0] [cxt 0] Parser state 'parse_ipv6': key is 11
[02:45:22.128] [bmv2] [T] [thread 160877] [18.0] [cxt 0] Bytes parsed: 54
[02:45:22.128] [bmv2] [D] [thread 160877] [18.0] [cxt 0] Parser 'parser': end
[02:45:22.128] [bmv2] [D] [thread 160877] [18.0] [cxt 0] Pipeline 'ingress': start
[02:45:22.128] [bmv2] [T] [thread 160877] [18.0] [cxt 0] basic.p4(565) Condition "hdr.ethernet.etherType == TYPE_ARP" (node_2) is false
[02:45:22.128] [bmv2] [T] [thread 160877] [18.0] [cxt 0] basic.p4(568) Condition "hdr.ethernet.etherType == TYPE_SRCROUTING" (node_4) is false
[02:45:22.128] [bmv2] [T] [thread 160877] [18.0] [cxt 0] basic.p4(581) Condition "hdr.ethernet.etherType == TYPE_YEQUDESU" (node_12) is false
[02:45:22.128] [bmv2] [T] [thread 160877] [18.0] [cxt 0] basic.p4(587) Condition "hdr.vxlan.isValid()" (node_15) is false
[02:45:22.128] [bmv2] [T] [thread 160877] [18.0] [cxt 0] basic.p4(591) Condition "hdr.ipv6.isValid()" (node_17) is true
[02:45:22.128] [bmv2] [T] [thread 160877] [18.0] [cxt 0] Applying table 'MyIngress.ipv6_lpm'
[02:45:22.128] [bmv2] [D] [thread 160877] [18.0] [cxt 0] Looking up key:
* hdr.ipv6.dstAddr    : ff0200000000000000000000000000fb

[02:45:22.128] [bmv2] [D] [thread 160877] [18.0] [cxt 0] Table 'MyIngress.ipv6_lpm': miss
[02:45:22.128] [bmv2] [D] [thread 160877] [18.0] [cxt 0] Action entry is NoAction - 
[02:45:22.128] [bmv2] [T] [thread 160877] [18.0] [cxt 0] Action NoAction
[02:45:22.128] [bmv2] [D] [thread 160877] [18.0] [cxt 0] Pipeline 'ingress': end
[02:45:22.128] [bmv2] [D] [thread 160877] [18.0] [cxt 0] Egress port is 0
[02:45:22.128] [bmv2] [D] [thread 160878] [18.0] [cxt 0] Pipeline 'egress': start
[02:45:22.128] [bmv2] [T] [thread 160878] [18.0] [cxt 0] Applying table 'MyEgress.egress_encap_ipv6'
[02:45:22.128] [bmv2] [D] [thread 160878] [18.0] [cxt 0] Looking up key:
* standard_metadata.egress_port: 0000

[02:45:22.128] [bmv2] [D] [thread 160878] [18.0] [cxt 0] Table 'MyEgress.egress_encap_ipv6': miss
[02:45:22.128] [bmv2] [D] [thread 160878] [18.0] [cxt 0] Action entry is NoAction - 
[02:45:22.128] [bmv2] [T] [thread 160878] [18.0] [cxt 0] Action NoAction
[02:45:22.128] [bmv2] [T] [thread 160878] [18.0] [cxt 0] Applying table 'MyEgress.egress_encap_yequdesu'
[02:45:22.128] [bmv2] [D] [thread 160878] [18.0] [cxt 0] Looking up key:
* standard_metadata.egress_port: 0000

[02:45:22.129] [bmv2] [D] [thread 160878] [18.0] [cxt 0] Table 'MyEgress.egress_encap_yequdesu': miss
[02:45:22.129] [bmv2] [D] [thread 160878] [18.0] [cxt 0] Action entry is NoAction - 
[02:45:22.129] [bmv2] [T] [thread 160878] [18.0] [cxt 0] Action NoAction
[02:45:22.129] [bmv2] [T] [thread 160878] [18.0] [cxt 0] Applying table 'MyEgress.egress_encap_vxlan'
[02:45:22.129] [bmv2] [D] [thread 160878] [18.0] [cxt 0] Looking up key:
* standard_metadata.egress_port: 0000

[02:45:22.129] [bmv2] [D] [thread 160878] [18.0] [cxt 0] Table 'MyEgress.egress_encap_vxlan': miss
[02:45:22.129] [bmv2] [D] [thread 160878] [18.0] [cxt 0] Action entry is NoAction - 
[02:45:22.129] [bmv2] [T] [thread 160878] [18.0] [cxt 0] Action NoAction
[02:45:22.129] [bmv2] [D] [thread 160878] [18.0] [cxt 0] Pipeline 'egress': end
[02:45:22.129] [bmv2] [D] [thread 160878] [18.0] [cxt 0] Deparser 'deparser': start
[02:45:22.129] [bmv2] [T] [thread 160878] [18.0] [cxt 0] Skipping checksum 'cksum' update because condition not met
[02:45:22.129] [bmv2] [D] [thread 160878] [18.0] [cxt 0] Deparsing header 'ethernet'
[02:45:22.129] [bmv2] [D] [thread 160878] [18.0] [cxt 0] Deparsing header 'ipv6'
[02:45:22.129] [bmv2] [D] [thread 160878] [18.0] [cxt 0] Deparser 'deparser': end
[02:45:22.129] [bmv2] [D] [thread 160882] [18.0] [cxt 0] Transmitting packet of size 203 out of port 0
[02:45:26.670] [bmv2] [D] [thread 160877] [19.0] [cxt 0] Processing packet received on port 1
[02:45:26.670] [bmv2] [D] [thread 160877] [19.0] [cxt 0] Parser 'parser': start
[02:45:26.670] [bmv2] [D] [thread 160877] [19.0] [cxt 0] Parser 'parser' entering state 'start'
[02:45:26.670] [bmv2] [D] [thread 160877] [19.0] [cxt 0] Extracting header 'ethernet'
[02:45:26.670] [bmv2] [D] [thread 160877] [19.0] [cxt 0] Parser state 'start': key is 86dd
[02:45:26.670] [bmv2] [T] [thread 160877] [19.0] [cxt 0] Bytes parsed: 14
[02:45:26.670] [bmv2] [D] [thread 160877] [19.0] [cxt 0] Parser 'parser' entering state 'parse_ipv6'
[02:45:26.670] [bmv2] [D] [thread 160877] [19.0] [cxt 0] Extracting header 'ipv6'
[02:45:26.670] [bmv2] [D] [thread 160877] [19.0] [cxt 0] Parser state 'parse_ipv6': key is 3a
[02:45:26.670] [bmv2] [T] [thread 160877] [19.0] [cxt 0] Bytes parsed: 54
[02:45:26.670] [bmv2] [D] [thread 160877] [19.0] [cxt 0] Parser 'parser': end
[02:45:26.670] [bmv2] [D] [thread 160877] [19.0] [cxt 0] Pipeline 'ingress': start
[02:45:26.670] [bmv2] [T] [thread 160877] [19.0] [cxt 0] basic.p4(565) Condition "hdr.ethernet.etherType == TYPE_ARP" (node_2) is false
[02:45:26.670] [bmv2] [T] [thread 160877] [19.0] [cxt 0] basic.p4(568) Condition "hdr.ethernet.etherType == TYPE_SRCROUTING" (node_4) is false
[02:45:26.670] [bmv2] [T] [thread 160877] [19.0] [cxt 0] basic.p4(581) Condition "hdr.ethernet.etherType == TYPE_YEQUDESU" (node_12) is false
[02:45:26.670] [bmv2] [T] [thread 160877] [19.0] [cxt 0] basic.p4(587) Condition "hdr.vxlan.isValid()" (node_15) is false
[02:45:26.670] [bmv2] [T] [thread 160877] [19.0] [cxt 0] basic.p4(591) Condition "hdr.ipv6.isValid()" (node_17) is true
[02:45:26.670] [bmv2] [T] [thread 160877] [19.0] [cxt 0] Applying table 'MyIngress.ipv6_lpm'
[02:45:26.670] [bmv2] [D] [thread 160877] [19.0] [cxt 0] Looking up key:
* hdr.ipv6.dstAddr    : ff020000000000000000000000000002

[02:45:26.670] [bmv2] [D] [thread 160877] [19.0] [cxt 0] Table 'MyIngress.ipv6_lpm': miss
[02:45:26.670] [bmv2] [D] [thread 160877] [19.0] [cxt 0] Action entry is NoAction - 
[02:45:26.670] [bmv2] [T] [thread 160877] [19.0] [cxt 0] Action NoAction
[02:45:26.670] [bmv2] [D] [thread 160877] [19.0] [cxt 0] Pipeline 'ingress': end
[02:45:26.670] [bmv2] [D] [thread 160877] [19.0] [cxt 0] Egress port is 0
[02:45:26.670] [bmv2] [D] [thread 160878] [19.0] [cxt 0] Pipeline 'egress': start
[02:45:26.670] [bmv2] [T] [thread 160878] [19.0] [cxt 0] Applying table 'MyEgress.egress_encap_ipv6'
[02:45:26.670] [bmv2] [D] [thread 160878] [19.0] [cxt 0] Looking up key:
* standard_metadata.egress_port: 0000

[02:45:26.670] [bmv2] [D] [thread 160878] [19.0] [cxt 0] Table 'MyEgress.egress_encap_ipv6': miss
[02:45:26.670] [bmv2] [D] [thread 160878] [19.0] [cxt 0] Action entry is NoAction - 
[02:45:26.670] [bmv2] [T] [thread 160878] [19.0] [cxt 0] Action NoAction
[02:45:26.670] [bmv2] [T] [thread 160878] [19.0] [cxt 0] Applying table 'MyEgress.egress_encap_yequdesu'
[02:45:26.670] [bmv2] [D] [thread 160878] [19.0] [cxt 0] Looking up key:
* standard_metadata.egress_port: 0000

[02:45:26.670] [bmv2] [D] [thread 160878] [19.0] [cxt 0] Table 'MyEgress.egress_encap_yequdesu': miss
[02:45:26.670] [bmv2] [D] [thread 160878] [19.0] [cxt 0] Action entry is NoAction - 
[02:45:26.670] [bmv2] [T] [thread 160878] [19.0] [cxt 0] Action NoAction
[02:45:26.670] [bmv2] [T] [thread 160878] [19.0] [cxt 0] Applying table 'MyEgress.egress_encap_vxlan'
[02:45:26.670] [bmv2] [D] [thread 160878] [19.0] [cxt 0] Looking up key:
* standard_metadata.egress_port: 0000

[02:45:26.670] [bmv2] [D] [thread 160878] [19.0] [cxt 0] Table 'MyEgress.egress_encap_vxlan': miss
[02:45:26.670] [bmv2] [D] [thread 160878] [19.0] [cxt 0] Action entry is NoAction - 
[02:45:26.670] [bmv2] [T] [thread 160878] [19.0] [cxt 0] Action NoAction
[02:45:26.670] [bmv2] [D] [thread 160878] [19.0] [cxt 0] Pipeline 'egress': end
[02:45:26.670] [bmv2] [D] [thread 160878] [19.0] [cxt 0] Deparser 'deparser': start
[02:45:26.670] [bmv2] [T] [thread 160878] [19.0] [cxt 0] Skipping checksum 'cksum' update because condition not met
[02:45:26.670] [bmv2] [D] [thread 160878] [19.0] [cxt 0] Deparsing header 'ethernet'
[02:45:26.670] [bmv2] [D] [thread 160878] [19.0] [cxt 0] Deparsing header 'ipv6'
[02:45:26.670] [bmv2] [D] [thread 160878] [19.0] [cxt 0] Deparser 'deparser': end
[02:45:26.670] [bmv2] [D] [thread 160882] [19.0] [cxt 0] Transmitting packet of size 70 out of port 0
[02:45:27.183] [bmv2] [D] [thread 160877] [20.0] [cxt 0] Processing packet received on port 2
[02:45:27.183] [bmv2] [D] [thread 160877] [20.0] [cxt 0] Parser 'parser': start
[02:45:27.183] [bmv2] [D] [thread 160877] [20.0] [cxt 0] Parser 'parser' entering state 'start'
[02:45:27.183] [bmv2] [D] [thread 160877] [20.0] [cxt 0] Extracting header 'ethernet'
[02:45:27.183] [bmv2] [D] [thread 160877] [20.0] [cxt 0] Parser state 'start': key is 86dd
[02:45:27.183] [bmv2] [T] [thread 160877] [20.0] [cxt 0] Bytes parsed: 14
[02:45:27.183] [bmv2] [D] [thread 160877] [20.0] [cxt 0] Parser 'parser' entering state 'parse_ipv6'
[02:45:27.183] [bmv2] [D] [thread 160877] [20.0] [cxt 0] Extracting header 'ipv6'
[02:45:27.183] [bmv2] [D] [thread 160877] [20.0] [cxt 0] Parser state 'parse_ipv6': key is 3a
[02:45:27.183] [bmv2] [T] [thread 160877] [20.0] [cxt 0] Bytes parsed: 54
[02:45:27.183] [bmv2] [D] [thread 160877] [20.0] [cxt 0] Parser 'parser': end
[02:45:27.183] [bmv2] [D] [thread 160877] [20.0] [cxt 0] Pipeline 'ingress': start
[02:45:27.183] [bmv2] [T] [thread 160877] [20.0] [cxt 0] basic.p4(565) Condition "hdr.ethernet.etherType == TYPE_ARP" (node_2) is false
[02:45:27.183] [bmv2] [T] [thread 160877] [20.0] [cxt 0] basic.p4(568) Condition "hdr.ethernet.etherType == TYPE_SRCROUTING" (node_4) is false
[02:45:27.183] [bmv2] [T] [thread 160877] [20.0] [cxt 0] basic.p4(581) Condition "hdr.ethernet.etherType == TYPE_YEQUDESU" (node_12) is false
[02:45:27.183] [bmv2] [T] [thread 160877] [20.0] [cxt 0] basic.p4(587) Condition "hdr.vxlan.isValid()" (node_15) is false
[02:45:27.183] [bmv2] [T] [thread 160877] [20.0] [cxt 0] basic.p4(591) Condition "hdr.ipv6.isValid()" (node_17) is true
[02:45:27.183] [bmv2] [T] [thread 160877] [20.0] [cxt 0] Applying table 'MyIngress.ipv6_lpm'
[02:45:27.183] [bmv2] [D] [thread 160877] [20.0] [cxt 0] Looking up key:
* hdr.ipv6.dstAddr    : ff020000000000000000000000000002

[02:45:27.183] [bmv2] [D] [thread 160877] [20.0] [cxt 0] Table 'MyIngress.ipv6_lpm': miss
[02:45:27.183] [bmv2] [D] [thread 160877] [20.0] [cxt 0] Action entry is NoAction - 
[02:45:27.183] [bmv2] [T] [thread 160877] [20.0] [cxt 0] Action NoAction
[02:45:27.183] [bmv2] [D] [thread 160877] [20.0] [cxt 0] Pipeline 'ingress': end
[02:45:27.183] [bmv2] [D] [thread 160877] [20.0] [cxt 0] Egress port is 0
[02:45:27.183] [bmv2] [D] [thread 160878] [20.0] [cxt 0] Pipeline 'egress': start
[02:45:27.183] [bmv2] [T] [thread 160878] [20.0] [cxt 0] Applying table 'MyEgress.egress_encap_ipv6'
[02:45:27.183] [bmv2] [D] [thread 160878] [20.0] [cxt 0] Looking up key:
* standard_metadata.egress_port: 0000

[02:45:27.183] [bmv2] [D] [thread 160878] [20.0] [cxt 0] Table 'MyEgress.egress_encap_ipv6': miss
[02:45:27.183] [bmv2] [D] [thread 160878] [20.0] [cxt 0] Action entry is NoAction - 
[02:45:27.183] [bmv2] [T] [thread 160878] [20.0] [cxt 0] Action NoAction
[02:45:27.183] [bmv2] [T] [thread 160878] [20.0] [cxt 0] Applying table 'MyEgress.egress_encap_yequdesu'
[02:45:27.183] [bmv2] [D] [thread 160878] [20.0] [cxt 0] Looking up key:
* standard_metadata.egress_port: 0000

[02:45:27.183] [bmv2] [D] [thread 160878] [20.0] [cxt 0] Table 'MyEgress.egress_encap_yequdesu': miss
[02:45:27.183] [bmv2] [D] [thread 160878] [20.0] [cxt 0] Action entry is NoAction - 
[02:45:27.183] [bmv2] [T] [thread 160878] [20.0] [cxt 0] Action NoAction
[02:45:27.183] [bmv2] [T] [thread 160878] [20.0] [cxt 0] Applying table 'MyEgress.egress_encap_vxlan'
[02:45:27.183] [bmv2] [D] [thread 160878] [20.0] [cxt 0] Looking up key:
* standard_metadata.egress_port: 0000

[02:45:27.183] [bmv2] [D] [thread 160878] [20.0] [cxt 0] Table 'MyEgress.egress_encap_vxlan': miss
[02:45:27.183] [bmv2] [D] [thread 160878] [20.0] [cxt 0] Action entry is NoAction - 
[02:45:27.183] [bmv2] [T] [thread 160878] [20.0] [cxt 0] Action NoAction
[02:45:27.183] [bmv2] [D] [thread 160878] [20.0] [cxt 0] Pipeline 'egress': end
[02:45:27.183] [bmv2] [D] [thread 160878] [20.0] [cxt 0] Deparser 'deparser': start
[02:45:27.183] [bmv2] [T] [thread 160878] [20.0] [cxt 0] Skipping checksum 'cksum' update because condition not met
[02:45:27.183] [bmv2] [D] [thread 160878] [20.0] [cxt 0] Deparsing header 'ethernet'
[02:45:27.183] [bmv2] [D] [thread 160878] [20.0] [cxt 0] Deparsing header 'ipv6'
[02:45:27.183] [bmv2] [D] [thread 160878] [20.0] [cxt 0] Deparser 'deparser': end
[02:45:27.184] [bmv2] [D] [thread 160882] [20.0] [cxt 0] Transmitting packet of size 70 out of port 0
[02:45:27.693] [bmv2] [D] [thread 160877] [21.0] [cxt 0] Processing packet received on port 2
[02:45:27.693] [bmv2] [D] [thread 160877] [21.0] [cxt 0] Parser 'parser': start
[02:45:27.693] [bmv2] [D] [thread 160877] [21.0] [cxt 0] Parser 'parser' entering state 'start'
[02:45:27.693] [bmv2] [D] [thread 160877] [21.0] [cxt 0] Extracting header 'ethernet'
[02:45:27.693] [bmv2] [D] [thread 160877] [21.0] [cxt 0] Parser state 'start': key is 86dd
[02:45:27.693] [bmv2] [T] [thread 160877] [21.0] [cxt 0] Bytes parsed: 14
[02:45:27.693] [bmv2] [D] [thread 160877] [21.0] [cxt 0] Parser 'parser' entering state 'parse_ipv6'
[02:45:27.694] [bmv2] [D] [thread 160877] [21.0] [cxt 0] Extracting header 'ipv6'
[02:45:27.694] [bmv2] [D] [thread 160877] [21.0] [cxt 0] Parser state 'parse_ipv6': key is 3a
[02:45:27.694] [bmv2] [T] [thread 160877] [21.0] [cxt 0] Bytes parsed: 54
[02:45:27.694] [bmv2] [D] [thread 160877] [21.0] [cxt 0] Parser 'parser': end
[02:45:27.694] [bmv2] [D] [thread 160877] [21.0] [cxt 0] Pipeline 'ingress': start
[02:45:27.694] [bmv2] [T] [thread 160877] [21.0] [cxt 0] basic.p4(565) Condition "hdr.ethernet.etherType == TYPE_ARP" (node_2) is false
[02:45:27.694] [bmv2] [T] [thread 160877] [21.0] [cxt 0] basic.p4(568) Condition "hdr.ethernet.etherType == TYPE_SRCROUTING" (node_4) is false
[02:45:27.694] [bmv2] [T] [thread 160877] [21.0] [cxt 0] basic.p4(581) Condition "hdr.ethernet.etherType == TYPE_YEQUDESU" (node_12) is false
[02:45:27.694] [bmv2] [T] [thread 160877] [21.0] [cxt 0] basic.p4(587) Condition "hdr.vxlan.isValid()" (node_15) is false
[02:45:27.694] [bmv2] [T] [thread 160877] [21.0] [cxt 0] basic.p4(591) Condition "hdr.ipv6.isValid()" (node_17) is true
[02:45:27.694] [bmv2] [T] [thread 160877] [21.0] [cxt 0] Applying table 'MyIngress.ipv6_lpm'
[02:45:27.694] [bmv2] [D] [thread 160877] [21.0] [cxt 0] Looking up key:
* hdr.ipv6.dstAddr    : ff020000000000000000000000000002

[02:45:27.694] [bmv2] [D] [thread 160877] [21.0] [cxt 0] Table 'MyIngress.ipv6_lpm': miss
[02:45:27.694] [bmv2] [D] [thread 160877] [21.0] [cxt 0] Action entry is NoAction - 
[02:45:27.694] [bmv2] [T] [thread 160877] [21.0] [cxt 0] Action NoAction
[02:45:27.694] [bmv2] [D] [thread 160877] [21.0] [cxt 0] Pipeline 'ingress': end
[02:45:27.694] [bmv2] [D] [thread 160877] [21.0] [cxt 0] Egress port is 0
[02:45:27.694] [bmv2] [D] [thread 160878] [21.0] [cxt 0] Pipeline 'egress': start
[02:45:27.694] [bmv2] [T] [thread 160878] [21.0] [cxt 0] Applying table 'MyEgress.egress_encap_ipv6'
[02:45:27.694] [bmv2] [D] [thread 160878] [21.0] [cxt 0] Looking up key:
* standard_metadata.egress_port: 0000

[02:45:27.694] [bmv2] [D] [thread 160878] [21.0] [cxt 0] Table 'MyEgress.egress_encap_ipv6': miss
[02:45:27.694] [bmv2] [D] [thread 160878] [21.0] [cxt 0] Action entry is NoAction - 
[02:45:27.694] [bmv2] [T] [thread 160878] [21.0] [cxt 0] Action NoAction
[02:45:27.694] [bmv2] [T] [thread 160878] [21.0] [cxt 0] Applying table 'MyEgress.egress_encap_yequdesu'
[02:45:27.694] [bmv2] [D] [thread 160878] [21.0] [cxt 0] Looking up key:
* standard_metadata.egress_port: 0000

[02:45:27.694] [bmv2] [D] [thread 160878] [21.0] [cxt 0] Table 'MyEgress.egress_encap_yequdesu': miss
[02:45:27.694] [bmv2] [D] [thread 160878] [21.0] [cxt 0] Action entry is NoAction - 
[02:45:27.694] [bmv2] [T] [thread 160878] [21.0] [cxt 0] Action NoAction
[02:45:27.694] [bmv2] [T] [thread 160878] [21.0] [cxt 0] Applying table 'MyEgress.egress_encap_vxlan'
[02:45:27.694] [bmv2] [D] [thread 160878] [21.0] [cxt 0] Looking up key:
* standard_metadata.egress_port: 0000

[02:45:27.694] [bmv2] [D] [thread 160878] [21.0] [cxt 0] Table 'MyEgress.egress_encap_vxlan': miss
[02:45:27.694] [bmv2] [D] [thread 160878] [21.0] [cxt 0] Action entry is NoAction - 
[02:45:27.694] [bmv2] [T] [thread 160878] [21.0] [cxt 0] Action NoAction
[02:45:27.694] [bmv2] [D] [thread 160878] [21.0] [cxt 0] Pipeline 'egress': end
[02:45:27.694] [bmv2] [D] [thread 160878] [21.0] [cxt 0] Deparser 'deparser': start
[02:45:27.694] [bmv2] [T] [thread 160878] [21.0] [cxt 0] Skipping checksum 'cksum' update because condition not met
[02:45:27.694] [bmv2] [D] [thread 160878] [21.0] [cxt 0] Deparsing header 'ethernet'
[02:45:27.694] [bmv2] [D] [thread 160878] [21.0] [cxt 0] Deparsing header 'ipv6'
[02:45:27.694] [bmv2] [D] [thread 160878] [21.0] [cxt 0] Deparser 'deparser': end
[02:45:27.694] [bmv2] [D] [thread 160882] [21.0] [cxt 0] Transmitting packet of size 70 out of port 0
[02:45:28.206] [bmv2] [D] [thread 160877] [22.0] [cxt 0] Processing packet received on port 1
[02:45:28.206] [bmv2] [D] [thread 160877] [22.0] [cxt 0] Parser 'parser': start
[02:45:28.206] [bmv2] [D] [thread 160877] [22.0] [cxt 0] Parser 'parser' entering state 'start'
[02:45:28.206] [bmv2] [D] [thread 160877] [22.0] [cxt 0] Extracting header 'ethernet'
[02:45:28.206] [bmv2] [D] [thread 160877] [22.0] [cxt 0] Parser state 'start': key is 86dd
[02:45:28.206] [bmv2] [T] [thread 160877] [22.0] [cxt 0] Bytes parsed: 14
[02:45:28.206] [bmv2] [D] [thread 160877] [22.0] [cxt 0] Parser 'parser' entering state 'parse_ipv6'
[02:45:28.206] [bmv2] [D] [thread 160877] [22.0] [cxt 0] Extracting header 'ipv6'
[02:45:28.206] [bmv2] [D] [thread 160877] [22.0] [cxt 0] Parser state 'parse_ipv6': key is 3a
[02:45:28.206] [bmv2] [T] [thread 160877] [22.0] [cxt 0] Bytes parsed: 54
[02:45:28.206] [bmv2] [D] [thread 160877] [22.0] [cxt 0] Parser 'parser': end
[02:45:28.206] [bmv2] [D] [thread 160877] [22.0] [cxt 0] Pipeline 'ingress': start
[02:45:28.206] [bmv2] [T] [thread 160877] [22.0] [cxt 0] basic.p4(565) Condition "hdr.ethernet.etherType == TYPE_ARP" (node_2) is false
[02:45:28.206] [bmv2] [T] [thread 160877] [22.0] [cxt 0] basic.p4(568) Condition "hdr.ethernet.etherType == TYPE_SRCROUTING" (node_4) is false
[02:45:28.206] [bmv2] [T] [thread 160877] [22.0] [cxt 0] basic.p4(581) Condition "hdr.ethernet.etherType == TYPE_YEQUDESU" (node_12) is false
[02:45:28.206] [bmv2] [T] [thread 160877] [22.0] [cxt 0] basic.p4(587) Condition "hdr.vxlan.isValid()" (node_15) is false
[02:45:28.206] [bmv2] [T] [thread 160877] [22.0] [cxt 0] basic.p4(591) Condition "hdr.ipv6.isValid()" (node_17) is true
[02:45:28.206] [bmv2] [T] [thread 160877] [22.0] [cxt 0] Applying table 'MyIngress.ipv6_lpm'
[02:45:28.206] [bmv2] [D] [thread 160877] [22.0] [cxt 0] Looking up key:
* hdr.ipv6.dstAddr    : ff020000000000000000000000000002

[02:45:28.206] [bmv2] [D] [thread 160877] [22.0] [cxt 0] Table 'MyIngress.ipv6_lpm': miss
[02:45:28.206] [bmv2] [D] [thread 160877] [22.0] [cxt 0] Action entry is NoAction - 
[02:45:28.206] [bmv2] [T] [thread 160877] [22.0] [cxt 0] Action NoAction
[02:45:28.206] [bmv2] [D] [thread 160877] [22.0] [cxt 0] Pipeline 'ingress': end
[02:45:28.206] [bmv2] [D] [thread 160877] [22.0] [cxt 0] Egress port is 0
[02:45:28.206] [bmv2] [D] [thread 160878] [22.0] [cxt 0] Pipeline 'egress': start
[02:45:28.206] [bmv2] [T] [thread 160878] [22.0] [cxt 0] Applying table 'MyEgress.egress_encap_ipv6'
[02:45:28.206] [bmv2] [D] [thread 160878] [22.0] [cxt 0] Looking up key:
* standard_metadata.egress_port: 0000

[02:45:28.206] [bmv2] [D] [thread 160878] [22.0] [cxt 0] Table 'MyEgress.egress_encap_ipv6': miss
[02:45:28.206] [bmv2] [D] [thread 160878] [22.0] [cxt 0] Action entry is NoAction - 
[02:45:28.206] [bmv2] [T] [thread 160878] [22.0] [cxt 0] Action NoAction
[02:45:28.206] [bmv2] [T] [thread 160878] [22.0] [cxt 0] Applying table 'MyEgress.egress_encap_yequdesu'
[02:45:28.206] [bmv2] [D] [thread 160878] [22.0] [cxt 0] Looking up key:
* standard_metadata.egress_port: 0000

[02:45:28.206] [bmv2] [D] [thread 160878] [22.0] [cxt 0] Table 'MyEgress.egress_encap_yequdesu': miss
[02:45:28.206] [bmv2] [D] [thread 160878] [22.0] [cxt 0] Action entry is NoAction - 
[02:45:28.206] [bmv2] [T] [thread 160878] [22.0] [cxt 0] Action NoAction
[02:45:28.206] [bmv2] [T] [thread 160878] [22.0] [cxt 0] Applying table 'MyEgress.egress_encap_vxlan'
[02:45:28.206] [bmv2] [D] [thread 160878] [22.0] [cxt 0] Looking up key:
* standard_metadata.egress_port: 0000

[02:45:28.206] [bmv2] [D] [thread 160878] [22.0] [cxt 0] Table 'MyEgress.egress_encap_vxlan': miss
[02:45:28.206] [bmv2] [D] [thread 160878] [22.0] [cxt 0] Action entry is NoAction - 
[02:45:28.206] [bmv2] [T] [thread 160878] [22.0] [cxt 0] Action NoAction
[02:45:28.206] [bmv2] [D] [thread 160878] [22.0] [cxt 0] Pipeline 'egress': end
[02:45:28.206] [bmv2] [D] [thread 160878] [22.0] [cxt 0] Deparser 'deparser': start
[02:45:28.206] [bmv2] [T] [thread 160878] [22.0] [cxt 0] Skipping checksum 'cksum' update because condition not met
[02:45:28.206] [bmv2] [D] [thread 160878] [22.0] [cxt 0] Deparsing header 'ethernet'
[02:45:28.206] [bmv2] [D] [thread 160878] [22.0] [cxt 0] Deparsing header 'ipv6'
[02:45:28.206] [bmv2] [D] [thread 160878] [22.0] [cxt 0] Deparser 'deparser': end
[02:45:28.207] [bmv2] [D] [thread 160882] [22.0] [cxt 0] Transmitting packet of size 70 out of port 0
[02:45:29.489] [bmv2] [D] [thread 160877] [23.0] [cxt 0] Processing packet received on port 1
[02:45:29.489] [bmv2] [D] [thread 160877] [23.0] [cxt 0] Parser 'parser': start
[02:45:29.489] [bmv2] [D] [thread 160877] [23.0] [cxt 0] Parser 'parser' entering state 'start'
[02:45:29.489] [bmv2] [D] [thread 160877] [23.0] [cxt 0] Extracting header 'ethernet'
[02:45:29.489] [bmv2] [D] [thread 160877] [23.0] [cxt 0] Parser state 'start': key is 86dd
[02:45:29.489] [bmv2] [T] [thread 160877] [23.0] [cxt 0] Bytes parsed: 14
[02:45:29.489] [bmv2] [D] [thread 160877] [23.0] [cxt 0] Parser 'parser' entering state 'parse_ipv6'
[02:45:29.489] [bmv2] [D] [thread 160877] [23.0] [cxt 0] Extracting header 'ipv6'
[02:45:29.489] [bmv2] [D] [thread 160877] [23.0] [cxt 0] Parser state 'parse_ipv6': key is 11
[02:45:29.489] [bmv2] [T] [thread 160877] [23.0] [cxt 0] Bytes parsed: 54
[02:45:29.489] [bmv2] [D] [thread 160877] [23.0] [cxt 0] Parser 'parser': end
[02:45:29.489] [bmv2] [D] [thread 160877] [23.0] [cxt 0] Pipeline 'ingress': start
[02:45:29.489] [bmv2] [T] [thread 160877] [23.0] [cxt 0] basic.p4(565) Condition "hdr.ethernet.etherType == TYPE_ARP" (node_2) is false
[02:45:29.489] [bmv2] [T] [thread 160877] [23.0] [cxt 0] basic.p4(568) Condition "hdr.ethernet.etherType == TYPE_SRCROUTING" (node_4) is false
[02:45:29.489] [bmv2] [T] [thread 160877] [23.0] [cxt 0] basic.p4(581) Condition "hdr.ethernet.etherType == TYPE_YEQUDESU" (node_12) is false
[02:45:29.489] [bmv2] [T] [thread 160877] [23.0] [cxt 0] basic.p4(587) Condition "hdr.vxlan.isValid()" (node_15) is false
[02:45:29.489] [bmv2] [T] [thread 160877] [23.0] [cxt 0] basic.p4(591) Condition "hdr.ipv6.isValid()" (node_17) is true
[02:45:29.489] [bmv2] [T] [thread 160877] [23.0] [cxt 0] Applying table 'MyIngress.ipv6_lpm'
[02:45:29.489] [bmv2] [D] [thread 160877] [23.0] [cxt 0] Looking up key:
* hdr.ipv6.dstAddr    : ff0200000000000000000000000000fb

[02:45:29.489] [bmv2] [D] [thread 160877] [23.0] [cxt 0] Table 'MyIngress.ipv6_lpm': miss
[02:45:29.489] [bmv2] [D] [thread 160877] [23.0] [cxt 0] Action entry is NoAction - 
[02:45:29.489] [bmv2] [T] [thread 160877] [23.0] [cxt 0] Action NoAction
[02:45:29.489] [bmv2] [D] [thread 160877] [23.0] [cxt 0] Pipeline 'ingress': end
[02:45:29.489] [bmv2] [D] [thread 160877] [23.0] [cxt 0] Egress port is 0
[02:45:29.489] [bmv2] [D] [thread 160878] [23.0] [cxt 0] Pipeline 'egress': start
[02:45:29.489] [bmv2] [T] [thread 160878] [23.0] [cxt 0] Applying table 'MyEgress.egress_encap_ipv6'
[02:45:29.489] [bmv2] [D] [thread 160878] [23.0] [cxt 0] Looking up key:
* standard_metadata.egress_port: 0000

[02:45:29.489] [bmv2] [D] [thread 160878] [23.0] [cxt 0] Table 'MyEgress.egress_encap_ipv6': miss
[02:45:29.489] [bmv2] [D] [thread 160878] [23.0] [cxt 0] Action entry is NoAction - 
[02:45:29.489] [bmv2] [T] [thread 160878] [23.0] [cxt 0] Action NoAction
[02:45:29.489] [bmv2] [T] [thread 160878] [23.0] [cxt 0] Applying table 'MyEgress.egress_encap_yequdesu'
[02:45:29.489] [bmv2] [D] [thread 160878] [23.0] [cxt 0] Looking up key:
* standard_metadata.egress_port: 0000

[02:45:29.489] [bmv2] [D] [thread 160878] [23.0] [cxt 0] Table 'MyEgress.egress_encap_yequdesu': miss
[02:45:29.489] [bmv2] [D] [thread 160878] [23.0] [cxt 0] Action entry is NoAction - 
[02:45:29.489] [bmv2] [T] [thread 160878] [23.0] [cxt 0] Action NoAction
[02:45:29.489] [bmv2] [T] [thread 160878] [23.0] [cxt 0] Applying table 'MyEgress.egress_encap_vxlan'
[02:45:29.489] [bmv2] [D] [thread 160878] [23.0] [cxt 0] Looking up key:
* standard_metadata.egress_port: 0000

[02:45:29.489] [bmv2] [D] [thread 160878] [23.0] [cxt 0] Table 'MyEgress.egress_encap_vxlan': miss
[02:45:29.489] [bmv2] [D] [thread 160878] [23.0] [cxt 0] Action entry is NoAction - 
[02:45:29.489] [bmv2] [T] [thread 160878] [23.0] [cxt 0] Action NoAction
[02:45:29.489] [bmv2] [D] [thread 160878] [23.0] [cxt 0] Pipeline 'egress': end
[02:45:29.489] [bmv2] [D] [thread 160878] [23.0] [cxt 0] Deparser 'deparser': start
[02:45:29.489] [bmv2] [T] [thread 160878] [23.0] [cxt 0] Skipping checksum 'cksum' update because condition not met
[02:45:29.489] [bmv2] [D] [thread 160878] [23.0] [cxt 0] Deparsing header 'ethernet'
[02:45:29.489] [bmv2] [D] [thread 160878] [23.0] [cxt 0] Deparsing header 'ipv6'
[02:45:29.489] [bmv2] [D] [thread 160878] [23.0] [cxt 0] Deparser 'deparser': end
[02:45:29.489] [bmv2] [D] [thread 160882] [23.0] [cxt 0] Transmitting packet of size 203 out of port 0
[02:45:29.679] [bmv2] [D] [thread 160877] [24.0] [cxt 0] Processing packet received on port 2
[02:45:29.679] [bmv2] [D] [thread 160877] [24.0] [cxt 0] Parser 'parser': start
[02:45:29.679] [bmv2] [D] [thread 160877] [24.0] [cxt 0] Parser 'parser' entering state 'start'
[02:45:29.679] [bmv2] [D] [thread 160877] [24.0] [cxt 0] Extracting header 'ethernet'
[02:45:29.679] [bmv2] [D] [thread 160877] [24.0] [cxt 0] Parser state 'start': key is 86dd
[02:45:29.679] [bmv2] [T] [thread 160877] [24.0] [cxt 0] Bytes parsed: 14
[02:45:29.679] [bmv2] [D] [thread 160877] [24.0] [cxt 0] Parser 'parser' entering state 'parse_ipv6'
[02:45:29.679] [bmv2] [D] [thread 160877] [24.0] [cxt 0] Extracting header 'ipv6'
[02:45:29.679] [bmv2] [D] [thread 160877] [24.0] [cxt 0] Parser state 'parse_ipv6': key is 11
[02:45:29.679] [bmv2] [T] [thread 160877] [24.0] [cxt 0] Bytes parsed: 54
[02:45:29.679] [bmv2] [D] [thread 160877] [24.0] [cxt 0] Parser 'parser': end
[02:45:29.679] [bmv2] [D] [thread 160877] [24.0] [cxt 0] Pipeline 'ingress': start
[02:45:29.679] [bmv2] [T] [thread 160877] [24.0] [cxt 0] basic.p4(565) Condition "hdr.ethernet.etherType == TYPE_ARP" (node_2) is false
[02:45:29.679] [bmv2] [T] [thread 160877] [24.0] [cxt 0] basic.p4(568) Condition "hdr.ethernet.etherType == TYPE_SRCROUTING" (node_4) is false
[02:45:29.679] [bmv2] [T] [thread 160877] [24.0] [cxt 0] basic.p4(581) Condition "hdr.ethernet.etherType == TYPE_YEQUDESU" (node_12) is false
[02:45:29.679] [bmv2] [T] [thread 160877] [24.0] [cxt 0] basic.p4(587) Condition "hdr.vxlan.isValid()" (node_15) is false
[02:45:29.679] [bmv2] [T] [thread 160877] [24.0] [cxt 0] basic.p4(591) Condition "hdr.ipv6.isValid()" (node_17) is true
[02:45:29.679] [bmv2] [T] [thread 160877] [24.0] [cxt 0] Applying table 'MyIngress.ipv6_lpm'
[02:45:29.679] [bmv2] [D] [thread 160877] [24.0] [cxt 0] Looking up key:
* hdr.ipv6.dstAddr    : ff0200000000000000000000000000fb

[02:45:29.679] [bmv2] [D] [thread 160877] [24.0] [cxt 0] Table 'MyIngress.ipv6_lpm': miss
[02:45:29.679] [bmv2] [D] [thread 160877] [24.0] [cxt 0] Action entry is NoAction - 
[02:45:29.679] [bmv2] [T] [thread 160877] [24.0] [cxt 0] Action NoAction
[02:45:29.679] [bmv2] [D] [thread 160877] [24.0] [cxt 0] Pipeline 'ingress': end
[02:45:29.679] [bmv2] [D] [thread 160877] [24.0] [cxt 0] Egress port is 0
[02:45:29.680] [bmv2] [D] [thread 160878] [24.0] [cxt 0] Pipeline 'egress': start
[02:45:29.680] [bmv2] [T] [thread 160878] [24.0] [cxt 0] Applying table 'MyEgress.egress_encap_ipv6'
[02:45:29.680] [bmv2] [D] [thread 160878] [24.0] [cxt 0] Looking up key:
* standard_metadata.egress_port: 0000

[02:45:29.680] [bmv2] [D] [thread 160878] [24.0] [cxt 0] Table 'MyEgress.egress_encap_ipv6': miss
[02:45:29.680] [bmv2] [D] [thread 160878] [24.0] [cxt 0] Action entry is NoAction - 
[02:45:29.680] [bmv2] [T] [thread 160878] [24.0] [cxt 0] Action NoAction
[02:45:29.680] [bmv2] [T] [thread 160878] [24.0] [cxt 0] Applying table 'MyEgress.egress_encap_yequdesu'
[02:45:29.680] [bmv2] [D] [thread 160878] [24.0] [cxt 0] Looking up key:
* standard_metadata.egress_port: 0000

[02:45:29.680] [bmv2] [D] [thread 160878] [24.0] [cxt 0] Table 'MyEgress.egress_encap_yequdesu': miss
[02:45:29.680] [bmv2] [D] [thread 160878] [24.0] [cxt 0] Action entry is NoAction - 
[02:45:29.680] [bmv2] [T] [thread 160878] [24.0] [cxt 0] Action NoAction
[02:45:29.680] [bmv2] [T] [thread 160878] [24.0] [cxt 0] Applying table 'MyEgress.egress_encap_vxlan'
[02:45:29.680] [bmv2] [D] [thread 160878] [24.0] [cxt 0] Looking up key:
* standard_metadata.egress_port: 0000

[02:45:29.680] [bmv2] [D] [thread 160878] [24.0] [cxt 0] Table 'MyEgress.egress_encap_vxlan': miss
[02:45:29.680] [bmv2] [D] [thread 160878] [24.0] [cxt 0] Action entry is NoAction - 
[02:45:29.680] [bmv2] [T] [thread 160878] [24.0] [cxt 0] Action NoAction
[02:45:29.680] [bmv2] [D] [thread 160878] [24.0] [cxt 0] Pipeline 'egress': end
[02:45:29.680] [bmv2] [D] [thread 160878] [24.0] [cxt 0] Deparser 'deparser': start
[02:45:29.680] [bmv2] [T] [thread 160878] [24.0] [cxt 0] Skipping checksum 'cksum' update because condition not met
[02:45:29.680] [bmv2] [D] [thread 160878] [24.0] [cxt 0] Deparsing header 'ethernet'
[02:45:29.680] [bmv2] [D] [thread 160878] [24.0] [cxt 0] Deparsing header 'ipv6'
[02:45:29.680] [bmv2] [D] [thread 160878] [24.0] [cxt 0] Deparser 'deparser': end
[02:45:29.680] [bmv2] [D] [thread 160882] [24.0] [cxt 0] Transmitting packet of size 203 out of port 0
[02:45:30.063] [bmv2] [D] [thread 160877] [25.0] [cxt 0] Processing packet received on port 1
[02:45:30.063] [bmv2] [D] [thread 160877] [25.0] [cxt 0] Parser 'parser': start
[02:45:30.063] [bmv2] [D] [thread 160877] [25.0] [cxt 0] Parser 'parser' entering state 'start'
[02:45:30.063] [bmv2] [D] [thread 160877] [25.0] [cxt 0] Extracting header 'ethernet'
[02:45:30.063] [bmv2] [D] [thread 160877] [25.0] [cxt 0] Parser state 'start': key is 86dd
[02:45:30.063] [bmv2] [T] [thread 160877] [25.0] [cxt 0] Bytes parsed: 14
[02:45:30.063] [bmv2] [D] [thread 160877] [25.0] [cxt 0] Parser 'parser' entering state 'parse_ipv6'
[02:45:30.063] [bmv2] [D] [thread 160877] [25.0] [cxt 0] Extracting header 'ipv6'
[02:45:30.063] [bmv2] [D] [thread 160877] [25.0] [cxt 0] Parser state 'parse_ipv6': key is 11
[02:45:30.063] [bmv2] [T] [thread 160877] [25.0] [cxt 0] Bytes parsed: 54
[02:45:30.063] [bmv2] [D] [thread 160877] [25.0] [cxt 0] Parser 'parser': end
[02:45:30.063] [bmv2] [D] [thread 160877] [25.0] [cxt 0] Pipeline 'ingress': start
[02:45:30.063] [bmv2] [T] [thread 160877] [25.0] [cxt 0] basic.p4(565) Condition "hdr.ethernet.etherType == TYPE_ARP" (node_2) is false
[02:45:30.063] [bmv2] [T] [thread 160877] [25.0] [cxt 0] basic.p4(568) Condition "hdr.ethernet.etherType == TYPE_SRCROUTING" (node_4) is false
[02:45:30.063] [bmv2] [T] [thread 160877] [25.0] [cxt 0] basic.p4(581) Condition "hdr.ethernet.etherType == TYPE_YEQUDESU" (node_12) is false
[02:45:30.063] [bmv2] [T] [thread 160877] [25.0] [cxt 0] basic.p4(587) Condition "hdr.vxlan.isValid()" (node_15) is false
[02:45:30.063] [bmv2] [T] [thread 160877] [25.0] [cxt 0] basic.p4(591) Condition "hdr.ipv6.isValid()" (node_17) is true
[02:45:30.063] [bmv2] [T] [thread 160877] [25.0] [cxt 0] Applying table 'MyIngress.ipv6_lpm'
[02:45:30.063] [bmv2] [D] [thread 160877] [25.0] [cxt 0] Looking up key:
* hdr.ipv6.dstAddr    : ff0200000000000000000000000000fb

[02:45:30.063] [bmv2] [D] [thread 160877] [25.0] [cxt 0] Table 'MyIngress.ipv6_lpm': miss
[02:45:30.063] [bmv2] [D] [thread 160877] [25.0] [cxt 0] Action entry is NoAction - 
[02:45:30.063] [bmv2] [T] [thread 160877] [25.0] [cxt 0] Action NoAction
[02:45:30.063] [bmv2] [D] [thread 160877] [25.0] [cxt 0] Pipeline 'ingress': end
[02:45:30.063] [bmv2] [D] [thread 160877] [25.0] [cxt 0] Egress port is 0
[02:45:30.063] [bmv2] [D] [thread 160878] [25.0] [cxt 0] Pipeline 'egress': start
[02:45:30.063] [bmv2] [T] [thread 160878] [25.0] [cxt 0] Applying table 'MyEgress.egress_encap_ipv6'
[02:45:30.063] [bmv2] [D] [thread 160878] [25.0] [cxt 0] Looking up key:
* standard_metadata.egress_port: 0000

[02:45:30.063] [bmv2] [D] [thread 160878] [25.0] [cxt 0] Table 'MyEgress.egress_encap_ipv6': miss
[02:45:30.063] [bmv2] [D] [thread 160878] [25.0] [cxt 0] Action entry is NoAction - 
[02:45:30.063] [bmv2] [T] [thread 160878] [25.0] [cxt 0] Action NoAction
[02:45:30.063] [bmv2] [T] [thread 160878] [25.0] [cxt 0] Applying table 'MyEgress.egress_encap_yequdesu'
[02:45:30.063] [bmv2] [D] [thread 160878] [25.0] [cxt 0] Looking up key:
* standard_metadata.egress_port: 0000

[02:45:30.063] [bmv2] [D] [thread 160878] [25.0] [cxt 0] Table 'MyEgress.egress_encap_yequdesu': miss
[02:45:30.063] [bmv2] [D] [thread 160878] [25.0] [cxt 0] Action entry is NoAction - 
[02:45:30.063] [bmv2] [T] [thread 160878] [25.0] [cxt 0] Action NoAction
[02:45:30.063] [bmv2] [T] [thread 160878] [25.0] [cxt 0] Applying table 'MyEgress.egress_encap_vxlan'
[02:45:30.063] [bmv2] [D] [thread 160878] [25.0] [cxt 0] Looking up key:
* standard_metadata.egress_port: 0000

[02:45:30.063] [bmv2] [D] [thread 160878] [25.0] [cxt 0] Table 'MyEgress.egress_encap_vxlan': miss
[02:45:30.063] [bmv2] [D] [thread 160878] [25.0] [cxt 0] Action entry is NoAction - 
[02:45:30.063] [bmv2] [T] [thread 160878] [25.0] [cxt 0] Action NoAction
[02:45:30.063] [bmv2] [D] [thread 160878] [25.0] [cxt 0] Pipeline 'egress': end
[02:45:30.063] [bmv2] [D] [thread 160878] [25.0] [cxt 0] Deparser 'deparser': start
[02:45:30.063] [bmv2] [T] [thread 160878] [25.0] [cxt 0] Skipping checksum 'cksum' update because condition not met
[02:45:30.063] [bmv2] [D] [thread 160878] [25.0] [cxt 0] Deparsing header 'ethernet'
[02:45:30.063] [bmv2] [D] [thread 160878] [25.0] [cxt 0] Deparsing header 'ipv6'
[02:45:30.063] [bmv2] [D] [thread 160878] [25.0] [cxt 0] Deparser 'deparser': end
[02:45:30.063] [bmv2] [D] [thread 160882] [25.0] [cxt 0] Transmitting packet of size 203 out of port 0
[02:45:30.129] [bmv2] [D] [thread 160877] [26.0] [cxt 0] Processing packet received on port 2
[02:45:30.129] [bmv2] [D] [thread 160877] [26.0] [cxt 0] Parser 'parser': start
[02:45:30.129] [bmv2] [D] [thread 160877] [26.0] [cxt 0] Parser 'parser' entering state 'start'
[02:45:30.129] [bmv2] [D] [thread 160877] [26.0] [cxt 0] Extracting header 'ethernet'
[02:45:30.129] [bmv2] [D] [thread 160877] [26.0] [cxt 0] Parser state 'start': key is 86dd
[02:45:30.129] [bmv2] [T] [thread 160877] [26.0] [cxt 0] Bytes parsed: 14
[02:45:30.129] [bmv2] [D] [thread 160877] [26.0] [cxt 0] Parser 'parser' entering state 'parse_ipv6'
[02:45:30.129] [bmv2] [D] [thread 160877] [26.0] [cxt 0] Extracting header 'ipv6'
[02:45:30.129] [bmv2] [D] [thread 160877] [26.0] [cxt 0] Parser state 'parse_ipv6': key is 11
[02:45:30.129] [bmv2] [T] [thread 160877] [26.0] [cxt 0] Bytes parsed: 54
[02:45:30.129] [bmv2] [D] [thread 160877] [26.0] [cxt 0] Parser 'parser': end
[02:45:30.129] [bmv2] [D] [thread 160877] [26.0] [cxt 0] Pipeline 'ingress': start
[02:45:30.129] [bmv2] [T] [thread 160877] [26.0] [cxt 0] basic.p4(565) Condition "hdr.ethernet.etherType == TYPE_ARP" (node_2) is false
[02:45:30.129] [bmv2] [T] [thread 160877] [26.0] [cxt 0] basic.p4(568) Condition "hdr.ethernet.etherType == TYPE_SRCROUTING" (node_4) is false
[02:45:30.129] [bmv2] [T] [thread 160877] [26.0] [cxt 0] basic.p4(581) Condition "hdr.ethernet.etherType == TYPE_YEQUDESU" (node_12) is false
[02:45:30.129] [bmv2] [T] [thread 160877] [26.0] [cxt 0] basic.p4(587) Condition "hdr.vxlan.isValid()" (node_15) is false
[02:45:30.129] [bmv2] [T] [thread 160877] [26.0] [cxt 0] basic.p4(591) Condition "hdr.ipv6.isValid()" (node_17) is true
[02:45:30.129] [bmv2] [T] [thread 160877] [26.0] [cxt 0] Applying table 'MyIngress.ipv6_lpm'
[02:45:30.129] [bmv2] [D] [thread 160877] [26.0] [cxt 0] Looking up key:
* hdr.ipv6.dstAddr    : ff0200000000000000000000000000fb

[02:45:30.129] [bmv2] [D] [thread 160877] [26.0] [cxt 0] Table 'MyIngress.ipv6_lpm': miss
[02:45:30.129] [bmv2] [D] [thread 160877] [26.0] [cxt 0] Action entry is NoAction - 
[02:45:30.129] [bmv2] [T] [thread 160877] [26.0] [cxt 0] Action NoAction
[02:45:30.129] [bmv2] [D] [thread 160877] [26.0] [cxt 0] Pipeline 'ingress': end
[02:45:30.129] [bmv2] [D] [thread 160877] [26.0] [cxt 0] Egress port is 0
[02:45:30.129] [bmv2] [D] [thread 160878] [26.0] [cxt 0] Pipeline 'egress': start
[02:45:30.129] [bmv2] [T] [thread 160878] [26.0] [cxt 0] Applying table 'MyEgress.egress_encap_ipv6'
[02:45:30.129] [bmv2] [D] [thread 160878] [26.0] [cxt 0] Looking up key:
* standard_metadata.egress_port: 0000

[02:45:30.129] [bmv2] [D] [thread 160878] [26.0] [cxt 0] Table 'MyEgress.egress_encap_ipv6': miss
[02:45:30.129] [bmv2] [D] [thread 160878] [26.0] [cxt 0] Action entry is NoAction - 
[02:45:30.129] [bmv2] [T] [thread 160878] [26.0] [cxt 0] Action NoAction
[02:45:30.129] [bmv2] [T] [thread 160878] [26.0] [cxt 0] Applying table 'MyEgress.egress_encap_yequdesu'
[02:45:30.129] [bmv2] [D] [thread 160878] [26.0] [cxt 0] Looking up key:
* standard_metadata.egress_port: 0000

[02:45:30.129] [bmv2] [D] [thread 160878] [26.0] [cxt 0] Table 'MyEgress.egress_encap_yequdesu': miss
[02:45:30.129] [bmv2] [D] [thread 160878] [26.0] [cxt 0] Action entry is NoAction - 
[02:45:30.129] [bmv2] [T] [thread 160878] [26.0] [cxt 0] Action NoAction
[02:45:30.129] [bmv2] [T] [thread 160878] [26.0] [cxt 0] Applying table 'MyEgress.egress_encap_vxlan'
[02:45:30.129] [bmv2] [D] [thread 160878] [26.0] [cxt 0] Looking up key:
* standard_metadata.egress_port: 0000

[02:45:30.129] [bmv2] [D] [thread 160878] [26.0] [cxt 0] Table 'MyEgress.egress_encap_vxlan': miss
[02:45:30.129] [bmv2] [D] [thread 160878] [26.0] [cxt 0] Action entry is NoAction - 
[02:45:30.129] [bmv2] [T] [thread 160878] [26.0] [cxt 0] Action NoAction
[02:45:30.129] [bmv2] [D] [thread 160878] [26.0] [cxt 0] Pipeline 'egress': end
[02:45:30.129] [bmv2] [D] [thread 160878] [26.0] [cxt 0] Deparser 'deparser': start
[02:45:30.129] [bmv2] [T] [thread 160878] [26.0] [cxt 0] Skipping checksum 'cksum' update because condition not met
[02:45:30.129] [bmv2] [D] [thread 160878] [26.0] [cxt 0] Deparsing header 'ethernet'
[02:45:30.129] [bmv2] [D] [thread 160878] [26.0] [cxt 0] Deparsing header 'ipv6'
[02:45:30.129] [bmv2] [D] [thread 160878] [26.0] [cxt 0] Deparser 'deparser': end
[02:45:30.129] [bmv2] [D] [thread 160882] [26.0] [cxt 0] Transmitting packet of size 203 out of port 0
[02:45:30.455] [bmv2] [W] [thread 161173] [P4Runtime] p4::tmp::P4DeviceConfig is deprecated
[02:45:30.461] [bmv2] [D] [thread 161173] Set default default entry for table 'MyIngress.arp_match': MyIngress.drop - 
[02:45:30.461] [bmv2] [D] [thread 161173] Set default default entry for table 'tbl_srcRoute_finish': MyIngress.srcRoute_finish - 
[02:45:30.461] [bmv2] [D] [thread 161173] Set default default entry for table 'MyIngress.ipv4_lpm_src': NoAction - 
[02:45:30.461] [bmv2] [D] [thread 161173] Set default default entry for table 'tbl_srcRoute_nhop': MyIngress.srcRoute_nhop - 
[02:45:30.461] [bmv2] [D] [thread 161173] Set default default entry for table 'tbl_update_ttl': MyIngress.update_ttl - 
[02:45:30.461] [bmv2] [D] [thread 161173] Set default default entry for table 'MyIngress.yequdesu_exact': MyIngress.drop - 
[02:45:30.461] [bmv2] [D] [thread 161173] Set default default entry for table 'MyIngress.vxlan_decap_exact': MyIngress.drop - 
[02:45:30.461] [bmv2] [D] [thread 161173] Set default default entry for table 'MyIngress.ipv6_lpm': NoAction - 
[02:45:30.461] [bmv2] [D] [thread 161173] Set default default entry for table 'MyIngress.vxlan_lpm': NoAction - 
[02:45:30.461] [bmv2] [D] [thread 161173] Set default default entry for table 'MyIngress.modality_schedule': NoAction - 
[02:45:30.461] [bmv2] [D] [thread 161173] Set default default entry for table 'MyIngress.adjudication': NoAction - 
[02:45:30.461] [bmv2] [D] [thread 161173] Set default default entry for table 'MyIngress.ipv4_lpm': NoAction - 
[02:45:30.462] [bmv2] [D] [thread 161173] Set default default entry for table 'MyEgress.egress_encap_ipv6': NoAction - 
[02:45:30.462] [bmv2] [D] [thread 161173] Set default default entry for table 'MyEgress.egress_encap_yequdesu': NoAction - 
[02:45:30.462] [bmv2] [D] [thread 161173] Set default default entry for table 'MyEgress.egress_encap_vxlan': NoAction - 
[02:45:30.464] [bmv2] [D] [thread 161173] simple_switch target has been notified of a config swap
[02:45:30.547] [bmv2] [D] [thread 161173] Entry 0 added to table 'MyIngress.yequdesu_exact'
[02:45:30.547] [bmv2] [D] [thread 161173] Dumping entry 0
Match key:
* hdr.yequdesu.dst_id : EXACT     012c
Action entry: MyIngress.yequdesu_forward - 2,

[02:45:30.551] [bmv2] [D] [thread 161174] Entry 1 added to table 'MyIngress.yequdesu_exact'
[02:45:30.551] [bmv2] [D] [thread 161174] Dumping entry 1
Match key:
* hdr.yequdesu.dst_id : EXACT     012d
Action entry: MyIngress.yequdesu_forward - 1,

[02:45:42.542] [bmv2] [D] [thread 160877] [27.0] [cxt 0] Processing packet received on port 1
[02:45:42.542] [bmv2] [D] [thread 160877] [27.0] [cxt 0] Parser 'parser': start
[02:45:42.542] [bmv2] [D] [thread 160877] [27.0] [cxt 0] Parser 'parser' entering state 'start'
[02:45:42.542] [bmv2] [D] [thread 160877] [27.0] [cxt 0] Extracting header 'ethernet'
[02:45:42.542] [bmv2] [D] [thread 160877] [27.0] [cxt 0] Parser state 'start': key is 86dd
[02:45:42.542] [bmv2] [T] [thread 160877] [27.0] [cxt 0] Bytes parsed: 14
[02:45:42.542] [bmv2] [D] [thread 160877] [27.0] [cxt 0] Parser 'parser' entering state 'parse_ipv6'
[02:45:42.542] [bmv2] [D] [thread 160877] [27.0] [cxt 0] Extracting header 'ipv6'
[02:45:42.542] [bmv2] [D] [thread 160877] [27.0] [cxt 0] Parser state 'parse_ipv6': key is 3a
[02:45:42.542] [bmv2] [T] [thread 160877] [27.0] [cxt 0] Bytes parsed: 54
[02:45:42.542] [bmv2] [D] [thread 160877] [27.0] [cxt 0] Parser 'parser': end
[02:45:42.542] [bmv2] [D] [thread 160877] [27.0] [cxt 0] Pipeline 'ingress': start
[02:45:42.542] [bmv2] [T] [thread 160877] [27.0] [cxt 0] basic.p4(565) Condition "hdr.ethernet.etherType == TYPE_ARP" (node_2) is false
[02:45:42.542] [bmv2] [T] [thread 160877] [27.0] [cxt 0] basic.p4(568) Condition "hdr.ethernet.etherType == TYPE_SRCROUTING" (node_4) is false
[02:45:42.542] [bmv2] [T] [thread 160877] [27.0] [cxt 0] basic.p4(581) Condition "hdr.ethernet.etherType == TYPE_YEQUDESU" (node_12) is false
[02:45:42.542] [bmv2] [T] [thread 160877] [27.0] [cxt 0] basic.p4(587) Condition "hdr.vxlan.isValid()" (node_15) is false
[02:45:42.542] [bmv2] [T] [thread 160877] [27.0] [cxt 0] basic.p4(591) Condition "hdr.ipv6.isValid()" (node_17) is true
[02:45:42.542] [bmv2] [T] [thread 160877] [27.0] [cxt 0] Applying table 'MyIngress.ipv6_lpm'
[02:45:42.542] [bmv2] [D] [thread 160877] [27.0] [cxt 0] Looking up key:
* hdr.ipv6.dstAddr    : ff020000000000000000000000000002

[02:45:42.542] [bmv2] [D] [thread 160877] [27.0] [cxt 0] Table 'MyIngress.ipv6_lpm': miss
[02:45:42.542] [bmv2] [D] [thread 160877] [27.0] [cxt 0] Action entry is NoAction - 
[02:45:42.542] [bmv2] [T] [thread 160877] [27.0] [cxt 0] Action NoAction
[02:45:42.542] [bmv2] [D] [thread 160877] [27.0] [cxt 0] Pipeline 'ingress': end
[02:45:42.542] [bmv2] [D] [thread 160877] [27.0] [cxt 0] Egress port is 0
[02:45:42.542] [bmv2] [D] [thread 160878] [27.0] [cxt 0] Pipeline 'egress': start
[02:45:42.542] [bmv2] [T] [thread 160878] [27.0] [cxt 0] Applying table 'MyEgress.egress_encap_ipv6'
[02:45:42.542] [bmv2] [D] [thread 160878] [27.0] [cxt 0] Looking up key:
* standard_metadata.egress_port: 0000

[02:45:42.542] [bmv2] [D] [thread 160878] [27.0] [cxt 0] Table 'MyEgress.egress_encap_ipv6': miss
[02:45:42.542] [bmv2] [D] [thread 160878] [27.0] [cxt 0] Action entry is NoAction - 
[02:45:42.542] [bmv2] [T] [thread 160878] [27.0] [cxt 0] Action NoAction
[02:45:42.542] [bmv2] [T] [thread 160878] [27.0] [cxt 0] Applying table 'MyEgress.egress_encap_yequdesu'
[02:45:42.542] [bmv2] [D] [thread 160878] [27.0] [cxt 0] Looking up key:
* standard_metadata.egress_port: 0000

[02:45:42.542] [bmv2] [D] [thread 160878] [27.0] [cxt 0] Table 'MyEgress.egress_encap_yequdesu': miss
[02:45:42.542] [bmv2] [D] [thread 160878] [27.0] [cxt 0] Action entry is NoAction - 
[02:45:42.542] [bmv2] [T] [thread 160878] [27.0] [cxt 0] Action NoAction
[02:45:42.542] [bmv2] [T] [thread 160878] [27.0] [cxt 0] Applying table 'MyEgress.egress_encap_vxlan'
[02:45:42.542] [bmv2] [D] [thread 160878] [27.0] [cxt 0] Looking up key:
* standard_metadata.egress_port: 0000

[02:45:42.542] [bmv2] [D] [thread 160878] [27.0] [cxt 0] Table 'MyEgress.egress_encap_vxlan': miss
[02:45:42.542] [bmv2] [D] [thread 160878] [27.0] [cxt 0] Action entry is NoAction - 
[02:45:42.542] [bmv2] [T] [thread 160878] [27.0] [cxt 0] Action NoAction
[02:45:42.542] [bmv2] [D] [thread 160878] [27.0] [cxt 0] Pipeline 'egress': end
[02:45:42.542] [bmv2] [D] [thread 160878] [27.0] [cxt 0] Deparser 'deparser': start
[02:45:42.542] [bmv2] [T] [thread 160878] [27.0] [cxt 0] Skipping checksum 'cksum' update because condition not met
[02:45:42.542] [bmv2] [D] [thread 160878] [27.0] [cxt 0] Deparsing header 'ethernet'
[02:45:42.542] [bmv2] [D] [thread 160878] [27.0] [cxt 0] Deparsing header 'ipv6'
[02:45:42.542] [bmv2] [D] [thread 160878] [27.0] [cxt 0] Deparser 'deparser': end
[02:45:42.542] [bmv2] [D] [thread 160882] [27.0] [cxt 0] Transmitting packet of size 70 out of port 0
[02:45:43.054] [bmv2] [D] [thread 160877] [28.0] [cxt 0] Processing packet received on port 2
[02:45:43.054] [bmv2] [D] [thread 160877] [28.0] [cxt 0] Parser 'parser': start
[02:45:43.054] [bmv2] [D] [thread 160877] [28.0] [cxt 0] Parser 'parser' entering state 'start'
[02:45:43.054] [bmv2] [D] [thread 160877] [28.0] [cxt 0] Extracting header 'ethernet'
[02:45:43.054] [bmv2] [D] [thread 160877] [28.0] [cxt 0] Parser state 'start': key is 86dd
[02:45:43.054] [bmv2] [T] [thread 160877] [28.0] [cxt 0] Bytes parsed: 14
[02:45:43.054] [bmv2] [D] [thread 160877] [28.0] [cxt 0] Parser 'parser' entering state 'parse_ipv6'
[02:45:43.054] [bmv2] [D] [thread 160877] [28.0] [cxt 0] Extracting header 'ipv6'
[02:45:43.054] [bmv2] [D] [thread 160877] [28.0] [cxt 0] Parser state 'parse_ipv6': key is 3a
[02:45:43.054] [bmv2] [T] [thread 160877] [28.0] [cxt 0] Bytes parsed: 54
[02:45:43.054] [bmv2] [D] [thread 160877] [28.0] [cxt 0] Parser 'parser': end
[02:45:43.054] [bmv2] [D] [thread 160877] [28.0] [cxt 0] Pipeline 'ingress': start
[02:45:43.054] [bmv2] [T] [thread 160877] [28.0] [cxt 0] basic.p4(565) Condition "hdr.ethernet.etherType == TYPE_ARP" (node_2) is false
[02:45:43.054] [bmv2] [T] [thread 160877] [28.0] [cxt 0] basic.p4(568) Condition "hdr.ethernet.etherType == TYPE_SRCROUTING" (node_4) is false
[02:45:43.054] [bmv2] [T] [thread 160877] [28.0] [cxt 0] basic.p4(581) Condition "hdr.ethernet.etherType == TYPE_YEQUDESU" (node_12) is false
[02:45:43.054] [bmv2] [T] [thread 160877] [28.0] [cxt 0] basic.p4(587) Condition "hdr.vxlan.isValid()" (node_15) is false
[02:45:43.054] [bmv2] [T] [thread 160877] [28.0] [cxt 0] basic.p4(591) Condition "hdr.ipv6.isValid()" (node_17) is true
[02:45:43.054] [bmv2] [T] [thread 160877] [28.0] [cxt 0] Applying table 'MyIngress.ipv6_lpm'
[02:45:43.054] [bmv2] [D] [thread 160877] [28.0] [cxt 0] Looking up key:
* hdr.ipv6.dstAddr    : ff020000000000000000000000000002

[02:45:43.054] [bmv2] [D] [thread 160877] [28.0] [cxt 0] Table 'MyIngress.ipv6_lpm': miss
[02:45:43.054] [bmv2] [D] [thread 160877] [28.0] [cxt 0] Action entry is NoAction - 
[02:45:43.054] [bmv2] [T] [thread 160877] [28.0] [cxt 0] Action NoAction
[02:45:43.054] [bmv2] [D] [thread 160877] [28.0] [cxt 0] Pipeline 'ingress': end
[02:45:43.054] [bmv2] [D] [thread 160877] [28.0] [cxt 0] Egress port is 0
[02:45:43.054] [bmv2] [D] [thread 160878] [28.0] [cxt 0] Pipeline 'egress': start
[02:45:43.054] [bmv2] [T] [thread 160878] [28.0] [cxt 0] Applying table 'MyEgress.egress_encap_ipv6'
[02:45:43.054] [bmv2] [D] [thread 160878] [28.0] [cxt 0] Looking up key:
* standard_metadata.egress_port: 0000

[02:45:43.054] [bmv2] [D] [thread 160878] [28.0] [cxt 0] Table 'MyEgress.egress_encap_ipv6': miss
[02:45:43.054] [bmv2] [D] [thread 160878] [28.0] [cxt 0] Action entry is NoAction - 
[02:45:43.054] [bmv2] [T] [thread 160878] [28.0] [cxt 0] Action NoAction
[02:45:43.054] [bmv2] [T] [thread 160878] [28.0] [cxt 0] Applying table 'MyEgress.egress_encap_yequdesu'
[02:45:43.054] [bmv2] [D] [thread 160878] [28.0] [cxt 0] Looking up key:
* standard_metadata.egress_port: 0000

[02:45:43.054] [bmv2] [D] [thread 160878] [28.0] [cxt 0] Table 'MyEgress.egress_encap_yequdesu': miss
[02:45:43.054] [bmv2] [D] [thread 160878] [28.0] [cxt 0] Action entry is NoAction - 
[02:45:43.054] [bmv2] [T] [thread 160878] [28.0] [cxt 0] Action NoAction
[02:45:43.054] [bmv2] [T] [thread 160878] [28.0] [cxt 0] Applying table 'MyEgress.egress_encap_vxlan'
[02:45:43.054] [bmv2] [D] [thread 160878] [28.0] [cxt 0] Looking up key:
* standard_metadata.egress_port: 0000

[02:45:43.054] [bmv2] [D] [thread 160878] [28.0] [cxt 0] Table 'MyEgress.egress_encap_vxlan': miss
[02:45:43.055] [bmv2] [D] [thread 160878] [28.0] [cxt 0] Action entry is NoAction - 
[02:45:43.055] [bmv2] [T] [thread 160878] [28.0] [cxt 0] Action NoAction
[02:45:43.055] [bmv2] [D] [thread 160878] [28.0] [cxt 0] Pipeline 'egress': end
[02:45:43.055] [bmv2] [D] [thread 160878] [28.0] [cxt 0] Deparser 'deparser': start
[02:45:43.055] [bmv2] [T] [thread 160878] [28.0] [cxt 0] Skipping checksum 'cksum' update because condition not met
[02:45:43.055] [bmv2] [D] [thread 160878] [28.0] [cxt 0] Deparsing header 'ethernet'
[02:45:43.055] [bmv2] [D] [thread 160878] [28.0] [cxt 0] Deparsing header 'ipv6'
[02:45:43.055] [bmv2] [D] [thread 160878] [28.0] [cxt 0] Deparser 'deparser': end
[02:45:43.055] [bmv2] [D] [thread 160882] [28.0] [cxt 0] Transmitting packet of size 70 out of port 0
[02:45:44.078] [bmv2] [D] [thread 160877] [29.0] [cxt 0] Processing packet received on port 2
[02:45:44.078] [bmv2] [D] [thread 160877] [29.0] [cxt 0] Parser 'parser': start
[02:45:44.078] [bmv2] [D] [thread 160877] [29.0] [cxt 0] Parser 'parser' entering state 'start'
[02:45:44.078] [bmv2] [D] [thread 160877] [29.0] [cxt 0] Extracting header 'ethernet'
[02:45:44.078] [bmv2] [D] [thread 160877] [29.0] [cxt 0] Parser state 'start': key is 86dd
[02:45:44.078] [bmv2] [T] [thread 160877] [29.0] [cxt 0] Bytes parsed: 14
[02:45:44.078] [bmv2] [D] [thread 160877] [29.0] [cxt 0] Parser 'parser' entering state 'parse_ipv6'
[02:45:44.078] [bmv2] [D] [thread 160877] [29.0] [cxt 0] Extracting header 'ipv6'
[02:45:44.078] [bmv2] [D] [thread 160877] [29.0] [cxt 0] Parser state 'parse_ipv6': key is 3a
[02:45:44.078] [bmv2] [T] [thread 160877] [29.0] [cxt 0] Bytes parsed: 54
[02:45:44.078] [bmv2] [D] [thread 160877] [29.0] [cxt 0] Parser 'parser': end
[02:45:44.078] [bmv2] [D] [thread 160877] [29.0] [cxt 0] Pipeline 'ingress': start
[02:45:44.078] [bmv2] [T] [thread 160877] [29.0] [cxt 0] basic.p4(565) Condition "hdr.ethernet.etherType == TYPE_ARP" (node_2) is false
[02:45:44.078] [bmv2] [T] [thread 160877] [29.0] [cxt 0] basic.p4(568) Condition "hdr.ethernet.etherType == TYPE_SRCROUTING" (node_4) is false
[02:45:44.078] [bmv2] [T] [thread 160877] [29.0] [cxt 0] basic.p4(581) Condition "hdr.ethernet.etherType == TYPE_YEQUDESU" (node_12) is false
[02:45:44.078] [bmv2] [T] [thread 160877] [29.0] [cxt 0] basic.p4(587) Condition "hdr.vxlan.isValid()" (node_15) is false
[02:45:44.078] [bmv2] [T] [thread 160877] [29.0] [cxt 0] basic.p4(591) Condition "hdr.ipv6.isValid()" (node_17) is true
[02:45:44.078] [bmv2] [T] [thread 160877] [29.0] [cxt 0] Applying table 'MyIngress.ipv6_lpm'
[02:45:44.078] [bmv2] [D] [thread 160877] [29.0] [cxt 0] Looking up key:
* hdr.ipv6.dstAddr    : ff020000000000000000000000000002

[02:45:44.078] [bmv2] [D] [thread 160877] [29.0] [cxt 0] Table 'MyIngress.ipv6_lpm': miss
[02:45:44.078] [bmv2] [D] [thread 160877] [29.0] [cxt 0] Action entry is NoAction - 
[02:45:44.078] [bmv2] [T] [thread 160877] [29.0] [cxt 0] Action NoAction
[02:45:44.078] [bmv2] [D] [thread 160877] [29.0] [cxt 0] Pipeline 'ingress': end
[02:45:44.078] [bmv2] [D] [thread 160877] [29.0] [cxt 0] Egress port is 0
[02:45:44.078] [bmv2] [D] [thread 160878] [29.0] [cxt 0] Pipeline 'egress': start
[02:45:44.078] [bmv2] [T] [thread 160878] [29.0] [cxt 0] Applying table 'MyEgress.egress_encap_ipv6'
[02:45:44.078] [bmv2] [D] [thread 160878] [29.0] [cxt 0] Looking up key:
* standard_metadata.egress_port: 0000

[02:45:44.078] [bmv2] [D] [thread 160878] [29.0] [cxt 0] Table 'MyEgress.egress_encap_ipv6': miss
[02:45:44.078] [bmv2] [D] [thread 160878] [29.0] [cxt 0] Action entry is NoAction - 
[02:45:44.078] [bmv2] [T] [thread 160878] [29.0] [cxt 0] Action NoAction
[02:45:44.078] [bmv2] [T] [thread 160878] [29.0] [cxt 0] Applying table 'MyEgress.egress_encap_yequdesu'
[02:45:44.078] [bmv2] [D] [thread 160878] [29.0] [cxt 0] Looking up key:
* standard_metadata.egress_port: 0000

[02:45:44.078] [bmv2] [D] [thread 160878] [29.0] [cxt 0] Table 'MyEgress.egress_encap_yequdesu': miss
[02:45:44.078] [bmv2] [D] [thread 160878] [29.0] [cxt 0] Action entry is NoAction - 
[02:45:44.078] [bmv2] [T] [thread 160878] [29.0] [cxt 0] Action NoAction
[02:45:44.078] [bmv2] [T] [thread 160878] [29.0] [cxt 0] Applying table 'MyEgress.egress_encap_vxlan'
[02:45:44.078] [bmv2] [D] [thread 160878] [29.0] [cxt 0] Looking up key:
* standard_metadata.egress_port: 0000

[02:45:44.078] [bmv2] [D] [thread 160878] [29.0] [cxt 0] Table 'MyEgress.egress_encap_vxlan': miss
[02:45:44.078] [bmv2] [D] [thread 160878] [29.0] [cxt 0] Action entry is NoAction - 
[02:45:44.078] [bmv2] [T] [thread 160878] [29.0] [cxt 0] Action NoAction
[02:45:44.078] [bmv2] [D] [thread 160878] [29.0] [cxt 0] Pipeline 'egress': end
[02:45:44.078] [bmv2] [D] [thread 160878] [29.0] [cxt 0] Deparser 'deparser': start
[02:45:44.078] [bmv2] [T] [thread 160878] [29.0] [cxt 0] Skipping checksum 'cksum' update because condition not met
[02:45:44.078] [bmv2] [D] [thread 160878] [29.0] [cxt 0] Deparsing header 'ethernet'
[02:45:44.078] [bmv2] [D] [thread 160878] [29.0] [cxt 0] Deparsing header 'ipv6'
[02:45:44.078] [bmv2] [D] [thread 160878] [29.0] [cxt 0] Deparser 'deparser': end
[02:45:44.078] [bmv2] [D] [thread 160882] [29.0] [cxt 0] Transmitting packet of size 70 out of port 0
[02:45:44.462] [bmv2] [D] [thread 160877] [30.0] [cxt 0] Processing packet received on port 2
[02:45:44.462] [bmv2] [D] [thread 160877] [30.0] [cxt 0] Parser 'parser': start
[02:45:44.462] [bmv2] [D] [thread 160877] [30.0] [cxt 0] Parser 'parser' entering state 'start'
[02:45:44.462] [bmv2] [D] [thread 160877] [30.0] [cxt 0] Extracting header 'ethernet'
[02:45:44.462] [bmv2] [D] [thread 160877] [30.0] [cxt 0] Parser state 'start': key is 1313
[02:45:44.462] [bmv2] [T] [thread 160877] [30.0] [cxt 0] Bytes parsed: 14
[02:45:44.462] [bmv2] [D] [thread 160877] [30.0] [cxt 0] Parser 'parser' entering state 'parse_yequdesu'
[02:45:44.462] [bmv2] [D] [thread 160877] [30.0] [cxt 0] Extracting header 'yequdesu'
[02:45:44.462] [bmv2] [D] [thread 160877] [30.0] [cxt 0] Parser state 'parse_yequdesu': key is 0800
[02:45:44.462] [bmv2] [T] [thread 160877] [30.0] [cxt 0] Bytes parsed: 18
[02:45:44.462] [bmv2] [D] [thread 160877] [30.0] [cxt 0] Parser 'parser' entering state 'parse_ipv4'
[02:45:44.462] [bmv2] [D] [thread 160877] [30.0] [cxt 0] Extracting header 'ipv4'
[02:45:44.462] [bmv2] [D] [thread 160877] [30.0] [cxt 0] Parser state 'parse_ipv4': key is 06
[02:45:44.462] [bmv2] [T] [thread 160877] [30.0] [cxt 0] Bytes parsed: 38
[02:45:44.462] [bmv2] [D] [thread 160877] [30.0] [cxt 0] Parser 'parser': end
[02:45:44.462] [bmv2] [D] [thread 160877] [30.0] [cxt 0] Pipeline 'ingress': start
[02:45:44.462] [bmv2] [T] [thread 160877] [30.0] [cxt 0] basic.p4(565) Condition "hdr.ethernet.etherType == TYPE_ARP" (node_2) is false
[02:45:44.462] [bmv2] [T] [thread 160877] [30.0] [cxt 0] basic.p4(568) Condition "hdr.ethernet.etherType == TYPE_SRCROUTING" (node_4) is false
[02:45:44.462] [bmv2] [T] [thread 160877] [30.0] [cxt 0] basic.p4(581) Condition "hdr.ethernet.etherType == TYPE_YEQUDESU" (node_12) is true
[02:45:44.462] [bmv2] [T] [thread 160877] [30.0] [cxt 0] basic.p4(583) Condition "hdr.yequdesu.isValid()" (node_13) is true
[02:45:44.462] [bmv2] [T] [thread 160877] [30.0] [cxt 0] Applying table 'MyIngress.yequdesu_exact'
[02:45:44.462] [bmv2] [D] [thread 160877] [30.0] [cxt 0] Looking up key:
* hdr.yequdesu.dst_id : 012d

[02:45:44.462] [bmv2] [D] [thread 160877] [30.0] [cxt 0] Table 'MyIngress.yequdesu_exact': hit with handle 1
[02:45:44.462] [bmv2] [D] [thread 160877] [30.0] [cxt 0] Dumping entry 1
Match key:
* hdr.yequdesu.dst_id : EXACT     012d
Action entry: MyIngress.yequdesu_forward - 1,

[02:45:44.462] [bmv2] [D] [thread 160877] [30.0] [cxt 0] Action entry is MyIngress.yequdesu_forward - 1,
[02:45:44.462] [bmv2] [T] [thread 160877] [30.0] [cxt 0] Action MyIngress.yequdesu_forward
[02:45:44.462] [bmv2] [T] [thread 160877] [30.0] [cxt 0] basic.p4(259) Primitive standard_metadata.egress_spec = port
[02:45:44.462] [bmv2] [D] [thread 160877] [30.0] [cxt 0] Pipeline 'ingress': end
[02:45:44.462] [bmv2] [D] [thread 160877] [30.0] [cxt 0] Egress port is 1
[02:45:44.462] [bmv2] [D] [thread 160879] [30.0] [cxt 0] Pipeline 'egress': start
[02:45:44.462] [bmv2] [T] [thread 160879] [30.0] [cxt 0] Applying table 'MyEgress.egress_encap_ipv6'
[02:45:44.462] [bmv2] [D] [thread 160879] [30.0] [cxt 0] Looking up key:
* standard_metadata.egress_port: 0001

[02:45:44.462] [bmv2] [D] [thread 160879] [30.0] [cxt 0] Table 'MyEgress.egress_encap_ipv6': miss
[02:45:44.462] [bmv2] [D] [thread 160879] [30.0] [cxt 0] Action entry is NoAction - 
[02:45:44.462] [bmv2] [T] [thread 160879] [30.0] [cxt 0] Action NoAction
[02:45:44.462] [bmv2] [T] [thread 160879] [30.0] [cxt 0] Applying table 'MyEgress.egress_encap_yequdesu'
[02:45:44.462] [bmv2] [D] [thread 160879] [30.0] [cxt 0] Looking up key:
* standard_metadata.egress_port: 0001

[02:45:44.462] [bmv2] [D] [thread 160879] [30.0] [cxt 0] Table 'MyEgress.egress_encap_yequdesu': miss
[02:45:44.462] [bmv2] [D] [thread 160879] [30.0] [cxt 0] Action entry is NoAction - 
[02:45:44.462] [bmv2] [T] [thread 160879] [30.0] [cxt 0] Action NoAction
[02:45:44.462] [bmv2] [T] [thread 160879] [30.0] [cxt 0] Applying table 'MyEgress.egress_encap_vxlan'
[02:45:44.462] [bmv2] [D] [thread 160879] [30.0] [cxt 0] Looking up key:
* standard_metadata.egress_port: 0001

[02:45:44.462] [bmv2] [D] [thread 160879] [30.0] [cxt 0] Table 'MyEgress.egress_encap_vxlan': miss
[02:45:44.462] [bmv2] [D] [thread 160879] [30.0] [cxt 0] Action entry is NoAction - 
[02:45:44.462] [bmv2] [T] [thread 160879] [30.0] [cxt 0] Action NoAction
[02:45:44.462] [bmv2] [D] [thread 160879] [30.0] [cxt 0] Pipeline 'egress': end
[02:45:44.462] [bmv2] [D] [thread 160879] [30.0] [cxt 0] Deparser 'deparser': start
[02:45:44.462] [bmv2] [D] [thread 160879] [30.0] [cxt 0] Updating checksum 'cksum'
[02:45:44.462] [bmv2] [D] [thread 160879] [30.0] [cxt 0] Deparsing header 'ethernet'
[02:45:44.462] [bmv2] [D] [thread 160879] [30.0] [cxt 0] Deparsing header 'yequdesu'
[02:45:44.462] [bmv2] [D] [thread 160879] [30.0] [cxt 0] Deparsing header 'ipv4'
[02:45:44.462] [bmv2] [D] [thread 160879] [30.0] [cxt 0] Deparser 'deparser': end
[02:45:44.462] [bmv2] [D] [thread 160882] [30.0] [cxt 0] Transmitting packet of size 58 out of port 1
[02:45:45.490] [bmv2] [D] [thread 160877] [31.0] [cxt 0] Processing packet received on port 1
[02:45:45.490] [bmv2] [D] [thread 160877] [31.0] [cxt 0] Parser 'parser': start
[02:45:45.490] [bmv2] [D] [thread 160877] [31.0] [cxt 0] Parser 'parser' entering state 'start'
[02:45:45.490] [bmv2] [D] [thread 160877] [31.0] [cxt 0] Extracting header 'ethernet'
[02:45:45.490] [bmv2] [D] [thread 160877] [31.0] [cxt 0] Parser state 'start': key is 86dd
[02:45:45.490] [bmv2] [T] [thread 160877] [31.0] [cxt 0] Bytes parsed: 14
[02:45:45.490] [bmv2] [D] [thread 160877] [31.0] [cxt 0] Parser 'parser' entering state 'parse_ipv6'
[02:45:45.490] [bmv2] [D] [thread 160877] [31.0] [cxt 0] Extracting header 'ipv6'
[02:45:45.490] [bmv2] [D] [thread 160877] [31.0] [cxt 0] Parser state 'parse_ipv6': key is 11
[02:45:45.490] [bmv2] [T] [thread 160877] [31.0] [cxt 0] Bytes parsed: 54
[02:45:45.490] [bmv2] [D] [thread 160877] [31.0] [cxt 0] Parser 'parser': end
[02:45:45.490] [bmv2] [D] [thread 160877] [31.0] [cxt 0] Pipeline 'ingress': start
[02:45:45.490] [bmv2] [T] [thread 160877] [31.0] [cxt 0] basic.p4(565) Condition "hdr.ethernet.etherType == TYPE_ARP" (node_2) is false
[02:45:45.490] [bmv2] [T] [thread 160877] [31.0] [cxt 0] basic.p4(568) Condition "hdr.ethernet.etherType == TYPE_SRCROUTING" (node_4) is false
[02:45:45.490] [bmv2] [T] [thread 160877] [31.0] [cxt 0] basic.p4(581) Condition "hdr.ethernet.etherType == TYPE_YEQUDESU" (node_12) is false
[02:45:45.490] [bmv2] [T] [thread 160877] [31.0] [cxt 0] basic.p4(587) Condition "hdr.vxlan.isValid()" (node_15) is false
[02:45:45.490] [bmv2] [T] [thread 160877] [31.0] [cxt 0] basic.p4(591) Condition "hdr.ipv6.isValid()" (node_17) is true
[02:45:45.490] [bmv2] [T] [thread 160877] [31.0] [cxt 0] Applying table 'MyIngress.ipv6_lpm'
[02:45:45.490] [bmv2] [D] [thread 160877] [31.0] [cxt 0] Looking up key:
* hdr.ipv6.dstAddr    : ff0200000000000000000000000000fb

[02:45:45.490] [bmv2] [D] [thread 160877] [31.0] [cxt 0] Table 'MyIngress.ipv6_lpm': miss
[02:45:45.490] [bmv2] [D] [thread 160877] [31.0] [cxt 0] Action entry is NoAction - 
[02:45:45.490] [bmv2] [T] [thread 160877] [31.0] [cxt 0] Action NoAction
[02:45:45.490] [bmv2] [D] [thread 160877] [31.0] [cxt 0] Pipeline 'ingress': end
[02:45:45.490] [bmv2] [D] [thread 160877] [31.0] [cxt 0] Egress port is 0
[02:45:45.490] [bmv2] [D] [thread 160878] [31.0] [cxt 0] Pipeline 'egress': start
[02:45:45.490] [bmv2] [T] [thread 160878] [31.0] [cxt 0] Applying table 'MyEgress.egress_encap_ipv6'
[02:45:45.490] [bmv2] [D] [thread 160878] [31.0] [cxt 0] Looking up key:
* standard_metadata.egress_port: 0000

[02:45:45.490] [bmv2] [D] [thread 160878] [31.0] [cxt 0] Table 'MyEgress.egress_encap_ipv6': miss
[02:45:45.490] [bmv2] [D] [thread 160878] [31.0] [cxt 0] Action entry is NoAction - 
[02:45:45.490] [bmv2] [T] [thread 160878] [31.0] [cxt 0] Action NoAction
[02:45:45.490] [bmv2] [T] [thread 160878] [31.0] [cxt 0] Applying table 'MyEgress.egress_encap_yequdesu'
[02:45:45.490] [bmv2] [D] [thread 160878] [31.0] [cxt 0] Looking up key:
* standard_metadata.egress_port: 0000

[02:45:45.490] [bmv2] [D] [thread 160878] [31.0] [cxt 0] Table 'MyEgress.egress_encap_yequdesu': miss
[02:45:45.490] [bmv2] [D] [thread 160878] [31.0] [cxt 0] Action entry is NoAction - 
[02:45:45.490] [bmv2] [T] [thread 160878] [31.0] [cxt 0] Action NoAction
[02:45:45.490] [bmv2] [T] [thread 160878] [31.0] [cxt 0] Applying table 'MyEgress.egress_encap_vxlan'
[02:45:45.490] [bmv2] [D] [thread 160878] [31.0] [cxt 0] Looking up key:
* standard_metadata.egress_port: 0000

[02:45:45.490] [bmv2] [D] [thread 160878] [31.0] [cxt 0] Table 'MyEgress.egress_encap_vxlan': miss
[02:45:45.490] [bmv2] [D] [thread 160878] [31.0] [cxt 0] Action entry is NoAction - 
[02:45:45.490] [bmv2] [T] [thread 160878] [31.0] [cxt 0] Action NoAction
[02:45:45.490] [bmv2] [D] [thread 160878] [31.0] [cxt 0] Pipeline 'egress': end
[02:45:45.490] [bmv2] [D] [thread 160878] [31.0] [cxt 0] Deparser 'deparser': start
[02:45:45.490] [bmv2] [T] [thread 160878] [31.0] [cxt 0] Skipping checksum 'cksum' update because condition not met
[02:45:45.490] [bmv2] [D] [thread 160878] [31.0] [cxt 0] Deparsing header 'ethernet'
[02:45:45.490] [bmv2] [D] [thread 160878] [31.0] [cxt 0] Deparsing header 'ipv6'
[02:45:45.490] [bmv2] [D] [thread 160878] [31.0] [cxt 0] Deparser 'deparser': end
[02:45:45.490] [bmv2] [D] [thread 160882] [31.0] [cxt 0] Transmitting packet of size 203 out of port 0
[02:45:45.611] [bmv2] [D] [thread 160877] [32.0] [cxt 0] Processing packet received on port 1
[02:45:45.611] [bmv2] [D] [thread 160877] [32.0] [cxt 0] Parser 'parser': start
[02:45:45.611] [bmv2] [D] [thread 160877] [32.0] [cxt 0] Parser 'parser' entering state 'start'
[02:45:45.611] [bmv2] [D] [thread 160877] [32.0] [cxt 0] Extracting header 'ethernet'
[02:45:45.611] [bmv2] [D] [thread 160877] [32.0] [cxt 0] Parser state 'start': key is 1313
[02:45:45.611] [bmv2] [T] [thread 160877] [32.0] [cxt 0] Bytes parsed: 14
[02:45:45.612] [bmv2] [D] [thread 160877] [32.0] [cxt 0] Parser 'parser' entering state 'parse_yequdesu'
[02:45:45.612] [bmv2] [D] [thread 160877] [32.0] [cxt 0] Extracting header 'yequdesu'
[02:45:45.612] [bmv2] [D] [thread 160877] [32.0] [cxt 0] Parser state 'parse_yequdesu': key is 0800
[02:45:45.612] [bmv2] [T] [thread 160877] [32.0] [cxt 0] Bytes parsed: 18
[02:45:45.612] [bmv2] [D] [thread 160877] [32.0] [cxt 0] Parser 'parser' entering state 'parse_ipv4'
[02:45:45.612] [bmv2] [D] [thread 160877] [32.0] [cxt 0] Extracting header 'ipv4'
[02:45:45.612] [bmv2] [D] [thread 160877] [32.0] [cxt 0] Parser state 'parse_ipv4': key is 06
[02:45:45.612] [bmv2] [T] [thread 160877] [32.0] [cxt 0] Bytes parsed: 38
[02:45:45.612] [bmv2] [D] [thread 160877] [32.0] [cxt 0] Parser 'parser': end
[02:45:45.612] [bmv2] [D] [thread 160877] [32.0] [cxt 0] Pipeline 'ingress': start
[02:45:45.612] [bmv2] [T] [thread 160877] [32.0] [cxt 0] basic.p4(565) Condition "hdr.ethernet.etherType == TYPE_ARP" (node_2) is false
[02:45:45.612] [bmv2] [T] [thread 160877] [32.0] [cxt 0] basic.p4(568) Condition "hdr.ethernet.etherType == TYPE_SRCROUTING" (node_4) is false
[02:45:45.612] [bmv2] [T] [thread 160877] [32.0] [cxt 0] basic.p4(581) Condition "hdr.ethernet.etherType == TYPE_YEQUDESU" (node_12) is true
[02:45:45.612] [bmv2] [T] [thread 160877] [32.0] [cxt 0] basic.p4(583) Condition "hdr.yequdesu.isValid()" (node_13) is true
[02:45:45.612] [bmv2] [T] [thread 160877] [32.0] [cxt 0] Applying table 'MyIngress.yequdesu_exact'
[02:45:45.612] [bmv2] [D] [thread 160877] [32.0] [cxt 0] Looking up key:
* hdr.yequdesu.dst_id : 012c

[02:45:45.612] [bmv2] [D] [thread 160877] [32.0] [cxt 0] Table 'MyIngress.yequdesu_exact': hit with handle 0
[02:45:45.612] [bmv2] [D] [thread 160877] [32.0] [cxt 0] Dumping entry 0
Match key:
* hdr.yequdesu.dst_id : EXACT     012c
Action entry: MyIngress.yequdesu_forward - 2,

[02:45:45.612] [bmv2] [D] [thread 160877] [32.0] [cxt 0] Action entry is MyIngress.yequdesu_forward - 2,
[02:45:45.612] [bmv2] [T] [thread 160877] [32.0] [cxt 0] Action MyIngress.yequdesu_forward
[02:45:45.612] [bmv2] [T] [thread 160877] [32.0] [cxt 0] basic.p4(259) Primitive standard_metadata.egress_spec = port
[02:45:45.612] [bmv2] [D] [thread 160877] [32.0] [cxt 0] Pipeline 'ingress': end
[02:45:45.612] [bmv2] [D] [thread 160877] [32.0] [cxt 0] Egress port is 2
[02:45:45.612] [bmv2] [D] [thread 160880] [32.0] [cxt 0] Pipeline 'egress': start
[02:45:45.612] [bmv2] [T] [thread 160880] [32.0] [cxt 0] Applying table 'MyEgress.egress_encap_ipv6'
[02:45:45.612] [bmv2] [D] [thread 160880] [32.0] [cxt 0] Looking up key:
* standard_metadata.egress_port: 0002

[02:45:45.612] [bmv2] [D] [thread 160880] [32.0] [cxt 0] Table 'MyEgress.egress_encap_ipv6': miss
[02:45:45.612] [bmv2] [D] [thread 160880] [32.0] [cxt 0] Action entry is NoAction - 
[02:45:45.612] [bmv2] [T] [thread 160880] [32.0] [cxt 0] Action NoAction
[02:45:45.612] [bmv2] [T] [thread 160880] [32.0] [cxt 0] Applying table 'MyEgress.egress_encap_yequdesu'
[02:45:45.612] [bmv2] [D] [thread 160880] [32.0] [cxt 0] Looking up key:
* standard_metadata.egress_port: 0002

[02:45:45.612] [bmv2] [D] [thread 160880] [32.0] [cxt 0] Table 'MyEgress.egress_encap_yequdesu': miss
[02:45:45.612] [bmv2] [D] [thread 160880] [32.0] [cxt 0] Action entry is NoAction - 
[02:45:45.612] [bmv2] [T] [thread 160880] [32.0] [cxt 0] Action NoAction
[02:45:45.612] [bmv2] [T] [thread 160880] [32.0] [cxt 0] Applying table 'MyEgress.egress_encap_vxlan'
[02:45:45.612] [bmv2] [D] [thread 160880] [32.0] [cxt 0] Looking up key:
* standard_metadata.egress_port: 0002

[02:45:45.612] [bmv2] [D] [thread 160880] [32.0] [cxt 0] Table 'MyEgress.egress_encap_vxlan': miss
[02:45:45.612] [bmv2] [D] [thread 160880] [32.0] [cxt 0] Action entry is NoAction - 
[02:45:45.612] [bmv2] [T] [thread 160880] [32.0] [cxt 0] Action NoAction
[02:45:45.612] [bmv2] [D] [thread 160880] [32.0] [cxt 0] Pipeline 'egress': end
[02:45:45.612] [bmv2] [D] [thread 160880] [32.0] [cxt 0] Deparser 'deparser': start
[02:45:45.612] [bmv2] [D] [thread 160880] [32.0] [cxt 0] Updating checksum 'cksum'
[02:45:45.612] [bmv2] [D] [thread 160880] [32.0] [cxt 0] Deparsing header 'ethernet'
[02:45:45.612] [bmv2] [D] [thread 160880] [32.0] [cxt 0] Deparsing header 'yequdesu'
[02:45:45.612] [bmv2] [D] [thread 160880] [32.0] [cxt 0] Deparsing header 'ipv4'
[02:45:45.612] [bmv2] [D] [thread 160880] [32.0] [cxt 0] Deparser 'deparser': end
[02:45:45.612] [bmv2] [D] [thread 160882] [32.0] [cxt 0] Transmitting packet of size 68 out of port 2
[02:45:45.614] [bmv2] [D] [thread 160877] [33.0] [cxt 0] Processing packet received on port 1
[02:45:45.614] [bmv2] [D] [thread 160877] [33.0] [cxt 0] Parser 'parser': start
[02:45:45.614] [bmv2] [D] [thread 160877] [33.0] [cxt 0] Parser 'parser' entering state 'start'
[02:45:45.614] [bmv2] [D] [thread 160877] [33.0] [cxt 0] Extracting header 'ethernet'
[02:45:45.614] [bmv2] [D] [thread 160877] [33.0] [cxt 0] Parser state 'start': key is 86dd
[02:45:45.614] [bmv2] [T] [thread 160877] [33.0] [cxt 0] Bytes parsed: 14
[02:45:45.614] [bmv2] [D] [thread 160877] [33.0] [cxt 0] Parser 'parser' entering state 'parse_ipv6'
[02:45:45.614] [bmv2] [D] [thread 160877] [33.0] [cxt 0] Extracting header 'ipv6'
[02:45:45.614] [bmv2] [D] [thread 160877] [33.0] [cxt 0] Parser state 'parse_ipv6': key is 3a
[02:45:45.614] [bmv2] [T] [thread 160877] [33.0] [cxt 0] Bytes parsed: 54
[02:45:45.614] [bmv2] [D] [thread 160877] [33.0] [cxt 0] Parser 'parser': end
[02:45:45.614] [bmv2] [D] [thread 160877] [33.0] [cxt 0] Pipeline 'ingress': start
[02:45:45.614] [bmv2] [T] [thread 160877] [33.0] [cxt 0] basic.p4(565) Condition "hdr.ethernet.etherType == TYPE_ARP" (node_2) is false
[02:45:45.614] [bmv2] [T] [thread 160877] [33.0] [cxt 0] basic.p4(568) Condition "hdr.ethernet.etherType == TYPE_SRCROUTING" (node_4) is false
[02:45:45.614] [bmv2] [T] [thread 160877] [33.0] [cxt 0] basic.p4(581) Condition "hdr.ethernet.etherType == TYPE_YEQUDESU" (node_12) is false
[02:45:45.614] [bmv2] [T] [thread 160877] [33.0] [cxt 0] basic.p4(587) Condition "hdr.vxlan.isValid()" (node_15) is false
[02:45:45.614] [bmv2] [T] [thread 160877] [33.0] [cxt 0] basic.p4(591) Condition "hdr.ipv6.isValid()" (node_17) is true
[02:45:45.614] [bmv2] [T] [thread 160877] [33.0] [cxt 0] Applying table 'MyIngress.ipv6_lpm'
[02:45:45.614] [bmv2] [D] [thread 160877] [33.0] [cxt 0] Looking up key:
* hdr.ipv6.dstAddr    : ff020000000000000000000000000002

[02:45:45.614] [bmv2] [D] [thread 160877] [33.0] [cxt 0] Table 'MyIngress.ipv6_lpm': miss
[02:45:45.614] [bmv2] [D] [thread 160877] [33.0] [cxt 0] Action entry is NoAction - 
[02:45:45.614] [bmv2] [T] [thread 160877] [33.0] [cxt 0] Action NoAction
[02:45:45.614] [bmv2] [D] [thread 160877] [33.0] [cxt 0] Pipeline 'ingress': end
[02:45:45.614] [bmv2] [D] [thread 160877] [33.0] [cxt 0] Egress port is 0
[02:45:45.615] [bmv2] [D] [thread 160878] [33.0] [cxt 0] Pipeline 'egress': start
[02:45:45.615] [bmv2] [T] [thread 160878] [33.0] [cxt 0] Applying table 'MyEgress.egress_encap_ipv6'
[02:45:45.615] [bmv2] [D] [thread 160878] [33.0] [cxt 0] Looking up key:
* standard_metadata.egress_port: 0000

[02:45:45.615] [bmv2] [D] [thread 160878] [33.0] [cxt 0] Table 'MyEgress.egress_encap_ipv6': miss
[02:45:45.615] [bmv2] [D] [thread 160878] [33.0] [cxt 0] Action entry is NoAction - 
[02:45:45.615] [bmv2] [T] [thread 160878] [33.0] [cxt 0] Action NoAction
[02:45:45.615] [bmv2] [T] [thread 160878] [33.0] [cxt 0] Applying table 'MyEgress.egress_encap_yequdesu'
[02:45:45.615] [bmv2] [D] [thread 160878] [33.0] [cxt 0] Looking up key:
* standard_metadata.egress_port: 0000

[02:45:45.615] [bmv2] [D] [thread 160878] [33.0] [cxt 0] Table 'MyEgress.egress_encap_yequdesu': miss
[02:45:45.615] [bmv2] [D] [thread 160878] [33.0] [cxt 0] Action entry is NoAction - 
[02:45:45.615] [bmv2] [T] [thread 160878] [33.0] [cxt 0] Action NoAction
[02:45:45.615] [bmv2] [T] [thread 160878] [33.0] [cxt 0] Applying table 'MyEgress.egress_encap_vxlan'
[02:45:45.615] [bmv2] [D] [thread 160878] [33.0] [cxt 0] Looking up key:
* standard_metadata.egress_port: 0000

[02:45:45.615] [bmv2] [D] [thread 160878] [33.0] [cxt 0] Table 'MyEgress.egress_encap_vxlan': miss
[02:45:45.615] [bmv2] [D] [thread 160878] [33.0] [cxt 0] Action entry is NoAction - 
[02:45:45.615] [bmv2] [T] [thread 160878] [33.0] [cxt 0] Action NoAction
[02:45:45.615] [bmv2] [D] [thread 160878] [33.0] [cxt 0] Pipeline 'egress': end
[02:45:45.615] [bmv2] [D] [thread 160878] [33.0] [cxt 0] Deparser 'deparser': start
[02:45:45.615] [bmv2] [T] [thread 160878] [33.0] [cxt 0] Skipping checksum 'cksum' update because condition not met
[02:45:45.615] [bmv2] [D] [thread 160878] [33.0] [cxt 0] Deparsing header 'ethernet'
[02:45:45.615] [bmv2] [D] [thread 160878] [33.0] [cxt 0] Deparsing header 'ipv6'
[02:45:45.615] [bmv2] [D] [thread 160878] [33.0] [cxt 0] Deparser 'deparser': end
[02:45:45.615] [bmv2] [D] [thread 160882] [33.0] [cxt 0] Transmitting packet of size 70 out of port 0
[02:45:45.617] [bmv2] [D] [thread 160877] [34.0] [cxt 0] Processing packet received on port 2
[02:45:45.617] [bmv2] [D] [thread 160877] [34.0] [cxt 0] Parser 'parser': start
[02:45:45.617] [bmv2] [D] [thread 160877] [34.0] [cxt 0] Parser 'parser' entering state 'start'
[02:45:45.617] [bmv2] [D] [thread 160877] [34.0] [cxt 0] Extracting header 'ethernet'
[02:45:45.617] [bmv2] [D] [thread 160877] [34.0] [cxt 0] Parser state 'start': key is 1313
[02:45:45.617] [bmv2] [T] [thread 160877] [34.0] [cxt 0] Bytes parsed: 14
[02:45:45.617] [bmv2] [D] [thread 160877] [34.0] [cxt 0] Parser 'parser' entering state 'parse_yequdesu'
[02:45:45.617] [bmv2] [D] [thread 160877] [34.0] [cxt 0] Extracting header 'yequdesu'
[02:45:45.617] [bmv2] [D] [thread 160877] [34.0] [cxt 0] Parser state 'parse_yequdesu': key is 0800
[02:45:45.617] [bmv2] [T] [thread 160877] [34.0] [cxt 0] Bytes parsed: 18
[02:45:45.617] [bmv2] [D] [thread 160877] [34.0] [cxt 0] Parser 'parser' entering state 'parse_ipv4'
[02:45:45.617] [bmv2] [D] [thread 160877] [34.0] [cxt 0] Extracting header 'ipv4'
[02:45:45.617] [bmv2] [D] [thread 160877] [34.0] [cxt 0] Parser state 'parse_ipv4': key is 06
[02:45:45.617] [bmv2] [T] [thread 160877] [34.0] [cxt 0] Bytes parsed: 38
[02:45:45.617] [bmv2] [D] [thread 160877] [34.0] [cxt 0] Parser 'parser': end
[02:45:45.617] [bmv2] [D] [thread 160877] [34.0] [cxt 0] Pipeline 'ingress': start
[02:45:45.617] [bmv2] [T] [thread 160877] [34.0] [cxt 0] basic.p4(565) Condition "hdr.ethernet.etherType == TYPE_ARP" (node_2) is false
[02:45:45.617] [bmv2] [T] [thread 160877] [34.0] [cxt 0] basic.p4(568) Condition "hdr.ethernet.etherType == TYPE_SRCROUTING" (node_4) is false
[02:45:45.617] [bmv2] [T] [thread 160877] [34.0] [cxt 0] basic.p4(581) Condition "hdr.ethernet.etherType == TYPE_YEQUDESU" (node_12) is true
[02:45:45.617] [bmv2] [T] [thread 160877] [34.0] [cxt 0] basic.p4(583) Condition "hdr.yequdesu.isValid()" (node_13) is true
[02:45:45.617] [bmv2] [T] [thread 160877] [34.0] [cxt 0] Applying table 'MyIngress.yequdesu_exact'
[02:45:45.617] [bmv2] [D] [thread 160877] [34.0] [cxt 0] Looking up key:
* hdr.yequdesu.dst_id : 012d

[02:45:45.617] [bmv2] [D] [thread 160877] [34.0] [cxt 0] Table 'MyIngress.yequdesu_exact': hit with handle 1
[02:45:45.617] [bmv2] [D] [thread 160877] [34.0] [cxt 0] Dumping entry 1
Match key:
* hdr.yequdesu.dst_id : EXACT     012d
Action entry: MyIngress.yequdesu_forward - 1,

[02:45:45.617] [bmv2] [D] [thread 160877] [34.0] [cxt 0] Action entry is MyIngress.yequdesu_forward - 1,
[02:45:45.617] [bmv2] [T] [thread 160877] [34.0] [cxt 0] Action MyIngress.yequdesu_forward
[02:45:45.617] [bmv2] [T] [thread 160877] [34.0] [cxt 0] basic.p4(259) Primitive standard_metadata.egress_spec = port
[02:45:45.617] [bmv2] [D] [thread 160877] [34.0] [cxt 0] Pipeline 'ingress': end
[02:45:45.617] [bmv2] [D] [thread 160877] [34.0] [cxt 0] Egress port is 1
[02:45:45.617] [bmv2] [D] [thread 160879] [34.0] [cxt 0] Pipeline 'egress': start
[02:45:45.617] [bmv2] [T] [thread 160879] [34.0] [cxt 0] Applying table 'MyEgress.egress_encap_ipv6'
[02:45:45.617] [bmv2] [D] [thread 160879] [34.0] [cxt 0] Looking up key:
* standard_metadata.egress_port: 0001

[02:45:45.617] [bmv2] [D] [thread 160879] [34.0] [cxt 0] Table 'MyEgress.egress_encap_ipv6': miss
[02:45:45.617] [bmv2] [D] [thread 160879] [34.0] [cxt 0] Action entry is NoAction - 
[02:45:45.617] [bmv2] [T] [thread 160879] [34.0] [cxt 0] Action NoAction
[02:45:45.617] [bmv2] [T] [thread 160879] [34.0] [cxt 0] Applying table 'MyEgress.egress_encap_yequdesu'
[02:45:45.617] [bmv2] [D] [thread 160879] [34.0] [cxt 0] Looking up key:
* standard_metadata.egress_port: 0001

[02:45:45.617] [bmv2] [D] [thread 160879] [34.0] [cxt 0] Table 'MyEgress.egress_encap_yequdesu': miss
[02:45:45.617] [bmv2] [D] [thread 160879] [34.0] [cxt 0] Action entry is NoAction - 
[02:45:45.617] [bmv2] [T] [thread 160879] [34.0] [cxt 0] Action NoAction
[02:45:45.617] [bmv2] [T] [thread 160879] [34.0] [cxt 0] Applying table 'MyEgress.egress_encap_vxlan'
[02:45:45.617] [bmv2] [D] [thread 160879] [34.0] [cxt 0] Looking up key:
* standard_metadata.egress_port: 0001

[02:45:45.617] [bmv2] [D] [thread 160879] [34.0] [cxt 0] Table 'MyEgress.egress_encap_vxlan': miss
[02:45:45.617] [bmv2] [D] [thread 160879] [34.0] [cxt 0] Action entry is NoAction - 
[02:45:45.617] [bmv2] [T] [thread 160879] [34.0] [cxt 0] Action NoAction
[02:45:45.617] [bmv2] [D] [thread 160879] [34.0] [cxt 0] Pipeline 'egress': end
[02:45:45.617] [bmv2] [D] [thread 160879] [34.0] [cxt 0] Deparser 'deparser': start
[02:45:45.617] [bmv2] [D] [thread 160879] [34.0] [cxt 0] Updating checksum 'cksum'
[02:45:45.617] [bmv2] [D] [thread 160879] [34.0] [cxt 0] Deparsing header 'ethernet'
[02:45:45.617] [bmv2] [D] [thread 160879] [34.0] [cxt 0] Deparsing header 'yequdesu'
[02:45:45.617] [bmv2] [D] [thread 160879] [34.0] [cxt 0] Deparsing header 'ipv4'
[02:45:45.617] [bmv2] [D] [thread 160879] [34.0] [cxt 0] Deparser 'deparser': end
[02:45:45.617] [bmv2] [D] [thread 160882] [34.0] [cxt 0] Transmitting packet of size 58 out of port 1
[02:45:45.681] [bmv2] [D] [thread 160877] [35.0] [cxt 0] Processing packet received on port 2
[02:45:45.681] [bmv2] [D] [thread 160877] [35.0] [cxt 0] Parser 'parser': start
[02:45:45.681] [bmv2] [D] [thread 160877] [35.0] [cxt 0] Parser 'parser' entering state 'start'
[02:45:45.681] [bmv2] [D] [thread 160877] [35.0] [cxt 0] Extracting header 'ethernet'
[02:45:45.681] [bmv2] [D] [thread 160877] [35.0] [cxt 0] Parser state 'start': key is 86dd
[02:45:45.681] [bmv2] [T] [thread 160877] [35.0] [cxt 0] Bytes parsed: 14
[02:45:45.681] [bmv2] [D] [thread 160877] [35.0] [cxt 0] Parser 'parser' entering state 'parse_ipv6'
[02:45:45.681] [bmv2] [D] [thread 160877] [35.0] [cxt 0] Extracting header 'ipv6'
[02:45:45.681] [bmv2] [D] [thread 160877] [35.0] [cxt 0] Parser state 'parse_ipv6': key is 11
[02:45:45.681] [bmv2] [T] [thread 160877] [35.0] [cxt 0] Bytes parsed: 54
[02:45:45.681] [bmv2] [D] [thread 160877] [35.0] [cxt 0] Parser 'parser': end
[02:45:45.681] [bmv2] [D] [thread 160877] [35.0] [cxt 0] Pipeline 'ingress': start
[02:45:45.681] [bmv2] [T] [thread 160877] [35.0] [cxt 0] basic.p4(565) Condition "hdr.ethernet.etherType == TYPE_ARP" (node_2) is false
[02:45:45.681] [bmv2] [T] [thread 160877] [35.0] [cxt 0] basic.p4(568) Condition "hdr.ethernet.etherType == TYPE_SRCROUTING" (node_4) is false
[02:45:45.681] [bmv2] [T] [thread 160877] [35.0] [cxt 0] basic.p4(581) Condition "hdr.ethernet.etherType == TYPE_YEQUDESU" (node_12) is false
[02:45:45.681] [bmv2] [T] [thread 160877] [35.0] [cxt 0] basic.p4(587) Condition "hdr.vxlan.isValid()" (node_15) is false
[02:45:45.681] [bmv2] [T] [thread 160877] [35.0] [cxt 0] basic.p4(591) Condition "hdr.ipv6.isValid()" (node_17) is true
[02:45:45.681] [bmv2] [T] [thread 160877] [35.0] [cxt 0] Applying table 'MyIngress.ipv6_lpm'
[02:45:45.681] [bmv2] [D] [thread 160877] [35.0] [cxt 0] Looking up key:
* hdr.ipv6.dstAddr    : ff0200000000000000000000000000fb

[02:45:45.681] [bmv2] [D] [thread 160877] [35.0] [cxt 0] Table 'MyIngress.ipv6_lpm': miss
[02:45:45.681] [bmv2] [D] [thread 160877] [35.0] [cxt 0] Action entry is NoAction - 
[02:45:45.681] [bmv2] [T] [thread 160877] [35.0] [cxt 0] Action NoAction
[02:45:45.681] [bmv2] [D] [thread 160877] [35.0] [cxt 0] Pipeline 'ingress': end
[02:45:45.681] [bmv2] [D] [thread 160877] [35.0] [cxt 0] Egress port is 0
[02:45:45.682] [bmv2] [D] [thread 160878] [35.0] [cxt 0] Pipeline 'egress': start
[02:45:45.682] [bmv2] [T] [thread 160878] [35.0] [cxt 0] Applying table 'MyEgress.egress_encap_ipv6'
[02:45:45.682] [bmv2] [D] [thread 160878] [35.0] [cxt 0] Looking up key:
* standard_metadata.egress_port: 0000

[02:45:45.682] [bmv2] [D] [thread 160878] [35.0] [cxt 0] Table 'MyEgress.egress_encap_ipv6': miss
[02:45:45.682] [bmv2] [D] [thread 160878] [35.0] [cxt 0] Action entry is NoAction - 
[02:45:45.682] [bmv2] [T] [thread 160878] [35.0] [cxt 0] Action NoAction
[02:45:45.682] [bmv2] [T] [thread 160878] [35.0] [cxt 0] Applying table 'MyEgress.egress_encap_yequdesu'
[02:45:45.682] [bmv2] [D] [thread 160878] [35.0] [cxt 0] Looking up key:
* standard_metadata.egress_port: 0000

[02:45:45.682] [bmv2] [D] [thread 160878] [35.0] [cxt 0] Table 'MyEgress.egress_encap_yequdesu': miss
[02:45:45.682] [bmv2] [D] [thread 160878] [35.0] [cxt 0] Action entry is NoAction - 
[02:45:45.682] [bmv2] [T] [thread 160878] [35.0] [cxt 0] Action NoAction
[02:45:45.682] [bmv2] [T] [thread 160878] [35.0] [cxt 0] Applying table 'MyEgress.egress_encap_vxlan'
[02:45:45.682] [bmv2] [D] [thread 160878] [35.0] [cxt 0] Looking up key:
* standard_metadata.egress_port: 0000

[02:45:45.682] [bmv2] [D] [thread 160878] [35.0] [cxt 0] Table 'MyEgress.egress_encap_vxlan': miss
[02:45:45.682] [bmv2] [D] [thread 160878] [35.0] [cxt 0] Action entry is NoAction - 
[02:45:45.682] [bmv2] [T] [thread 160878] [35.0] [cxt 0] Action NoAction
[02:45:45.682] [bmv2] [D] [thread 160878] [35.0] [cxt 0] Pipeline 'egress': end
[02:45:45.682] [bmv2] [D] [thread 160878] [35.0] [cxt 0] Deparser 'deparser': start
[02:45:45.682] [bmv2] [T] [thread 160878] [35.0] [cxt 0] Skipping checksum 'cksum' update because condition not met
[02:45:45.682] [bmv2] [D] [thread 160878] [35.0] [cxt 0] Deparsing header 'ethernet'
[02:45:45.682] [bmv2] [D] [thread 160878] [35.0] [cxt 0] Deparsing header 'ipv6'
[02:45:45.682] [bmv2] [D] [thread 160878] [35.0] [cxt 0] Deparser 'deparser': end
[02:45:45.682] [bmv2] [D] [thread 160882] [35.0] [cxt 0] Transmitting packet of size 203 out of port 0
[02:45:46.065] [bmv2] [D] [thread 160877] [36.0] [cxt 0] Processing packet received on port 1
[02:45:46.065] [bmv2] [D] [thread 160877] [36.0] [cxt 0] Parser 'parser': start
[02:45:46.065] [bmv2] [D] [thread 160877] [36.0] [cxt 0] Parser 'parser' entering state 'start'
[02:45:46.065] [bmv2] [D] [thread 160877] [36.0] [cxt 0] Extracting header 'ethernet'
[02:45:46.065] [bmv2] [D] [thread 160877] [36.0] [cxt 0] Parser state 'start': key is 86dd
[02:45:46.065] [bmv2] [T] [thread 160877] [36.0] [cxt 0] Bytes parsed: 14
[02:45:46.065] [bmv2] [D] [thread 160877] [36.0] [cxt 0] Parser 'parser' entering state 'parse_ipv6'
[02:45:46.065] [bmv2] [D] [thread 160877] [36.0] [cxt 0] Extracting header 'ipv6'
[02:45:46.065] [bmv2] [D] [thread 160877] [36.0] [cxt 0] Parser state 'parse_ipv6': key is 11
[02:45:46.065] [bmv2] [T] [thread 160877] [36.0] [cxt 0] Bytes parsed: 54
[02:45:46.065] [bmv2] [D] [thread 160877] [36.0] [cxt 0] Parser 'parser': end
[02:45:46.065] [bmv2] [D] [thread 160877] [36.0] [cxt 0] Pipeline 'ingress': start
[02:45:46.065] [bmv2] [T] [thread 160877] [36.0] [cxt 0] basic.p4(565) Condition "hdr.ethernet.etherType == TYPE_ARP" (node_2) is false
[02:45:46.065] [bmv2] [T] [thread 160877] [36.0] [cxt 0] basic.p4(568) Condition "hdr.ethernet.etherType == TYPE_SRCROUTING" (node_4) is false
[02:45:46.065] [bmv2] [T] [thread 160877] [36.0] [cxt 0] basic.p4(581) Condition "hdr.ethernet.etherType == TYPE_YEQUDESU" (node_12) is false
[02:45:46.065] [bmv2] [T] [thread 160877] [36.0] [cxt 0] basic.p4(587) Condition "hdr.vxlan.isValid()" (node_15) is false
[02:45:46.065] [bmv2] [T] [thread 160877] [36.0] [cxt 0] basic.p4(591) Condition "hdr.ipv6.isValid()" (node_17) is true
[02:45:46.065] [bmv2] [T] [thread 160877] [36.0] [cxt 0] Applying table 'MyIngress.ipv6_lpm'
[02:45:46.065] [bmv2] [D] [thread 160877] [36.0] [cxt 0] Looking up key:
* hdr.ipv6.dstAddr    : ff0200000000000000000000000000fb

[02:45:46.065] [bmv2] [D] [thread 160877] [36.0] [cxt 0] Table 'MyIngress.ipv6_lpm': miss
[02:45:46.065] [bmv2] [D] [thread 160877] [36.0] [cxt 0] Action entry is NoAction - 
[02:45:46.065] [bmv2] [T] [thread 160877] [36.0] [cxt 0] Action NoAction
[02:45:46.065] [bmv2] [D] [thread 160877] [36.0] [cxt 0] Pipeline 'ingress': end
[02:45:46.065] [bmv2] [D] [thread 160877] [36.0] [cxt 0] Egress port is 0
[02:45:46.065] [bmv2] [D] [thread 160878] [36.0] [cxt 0] Pipeline 'egress': start
[02:45:46.065] [bmv2] [T] [thread 160878] [36.0] [cxt 0] Applying table 'MyEgress.egress_encap_ipv6'
[02:45:46.065] [bmv2] [D] [thread 160878] [36.0] [cxt 0] Looking up key:
* standard_metadata.egress_port: 0000

[02:45:46.065] [bmv2] [D] [thread 160878] [36.0] [cxt 0] Table 'MyEgress.egress_encap_ipv6': miss
[02:45:46.065] [bmv2] [D] [thread 160878] [36.0] [cxt 0] Action entry is NoAction - 
[02:45:46.065] [bmv2] [T] [thread 160878] [36.0] [cxt 0] Action NoAction
[02:45:46.065] [bmv2] [T] [thread 160878] [36.0] [cxt 0] Applying table 'MyEgress.egress_encap_yequdesu'
[02:45:46.065] [bmv2] [D] [thread 160878] [36.0] [cxt 0] Looking up key:
* standard_metadata.egress_port: 0000

[02:45:46.065] [bmv2] [D] [thread 160878] [36.0] [cxt 0] Table 'MyEgress.egress_encap_yequdesu': miss
[02:45:46.065] [bmv2] [D] [thread 160878] [36.0] [cxt 0] Action entry is NoAction - 
[02:45:46.065] [bmv2] [T] [thread 160878] [36.0] [cxt 0] Action NoAction
[02:45:46.065] [bmv2] [T] [thread 160878] [36.0] [cxt 0] Applying table 'MyEgress.egress_encap_vxlan'
[02:45:46.065] [bmv2] [D] [thread 160878] [36.0] [cxt 0] Looking up key:
* standard_metadata.egress_port: 0000

[02:45:46.065] [bmv2] [D] [thread 160878] [36.0] [cxt 0] Table 'MyEgress.egress_encap_vxlan': miss
[02:45:46.065] [bmv2] [D] [thread 160878] [36.0] [cxt 0] Action entry is NoAction - 
[02:45:46.065] [bmv2] [T] [thread 160878] [36.0] [cxt 0] Action NoAction
[02:45:46.065] [bmv2] [D] [thread 160878] [36.0] [cxt 0] Pipeline 'egress': end
[02:45:46.065] [bmv2] [D] [thread 160878] [36.0] [cxt 0] Deparser 'deparser': start
[02:45:46.065] [bmv2] [T] [thread 160878] [36.0] [cxt 0] Skipping checksum 'cksum' update because condition not met
[02:45:46.065] [bmv2] [D] [thread 160878] [36.0] [cxt 0] Deparsing header 'ethernet'
[02:45:46.065] [bmv2] [D] [thread 160878] [36.0] [cxt 0] Deparsing header 'ipv6'
[02:45:46.065] [bmv2] [D] [thread 160878] [36.0] [cxt 0] Deparser 'deparser': end
[02:45:46.066] [bmv2] [D] [thread 160882] [36.0] [cxt 0] Transmitting packet of size 203 out of port 0
[02:45:46.131] [bmv2] [D] [thread 160877] [37.0] [cxt 0] Processing packet received on port 2
[02:45:46.131] [bmv2] [D] [thread 160877] [37.0] [cxt 0] Parser 'parser': start
[02:45:46.131] [bmv2] [D] [thread 160877] [37.0] [cxt 0] Parser 'parser' entering state 'start'
[02:45:46.131] [bmv2] [D] [thread 160877] [37.0] [cxt 0] Extracting header 'ethernet'
[02:45:46.131] [bmv2] [D] [thread 160877] [37.0] [cxt 0] Parser state 'start': key is 86dd
[02:45:46.131] [bmv2] [T] [thread 160877] [37.0] [cxt 0] Bytes parsed: 14
[02:45:46.131] [bmv2] [D] [thread 160877] [37.0] [cxt 0] Parser 'parser' entering state 'parse_ipv6'
[02:45:46.131] [bmv2] [D] [thread 160877] [37.0] [cxt 0] Extracting header 'ipv6'
[02:45:46.131] [bmv2] [D] [thread 160877] [37.0] [cxt 0] Parser state 'parse_ipv6': key is 11
[02:45:46.131] [bmv2] [T] [thread 160877] [37.0] [cxt 0] Bytes parsed: 54
[02:45:46.131] [bmv2] [D] [thread 160877] [37.0] [cxt 0] Parser 'parser': end
[02:45:46.131] [bmv2] [D] [thread 160877] [37.0] [cxt 0] Pipeline 'ingress': start
[02:45:46.131] [bmv2] [T] [thread 160877] [37.0] [cxt 0] basic.p4(565) Condition "hdr.ethernet.etherType == TYPE_ARP" (node_2) is false
[02:45:46.131] [bmv2] [T] [thread 160877] [37.0] [cxt 0] basic.p4(568) Condition "hdr.ethernet.etherType == TYPE_SRCROUTING" (node_4) is false
[02:45:46.131] [bmv2] [T] [thread 160877] [37.0] [cxt 0] basic.p4(581) Condition "hdr.ethernet.etherType == TYPE_YEQUDESU" (node_12) is false
[02:45:46.131] [bmv2] [T] [thread 160877] [37.0] [cxt 0] basic.p4(587) Condition "hdr.vxlan.isValid()" (node_15) is false
[02:45:46.131] [bmv2] [T] [thread 160877] [37.0] [cxt 0] basic.p4(591) Condition "hdr.ipv6.isValid()" (node_17) is true
[02:45:46.131] [bmv2] [T] [thread 160877] [37.0] [cxt 0] Applying table 'MyIngress.ipv6_lpm'
[02:45:46.131] [bmv2] [D] [thread 160877] [37.0] [cxt 0] Looking up key:
* hdr.ipv6.dstAddr    : ff0200000000000000000000000000fb

[02:45:46.131] [bmv2] [D] [thread 160877] [37.0] [cxt 0] Table 'MyIngress.ipv6_lpm': miss
[02:45:46.131] [bmv2] [D] [thread 160877] [37.0] [cxt 0] Action entry is NoAction - 
[02:45:46.131] [bmv2] [T] [thread 160877] [37.0] [cxt 0] Action NoAction
[02:45:46.131] [bmv2] [D] [thread 160877] [37.0] [cxt 0] Pipeline 'ingress': end
[02:45:46.131] [bmv2] [D] [thread 160877] [37.0] [cxt 0] Egress port is 0
[02:45:46.131] [bmv2] [D] [thread 160878] [37.0] [cxt 0] Pipeline 'egress': start
[02:45:46.131] [bmv2] [T] [thread 160878] [37.0] [cxt 0] Applying table 'MyEgress.egress_encap_ipv6'
[02:45:46.131] [bmv2] [D] [thread 160878] [37.0] [cxt 0] Looking up key:
* standard_metadata.egress_port: 0000

[02:45:46.131] [bmv2] [D] [thread 160878] [37.0] [cxt 0] Table 'MyEgress.egress_encap_ipv6': miss
[02:45:46.131] [bmv2] [D] [thread 160878] [37.0] [cxt 0] Action entry is NoAction - 
[02:45:46.131] [bmv2] [T] [thread 160878] [37.0] [cxt 0] Action NoAction
[02:45:46.131] [bmv2] [T] [thread 160878] [37.0] [cxt 0] Applying table 'MyEgress.egress_encap_yequdesu'
[02:45:46.131] [bmv2] [D] [thread 160878] [37.0] [cxt 0] Looking up key:
* standard_metadata.egress_port: 0000

[02:45:46.131] [bmv2] [D] [thread 160878] [37.0] [cxt 0] Table 'MyEgress.egress_encap_yequdesu': miss
[02:45:46.131] [bmv2] [D] [thread 160878] [37.0] [cxt 0] Action entry is NoAction - 
[02:45:46.131] [bmv2] [T] [thread 160878] [37.0] [cxt 0] Action NoAction
[02:45:46.131] [bmv2] [T] [thread 160878] [37.0] [cxt 0] Applying table 'MyEgress.egress_encap_vxlan'
[02:45:46.131] [bmv2] [D] [thread 160878] [37.0] [cxt 0] Looking up key:
* standard_metadata.egress_port: 0000

[02:45:46.131] [bmv2] [D] [thread 160878] [37.0] [cxt 0] Table 'MyEgress.egress_encap_vxlan': miss
[02:45:46.131] [bmv2] [D] [thread 160878] [37.0] [cxt 0] Action entry is NoAction - 
[02:45:46.131] [bmv2] [T] [thread 160878] [37.0] [cxt 0] Action NoAction
[02:45:46.131] [bmv2] [D] [thread 160878] [37.0] [cxt 0] Pipeline 'egress': end
[02:45:46.131] [bmv2] [D] [thread 160878] [37.0] [cxt 0] Deparser 'deparser': start
[02:45:46.131] [bmv2] [T] [thread 160878] [37.0] [cxt 0] Skipping checksum 'cksum' update because condition not met
[02:45:46.131] [bmv2] [D] [thread 160878] [37.0] [cxt 0] Deparsing header 'ethernet'
[02:45:46.131] [bmv2] [D] [thread 160878] [37.0] [cxt 0] Deparsing header 'ipv6'
[02:45:46.131] [bmv2] [D] [thread 160878] [37.0] [cxt 0] Deparser 'deparser': end
[02:45:46.131] [bmv2] [D] [thread 160882] [37.0] [cxt 0] Transmitting packet of size 203 out of port 0
[02:46:13.775] [bmv2] [D] [thread 160877] [38.0] [cxt 0] Processing packet received on port 2
[02:46:13.775] [bmv2] [D] [thread 160877] [38.0] [cxt 0] Parser 'parser': start
[02:46:13.775] [bmv2] [D] [thread 160877] [38.0] [cxt 0] Parser 'parser' entering state 'start'
[02:46:13.775] [bmv2] [D] [thread 160877] [38.0] [cxt 0] Extracting header 'ethernet'
[02:46:13.775] [bmv2] [D] [thread 160877] [38.0] [cxt 0] Parser state 'start': key is 86dd
[02:46:13.775] [bmv2] [T] [thread 160877] [38.0] [cxt 0] Bytes parsed: 14
[02:46:13.775] [bmv2] [D] [thread 160877] [38.0] [cxt 0] Parser 'parser' entering state 'parse_ipv6'
[02:46:13.775] [bmv2] [D] [thread 160877] [38.0] [cxt 0] Extracting header 'ipv6'
[02:46:13.775] [bmv2] [D] [thread 160877] [38.0] [cxt 0] Parser state 'parse_ipv6': key is 3a
[02:46:13.775] [bmv2] [T] [thread 160877] [38.0] [cxt 0] Bytes parsed: 54
[02:46:13.775] [bmv2] [D] [thread 160877] [38.0] [cxt 0] Parser 'parser': end
[02:46:13.775] [bmv2] [D] [thread 160877] [38.0] [cxt 0] Pipeline 'ingress': start
[02:46:13.775] [bmv2] [T] [thread 160877] [38.0] [cxt 0] basic.p4(565) Condition "hdr.ethernet.etherType == TYPE_ARP" (node_2) is false
[02:46:13.775] [bmv2] [T] [thread 160877] [38.0] [cxt 0] basic.p4(568) Condition "hdr.ethernet.etherType == TYPE_SRCROUTING" (node_4) is false
[02:46:13.775] [bmv2] [T] [thread 160877] [38.0] [cxt 0] basic.p4(581) Condition "hdr.ethernet.etherType == TYPE_YEQUDESU" (node_12) is false
[02:46:13.775] [bmv2] [T] [thread 160877] [38.0] [cxt 0] basic.p4(587) Condition "hdr.vxlan.isValid()" (node_15) is false
[02:46:13.775] [bmv2] [T] [thread 160877] [38.0] [cxt 0] basic.p4(591) Condition "hdr.ipv6.isValid()" (node_17) is true
[02:46:13.775] [bmv2] [T] [thread 160877] [38.0] [cxt 0] Applying table 'MyIngress.ipv6_lpm'
[02:46:13.775] [bmv2] [D] [thread 160877] [38.0] [cxt 0] Looking up key:
* hdr.ipv6.dstAddr    : ff020000000000000000000000000002

[02:46:13.775] [bmv2] [D] [thread 160877] [38.0] [cxt 0] Table 'MyIngress.ipv6_lpm': miss
[02:46:13.775] [bmv2] [D] [thread 160877] [38.0] [cxt 0] Action entry is NoAction - 
[02:46:13.775] [bmv2] [T] [thread 160877] [38.0] [cxt 0] Action NoAction
[02:46:13.775] [bmv2] [D] [thread 160877] [38.0] [cxt 0] Pipeline 'ingress': end
[02:46:13.775] [bmv2] [D] [thread 160877] [38.0] [cxt 0] Egress port is 0
[02:46:13.775] [bmv2] [D] [thread 160878] [38.0] [cxt 0] Pipeline 'egress': start
[02:46:13.775] [bmv2] [T] [thread 160878] [38.0] [cxt 0] Applying table 'MyEgress.egress_encap_ipv6'
[02:46:13.775] [bmv2] [D] [thread 160878] [38.0] [cxt 0] Looking up key:
* standard_metadata.egress_port: 0000

[02:46:13.775] [bmv2] [D] [thread 160878] [38.0] [cxt 0] Table 'MyEgress.egress_encap_ipv6': miss
[02:46:13.775] [bmv2] [D] [thread 160878] [38.0] [cxt 0] Action entry is NoAction - 
[02:46:13.775] [bmv2] [T] [thread 160878] [38.0] [cxt 0] Action NoAction
[02:46:13.775] [bmv2] [T] [thread 160878] [38.0] [cxt 0] Applying table 'MyEgress.egress_encap_yequdesu'
[02:46:13.775] [bmv2] [D] [thread 160878] [38.0] [cxt 0] Looking up key:
* standard_metadata.egress_port: 0000

[02:46:13.775] [bmv2] [D] [thread 160878] [38.0] [cxt 0] Table 'MyEgress.egress_encap_yequdesu': miss
[02:46:13.775] [bmv2] [D] [thread 160878] [38.0] [cxt 0] Action entry is NoAction - 
[02:46:13.775] [bmv2] [T] [thread 160878] [38.0] [cxt 0] Action NoAction
[02:46:13.775] [bmv2] [T] [thread 160878] [38.0] [cxt 0] Applying table 'MyEgress.egress_encap_vxlan'
[02:46:13.775] [bmv2] [D] [thread 160878] [38.0] [cxt 0] Looking up key:
* standard_metadata.egress_port: 0000

[02:46:13.775] [bmv2] [D] [thread 160878] [38.0] [cxt 0] Table 'MyEgress.egress_encap_vxlan': miss
[02:46:13.775] [bmv2] [D] [thread 160878] [38.0] [cxt 0] Action entry is NoAction - 
[02:46:13.775] [bmv2] [T] [thread 160878] [38.0] [cxt 0] Action NoAction
[02:46:13.775] [bmv2] [D] [thread 160878] [38.0] [cxt 0] Pipeline 'egress': end
[02:46:13.775] [bmv2] [D] [thread 160878] [38.0] [cxt 0] Deparser 'deparser': start
[02:46:13.775] [bmv2] [T] [thread 160878] [38.0] [cxt 0] Skipping checksum 'cksum' update because condition not met
[02:46:13.775] [bmv2] [D] [thread 160878] [38.0] [cxt 0] Deparsing header 'ethernet'
[02:46:13.775] [bmv2] [D] [thread 160878] [38.0] [cxt 0] Deparsing header 'ipv6'
[02:46:13.775] [bmv2] [D] [thread 160878] [38.0] [cxt 0] Deparser 'deparser': end
[02:46:13.775] [bmv2] [D] [thread 160882] [38.0] [cxt 0] Transmitting packet of size 70 out of port 0
[02:46:15.310] [bmv2] [D] [thread 160877] [39.0] [cxt 0] Processing packet received on port 2
[02:46:15.310] [bmv2] [D] [thread 160877] [39.0] [cxt 0] Parser 'parser': start
[02:46:15.310] [bmv2] [D] [thread 160877] [39.0] [cxt 0] Parser 'parser' entering state 'start'
[02:46:15.310] [bmv2] [D] [thread 160877] [39.0] [cxt 0] Extracting header 'ethernet'
[02:46:15.310] [bmv2] [D] [thread 160877] [39.0] [cxt 0] Parser state 'start': key is 86dd
[02:46:15.310] [bmv2] [T] [thread 160877] [39.0] [cxt 0] Bytes parsed: 14
[02:46:15.310] [bmv2] [D] [thread 160877] [39.0] [cxt 0] Parser 'parser' entering state 'parse_ipv6'
[02:46:15.310] [bmv2] [D] [thread 160877] [39.0] [cxt 0] Extracting header 'ipv6'
[02:46:15.310] [bmv2] [D] [thread 160877] [39.0] [cxt 0] Parser state 'parse_ipv6': key is 3a
[02:46:15.310] [bmv2] [T] [thread 160877] [39.0] [cxt 0] Bytes parsed: 54
[02:46:15.310] [bmv2] [D] [thread 160877] [39.0] [cxt 0] Parser 'parser': end
[02:46:15.310] [bmv2] [D] [thread 160877] [39.0] [cxt 0] Pipeline 'ingress': start
[02:46:15.310] [bmv2] [T] [thread 160877] [39.0] [cxt 0] basic.p4(565) Condition "hdr.ethernet.etherType == TYPE_ARP" (node_2) is false
[02:46:15.310] [bmv2] [T] [thread 160877] [39.0] [cxt 0] basic.p4(568) Condition "hdr.ethernet.etherType == TYPE_SRCROUTING" (node_4) is false
[02:46:15.310] [bmv2] [T] [thread 160877] [39.0] [cxt 0] basic.p4(581) Condition "hdr.ethernet.etherType == TYPE_YEQUDESU" (node_12) is false
[02:46:15.310] [bmv2] [T] [thread 160877] [39.0] [cxt 0] basic.p4(587) Condition "hdr.vxlan.isValid()" (node_15) is false
[02:46:15.310] [bmv2] [T] [thread 160877] [39.0] [cxt 0] basic.p4(591) Condition "hdr.ipv6.isValid()" (node_17) is true
[02:46:15.310] [bmv2] [T] [thread 160877] [39.0] [cxt 0] Applying table 'MyIngress.ipv6_lpm'
[02:46:15.310] [bmv2] [D] [thread 160877] [39.0] [cxt 0] Looking up key:
* hdr.ipv6.dstAddr    : ff020000000000000000000000000002

[02:46:15.310] [bmv2] [D] [thread 160877] [39.0] [cxt 0] Table 'MyIngress.ipv6_lpm': miss
[02:46:15.310] [bmv2] [D] [thread 160877] [39.0] [cxt 0] Action entry is NoAction - 
[02:46:15.310] [bmv2] [T] [thread 160877] [39.0] [cxt 0] Action NoAction
[02:46:15.310] [bmv2] [D] [thread 160877] [39.0] [cxt 0] Pipeline 'ingress': end
[02:46:15.310] [bmv2] [D] [thread 160877] [39.0] [cxt 0] Egress port is 0
[02:46:15.310] [bmv2] [D] [thread 160878] [39.0] [cxt 0] Pipeline 'egress': start
[02:46:15.310] [bmv2] [T] [thread 160878] [39.0] [cxt 0] Applying table 'MyEgress.egress_encap_ipv6'
[02:46:15.310] [bmv2] [D] [thread 160878] [39.0] [cxt 0] Looking up key:
* standard_metadata.egress_port: 0000

[02:46:15.310] [bmv2] [D] [thread 160878] [39.0] [cxt 0] Table 'MyEgress.egress_encap_ipv6': miss
[02:46:15.310] [bmv2] [D] [thread 160878] [39.0] [cxt 0] Action entry is NoAction - 
[02:46:15.310] [bmv2] [T] [thread 160878] [39.0] [cxt 0] Action NoAction
[02:46:15.310] [bmv2] [T] [thread 160878] [39.0] [cxt 0] Applying table 'MyEgress.egress_encap_yequdesu'
[02:46:15.310] [bmv2] [D] [thread 160878] [39.0] [cxt 0] Looking up key:
* standard_metadata.egress_port: 0000

[02:46:15.310] [bmv2] [D] [thread 160878] [39.0] [cxt 0] Table 'MyEgress.egress_encap_yequdesu': miss
[02:46:15.310] [bmv2] [D] [thread 160878] [39.0] [cxt 0] Action entry is NoAction - 
[02:46:15.310] [bmv2] [T] [thread 160878] [39.0] [cxt 0] Action NoAction
[02:46:15.310] [bmv2] [T] [thread 160878] [39.0] [cxt 0] Applying table 'MyEgress.egress_encap_vxlan'
[02:46:15.310] [bmv2] [D] [thread 160878] [39.0] [cxt 0] Looking up key:
* standard_metadata.egress_port: 0000

[02:46:15.310] [bmv2] [D] [thread 160878] [39.0] [cxt 0] Table 'MyEgress.egress_encap_vxlan': miss
[02:46:15.310] [bmv2] [D] [thread 160878] [39.0] [cxt 0] Action entry is NoAction - 
[02:46:15.310] [bmv2] [T] [thread 160878] [39.0] [cxt 0] Action NoAction
[02:46:15.310] [bmv2] [D] [thread 160878] [39.0] [cxt 0] Pipeline 'egress': end
[02:46:15.310] [bmv2] [D] [thread 160878] [39.0] [cxt 0] Deparser 'deparser': start
[02:46:15.310] [bmv2] [T] [thread 160878] [39.0] [cxt 0] Skipping checksum 'cksum' update because condition not met
[02:46:15.310] [bmv2] [D] [thread 160878] [39.0] [cxt 0] Deparsing header 'ethernet'
[02:46:15.310] [bmv2] [D] [thread 160878] [39.0] [cxt 0] Deparsing header 'ipv6'
[02:46:15.310] [bmv2] [D] [thread 160878] [39.0] [cxt 0] Deparser 'deparser': end
[02:46:15.310] [bmv2] [D] [thread 160882] [39.0] [cxt 0] Transmitting packet of size 70 out of port 0
[02:46:17.491] [bmv2] [D] [thread 160877] [40.0] [cxt 0] Processing packet received on port 1
[02:46:17.491] [bmv2] [D] [thread 160877] [40.0] [cxt 0] Parser 'parser': start
[02:46:17.491] [bmv2] [D] [thread 160877] [40.0] [cxt 0] Parser 'parser' entering state 'start'
[02:46:17.491] [bmv2] [D] [thread 160877] [40.0] [cxt 0] Extracting header 'ethernet'
[02:46:17.491] [bmv2] [D] [thread 160877] [40.0] [cxt 0] Parser state 'start': key is 86dd
[02:46:17.491] [bmv2] [T] [thread 160877] [40.0] [cxt 0] Bytes parsed: 14
[02:46:17.491] [bmv2] [D] [thread 160877] [40.0] [cxt 0] Parser 'parser' entering state 'parse_ipv6'
[02:46:17.491] [bmv2] [D] [thread 160877] [40.0] [cxt 0] Extracting header 'ipv6'
[02:46:17.491] [bmv2] [D] [thread 160877] [40.0] [cxt 0] Parser state 'parse_ipv6': key is 11
[02:46:17.491] [bmv2] [T] [thread 160877] [40.0] [cxt 0] Bytes parsed: 54
[02:46:17.491] [bmv2] [D] [thread 160877] [40.0] [cxt 0] Parser 'parser': end
[02:46:17.491] [bmv2] [D] [thread 160877] [40.0] [cxt 0] Pipeline 'ingress': start
[02:46:17.491] [bmv2] [T] [thread 160877] [40.0] [cxt 0] basic.p4(565) Condition "hdr.ethernet.etherType == TYPE_ARP" (node_2) is false
[02:46:17.491] [bmv2] [T] [thread 160877] [40.0] [cxt 0] basic.p4(568) Condition "hdr.ethernet.etherType == TYPE_SRCROUTING" (node_4) is false
[02:46:17.491] [bmv2] [T] [thread 160877] [40.0] [cxt 0] basic.p4(581) Condition "hdr.ethernet.etherType == TYPE_YEQUDESU" (node_12) is false
[02:46:17.491] [bmv2] [T] [thread 160877] [40.0] [cxt 0] basic.p4(587) Condition "hdr.vxlan.isValid()" (node_15) is false
[02:46:17.491] [bmv2] [T] [thread 160877] [40.0] [cxt 0] basic.p4(591) Condition "hdr.ipv6.isValid()" (node_17) is true
[02:46:17.491] [bmv2] [T] [thread 160877] [40.0] [cxt 0] Applying table 'MyIngress.ipv6_lpm'
[02:46:17.491] [bmv2] [D] [thread 160877] [40.0] [cxt 0] Looking up key:
* hdr.ipv6.dstAddr    : ff0200000000000000000000000000fb

[02:46:17.491] [bmv2] [D] [thread 160877] [40.0] [cxt 0] Table 'MyIngress.ipv6_lpm': miss
[02:46:17.491] [bmv2] [D] [thread 160877] [40.0] [cxt 0] Action entry is NoAction - 
[02:46:17.491] [bmv2] [T] [thread 160877] [40.0] [cxt 0] Action NoAction
[02:46:17.491] [bmv2] [D] [thread 160877] [40.0] [cxt 0] Pipeline 'ingress': end
[02:46:17.491] [bmv2] [D] [thread 160877] [40.0] [cxt 0] Egress port is 0
[02:46:17.491] [bmv2] [D] [thread 160878] [40.0] [cxt 0] Pipeline 'egress': start
[02:46:17.491] [bmv2] [T] [thread 160878] [40.0] [cxt 0] Applying table 'MyEgress.egress_encap_ipv6'
[02:46:17.491] [bmv2] [D] [thread 160878] [40.0] [cxt 0] Looking up key:
* standard_metadata.egress_port: 0000

[02:46:17.491] [bmv2] [D] [thread 160878] [40.0] [cxt 0] Table 'MyEgress.egress_encap_ipv6': miss
[02:46:17.491] [bmv2] [D] [thread 160878] [40.0] [cxt 0] Action entry is NoAction - 
[02:46:17.491] [bmv2] [T] [thread 160878] [40.0] [cxt 0] Action NoAction
[02:46:17.491] [bmv2] [T] [thread 160878] [40.0] [cxt 0] Applying table 'MyEgress.egress_encap_yequdesu'
[02:46:17.491] [bmv2] [D] [thread 160878] [40.0] [cxt 0] Looking up key:
* standard_metadata.egress_port: 0000

[02:46:17.491] [bmv2] [D] [thread 160878] [40.0] [cxt 0] Table 'MyEgress.egress_encap_yequdesu': miss
[02:46:17.491] [bmv2] [D] [thread 160878] [40.0] [cxt 0] Action entry is NoAction - 
[02:46:17.491] [bmv2] [T] [thread 160878] [40.0] [cxt 0] Action NoAction
[02:46:17.491] [bmv2] [T] [thread 160878] [40.0] [cxt 0] Applying table 'MyEgress.egress_encap_vxlan'
[02:46:17.491] [bmv2] [D] [thread 160878] [40.0] [cxt 0] Looking up key:
* standard_metadata.egress_port: 0000

[02:46:17.491] [bmv2] [D] [thread 160878] [40.0] [cxt 0] Table 'MyEgress.egress_encap_vxlan': miss
[02:46:17.491] [bmv2] [D] [thread 160878] [40.0] [cxt 0] Action entry is NoAction - 
[02:46:17.491] [bmv2] [T] [thread 160878] [40.0] [cxt 0] Action NoAction
[02:46:17.491] [bmv2] [D] [thread 160878] [40.0] [cxt 0] Pipeline 'egress': end
[02:46:17.491] [bmv2] [D] [thread 160878] [40.0] [cxt 0] Deparser 'deparser': start
[02:46:17.491] [bmv2] [T] [thread 160878] [40.0] [cxt 0] Skipping checksum 'cksum' update because condition not met
[02:46:17.491] [bmv2] [D] [thread 160878] [40.0] [cxt 0] Deparsing header 'ethernet'
[02:46:17.491] [bmv2] [D] [thread 160878] [40.0] [cxt 0] Deparsing header 'ipv6'
[02:46:17.491] [bmv2] [D] [thread 160878] [40.0] [cxt 0] Deparser 'deparser': end
[02:46:17.491] [bmv2] [D] [thread 160882] [40.0] [cxt 0] Transmitting packet of size 203 out of port 0
[02:46:17.682] [bmv2] [D] [thread 160877] [41.0] [cxt 0] Processing packet received on port 2
[02:46:17.682] [bmv2] [D] [thread 160877] [41.0] [cxt 0] Parser 'parser': start
[02:46:17.682] [bmv2] [D] [thread 160877] [41.0] [cxt 0] Parser 'parser' entering state 'start'
[02:46:17.682] [bmv2] [D] [thread 160877] [41.0] [cxt 0] Extracting header 'ethernet'
[02:46:17.682] [bmv2] [D] [thread 160877] [41.0] [cxt 0] Parser state 'start': key is 86dd
[02:46:17.682] [bmv2] [T] [thread 160877] [41.0] [cxt 0] Bytes parsed: 14
[02:46:17.682] [bmv2] [D] [thread 160877] [41.0] [cxt 0] Parser 'parser' entering state 'parse_ipv6'
[02:46:17.682] [bmv2] [D] [thread 160877] [41.0] [cxt 0] Extracting header 'ipv6'
[02:46:17.682] [bmv2] [D] [thread 160877] [41.0] [cxt 0] Parser state 'parse_ipv6': key is 11
[02:46:17.682] [bmv2] [T] [thread 160877] [41.0] [cxt 0] Bytes parsed: 54
[02:46:17.682] [bmv2] [D] [thread 160877] [41.0] [cxt 0] Parser 'parser': end
[02:46:17.682] [bmv2] [D] [thread 160877] [41.0] [cxt 0] Pipeline 'ingress': start
[02:46:17.682] [bmv2] [T] [thread 160877] [41.0] [cxt 0] basic.p4(565) Condition "hdr.ethernet.etherType == TYPE_ARP" (node_2) is false
[02:46:17.682] [bmv2] [T] [thread 160877] [41.0] [cxt 0] basic.p4(568) Condition "hdr.ethernet.etherType == TYPE_SRCROUTING" (node_4) is false
[02:46:17.682] [bmv2] [T] [thread 160877] [41.0] [cxt 0] basic.p4(581) Condition "hdr.ethernet.etherType == TYPE_YEQUDESU" (node_12) is false
[02:46:17.682] [bmv2] [T] [thread 160877] [41.0] [cxt 0] basic.p4(587) Condition "hdr.vxlan.isValid()" (node_15) is false
[02:46:17.682] [bmv2] [T] [thread 160877] [41.0] [cxt 0] basic.p4(591) Condition "hdr.ipv6.isValid()" (node_17) is true
[02:46:17.682] [bmv2] [T] [thread 160877] [41.0] [cxt 0] Applying table 'MyIngress.ipv6_lpm'
[02:46:17.682] [bmv2] [D] [thread 160877] [41.0] [cxt 0] Looking up key:
* hdr.ipv6.dstAddr    : ff0200000000000000000000000000fb

[02:46:17.682] [bmv2] [D] [thread 160877] [41.0] [cxt 0] Table 'MyIngress.ipv6_lpm': miss
[02:46:17.682] [bmv2] [D] [thread 160877] [41.0] [cxt 0] Action entry is NoAction - 
[02:46:17.682] [bmv2] [T] [thread 160877] [41.0] [cxt 0] Action NoAction
[02:46:17.682] [bmv2] [D] [thread 160877] [41.0] [cxt 0] Pipeline 'ingress': end
[02:46:17.682] [bmv2] [D] [thread 160877] [41.0] [cxt 0] Egress port is 0
[02:46:17.683] [bmv2] [D] [thread 160878] [41.0] [cxt 0] Pipeline 'egress': start
[02:46:17.683] [bmv2] [T] [thread 160878] [41.0] [cxt 0] Applying table 'MyEgress.egress_encap_ipv6'
[02:46:17.683] [bmv2] [D] [thread 160878] [41.0] [cxt 0] Looking up key:
* standard_metadata.egress_port: 0000

[02:46:17.683] [bmv2] [D] [thread 160878] [41.0] [cxt 0] Table 'MyEgress.egress_encap_ipv6': miss
[02:46:17.683] [bmv2] [D] [thread 160878] [41.0] [cxt 0] Action entry is NoAction - 
[02:46:17.683] [bmv2] [T] [thread 160878] [41.0] [cxt 0] Action NoAction
[02:46:17.683] [bmv2] [T] [thread 160878] [41.0] [cxt 0] Applying table 'MyEgress.egress_encap_yequdesu'
[02:46:17.683] [bmv2] [D] [thread 160878] [41.0] [cxt 0] Looking up key:
* standard_metadata.egress_port: 0000

[02:46:17.683] [bmv2] [D] [thread 160878] [41.0] [cxt 0] Table 'MyEgress.egress_encap_yequdesu': miss
[02:46:17.683] [bmv2] [D] [thread 160878] [41.0] [cxt 0] Action entry is NoAction - 
[02:46:17.683] [bmv2] [T] [thread 160878] [41.0] [cxt 0] Action NoAction
[02:46:17.683] [bmv2] [T] [thread 160878] [41.0] [cxt 0] Applying table 'MyEgress.egress_encap_vxlan'
[02:46:17.683] [bmv2] [D] [thread 160878] [41.0] [cxt 0] Looking up key:
* standard_metadata.egress_port: 0000

[02:46:17.683] [bmv2] [D] [thread 160878] [41.0] [cxt 0] Table 'MyEgress.egress_encap_vxlan': miss
[02:46:17.683] [bmv2] [D] [thread 160878] [41.0] [cxt 0] Action entry is NoAction - 
[02:46:17.683] [bmv2] [T] [thread 160878] [41.0] [cxt 0] Action NoAction
[02:46:17.683] [bmv2] [D] [thread 160878] [41.0] [cxt 0] Pipeline 'egress': end
[02:46:17.683] [bmv2] [D] [thread 160878] [41.0] [cxt 0] Deparser 'deparser': start
[02:46:17.683] [bmv2] [T] [thread 160878] [41.0] [cxt 0] Skipping checksum 'cksum' update because condition not met
[02:46:17.683] [bmv2] [D] [thread 160878] [41.0] [cxt 0] Deparsing header 'ethernet'
[02:46:17.683] [bmv2] [D] [thread 160878] [41.0] [cxt 0] Deparsing header 'ipv6'
[02:46:17.683] [bmv2] [D] [thread 160878] [41.0] [cxt 0] Deparser 'deparser': end
[02:46:17.683] [bmv2] [D] [thread 160882] [41.0] [cxt 0] Transmitting packet of size 203 out of port 0
[02:46:18.066] [bmv2] [D] [thread 160877] [42.0] [cxt 0] Processing packet received on port 1
[02:46:18.066] [bmv2] [D] [thread 160877] [42.0] [cxt 0] Parser 'parser': start
[02:46:18.066] [bmv2] [D] [thread 160877] [42.0] [cxt 0] Parser 'parser' entering state 'start'
[02:46:18.066] [bmv2] [D] [thread 160877] [42.0] [cxt 0] Extracting header 'ethernet'
[02:46:18.066] [bmv2] [D] [thread 160877] [42.0] [cxt 0] Parser state 'start': key is 86dd
[02:46:18.066] [bmv2] [T] [thread 160877] [42.0] [cxt 0] Bytes parsed: 14
[02:46:18.066] [bmv2] [D] [thread 160877] [42.0] [cxt 0] Parser 'parser' entering state 'parse_ipv6'
[02:46:18.066] [bmv2] [D] [thread 160877] [42.0] [cxt 0] Extracting header 'ipv6'
[02:46:18.066] [bmv2] [D] [thread 160877] [42.0] [cxt 0] Parser state 'parse_ipv6': key is 11
[02:46:18.066] [bmv2] [T] [thread 160877] [42.0] [cxt 0] Bytes parsed: 54
[02:46:18.066] [bmv2] [D] [thread 160877] [42.0] [cxt 0] Parser 'parser': end
[02:46:18.066] [bmv2] [D] [thread 160877] [42.0] [cxt 0] Pipeline 'ingress': start
[02:46:18.066] [bmv2] [T] [thread 160877] [42.0] [cxt 0] basic.p4(565) Condition "hdr.ethernet.etherType == TYPE_ARP" (node_2) is false
[02:46:18.066] [bmv2] [T] [thread 160877] [42.0] [cxt 0] basic.p4(568) Condition "hdr.ethernet.etherType == TYPE_SRCROUTING" (node_4) is false
[02:46:18.066] [bmv2] [T] [thread 160877] [42.0] [cxt 0] basic.p4(581) Condition "hdr.ethernet.etherType == TYPE_YEQUDESU" (node_12) is false
[02:46:18.066] [bmv2] [T] [thread 160877] [42.0] [cxt 0] basic.p4(587) Condition "hdr.vxlan.isValid()" (node_15) is false
[02:46:18.066] [bmv2] [T] [thread 160877] [42.0] [cxt 0] basic.p4(591) Condition "hdr.ipv6.isValid()" (node_17) is true
[02:46:18.066] [bmv2] [T] [thread 160877] [42.0] [cxt 0] Applying table 'MyIngress.ipv6_lpm'
[02:46:18.066] [bmv2] [D] [thread 160877] [42.0] [cxt 0] Looking up key:
* hdr.ipv6.dstAddr    : ff0200000000000000000000000000fb

[02:46:18.066] [bmv2] [D] [thread 160877] [42.0] [cxt 0] Table 'MyIngress.ipv6_lpm': miss
[02:46:18.066] [bmv2] [D] [thread 160877] [42.0] [cxt 0] Action entry is NoAction - 
[02:46:18.066] [bmv2] [T] [thread 160877] [42.0] [cxt 0] Action NoAction
[02:46:18.066] [bmv2] [D] [thread 160877] [42.0] [cxt 0] Pipeline 'ingress': end
[02:46:18.066] [bmv2] [D] [thread 160877] [42.0] [cxt 0] Egress port is 0
[02:46:18.066] [bmv2] [D] [thread 160878] [42.0] [cxt 0] Pipeline 'egress': start
[02:46:18.066] [bmv2] [T] [thread 160878] [42.0] [cxt 0] Applying table 'MyEgress.egress_encap_ipv6'
[02:46:18.066] [bmv2] [D] [thread 160878] [42.0] [cxt 0] Looking up key:
* standard_metadata.egress_port: 0000

[02:46:18.066] [bmv2] [D] [thread 160878] [42.0] [cxt 0] Table 'MyEgress.egress_encap_ipv6': miss
[02:46:18.066] [bmv2] [D] [thread 160878] [42.0] [cxt 0] Action entry is NoAction - 
[02:46:18.066] [bmv2] [T] [thread 160878] [42.0] [cxt 0] Action NoAction
[02:46:18.066] [bmv2] [T] [thread 160878] [42.0] [cxt 0] Applying table 'MyEgress.egress_encap_yequdesu'
[02:46:18.066] [bmv2] [D] [thread 160878] [42.0] [cxt 0] Looking up key:
* standard_metadata.egress_port: 0000

[02:46:18.066] [bmv2] [D] [thread 160878] [42.0] [cxt 0] Table 'MyEgress.egress_encap_yequdesu': miss
[02:46:18.066] [bmv2] [D] [thread 160878] [42.0] [cxt 0] Action entry is NoAction - 
[02:46:18.066] [bmv2] [T] [thread 160878] [42.0] [cxt 0] Action NoAction
[02:46:18.066] [bmv2] [T] [thread 160878] [42.0] [cxt 0] Applying table 'MyEgress.egress_encap_vxlan'
[02:46:18.066] [bmv2] [D] [thread 160878] [42.0] [cxt 0] Looking up key:
* standard_metadata.egress_port: 0000

[02:46:18.066] [bmv2] [D] [thread 160878] [42.0] [cxt 0] Table 'MyEgress.egress_encap_vxlan': miss
[02:46:18.066] [bmv2] [D] [thread 160878] [42.0] [cxt 0] Action entry is NoAction - 
[02:46:18.066] [bmv2] [T] [thread 160878] [42.0] [cxt 0] Action NoAction
[02:46:18.066] [bmv2] [D] [thread 160878] [42.0] [cxt 0] Pipeline 'egress': end
[02:46:18.066] [bmv2] [D] [thread 160878] [42.0] [cxt 0] Deparser 'deparser': start
[02:46:18.066] [bmv2] [T] [thread 160878] [42.0] [cxt 0] Skipping checksum 'cksum' update because condition not met
[02:46:18.066] [bmv2] [D] [thread 160878] [42.0] [cxt 0] Deparsing header 'ethernet'
[02:46:18.066] [bmv2] [D] [thread 160878] [42.0] [cxt 0] Deparsing header 'ipv6'
[02:46:18.066] [bmv2] [D] [thread 160878] [42.0] [cxt 0] Deparser 'deparser': end
[02:46:18.066] [bmv2] [D] [thread 160882] [42.0] [cxt 0] Transmitting packet of size 203 out of port 0
[02:46:18.132] [bmv2] [D] [thread 160877] [43.0] [cxt 0] Processing packet received on port 2
[02:46:18.132] [bmv2] [D] [thread 160877] [43.0] [cxt 0] Parser 'parser': start
[02:46:18.132] [bmv2] [D] [thread 160877] [43.0] [cxt 0] Parser 'parser' entering state 'start'
[02:46:18.132] [bmv2] [D] [thread 160877] [43.0] [cxt 0] Extracting header 'ethernet'
[02:46:18.132] [bmv2] [D] [thread 160877] [43.0] [cxt 0] Parser state 'start': key is 86dd
[02:46:18.132] [bmv2] [T] [thread 160877] [43.0] [cxt 0] Bytes parsed: 14
[02:46:18.132] [bmv2] [D] [thread 160877] [43.0] [cxt 0] Parser 'parser' entering state 'parse_ipv6'
[02:46:18.132] [bmv2] [D] [thread 160877] [43.0] [cxt 0] Extracting header 'ipv6'
[02:46:18.132] [bmv2] [D] [thread 160877] [43.0] [cxt 0] Parser state 'parse_ipv6': key is 11
[02:46:18.132] [bmv2] [T] [thread 160877] [43.0] [cxt 0] Bytes parsed: 54
[02:46:18.132] [bmv2] [D] [thread 160877] [43.0] [cxt 0] Parser 'parser': end
[02:46:18.132] [bmv2] [D] [thread 160877] [43.0] [cxt 0] Pipeline 'ingress': start
[02:46:18.132] [bmv2] [T] [thread 160877] [43.0] [cxt 0] basic.p4(565) Condition "hdr.ethernet.etherType == TYPE_ARP" (node_2) is false
[02:46:18.132] [bmv2] [T] [thread 160877] [43.0] [cxt 0] basic.p4(568) Condition "hdr.ethernet.etherType == TYPE_SRCROUTING" (node_4) is false
[02:46:18.132] [bmv2] [T] [thread 160877] [43.0] [cxt 0] basic.p4(581) Condition "hdr.ethernet.etherType == TYPE_YEQUDESU" (node_12) is false
[02:46:18.132] [bmv2] [T] [thread 160877] [43.0] [cxt 0] basic.p4(587) Condition "hdr.vxlan.isValid()" (node_15) is false
[02:46:18.132] [bmv2] [T] [thread 160877] [43.0] [cxt 0] basic.p4(591) Condition "hdr.ipv6.isValid()" (node_17) is true
[02:46:18.132] [bmv2] [T] [thread 160877] [43.0] [cxt 0] Applying table 'MyIngress.ipv6_lpm'
[02:46:18.132] [bmv2] [D] [thread 160877] [43.0] [cxt 0] Looking up key:
* hdr.ipv6.dstAddr    : ff0200000000000000000000000000fb

[02:46:18.132] [bmv2] [D] [thread 160877] [43.0] [cxt 0] Table 'MyIngress.ipv6_lpm': miss
[02:46:18.132] [bmv2] [D] [thread 160877] [43.0] [cxt 0] Action entry is NoAction - 
[02:46:18.132] [bmv2] [T] [thread 160877] [43.0] [cxt 0] Action NoAction
[02:46:18.132] [bmv2] [D] [thread 160877] [43.0] [cxt 0] Pipeline 'ingress': end
[02:46:18.132] [bmv2] [D] [thread 160877] [43.0] [cxt 0] Egress port is 0
[02:46:18.133] [bmv2] [D] [thread 160878] [43.0] [cxt 0] Pipeline 'egress': start
[02:46:18.133] [bmv2] [T] [thread 160878] [43.0] [cxt 0] Applying table 'MyEgress.egress_encap_ipv6'
[02:46:18.133] [bmv2] [D] [thread 160878] [43.0] [cxt 0] Looking up key:
* standard_metadata.egress_port: 0000

[02:46:18.133] [bmv2] [D] [thread 160878] [43.0] [cxt 0] Table 'MyEgress.egress_encap_ipv6': miss
[02:46:18.133] [bmv2] [D] [thread 160878] [43.0] [cxt 0] Action entry is NoAction - 
[02:46:18.133] [bmv2] [T] [thread 160878] [43.0] [cxt 0] Action NoAction
[02:46:18.133] [bmv2] [T] [thread 160878] [43.0] [cxt 0] Applying table 'MyEgress.egress_encap_yequdesu'
[02:46:18.133] [bmv2] [D] [thread 160878] [43.0] [cxt 0] Looking up key:
* standard_metadata.egress_port: 0000

[02:46:18.133] [bmv2] [D] [thread 160878] [43.0] [cxt 0] Table 'MyEgress.egress_encap_yequdesu': miss
[02:46:18.134] [bmv2] [D] [thread 160878] [43.0] [cxt 0] Action entry is NoAction - 
[02:46:18.134] [bmv2] [T] [thread 160878] [43.0] [cxt 0] Action NoAction
[02:46:18.134] [bmv2] [T] [thread 160878] [43.0] [cxt 0] Applying table 'MyEgress.egress_encap_vxlan'
[02:46:18.134] [bmv2] [D] [thread 160878] [43.0] [cxt 0] Looking up key:
* standard_metadata.egress_port: 0000

[02:46:18.134] [bmv2] [D] [thread 160878] [43.0] [cxt 0] Table 'MyEgress.egress_encap_vxlan': miss
[02:46:18.134] [bmv2] [D] [thread 160878] [43.0] [cxt 0] Action entry is NoAction - 
[02:46:18.134] [bmv2] [T] [thread 160878] [43.0] [cxt 0] Action NoAction
[02:46:18.134] [bmv2] [D] [thread 160878] [43.0] [cxt 0] Pipeline 'egress': end
[02:46:18.134] [bmv2] [D] [thread 160878] [43.0] [cxt 0] Deparser 'deparser': start
[02:46:18.134] [bmv2] [T] [thread 160878] [43.0] [cxt 0] Skipping checksum 'cksum' update because condition not met
[02:46:18.134] [bmv2] [D] [thread 160878] [43.0] [cxt 0] Deparsing header 'ethernet'
[02:46:18.134] [bmv2] [D] [thread 160878] [43.0] [cxt 0] Deparsing header 'ipv6'
[02:46:18.134] [bmv2] [D] [thread 160878] [43.0] [cxt 0] Deparser 'deparser': end
[02:46:18.136] [bmv2] [D] [thread 160882] [43.0] [cxt 0] Transmitting packet of size 203 out of port 0
[02:46:18.382] [bmv2] [D] [thread 160877] [44.0] [cxt 0] Processing packet received on port 1
[02:46:18.382] [bmv2] [D] [thread 160877] [44.0] [cxt 0] Parser 'parser': start
[02:46:18.382] [bmv2] [D] [thread 160877] [44.0] [cxt 0] Parser 'parser' entering state 'start'
[02:46:18.382] [bmv2] [D] [thread 160877] [44.0] [cxt 0] Extracting header 'ethernet'
[02:46:18.382] [bmv2] [D] [thread 160877] [44.0] [cxt 0] Parser state 'start': key is 86dd
[02:46:18.382] [bmv2] [T] [thread 160877] [44.0] [cxt 0] Bytes parsed: 14
[02:46:18.382] [bmv2] [D] [thread 160877] [44.0] [cxt 0] Parser 'parser' entering state 'parse_ipv6'
[02:46:18.382] [bmv2] [D] [thread 160877] [44.0] [cxt 0] Extracting header 'ipv6'
[02:46:18.382] [bmv2] [D] [thread 160877] [44.0] [cxt 0] Parser state 'parse_ipv6': key is 3a
[02:46:18.382] [bmv2] [T] [thread 160877] [44.0] [cxt 0] Bytes parsed: 54
[02:46:18.382] [bmv2] [D] [thread 160877] [44.0] [cxt 0] Parser 'parser': end
[02:46:18.382] [bmv2] [D] [thread 160877] [44.0] [cxt 0] Pipeline 'ingress': start
[02:46:18.382] [bmv2] [T] [thread 160877] [44.0] [cxt 0] basic.p4(565) Condition "hdr.ethernet.etherType == TYPE_ARP" (node_2) is false
[02:46:18.382] [bmv2] [T] [thread 160877] [44.0] [cxt 0] basic.p4(568) Condition "hdr.ethernet.etherType == TYPE_SRCROUTING" (node_4) is false
[02:46:18.382] [bmv2] [T] [thread 160877] [44.0] [cxt 0] basic.p4(581) Condition "hdr.ethernet.etherType == TYPE_YEQUDESU" (node_12) is false
[02:46:18.382] [bmv2] [T] [thread 160877] [44.0] [cxt 0] basic.p4(587) Condition "hdr.vxlan.isValid()" (node_15) is false
[02:46:18.382] [bmv2] [T] [thread 160877] [44.0] [cxt 0] basic.p4(591) Condition "hdr.ipv6.isValid()" (node_17) is true
[02:46:18.382] [bmv2] [T] [thread 160877] [44.0] [cxt 0] Applying table 'MyIngress.ipv6_lpm'
[02:46:18.382] [bmv2] [D] [thread 160877] [44.0] [cxt 0] Looking up key:
* hdr.ipv6.dstAddr    : ff020000000000000000000000000002

[02:46:18.382] [bmv2] [D] [thread 160877] [44.0] [cxt 0] Table 'MyIngress.ipv6_lpm': miss
[02:46:18.382] [bmv2] [D] [thread 160877] [44.0] [cxt 0] Action entry is NoAction - 
[02:46:18.382] [bmv2] [T] [thread 160877] [44.0] [cxt 0] Action NoAction
[02:46:18.382] [bmv2] [D] [thread 160877] [44.0] [cxt 0] Pipeline 'ingress': end
[02:46:18.382] [bmv2] [D] [thread 160877] [44.0] [cxt 0] Egress port is 0
[02:46:18.383] [bmv2] [D] [thread 160877] [45.0] [cxt 0] Processing packet received on port 1
[02:46:18.383] [bmv2] [D] [thread 160877] [45.0] [cxt 0] Parser 'parser': start
[02:46:18.383] [bmv2] [D] [thread 160877] [45.0] [cxt 0] Parser 'parser' entering state 'start'
[02:46:18.383] [bmv2] [D] [thread 160877] [45.0] [cxt 0] Extracting header 'ethernet'
[02:46:18.383] [bmv2] [D] [thread 160877] [45.0] [cxt 0] Parser state 'start': key is 86dd
[02:46:18.383] [bmv2] [T] [thread 160877] [45.0] [cxt 0] Bytes parsed: 14
[02:46:18.383] [bmv2] [D] [thread 160877] [45.0] [cxt 0] Parser 'parser' entering state 'parse_ipv6'
[02:46:18.383] [bmv2] [D] [thread 160877] [45.0] [cxt 0] Extracting header 'ipv6'
[02:46:18.383] [bmv2] [D] [thread 160877] [45.0] [cxt 0] Parser state 'parse_ipv6': key is 3a
[02:46:18.383] [bmv2] [T] [thread 160877] [45.0] [cxt 0] Bytes parsed: 54
[02:46:18.383] [bmv2] [D] [thread 160877] [45.0] [cxt 0] Parser 'parser': end
[02:46:18.383] [bmv2] [D] [thread 160877] [45.0] [cxt 0] Pipeline 'ingress': start
[02:46:18.383] [bmv2] [T] [thread 160877] [45.0] [cxt 0] basic.p4(565) Condition "hdr.ethernet.etherType == TYPE_ARP" (node_2) is false
[02:46:18.383] [bmv2] [D] [thread 160878] [44.0] [cxt 0] Pipeline 'egress': start
[02:46:18.383] [bmv2] [T] [thread 160877] [45.0] [cxt 0] basic.p4(568) Condition "hdr.ethernet.etherType == TYPE_SRCROUTING" (node_4) is false
[02:46:18.383] [bmv2] [T] [thread 160878] [44.0] [cxt 0] Applying table 'MyEgress.egress_encap_ipv6'
[02:46:18.383] [bmv2] [T] [thread 160877] [45.0] [cxt 0] basic.p4(581) Condition "hdr.ethernet.etherType == TYPE_YEQUDESU" (node_12) is false
[02:46:18.383] [bmv2] [T] [thread 160877] [45.0] [cxt 0] basic.p4(587) Condition "hdr.vxlan.isValid()" (node_15) is false
[02:46:18.383] [bmv2] [D] [thread 160878] [44.0] [cxt 0] Looking up key:
* standard_metadata.egress_port: 0000

[02:46:18.383] [bmv2] [T] [thread 160877] [45.0] [cxt 0] basic.p4(591) Condition "hdr.ipv6.isValid()" (node_17) is true
[02:46:18.383] [bmv2] [T] [thread 160877] [45.0] [cxt 0] Applying table 'MyIngress.ipv6_lpm'
[02:46:18.383] [bmv2] [D] [thread 160878] [44.0] [cxt 0] Table 'MyEgress.egress_encap_ipv6': miss
[02:46:18.383] [bmv2] [D] [thread 160878] [44.0] [cxt 0] Action entry is NoAction - 
[02:46:18.383] [bmv2] [D] [thread 160877] [45.0] [cxt 0] Looking up key:
* hdr.ipv6.dstAddr    : ff020000000000000000000000000002

[02:46:18.383] [bmv2] [T] [thread 160878] [44.0] [cxt 0] Action NoAction
[02:46:18.383] [bmv2] [D] [thread 160877] [45.0] [cxt 0] Table 'MyIngress.ipv6_lpm': miss
[02:46:18.383] [bmv2] [T] [thread 160878] [44.0] [cxt 0] Applying table 'MyEgress.egress_encap_yequdesu'
[02:46:18.383] [bmv2] [D] [thread 160877] [45.0] [cxt 0] Action entry is NoAction - 
[02:46:18.383] [bmv2] [T] [thread 160877] [45.0] [cxt 0] Action NoAction
[02:46:18.383] [bmv2] [D] [thread 160877] [45.0] [cxt 0] Pipeline 'ingress': end
[02:46:18.383] [bmv2] [D] [thread 160877] [45.0] [cxt 0] Egress port is 0
[02:46:18.383] [bmv2] [D] [thread 160878] [44.0] [cxt 0] Looking up key:
* standard_metadata.egress_port: 0000

[02:46:18.383] [bmv2] [D] [thread 160878] [44.0] [cxt 0] Table 'MyEgress.egress_encap_yequdesu': miss
[02:46:18.383] [bmv2] [D] [thread 160878] [44.0] [cxt 0] Action entry is NoAction - 
[02:46:18.383] [bmv2] [T] [thread 160878] [44.0] [cxt 0] Action NoAction
[02:46:18.383] [bmv2] [T] [thread 160878] [44.0] [cxt 0] Applying table 'MyEgress.egress_encap_vxlan'
[02:46:18.383] [bmv2] [D] [thread 160878] [44.0] [cxt 0] Looking up key:
* standard_metadata.egress_port: 0000

[02:46:18.383] [bmv2] [D] [thread 160878] [44.0] [cxt 0] Table 'MyEgress.egress_encap_vxlan': miss
[02:46:18.383] [bmv2] [D] [thread 160878] [44.0] [cxt 0] Action entry is NoAction - 
[02:46:18.383] [bmv2] [T] [thread 160878] [44.0] [cxt 0] Action NoAction
[02:46:18.383] [bmv2] [D] [thread 160878] [44.0] [cxt 0] Pipeline 'egress': end
[02:46:18.383] [bmv2] [D] [thread 160878] [44.0] [cxt 0] Deparser 'deparser': start
[02:46:18.383] [bmv2] [T] [thread 160878] [44.0] [cxt 0] Skipping checksum 'cksum' update because condition not met
[02:46:18.383] [bmv2] [D] [thread 160878] [44.0] [cxt 0] Deparsing header 'ethernet'
[02:46:18.383] [bmv2] [D] [thread 160878] [44.0] [cxt 0] Deparsing header 'ipv6'
[02:46:18.383] [bmv2] [D] [thread 160878] [44.0] [cxt 0] Deparser 'deparser': end
[02:46:18.383] [bmv2] [D] [thread 160878] [45.0] [cxt 0] Pipeline 'egress': start
[02:46:18.383] [bmv2] [T] [thread 160878] [45.0] [cxt 0] Applying table 'MyEgress.egress_encap_ipv6'
[02:46:18.383] [bmv2] [D] [thread 160878] [45.0] [cxt 0] Looking up key:
* standard_metadata.egress_port: 0000

[02:46:18.383] [bmv2] [D] [thread 160878] [45.0] [cxt 0] Table 'MyEgress.egress_encap_ipv6': miss
[02:46:18.383] [bmv2] [D] [thread 160878] [45.0] [cxt 0] Action entry is NoAction - 
[02:46:18.383] [bmv2] [T] [thread 160878] [45.0] [cxt 0] Action NoAction
[02:46:18.383] [bmv2] [T] [thread 160878] [45.0] [cxt 0] Applying table 'MyEgress.egress_encap_yequdesu'
[02:46:18.383] [bmv2] [D] [thread 160878] [45.0] [cxt 0] Looking up key:
* standard_metadata.egress_port: 0000

[02:46:18.383] [bmv2] [D] [thread 160878] [45.0] [cxt 0] Table 'MyEgress.egress_encap_yequdesu': miss
[02:46:18.383] [bmv2] [D] [thread 160878] [45.0] [cxt 0] Action entry is NoAction - 
[02:46:18.383] [bmv2] [T] [thread 160878] [45.0] [cxt 0] Action NoAction
[02:46:18.383] [bmv2] [T] [thread 160878] [45.0] [cxt 0] Applying table 'MyEgress.egress_encap_vxlan'
[02:46:18.383] [bmv2] [D] [thread 160878] [45.0] [cxt 0] Looking up key:
* standard_metadata.egress_port: 0000

[02:46:18.383] [bmv2] [D] [thread 160878] [45.0] [cxt 0] Table 'MyEgress.egress_encap_vxlan': miss
[02:46:18.383] [bmv2] [D] [thread 160878] [45.0] [cxt 0] Action entry is NoAction - 
[02:46:18.383] [bmv2] [T] [thread 160878] [45.0] [cxt 0] Action NoAction
[02:46:18.383] [bmv2] [D] [thread 160878] [45.0] [cxt 0] Pipeline 'egress': end
[02:46:18.383] [bmv2] [D] [thread 160878] [45.0] [cxt 0] Deparser 'deparser': start
[02:46:18.383] [bmv2] [T] [thread 160878] [45.0] [cxt 0] Skipping checksum 'cksum' update because condition not met
[02:46:18.383] [bmv2] [D] [thread 160882] [44.0] [cxt 0] Transmitting packet of size 70 out of port 0
[02:46:18.383] [bmv2] [D] [thread 160878] [45.0] [cxt 0] Deparsing header 'ethernet'
[02:46:18.383] [bmv2] [D] [thread 160878] [45.0] [cxt 0] Deparsing header 'ipv6'
[02:46:18.383] [bmv2] [D] [thread 160878] [45.0] [cxt 0] Deparser 'deparser': end
[02:46:18.383] [bmv2] [D] [thread 160882] [45.0] [cxt 0] Transmitting packet of size 70 out of port 0
[02:47:15.726] [bmv2] [D] [thread 160877] [46.0] [cxt 0] Processing packet received on port 2
[02:47:15.726] [bmv2] [D] [thread 160877] [46.0] [cxt 0] Parser 'parser': start
[02:47:15.726] [bmv2] [D] [thread 160877] [46.0] [cxt 0] Parser 'parser' entering state 'start'
[02:47:15.726] [bmv2] [D] [thread 160877] [46.0] [cxt 0] Extracting header 'ethernet'
[02:47:15.726] [bmv2] [D] [thread 160877] [46.0] [cxt 0] Parser state 'start': key is 86dd
[02:47:15.726] [bmv2] [T] [thread 160877] [46.0] [cxt 0] Bytes parsed: 14
[02:47:15.726] [bmv2] [D] [thread 160877] [46.0] [cxt 0] Parser 'parser' entering state 'parse_ipv6'
[02:47:15.726] [bmv2] [D] [thread 160877] [46.0] [cxt 0] Extracting header 'ipv6'
[02:47:15.726] [bmv2] [D] [thread 160877] [46.0] [cxt 0] Parser state 'parse_ipv6': key is 3a
[02:47:15.726] [bmv2] [T] [thread 160877] [46.0] [cxt 0] Bytes parsed: 54
[02:47:15.726] [bmv2] [D] [thread 160877] [46.0] [cxt 0] Parser 'parser': end
[02:47:15.726] [bmv2] [D] [thread 160877] [46.0] [cxt 0] Pipeline 'ingress': start
[02:47:15.726] [bmv2] [T] [thread 160877] [46.0] [cxt 0] basic.p4(565) Condition "hdr.ethernet.etherType == TYPE_ARP" (node_2) is false
[02:47:15.726] [bmv2] [T] [thread 160877] [46.0] [cxt 0] basic.p4(568) Condition "hdr.ethernet.etherType == TYPE_SRCROUTING" (node_4) is false
[02:47:15.726] [bmv2] [T] [thread 160877] [46.0] [cxt 0] basic.p4(581) Condition "hdr.ethernet.etherType == TYPE_YEQUDESU" (node_12) is false
[02:47:15.726] [bmv2] [T] [thread 160877] [46.0] [cxt 0] basic.p4(587) Condition "hdr.vxlan.isValid()" (node_15) is false
[02:47:15.726] [bmv2] [T] [thread 160877] [46.0] [cxt 0] basic.p4(591) Condition "hdr.ipv6.isValid()" (node_17) is true
[02:47:15.726] [bmv2] [T] [thread 160877] [46.0] [cxt 0] Applying table 'MyIngress.ipv6_lpm'
[02:47:15.726] [bmv2] [D] [thread 160877] [46.0] [cxt 0] Looking up key:
* hdr.ipv6.dstAddr    : ff020000000000000000000000000002

[02:47:15.726] [bmv2] [D] [thread 160877] [46.0] [cxt 0] Table 'MyIngress.ipv6_lpm': miss
[02:47:15.726] [bmv2] [D] [thread 160877] [46.0] [cxt 0] Action entry is NoAction - 
[02:47:15.726] [bmv2] [T] [thread 160877] [46.0] [cxt 0] Action NoAction
[02:47:15.726] [bmv2] [D] [thread 160877] [46.0] [cxt 0] Pipeline 'ingress': end
[02:47:15.726] [bmv2] [D] [thread 160877] [46.0] [cxt 0] Egress port is 0
[02:47:15.726] [bmv2] [D] [thread 160878] [46.0] [cxt 0] Pipeline 'egress': start
[02:47:15.726] [bmv2] [T] [thread 160878] [46.0] [cxt 0] Applying table 'MyEgress.egress_encap_ipv6'
[02:47:15.726] [bmv2] [D] [thread 160878] [46.0] [cxt 0] Looking up key:
* standard_metadata.egress_port: 0000

[02:47:15.726] [bmv2] [D] [thread 160878] [46.0] [cxt 0] Table 'MyEgress.egress_encap_ipv6': miss
[02:47:15.726] [bmv2] [D] [thread 160878] [46.0] [cxt 0] Action entry is NoAction - 
[02:47:15.726] [bmv2] [T] [thread 160878] [46.0] [cxt 0] Action NoAction
[02:47:15.726] [bmv2] [T] [thread 160878] [46.0] [cxt 0] Applying table 'MyEgress.egress_encap_yequdesu'
[02:47:15.726] [bmv2] [D] [thread 160878] [46.0] [cxt 0] Looking up key:
* standard_metadata.egress_port: 0000

[02:47:15.726] [bmv2] [D] [thread 160878] [46.0] [cxt 0] Table 'MyEgress.egress_encap_yequdesu': miss
[02:47:15.726] [bmv2] [D] [thread 160878] [46.0] [cxt 0] Action entry is NoAction - 
[02:47:15.726] [bmv2] [T] [thread 160878] [46.0] [cxt 0] Action NoAction
[02:47:15.726] [bmv2] [T] [thread 160878] [46.0] [cxt 0] Applying table 'MyEgress.egress_encap_vxlan'
[02:47:15.726] [bmv2] [D] [thread 160878] [46.0] [cxt 0] Looking up key:
* standard_metadata.egress_port: 0000

[02:47:15.726] [bmv2] [D] [thread 160878] [46.0] [cxt 0] Table 'MyEgress.egress_encap_vxlan': miss
[02:47:15.726] [bmv2] [D] [thread 160878] [46.0] [cxt 0] Action entry is NoAction - 
[02:47:15.726] [bmv2] [T] [thread 160878] [46.0] [cxt 0] Action NoAction
[02:47:15.726] [bmv2] [D] [thread 160878] [46.0] [cxt 0] Pipeline 'egress': end
[02:47:15.726] [bmv2] [D] [thread 160878] [46.0] [cxt 0] Deparser 'deparser': start
[02:47:15.726] [bmv2] [T] [thread 160878] [46.0] [cxt 0] Skipping checksum 'cksum' update because condition not met
[02:47:15.726] [bmv2] [D] [thread 160878] [46.0] [cxt 0] Deparsing header 'ethernet'
[02:47:15.726] [bmv2] [D] [thread 160878] [46.0] [cxt 0] Deparsing header 'ipv6'
[02:47:15.726] [bmv2] [D] [thread 160878] [46.0] [cxt 0] Deparser 'deparser': end
[02:47:15.726] [bmv2] [D] [thread 160882] [46.0] [cxt 0] Transmitting packet of size 70 out of port 0
[02:47:19.822] [bmv2] [D] [thread 160877] [47.0] [cxt 0] Processing packet received on port 2
[02:47:19.822] [bmv2] [D] [thread 160877] [47.0] [cxt 0] Parser 'parser': start
[02:47:19.822] [bmv2] [D] [thread 160877] [47.0] [cxt 0] Parser 'parser' entering state 'start'
[02:47:19.822] [bmv2] [D] [thread 160877] [47.0] [cxt 0] Extracting header 'ethernet'
[02:47:19.822] [bmv2] [D] [thread 160877] [47.0] [cxt 0] Parser state 'start': key is 86dd
[02:47:19.822] [bmv2] [T] [thread 160877] [47.0] [cxt 0] Bytes parsed: 14
[02:47:19.822] [bmv2] [D] [thread 160877] [47.0] [cxt 0] Parser 'parser' entering state 'parse_ipv6'
[02:47:19.822] [bmv2] [D] [thread 160877] [47.0] [cxt 0] Extracting header 'ipv6'
[02:47:19.822] [bmv2] [D] [thread 160877] [47.0] [cxt 0] Parser state 'parse_ipv6': key is 3a
[02:47:19.822] [bmv2] [T] [thread 160877] [47.0] [cxt 0] Bytes parsed: 54
[02:47:19.822] [bmv2] [D] [thread 160877] [47.0] [cxt 0] Parser 'parser': end
[02:47:19.822] [bmv2] [D] [thread 160877] [47.0] [cxt 0] Pipeline 'ingress': start
[02:47:19.822] [bmv2] [T] [thread 160877] [47.0] [cxt 0] basic.p4(565) Condition "hdr.ethernet.etherType == TYPE_ARP" (node_2) is false
[02:47:19.822] [bmv2] [T] [thread 160877] [47.0] [cxt 0] basic.p4(568) Condition "hdr.ethernet.etherType == TYPE_SRCROUTING" (node_4) is false
[02:47:19.822] [bmv2] [T] [thread 160877] [47.0] [cxt 0] basic.p4(581) Condition "hdr.ethernet.etherType == TYPE_YEQUDESU" (node_12) is false
[02:47:19.822] [bmv2] [T] [thread 160877] [47.0] [cxt 0] basic.p4(587) Condition "hdr.vxlan.isValid()" (node_15) is false
[02:47:19.822] [bmv2] [T] [thread 160877] [47.0] [cxt 0] basic.p4(591) Condition "hdr.ipv6.isValid()" (node_17) is true
[02:47:19.822] [bmv2] [T] [thread 160877] [47.0] [cxt 0] Applying table 'MyIngress.ipv6_lpm'
[02:47:19.822] [bmv2] [D] [thread 160877] [47.0] [cxt 0] Looking up key:
* hdr.ipv6.dstAddr    : ff020000000000000000000000000002

[02:47:19.822] [bmv2] [D] [thread 160877] [47.0] [cxt 0] Table 'MyIngress.ipv6_lpm': miss
[02:47:19.822] [bmv2] [D] [thread 160877] [47.0] [cxt 0] Action entry is NoAction - 
[02:47:19.822] [bmv2] [T] [thread 160877] [47.0] [cxt 0] Action NoAction
[02:47:19.822] [bmv2] [D] [thread 160877] [47.0] [cxt 0] Pipeline 'ingress': end
[02:47:19.822] [bmv2] [D] [thread 160877] [47.0] [cxt 0] Egress port is 0
[02:47:19.822] [bmv2] [D] [thread 160878] [47.0] [cxt 0] Pipeline 'egress': start
[02:47:19.822] [bmv2] [T] [thread 160878] [47.0] [cxt 0] Applying table 'MyEgress.egress_encap_ipv6'
[02:47:19.822] [bmv2] [D] [thread 160878] [47.0] [cxt 0] Looking up key:
* standard_metadata.egress_port: 0000

[02:47:19.822] [bmv2] [D] [thread 160878] [47.0] [cxt 0] Table 'MyEgress.egress_encap_ipv6': miss
[02:47:19.822] [bmv2] [D] [thread 160878] [47.0] [cxt 0] Action entry is NoAction - 
[02:47:19.822] [bmv2] [T] [thread 160878] [47.0] [cxt 0] Action NoAction
[02:47:19.822] [bmv2] [T] [thread 160878] [47.0] [cxt 0] Applying table 'MyEgress.egress_encap_yequdesu'
[02:47:19.822] [bmv2] [D] [thread 160878] [47.0] [cxt 0] Looking up key:
* standard_metadata.egress_port: 0000

[02:47:19.822] [bmv2] [D] [thread 160878] [47.0] [cxt 0] Table 'MyEgress.egress_encap_yequdesu': miss
[02:47:19.822] [bmv2] [D] [thread 160878] [47.0] [cxt 0] Action entry is NoAction - 
[02:47:19.822] [bmv2] [T] [thread 160878] [47.0] [cxt 0] Action NoAction
[02:47:19.822] [bmv2] [T] [thread 160878] [47.0] [cxt 0] Applying table 'MyEgress.egress_encap_vxlan'
[02:47:19.822] [bmv2] [D] [thread 160878] [47.0] [cxt 0] Looking up key:
* standard_metadata.egress_port: 0000

[02:47:19.822] [bmv2] [D] [thread 160878] [47.0] [cxt 0] Table 'MyEgress.egress_encap_vxlan': miss
[02:47:19.822] [bmv2] [D] [thread 160878] [47.0] [cxt 0] Action entry is NoAction - 
[02:47:19.822] [bmv2] [T] [thread 160878] [47.0] [cxt 0] Action NoAction
[02:47:19.822] [bmv2] [D] [thread 160878] [47.0] [cxt 0] Pipeline 'egress': end
[02:47:19.822] [bmv2] [D] [thread 160878] [47.0] [cxt 0] Deparser 'deparser': start
[02:47:19.822] [bmv2] [T] [thread 160878] [47.0] [cxt 0] Skipping checksum 'cksum' update because condition not met
[02:47:19.822] [bmv2] [D] [thread 160878] [47.0] [cxt 0] Deparsing header 'ethernet'
[02:47:19.822] [bmv2] [D] [thread 160878] [47.0] [cxt 0] Deparsing header 'ipv6'
[02:47:19.822] [bmv2] [D] [thread 160878] [47.0] [cxt 0] Deparser 'deparser': end
[02:47:19.822] [bmv2] [D] [thread 160882] [47.0] [cxt 0] Transmitting packet of size 70 out of port 0
[02:47:21.493] [bmv2] [D] [thread 160877] [48.0] [cxt 0] Processing packet received on port 1
[02:47:21.493] [bmv2] [D] [thread 160877] [48.0] [cxt 0] Parser 'parser': start
[02:47:21.493] [bmv2] [D] [thread 160877] [48.0] [cxt 0] Parser 'parser' entering state 'start'
[02:47:21.493] [bmv2] [D] [thread 160877] [48.0] [cxt 0] Extracting header 'ethernet'
[02:47:21.493] [bmv2] [D] [thread 160877] [48.0] [cxt 0] Parser state 'start': key is 86dd
[02:47:21.493] [bmv2] [T] [thread 160877] [48.0] [cxt 0] Bytes parsed: 14
[02:47:21.493] [bmv2] [D] [thread 160877] [48.0] [cxt 0] Parser 'parser' entering state 'parse_ipv6'
[02:47:21.493] [bmv2] [D] [thread 160877] [48.0] [cxt 0] Extracting header 'ipv6'
[02:47:21.493] [bmv2] [D] [thread 160877] [48.0] [cxt 0] Parser state 'parse_ipv6': key is 11
[02:47:21.493] [bmv2] [T] [thread 160877] [48.0] [cxt 0] Bytes parsed: 54
[02:47:21.493] [bmv2] [D] [thread 160877] [48.0] [cxt 0] Parser 'parser': end
[02:47:21.493] [bmv2] [D] [thread 160877] [48.0] [cxt 0] Pipeline 'ingress': start
[02:47:21.493] [bmv2] [T] [thread 160877] [48.0] [cxt 0] basic.p4(565) Condition "hdr.ethernet.etherType == TYPE_ARP" (node_2) is false
[02:47:21.493] [bmv2] [T] [thread 160877] [48.0] [cxt 0] basic.p4(568) Condition "hdr.ethernet.etherType == TYPE_SRCROUTING" (node_4) is false
[02:47:21.493] [bmv2] [T] [thread 160877] [48.0] [cxt 0] basic.p4(581) Condition "hdr.ethernet.etherType == TYPE_YEQUDESU" (node_12) is false
[02:47:21.493] [bmv2] [T] [thread 160877] [48.0] [cxt 0] basic.p4(587) Condition "hdr.vxlan.isValid()" (node_15) is false
[02:47:21.493] [bmv2] [T] [thread 160877] [48.0] [cxt 0] basic.p4(591) Condition "hdr.ipv6.isValid()" (node_17) is true
[02:47:21.493] [bmv2] [T] [thread 160877] [48.0] [cxt 0] Applying table 'MyIngress.ipv6_lpm'
[02:47:21.493] [bmv2] [D] [thread 160877] [48.0] [cxt 0] Looking up key:
* hdr.ipv6.dstAddr    : ff0200000000000000000000000000fb

[02:47:21.493] [bmv2] [D] [thread 160877] [48.0] [cxt 0] Table 'MyIngress.ipv6_lpm': miss
[02:47:21.493] [bmv2] [D] [thread 160877] [48.0] [cxt 0] Action entry is NoAction - 
[02:47:21.493] [bmv2] [T] [thread 160877] [48.0] [cxt 0] Action NoAction
[02:47:21.493] [bmv2] [D] [thread 160877] [48.0] [cxt 0] Pipeline 'ingress': end
[02:47:21.493] [bmv2] [D] [thread 160877] [48.0] [cxt 0] Egress port is 0
[02:47:21.493] [bmv2] [D] [thread 160878] [48.0] [cxt 0] Pipeline 'egress': start
[02:47:21.493] [bmv2] [T] [thread 160878] [48.0] [cxt 0] Applying table 'MyEgress.egress_encap_ipv6'
[02:47:21.493] [bmv2] [D] [thread 160878] [48.0] [cxt 0] Looking up key:
* standard_metadata.egress_port: 0000

[02:47:21.493] [bmv2] [D] [thread 160878] [48.0] [cxt 0] Table 'MyEgress.egress_encap_ipv6': miss
[02:47:21.493] [bmv2] [D] [thread 160878] [48.0] [cxt 0] Action entry is NoAction - 
[02:47:21.493] [bmv2] [T] [thread 160878] [48.0] [cxt 0] Action NoAction
[02:47:21.493] [bmv2] [T] [thread 160878] [48.0] [cxt 0] Applying table 'MyEgress.egress_encap_yequdesu'
[02:47:21.493] [bmv2] [D] [thread 160878] [48.0] [cxt 0] Looking up key:
* standard_metadata.egress_port: 0000

[02:47:21.493] [bmv2] [D] [thread 160878] [48.0] [cxt 0] Table 'MyEgress.egress_encap_yequdesu': miss
[02:47:21.493] [bmv2] [D] [thread 160878] [48.0] [cxt 0] Action entry is NoAction - 
[02:47:21.493] [bmv2] [T] [thread 160878] [48.0] [cxt 0] Action NoAction
[02:47:21.493] [bmv2] [T] [thread 160878] [48.0] [cxt 0] Applying table 'MyEgress.egress_encap_vxlan'
[02:47:21.493] [bmv2] [D] [thread 160878] [48.0] [cxt 0] Looking up key:
* standard_metadata.egress_port: 0000

[02:47:21.493] [bmv2] [D] [thread 160878] [48.0] [cxt 0] Table 'MyEgress.egress_encap_vxlan': miss
[02:47:21.493] [bmv2] [D] [thread 160878] [48.0] [cxt 0] Action entry is NoAction - 
[02:47:21.493] [bmv2] [T] [thread 160878] [48.0] [cxt 0] Action NoAction
[02:47:21.493] [bmv2] [D] [thread 160878] [48.0] [cxt 0] Pipeline 'egress': end
[02:47:21.493] [bmv2] [D] [thread 160878] [48.0] [cxt 0] Deparser 'deparser': start
[02:47:21.493] [bmv2] [T] [thread 160878] [48.0] [cxt 0] Skipping checksum 'cksum' update because condition not met
[02:47:21.493] [bmv2] [D] [thread 160878] [48.0] [cxt 0] Deparsing header 'ethernet'
[02:47:21.493] [bmv2] [D] [thread 160878] [48.0] [cxt 0] Deparsing header 'ipv6'
[02:47:21.493] [bmv2] [D] [thread 160878] [48.0] [cxt 0] Deparser 'deparser': end
[02:47:21.493] [bmv2] [D] [thread 160882] [48.0] [cxt 0] Transmitting packet of size 203 out of port 0
[02:47:21.684] [bmv2] [D] [thread 160877] [49.0] [cxt 0] Processing packet received on port 2
[02:47:21.684] [bmv2] [D] [thread 160877] [49.0] [cxt 0] Parser 'parser': start
[02:47:21.684] [bmv2] [D] [thread 160877] [49.0] [cxt 0] Parser 'parser' entering state 'start'
[02:47:21.684] [bmv2] [D] [thread 160877] [49.0] [cxt 0] Extracting header 'ethernet'
[02:47:21.684] [bmv2] [D] [thread 160877] [49.0] [cxt 0] Parser state 'start': key is 86dd
[02:47:21.684] [bmv2] [T] [thread 160877] [49.0] [cxt 0] Bytes parsed: 14
[02:47:21.684] [bmv2] [D] [thread 160877] [49.0] [cxt 0] Parser 'parser' entering state 'parse_ipv6'
[02:47:21.684] [bmv2] [D] [thread 160877] [49.0] [cxt 0] Extracting header 'ipv6'
[02:47:21.684] [bmv2] [D] [thread 160877] [49.0] [cxt 0] Parser state 'parse_ipv6': key is 11
[02:47:21.684] [bmv2] [T] [thread 160877] [49.0] [cxt 0] Bytes parsed: 54
[02:47:21.684] [bmv2] [D] [thread 160877] [49.0] [cxt 0] Parser 'parser': end
[02:47:21.684] [bmv2] [D] [thread 160877] [49.0] [cxt 0] Pipeline 'ingress': start
[02:47:21.684] [bmv2] [T] [thread 160877] [49.0] [cxt 0] basic.p4(565) Condition "hdr.ethernet.etherType == TYPE_ARP" (node_2) is false
[02:47:21.684] [bmv2] [T] [thread 160877] [49.0] [cxt 0] basic.p4(568) Condition "hdr.ethernet.etherType == TYPE_SRCROUTING" (node_4) is false
[02:47:21.684] [bmv2] [T] [thread 160877] [49.0] [cxt 0] basic.p4(581) Condition "hdr.ethernet.etherType == TYPE_YEQUDESU" (node_12) is false
[02:47:21.684] [bmv2] [T] [thread 160877] [49.0] [cxt 0] basic.p4(587) Condition "hdr.vxlan.isValid()" (node_15) is false
[02:47:21.684] [bmv2] [T] [thread 160877] [49.0] [cxt 0] basic.p4(591) Condition "hdr.ipv6.isValid()" (node_17) is true
[02:47:21.684] [bmv2] [T] [thread 160877] [49.0] [cxt 0] Applying table 'MyIngress.ipv6_lpm'
[02:47:21.684] [bmv2] [D] [thread 160877] [49.0] [cxt 0] Looking up key:
* hdr.ipv6.dstAddr    : ff0200000000000000000000000000fb

[02:47:21.684] [bmv2] [D] [thread 160877] [49.0] [cxt 0] Table 'MyIngress.ipv6_lpm': miss
[02:47:21.684] [bmv2] [D] [thread 160877] [49.0] [cxt 0] Action entry is NoAction - 
[02:47:21.684] [bmv2] [T] [thread 160877] [49.0] [cxt 0] Action NoAction
[02:47:21.684] [bmv2] [D] [thread 160877] [49.0] [cxt 0] Pipeline 'ingress': end
[02:47:21.684] [bmv2] [D] [thread 160877] [49.0] [cxt 0] Egress port is 0
[02:47:21.684] [bmv2] [D] [thread 160878] [49.0] [cxt 0] Pipeline 'egress': start
[02:47:21.684] [bmv2] [T] [thread 160878] [49.0] [cxt 0] Applying table 'MyEgress.egress_encap_ipv6'
[02:47:21.684] [bmv2] [D] [thread 160878] [49.0] [cxt 0] Looking up key:
* standard_metadata.egress_port: 0000

[02:47:21.684] [bmv2] [D] [thread 160878] [49.0] [cxt 0] Table 'MyEgress.egress_encap_ipv6': miss
[02:47:21.684] [bmv2] [D] [thread 160878] [49.0] [cxt 0] Action entry is NoAction - 
[02:47:21.684] [bmv2] [T] [thread 160878] [49.0] [cxt 0] Action NoAction
[02:47:21.684] [bmv2] [T] [thread 160878] [49.0] [cxt 0] Applying table 'MyEgress.egress_encap_yequdesu'
[02:47:21.684] [bmv2] [D] [thread 160878] [49.0] [cxt 0] Looking up key:
* standard_metadata.egress_port: 0000

[02:47:21.684] [bmv2] [D] [thread 160878] [49.0] [cxt 0] Table 'MyEgress.egress_encap_yequdesu': miss
[02:47:21.684] [bmv2] [D] [thread 160878] [49.0] [cxt 0] Action entry is NoAction - 
[02:47:21.684] [bmv2] [T] [thread 160878] [49.0] [cxt 0] Action NoAction
[02:47:21.684] [bmv2] [T] [thread 160878] [49.0] [cxt 0] Applying table 'MyEgress.egress_encap_vxlan'
[02:47:21.685] [bmv2] [D] [thread 160878] [49.0] [cxt 0] Looking up key:
* standard_metadata.egress_port: 0000

[02:47:21.685] [bmv2] [D] [thread 160878] [49.0] [cxt 0] Table 'MyEgress.egress_encap_vxlan': miss
[02:47:21.685] [bmv2] [D] [thread 160878] [49.0] [cxt 0] Action entry is NoAction - 
[02:47:21.685] [bmv2] [T] [thread 160878] [49.0] [cxt 0] Action NoAction
[02:47:21.685] [bmv2] [D] [thread 160878] [49.0] [cxt 0] Pipeline 'egress': end
[02:47:21.685] [bmv2] [D] [thread 160878] [49.0] [cxt 0] Deparser 'deparser': start
[02:47:21.685] [bmv2] [T] [thread 160878] [49.0] [cxt 0] Skipping checksum 'cksum' update because condition not met
[02:47:21.685] [bmv2] [D] [thread 160878] [49.0] [cxt 0] Deparsing header 'ethernet'
[02:47:21.685] [bmv2] [D] [thread 160878] [49.0] [cxt 0] Deparsing header 'ipv6'
[02:47:21.685] [bmv2] [D] [thread 160878] [49.0] [cxt 0] Deparser 'deparser': end
[02:47:21.685] [bmv2] [D] [thread 160882] [49.0] [cxt 0] Transmitting packet of size 203 out of port 0
[02:47:22.065] [bmv2] [D] [thread 160877] [50.0] [cxt 0] Processing packet received on port 1
[02:47:22.065] [bmv2] [D] [thread 160877] [50.0] [cxt 0] Parser 'parser': start
[02:47:22.065] [bmv2] [D] [thread 160877] [50.0] [cxt 0] Parser 'parser' entering state 'start'
[02:47:22.065] [bmv2] [D] [thread 160877] [50.0] [cxt 0] Extracting header 'ethernet'
[02:47:22.065] [bmv2] [D] [thread 160877] [50.0] [cxt 0] Parser state 'start': key is 86dd
[02:47:22.065] [bmv2] [T] [thread 160877] [50.0] [cxt 0] Bytes parsed: 14
[02:47:22.065] [bmv2] [D] [thread 160877] [50.0] [cxt 0] Parser 'parser' entering state 'parse_ipv6'
[02:47:22.065] [bmv2] [D] [thread 160877] [50.0] [cxt 0] Extracting header 'ipv6'
[02:47:22.065] [bmv2] [D] [thread 160877] [50.0] [cxt 0] Parser state 'parse_ipv6': key is 11
[02:47:22.065] [bmv2] [T] [thread 160877] [50.0] [cxt 0] Bytes parsed: 54
[02:47:22.065] [bmv2] [D] [thread 160877] [50.0] [cxt 0] Parser 'parser': end
[02:47:22.065] [bmv2] [D] [thread 160877] [50.0] [cxt 0] Pipeline 'ingress': start
[02:47:22.065] [bmv2] [T] [thread 160877] [50.0] [cxt 0] basic.p4(565) Condition "hdr.ethernet.etherType == TYPE_ARP" (node_2) is false
[02:47:22.065] [bmv2] [T] [thread 160877] [50.0] [cxt 0] basic.p4(568) Condition "hdr.ethernet.etherType == TYPE_SRCROUTING" (node_4) is false
[02:47:22.065] [bmv2] [T] [thread 160877] [50.0] [cxt 0] basic.p4(581) Condition "hdr.ethernet.etherType == TYPE_YEQUDESU" (node_12) is false
[02:47:22.065] [bmv2] [T] [thread 160877] [50.0] [cxt 0] basic.p4(587) Condition "hdr.vxlan.isValid()" (node_15) is false
[02:47:22.065] [bmv2] [T] [thread 160877] [50.0] [cxt 0] basic.p4(591) Condition "hdr.ipv6.isValid()" (node_17) is true
[02:47:22.065] [bmv2] [T] [thread 160877] [50.0] [cxt 0] Applying table 'MyIngress.ipv6_lpm'
[02:47:22.065] [bmv2] [D] [thread 160877] [50.0] [cxt 0] Looking up key:
* hdr.ipv6.dstAddr    : ff0200000000000000000000000000fb

[02:47:22.065] [bmv2] [D] [thread 160877] [50.0] [cxt 0] Table 'MyIngress.ipv6_lpm': miss
[02:47:22.065] [bmv2] [D] [thread 160877] [50.0] [cxt 0] Action entry is NoAction - 
[02:47:22.065] [bmv2] [T] [thread 160877] [50.0] [cxt 0] Action NoAction
[02:47:22.065] [bmv2] [D] [thread 160877] [50.0] [cxt 0] Pipeline 'ingress': end
[02:47:22.065] [bmv2] [D] [thread 160877] [50.0] [cxt 0] Egress port is 0
[02:47:22.066] [bmv2] [D] [thread 160878] [50.0] [cxt 0] Pipeline 'egress': start
[02:47:22.066] [bmv2] [T] [thread 160878] [50.0] [cxt 0] Applying table 'MyEgress.egress_encap_ipv6'
[02:47:22.066] [bmv2] [D] [thread 160878] [50.0] [cxt 0] Looking up key:
* standard_metadata.egress_port: 0000

[02:47:22.066] [bmv2] [D] [thread 160878] [50.0] [cxt 0] Table 'MyEgress.egress_encap_ipv6': miss
[02:47:22.066] [bmv2] [D] [thread 160878] [50.0] [cxt 0] Action entry is NoAction - 
[02:47:22.066] [bmv2] [T] [thread 160878] [50.0] [cxt 0] Action NoAction
[02:47:22.066] [bmv2] [T] [thread 160878] [50.0] [cxt 0] Applying table 'MyEgress.egress_encap_yequdesu'
[02:47:22.066] [bmv2] [D] [thread 160878] [50.0] [cxt 0] Looking up key:
* standard_metadata.egress_port: 0000

[02:47:22.066] [bmv2] [D] [thread 160878] [50.0] [cxt 0] Table 'MyEgress.egress_encap_yequdesu': miss
[02:47:22.066] [bmv2] [D] [thread 160878] [50.0] [cxt 0] Action entry is NoAction - 
[02:47:22.066] [bmv2] [T] [thread 160878] [50.0] [cxt 0] Action NoAction
[02:47:22.066] [bmv2] [T] [thread 160878] [50.0] [cxt 0] Applying table 'MyEgress.egress_encap_vxlan'
[02:47:22.066] [bmv2] [D] [thread 160878] [50.0] [cxt 0] Looking up key:
* standard_metadata.egress_port: 0000

[02:47:22.066] [bmv2] [D] [thread 160878] [50.0] [cxt 0] Table 'MyEgress.egress_encap_vxlan': miss
[02:47:22.066] [bmv2] [D] [thread 160878] [50.0] [cxt 0] Action entry is NoAction - 
[02:47:22.066] [bmv2] [T] [thread 160878] [50.0] [cxt 0] Action NoAction
[02:47:22.066] [bmv2] [D] [thread 160878] [50.0] [cxt 0] Pipeline 'egress': end
[02:47:22.066] [bmv2] [D] [thread 160878] [50.0] [cxt 0] Deparser 'deparser': start
[02:47:22.066] [bmv2] [T] [thread 160878] [50.0] [cxt 0] Skipping checksum 'cksum' update because condition not met
[02:47:22.066] [bmv2] [D] [thread 160878] [50.0] [cxt 0] Deparsing header 'ethernet'
[02:47:22.066] [bmv2] [D] [thread 160878] [50.0] [cxt 0] Deparsing header 'ipv6'
[02:47:22.066] [bmv2] [D] [thread 160878] [50.0] [cxt 0] Deparser 'deparser': end
[02:47:22.066] [bmv2] [D] [thread 160882] [50.0] [cxt 0] Transmitting packet of size 203 out of port 0
[02:47:22.133] [bmv2] [D] [thread 160877] [51.0] [cxt 0] Processing packet received on port 2
[02:47:22.133] [bmv2] [D] [thread 160877] [51.0] [cxt 0] Parser 'parser': start
[02:47:22.133] [bmv2] [D] [thread 160877] [51.0] [cxt 0] Parser 'parser' entering state 'start'
[02:47:22.133] [bmv2] [D] [thread 160877] [51.0] [cxt 0] Extracting header 'ethernet'
[02:47:22.133] [bmv2] [D] [thread 160877] [51.0] [cxt 0] Parser state 'start': key is 86dd
[02:47:22.133] [bmv2] [T] [thread 160877] [51.0] [cxt 0] Bytes parsed: 14
[02:47:22.133] [bmv2] [D] [thread 160877] [51.0] [cxt 0] Parser 'parser' entering state 'parse_ipv6'
[02:47:22.133] [bmv2] [D] [thread 160877] [51.0] [cxt 0] Extracting header 'ipv6'
[02:47:22.133] [bmv2] [D] [thread 160877] [51.0] [cxt 0] Parser state 'parse_ipv6': key is 11
[02:47:22.133] [bmv2] [T] [thread 160877] [51.0] [cxt 0] Bytes parsed: 54
[02:47:22.133] [bmv2] [D] [thread 160877] [51.0] [cxt 0] Parser 'parser': end
[02:47:22.133] [bmv2] [D] [thread 160877] [51.0] [cxt 0] Pipeline 'ingress': start
[02:47:22.133] [bmv2] [T] [thread 160877] [51.0] [cxt 0] basic.p4(565) Condition "hdr.ethernet.etherType == TYPE_ARP" (node_2) is false
[02:47:22.133] [bmv2] [T] [thread 160877] [51.0] [cxt 0] basic.p4(568) Condition "hdr.ethernet.etherType == TYPE_SRCROUTING" (node_4) is false
[02:47:22.133] [bmv2] [T] [thread 160877] [51.0] [cxt 0] basic.p4(581) Condition "hdr.ethernet.etherType == TYPE_YEQUDESU" (node_12) is false
[02:47:22.133] [bmv2] [T] [thread 160877] [51.0] [cxt 0] basic.p4(587) Condition "hdr.vxlan.isValid()" (node_15) is false
[02:47:22.133] [bmv2] [T] [thread 160877] [51.0] [cxt 0] basic.p4(591) Condition "hdr.ipv6.isValid()" (node_17) is true
[02:47:22.133] [bmv2] [T] [thread 160877] [51.0] [cxt 0] Applying table 'MyIngress.ipv6_lpm'
[02:47:22.133] [bmv2] [D] [thread 160877] [51.0] [cxt 0] Looking up key:
* hdr.ipv6.dstAddr    : ff0200000000000000000000000000fb

[02:47:22.133] [bmv2] [D] [thread 160877] [51.0] [cxt 0] Table 'MyIngress.ipv6_lpm': miss
[02:47:22.133] [bmv2] [D] [thread 160877] [51.0] [cxt 0] Action entry is NoAction - 
[02:47:22.133] [bmv2] [T] [thread 160877] [51.0] [cxt 0] Action NoAction
[02:47:22.133] [bmv2] [D] [thread 160877] [51.0] [cxt 0] Pipeline 'ingress': end
[02:47:22.133] [bmv2] [D] [thread 160877] [51.0] [cxt 0] Egress port is 0
[02:47:22.134] [bmv2] [D] [thread 160878] [51.0] [cxt 0] Pipeline 'egress': start
[02:47:22.134] [bmv2] [T] [thread 160878] [51.0] [cxt 0] Applying table 'MyEgress.egress_encap_ipv6'
[02:47:22.134] [bmv2] [D] [thread 160878] [51.0] [cxt 0] Looking up key:
* standard_metadata.egress_port: 0000

[02:47:22.134] [bmv2] [D] [thread 160878] [51.0] [cxt 0] Table 'MyEgress.egress_encap_ipv6': miss
[02:47:22.134] [bmv2] [D] [thread 160878] [51.0] [cxt 0] Action entry is NoAction - 
[02:47:22.134] [bmv2] [T] [thread 160878] [51.0] [cxt 0] Action NoAction
[02:47:22.134] [bmv2] [T] [thread 160878] [51.0] [cxt 0] Applying table 'MyEgress.egress_encap_yequdesu'
[02:47:22.134] [bmv2] [D] [thread 160878] [51.0] [cxt 0] Looking up key:
* standard_metadata.egress_port: 0000

[02:47:22.134] [bmv2] [D] [thread 160878] [51.0] [cxt 0] Table 'MyEgress.egress_encap_yequdesu': miss
[02:47:22.134] [bmv2] [D] [thread 160878] [51.0] [cxt 0] Action entry is NoAction - 
[02:47:22.134] [bmv2] [T] [thread 160878] [51.0] [cxt 0] Action NoAction
[02:47:22.134] [bmv2] [T] [thread 160878] [51.0] [cxt 0] Applying table 'MyEgress.egress_encap_vxlan'
[02:47:22.134] [bmv2] [D] [thread 160878] [51.0] [cxt 0] Looking up key:
* standard_metadata.egress_port: 0000

[02:47:22.134] [bmv2] [D] [thread 160878] [51.0] [cxt 0] Table 'MyEgress.egress_encap_vxlan': miss
[02:47:22.134] [bmv2] [D] [thread 160878] [51.0] [cxt 0] Action entry is NoAction - 
[02:47:22.134] [bmv2] [T] [thread 160878] [51.0] [cxt 0] Action NoAction
[02:47:22.134] [bmv2] [D] [thread 160878] [51.0] [cxt 0] Pipeline 'egress': end
[02:47:22.134] [bmv2] [D] [thread 160878] [51.0] [cxt 0] Deparser 'deparser': start
[02:47:22.134] [bmv2] [T] [thread 160878] [51.0] [cxt 0] Skipping checksum 'cksum' update because condition not met
[02:47:22.134] [bmv2] [D] [thread 160878] [51.0] [cxt 0] Deparsing header 'ethernet'
[02:47:22.134] [bmv2] [D] [thread 160878] [51.0] [cxt 0] Deparsing header 'ipv6'
[02:47:22.134] [bmv2] [D] [thread 160878] [51.0] [cxt 0] Deparser 'deparser': end
[02:47:22.134] [bmv2] [D] [thread 160882] [51.0] [cxt 0] Transmitting packet of size 203 out of port 0
[02:47:23.918] [bmv2] [D] [thread 160877] [52.0] [cxt 0] Processing packet received on port 1
[02:47:23.918] [bmv2] [D] [thread 160877] [52.0] [cxt 0] Parser 'parser': start
[02:47:23.918] [bmv2] [D] [thread 160877] [52.0] [cxt 0] Parser 'parser' entering state 'start'
[02:47:23.918] [bmv2] [D] [thread 160877] [52.0] [cxt 0] Extracting header 'ethernet'
[02:47:23.918] [bmv2] [D] [thread 160877] [52.0] [cxt 0] Parser state 'start': key is 86dd
[02:47:23.918] [bmv2] [T] [thread 160877] [52.0] [cxt 0] Bytes parsed: 14
[02:47:23.918] [bmv2] [D] [thread 160877] [52.0] [cxt 0] Parser 'parser' entering state 'parse_ipv6'
[02:47:23.918] [bmv2] [D] [thread 160877] [52.0] [cxt 0] Extracting header 'ipv6'
[02:47:23.918] [bmv2] [D] [thread 160877] [52.0] [cxt 0] Parser state 'parse_ipv6': key is 3a
[02:47:23.918] [bmv2] [T] [thread 160877] [52.0] [cxt 0] Bytes parsed: 54
[02:47:23.918] [bmv2] [D] [thread 160877] [52.0] [cxt 0] Parser 'parser': end
[02:47:23.918] [bmv2] [D] [thread 160877] [52.0] [cxt 0] Pipeline 'ingress': start
[02:47:23.918] [bmv2] [T] [thread 160877] [52.0] [cxt 0] basic.p4(565) Condition "hdr.ethernet.etherType == TYPE_ARP" (node_2) is false
[02:47:23.918] [bmv2] [T] [thread 160877] [52.0] [cxt 0] basic.p4(568) Condition "hdr.ethernet.etherType == TYPE_SRCROUTING" (node_4) is false
[02:47:23.918] [bmv2] [T] [thread 160877] [52.0] [cxt 0] basic.p4(581) Condition "hdr.ethernet.etherType == TYPE_YEQUDESU" (node_12) is false
[02:47:23.918] [bmv2] [T] [thread 160877] [52.0] [cxt 0] basic.p4(587) Condition "hdr.vxlan.isValid()" (node_15) is false
[02:47:23.918] [bmv2] [T] [thread 160877] [52.0] [cxt 0] basic.p4(591) Condition "hdr.ipv6.isValid()" (node_17) is true
[02:47:23.918] [bmv2] [T] [thread 160877] [52.0] [cxt 0] Applying table 'MyIngress.ipv6_lpm'
[02:47:23.918] [bmv2] [D] [thread 160877] [52.0] [cxt 0] Looking up key:
* hdr.ipv6.dstAddr    : ff020000000000000000000000000002

[02:47:23.918] [bmv2] [D] [thread 160877] [52.0] [cxt 0] Table 'MyIngress.ipv6_lpm': miss
[02:47:23.918] [bmv2] [D] [thread 160877] [52.0] [cxt 0] Action entry is NoAction - 
[02:47:23.918] [bmv2] [T] [thread 160877] [52.0] [cxt 0] Action NoAction
[02:47:23.918] [bmv2] [D] [thread 160877] [52.0] [cxt 0] Pipeline 'ingress': end
[02:47:23.918] [bmv2] [D] [thread 160877] [52.0] [cxt 0] Egress port is 0
[02:47:23.919] [bmv2] [D] [thread 160878] [52.0] [cxt 0] Pipeline 'egress': start
[02:47:23.919] [bmv2] [T] [thread 160878] [52.0] [cxt 0] Applying table 'MyEgress.egress_encap_ipv6'
[02:47:23.919] [bmv2] [D] [thread 160878] [52.0] [cxt 0] Looking up key:
* standard_metadata.egress_port: 0000

[02:47:23.919] [bmv2] [D] [thread 160878] [52.0] [cxt 0] Table 'MyEgress.egress_encap_ipv6': miss
[02:47:23.919] [bmv2] [D] [thread 160878] [52.0] [cxt 0] Action entry is NoAction - 
[02:47:23.919] [bmv2] [T] [thread 160878] [52.0] [cxt 0] Action NoAction
[02:47:23.919] [bmv2] [T] [thread 160878] [52.0] [cxt 0] Applying table 'MyEgress.egress_encap_yequdesu'
[02:47:23.919] [bmv2] [D] [thread 160878] [52.0] [cxt 0] Looking up key:
* standard_metadata.egress_port: 0000

[02:47:23.919] [bmv2] [D] [thread 160878] [52.0] [cxt 0] Table 'MyEgress.egress_encap_yequdesu': miss
[02:47:23.919] [bmv2] [D] [thread 160878] [52.0] [cxt 0] Action entry is NoAction - 
[02:47:23.919] [bmv2] [T] [thread 160878] [52.0] [cxt 0] Action NoAction
[02:47:23.919] [bmv2] [T] [thread 160878] [52.0] [cxt 0] Applying table 'MyEgress.egress_encap_vxlan'
[02:47:23.919] [bmv2] [D] [thread 160878] [52.0] [cxt 0] Looking up key:
* standard_metadata.egress_port: 0000

[02:47:23.919] [bmv2] [D] [thread 160878] [52.0] [cxt 0] Table 'MyEgress.egress_encap_vxlan': miss
[02:47:23.919] [bmv2] [D] [thread 160878] [52.0] [cxt 0] Action entry is NoAction - 
[02:47:23.919] [bmv2] [T] [thread 160878] [52.0] [cxt 0] Action NoAction
[02:47:23.919] [bmv2] [D] [thread 160878] [52.0] [cxt 0] Pipeline 'egress': end
[02:47:23.919] [bmv2] [D] [thread 160878] [52.0] [cxt 0] Deparser 'deparser': start
[02:47:23.919] [bmv2] [T] [thread 160878] [52.0] [cxt 0] Skipping checksum 'cksum' update because condition not met
[02:47:23.919] [bmv2] [D] [thread 160878] [52.0] [cxt 0] Deparsing header 'ethernet'
[02:47:23.919] [bmv2] [D] [thread 160878] [52.0] [cxt 0] Deparsing header 'ipv6'
[02:47:23.919] [bmv2] [D] [thread 160878] [52.0] [cxt 0] Deparser 'deparser': end
[02:47:23.919] [bmv2] [D] [thread 160882] [52.0] [cxt 0] Transmitting packet of size 70 out of port 0
[02:47:28.015] [bmv2] [D] [thread 160877] [53.0] [cxt 0] Processing packet received on port 1
[02:47:28.015] [bmv2] [D] [thread 160877] [53.0] [cxt 0] Parser 'parser': start
[02:47:28.015] [bmv2] [D] [thread 160877] [53.0] [cxt 0] Parser 'parser' entering state 'start'
[02:47:28.015] [bmv2] [D] [thread 160877] [53.0] [cxt 0] Extracting header 'ethernet'
[02:47:28.015] [bmv2] [D] [thread 160877] [53.0] [cxt 0] Parser state 'start': key is 86dd
[02:47:28.015] [bmv2] [T] [thread 160877] [53.0] [cxt 0] Bytes parsed: 14
[02:47:28.015] [bmv2] [D] [thread 160877] [53.0] [cxt 0] Parser 'parser' entering state 'parse_ipv6'
[02:47:28.015] [bmv2] [D] [thread 160877] [53.0] [cxt 0] Extracting header 'ipv6'
[02:47:28.015] [bmv2] [D] [thread 160877] [53.0] [cxt 0] Parser state 'parse_ipv6': key is 3a
[02:47:28.015] [bmv2] [T] [thread 160877] [53.0] [cxt 0] Bytes parsed: 54
[02:47:28.015] [bmv2] [D] [thread 160877] [53.0] [cxt 0] Parser 'parser': end
[02:47:28.015] [bmv2] [D] [thread 160877] [53.0] [cxt 0] Pipeline 'ingress': start
[02:47:28.015] [bmv2] [T] [thread 160877] [53.0] [cxt 0] basic.p4(565) Condition "hdr.ethernet.etherType == TYPE_ARP" (node_2) is false
[02:47:28.015] [bmv2] [T] [thread 160877] [53.0] [cxt 0] basic.p4(568) Condition "hdr.ethernet.etherType == TYPE_SRCROUTING" (node_4) is false
[02:47:28.015] [bmv2] [T] [thread 160877] [53.0] [cxt 0] basic.p4(581) Condition "hdr.ethernet.etherType == TYPE_YEQUDESU" (node_12) is false
[02:47:28.015] [bmv2] [T] [thread 160877] [53.0] [cxt 0] basic.p4(587) Condition "hdr.vxlan.isValid()" (node_15) is false
[02:47:28.015] [bmv2] [T] [thread 160877] [53.0] [cxt 0] basic.p4(591) Condition "hdr.ipv6.isValid()" (node_17) is true
[02:47:28.015] [bmv2] [T] [thread 160877] [53.0] [cxt 0] Applying table 'MyIngress.ipv6_lpm'
[02:47:28.015] [bmv2] [D] [thread 160877] [53.0] [cxt 0] Looking up key:
* hdr.ipv6.dstAddr    : ff020000000000000000000000000002

[02:47:28.015] [bmv2] [D] [thread 160877] [53.0] [cxt 0] Table 'MyIngress.ipv6_lpm': miss
[02:47:28.015] [bmv2] [D] [thread 160877] [53.0] [cxt 0] Action entry is NoAction - 
[02:47:28.015] [bmv2] [T] [thread 160877] [53.0] [cxt 0] Action NoAction
[02:47:28.015] [bmv2] [D] [thread 160877] [53.0] [cxt 0] Pipeline 'ingress': end
[02:47:28.015] [bmv2] [D] [thread 160877] [53.0] [cxt 0] Egress port is 0
[02:47:28.016] [bmv2] [D] [thread 160878] [53.0] [cxt 0] Pipeline 'egress': start
[02:47:28.016] [bmv2] [T] [thread 160878] [53.0] [cxt 0] Applying table 'MyEgress.egress_encap_ipv6'
[02:47:28.016] [bmv2] [D] [thread 160878] [53.0] [cxt 0] Looking up key:
* standard_metadata.egress_port: 0000

[02:47:28.016] [bmv2] [D] [thread 160878] [53.0] [cxt 0] Table 'MyEgress.egress_encap_ipv6': miss
[02:47:28.016] [bmv2] [D] [thread 160878] [53.0] [cxt 0] Action entry is NoAction - 
[02:47:28.016] [bmv2] [T] [thread 160878] [53.0] [cxt 0] Action NoAction
[02:47:28.016] [bmv2] [T] [thread 160878] [53.0] [cxt 0] Applying table 'MyEgress.egress_encap_yequdesu'
[02:47:28.016] [bmv2] [D] [thread 160878] [53.0] [cxt 0] Looking up key:
* standard_metadata.egress_port: 0000

[02:47:28.016] [bmv2] [D] [thread 160878] [53.0] [cxt 0] Table 'MyEgress.egress_encap_yequdesu': miss
[02:47:28.016] [bmv2] [D] [thread 160878] [53.0] [cxt 0] Action entry is NoAction - 
[02:47:28.016] [bmv2] [T] [thread 160878] [53.0] [cxt 0] Action NoAction
[02:47:28.016] [bmv2] [T] [thread 160878] [53.0] [cxt 0] Applying table 'MyEgress.egress_encap_vxlan'
[02:47:28.016] [bmv2] [D] [thread 160878] [53.0] [cxt 0] Looking up key:
* standard_metadata.egress_port: 0000

[02:47:28.016] [bmv2] [D] [thread 160878] [53.0] [cxt 0] Table 'MyEgress.egress_encap_vxlan': miss
[02:47:28.016] [bmv2] [D] [thread 160878] [53.0] [cxt 0] Action entry is NoAction - 
[02:47:28.016] [bmv2] [T] [thread 160878] [53.0] [cxt 0] Action NoAction
[02:47:28.016] [bmv2] [D] [thread 160878] [53.0] [cxt 0] Pipeline 'egress': end
[02:47:28.016] [bmv2] [D] [thread 160878] [53.0] [cxt 0] Deparser 'deparser': start
[02:47:28.016] [bmv2] [T] [thread 160878] [53.0] [cxt 0] Skipping checksum 'cksum' update because condition not met
[02:47:28.016] [bmv2] [D] [thread 160878] [53.0] [cxt 0] Deparsing header 'ethernet'
[02:47:28.016] [bmv2] [D] [thread 160878] [53.0] [cxt 0] Deparsing header 'ipv6'
[02:47:28.016] [bmv2] [D] [thread 160878] [53.0] [cxt 0] Deparser 'deparser': end
[02:47:28.016] [bmv2] [D] [thread 160882] [53.0] [cxt 0] Transmitting packet of size 70 out of port 0
open: No such file or directory
open: No such file or directory
open: No such file or directory
open: No such file or directory
open: No such file or directory
