Calling target program-options parser
[02:45:17.191] [bmv2] [D] [thread 160914] Set default default entry for table 'MyIngress.arp_match': MyIngress.drop - 
[02:45:17.191] [bmv2] [D] [thread 160914] Set default default entry for table 'tbl_srcRoute_finish': MyIngress.srcRoute_finish - 
[02:45:17.191] [bmv2] [D] [thread 160914] Set default default entry for table 'MyIngress.ipv4_lpm_src': NoAction - 
[02:45:17.191] [bmv2] [D] [thread 160914] Set default default entry for table 'tbl_srcRoute_nhop': MyIngress.srcRoute_nhop - 
[02:45:17.191] [bmv2] [D] [thread 160914] Set default default entry for table 'tbl_update_ttl': MyIngress.update_ttl - 
[02:45:17.191] [bmv2] [D] [thread 160914] Set default default entry for table 'MyIngress.yequdesu_exact': MyIngress.drop - 
[02:45:17.191] [bmv2] [D] [thread 160914] Set default default entry for table 'MyIngress.vxlan_decap_exact': MyIngress.drop - 
[02:45:17.191] [bmv2] [D] [thread 160914] Set default default entry for table 'MyIngress.ipv6_lpm': NoAction - 
[02:45:17.191] [bmv2] [D] [thread 160914] Set default default entry for table 'MyIngress.vxlan_lpm': NoAction - 
[02:45:17.191] [bmv2] [D] [thread 160914] Set default default entry for table 'MyIngress.modality_schedule': NoAction - 
[02:45:17.191] [bmv2] [D] [thread 160914] Set default default entry for table 'MyIngress.adjudication': NoAction - 
[02:45:17.191] [bmv2] [D] [thread 160914] Set default default entry for table 'MyIngress.ipv4_lpm': NoAction - 
[02:45:17.192] [bmv2] [D] [thread 160914] Set default default entry for table 'MyEgress.egress_encap_ipv6': NoAction - 
[02:45:17.192] [bmv2] [D] [thread 160914] Set default default entry for table 'MyEgress.egress_encap_yequdesu': NoAction - 
[02:45:17.192] [bmv2] [D] [thread 160914] Set default default entry for table 'MyEgress.egress_encap_vxlan': NoAction - 
Adding interface s32-eth1 as port 1
[02:45:17.197] [bmv2] [D] [thread 160914] Adding interface s32-eth1 as port 1
Adding interface s32-eth2 as port 2
[02:45:17.217] [bmv2] [D] [thread 160914] Adding interface s32-eth2 as port 2
Server listening on 0.0.0.0:50058
[02:45:17.238] [bmv2] [I] [thread 160914] Starting Thrift server on port 9097
[02:45:17.238] [bmv2] [I] [thread 160914] Thrift server was started
[02:45:17.239] [bmv2] [D] [thread 160935] [0.0] [cxt 0] Processing packet received on port 1
[02:45:17.239] [bmv2] [D] [thread 160935] [0.0] [cxt 0] Parser 'parser': start
[02:45:17.239] [bmv2] [D] [thread 160935] [0.0] [cxt 0] Parser 'parser' entering state 'start'
[02:45:17.239] [bmv2] [D] [thread 160935] [0.0] [cxt 0] Extracting header 'ethernet'
[02:45:17.239] [bmv2] [D] [thread 160935] [0.0] [cxt 0] Parser state 'start': key is 86dd
[02:45:17.239] [bmv2] [T] [thread 160935] [0.0] [cxt 0] Bytes parsed: 14
[02:45:17.239] [bmv2] [D] [thread 160935] [0.0] [cxt 0] Parser 'parser' entering state 'parse_ipv6'
[02:45:17.239] [bmv2] [D] [thread 160935] [0.0] [cxt 0] Extracting header 'ipv6'
[02:45:17.239] [bmv2] [D] [thread 160935] [0.0] [cxt 0] Parser state 'parse_ipv6': key is 11
[02:45:17.239] [bmv2] [T] [thread 160935] [0.0] [cxt 0] Bytes parsed: 54
[02:45:17.239] [bmv2] [D] [thread 160935] [0.0] [cxt 0] Parser 'parser': end
[02:45:17.239] [bmv2] [D] [thread 160935] [0.0] [cxt 0] Pipeline 'ingress': start
[02:45:17.239] [bmv2] [T] [thread 160935] [0.0] [cxt 0] basic.p4(565) Condition "hdr.ethernet.etherType == TYPE_ARP" (node_2) is false
[02:45:17.239] [bmv2] [T] [thread 160935] [0.0] [cxt 0] basic.p4(568) Condition "hdr.ethernet.etherType == TYPE_SRCROUTING" (node_4) is false
[02:45:17.239] [bmv2] [T] [thread 160935] [0.0] [cxt 0] basic.p4(581) Condition "hdr.ethernet.etherType == TYPE_YEQUDESU" (node_12) is false
[02:45:17.239] [bmv2] [T] [thread 160935] [0.0] [cxt 0] basic.p4(587) Condition "hdr.vxlan.isValid()" (node_15) is false
[02:45:17.239] [bmv2] [T] [thread 160935] [0.0] [cxt 0] basic.p4(591) Condition "hdr.ipv6.isValid()" (node_17) is true
[02:45:17.239] [bmv2] [T] [thread 160935] [0.0] [cxt 0] Applying table 'MyIngress.ipv6_lpm'
[02:45:17.239] [bmv2] [D] [thread 160935] [0.0] [cxt 0] Looking up key:
* hdr.ipv6.dstAddr    : ff0200000000000000000000000000fb

[02:45:17.239] [bmv2] [D] [thread 160935] [0.0] [cxt 0] Table 'MyIngress.ipv6_lpm': miss
[02:45:17.239] [bmv2] [D] [thread 160935] [0.0] [cxt 0] Action entry is NoAction - 
[02:45:17.239] [bmv2] [T] [thread 160935] [0.0] [cxt 0] Action NoAction
[02:45:17.239] [bmv2] [D] [thread 160935] [0.0] [cxt 0] Pipeline 'ingress': end
[02:45:17.239] [bmv2] [D] [thread 160935] [0.0] [cxt 0] Egress port is 0
[02:45:17.239] [bmv2] [D] [thread 160936] [0.0] [cxt 0] Pipeline 'egress': start
[02:45:17.239] [bmv2] [T] [thread 160936] [0.0] [cxt 0] Applying table 'MyEgress.egress_encap_ipv6'
[02:45:17.239] [bmv2] [D] [thread 160936] [0.0] [cxt 0] Looking up key:
* standard_metadata.egress_port: 0000

[02:45:17.239] [bmv2] [D] [thread 160936] [0.0] [cxt 0] Table 'MyEgress.egress_encap_ipv6': miss
[02:45:17.239] [bmv2] [D] [thread 160936] [0.0] [cxt 0] Action entry is NoAction - 
[02:45:17.239] [bmv2] [T] [thread 160936] [0.0] [cxt 0] Action NoAction
[02:45:17.239] [bmv2] [T] [thread 160936] [0.0] [cxt 0] Applying table 'MyEgress.egress_encap_yequdesu'
[02:45:17.239] [bmv2] [D] [thread 160936] [0.0] [cxt 0] Looking up key:
* standard_metadata.egress_port: 0000

[02:45:17.239] [bmv2] [D] [thread 160936] [0.0] [cxt 0] Table 'MyEgress.egress_encap_yequdesu': miss
[02:45:17.239] [bmv2] [D] [thread 160936] [0.0] [cxt 0] Action entry is NoAction - 
[02:45:17.239] [bmv2] [T] [thread 160936] [0.0] [cxt 0] Action NoAction
[02:45:17.239] [bmv2] [T] [thread 160936] [0.0] [cxt 0] Applying table 'MyEgress.egress_encap_vxlan'
[02:45:17.239] [bmv2] [D] [thread 160936] [0.0] [cxt 0] Looking up key:
* standard_metadata.egress_port: 0000

[02:45:17.239] [bmv2] [D] [thread 160936] [0.0] [cxt 0] Table 'MyEgress.egress_encap_vxlan': miss
[02:45:17.239] [bmv2] [D] [thread 160936] [0.0] [cxt 0] Action entry is NoAction - 
[02:45:17.239] [bmv2] [T] [thread 160936] [0.0] [cxt 0] Action NoAction
[02:45:17.239] [bmv2] [D] [thread 160936] [0.0] [cxt 0] Pipeline 'egress': end
[02:45:17.239] [bmv2] [D] [thread 160936] [0.0] [cxt 0] Deparser 'deparser': start
[02:45:17.239] [bmv2] [T] [thread 160936] [0.0] [cxt 0] Skipping checksum 'cksum' update because condition not met
[02:45:17.239] [bmv2] [D] [thread 160936] [0.0] [cxt 0] Deparsing header 'ethernet'
[02:45:17.239] [bmv2] [D] [thread 160936] [0.0] [cxt 0] Deparsing header 'ipv6'
[02:45:17.239] [bmv2] [D] [thread 160936] [0.0] [cxt 0] Deparser 'deparser': end
[02:45:17.240] [bmv2] [D] [thread 160940] [0.0] [cxt 0] Transmitting packet of size 199 out of port 0
[02:45:17.677] [bmv2] [D] [thread 160935] [1.0] [cxt 0] Processing packet received on port 2
[02:45:17.677] [bmv2] [D] [thread 160935] [1.0] [cxt 0] Parser 'parser': start
[02:45:17.677] [bmv2] [D] [thread 160935] [1.0] [cxt 0] Parser 'parser' entering state 'start'
[02:45:17.677] [bmv2] [D] [thread 160935] [1.0] [cxt 0] Extracting header 'ethernet'
[02:45:17.677] [bmv2] [D] [thread 160935] [1.0] [cxt 0] Parser state 'start': key is 86dd
[02:45:17.677] [bmv2] [T] [thread 160935] [1.0] [cxt 0] Bytes parsed: 14
[02:45:17.677] [bmv2] [D] [thread 160935] [1.0] [cxt 0] Parser 'parser' entering state 'parse_ipv6'
[02:45:17.677] [bmv2] [D] [thread 160935] [1.0] [cxt 0] Extracting header 'ipv6'
[02:45:17.677] [bmv2] [D] [thread 160935] [1.0] [cxt 0] Parser state 'parse_ipv6': key is 11
[02:45:17.677] [bmv2] [T] [thread 160935] [1.0] [cxt 0] Bytes parsed: 54
[02:45:17.677] [bmv2] [D] [thread 160935] [1.0] [cxt 0] Parser 'parser': end
[02:45:17.677] [bmv2] [D] [thread 160935] [1.0] [cxt 0] Pipeline 'ingress': start
[02:45:17.677] [bmv2] [T] [thread 160935] [1.0] [cxt 0] basic.p4(565) Condition "hdr.ethernet.etherType == TYPE_ARP" (node_2) is false
[02:45:17.677] [bmv2] [T] [thread 160935] [1.0] [cxt 0] basic.p4(568) Condition "hdr.ethernet.etherType == TYPE_SRCROUTING" (node_4) is false
[02:45:17.677] [bmv2] [T] [thread 160935] [1.0] [cxt 0] basic.p4(581) Condition "hdr.ethernet.etherType == TYPE_YEQUDESU" (node_12) is false
[02:45:17.677] [bmv2] [T] [thread 160935] [1.0] [cxt 0] basic.p4(587) Condition "hdr.vxlan.isValid()" (node_15) is false
[02:45:17.677] [bmv2] [T] [thread 160935] [1.0] [cxt 0] basic.p4(591) Condition "hdr.ipv6.isValid()" (node_17) is true
[02:45:17.677] [bmv2] [T] [thread 160935] [1.0] [cxt 0] Applying table 'MyIngress.ipv6_lpm'
[02:45:17.677] [bmv2] [D] [thread 160935] [1.0] [cxt 0] Looking up key:
* hdr.ipv6.dstAddr    : ff0200000000000000000000000000fb

[02:45:17.677] [bmv2] [D] [thread 160935] [1.0] [cxt 0] Table 'MyIngress.ipv6_lpm': miss
[02:45:17.677] [bmv2] [D] [thread 160935] [1.0] [cxt 0] Action entry is NoAction - 
[02:45:17.677] [bmv2] [T] [thread 160935] [1.0] [cxt 0] Action NoAction
[02:45:17.677] [bmv2] [D] [thread 160935] [1.0] [cxt 0] Pipeline 'ingress': end
[02:45:17.677] [bmv2] [D] [thread 160935] [1.0] [cxt 0] Egress port is 0
[02:45:17.677] [bmv2] [D] [thread 160935] [2.0] [cxt 0] Processing packet received on port 1
[02:45:17.677] [bmv2] [D] [thread 160935] [2.0] [cxt 0] Parser 'parser': start
[02:45:17.677] [bmv2] [D] [thread 160935] [2.0] [cxt 0] Parser 'parser' entering state 'start'
[02:45:17.677] [bmv2] [D] [thread 160935] [2.0] [cxt 0] Extracting header 'ethernet'
[02:45:17.677] [bmv2] [D] [thread 160935] [2.0] [cxt 0] Parser state 'start': key is 86dd
[02:45:17.677] [bmv2] [T] [thread 160935] [2.0] [cxt 0] Bytes parsed: 14
[02:45:17.677] [bmv2] [D] [thread 160935] [2.0] [cxt 0] Parser 'parser' entering state 'parse_ipv6'
[02:45:17.677] [bmv2] [D] [thread 160935] [2.0] [cxt 0] Extracting header 'ipv6'
[02:45:17.677] [bmv2] [D] [thread 160935] [2.0] [cxt 0] Parser state 'parse_ipv6': key is 11
[02:45:17.677] [bmv2] [T] [thread 160935] [2.0] [cxt 0] Bytes parsed: 54
[02:45:17.677] [bmv2] [D] [thread 160936] [1.0] [cxt 0] Pipeline 'egress': start
[02:45:17.677] [bmv2] [T] [thread 160936] [1.0] [cxt 0] Applying table 'MyEgress.egress_encap_ipv6'
[02:45:17.677] [bmv2] [D] [thread 160936] [1.0] [cxt 0] Looking up key:
* standard_metadata.egress_port: 0000

[02:45:17.677] [bmv2] [D] [thread 160936] [1.0] [cxt 0] Table 'MyEgress.egress_encap_ipv6': miss
[02:45:17.677] [bmv2] [D] [thread 160936] [1.0] [cxt 0] Action entry is NoAction - 
[02:45:17.678] [bmv2] [T] [thread 160936] [1.0] [cxt 0] Action NoAction
[02:45:17.677] [bmv2] [D] [thread 160935] [2.0] [cxt 0] Parser 'parser': end
[02:45:17.678] [bmv2] [T] [thread 160936] [1.0] [cxt 0] Applying table 'MyEgress.egress_encap_yequdesu'
[02:45:17.678] [bmv2] [D] [thread 160936] [1.0] [cxt 0] Looking up key:
* standard_metadata.egress_port: 0000

[02:45:17.678] [bmv2] [D] [thread 160935] [2.0] [cxt 0] Pipeline 'ingress': start
[02:45:17.678] [bmv2] [D] [thread 160936] [1.0] [cxt 0] Table 'MyEgress.egress_encap_yequdesu': miss
[02:45:17.678] [bmv2] [D] [thread 160936] [1.0] [cxt 0] Action entry is NoAction - 
[02:45:17.678] [bmv2] [T] [thread 160935] [2.0] [cxt 0] basic.p4(565) Condition "hdr.ethernet.etherType == TYPE_ARP" (node_2) is false
[02:45:17.678] [bmv2] [T] [thread 160936] [1.0] [cxt 0] Action NoAction
[02:45:17.678] [bmv2] [T] [thread 160935] [2.0] [cxt 0] basic.p4(568) Condition "hdr.ethernet.etherType == TYPE_SRCROUTING" (node_4) is false
[02:45:17.678] [bmv2] [T] [thread 160936] [1.0] [cxt 0] Applying table 'MyEgress.egress_encap_vxlan'
[02:45:17.678] [bmv2] [T] [thread 160935] [2.0] [cxt 0] basic.p4(581) Condition "hdr.ethernet.etherType == TYPE_YEQUDESU" (node_12) is false
[02:45:17.678] [bmv2] [D] [thread 160936] [1.0] [cxt 0] Looking up key:
* standard_metadata.egress_port: 0000

[02:45:17.678] [bmv2] [T] [thread 160935] [2.0] [cxt 0] basic.p4(587) Condition "hdr.vxlan.isValid()" (node_15) is false
[02:45:17.678] [bmv2] [D] [thread 160936] [1.0] [cxt 0] Table 'MyEgress.egress_encap_vxlan': miss
[02:45:17.678] [bmv2] [T] [thread 160935] [2.0] [cxt 0] basic.p4(591) Condition "hdr.ipv6.isValid()" (node_17) is true
[02:45:17.678] [bmv2] [T] [thread 160935] [2.0] [cxt 0] Applying table 'MyIngress.ipv6_lpm'
[02:45:17.678] [bmv2] [D] [thread 160935] [2.0] [cxt 0] Looking up key:
* hdr.ipv6.dstAddr    : ff0200000000000000000000000000fb

[02:45:17.678] [bmv2] [D] [thread 160935] [2.0] [cxt 0] Table 'MyIngress.ipv6_lpm': miss
[02:45:17.678] [bmv2] [D] [thread 160935] [2.0] [cxt 0] Action entry is NoAction - 
[02:45:17.678] [bmv2] [T] [thread 160935] [2.0] [cxt 0] Action NoAction
[02:45:17.678] [bmv2] [D] [thread 160935] [2.0] [cxt 0] Pipeline 'ingress': end
[02:45:17.678] [bmv2] [D] [thread 160935] [2.0] [cxt 0] Egress port is 0
[02:45:17.678] [bmv2] [D] [thread 160936] [1.0] [cxt 0] Action entry is NoAction - 
[02:45:17.678] [bmv2] [T] [thread 160936] [1.0] [cxt 0] Action NoAction
[02:45:17.678] [bmv2] [D] [thread 160936] [1.0] [cxt 0] Pipeline 'egress': end
[02:45:17.678] [bmv2] [D] [thread 160936] [1.0] [cxt 0] Deparser 'deparser': start
[02:45:17.678] [bmv2] [T] [thread 160936] [1.0] [cxt 0] Skipping checksum 'cksum' update because condition not met
[02:45:17.678] [bmv2] [D] [thread 160936] [1.0] [cxt 0] Deparsing header 'ethernet'
[02:45:17.678] [bmv2] [D] [thread 160936] [1.0] [cxt 0] Deparsing header 'ipv6'
[02:45:17.678] [bmv2] [D] [thread 160936] [1.0] [cxt 0] Deparser 'deparser': end
[02:45:17.678] [bmv2] [D] [thread 160936] [2.0] [cxt 0] Pipeline 'egress': start
[02:45:17.678] [bmv2] [T] [thread 160936] [2.0] [cxt 0] Applying table 'MyEgress.egress_encap_ipv6'
[02:45:17.678] [bmv2] [D] [thread 160936] [2.0] [cxt 0] Looking up key:
* standard_metadata.egress_port: 0000

[02:45:17.678] [bmv2] [D] [thread 160936] [2.0] [cxt 0] Table 'MyEgress.egress_encap_ipv6': miss
[02:45:17.678] [bmv2] [D] [thread 160936] [2.0] [cxt 0] Action entry is NoAction - 
[02:45:17.678] [bmv2] [T] [thread 160936] [2.0] [cxt 0] Action NoAction
[02:45:17.678] [bmv2] [T] [thread 160936] [2.0] [cxt 0] Applying table 'MyEgress.egress_encap_yequdesu'
[02:45:17.678] [bmv2] [D] [thread 160936] [2.0] [cxt 0] Looking up key:
* standard_metadata.egress_port: 0000

[02:45:17.678] [bmv2] [D] [thread 160936] [2.0] [cxt 0] Table 'MyEgress.egress_encap_yequdesu': miss
[02:45:17.678] [bmv2] [D] [thread 160936] [2.0] [cxt 0] Action entry is NoAction - 
[02:45:17.678] [bmv2] [T] [thread 160936] [2.0] [cxt 0] Action NoAction
[02:45:17.678] [bmv2] [T] [thread 160936] [2.0] [cxt 0] Applying table 'MyEgress.egress_encap_vxlan'
[02:45:17.678] [bmv2] [D] [thread 160936] [2.0] [cxt 0] Looking up key:
* standard_metadata.egress_port: 0000

[02:45:17.678] [bmv2] [D] [thread 160936] [2.0] [cxt 0] Table 'MyEgress.egress_encap_vxlan': miss
[02:45:17.678] [bmv2] [D] [thread 160936] [2.0] [cxt 0] Action entry is NoAction - 
[02:45:17.678] [bmv2] [T] [thread 160936] [2.0] [cxt 0] Action NoAction
[02:45:17.678] [bmv2] [D] [thread 160936] [2.0] [cxt 0] Pipeline 'egress': end
[02:45:17.678] [bmv2] [D] [thread 160936] [2.0] [cxt 0] Deparser 'deparser': start
[02:45:17.678] [bmv2] [T] [thread 160936] [2.0] [cxt 0] Skipping checksum 'cksum' update because condition not met
[02:45:17.678] [bmv2] [D] [thread 160936] [2.0] [cxt 0] Deparsing header 'ethernet'
[02:45:17.678] [bmv2] [D] [thread 160936] [2.0] [cxt 0] Deparsing header 'ipv6'
[02:45:17.678] [bmv2] [D] [thread 160936] [2.0] [cxt 0] Deparser 'deparser': end
[02:45:17.678] [bmv2] [D] [thread 160940] [1.0] [cxt 0] Transmitting packet of size 203 out of port 0
[02:45:17.678] [bmv2] [D] [thread 160940] [2.0] [cxt 0] Transmitting packet of size 203 out of port 0
[02:45:17.997] [bmv2] [D] [thread 160935] [3.0] [cxt 0] Processing packet received on port 2
[02:45:17.998] [bmv2] [D] [thread 160935] [3.0] [cxt 0] Parser 'parser': start
[02:45:17.998] [bmv2] [D] [thread 160935] [3.0] [cxt 0] Parser 'parser' entering state 'start'
[02:45:17.998] [bmv2] [D] [thread 160935] [3.0] [cxt 0] Extracting header 'ethernet'
[02:45:17.998] [bmv2] [D] [thread 160935] [3.0] [cxt 0] Parser state 'start': key is 86dd
[02:45:17.998] [bmv2] [T] [thread 160935] [3.0] [cxt 0] Bytes parsed: 14
[02:45:17.998] [bmv2] [D] [thread 160935] [3.0] [cxt 0] Parser 'parser' entering state 'parse_ipv6'
[02:45:17.998] [bmv2] [D] [thread 160935] [3.0] [cxt 0] Extracting header 'ipv6'
[02:45:17.998] [bmv2] [D] [thread 160935] [3.0] [cxt 0] Parser state 'parse_ipv6': key is 11
[02:45:17.998] [bmv2] [T] [thread 160935] [3.0] [cxt 0] Bytes parsed: 54
[02:45:17.998] [bmv2] [D] [thread 160935] [3.0] [cxt 0] Parser 'parser': end
[02:45:17.998] [bmv2] [D] [thread 160935] [3.0] [cxt 0] Pipeline 'ingress': start
[02:45:17.998] [bmv2] [T] [thread 160935] [3.0] [cxt 0] basic.p4(565) Condition "hdr.ethernet.etherType == TYPE_ARP" (node_2) is false
[02:45:17.998] [bmv2] [T] [thread 160935] [3.0] [cxt 0] basic.p4(568) Condition "hdr.ethernet.etherType == TYPE_SRCROUTING" (node_4) is false
[02:45:17.998] [bmv2] [T] [thread 160935] [3.0] [cxt 0] basic.p4(581) Condition "hdr.ethernet.etherType == TYPE_YEQUDESU" (node_12) is false
[02:45:17.998] [bmv2] [T] [thread 160935] [3.0] [cxt 0] basic.p4(587) Condition "hdr.vxlan.isValid()" (node_15) is false
[02:45:17.998] [bmv2] [T] [thread 160935] [3.0] [cxt 0] basic.p4(591) Condition "hdr.ipv6.isValid()" (node_17) is true
[02:45:17.998] [bmv2] [T] [thread 160935] [3.0] [cxt 0] Applying table 'MyIngress.ipv6_lpm'
[02:45:17.998] [bmv2] [D] [thread 160935] [3.0] [cxt 0] Looking up key:
* hdr.ipv6.dstAddr    : ff0200000000000000000000000000fb

[02:45:17.998] [bmv2] [D] [thread 160935] [3.0] [cxt 0] Table 'MyIngress.ipv6_lpm': miss
[02:45:17.998] [bmv2] [D] [thread 160935] [3.0] [cxt 0] Action entry is NoAction - 
[02:45:17.998] [bmv2] [T] [thread 160935] [3.0] [cxt 0] Action NoAction
[02:45:17.998] [bmv2] [D] [thread 160935] [3.0] [cxt 0] Pipeline 'ingress': end
[02:45:17.998] [bmv2] [D] [thread 160935] [3.0] [cxt 0] Egress port is 0
[02:45:17.998] [bmv2] [D] [thread 160936] [3.0] [cxt 0] Pipeline 'egress': start
[02:45:17.998] [bmv2] [T] [thread 160936] [3.0] [cxt 0] Applying table 'MyEgress.egress_encap_ipv6'
[02:45:17.998] [bmv2] [D] [thread 160936] [3.0] [cxt 0] Looking up key:
* standard_metadata.egress_port: 0000

[02:45:17.998] [bmv2] [D] [thread 160936] [3.0] [cxt 0] Table 'MyEgress.egress_encap_ipv6': miss
[02:45:17.998] [bmv2] [D] [thread 160936] [3.0] [cxt 0] Action entry is NoAction - 
[02:45:17.998] [bmv2] [T] [thread 160936] [3.0] [cxt 0] Action NoAction
[02:45:17.998] [bmv2] [T] [thread 160936] [3.0] [cxt 0] Applying table 'MyEgress.egress_encap_yequdesu'
[02:45:17.998] [bmv2] [D] [thread 160936] [3.0] [cxt 0] Looking up key:
* standard_metadata.egress_port: 0000

[02:45:17.998] [bmv2] [D] [thread 160936] [3.0] [cxt 0] Table 'MyEgress.egress_encap_yequdesu': miss
[02:45:17.998] [bmv2] [D] [thread 160936] [3.0] [cxt 0] Action entry is NoAction - 
[02:45:17.998] [bmv2] [T] [thread 160936] [3.0] [cxt 0] Action NoAction
[02:45:17.998] [bmv2] [T] [thread 160936] [3.0] [cxt 0] Applying table 'MyEgress.egress_encap_vxlan'
[02:45:17.998] [bmv2] [D] [thread 160936] [3.0] [cxt 0] Looking up key:
* standard_metadata.egress_port: 0000

[02:45:17.998] [bmv2] [D] [thread 160936] [3.0] [cxt 0] Table 'MyEgress.egress_encap_vxlan': miss
[02:45:17.998] [bmv2] [D] [thread 160936] [3.0] [cxt 0] Action entry is NoAction - 
[02:45:17.998] [bmv2] [T] [thread 160936] [3.0] [cxt 0] Action NoAction
[02:45:17.998] [bmv2] [D] [thread 160936] [3.0] [cxt 0] Pipeline 'egress': end
[02:45:17.998] [bmv2] [D] [thread 160936] [3.0] [cxt 0] Deparser 'deparser': start
[02:45:17.998] [bmv2] [T] [thread 160936] [3.0] [cxt 0] Skipping checksum 'cksum' update because condition not met
[02:45:17.998] [bmv2] [D] [thread 160936] [3.0] [cxt 0] Deparsing header 'ethernet'
[02:45:17.998] [bmv2] [D] [thread 160936] [3.0] [cxt 0] Deparsing header 'ipv6'
[02:45:17.998] [bmv2] [D] [thread 160936] [3.0] [cxt 0] Deparser 'deparser': end
[02:45:17.998] [bmv2] [D] [thread 160940] [3.0] [cxt 0] Transmitting packet of size 203 out of port 0
[02:45:18.128] [bmv2] [D] [thread 160935] [4.0] [cxt 0] Processing packet received on port 1
[02:45:18.128] [bmv2] [D] [thread 160935] [4.0] [cxt 0] Parser 'parser': start
[02:45:18.128] [bmv2] [D] [thread 160935] [4.0] [cxt 0] Parser 'parser' entering state 'start'
[02:45:18.128] [bmv2] [D] [thread 160935] [4.0] [cxt 0] Extracting header 'ethernet'
[02:45:18.128] [bmv2] [D] [thread 160935] [4.0] [cxt 0] Parser state 'start': key is 86dd
[02:45:18.128] [bmv2] [T] [thread 160935] [4.0] [cxt 0] Bytes parsed: 14
[02:45:18.128] [bmv2] [D] [thread 160935] [4.0] [cxt 0] Parser 'parser' entering state 'parse_ipv6'
[02:45:18.128] [bmv2] [D] [thread 160935] [4.0] [cxt 0] Extracting header 'ipv6'
[02:45:18.128] [bmv2] [D] [thread 160935] [4.0] [cxt 0] Parser state 'parse_ipv6': key is 11
[02:45:18.128] [bmv2] [T] [thread 160935] [4.0] [cxt 0] Bytes parsed: 54
[02:45:18.128] [bmv2] [D] [thread 160935] [4.0] [cxt 0] Parser 'parser': end
[02:45:18.128] [bmv2] [D] [thread 160935] [4.0] [cxt 0] Pipeline 'ingress': start
[02:45:18.128] [bmv2] [T] [thread 160935] [4.0] [cxt 0] basic.p4(565) Condition "hdr.ethernet.etherType == TYPE_ARP" (node_2) is false
[02:45:18.128] [bmv2] [T] [thread 160935] [4.0] [cxt 0] basic.p4(568) Condition "hdr.ethernet.etherType == TYPE_SRCROUTING" (node_4) is false
[02:45:18.128] [bmv2] [T] [thread 160935] [4.0] [cxt 0] basic.p4(581) Condition "hdr.ethernet.etherType == TYPE_YEQUDESU" (node_12) is false
[02:45:18.128] [bmv2] [T] [thread 160935] [4.0] [cxt 0] basic.p4(587) Condition "hdr.vxlan.isValid()" (node_15) is false
[02:45:18.128] [bmv2] [T] [thread 160935] [4.0] [cxt 0] basic.p4(591) Condition "hdr.ipv6.isValid()" (node_17) is true
[02:45:18.128] [bmv2] [T] [thread 160935] [4.0] [cxt 0] Applying table 'MyIngress.ipv6_lpm'
[02:45:18.128] [bmv2] [D] [thread 160935] [4.0] [cxt 0] Looking up key:
* hdr.ipv6.dstAddr    : ff0200000000000000000000000000fb

[02:45:18.128] [bmv2] [D] [thread 160935] [4.0] [cxt 0] Table 'MyIngress.ipv6_lpm': miss
[02:45:18.128] [bmv2] [D] [thread 160935] [4.0] [cxt 0] Action entry is NoAction - 
[02:45:18.128] [bmv2] [T] [thread 160935] [4.0] [cxt 0] Action NoAction
[02:45:18.128] [bmv2] [D] [thread 160935] [4.0] [cxt 0] Pipeline 'ingress': end
[02:45:18.128] [bmv2] [D] [thread 160935] [4.0] [cxt 0] Egress port is 0
[02:45:18.128] [bmv2] [D] [thread 160936] [4.0] [cxt 0] Pipeline 'egress': start
[02:45:18.128] [bmv2] [T] [thread 160936] [4.0] [cxt 0] Applying table 'MyEgress.egress_encap_ipv6'
[02:45:18.128] [bmv2] [D] [thread 160936] [4.0] [cxt 0] Looking up key:
* standard_metadata.egress_port: 0000

[02:45:18.128] [bmv2] [D] [thread 160936] [4.0] [cxt 0] Table 'MyEgress.egress_encap_ipv6': miss
[02:45:18.128] [bmv2] [D] [thread 160936] [4.0] [cxt 0] Action entry is NoAction - 
[02:45:18.128] [bmv2] [T] [thread 160936] [4.0] [cxt 0] Action NoAction
[02:45:18.128] [bmv2] [T] [thread 160936] [4.0] [cxt 0] Applying table 'MyEgress.egress_encap_yequdesu'
[02:45:18.128] [bmv2] [D] [thread 160936] [4.0] [cxt 0] Looking up key:
* standard_metadata.egress_port: 0000

[02:45:18.128] [bmv2] [D] [thread 160936] [4.0] [cxt 0] Table 'MyEgress.egress_encap_yequdesu': miss
[02:45:18.128] [bmv2] [D] [thread 160936] [4.0] [cxt 0] Action entry is NoAction - 
[02:45:18.128] [bmv2] [T] [thread 160936] [4.0] [cxt 0] Action NoAction
[02:45:18.128] [bmv2] [T] [thread 160936] [4.0] [cxt 0] Applying table 'MyEgress.egress_encap_vxlan'
[02:45:18.128] [bmv2] [D] [thread 160936] [4.0] [cxt 0] Looking up key:
* standard_metadata.egress_port: 0000

[02:45:18.128] [bmv2] [D] [thread 160936] [4.0] [cxt 0] Table 'MyEgress.egress_encap_vxlan': miss
[02:45:18.128] [bmv2] [D] [thread 160936] [4.0] [cxt 0] Action entry is NoAction - 
[02:45:18.128] [bmv2] [T] [thread 160936] [4.0] [cxt 0] Action NoAction
[02:45:18.128] [bmv2] [D] [thread 160936] [4.0] [cxt 0] Pipeline 'egress': end
[02:45:18.128] [bmv2] [D] [thread 160936] [4.0] [cxt 0] Deparser 'deparser': start
[02:45:18.128] [bmv2] [T] [thread 160936] [4.0] [cxt 0] Skipping checksum 'cksum' update because condition not met
[02:45:18.128] [bmv2] [D] [thread 160936] [4.0] [cxt 0] Deparsing header 'ethernet'
[02:45:18.128] [bmv2] [D] [thread 160936] [4.0] [cxt 0] Deparsing header 'ipv6'
[02:45:18.128] [bmv2] [D] [thread 160936] [4.0] [cxt 0] Deparser 'deparser': end
[02:45:18.129] [bmv2] [D] [thread 160940] [4.0] [cxt 0] Transmitting packet of size 203 out of port 0
[02:45:18.413] [bmv2] [D] [thread 160935] [5.0] [cxt 0] Processing packet received on port 2
[02:45:18.413] [bmv2] [D] [thread 160935] [5.0] [cxt 0] Parser 'parser': start
[02:45:18.413] [bmv2] [D] [thread 160935] [5.0] [cxt 0] Parser 'parser' entering state 'start'
[02:45:18.413] [bmv2] [D] [thread 160935] [5.0] [cxt 0] Extracting header 'ethernet'
[02:45:18.413] [bmv2] [D] [thread 160935] [5.0] [cxt 0] Parser state 'start': key is 86dd
[02:45:18.413] [bmv2] [T] [thread 160935] [5.0] [cxt 0] Bytes parsed: 14
[02:45:18.413] [bmv2] [D] [thread 160935] [5.0] [cxt 0] Parser 'parser' entering state 'parse_ipv6'
[02:45:18.413] [bmv2] [D] [thread 160935] [5.0] [cxt 0] Extracting header 'ipv6'
[02:45:18.413] [bmv2] [D] [thread 160935] [5.0] [cxt 0] Parser state 'parse_ipv6': key is 3a
[02:45:18.413] [bmv2] [T] [thread 160935] [5.0] [cxt 0] Bytes parsed: 54
[02:45:18.413] [bmv2] [D] [thread 160935] [5.0] [cxt 0] Parser 'parser': end
[02:45:18.413] [bmv2] [D] [thread 160935] [5.0] [cxt 0] Pipeline 'ingress': start
[02:45:18.413] [bmv2] [T] [thread 160935] [5.0] [cxt 0] basic.p4(565) Condition "hdr.ethernet.etherType == TYPE_ARP" (node_2) is false
[02:45:18.413] [bmv2] [T] [thread 160935] [5.0] [cxt 0] basic.p4(568) Condition "hdr.ethernet.etherType == TYPE_SRCROUTING" (node_4) is false
[02:45:18.413] [bmv2] [T] [thread 160935] [5.0] [cxt 0] basic.p4(581) Condition "hdr.ethernet.etherType == TYPE_YEQUDESU" (node_12) is false
[02:45:18.413] [bmv2] [T] [thread 160935] [5.0] [cxt 0] basic.p4(587) Condition "hdr.vxlan.isValid()" (node_15) is false
[02:45:18.413] [bmv2] [T] [thread 160935] [5.0] [cxt 0] basic.p4(591) Condition "hdr.ipv6.isValid()" (node_17) is true
[02:45:18.413] [bmv2] [T] [thread 160935] [5.0] [cxt 0] Applying table 'MyIngress.ipv6_lpm'
[02:45:18.413] [bmv2] [D] [thread 160935] [5.0] [cxt 0] Looking up key:
* hdr.ipv6.dstAddr    : ff020000000000000000000000000002

[02:45:18.413] [bmv2] [D] [thread 160935] [5.0] [cxt 0] Table 'MyIngress.ipv6_lpm': miss
[02:45:18.413] [bmv2] [D] [thread 160935] [5.0] [cxt 0] Action entry is NoAction - 
[02:45:18.413] [bmv2] [T] [thread 160935] [5.0] [cxt 0] Action NoAction
[02:45:18.413] [bmv2] [D] [thread 160935] [5.0] [cxt 0] Pipeline 'ingress': end
[02:45:18.413] [bmv2] [D] [thread 160935] [5.0] [cxt 0] Egress port is 0
[02:45:18.414] [bmv2] [D] [thread 160936] [5.0] [cxt 0] Pipeline 'egress': start
[02:45:18.414] [bmv2] [T] [thread 160936] [5.0] [cxt 0] Applying table 'MyEgress.egress_encap_ipv6'
[02:45:18.414] [bmv2] [D] [thread 160936] [5.0] [cxt 0] Looking up key:
* standard_metadata.egress_port: 0000

[02:45:18.414] [bmv2] [D] [thread 160936] [5.0] [cxt 0] Table 'MyEgress.egress_encap_ipv6': miss
[02:45:18.414] [bmv2] [D] [thread 160936] [5.0] [cxt 0] Action entry is NoAction - 
[02:45:18.414] [bmv2] [T] [thread 160936] [5.0] [cxt 0] Action NoAction
[02:45:18.414] [bmv2] [T] [thread 160936] [5.0] [cxt 0] Applying table 'MyEgress.egress_encap_yequdesu'
[02:45:18.414] [bmv2] [D] [thread 160936] [5.0] [cxt 0] Looking up key:
* standard_metadata.egress_port: 0000

[02:45:18.414] [bmv2] [D] [thread 160936] [5.0] [cxt 0] Table 'MyEgress.egress_encap_yequdesu': miss
[02:45:18.414] [bmv2] [D] [thread 160936] [5.0] [cxt 0] Action entry is NoAction - 
[02:45:18.414] [bmv2] [T] [thread 160936] [5.0] [cxt 0] Action NoAction
[02:45:18.414] [bmv2] [T] [thread 160936] [5.0] [cxt 0] Applying table 'MyEgress.egress_encap_vxlan'
[02:45:18.414] [bmv2] [D] [thread 160936] [5.0] [cxt 0] Looking up key:
* standard_metadata.egress_port: 0000

[02:45:18.414] [bmv2] [D] [thread 160936] [5.0] [cxt 0] Table 'MyEgress.egress_encap_vxlan': miss
[02:45:18.414] [bmv2] [D] [thread 160936] [5.0] [cxt 0] Action entry is NoAction - 
[02:45:18.414] [bmv2] [T] [thread 160936] [5.0] [cxt 0] Action NoAction
[02:45:18.414] [bmv2] [D] [thread 160936] [5.0] [cxt 0] Pipeline 'egress': end
[02:45:18.414] [bmv2] [D] [thread 160936] [5.0] [cxt 0] Deparser 'deparser': start
[02:45:18.414] [bmv2] [T] [thread 160936] [5.0] [cxt 0] Skipping checksum 'cksum' update because condition not met
[02:45:18.414] [bmv2] [D] [thread 160936] [5.0] [cxt 0] Deparsing header 'ethernet'
[02:45:18.414] [bmv2] [D] [thread 160936] [5.0] [cxt 0] Deparsing header 'ipv6'
[02:45:18.414] [bmv2] [D] [thread 160936] [5.0] [cxt 0] Deparser 'deparser': end
[02:45:18.414] [bmv2] [D] [thread 160940] [5.0] [cxt 0] Transmitting packet of size 70 out of port 0
[02:45:18.542] [bmv2] [D] [thread 160935] [6.0] [cxt 0] Processing packet received on port 2
[02:45:18.542] [bmv2] [D] [thread 160935] [6.0] [cxt 0] Parser 'parser': start
[02:45:18.542] [bmv2] [D] [thread 160935] [6.0] [cxt 0] Parser 'parser' entering state 'start'
[02:45:18.542] [bmv2] [D] [thread 160935] [6.0] [cxt 0] Extracting header 'ethernet'
[02:45:18.542] [bmv2] [D] [thread 160935] [6.0] [cxt 0] Parser state 'start': key is 86dd
[02:45:18.542] [bmv2] [T] [thread 160935] [6.0] [cxt 0] Bytes parsed: 14
[02:45:18.542] [bmv2] [D] [thread 160935] [6.0] [cxt 0] Parser 'parser' entering state 'parse_ipv6'
[02:45:18.542] [bmv2] [D] [thread 160935] [6.0] [cxt 0] Extracting header 'ipv6'
[02:45:18.542] [bmv2] [D] [thread 160935] [6.0] [cxt 0] Parser state 'parse_ipv6': key is 3a
[02:45:18.542] [bmv2] [T] [thread 160935] [6.0] [cxt 0] Bytes parsed: 54
[02:45:18.542] [bmv2] [D] [thread 160935] [6.0] [cxt 0] Parser 'parser': end
[02:45:18.542] [bmv2] [D] [thread 160935] [6.0] [cxt 0] Pipeline 'ingress': start
[02:45:18.542] [bmv2] [T] [thread 160935] [6.0] [cxt 0] basic.p4(565) Condition "hdr.ethernet.etherType == TYPE_ARP" (node_2) is false
[02:45:18.542] [bmv2] [T] [thread 160935] [6.0] [cxt 0] basic.p4(568) Condition "hdr.ethernet.etherType == TYPE_SRCROUTING" (node_4) is false
[02:45:18.542] [bmv2] [T] [thread 160935] [6.0] [cxt 0] basic.p4(581) Condition "hdr.ethernet.etherType == TYPE_YEQUDESU" (node_12) is false
[02:45:18.542] [bmv2] [T] [thread 160935] [6.0] [cxt 0] basic.p4(587) Condition "hdr.vxlan.isValid()" (node_15) is false
[02:45:18.542] [bmv2] [T] [thread 160935] [6.0] [cxt 0] basic.p4(591) Condition "hdr.ipv6.isValid()" (node_17) is true
[02:45:18.542] [bmv2] [T] [thread 160935] [6.0] [cxt 0] Applying table 'MyIngress.ipv6_lpm'
[02:45:18.542] [bmv2] [D] [thread 160935] [6.0] [cxt 0] Looking up key:
* hdr.ipv6.dstAddr    : ff020000000000000000000000000002

[02:45:18.542] [bmv2] [D] [thread 160935] [6.0] [cxt 0] Table 'MyIngress.ipv6_lpm': miss
[02:45:18.542] [bmv2] [D] [thread 160935] [6.0] [cxt 0] Action entry is NoAction - 
[02:45:18.542] [bmv2] [T] [thread 160935] [6.0] [cxt 0] Action NoAction
[02:45:18.542] [bmv2] [D] [thread 160935] [6.0] [cxt 0] Pipeline 'ingress': end
[02:45:18.542] [bmv2] [D] [thread 160935] [6.0] [cxt 0] Egress port is 0
[02:45:18.542] [bmv2] [D] [thread 160936] [6.0] [cxt 0] Pipeline 'egress': start
[02:45:18.542] [bmv2] [T] [thread 160936] [6.0] [cxt 0] Applying table 'MyEgress.egress_encap_ipv6'
[02:45:18.542] [bmv2] [D] [thread 160936] [6.0] [cxt 0] Looking up key:
* standard_metadata.egress_port: 0000

[02:45:18.542] [bmv2] [D] [thread 160936] [6.0] [cxt 0] Table 'MyEgress.egress_encap_ipv6': miss
[02:45:18.542] [bmv2] [D] [thread 160936] [6.0] [cxt 0] Action entry is NoAction - 
[02:45:18.542] [bmv2] [T] [thread 160936] [6.0] [cxt 0] Action NoAction
[02:45:18.542] [bmv2] [T] [thread 160936] [6.0] [cxt 0] Applying table 'MyEgress.egress_encap_yequdesu'
[02:45:18.542] [bmv2] [D] [thread 160936] [6.0] [cxt 0] Looking up key:
* standard_metadata.egress_port: 0000

[02:45:18.542] [bmv2] [D] [thread 160936] [6.0] [cxt 0] Table 'MyEgress.egress_encap_yequdesu': miss
[02:45:18.542] [bmv2] [D] [thread 160936] [6.0] [cxt 0] Action entry is NoAction - 
[02:45:18.542] [bmv2] [T] [thread 160936] [6.0] [cxt 0] Action NoAction
[02:45:18.542] [bmv2] [T] [thread 160936] [6.0] [cxt 0] Applying table 'MyEgress.egress_encap_vxlan'
[02:45:18.542] [bmv2] [D] [thread 160936] [6.0] [cxt 0] Looking up key:
* standard_metadata.egress_port: 0000

[02:45:18.542] [bmv2] [D] [thread 160936] [6.0] [cxt 0] Table 'MyEgress.egress_encap_vxlan': miss
[02:45:18.542] [bmv2] [D] [thread 160936] [6.0] [cxt 0] Action entry is NoAction - 
[02:45:18.542] [bmv2] [T] [thread 160936] [6.0] [cxt 0] Action NoAction
[02:45:18.542] [bmv2] [D] [thread 160936] [6.0] [cxt 0] Pipeline 'egress': end
[02:45:18.542] [bmv2] [D] [thread 160936] [6.0] [cxt 0] Deparser 'deparser': start
[02:45:18.542] [bmv2] [T] [thread 160936] [6.0] [cxt 0] Skipping checksum 'cksum' update because condition not met
[02:45:18.542] [bmv2] [D] [thread 160936] [6.0] [cxt 0] Deparsing header 'ethernet'
[02:45:18.542] [bmv2] [D] [thread 160936] [6.0] [cxt 0] Deparsing header 'ipv6'
[02:45:18.542] [bmv2] [D] [thread 160936] [6.0] [cxt 0] Deparser 'deparser': end
[02:45:18.542] [bmv2] [D] [thread 160940] [6.0] [cxt 0] Transmitting packet of size 70 out of port 0
[02:45:18.990] [bmv2] [D] [thread 160935] [7.0] [cxt 0] Processing packet received on port 1
[02:45:18.990] [bmv2] [D] [thread 160935] [7.0] [cxt 0] Parser 'parser': start
[02:45:18.990] [bmv2] [D] [thread 160935] [7.0] [cxt 0] Parser 'parser' entering state 'start'
[02:45:18.990] [bmv2] [D] [thread 160935] [7.0] [cxt 0] Extracting header 'ethernet'
[02:45:18.990] [bmv2] [D] [thread 160935] [7.0] [cxt 0] Parser state 'start': key is 86dd
[02:45:18.990] [bmv2] [T] [thread 160935] [7.0] [cxt 0] Bytes parsed: 14
[02:45:18.990] [bmv2] [D] [thread 160935] [7.0] [cxt 0] Parser 'parser' entering state 'parse_ipv6'
[02:45:18.990] [bmv2] [D] [thread 160935] [7.0] [cxt 0] Extracting header 'ipv6'
[02:45:18.990] [bmv2] [D] [thread 160935] [7.0] [cxt 0] Parser state 'parse_ipv6': key is 3a
[02:45:18.990] [bmv2] [T] [thread 160935] [7.0] [cxt 0] Bytes parsed: 54
[02:45:18.990] [bmv2] [D] [thread 160935] [7.0] [cxt 0] Parser 'parser': end
[02:45:18.990] [bmv2] [D] [thread 160935] [7.0] [cxt 0] Pipeline 'ingress': start
[02:45:18.990] [bmv2] [T] [thread 160935] [7.0] [cxt 0] basic.p4(565) Condition "hdr.ethernet.etherType == TYPE_ARP" (node_2) is false
[02:45:18.990] [bmv2] [T] [thread 160935] [7.0] [cxt 0] basic.p4(568) Condition "hdr.ethernet.etherType == TYPE_SRCROUTING" (node_4) is false
[02:45:18.990] [bmv2] [T] [thread 160935] [7.0] [cxt 0] basic.p4(581) Condition "hdr.ethernet.etherType == TYPE_YEQUDESU" (node_12) is false
[02:45:18.990] [bmv2] [T] [thread 160935] [7.0] [cxt 0] basic.p4(587) Condition "hdr.vxlan.isValid()" (node_15) is false
[02:45:18.990] [bmv2] [T] [thread 160935] [7.0] [cxt 0] basic.p4(591) Condition "hdr.ipv6.isValid()" (node_17) is true
[02:45:18.990] [bmv2] [T] [thread 160935] [7.0] [cxt 0] Applying table 'MyIngress.ipv6_lpm'
[02:45:18.990] [bmv2] [D] [thread 160935] [7.0] [cxt 0] Looking up key:
* hdr.ipv6.dstAddr    : ff020000000000000000000000000002

[02:45:18.990] [bmv2] [D] [thread 160935] [7.0] [cxt 0] Table 'MyIngress.ipv6_lpm': miss
[02:45:18.990] [bmv2] [D] [thread 160935] [7.0] [cxt 0] Action entry is NoAction - 
[02:45:18.990] [bmv2] [T] [thread 160935] [7.0] [cxt 0] Action NoAction
[02:45:18.990] [bmv2] [D] [thread 160935] [7.0] [cxt 0] Pipeline 'ingress': end
[02:45:18.990] [bmv2] [D] [thread 160935] [7.0] [cxt 0] Egress port is 0
[02:45:18.991] [bmv2] [D] [thread 160935] [8.0] [cxt 0] Processing packet received on port 1
[02:45:18.991] [bmv2] [D] [thread 160935] [8.0] [cxt 0] Parser 'parser': start
[02:45:18.991] [bmv2] [D] [thread 160935] [8.0] [cxt 0] Parser 'parser' entering state 'start'
[02:45:18.991] [bmv2] [D] [thread 160935] [8.0] [cxt 0] Extracting header 'ethernet'
[02:45:18.991] [bmv2] [D] [thread 160935] [8.0] [cxt 0] Parser state 'start': key is 86dd
[02:45:18.991] [bmv2] [T] [thread 160935] [8.0] [cxt 0] Bytes parsed: 14
[02:45:18.991] [bmv2] [D] [thread 160935] [8.0] [cxt 0] Parser 'parser' entering state 'parse_ipv6'
[02:45:18.991] [bmv2] [D] [thread 160935] [8.0] [cxt 0] Extracting header 'ipv6'
[02:45:18.991] [bmv2] [D] [thread 160935] [8.0] [cxt 0] Parser state 'parse_ipv6': key is 3a
[02:45:18.991] [bmv2] [T] [thread 160935] [8.0] [cxt 0] Bytes parsed: 54
[02:45:18.991] [bmv2] [D] [thread 160935] [8.0] [cxt 0] Parser 'parser': end
[02:45:18.991] [bmv2] [D] [thread 160935] [8.0] [cxt 0] Pipeline 'ingress': start
[02:45:18.991] [bmv2] [T] [thread 160935] [8.0] [cxt 0] basic.p4(565) Condition "hdr.ethernet.etherType == TYPE_ARP" (node_2) is false
[02:45:18.991] [bmv2] [T] [thread 160935] [8.0] [cxt 0] basic.p4(568) Condition "hdr.ethernet.etherType == TYPE_SRCROUTING" (node_4) is false
[02:45:18.991] [bmv2] [T] [thread 160935] [8.0] [cxt 0] basic.p4(581) Condition "hdr.ethernet.etherType == TYPE_YEQUDESU" (node_12) is false
[02:45:18.991] [bmv2] [T] [thread 160935] [8.0] [cxt 0] basic.p4(587) Condition "hdr.vxlan.isValid()" (node_15) is false
[02:45:18.991] [bmv2] [T] [thread 160935] [8.0] [cxt 0] basic.p4(591) Condition "hdr.ipv6.isValid()" (node_17) is true
[02:45:18.991] [bmv2] [T] [thread 160935] [8.0] [cxt 0] Applying table 'MyIngress.ipv6_lpm'
[02:45:18.991] [bmv2] [D] [thread 160935] [8.0] [cxt 0] Looking up key:
* hdr.ipv6.dstAddr    : ff020000000000000000000000000002

[02:45:18.991] [bmv2] [D] [thread 160935] [8.0] [cxt 0] Table 'MyIngress.ipv6_lpm': miss
[02:45:18.991] [bmv2] [D] [thread 160935] [8.0] [cxt 0] Action entry is NoAction - 
[02:45:18.991] [bmv2] [T] [thread 160935] [8.0] [cxt 0] Action NoAction
[02:45:18.991] [bmv2] [D] [thread 160935] [8.0] [cxt 0] Pipeline 'ingress': end
[02:45:18.991] [bmv2] [D] [thread 160935] [8.0] [cxt 0] Egress port is 0
[02:45:18.991] [bmv2] [D] [thread 160936] [7.0] [cxt 0] Pipeline 'egress': start
[02:45:18.991] [bmv2] [T] [thread 160936] [7.0] [cxt 0] Applying table 'MyEgress.egress_encap_ipv6'
[02:45:18.991] [bmv2] [D] [thread 160936] [7.0] [cxt 0] Looking up key:
* standard_metadata.egress_port: 0000

[02:45:18.991] [bmv2] [D] [thread 160936] [7.0] [cxt 0] Table 'MyEgress.egress_encap_ipv6': miss
[02:45:18.991] [bmv2] [D] [thread 160936] [7.0] [cxt 0] Action entry is NoAction - 
[02:45:18.991] [bmv2] [T] [thread 160936] [7.0] [cxt 0] Action NoAction
[02:45:18.991] [bmv2] [T] [thread 160936] [7.0] [cxt 0] Applying table 'MyEgress.egress_encap_yequdesu'
[02:45:18.991] [bmv2] [D] [thread 160936] [7.0] [cxt 0] Looking up key:
* standard_metadata.egress_port: 0000

[02:45:18.991] [bmv2] [D] [thread 160936] [7.0] [cxt 0] Table 'MyEgress.egress_encap_yequdesu': miss
[02:45:18.991] [bmv2] [D] [thread 160936] [7.0] [cxt 0] Action entry is NoAction - 
[02:45:18.991] [bmv2] [T] [thread 160936] [7.0] [cxt 0] Action NoAction
[02:45:18.991] [bmv2] [T] [thread 160936] [7.0] [cxt 0] Applying table 'MyEgress.egress_encap_vxlan'
[02:45:18.991] [bmv2] [D] [thread 160936] [7.0] [cxt 0] Looking up key:
* standard_metadata.egress_port: 0000

[02:45:18.991] [bmv2] [D] [thread 160936] [7.0] [cxt 0] Table 'MyEgress.egress_encap_vxlan': miss
[02:45:18.991] [bmv2] [D] [thread 160936] [7.0] [cxt 0] Action entry is NoAction - 
[02:45:18.991] [bmv2] [T] [thread 160936] [7.0] [cxt 0] Action NoAction
[02:45:18.991] [bmv2] [D] [thread 160936] [7.0] [cxt 0] Pipeline 'egress': end
[02:45:18.991] [bmv2] [D] [thread 160936] [7.0] [cxt 0] Deparser 'deparser': start
[02:45:18.991] [bmv2] [T] [thread 160936] [7.0] [cxt 0] Skipping checksum 'cksum' update because condition not met
[02:45:18.991] [bmv2] [D] [thread 160936] [7.0] [cxt 0] Deparsing header 'ethernet'
[02:45:18.991] [bmv2] [D] [thread 160936] [7.0] [cxt 0] Deparsing header 'ipv6'
[02:45:18.991] [bmv2] [D] [thread 160936] [7.0] [cxt 0] Deparser 'deparser': end
[02:45:18.991] [bmv2] [D] [thread 160936] [8.0] [cxt 0] Pipeline 'egress': start
[02:45:18.991] [bmv2] [T] [thread 160936] [8.0] [cxt 0] Applying table 'MyEgress.egress_encap_ipv6'
[02:45:18.991] [bmv2] [D] [thread 160936] [8.0] [cxt 0] Looking up key:
* standard_metadata.egress_port: 0000

[02:45:18.991] [bmv2] [D] [thread 160936] [8.0] [cxt 0] Table 'MyEgress.egress_encap_ipv6': miss
[02:45:18.991] [bmv2] [D] [thread 160936] [8.0] [cxt 0] Action entry is NoAction - 
[02:45:18.991] [bmv2] [T] [thread 160936] [8.0] [cxt 0] Action NoAction
[02:45:18.991] [bmv2] [T] [thread 160936] [8.0] [cxt 0] Applying table 'MyEgress.egress_encap_yequdesu'
[02:45:18.991] [bmv2] [D] [thread 160936] [8.0] [cxt 0] Looking up key:
* standard_metadata.egress_port: 0000

[02:45:18.991] [bmv2] [D] [thread 160936] [8.0] [cxt 0] Table 'MyEgress.egress_encap_yequdesu': miss
[02:45:18.991] [bmv2] [D] [thread 160936] [8.0] [cxt 0] Action entry is NoAction - 
[02:45:18.991] [bmv2] [T] [thread 160936] [8.0] [cxt 0] Action NoAction
[02:45:18.991] [bmv2] [T] [thread 160936] [8.0] [cxt 0] Applying table 'MyEgress.egress_encap_vxlan'
[02:45:18.991] [bmv2] [D] [thread 160936] [8.0] [cxt 0] Looking up key:
* standard_metadata.egress_port: 0000

[02:45:18.991] [bmv2] [D] [thread 160936] [8.0] [cxt 0] Table 'MyEgress.egress_encap_vxlan': miss
[02:45:18.991] [bmv2] [D] [thread 160936] [8.0] [cxt 0] Action entry is NoAction - 
[02:45:18.991] [bmv2] [T] [thread 160936] [8.0] [cxt 0] Action NoAction
[02:45:18.991] [bmv2] [D] [thread 160936] [8.0] [cxt 0] Pipeline 'egress': end
[02:45:18.991] [bmv2] [D] [thread 160936] [8.0] [cxt 0] Deparser 'deparser': start
[02:45:18.991] [bmv2] [T] [thread 160936] [8.0] [cxt 0] Skipping checksum 'cksum' update because condition not met
[02:45:18.991] [bmv2] [D] [thread 160936] [8.0] [cxt 0] Deparsing header 'ethernet'
[02:45:18.991] [bmv2] [D] [thread 160936] [8.0] [cxt 0] Deparsing header 'ipv6'
[02:45:18.991] [bmv2] [D] [thread 160936] [8.0] [cxt 0] Deparser 'deparser': end
[02:45:18.991] [bmv2] [D] [thread 160940] [7.0] [cxt 0] Transmitting packet of size 70 out of port 0
[02:45:18.991] [bmv2] [D] [thread 160940] [8.0] [cxt 0] Transmitting packet of size 70 out of port 0
[02:45:18.994] [bmv2] [D] [thread 160935] [9.0] [cxt 0] Processing packet received on port 2
[02:45:18.994] [bmv2] [D] [thread 160935] [9.0] [cxt 0] Parser 'parser': start
[02:45:18.994] [bmv2] [D] [thread 160935] [9.0] [cxt 0] Parser 'parser' entering state 'start'
[02:45:18.994] [bmv2] [D] [thread 160935] [9.0] [cxt 0] Extracting header 'ethernet'
[02:45:18.994] [bmv2] [D] [thread 160935] [9.0] [cxt 0] Parser state 'start': key is 86dd
[02:45:18.994] [bmv2] [T] [thread 160935] [9.0] [cxt 0] Bytes parsed: 14
[02:45:18.994] [bmv2] [D] [thread 160935] [9.0] [cxt 0] Parser 'parser' entering state 'parse_ipv6'
[02:45:18.994] [bmv2] [D] [thread 160935] [9.0] [cxt 0] Extracting header 'ipv6'
[02:45:18.994] [bmv2] [D] [thread 160935] [9.0] [cxt 0] Parser state 'parse_ipv6': key is 11
[02:45:18.994] [bmv2] [T] [thread 160935] [9.0] [cxt 0] Bytes parsed: 54
[02:45:18.994] [bmv2] [D] [thread 160935] [9.0] [cxt 0] Parser 'parser': end
[02:45:18.994] [bmv2] [D] [thread 160935] [9.0] [cxt 0] Pipeline 'ingress': start
[02:45:18.994] [bmv2] [T] [thread 160935] [9.0] [cxt 0] basic.p4(565) Condition "hdr.ethernet.etherType == TYPE_ARP" (node_2) is false
[02:45:18.994] [bmv2] [T] [thread 160935] [9.0] [cxt 0] basic.p4(568) Condition "hdr.ethernet.etherType == TYPE_SRCROUTING" (node_4) is false
[02:45:18.994] [bmv2] [T] [thread 160935] [9.0] [cxt 0] basic.p4(581) Condition "hdr.ethernet.etherType == TYPE_YEQUDESU" (node_12) is false
[02:45:18.994] [bmv2] [T] [thread 160935] [9.0] [cxt 0] basic.p4(587) Condition "hdr.vxlan.isValid()" (node_15) is false
[02:45:18.994] [bmv2] [T] [thread 160935] [9.0] [cxt 0] basic.p4(591) Condition "hdr.ipv6.isValid()" (node_17) is true
[02:45:18.994] [bmv2] [T] [thread 160935] [9.0] [cxt 0] Applying table 'MyIngress.ipv6_lpm'
[02:45:18.994] [bmv2] [D] [thread 160935] [9.0] [cxt 0] Looking up key:
* hdr.ipv6.dstAddr    : ff0200000000000000000000000000fb

[02:45:18.994] [bmv2] [D] [thread 160935] [9.0] [cxt 0] Table 'MyIngress.ipv6_lpm': miss
[02:45:18.994] [bmv2] [D] [thread 160935] [9.0] [cxt 0] Action entry is NoAction - 
[02:45:18.994] [bmv2] [T] [thread 160935] [9.0] [cxt 0] Action NoAction
[02:45:18.994] [bmv2] [D] [thread 160935] [9.0] [cxt 0] Pipeline 'ingress': end
[02:45:18.994] [bmv2] [D] [thread 160935] [9.0] [cxt 0] Egress port is 0
[02:45:18.994] [bmv2] [D] [thread 160936] [9.0] [cxt 0] Pipeline 'egress': start
[02:45:18.994] [bmv2] [T] [thread 160936] [9.0] [cxt 0] Applying table 'MyEgress.egress_encap_ipv6'
[02:45:18.995] [bmv2] [D] [thread 160936] [9.0] [cxt 0] Looking up key:
* standard_metadata.egress_port: 0000

[02:45:18.995] [bmv2] [D] [thread 160936] [9.0] [cxt 0] Table 'MyEgress.egress_encap_ipv6': miss
[02:45:18.995] [bmv2] [D] [thread 160936] [9.0] [cxt 0] Action entry is NoAction - 
[02:45:18.995] [bmv2] [T] [thread 160936] [9.0] [cxt 0] Action NoAction
[02:45:18.995] [bmv2] [T] [thread 160936] [9.0] [cxt 0] Applying table 'MyEgress.egress_encap_yequdesu'
[02:45:18.995] [bmv2] [D] [thread 160936] [9.0] [cxt 0] Looking up key:
* standard_metadata.egress_port: 0000

[02:45:18.995] [bmv2] [D] [thread 160936] [9.0] [cxt 0] Table 'MyEgress.egress_encap_yequdesu': miss
[02:45:18.995] [bmv2] [D] [thread 160936] [9.0] [cxt 0] Action entry is NoAction - 
[02:45:18.995] [bmv2] [T] [thread 160936] [9.0] [cxt 0] Action NoAction
[02:45:18.995] [bmv2] [T] [thread 160936] [9.0] [cxt 0] Applying table 'MyEgress.egress_encap_vxlan'
[02:45:18.995] [bmv2] [D] [thread 160936] [9.0] [cxt 0] Looking up key:
* standard_metadata.egress_port: 0000

[02:45:18.995] [bmv2] [D] [thread 160936] [9.0] [cxt 0] Table 'MyEgress.egress_encap_vxlan': miss
[02:45:18.995] [bmv2] [D] [thread 160936] [9.0] [cxt 0] Action entry is NoAction - 
[02:45:18.995] [bmv2] [T] [thread 160936] [9.0] [cxt 0] Action NoAction
[02:45:18.995] [bmv2] [D] [thread 160936] [9.0] [cxt 0] Pipeline 'egress': end
[02:45:18.995] [bmv2] [D] [thread 160936] [9.0] [cxt 0] Deparser 'deparser': start
[02:45:18.995] [bmv2] [T] [thread 160936] [9.0] [cxt 0] Skipping checksum 'cksum' update because condition not met
[02:45:18.995] [bmv2] [D] [thread 160936] [9.0] [cxt 0] Deparsing header 'ethernet'
[02:45:18.995] [bmv2] [D] [thread 160936] [9.0] [cxt 0] Deparsing header 'ipv6'
[02:45:18.995] [bmv2] [D] [thread 160936] [9.0] [cxt 0] Deparser 'deparser': end
[02:45:18.995] [bmv2] [D] [thread 160940] [9.0] [cxt 0] Transmitting packet of size 199 out of port 0
[02:45:18.997] [bmv2] [D] [thread 160935] [10.0] [cxt 0] Processing packet received on port 1
[02:45:18.997] [bmv2] [D] [thread 160935] [10.0] [cxt 0] Parser 'parser': start
[02:45:18.997] [bmv2] [D] [thread 160935] [10.0] [cxt 0] Parser 'parser' entering state 'start'
[02:45:18.997] [bmv2] [D] [thread 160935] [10.0] [cxt 0] Extracting header 'ethernet'
[02:45:18.997] [bmv2] [D] [thread 160935] [10.0] [cxt 0] Parser state 'start': key is 86dd
[02:45:18.997] [bmv2] [T] [thread 160935] [10.0] [cxt 0] Bytes parsed: 14
[02:45:18.997] [bmv2] [D] [thread 160935] [10.0] [cxt 0] Parser 'parser' entering state 'parse_ipv6'
[02:45:18.997] [bmv2] [D] [thread 160935] [10.0] [cxt 0] Extracting header 'ipv6'
[02:45:18.997] [bmv2] [D] [thread 160935] [10.0] [cxt 0] Parser state 'parse_ipv6': key is 11
[02:45:18.997] [bmv2] [T] [thread 160935] [10.0] [cxt 0] Bytes parsed: 54
[02:45:18.997] [bmv2] [D] [thread 160935] [10.0] [cxt 0] Parser 'parser': end
[02:45:18.997] [bmv2] [D] [thread 160935] [10.0] [cxt 0] Pipeline 'ingress': start
[02:45:18.997] [bmv2] [T] [thread 160935] [10.0] [cxt 0] basic.p4(565) Condition "hdr.ethernet.etherType == TYPE_ARP" (node_2) is false
[02:45:18.997] [bmv2] [T] [thread 160935] [10.0] [cxt 0] basic.p4(568) Condition "hdr.ethernet.etherType == TYPE_SRCROUTING" (node_4) is false
[02:45:18.997] [bmv2] [T] [thread 160935] [10.0] [cxt 0] basic.p4(581) Condition "hdr.ethernet.etherType == TYPE_YEQUDESU" (node_12) is false
[02:45:18.997] [bmv2] [T] [thread 160935] [10.0] [cxt 0] basic.p4(587) Condition "hdr.vxlan.isValid()" (node_15) is false
[02:45:18.997] [bmv2] [T] [thread 160935] [10.0] [cxt 0] basic.p4(591) Condition "hdr.ipv6.isValid()" (node_17) is true
[02:45:18.997] [bmv2] [T] [thread 160935] [10.0] [cxt 0] Applying table 'MyIngress.ipv6_lpm'
[02:45:18.997] [bmv2] [D] [thread 160935] [10.0] [cxt 0] Looking up key:
* hdr.ipv6.dstAddr    : ff0200000000000000000000000000fb

[02:45:18.997] [bmv2] [D] [thread 160935] [10.0] [cxt 0] Table 'MyIngress.ipv6_lpm': miss
[02:45:18.997] [bmv2] [D] [thread 160935] [10.0] [cxt 0] Action entry is NoAction - 
[02:45:18.997] [bmv2] [T] [thread 160935] [10.0] [cxt 0] Action NoAction
[02:45:18.997] [bmv2] [D] [thread 160935] [10.0] [cxt 0] Pipeline 'ingress': end
[02:45:18.997] [bmv2] [D] [thread 160935] [10.0] [cxt 0] Egress port is 0
[02:45:18.997] [bmv2] [D] [thread 160936] [10.0] [cxt 0] Pipeline 'egress': start
[02:45:18.997] [bmv2] [T] [thread 160936] [10.0] [cxt 0] Applying table 'MyEgress.egress_encap_ipv6'
[02:45:18.998] [bmv2] [D] [thread 160936] [10.0] [cxt 0] Looking up key:
* standard_metadata.egress_port: 0000

[02:45:18.998] [bmv2] [D] [thread 160936] [10.0] [cxt 0] Table 'MyEgress.egress_encap_ipv6': miss
[02:45:18.998] [bmv2] [D] [thread 160936] [10.0] [cxt 0] Action entry is NoAction - 
[02:45:18.998] [bmv2] [T] [thread 160936] [10.0] [cxt 0] Action NoAction
[02:45:18.998] [bmv2] [T] [thread 160936] [10.0] [cxt 0] Applying table 'MyEgress.egress_encap_yequdesu'
[02:45:18.998] [bmv2] [D] [thread 160936] [10.0] [cxt 0] Looking up key:
* standard_metadata.egress_port: 0000

[02:45:18.998] [bmv2] [D] [thread 160936] [10.0] [cxt 0] Table 'MyEgress.egress_encap_yequdesu': miss
[02:45:18.998] [bmv2] [D] [thread 160936] [10.0] [cxt 0] Action entry is NoAction - 
[02:45:18.998] [bmv2] [T] [thread 160936] [10.0] [cxt 0] Action NoAction
[02:45:18.998] [bmv2] [T] [thread 160936] [10.0] [cxt 0] Applying table 'MyEgress.egress_encap_vxlan'
[02:45:18.998] [bmv2] [D] [thread 160936] [10.0] [cxt 0] Looking up key:
* standard_metadata.egress_port: 0000

[02:45:18.998] [bmv2] [D] [thread 160936] [10.0] [cxt 0] Table 'MyEgress.egress_encap_vxlan': miss
[02:45:18.998] [bmv2] [D] [thread 160936] [10.0] [cxt 0] Action entry is NoAction - 
[02:45:18.998] [bmv2] [T] [thread 160936] [10.0] [cxt 0] Action NoAction
[02:45:18.998] [bmv2] [D] [thread 160936] [10.0] [cxt 0] Pipeline 'egress': end
[02:45:18.998] [bmv2] [D] [thread 160936] [10.0] [cxt 0] Deparser 'deparser': start
[02:45:18.998] [bmv2] [T] [thread 160936] [10.0] [cxt 0] Skipping checksum 'cksum' update because condition not met
[02:45:18.998] [bmv2] [D] [thread 160936] [10.0] [cxt 0] Deparsing header 'ethernet'
[02:45:18.998] [bmv2] [D] [thread 160936] [10.0] [cxt 0] Deparsing header 'ipv6'
[02:45:18.998] [bmv2] [D] [thread 160936] [10.0] [cxt 0] Deparser 'deparser': end
[02:45:18.998] [bmv2] [D] [thread 160940] [10.0] [cxt 0] Transmitting packet of size 199 out of port 0
[02:45:19.319] [bmv2] [D] [thread 160935] [11.0] [cxt 0] Processing packet received on port 2
[02:45:19.319] [bmv2] [D] [thread 160935] [11.0] [cxt 0] Parser 'parser': start
[02:45:19.319] [bmv2] [D] [thread 160935] [11.0] [cxt 0] Parser 'parser' entering state 'start'
[02:45:19.319] [bmv2] [D] [thread 160935] [11.0] [cxt 0] Extracting header 'ethernet'
[02:45:19.319] [bmv2] [D] [thread 160935] [11.0] [cxt 0] Parser state 'start': key is 86dd
[02:45:19.319] [bmv2] [T] [thread 160935] [11.0] [cxt 0] Bytes parsed: 14
[02:45:19.319] [bmv2] [D] [thread 160935] [11.0] [cxt 0] Parser 'parser' entering state 'parse_ipv6'
[02:45:19.319] [bmv2] [D] [thread 160935] [11.0] [cxt 0] Extracting header 'ipv6'
[02:45:19.319] [bmv2] [D] [thread 160935] [11.0] [cxt 0] Parser state 'parse_ipv6': key is 11
[02:45:19.319] [bmv2] [T] [thread 160935] [11.0] [cxt 0] Bytes parsed: 54
[02:45:19.319] [bmv2] [D] [thread 160935] [11.0] [cxt 0] Parser 'parser': end
[02:45:19.319] [bmv2] [D] [thread 160935] [11.0] [cxt 0] Pipeline 'ingress': start
[02:45:19.319] [bmv2] [T] [thread 160935] [11.0] [cxt 0] basic.p4(565) Condition "hdr.ethernet.etherType == TYPE_ARP" (node_2) is false
[02:45:19.319] [bmv2] [T] [thread 160935] [11.0] [cxt 0] basic.p4(568) Condition "hdr.ethernet.etherType == TYPE_SRCROUTING" (node_4) is false
[02:45:19.319] [bmv2] [T] [thread 160935] [11.0] [cxt 0] basic.p4(581) Condition "hdr.ethernet.etherType == TYPE_YEQUDESU" (node_12) is false
[02:45:19.319] [bmv2] [T] [thread 160935] [11.0] [cxt 0] basic.p4(587) Condition "hdr.vxlan.isValid()" (node_15) is false
[02:45:19.319] [bmv2] [T] [thread 160935] [11.0] [cxt 0] basic.p4(591) Condition "hdr.ipv6.isValid()" (node_17) is true
[02:45:19.319] [bmv2] [T] [thread 160935] [11.0] [cxt 0] Applying table 'MyIngress.ipv6_lpm'
[02:45:19.319] [bmv2] [D] [thread 160935] [11.0] [cxt 0] Looking up key:
* hdr.ipv6.dstAddr    : ff0200000000000000000000000000fb

[02:45:19.319] [bmv2] [D] [thread 160935] [11.0] [cxt 0] Table 'MyIngress.ipv6_lpm': miss
[02:45:19.319] [bmv2] [D] [thread 160935] [11.0] [cxt 0] Action entry is NoAction - 
[02:45:19.319] [bmv2] [T] [thread 160935] [11.0] [cxt 0] Action NoAction
[02:45:19.319] [bmv2] [D] [thread 160935] [11.0] [cxt 0] Pipeline 'ingress': end
[02:45:19.319] [bmv2] [D] [thread 160935] [11.0] [cxt 0] Egress port is 0
[02:45:19.319] [bmv2] [D] [thread 160936] [11.0] [cxt 0] Pipeline 'egress': start
[02:45:19.319] [bmv2] [T] [thread 160936] [11.0] [cxt 0] Applying table 'MyEgress.egress_encap_ipv6'
[02:45:19.319] [bmv2] [D] [thread 160936] [11.0] [cxt 0] Looking up key:
* standard_metadata.egress_port: 0000

[02:45:19.319] [bmv2] [D] [thread 160936] [11.0] [cxt 0] Table 'MyEgress.egress_encap_ipv6': miss
[02:45:19.319] [bmv2] [D] [thread 160936] [11.0] [cxt 0] Action entry is NoAction - 
[02:45:19.319] [bmv2] [T] [thread 160936] [11.0] [cxt 0] Action NoAction
[02:45:19.319] [bmv2] [T] [thread 160936] [11.0] [cxt 0] Applying table 'MyEgress.egress_encap_yequdesu'
[02:45:19.319] [bmv2] [D] [thread 160936] [11.0] [cxt 0] Looking up key:
* standard_metadata.egress_port: 0000

[02:45:19.319] [bmv2] [D] [thread 160936] [11.0] [cxt 0] Table 'MyEgress.egress_encap_yequdesu': miss
[02:45:19.319] [bmv2] [D] [thread 160936] [11.0] [cxt 0] Action entry is NoAction - 
[02:45:19.319] [bmv2] [T] [thread 160936] [11.0] [cxt 0] Action NoAction
[02:45:19.319] [bmv2] [T] [thread 160936] [11.0] [cxt 0] Applying table 'MyEgress.egress_encap_vxlan'
[02:45:19.319] [bmv2] [D] [thread 160936] [11.0] [cxt 0] Looking up key:
* standard_metadata.egress_port: 0000

[02:45:19.319] [bmv2] [D] [thread 160936] [11.0] [cxt 0] Table 'MyEgress.egress_encap_vxlan': miss
[02:45:19.319] [bmv2] [D] [thread 160936] [11.0] [cxt 0] Action entry is NoAction - 
[02:45:19.319] [bmv2] [T] [thread 160936] [11.0] [cxt 0] Action NoAction
[02:45:19.319] [bmv2] [D] [thread 160936] [11.0] [cxt 0] Pipeline 'egress': end
[02:45:19.319] [bmv2] [D] [thread 160936] [11.0] [cxt 0] Deparser 'deparser': start
[02:45:19.319] [bmv2] [T] [thread 160936] [11.0] [cxt 0] Skipping checksum 'cksum' update because condition not met
[02:45:19.319] [bmv2] [D] [thread 160936] [11.0] [cxt 0] Deparsing header 'ethernet'
[02:45:19.319] [bmv2] [D] [thread 160936] [11.0] [cxt 0] Deparsing header 'ipv6'
[02:45:19.319] [bmv2] [D] [thread 160936] [11.0] [cxt 0] Deparser 'deparser': end
[02:45:19.320] [bmv2] [D] [thread 160940] [11.0] [cxt 0] Transmitting packet of size 199 out of port 0
[02:45:19.447] [bmv2] [D] [thread 160935] [12.0] [cxt 0] Processing packet received on port 1
[02:45:19.447] [bmv2] [D] [thread 160935] [12.0] [cxt 0] Parser 'parser': start
[02:45:19.447] [bmv2] [D] [thread 160935] [12.0] [cxt 0] Parser 'parser' entering state 'start'
[02:45:19.447] [bmv2] [D] [thread 160935] [12.0] [cxt 0] Extracting header 'ethernet'
[02:45:19.447] [bmv2] [D] [thread 160935] [12.0] [cxt 0] Parser state 'start': key is 86dd
[02:45:19.447] [bmv2] [T] [thread 160935] [12.0] [cxt 0] Bytes parsed: 14
[02:45:19.447] [bmv2] [D] [thread 160935] [12.0] [cxt 0] Parser 'parser' entering state 'parse_ipv6'
[02:45:19.447] [bmv2] [D] [thread 160935] [12.0] [cxt 0] Extracting header 'ipv6'
[02:45:19.447] [bmv2] [D] [thread 160935] [12.0] [cxt 0] Parser state 'parse_ipv6': key is 11
[02:45:19.447] [bmv2] [T] [thread 160935] [12.0] [cxt 0] Bytes parsed: 54
[02:45:19.447] [bmv2] [D] [thread 160935] [12.0] [cxt 0] Parser 'parser': end
[02:45:19.447] [bmv2] [D] [thread 160935] [12.0] [cxt 0] Pipeline 'ingress': start
[02:45:19.447] [bmv2] [T] [thread 160935] [12.0] [cxt 0] basic.p4(565) Condition "hdr.ethernet.etherType == TYPE_ARP" (node_2) is false
[02:45:19.447] [bmv2] [T] [thread 160935] [12.0] [cxt 0] basic.p4(568) Condition "hdr.ethernet.etherType == TYPE_SRCROUTING" (node_4) is false
[02:45:19.447] [bmv2] [T] [thread 160935] [12.0] [cxt 0] basic.p4(581) Condition "hdr.ethernet.etherType == TYPE_YEQUDESU" (node_12) is false
[02:45:19.447] [bmv2] [T] [thread 160935] [12.0] [cxt 0] basic.p4(587) Condition "hdr.vxlan.isValid()" (node_15) is false
[02:45:19.447] [bmv2] [T] [thread 160935] [12.0] [cxt 0] basic.p4(591) Condition "hdr.ipv6.isValid()" (node_17) is true
[02:45:19.447] [bmv2] [T] [thread 160935] [12.0] [cxt 0] Applying table 'MyIngress.ipv6_lpm'
[02:45:19.447] [bmv2] [D] [thread 160935] [12.0] [cxt 0] Looking up key:
* hdr.ipv6.dstAddr    : ff0200000000000000000000000000fb

[02:45:19.447] [bmv2] [D] [thread 160935] [12.0] [cxt 0] Table 'MyIngress.ipv6_lpm': miss
[02:45:19.447] [bmv2] [D] [thread 160935] [12.0] [cxt 0] Action entry is NoAction - 
[02:45:19.447] [bmv2] [T] [thread 160935] [12.0] [cxt 0] Action NoAction
[02:45:19.447] [bmv2] [D] [thread 160935] [12.0] [cxt 0] Pipeline 'ingress': end
[02:45:19.447] [bmv2] [D] [thread 160935] [12.0] [cxt 0] Egress port is 0
[02:45:19.448] [bmv2] [D] [thread 160936] [12.0] [cxt 0] Pipeline 'egress': start
[02:45:19.448] [bmv2] [T] [thread 160936] [12.0] [cxt 0] Applying table 'MyEgress.egress_encap_ipv6'
[02:45:19.448] [bmv2] [D] [thread 160936] [12.0] [cxt 0] Looking up key:
* standard_metadata.egress_port: 0000

[02:45:19.448] [bmv2] [D] [thread 160936] [12.0] [cxt 0] Table 'MyEgress.egress_encap_ipv6': miss
[02:45:19.448] [bmv2] [D] [thread 160936] [12.0] [cxt 0] Action entry is NoAction - 
[02:45:19.448] [bmv2] [T] [thread 160936] [12.0] [cxt 0] Action NoAction
[02:45:19.448] [bmv2] [T] [thread 160936] [12.0] [cxt 0] Applying table 'MyEgress.egress_encap_yequdesu'
[02:45:19.448] [bmv2] [D] [thread 160936] [12.0] [cxt 0] Looking up key:
* standard_metadata.egress_port: 0000

[02:45:19.448] [bmv2] [D] [thread 160936] [12.0] [cxt 0] Table 'MyEgress.egress_encap_yequdesu': miss
[02:45:19.448] [bmv2] [D] [thread 160936] [12.0] [cxt 0] Action entry is NoAction - 
[02:45:19.448] [bmv2] [T] [thread 160936] [12.0] [cxt 0] Action NoAction
[02:45:19.448] [bmv2] [T] [thread 160936] [12.0] [cxt 0] Applying table 'MyEgress.egress_encap_vxlan'
[02:45:19.448] [bmv2] [D] [thread 160936] [12.0] [cxt 0] Looking up key:
* standard_metadata.egress_port: 0000

[02:45:19.448] [bmv2] [D] [thread 160936] [12.0] [cxt 0] Table 'MyEgress.egress_encap_vxlan': miss
[02:45:19.448] [bmv2] [D] [thread 160936] [12.0] [cxt 0] Action entry is NoAction - 
[02:45:19.448] [bmv2] [T] [thread 160936] [12.0] [cxt 0] Action NoAction
[02:45:19.448] [bmv2] [D] [thread 160936] [12.0] [cxt 0] Pipeline 'egress': end
[02:45:19.448] [bmv2] [D] [thread 160936] [12.0] [cxt 0] Deparser 'deparser': start
[02:45:19.448] [bmv2] [T] [thread 160936] [12.0] [cxt 0] Skipping checksum 'cksum' update because condition not met
[02:45:19.448] [bmv2] [D] [thread 160936] [12.0] [cxt 0] Deparsing header 'ethernet'
[02:45:19.448] [bmv2] [D] [thread 160936] [12.0] [cxt 0] Deparsing header 'ipv6'
[02:45:19.448] [bmv2] [D] [thread 160936] [12.0] [cxt 0] Deparser 'deparser': end
[02:45:19.448] [bmv2] [D] [thread 160940] [12.0] [cxt 0] Transmitting packet of size 199 out of port 0
[02:45:21.678] [bmv2] [D] [thread 160935] [13.0] [cxt 0] Processing packet received on port 1
[02:45:21.678] [bmv2] [D] [thread 160935] [13.0] [cxt 0] Parser 'parser': start
[02:45:21.678] [bmv2] [D] [thread 160935] [13.0] [cxt 0] Parser 'parser' entering state 'start'
[02:45:21.678] [bmv2] [D] [thread 160935] [13.0] [cxt 0] Extracting header 'ethernet'
[02:45:21.678] [bmv2] [D] [thread 160935] [13.0] [cxt 0] Parser state 'start': key is 86dd
[02:45:21.678] [bmv2] [T] [thread 160935] [13.0] [cxt 0] Bytes parsed: 14
[02:45:21.678] [bmv2] [D] [thread 160935] [13.0] [cxt 0] Parser 'parser' entering state 'parse_ipv6'
[02:45:21.678] [bmv2] [D] [thread 160935] [13.0] [cxt 0] Extracting header 'ipv6'
[02:45:21.678] [bmv2] [D] [thread 160935] [13.0] [cxt 0] Parser state 'parse_ipv6': key is 11
[02:45:21.678] [bmv2] [T] [thread 160935] [13.0] [cxt 0] Bytes parsed: 54
[02:45:21.678] [bmv2] [D] [thread 160935] [13.0] [cxt 0] Parser 'parser': end
[02:45:21.678] [bmv2] [D] [thread 160935] [13.0] [cxt 0] Pipeline 'ingress': start
[02:45:21.678] [bmv2] [T] [thread 160935] [13.0] [cxt 0] basic.p4(565) Condition "hdr.ethernet.etherType == TYPE_ARP" (node_2) is false
[02:45:21.678] [bmv2] [T] [thread 160935] [13.0] [cxt 0] basic.p4(568) Condition "hdr.ethernet.etherType == TYPE_SRCROUTING" (node_4) is false
[02:45:21.678] [bmv2] [T] [thread 160935] [13.0] [cxt 0] basic.p4(581) Condition "hdr.ethernet.etherType == TYPE_YEQUDESU" (node_12) is false
[02:45:21.678] [bmv2] [T] [thread 160935] [13.0] [cxt 0] basic.p4(587) Condition "hdr.vxlan.isValid()" (node_15) is false
[02:45:21.678] [bmv2] [T] [thread 160935] [13.0] [cxt 0] basic.p4(591) Condition "hdr.ipv6.isValid()" (node_17) is true
[02:45:21.678] [bmv2] [T] [thread 160935] [13.0] [cxt 0] Applying table 'MyIngress.ipv6_lpm'
[02:45:21.678] [bmv2] [D] [thread 160935] [13.0] [cxt 0] Looking up key:
* hdr.ipv6.dstAddr    : ff0200000000000000000000000000fb

[02:45:21.679] [bmv2] [D] [thread 160935] [13.0] [cxt 0] Table 'MyIngress.ipv6_lpm': miss
[02:45:21.679] [bmv2] [D] [thread 160935] [13.0] [cxt 0] Action entry is NoAction - 
[02:45:21.679] [bmv2] [T] [thread 160935] [13.0] [cxt 0] Action NoAction
[02:45:21.679] [bmv2] [D] [thread 160935] [13.0] [cxt 0] Pipeline 'ingress': end
[02:45:21.679] [bmv2] [D] [thread 160935] [13.0] [cxt 0] Egress port is 0
[02:45:21.679] [bmv2] [D] [thread 160935] [14.0] [cxt 0] Processing packet received on port 2
[02:45:21.679] [bmv2] [D] [thread 160935] [14.0] [cxt 0] Parser 'parser': start
[02:45:21.679] [bmv2] [D] [thread 160935] [14.0] [cxt 0] Parser 'parser' entering state 'start'
[02:45:21.679] [bmv2] [D] [thread 160935] [14.0] [cxt 0] Extracting header 'ethernet'
[02:45:21.679] [bmv2] [D] [thread 160935] [14.0] [cxt 0] Parser state 'start': key is 86dd
[02:45:21.679] [bmv2] [T] [thread 160935] [14.0] [cxt 0] Bytes parsed: 14
[02:45:21.679] [bmv2] [D] [thread 160935] [14.0] [cxt 0] Parser 'parser' entering state 'parse_ipv6'
[02:45:21.679] [bmv2] [D] [thread 160935] [14.0] [cxt 0] Extracting header 'ipv6'
[02:45:21.679] [bmv2] [D] [thread 160935] [14.0] [cxt 0] Parser state 'parse_ipv6': key is 11
[02:45:21.679] [bmv2] [T] [thread 160935] [14.0] [cxt 0] Bytes parsed: 54
[02:45:21.679] [bmv2] [D] [thread 160935] [14.0] [cxt 0] Parser 'parser': end
[02:45:21.679] [bmv2] [D] [thread 160935] [14.0] [cxt 0] Pipeline 'ingress': start
[02:45:21.679] [bmv2] [T] [thread 160935] [14.0] [cxt 0] basic.p4(565) Condition "hdr.ethernet.etherType == TYPE_ARP" (node_2) is false
[02:45:21.679] [bmv2] [T] [thread 160935] [14.0] [cxt 0] basic.p4(568) Condition "hdr.ethernet.etherType == TYPE_SRCROUTING" (node_4) is false
[02:45:21.679] [bmv2] [T] [thread 160935] [14.0] [cxt 0] basic.p4(581) Condition "hdr.ethernet.etherType == TYPE_YEQUDESU" (node_12) is false
[02:45:21.679] [bmv2] [T] [thread 160935] [14.0] [cxt 0] basic.p4(587) Condition "hdr.vxlan.isValid()" (node_15) is false
[02:45:21.679] [bmv2] [T] [thread 160935] [14.0] [cxt 0] basic.p4(591) Condition "hdr.ipv6.isValid()" (node_17) is true
[02:45:21.679] [bmv2] [T] [thread 160935] [14.0] [cxt 0] Applying table 'MyIngress.ipv6_lpm'
[02:45:21.679] [bmv2] [D] [thread 160935] [14.0] [cxt 0] Looking up key:
* hdr.ipv6.dstAddr    : ff0200000000000000000000000000fb

[02:45:21.679] [bmv2] [D] [thread 160935] [14.0] [cxt 0] Table 'MyIngress.ipv6_lpm': miss
[02:45:21.679] [bmv2] [D] [thread 160935] [14.0] [cxt 0] Action entry is NoAction - 
[02:45:21.679] [bmv2] [T] [thread 160935] [14.0] [cxt 0] Action NoAction
[02:45:21.679] [bmv2] [D] [thread 160935] [14.0] [cxt 0] Pipeline 'ingress': end
[02:45:21.679] [bmv2] [D] [thread 160935] [14.0] [cxt 0] Egress port is 0
[02:45:21.679] [bmv2] [D] [thread 160936] [13.0] [cxt 0] Pipeline 'egress': start
[02:45:21.679] [bmv2] [T] [thread 160936] [13.0] [cxt 0] Applying table 'MyEgress.egress_encap_ipv6'
[02:45:21.679] [bmv2] [D] [thread 160936] [13.0] [cxt 0] Looking up key:
* standard_metadata.egress_port: 0000

[02:45:21.679] [bmv2] [D] [thread 160936] [13.0] [cxt 0] Table 'MyEgress.egress_encap_ipv6': miss
[02:45:21.679] [bmv2] [D] [thread 160936] [13.0] [cxt 0] Action entry is NoAction - 
[02:45:21.679] [bmv2] [T] [thread 160936] [13.0] [cxt 0] Action NoAction
[02:45:21.679] [bmv2] [T] [thread 160936] [13.0] [cxt 0] Applying table 'MyEgress.egress_encap_yequdesu'
[02:45:21.679] [bmv2] [D] [thread 160936] [13.0] [cxt 0] Looking up key:
* standard_metadata.egress_port: 0000

[02:45:21.679] [bmv2] [D] [thread 160936] [13.0] [cxt 0] Table 'MyEgress.egress_encap_yequdesu': miss
[02:45:21.679] [bmv2] [D] [thread 160936] [13.0] [cxt 0] Action entry is NoAction - 
[02:45:21.679] [bmv2] [T] [thread 160936] [13.0] [cxt 0] Action NoAction
[02:45:21.679] [bmv2] [T] [thread 160936] [13.0] [cxt 0] Applying table 'MyEgress.egress_encap_vxlan'
[02:45:21.679] [bmv2] [D] [thread 160936] [13.0] [cxt 0] Looking up key:
* standard_metadata.egress_port: 0000

[02:45:21.679] [bmv2] [D] [thread 160936] [13.0] [cxt 0] Table 'MyEgress.egress_encap_vxlan': miss
[02:45:21.679] [bmv2] [D] [thread 160936] [13.0] [cxt 0] Action entry is NoAction - 
[02:45:21.679] [bmv2] [T] [thread 160936] [13.0] [cxt 0] Action NoAction
[02:45:21.679] [bmv2] [D] [thread 160936] [13.0] [cxt 0] Pipeline 'egress': end
[02:45:21.679] [bmv2] [D] [thread 160936] [13.0] [cxt 0] Deparser 'deparser': start
[02:45:21.679] [bmv2] [T] [thread 160936] [13.0] [cxt 0] Skipping checksum 'cksum' update because condition not met
[02:45:21.679] [bmv2] [D] [thread 160936] [13.0] [cxt 0] Deparsing header 'ethernet'
[02:45:21.679] [bmv2] [D] [thread 160936] [13.0] [cxt 0] Deparsing header 'ipv6'
[02:45:21.679] [bmv2] [D] [thread 160936] [13.0] [cxt 0] Deparser 'deparser': end
[02:45:21.679] [bmv2] [D] [thread 160936] [14.0] [cxt 0] Pipeline 'egress': start
[02:45:21.679] [bmv2] [T] [thread 160936] [14.0] [cxt 0] Applying table 'MyEgress.egress_encap_ipv6'
[02:45:21.679] [bmv2] [D] [thread 160936] [14.0] [cxt 0] Looking up key:
* standard_metadata.egress_port: 0000

[02:45:21.679] [bmv2] [D] [thread 160936] [14.0] [cxt 0] Table 'MyEgress.egress_encap_ipv6': miss
[02:45:21.679] [bmv2] [D] [thread 160936] [14.0] [cxt 0] Action entry is NoAction - 
[02:45:21.679] [bmv2] [T] [thread 160936] [14.0] [cxt 0] Action NoAction
[02:45:21.679] [bmv2] [T] [thread 160936] [14.0] [cxt 0] Applying table 'MyEgress.egress_encap_yequdesu'
[02:45:21.679] [bmv2] [D] [thread 160936] [14.0] [cxt 0] Looking up key:
* standard_metadata.egress_port: 0000

[02:45:21.679] [bmv2] [D] [thread 160940] [13.0] [cxt 0] Transmitting packet of size 203 out of port 0
[02:45:21.679] [bmv2] [D] [thread 160936] [14.0] [cxt 0] Table 'MyEgress.egress_encap_yequdesu': miss
[02:45:21.679] [bmv2] [D] [thread 160936] [14.0] [cxt 0] Action entry is NoAction - 
[02:45:21.679] [bmv2] [T] [thread 160936] [14.0] [cxt 0] Action NoAction
[02:45:21.679] [bmv2] [T] [thread 160936] [14.0] [cxt 0] Applying table 'MyEgress.egress_encap_vxlan'
[02:45:21.679] [bmv2] [D] [thread 160936] [14.0] [cxt 0] Looking up key:
* standard_metadata.egress_port: 0000

[02:45:21.679] [bmv2] [D] [thread 160936] [14.0] [cxt 0] Table 'MyEgress.egress_encap_vxlan': miss
[02:45:21.679] [bmv2] [D] [thread 160936] [14.0] [cxt 0] Action entry is NoAction - 
[02:45:21.679] [bmv2] [T] [thread 160936] [14.0] [cxt 0] Action NoAction
[02:45:21.679] [bmv2] [D] [thread 160936] [14.0] [cxt 0] Pipeline 'egress': end
[02:45:21.679] [bmv2] [D] [thread 160936] [14.0] [cxt 0] Deparser 'deparser': start
[02:45:21.679] [bmv2] [T] [thread 160936] [14.0] [cxt 0] Skipping checksum 'cksum' update because condition not met
[02:45:21.679] [bmv2] [D] [thread 160936] [14.0] [cxt 0] Deparsing header 'ethernet'
[02:45:21.679] [bmv2] [D] [thread 160936] [14.0] [cxt 0] Deparsing header 'ipv6'
[02:45:21.679] [bmv2] [D] [thread 160936] [14.0] [cxt 0] Deparser 'deparser': end
[02:45:21.679] [bmv2] [D] [thread 160940] [14.0] [cxt 0] Transmitting packet of size 203 out of port 0
[02:45:21.999] [bmv2] [D] [thread 160935] [15.0] [cxt 0] Processing packet received on port 2
[02:45:21.999] [bmv2] [D] [thread 160935] [15.0] [cxt 0] Parser 'parser': start
[02:45:21.999] [bmv2] [D] [thread 160935] [15.0] [cxt 0] Parser 'parser' entering state 'start'
[02:45:21.999] [bmv2] [D] [thread 160935] [15.0] [cxt 0] Extracting header 'ethernet'
[02:45:21.999] [bmv2] [D] [thread 160935] [15.0] [cxt 0] Parser state 'start': key is 86dd
[02:45:21.999] [bmv2] [T] [thread 160935] [15.0] [cxt 0] Bytes parsed: 14
[02:45:21.999] [bmv2] [D] [thread 160935] [15.0] [cxt 0] Parser 'parser' entering state 'parse_ipv6'
[02:45:21.999] [bmv2] [D] [thread 160935] [15.0] [cxt 0] Extracting header 'ipv6'
[02:45:21.999] [bmv2] [D] [thread 160935] [15.0] [cxt 0] Parser state 'parse_ipv6': key is 11
[02:45:21.999] [bmv2] [T] [thread 160935] [15.0] [cxt 0] Bytes parsed: 54
[02:45:21.999] [bmv2] [D] [thread 160935] [15.0] [cxt 0] Parser 'parser': end
[02:45:21.999] [bmv2] [D] [thread 160935] [15.0] [cxt 0] Pipeline 'ingress': start
[02:45:21.999] [bmv2] [T] [thread 160935] [15.0] [cxt 0] basic.p4(565) Condition "hdr.ethernet.etherType == TYPE_ARP" (node_2) is false
[02:45:21.999] [bmv2] [T] [thread 160935] [15.0] [cxt 0] basic.p4(568) Condition "hdr.ethernet.etherType == TYPE_SRCROUTING" (node_4) is false
[02:45:21.999] [bmv2] [T] [thread 160935] [15.0] [cxt 0] basic.p4(581) Condition "hdr.ethernet.etherType == TYPE_YEQUDESU" (node_12) is false
[02:45:21.999] [bmv2] [T] [thread 160935] [15.0] [cxt 0] basic.p4(587) Condition "hdr.vxlan.isValid()" (node_15) is false
[02:45:21.999] [bmv2] [T] [thread 160935] [15.0] [cxt 0] basic.p4(591) Condition "hdr.ipv6.isValid()" (node_17) is true
[02:45:21.999] [bmv2] [T] [thread 160935] [15.0] [cxt 0] Applying table 'MyIngress.ipv6_lpm'
[02:45:21.999] [bmv2] [D] [thread 160935] [15.0] [cxt 0] Looking up key:
* hdr.ipv6.dstAddr    : ff0200000000000000000000000000fb

[02:45:21.999] [bmv2] [D] [thread 160935] [15.0] [cxt 0] Table 'MyIngress.ipv6_lpm': miss
[02:45:21.999] [bmv2] [D] [thread 160935] [15.0] [cxt 0] Action entry is NoAction - 
[02:45:21.999] [bmv2] [T] [thread 160935] [15.0] [cxt 0] Action NoAction
[02:45:21.999] [bmv2] [D] [thread 160935] [15.0] [cxt 0] Pipeline 'ingress': end
[02:45:21.999] [bmv2] [D] [thread 160935] [15.0] [cxt 0] Egress port is 0
[02:45:22.000] [bmv2] [D] [thread 160936] [15.0] [cxt 0] Pipeline 'egress': start
[02:45:22.000] [bmv2] [T] [thread 160936] [15.0] [cxt 0] Applying table 'MyEgress.egress_encap_ipv6'
[02:45:22.000] [bmv2] [D] [thread 160936] [15.0] [cxt 0] Looking up key:
* standard_metadata.egress_port: 0000

[02:45:22.000] [bmv2] [D] [thread 160936] [15.0] [cxt 0] Table 'MyEgress.egress_encap_ipv6': miss
[02:45:22.000] [bmv2] [D] [thread 160936] [15.0] [cxt 0] Action entry is NoAction - 
[02:45:22.000] [bmv2] [T] [thread 160936] [15.0] [cxt 0] Action NoAction
[02:45:22.000] [bmv2] [T] [thread 160936] [15.0] [cxt 0] Applying table 'MyEgress.egress_encap_yequdesu'
[02:45:22.000] [bmv2] [D] [thread 160936] [15.0] [cxt 0] Looking up key:
* standard_metadata.egress_port: 0000

[02:45:22.000] [bmv2] [D] [thread 160936] [15.0] [cxt 0] Table 'MyEgress.egress_encap_yequdesu': miss
[02:45:22.000] [bmv2] [D] [thread 160936] [15.0] [cxt 0] Action entry is NoAction - 
[02:45:22.000] [bmv2] [T] [thread 160936] [15.0] [cxt 0] Action NoAction
[02:45:22.000] [bmv2] [T] [thread 160936] [15.0] [cxt 0] Applying table 'MyEgress.egress_encap_vxlan'
[02:45:22.000] [bmv2] [D] [thread 160936] [15.0] [cxt 0] Looking up key:
* standard_metadata.egress_port: 0000

[02:45:22.000] [bmv2] [D] [thread 160936] [15.0] [cxt 0] Table 'MyEgress.egress_encap_vxlan': miss
[02:45:22.000] [bmv2] [D] [thread 160936] [15.0] [cxt 0] Action entry is NoAction - 
[02:45:22.000] [bmv2] [T] [thread 160936] [15.0] [cxt 0] Action NoAction
[02:45:22.000] [bmv2] [D] [thread 160936] [15.0] [cxt 0] Pipeline 'egress': end
[02:45:22.000] [bmv2] [D] [thread 160936] [15.0] [cxt 0] Deparser 'deparser': start
[02:45:22.000] [bmv2] [T] [thread 160936] [15.0] [cxt 0] Skipping checksum 'cksum' update because condition not met
[02:45:22.000] [bmv2] [D] [thread 160936] [15.0] [cxt 0] Deparsing header 'ethernet'
[02:45:22.000] [bmv2] [D] [thread 160936] [15.0] [cxt 0] Deparsing header 'ipv6'
[02:45:22.000] [bmv2] [D] [thread 160936] [15.0] [cxt 0] Deparser 'deparser': end
[02:45:22.000] [bmv2] [D] [thread 160940] [15.0] [cxt 0] Transmitting packet of size 203 out of port 0
[02:45:22.128] [bmv2] [D] [thread 160935] [16.0] [cxt 0] Processing packet received on port 1
[02:45:22.128] [bmv2] [D] [thread 160935] [16.0] [cxt 0] Parser 'parser': start
[02:45:22.128] [bmv2] [D] [thread 160935] [16.0] [cxt 0] Parser 'parser' entering state 'start'
[02:45:22.128] [bmv2] [D] [thread 160935] [16.0] [cxt 0] Extracting header 'ethernet'
[02:45:22.128] [bmv2] [D] [thread 160935] [16.0] [cxt 0] Parser state 'start': key is 86dd
[02:45:22.128] [bmv2] [T] [thread 160935] [16.0] [cxt 0] Bytes parsed: 14
[02:45:22.128] [bmv2] [D] [thread 160935] [16.0] [cxt 0] Parser 'parser' entering state 'parse_ipv6'
[02:45:22.128] [bmv2] [D] [thread 160935] [16.0] [cxt 0] Extracting header 'ipv6'
[02:45:22.128] [bmv2] [D] [thread 160935] [16.0] [cxt 0] Parser state 'parse_ipv6': key is 11
[02:45:22.128] [bmv2] [T] [thread 160935] [16.0] [cxt 0] Bytes parsed: 54
[02:45:22.128] [bmv2] [D] [thread 160935] [16.0] [cxt 0] Parser 'parser': end
[02:45:22.128] [bmv2] [D] [thread 160935] [16.0] [cxt 0] Pipeline 'ingress': start
[02:45:22.128] [bmv2] [T] [thread 160935] [16.0] [cxt 0] basic.p4(565) Condition "hdr.ethernet.etherType == TYPE_ARP" (node_2) is false
[02:45:22.128] [bmv2] [T] [thread 160935] [16.0] [cxt 0] basic.p4(568) Condition "hdr.ethernet.etherType == TYPE_SRCROUTING" (node_4) is false
[02:45:22.128] [bmv2] [T] [thread 160935] [16.0] [cxt 0] basic.p4(581) Condition "hdr.ethernet.etherType == TYPE_YEQUDESU" (node_12) is false
[02:45:22.128] [bmv2] [T] [thread 160935] [16.0] [cxt 0] basic.p4(587) Condition "hdr.vxlan.isValid()" (node_15) is false
[02:45:22.128] [bmv2] [T] [thread 160935] [16.0] [cxt 0] basic.p4(591) Condition "hdr.ipv6.isValid()" (node_17) is true
[02:45:22.128] [bmv2] [T] [thread 160935] [16.0] [cxt 0] Applying table 'MyIngress.ipv6_lpm'
[02:45:22.128] [bmv2] [D] [thread 160935] [16.0] [cxt 0] Looking up key:
* hdr.ipv6.dstAddr    : ff0200000000000000000000000000fb

[02:45:22.128] [bmv2] [D] [thread 160935] [16.0] [cxt 0] Table 'MyIngress.ipv6_lpm': miss
[02:45:22.128] [bmv2] [D] [thread 160935] [16.0] [cxt 0] Action entry is NoAction - 
[02:45:22.128] [bmv2] [T] [thread 160935] [16.0] [cxt 0] Action NoAction
[02:45:22.128] [bmv2] [D] [thread 160935] [16.0] [cxt 0] Pipeline 'ingress': end
[02:45:22.128] [bmv2] [D] [thread 160935] [16.0] [cxt 0] Egress port is 0
[02:45:22.128] [bmv2] [D] [thread 160936] [16.0] [cxt 0] Pipeline 'egress': start
[02:45:22.128] [bmv2] [T] [thread 160936] [16.0] [cxt 0] Applying table 'MyEgress.egress_encap_ipv6'
[02:45:22.128] [bmv2] [D] [thread 160936] [16.0] [cxt 0] Looking up key:
* standard_metadata.egress_port: 0000

[02:45:22.128] [bmv2] [D] [thread 160936] [16.0] [cxt 0] Table 'MyEgress.egress_encap_ipv6': miss
[02:45:22.128] [bmv2] [D] [thread 160936] [16.0] [cxt 0] Action entry is NoAction - 
[02:45:22.128] [bmv2] [T] [thread 160936] [16.0] [cxt 0] Action NoAction
[02:45:22.128] [bmv2] [T] [thread 160936] [16.0] [cxt 0] Applying table 'MyEgress.egress_encap_yequdesu'
[02:45:22.128] [bmv2] [D] [thread 160936] [16.0] [cxt 0] Looking up key:
* standard_metadata.egress_port: 0000

[02:45:22.128] [bmv2] [D] [thread 160936] [16.0] [cxt 0] Table 'MyEgress.egress_encap_yequdesu': miss
[02:45:22.128] [bmv2] [D] [thread 160936] [16.0] [cxt 0] Action entry is NoAction - 
[02:45:22.128] [bmv2] [T] [thread 160936] [16.0] [cxt 0] Action NoAction
[02:45:22.128] [bmv2] [T] [thread 160936] [16.0] [cxt 0] Applying table 'MyEgress.egress_encap_vxlan'
[02:45:22.128] [bmv2] [D] [thread 160936] [16.0] [cxt 0] Looking up key:
* standard_metadata.egress_port: 0000

[02:45:22.128] [bmv2] [D] [thread 160936] [16.0] [cxt 0] Table 'MyEgress.egress_encap_vxlan': miss
[02:45:22.128] [bmv2] [D] [thread 160936] [16.0] [cxt 0] Action entry is NoAction - 
[02:45:22.128] [bmv2] [T] [thread 160936] [16.0] [cxt 0] Action NoAction
[02:45:22.128] [bmv2] [D] [thread 160936] [16.0] [cxt 0] Pipeline 'egress': end
[02:45:22.128] [bmv2] [D] [thread 160936] [16.0] [cxt 0] Deparser 'deparser': start
[02:45:22.128] [bmv2] [T] [thread 160936] [16.0] [cxt 0] Skipping checksum 'cksum' update because condition not met
[02:45:22.128] [bmv2] [D] [thread 160936] [16.0] [cxt 0] Deparsing header 'ethernet'
[02:45:22.128] [bmv2] [D] [thread 160936] [16.0] [cxt 0] Deparsing header 'ipv6'
[02:45:22.128] [bmv2] [D] [thread 160936] [16.0] [cxt 0] Deparser 'deparser': end
[02:45:22.129] [bmv2] [D] [thread 160940] [16.0] [cxt 0] Transmitting packet of size 203 out of port 0
[02:45:25.645] [bmv2] [D] [thread 160935] [17.0] [cxt 0] Processing packet received on port 2
[02:45:25.645] [bmv2] [D] [thread 160935] [17.0] [cxt 0] Parser 'parser': start
[02:45:25.645] [bmv2] [D] [thread 160935] [17.0] [cxt 0] Parser 'parser' entering state 'start'
[02:45:25.645] [bmv2] [D] [thread 160935] [17.0] [cxt 0] Extracting header 'ethernet'
[02:45:25.645] [bmv2] [D] [thread 160935] [17.0] [cxt 0] Parser state 'start': key is 86dd
[02:45:25.645] [bmv2] [T] [thread 160935] [17.0] [cxt 0] Bytes parsed: 14
[02:45:25.645] [bmv2] [D] [thread 160935] [17.0] [cxt 0] Parser 'parser' entering state 'parse_ipv6'
[02:45:25.645] [bmv2] [D] [thread 160935] [17.0] [cxt 0] Extracting header 'ipv6'
[02:45:25.645] [bmv2] [D] [thread 160935] [17.0] [cxt 0] Parser state 'parse_ipv6': key is 3a
[02:45:25.645] [bmv2] [T] [thread 160935] [17.0] [cxt 0] Bytes parsed: 54
[02:45:25.645] [bmv2] [D] [thread 160935] [17.0] [cxt 0] Parser 'parser': end
[02:45:25.645] [bmv2] [D] [thread 160935] [17.0] [cxt 0] Pipeline 'ingress': start
[02:45:25.645] [bmv2] [T] [thread 160935] [17.0] [cxt 0] basic.p4(565) Condition "hdr.ethernet.etherType == TYPE_ARP" (node_2) is false
[02:45:25.645] [bmv2] [T] [thread 160935] [17.0] [cxt 0] basic.p4(568) Condition "hdr.ethernet.etherType == TYPE_SRCROUTING" (node_4) is false
[02:45:25.645] [bmv2] [T] [thread 160935] [17.0] [cxt 0] basic.p4(581) Condition "hdr.ethernet.etherType == TYPE_YEQUDESU" (node_12) is false
[02:45:25.645] [bmv2] [T] [thread 160935] [17.0] [cxt 0] basic.p4(587) Condition "hdr.vxlan.isValid()" (node_15) is false
[02:45:25.645] [bmv2] [T] [thread 160935] [17.0] [cxt 0] basic.p4(591) Condition "hdr.ipv6.isValid()" (node_17) is true
[02:45:25.645] [bmv2] [T] [thread 160935] [17.0] [cxt 0] Applying table 'MyIngress.ipv6_lpm'
[02:45:25.645] [bmv2] [D] [thread 160935] [17.0] [cxt 0] Looking up key:
* hdr.ipv6.dstAddr    : ff020000000000000000000000000002

[02:45:25.645] [bmv2] [D] [thread 160935] [17.0] [cxt 0] Table 'MyIngress.ipv6_lpm': miss
[02:45:25.645] [bmv2] [D] [thread 160935] [17.0] [cxt 0] Action entry is NoAction - 
[02:45:25.645] [bmv2] [T] [thread 160935] [17.0] [cxt 0] Action NoAction
[02:45:25.645] [bmv2] [D] [thread 160935] [17.0] [cxt 0] Pipeline 'ingress': end
[02:45:25.645] [bmv2] [D] [thread 160935] [17.0] [cxt 0] Egress port is 0
[02:45:25.645] [bmv2] [D] [thread 160936] [17.0] [cxt 0] Pipeline 'egress': start
[02:45:25.645] [bmv2] [T] [thread 160936] [17.0] [cxt 0] Applying table 'MyEgress.egress_encap_ipv6'
[02:45:25.645] [bmv2] [D] [thread 160936] [17.0] [cxt 0] Looking up key:
* standard_metadata.egress_port: 0000

[02:45:25.645] [bmv2] [D] [thread 160936] [17.0] [cxt 0] Table 'MyEgress.egress_encap_ipv6': miss
[02:45:25.645] [bmv2] [D] [thread 160936] [17.0] [cxt 0] Action entry is NoAction - 
[02:45:25.645] [bmv2] [T] [thread 160936] [17.0] [cxt 0] Action NoAction
[02:45:25.645] [bmv2] [T] [thread 160936] [17.0] [cxt 0] Applying table 'MyEgress.egress_encap_yequdesu'
[02:45:25.646] [bmv2] [D] [thread 160936] [17.0] [cxt 0] Looking up key:
* standard_metadata.egress_port: 0000

[02:45:25.646] [bmv2] [D] [thread 160936] [17.0] [cxt 0] Table 'MyEgress.egress_encap_yequdesu': miss
[02:45:25.646] [bmv2] [D] [thread 160936] [17.0] [cxt 0] Action entry is NoAction - 
[02:45:25.646] [bmv2] [T] [thread 160936] [17.0] [cxt 0] Action NoAction
[02:45:25.646] [bmv2] [T] [thread 160936] [17.0] [cxt 0] Applying table 'MyEgress.egress_encap_vxlan'
[02:45:25.646] [bmv2] [D] [thread 160936] [17.0] [cxt 0] Looking up key:
* standard_metadata.egress_port: 0000

[02:45:25.646] [bmv2] [D] [thread 160936] [17.0] [cxt 0] Table 'MyEgress.egress_encap_vxlan': miss
[02:45:25.646] [bmv2] [D] [thread 160936] [17.0] [cxt 0] Action entry is NoAction - 
[02:45:25.646] [bmv2] [T] [thread 160936] [17.0] [cxt 0] Action NoAction
[02:45:25.646] [bmv2] [D] [thread 160936] [17.0] [cxt 0] Pipeline 'egress': end
[02:45:25.646] [bmv2] [D] [thread 160936] [17.0] [cxt 0] Deparser 'deparser': start
[02:45:25.646] [bmv2] [T] [thread 160936] [17.0] [cxt 0] Skipping checksum 'cksum' update because condition not met
[02:45:25.646] [bmv2] [D] [thread 160936] [17.0] [cxt 0] Deparsing header 'ethernet'
[02:45:25.646] [bmv2] [D] [thread 160936] [17.0] [cxt 0] Deparsing header 'ipv6'
[02:45:25.646] [bmv2] [D] [thread 160936] [17.0] [cxt 0] Deparser 'deparser': end
[02:45:25.646] [bmv2] [D] [thread 160940] [17.0] [cxt 0] Transmitting packet of size 70 out of port 0
[02:45:26.159] [bmv2] [D] [thread 160935] [18.0] [cxt 0] Processing packet received on port 2
[02:45:26.159] [bmv2] [D] [thread 160935] [18.0] [cxt 0] Parser 'parser': start
[02:45:26.159] [bmv2] [D] [thread 160935] [18.0] [cxt 0] Parser 'parser' entering state 'start'
[02:45:26.159] [bmv2] [D] [thread 160935] [18.0] [cxt 0] Extracting header 'ethernet'
[02:45:26.159] [bmv2] [D] [thread 160935] [18.0] [cxt 0] Parser state 'start': key is 86dd
[02:45:26.159] [bmv2] [T] [thread 160935] [18.0] [cxt 0] Bytes parsed: 14
[02:45:26.159] [bmv2] [D] [thread 160935] [18.0] [cxt 0] Parser 'parser' entering state 'parse_ipv6'
[02:45:26.159] [bmv2] [D] [thread 160935] [18.0] [cxt 0] Extracting header 'ipv6'
[02:45:26.159] [bmv2] [D] [thread 160935] [18.0] [cxt 0] Parser state 'parse_ipv6': key is 3a
[02:45:26.159] [bmv2] [T] [thread 160935] [18.0] [cxt 0] Bytes parsed: 54
[02:45:26.159] [bmv2] [D] [thread 160935] [18.0] [cxt 0] Parser 'parser': end
[02:45:26.159] [bmv2] [D] [thread 160935] [18.0] [cxt 0] Pipeline 'ingress': start
[02:45:26.159] [bmv2] [T] [thread 160935] [18.0] [cxt 0] basic.p4(565) Condition "hdr.ethernet.etherType == TYPE_ARP" (node_2) is false
[02:45:26.159] [bmv2] [T] [thread 160935] [18.0] [cxt 0] basic.p4(568) Condition "hdr.ethernet.etherType == TYPE_SRCROUTING" (node_4) is false
[02:45:26.159] [bmv2] [T] [thread 160935] [18.0] [cxt 0] basic.p4(581) Condition "hdr.ethernet.etherType == TYPE_YEQUDESU" (node_12) is false
[02:45:26.159] [bmv2] [T] [thread 160935] [18.0] [cxt 0] basic.p4(587) Condition "hdr.vxlan.isValid()" (node_15) is false
[02:45:26.159] [bmv2] [T] [thread 160935] [18.0] [cxt 0] basic.p4(591) Condition "hdr.ipv6.isValid()" (node_17) is true
[02:45:26.159] [bmv2] [T] [thread 160935] [18.0] [cxt 0] Applying table 'MyIngress.ipv6_lpm'
[02:45:26.159] [bmv2] [D] [thread 160935] [18.0] [cxt 0] Looking up key:
* hdr.ipv6.dstAddr    : ff020000000000000000000000000002

[02:45:26.159] [bmv2] [D] [thread 160935] [18.0] [cxt 0] Table 'MyIngress.ipv6_lpm': miss
[02:45:26.159] [bmv2] [D] [thread 160935] [18.0] [cxt 0] Action entry is NoAction - 
[02:45:26.159] [bmv2] [T] [thread 160935] [18.0] [cxt 0] Action NoAction
[02:45:26.159] [bmv2] [D] [thread 160935] [18.0] [cxt 0] Pipeline 'ingress': end
[02:45:26.159] [bmv2] [D] [thread 160935] [18.0] [cxt 0] Egress port is 0
[02:45:26.159] [bmv2] [D] [thread 160936] [18.0] [cxt 0] Pipeline 'egress': start
[02:45:26.159] [bmv2] [T] [thread 160936] [18.0] [cxt 0] Applying table 'MyEgress.egress_encap_ipv6'
[02:45:26.159] [bmv2] [D] [thread 160936] [18.0] [cxt 0] Looking up key:
* standard_metadata.egress_port: 0000

[02:45:26.159] [bmv2] [D] [thread 160936] [18.0] [cxt 0] Table 'MyEgress.egress_encap_ipv6': miss
[02:45:26.159] [bmv2] [D] [thread 160936] [18.0] [cxt 0] Action entry is NoAction - 
[02:45:26.159] [bmv2] [T] [thread 160936] [18.0] [cxt 0] Action NoAction
[02:45:26.159] [bmv2] [T] [thread 160936] [18.0] [cxt 0] Applying table 'MyEgress.egress_encap_yequdesu'
[02:45:26.159] [bmv2] [D] [thread 160936] [18.0] [cxt 0] Looking up key:
* standard_metadata.egress_port: 0000

[02:45:26.159] [bmv2] [D] [thread 160936] [18.0] [cxt 0] Table 'MyEgress.egress_encap_yequdesu': miss
[02:45:26.159] [bmv2] [D] [thread 160936] [18.0] [cxt 0] Action entry is NoAction - 
[02:45:26.159] [bmv2] [T] [thread 160936] [18.0] [cxt 0] Action NoAction
[02:45:26.159] [bmv2] [T] [thread 160936] [18.0] [cxt 0] Applying table 'MyEgress.egress_encap_vxlan'
[02:45:26.159] [bmv2] [D] [thread 160936] [18.0] [cxt 0] Looking up key:
* standard_metadata.egress_port: 0000

[02:45:26.159] [bmv2] [D] [thread 160936] [18.0] [cxt 0] Table 'MyEgress.egress_encap_vxlan': miss
[02:45:26.159] [bmv2] [D] [thread 160936] [18.0] [cxt 0] Action entry is NoAction - 
[02:45:26.159] [bmv2] [T] [thread 160936] [18.0] [cxt 0] Action NoAction
[02:45:26.159] [bmv2] [D] [thread 160936] [18.0] [cxt 0] Pipeline 'egress': end
[02:45:26.159] [bmv2] [D] [thread 160936] [18.0] [cxt 0] Deparser 'deparser': start
[02:45:26.159] [bmv2] [T] [thread 160936] [18.0] [cxt 0] Skipping checksum 'cksum' update because condition not met
[02:45:26.159] [bmv2] [D] [thread 160936] [18.0] [cxt 0] Deparsing header 'ethernet'
[02:45:26.159] [bmv2] [D] [thread 160936] [18.0] [cxt 0] Deparsing header 'ipv6'
[02:45:26.159] [bmv2] [D] [thread 160936] [18.0] [cxt 0] Deparser 'deparser': end
[02:45:26.160] [bmv2] [D] [thread 160940] [18.0] [cxt 0] Transmitting packet of size 70 out of port 0
[02:45:27.182] [bmv2] [D] [thread 160935] [19.0] [cxt 0] Processing packet received on port 1
[02:45:27.182] [bmv2] [D] [thread 160935] [19.0] [cxt 0] Parser 'parser': start
[02:45:27.182] [bmv2] [D] [thread 160935] [19.0] [cxt 0] Parser 'parser' entering state 'start'
[02:45:27.182] [bmv2] [D] [thread 160935] [19.0] [cxt 0] Extracting header 'ethernet'
[02:45:27.182] [bmv2] [D] [thread 160935] [19.0] [cxt 0] Parser state 'start': key is 86dd
[02:45:27.182] [bmv2] [T] [thread 160935] [19.0] [cxt 0] Bytes parsed: 14
[02:45:27.182] [bmv2] [D] [thread 160935] [19.0] [cxt 0] Parser 'parser' entering state 'parse_ipv6'
[02:45:27.182] [bmv2] [D] [thread 160935] [19.0] [cxt 0] Extracting header 'ipv6'
[02:45:27.182] [bmv2] [D] [thread 160935] [19.0] [cxt 0] Parser state 'parse_ipv6': key is 3a
[02:45:27.182] [bmv2] [T] [thread 160935] [19.0] [cxt 0] Bytes parsed: 54
[02:45:27.182] [bmv2] [D] [thread 160935] [19.0] [cxt 0] Parser 'parser': end
[02:45:27.182] [bmv2] [D] [thread 160935] [19.0] [cxt 0] Pipeline 'ingress': start
[02:45:27.182] [bmv2] [T] [thread 160935] [19.0] [cxt 0] basic.p4(565) Condition "hdr.ethernet.etherType == TYPE_ARP" (node_2) is false
[02:45:27.182] [bmv2] [T] [thread 160935] [19.0] [cxt 0] basic.p4(568) Condition "hdr.ethernet.etherType == TYPE_SRCROUTING" (node_4) is false
[02:45:27.182] [bmv2] [T] [thread 160935] [19.0] [cxt 0] basic.p4(581) Condition "hdr.ethernet.etherType == TYPE_YEQUDESU" (node_12) is false
[02:45:27.182] [bmv2] [T] [thread 160935] [19.0] [cxt 0] basic.p4(587) Condition "hdr.vxlan.isValid()" (node_15) is false
[02:45:27.182] [bmv2] [T] [thread 160935] [19.0] [cxt 0] basic.p4(591) Condition "hdr.ipv6.isValid()" (node_17) is true
[02:45:27.182] [bmv2] [T] [thread 160935] [19.0] [cxt 0] Applying table 'MyIngress.ipv6_lpm'
[02:45:27.182] [bmv2] [D] [thread 160935] [19.0] [cxt 0] Looking up key:
* hdr.ipv6.dstAddr    : ff020000000000000000000000000002

[02:45:27.182] [bmv2] [D] [thread 160935] [19.0] [cxt 0] Table 'MyIngress.ipv6_lpm': miss
[02:45:27.182] [bmv2] [D] [thread 160935] [19.0] [cxt 0] Action entry is NoAction - 
[02:45:27.182] [bmv2] [T] [thread 160935] [19.0] [cxt 0] Action NoAction
[02:45:27.182] [bmv2] [D] [thread 160935] [19.0] [cxt 0] Pipeline 'ingress': end
[02:45:27.182] [bmv2] [D] [thread 160935] [19.0] [cxt 0] Egress port is 0
[02:45:27.182] [bmv2] [D] [thread 160936] [19.0] [cxt 0] Pipeline 'egress': start
[02:45:27.182] [bmv2] [T] [thread 160936] [19.0] [cxt 0] Applying table 'MyEgress.egress_encap_ipv6'
[02:45:27.182] [bmv2] [D] [thread 160936] [19.0] [cxt 0] Looking up key:
* standard_metadata.egress_port: 0000

[02:45:27.182] [bmv2] [D] [thread 160936] [19.0] [cxt 0] Table 'MyEgress.egress_encap_ipv6': miss
[02:45:27.182] [bmv2] [D] [thread 160936] [19.0] [cxt 0] Action entry is NoAction - 
[02:45:27.182] [bmv2] [T] [thread 160936] [19.0] [cxt 0] Action NoAction
[02:45:27.182] [bmv2] [T] [thread 160936] [19.0] [cxt 0] Applying table 'MyEgress.egress_encap_yequdesu'
[02:45:27.182] [bmv2] [D] [thread 160936] [19.0] [cxt 0] Looking up key:
* standard_metadata.egress_port: 0000

[02:45:27.182] [bmv2] [D] [thread 160936] [19.0] [cxt 0] Table 'MyEgress.egress_encap_yequdesu': miss
[02:45:27.182] [bmv2] [D] [thread 160936] [19.0] [cxt 0] Action entry is NoAction - 
[02:45:27.182] [bmv2] [T] [thread 160936] [19.0] [cxt 0] Action NoAction
[02:45:27.182] [bmv2] [T] [thread 160936] [19.0] [cxt 0] Applying table 'MyEgress.egress_encap_vxlan'
[02:45:27.182] [bmv2] [D] [thread 160936] [19.0] [cxt 0] Looking up key:
* standard_metadata.egress_port: 0000

[02:45:27.182] [bmv2] [D] [thread 160936] [19.0] [cxt 0] Table 'MyEgress.egress_encap_vxlan': miss
[02:45:27.182] [bmv2] [D] [thread 160936] [19.0] [cxt 0] Action entry is NoAction - 
[02:45:27.182] [bmv2] [T] [thread 160936] [19.0] [cxt 0] Action NoAction
[02:45:27.182] [bmv2] [D] [thread 160936] [19.0] [cxt 0] Pipeline 'egress': end
[02:45:27.182] [bmv2] [D] [thread 160936] [19.0] [cxt 0] Deparser 'deparser': start
[02:45:27.182] [bmv2] [T] [thread 160936] [19.0] [cxt 0] Skipping checksum 'cksum' update because condition not met
[02:45:27.182] [bmv2] [D] [thread 160936] [19.0] [cxt 0] Deparsing header 'ethernet'
[02:45:27.182] [bmv2] [D] [thread 160936] [19.0] [cxt 0] Deparsing header 'ipv6'
[02:45:27.183] [bmv2] [D] [thread 160936] [19.0] [cxt 0] Deparser 'deparser': end
[02:45:27.183] [bmv2] [D] [thread 160940] [19.0] [cxt 0] Transmitting packet of size 70 out of port 0
[02:45:27.694] [bmv2] [D] [thread 160935] [20.0] [cxt 0] Processing packet received on port 1
[02:45:27.694] [bmv2] [D] [thread 160935] [20.0] [cxt 0] Parser 'parser': start
[02:45:27.694] [bmv2] [D] [thread 160935] [20.0] [cxt 0] Parser 'parser' entering state 'start'
[02:45:27.694] [bmv2] [D] [thread 160935] [20.0] [cxt 0] Extracting header 'ethernet'
[02:45:27.694] [bmv2] [D] [thread 160935] [20.0] [cxt 0] Parser state 'start': key is 86dd
[02:45:27.694] [bmv2] [T] [thread 160935] [20.0] [cxt 0] Bytes parsed: 14
[02:45:27.694] [bmv2] [D] [thread 160935] [20.0] [cxt 0] Parser 'parser' entering state 'parse_ipv6'
[02:45:27.694] [bmv2] [D] [thread 160935] [20.0] [cxt 0] Extracting header 'ipv6'
[02:45:27.694] [bmv2] [D] [thread 160935] [20.0] [cxt 0] Parser state 'parse_ipv6': key is 3a
[02:45:27.694] [bmv2] [T] [thread 160935] [20.0] [cxt 0] Bytes parsed: 54
[02:45:27.694] [bmv2] [D] [thread 160935] [20.0] [cxt 0] Parser 'parser': end
[02:45:27.694] [bmv2] [D] [thread 160935] [20.0] [cxt 0] Pipeline 'ingress': start
[02:45:27.694] [bmv2] [T] [thread 160935] [20.0] [cxt 0] basic.p4(565) Condition "hdr.ethernet.etherType == TYPE_ARP" (node_2) is false
[02:45:27.694] [bmv2] [T] [thread 160935] [20.0] [cxt 0] basic.p4(568) Condition "hdr.ethernet.etherType == TYPE_SRCROUTING" (node_4) is false
[02:45:27.694] [bmv2] [T] [thread 160935] [20.0] [cxt 0] basic.p4(581) Condition "hdr.ethernet.etherType == TYPE_YEQUDESU" (node_12) is false
[02:45:27.694] [bmv2] [T] [thread 160935] [20.0] [cxt 0] basic.p4(587) Condition "hdr.vxlan.isValid()" (node_15) is false
[02:45:27.694] [bmv2] [T] [thread 160935] [20.0] [cxt 0] basic.p4(591) Condition "hdr.ipv6.isValid()" (node_17) is true
[02:45:27.694] [bmv2] [T] [thread 160935] [20.0] [cxt 0] Applying table 'MyIngress.ipv6_lpm'
[02:45:27.694] [bmv2] [D] [thread 160935] [20.0] [cxt 0] Looking up key:
* hdr.ipv6.dstAddr    : ff020000000000000000000000000002

[02:45:27.694] [bmv2] [D] [thread 160935] [20.0] [cxt 0] Table 'MyIngress.ipv6_lpm': miss
[02:45:27.694] [bmv2] [D] [thread 160935] [20.0] [cxt 0] Action entry is NoAction - 
[02:45:27.694] [bmv2] [T] [thread 160935] [20.0] [cxt 0] Action NoAction
[02:45:27.694] [bmv2] [D] [thread 160935] [20.0] [cxt 0] Pipeline 'ingress': end
[02:45:27.694] [bmv2] [D] [thread 160935] [20.0] [cxt 0] Egress port is 0
[02:45:27.694] [bmv2] [D] [thread 160936] [20.0] [cxt 0] Pipeline 'egress': start
[02:45:27.694] [bmv2] [T] [thread 160936] [20.0] [cxt 0] Applying table 'MyEgress.egress_encap_ipv6'
[02:45:27.694] [bmv2] [D] [thread 160936] [20.0] [cxt 0] Looking up key:
* standard_metadata.egress_port: 0000

[02:45:27.694] [bmv2] [D] [thread 160936] [20.0] [cxt 0] Table 'MyEgress.egress_encap_ipv6': miss
[02:45:27.694] [bmv2] [D] [thread 160936] [20.0] [cxt 0] Action entry is NoAction - 
[02:45:27.694] [bmv2] [T] [thread 160936] [20.0] [cxt 0] Action NoAction
[02:45:27.694] [bmv2] [T] [thread 160936] [20.0] [cxt 0] Applying table 'MyEgress.egress_encap_yequdesu'
[02:45:27.694] [bmv2] [D] [thread 160936] [20.0] [cxt 0] Looking up key:
* standard_metadata.egress_port: 0000

[02:45:27.694] [bmv2] [D] [thread 160936] [20.0] [cxt 0] Table 'MyEgress.egress_encap_yequdesu': miss
[02:45:27.694] [bmv2] [D] [thread 160936] [20.0] [cxt 0] Action entry is NoAction - 
[02:45:27.694] [bmv2] [T] [thread 160936] [20.0] [cxt 0] Action NoAction
[02:45:27.694] [bmv2] [T] [thread 160936] [20.0] [cxt 0] Applying table 'MyEgress.egress_encap_vxlan'
[02:45:27.694] [bmv2] [D] [thread 160936] [20.0] [cxt 0] Looking up key:
* standard_metadata.egress_port: 0000

[02:45:27.694] [bmv2] [D] [thread 160936] [20.0] [cxt 0] Table 'MyEgress.egress_encap_vxlan': miss
[02:45:27.694] [bmv2] [D] [thread 160936] [20.0] [cxt 0] Action entry is NoAction - 
[02:45:27.694] [bmv2] [T] [thread 160936] [20.0] [cxt 0] Action NoAction
[02:45:27.694] [bmv2] [D] [thread 160936] [20.0] [cxt 0] Pipeline 'egress': end
[02:45:27.694] [bmv2] [D] [thread 160936] [20.0] [cxt 0] Deparser 'deparser': start
[02:45:27.694] [bmv2] [T] [thread 160936] [20.0] [cxt 0] Skipping checksum 'cksum' update because condition not met
[02:45:27.694] [bmv2] [D] [thread 160936] [20.0] [cxt 0] Deparsing header 'ethernet'
[02:45:27.694] [bmv2] [D] [thread 160936] [20.0] [cxt 0] Deparsing header 'ipv6'
[02:45:27.694] [bmv2] [D] [thread 160936] [20.0] [cxt 0] Deparser 'deparser': end
[02:45:27.694] [bmv2] [D] [thread 160940] [20.0] [cxt 0] Transmitting packet of size 70 out of port 0
[02:45:29.679] [bmv2] [D] [thread 160935] [21.0] [cxt 0] Processing packet received on port 2
[02:45:29.679] [bmv2] [D] [thread 160935] [21.0] [cxt 0] Parser 'parser': start
[02:45:29.679] [bmv2] [D] [thread 160935] [21.0] [cxt 0] Parser 'parser' entering state 'start'
[02:45:29.679] [bmv2] [D] [thread 160935] [21.0] [cxt 0] Extracting header 'ethernet'
[02:45:29.679] [bmv2] [D] [thread 160935] [21.0] [cxt 0] Parser state 'start': key is 86dd
[02:45:29.679] [bmv2] [T] [thread 160935] [21.0] [cxt 0] Bytes parsed: 14
[02:45:29.679] [bmv2] [D] [thread 160935] [21.0] [cxt 0] Parser 'parser' entering state 'parse_ipv6'
[02:45:29.679] [bmv2] [D] [thread 160935] [21.0] [cxt 0] Extracting header 'ipv6'
[02:45:29.679] [bmv2] [D] [thread 160935] [21.0] [cxt 0] Parser state 'parse_ipv6': key is 11
[02:45:29.679] [bmv2] [T] [thread 160935] [21.0] [cxt 0] Bytes parsed: 54
[02:45:29.679] [bmv2] [D] [thread 160935] [21.0] [cxt 0] Parser 'parser': end
[02:45:29.679] [bmv2] [D] [thread 160935] [21.0] [cxt 0] Pipeline 'ingress': start
[02:45:29.679] [bmv2] [T] [thread 160935] [21.0] [cxt 0] basic.p4(565) Condition "hdr.ethernet.etherType == TYPE_ARP" (node_2) is false
[02:45:29.679] [bmv2] [T] [thread 160935] [21.0] [cxt 0] basic.p4(568) Condition "hdr.ethernet.etherType == TYPE_SRCROUTING" (node_4) is false
[02:45:29.679] [bmv2] [T] [thread 160935] [21.0] [cxt 0] basic.p4(581) Condition "hdr.ethernet.etherType == TYPE_YEQUDESU" (node_12) is false
[02:45:29.679] [bmv2] [T] [thread 160935] [21.0] [cxt 0] basic.p4(587) Condition "hdr.vxlan.isValid()" (node_15) is false
[02:45:29.679] [bmv2] [T] [thread 160935] [21.0] [cxt 0] basic.p4(591) Condition "hdr.ipv6.isValid()" (node_17) is true
[02:45:29.679] [bmv2] [T] [thread 160935] [21.0] [cxt 0] Applying table 'MyIngress.ipv6_lpm'
[02:45:29.679] [bmv2] [D] [thread 160935] [21.0] [cxt 0] Looking up key:
* hdr.ipv6.dstAddr    : ff0200000000000000000000000000fb

[02:45:29.679] [bmv2] [D] [thread 160935] [21.0] [cxt 0] Table 'MyIngress.ipv6_lpm': miss
[02:45:29.679] [bmv2] [D] [thread 160935] [21.0] [cxt 0] Action entry is NoAction - 
[02:45:29.679] [bmv2] [T] [thread 160935] [21.0] [cxt 0] Action NoAction
[02:45:29.679] [bmv2] [D] [thread 160935] [21.0] [cxt 0] Pipeline 'ingress': end
[02:45:29.679] [bmv2] [D] [thread 160935] [21.0] [cxt 0] Egress port is 0
[02:45:29.679] [bmv2] [D] [thread 160935] [22.0] [cxt 0] Processing packet received on port 1
[02:45:29.679] [bmv2] [D] [thread 160935] [22.0] [cxt 0] Parser 'parser': start
[02:45:29.679] [bmv2] [D] [thread 160935] [22.0] [cxt 0] Parser 'parser' entering state 'start'
[02:45:29.679] [bmv2] [D] [thread 160935] [22.0] [cxt 0] Extracting header 'ethernet'
[02:45:29.679] [bmv2] [D] [thread 160935] [22.0] [cxt 0] Parser state 'start': key is 86dd
[02:45:29.679] [bmv2] [T] [thread 160935] [22.0] [cxt 0] Bytes parsed: 14
[02:45:29.679] [bmv2] [D] [thread 160935] [22.0] [cxt 0] Parser 'parser' entering state 'parse_ipv6'
[02:45:29.679] [bmv2] [D] [thread 160935] [22.0] [cxt 0] Extracting header 'ipv6'
[02:45:29.679] [bmv2] [D] [thread 160935] [22.0] [cxt 0] Parser state 'parse_ipv6': key is 11
[02:45:29.679] [bmv2] [T] [thread 160935] [22.0] [cxt 0] Bytes parsed: 54
[02:45:29.679] [bmv2] [D] [thread 160935] [22.0] [cxt 0] Parser 'parser': end
[02:45:29.679] [bmv2] [D] [thread 160935] [22.0] [cxt 0] Pipeline 'ingress': start
[02:45:29.679] [bmv2] [T] [thread 160935] [22.0] [cxt 0] basic.p4(565) Condition "hdr.ethernet.etherType == TYPE_ARP" (node_2) is false
[02:45:29.679] [bmv2] [T] [thread 160935] [22.0] [cxt 0] basic.p4(568) Condition "hdr.ethernet.etherType == TYPE_SRCROUTING" (node_4) is false
[02:45:29.679] [bmv2] [T] [thread 160935] [22.0] [cxt 0] basic.p4(581) Condition "hdr.ethernet.etherType == TYPE_YEQUDESU" (node_12) is false
[02:45:29.679] [bmv2] [T] [thread 160935] [22.0] [cxt 0] basic.p4(587) Condition "hdr.vxlan.isValid()" (node_15) is false
[02:45:29.679] [bmv2] [T] [thread 160935] [22.0] [cxt 0] basic.p4(591) Condition "hdr.ipv6.isValid()" (node_17) is true
[02:45:29.679] [bmv2] [T] [thread 160935] [22.0] [cxt 0] Applying table 'MyIngress.ipv6_lpm'
[02:45:29.679] [bmv2] [D] [thread 160935] [22.0] [cxt 0] Looking up key:
* hdr.ipv6.dstAddr    : ff0200000000000000000000000000fb

[02:45:29.679] [bmv2] [D] [thread 160935] [22.0] [cxt 0] Table 'MyIngress.ipv6_lpm': miss
[02:45:29.679] [bmv2] [D] [thread 160935] [22.0] [cxt 0] Action entry is NoAction - 
[02:45:29.679] [bmv2] [T] [thread 160935] [22.0] [cxt 0] Action NoAction
[02:45:29.679] [bmv2] [D] [thread 160935] [22.0] [cxt 0] Pipeline 'ingress': end
[02:45:29.679] [bmv2] [D] [thread 160935] [22.0] [cxt 0] Egress port is 0
[02:45:29.679] [bmv2] [D] [thread 160936] [21.0] [cxt 0] Pipeline 'egress': start
[02:45:29.679] [bmv2] [T] [thread 160936] [21.0] [cxt 0] Applying table 'MyEgress.egress_encap_ipv6'
[02:45:29.679] [bmv2] [D] [thread 160936] [21.0] [cxt 0] Looking up key:
* standard_metadata.egress_port: 0000

[02:45:29.679] [bmv2] [D] [thread 160936] [21.0] [cxt 0] Table 'MyEgress.egress_encap_ipv6': miss
[02:45:29.679] [bmv2] [D] [thread 160936] [21.0] [cxt 0] Action entry is NoAction - 
[02:45:29.679] [bmv2] [T] [thread 160936] [21.0] [cxt 0] Action NoAction
[02:45:29.679] [bmv2] [T] [thread 160936] [21.0] [cxt 0] Applying table 'MyEgress.egress_encap_yequdesu'
[02:45:29.679] [bmv2] [D] [thread 160936] [21.0] [cxt 0] Looking up key:
* standard_metadata.egress_port: 0000

[02:45:29.679] [bmv2] [D] [thread 160936] [21.0] [cxt 0] Table 'MyEgress.egress_encap_yequdesu': miss
[02:45:29.679] [bmv2] [D] [thread 160936] [21.0] [cxt 0] Action entry is NoAction - 
[02:45:29.679] [bmv2] [T] [thread 160936] [21.0] [cxt 0] Action NoAction
[02:45:29.679] [bmv2] [T] [thread 160936] [21.0] [cxt 0] Applying table 'MyEgress.egress_encap_vxlan'
[02:45:29.679] [bmv2] [D] [thread 160936] [21.0] [cxt 0] Looking up key:
* standard_metadata.egress_port: 0000

[02:45:29.679] [bmv2] [D] [thread 160936] [21.0] [cxt 0] Table 'MyEgress.egress_encap_vxlan': miss
[02:45:29.679] [bmv2] [D] [thread 160936] [21.0] [cxt 0] Action entry is NoAction - 
[02:45:29.679] [bmv2] [T] [thread 160936] [21.0] [cxt 0] Action NoAction
[02:45:29.679] [bmv2] [D] [thread 160936] [21.0] [cxt 0] Pipeline 'egress': end
[02:45:29.679] [bmv2] [D] [thread 160936] [21.0] [cxt 0] Deparser 'deparser': start
[02:45:29.679] [bmv2] [T] [thread 160936] [21.0] [cxt 0] Skipping checksum 'cksum' update because condition not met
[02:45:29.679] [bmv2] [D] [thread 160936] [21.0] [cxt 0] Deparsing header 'ethernet'
[02:45:29.679] [bmv2] [D] [thread 160936] [21.0] [cxt 0] Deparsing header 'ipv6'
[02:45:29.679] [bmv2] [D] [thread 160936] [21.0] [cxt 0] Deparser 'deparser': end
[02:45:29.679] [bmv2] [D] [thread 160940] [21.0] [cxt 0] Transmitting packet of size 203 out of port 0
[02:45:29.679] [bmv2] [D] [thread 160936] [22.0] [cxt 0] Pipeline 'egress': start
[02:45:29.679] [bmv2] [T] [thread 160936] [22.0] [cxt 0] Applying table 'MyEgress.egress_encap_ipv6'
[02:45:29.679] [bmv2] [D] [thread 160936] [22.0] [cxt 0] Looking up key:
* standard_metadata.egress_port: 0000

[02:45:29.679] [bmv2] [D] [thread 160936] [22.0] [cxt 0] Table 'MyEgress.egress_encap_ipv6': miss
[02:45:29.679] [bmv2] [D] [thread 160936] [22.0] [cxt 0] Action entry is NoAction - 
[02:45:29.679] [bmv2] [T] [thread 160936] [22.0] [cxt 0] Action NoAction
[02:45:29.679] [bmv2] [T] [thread 160936] [22.0] [cxt 0] Applying table 'MyEgress.egress_encap_yequdesu'
[02:45:29.679] [bmv2] [D] [thread 160936] [22.0] [cxt 0] Looking up key:
* standard_metadata.egress_port: 0000

[02:45:29.679] [bmv2] [D] [thread 160936] [22.0] [cxt 0] Table 'MyEgress.egress_encap_yequdesu': miss
[02:45:29.679] [bmv2] [D] [thread 160936] [22.0] [cxt 0] Action entry is NoAction - 
[02:45:29.679] [bmv2] [T] [thread 160936] [22.0] [cxt 0] Action NoAction
[02:45:29.679] [bmv2] [T] [thread 160936] [22.0] [cxt 0] Applying table 'MyEgress.egress_encap_vxlan'
[02:45:29.679] [bmv2] [D] [thread 160936] [22.0] [cxt 0] Looking up key:
* standard_metadata.egress_port: 0000

[02:45:29.679] [bmv2] [D] [thread 160936] [22.0] [cxt 0] Table 'MyEgress.egress_encap_vxlan': miss
[02:45:29.679] [bmv2] [D] [thread 160936] [22.0] [cxt 0] Action entry is NoAction - 
[02:45:29.679] [bmv2] [T] [thread 160936] [22.0] [cxt 0] Action NoAction
[02:45:29.679] [bmv2] [D] [thread 160936] [22.0] [cxt 0] Pipeline 'egress': end
[02:45:29.679] [bmv2] [D] [thread 160936] [22.0] [cxt 0] Deparser 'deparser': start
[02:45:29.679] [bmv2] [T] [thread 160936] [22.0] [cxt 0] Skipping checksum 'cksum' update because condition not met
[02:45:29.679] [bmv2] [D] [thread 160936] [22.0] [cxt 0] Deparsing header 'ethernet'
[02:45:29.679] [bmv2] [D] [thread 160936] [22.0] [cxt 0] Deparsing header 'ipv6'
[02:45:29.679] [bmv2] [D] [thread 160936] [22.0] [cxt 0] Deparser 'deparser': end
[02:45:29.679] [bmv2] [D] [thread 160940] [22.0] [cxt 0] Transmitting packet of size 203 out of port 0
[02:45:30.000] [bmv2] [D] [thread 160935] [23.0] [cxt 0] Processing packet received on port 2
[02:45:30.000] [bmv2] [D] [thread 160935] [23.0] [cxt 0] Parser 'parser': start
[02:45:30.000] [bmv2] [D] [thread 160935] [23.0] [cxt 0] Parser 'parser' entering state 'start'
[02:45:30.000] [bmv2] [D] [thread 160935] [23.0] [cxt 0] Extracting header 'ethernet'
[02:45:30.000] [bmv2] [D] [thread 160935] [23.0] [cxt 0] Parser state 'start': key is 86dd
[02:45:30.000] [bmv2] [T] [thread 160935] [23.0] [cxt 0] Bytes parsed: 14
[02:45:30.000] [bmv2] [D] [thread 160935] [23.0] [cxt 0] Parser 'parser' entering state 'parse_ipv6'
[02:45:30.000] [bmv2] [D] [thread 160935] [23.0] [cxt 0] Extracting header 'ipv6'
[02:45:30.000] [bmv2] [D] [thread 160935] [23.0] [cxt 0] Parser state 'parse_ipv6': key is 11
[02:45:30.000] [bmv2] [T] [thread 160935] [23.0] [cxt 0] Bytes parsed: 54
[02:45:30.000] [bmv2] [D] [thread 160935] [23.0] [cxt 0] Parser 'parser': end
[02:45:30.000] [bmv2] [D] [thread 160935] [23.0] [cxt 0] Pipeline 'ingress': start
[02:45:30.000] [bmv2] [T] [thread 160935] [23.0] [cxt 0] basic.p4(565) Condition "hdr.ethernet.etherType == TYPE_ARP" (node_2) is false
[02:45:30.000] [bmv2] [T] [thread 160935] [23.0] [cxt 0] basic.p4(568) Condition "hdr.ethernet.etherType == TYPE_SRCROUTING" (node_4) is false
[02:45:30.000] [bmv2] [T] [thread 160935] [23.0] [cxt 0] basic.p4(581) Condition "hdr.ethernet.etherType == TYPE_YEQUDESU" (node_12) is false
[02:45:30.000] [bmv2] [T] [thread 160935] [23.0] [cxt 0] basic.p4(587) Condition "hdr.vxlan.isValid()" (node_15) is false
[02:45:30.000] [bmv2] [T] [thread 160935] [23.0] [cxt 0] basic.p4(591) Condition "hdr.ipv6.isValid()" (node_17) is true
[02:45:30.000] [bmv2] [T] [thread 160935] [23.0] [cxt 0] Applying table 'MyIngress.ipv6_lpm'
[02:45:30.000] [bmv2] [D] [thread 160935] [23.0] [cxt 0] Looking up key:
* hdr.ipv6.dstAddr    : ff0200000000000000000000000000fb

[02:45:30.000] [bmv2] [D] [thread 160935] [23.0] [cxt 0] Table 'MyIngress.ipv6_lpm': miss
[02:45:30.000] [bmv2] [D] [thread 160935] [23.0] [cxt 0] Action entry is NoAction - 
[02:45:30.000] [bmv2] [T] [thread 160935] [23.0] [cxt 0] Action NoAction
[02:45:30.000] [bmv2] [D] [thread 160935] [23.0] [cxt 0] Pipeline 'ingress': end
[02:45:30.000] [bmv2] [D] [thread 160935] [23.0] [cxt 0] Egress port is 0
[02:45:30.001] [bmv2] [D] [thread 160936] [23.0] [cxt 0] Pipeline 'egress': start
[02:45:30.001] [bmv2] [T] [thread 160936] [23.0] [cxt 0] Applying table 'MyEgress.egress_encap_ipv6'
[02:45:30.001] [bmv2] [D] [thread 160936] [23.0] [cxt 0] Looking up key:
* standard_metadata.egress_port: 0000

[02:45:30.001] [bmv2] [D] [thread 160936] [23.0] [cxt 0] Table 'MyEgress.egress_encap_ipv6': miss
[02:45:30.001] [bmv2] [D] [thread 160936] [23.0] [cxt 0] Action entry is NoAction - 
[02:45:30.001] [bmv2] [T] [thread 160936] [23.0] [cxt 0] Action NoAction
[02:45:30.001] [bmv2] [T] [thread 160936] [23.0] [cxt 0] Applying table 'MyEgress.egress_encap_yequdesu'
[02:45:30.001] [bmv2] [D] [thread 160936] [23.0] [cxt 0] Looking up key:
* standard_metadata.egress_port: 0000

[02:45:30.001] [bmv2] [D] [thread 160936] [23.0] [cxt 0] Table 'MyEgress.egress_encap_yequdesu': miss
[02:45:30.001] [bmv2] [D] [thread 160936] [23.0] [cxt 0] Action entry is NoAction - 
[02:45:30.001] [bmv2] [T] [thread 160936] [23.0] [cxt 0] Action NoAction
[02:45:30.001] [bmv2] [T] [thread 160936] [23.0] [cxt 0] Applying table 'MyEgress.egress_encap_vxlan'
[02:45:30.001] [bmv2] [D] [thread 160936] [23.0] [cxt 0] Looking up key:
* standard_metadata.egress_port: 0000

[02:45:30.001] [bmv2] [D] [thread 160936] [23.0] [cxt 0] Table 'MyEgress.egress_encap_vxlan': miss
[02:45:30.001] [bmv2] [D] [thread 160936] [23.0] [cxt 0] Action entry is NoAction - 
[02:45:30.001] [bmv2] [T] [thread 160936] [23.0] [cxt 0] Action NoAction
[02:45:30.001] [bmv2] [D] [thread 160936] [23.0] [cxt 0] Pipeline 'egress': end
[02:45:30.001] [bmv2] [D] [thread 160936] [23.0] [cxt 0] Deparser 'deparser': start
[02:45:30.001] [bmv2] [T] [thread 160936] [23.0] [cxt 0] Skipping checksum 'cksum' update because condition not met
[02:45:30.001] [bmv2] [D] [thread 160936] [23.0] [cxt 0] Deparsing header 'ethernet'
[02:45:30.001] [bmv2] [D] [thread 160936] [23.0] [cxt 0] Deparsing header 'ipv6'
[02:45:30.001] [bmv2] [D] [thread 160936] [23.0] [cxt 0] Deparser 'deparser': end
[02:45:30.001] [bmv2] [D] [thread 160940] [23.0] [cxt 0] Transmitting packet of size 203 out of port 0
[02:45:30.129] [bmv2] [D] [thread 160935] [24.0] [cxt 0] Processing packet received on port 1
[02:45:30.129] [bmv2] [D] [thread 160935] [24.0] [cxt 0] Parser 'parser': start
[02:45:30.129] [bmv2] [D] [thread 160935] [24.0] [cxt 0] Parser 'parser' entering state 'start'
[02:45:30.129] [bmv2] [D] [thread 160935] [24.0] [cxt 0] Extracting header 'ethernet'
[02:45:30.129] [bmv2] [D] [thread 160935] [24.0] [cxt 0] Parser state 'start': key is 86dd
[02:45:30.129] [bmv2] [T] [thread 160935] [24.0] [cxt 0] Bytes parsed: 14
[02:45:30.129] [bmv2] [D] [thread 160935] [24.0] [cxt 0] Parser 'parser' entering state 'parse_ipv6'
[02:45:30.129] [bmv2] [D] [thread 160935] [24.0] [cxt 0] Extracting header 'ipv6'
[02:45:30.129] [bmv2] [D] [thread 160935] [24.0] [cxt 0] Parser state 'parse_ipv6': key is 11
[02:45:30.129] [bmv2] [T] [thread 160935] [24.0] [cxt 0] Bytes parsed: 54
[02:45:30.129] [bmv2] [D] [thread 160935] [24.0] [cxt 0] Parser 'parser': end
[02:45:30.129] [bmv2] [D] [thread 160935] [24.0] [cxt 0] Pipeline 'ingress': start
[02:45:30.129] [bmv2] [T] [thread 160935] [24.0] [cxt 0] basic.p4(565) Condition "hdr.ethernet.etherType == TYPE_ARP" (node_2) is false
[02:45:30.129] [bmv2] [T] [thread 160935] [24.0] [cxt 0] basic.p4(568) Condition "hdr.ethernet.etherType == TYPE_SRCROUTING" (node_4) is false
[02:45:30.129] [bmv2] [T] [thread 160935] [24.0] [cxt 0] basic.p4(581) Condition "hdr.ethernet.etherType == TYPE_YEQUDESU" (node_12) is false
[02:45:30.129] [bmv2] [T] [thread 160935] [24.0] [cxt 0] basic.p4(587) Condition "hdr.vxlan.isValid()" (node_15) is false
[02:45:30.129] [bmv2] [T] [thread 160935] [24.0] [cxt 0] basic.p4(591) Condition "hdr.ipv6.isValid()" (node_17) is true
[02:45:30.129] [bmv2] [T] [thread 160935] [24.0] [cxt 0] Applying table 'MyIngress.ipv6_lpm'
[02:45:30.129] [bmv2] [D] [thread 160935] [24.0] [cxt 0] Looking up key:
* hdr.ipv6.dstAddr    : ff0200000000000000000000000000fb

[02:45:30.129] [bmv2] [D] [thread 160935] [24.0] [cxt 0] Table 'MyIngress.ipv6_lpm': miss
[02:45:30.129] [bmv2] [D] [thread 160935] [24.0] [cxt 0] Action entry is NoAction - 
[02:45:30.129] [bmv2] [T] [thread 160935] [24.0] [cxt 0] Action NoAction
[02:45:30.129] [bmv2] [D] [thread 160935] [24.0] [cxt 0] Pipeline 'ingress': end
[02:45:30.129] [bmv2] [D] [thread 160935] [24.0] [cxt 0] Egress port is 0
[02:45:30.129] [bmv2] [D] [thread 160936] [24.0] [cxt 0] Pipeline 'egress': start
[02:45:30.129] [bmv2] [T] [thread 160936] [24.0] [cxt 0] Applying table 'MyEgress.egress_encap_ipv6'
[02:45:30.129] [bmv2] [D] [thread 160936] [24.0] [cxt 0] Looking up key:
* standard_metadata.egress_port: 0000

[02:45:30.129] [bmv2] [D] [thread 160936] [24.0] [cxt 0] Table 'MyEgress.egress_encap_ipv6': miss
[02:45:30.129] [bmv2] [D] [thread 160936] [24.0] [cxt 0] Action entry is NoAction - 
[02:45:30.129] [bmv2] [T] [thread 160936] [24.0] [cxt 0] Action NoAction
[02:45:30.129] [bmv2] [T] [thread 160936] [24.0] [cxt 0] Applying table 'MyEgress.egress_encap_yequdesu'
[02:45:30.129] [bmv2] [D] [thread 160936] [24.0] [cxt 0] Looking up key:
* standard_metadata.egress_port: 0000

[02:45:30.129] [bmv2] [D] [thread 160936] [24.0] [cxt 0] Table 'MyEgress.egress_encap_yequdesu': miss
[02:45:30.129] [bmv2] [D] [thread 160936] [24.0] [cxt 0] Action entry is NoAction - 
[02:45:30.129] [bmv2] [T] [thread 160936] [24.0] [cxt 0] Action NoAction
[02:45:30.129] [bmv2] [T] [thread 160936] [24.0] [cxt 0] Applying table 'MyEgress.egress_encap_vxlan'
[02:45:30.129] [bmv2] [D] [thread 160936] [24.0] [cxt 0] Looking up key:
* standard_metadata.egress_port: 0000

[02:45:30.129] [bmv2] [D] [thread 160936] [24.0] [cxt 0] Table 'MyEgress.egress_encap_vxlan': miss
[02:45:30.129] [bmv2] [D] [thread 160936] [24.0] [cxt 0] Action entry is NoAction - 
[02:45:30.129] [bmv2] [T] [thread 160936] [24.0] [cxt 0] Action NoAction
[02:45:30.129] [bmv2] [D] [thread 160936] [24.0] [cxt 0] Pipeline 'egress': end
[02:45:30.129] [bmv2] [D] [thread 160936] [24.0] [cxt 0] Deparser 'deparser': start
[02:45:30.129] [bmv2] [T] [thread 160936] [24.0] [cxt 0] Skipping checksum 'cksum' update because condition not met
[02:45:30.129] [bmv2] [D] [thread 160936] [24.0] [cxt 0] Deparsing header 'ethernet'
[02:45:30.129] [bmv2] [D] [thread 160936] [24.0] [cxt 0] Deparsing header 'ipv6'
[02:45:30.129] [bmv2] [D] [thread 160936] [24.0] [cxt 0] Deparser 'deparser': end
[02:45:30.129] [bmv2] [D] [thread 160940] [24.0] [cxt 0] Transmitting packet of size 203 out of port 0
[02:45:30.468] [bmv2] [W] [thread 161182] [P4Runtime] p4::tmp::P4DeviceConfig is deprecated
[02:45:30.474] [bmv2] [D] [thread 161182] Set default default entry for table 'MyIngress.arp_match': MyIngress.drop - 
[02:45:30.474] [bmv2] [D] [thread 161182] Set default default entry for table 'tbl_srcRoute_finish': MyIngress.srcRoute_finish - 
[02:45:30.474] [bmv2] [D] [thread 161182] Set default default entry for table 'MyIngress.ipv4_lpm_src': NoAction - 
[02:45:30.474] [bmv2] [D] [thread 161182] Set default default entry for table 'tbl_srcRoute_nhop': MyIngress.srcRoute_nhop - 
[02:45:30.474] [bmv2] [D] [thread 161182] Set default default entry for table 'tbl_update_ttl': MyIngress.update_ttl - 
[02:45:30.474] [bmv2] [D] [thread 161182] Set default default entry for table 'MyIngress.yequdesu_exact': MyIngress.drop - 
[02:45:30.474] [bmv2] [D] [thread 161182] Set default default entry for table 'MyIngress.vxlan_decap_exact': MyIngress.drop - 
[02:45:30.474] [bmv2] [D] [thread 161182] Set default default entry for table 'MyIngress.ipv6_lpm': NoAction - 
[02:45:30.474] [bmv2] [D] [thread 161182] Set default default entry for table 'MyIngress.vxlan_lpm': NoAction - 
[02:45:30.474] [bmv2] [D] [thread 161182] Set default default entry for table 'MyIngress.modality_schedule': NoAction - 
[02:45:30.474] [bmv2] [D] [thread 161182] Set default default entry for table 'MyIngress.adjudication': NoAction - 
[02:45:30.474] [bmv2] [D] [thread 161182] Set default default entry for table 'MyIngress.ipv4_lpm': NoAction - 
[02:45:30.475] [bmv2] [D] [thread 161182] Set default default entry for table 'MyEgress.egress_encap_ipv6': NoAction - 
[02:45:30.475] [bmv2] [D] [thread 161182] Set default default entry for table 'MyEgress.egress_encap_yequdesu': NoAction - 
[02:45:30.475] [bmv2] [D] [thread 161182] Set default default entry for table 'MyEgress.egress_encap_vxlan': NoAction - 
[02:45:30.476] [bmv2] [D] [thread 161182] simple_switch target has been notified of a config swap
[02:45:30.548] [bmv2] [D] [thread 161182] Entry 0 added to table 'MyIngress.yequdesu_exact'
[02:45:30.548] [bmv2] [D] [thread 161182] Dumping entry 0
Match key:
* hdr.yequdesu.dst_id : EXACT     012c
Action entry: MyIngress.yequdesu_forward - 2,

[02:45:30.550] [bmv2] [D] [thread 161183] Entry 1 added to table 'MyIngress.yequdesu_exact'
[02:45:30.550] [bmv2] [D] [thread 161183] Dumping entry 1
Match key:
* hdr.yequdesu.dst_id : EXACT     012d
Action entry: MyIngress.yequdesu_forward - 1,

[02:45:39.469] [bmv2] [D] [thread 160935] [25.0] [cxt 0] Processing packet received on port 2
[02:45:39.469] [bmv2] [D] [thread 160935] [25.0] [cxt 0] Parser 'parser': start
[02:45:39.469] [bmv2] [D] [thread 160935] [25.0] [cxt 0] Parser 'parser' entering state 'start'
[02:45:39.469] [bmv2] [D] [thread 160935] [25.0] [cxt 0] Extracting header 'ethernet'
[02:45:39.469] [bmv2] [D] [thread 160935] [25.0] [cxt 0] Parser state 'start': key is 86dd
[02:45:39.469] [bmv2] [T] [thread 160935] [25.0] [cxt 0] Bytes parsed: 14
[02:45:39.469] [bmv2] [D] [thread 160935] [25.0] [cxt 0] Parser 'parser' entering state 'parse_ipv6'
[02:45:39.469] [bmv2] [D] [thread 160935] [25.0] [cxt 0] Extracting header 'ipv6'
[02:45:39.469] [bmv2] [D] [thread 160935] [25.0] [cxt 0] Parser state 'parse_ipv6': key is 3a
[02:45:39.469] [bmv2] [T] [thread 160935] [25.0] [cxt 0] Bytes parsed: 54
[02:45:39.469] [bmv2] [D] [thread 160935] [25.0] [cxt 0] Parser 'parser': end
[02:45:39.469] [bmv2] [D] [thread 160935] [25.0] [cxt 0] Pipeline 'ingress': start
[02:45:39.469] [bmv2] [T] [thread 160935] [25.0] [cxt 0] basic.p4(565) Condition "hdr.ethernet.etherType == TYPE_ARP" (node_2) is false
[02:45:39.469] [bmv2] [T] [thread 160935] [25.0] [cxt 0] basic.p4(568) Condition "hdr.ethernet.etherType == TYPE_SRCROUTING" (node_4) is false
[02:45:39.469] [bmv2] [T] [thread 160935] [25.0] [cxt 0] basic.p4(581) Condition "hdr.ethernet.etherType == TYPE_YEQUDESU" (node_12) is false
[02:45:39.469] [bmv2] [T] [thread 160935] [25.0] [cxt 0] basic.p4(587) Condition "hdr.vxlan.isValid()" (node_15) is false
[02:45:39.469] [bmv2] [T] [thread 160935] [25.0] [cxt 0] basic.p4(591) Condition "hdr.ipv6.isValid()" (node_17) is true
[02:45:39.469] [bmv2] [T] [thread 160935] [25.0] [cxt 0] Applying table 'MyIngress.ipv6_lpm'
[02:45:39.469] [bmv2] [D] [thread 160935] [25.0] [cxt 0] Looking up key:
* hdr.ipv6.dstAddr    : ff020000000000000000000000000002

[02:45:39.469] [bmv2] [D] [thread 160935] [25.0] [cxt 0] Table 'MyIngress.ipv6_lpm': miss
[02:45:39.469] [bmv2] [D] [thread 160935] [25.0] [cxt 0] Action entry is NoAction - 
[02:45:39.469] [bmv2] [T] [thread 160935] [25.0] [cxt 0] Action NoAction
[02:45:39.469] [bmv2] [D] [thread 160935] [25.0] [cxt 0] Pipeline 'ingress': end
[02:45:39.469] [bmv2] [D] [thread 160935] [25.0] [cxt 0] Egress port is 0
[02:45:39.470] [bmv2] [D] [thread 160936] [25.0] [cxt 0] Pipeline 'egress': start
[02:45:39.470] [bmv2] [T] [thread 160936] [25.0] [cxt 0] Applying table 'MyEgress.egress_encap_ipv6'
[02:45:39.470] [bmv2] [D] [thread 160936] [25.0] [cxt 0] Looking up key:
* standard_metadata.egress_port: 0000

[02:45:39.470] [bmv2] [D] [thread 160936] [25.0] [cxt 0] Table 'MyEgress.egress_encap_ipv6': miss
[02:45:39.470] [bmv2] [D] [thread 160936] [25.0] [cxt 0] Action entry is NoAction - 
[02:45:39.470] [bmv2] [T] [thread 160936] [25.0] [cxt 0] Action NoAction
[02:45:39.470] [bmv2] [T] [thread 160936] [25.0] [cxt 0] Applying table 'MyEgress.egress_encap_yequdesu'
[02:45:39.470] [bmv2] [D] [thread 160936] [25.0] [cxt 0] Looking up key:
* standard_metadata.egress_port: 0000

[02:45:39.470] [bmv2] [D] [thread 160936] [25.0] [cxt 0] Table 'MyEgress.egress_encap_yequdesu': miss
[02:45:39.470] [bmv2] [D] [thread 160936] [25.0] [cxt 0] Action entry is NoAction - 
[02:45:39.470] [bmv2] [T] [thread 160936] [25.0] [cxt 0] Action NoAction
[02:45:39.470] [bmv2] [T] [thread 160936] [25.0] [cxt 0] Applying table 'MyEgress.egress_encap_vxlan'
[02:45:39.470] [bmv2] [D] [thread 160936] [25.0] [cxt 0] Looking up key:
* standard_metadata.egress_port: 0000

[02:45:39.470] [bmv2] [D] [thread 160936] [25.0] [cxt 0] Table 'MyEgress.egress_encap_vxlan': miss
[02:45:39.470] [bmv2] [D] [thread 160936] [25.0] [cxt 0] Action entry is NoAction - 
[02:45:39.470] [bmv2] [T] [thread 160936] [25.0] [cxt 0] Action NoAction
[02:45:39.470] [bmv2] [D] [thread 160936] [25.0] [cxt 0] Pipeline 'egress': end
[02:45:39.470] [bmv2] [D] [thread 160936] [25.0] [cxt 0] Deparser 'deparser': start
[02:45:39.470] [bmv2] [T] [thread 160936] [25.0] [cxt 0] Skipping checksum 'cksum' update because condition not met
[02:45:39.470] [bmv2] [D] [thread 160936] [25.0] [cxt 0] Deparsing header 'ethernet'
[02:45:39.470] [bmv2] [D] [thread 160936] [25.0] [cxt 0] Deparsing header 'ipv6'
[02:45:39.470] [bmv2] [D] [thread 160936] [25.0] [cxt 0] Deparser 'deparser': end
[02:45:39.470] [bmv2] [D] [thread 160940] [25.0] [cxt 0] Transmitting packet of size 70 out of port 0
[02:45:41.005] [bmv2] [D] [thread 160935] [26.0] [cxt 0] Processing packet received on port 2
[02:45:41.005] [bmv2] [D] [thread 160935] [26.0] [cxt 0] Parser 'parser': start
[02:45:41.005] [bmv2] [D] [thread 160935] [26.0] [cxt 0] Parser 'parser' entering state 'start'
[02:45:41.005] [bmv2] [D] [thread 160935] [26.0] [cxt 0] Extracting header 'ethernet'
[02:45:41.005] [bmv2] [D] [thread 160935] [26.0] [cxt 0] Parser state 'start': key is 86dd
[02:45:41.005] [bmv2] [T] [thread 160935] [26.0] [cxt 0] Bytes parsed: 14
[02:45:41.005] [bmv2] [D] [thread 160935] [26.0] [cxt 0] Parser 'parser' entering state 'parse_ipv6'
[02:45:41.005] [bmv2] [D] [thread 160935] [26.0] [cxt 0] Extracting header 'ipv6'
[02:45:41.005] [bmv2] [D] [thread 160935] [26.0] [cxt 0] Parser state 'parse_ipv6': key is 3a
[02:45:41.005] [bmv2] [T] [thread 160935] [26.0] [cxt 0] Bytes parsed: 54
[02:45:41.005] [bmv2] [D] [thread 160935] [26.0] [cxt 0] Parser 'parser': end
[02:45:41.005] [bmv2] [D] [thread 160935] [26.0] [cxt 0] Pipeline 'ingress': start
[02:45:41.005] [bmv2] [T] [thread 160935] [26.0] [cxt 0] basic.p4(565) Condition "hdr.ethernet.etherType == TYPE_ARP" (node_2) is false
[02:45:41.005] [bmv2] [T] [thread 160935] [26.0] [cxt 0] basic.p4(568) Condition "hdr.ethernet.etherType == TYPE_SRCROUTING" (node_4) is false
[02:45:41.005] [bmv2] [T] [thread 160935] [26.0] [cxt 0] basic.p4(581) Condition "hdr.ethernet.etherType == TYPE_YEQUDESU" (node_12) is false
[02:45:41.005] [bmv2] [T] [thread 160935] [26.0] [cxt 0] basic.p4(587) Condition "hdr.vxlan.isValid()" (node_15) is false
[02:45:41.005] [bmv2] [T] [thread 160935] [26.0] [cxt 0] basic.p4(591) Condition "hdr.ipv6.isValid()" (node_17) is true
[02:45:41.005] [bmv2] [T] [thread 160935] [26.0] [cxt 0] Applying table 'MyIngress.ipv6_lpm'
[02:45:41.006] [bmv2] [D] [thread 160935] [26.0] [cxt 0] Looking up key:
* hdr.ipv6.dstAddr    : ff020000000000000000000000000002

[02:45:41.006] [bmv2] [D] [thread 160935] [26.0] [cxt 0] Table 'MyIngress.ipv6_lpm': miss
[02:45:41.006] [bmv2] [D] [thread 160935] [26.0] [cxt 0] Action entry is NoAction - 
[02:45:41.006] [bmv2] [T] [thread 160935] [26.0] [cxt 0] Action NoAction
[02:45:41.006] [bmv2] [D] [thread 160935] [26.0] [cxt 0] Pipeline 'ingress': end
[02:45:41.006] [bmv2] [D] [thread 160935] [26.0] [cxt 0] Egress port is 0
[02:45:41.006] [bmv2] [D] [thread 160936] [26.0] [cxt 0] Pipeline 'egress': start
[02:45:41.006] [bmv2] [T] [thread 160936] [26.0] [cxt 0] Applying table 'MyEgress.egress_encap_ipv6'
[02:45:41.006] [bmv2] [D] [thread 160936] [26.0] [cxt 0] Looking up key:
* standard_metadata.egress_port: 0000

[02:45:41.006] [bmv2] [D] [thread 160936] [26.0] [cxt 0] Table 'MyEgress.egress_encap_ipv6': miss
[02:45:41.006] [bmv2] [D] [thread 160936] [26.0] [cxt 0] Action entry is NoAction - 
[02:45:41.006] [bmv2] [T] [thread 160936] [26.0] [cxt 0] Action NoAction
[02:45:41.006] [bmv2] [T] [thread 160936] [26.0] [cxt 0] Applying table 'MyEgress.egress_encap_yequdesu'
[02:45:41.006] [bmv2] [D] [thread 160936] [26.0] [cxt 0] Looking up key:
* standard_metadata.egress_port: 0000

[02:45:41.006] [bmv2] [D] [thread 160936] [26.0] [cxt 0] Table 'MyEgress.egress_encap_yequdesu': miss
[02:45:41.006] [bmv2] [D] [thread 160936] [26.0] [cxt 0] Action entry is NoAction - 
[02:45:41.006] [bmv2] [T] [thread 160936] [26.0] [cxt 0] Action NoAction
[02:45:41.006] [bmv2] [T] [thread 160936] [26.0] [cxt 0] Applying table 'MyEgress.egress_encap_vxlan'
[02:45:41.006] [bmv2] [D] [thread 160936] [26.0] [cxt 0] Looking up key:
* standard_metadata.egress_port: 0000

[02:45:41.006] [bmv2] [D] [thread 160936] [26.0] [cxt 0] Table 'MyEgress.egress_encap_vxlan': miss
[02:45:41.006] [bmv2] [D] [thread 160936] [26.0] [cxt 0] Action entry is NoAction - 
[02:45:41.006] [bmv2] [T] [thread 160936] [26.0] [cxt 0] Action NoAction
[02:45:41.006] [bmv2] [D] [thread 160936] [26.0] [cxt 0] Pipeline 'egress': end
[02:45:41.006] [bmv2] [D] [thread 160936] [26.0] [cxt 0] Deparser 'deparser': start
[02:45:41.006] [bmv2] [T] [thread 160936] [26.0] [cxt 0] Skipping checksum 'cksum' update because condition not met
[02:45:41.006] [bmv2] [D] [thread 160936] [26.0] [cxt 0] Deparsing header 'ethernet'
[02:45:41.006] [bmv2] [D] [thread 160936] [26.0] [cxt 0] Deparsing header 'ipv6'
[02:45:41.006] [bmv2] [D] [thread 160936] [26.0] [cxt 0] Deparser 'deparser': end
[02:45:41.006] [bmv2] [D] [thread 160940] [26.0] [cxt 0] Transmitting packet of size 70 out of port 0
[02:45:43.054] [bmv2] [D] [thread 160935] [27.0] [cxt 0] Processing packet received on port 1
[02:45:43.054] [bmv2] [D] [thread 160935] [27.0] [cxt 0] Parser 'parser': start
[02:45:43.054] [bmv2] [D] [thread 160935] [27.0] [cxt 0] Parser 'parser' entering state 'start'
[02:45:43.054] [bmv2] [D] [thread 160935] [27.0] [cxt 0] Extracting header 'ethernet'
[02:45:43.054] [bmv2] [D] [thread 160935] [27.0] [cxt 0] Parser state 'start': key is 86dd
[02:45:43.054] [bmv2] [T] [thread 160935] [27.0] [cxt 0] Bytes parsed: 14
[02:45:43.054] [bmv2] [D] [thread 160935] [27.0] [cxt 0] Parser 'parser' entering state 'parse_ipv6'
[02:45:43.054] [bmv2] [D] [thread 160935] [27.0] [cxt 0] Extracting header 'ipv6'
[02:45:43.054] [bmv2] [D] [thread 160935] [27.0] [cxt 0] Parser state 'parse_ipv6': key is 3a
[02:45:43.054] [bmv2] [T] [thread 160935] [27.0] [cxt 0] Bytes parsed: 54
[02:45:43.054] [bmv2] [D] [thread 160935] [27.0] [cxt 0] Parser 'parser': end
[02:45:43.054] [bmv2] [D] [thread 160935] [27.0] [cxt 0] Pipeline 'ingress': start
[02:45:43.054] [bmv2] [T] [thread 160935] [27.0] [cxt 0] basic.p4(565) Condition "hdr.ethernet.etherType == TYPE_ARP" (node_2) is false
[02:45:43.054] [bmv2] [T] [thread 160935] [27.0] [cxt 0] basic.p4(568) Condition "hdr.ethernet.etherType == TYPE_SRCROUTING" (node_4) is false
[02:45:43.054] [bmv2] [T] [thread 160935] [27.0] [cxt 0] basic.p4(581) Condition "hdr.ethernet.etherType == TYPE_YEQUDESU" (node_12) is false
[02:45:43.054] [bmv2] [T] [thread 160935] [27.0] [cxt 0] basic.p4(587) Condition "hdr.vxlan.isValid()" (node_15) is false
[02:45:43.054] [bmv2] [T] [thread 160935] [27.0] [cxt 0] basic.p4(591) Condition "hdr.ipv6.isValid()" (node_17) is true
[02:45:43.054] [bmv2] [T] [thread 160935] [27.0] [cxt 0] Applying table 'MyIngress.ipv6_lpm'
[02:45:43.054] [bmv2] [D] [thread 160935] [27.0] [cxt 0] Looking up key:
* hdr.ipv6.dstAddr    : ff020000000000000000000000000002

[02:45:43.054] [bmv2] [D] [thread 160935] [27.0] [cxt 0] Table 'MyIngress.ipv6_lpm': miss
[02:45:43.054] [bmv2] [D] [thread 160935] [27.0] [cxt 0] Action entry is NoAction - 
[02:45:43.054] [bmv2] [T] [thread 160935] [27.0] [cxt 0] Action NoAction
[02:45:43.054] [bmv2] [D] [thread 160935] [27.0] [cxt 0] Pipeline 'ingress': end
[02:45:43.054] [bmv2] [D] [thread 160935] [27.0] [cxt 0] Egress port is 0
[02:45:43.054] [bmv2] [D] [thread 160936] [27.0] [cxt 0] Pipeline 'egress': start
[02:45:43.054] [bmv2] [T] [thread 160936] [27.0] [cxt 0] Applying table 'MyEgress.egress_encap_ipv6'
[02:45:43.054] [bmv2] [D] [thread 160936] [27.0] [cxt 0] Looking up key:
* standard_metadata.egress_port: 0000

[02:45:43.054] [bmv2] [D] [thread 160936] [27.0] [cxt 0] Table 'MyEgress.egress_encap_ipv6': miss
[02:45:43.054] [bmv2] [D] [thread 160936] [27.0] [cxt 0] Action entry is NoAction - 
[02:45:43.054] [bmv2] [T] [thread 160936] [27.0] [cxt 0] Action NoAction
[02:45:43.054] [bmv2] [T] [thread 160936] [27.0] [cxt 0] Applying table 'MyEgress.egress_encap_yequdesu'
[02:45:43.054] [bmv2] [D] [thread 160936] [27.0] [cxt 0] Looking up key:
* standard_metadata.egress_port: 0000

[02:45:43.054] [bmv2] [D] [thread 160936] [27.0] [cxt 0] Table 'MyEgress.egress_encap_yequdesu': miss
[02:45:43.054] [bmv2] [D] [thread 160936] [27.0] [cxt 0] Action entry is NoAction - 
[02:45:43.054] [bmv2] [T] [thread 160936] [27.0] [cxt 0] Action NoAction
[02:45:43.054] [bmv2] [T] [thread 160936] [27.0] [cxt 0] Applying table 'MyEgress.egress_encap_vxlan'
[02:45:43.054] [bmv2] [D] [thread 160936] [27.0] [cxt 0] Looking up key:
* standard_metadata.egress_port: 0000

[02:45:43.054] [bmv2] [D] [thread 160936] [27.0] [cxt 0] Table 'MyEgress.egress_encap_vxlan': miss
[02:45:43.054] [bmv2] [D] [thread 160936] [27.0] [cxt 0] Action entry is NoAction - 
[02:45:43.054] [bmv2] [T] [thread 160936] [27.0] [cxt 0] Action NoAction
[02:45:43.054] [bmv2] [D] [thread 160936] [27.0] [cxt 0] Pipeline 'egress': end
[02:45:43.054] [bmv2] [D] [thread 160936] [27.0] [cxt 0] Deparser 'deparser': start
[02:45:43.054] [bmv2] [T] [thread 160936] [27.0] [cxt 0] Skipping checksum 'cksum' update because condition not met
[02:45:43.054] [bmv2] [D] [thread 160936] [27.0] [cxt 0] Deparsing header 'ethernet'
[02:45:43.054] [bmv2] [D] [thread 160936] [27.0] [cxt 0] Deparsing header 'ipv6'
[02:45:43.054] [bmv2] [D] [thread 160936] [27.0] [cxt 0] Deparser 'deparser': end
[02:45:43.054] [bmv2] [D] [thread 160940] [27.0] [cxt 0] Transmitting packet of size 70 out of port 0
[02:45:44.077] [bmv2] [D] [thread 160935] [28.0] [cxt 0] Processing packet received on port 1
[02:45:44.078] [bmv2] [D] [thread 160935] [28.0] [cxt 0] Parser 'parser': start
[02:45:44.078] [bmv2] [D] [thread 160935] [28.0] [cxt 0] Parser 'parser' entering state 'start'
[02:45:44.078] [bmv2] [D] [thread 160935] [28.0] [cxt 0] Extracting header 'ethernet'
[02:45:44.078] [bmv2] [D] [thread 160935] [28.0] [cxt 0] Parser state 'start': key is 86dd
[02:45:44.078] [bmv2] [T] [thread 160935] [28.0] [cxt 0] Bytes parsed: 14
[02:45:44.078] [bmv2] [D] [thread 160935] [28.0] [cxt 0] Parser 'parser' entering state 'parse_ipv6'
[02:45:44.078] [bmv2] [D] [thread 160935] [28.0] [cxt 0] Extracting header 'ipv6'
[02:45:44.078] [bmv2] [D] [thread 160935] [28.0] [cxt 0] Parser state 'parse_ipv6': key is 3a
[02:45:44.078] [bmv2] [T] [thread 160935] [28.0] [cxt 0] Bytes parsed: 54
[02:45:44.078] [bmv2] [D] [thread 160935] [28.0] [cxt 0] Parser 'parser': end
[02:45:44.078] [bmv2] [D] [thread 160935] [28.0] [cxt 0] Pipeline 'ingress': start
[02:45:44.078] [bmv2] [T] [thread 160935] [28.0] [cxt 0] basic.p4(565) Condition "hdr.ethernet.etherType == TYPE_ARP" (node_2) is false
[02:45:44.078] [bmv2] [T] [thread 160935] [28.0] [cxt 0] basic.p4(568) Condition "hdr.ethernet.etherType == TYPE_SRCROUTING" (node_4) is false
[02:45:44.078] [bmv2] [T] [thread 160935] [28.0] [cxt 0] basic.p4(581) Condition "hdr.ethernet.etherType == TYPE_YEQUDESU" (node_12) is false
[02:45:44.078] [bmv2] [T] [thread 160935] [28.0] [cxt 0] basic.p4(587) Condition "hdr.vxlan.isValid()" (node_15) is false
[02:45:44.078] [bmv2] [T] [thread 160935] [28.0] [cxt 0] basic.p4(591) Condition "hdr.ipv6.isValid()" (node_17) is true
[02:45:44.078] [bmv2] [T] [thread 160935] [28.0] [cxt 0] Applying table 'MyIngress.ipv6_lpm'
[02:45:44.078] [bmv2] [D] [thread 160935] [28.0] [cxt 0] Looking up key:
* hdr.ipv6.dstAddr    : ff020000000000000000000000000002

[02:45:44.078] [bmv2] [D] [thread 160935] [28.0] [cxt 0] Table 'MyIngress.ipv6_lpm': miss
[02:45:44.078] [bmv2] [D] [thread 160935] [28.0] [cxt 0] Action entry is NoAction - 
[02:45:44.078] [bmv2] [T] [thread 160935] [28.0] [cxt 0] Action NoAction
[02:45:44.078] [bmv2] [D] [thread 160935] [28.0] [cxt 0] Pipeline 'ingress': end
[02:45:44.078] [bmv2] [D] [thread 160935] [28.0] [cxt 0] Egress port is 0
[02:45:44.078] [bmv2] [D] [thread 160936] [28.0] [cxt 0] Pipeline 'egress': start
[02:45:44.078] [bmv2] [T] [thread 160936] [28.0] [cxt 0] Applying table 'MyEgress.egress_encap_ipv6'
[02:45:44.078] [bmv2] [D] [thread 160936] [28.0] [cxt 0] Looking up key:
* standard_metadata.egress_port: 0000

[02:45:44.078] [bmv2] [D] [thread 160936] [28.0] [cxt 0] Table 'MyEgress.egress_encap_ipv6': miss
[02:45:44.078] [bmv2] [D] [thread 160936] [28.0] [cxt 0] Action entry is NoAction - 
[02:45:44.078] [bmv2] [T] [thread 160936] [28.0] [cxt 0] Action NoAction
[02:45:44.078] [bmv2] [T] [thread 160936] [28.0] [cxt 0] Applying table 'MyEgress.egress_encap_yequdesu'
[02:45:44.078] [bmv2] [D] [thread 160936] [28.0] [cxt 0] Looking up key:
* standard_metadata.egress_port: 0000

[02:45:44.078] [bmv2] [D] [thread 160936] [28.0] [cxt 0] Table 'MyEgress.egress_encap_yequdesu': miss
[02:45:44.078] [bmv2] [D] [thread 160936] [28.0] [cxt 0] Action entry is NoAction - 
[02:45:44.078] [bmv2] [T] [thread 160936] [28.0] [cxt 0] Action NoAction
[02:45:44.078] [bmv2] [T] [thread 160936] [28.0] [cxt 0] Applying table 'MyEgress.egress_encap_vxlan'
[02:45:44.078] [bmv2] [D] [thread 160936] [28.0] [cxt 0] Looking up key:
* standard_metadata.egress_port: 0000

[02:45:44.078] [bmv2] [D] [thread 160936] [28.0] [cxt 0] Table 'MyEgress.egress_encap_vxlan': miss
[02:45:44.078] [bmv2] [D] [thread 160936] [28.0] [cxt 0] Action entry is NoAction - 
[02:45:44.078] [bmv2] [T] [thread 160936] [28.0] [cxt 0] Action NoAction
[02:45:44.078] [bmv2] [D] [thread 160936] [28.0] [cxt 0] Pipeline 'egress': end
[02:45:44.078] [bmv2] [D] [thread 160936] [28.0] [cxt 0] Deparser 'deparser': start
[02:45:44.078] [bmv2] [T] [thread 160936] [28.0] [cxt 0] Skipping checksum 'cksum' update because condition not met
[02:45:44.078] [bmv2] [D] [thread 160936] [28.0] [cxt 0] Deparsing header 'ethernet'
[02:45:44.078] [bmv2] [D] [thread 160936] [28.0] [cxt 0] Deparsing header 'ipv6'
[02:45:44.078] [bmv2] [D] [thread 160936] [28.0] [cxt 0] Deparser 'deparser': end
[02:45:44.078] [bmv2] [D] [thread 160940] [28.0] [cxt 0] Transmitting packet of size 70 out of port 0
[02:45:44.461] [bmv2] [D] [thread 160935] [29.0] [cxt 0] Processing packet received on port 2
[02:45:44.461] [bmv2] [D] [thread 160935] [29.0] [cxt 0] Parser 'parser': start
[02:45:44.461] [bmv2] [D] [thread 160935] [29.0] [cxt 0] Parser 'parser' entering state 'start'
[02:45:44.461] [bmv2] [D] [thread 160935] [29.0] [cxt 0] Extracting header 'ethernet'
[02:45:44.461] [bmv2] [D] [thread 160935] [29.0] [cxt 0] Parser state 'start': key is 1313
[02:45:44.461] [bmv2] [T] [thread 160935] [29.0] [cxt 0] Bytes parsed: 14
[02:45:44.461] [bmv2] [D] [thread 160935] [29.0] [cxt 0] Parser 'parser' entering state 'parse_yequdesu'
[02:45:44.461] [bmv2] [D] [thread 160935] [29.0] [cxt 0] Extracting header 'yequdesu'
[02:45:44.461] [bmv2] [D] [thread 160935] [29.0] [cxt 0] Parser state 'parse_yequdesu': key is 0800
[02:45:44.461] [bmv2] [T] [thread 160935] [29.0] [cxt 0] Bytes parsed: 18
[02:45:44.461] [bmv2] [D] [thread 160935] [29.0] [cxt 0] Parser 'parser' entering state 'parse_ipv4'
[02:45:44.461] [bmv2] [D] [thread 160935] [29.0] [cxt 0] Extracting header 'ipv4'
[02:45:44.461] [bmv2] [D] [thread 160935] [29.0] [cxt 0] Parser state 'parse_ipv4': key is 06
[02:45:44.461] [bmv2] [T] [thread 160935] [29.0] [cxt 0] Bytes parsed: 38
[02:45:44.461] [bmv2] [D] [thread 160935] [29.0] [cxt 0] Parser 'parser': end
[02:45:44.461] [bmv2] [D] [thread 160935] [29.0] [cxt 0] Pipeline 'ingress': start
[02:45:44.461] [bmv2] [T] [thread 160935] [29.0] [cxt 0] basic.p4(565) Condition "hdr.ethernet.etherType == TYPE_ARP" (node_2) is false
[02:45:44.461] [bmv2] [T] [thread 160935] [29.0] [cxt 0] basic.p4(568) Condition "hdr.ethernet.etherType == TYPE_SRCROUTING" (node_4) is false
[02:45:44.461] [bmv2] [T] [thread 160935] [29.0] [cxt 0] basic.p4(581) Condition "hdr.ethernet.etherType == TYPE_YEQUDESU" (node_12) is true
[02:45:44.461] [bmv2] [T] [thread 160935] [29.0] [cxt 0] basic.p4(583) Condition "hdr.yequdesu.isValid()" (node_13) is true
[02:45:44.461] [bmv2] [T] [thread 160935] [29.0] [cxt 0] Applying table 'MyIngress.yequdesu_exact'
[02:45:44.461] [bmv2] [D] [thread 160935] [29.0] [cxt 0] Looking up key:
* hdr.yequdesu.dst_id : 012d

[02:45:44.461] [bmv2] [D] [thread 160935] [29.0] [cxt 0] Table 'MyIngress.yequdesu_exact': hit with handle 1
[02:45:44.461] [bmv2] [D] [thread 160935] [29.0] [cxt 0] Dumping entry 1
Match key:
* hdr.yequdesu.dst_id : EXACT     012d
Action entry: MyIngress.yequdesu_forward - 1,

[02:45:44.461] [bmv2] [D] [thread 160935] [29.0] [cxt 0] Action entry is MyIngress.yequdesu_forward - 1,
[02:45:44.461] [bmv2] [T] [thread 160935] [29.0] [cxt 0] Action MyIngress.yequdesu_forward
[02:45:44.461] [bmv2] [T] [thread 160935] [29.0] [cxt 0] basic.p4(259) Primitive standard_metadata.egress_spec = port
[02:45:44.461] [bmv2] [D] [thread 160935] [29.0] [cxt 0] Pipeline 'ingress': end
[02:45:44.461] [bmv2] [D] [thread 160935] [29.0] [cxt 0] Egress port is 1
[02:45:44.462] [bmv2] [D] [thread 160937] [29.0] [cxt 0] Pipeline 'egress': start
[02:45:44.462] [bmv2] [T] [thread 160937] [29.0] [cxt 0] Applying table 'MyEgress.egress_encap_ipv6'
[02:45:44.462] [bmv2] [D] [thread 160937] [29.0] [cxt 0] Looking up key:
* standard_metadata.egress_port: 0001

[02:45:44.462] [bmv2] [D] [thread 160937] [29.0] [cxt 0] Table 'MyEgress.egress_encap_ipv6': miss
[02:45:44.462] [bmv2] [D] [thread 160937] [29.0] [cxt 0] Action entry is NoAction - 
[02:45:44.462] [bmv2] [T] [thread 160937] [29.0] [cxt 0] Action NoAction
[02:45:44.462] [bmv2] [T] [thread 160937] [29.0] [cxt 0] Applying table 'MyEgress.egress_encap_yequdesu'
[02:45:44.462] [bmv2] [D] [thread 160937] [29.0] [cxt 0] Looking up key:
* standard_metadata.egress_port: 0001

[02:45:44.462] [bmv2] [D] [thread 160937] [29.0] [cxt 0] Table 'MyEgress.egress_encap_yequdesu': miss
[02:45:44.462] [bmv2] [D] [thread 160937] [29.0] [cxt 0] Action entry is NoAction - 
[02:45:44.462] [bmv2] [T] [thread 160937] [29.0] [cxt 0] Action NoAction
[02:45:44.462] [bmv2] [T] [thread 160937] [29.0] [cxt 0] Applying table 'MyEgress.egress_encap_vxlan'
[02:45:44.462] [bmv2] [D] [thread 160937] [29.0] [cxt 0] Looking up key:
* standard_metadata.egress_port: 0001

[02:45:44.462] [bmv2] [D] [thread 160937] [29.0] [cxt 0] Table 'MyEgress.egress_encap_vxlan': miss
[02:45:44.462] [bmv2] [D] [thread 160937] [29.0] [cxt 0] Action entry is NoAction - 
[02:45:44.462] [bmv2] [T] [thread 160937] [29.0] [cxt 0] Action NoAction
[02:45:44.462] [bmv2] [D] [thread 160937] [29.0] [cxt 0] Pipeline 'egress': end
[02:45:44.462] [bmv2] [D] [thread 160937] [29.0] [cxt 0] Deparser 'deparser': start
[02:45:44.462] [bmv2] [D] [thread 160937] [29.0] [cxt 0] Updating checksum 'cksum'
[02:45:44.462] [bmv2] [D] [thread 160937] [29.0] [cxt 0] Deparsing header 'ethernet'
[02:45:44.462] [bmv2] [D] [thread 160937] [29.0] [cxt 0] Deparsing header 'yequdesu'
[02:45:44.462] [bmv2] [D] [thread 160937] [29.0] [cxt 0] Deparsing header 'ipv4'
[02:45:44.462] [bmv2] [D] [thread 160937] [29.0] [cxt 0] Deparser 'deparser': end
[02:45:44.462] [bmv2] [D] [thread 160940] [29.0] [cxt 0] Transmitting packet of size 58 out of port 1
[02:45:45.612] [bmv2] [D] [thread 160935] [30.0] [cxt 0] Processing packet received on port 1
[02:45:45.612] [bmv2] [D] [thread 160935] [30.0] [cxt 0] Parser 'parser': start
[02:45:45.612] [bmv2] [D] [thread 160935] [30.0] [cxt 0] Parser 'parser' entering state 'start'
[02:45:45.612] [bmv2] [D] [thread 160935] [30.0] [cxt 0] Extracting header 'ethernet'
[02:45:45.612] [bmv2] [D] [thread 160935] [30.0] [cxt 0] Parser state 'start': key is 1313
[02:45:45.612] [bmv2] [T] [thread 160935] [30.0] [cxt 0] Bytes parsed: 14
[02:45:45.612] [bmv2] [D] [thread 160935] [30.0] [cxt 0] Parser 'parser' entering state 'parse_yequdesu'
[02:45:45.612] [bmv2] [D] [thread 160935] [30.0] [cxt 0] Extracting header 'yequdesu'
[02:45:45.612] [bmv2] [D] [thread 160935] [30.0] [cxt 0] Parser state 'parse_yequdesu': key is 0800
[02:45:45.612] [bmv2] [T] [thread 160935] [30.0] [cxt 0] Bytes parsed: 18
[02:45:45.612] [bmv2] [D] [thread 160935] [30.0] [cxt 0] Parser 'parser' entering state 'parse_ipv4'
[02:45:45.612] [bmv2] [D] [thread 160935] [30.0] [cxt 0] Extracting header 'ipv4'
[02:45:45.612] [bmv2] [D] [thread 160935] [30.0] [cxt 0] Parser state 'parse_ipv4': key is 06
[02:45:45.612] [bmv2] [T] [thread 160935] [30.0] [cxt 0] Bytes parsed: 38
[02:45:45.612] [bmv2] [D] [thread 160935] [30.0] [cxt 0] Parser 'parser': end
[02:45:45.612] [bmv2] [D] [thread 160935] [30.0] [cxt 0] Pipeline 'ingress': start
[02:45:45.612] [bmv2] [T] [thread 160935] [30.0] [cxt 0] basic.p4(565) Condition "hdr.ethernet.etherType == TYPE_ARP" (node_2) is false
[02:45:45.612] [bmv2] [T] [thread 160935] [30.0] [cxt 0] basic.p4(568) Condition "hdr.ethernet.etherType == TYPE_SRCROUTING" (node_4) is false
[02:45:45.612] [bmv2] [T] [thread 160935] [30.0] [cxt 0] basic.p4(581) Condition "hdr.ethernet.etherType == TYPE_YEQUDESU" (node_12) is true
[02:45:45.612] [bmv2] [T] [thread 160935] [30.0] [cxt 0] basic.p4(583) Condition "hdr.yequdesu.isValid()" (node_13) is true
[02:45:45.612] [bmv2] [T] [thread 160935] [30.0] [cxt 0] Applying table 'MyIngress.yequdesu_exact'
[02:45:45.612] [bmv2] [D] [thread 160935] [30.0] [cxt 0] Looking up key:
* hdr.yequdesu.dst_id : 012c

[02:45:45.612] [bmv2] [D] [thread 160935] [30.0] [cxt 0] Table 'MyIngress.yequdesu_exact': hit with handle 0
[02:45:45.612] [bmv2] [D] [thread 160935] [30.0] [cxt 0] Dumping entry 0
Match key:
* hdr.yequdesu.dst_id : EXACT     012c
Action entry: MyIngress.yequdesu_forward - 2,

[02:45:45.612] [bmv2] [D] [thread 160935] [30.0] [cxt 0] Action entry is MyIngress.yequdesu_forward - 2,
[02:45:45.612] [bmv2] [T] [thread 160935] [30.0] [cxt 0] Action MyIngress.yequdesu_forward
[02:45:45.612] [bmv2] [T] [thread 160935] [30.0] [cxt 0] basic.p4(259) Primitive standard_metadata.egress_spec = port
[02:45:45.612] [bmv2] [D] [thread 160935] [30.0] [cxt 0] Pipeline 'ingress': end
[02:45:45.612] [bmv2] [D] [thread 160935] [30.0] [cxt 0] Egress port is 2
[02:45:45.612] [bmv2] [D] [thread 160938] [30.0] [cxt 0] Pipeline 'egress': start
[02:45:45.612] [bmv2] [T] [thread 160938] [30.0] [cxt 0] Applying table 'MyEgress.egress_encap_ipv6'
[02:45:45.612] [bmv2] [D] [thread 160938] [30.0] [cxt 0] Looking up key:
* standard_metadata.egress_port: 0002

[02:45:45.612] [bmv2] [D] [thread 160938] [30.0] [cxt 0] Table 'MyEgress.egress_encap_ipv6': miss
[02:45:45.612] [bmv2] [D] [thread 160938] [30.0] [cxt 0] Action entry is NoAction - 
[02:45:45.612] [bmv2] [T] [thread 160938] [30.0] [cxt 0] Action NoAction
[02:45:45.612] [bmv2] [T] [thread 160938] [30.0] [cxt 0] Applying table 'MyEgress.egress_encap_yequdesu'
[02:45:45.612] [bmv2] [D] [thread 160938] [30.0] [cxt 0] Looking up key:
* standard_metadata.egress_port: 0002

[02:45:45.612] [bmv2] [D] [thread 160938] [30.0] [cxt 0] Table 'MyEgress.egress_encap_yequdesu': miss
[02:45:45.612] [bmv2] [D] [thread 160938] [30.0] [cxt 0] Action entry is NoAction - 
[02:45:45.612] [bmv2] [T] [thread 160938] [30.0] [cxt 0] Action NoAction
[02:45:45.612] [bmv2] [T] [thread 160938] [30.0] [cxt 0] Applying table 'MyEgress.egress_encap_vxlan'
[02:45:45.612] [bmv2] [D] [thread 160938] [30.0] [cxt 0] Looking up key:
* standard_metadata.egress_port: 0002

[02:45:45.612] [bmv2] [D] [thread 160938] [30.0] [cxt 0] Table 'MyEgress.egress_encap_vxlan': miss
[02:45:45.612] [bmv2] [D] [thread 160938] [30.0] [cxt 0] Action entry is NoAction - 
[02:45:45.612] [bmv2] [T] [thread 160938] [30.0] [cxt 0] Action NoAction
[02:45:45.612] [bmv2] [D] [thread 160938] [30.0] [cxt 0] Pipeline 'egress': end
[02:45:45.612] [bmv2] [D] [thread 160938] [30.0] [cxt 0] Deparser 'deparser': start
[02:45:45.612] [bmv2] [D] [thread 160938] [30.0] [cxt 0] Updating checksum 'cksum'
[02:45:45.612] [bmv2] [D] [thread 160938] [30.0] [cxt 0] Deparsing header 'ethernet'
[02:45:45.612] [bmv2] [D] [thread 160938] [30.0] [cxt 0] Deparsing header 'yequdesu'
[02:45:45.612] [bmv2] [D] [thread 160938] [30.0] [cxt 0] Deparsing header 'ipv4'
[02:45:45.612] [bmv2] [D] [thread 160938] [30.0] [cxt 0] Deparser 'deparser': end
[02:45:45.613] [bmv2] [D] [thread 160940] [30.0] [cxt 0] Transmitting packet of size 68 out of port 2
[02:45:45.615] [bmv2] [D] [thread 160935] [31.0] [cxt 0] Processing packet received on port 2
[02:45:45.615] [bmv2] [D] [thread 160935] [31.0] [cxt 0] Parser 'parser': start
[02:45:45.615] [bmv2] [D] [thread 160935] [31.0] [cxt 0] Parser 'parser' entering state 'start'
[02:45:45.615] [bmv2] [D] [thread 160935] [31.0] [cxt 0] Extracting header 'ethernet'
[02:45:45.615] [bmv2] [D] [thread 160935] [31.0] [cxt 0] Parser state 'start': key is 1313
[02:45:45.615] [bmv2] [T] [thread 160935] [31.0] [cxt 0] Bytes parsed: 14
[02:45:45.615] [bmv2] [D] [thread 160935] [31.0] [cxt 0] Parser 'parser' entering state 'parse_yequdesu'
[02:45:45.615] [bmv2] [D] [thread 160935] [31.0] [cxt 0] Extracting header 'yequdesu'
[02:45:45.615] [bmv2] [D] [thread 160935] [31.0] [cxt 0] Parser state 'parse_yequdesu': key is 0800
[02:45:45.615] [bmv2] [T] [thread 160935] [31.0] [cxt 0] Bytes parsed: 18
[02:45:45.615] [bmv2] [D] [thread 160935] [31.0] [cxt 0] Parser 'parser' entering state 'parse_ipv4'
[02:45:45.615] [bmv2] [D] [thread 160935] [31.0] [cxt 0] Extracting header 'ipv4'
[02:45:45.615] [bmv2] [D] [thread 160935] [31.0] [cxt 0] Parser state 'parse_ipv4': key is 06
[02:45:45.615] [bmv2] [T] [thread 160935] [31.0] [cxt 0] Bytes parsed: 38
[02:45:45.615] [bmv2] [D] [thread 160935] [31.0] [cxt 0] Parser 'parser': end
[02:45:45.615] [bmv2] [D] [thread 160935] [31.0] [cxt 0] Pipeline 'ingress': start
[02:45:45.615] [bmv2] [T] [thread 160935] [31.0] [cxt 0] basic.p4(565) Condition "hdr.ethernet.etherType == TYPE_ARP" (node_2) is false
[02:45:45.615] [bmv2] [T] [thread 160935] [31.0] [cxt 0] basic.p4(568) Condition "hdr.ethernet.etherType == TYPE_SRCROUTING" (node_4) is false
[02:45:45.615] [bmv2] [T] [thread 160935] [31.0] [cxt 0] basic.p4(581) Condition "hdr.ethernet.etherType == TYPE_YEQUDESU" (node_12) is true
[02:45:45.615] [bmv2] [T] [thread 160935] [31.0] [cxt 0] basic.p4(583) Condition "hdr.yequdesu.isValid()" (node_13) is true
[02:45:45.615] [bmv2] [T] [thread 160935] [31.0] [cxt 0] Applying table 'MyIngress.yequdesu_exact'
[02:45:45.615] [bmv2] [D] [thread 160935] [31.0] [cxt 0] Looking up key:
* hdr.yequdesu.dst_id : 012d

[02:45:45.615] [bmv2] [D] [thread 160935] [31.0] [cxt 0] Table 'MyIngress.yequdesu_exact': hit with handle 1
[02:45:45.615] [bmv2] [D] [thread 160935] [31.0] [cxt 0] Dumping entry 1
Match key:
* hdr.yequdesu.dst_id : EXACT     012d
Action entry: MyIngress.yequdesu_forward - 1,

[02:45:45.615] [bmv2] [D] [thread 160935] [31.0] [cxt 0] Action entry is MyIngress.yequdesu_forward - 1,
[02:45:45.615] [bmv2] [T] [thread 160935] [31.0] [cxt 0] Action MyIngress.yequdesu_forward
[02:45:45.615] [bmv2] [T] [thread 160935] [31.0] [cxt 0] basic.p4(259) Primitive standard_metadata.egress_spec = port
[02:45:45.615] [bmv2] [D] [thread 160935] [31.0] [cxt 0] Pipeline 'ingress': end
[02:45:45.615] [bmv2] [D] [thread 160935] [31.0] [cxt 0] Egress port is 1
[02:45:45.616] [bmv2] [D] [thread 160937] [31.0] [cxt 0] Pipeline 'egress': start
[02:45:45.616] [bmv2] [T] [thread 160937] [31.0] [cxt 0] Applying table 'MyEgress.egress_encap_ipv6'
[02:45:45.616] [bmv2] [D] [thread 160937] [31.0] [cxt 0] Looking up key:
* standard_metadata.egress_port: 0001

[02:45:45.616] [bmv2] [D] [thread 160937] [31.0] [cxt 0] Table 'MyEgress.egress_encap_ipv6': miss
[02:45:45.616] [bmv2] [D] [thread 160937] [31.0] [cxt 0] Action entry is NoAction - 
[02:45:45.616] [bmv2] [T] [thread 160937] [31.0] [cxt 0] Action NoAction
[02:45:45.616] [bmv2] [T] [thread 160937] [31.0] [cxt 0] Applying table 'MyEgress.egress_encap_yequdesu'
[02:45:45.616] [bmv2] [D] [thread 160937] [31.0] [cxt 0] Looking up key:
* standard_metadata.egress_port: 0001

[02:45:45.616] [bmv2] [D] [thread 160937] [31.0] [cxt 0] Table 'MyEgress.egress_encap_yequdesu': miss
[02:45:45.616] [bmv2] [D] [thread 160937] [31.0] [cxt 0] Action entry is NoAction - 
[02:45:45.616] [bmv2] [T] [thread 160937] [31.0] [cxt 0] Action NoAction
[02:45:45.616] [bmv2] [T] [thread 160937] [31.0] [cxt 0] Applying table 'MyEgress.egress_encap_vxlan'
[02:45:45.616] [bmv2] [D] [thread 160937] [31.0] [cxt 0] Looking up key:
* standard_metadata.egress_port: 0001

[02:45:45.616] [bmv2] [D] [thread 160937] [31.0] [cxt 0] Table 'MyEgress.egress_encap_vxlan': miss
[02:45:45.616] [bmv2] [D] [thread 160937] [31.0] [cxt 0] Action entry is NoAction - 
[02:45:45.616] [bmv2] [T] [thread 160937] [31.0] [cxt 0] Action NoAction
[02:45:45.616] [bmv2] [D] [thread 160937] [31.0] [cxt 0] Pipeline 'egress': end
[02:45:45.616] [bmv2] [D] [thread 160937] [31.0] [cxt 0] Deparser 'deparser': start
[02:45:45.616] [bmv2] [D] [thread 160937] [31.0] [cxt 0] Updating checksum 'cksum'
[02:45:45.616] [bmv2] [D] [thread 160937] [31.0] [cxt 0] Deparsing header 'ethernet'
[02:45:45.616] [bmv2] [D] [thread 160937] [31.0] [cxt 0] Deparsing header 'yequdesu'
[02:45:45.616] [bmv2] [D] [thread 160937] [31.0] [cxt 0] Deparsing header 'ipv4'
[02:45:45.616] [bmv2] [D] [thread 160937] [31.0] [cxt 0] Deparser 'deparser': end
[02:45:45.616] [bmv2] [D] [thread 160940] [31.0] [cxt 0] Transmitting packet of size 58 out of port 1
[02:45:45.681] [bmv2] [D] [thread 160935] [32.0] [cxt 0] Processing packet received on port 2
[02:45:45.681] [bmv2] [D] [thread 160935] [32.0] [cxt 0] Parser 'parser': start
[02:45:45.682] [bmv2] [D] [thread 160935] [32.0] [cxt 0] Parser 'parser' entering state 'start'
[02:45:45.682] [bmv2] [D] [thread 160935] [32.0] [cxt 0] Extracting header 'ethernet'
[02:45:45.682] [bmv2] [D] [thread 160935] [32.0] [cxt 0] Parser state 'start': key is 86dd
[02:45:45.682] [bmv2] [T] [thread 160935] [32.0] [cxt 0] Bytes parsed: 14
[02:45:45.682] [bmv2] [D] [thread 160935] [32.0] [cxt 0] Parser 'parser' entering state 'parse_ipv6'
[02:45:45.682] [bmv2] [D] [thread 160935] [32.0] [cxt 0] Extracting header 'ipv6'
[02:45:45.682] [bmv2] [D] [thread 160935] [32.0] [cxt 0] Parser state 'parse_ipv6': key is 11
[02:45:45.682] [bmv2] [T] [thread 160935] [32.0] [cxt 0] Bytes parsed: 54
[02:45:45.682] [bmv2] [D] [thread 160935] [32.0] [cxt 0] Parser 'parser': end
[02:45:45.682] [bmv2] [D] [thread 160935] [32.0] [cxt 0] Pipeline 'ingress': start
[02:45:45.682] [bmv2] [T] [thread 160935] [32.0] [cxt 0] basic.p4(565) Condition "hdr.ethernet.etherType == TYPE_ARP" (node_2) is false
[02:45:45.682] [bmv2] [T] [thread 160935] [32.0] [cxt 0] basic.p4(568) Condition "hdr.ethernet.etherType == TYPE_SRCROUTING" (node_4) is false
[02:45:45.682] [bmv2] [T] [thread 160935] [32.0] [cxt 0] basic.p4(581) Condition "hdr.ethernet.etherType == TYPE_YEQUDESU" (node_12) is false
[02:45:45.682] [bmv2] [T] [thread 160935] [32.0] [cxt 0] basic.p4(587) Condition "hdr.vxlan.isValid()" (node_15) is false
[02:45:45.682] [bmv2] [T] [thread 160935] [32.0] [cxt 0] basic.p4(591) Condition "hdr.ipv6.isValid()" (node_17) is true
[02:45:45.682] [bmv2] [T] [thread 160935] [32.0] [cxt 0] Applying table 'MyIngress.ipv6_lpm'
[02:45:45.682] [bmv2] [D] [thread 160935] [32.0] [cxt 0] Looking up key:
* hdr.ipv6.dstAddr    : ff0200000000000000000000000000fb

[02:45:45.682] [bmv2] [D] [thread 160935] [32.0] [cxt 0] Table 'MyIngress.ipv6_lpm': miss
[02:45:45.682] [bmv2] [D] [thread 160935] [32.0] [cxt 0] Action entry is NoAction - 
[02:45:45.682] [bmv2] [T] [thread 160935] [32.0] [cxt 0] Action NoAction
[02:45:45.682] [bmv2] [D] [thread 160935] [32.0] [cxt 0] Pipeline 'ingress': end
[02:45:45.682] [bmv2] [D] [thread 160935] [32.0] [cxt 0] Egress port is 0
[02:45:45.682] [bmv2] [D] [thread 160935] [33.0] [cxt 0] Processing packet received on port 1
[02:45:45.682] [bmv2] [D] [thread 160935] [33.0] [cxt 0] Parser 'parser': start
[02:45:45.682] [bmv2] [D] [thread 160935] [33.0] [cxt 0] Parser 'parser' entering state 'start'
[02:45:45.682] [bmv2] [D] [thread 160935] [33.0] [cxt 0] Extracting header 'ethernet'
[02:45:45.682] [bmv2] [D] [thread 160935] [33.0] [cxt 0] Parser state 'start': key is 86dd
[02:45:45.682] [bmv2] [T] [thread 160935] [33.0] [cxt 0] Bytes parsed: 14
[02:45:45.682] [bmv2] [D] [thread 160935] [33.0] [cxt 0] Parser 'parser' entering state 'parse_ipv6'
[02:45:45.682] [bmv2] [D] [thread 160935] [33.0] [cxt 0] Extracting header 'ipv6'
[02:45:45.682] [bmv2] [D] [thread 160935] [33.0] [cxt 0] Parser state 'parse_ipv6': key is 11
[02:45:45.682] [bmv2] [T] [thread 160935] [33.0] [cxt 0] Bytes parsed: 54
[02:45:45.682] [bmv2] [D] [thread 160935] [33.0] [cxt 0] Parser 'parser': end
[02:45:45.682] [bmv2] [D] [thread 160935] [33.0] [cxt 0] Pipeline 'ingress': start
[02:45:45.682] [bmv2] [T] [thread 160935] [33.0] [cxt 0] basic.p4(565) Condition "hdr.ethernet.etherType == TYPE_ARP" (node_2) is false
[02:45:45.682] [bmv2] [T] [thread 160935] [33.0] [cxt 0] basic.p4(568) Condition "hdr.ethernet.etherType == TYPE_SRCROUTING" (node_4) is false
[02:45:45.682] [bmv2] [T] [thread 160935] [33.0] [cxt 0] basic.p4(581) Condition "hdr.ethernet.etherType == TYPE_YEQUDESU" (node_12) is false
[02:45:45.682] [bmv2] [T] [thread 160935] [33.0] [cxt 0] basic.p4(587) Condition "hdr.vxlan.isValid()" (node_15) is false
[02:45:45.682] [bmv2] [T] [thread 160935] [33.0] [cxt 0] basic.p4(591) Condition "hdr.ipv6.isValid()" (node_17) is true
[02:45:45.682] [bmv2] [T] [thread 160935] [33.0] [cxt 0] Applying table 'MyIngress.ipv6_lpm'
[02:45:45.682] [bmv2] [D] [thread 160935] [33.0] [cxt 0] Looking up key:
* hdr.ipv6.dstAddr    : ff0200000000000000000000000000fb

[02:45:45.682] [bmv2] [D] [thread 160935] [33.0] [cxt 0] Table 'MyIngress.ipv6_lpm': miss
[02:45:45.682] [bmv2] [D] [thread 160936] [32.0] [cxt 0] Pipeline 'egress': start
[02:45:45.682] [bmv2] [T] [thread 160936] [32.0] [cxt 0] Applying table 'MyEgress.egress_encap_ipv6'
[02:45:45.682] [bmv2] [D] [thread 160936] [32.0] [cxt 0] Looking up key:
* standard_metadata.egress_port: 0000

[02:45:45.682] [bmv2] [D] [thread 160936] [32.0] [cxt 0] Table 'MyEgress.egress_encap_ipv6': miss
[02:45:45.682] [bmv2] [D] [thread 160936] [32.0] [cxt 0] Action entry is NoAction - 
[02:45:45.682] [bmv2] [T] [thread 160936] [32.0] [cxt 0] Action NoAction
[02:45:45.682] [bmv2] [T] [thread 160936] [32.0] [cxt 0] Applying table 'MyEgress.egress_encap_yequdesu'
[02:45:45.682] [bmv2] [D] [thread 160935] [33.0] [cxt 0] Action entry is NoAction - 
[02:45:45.682] [bmv2] [D] [thread 160936] [32.0] [cxt 0] Looking up key:
* standard_metadata.egress_port: 0000

[02:45:45.682] [bmv2] [T] [thread 160935] [33.0] [cxt 0] Action NoAction
[02:45:45.682] [bmv2] [D] [thread 160936] [32.0] [cxt 0] Table 'MyEgress.egress_encap_yequdesu': miss
[02:45:45.682] [bmv2] [D] [thread 160935] [33.0] [cxt 0] Pipeline 'ingress': end
[02:45:45.682] [bmv2] [D] [thread 160935] [33.0] [cxt 0] Egress port is 0
[02:45:45.682] [bmv2] [D] [thread 160936] [32.0] [cxt 0] Action entry is NoAction - 
[02:45:45.682] [bmv2] [T] [thread 160936] [32.0] [cxt 0] Action NoAction
[02:45:45.682] [bmv2] [T] [thread 160936] [32.0] [cxt 0] Applying table 'MyEgress.egress_encap_vxlan'
[02:45:45.682] [bmv2] [D] [thread 160936] [32.0] [cxt 0] Looking up key:
* standard_metadata.egress_port: 0000

[02:45:45.682] [bmv2] [D] [thread 160936] [32.0] [cxt 0] Table 'MyEgress.egress_encap_vxlan': miss
[02:45:45.682] [bmv2] [D] [thread 160936] [32.0] [cxt 0] Action entry is NoAction - 
[02:45:45.682] [bmv2] [T] [thread 160936] [32.0] [cxt 0] Action NoAction
[02:45:45.682] [bmv2] [D] [thread 160936] [32.0] [cxt 0] Pipeline 'egress': end
[02:45:45.682] [bmv2] [D] [thread 160936] [32.0] [cxt 0] Deparser 'deparser': start
[02:45:45.682] [bmv2] [T] [thread 160936] [32.0] [cxt 0] Skipping checksum 'cksum' update because condition not met
[02:45:45.682] [bmv2] [D] [thread 160936] [32.0] [cxt 0] Deparsing header 'ethernet'
[02:45:45.682] [bmv2] [D] [thread 160936] [32.0] [cxt 0] Deparsing header 'ipv6'
[02:45:45.682] [bmv2] [D] [thread 160936] [32.0] [cxt 0] Deparser 'deparser': end
[02:45:45.682] [bmv2] [D] [thread 160936] [33.0] [cxt 0] Pipeline 'egress': start
[02:45:45.682] [bmv2] [T] [thread 160936] [33.0] [cxt 0] Applying table 'MyEgress.egress_encap_ipv6'
[02:45:45.682] [bmv2] [D] [thread 160936] [33.0] [cxt 0] Looking up key:
* standard_metadata.egress_port: 0000

[02:45:45.682] [bmv2] [D] [thread 160940] [32.0] [cxt 0] Transmitting packet of size 203 out of port 0
[02:45:45.682] [bmv2] [D] [thread 160936] [33.0] [cxt 0] Table 'MyEgress.egress_encap_ipv6': miss
[02:45:45.682] [bmv2] [D] [thread 160936] [33.0] [cxt 0] Action entry is NoAction - 
[02:45:45.682] [bmv2] [T] [thread 160936] [33.0] [cxt 0] Action NoAction
[02:45:45.682] [bmv2] [T] [thread 160936] [33.0] [cxt 0] Applying table 'MyEgress.egress_encap_yequdesu'
[02:45:45.682] [bmv2] [D] [thread 160936] [33.0] [cxt 0] Looking up key:
* standard_metadata.egress_port: 0000

[02:45:45.682] [bmv2] [D] [thread 160936] [33.0] [cxt 0] Table 'MyEgress.egress_encap_yequdesu': miss
[02:45:45.682] [bmv2] [D] [thread 160936] [33.0] [cxt 0] Action entry is NoAction - 
[02:45:45.682] [bmv2] [T] [thread 160936] [33.0] [cxt 0] Action NoAction
[02:45:45.682] [bmv2] [T] [thread 160936] [33.0] [cxt 0] Applying table 'MyEgress.egress_encap_vxlan'
[02:45:45.682] [bmv2] [D] [thread 160936] [33.0] [cxt 0] Looking up key:
* standard_metadata.egress_port: 0000

[02:45:45.682] [bmv2] [D] [thread 160936] [33.0] [cxt 0] Table 'MyEgress.egress_encap_vxlan': miss
[02:45:45.682] [bmv2] [D] [thread 160936] [33.0] [cxt 0] Action entry is NoAction - 
[02:45:45.682] [bmv2] [T] [thread 160936] [33.0] [cxt 0] Action NoAction
[02:45:45.682] [bmv2] [D] [thread 160936] [33.0] [cxt 0] Pipeline 'egress': end
[02:45:45.682] [bmv2] [D] [thread 160936] [33.0] [cxt 0] Deparser 'deparser': start
[02:45:45.682] [bmv2] [T] [thread 160936] [33.0] [cxt 0] Skipping checksum 'cksum' update because condition not met
[02:45:45.682] [bmv2] [D] [thread 160936] [33.0] [cxt 0] Deparsing header 'ethernet'
[02:45:45.682] [bmv2] [D] [thread 160936] [33.0] [cxt 0] Deparsing header 'ipv6'
[02:45:45.682] [bmv2] [D] [thread 160936] [33.0] [cxt 0] Deparser 'deparser': end
[02:45:45.682] [bmv2] [D] [thread 160940] [33.0] [cxt 0] Transmitting packet of size 203 out of port 0
[02:45:46.002] [bmv2] [D] [thread 160935] [34.0] [cxt 0] Processing packet received on port 2
[02:45:46.002] [bmv2] [D] [thread 160935] [34.0] [cxt 0] Parser 'parser': start
[02:45:46.002] [bmv2] [D] [thread 160935] [34.0] [cxt 0] Parser 'parser' entering state 'start'
[02:45:46.002] [bmv2] [D] [thread 160935] [34.0] [cxt 0] Extracting header 'ethernet'
[02:45:46.002] [bmv2] [D] [thread 160935] [34.0] [cxt 0] Parser state 'start': key is 86dd
[02:45:46.002] [bmv2] [T] [thread 160935] [34.0] [cxt 0] Bytes parsed: 14
[02:45:46.002] [bmv2] [D] [thread 160935] [34.0] [cxt 0] Parser 'parser' entering state 'parse_ipv6'
[02:45:46.002] [bmv2] [D] [thread 160935] [34.0] [cxt 0] Extracting header 'ipv6'
[02:45:46.002] [bmv2] [D] [thread 160935] [34.0] [cxt 0] Parser state 'parse_ipv6': key is 11
[02:45:46.002] [bmv2] [T] [thread 160935] [34.0] [cxt 0] Bytes parsed: 54
[02:45:46.002] [bmv2] [D] [thread 160935] [34.0] [cxt 0] Parser 'parser': end
[02:45:46.002] [bmv2] [D] [thread 160935] [34.0] [cxt 0] Pipeline 'ingress': start
[02:45:46.002] [bmv2] [T] [thread 160935] [34.0] [cxt 0] basic.p4(565) Condition "hdr.ethernet.etherType == TYPE_ARP" (node_2) is false
[02:45:46.002] [bmv2] [T] [thread 160935] [34.0] [cxt 0] basic.p4(568) Condition "hdr.ethernet.etherType == TYPE_SRCROUTING" (node_4) is false
[02:45:46.002] [bmv2] [T] [thread 160935] [34.0] [cxt 0] basic.p4(581) Condition "hdr.ethernet.etherType == TYPE_YEQUDESU" (node_12) is false
[02:45:46.002] [bmv2] [T] [thread 160935] [34.0] [cxt 0] basic.p4(587) Condition "hdr.vxlan.isValid()" (node_15) is false
[02:45:46.002] [bmv2] [T] [thread 160935] [34.0] [cxt 0] basic.p4(591) Condition "hdr.ipv6.isValid()" (node_17) is true
[02:45:46.002] [bmv2] [T] [thread 160935] [34.0] [cxt 0] Applying table 'MyIngress.ipv6_lpm'
[02:45:46.002] [bmv2] [D] [thread 160935] [34.0] [cxt 0] Looking up key:
* hdr.ipv6.dstAddr    : ff0200000000000000000000000000fb

[02:45:46.002] [bmv2] [D] [thread 160935] [34.0] [cxt 0] Table 'MyIngress.ipv6_lpm': miss
[02:45:46.002] [bmv2] [D] [thread 160935] [34.0] [cxt 0] Action entry is NoAction - 
[02:45:46.002] [bmv2] [T] [thread 160935] [34.0] [cxt 0] Action NoAction
[02:45:46.002] [bmv2] [D] [thread 160935] [34.0] [cxt 0] Pipeline 'ingress': end
[02:45:46.002] [bmv2] [D] [thread 160935] [34.0] [cxt 0] Egress port is 0
[02:45:46.002] [bmv2] [D] [thread 160936] [34.0] [cxt 0] Pipeline 'egress': start
[02:45:46.002] [bmv2] [T] [thread 160936] [34.0] [cxt 0] Applying table 'MyEgress.egress_encap_ipv6'
[02:45:46.002] [bmv2] [D] [thread 160936] [34.0] [cxt 0] Looking up key:
* standard_metadata.egress_port: 0000

[02:45:46.002] [bmv2] [D] [thread 160936] [34.0] [cxt 0] Table 'MyEgress.egress_encap_ipv6': miss
[02:45:46.002] [bmv2] [D] [thread 160936] [34.0] [cxt 0] Action entry is NoAction - 
[02:45:46.002] [bmv2] [T] [thread 160936] [34.0] [cxt 0] Action NoAction
[02:45:46.002] [bmv2] [T] [thread 160936] [34.0] [cxt 0] Applying table 'MyEgress.egress_encap_yequdesu'
[02:45:46.002] [bmv2] [D] [thread 160936] [34.0] [cxt 0] Looking up key:
* standard_metadata.egress_port: 0000

[02:45:46.002] [bmv2] [D] [thread 160936] [34.0] [cxt 0] Table 'MyEgress.egress_encap_yequdesu': miss
[02:45:46.002] [bmv2] [D] [thread 160936] [34.0] [cxt 0] Action entry is NoAction - 
[02:45:46.002] [bmv2] [T] [thread 160936] [34.0] [cxt 0] Action NoAction
[02:45:46.002] [bmv2] [T] [thread 160936] [34.0] [cxt 0] Applying table 'MyEgress.egress_encap_vxlan'
[02:45:46.002] [bmv2] [D] [thread 160936] [34.0] [cxt 0] Looking up key:
* standard_metadata.egress_port: 0000

[02:45:46.002] [bmv2] [D] [thread 160936] [34.0] [cxt 0] Table 'MyEgress.egress_encap_vxlan': miss
[02:45:46.002] [bmv2] [D] [thread 160936] [34.0] [cxt 0] Action entry is NoAction - 
[02:45:46.002] [bmv2] [T] [thread 160936] [34.0] [cxt 0] Action NoAction
[02:45:46.002] [bmv2] [D] [thread 160936] [34.0] [cxt 0] Pipeline 'egress': end
[02:45:46.002] [bmv2] [D] [thread 160936] [34.0] [cxt 0] Deparser 'deparser': start
[02:45:46.002] [bmv2] [T] [thread 160936] [34.0] [cxt 0] Skipping checksum 'cksum' update because condition not met
[02:45:46.002] [bmv2] [D] [thread 160936] [34.0] [cxt 0] Deparsing header 'ethernet'
[02:45:46.002] [bmv2] [D] [thread 160936] [34.0] [cxt 0] Deparsing header 'ipv6'
[02:45:46.002] [bmv2] [D] [thread 160936] [34.0] [cxt 0] Deparser 'deparser': end
[02:45:46.002] [bmv2] [D] [thread 160940] [34.0] [cxt 0] Transmitting packet of size 203 out of port 0
[02:45:46.131] [bmv2] [D] [thread 160935] [35.0] [cxt 0] Processing packet received on port 1
[02:45:46.131] [bmv2] [D] [thread 160935] [35.0] [cxt 0] Parser 'parser': start
[02:45:46.131] [bmv2] [D] [thread 160935] [35.0] [cxt 0] Parser 'parser' entering state 'start'
[02:45:46.131] [bmv2] [D] [thread 160935] [35.0] [cxt 0] Extracting header 'ethernet'
[02:45:46.131] [bmv2] [D] [thread 160935] [35.0] [cxt 0] Parser state 'start': key is 86dd
[02:45:46.131] [bmv2] [T] [thread 160935] [35.0] [cxt 0] Bytes parsed: 14
[02:45:46.131] [bmv2] [D] [thread 160935] [35.0] [cxt 0] Parser 'parser' entering state 'parse_ipv6'
[02:45:46.131] [bmv2] [D] [thread 160935] [35.0] [cxt 0] Extracting header 'ipv6'
[02:45:46.131] [bmv2] [D] [thread 160935] [35.0] [cxt 0] Parser state 'parse_ipv6': key is 11
[02:45:46.131] [bmv2] [T] [thread 160935] [35.0] [cxt 0] Bytes parsed: 54
[02:45:46.131] [bmv2] [D] [thread 160935] [35.0] [cxt 0] Parser 'parser': end
[02:45:46.131] [bmv2] [D] [thread 160935] [35.0] [cxt 0] Pipeline 'ingress': start
[02:45:46.131] [bmv2] [T] [thread 160935] [35.0] [cxt 0] basic.p4(565) Condition "hdr.ethernet.etherType == TYPE_ARP" (node_2) is false
[02:45:46.131] [bmv2] [T] [thread 160935] [35.0] [cxt 0] basic.p4(568) Condition "hdr.ethernet.etherType == TYPE_SRCROUTING" (node_4) is false
[02:45:46.131] [bmv2] [T] [thread 160935] [35.0] [cxt 0] basic.p4(581) Condition "hdr.ethernet.etherType == TYPE_YEQUDESU" (node_12) is false
[02:45:46.131] [bmv2] [T] [thread 160935] [35.0] [cxt 0] basic.p4(587) Condition "hdr.vxlan.isValid()" (node_15) is false
[02:45:46.131] [bmv2] [T] [thread 160935] [35.0] [cxt 0] basic.p4(591) Condition "hdr.ipv6.isValid()" (node_17) is true
[02:45:46.131] [bmv2] [T] [thread 160935] [35.0] [cxt 0] Applying table 'MyIngress.ipv6_lpm'
[02:45:46.131] [bmv2] [D] [thread 160935] [35.0] [cxt 0] Looking up key:
* hdr.ipv6.dstAddr    : ff0200000000000000000000000000fb

[02:45:46.131] [bmv2] [D] [thread 160935] [35.0] [cxt 0] Table 'MyIngress.ipv6_lpm': miss
[02:45:46.131] [bmv2] [D] [thread 160935] [35.0] [cxt 0] Action entry is NoAction - 
[02:45:46.131] [bmv2] [T] [thread 160935] [35.0] [cxt 0] Action NoAction
[02:45:46.131] [bmv2] [D] [thread 160935] [35.0] [cxt 0] Pipeline 'ingress': end
[02:45:46.131] [bmv2] [D] [thread 160935] [35.0] [cxt 0] Egress port is 0
[02:45:46.131] [bmv2] [D] [thread 160936] [35.0] [cxt 0] Pipeline 'egress': start
[02:45:46.131] [bmv2] [T] [thread 160936] [35.0] [cxt 0] Applying table 'MyEgress.egress_encap_ipv6'
[02:45:46.131] [bmv2] [D] [thread 160936] [35.0] [cxt 0] Looking up key:
* standard_metadata.egress_port: 0000

[02:45:46.131] [bmv2] [D] [thread 160936] [35.0] [cxt 0] Table 'MyEgress.egress_encap_ipv6': miss
[02:45:46.131] [bmv2] [D] [thread 160936] [35.0] [cxt 0] Action entry is NoAction - 
[02:45:46.131] [bmv2] [T] [thread 160936] [35.0] [cxt 0] Action NoAction
[02:45:46.131] [bmv2] [T] [thread 160936] [35.0] [cxt 0] Applying table 'MyEgress.egress_encap_yequdesu'
[02:45:46.131] [bmv2] [D] [thread 160936] [35.0] [cxt 0] Looking up key:
* standard_metadata.egress_port: 0000

[02:45:46.131] [bmv2] [D] [thread 160936] [35.0] [cxt 0] Table 'MyEgress.egress_encap_yequdesu': miss
[02:45:46.131] [bmv2] [D] [thread 160936] [35.0] [cxt 0] Action entry is NoAction - 
[02:45:46.131] [bmv2] [T] [thread 160936] [35.0] [cxt 0] Action NoAction
[02:45:46.131] [bmv2] [T] [thread 160936] [35.0] [cxt 0] Applying table 'MyEgress.egress_encap_vxlan'
[02:45:46.131] [bmv2] [D] [thread 160936] [35.0] [cxt 0] Looking up key:
* standard_metadata.egress_port: 0000

[02:45:46.131] [bmv2] [D] [thread 160936] [35.0] [cxt 0] Table 'MyEgress.egress_encap_vxlan': miss
[02:45:46.131] [bmv2] [D] [thread 160936] [35.0] [cxt 0] Action entry is NoAction - 
[02:45:46.131] [bmv2] [T] [thread 160936] [35.0] [cxt 0] Action NoAction
[02:45:46.131] [bmv2] [D] [thread 160936] [35.0] [cxt 0] Pipeline 'egress': end
[02:45:46.131] [bmv2] [D] [thread 160936] [35.0] [cxt 0] Deparser 'deparser': start
[02:45:46.131] [bmv2] [T] [thread 160936] [35.0] [cxt 0] Skipping checksum 'cksum' update because condition not met
[02:45:46.131] [bmv2] [D] [thread 160936] [35.0] [cxt 0] Deparsing header 'ethernet'
[02:45:46.131] [bmv2] [D] [thread 160936] [35.0] [cxt 0] Deparsing header 'ipv6'
[02:45:46.131] [bmv2] [D] [thread 160936] [35.0] [cxt 0] Deparser 'deparser': end
[02:45:46.131] [bmv2] [D] [thread 160940] [35.0] [cxt 0] Transmitting packet of size 203 out of port 0
[02:46:06.606] [bmv2] [D] [thread 160935] [36.0] [cxt 0] Processing packet received on port 2
[02:46:06.606] [bmv2] [D] [thread 160935] [36.0] [cxt 0] Parser 'parser': start
[02:46:06.606] [bmv2] [D] [thread 160935] [36.0] [cxt 0] Parser 'parser' entering state 'start'
[02:46:06.606] [bmv2] [D] [thread 160935] [36.0] [cxt 0] Extracting header 'ethernet'
[02:46:06.606] [bmv2] [D] [thread 160935] [36.0] [cxt 0] Parser state 'start': key is 86dd
[02:46:06.606] [bmv2] [T] [thread 160935] [36.0] [cxt 0] Bytes parsed: 14
[02:46:06.606] [bmv2] [D] [thread 160935] [36.0] [cxt 0] Parser 'parser' entering state 'parse_ipv6'
[02:46:06.606] [bmv2] [D] [thread 160935] [36.0] [cxt 0] Extracting header 'ipv6'
[02:46:06.606] [bmv2] [D] [thread 160935] [36.0] [cxt 0] Parser state 'parse_ipv6': key is 3a
[02:46:06.606] [bmv2] [T] [thread 160935] [36.0] [cxt 0] Bytes parsed: 54
[02:46:06.606] [bmv2] [D] [thread 160935] [36.0] [cxt 0] Parser 'parser': end
[02:46:06.606] [bmv2] [D] [thread 160935] [36.0] [cxt 0] Pipeline 'ingress': start
[02:46:06.606] [bmv2] [T] [thread 160935] [36.0] [cxt 0] basic.p4(565) Condition "hdr.ethernet.etherType == TYPE_ARP" (node_2) is false
[02:46:06.606] [bmv2] [T] [thread 160935] [36.0] [cxt 0] basic.p4(568) Condition "hdr.ethernet.etherType == TYPE_SRCROUTING" (node_4) is false
[02:46:06.606] [bmv2] [T] [thread 160935] [36.0] [cxt 0] basic.p4(581) Condition "hdr.ethernet.etherType == TYPE_YEQUDESU" (node_12) is false
[02:46:06.606] [bmv2] [T] [thread 160935] [36.0] [cxt 0] basic.p4(587) Condition "hdr.vxlan.isValid()" (node_15) is false
[02:46:06.606] [bmv2] [T] [thread 160935] [36.0] [cxt 0] basic.p4(591) Condition "hdr.ipv6.isValid()" (node_17) is true
[02:46:06.606] [bmv2] [T] [thread 160935] [36.0] [cxt 0] Applying table 'MyIngress.ipv6_lpm'
[02:46:06.606] [bmv2] [D] [thread 160935] [36.0] [cxt 0] Looking up key:
* hdr.ipv6.dstAddr    : ff020000000000000000000000000002

[02:46:06.606] [bmv2] [D] [thread 160935] [36.0] [cxt 0] Table 'MyIngress.ipv6_lpm': miss
[02:46:06.606] [bmv2] [D] [thread 160935] [36.0] [cxt 0] Action entry is NoAction - 
[02:46:06.606] [bmv2] [T] [thread 160935] [36.0] [cxt 0] Action NoAction
[02:46:06.606] [bmv2] [D] [thread 160935] [36.0] [cxt 0] Pipeline 'ingress': end
[02:46:06.606] [bmv2] [D] [thread 160935] [36.0] [cxt 0] Egress port is 0
[02:46:06.606] [bmv2] [D] [thread 160936] [36.0] [cxt 0] Pipeline 'egress': start
[02:46:06.606] [bmv2] [T] [thread 160936] [36.0] [cxt 0] Applying table 'MyEgress.egress_encap_ipv6'
[02:46:06.606] [bmv2] [D] [thread 160936] [36.0] [cxt 0] Looking up key:
* standard_metadata.egress_port: 0000

[02:46:06.606] [bmv2] [D] [thread 160936] [36.0] [cxt 0] Table 'MyEgress.egress_encap_ipv6': miss
[02:46:06.606] [bmv2] [D] [thread 160936] [36.0] [cxt 0] Action entry is NoAction - 
[02:46:06.606] [bmv2] [T] [thread 160936] [36.0] [cxt 0] Action NoAction
[02:46:06.606] [bmv2] [T] [thread 160936] [36.0] [cxt 0] Applying table 'MyEgress.egress_encap_yequdesu'
[02:46:06.606] [bmv2] [D] [thread 160936] [36.0] [cxt 0] Looking up key:
* standard_metadata.egress_port: 0000

[02:46:06.606] [bmv2] [D] [thread 160936] [36.0] [cxt 0] Table 'MyEgress.egress_encap_yequdesu': miss
[02:46:06.606] [bmv2] [D] [thread 160936] [36.0] [cxt 0] Action entry is NoAction - 
[02:46:06.606] [bmv2] [T] [thread 160936] [36.0] [cxt 0] Action NoAction
[02:46:06.606] [bmv2] [T] [thread 160936] [36.0] [cxt 0] Applying table 'MyEgress.egress_encap_vxlan'
[02:46:06.606] [bmv2] [D] [thread 160936] [36.0] [cxt 0] Looking up key:
* standard_metadata.egress_port: 0000

[02:46:06.606] [bmv2] [D] [thread 160936] [36.0] [cxt 0] Table 'MyEgress.egress_encap_vxlan': miss
[02:46:06.606] [bmv2] [D] [thread 160936] [36.0] [cxt 0] Action entry is NoAction - 
[02:46:06.606] [bmv2] [T] [thread 160936] [36.0] [cxt 0] Action NoAction
[02:46:06.606] [bmv2] [D] [thread 160936] [36.0] [cxt 0] Pipeline 'egress': end
[02:46:06.606] [bmv2] [D] [thread 160936] [36.0] [cxt 0] Deparser 'deparser': start
[02:46:06.606] [bmv2] [T] [thread 160936] [36.0] [cxt 0] Skipping checksum 'cksum' update because condition not met
[02:46:06.606] [bmv2] [D] [thread 160936] [36.0] [cxt 0] Deparsing header 'ethernet'
[02:46:06.606] [bmv2] [D] [thread 160936] [36.0] [cxt 0] Deparsing header 'ipv6'
[02:46:06.606] [bmv2] [D] [thread 160936] [36.0] [cxt 0] Deparser 'deparser': end
[02:46:06.606] [bmv2] [D] [thread 160940] [36.0] [cxt 0] Transmitting packet of size 70 out of port 0
[02:46:11.726] [bmv2] [D] [thread 160935] [37.0] [cxt 0] Processing packet received on port 2
[02:46:11.726] [bmv2] [D] [thread 160935] [37.0] [cxt 0] Parser 'parser': start
[02:46:11.726] [bmv2] [D] [thread 160935] [37.0] [cxt 0] Parser 'parser' entering state 'start'
[02:46:11.726] [bmv2] [D] [thread 160935] [37.0] [cxt 0] Extracting header 'ethernet'
[02:46:11.726] [bmv2] [D] [thread 160935] [37.0] [cxt 0] Parser state 'start': key is 86dd
[02:46:11.726] [bmv2] [T] [thread 160935] [37.0] [cxt 0] Bytes parsed: 14
[02:46:11.726] [bmv2] [D] [thread 160935] [37.0] [cxt 0] Parser 'parser' entering state 'parse_ipv6'
[02:46:11.726] [bmv2] [D] [thread 160935] [37.0] [cxt 0] Extracting header 'ipv6'
[02:46:11.726] [bmv2] [D] [thread 160935] [37.0] [cxt 0] Parser state 'parse_ipv6': key is 3a
[02:46:11.726] [bmv2] [T] [thread 160935] [37.0] [cxt 0] Bytes parsed: 54
[02:46:11.726] [bmv2] [D] [thread 160935] [37.0] [cxt 0] Parser 'parser': end
[02:46:11.726] [bmv2] [D] [thread 160935] [37.0] [cxt 0] Pipeline 'ingress': start
[02:46:11.726] [bmv2] [T] [thread 160935] [37.0] [cxt 0] basic.p4(565) Condition "hdr.ethernet.etherType == TYPE_ARP" (node_2) is false
[02:46:11.726] [bmv2] [T] [thread 160935] [37.0] [cxt 0] basic.p4(568) Condition "hdr.ethernet.etherType == TYPE_SRCROUTING" (node_4) is false
[02:46:11.726] [bmv2] [T] [thread 160935] [37.0] [cxt 0] basic.p4(581) Condition "hdr.ethernet.etherType == TYPE_YEQUDESU" (node_12) is false
[02:46:11.726] [bmv2] [T] [thread 160935] [37.0] [cxt 0] basic.p4(587) Condition "hdr.vxlan.isValid()" (node_15) is false
[02:46:11.726] [bmv2] [T] [thread 160935] [37.0] [cxt 0] basic.p4(591) Condition "hdr.ipv6.isValid()" (node_17) is true
[02:46:11.726] [bmv2] [T] [thread 160935] [37.0] [cxt 0] Applying table 'MyIngress.ipv6_lpm'
[02:46:11.726] [bmv2] [D] [thread 160935] [37.0] [cxt 0] Looking up key:
* hdr.ipv6.dstAddr    : ff020000000000000000000000000002

[02:46:11.726] [bmv2] [D] [thread 160935] [37.0] [cxt 0] Table 'MyIngress.ipv6_lpm': miss
[02:46:11.726] [bmv2] [D] [thread 160935] [37.0] [cxt 0] Action entry is NoAction - 
[02:46:11.726] [bmv2] [T] [thread 160935] [37.0] [cxt 0] Action NoAction
[02:46:11.726] [bmv2] [D] [thread 160935] [37.0] [cxt 0] Pipeline 'ingress': end
[02:46:11.726] [bmv2] [D] [thread 160935] [37.0] [cxt 0] Egress port is 0
[02:46:11.726] [bmv2] [D] [thread 160936] [37.0] [cxt 0] Pipeline 'egress': start
[02:46:11.726] [bmv2] [T] [thread 160936] [37.0] [cxt 0] Applying table 'MyEgress.egress_encap_ipv6'
[02:46:11.726] [bmv2] [D] [thread 160936] [37.0] [cxt 0] Looking up key:
* standard_metadata.egress_port: 0000

[02:46:11.726] [bmv2] [D] [thread 160936] [37.0] [cxt 0] Table 'MyEgress.egress_encap_ipv6': miss
[02:46:11.726] [bmv2] [D] [thread 160936] [37.0] [cxt 0] Action entry is NoAction - 
[02:46:11.726] [bmv2] [T] [thread 160936] [37.0] [cxt 0] Action NoAction
[02:46:11.726] [bmv2] [T] [thread 160936] [37.0] [cxt 0] Applying table 'MyEgress.egress_encap_yequdesu'
[02:46:11.726] [bmv2] [D] [thread 160936] [37.0] [cxt 0] Looking up key:
* standard_metadata.egress_port: 0000

[02:46:11.726] [bmv2] [D] [thread 160936] [37.0] [cxt 0] Table 'MyEgress.egress_encap_yequdesu': miss
[02:46:11.726] [bmv2] [D] [thread 160936] [37.0] [cxt 0] Action entry is NoAction - 
[02:46:11.726] [bmv2] [T] [thread 160936] [37.0] [cxt 0] Action NoAction
[02:46:11.726] [bmv2] [T] [thread 160936] [37.0] [cxt 0] Applying table 'MyEgress.egress_encap_vxlan'
[02:46:11.726] [bmv2] [D] [thread 160936] [37.0] [cxt 0] Looking up key:
* standard_metadata.egress_port: 0000

[02:46:11.726] [bmv2] [D] [thread 160936] [37.0] [cxt 0] Table 'MyEgress.egress_encap_vxlan': miss
[02:46:11.726] [bmv2] [D] [thread 160936] [37.0] [cxt 0] Action entry is NoAction - 
[02:46:11.726] [bmv2] [T] [thread 160936] [37.0] [cxt 0] Action NoAction
[02:46:11.726] [bmv2] [D] [thread 160936] [37.0] [cxt 0] Pipeline 'egress': end
[02:46:11.726] [bmv2] [D] [thread 160936] [37.0] [cxt 0] Deparser 'deparser': start
[02:46:11.726] [bmv2] [T] [thread 160936] [37.0] [cxt 0] Skipping checksum 'cksum' update because condition not met
[02:46:11.726] [bmv2] [D] [thread 160936] [37.0] [cxt 0] Deparsing header 'ethernet'
[02:46:11.726] [bmv2] [D] [thread 160936] [37.0] [cxt 0] Deparsing header 'ipv6'
[02:46:11.726] [bmv2] [D] [thread 160936] [37.0] [cxt 0] Deparser 'deparser': end
[02:46:11.727] [bmv2] [D] [thread 160940] [37.0] [cxt 0] Transmitting packet of size 70 out of port 0
[02:46:13.775] [bmv2] [D] [thread 160935] [38.0] [cxt 0] Processing packet received on port 1
[02:46:13.775] [bmv2] [D] [thread 160935] [38.0] [cxt 0] Parser 'parser': start
[02:46:13.775] [bmv2] [D] [thread 160935] [38.0] [cxt 0] Parser 'parser' entering state 'start'
[02:46:13.775] [bmv2] [D] [thread 160935] [38.0] [cxt 0] Extracting header 'ethernet'
[02:46:13.775] [bmv2] [D] [thread 160935] [38.0] [cxt 0] Parser state 'start': key is 86dd
[02:46:13.775] [bmv2] [T] [thread 160935] [38.0] [cxt 0] Bytes parsed: 14
[02:46:13.775] [bmv2] [D] [thread 160935] [38.0] [cxt 0] Parser 'parser' entering state 'parse_ipv6'
[02:46:13.775] [bmv2] [D] [thread 160935] [38.0] [cxt 0] Extracting header 'ipv6'
[02:46:13.775] [bmv2] [D] [thread 160935] [38.0] [cxt 0] Parser state 'parse_ipv6': key is 3a
[02:46:13.775] [bmv2] [T] [thread 160935] [38.0] [cxt 0] Bytes parsed: 54
[02:46:13.775] [bmv2] [D] [thread 160935] [38.0] [cxt 0] Parser 'parser': end
[02:46:13.775] [bmv2] [D] [thread 160935] [38.0] [cxt 0] Pipeline 'ingress': start
[02:46:13.775] [bmv2] [T] [thread 160935] [38.0] [cxt 0] basic.p4(565) Condition "hdr.ethernet.etherType == TYPE_ARP" (node_2) is false
[02:46:13.775] [bmv2] [T] [thread 160935] [38.0] [cxt 0] basic.p4(568) Condition "hdr.ethernet.etherType == TYPE_SRCROUTING" (node_4) is false
[02:46:13.775] [bmv2] [T] [thread 160935] [38.0] [cxt 0] basic.p4(581) Condition "hdr.ethernet.etherType == TYPE_YEQUDESU" (node_12) is false
[02:46:13.775] [bmv2] [T] [thread 160935] [38.0] [cxt 0] basic.p4(587) Condition "hdr.vxlan.isValid()" (node_15) is false
[02:46:13.775] [bmv2] [T] [thread 160935] [38.0] [cxt 0] basic.p4(591) Condition "hdr.ipv6.isValid()" (node_17) is true
[02:46:13.775] [bmv2] [T] [thread 160935] [38.0] [cxt 0] Applying table 'MyIngress.ipv6_lpm'
[02:46:13.775] [bmv2] [D] [thread 160935] [38.0] [cxt 0] Looking up key:
* hdr.ipv6.dstAddr    : ff020000000000000000000000000002

[02:46:13.775] [bmv2] [D] [thread 160935] [38.0] [cxt 0] Table 'MyIngress.ipv6_lpm': miss
[02:46:13.775] [bmv2] [D] [thread 160935] [38.0] [cxt 0] Action entry is NoAction - 
[02:46:13.775] [bmv2] [T] [thread 160935] [38.0] [cxt 0] Action NoAction
[02:46:13.775] [bmv2] [D] [thread 160935] [38.0] [cxt 0] Pipeline 'ingress': end
[02:46:13.775] [bmv2] [D] [thread 160935] [38.0] [cxt 0] Egress port is 0
[02:46:13.775] [bmv2] [D] [thread 160936] [38.0] [cxt 0] Pipeline 'egress': start
[02:46:13.775] [bmv2] [T] [thread 160936] [38.0] [cxt 0] Applying table 'MyEgress.egress_encap_ipv6'
[02:46:13.775] [bmv2] [D] [thread 160936] [38.0] [cxt 0] Looking up key:
* standard_metadata.egress_port: 0000

[02:46:13.775] [bmv2] [D] [thread 160936] [38.0] [cxt 0] Table 'MyEgress.egress_encap_ipv6': miss
[02:46:13.775] [bmv2] [D] [thread 160936] [38.0] [cxt 0] Action entry is NoAction - 
[02:46:13.775] [bmv2] [T] [thread 160936] [38.0] [cxt 0] Action NoAction
[02:46:13.775] [bmv2] [T] [thread 160936] [38.0] [cxt 0] Applying table 'MyEgress.egress_encap_yequdesu'
[02:46:13.775] [bmv2] [D] [thread 160936] [38.0] [cxt 0] Looking up key:
* standard_metadata.egress_port: 0000

[02:46:13.775] [bmv2] [D] [thread 160936] [38.0] [cxt 0] Table 'MyEgress.egress_encap_yequdesu': miss
[02:46:13.775] [bmv2] [D] [thread 160936] [38.0] [cxt 0] Action entry is NoAction - 
[02:46:13.775] [bmv2] [T] [thread 160936] [38.0] [cxt 0] Action NoAction
[02:46:13.775] [bmv2] [T] [thread 160936] [38.0] [cxt 0] Applying table 'MyEgress.egress_encap_vxlan'
[02:46:13.775] [bmv2] [D] [thread 160936] [38.0] [cxt 0] Looking up key:
* standard_metadata.egress_port: 0000

[02:46:13.775] [bmv2] [D] [thread 160936] [38.0] [cxt 0] Table 'MyEgress.egress_encap_vxlan': miss
[02:46:13.775] [bmv2] [D] [thread 160936] [38.0] [cxt 0] Action entry is NoAction - 
[02:46:13.775] [bmv2] [T] [thread 160936] [38.0] [cxt 0] Action NoAction
[02:46:13.775] [bmv2] [D] [thread 160936] [38.0] [cxt 0] Pipeline 'egress': end
[02:46:13.775] [bmv2] [D] [thread 160936] [38.0] [cxt 0] Deparser 'deparser': start
[02:46:13.775] [bmv2] [T] [thread 160936] [38.0] [cxt 0] Skipping checksum 'cksum' update because condition not met
[02:46:13.775] [bmv2] [D] [thread 160936] [38.0] [cxt 0] Deparsing header 'ethernet'
[02:46:13.775] [bmv2] [D] [thread 160936] [38.0] [cxt 0] Deparsing header 'ipv6'
[02:46:13.775] [bmv2] [D] [thread 160936] [38.0] [cxt 0] Deparser 'deparser': end
[02:46:13.776] [bmv2] [D] [thread 160940] [38.0] [cxt 0] Transmitting packet of size 70 out of port 0
[02:46:15.310] [bmv2] [D] [thread 160935] [39.0] [cxt 0] Processing packet received on port 1
[02:46:15.310] [bmv2] [D] [thread 160935] [39.0] [cxt 0] Parser 'parser': start
[02:46:15.310] [bmv2] [D] [thread 160935] [39.0] [cxt 0] Parser 'parser' entering state 'start'
[02:46:15.310] [bmv2] [D] [thread 160935] [39.0] [cxt 0] Extracting header 'ethernet'
[02:46:15.310] [bmv2] [D] [thread 160935] [39.0] [cxt 0] Parser state 'start': key is 86dd
[02:46:15.310] [bmv2] [T] [thread 160935] [39.0] [cxt 0] Bytes parsed: 14
[02:46:15.310] [bmv2] [D] [thread 160935] [39.0] [cxt 0] Parser 'parser' entering state 'parse_ipv6'
[02:46:15.310] [bmv2] [D] [thread 160935] [39.0] [cxt 0] Extracting header 'ipv6'
[02:46:15.310] [bmv2] [D] [thread 160935] [39.0] [cxt 0] Parser state 'parse_ipv6': key is 3a
[02:46:15.310] [bmv2] [T] [thread 160935] [39.0] [cxt 0] Bytes parsed: 54
[02:46:15.310] [bmv2] [D] [thread 160935] [39.0] [cxt 0] Parser 'parser': end
[02:46:15.310] [bmv2] [D] [thread 160935] [39.0] [cxt 0] Pipeline 'ingress': start
[02:46:15.310] [bmv2] [T] [thread 160935] [39.0] [cxt 0] basic.p4(565) Condition "hdr.ethernet.etherType == TYPE_ARP" (node_2) is false
[02:46:15.310] [bmv2] [T] [thread 160935] [39.0] [cxt 0] basic.p4(568) Condition "hdr.ethernet.etherType == TYPE_SRCROUTING" (node_4) is false
[02:46:15.310] [bmv2] [T] [thread 160935] [39.0] [cxt 0] basic.p4(581) Condition "hdr.ethernet.etherType == TYPE_YEQUDESU" (node_12) is false
[02:46:15.310] [bmv2] [T] [thread 160935] [39.0] [cxt 0] basic.p4(587) Condition "hdr.vxlan.isValid()" (node_15) is false
[02:46:15.310] [bmv2] [T] [thread 160935] [39.0] [cxt 0] basic.p4(591) Condition "hdr.ipv6.isValid()" (node_17) is true
[02:46:15.310] [bmv2] [T] [thread 160935] [39.0] [cxt 0] Applying table 'MyIngress.ipv6_lpm'
[02:46:15.310] [bmv2] [D] [thread 160935] [39.0] [cxt 0] Looking up key:
* hdr.ipv6.dstAddr    : ff020000000000000000000000000002

[02:46:15.310] [bmv2] [D] [thread 160935] [39.0] [cxt 0] Table 'MyIngress.ipv6_lpm': miss
[02:46:15.310] [bmv2] [D] [thread 160935] [39.0] [cxt 0] Action entry is NoAction - 
[02:46:15.310] [bmv2] [T] [thread 160935] [39.0] [cxt 0] Action NoAction
[02:46:15.310] [bmv2] [D] [thread 160935] [39.0] [cxt 0] Pipeline 'ingress': end
[02:46:15.310] [bmv2] [D] [thread 160935] [39.0] [cxt 0] Egress port is 0
[02:46:15.310] [bmv2] [D] [thread 160936] [39.0] [cxt 0] Pipeline 'egress': start
[02:46:15.310] [bmv2] [T] [thread 160936] [39.0] [cxt 0] Applying table 'MyEgress.egress_encap_ipv6'
[02:46:15.310] [bmv2] [D] [thread 160936] [39.0] [cxt 0] Looking up key:
* standard_metadata.egress_port: 0000

[02:46:15.310] [bmv2] [D] [thread 160936] [39.0] [cxt 0] Table 'MyEgress.egress_encap_ipv6': miss
[02:46:15.310] [bmv2] [D] [thread 160936] [39.0] [cxt 0] Action entry is NoAction - 
[02:46:15.311] [bmv2] [T] [thread 160936] [39.0] [cxt 0] Action NoAction
[02:46:15.311] [bmv2] [T] [thread 160936] [39.0] [cxt 0] Applying table 'MyEgress.egress_encap_yequdesu'
[02:46:15.311] [bmv2] [D] [thread 160936] [39.0] [cxt 0] Looking up key:
* standard_metadata.egress_port: 0000

[02:46:15.311] [bmv2] [D] [thread 160936] [39.0] [cxt 0] Table 'MyEgress.egress_encap_yequdesu': miss
[02:46:15.311] [bmv2] [D] [thread 160936] [39.0] [cxt 0] Action entry is NoAction - 
[02:46:15.311] [bmv2] [T] [thread 160936] [39.0] [cxt 0] Action NoAction
[02:46:15.311] [bmv2] [T] [thread 160936] [39.0] [cxt 0] Applying table 'MyEgress.egress_encap_vxlan'
[02:46:15.311] [bmv2] [D] [thread 160936] [39.0] [cxt 0] Looking up key:
* standard_metadata.egress_port: 0000

[02:46:15.311] [bmv2] [D] [thread 160936] [39.0] [cxt 0] Table 'MyEgress.egress_encap_vxlan': miss
[02:46:15.311] [bmv2] [D] [thread 160936] [39.0] [cxt 0] Action entry is NoAction - 
[02:46:15.311] [bmv2] [T] [thread 160936] [39.0] [cxt 0] Action NoAction
[02:46:15.311] [bmv2] [D] [thread 160936] [39.0] [cxt 0] Pipeline 'egress': end
[02:46:15.311] [bmv2] [D] [thread 160936] [39.0] [cxt 0] Deparser 'deparser': start
[02:46:15.311] [bmv2] [T] [thread 160936] [39.0] [cxt 0] Skipping checksum 'cksum' update because condition not met
[02:46:15.311] [bmv2] [D] [thread 160936] [39.0] [cxt 0] Deparsing header 'ethernet'
[02:46:15.311] [bmv2] [D] [thread 160936] [39.0] [cxt 0] Deparsing header 'ipv6'
[02:46:15.311] [bmv2] [D] [thread 160936] [39.0] [cxt 0] Deparser 'deparser': end
[02:46:15.311] [bmv2] [D] [thread 160940] [39.0] [cxt 0] Transmitting packet of size 70 out of port 0
[02:46:17.681] [bmv2] [D] [thread 160935] [40.0] [cxt 0] Processing packet received on port 2
[02:46:17.681] [bmv2] [D] [thread 160935] [40.0] [cxt 0] Parser 'parser': start
[02:46:17.681] [bmv2] [D] [thread 160935] [40.0] [cxt 0] Parser 'parser' entering state 'start'
[02:46:17.681] [bmv2] [D] [thread 160935] [40.0] [cxt 0] Extracting header 'ethernet'
[02:46:17.681] [bmv2] [D] [thread 160935] [40.0] [cxt 0] Parser state 'start': key is 86dd
[02:46:17.681] [bmv2] [T] [thread 160935] [40.0] [cxt 0] Bytes parsed: 14
[02:46:17.681] [bmv2] [D] [thread 160935] [40.0] [cxt 0] Parser 'parser' entering state 'parse_ipv6'
[02:46:17.681] [bmv2] [D] [thread 160935] [40.0] [cxt 0] Extracting header 'ipv6'
[02:46:17.681] [bmv2] [D] [thread 160935] [40.0] [cxt 0] Parser state 'parse_ipv6': key is 11
[02:46:17.681] [bmv2] [T] [thread 160935] [40.0] [cxt 0] Bytes parsed: 54
[02:46:17.681] [bmv2] [D] [thread 160935] [40.0] [cxt 0] Parser 'parser': end
[02:46:17.681] [bmv2] [D] [thread 160935] [40.0] [cxt 0] Pipeline 'ingress': start
[02:46:17.682] [bmv2] [T] [thread 160935] [40.0] [cxt 0] basic.p4(565) Condition "hdr.ethernet.etherType == TYPE_ARP" (node_2) is false
[02:46:17.682] [bmv2] [T] [thread 160935] [40.0] [cxt 0] basic.p4(568) Condition "hdr.ethernet.etherType == TYPE_SRCROUTING" (node_4) is false
[02:46:17.682] [bmv2] [T] [thread 160935] [40.0] [cxt 0] basic.p4(581) Condition "hdr.ethernet.etherType == TYPE_YEQUDESU" (node_12) is false
[02:46:17.682] [bmv2] [T] [thread 160935] [40.0] [cxt 0] basic.p4(587) Condition "hdr.vxlan.isValid()" (node_15) is false
[02:46:17.682] [bmv2] [T] [thread 160935] [40.0] [cxt 0] basic.p4(591) Condition "hdr.ipv6.isValid()" (node_17) is true
[02:46:17.682] [bmv2] [T] [thread 160935] [40.0] [cxt 0] Applying table 'MyIngress.ipv6_lpm'
[02:46:17.682] [bmv2] [D] [thread 160935] [40.0] [cxt 0] Looking up key:
* hdr.ipv6.dstAddr    : ff0200000000000000000000000000fb

[02:46:17.682] [bmv2] [D] [thread 160935] [40.0] [cxt 0] Table 'MyIngress.ipv6_lpm': miss
[02:46:17.682] [bmv2] [D] [thread 160935] [40.0] [cxt 0] Action entry is NoAction - 
[02:46:17.682] [bmv2] [T] [thread 160935] [40.0] [cxt 0] Action NoAction
[02:46:17.682] [bmv2] [D] [thread 160935] [40.0] [cxt 0] Pipeline 'ingress': end
[02:46:17.682] [bmv2] [D] [thread 160935] [40.0] [cxt 0] Egress port is 0
[02:46:17.682] [bmv2] [D] [thread 160936] [40.0] [cxt 0] Pipeline 'egress': start
[02:46:17.682] [bmv2] [T] [thread 160936] [40.0] [cxt 0] Applying table 'MyEgress.egress_encap_ipv6'
[02:46:17.682] [bmv2] [D] [thread 160936] [40.0] [cxt 0] Looking up key:
* standard_metadata.egress_port: 0000

[02:46:17.682] [bmv2] [D] [thread 160936] [40.0] [cxt 0] Table 'MyEgress.egress_encap_ipv6': miss
[02:46:17.682] [bmv2] [D] [thread 160936] [40.0] [cxt 0] Action entry is NoAction - 
[02:46:17.682] [bmv2] [T] [thread 160936] [40.0] [cxt 0] Action NoAction
[02:46:17.682] [bmv2] [T] [thread 160936] [40.0] [cxt 0] Applying table 'MyEgress.egress_encap_yequdesu'
[02:46:17.682] [bmv2] [D] [thread 160936] [40.0] [cxt 0] Looking up key:
* standard_metadata.egress_port: 0000

[02:46:17.682] [bmv2] [D] [thread 160936] [40.0] [cxt 0] Table 'MyEgress.egress_encap_yequdesu': miss
[02:46:17.682] [bmv2] [D] [thread 160936] [40.0] [cxt 0] Action entry is NoAction - 
[02:46:17.682] [bmv2] [T] [thread 160936] [40.0] [cxt 0] Action NoAction
[02:46:17.682] [bmv2] [T] [thread 160936] [40.0] [cxt 0] Applying table 'MyEgress.egress_encap_vxlan'
[02:46:17.682] [bmv2] [D] [thread 160936] [40.0] [cxt 0] Looking up key:
* standard_metadata.egress_port: 0000

[02:46:17.682] [bmv2] [D] [thread 160936] [40.0] [cxt 0] Table 'MyEgress.egress_encap_vxlan': miss
[02:46:17.682] [bmv2] [D] [thread 160936] [40.0] [cxt 0] Action entry is NoAction - 
[02:46:17.682] [bmv2] [D] [thread 160935] [41.0] [cxt 0] Processing packet received on port 1
[02:46:17.682] [bmv2] [D] [thread 160935] [41.0] [cxt 0] Parser 'parser': start
[02:46:17.682] [bmv2] [D] [thread 160935] [41.0] [cxt 0] Parser 'parser' entering state 'start'
[02:46:17.682] [bmv2] [D] [thread 160935] [41.0] [cxt 0] Extracting header 'ethernet'
[02:46:17.682] [bmv2] [D] [thread 160935] [41.0] [cxt 0] Parser state 'start': key is 86dd
[02:46:17.682] [bmv2] [T] [thread 160935] [41.0] [cxt 0] Bytes parsed: 14
[02:46:17.682] [bmv2] [D] [thread 160935] [41.0] [cxt 0] Parser 'parser' entering state 'parse_ipv6'
[02:46:17.682] [bmv2] [D] [thread 160935] [41.0] [cxt 0] Extracting header 'ipv6'
[02:46:17.682] [bmv2] [D] [thread 160935] [41.0] [cxt 0] Parser state 'parse_ipv6': key is 11
[02:46:17.682] [bmv2] [T] [thread 160935] [41.0] [cxt 0] Bytes parsed: 54
[02:46:17.682] [bmv2] [D] [thread 160935] [41.0] [cxt 0] Parser 'parser': end
[02:46:17.682] [bmv2] [D] [thread 160935] [41.0] [cxt 0] Pipeline 'ingress': start
[02:46:17.682] [bmv2] [T] [thread 160935] [41.0] [cxt 0] basic.p4(565) Condition "hdr.ethernet.etherType == TYPE_ARP" (node_2) is false
[02:46:17.682] [bmv2] [T] [thread 160935] [41.0] [cxt 0] basic.p4(568) Condition "hdr.ethernet.etherType == TYPE_SRCROUTING" (node_4) is false
[02:46:17.682] [bmv2] [T] [thread 160935] [41.0] [cxt 0] basic.p4(581) Condition "hdr.ethernet.etherType == TYPE_YEQUDESU" (node_12) is false
[02:46:17.682] [bmv2] [T] [thread 160935] [41.0] [cxt 0] basic.p4(587) Condition "hdr.vxlan.isValid()" (node_15) is false
[02:46:17.682] [bmv2] [T] [thread 160935] [41.0] [cxt 0] basic.p4(591) Condition "hdr.ipv6.isValid()" (node_17) is true
[02:46:17.682] [bmv2] [T] [thread 160935] [41.0] [cxt 0] Applying table 'MyIngress.ipv6_lpm'
[02:46:17.682] [bmv2] [D] [thread 160935] [41.0] [cxt 0] Looking up key:
* hdr.ipv6.dstAddr    : ff0200000000000000000000000000fb

[02:46:17.682] [bmv2] [D] [thread 160935] [41.0] [cxt 0] Table 'MyIngress.ipv6_lpm': miss
[02:46:17.682] [bmv2] [D] [thread 160935] [41.0] [cxt 0] Action entry is NoAction - 
[02:46:17.682] [bmv2] [T] [thread 160935] [41.0] [cxt 0] Action NoAction
[02:46:17.682] [bmv2] [D] [thread 160935] [41.0] [cxt 0] Pipeline 'ingress': end
[02:46:17.682] [bmv2] [D] [thread 160935] [41.0] [cxt 0] Egress port is 0
[02:46:17.682] [bmv2] [T] [thread 160936] [40.0] [cxt 0] Action NoAction
[02:46:17.682] [bmv2] [D] [thread 160936] [40.0] [cxt 0] Pipeline 'egress': end
[02:46:17.682] [bmv2] [D] [thread 160936] [40.0] [cxt 0] Deparser 'deparser': start
[02:46:17.682] [bmv2] [T] [thread 160936] [40.0] [cxt 0] Skipping checksum 'cksum' update because condition not met
[02:46:17.682] [bmv2] [D] [thread 160936] [40.0] [cxt 0] Deparsing header 'ethernet'
[02:46:17.682] [bmv2] [D] [thread 160936] [40.0] [cxt 0] Deparsing header 'ipv6'
[02:46:17.682] [bmv2] [D] [thread 160936] [40.0] [cxt 0] Deparser 'deparser': end
[02:46:17.682] [bmv2] [D] [thread 160936] [41.0] [cxt 0] Pipeline 'egress': start
[02:46:17.682] [bmv2] [T] [thread 160936] [41.0] [cxt 0] Applying table 'MyEgress.egress_encap_ipv6'
[02:46:17.682] [bmv2] [D] [thread 160936] [41.0] [cxt 0] Looking up key:
* standard_metadata.egress_port: 0000

[02:46:17.682] [bmv2] [D] [thread 160936] [41.0] [cxt 0] Table 'MyEgress.egress_encap_ipv6': miss
[02:46:17.682] [bmv2] [D] [thread 160936] [41.0] [cxt 0] Action entry is NoAction - 
[02:46:17.682] [bmv2] [T] [thread 160936] [41.0] [cxt 0] Action NoAction
[02:46:17.682] [bmv2] [T] [thread 160936] [41.0] [cxt 0] Applying table 'MyEgress.egress_encap_yequdesu'
[02:46:17.682] [bmv2] [D] [thread 160936] [41.0] [cxt 0] Looking up key:
* standard_metadata.egress_port: 0000

[02:46:17.682] [bmv2] [D] [thread 160936] [41.0] [cxt 0] Table 'MyEgress.egress_encap_yequdesu': miss
[02:46:17.682] [bmv2] [D] [thread 160936] [41.0] [cxt 0] Action entry is NoAction - 
[02:46:17.682] [bmv2] [T] [thread 160936] [41.0] [cxt 0] Action NoAction
[02:46:17.682] [bmv2] [T] [thread 160936] [41.0] [cxt 0] Applying table 'MyEgress.egress_encap_vxlan'
[02:46:17.682] [bmv2] [D] [thread 160936] [41.0] [cxt 0] Looking up key:
* standard_metadata.egress_port: 0000

[02:46:17.682] [bmv2] [D] [thread 160936] [41.0] [cxt 0] Table 'MyEgress.egress_encap_vxlan': miss
[02:46:17.682] [bmv2] [D] [thread 160936] [41.0] [cxt 0] Action entry is NoAction - 
[02:46:17.682] [bmv2] [T] [thread 160936] [41.0] [cxt 0] Action NoAction
[02:46:17.682] [bmv2] [D] [thread 160936] [41.0] [cxt 0] Pipeline 'egress': end
[02:46:17.682] [bmv2] [D] [thread 160936] [41.0] [cxt 0] Deparser 'deparser': start
[02:46:17.682] [bmv2] [T] [thread 160936] [41.0] [cxt 0] Skipping checksum 'cksum' update because condition not met
[02:46:17.682] [bmv2] [D] [thread 160936] [41.0] [cxt 0] Deparsing header 'ethernet'
[02:46:17.682] [bmv2] [D] [thread 160936] [41.0] [cxt 0] Deparsing header 'ipv6'
[02:46:17.682] [bmv2] [D] [thread 160936] [41.0] [cxt 0] Deparser 'deparser': end
[02:46:17.682] [bmv2] [D] [thread 160940] [40.0] [cxt 0] Transmitting packet of size 203 out of port 0
[02:46:17.682] [bmv2] [D] [thread 160940] [41.0] [cxt 0] Transmitting packet of size 203 out of port 0
[02:46:18.004] [bmv2] [D] [thread 160935] [42.0] [cxt 0] Processing packet received on port 2
[02:46:18.004] [bmv2] [D] [thread 160935] [42.0] [cxt 0] Parser 'parser': start
[02:46:18.004] [bmv2] [D] [thread 160935] [42.0] [cxt 0] Parser 'parser' entering state 'start'
[02:46:18.004] [bmv2] [D] [thread 160935] [42.0] [cxt 0] Extracting header 'ethernet'
[02:46:18.004] [bmv2] [D] [thread 160935] [42.0] [cxt 0] Parser state 'start': key is 86dd
[02:46:18.004] [bmv2] [T] [thread 160935] [42.0] [cxt 0] Bytes parsed: 14
[02:46:18.004] [bmv2] [D] [thread 160935] [42.0] [cxt 0] Parser 'parser' entering state 'parse_ipv6'
[02:46:18.004] [bmv2] [D] [thread 160935] [42.0] [cxt 0] Extracting header 'ipv6'
[02:46:18.004] [bmv2] [D] [thread 160935] [42.0] [cxt 0] Parser state 'parse_ipv6': key is 11
[02:46:18.004] [bmv2] [T] [thread 160935] [42.0] [cxt 0] Bytes parsed: 54
[02:46:18.004] [bmv2] [D] [thread 160935] [42.0] [cxt 0] Parser 'parser': end
[02:46:18.004] [bmv2] [D] [thread 160935] [42.0] [cxt 0] Pipeline 'ingress': start
[02:46:18.004] [bmv2] [T] [thread 160935] [42.0] [cxt 0] basic.p4(565) Condition "hdr.ethernet.etherType == TYPE_ARP" (node_2) is false
[02:46:18.004] [bmv2] [T] [thread 160935] [42.0] [cxt 0] basic.p4(568) Condition "hdr.ethernet.etherType == TYPE_SRCROUTING" (node_4) is false
[02:46:18.004] [bmv2] [T] [thread 160935] [42.0] [cxt 0] basic.p4(581) Condition "hdr.ethernet.etherType == TYPE_YEQUDESU" (node_12) is false
[02:46:18.004] [bmv2] [T] [thread 160935] [42.0] [cxt 0] basic.p4(587) Condition "hdr.vxlan.isValid()" (node_15) is false
[02:46:18.004] [bmv2] [T] [thread 160935] [42.0] [cxt 0] basic.p4(591) Condition "hdr.ipv6.isValid()" (node_17) is true
[02:46:18.004] [bmv2] [T] [thread 160935] [42.0] [cxt 0] Applying table 'MyIngress.ipv6_lpm'
[02:46:18.004] [bmv2] [D] [thread 160935] [42.0] [cxt 0] Looking up key:
* hdr.ipv6.dstAddr    : ff0200000000000000000000000000fb

[02:46:18.004] [bmv2] [D] [thread 160935] [42.0] [cxt 0] Table 'MyIngress.ipv6_lpm': miss
[02:46:18.004] [bmv2] [D] [thread 160935] [42.0] [cxt 0] Action entry is NoAction - 
[02:46:18.004] [bmv2] [T] [thread 160935] [42.0] [cxt 0] Action NoAction
[02:46:18.004] [bmv2] [D] [thread 160935] [42.0] [cxt 0] Pipeline 'ingress': end
[02:46:18.004] [bmv2] [D] [thread 160935] [42.0] [cxt 0] Egress port is 0
[02:46:18.005] [bmv2] [D] [thread 160936] [42.0] [cxt 0] Pipeline 'egress': start
[02:46:18.005] [bmv2] [T] [thread 160936] [42.0] [cxt 0] Applying table 'MyEgress.egress_encap_ipv6'
[02:46:18.005] [bmv2] [D] [thread 160936] [42.0] [cxt 0] Looking up key:
* standard_metadata.egress_port: 0000

[02:46:18.005] [bmv2] [D] [thread 160936] [42.0] [cxt 0] Table 'MyEgress.egress_encap_ipv6': miss
[02:46:18.005] [bmv2] [D] [thread 160936] [42.0] [cxt 0] Action entry is NoAction - 
[02:46:18.005] [bmv2] [T] [thread 160936] [42.0] [cxt 0] Action NoAction
[02:46:18.005] [bmv2] [T] [thread 160936] [42.0] [cxt 0] Applying table 'MyEgress.egress_encap_yequdesu'
[02:46:18.005] [bmv2] [D] [thread 160936] [42.0] [cxt 0] Looking up key:
* standard_metadata.egress_port: 0000

[02:46:18.005] [bmv2] [D] [thread 160936] [42.0] [cxt 0] Table 'MyEgress.egress_encap_yequdesu': miss
[02:46:18.005] [bmv2] [D] [thread 160936] [42.0] [cxt 0] Action entry is NoAction - 
[02:46:18.005] [bmv2] [T] [thread 160936] [42.0] [cxt 0] Action NoAction
[02:46:18.005] [bmv2] [T] [thread 160936] [42.0] [cxt 0] Applying table 'MyEgress.egress_encap_vxlan'
[02:46:18.005] [bmv2] [D] [thread 160936] [42.0] [cxt 0] Looking up key:
* standard_metadata.egress_port: 0000

[02:46:18.005] [bmv2] [D] [thread 160936] [42.0] [cxt 0] Table 'MyEgress.egress_encap_vxlan': miss
[02:46:18.005] [bmv2] [D] [thread 160936] [42.0] [cxt 0] Action entry is NoAction - 
[02:46:18.005] [bmv2] [T] [thread 160936] [42.0] [cxt 0] Action NoAction
[02:46:18.005] [bmv2] [D] [thread 160936] [42.0] [cxt 0] Pipeline 'egress': end
[02:46:18.005] [bmv2] [D] [thread 160936] [42.0] [cxt 0] Deparser 'deparser': start
[02:46:18.005] [bmv2] [T] [thread 160936] [42.0] [cxt 0] Skipping checksum 'cksum' update because condition not met
[02:46:18.005] [bmv2] [D] [thread 160936] [42.0] [cxt 0] Deparsing header 'ethernet'
[02:46:18.005] [bmv2] [D] [thread 160936] [42.0] [cxt 0] Deparsing header 'ipv6'
[02:46:18.005] [bmv2] [D] [thread 160936] [42.0] [cxt 0] Deparser 'deparser': end
[02:46:18.005] [bmv2] [D] [thread 160940] [42.0] [cxt 0] Transmitting packet of size 203 out of port 0
[02:46:18.133] [bmv2] [D] [thread 160935] [43.0] [cxt 0] Processing packet received on port 1
[02:46:18.133] [bmv2] [D] [thread 160935] [43.0] [cxt 0] Parser 'parser': start
[02:46:18.133] [bmv2] [D] [thread 160935] [43.0] [cxt 0] Parser 'parser' entering state 'start'
[02:46:18.133] [bmv2] [D] [thread 160935] [43.0] [cxt 0] Extracting header 'ethernet'
[02:46:18.133] [bmv2] [D] [thread 160935] [43.0] [cxt 0] Parser state 'start': key is 86dd
[02:46:18.133] [bmv2] [T] [thread 160935] [43.0] [cxt 0] Bytes parsed: 14
[02:46:18.133] [bmv2] [D] [thread 160935] [43.0] [cxt 0] Parser 'parser' entering state 'parse_ipv6'
[02:46:18.133] [bmv2] [D] [thread 160935] [43.0] [cxt 0] Extracting header 'ipv6'
[02:46:18.133] [bmv2] [D] [thread 160935] [43.0] [cxt 0] Parser state 'parse_ipv6': key is 11
[02:46:18.133] [bmv2] [T] [thread 160935] [43.0] [cxt 0] Bytes parsed: 54
[02:46:18.133] [bmv2] [D] [thread 160935] [43.0] [cxt 0] Parser 'parser': end
[02:46:18.133] [bmv2] [D] [thread 160935] [43.0] [cxt 0] Pipeline 'ingress': start
[02:46:18.133] [bmv2] [T] [thread 160935] [43.0] [cxt 0] basic.p4(565) Condition "hdr.ethernet.etherType == TYPE_ARP" (node_2) is false
[02:46:18.133] [bmv2] [T] [thread 160935] [43.0] [cxt 0] basic.p4(568) Condition "hdr.ethernet.etherType == TYPE_SRCROUTING" (node_4) is false
[02:46:18.133] [bmv2] [T] [thread 160935] [43.0] [cxt 0] basic.p4(581) Condition "hdr.ethernet.etherType == TYPE_YEQUDESU" (node_12) is false
[02:46:18.133] [bmv2] [T] [thread 160935] [43.0] [cxt 0] basic.p4(587) Condition "hdr.vxlan.isValid()" (node_15) is false
[02:46:18.133] [bmv2] [T] [thread 160935] [43.0] [cxt 0] basic.p4(591) Condition "hdr.ipv6.isValid()" (node_17) is true
[02:46:18.133] [bmv2] [T] [thread 160935] [43.0] [cxt 0] Applying table 'MyIngress.ipv6_lpm'
[02:46:18.133] [bmv2] [D] [thread 160935] [43.0] [cxt 0] Looking up key:
* hdr.ipv6.dstAddr    : ff0200000000000000000000000000fb

[02:46:18.133] [bmv2] [D] [thread 160935] [43.0] [cxt 0] Table 'MyIngress.ipv6_lpm': miss
[02:46:18.133] [bmv2] [D] [thread 160935] [43.0] [cxt 0] Action entry is NoAction - 
[02:46:18.133] [bmv2] [T] [thread 160935] [43.0] [cxt 0] Action NoAction
[02:46:18.133] [bmv2] [D] [thread 160935] [43.0] [cxt 0] Pipeline 'ingress': end
[02:46:18.133] [bmv2] [D] [thread 160935] [43.0] [cxt 0] Egress port is 0
[02:46:18.136] [bmv2] [D] [thread 160936] [43.0] [cxt 0] Pipeline 'egress': start
[02:46:18.136] [bmv2] [T] [thread 160936] [43.0] [cxt 0] Applying table 'MyEgress.egress_encap_ipv6'
[02:46:18.136] [bmv2] [D] [thread 160936] [43.0] [cxt 0] Looking up key:
* standard_metadata.egress_port: 0000

[02:46:18.136] [bmv2] [D] [thread 160936] [43.0] [cxt 0] Table 'MyEgress.egress_encap_ipv6': miss
[02:46:18.136] [bmv2] [D] [thread 160936] [43.0] [cxt 0] Action entry is NoAction - 
[02:46:18.136] [bmv2] [T] [thread 160936] [43.0] [cxt 0] Action NoAction
[02:46:18.136] [bmv2] [T] [thread 160936] [43.0] [cxt 0] Applying table 'MyEgress.egress_encap_yequdesu'
[02:46:18.136] [bmv2] [D] [thread 160936] [43.0] [cxt 0] Looking up key:
* standard_metadata.egress_port: 0000

[02:46:18.136] [bmv2] [D] [thread 160936] [43.0] [cxt 0] Table 'MyEgress.egress_encap_yequdesu': miss
[02:46:18.136] [bmv2] [D] [thread 160936] [43.0] [cxt 0] Action entry is NoAction - 
[02:46:18.136] [bmv2] [T] [thread 160936] [43.0] [cxt 0] Action NoAction
[02:46:18.136] [bmv2] [T] [thread 160936] [43.0] [cxt 0] Applying table 'MyEgress.egress_encap_vxlan'
[02:46:18.136] [bmv2] [D] [thread 160936] [43.0] [cxt 0] Looking up key:
* standard_metadata.egress_port: 0000

[02:46:18.136] [bmv2] [D] [thread 160936] [43.0] [cxt 0] Table 'MyEgress.egress_encap_vxlan': miss
[02:46:18.136] [bmv2] [D] [thread 160936] [43.0] [cxt 0] Action entry is NoAction - 
[02:46:18.136] [bmv2] [T] [thread 160936] [43.0] [cxt 0] Action NoAction
[02:46:18.136] [bmv2] [D] [thread 160936] [43.0] [cxt 0] Pipeline 'egress': end
[02:46:18.136] [bmv2] [D] [thread 160936] [43.0] [cxt 0] Deparser 'deparser': start
[02:46:18.136] [bmv2] [T] [thread 160936] [43.0] [cxt 0] Skipping checksum 'cksum' update because condition not met
[02:46:18.136] [bmv2] [D] [thread 160936] [43.0] [cxt 0] Deparsing header 'ethernet'
[02:46:18.136] [bmv2] [D] [thread 160936] [43.0] [cxt 0] Deparsing header 'ipv6'
[02:46:18.136] [bmv2] [D] [thread 160936] [43.0] [cxt 0] Deparser 'deparser': end
[02:46:18.136] [bmv2] [D] [thread 160940] [43.0] [cxt 0] Transmitting packet of size 203 out of port 0
[02:47:03.438] [bmv2] [D] [thread 160935] [44.0] [cxt 0] Processing packet received on port 2
[02:47:03.438] [bmv2] [D] [thread 160935] [44.0] [cxt 0] Parser 'parser': start
[02:47:03.438] [bmv2] [D] [thread 160935] [44.0] [cxt 0] Parser 'parser' entering state 'start'
[02:47:03.438] [bmv2] [D] [thread 160935] [44.0] [cxt 0] Extracting header 'ethernet'
[02:47:03.438] [bmv2] [D] [thread 160935] [44.0] [cxt 0] Parser state 'start': key is 86dd
[02:47:03.438] [bmv2] [T] [thread 160935] [44.0] [cxt 0] Bytes parsed: 14
[02:47:03.438] [bmv2] [D] [thread 160935] [44.0] [cxt 0] Parser 'parser' entering state 'parse_ipv6'
[02:47:03.438] [bmv2] [D] [thread 160935] [44.0] [cxt 0] Extracting header 'ipv6'
[02:47:03.438] [bmv2] [D] [thread 160935] [44.0] [cxt 0] Parser state 'parse_ipv6': key is 3a
[02:47:03.438] [bmv2] [T] [thread 160935] [44.0] [cxt 0] Bytes parsed: 54
[02:47:03.438] [bmv2] [D] [thread 160935] [44.0] [cxt 0] Parser 'parser': end
[02:47:03.438] [bmv2] [D] [thread 160935] [44.0] [cxt 0] Pipeline 'ingress': start
[02:47:03.438] [bmv2] [T] [thread 160935] [44.0] [cxt 0] basic.p4(565) Condition "hdr.ethernet.etherType == TYPE_ARP" (node_2) is false
[02:47:03.438] [bmv2] [T] [thread 160935] [44.0] [cxt 0] basic.p4(568) Condition "hdr.ethernet.etherType == TYPE_SRCROUTING" (node_4) is false
[02:47:03.438] [bmv2] [T] [thread 160935] [44.0] [cxt 0] basic.p4(581) Condition "hdr.ethernet.etherType == TYPE_YEQUDESU" (node_12) is false
[02:47:03.438] [bmv2] [T] [thread 160935] [44.0] [cxt 0] basic.p4(587) Condition "hdr.vxlan.isValid()" (node_15) is false
[02:47:03.438] [bmv2] [T] [thread 160935] [44.0] [cxt 0] basic.p4(591) Condition "hdr.ipv6.isValid()" (node_17) is true
[02:47:03.438] [bmv2] [T] [thread 160935] [44.0] [cxt 0] Applying table 'MyIngress.ipv6_lpm'
[02:47:03.438] [bmv2] [D] [thread 160935] [44.0] [cxt 0] Looking up key:
* hdr.ipv6.dstAddr    : ff020000000000000000000000000002

[02:47:03.438] [bmv2] [D] [thread 160935] [44.0] [cxt 0] Table 'MyIngress.ipv6_lpm': miss
[02:47:03.438] [bmv2] [D] [thread 160935] [44.0] [cxt 0] Action entry is NoAction - 
[02:47:03.438] [bmv2] [T] [thread 160935] [44.0] [cxt 0] Action NoAction
[02:47:03.438] [bmv2] [D] [thread 160935] [44.0] [cxt 0] Pipeline 'ingress': end
[02:47:03.438] [bmv2] [D] [thread 160935] [44.0] [cxt 0] Egress port is 0
[02:47:03.439] [bmv2] [D] [thread 160936] [44.0] [cxt 0] Pipeline 'egress': start
[02:47:03.439] [bmv2] [T] [thread 160936] [44.0] [cxt 0] Applying table 'MyEgress.egress_encap_ipv6'
[02:47:03.439] [bmv2] [D] [thread 160936] [44.0] [cxt 0] Looking up key:
* standard_metadata.egress_port: 0000

[02:47:03.439] [bmv2] [D] [thread 160936] [44.0] [cxt 0] Table 'MyEgress.egress_encap_ipv6': miss
[02:47:03.439] [bmv2] [D] [thread 160936] [44.0] [cxt 0] Action entry is NoAction - 
[02:47:03.439] [bmv2] [T] [thread 160936] [44.0] [cxt 0] Action NoAction
[02:47:03.439] [bmv2] [T] [thread 160936] [44.0] [cxt 0] Applying table 'MyEgress.egress_encap_yequdesu'
[02:47:03.439] [bmv2] [D] [thread 160936] [44.0] [cxt 0] Looking up key:
* standard_metadata.egress_port: 0000

[02:47:03.439] [bmv2] [D] [thread 160936] [44.0] [cxt 0] Table 'MyEgress.egress_encap_yequdesu': miss
[02:47:03.439] [bmv2] [D] [thread 160936] [44.0] [cxt 0] Action entry is NoAction - 
[02:47:03.439] [bmv2] [T] [thread 160936] [44.0] [cxt 0] Action NoAction
[02:47:03.439] [bmv2] [T] [thread 160936] [44.0] [cxt 0] Applying table 'MyEgress.egress_encap_vxlan'
[02:47:03.439] [bmv2] [D] [thread 160936] [44.0] [cxt 0] Looking up key:
* standard_metadata.egress_port: 0000

[02:47:03.439] [bmv2] [D] [thread 160936] [44.0] [cxt 0] Table 'MyEgress.egress_encap_vxlan': miss
[02:47:03.439] [bmv2] [D] [thread 160936] [44.0] [cxt 0] Action entry is NoAction - 
[02:47:03.439] [bmv2] [T] [thread 160936] [44.0] [cxt 0] Action NoAction
[02:47:03.439] [bmv2] [D] [thread 160936] [44.0] [cxt 0] Pipeline 'egress': end
[02:47:03.439] [bmv2] [D] [thread 160936] [44.0] [cxt 0] Deparser 'deparser': start
[02:47:03.439] [bmv2] [T] [thread 160936] [44.0] [cxt 0] Skipping checksum 'cksum' update because condition not met
[02:47:03.439] [bmv2] [D] [thread 160936] [44.0] [cxt 0] Deparsing header 'ethernet'
[02:47:03.439] [bmv2] [D] [thread 160936] [44.0] [cxt 0] Deparsing header 'ipv6'
[02:47:03.439] [bmv2] [D] [thread 160936] [44.0] [cxt 0] Deparser 'deparser': end
[02:47:03.439] [bmv2] [D] [thread 160940] [44.0] [cxt 0] Transmitting packet of size 70 out of port 0
[02:47:15.726] [bmv2] [D] [thread 160935] [45.0] [cxt 0] Processing packet received on port 1
[02:47:15.726] [bmv2] [D] [thread 160935] [45.0] [cxt 0] Parser 'parser': start
[02:47:15.726] [bmv2] [D] [thread 160935] [45.0] [cxt 0] Parser 'parser' entering state 'start'
[02:47:15.726] [bmv2] [D] [thread 160935] [45.0] [cxt 0] Extracting header 'ethernet'
[02:47:15.726] [bmv2] [D] [thread 160935] [45.0] [cxt 0] Parser state 'start': key is 86dd
[02:47:15.726] [bmv2] [T] [thread 160935] [45.0] [cxt 0] Bytes parsed: 14
[02:47:15.726] [bmv2] [D] [thread 160935] [45.0] [cxt 0] Parser 'parser' entering state 'parse_ipv6'
[02:47:15.726] [bmv2] [D] [thread 160935] [45.0] [cxt 0] Extracting header 'ipv6'
[02:47:15.726] [bmv2] [D] [thread 160935] [45.0] [cxt 0] Parser state 'parse_ipv6': key is 3a
[02:47:15.726] [bmv2] [T] [thread 160935] [45.0] [cxt 0] Bytes parsed: 54
[02:47:15.726] [bmv2] [D] [thread 160935] [45.0] [cxt 0] Parser 'parser': end
[02:47:15.726] [bmv2] [D] [thread 160935] [45.0] [cxt 0] Pipeline 'ingress': start
[02:47:15.726] [bmv2] [T] [thread 160935] [45.0] [cxt 0] basic.p4(565) Condition "hdr.ethernet.etherType == TYPE_ARP" (node_2) is false
[02:47:15.726] [bmv2] [T] [thread 160935] [45.0] [cxt 0] basic.p4(568) Condition "hdr.ethernet.etherType == TYPE_SRCROUTING" (node_4) is false
[02:47:15.726] [bmv2] [T] [thread 160935] [45.0] [cxt 0] basic.p4(581) Condition "hdr.ethernet.etherType == TYPE_YEQUDESU" (node_12) is false
[02:47:15.726] [bmv2] [T] [thread 160935] [45.0] [cxt 0] basic.p4(587) Condition "hdr.vxlan.isValid()" (node_15) is false
[02:47:15.726] [bmv2] [T] [thread 160935] [45.0] [cxt 0] basic.p4(591) Condition "hdr.ipv6.isValid()" (node_17) is true
[02:47:15.726] [bmv2] [T] [thread 160935] [45.0] [cxt 0] Applying table 'MyIngress.ipv6_lpm'
[02:47:15.726] [bmv2] [D] [thread 160935] [45.0] [cxt 0] Looking up key:
* hdr.ipv6.dstAddr    : ff020000000000000000000000000002

[02:47:15.726] [bmv2] [D] [thread 160935] [45.0] [cxt 0] Table 'MyIngress.ipv6_lpm': miss
[02:47:15.726] [bmv2] [D] [thread 160935] [45.0] [cxt 0] Action entry is NoAction - 
[02:47:15.726] [bmv2] [T] [thread 160935] [45.0] [cxt 0] Action NoAction
[02:47:15.726] [bmv2] [D] [thread 160935] [45.0] [cxt 0] Pipeline 'ingress': end
[02:47:15.726] [bmv2] [D] [thread 160935] [45.0] [cxt 0] Egress port is 0
[02:47:15.726] [bmv2] [D] [thread 160935] [46.0] [cxt 0] Processing packet received on port 2
[02:47:15.726] [bmv2] [D] [thread 160935] [46.0] [cxt 0] Parser 'parser': start
[02:47:15.726] [bmv2] [D] [thread 160935] [46.0] [cxt 0] Parser 'parser' entering state 'start'
[02:47:15.726] [bmv2] [D] [thread 160935] [46.0] [cxt 0] Extracting header 'ethernet'
[02:47:15.726] [bmv2] [D] [thread 160935] [46.0] [cxt 0] Parser state 'start': key is 86dd
[02:47:15.726] [bmv2] [T] [thread 160935] [46.0] [cxt 0] Bytes parsed: 14
[02:47:15.726] [bmv2] [D] [thread 160935] [46.0] [cxt 0] Parser 'parser' entering state 'parse_ipv6'
[02:47:15.726] [bmv2] [D] [thread 160935] [46.0] [cxt 0] Extracting header 'ipv6'
[02:47:15.726] [bmv2] [D] [thread 160935] [46.0] [cxt 0] Parser state 'parse_ipv6': key is 3a
[02:47:15.726] [bmv2] [T] [thread 160935] [46.0] [cxt 0] Bytes parsed: 54
[02:47:15.726] [bmv2] [D] [thread 160935] [46.0] [cxt 0] Parser 'parser': end
[02:47:15.726] [bmv2] [D] [thread 160935] [46.0] [cxt 0] Pipeline 'ingress': start
[02:47:15.726] [bmv2] [D] [thread 160936] [45.0] [cxt 0] Pipeline 'egress': start
[02:47:15.726] [bmv2] [T] [thread 160935] [46.0] [cxt 0] basic.p4(565) Condition "hdr.ethernet.etherType == TYPE_ARP" (node_2) is false
[02:47:15.726] [bmv2] [T] [thread 160936] [45.0] [cxt 0] Applying table 'MyEgress.egress_encap_ipv6'
[02:47:15.726] [bmv2] [T] [thread 160935] [46.0] [cxt 0] basic.p4(568) Condition "hdr.ethernet.etherType == TYPE_SRCROUTING" (node_4) is false
[02:47:15.726] [bmv2] [D] [thread 160936] [45.0] [cxt 0] Looking up key:
* standard_metadata.egress_port: 0000

[02:47:15.726] [bmv2] [T] [thread 160935] [46.0] [cxt 0] basic.p4(581) Condition "hdr.ethernet.etherType == TYPE_YEQUDESU" (node_12) is false
[02:47:15.726] [bmv2] [T] [thread 160935] [46.0] [cxt 0] basic.p4(587) Condition "hdr.vxlan.isValid()" (node_15) is false
[02:47:15.726] [bmv2] [T] [thread 160935] [46.0] [cxt 0] basic.p4(591) Condition "hdr.ipv6.isValid()" (node_17) is true
[02:47:15.726] [bmv2] [T] [thread 160935] [46.0] [cxt 0] Applying table 'MyIngress.ipv6_lpm'
[02:47:15.726] [bmv2] [D] [thread 160936] [45.0] [cxt 0] Table 'MyEgress.egress_encap_ipv6': miss
[02:47:15.726] [bmv2] [D] [thread 160936] [45.0] [cxt 0] Action entry is NoAction - 
[02:47:15.726] [bmv2] [T] [thread 160936] [45.0] [cxt 0] Action NoAction
[02:47:15.726] [bmv2] [T] [thread 160936] [45.0] [cxt 0] Applying table 'MyEgress.egress_encap_yequdesu'
[02:47:15.726] [bmv2] [D] [thread 160936] [45.0] [cxt 0] Looking up key:
* standard_metadata.egress_port: 0000

[02:47:15.726] [bmv2] [D] [thread 160936] [45.0] [cxt 0] Table 'MyEgress.egress_encap_yequdesu': miss
[02:47:15.726] [bmv2] [D] [thread 160936] [45.0] [cxt 0] Action entry is NoAction - 
[02:47:15.726] [bmv2] [T] [thread 160936] [45.0] [cxt 0] Action NoAction
[02:47:15.726] [bmv2] [T] [thread 160936] [45.0] [cxt 0] Applying table 'MyEgress.egress_encap_vxlan'
[02:47:15.726] [bmv2] [D] [thread 160936] [45.0] [cxt 0] Looking up key:
* standard_metadata.egress_port: 0000

[02:47:15.726] [bmv2] [D] [thread 160936] [45.0] [cxt 0] Table 'MyEgress.egress_encap_vxlan': miss
[02:47:15.726] [bmv2] [D] [thread 160936] [45.0] [cxt 0] Action entry is NoAction - 
[02:47:15.726] [bmv2] [T] [thread 160936] [45.0] [cxt 0] Action NoAction
[02:47:15.726] [bmv2] [D] [thread 160936] [45.0] [cxt 0] Pipeline 'egress': end
[02:47:15.726] [bmv2] [D] [thread 160936] [45.0] [cxt 0] Deparser 'deparser': start
[02:47:15.726] [bmv2] [T] [thread 160936] [45.0] [cxt 0] Skipping checksum 'cksum' update because condition not met
[02:47:15.726] [bmv2] [D] [thread 160936] [45.0] [cxt 0] Deparsing header 'ethernet'
[02:47:15.726] [bmv2] [D] [thread 160936] [45.0] [cxt 0] Deparsing header 'ipv6'
[02:47:15.726] [bmv2] [D] [thread 160936] [45.0] [cxt 0] Deparser 'deparser': end
[02:47:15.726] [bmv2] [D] [thread 160935] [46.0] [cxt 0] Looking up key:
* hdr.ipv6.dstAddr    : ff020000000000000000000000000002

[02:47:15.726] [bmv2] [D] [thread 160935] [46.0] [cxt 0] Table 'MyIngress.ipv6_lpm': miss
[02:47:15.726] [bmv2] [D] [thread 160935] [46.0] [cxt 0] Action entry is NoAction - 
[02:47:15.726] [bmv2] [T] [thread 160935] [46.0] [cxt 0] Action NoAction
[02:47:15.726] [bmv2] [D] [thread 160935] [46.0] [cxt 0] Pipeline 'ingress': end
[02:47:15.726] [bmv2] [D] [thread 160935] [46.0] [cxt 0] Egress port is 0
[02:47:15.726] [bmv2] [D] [thread 160940] [45.0] [cxt 0] Transmitting packet of size 70 out of port 0
[02:47:15.726] [bmv2] [D] [thread 160936] [46.0] [cxt 0] Pipeline 'egress': start
[02:47:15.726] [bmv2] [T] [thread 160936] [46.0] [cxt 0] Applying table 'MyEgress.egress_encap_ipv6'
[02:47:15.726] [bmv2] [D] [thread 160936] [46.0] [cxt 0] Looking up key:
* standard_metadata.egress_port: 0000

[02:47:15.726] [bmv2] [D] [thread 160936] [46.0] [cxt 0] Table 'MyEgress.egress_encap_ipv6': miss
[02:47:15.726] [bmv2] [D] [thread 160936] [46.0] [cxt 0] Action entry is NoAction - 
[02:47:15.726] [bmv2] [T] [thread 160936] [46.0] [cxt 0] Action NoAction
[02:47:15.726] [bmv2] [T] [thread 160936] [46.0] [cxt 0] Applying table 'MyEgress.egress_encap_yequdesu'
[02:47:15.726] [bmv2] [D] [thread 160936] [46.0] [cxt 0] Looking up key:
* standard_metadata.egress_port: 0000

[02:47:15.726] [bmv2] [D] [thread 160936] [46.0] [cxt 0] Table 'MyEgress.egress_encap_yequdesu': miss
[02:47:15.726] [bmv2] [D] [thread 160936] [46.0] [cxt 0] Action entry is NoAction - 
[02:47:15.726] [bmv2] [T] [thread 160936] [46.0] [cxt 0] Action NoAction
[02:47:15.726] [bmv2] [T] [thread 160936] [46.0] [cxt 0] Applying table 'MyEgress.egress_encap_vxlan'
[02:47:15.726] [bmv2] [D] [thread 160936] [46.0] [cxt 0] Looking up key:
* standard_metadata.egress_port: 0000

[02:47:15.726] [bmv2] [D] [thread 160936] [46.0] [cxt 0] Table 'MyEgress.egress_encap_vxlan': miss
[02:47:15.726] [bmv2] [D] [thread 160936] [46.0] [cxt 0] Action entry is NoAction - 
[02:47:15.726] [bmv2] [T] [thread 160936] [46.0] [cxt 0] Action NoAction
[02:47:15.726] [bmv2] [D] [thread 160936] [46.0] [cxt 0] Pipeline 'egress': end
[02:47:15.726] [bmv2] [D] [thread 160936] [46.0] [cxt 0] Deparser 'deparser': start
[02:47:15.727] [bmv2] [T] [thread 160936] [46.0] [cxt 0] Skipping checksum 'cksum' update because condition not met
[02:47:15.727] [bmv2] [D] [thread 160936] [46.0] [cxt 0] Deparsing header 'ethernet'
[02:47:15.727] [bmv2] [D] [thread 160936] [46.0] [cxt 0] Deparsing header 'ipv6'
[02:47:15.727] [bmv2] [D] [thread 160936] [46.0] [cxt 0] Deparser 'deparser': end
[02:47:15.727] [bmv2] [D] [thread 160940] [46.0] [cxt 0] Transmitting packet of size 70 out of port 0
[02:47:19.822] [bmv2] [D] [thread 160935] [47.0] [cxt 0] Processing packet received on port 1
[02:47:19.822] [bmv2] [D] [thread 160935] [47.0] [cxt 0] Parser 'parser': start
[02:47:19.822] [bmv2] [D] [thread 160935] [47.0] [cxt 0] Parser 'parser' entering state 'start'
[02:47:19.822] [bmv2] [D] [thread 160935] [47.0] [cxt 0] Extracting header 'ethernet'
[02:47:19.822] [bmv2] [D] [thread 160935] [47.0] [cxt 0] Parser state 'start': key is 86dd
[02:47:19.822] [bmv2] [T] [thread 160935] [47.0] [cxt 0] Bytes parsed: 14
[02:47:19.822] [bmv2] [D] [thread 160935] [47.0] [cxt 0] Parser 'parser' entering state 'parse_ipv6'
[02:47:19.822] [bmv2] [D] [thread 160935] [47.0] [cxt 0] Extracting header 'ipv6'
[02:47:19.822] [bmv2] [D] [thread 160935] [47.0] [cxt 0] Parser state 'parse_ipv6': key is 3a
[02:47:19.822] [bmv2] [T] [thread 160935] [47.0] [cxt 0] Bytes parsed: 54
[02:47:19.822] [bmv2] [D] [thread 160935] [47.0] [cxt 0] Parser 'parser': end
[02:47:19.822] [bmv2] [D] [thread 160935] [47.0] [cxt 0] Pipeline 'ingress': start
[02:47:19.822] [bmv2] [T] [thread 160935] [47.0] [cxt 0] basic.p4(565) Condition "hdr.ethernet.etherType == TYPE_ARP" (node_2) is false
[02:47:19.822] [bmv2] [T] [thread 160935] [47.0] [cxt 0] basic.p4(568) Condition "hdr.ethernet.etherType == TYPE_SRCROUTING" (node_4) is false
[02:47:19.822] [bmv2] [T] [thread 160935] [47.0] [cxt 0] basic.p4(581) Condition "hdr.ethernet.etherType == TYPE_YEQUDESU" (node_12) is false
[02:47:19.822] [bmv2] [T] [thread 160935] [47.0] [cxt 0] basic.p4(587) Condition "hdr.vxlan.isValid()" (node_15) is false
[02:47:19.822] [bmv2] [T] [thread 160935] [47.0] [cxt 0] basic.p4(591) Condition "hdr.ipv6.isValid()" (node_17) is true
[02:47:19.822] [bmv2] [T] [thread 160935] [47.0] [cxt 0] Applying table 'MyIngress.ipv6_lpm'
[02:47:19.822] [bmv2] [D] [thread 160935] [47.0] [cxt 0] Looking up key:
* hdr.ipv6.dstAddr    : ff020000000000000000000000000002

[02:47:19.822] [bmv2] [D] [thread 160935] [47.0] [cxt 0] Table 'MyIngress.ipv6_lpm': miss
[02:47:19.822] [bmv2] [D] [thread 160935] [47.0] [cxt 0] Action entry is NoAction - 
[02:47:19.822] [bmv2] [T] [thread 160935] [47.0] [cxt 0] Action NoAction
[02:47:19.822] [bmv2] [D] [thread 160935] [47.0] [cxt 0] Pipeline 'ingress': end
[02:47:19.822] [bmv2] [D] [thread 160935] [47.0] [cxt 0] Egress port is 0
[02:47:19.822] [bmv2] [D] [thread 160936] [47.0] [cxt 0] Pipeline 'egress': start
[02:47:19.822] [bmv2] [T] [thread 160936] [47.0] [cxt 0] Applying table 'MyEgress.egress_encap_ipv6'
[02:47:19.822] [bmv2] [D] [thread 160936] [47.0] [cxt 0] Looking up key:
* standard_metadata.egress_port: 0000

[02:47:19.822] [bmv2] [D] [thread 160936] [47.0] [cxt 0] Table 'MyEgress.egress_encap_ipv6': miss
[02:47:19.822] [bmv2] [D] [thread 160936] [47.0] [cxt 0] Action entry is NoAction - 
[02:47:19.822] [bmv2] [T] [thread 160936] [47.0] [cxt 0] Action NoAction
[02:47:19.822] [bmv2] [T] [thread 160936] [47.0] [cxt 0] Applying table 'MyEgress.egress_encap_yequdesu'
[02:47:19.822] [bmv2] [D] [thread 160936] [47.0] [cxt 0] Looking up key:
* standard_metadata.egress_port: 0000

[02:47:19.822] [bmv2] [D] [thread 160936] [47.0] [cxt 0] Table 'MyEgress.egress_encap_yequdesu': miss
[02:47:19.822] [bmv2] [D] [thread 160936] [47.0] [cxt 0] Action entry is NoAction - 
[02:47:19.822] [bmv2] [T] [thread 160936] [47.0] [cxt 0] Action NoAction
[02:47:19.822] [bmv2] [T] [thread 160936] [47.0] [cxt 0] Applying table 'MyEgress.egress_encap_vxlan'
[02:47:19.822] [bmv2] [D] [thread 160936] [47.0] [cxt 0] Looking up key:
* standard_metadata.egress_port: 0000

[02:47:19.822] [bmv2] [D] [thread 160936] [47.0] [cxt 0] Table 'MyEgress.egress_encap_vxlan': miss
[02:47:19.822] [bmv2] [D] [thread 160936] [47.0] [cxt 0] Action entry is NoAction - 
[02:47:19.822] [bmv2] [T] [thread 160936] [47.0] [cxt 0] Action NoAction
[02:47:19.822] [bmv2] [D] [thread 160936] [47.0] [cxt 0] Pipeline 'egress': end
[02:47:19.822] [bmv2] [D] [thread 160936] [47.0] [cxt 0] Deparser 'deparser': start
[02:47:19.822] [bmv2] [T] [thread 160936] [47.0] [cxt 0] Skipping checksum 'cksum' update because condition not met
[02:47:19.822] [bmv2] [D] [thread 160936] [47.0] [cxt 0] Deparsing header 'ethernet'
[02:47:19.822] [bmv2] [D] [thread 160936] [47.0] [cxt 0] Deparsing header 'ipv6'
[02:47:19.822] [bmv2] [D] [thread 160936] [47.0] [cxt 0] Deparser 'deparser': end
[02:47:19.822] [bmv2] [D] [thread 160940] [47.0] [cxt 0] Transmitting packet of size 70 out of port 0
[02:47:21.683] [bmv2] [D] [thread 160935] [48.0] [cxt 0] Processing packet received on port 2
[02:47:21.683] [bmv2] [D] [thread 160935] [48.0] [cxt 0] Parser 'parser': start
[02:47:21.683] [bmv2] [D] [thread 160935] [48.0] [cxt 0] Parser 'parser' entering state 'start'
[02:47:21.683] [bmv2] [D] [thread 160935] [48.0] [cxt 0] Extracting header 'ethernet'
[02:47:21.683] [bmv2] [D] [thread 160935] [48.0] [cxt 0] Parser state 'start': key is 86dd
[02:47:21.683] [bmv2] [T] [thread 160935] [48.0] [cxt 0] Bytes parsed: 14
[02:47:21.683] [bmv2] [D] [thread 160935] [48.0] [cxt 0] Parser 'parser' entering state 'parse_ipv6'
[02:47:21.683] [bmv2] [D] [thread 160935] [48.0] [cxt 0] Extracting header 'ipv6'
[02:47:21.683] [bmv2] [D] [thread 160935] [48.0] [cxt 0] Parser state 'parse_ipv6': key is 11
[02:47:21.683] [bmv2] [T] [thread 160935] [48.0] [cxt 0] Bytes parsed: 54
[02:47:21.683] [bmv2] [D] [thread 160935] [48.0] [cxt 0] Parser 'parser': end
[02:47:21.683] [bmv2] [D] [thread 160935] [48.0] [cxt 0] Pipeline 'ingress': start
[02:47:21.683] [bmv2] [T] [thread 160935] [48.0] [cxt 0] basic.p4(565) Condition "hdr.ethernet.etherType == TYPE_ARP" (node_2) is false
[02:47:21.683] [bmv2] [T] [thread 160935] [48.0] [cxt 0] basic.p4(568) Condition "hdr.ethernet.etherType == TYPE_SRCROUTING" (node_4) is false
[02:47:21.683] [bmv2] [T] [thread 160935] [48.0] [cxt 0] basic.p4(581) Condition "hdr.ethernet.etherType == TYPE_YEQUDESU" (node_12) is false
[02:47:21.684] [bmv2] [T] [thread 160935] [48.0] [cxt 0] basic.p4(587) Condition "hdr.vxlan.isValid()" (node_15) is false
[02:47:21.684] [bmv2] [T] [thread 160935] [48.0] [cxt 0] basic.p4(591) Condition "hdr.ipv6.isValid()" (node_17) is true
[02:47:21.684] [bmv2] [T] [thread 160935] [48.0] [cxt 0] Applying table 'MyIngress.ipv6_lpm'
[02:47:21.684] [bmv2] [D] [thread 160935] [48.0] [cxt 0] Looking up key:
* hdr.ipv6.dstAddr    : ff0200000000000000000000000000fb

[02:47:21.684] [bmv2] [D] [thread 160935] [48.0] [cxt 0] Table 'MyIngress.ipv6_lpm': miss
[02:47:21.684] [bmv2] [D] [thread 160935] [48.0] [cxt 0] Action entry is NoAction - 
[02:47:21.684] [bmv2] [T] [thread 160935] [48.0] [cxt 0] Action NoAction
[02:47:21.684] [bmv2] [D] [thread 160935] [48.0] [cxt 0] Pipeline 'ingress': end
[02:47:21.684] [bmv2] [D] [thread 160935] [48.0] [cxt 0] Egress port is 0
[02:47:21.684] [bmv2] [D] [thread 160935] [49.0] [cxt 0] Processing packet received on port 1
[02:47:21.684] [bmv2] [D] [thread 160935] [49.0] [cxt 0] Parser 'parser': start
[02:47:21.684] [bmv2] [D] [thread 160935] [49.0] [cxt 0] Parser 'parser' entering state 'start'
[02:47:21.684] [bmv2] [D] [thread 160935] [49.0] [cxt 0] Extracting header 'ethernet'
[02:47:21.684] [bmv2] [D] [thread 160935] [49.0] [cxt 0] Parser state 'start': key is 86dd
[02:47:21.684] [bmv2] [T] [thread 160935] [49.0] [cxt 0] Bytes parsed: 14
[02:47:21.684] [bmv2] [D] [thread 160935] [49.0] [cxt 0] Parser 'parser' entering state 'parse_ipv6'
[02:47:21.684] [bmv2] [D] [thread 160935] [49.0] [cxt 0] Extracting header 'ipv6'
[02:47:21.684] [bmv2] [D] [thread 160935] [49.0] [cxt 0] Parser state 'parse_ipv6': key is 11
[02:47:21.684] [bmv2] [T] [thread 160935] [49.0] [cxt 0] Bytes parsed: 54
[02:47:21.684] [bmv2] [D] [thread 160935] [49.0] [cxt 0] Parser 'parser': end
[02:47:21.684] [bmv2] [D] [thread 160935] [49.0] [cxt 0] Pipeline 'ingress': start
[02:47:21.684] [bmv2] [T] [thread 160935] [49.0] [cxt 0] basic.p4(565) Condition "hdr.ethernet.etherType == TYPE_ARP" (node_2) is false
[02:47:21.684] [bmv2] [T] [thread 160935] [49.0] [cxt 0] basic.p4(568) Condition "hdr.ethernet.etherType == TYPE_SRCROUTING" (node_4) is false
[02:47:21.684] [bmv2] [T] [thread 160935] [49.0] [cxt 0] basic.p4(581) Condition "hdr.ethernet.etherType == TYPE_YEQUDESU" (node_12) is false
[02:47:21.684] [bmv2] [T] [thread 160935] [49.0] [cxt 0] basic.p4(587) Condition "hdr.vxlan.isValid()" (node_15) is false
[02:47:21.684] [bmv2] [T] [thread 160935] [49.0] [cxt 0] basic.p4(591) Condition "hdr.ipv6.isValid()" (node_17) is true
[02:47:21.684] [bmv2] [T] [thread 160935] [49.0] [cxt 0] Applying table 'MyIngress.ipv6_lpm'
[02:47:21.684] [bmv2] [D] [thread 160935] [49.0] [cxt 0] Looking up key:
* hdr.ipv6.dstAddr    : ff0200000000000000000000000000fb

[02:47:21.684] [bmv2] [D] [thread 160935] [49.0] [cxt 0] Table 'MyIngress.ipv6_lpm': miss
[02:47:21.684] [bmv2] [D] [thread 160935] [49.0] [cxt 0] Action entry is NoAction - 
[02:47:21.684] [bmv2] [T] [thread 160935] [49.0] [cxt 0] Action NoAction
[02:47:21.684] [bmv2] [D] [thread 160935] [49.0] [cxt 0] Pipeline 'ingress': end
[02:47:21.684] [bmv2] [D] [thread 160935] [49.0] [cxt 0] Egress port is 0
[02:47:21.684] [bmv2] [D] [thread 160936] [48.0] [cxt 0] Pipeline 'egress': start
[02:47:21.684] [bmv2] [T] [thread 160936] [48.0] [cxt 0] Applying table 'MyEgress.egress_encap_ipv6'
[02:47:21.684] [bmv2] [D] [thread 160936] [48.0] [cxt 0] Looking up key:
* standard_metadata.egress_port: 0000

[02:47:21.684] [bmv2] [D] [thread 160936] [48.0] [cxt 0] Table 'MyEgress.egress_encap_ipv6': miss
[02:47:21.684] [bmv2] [D] [thread 160936] [48.0] [cxt 0] Action entry is NoAction - 
[02:47:21.684] [bmv2] [T] [thread 160936] [48.0] [cxt 0] Action NoAction
[02:47:21.684] [bmv2] [T] [thread 160936] [48.0] [cxt 0] Applying table 'MyEgress.egress_encap_yequdesu'
[02:47:21.684] [bmv2] [D] [thread 160936] [48.0] [cxt 0] Looking up key:
* standard_metadata.egress_port: 0000

[02:47:21.684] [bmv2] [D] [thread 160936] [48.0] [cxt 0] Table 'MyEgress.egress_encap_yequdesu': miss
[02:47:21.684] [bmv2] [D] [thread 160936] [48.0] [cxt 0] Action entry is NoAction - 
[02:47:21.684] [bmv2] [T] [thread 160936] [48.0] [cxt 0] Action NoAction
[02:47:21.684] [bmv2] [T] [thread 160936] [48.0] [cxt 0] Applying table 'MyEgress.egress_encap_vxlan'
[02:47:21.684] [bmv2] [D] [thread 160936] [48.0] [cxt 0] Looking up key:
* standard_metadata.egress_port: 0000

[02:47:21.684] [bmv2] [D] [thread 160936] [48.0] [cxt 0] Table 'MyEgress.egress_encap_vxlan': miss
[02:47:21.684] [bmv2] [D] [thread 160936] [48.0] [cxt 0] Action entry is NoAction - 
[02:47:21.684] [bmv2] [T] [thread 160936] [48.0] [cxt 0] Action NoAction
[02:47:21.684] [bmv2] [D] [thread 160936] [48.0] [cxt 0] Pipeline 'egress': end
[02:47:21.684] [bmv2] [D] [thread 160936] [48.0] [cxt 0] Deparser 'deparser': start
[02:47:21.684] [bmv2] [T] [thread 160936] [48.0] [cxt 0] Skipping checksum 'cksum' update because condition not met
[02:47:21.684] [bmv2] [D] [thread 160936] [48.0] [cxt 0] Deparsing header 'ethernet'
[02:47:21.684] [bmv2] [D] [thread 160936] [48.0] [cxt 0] Deparsing header 'ipv6'
[02:47:21.684] [bmv2] [D] [thread 160936] [48.0] [cxt 0] Deparser 'deparser': end
[02:47:21.684] [bmv2] [D] [thread 160936] [49.0] [cxt 0] Pipeline 'egress': start
[02:47:21.684] [bmv2] [T] [thread 160936] [49.0] [cxt 0] Applying table 'MyEgress.egress_encap_ipv6'
[02:47:21.684] [bmv2] [D] [thread 160936] [49.0] [cxt 0] Looking up key:
* standard_metadata.egress_port: 0000

[02:47:21.684] [bmv2] [D] [thread 160936] [49.0] [cxt 0] Table 'MyEgress.egress_encap_ipv6': miss
[02:47:21.684] [bmv2] [D] [thread 160936] [49.0] [cxt 0] Action entry is NoAction - 
[02:47:21.684] [bmv2] [T] [thread 160936] [49.0] [cxt 0] Action NoAction
[02:47:21.684] [bmv2] [T] [thread 160936] [49.0] [cxt 0] Applying table 'MyEgress.egress_encap_yequdesu'
[02:47:21.684] [bmv2] [D] [thread 160936] [49.0] [cxt 0] Looking up key:
* standard_metadata.egress_port: 0000

[02:47:21.684] [bmv2] [D] [thread 160936] [49.0] [cxt 0] Table 'MyEgress.egress_encap_yequdesu': miss
[02:47:21.684] [bmv2] [D] [thread 160936] [49.0] [cxt 0] Action entry is NoAction - 
[02:47:21.684] [bmv2] [T] [thread 160936] [49.0] [cxt 0] Action NoAction
[02:47:21.684] [bmv2] [T] [thread 160936] [49.0] [cxt 0] Applying table 'MyEgress.egress_encap_vxlan'
[02:47:21.684] [bmv2] [D] [thread 160936] [49.0] [cxt 0] Looking up key:
* standard_metadata.egress_port: 0000

[02:47:21.684] [bmv2] [D] [thread 160936] [49.0] [cxt 0] Table 'MyEgress.egress_encap_vxlan': miss
[02:47:21.684] [bmv2] [D] [thread 160936] [49.0] [cxt 0] Action entry is NoAction - 
[02:47:21.684] [bmv2] [T] [thread 160936] [49.0] [cxt 0] Action NoAction
[02:47:21.684] [bmv2] [D] [thread 160936] [49.0] [cxt 0] Pipeline 'egress': end
[02:47:21.684] [bmv2] [D] [thread 160936] [49.0] [cxt 0] Deparser 'deparser': start
[02:47:21.684] [bmv2] [T] [thread 160936] [49.0] [cxt 0] Skipping checksum 'cksum' update because condition not met
[02:47:21.684] [bmv2] [D] [thread 160936] [49.0] [cxt 0] Deparsing header 'ethernet'
[02:47:21.684] [bmv2] [D] [thread 160936] [49.0] [cxt 0] Deparsing header 'ipv6'
[02:47:21.684] [bmv2] [D] [thread 160936] [49.0] [cxt 0] Deparser 'deparser': end
[02:47:21.684] [bmv2] [D] [thread 160940] [48.0] [cxt 0] Transmitting packet of size 203 out of port 0
[02:47:21.684] [bmv2] [D] [thread 160940] [49.0] [cxt 0] Transmitting packet of size 203 out of port 0
[02:47:22.004] [bmv2] [D] [thread 160935] [50.0] [cxt 0] Processing packet received on port 2
[02:47:22.004] [bmv2] [D] [thread 160935] [50.0] [cxt 0] Parser 'parser': start
[02:47:22.004] [bmv2] [D] [thread 160935] [50.0] [cxt 0] Parser 'parser' entering state 'start'
[02:47:22.004] [bmv2] [D] [thread 160935] [50.0] [cxt 0] Extracting header 'ethernet'
[02:47:22.004] [bmv2] [D] [thread 160935] [50.0] [cxt 0] Parser state 'start': key is 86dd
[02:47:22.004] [bmv2] [T] [thread 160935] [50.0] [cxt 0] Bytes parsed: 14
[02:47:22.004] [bmv2] [D] [thread 160935] [50.0] [cxt 0] Parser 'parser' entering state 'parse_ipv6'
[02:47:22.004] [bmv2] [D] [thread 160935] [50.0] [cxt 0] Extracting header 'ipv6'
[02:47:22.004] [bmv2] [D] [thread 160935] [50.0] [cxt 0] Parser state 'parse_ipv6': key is 11
[02:47:22.004] [bmv2] [T] [thread 160935] [50.0] [cxt 0] Bytes parsed: 54
[02:47:22.004] [bmv2] [D] [thread 160935] [50.0] [cxt 0] Parser 'parser': end
[02:47:22.004] [bmv2] [D] [thread 160935] [50.0] [cxt 0] Pipeline 'ingress': start
[02:47:22.004] [bmv2] [T] [thread 160935] [50.0] [cxt 0] basic.p4(565) Condition "hdr.ethernet.etherType == TYPE_ARP" (node_2) is false
[02:47:22.004] [bmv2] [T] [thread 160935] [50.0] [cxt 0] basic.p4(568) Condition "hdr.ethernet.etherType == TYPE_SRCROUTING" (node_4) is false
[02:47:22.004] [bmv2] [T] [thread 160935] [50.0] [cxt 0] basic.p4(581) Condition "hdr.ethernet.etherType == TYPE_YEQUDESU" (node_12) is false
[02:47:22.005] [bmv2] [T] [thread 160935] [50.0] [cxt 0] basic.p4(587) Condition "hdr.vxlan.isValid()" (node_15) is false
[02:47:22.005] [bmv2] [T] [thread 160935] [50.0] [cxt 0] basic.p4(591) Condition "hdr.ipv6.isValid()" (node_17) is true
[02:47:22.005] [bmv2] [T] [thread 160935] [50.0] [cxt 0] Applying table 'MyIngress.ipv6_lpm'
[02:47:22.005] [bmv2] [D] [thread 160935] [50.0] [cxt 0] Looking up key:
* hdr.ipv6.dstAddr    : ff0200000000000000000000000000fb

[02:47:22.005] [bmv2] [D] [thread 160935] [50.0] [cxt 0] Table 'MyIngress.ipv6_lpm': miss
[02:47:22.005] [bmv2] [D] [thread 160935] [50.0] [cxt 0] Action entry is NoAction - 
[02:47:22.005] [bmv2] [T] [thread 160935] [50.0] [cxt 0] Action NoAction
[02:47:22.005] [bmv2] [D] [thread 160935] [50.0] [cxt 0] Pipeline 'ingress': end
[02:47:22.005] [bmv2] [D] [thread 160935] [50.0] [cxt 0] Egress port is 0
[02:47:22.005] [bmv2] [D] [thread 160936] [50.0] [cxt 0] Pipeline 'egress': start
[02:47:22.005] [bmv2] [T] [thread 160936] [50.0] [cxt 0] Applying table 'MyEgress.egress_encap_ipv6'
[02:47:22.005] [bmv2] [D] [thread 160936] [50.0] [cxt 0] Looking up key:
* standard_metadata.egress_port: 0000

[02:47:22.005] [bmv2] [D] [thread 160936] [50.0] [cxt 0] Table 'MyEgress.egress_encap_ipv6': miss
[02:47:22.005] [bmv2] [D] [thread 160936] [50.0] [cxt 0] Action entry is NoAction - 
[02:47:22.005] [bmv2] [T] [thread 160936] [50.0] [cxt 0] Action NoAction
[02:47:22.005] [bmv2] [T] [thread 160936] [50.0] [cxt 0] Applying table 'MyEgress.egress_encap_yequdesu'
[02:47:22.005] [bmv2] [D] [thread 160936] [50.0] [cxt 0] Looking up key:
* standard_metadata.egress_port: 0000

[02:47:22.005] [bmv2] [D] [thread 160936] [50.0] [cxt 0] Table 'MyEgress.egress_encap_yequdesu': miss
[02:47:22.005] [bmv2] [D] [thread 160936] [50.0] [cxt 0] Action entry is NoAction - 
[02:47:22.005] [bmv2] [T] [thread 160936] [50.0] [cxt 0] Action NoAction
[02:47:22.005] [bmv2] [T] [thread 160936] [50.0] [cxt 0] Applying table 'MyEgress.egress_encap_vxlan'
[02:47:22.005] [bmv2] [D] [thread 160936] [50.0] [cxt 0] Looking up key:
* standard_metadata.egress_port: 0000

[02:47:22.005] [bmv2] [D] [thread 160936] [50.0] [cxt 0] Table 'MyEgress.egress_encap_vxlan': miss
[02:47:22.005] [bmv2] [D] [thread 160936] [50.0] [cxt 0] Action entry is NoAction - 
[02:47:22.005] [bmv2] [T] [thread 160936] [50.0] [cxt 0] Action NoAction
[02:47:22.005] [bmv2] [D] [thread 160936] [50.0] [cxt 0] Pipeline 'egress': end
[02:47:22.005] [bmv2] [D] [thread 160936] [50.0] [cxt 0] Deparser 'deparser': start
[02:47:22.005] [bmv2] [T] [thread 160936] [50.0] [cxt 0] Skipping checksum 'cksum' update because condition not met
[02:47:22.005] [bmv2] [D] [thread 160936] [50.0] [cxt 0] Deparsing header 'ethernet'
[02:47:22.005] [bmv2] [D] [thread 160936] [50.0] [cxt 0] Deparsing header 'ipv6'
[02:47:22.005] [bmv2] [D] [thread 160936] [50.0] [cxt 0] Deparser 'deparser': end
[02:47:22.005] [bmv2] [D] [thread 160940] [50.0] [cxt 0] Transmitting packet of size 203 out of port 0
[02:47:22.133] [bmv2] [D] [thread 160935] [51.0] [cxt 0] Processing packet received on port 1
[02:47:22.133] [bmv2] [D] [thread 160935] [51.0] [cxt 0] Parser 'parser': start
[02:47:22.133] [bmv2] [D] [thread 160935] [51.0] [cxt 0] Parser 'parser' entering state 'start'
[02:47:22.133] [bmv2] [D] [thread 160935] [51.0] [cxt 0] Extracting header 'ethernet'
[02:47:22.133] [bmv2] [D] [thread 160935] [51.0] [cxt 0] Parser state 'start': key is 86dd
[02:47:22.133] [bmv2] [T] [thread 160935] [51.0] [cxt 0] Bytes parsed: 14
[02:47:22.133] [bmv2] [D] [thread 160935] [51.0] [cxt 0] Parser 'parser' entering state 'parse_ipv6'
[02:47:22.133] [bmv2] [D] [thread 160935] [51.0] [cxt 0] Extracting header 'ipv6'
[02:47:22.133] [bmv2] [D] [thread 160935] [51.0] [cxt 0] Parser state 'parse_ipv6': key is 11
[02:47:22.133] [bmv2] [T] [thread 160935] [51.0] [cxt 0] Bytes parsed: 54
[02:47:22.133] [bmv2] [D] [thread 160935] [51.0] [cxt 0] Parser 'parser': end
[02:47:22.133] [bmv2] [D] [thread 160935] [51.0] [cxt 0] Pipeline 'ingress': start
[02:47:22.133] [bmv2] [T] [thread 160935] [51.0] [cxt 0] basic.p4(565) Condition "hdr.ethernet.etherType == TYPE_ARP" (node_2) is false
[02:47:22.133] [bmv2] [T] [thread 160935] [51.0] [cxt 0] basic.p4(568) Condition "hdr.ethernet.etherType == TYPE_SRCROUTING" (node_4) is false
[02:47:22.133] [bmv2] [T] [thread 160935] [51.0] [cxt 0] basic.p4(581) Condition "hdr.ethernet.etherType == TYPE_YEQUDESU" (node_12) is false
[02:47:22.133] [bmv2] [T] [thread 160935] [51.0] [cxt 0] basic.p4(587) Condition "hdr.vxlan.isValid()" (node_15) is false
[02:47:22.133] [bmv2] [T] [thread 160935] [51.0] [cxt 0] basic.p4(591) Condition "hdr.ipv6.isValid()" (node_17) is true
[02:47:22.133] [bmv2] [T] [thread 160935] [51.0] [cxt 0] Applying table 'MyIngress.ipv6_lpm'
[02:47:22.133] [bmv2] [D] [thread 160935] [51.0] [cxt 0] Looking up key:
* hdr.ipv6.dstAddr    : ff0200000000000000000000000000fb

[02:47:22.133] [bmv2] [D] [thread 160935] [51.0] [cxt 0] Table 'MyIngress.ipv6_lpm': miss
[02:47:22.133] [bmv2] [D] [thread 160935] [51.0] [cxt 0] Action entry is NoAction - 
[02:47:22.133] [bmv2] [T] [thread 160935] [51.0] [cxt 0] Action NoAction
[02:47:22.133] [bmv2] [D] [thread 160935] [51.0] [cxt 0] Pipeline 'ingress': end
[02:47:22.133] [bmv2] [D] [thread 160935] [51.0] [cxt 0] Egress port is 0
[02:47:22.133] [bmv2] [D] [thread 160936] [51.0] [cxt 0] Pipeline 'egress': start
[02:47:22.133] [bmv2] [T] [thread 160936] [51.0] [cxt 0] Applying table 'MyEgress.egress_encap_ipv6'
[02:47:22.133] [bmv2] [D] [thread 160936] [51.0] [cxt 0] Looking up key:
* standard_metadata.egress_port: 0000

[02:47:22.133] [bmv2] [D] [thread 160936] [51.0] [cxt 0] Table 'MyEgress.egress_encap_ipv6': miss
[02:47:22.133] [bmv2] [D] [thread 160936] [51.0] [cxt 0] Action entry is NoAction - 
[02:47:22.133] [bmv2] [T] [thread 160936] [51.0] [cxt 0] Action NoAction
[02:47:22.133] [bmv2] [T] [thread 160936] [51.0] [cxt 0] Applying table 'MyEgress.egress_encap_yequdesu'
[02:47:22.133] [bmv2] [D] [thread 160936] [51.0] [cxt 0] Looking up key:
* standard_metadata.egress_port: 0000

[02:47:22.133] [bmv2] [D] [thread 160936] [51.0] [cxt 0] Table 'MyEgress.egress_encap_yequdesu': miss
[02:47:22.133] [bmv2] [D] [thread 160936] [51.0] [cxt 0] Action entry is NoAction - 
[02:47:22.133] [bmv2] [T] [thread 160936] [51.0] [cxt 0] Action NoAction
[02:47:22.133] [bmv2] [T] [thread 160936] [51.0] [cxt 0] Applying table 'MyEgress.egress_encap_vxlan'
[02:47:22.133] [bmv2] [D] [thread 160936] [51.0] [cxt 0] Looking up key:
* standard_metadata.egress_port: 0000

[02:47:22.133] [bmv2] [D] [thread 160936] [51.0] [cxt 0] Table 'MyEgress.egress_encap_vxlan': miss
[02:47:22.133] [bmv2] [D] [thread 160936] [51.0] [cxt 0] Action entry is NoAction - 
[02:47:22.133] [bmv2] [T] [thread 160936] [51.0] [cxt 0] Action NoAction
[02:47:22.133] [bmv2] [D] [thread 160936] [51.0] [cxt 0] Pipeline 'egress': end
[02:47:22.133] [bmv2] [D] [thread 160936] [51.0] [cxt 0] Deparser 'deparser': start
[02:47:22.133] [bmv2] [T] [thread 160936] [51.0] [cxt 0] Skipping checksum 'cksum' update because condition not met
[02:47:22.133] [bmv2] [D] [thread 160936] [51.0] [cxt 0] Deparsing header 'ethernet'
[02:47:22.133] [bmv2] [D] [thread 160936] [51.0] [cxt 0] Deparsing header 'ipv6'
[02:47:22.133] [bmv2] [D] [thread 160936] [51.0] [cxt 0] Deparser 'deparser': end
[02:47:22.133] [bmv2] [D] [thread 160940] [51.0] [cxt 0] Transmitting packet of size 203 out of port 0
open: No such file or directory
open: No such file or directory
open: No such file or directory
open: No such file or directory
open: No such file or directory
