Calling target program-options parser
[02:45:17.721] [bmv2] [D] [thread 160967] Set default default entry for table 'MyIngress.arp_match': MyIngress.drop - 
[02:45:17.721] [bmv2] [D] [thread 160967] Set default default entry for table 'tbl_srcRoute_finish': MyIngress.srcRoute_finish - 
[02:45:17.721] [bmv2] [D] [thread 160967] Set default default entry for table 'MyIngress.ipv4_lpm_src': NoAction - 
[02:45:17.721] [bmv2] [D] [thread 160967] Set default default entry for table 'tbl_srcRoute_nhop': MyIngress.srcRoute_nhop - 
[02:45:17.721] [bmv2] [D] [thread 160967] Set default default entry for table 'tbl_update_ttl': MyIngress.update_ttl - 
[02:45:17.721] [bmv2] [D] [thread 160967] Set default default entry for table 'MyIngress.yequdesu_exact': MyIngress.drop - 
[02:45:17.721] [bmv2] [D] [thread 160967] Set default default entry for table 'MyIngress.vxlan_decap_exact': MyIngress.drop - 
[02:45:17.721] [bmv2] [D] [thread 160967] Set default default entry for table 'MyIngress.ipv6_lpm': NoAction - 
[02:45:17.721] [bmv2] [D] [thread 160967] Set default default entry for table 'MyIngress.vxlan_lpm': NoAction - 
[02:45:17.721] [bmv2] [D] [thread 160967] Set default default entry for table 'MyIngress.modality_schedule': NoAction - 
[02:45:17.721] [bmv2] [D] [thread 160967] Set default default entry for table 'MyIngress.adjudication': NoAction - 
[02:45:17.721] [bmv2] [D] [thread 160967] Set default default entry for table 'MyIngress.ipv4_lpm': NoAction - 
[02:45:17.722] [bmv2] [D] [thread 160967] Set default default entry for table 'MyEgress.egress_encap_ipv6': NoAction - 
[02:45:17.722] [bmv2] [D] [thread 160967] Set default default entry for table 'MyEgress.egress_encap_yequdesu': NoAction - 
[02:45:17.722] [bmv2] [D] [thread 160967] Set default default entry for table 'MyEgress.egress_encap_vxlan': NoAction - 
Adding interface s41-eth1 as port 1
[02:45:17.725] [bmv2] [D] [thread 160967] Adding interface s41-eth1 as port 1
Adding interface s41-eth2 as port 2
[02:45:17.748] [bmv2] [D] [thread 160967] Adding interface s41-eth2 as port 2
Server listening on 0.0.0.0:50059
[02:45:17.768] [bmv2] [I] [thread 160967] Starting Thrift server on port 9098
[02:45:17.768] [bmv2] [I] [thread 160967] Thrift server was started
[02:45:18.128] [bmv2] [D] [thread 160986] [0.0] [cxt 0] Processing packet received on port 1
[02:45:18.128] [bmv2] [D] [thread 160986] [0.0] [cxt 0] Parser 'parser': start
[02:45:18.128] [bmv2] [D] [thread 160986] [0.0] [cxt 0] Parser 'parser' entering state 'start'
[02:45:18.128] [bmv2] [D] [thread 160986] [0.0] [cxt 0] Extracting header 'ethernet'
[02:45:18.128] [bmv2] [D] [thread 160986] [0.0] [cxt 0] Parser state 'start': key is 86dd
[02:45:18.128] [bmv2] [T] [thread 160986] [0.0] [cxt 0] Bytes parsed: 14
[02:45:18.128] [bmv2] [D] [thread 160986] [0.0] [cxt 0] Parser 'parser' entering state 'parse_ipv6'
[02:45:18.128] [bmv2] [D] [thread 160986] [0.0] [cxt 0] Extracting header 'ipv6'
[02:45:18.128] [bmv2] [D] [thread 160986] [0.0] [cxt 0] Parser state 'parse_ipv6': key is 11
[02:45:18.128] [bmv2] [T] [thread 160986] [0.0] [cxt 0] Bytes parsed: 54
[02:45:18.128] [bmv2] [D] [thread 160986] [0.0] [cxt 0] Parser 'parser': end
[02:45:18.128] [bmv2] [D] [thread 160986] [0.0] [cxt 0] Pipeline 'ingress': start
[02:45:18.128] [bmv2] [T] [thread 160986] [0.0] [cxt 0] basic.p4(565) Condition "hdr.ethernet.etherType == TYPE_ARP" (node_2) is false
[02:45:18.128] [bmv2] [T] [thread 160986] [0.0] [cxt 0] basic.p4(568) Condition "hdr.ethernet.etherType == TYPE_SRCROUTING" (node_4) is false
[02:45:18.128] [bmv2] [T] [thread 160986] [0.0] [cxt 0] basic.p4(581) Condition "hdr.ethernet.etherType == TYPE_YEQUDESU" (node_12) is false
[02:45:18.128] [bmv2] [T] [thread 160986] [0.0] [cxt 0] basic.p4(587) Condition "hdr.vxlan.isValid()" (node_15) is false
[02:45:18.128] [bmv2] [T] [thread 160986] [0.0] [cxt 0] basic.p4(591) Condition "hdr.ipv6.isValid()" (node_17) is true
[02:45:18.128] [bmv2] [T] [thread 160986] [0.0] [cxt 0] Applying table 'MyIngress.ipv6_lpm'
[02:45:18.128] [bmv2] [D] [thread 160986] [0.0] [cxt 0] Looking up key:
* hdr.ipv6.dstAddr    : ff0200000000000000000000000000fb

[02:45:18.128] [bmv2] [D] [thread 160986] [0.0] [cxt 0] Table 'MyIngress.ipv6_lpm': miss
[02:45:18.128] [bmv2] [D] [thread 160986] [0.0] [cxt 0] Action entry is NoAction - 
[02:45:18.128] [bmv2] [T] [thread 160986] [0.0] [cxt 0] Action NoAction
[02:45:18.128] [bmv2] [D] [thread 160986] [0.0] [cxt 0] Pipeline 'ingress': end
[02:45:18.128] [bmv2] [D] [thread 160986] [0.0] [cxt 0] Egress port is 0
[02:45:18.129] [bmv2] [D] [thread 160987] [0.0] [cxt 0] Pipeline 'egress': start
[02:45:18.129] [bmv2] [T] [thread 160987] [0.0] [cxt 0] Applying table 'MyEgress.egress_encap_ipv6'
[02:45:18.129] [bmv2] [D] [thread 160987] [0.0] [cxt 0] Looking up key:
* standard_metadata.egress_port: 0000

[02:45:18.129] [bmv2] [D] [thread 160987] [0.0] [cxt 0] Table 'MyEgress.egress_encap_ipv6': miss
[02:45:18.129] [bmv2] [D] [thread 160987] [0.0] [cxt 0] Action entry is NoAction - 
[02:45:18.129] [bmv2] [T] [thread 160987] [0.0] [cxt 0] Action NoAction
[02:45:18.129] [bmv2] [T] [thread 160987] [0.0] [cxt 0] Applying table 'MyEgress.egress_encap_yequdesu'
[02:45:18.129] [bmv2] [D] [thread 160987] [0.0] [cxt 0] Looking up key:
* standard_metadata.egress_port: 0000

[02:45:18.129] [bmv2] [D] [thread 160987] [0.0] [cxt 0] Table 'MyEgress.egress_encap_yequdesu': miss
[02:45:18.129] [bmv2] [D] [thread 160987] [0.0] [cxt 0] Action entry is NoAction - 
[02:45:18.129] [bmv2] [T] [thread 160987] [0.0] [cxt 0] Action NoAction
[02:45:18.129] [bmv2] [T] [thread 160987] [0.0] [cxt 0] Applying table 'MyEgress.egress_encap_vxlan'
[02:45:18.129] [bmv2] [D] [thread 160987] [0.0] [cxt 0] Looking up key:
* standard_metadata.egress_port: 0000

[02:45:18.129] [bmv2] [D] [thread 160987] [0.0] [cxt 0] Table 'MyEgress.egress_encap_vxlan': miss
[02:45:18.129] [bmv2] [D] [thread 160987] [0.0] [cxt 0] Action entry is NoAction - 
[02:45:18.129] [bmv2] [T] [thread 160987] [0.0] [cxt 0] Action NoAction
[02:45:18.129] [bmv2] [D] [thread 160987] [0.0] [cxt 0] Pipeline 'egress': end
[02:45:18.129] [bmv2] [D] [thread 160987] [0.0] [cxt 0] Deparser 'deparser': start
[02:45:18.129] [bmv2] [T] [thread 160987] [0.0] [cxt 0] Skipping checksum 'cksum' update because condition not met
[02:45:18.129] [bmv2] [D] [thread 160987] [0.0] [cxt 0] Deparsing header 'ethernet'
[02:45:18.129] [bmv2] [D] [thread 160987] [0.0] [cxt 0] Deparsing header 'ipv6'
[02:45:18.129] [bmv2] [D] [thread 160987] [0.0] [cxt 0] Deparser 'deparser': end
[02:45:18.129] [bmv2] [D] [thread 160991] [0.0] [cxt 0] Transmitting packet of size 203 out of port 0
[02:45:18.189] [bmv2] [D] [thread 160986] [1.0] [cxt 0] Processing packet received on port 2
[02:45:18.189] [bmv2] [D] [thread 160986] [1.0] [cxt 0] Parser 'parser': start
[02:45:18.189] [bmv2] [D] [thread 160986] [1.0] [cxt 0] Parser 'parser' entering state 'start'
[02:45:18.189] [bmv2] [D] [thread 160986] [1.0] [cxt 0] Extracting header 'ethernet'
[02:45:18.189] [bmv2] [D] [thread 160986] [1.0] [cxt 0] Parser state 'start': key is 86dd
[02:45:18.189] [bmv2] [T] [thread 160986] [1.0] [cxt 0] Bytes parsed: 14
[02:45:18.189] [bmv2] [D] [thread 160986] [1.0] [cxt 0] Parser 'parser' entering state 'parse_ipv6'
[02:45:18.189] [bmv2] [D] [thread 160986] [1.0] [cxt 0] Extracting header 'ipv6'
[02:45:18.189] [bmv2] [D] [thread 160986] [1.0] [cxt 0] Parser state 'parse_ipv6': key is 11
[02:45:18.189] [bmv2] [T] [thread 160986] [1.0] [cxt 0] Bytes parsed: 54
[02:45:18.189] [bmv2] [D] [thread 160986] [1.0] [cxt 0] Parser 'parser': end
[02:45:18.189] [bmv2] [D] [thread 160986] [1.0] [cxt 0] Pipeline 'ingress': start
[02:45:18.189] [bmv2] [T] [thread 160986] [1.0] [cxt 0] basic.p4(565) Condition "hdr.ethernet.etherType == TYPE_ARP" (node_2) is false
[02:45:18.189] [bmv2] [T] [thread 160986] [1.0] [cxt 0] basic.p4(568) Condition "hdr.ethernet.etherType == TYPE_SRCROUTING" (node_4) is false
[02:45:18.189] [bmv2] [T] [thread 160986] [1.0] [cxt 0] basic.p4(581) Condition "hdr.ethernet.etherType == TYPE_YEQUDESU" (node_12) is false
[02:45:18.189] [bmv2] [T] [thread 160986] [1.0] [cxt 0] basic.p4(587) Condition "hdr.vxlan.isValid()" (node_15) is false
[02:45:18.189] [bmv2] [T] [thread 160986] [1.0] [cxt 0] basic.p4(591) Condition "hdr.ipv6.isValid()" (node_17) is true
[02:45:18.189] [bmv2] [T] [thread 160986] [1.0] [cxt 0] Applying table 'MyIngress.ipv6_lpm'
[02:45:18.189] [bmv2] [D] [thread 160986] [1.0] [cxt 0] Looking up key:
* hdr.ipv6.dstAddr    : ff0200000000000000000000000000fb

[02:45:18.189] [bmv2] [D] [thread 160986] [1.0] [cxt 0] Table 'MyIngress.ipv6_lpm': miss
[02:45:18.189] [bmv2] [D] [thread 160986] [1.0] [cxt 0] Action entry is NoAction - 
[02:45:18.189] [bmv2] [T] [thread 160986] [1.0] [cxt 0] Action NoAction
[02:45:18.189] [bmv2] [D] [thread 160986] [1.0] [cxt 0] Pipeline 'ingress': end
[02:45:18.189] [bmv2] [D] [thread 160986] [1.0] [cxt 0] Egress port is 0
[02:45:18.189] [bmv2] [D] [thread 160987] [1.0] [cxt 0] Pipeline 'egress': start
[02:45:18.189] [bmv2] [T] [thread 160987] [1.0] [cxt 0] Applying table 'MyEgress.egress_encap_ipv6'
[02:45:18.189] [bmv2] [D] [thread 160987] [1.0] [cxt 0] Looking up key:
* standard_metadata.egress_port: 0000

[02:45:18.189] [bmv2] [D] [thread 160987] [1.0] [cxt 0] Table 'MyEgress.egress_encap_ipv6': miss
[02:45:18.189] [bmv2] [D] [thread 160987] [1.0] [cxt 0] Action entry is NoAction - 
[02:45:18.189] [bmv2] [T] [thread 160987] [1.0] [cxt 0] Action NoAction
[02:45:18.189] [bmv2] [T] [thread 160987] [1.0] [cxt 0] Applying table 'MyEgress.egress_encap_yequdesu'
[02:45:18.189] [bmv2] [D] [thread 160987] [1.0] [cxt 0] Looking up key:
* standard_metadata.egress_port: 0000

[02:45:18.189] [bmv2] [D] [thread 160987] [1.0] [cxt 0] Table 'MyEgress.egress_encap_yequdesu': miss
[02:45:18.189] [bmv2] [D] [thread 160987] [1.0] [cxt 0] Action entry is NoAction - 
[02:45:18.189] [bmv2] [T] [thread 160987] [1.0] [cxt 0] Action NoAction
[02:45:18.189] [bmv2] [T] [thread 160987] [1.0] [cxt 0] Applying table 'MyEgress.egress_encap_vxlan'
[02:45:18.189] [bmv2] [D] [thread 160987] [1.0] [cxt 0] Looking up key:
* standard_metadata.egress_port: 0000

[02:45:18.189] [bmv2] [D] [thread 160987] [1.0] [cxt 0] Table 'MyEgress.egress_encap_vxlan': miss
[02:45:18.189] [bmv2] [D] [thread 160987] [1.0] [cxt 0] Action entry is NoAction - 
[02:45:18.189] [bmv2] [T] [thread 160987] [1.0] [cxt 0] Action NoAction
[02:45:18.189] [bmv2] [D] [thread 160987] [1.0] [cxt 0] Pipeline 'egress': end
[02:45:18.189] [bmv2] [D] [thread 160987] [1.0] [cxt 0] Deparser 'deparser': start
[02:45:18.189] [bmv2] [T] [thread 160987] [1.0] [cxt 0] Skipping checksum 'cksum' update because condition not met
[02:45:18.189] [bmv2] [D] [thread 160987] [1.0] [cxt 0] Deparsing header 'ethernet'
[02:45:18.189] [bmv2] [D] [thread 160987] [1.0] [cxt 0] Deparsing header 'ipv6'
[02:45:18.189] [bmv2] [D] [thread 160987] [1.0] [cxt 0] Deparser 'deparser': end
[02:45:18.189] [bmv2] [D] [thread 160991] [1.0] [cxt 0] Transmitting packet of size 203 out of port 0
[02:45:18.678] [bmv2] [D] [thread 160986] [2.0] [cxt 0] Processing packet received on port 1
[02:45:18.678] [bmv2] [D] [thread 160986] [2.0] [cxt 0] Parser 'parser': start
[02:45:18.678] [bmv2] [D] [thread 160986] [2.0] [cxt 0] Parser 'parser' entering state 'start'
[02:45:18.678] [bmv2] [D] [thread 160986] [2.0] [cxt 0] Extracting header 'ethernet'
[02:45:18.678] [bmv2] [D] [thread 160986] [2.0] [cxt 0] Parser state 'start': key is 86dd
[02:45:18.678] [bmv2] [T] [thread 160986] [2.0] [cxt 0] Bytes parsed: 14
[02:45:18.678] [bmv2] [D] [thread 160986] [2.0] [cxt 0] Parser 'parser' entering state 'parse_ipv6'
[02:45:18.678] [bmv2] [D] [thread 160986] [2.0] [cxt 0] Extracting header 'ipv6'
[02:45:18.678] [bmv2] [D] [thread 160986] [2.0] [cxt 0] Parser state 'parse_ipv6': key is 11
[02:45:18.678] [bmv2] [T] [thread 160986] [2.0] [cxt 0] Bytes parsed: 54
[02:45:18.678] [bmv2] [D] [thread 160986] [2.0] [cxt 0] Parser 'parser': end
[02:45:18.678] [bmv2] [D] [thread 160986] [2.0] [cxt 0] Pipeline 'ingress': start
[02:45:18.678] [bmv2] [T] [thread 160986] [2.0] [cxt 0] basic.p4(565) Condition "hdr.ethernet.etherType == TYPE_ARP" (node_2) is false
[02:45:18.678] [bmv2] [T] [thread 160986] [2.0] [cxt 0] basic.p4(568) Condition "hdr.ethernet.etherType == TYPE_SRCROUTING" (node_4) is false
[02:45:18.678] [bmv2] [T] [thread 160986] [2.0] [cxt 0] basic.p4(581) Condition "hdr.ethernet.etherType == TYPE_YEQUDESU" (node_12) is false
[02:45:18.678] [bmv2] [T] [thread 160986] [2.0] [cxt 0] basic.p4(587) Condition "hdr.vxlan.isValid()" (node_15) is false
[02:45:18.678] [bmv2] [T] [thread 160986] [2.0] [cxt 0] basic.p4(591) Condition "hdr.ipv6.isValid()" (node_17) is true
[02:45:18.678] [bmv2] [T] [thread 160986] [2.0] [cxt 0] Applying table 'MyIngress.ipv6_lpm'
[02:45:18.678] [bmv2] [D] [thread 160986] [2.0] [cxt 0] Looking up key:
* hdr.ipv6.dstAddr    : ff0200000000000000000000000000fb

[02:45:18.678] [bmv2] [D] [thread 160986] [2.0] [cxt 0] Table 'MyIngress.ipv6_lpm': miss
[02:45:18.679] [bmv2] [D] [thread 160986] [2.0] [cxt 0] Action entry is NoAction - 
[02:45:18.679] [bmv2] [T] [thread 160986] [2.0] [cxt 0] Action NoAction
[02:45:18.679] [bmv2] [D] [thread 160986] [2.0] [cxt 0] Pipeline 'ingress': end
[02:45:18.679] [bmv2] [D] [thread 160986] [2.0] [cxt 0] Egress port is 0
[02:45:18.679] [bmv2] [D] [thread 160987] [2.0] [cxt 0] Pipeline 'egress': start
[02:45:18.679] [bmv2] [T] [thread 160987] [2.0] [cxt 0] Applying table 'MyEgress.egress_encap_ipv6'
[02:45:18.679] [bmv2] [D] [thread 160987] [2.0] [cxt 0] Looking up key:
* standard_metadata.egress_port: 0000

[02:45:18.679] [bmv2] [D] [thread 160987] [2.0] [cxt 0] Table 'MyEgress.egress_encap_ipv6': miss
[02:45:18.679] [bmv2] [D] [thread 160987] [2.0] [cxt 0] Action entry is NoAction - 
[02:45:18.679] [bmv2] [T] [thread 160987] [2.0] [cxt 0] Action NoAction
[02:45:18.679] [bmv2] [T] [thread 160987] [2.0] [cxt 0] Applying table 'MyEgress.egress_encap_yequdesu'
[02:45:18.679] [bmv2] [D] [thread 160987] [2.0] [cxt 0] Looking up key:
* standard_metadata.egress_port: 0000

[02:45:18.679] [bmv2] [D] [thread 160987] [2.0] [cxt 0] Table 'MyEgress.egress_encap_yequdesu': miss
[02:45:18.679] [bmv2] [D] [thread 160987] [2.0] [cxt 0] Action entry is NoAction - 
[02:45:18.679] [bmv2] [T] [thread 160987] [2.0] [cxt 0] Action NoAction
[02:45:18.679] [bmv2] [T] [thread 160987] [2.0] [cxt 0] Applying table 'MyEgress.egress_encap_vxlan'
[02:45:18.679] [bmv2] [D] [thread 160987] [2.0] [cxt 0] Looking up key:
* standard_metadata.egress_port: 0000

[02:45:18.679] [bmv2] [D] [thread 160987] [2.0] [cxt 0] Table 'MyEgress.egress_encap_vxlan': miss
[02:45:18.679] [bmv2] [D] [thread 160987] [2.0] [cxt 0] Action entry is NoAction - 
[02:45:18.679] [bmv2] [T] [thread 160987] [2.0] [cxt 0] Action NoAction
[02:45:18.679] [bmv2] [D] [thread 160987] [2.0] [cxt 0] Pipeline 'egress': end
[02:45:18.679] [bmv2] [D] [thread 160987] [2.0] [cxt 0] Deparser 'deparser': start
[02:45:18.679] [bmv2] [T] [thread 160987] [2.0] [cxt 0] Skipping checksum 'cksum' update because condition not met
[02:45:18.679] [bmv2] [D] [thread 160987] [2.0] [cxt 0] Deparsing header 'ethernet'
[02:45:18.679] [bmv2] [D] [thread 160987] [2.0] [cxt 0] Deparsing header 'ipv6'
[02:45:18.679] [bmv2] [D] [thread 160987] [2.0] [cxt 0] Deparser 'deparser': end
[02:45:18.680] [bmv2] [D] [thread 160991] [2.0] [cxt 0] Transmitting packet of size 199 out of port 0
[02:45:18.797] [bmv2] [D] [thread 160986] [3.0] [cxt 0] Processing packet received on port 1
[02:45:18.797] [bmv2] [D] [thread 160986] [3.0] [cxt 0] Parser 'parser': start
[02:45:18.797] [bmv2] [D] [thread 160986] [3.0] [cxt 0] Parser 'parser' entering state 'start'
[02:45:18.797] [bmv2] [D] [thread 160986] [3.0] [cxt 0] Extracting header 'ethernet'
[02:45:18.798] [bmv2] [D] [thread 160986] [3.0] [cxt 0] Parser state 'start': key is 86dd
[02:45:18.798] [bmv2] [T] [thread 160986] [3.0] [cxt 0] Bytes parsed: 14
[02:45:18.798] [bmv2] [D] [thread 160986] [3.0] [cxt 0] Parser 'parser' entering state 'parse_ipv6'
[02:45:18.798] [bmv2] [D] [thread 160986] [3.0] [cxt 0] Extracting header 'ipv6'
[02:45:18.798] [bmv2] [D] [thread 160986] [3.0] [cxt 0] Parser state 'parse_ipv6': key is 3a
[02:45:18.798] [bmv2] [T] [thread 160986] [3.0] [cxt 0] Bytes parsed: 54
[02:45:18.798] [bmv2] [D] [thread 160986] [3.0] [cxt 0] Parser 'parser': end
[02:45:18.798] [bmv2] [D] [thread 160986] [3.0] [cxt 0] Pipeline 'ingress': start
[02:45:18.798] [bmv2] [T] [thread 160986] [3.0] [cxt 0] basic.p4(565) Condition "hdr.ethernet.etherType == TYPE_ARP" (node_2) is false
[02:45:18.798] [bmv2] [T] [thread 160986] [3.0] [cxt 0] basic.p4(568) Condition "hdr.ethernet.etherType == TYPE_SRCROUTING" (node_4) is false
[02:45:18.798] [bmv2] [T] [thread 160986] [3.0] [cxt 0] basic.p4(581) Condition "hdr.ethernet.etherType == TYPE_YEQUDESU" (node_12) is false
[02:45:18.798] [bmv2] [T] [thread 160986] [3.0] [cxt 0] basic.p4(587) Condition "hdr.vxlan.isValid()" (node_15) is false
[02:45:18.798] [bmv2] [T] [thread 160986] [3.0] [cxt 0] basic.p4(591) Condition "hdr.ipv6.isValid()" (node_17) is true
[02:45:18.798] [bmv2] [T] [thread 160986] [3.0] [cxt 0] Applying table 'MyIngress.ipv6_lpm'
[02:45:18.798] [bmv2] [D] [thread 160986] [3.0] [cxt 0] Looking up key:
* hdr.ipv6.dstAddr    : ff020000000000000000000000000002

[02:45:18.798] [bmv2] [D] [thread 160986] [3.0] [cxt 0] Table 'MyIngress.ipv6_lpm': miss
[02:45:18.798] [bmv2] [D] [thread 160986] [3.0] [cxt 0] Action entry is NoAction - 
[02:45:18.798] [bmv2] [T] [thread 160986] [3.0] [cxt 0] Action NoAction
[02:45:18.798] [bmv2] [D] [thread 160986] [3.0] [cxt 0] Pipeline 'ingress': end
[02:45:18.798] [bmv2] [D] [thread 160986] [3.0] [cxt 0] Egress port is 0
[02:45:18.798] [bmv2] [D] [thread 160987] [3.0] [cxt 0] Pipeline 'egress': start
[02:45:18.798] [bmv2] [T] [thread 160987] [3.0] [cxt 0] Applying table 'MyEgress.egress_encap_ipv6'
[02:45:18.798] [bmv2] [D] [thread 160987] [3.0] [cxt 0] Looking up key:
* standard_metadata.egress_port: 0000

[02:45:18.798] [bmv2] [D] [thread 160987] [3.0] [cxt 0] Table 'MyEgress.egress_encap_ipv6': miss
[02:45:18.798] [bmv2] [D] [thread 160987] [3.0] [cxt 0] Action entry is NoAction - 
[02:45:18.798] [bmv2] [T] [thread 160987] [3.0] [cxt 0] Action NoAction
[02:45:18.798] [bmv2] [T] [thread 160987] [3.0] [cxt 0] Applying table 'MyEgress.egress_encap_yequdesu'
[02:45:18.798] [bmv2] [D] [thread 160987] [3.0] [cxt 0] Looking up key:
* standard_metadata.egress_port: 0000

[02:45:18.798] [bmv2] [D] [thread 160987] [3.0] [cxt 0] Table 'MyEgress.egress_encap_yequdesu': miss
[02:45:18.798] [bmv2] [D] [thread 160987] [3.0] [cxt 0] Action entry is NoAction - 
[02:45:18.798] [bmv2] [T] [thread 160987] [3.0] [cxt 0] Action NoAction
[02:45:18.798] [bmv2] [T] [thread 160987] [3.0] [cxt 0] Applying table 'MyEgress.egress_encap_vxlan'
[02:45:18.798] [bmv2] [D] [thread 160987] [3.0] [cxt 0] Looking up key:
* standard_metadata.egress_port: 0000

[02:45:18.798] [bmv2] [D] [thread 160987] [3.0] [cxt 0] Table 'MyEgress.egress_encap_vxlan': miss
[02:45:18.798] [bmv2] [D] [thread 160987] [3.0] [cxt 0] Action entry is NoAction - 
[02:45:18.798] [bmv2] [T] [thread 160987] [3.0] [cxt 0] Action NoAction
[02:45:18.798] [bmv2] [D] [thread 160987] [3.0] [cxt 0] Pipeline 'egress': end
[02:45:18.798] [bmv2] [D] [thread 160987] [3.0] [cxt 0] Deparser 'deparser': start
[02:45:18.798] [bmv2] [T] [thread 160987] [3.0] [cxt 0] Skipping checksum 'cksum' update because condition not met
[02:45:18.798] [bmv2] [D] [thread 160987] [3.0] [cxt 0] Deparsing header 'ethernet'
[02:45:18.798] [bmv2] [D] [thread 160987] [3.0] [cxt 0] Deparsing header 'ipv6'
[02:45:18.798] [bmv2] [D] [thread 160987] [3.0] [cxt 0] Deparser 'deparser': end
[02:45:18.798] [bmv2] [D] [thread 160991] [3.0] [cxt 0] Transmitting packet of size 70 out of port 0
[02:45:18.990] [bmv2] [D] [thread 160986] [4.0] [cxt 0] Processing packet received on port 1
[02:45:18.990] [bmv2] [D] [thread 160986] [4.0] [cxt 0] Parser 'parser': start
[02:45:18.990] [bmv2] [D] [thread 160986] [4.0] [cxt 0] Parser 'parser' entering state 'start'
[02:45:18.990] [bmv2] [D] [thread 160986] [4.0] [cxt 0] Extracting header 'ethernet'
[02:45:18.990] [bmv2] [D] [thread 160986] [4.0] [cxt 0] Parser state 'start': key is 86dd
[02:45:18.990] [bmv2] [T] [thread 160986] [4.0] [cxt 0] Bytes parsed: 14
[02:45:18.990] [bmv2] [D] [thread 160986] [4.0] [cxt 0] Parser 'parser' entering state 'parse_ipv6'
[02:45:18.990] [bmv2] [D] [thread 160986] [4.0] [cxt 0] Extracting header 'ipv6'
[02:45:18.990] [bmv2] [D] [thread 160986] [4.0] [cxt 0] Parser state 'parse_ipv6': key is 3a
[02:45:18.990] [bmv2] [T] [thread 160986] [4.0] [cxt 0] Bytes parsed: 54
[02:45:18.990] [bmv2] [D] [thread 160986] [4.0] [cxt 0] Parser 'parser': end
[02:45:18.990] [bmv2] [D] [thread 160986] [4.0] [cxt 0] Pipeline 'ingress': start
[02:45:18.990] [bmv2] [T] [thread 160986] [4.0] [cxt 0] basic.p4(565) Condition "hdr.ethernet.etherType == TYPE_ARP" (node_2) is false
[02:45:18.990] [bmv2] [T] [thread 160986] [4.0] [cxt 0] basic.p4(568) Condition "hdr.ethernet.etherType == TYPE_SRCROUTING" (node_4) is false
[02:45:18.990] [bmv2] [T] [thread 160986] [4.0] [cxt 0] basic.p4(581) Condition "hdr.ethernet.etherType == TYPE_YEQUDESU" (node_12) is false
[02:45:18.990] [bmv2] [T] [thread 160986] [4.0] [cxt 0] basic.p4(587) Condition "hdr.vxlan.isValid()" (node_15) is false
[02:45:18.990] [bmv2] [T] [thread 160986] [4.0] [cxt 0] basic.p4(591) Condition "hdr.ipv6.isValid()" (node_17) is true
[02:45:18.990] [bmv2] [T] [thread 160986] [4.0] [cxt 0] Applying table 'MyIngress.ipv6_lpm'
[02:45:18.991] [bmv2] [D] [thread 160986] [4.0] [cxt 0] Looking up key:
* hdr.ipv6.dstAddr    : ff020000000000000000000000000002

[02:45:18.991] [bmv2] [D] [thread 160986] [4.0] [cxt 0] Table 'MyIngress.ipv6_lpm': miss
[02:45:18.991] [bmv2] [D] [thread 160986] [4.0] [cxt 0] Action entry is NoAction - 
[02:45:18.991] [bmv2] [T] [thread 160986] [4.0] [cxt 0] Action NoAction
[02:45:18.991] [bmv2] [D] [thread 160986] [4.0] [cxt 0] Pipeline 'ingress': end
[02:45:18.991] [bmv2] [D] [thread 160986] [4.0] [cxt 0] Egress port is 0
[02:45:18.991] [bmv2] [D] [thread 160986] [5.0] [cxt 0] Processing packet received on port 2
[02:45:18.991] [bmv2] [D] [thread 160986] [5.0] [cxt 0] Parser 'parser': start
[02:45:18.991] [bmv2] [D] [thread 160986] [5.0] [cxt 0] Parser 'parser' entering state 'start'
[02:45:18.991] [bmv2] [D] [thread 160986] [5.0] [cxt 0] Extracting header 'ethernet'
[02:45:18.991] [bmv2] [D] [thread 160986] [5.0] [cxt 0] Parser state 'start': key is 86dd
[02:45:18.991] [bmv2] [T] [thread 160986] [5.0] [cxt 0] Bytes parsed: 14
[02:45:18.991] [bmv2] [D] [thread 160986] [5.0] [cxt 0] Parser 'parser' entering state 'parse_ipv6'
[02:45:18.991] [bmv2] [D] [thread 160986] [5.0] [cxt 0] Extracting header 'ipv6'
[02:45:18.991] [bmv2] [D] [thread 160986] [5.0] [cxt 0] Parser state 'parse_ipv6': key is 3a
[02:45:18.991] [bmv2] [T] [thread 160986] [5.0] [cxt 0] Bytes parsed: 54
[02:45:18.991] [bmv2] [D] [thread 160986] [5.0] [cxt 0] Parser 'parser': end
[02:45:18.991] [bmv2] [D] [thread 160986] [5.0] [cxt 0] Pipeline 'ingress': start
[02:45:18.991] [bmv2] [T] [thread 160986] [5.0] [cxt 0] basic.p4(565) Condition "hdr.ethernet.etherType == TYPE_ARP" (node_2) is false
[02:45:18.991] [bmv2] [T] [thread 160986] [5.0] [cxt 0] basic.p4(568) Condition "hdr.ethernet.etherType == TYPE_SRCROUTING" (node_4) is false
[02:45:18.991] [bmv2] [T] [thread 160986] [5.0] [cxt 0] basic.p4(581) Condition "hdr.ethernet.etherType == TYPE_YEQUDESU" (node_12) is false
[02:45:18.991] [bmv2] [T] [thread 160986] [5.0] [cxt 0] basic.p4(587) Condition "hdr.vxlan.isValid()" (node_15) is false
[02:45:18.991] [bmv2] [T] [thread 160986] [5.0] [cxt 0] basic.p4(591) Condition "hdr.ipv6.isValid()" (node_17) is true
[02:45:18.991] [bmv2] [T] [thread 160986] [5.0] [cxt 0] Applying table 'MyIngress.ipv6_lpm'
[02:45:18.991] [bmv2] [D] [thread 160986] [5.0] [cxt 0] Looking up key:
* hdr.ipv6.dstAddr    : ff020000000000000000000000000002

[02:45:18.991] [bmv2] [D] [thread 160986] [5.0] [cxt 0] Table 'MyIngress.ipv6_lpm': miss
[02:45:18.991] [bmv2] [D] [thread 160986] [5.0] [cxt 0] Action entry is NoAction - 
[02:45:18.991] [bmv2] [T] [thread 160986] [5.0] [cxt 0] Action NoAction
[02:45:18.991] [bmv2] [D] [thread 160986] [5.0] [cxt 0] Pipeline 'ingress': end
[02:45:18.991] [bmv2] [D] [thread 160986] [5.0] [cxt 0] Egress port is 0
[02:45:18.991] [bmv2] [D] [thread 160987] [4.0] [cxt 0] Pipeline 'egress': start
[02:45:18.991] [bmv2] [T] [thread 160987] [4.0] [cxt 0] Applying table 'MyEgress.egress_encap_ipv6'
[02:45:18.991] [bmv2] [D] [thread 160987] [4.0] [cxt 0] Looking up key:
* standard_metadata.egress_port: 0000

[02:45:18.991] [bmv2] [D] [thread 160987] [4.0] [cxt 0] Table 'MyEgress.egress_encap_ipv6': miss
[02:45:18.991] [bmv2] [D] [thread 160987] [4.0] [cxt 0] Action entry is NoAction - 
[02:45:18.991] [bmv2] [T] [thread 160987] [4.0] [cxt 0] Action NoAction
[02:45:18.991] [bmv2] [T] [thread 160987] [4.0] [cxt 0] Applying table 'MyEgress.egress_encap_yequdesu'
[02:45:18.991] [bmv2] [D] [thread 160987] [4.0] [cxt 0] Looking up key:
* standard_metadata.egress_port: 0000

[02:45:18.991] [bmv2] [D] [thread 160987] [4.0] [cxt 0] Table 'MyEgress.egress_encap_yequdesu': miss
[02:45:18.991] [bmv2] [D] [thread 160987] [4.0] [cxt 0] Action entry is NoAction - 
[02:45:18.991] [bmv2] [T] [thread 160987] [4.0] [cxt 0] Action NoAction
[02:45:18.991] [bmv2] [T] [thread 160987] [4.0] [cxt 0] Applying table 'MyEgress.egress_encap_vxlan'
[02:45:18.991] [bmv2] [D] [thread 160987] [4.0] [cxt 0] Looking up key:
* standard_metadata.egress_port: 0000

[02:45:18.991] [bmv2] [D] [thread 160987] [4.0] [cxt 0] Table 'MyEgress.egress_encap_vxlan': miss
[02:45:18.991] [bmv2] [D] [thread 160987] [4.0] [cxt 0] Action entry is NoAction - 
[02:45:18.991] [bmv2] [T] [thread 160987] [4.0] [cxt 0] Action NoAction
[02:45:18.991] [bmv2] [D] [thread 160987] [4.0] [cxt 0] Pipeline 'egress': end
[02:45:18.991] [bmv2] [D] [thread 160987] [4.0] [cxt 0] Deparser 'deparser': start
[02:45:18.991] [bmv2] [T] [thread 160987] [4.0] [cxt 0] Skipping checksum 'cksum' update because condition not met
[02:45:18.991] [bmv2] [D] [thread 160987] [4.0] [cxt 0] Deparsing header 'ethernet'
[02:45:18.991] [bmv2] [D] [thread 160987] [4.0] [cxt 0] Deparsing header 'ipv6'
[02:45:18.991] [bmv2] [D] [thread 160987] [4.0] [cxt 0] Deparser 'deparser': end
[02:45:18.991] [bmv2] [D] [thread 160987] [5.0] [cxt 0] Pipeline 'egress': start
[02:45:18.991] [bmv2] [T] [thread 160987] [5.0] [cxt 0] Applying table 'MyEgress.egress_encap_ipv6'
[02:45:18.991] [bmv2] [D] [thread 160987] [5.0] [cxt 0] Looking up key:
* standard_metadata.egress_port: 0000

[02:45:18.991] [bmv2] [D] [thread 160987] [5.0] [cxt 0] Table 'MyEgress.egress_encap_ipv6': miss
[02:45:18.991] [bmv2] [D] [thread 160987] [5.0] [cxt 0] Action entry is NoAction - 
[02:45:18.991] [bmv2] [T] [thread 160987] [5.0] [cxt 0] Action NoAction
[02:45:18.991] [bmv2] [T] [thread 160987] [5.0] [cxt 0] Applying table 'MyEgress.egress_encap_yequdesu'
[02:45:18.991] [bmv2] [D] [thread 160987] [5.0] [cxt 0] Looking up key:
* standard_metadata.egress_port: 0000

[02:45:18.991] [bmv2] [D] [thread 160987] [5.0] [cxt 0] Table 'MyEgress.egress_encap_yequdesu': miss
[02:45:18.991] [bmv2] [D] [thread 160987] [5.0] [cxt 0] Action entry is NoAction - 
[02:45:18.991] [bmv2] [T] [thread 160987] [5.0] [cxt 0] Action NoAction
[02:45:18.991] [bmv2] [T] [thread 160987] [5.0] [cxt 0] Applying table 'MyEgress.egress_encap_vxlan'
[02:45:18.991] [bmv2] [D] [thread 160987] [5.0] [cxt 0] Looking up key:
* standard_metadata.egress_port: 0000

[02:45:18.991] [bmv2] [D] [thread 160987] [5.0] [cxt 0] Table 'MyEgress.egress_encap_vxlan': miss
[02:45:18.991] [bmv2] [D] [thread 160987] [5.0] [cxt 0] Action entry is NoAction - 
[02:45:18.991] [bmv2] [T] [thread 160987] [5.0] [cxt 0] Action NoAction
[02:45:18.991] [bmv2] [D] [thread 160987] [5.0] [cxt 0] Pipeline 'egress': end
[02:45:18.991] [bmv2] [D] [thread 160987] [5.0] [cxt 0] Deparser 'deparser': start
[02:45:18.991] [bmv2] [T] [thread 160987] [5.0] [cxt 0] Skipping checksum 'cksum' update because condition not met
[02:45:18.991] [bmv2] [D] [thread 160987] [5.0] [cxt 0] Deparsing header 'ethernet'
[02:45:18.991] [bmv2] [D] [thread 160987] [5.0] [cxt 0] Deparsing header 'ipv6'
[02:45:18.991] [bmv2] [D] [thread 160987] [5.0] [cxt 0] Deparser 'deparser': end
[02:45:18.991] [bmv2] [D] [thread 160991] [4.0] [cxt 0] Transmitting packet of size 70 out of port 0
[02:45:18.991] [bmv2] [D] [thread 160991] [5.0] [cxt 0] Transmitting packet of size 70 out of port 0
[02:45:18.997] [bmv2] [D] [thread 160986] [6.0] [cxt 0] Processing packet received on port 2
[02:45:18.997] [bmv2] [D] [thread 160986] [6.0] [cxt 0] Parser 'parser': start
[02:45:18.997] [bmv2] [D] [thread 160986] [6.0] [cxt 0] Parser 'parser' entering state 'start'
[02:45:18.997] [bmv2] [D] [thread 160986] [6.0] [cxt 0] Extracting header 'ethernet'
[02:45:18.997] [bmv2] [D] [thread 160986] [6.0] [cxt 0] Parser state 'start': key is 86dd
[02:45:18.997] [bmv2] [T] [thread 160986] [6.0] [cxt 0] Bytes parsed: 14
[02:45:18.997] [bmv2] [D] [thread 160986] [6.0] [cxt 0] Parser 'parser' entering state 'parse_ipv6'
[02:45:18.997] [bmv2] [D] [thread 160986] [6.0] [cxt 0] Extracting header 'ipv6'
[02:45:18.997] [bmv2] [D] [thread 160986] [6.0] [cxt 0] Parser state 'parse_ipv6': key is 11
[02:45:18.997] [bmv2] [T] [thread 160986] [6.0] [cxt 0] Bytes parsed: 54
[02:45:18.997] [bmv2] [D] [thread 160986] [6.0] [cxt 0] Parser 'parser': end
[02:45:18.997] [bmv2] [D] [thread 160986] [6.0] [cxt 0] Pipeline 'ingress': start
[02:45:18.997] [bmv2] [T] [thread 160986] [6.0] [cxt 0] basic.p4(565) Condition "hdr.ethernet.etherType == TYPE_ARP" (node_2) is false
[02:45:18.997] [bmv2] [T] [thread 160986] [6.0] [cxt 0] basic.p4(568) Condition "hdr.ethernet.etherType == TYPE_SRCROUTING" (node_4) is false
[02:45:18.997] [bmv2] [T] [thread 160986] [6.0] [cxt 0] basic.p4(581) Condition "hdr.ethernet.etherType == TYPE_YEQUDESU" (node_12) is false
[02:45:18.997] [bmv2] [T] [thread 160986] [6.0] [cxt 0] basic.p4(587) Condition "hdr.vxlan.isValid()" (node_15) is false
[02:45:18.997] [bmv2] [T] [thread 160986] [6.0] [cxt 0] basic.p4(591) Condition "hdr.ipv6.isValid()" (node_17) is true
[02:45:18.997] [bmv2] [T] [thread 160986] [6.0] [cxt 0] Applying table 'MyIngress.ipv6_lpm'
[02:45:18.997] [bmv2] [D] [thread 160986] [6.0] [cxt 0] Looking up key:
* hdr.ipv6.dstAddr    : ff0200000000000000000000000000fb

[02:45:18.997] [bmv2] [D] [thread 160986] [6.0] [cxt 0] Table 'MyIngress.ipv6_lpm': miss
[02:45:18.997] [bmv2] [D] [thread 160986] [6.0] [cxt 0] Action entry is NoAction - 
[02:45:18.997] [bmv2] [T] [thread 160986] [6.0] [cxt 0] Action NoAction
[02:45:18.997] [bmv2] [D] [thread 160986] [6.0] [cxt 0] Pipeline 'ingress': end
[02:45:18.997] [bmv2] [D] [thread 160986] [6.0] [cxt 0] Egress port is 0
[02:45:18.998] [bmv2] [D] [thread 160987] [6.0] [cxt 0] Pipeline 'egress': start
[02:45:18.998] [bmv2] [T] [thread 160987] [6.0] [cxt 0] Applying table 'MyEgress.egress_encap_ipv6'
[02:45:18.998] [bmv2] [D] [thread 160987] [6.0] [cxt 0] Looking up key:
* standard_metadata.egress_port: 0000

[02:45:18.998] [bmv2] [D] [thread 160987] [6.0] [cxt 0] Table 'MyEgress.egress_encap_ipv6': miss
[02:45:18.998] [bmv2] [D] [thread 160987] [6.0] [cxt 0] Action entry is NoAction - 
[02:45:18.998] [bmv2] [T] [thread 160987] [6.0] [cxt 0] Action NoAction
[02:45:18.998] [bmv2] [T] [thread 160987] [6.0] [cxt 0] Applying table 'MyEgress.egress_encap_yequdesu'
[02:45:18.998] [bmv2] [D] [thread 160987] [6.0] [cxt 0] Looking up key:
* standard_metadata.egress_port: 0000

[02:45:18.998] [bmv2] [D] [thread 160987] [6.0] [cxt 0] Table 'MyEgress.egress_encap_yequdesu': miss
[02:45:18.998] [bmv2] [D] [thread 160987] [6.0] [cxt 0] Action entry is NoAction - 
[02:45:18.998] [bmv2] [T] [thread 160987] [6.0] [cxt 0] Action NoAction
[02:45:18.998] [bmv2] [T] [thread 160987] [6.0] [cxt 0] Applying table 'MyEgress.egress_encap_vxlan'
[02:45:18.998] [bmv2] [D] [thread 160987] [6.0] [cxt 0] Looking up key:
* standard_metadata.egress_port: 0000

[02:45:18.998] [bmv2] [D] [thread 160987] [6.0] [cxt 0] Table 'MyEgress.egress_encap_vxlan': miss
[02:45:18.998] [bmv2] [D] [thread 160987] [6.0] [cxt 0] Action entry is NoAction - 
[02:45:18.998] [bmv2] [T] [thread 160987] [6.0] [cxt 0] Action NoAction
[02:45:18.998] [bmv2] [D] [thread 160987] [6.0] [cxt 0] Pipeline 'egress': end
[02:45:18.998] [bmv2] [D] [thread 160987] [6.0] [cxt 0] Deparser 'deparser': start
[02:45:18.998] [bmv2] [T] [thread 160987] [6.0] [cxt 0] Skipping checksum 'cksum' update because condition not met
[02:45:18.998] [bmv2] [D] [thread 160987] [6.0] [cxt 0] Deparsing header 'ethernet'
[02:45:18.998] [bmv2] [D] [thread 160987] [6.0] [cxt 0] Deparsing header 'ipv6'
[02:45:18.998] [bmv2] [D] [thread 160987] [6.0] [cxt 0] Deparser 'deparser': end
[02:45:18.999] [bmv2] [D] [thread 160991] [6.0] [cxt 0] Transmitting packet of size 199 out of port 0
[02:45:19.447] [bmv2] [D] [thread 160986] [7.0] [cxt 0] Processing packet received on port 1
[02:45:19.447] [bmv2] [D] [thread 160986] [7.0] [cxt 0] Parser 'parser': start
[02:45:19.447] [bmv2] [D] [thread 160986] [7.0] [cxt 0] Parser 'parser' entering state 'start'
[02:45:19.447] [bmv2] [D] [thread 160986] [7.0] [cxt 0] Extracting header 'ethernet'
[02:45:19.447] [bmv2] [D] [thread 160986] [7.0] [cxt 0] Parser state 'start': key is 86dd
[02:45:19.447] [bmv2] [T] [thread 160986] [7.0] [cxt 0] Bytes parsed: 14
[02:45:19.447] [bmv2] [D] [thread 160986] [7.0] [cxt 0] Parser 'parser' entering state 'parse_ipv6'
[02:45:19.447] [bmv2] [D] [thread 160986] [7.0] [cxt 0] Extracting header 'ipv6'
[02:45:19.447] [bmv2] [D] [thread 160986] [7.0] [cxt 0] Parser state 'parse_ipv6': key is 11
[02:45:19.447] [bmv2] [T] [thread 160986] [7.0] [cxt 0] Bytes parsed: 54
[02:45:19.447] [bmv2] [D] [thread 160986] [7.0] [cxt 0] Parser 'parser': end
[02:45:19.447] [bmv2] [D] [thread 160986] [7.0] [cxt 0] Pipeline 'ingress': start
[02:45:19.447] [bmv2] [T] [thread 160986] [7.0] [cxt 0] basic.p4(565) Condition "hdr.ethernet.etherType == TYPE_ARP" (node_2) is false
[02:45:19.447] [bmv2] [T] [thread 160986] [7.0] [cxt 0] basic.p4(568) Condition "hdr.ethernet.etherType == TYPE_SRCROUTING" (node_4) is false
[02:45:19.447] [bmv2] [T] [thread 160986] [7.0] [cxt 0] basic.p4(581) Condition "hdr.ethernet.etherType == TYPE_YEQUDESU" (node_12) is false
[02:45:19.447] [bmv2] [T] [thread 160986] [7.0] [cxt 0] basic.p4(587) Condition "hdr.vxlan.isValid()" (node_15) is false
[02:45:19.447] [bmv2] [T] [thread 160986] [7.0] [cxt 0] basic.p4(591) Condition "hdr.ipv6.isValid()" (node_17) is true
[02:45:19.447] [bmv2] [T] [thread 160986] [7.0] [cxt 0] Applying table 'MyIngress.ipv6_lpm'
[02:45:19.447] [bmv2] [D] [thread 160986] [7.0] [cxt 0] Looking up key:
* hdr.ipv6.dstAddr    : ff0200000000000000000000000000fb

[02:45:19.447] [bmv2] [D] [thread 160986] [7.0] [cxt 0] Table 'MyIngress.ipv6_lpm': miss
[02:45:19.447] [bmv2] [D] [thread 160986] [7.0] [cxt 0] Action entry is NoAction - 
[02:45:19.447] [bmv2] [T] [thread 160986] [7.0] [cxt 0] Action NoAction
[02:45:19.447] [bmv2] [D] [thread 160986] [7.0] [cxt 0] Pipeline 'ingress': end
[02:45:19.447] [bmv2] [D] [thread 160986] [7.0] [cxt 0] Egress port is 0
[02:45:19.447] [bmv2] [D] [thread 160987] [7.0] [cxt 0] Pipeline 'egress': start
[02:45:19.447] [bmv2] [T] [thread 160987] [7.0] [cxt 0] Applying table 'MyEgress.egress_encap_ipv6'
[02:45:19.447] [bmv2] [D] [thread 160987] [7.0] [cxt 0] Looking up key:
* standard_metadata.egress_port: 0000

[02:45:19.447] [bmv2] [D] [thread 160987] [7.0] [cxt 0] Table 'MyEgress.egress_encap_ipv6': miss
[02:45:19.447] [bmv2] [D] [thread 160987] [7.0] [cxt 0] Action entry is NoAction - 
[02:45:19.447] [bmv2] [T] [thread 160987] [7.0] [cxt 0] Action NoAction
[02:45:19.447] [bmv2] [T] [thread 160987] [7.0] [cxt 0] Applying table 'MyEgress.egress_encap_yequdesu'
[02:45:19.447] [bmv2] [D] [thread 160987] [7.0] [cxt 0] Looking up key:
* standard_metadata.egress_port: 0000

[02:45:19.447] [bmv2] [D] [thread 160987] [7.0] [cxt 0] Table 'MyEgress.egress_encap_yequdesu': miss
[02:45:19.447] [bmv2] [D] [thread 160987] [7.0] [cxt 0] Action entry is NoAction - 
[02:45:19.447] [bmv2] [T] [thread 160987] [7.0] [cxt 0] Action NoAction
[02:45:19.447] [bmv2] [T] [thread 160987] [7.0] [cxt 0] Applying table 'MyEgress.egress_encap_vxlan'
[02:45:19.447] [bmv2] [D] [thread 160987] [7.0] [cxt 0] Looking up key:
* standard_metadata.egress_port: 0000

[02:45:19.447] [bmv2] [D] [thread 160987] [7.0] [cxt 0] Table 'MyEgress.egress_encap_vxlan': miss
[02:45:19.447] [bmv2] [D] [thread 160987] [7.0] [cxt 0] Action entry is NoAction - 
[02:45:19.447] [bmv2] [T] [thread 160987] [7.0] [cxt 0] Action NoAction
[02:45:19.447] [bmv2] [D] [thread 160987] [7.0] [cxt 0] Pipeline 'egress': end
[02:45:19.447] [bmv2] [D] [thread 160987] [7.0] [cxt 0] Deparser 'deparser': start
[02:45:19.447] [bmv2] [T] [thread 160987] [7.0] [cxt 0] Skipping checksum 'cksum' update because condition not met
[02:45:19.447] [bmv2] [D] [thread 160987] [7.0] [cxt 0] Deparsing header 'ethernet'
[02:45:19.447] [bmv2] [D] [thread 160987] [7.0] [cxt 0] Deparsing header 'ipv6'
[02:45:19.447] [bmv2] [D] [thread 160987] [7.0] [cxt 0] Deparser 'deparser': end
[02:45:19.448] [bmv2] [D] [thread 160991] [7.0] [cxt 0] Transmitting packet of size 199 out of port 0
[02:45:19.501] [bmv2] [D] [thread 160986] [8.0] [cxt 0] Processing packet received on port 2
[02:45:19.501] [bmv2] [D] [thread 160986] [8.0] [cxt 0] Parser 'parser': start
[02:45:19.501] [bmv2] [D] [thread 160986] [8.0] [cxt 0] Parser 'parser' entering state 'start'
[02:45:19.501] [bmv2] [D] [thread 160986] [8.0] [cxt 0] Extracting header 'ethernet'
[02:45:19.501] [bmv2] [D] [thread 160986] [8.0] [cxt 0] Parser state 'start': key is 86dd
[02:45:19.501] [bmv2] [T] [thread 160986] [8.0] [cxt 0] Bytes parsed: 14
[02:45:19.501] [bmv2] [D] [thread 160986] [8.0] [cxt 0] Parser 'parser' entering state 'parse_ipv6'
[02:45:19.501] [bmv2] [D] [thread 160986] [8.0] [cxt 0] Extracting header 'ipv6'
[02:45:19.501] [bmv2] [D] [thread 160986] [8.0] [cxt 0] Parser state 'parse_ipv6': key is 3a
[02:45:19.501] [bmv2] [T] [thread 160986] [8.0] [cxt 0] Bytes parsed: 54
[02:45:19.501] [bmv2] [D] [thread 160986] [8.0] [cxt 0] Parser 'parser': end
[02:45:19.501] [bmv2] [D] [thread 160986] [8.0] [cxt 0] Pipeline 'ingress': start
[02:45:19.501] [bmv2] [T] [thread 160986] [8.0] [cxt 0] basic.p4(565) Condition "hdr.ethernet.etherType == TYPE_ARP" (node_2) is false
[02:45:19.502] [bmv2] [T] [thread 160986] [8.0] [cxt 0] basic.p4(568) Condition "hdr.ethernet.etherType == TYPE_SRCROUTING" (node_4) is false
[02:45:19.502] [bmv2] [T] [thread 160986] [8.0] [cxt 0] basic.p4(581) Condition "hdr.ethernet.etherType == TYPE_YEQUDESU" (node_12) is false
[02:45:19.502] [bmv2] [T] [thread 160986] [8.0] [cxt 0] basic.p4(587) Condition "hdr.vxlan.isValid()" (node_15) is false
[02:45:19.502] [bmv2] [T] [thread 160986] [8.0] [cxt 0] basic.p4(591) Condition "hdr.ipv6.isValid()" (node_17) is true
[02:45:19.502] [bmv2] [T] [thread 160986] [8.0] [cxt 0] Applying table 'MyIngress.ipv6_lpm'
[02:45:19.502] [bmv2] [D] [thread 160986] [8.0] [cxt 0] Looking up key:
* hdr.ipv6.dstAddr    : ff020000000000000000000000000002

[02:45:19.502] [bmv2] [D] [thread 160986] [8.0] [cxt 0] Table 'MyIngress.ipv6_lpm': miss
[02:45:19.502] [bmv2] [D] [thread 160986] [8.0] [cxt 0] Action entry is NoAction - 
[02:45:19.502] [bmv2] [T] [thread 160986] [8.0] [cxt 0] Action NoAction
[02:45:19.502] [bmv2] [D] [thread 160986] [8.0] [cxt 0] Pipeline 'ingress': end
[02:45:19.502] [bmv2] [D] [thread 160986] [8.0] [cxt 0] Egress port is 0
[02:45:19.502] [bmv2] [D] [thread 160987] [8.0] [cxt 0] Pipeline 'egress': start
[02:45:19.502] [bmv2] [T] [thread 160987] [8.0] [cxt 0] Applying table 'MyEgress.egress_encap_ipv6'
[02:45:19.502] [bmv2] [D] [thread 160987] [8.0] [cxt 0] Looking up key:
* standard_metadata.egress_port: 0000

[02:45:19.502] [bmv2] [D] [thread 160987] [8.0] [cxt 0] Table 'MyEgress.egress_encap_ipv6': miss
[02:45:19.502] [bmv2] [D] [thread 160987] [8.0] [cxt 0] Action entry is NoAction - 
[02:45:19.502] [bmv2] [T] [thread 160987] [8.0] [cxt 0] Action NoAction
[02:45:19.502] [bmv2] [T] [thread 160987] [8.0] [cxt 0] Applying table 'MyEgress.egress_encap_yequdesu'
[02:45:19.502] [bmv2] [D] [thread 160987] [8.0] [cxt 0] Looking up key:
* standard_metadata.egress_port: 0000

[02:45:19.502] [bmv2] [D] [thread 160987] [8.0] [cxt 0] Table 'MyEgress.egress_encap_yequdesu': miss
[02:45:19.502] [bmv2] [D] [thread 160987] [8.0] [cxt 0] Action entry is NoAction - 
[02:45:19.502] [bmv2] [T] [thread 160987] [8.0] [cxt 0] Action NoAction
[02:45:19.502] [bmv2] [T] [thread 160987] [8.0] [cxt 0] Applying table 'MyEgress.egress_encap_vxlan'
[02:45:19.502] [bmv2] [D] [thread 160987] [8.0] [cxt 0] Looking up key:
* standard_metadata.egress_port: 0000

[02:45:19.502] [bmv2] [D] [thread 160987] [8.0] [cxt 0] Table 'MyEgress.egress_encap_vxlan': miss
[02:45:19.502] [bmv2] [D] [thread 160987] [8.0] [cxt 0] Action entry is NoAction - 
[02:45:19.502] [bmv2] [T] [thread 160987] [8.0] [cxt 0] Action NoAction
[02:45:19.502] [bmv2] [D] [thread 160987] [8.0] [cxt 0] Pipeline 'egress': end
[02:45:19.502] [bmv2] [D] [thread 160987] [8.0] [cxt 0] Deparser 'deparser': start
[02:45:19.502] [bmv2] [T] [thread 160987] [8.0] [cxt 0] Skipping checksum 'cksum' update because condition not met
[02:45:19.502] [bmv2] [D] [thread 160987] [8.0] [cxt 0] Deparsing header 'ethernet'
[02:45:19.502] [bmv2] [D] [thread 160987] [8.0] [cxt 0] Deparsing header 'ipv6'
[02:45:19.502] [bmv2] [D] [thread 160987] [8.0] [cxt 0] Deparser 'deparser': end
[02:45:19.502] [bmv2] [D] [thread 160991] [8.0] [cxt 0] Transmitting packet of size 70 out of port 0
[02:45:19.508] [bmv2] [D] [thread 160986] [9.0] [cxt 0] Processing packet received on port 2
[02:45:19.508] [bmv2] [D] [thread 160986] [9.0] [cxt 0] Parser 'parser': start
[02:45:19.508] [bmv2] [D] [thread 160986] [9.0] [cxt 0] Parser 'parser' entering state 'start'
[02:45:19.508] [bmv2] [D] [thread 160986] [9.0] [cxt 0] Extracting header 'ethernet'
[02:45:19.508] [bmv2] [D] [thread 160986] [9.0] [cxt 0] Parser state 'start': key is 86dd
[02:45:19.508] [bmv2] [T] [thread 160986] [9.0] [cxt 0] Bytes parsed: 14
[02:45:19.508] [bmv2] [D] [thread 160986] [9.0] [cxt 0] Parser 'parser' entering state 'parse_ipv6'
[02:45:19.508] [bmv2] [D] [thread 160986] [9.0] [cxt 0] Extracting header 'ipv6'
[02:45:19.508] [bmv2] [D] [thread 160986] [9.0] [cxt 0] Parser state 'parse_ipv6': key is 11
[02:45:19.508] [bmv2] [T] [thread 160986] [9.0] [cxt 0] Bytes parsed: 54
[02:45:19.508] [bmv2] [D] [thread 160986] [9.0] [cxt 0] Parser 'parser': end
[02:45:19.508] [bmv2] [D] [thread 160986] [9.0] [cxt 0] Pipeline 'ingress': start
[02:45:19.508] [bmv2] [T] [thread 160986] [9.0] [cxt 0] basic.p4(565) Condition "hdr.ethernet.etherType == TYPE_ARP" (node_2) is false
[02:45:19.508] [bmv2] [T] [thread 160986] [9.0] [cxt 0] basic.p4(568) Condition "hdr.ethernet.etherType == TYPE_SRCROUTING" (node_4) is false
[02:45:19.508] [bmv2] [T] [thread 160986] [9.0] [cxt 0] basic.p4(581) Condition "hdr.ethernet.etherType == TYPE_YEQUDESU" (node_12) is false
[02:45:19.508] [bmv2] [T] [thread 160986] [9.0] [cxt 0] basic.p4(587) Condition "hdr.vxlan.isValid()" (node_15) is false
[02:45:19.508] [bmv2] [T] [thread 160986] [9.0] [cxt 0] basic.p4(591) Condition "hdr.ipv6.isValid()" (node_17) is true
[02:45:19.508] [bmv2] [T] [thread 160986] [9.0] [cxt 0] Applying table 'MyIngress.ipv6_lpm'
[02:45:19.508] [bmv2] [D] [thread 160986] [9.0] [cxt 0] Looking up key:
* hdr.ipv6.dstAddr    : ff0200000000000000000000000000fb

[02:45:19.508] [bmv2] [D] [thread 160986] [9.0] [cxt 0] Table 'MyIngress.ipv6_lpm': miss
[02:45:19.508] [bmv2] [D] [thread 160986] [9.0] [cxt 0] Action entry is NoAction - 
[02:45:19.508] [bmv2] [T] [thread 160986] [9.0] [cxt 0] Action NoAction
[02:45:19.508] [bmv2] [D] [thread 160986] [9.0] [cxt 0] Pipeline 'ingress': end
[02:45:19.508] [bmv2] [D] [thread 160986] [9.0] [cxt 0] Egress port is 0
[02:45:19.508] [bmv2] [D] [thread 160987] [9.0] [cxt 0] Pipeline 'egress': start
[02:45:19.508] [bmv2] [T] [thread 160987] [9.0] [cxt 0] Applying table 'MyEgress.egress_encap_ipv6'
[02:45:19.508] [bmv2] [D] [thread 160987] [9.0] [cxt 0] Looking up key:
* standard_metadata.egress_port: 0000

[02:45:19.508] [bmv2] [D] [thread 160987] [9.0] [cxt 0] Table 'MyEgress.egress_encap_ipv6': miss
[02:45:19.508] [bmv2] [D] [thread 160987] [9.0] [cxt 0] Action entry is NoAction - 
[02:45:19.508] [bmv2] [T] [thread 160987] [9.0] [cxt 0] Action NoAction
[02:45:19.508] [bmv2] [T] [thread 160987] [9.0] [cxt 0] Applying table 'MyEgress.egress_encap_yequdesu'
[02:45:19.508] [bmv2] [D] [thread 160987] [9.0] [cxt 0] Looking up key:
* standard_metadata.egress_port: 0000

[02:45:19.508] [bmv2] [D] [thread 160987] [9.0] [cxt 0] Table 'MyEgress.egress_encap_yequdesu': miss
[02:45:19.508] [bmv2] [D] [thread 160987] [9.0] [cxt 0] Action entry is NoAction - 
[02:45:19.508] [bmv2] [T] [thread 160987] [9.0] [cxt 0] Action NoAction
[02:45:19.508] [bmv2] [T] [thread 160987] [9.0] [cxt 0] Applying table 'MyEgress.egress_encap_vxlan'
[02:45:19.508] [bmv2] [D] [thread 160987] [9.0] [cxt 0] Looking up key:
* standard_metadata.egress_port: 0000

[02:45:19.508] [bmv2] [D] [thread 160987] [9.0] [cxt 0] Table 'MyEgress.egress_encap_vxlan': miss
[02:45:19.508] [bmv2] [D] [thread 160987] [9.0] [cxt 0] Action entry is NoAction - 
[02:45:19.508] [bmv2] [T] [thread 160987] [9.0] [cxt 0] Action NoAction
[02:45:19.508] [bmv2] [D] [thread 160987] [9.0] [cxt 0] Pipeline 'egress': end
[02:45:19.508] [bmv2] [D] [thread 160987] [9.0] [cxt 0] Deparser 'deparser': start
[02:45:19.508] [bmv2] [T] [thread 160987] [9.0] [cxt 0] Skipping checksum 'cksum' update because condition not met
[02:45:19.508] [bmv2] [D] [thread 160987] [9.0] [cxt 0] Deparsing header 'ethernet'
[02:45:19.508] [bmv2] [D] [thread 160987] [9.0] [cxt 0] Deparsing header 'ipv6'
[02:45:19.508] [bmv2] [D] [thread 160987] [9.0] [cxt 0] Deparser 'deparser': end
[02:45:19.508] [bmv2] [D] [thread 160991] [9.0] [cxt 0] Transmitting packet of size 199 out of port 0
[02:45:21.358] [bmv2] [D] [thread 160986] [10.0] [cxt 0] Processing packet received on port 1
[02:45:21.358] [bmv2] [D] [thread 160986] [10.0] [cxt 0] Parser 'parser': start
[02:45:21.358] [bmv2] [D] [thread 160986] [10.0] [cxt 0] Parser 'parser' entering state 'start'
[02:45:21.358] [bmv2] [D] [thread 160986] [10.0] [cxt 0] Extracting header 'ethernet'
[02:45:21.358] [bmv2] [D] [thread 160986] [10.0] [cxt 0] Parser state 'start': key is 86dd
[02:45:21.358] [bmv2] [T] [thread 160986] [10.0] [cxt 0] Bytes parsed: 14
[02:45:21.358] [bmv2] [D] [thread 160986] [10.0] [cxt 0] Parser 'parser' entering state 'parse_ipv6'
[02:45:21.358] [bmv2] [D] [thread 160986] [10.0] [cxt 0] Extracting header 'ipv6'
[02:45:21.358] [bmv2] [D] [thread 160986] [10.0] [cxt 0] Parser state 'parse_ipv6': key is 11
[02:45:21.358] [bmv2] [T] [thread 160986] [10.0] [cxt 0] Bytes parsed: 54
[02:45:21.358] [bmv2] [D] [thread 160986] [10.0] [cxt 0] Parser 'parser': end
[02:45:21.358] [bmv2] [D] [thread 160986] [10.0] [cxt 0] Pipeline 'ingress': start
[02:45:21.358] [bmv2] [T] [thread 160986] [10.0] [cxt 0] basic.p4(565) Condition "hdr.ethernet.etherType == TYPE_ARP" (node_2) is false
[02:45:21.358] [bmv2] [T] [thread 160986] [10.0] [cxt 0] basic.p4(568) Condition "hdr.ethernet.etherType == TYPE_SRCROUTING" (node_4) is false
[02:45:21.358] [bmv2] [T] [thread 160986] [10.0] [cxt 0] basic.p4(581) Condition "hdr.ethernet.etherType == TYPE_YEQUDESU" (node_12) is false
[02:45:21.358] [bmv2] [T] [thread 160986] [10.0] [cxt 0] basic.p4(587) Condition "hdr.vxlan.isValid()" (node_15) is false
[02:45:21.358] [bmv2] [T] [thread 160986] [10.0] [cxt 0] basic.p4(591) Condition "hdr.ipv6.isValid()" (node_17) is true
[02:45:21.358] [bmv2] [T] [thread 160986] [10.0] [cxt 0] Applying table 'MyIngress.ipv6_lpm'
[02:45:21.358] [bmv2] [D] [thread 160986] [10.0] [cxt 0] Looking up key:
* hdr.ipv6.dstAddr    : ff0200000000000000000000000000fb

[02:45:21.358] [bmv2] [D] [thread 160986] [10.0] [cxt 0] Table 'MyIngress.ipv6_lpm': miss
[02:45:21.358] [bmv2] [D] [thread 160986] [10.0] [cxt 0] Action entry is NoAction - 
[02:45:21.358] [bmv2] [T] [thread 160986] [10.0] [cxt 0] Action NoAction
[02:45:21.358] [bmv2] [D] [thread 160986] [10.0] [cxt 0] Pipeline 'ingress': end
[02:45:21.358] [bmv2] [D] [thread 160986] [10.0] [cxt 0] Egress port is 0
[02:45:21.358] [bmv2] [D] [thread 160987] [10.0] [cxt 0] Pipeline 'egress': start
[02:45:21.358] [bmv2] [T] [thread 160987] [10.0] [cxt 0] Applying table 'MyEgress.egress_encap_ipv6'
[02:45:21.358] [bmv2] [D] [thread 160987] [10.0] [cxt 0] Looking up key:
* standard_metadata.egress_port: 0000

[02:45:21.358] [bmv2] [D] [thread 160987] [10.0] [cxt 0] Table 'MyEgress.egress_encap_ipv6': miss
[02:45:21.358] [bmv2] [D] [thread 160987] [10.0] [cxt 0] Action entry is NoAction - 
[02:45:21.358] [bmv2] [T] [thread 160987] [10.0] [cxt 0] Action NoAction
[02:45:21.358] [bmv2] [T] [thread 160987] [10.0] [cxt 0] Applying table 'MyEgress.egress_encap_yequdesu'
[02:45:21.358] [bmv2] [D] [thread 160987] [10.0] [cxt 0] Looking up key:
* standard_metadata.egress_port: 0000

[02:45:21.358] [bmv2] [D] [thread 160987] [10.0] [cxt 0] Table 'MyEgress.egress_encap_yequdesu': miss
[02:45:21.358] [bmv2] [D] [thread 160987] [10.0] [cxt 0] Action entry is NoAction - 
[02:45:21.358] [bmv2] [T] [thread 160987] [10.0] [cxt 0] Action NoAction
[02:45:21.358] [bmv2] [T] [thread 160987] [10.0] [cxt 0] Applying table 'MyEgress.egress_encap_vxlan'
[02:45:21.358] [bmv2] [D] [thread 160987] [10.0] [cxt 0] Looking up key:
* standard_metadata.egress_port: 0000

[02:45:21.358] [bmv2] [D] [thread 160987] [10.0] [cxt 0] Table 'MyEgress.egress_encap_vxlan': miss
[02:45:21.358] [bmv2] [D] [thread 160987] [10.0] [cxt 0] Action entry is NoAction - 
[02:45:21.358] [bmv2] [T] [thread 160987] [10.0] [cxt 0] Action NoAction
[02:45:21.358] [bmv2] [D] [thread 160987] [10.0] [cxt 0] Pipeline 'egress': end
[02:45:21.358] [bmv2] [D] [thread 160987] [10.0] [cxt 0] Deparser 'deparser': start
[02:45:21.358] [bmv2] [T] [thread 160987] [10.0] [cxt 0] Skipping checksum 'cksum' update because condition not met
[02:45:21.358] [bmv2] [D] [thread 160987] [10.0] [cxt 0] Deparsing header 'ethernet'
[02:45:21.358] [bmv2] [D] [thread 160987] [10.0] [cxt 0] Deparsing header 'ipv6'
[02:45:21.358] [bmv2] [D] [thread 160987] [10.0] [cxt 0] Deparser 'deparser': end
[02:45:21.359] [bmv2] [D] [thread 160991] [10.0] [cxt 0] Transmitting packet of size 203 out of port 0
[02:45:21.678] [bmv2] [D] [thread 160986] [11.0] [cxt 0] Processing packet received on port 2
[02:45:21.678] [bmv2] [D] [thread 160986] [11.0] [cxt 0] Parser 'parser': start
[02:45:21.678] [bmv2] [D] [thread 160986] [11.0] [cxt 0] Parser 'parser' entering state 'start'
[02:45:21.678] [bmv2] [D] [thread 160986] [11.0] [cxt 0] Extracting header 'ethernet'
[02:45:21.678] [bmv2] [D] [thread 160986] [11.0] [cxt 0] Parser state 'start': key is 86dd
[02:45:21.678] [bmv2] [T] [thread 160986] [11.0] [cxt 0] Bytes parsed: 14
[02:45:21.678] [bmv2] [D] [thread 160986] [11.0] [cxt 0] Parser 'parser' entering state 'parse_ipv6'
[02:45:21.678] [bmv2] [D] [thread 160986] [11.0] [cxt 0] Extracting header 'ipv6'
[02:45:21.678] [bmv2] [D] [thread 160986] [11.0] [cxt 0] Parser state 'parse_ipv6': key is 11
[02:45:21.678] [bmv2] [T] [thread 160986] [11.0] [cxt 0] Bytes parsed: 54
[02:45:21.678] [bmv2] [D] [thread 160986] [11.0] [cxt 0] Parser 'parser': end
[02:45:21.678] [bmv2] [D] [thread 160986] [11.0] [cxt 0] Pipeline 'ingress': start
[02:45:21.678] [bmv2] [T] [thread 160986] [11.0] [cxt 0] basic.p4(565) Condition "hdr.ethernet.etherType == TYPE_ARP" (node_2) is false
[02:45:21.678] [bmv2] [T] [thread 160986] [11.0] [cxt 0] basic.p4(568) Condition "hdr.ethernet.etherType == TYPE_SRCROUTING" (node_4) is false
[02:45:21.678] [bmv2] [T] [thread 160986] [11.0] [cxt 0] basic.p4(581) Condition "hdr.ethernet.etherType == TYPE_YEQUDESU" (node_12) is false
[02:45:21.678] [bmv2] [T] [thread 160986] [11.0] [cxt 0] basic.p4(587) Condition "hdr.vxlan.isValid()" (node_15) is false
[02:45:21.678] [bmv2] [T] [thread 160986] [11.0] [cxt 0] basic.p4(591) Condition "hdr.ipv6.isValid()" (node_17) is true
[02:45:21.678] [bmv2] [T] [thread 160986] [11.0] [cxt 0] Applying table 'MyIngress.ipv6_lpm'
[02:45:21.678] [bmv2] [D] [thread 160986] [11.0] [cxt 0] Looking up key:
* hdr.ipv6.dstAddr    : ff0200000000000000000000000000fb

[02:45:21.678] [bmv2] [D] [thread 160986] [11.0] [cxt 0] Table 'MyIngress.ipv6_lpm': miss
[02:45:21.678] [bmv2] [D] [thread 160986] [11.0] [cxt 0] Action entry is NoAction - 
[02:45:21.678] [bmv2] [T] [thread 160986] [11.0] [cxt 0] Action NoAction
[02:45:21.678] [bmv2] [D] [thread 160986] [11.0] [cxt 0] Pipeline 'ingress': end
[02:45:21.678] [bmv2] [D] [thread 160986] [11.0] [cxt 0] Egress port is 0
[02:45:21.678] [bmv2] [D] [thread 160987] [11.0] [cxt 0] Pipeline 'egress': start
[02:45:21.678] [bmv2] [T] [thread 160987] [11.0] [cxt 0] Applying table 'MyEgress.egress_encap_ipv6'
[02:45:21.679] [bmv2] [D] [thread 160987] [11.0] [cxt 0] Looking up key:
* standard_metadata.egress_port: 0000

[02:45:21.679] [bmv2] [D] [thread 160987] [11.0] [cxt 0] Table 'MyEgress.egress_encap_ipv6': miss
[02:45:21.679] [bmv2] [D] [thread 160987] [11.0] [cxt 0] Action entry is NoAction - 
[02:45:21.679] [bmv2] [T] [thread 160987] [11.0] [cxt 0] Action NoAction
[02:45:21.679] [bmv2] [T] [thread 160987] [11.0] [cxt 0] Applying table 'MyEgress.egress_encap_yequdesu'
[02:45:21.679] [bmv2] [D] [thread 160987] [11.0] [cxt 0] Looking up key:
* standard_metadata.egress_port: 0000

[02:45:21.679] [bmv2] [D] [thread 160987] [11.0] [cxt 0] Table 'MyEgress.egress_encap_yequdesu': miss
[02:45:21.679] [bmv2] [D] [thread 160987] [11.0] [cxt 0] Action entry is NoAction - 
[02:45:21.679] [bmv2] [T] [thread 160987] [11.0] [cxt 0] Action NoAction
[02:45:21.679] [bmv2] [T] [thread 160987] [11.0] [cxt 0] Applying table 'MyEgress.egress_encap_vxlan'
[02:45:21.679] [bmv2] [D] [thread 160987] [11.0] [cxt 0] Looking up key:
* standard_metadata.egress_port: 0000

[02:45:21.679] [bmv2] [D] [thread 160987] [11.0] [cxt 0] Table 'MyEgress.egress_encap_vxlan': miss
[02:45:21.679] [bmv2] [D] [thread 160987] [11.0] [cxt 0] Action entry is NoAction - 
[02:45:21.679] [bmv2] [T] [thread 160987] [11.0] [cxt 0] Action NoAction
[02:45:21.679] [bmv2] [D] [thread 160987] [11.0] [cxt 0] Pipeline 'egress': end
[02:45:21.679] [bmv2] [D] [thread 160987] [11.0] [cxt 0] Deparser 'deparser': start
[02:45:21.679] [bmv2] [T] [thread 160987] [11.0] [cxt 0] Skipping checksum 'cksum' update because condition not met
[02:45:21.679] [bmv2] [D] [thread 160987] [11.0] [cxt 0] Deparsing header 'ethernet'
[02:45:21.679] [bmv2] [D] [thread 160987] [11.0] [cxt 0] Deparsing header 'ipv6'
[02:45:21.679] [bmv2] [D] [thread 160987] [11.0] [cxt 0] Deparser 'deparser': end
[02:45:21.679] [bmv2] [D] [thread 160991] [11.0] [cxt 0] Transmitting packet of size 203 out of port 0
[02:45:22.128] [bmv2] [D] [thread 160986] [12.0] [cxt 0] Processing packet received on port 1
[02:45:22.128] [bmv2] [D] [thread 160986] [12.0] [cxt 0] Parser 'parser': start
[02:45:22.128] [bmv2] [D] [thread 160986] [12.0] [cxt 0] Parser 'parser' entering state 'start'
[02:45:22.128] [bmv2] [D] [thread 160986] [12.0] [cxt 0] Extracting header 'ethernet'
[02:45:22.128] [bmv2] [D] [thread 160986] [12.0] [cxt 0] Parser state 'start': key is 86dd
[02:45:22.128] [bmv2] [T] [thread 160986] [12.0] [cxt 0] Bytes parsed: 14
[02:45:22.128] [bmv2] [D] [thread 160986] [12.0] [cxt 0] Parser 'parser' entering state 'parse_ipv6'
[02:45:22.128] [bmv2] [D] [thread 160986] [12.0] [cxt 0] Extracting header 'ipv6'
[02:45:22.128] [bmv2] [D] [thread 160986] [12.0] [cxt 0] Parser state 'parse_ipv6': key is 11
[02:45:22.128] [bmv2] [T] [thread 160986] [12.0] [cxt 0] Bytes parsed: 54
[02:45:22.128] [bmv2] [D] [thread 160986] [12.0] [cxt 0] Parser 'parser': end
[02:45:22.128] [bmv2] [D] [thread 160986] [12.0] [cxt 0] Pipeline 'ingress': start
[02:45:22.128] [bmv2] [T] [thread 160986] [12.0] [cxt 0] basic.p4(565) Condition "hdr.ethernet.etherType == TYPE_ARP" (node_2) is false
[02:45:22.128] [bmv2] [T] [thread 160986] [12.0] [cxt 0] basic.p4(568) Condition "hdr.ethernet.etherType == TYPE_SRCROUTING" (node_4) is false
[02:45:22.128] [bmv2] [T] [thread 160986] [12.0] [cxt 0] basic.p4(581) Condition "hdr.ethernet.etherType == TYPE_YEQUDESU" (node_12) is false
[02:45:22.128] [bmv2] [T] [thread 160986] [12.0] [cxt 0] basic.p4(587) Condition "hdr.vxlan.isValid()" (node_15) is false
[02:45:22.128] [bmv2] [T] [thread 160986] [12.0] [cxt 0] basic.p4(591) Condition "hdr.ipv6.isValid()" (node_17) is true
[02:45:22.128] [bmv2] [T] [thread 160986] [12.0] [cxt 0] Applying table 'MyIngress.ipv6_lpm'
[02:45:22.128] [bmv2] [D] [thread 160986] [12.0] [cxt 0] Looking up key:
* hdr.ipv6.dstAddr    : ff0200000000000000000000000000fb

[02:45:22.128] [bmv2] [D] [thread 160986] [12.0] [cxt 0] Table 'MyIngress.ipv6_lpm': miss
[02:45:22.128] [bmv2] [D] [thread 160986] [12.0] [cxt 0] Action entry is NoAction - 
[02:45:22.128] [bmv2] [T] [thread 160986] [12.0] [cxt 0] Action NoAction
[02:45:22.128] [bmv2] [D] [thread 160986] [12.0] [cxt 0] Pipeline 'ingress': end
[02:45:22.128] [bmv2] [D] [thread 160986] [12.0] [cxt 0] Egress port is 0
[02:45:22.128] [bmv2] [D] [thread 160987] [12.0] [cxt 0] Pipeline 'egress': start
[02:45:22.128] [bmv2] [T] [thread 160987] [12.0] [cxt 0] Applying table 'MyEgress.egress_encap_ipv6'
[02:45:22.128] [bmv2] [D] [thread 160987] [12.0] [cxt 0] Looking up key:
* standard_metadata.egress_port: 0000

[02:45:22.128] [bmv2] [D] [thread 160987] [12.0] [cxt 0] Table 'MyEgress.egress_encap_ipv6': miss
[02:45:22.128] [bmv2] [D] [thread 160987] [12.0] [cxt 0] Action entry is NoAction - 
[02:45:22.128] [bmv2] [T] [thread 160987] [12.0] [cxt 0] Action NoAction
[02:45:22.128] [bmv2] [T] [thread 160987] [12.0] [cxt 0] Applying table 'MyEgress.egress_encap_yequdesu'
[02:45:22.128] [bmv2] [D] [thread 160987] [12.0] [cxt 0] Looking up key:
* standard_metadata.egress_port: 0000

[02:45:22.128] [bmv2] [D] [thread 160987] [12.0] [cxt 0] Table 'MyEgress.egress_encap_yequdesu': miss
[02:45:22.128] [bmv2] [D] [thread 160987] [12.0] [cxt 0] Action entry is NoAction - 
[02:45:22.128] [bmv2] [T] [thread 160987] [12.0] [cxt 0] Action NoAction
[02:45:22.128] [bmv2] [T] [thread 160987] [12.0] [cxt 0] Applying table 'MyEgress.egress_encap_vxlan'
[02:45:22.128] [bmv2] [D] [thread 160987] [12.0] [cxt 0] Looking up key:
* standard_metadata.egress_port: 0000

[02:45:22.128] [bmv2] [D] [thread 160987] [12.0] [cxt 0] Table 'MyEgress.egress_encap_vxlan': miss
[02:45:22.128] [bmv2] [D] [thread 160987] [12.0] [cxt 0] Action entry is NoAction - 
[02:45:22.128] [bmv2] [T] [thread 160987] [12.0] [cxt 0] Action NoAction
[02:45:22.128] [bmv2] [D] [thread 160987] [12.0] [cxt 0] Pipeline 'egress': end
[02:45:22.128] [bmv2] [D] [thread 160987] [12.0] [cxt 0] Deparser 'deparser': start
[02:45:22.128] [bmv2] [T] [thread 160987] [12.0] [cxt 0] Skipping checksum 'cksum' update because condition not met
[02:45:22.128] [bmv2] [D] [thread 160987] [12.0] [cxt 0] Deparsing header 'ethernet'
[02:45:22.128] [bmv2] [D] [thread 160987] [12.0] [cxt 0] Deparsing header 'ipv6'
[02:45:22.128] [bmv2] [D] [thread 160987] [12.0] [cxt 0] Deparser 'deparser': end
[02:45:22.129] [bmv2] [D] [thread 160991] [12.0] [cxt 0] Transmitting packet of size 203 out of port 0
[02:45:22.190] [bmv2] [D] [thread 160986] [13.0] [cxt 0] Processing packet received on port 2
[02:45:22.190] [bmv2] [D] [thread 160986] [13.0] [cxt 0] Parser 'parser': start
[02:45:22.190] [bmv2] [D] [thread 160986] [13.0] [cxt 0] Parser 'parser' entering state 'start'
[02:45:22.190] [bmv2] [D] [thread 160986] [13.0] [cxt 0] Extracting header 'ethernet'
[02:45:22.190] [bmv2] [D] [thread 160986] [13.0] [cxt 0] Parser state 'start': key is 86dd
[02:45:22.190] [bmv2] [T] [thread 160986] [13.0] [cxt 0] Bytes parsed: 14
[02:45:22.190] [bmv2] [D] [thread 160986] [13.0] [cxt 0] Parser 'parser' entering state 'parse_ipv6'
[02:45:22.190] [bmv2] [D] [thread 160986] [13.0] [cxt 0] Extracting header 'ipv6'
[02:45:22.190] [bmv2] [D] [thread 160986] [13.0] [cxt 0] Parser state 'parse_ipv6': key is 11
[02:45:22.190] [bmv2] [T] [thread 160986] [13.0] [cxt 0] Bytes parsed: 54
[02:45:22.190] [bmv2] [D] [thread 160986] [13.0] [cxt 0] Parser 'parser': end
[02:45:22.190] [bmv2] [D] [thread 160986] [13.0] [cxt 0] Pipeline 'ingress': start
[02:45:22.190] [bmv2] [T] [thread 160986] [13.0] [cxt 0] basic.p4(565) Condition "hdr.ethernet.etherType == TYPE_ARP" (node_2) is false
[02:45:22.190] [bmv2] [T] [thread 160986] [13.0] [cxt 0] basic.p4(568) Condition "hdr.ethernet.etherType == TYPE_SRCROUTING" (node_4) is false
[02:45:22.190] [bmv2] [T] [thread 160986] [13.0] [cxt 0] basic.p4(581) Condition "hdr.ethernet.etherType == TYPE_YEQUDESU" (node_12) is false
[02:45:22.190] [bmv2] [T] [thread 160986] [13.0] [cxt 0] basic.p4(587) Condition "hdr.vxlan.isValid()" (node_15) is false
[02:45:22.190] [bmv2] [T] [thread 160986] [13.0] [cxt 0] basic.p4(591) Condition "hdr.ipv6.isValid()" (node_17) is true
[02:45:22.190] [bmv2] [T] [thread 160986] [13.0] [cxt 0] Applying table 'MyIngress.ipv6_lpm'
[02:45:22.190] [bmv2] [D] [thread 160986] [13.0] [cxt 0] Looking up key:
* hdr.ipv6.dstAddr    : ff0200000000000000000000000000fb

[02:45:22.190] [bmv2] [D] [thread 160986] [13.0] [cxt 0] Table 'MyIngress.ipv6_lpm': miss
[02:45:22.190] [bmv2] [D] [thread 160986] [13.0] [cxt 0] Action entry is NoAction - 
[02:45:22.190] [bmv2] [T] [thread 160986] [13.0] [cxt 0] Action NoAction
[02:45:22.190] [bmv2] [D] [thread 160986] [13.0] [cxt 0] Pipeline 'ingress': end
[02:45:22.190] [bmv2] [D] [thread 160986] [13.0] [cxt 0] Egress port is 0
[02:45:22.190] [bmv2] [D] [thread 160987] [13.0] [cxt 0] Pipeline 'egress': start
[02:45:22.190] [bmv2] [T] [thread 160987] [13.0] [cxt 0] Applying table 'MyEgress.egress_encap_ipv6'
[02:45:22.190] [bmv2] [D] [thread 160987] [13.0] [cxt 0] Looking up key:
* standard_metadata.egress_port: 0000

[02:45:22.190] [bmv2] [D] [thread 160987] [13.0] [cxt 0] Table 'MyEgress.egress_encap_ipv6': miss
[02:45:22.190] [bmv2] [D] [thread 160987] [13.0] [cxt 0] Action entry is NoAction - 
[02:45:22.190] [bmv2] [T] [thread 160987] [13.0] [cxt 0] Action NoAction
[02:45:22.190] [bmv2] [T] [thread 160987] [13.0] [cxt 0] Applying table 'MyEgress.egress_encap_yequdesu'
[02:45:22.190] [bmv2] [D] [thread 160987] [13.0] [cxt 0] Looking up key:
* standard_metadata.egress_port: 0000

[02:45:22.190] [bmv2] [D] [thread 160987] [13.0] [cxt 0] Table 'MyEgress.egress_encap_yequdesu': miss
[02:45:22.190] [bmv2] [D] [thread 160987] [13.0] [cxt 0] Action entry is NoAction - 
[02:45:22.190] [bmv2] [T] [thread 160987] [13.0] [cxt 0] Action NoAction
[02:45:22.190] [bmv2] [T] [thread 160987] [13.0] [cxt 0] Applying table 'MyEgress.egress_encap_vxlan'
[02:45:22.190] [bmv2] [D] [thread 160987] [13.0] [cxt 0] Looking up key:
* standard_metadata.egress_port: 0000

[02:45:22.190] [bmv2] [D] [thread 160987] [13.0] [cxt 0] Table 'MyEgress.egress_encap_vxlan': miss
[02:45:22.190] [bmv2] [D] [thread 160987] [13.0] [cxt 0] Action entry is NoAction - 
[02:45:22.190] [bmv2] [T] [thread 160987] [13.0] [cxt 0] Action NoAction
[02:45:22.190] [bmv2] [D] [thread 160987] [13.0] [cxt 0] Pipeline 'egress': end
[02:45:22.190] [bmv2] [D] [thread 160987] [13.0] [cxt 0] Deparser 'deparser': start
[02:45:22.190] [bmv2] [T] [thread 160987] [13.0] [cxt 0] Skipping checksum 'cksum' update because condition not met
[02:45:22.190] [bmv2] [D] [thread 160987] [13.0] [cxt 0] Deparsing header 'ethernet'
[02:45:22.190] [bmv2] [D] [thread 160987] [13.0] [cxt 0] Deparsing header 'ipv6'
[02:45:22.190] [bmv2] [D] [thread 160987] [13.0] [cxt 0] Deparser 'deparser': end
[02:45:22.190] [bmv2] [D] [thread 160991] [13.0] [cxt 0] Transmitting packet of size 203 out of port 0
[02:45:26.670] [bmv2] [D] [thread 160986] [14.0] [cxt 0] Processing packet received on port 1
[02:45:26.670] [bmv2] [D] [thread 160986] [14.0] [cxt 0] Parser 'parser': start
[02:45:26.670] [bmv2] [D] [thread 160986] [14.0] [cxt 0] Parser 'parser' entering state 'start'
[02:45:26.670] [bmv2] [D] [thread 160986] [14.0] [cxt 0] Extracting header 'ethernet'
[02:45:26.670] [bmv2] [D] [thread 160986] [14.0] [cxt 0] Parser state 'start': key is 86dd
[02:45:26.670] [bmv2] [T] [thread 160986] [14.0] [cxt 0] Bytes parsed: 14
[02:45:26.670] [bmv2] [D] [thread 160986] [14.0] [cxt 0] Parser 'parser' entering state 'parse_ipv6'
[02:45:26.670] [bmv2] [D] [thread 160986] [14.0] [cxt 0] Extracting header 'ipv6'
[02:45:26.671] [bmv2] [D] [thread 160986] [14.0] [cxt 0] Parser state 'parse_ipv6': key is 3a
[02:45:26.671] [bmv2] [T] [thread 160986] [14.0] [cxt 0] Bytes parsed: 54
[02:45:26.671] [bmv2] [D] [thread 160986] [14.0] [cxt 0] Parser 'parser': end
[02:45:26.671] [bmv2] [D] [thread 160986] [14.0] [cxt 0] Pipeline 'ingress': start
[02:45:26.671] [bmv2] [T] [thread 160986] [14.0] [cxt 0] basic.p4(565) Condition "hdr.ethernet.etherType == TYPE_ARP" (node_2) is false
[02:45:26.671] [bmv2] [T] [thread 160986] [14.0] [cxt 0] basic.p4(568) Condition "hdr.ethernet.etherType == TYPE_SRCROUTING" (node_4) is false
[02:45:26.671] [bmv2] [T] [thread 160986] [14.0] [cxt 0] basic.p4(581) Condition "hdr.ethernet.etherType == TYPE_YEQUDESU" (node_12) is false
[02:45:26.671] [bmv2] [T] [thread 160986] [14.0] [cxt 0] basic.p4(587) Condition "hdr.vxlan.isValid()" (node_15) is false
[02:45:26.671] [bmv2] [T] [thread 160986] [14.0] [cxt 0] basic.p4(591) Condition "hdr.ipv6.isValid()" (node_17) is true
[02:45:26.671] [bmv2] [T] [thread 160986] [14.0] [cxt 0] Applying table 'MyIngress.ipv6_lpm'
[02:45:26.671] [bmv2] [D] [thread 160986] [14.0] [cxt 0] Looking up key:
* hdr.ipv6.dstAddr    : ff020000000000000000000000000002

[02:45:26.671] [bmv2] [D] [thread 160986] [14.0] [cxt 0] Table 'MyIngress.ipv6_lpm': miss
[02:45:26.671] [bmv2] [D] [thread 160986] [14.0] [cxt 0] Action entry is NoAction - 
[02:45:26.671] [bmv2] [T] [thread 160986] [14.0] [cxt 0] Action NoAction
[02:45:26.671] [bmv2] [D] [thread 160986] [14.0] [cxt 0] Pipeline 'ingress': end
[02:45:26.671] [bmv2] [D] [thread 160986] [14.0] [cxt 0] Egress port is 0
[02:45:26.671] [bmv2] [D] [thread 160987] [14.0] [cxt 0] Pipeline 'egress': start
[02:45:26.671] [bmv2] [T] [thread 160987] [14.0] [cxt 0] Applying table 'MyEgress.egress_encap_ipv6'
[02:45:26.671] [bmv2] [D] [thread 160987] [14.0] [cxt 0] Looking up key:
* standard_metadata.egress_port: 0000

[02:45:26.671] [bmv2] [D] [thread 160987] [14.0] [cxt 0] Table 'MyEgress.egress_encap_ipv6': miss
[02:45:26.671] [bmv2] [D] [thread 160987] [14.0] [cxt 0] Action entry is NoAction - 
[02:45:26.671] [bmv2] [T] [thread 160987] [14.0] [cxt 0] Action NoAction
[02:45:26.671] [bmv2] [T] [thread 160987] [14.0] [cxt 0] Applying table 'MyEgress.egress_encap_yequdesu'
[02:45:26.671] [bmv2] [D] [thread 160987] [14.0] [cxt 0] Looking up key:
* standard_metadata.egress_port: 0000

[02:45:26.671] [bmv2] [D] [thread 160987] [14.0] [cxt 0] Table 'MyEgress.egress_encap_yequdesu': miss
[02:45:26.671] [bmv2] [D] [thread 160987] [14.0] [cxt 0] Action entry is NoAction - 
[02:45:26.671] [bmv2] [T] [thread 160987] [14.0] [cxt 0] Action NoAction
[02:45:26.671] [bmv2] [T] [thread 160987] [14.0] [cxt 0] Applying table 'MyEgress.egress_encap_vxlan'
[02:45:26.671] [bmv2] [D] [thread 160987] [14.0] [cxt 0] Looking up key:
* standard_metadata.egress_port: 0000

[02:45:26.671] [bmv2] [D] [thread 160987] [14.0] [cxt 0] Table 'MyEgress.egress_encap_vxlan': miss
[02:45:26.671] [bmv2] [D] [thread 160987] [14.0] [cxt 0] Action entry is NoAction - 
[02:45:26.671] [bmv2] [T] [thread 160987] [14.0] [cxt 0] Action NoAction
[02:45:26.671] [bmv2] [D] [thread 160987] [14.0] [cxt 0] Pipeline 'egress': end
[02:45:26.671] [bmv2] [D] [thread 160987] [14.0] [cxt 0] Deparser 'deparser': start
[02:45:26.671] [bmv2] [T] [thread 160987] [14.0] [cxt 0] Skipping checksum 'cksum' update because condition not met
[02:45:26.671] [bmv2] [D] [thread 160987] [14.0] [cxt 0] Deparsing header 'ethernet'
[02:45:26.671] [bmv2] [D] [thread 160987] [14.0] [cxt 0] Deparsing header 'ipv6'
[02:45:26.671] [bmv2] [D] [thread 160987] [14.0] [cxt 0] Deparser 'deparser': end
[02:45:26.671] [bmv2] [D] [thread 160991] [14.0] [cxt 0] Transmitting packet of size 70 out of port 0
[02:45:27.693] [bmv2] [D] [thread 160986] [15.0] [cxt 0] Processing packet received on port 2
[02:45:27.693] [bmv2] [D] [thread 160986] [15.0] [cxt 0] Parser 'parser': start
[02:45:27.693] [bmv2] [D] [thread 160986] [15.0] [cxt 0] Parser 'parser' entering state 'start'
[02:45:27.693] [bmv2] [D] [thread 160986] [15.0] [cxt 0] Extracting header 'ethernet'
[02:45:27.693] [bmv2] [D] [thread 160986] [15.0] [cxt 0] Parser state 'start': key is 86dd
[02:45:27.693] [bmv2] [T] [thread 160986] [15.0] [cxt 0] Bytes parsed: 14
[02:45:27.693] [bmv2] [D] [thread 160986] [15.0] [cxt 0] Parser 'parser' entering state 'parse_ipv6'
[02:45:27.694] [bmv2] [D] [thread 160986] [15.0] [cxt 0] Extracting header 'ipv6'
[02:45:27.694] [bmv2] [D] [thread 160986] [15.0] [cxt 0] Parser state 'parse_ipv6': key is 3a
[02:45:27.694] [bmv2] [T] [thread 160986] [15.0] [cxt 0] Bytes parsed: 54
[02:45:27.694] [bmv2] [D] [thread 160986] [15.0] [cxt 0] Parser 'parser': end
[02:45:27.694] [bmv2] [D] [thread 160986] [15.0] [cxt 0] Pipeline 'ingress': start
[02:45:27.694] [bmv2] [T] [thread 160986] [15.0] [cxt 0] basic.p4(565) Condition "hdr.ethernet.etherType == TYPE_ARP" (node_2) is false
[02:45:27.694] [bmv2] [T] [thread 160986] [15.0] [cxt 0] basic.p4(568) Condition "hdr.ethernet.etherType == TYPE_SRCROUTING" (node_4) is false
[02:45:27.694] [bmv2] [T] [thread 160986] [15.0] [cxt 0] basic.p4(581) Condition "hdr.ethernet.etherType == TYPE_YEQUDESU" (node_12) is false
[02:45:27.694] [bmv2] [T] [thread 160986] [15.0] [cxt 0] basic.p4(587) Condition "hdr.vxlan.isValid()" (node_15) is false
[02:45:27.694] [bmv2] [T] [thread 160986] [15.0] [cxt 0] basic.p4(591) Condition "hdr.ipv6.isValid()" (node_17) is true
[02:45:27.694] [bmv2] [T] [thread 160986] [15.0] [cxt 0] Applying table 'MyIngress.ipv6_lpm'
[02:45:27.694] [bmv2] [D] [thread 160986] [15.0] [cxt 0] Looking up key:
* hdr.ipv6.dstAddr    : ff020000000000000000000000000002

[02:45:27.694] [bmv2] [D] [thread 160986] [15.0] [cxt 0] Table 'MyIngress.ipv6_lpm': miss
[02:45:27.694] [bmv2] [D] [thread 160986] [15.0] [cxt 0] Action entry is NoAction - 
[02:45:27.694] [bmv2] [T] [thread 160986] [15.0] [cxt 0] Action NoAction
[02:45:27.694] [bmv2] [D] [thread 160986] [15.0] [cxt 0] Pipeline 'ingress': end
[02:45:27.694] [bmv2] [D] [thread 160986] [15.0] [cxt 0] Egress port is 0
[02:45:27.694] [bmv2] [D] [thread 160987] [15.0] [cxt 0] Pipeline 'egress': start
[02:45:27.694] [bmv2] [T] [thread 160987] [15.0] [cxt 0] Applying table 'MyEgress.egress_encap_ipv6'
[02:45:27.694] [bmv2] [D] [thread 160987] [15.0] [cxt 0] Looking up key:
* standard_metadata.egress_port: 0000

[02:45:27.694] [bmv2] [D] [thread 160987] [15.0] [cxt 0] Table 'MyEgress.egress_encap_ipv6': miss
[02:45:27.694] [bmv2] [D] [thread 160987] [15.0] [cxt 0] Action entry is NoAction - 
[02:45:27.694] [bmv2] [T] [thread 160987] [15.0] [cxt 0] Action NoAction
[02:45:27.694] [bmv2] [T] [thread 160987] [15.0] [cxt 0] Applying table 'MyEgress.egress_encap_yequdesu'
[02:45:27.694] [bmv2] [D] [thread 160987] [15.0] [cxt 0] Looking up key:
* standard_metadata.egress_port: 0000

[02:45:27.694] [bmv2] [D] [thread 160987] [15.0] [cxt 0] Table 'MyEgress.egress_encap_yequdesu': miss
[02:45:27.694] [bmv2] [D] [thread 160987] [15.0] [cxt 0] Action entry is NoAction - 
[02:45:27.694] [bmv2] [T] [thread 160987] [15.0] [cxt 0] Action NoAction
[02:45:27.694] [bmv2] [T] [thread 160987] [15.0] [cxt 0] Applying table 'MyEgress.egress_encap_vxlan'
[02:45:27.694] [bmv2] [D] [thread 160987] [15.0] [cxt 0] Looking up key:
* standard_metadata.egress_port: 0000

[02:45:27.694] [bmv2] [D] [thread 160987] [15.0] [cxt 0] Table 'MyEgress.egress_encap_vxlan': miss
[02:45:27.694] [bmv2] [D] [thread 160987] [15.0] [cxt 0] Action entry is NoAction - 
[02:45:27.694] [bmv2] [T] [thread 160987] [15.0] [cxt 0] Action NoAction
[02:45:27.694] [bmv2] [D] [thread 160987] [15.0] [cxt 0] Pipeline 'egress': end
[02:45:27.694] [bmv2] [D] [thread 160987] [15.0] [cxt 0] Deparser 'deparser': start
[02:45:27.694] [bmv2] [T] [thread 160987] [15.0] [cxt 0] Skipping checksum 'cksum' update because condition not met
[02:45:27.694] [bmv2] [D] [thread 160987] [15.0] [cxt 0] Deparsing header 'ethernet'
[02:45:27.694] [bmv2] [D] [thread 160987] [15.0] [cxt 0] Deparsing header 'ipv6'
[02:45:27.694] [bmv2] [D] [thread 160987] [15.0] [cxt 0] Deparser 'deparser': end
[02:45:27.694] [bmv2] [D] [thread 160991] [15.0] [cxt 0] Transmitting packet of size 70 out of port 0
[02:45:28.206] [bmv2] [D] [thread 160986] [16.0] [cxt 0] Processing packet received on port 1
[02:45:28.206] [bmv2] [D] [thread 160986] [16.0] [cxt 0] Parser 'parser': start
[02:45:28.206] [bmv2] [D] [thread 160986] [16.0] [cxt 0] Parser 'parser' entering state 'start'
[02:45:28.206] [bmv2] [D] [thread 160986] [16.0] [cxt 0] Extracting header 'ethernet'
[02:45:28.206] [bmv2] [D] [thread 160986] [16.0] [cxt 0] Parser state 'start': key is 86dd
[02:45:28.206] [bmv2] [T] [thread 160986] [16.0] [cxt 0] Bytes parsed: 14
[02:45:28.206] [bmv2] [D] [thread 160986] [16.0] [cxt 0] Parser 'parser' entering state 'parse_ipv6'
[02:45:28.206] [bmv2] [D] [thread 160986] [16.0] [cxt 0] Extracting header 'ipv6'
[02:45:28.206] [bmv2] [D] [thread 160986] [16.0] [cxt 0] Parser state 'parse_ipv6': key is 3a
[02:45:28.206] [bmv2] [T] [thread 160986] [16.0] [cxt 0] Bytes parsed: 54
[02:45:28.206] [bmv2] [D] [thread 160986] [16.0] [cxt 0] Parser 'parser': end
[02:45:28.206] [bmv2] [D] [thread 160986] [16.0] [cxt 0] Pipeline 'ingress': start
[02:45:28.206] [bmv2] [T] [thread 160986] [16.0] [cxt 0] basic.p4(565) Condition "hdr.ethernet.etherType == TYPE_ARP" (node_2) is false
[02:45:28.206] [bmv2] [T] [thread 160986] [16.0] [cxt 0] basic.p4(568) Condition "hdr.ethernet.etherType == TYPE_SRCROUTING" (node_4) is false
[02:45:28.206] [bmv2] [T] [thread 160986] [16.0] [cxt 0] basic.p4(581) Condition "hdr.ethernet.etherType == TYPE_YEQUDESU" (node_12) is false
[02:45:28.206] [bmv2] [T] [thread 160986] [16.0] [cxt 0] basic.p4(587) Condition "hdr.vxlan.isValid()" (node_15) is false
[02:45:28.206] [bmv2] [T] [thread 160986] [16.0] [cxt 0] basic.p4(591) Condition "hdr.ipv6.isValid()" (node_17) is true
[02:45:28.206] [bmv2] [T] [thread 160986] [16.0] [cxt 0] Applying table 'MyIngress.ipv6_lpm'
[02:45:28.206] [bmv2] [D] [thread 160986] [16.0] [cxt 0] Looking up key:
* hdr.ipv6.dstAddr    : ff020000000000000000000000000002

[02:45:28.206] [bmv2] [D] [thread 160986] [16.0] [cxt 0] Table 'MyIngress.ipv6_lpm': miss
[02:45:28.206] [bmv2] [D] [thread 160986] [16.0] [cxt 0] Action entry is NoAction - 
[02:45:28.206] [bmv2] [T] [thread 160986] [16.0] [cxt 0] Action NoAction
[02:45:28.206] [bmv2] [D] [thread 160986] [16.0] [cxt 0] Pipeline 'ingress': end
[02:45:28.206] [bmv2] [D] [thread 160986] [16.0] [cxt 0] Egress port is 0
[02:45:28.206] [bmv2] [D] [thread 160986] [17.0] [cxt 0] Processing packet received on port 2
[02:45:28.206] [bmv2] [D] [thread 160986] [17.0] [cxt 0] Parser 'parser': start
[02:45:28.206] [bmv2] [D] [thread 160986] [17.0] [cxt 0] Parser 'parser' entering state 'start'
[02:45:28.206] [bmv2] [D] [thread 160986] [17.0] [cxt 0] Extracting header 'ethernet'
[02:45:28.206] [bmv2] [D] [thread 160986] [17.0] [cxt 0] Parser state 'start': key is 86dd
[02:45:28.206] [bmv2] [T] [thread 160986] [17.0] [cxt 0] Bytes parsed: 14
[02:45:28.206] [bmv2] [D] [thread 160986] [17.0] [cxt 0] Parser 'parser' entering state 'parse_ipv6'
[02:45:28.206] [bmv2] [D] [thread 160986] [17.0] [cxt 0] Extracting header 'ipv6'
[02:45:28.206] [bmv2] [D] [thread 160986] [17.0] [cxt 0] Parser state 'parse_ipv6': key is 3a
[02:45:28.206] [bmv2] [T] [thread 160986] [17.0] [cxt 0] Bytes parsed: 54
[02:45:28.206] [bmv2] [D] [thread 160986] [17.0] [cxt 0] Parser 'parser': end
[02:45:28.206] [bmv2] [D] [thread 160986] [17.0] [cxt 0] Pipeline 'ingress': start
[02:45:28.206] [bmv2] [T] [thread 160986] [17.0] [cxt 0] basic.p4(565) Condition "hdr.ethernet.etherType == TYPE_ARP" (node_2) is false
[02:45:28.206] [bmv2] [T] [thread 160986] [17.0] [cxt 0] basic.p4(568) Condition "hdr.ethernet.etherType == TYPE_SRCROUTING" (node_4) is false
[02:45:28.206] [bmv2] [T] [thread 160986] [17.0] [cxt 0] basic.p4(581) Condition "hdr.ethernet.etherType == TYPE_YEQUDESU" (node_12) is false
[02:45:28.206] [bmv2] [T] [thread 160986] [17.0] [cxt 0] basic.p4(587) Condition "hdr.vxlan.isValid()" (node_15) is false
[02:45:28.206] [bmv2] [T] [thread 160986] [17.0] [cxt 0] basic.p4(591) Condition "hdr.ipv6.isValid()" (node_17) is true
[02:45:28.206] [bmv2] [T] [thread 160986] [17.0] [cxt 0] Applying table 'MyIngress.ipv6_lpm'
[02:45:28.206] [bmv2] [D] [thread 160986] [17.0] [cxt 0] Looking up key:
* hdr.ipv6.dstAddr    : ff020000000000000000000000000002

[02:45:28.206] [bmv2] [D] [thread 160986] [17.0] [cxt 0] Table 'MyIngress.ipv6_lpm': miss
[02:45:28.206] [bmv2] [D] [thread 160986] [17.0] [cxt 0] Action entry is NoAction - 
[02:45:28.206] [bmv2] [T] [thread 160986] [17.0] [cxt 0] Action NoAction
[02:45:28.206] [bmv2] [D] [thread 160986] [17.0] [cxt 0] Pipeline 'ingress': end
[02:45:28.206] [bmv2] [D] [thread 160986] [17.0] [cxt 0] Egress port is 0
[02:45:28.206] [bmv2] [D] [thread 160987] [16.0] [cxt 0] Pipeline 'egress': start
[02:45:28.206] [bmv2] [T] [thread 160987] [16.0] [cxt 0] Applying table 'MyEgress.egress_encap_ipv6'
[02:45:28.206] [bmv2] [D] [thread 160987] [16.0] [cxt 0] Looking up key:
* standard_metadata.egress_port: 0000

[02:45:28.206] [bmv2] [D] [thread 160987] [16.0] [cxt 0] Table 'MyEgress.egress_encap_ipv6': miss
[02:45:28.206] [bmv2] [D] [thread 160987] [16.0] [cxt 0] Action entry is NoAction - 
[02:45:28.206] [bmv2] [T] [thread 160987] [16.0] [cxt 0] Action NoAction
[02:45:28.206] [bmv2] [T] [thread 160987] [16.0] [cxt 0] Applying table 'MyEgress.egress_encap_yequdesu'
[02:45:28.206] [bmv2] [D] [thread 160987] [16.0] [cxt 0] Looking up key:
* standard_metadata.egress_port: 0000

[02:45:28.206] [bmv2] [D] [thread 160987] [16.0] [cxt 0] Table 'MyEgress.egress_encap_yequdesu': miss
[02:45:28.206] [bmv2] [D] [thread 160987] [16.0] [cxt 0] Action entry is NoAction - 
[02:45:28.206] [bmv2] [T] [thread 160987] [16.0] [cxt 0] Action NoAction
[02:45:28.206] [bmv2] [T] [thread 160987] [16.0] [cxt 0] Applying table 'MyEgress.egress_encap_vxlan'
[02:45:28.206] [bmv2] [D] [thread 160987] [16.0] [cxt 0] Looking up key:
* standard_metadata.egress_port: 0000

[02:45:28.206] [bmv2] [D] [thread 160987] [16.0] [cxt 0] Table 'MyEgress.egress_encap_vxlan': miss
[02:45:28.206] [bmv2] [D] [thread 160987] [16.0] [cxt 0] Action entry is NoAction - 
[02:45:28.206] [bmv2] [T] [thread 160987] [16.0] [cxt 0] Action NoAction
[02:45:28.206] [bmv2] [D] [thread 160987] [16.0] [cxt 0] Pipeline 'egress': end
[02:45:28.206] [bmv2] [D] [thread 160987] [16.0] [cxt 0] Deparser 'deparser': start
[02:45:28.206] [bmv2] [T] [thread 160987] [16.0] [cxt 0] Skipping checksum 'cksum' update because condition not met
[02:45:28.206] [bmv2] [D] [thread 160987] [16.0] [cxt 0] Deparsing header 'ethernet'
[02:45:28.206] [bmv2] [D] [thread 160987] [16.0] [cxt 0] Deparsing header 'ipv6'
[02:45:28.206] [bmv2] [D] [thread 160987] [16.0] [cxt 0] Deparser 'deparser': end
[02:45:28.206] [bmv2] [D] [thread 160987] [17.0] [cxt 0] Pipeline 'egress': start
[02:45:28.206] [bmv2] [T] [thread 160987] [17.0] [cxt 0] Applying table 'MyEgress.egress_encap_ipv6'
[02:45:28.206] [bmv2] [D] [thread 160987] [17.0] [cxt 0] Looking up key:
* standard_metadata.egress_port: 0000

[02:45:28.206] [bmv2] [D] [thread 160987] [17.0] [cxt 0] Table 'MyEgress.egress_encap_ipv6': miss
[02:45:28.206] [bmv2] [D] [thread 160987] [17.0] [cxt 0] Action entry is NoAction - 
[02:45:28.206] [bmv2] [T] [thread 160987] [17.0] [cxt 0] Action NoAction
[02:45:28.206] [bmv2] [T] [thread 160987] [17.0] [cxt 0] Applying table 'MyEgress.egress_encap_yequdesu'
[02:45:28.206] [bmv2] [D] [thread 160987] [17.0] [cxt 0] Looking up key:
* standard_metadata.egress_port: 0000

[02:45:28.206] [bmv2] [D] [thread 160987] [17.0] [cxt 0] Table 'MyEgress.egress_encap_yequdesu': miss
[02:45:28.206] [bmv2] [D] [thread 160987] [17.0] [cxt 0] Action entry is NoAction - 
[02:45:28.206] [bmv2] [T] [thread 160987] [17.0] [cxt 0] Action NoAction
[02:45:28.206] [bmv2] [T] [thread 160987] [17.0] [cxt 0] Applying table 'MyEgress.egress_encap_vxlan'
[02:45:28.206] [bmv2] [D] [thread 160987] [17.0] [cxt 0] Looking up key:
* standard_metadata.egress_port: 0000

[02:45:28.206] [bmv2] [D] [thread 160987] [17.0] [cxt 0] Table 'MyEgress.egress_encap_vxlan': miss
[02:45:28.206] [bmv2] [D] [thread 160987] [17.0] [cxt 0] Action entry is NoAction - 
[02:45:28.206] [bmv2] [T] [thread 160987] [17.0] [cxt 0] Action NoAction
[02:45:28.206] [bmv2] [D] [thread 160987] [17.0] [cxt 0] Pipeline 'egress': end
[02:45:28.206] [bmv2] [D] [thread 160987] [17.0] [cxt 0] Deparser 'deparser': start
[02:45:28.206] [bmv2] [T] [thread 160987] [17.0] [cxt 0] Skipping checksum 'cksum' update because condition not met
[02:45:28.206] [bmv2] [D] [thread 160987] [17.0] [cxt 0] Deparsing header 'ethernet'
[02:45:28.206] [bmv2] [D] [thread 160991] [16.0] [cxt 0] Transmitting packet of size 70 out of port 0
[02:45:28.206] [bmv2] [D] [thread 160987] [17.0] [cxt 0] Deparsing header 'ipv6'
[02:45:28.207] [bmv2] [D] [thread 160987] [17.0] [cxt 0] Deparser 'deparser': end
[02:45:28.207] [bmv2] [D] [thread 160991] [17.0] [cxt 0] Transmitting packet of size 70 out of port 0
[02:45:29.359] [bmv2] [D] [thread 160986] [18.0] [cxt 0] Processing packet received on port 1
[02:45:29.359] [bmv2] [D] [thread 160986] [18.0] [cxt 0] Parser 'parser': start
[02:45:29.359] [bmv2] [D] [thread 160986] [18.0] [cxt 0] Parser 'parser' entering state 'start'
[02:45:29.359] [bmv2] [D] [thread 160986] [18.0] [cxt 0] Extracting header 'ethernet'
[02:45:29.359] [bmv2] [D] [thread 160986] [18.0] [cxt 0] Parser state 'start': key is 86dd
[02:45:29.359] [bmv2] [T] [thread 160986] [18.0] [cxt 0] Bytes parsed: 14
[02:45:29.359] [bmv2] [D] [thread 160986] [18.0] [cxt 0] Parser 'parser' entering state 'parse_ipv6'
[02:45:29.359] [bmv2] [D] [thread 160986] [18.0] [cxt 0] Extracting header 'ipv6'
[02:45:29.359] [bmv2] [D] [thread 160986] [18.0] [cxt 0] Parser state 'parse_ipv6': key is 11
[02:45:29.359] [bmv2] [T] [thread 160986] [18.0] [cxt 0] Bytes parsed: 54
[02:45:29.359] [bmv2] [D] [thread 160986] [18.0] [cxt 0] Parser 'parser': end
[02:45:29.359] [bmv2] [D] [thread 160986] [18.0] [cxt 0] Pipeline 'ingress': start
[02:45:29.359] [bmv2] [T] [thread 160986] [18.0] [cxt 0] basic.p4(565) Condition "hdr.ethernet.etherType == TYPE_ARP" (node_2) is false
[02:45:29.359] [bmv2] [T] [thread 160986] [18.0] [cxt 0] basic.p4(568) Condition "hdr.ethernet.etherType == TYPE_SRCROUTING" (node_4) is false
[02:45:29.359] [bmv2] [T] [thread 160986] [18.0] [cxt 0] basic.p4(581) Condition "hdr.ethernet.etherType == TYPE_YEQUDESU" (node_12) is false
[02:45:29.359] [bmv2] [T] [thread 160986] [18.0] [cxt 0] basic.p4(587) Condition "hdr.vxlan.isValid()" (node_15) is false
[02:45:29.359] [bmv2] [T] [thread 160986] [18.0] [cxt 0] basic.p4(591) Condition "hdr.ipv6.isValid()" (node_17) is true
[02:45:29.359] [bmv2] [T] [thread 160986] [18.0] [cxt 0] Applying table 'MyIngress.ipv6_lpm'
[02:45:29.359] [bmv2] [D] [thread 160986] [18.0] [cxt 0] Looking up key:
* hdr.ipv6.dstAddr    : ff0200000000000000000000000000fb

[02:45:29.359] [bmv2] [D] [thread 160986] [18.0] [cxt 0] Table 'MyIngress.ipv6_lpm': miss
[02:45:29.359] [bmv2] [D] [thread 160986] [18.0] [cxt 0] Action entry is NoAction - 
[02:45:29.359] [bmv2] [T] [thread 160986] [18.0] [cxt 0] Action NoAction
[02:45:29.359] [bmv2] [D] [thread 160986] [18.0] [cxt 0] Pipeline 'ingress': end
[02:45:29.359] [bmv2] [D] [thread 160986] [18.0] [cxt 0] Egress port is 0
[02:45:29.360] [bmv2] [D] [thread 160987] [18.0] [cxt 0] Pipeline 'egress': start
[02:45:29.360] [bmv2] [T] [thread 160987] [18.0] [cxt 0] Applying table 'MyEgress.egress_encap_ipv6'
[02:45:29.360] [bmv2] [D] [thread 160987] [18.0] [cxt 0] Looking up key:
* standard_metadata.egress_port: 0000

[02:45:29.360] [bmv2] [D] [thread 160987] [18.0] [cxt 0] Table 'MyEgress.egress_encap_ipv6': miss
[02:45:29.360] [bmv2] [D] [thread 160987] [18.0] [cxt 0] Action entry is NoAction - 
[02:45:29.360] [bmv2] [T] [thread 160987] [18.0] [cxt 0] Action NoAction
[02:45:29.360] [bmv2] [T] [thread 160987] [18.0] [cxt 0] Applying table 'MyEgress.egress_encap_yequdesu'
[02:45:29.360] [bmv2] [D] [thread 160987] [18.0] [cxt 0] Looking up key:
* standard_metadata.egress_port: 0000

[02:45:29.360] [bmv2] [D] [thread 160987] [18.0] [cxt 0] Table 'MyEgress.egress_encap_yequdesu': miss
[02:45:29.360] [bmv2] [D] [thread 160987] [18.0] [cxt 0] Action entry is NoAction - 
[02:45:29.360] [bmv2] [T] [thread 160987] [18.0] [cxt 0] Action NoAction
[02:45:29.360] [bmv2] [T] [thread 160987] [18.0] [cxt 0] Applying table 'MyEgress.egress_encap_vxlan'
[02:45:29.360] [bmv2] [D] [thread 160987] [18.0] [cxt 0] Looking up key:
* standard_metadata.egress_port: 0000

[02:45:29.360] [bmv2] [D] [thread 160987] [18.0] [cxt 0] Table 'MyEgress.egress_encap_vxlan': miss
[02:45:29.360] [bmv2] [D] [thread 160987] [18.0] [cxt 0] Action entry is NoAction - 
[02:45:29.360] [bmv2] [T] [thread 160987] [18.0] [cxt 0] Action NoAction
[02:45:29.360] [bmv2] [D] [thread 160987] [18.0] [cxt 0] Pipeline 'egress': end
[02:45:29.360] [bmv2] [D] [thread 160987] [18.0] [cxt 0] Deparser 'deparser': start
[02:45:29.360] [bmv2] [T] [thread 160987] [18.0] [cxt 0] Skipping checksum 'cksum' update because condition not met
[02:45:29.360] [bmv2] [D] [thread 160987] [18.0] [cxt 0] Deparsing header 'ethernet'
[02:45:29.360] [bmv2] [D] [thread 160987] [18.0] [cxt 0] Deparsing header 'ipv6'
[02:45:29.360] [bmv2] [D] [thread 160987] [18.0] [cxt 0] Deparser 'deparser': end
[02:45:29.360] [bmv2] [D] [thread 160991] [18.0] [cxt 0] Transmitting packet of size 203 out of port 0
[02:45:29.679] [bmv2] [D] [thread 160986] [19.0] [cxt 0] Processing packet received on port 2
[02:45:29.679] [bmv2] [D] [thread 160986] [19.0] [cxt 0] Parser 'parser': start
[02:45:29.679] [bmv2] [D] [thread 160986] [19.0] [cxt 0] Parser 'parser' entering state 'start'
[02:45:29.680] [bmv2] [D] [thread 160986] [19.0] [cxt 0] Extracting header 'ethernet'
[02:45:29.680] [bmv2] [D] [thread 160986] [19.0] [cxt 0] Parser state 'start': key is 86dd
[02:45:29.680] [bmv2] [T] [thread 160986] [19.0] [cxt 0] Bytes parsed: 14
[02:45:29.680] [bmv2] [D] [thread 160986] [19.0] [cxt 0] Parser 'parser' entering state 'parse_ipv6'
[02:45:29.680] [bmv2] [D] [thread 160986] [19.0] [cxt 0] Extracting header 'ipv6'
[02:45:29.680] [bmv2] [D] [thread 160986] [19.0] [cxt 0] Parser state 'parse_ipv6': key is 11
[02:45:29.680] [bmv2] [T] [thread 160986] [19.0] [cxt 0] Bytes parsed: 54
[02:45:29.680] [bmv2] [D] [thread 160986] [19.0] [cxt 0] Parser 'parser': end
[02:45:29.680] [bmv2] [D] [thread 160986] [19.0] [cxt 0] Pipeline 'ingress': start
[02:45:29.680] [bmv2] [T] [thread 160986] [19.0] [cxt 0] basic.p4(565) Condition "hdr.ethernet.etherType == TYPE_ARP" (node_2) is false
[02:45:29.680] [bmv2] [T] [thread 160986] [19.0] [cxt 0] basic.p4(568) Condition "hdr.ethernet.etherType == TYPE_SRCROUTING" (node_4) is false
[02:45:29.680] [bmv2] [T] [thread 160986] [19.0] [cxt 0] basic.p4(581) Condition "hdr.ethernet.etherType == TYPE_YEQUDESU" (node_12) is false
[02:45:29.680] [bmv2] [T] [thread 160986] [19.0] [cxt 0] basic.p4(587) Condition "hdr.vxlan.isValid()" (node_15) is false
[02:45:29.680] [bmv2] [T] [thread 160986] [19.0] [cxt 0] basic.p4(591) Condition "hdr.ipv6.isValid()" (node_17) is true
[02:45:29.680] [bmv2] [T] [thread 160986] [19.0] [cxt 0] Applying table 'MyIngress.ipv6_lpm'
[02:45:29.680] [bmv2] [D] [thread 160986] [19.0] [cxt 0] Looking up key:
* hdr.ipv6.dstAddr    : ff0200000000000000000000000000fb

[02:45:29.680] [bmv2] [D] [thread 160986] [19.0] [cxt 0] Table 'MyIngress.ipv6_lpm': miss
[02:45:29.680] [bmv2] [D] [thread 160986] [19.0] [cxt 0] Action entry is NoAction - 
[02:45:29.680] [bmv2] [T] [thread 160986] [19.0] [cxt 0] Action NoAction
[02:45:29.680] [bmv2] [D] [thread 160986] [19.0] [cxt 0] Pipeline 'ingress': end
[02:45:29.680] [bmv2] [D] [thread 160986] [19.0] [cxt 0] Egress port is 0
[02:45:29.680] [bmv2] [D] [thread 160987] [19.0] [cxt 0] Pipeline 'egress': start
[02:45:29.680] [bmv2] [T] [thread 160987] [19.0] [cxt 0] Applying table 'MyEgress.egress_encap_ipv6'
[02:45:29.680] [bmv2] [D] [thread 160987] [19.0] [cxt 0] Looking up key:
* standard_metadata.egress_port: 0000

[02:45:29.680] [bmv2] [D] [thread 160987] [19.0] [cxt 0] Table 'MyEgress.egress_encap_ipv6': miss
[02:45:29.680] [bmv2] [D] [thread 160987] [19.0] [cxt 0] Action entry is NoAction - 
[02:45:29.680] [bmv2] [T] [thread 160987] [19.0] [cxt 0] Action NoAction
[02:45:29.680] [bmv2] [T] [thread 160987] [19.0] [cxt 0] Applying table 'MyEgress.egress_encap_yequdesu'
[02:45:29.680] [bmv2] [D] [thread 160987] [19.0] [cxt 0] Looking up key:
* standard_metadata.egress_port: 0000

[02:45:29.680] [bmv2] [D] [thread 160987] [19.0] [cxt 0] Table 'MyEgress.egress_encap_yequdesu': miss
[02:45:29.680] [bmv2] [D] [thread 160987] [19.0] [cxt 0] Action entry is NoAction - 
[02:45:29.680] [bmv2] [T] [thread 160987] [19.0] [cxt 0] Action NoAction
[02:45:29.680] [bmv2] [T] [thread 160987] [19.0] [cxt 0] Applying table 'MyEgress.egress_encap_vxlan'
[02:45:29.680] [bmv2] [D] [thread 160987] [19.0] [cxt 0] Looking up key:
* standard_metadata.egress_port: 0000

[02:45:29.680] [bmv2] [D] [thread 160987] [19.0] [cxt 0] Table 'MyEgress.egress_encap_vxlan': miss
[02:45:29.680] [bmv2] [D] [thread 160987] [19.0] [cxt 0] Action entry is NoAction - 
[02:45:29.680] [bmv2] [T] [thread 160987] [19.0] [cxt 0] Action NoAction
[02:45:29.680] [bmv2] [D] [thread 160987] [19.0] [cxt 0] Pipeline 'egress': end
[02:45:29.680] [bmv2] [D] [thread 160987] [19.0] [cxt 0] Deparser 'deparser': start
[02:45:29.680] [bmv2] [T] [thread 160987] [19.0] [cxt 0] Skipping checksum 'cksum' update because condition not met
[02:45:29.680] [bmv2] [D] [thread 160987] [19.0] [cxt 0] Deparsing header 'ethernet'
[02:45:29.680] [bmv2] [D] [thread 160987] [19.0] [cxt 0] Deparsing header 'ipv6'
[02:45:29.680] [bmv2] [D] [thread 160987] [19.0] [cxt 0] Deparser 'deparser': end
[02:45:29.680] [bmv2] [D] [thread 160991] [19.0] [cxt 0] Transmitting packet of size 203 out of port 0
[02:45:30.129] [bmv2] [D] [thread 160986] [20.0] [cxt 0] Processing packet received on port 1
[02:45:30.129] [bmv2] [D] [thread 160986] [20.0] [cxt 0] Parser 'parser': start
[02:45:30.129] [bmv2] [D] [thread 160986] [20.0] [cxt 0] Parser 'parser' entering state 'start'
[02:45:30.129] [bmv2] [D] [thread 160986] [20.0] [cxt 0] Extracting header 'ethernet'
[02:45:30.129] [bmv2] [D] [thread 160986] [20.0] [cxt 0] Parser state 'start': key is 86dd
[02:45:30.129] [bmv2] [T] [thread 160986] [20.0] [cxt 0] Bytes parsed: 14
[02:45:30.129] [bmv2] [D] [thread 160986] [20.0] [cxt 0] Parser 'parser' entering state 'parse_ipv6'
[02:45:30.129] [bmv2] [D] [thread 160986] [20.0] [cxt 0] Extracting header 'ipv6'
[02:45:30.129] [bmv2] [D] [thread 160986] [20.0] [cxt 0] Parser state 'parse_ipv6': key is 11
[02:45:30.129] [bmv2] [T] [thread 160986] [20.0] [cxt 0] Bytes parsed: 54
[02:45:30.129] [bmv2] [D] [thread 160986] [20.0] [cxt 0] Parser 'parser': end
[02:45:30.129] [bmv2] [D] [thread 160986] [20.0] [cxt 0] Pipeline 'ingress': start
[02:45:30.129] [bmv2] [T] [thread 160986] [20.0] [cxt 0] basic.p4(565) Condition "hdr.ethernet.etherType == TYPE_ARP" (node_2) is false
[02:45:30.129] [bmv2] [T] [thread 160986] [20.0] [cxt 0] basic.p4(568) Condition "hdr.ethernet.etherType == TYPE_SRCROUTING" (node_4) is false
[02:45:30.129] [bmv2] [T] [thread 160986] [20.0] [cxt 0] basic.p4(581) Condition "hdr.ethernet.etherType == TYPE_YEQUDESU" (node_12) is false
[02:45:30.129] [bmv2] [T] [thread 160986] [20.0] [cxt 0] basic.p4(587) Condition "hdr.vxlan.isValid()" (node_15) is false
[02:45:30.129] [bmv2] [T] [thread 160986] [20.0] [cxt 0] basic.p4(591) Condition "hdr.ipv6.isValid()" (node_17) is true
[02:45:30.129] [bmv2] [T] [thread 160986] [20.0] [cxt 0] Applying table 'MyIngress.ipv6_lpm'
[02:45:30.129] [bmv2] [D] [thread 160986] [20.0] [cxt 0] Looking up key:
* hdr.ipv6.dstAddr    : ff0200000000000000000000000000fb

[02:45:30.129] [bmv2] [D] [thread 160986] [20.0] [cxt 0] Table 'MyIngress.ipv6_lpm': miss
[02:45:30.129] [bmv2] [D] [thread 160986] [20.0] [cxt 0] Action entry is NoAction - 
[02:45:30.129] [bmv2] [T] [thread 160986] [20.0] [cxt 0] Action NoAction
[02:45:30.129] [bmv2] [D] [thread 160986] [20.0] [cxt 0] Pipeline 'ingress': end
[02:45:30.129] [bmv2] [D] [thread 160986] [20.0] [cxt 0] Egress port is 0
[02:45:30.129] [bmv2] [D] [thread 160987] [20.0] [cxt 0] Pipeline 'egress': start
[02:45:30.129] [bmv2] [T] [thread 160987] [20.0] [cxt 0] Applying table 'MyEgress.egress_encap_ipv6'
[02:45:30.129] [bmv2] [D] [thread 160987] [20.0] [cxt 0] Looking up key:
* standard_metadata.egress_port: 0000

[02:45:30.129] [bmv2] [D] [thread 160987] [20.0] [cxt 0] Table 'MyEgress.egress_encap_ipv6': miss
[02:45:30.129] [bmv2] [D] [thread 160987] [20.0] [cxt 0] Action entry is NoAction - 
[02:45:30.129] [bmv2] [T] [thread 160987] [20.0] [cxt 0] Action NoAction
[02:45:30.129] [bmv2] [T] [thread 160987] [20.0] [cxt 0] Applying table 'MyEgress.egress_encap_yequdesu'
[02:45:30.129] [bmv2] [D] [thread 160987] [20.0] [cxt 0] Looking up key:
* standard_metadata.egress_port: 0000

[02:45:30.129] [bmv2] [D] [thread 160987] [20.0] [cxt 0] Table 'MyEgress.egress_encap_yequdesu': miss
[02:45:30.129] [bmv2] [D] [thread 160987] [20.0] [cxt 0] Action entry is NoAction - 
[02:45:30.129] [bmv2] [T] [thread 160987] [20.0] [cxt 0] Action NoAction
[02:45:30.129] [bmv2] [T] [thread 160987] [20.0] [cxt 0] Applying table 'MyEgress.egress_encap_vxlan'
[02:45:30.129] [bmv2] [D] [thread 160987] [20.0] [cxt 0] Looking up key:
* standard_metadata.egress_port: 0000

[02:45:30.129] [bmv2] [D] [thread 160987] [20.0] [cxt 0] Table 'MyEgress.egress_encap_vxlan': miss
[02:45:30.129] [bmv2] [D] [thread 160987] [20.0] [cxt 0] Action entry is NoAction - 
[02:45:30.129] [bmv2] [T] [thread 160987] [20.0] [cxt 0] Action NoAction
[02:45:30.129] [bmv2] [D] [thread 160987] [20.0] [cxt 0] Pipeline 'egress': end
[02:45:30.129] [bmv2] [D] [thread 160987] [20.0] [cxt 0] Deparser 'deparser': start
[02:45:30.129] [bmv2] [T] [thread 160987] [20.0] [cxt 0] Skipping checksum 'cksum' update because condition not met
[02:45:30.129] [bmv2] [D] [thread 160987] [20.0] [cxt 0] Deparsing header 'ethernet'
[02:45:30.129] [bmv2] [D] [thread 160987] [20.0] [cxt 0] Deparsing header 'ipv6'
[02:45:30.129] [bmv2] [D] [thread 160987] [20.0] [cxt 0] Deparser 'deparser': end
[02:45:30.129] [bmv2] [D] [thread 160991] [20.0] [cxt 0] Transmitting packet of size 203 out of port 0
[02:45:30.191] [bmv2] [D] [thread 160986] [21.0] [cxt 0] Processing packet received on port 2
[02:45:30.191] [bmv2] [D] [thread 160986] [21.0] [cxt 0] Parser 'parser': start
[02:45:30.191] [bmv2] [D] [thread 160986] [21.0] [cxt 0] Parser 'parser' entering state 'start'
[02:45:30.191] [bmv2] [D] [thread 160986] [21.0] [cxt 0] Extracting header 'ethernet'
[02:45:30.191] [bmv2] [D] [thread 160986] [21.0] [cxt 0] Parser state 'start': key is 86dd
[02:45:30.191] [bmv2] [T] [thread 160986] [21.0] [cxt 0] Bytes parsed: 14
[02:45:30.191] [bmv2] [D] [thread 160986] [21.0] [cxt 0] Parser 'parser' entering state 'parse_ipv6'
[02:45:30.191] [bmv2] [D] [thread 160986] [21.0] [cxt 0] Extracting header 'ipv6'
[02:45:30.191] [bmv2] [D] [thread 160986] [21.0] [cxt 0] Parser state 'parse_ipv6': key is 11
[02:45:30.191] [bmv2] [T] [thread 160986] [21.0] [cxt 0] Bytes parsed: 54
[02:45:30.191] [bmv2] [D] [thread 160986] [21.0] [cxt 0] Parser 'parser': end
[02:45:30.191] [bmv2] [D] [thread 160986] [21.0] [cxt 0] Pipeline 'ingress': start
[02:45:30.191] [bmv2] [T] [thread 160986] [21.0] [cxt 0] basic.p4(565) Condition "hdr.ethernet.etherType == TYPE_ARP" (node_2) is false
[02:45:30.191] [bmv2] [T] [thread 160986] [21.0] [cxt 0] basic.p4(568) Condition "hdr.ethernet.etherType == TYPE_SRCROUTING" (node_4) is false
[02:45:30.191] [bmv2] [T] [thread 160986] [21.0] [cxt 0] basic.p4(581) Condition "hdr.ethernet.etherType == TYPE_YEQUDESU" (node_12) is false
[02:45:30.191] [bmv2] [T] [thread 160986] [21.0] [cxt 0] basic.p4(587) Condition "hdr.vxlan.isValid()" (node_15) is false
[02:45:30.191] [bmv2] [T] [thread 160986] [21.0] [cxt 0] basic.p4(591) Condition "hdr.ipv6.isValid()" (node_17) is true
[02:45:30.191] [bmv2] [T] [thread 160986] [21.0] [cxt 0] Applying table 'MyIngress.ipv6_lpm'
[02:45:30.191] [bmv2] [D] [thread 160986] [21.0] [cxt 0] Looking up key:
* hdr.ipv6.dstAddr    : ff0200000000000000000000000000fb

[02:45:30.191] [bmv2] [D] [thread 160986] [21.0] [cxt 0] Table 'MyIngress.ipv6_lpm': miss
[02:45:30.191] [bmv2] [D] [thread 160986] [21.0] [cxt 0] Action entry is NoAction - 
[02:45:30.191] [bmv2] [T] [thread 160986] [21.0] [cxt 0] Action NoAction
[02:45:30.191] [bmv2] [D] [thread 160986] [21.0] [cxt 0] Pipeline 'ingress': end
[02:45:30.191] [bmv2] [D] [thread 160986] [21.0] [cxt 0] Egress port is 0
[02:45:30.191] [bmv2] [D] [thread 160987] [21.0] [cxt 0] Pipeline 'egress': start
[02:45:30.191] [bmv2] [T] [thread 160987] [21.0] [cxt 0] Applying table 'MyEgress.egress_encap_ipv6'
[02:45:30.191] [bmv2] [D] [thread 160987] [21.0] [cxt 0] Looking up key:
* standard_metadata.egress_port: 0000

[02:45:30.191] [bmv2] [D] [thread 160987] [21.0] [cxt 0] Table 'MyEgress.egress_encap_ipv6': miss
[02:45:30.191] [bmv2] [D] [thread 160987] [21.0] [cxt 0] Action entry is NoAction - 
[02:45:30.191] [bmv2] [T] [thread 160987] [21.0] [cxt 0] Action NoAction
[02:45:30.191] [bmv2] [T] [thread 160987] [21.0] [cxt 0] Applying table 'MyEgress.egress_encap_yequdesu'
[02:45:30.191] [bmv2] [D] [thread 160987] [21.0] [cxt 0] Looking up key:
* standard_metadata.egress_port: 0000

[02:45:30.191] [bmv2] [D] [thread 160987] [21.0] [cxt 0] Table 'MyEgress.egress_encap_yequdesu': miss
[02:45:30.191] [bmv2] [D] [thread 160987] [21.0] [cxt 0] Action entry is NoAction - 
[02:45:30.191] [bmv2] [T] [thread 160987] [21.0] [cxt 0] Action NoAction
[02:45:30.191] [bmv2] [T] [thread 160987] [21.0] [cxt 0] Applying table 'MyEgress.egress_encap_vxlan'
[02:45:30.191] [bmv2] [D] [thread 160987] [21.0] [cxt 0] Looking up key:
* standard_metadata.egress_port: 0000

[02:45:30.191] [bmv2] [D] [thread 160987] [21.0] [cxt 0] Table 'MyEgress.egress_encap_vxlan': miss
[02:45:30.191] [bmv2] [D] [thread 160987] [21.0] [cxt 0] Action entry is NoAction - 
[02:45:30.191] [bmv2] [T] [thread 160987] [21.0] [cxt 0] Action NoAction
[02:45:30.191] [bmv2] [D] [thread 160987] [21.0] [cxt 0] Pipeline 'egress': end
[02:45:30.191] [bmv2] [D] [thread 160987] [21.0] [cxt 0] Deparser 'deparser': start
[02:45:30.191] [bmv2] [T] [thread 160987] [21.0] [cxt 0] Skipping checksum 'cksum' update because condition not met
[02:45:30.191] [bmv2] [D] [thread 160987] [21.0] [cxt 0] Deparsing header 'ethernet'
[02:45:30.191] [bmv2] [D] [thread 160987] [21.0] [cxt 0] Deparsing header 'ipv6'
[02:45:30.191] [bmv2] [D] [thread 160987] [21.0] [cxt 0] Deparser 'deparser': end
[02:45:30.192] [bmv2] [D] [thread 160991] [21.0] [cxt 0] Transmitting packet of size 203 out of port 0
[02:45:30.482] [bmv2] [W] [thread 161192] [P4Runtime] p4::tmp::P4DeviceConfig is deprecated
[02:45:30.489] [bmv2] [D] [thread 161192] Set default default entry for table 'MyIngress.arp_match': MyIngress.drop - 
[02:45:30.489] [bmv2] [D] [thread 161192] Set default default entry for table 'tbl_srcRoute_finish': MyIngress.srcRoute_finish - 
[02:45:30.489] [bmv2] [D] [thread 161192] Set default default entry for table 'MyIngress.ipv4_lpm_src': NoAction - 
[02:45:30.489] [bmv2] [D] [thread 161192] Set default default entry for table 'tbl_srcRoute_nhop': MyIngress.srcRoute_nhop - 
[02:45:30.489] [bmv2] [D] [thread 161192] Set default default entry for table 'tbl_update_ttl': MyIngress.update_ttl - 
[02:45:30.489] [bmv2] [D] [thread 161192] Set default default entry for table 'MyIngress.yequdesu_exact': MyIngress.drop - 
[02:45:30.489] [bmv2] [D] [thread 161192] Set default default entry for table 'MyIngress.vxlan_decap_exact': MyIngress.drop - 
[02:45:30.489] [bmv2] [D] [thread 161192] Set default default entry for table 'MyIngress.ipv6_lpm': NoAction - 
[02:45:30.489] [bmv2] [D] [thread 161192] Set default default entry for table 'MyIngress.vxlan_lpm': NoAction - 
[02:45:30.489] [bmv2] [D] [thread 161192] Set default default entry for table 'MyIngress.modality_schedule': NoAction - 
[02:45:30.489] [bmv2] [D] [thread 161192] Set default default entry for table 'MyIngress.adjudication': NoAction - 
[02:45:30.489] [bmv2] [D] [thread 161192] Set default default entry for table 'MyIngress.ipv4_lpm': NoAction - 
[02:45:30.490] [bmv2] [D] [thread 161192] Set default default entry for table 'MyEgress.egress_encap_ipv6': NoAction - 
[02:45:30.490] [bmv2] [D] [thread 161192] Set default default entry for table 'MyEgress.egress_encap_yequdesu': NoAction - 
[02:45:30.490] [bmv2] [D] [thread 161192] Set default default entry for table 'MyEgress.egress_encap_vxlan': NoAction - 
[02:45:30.492] [bmv2] [D] [thread 161192] simple_switch target has been notified of a config swap
[02:45:41.962] [bmv2] [D] [thread 160986] [22.0] [cxt 0] Processing packet received on port 1
[02:45:41.962] [bmv2] [D] [thread 160986] [22.0] [cxt 0] Parser 'parser': start
[02:45:41.962] [bmv2] [D] [thread 160986] [22.0] [cxt 0] Parser 'parser' entering state 'start'
[02:45:41.962] [bmv2] [D] [thread 160986] [22.0] [cxt 0] Extracting header 'ethernet'
[02:45:41.962] [bmv2] [D] [thread 160986] [22.0] [cxt 0] Parser state 'start': key is 0800
[02:45:41.962] [bmv2] [T] [thread 160986] [22.0] [cxt 0] Bytes parsed: 14
[02:45:41.962] [bmv2] [D] [thread 160986] [22.0] [cxt 0] Parser 'parser' entering state 'parse_ipv4'
[02:45:41.962] [bmv2] [D] [thread 160986] [22.0] [cxt 0] Extracting header 'ipv4'
[02:45:41.962] [bmv2] [D] [thread 160986] [22.0] [cxt 0] Parser state 'parse_ipv4': key is 11
[02:45:41.962] [bmv2] [T] [thread 160986] [22.0] [cxt 0] Bytes parsed: 34
[02:45:41.962] [bmv2] [D] [thread 160986] [22.0] [cxt 0] Parser 'parser' entering state 'parse_udp'
[02:45:41.962] [bmv2] [D] [thread 160986] [22.0] [cxt 0] Extracting header 'udp'
[02:45:41.962] [bmv2] [D] [thread 160986] [22.0] [cxt 0] Parser state 'parse_udp': key is 12b5
[02:45:41.962] [bmv2] [T] [thread 160986] [22.0] [cxt 0] Bytes parsed: 42
[02:45:41.962] [bmv2] [D] [thread 160986] [22.0] [cxt 0] Parser 'parser' entering state 'parse_vxlan'
[02:45:41.962] [bmv2] [D] [thread 160986] [22.0] [cxt 0] Extracting header 'vxlan'
[02:45:41.962] [bmv2] [D] [thread 160986] [22.0] [cxt 0] Extracting header 'inner_ethernet'
[02:45:41.962] [bmv2] [D] [thread 160986] [22.0] [cxt 0] Parser state 'parse_vxlan': key is 5002
[02:45:41.962] [bmv2] [T] [thread 160986] [22.0] [cxt 0] Bytes parsed: 64
[02:45:41.962] [bmv2] [D] [thread 160986] [22.0] [cxt 0] Parser 'parser': end
[02:45:41.962] [bmv2] [D] [thread 160986] [22.0] [cxt 0] Pipeline 'ingress': start
[02:45:41.962] [bmv2] [T] [thread 160986] [22.0] [cxt 0] basic.p4(565) Condition "hdr.ethernet.etherType == TYPE_ARP" (node_2) is false
[02:45:41.962] [bmv2] [T] [thread 160986] [22.0] [cxt 0] basic.p4(568) Condition "hdr.ethernet.etherType == TYPE_SRCROUTING" (node_4) is false
[02:45:41.962] [bmv2] [T] [thread 160986] [22.0] [cxt 0] basic.p4(581) Condition "hdr.ethernet.etherType == TYPE_YEQUDESU" (node_12) is false
[02:45:41.962] [bmv2] [T] [thread 160986] [22.0] [cxt 0] basic.p4(587) Condition "hdr.vxlan.isValid()" (node_15) is true
[02:45:41.962] [bmv2] [T] [thread 160986] [22.0] [cxt 0] Applying table 'MyIngress.vxlan_decap_exact'
[02:45:41.962] [bmv2] [D] [thread 160986] [22.0] [cxt 0] Looking up key:
* hdr.vxlan.vni       : 000064

[02:45:41.962] [bmv2] [D] [thread 160986] [22.0] [cxt 0] Table 'MyIngress.vxlan_decap_exact': miss
[02:45:41.962] [bmv2] [D] [thread 160986] [22.0] [cxt 0] Action entry is MyIngress.drop - 
[02:45:41.962] [bmv2] [T] [thread 160986] [22.0] [cxt 0] Action MyIngress.drop
[02:45:41.962] [bmv2] [T] [thread 160986] [22.0] [cxt 0] basic.p4(233) Primitive mark_to_drop(standard_metadata)
[02:45:41.962] [bmv2] [D] [thread 160986] [22.0] [cxt 0] Pipeline 'ingress': end
[02:45:41.962] [bmv2] [D] [thread 160986] [22.0] [cxt 0] Egress port is 511
[02:45:41.962] [bmv2] [D] [thread 160986] [22.0] [cxt 0] Dropping packet at the end of ingress
[02:45:42.030] [bmv2] [D] [thread 160986] [23.0] [cxt 0] Processing packet received on port 1
[02:45:42.030] [bmv2] [D] [thread 160986] [23.0] [cxt 0] Parser 'parser': start
[02:45:42.030] [bmv2] [D] [thread 160986] [23.0] [cxt 0] Parser 'parser' entering state 'start'
[02:45:42.030] [bmv2] [D] [thread 160986] [23.0] [cxt 0] Extracting header 'ethernet'
[02:45:42.030] [bmv2] [D] [thread 160986] [23.0] [cxt 0] Parser state 'start': key is 86dd
[02:45:42.030] [bmv2] [T] [thread 160986] [23.0] [cxt 0] Bytes parsed: 14
[02:45:42.030] [bmv2] [D] [thread 160986] [23.0] [cxt 0] Parser 'parser' entering state 'parse_ipv6'
[02:45:42.030] [bmv2] [D] [thread 160986] [23.0] [cxt 0] Extracting header 'ipv6'
[02:45:42.030] [bmv2] [D] [thread 160986] [23.0] [cxt 0] Parser state 'parse_ipv6': key is 3a
[02:45:42.030] [bmv2] [T] [thread 160986] [23.0] [cxt 0] Bytes parsed: 54
[02:45:42.030] [bmv2] [D] [thread 160986] [23.0] [cxt 0] Parser 'parser': end
[02:45:42.030] [bmv2] [D] [thread 160986] [23.0] [cxt 0] Pipeline 'ingress': start
[02:45:42.030] [bmv2] [T] [thread 160986] [23.0] [cxt 0] basic.p4(565) Condition "hdr.ethernet.etherType == TYPE_ARP" (node_2) is false
[02:45:42.030] [bmv2] [T] [thread 160986] [23.0] [cxt 0] basic.p4(568) Condition "hdr.ethernet.etherType == TYPE_SRCROUTING" (node_4) is false
[02:45:42.030] [bmv2] [T] [thread 160986] [23.0] [cxt 0] basic.p4(581) Condition "hdr.ethernet.etherType == TYPE_YEQUDESU" (node_12) is false
[02:45:42.030] [bmv2] [T] [thread 160986] [23.0] [cxt 0] basic.p4(587) Condition "hdr.vxlan.isValid()" (node_15) is false
[02:45:42.030] [bmv2] [T] [thread 160986] [23.0] [cxt 0] basic.p4(591) Condition "hdr.ipv6.isValid()" (node_17) is true
[02:45:42.030] [bmv2] [T] [thread 160986] [23.0] [cxt 0] Applying table 'MyIngress.ipv6_lpm'
[02:45:42.030] [bmv2] [D] [thread 160986] [23.0] [cxt 0] Looking up key:
* hdr.ipv6.dstAddr    : ff020000000000000000000000000002

[02:45:42.030] [bmv2] [D] [thread 160986] [23.0] [cxt 0] Table 'MyIngress.ipv6_lpm': miss
[02:45:42.030] [bmv2] [D] [thread 160986] [23.0] [cxt 0] Action entry is NoAction - 
[02:45:42.030] [bmv2] [T] [thread 160986] [23.0] [cxt 0] Action NoAction
[02:45:42.030] [bmv2] [D] [thread 160986] [23.0] [cxt 0] Pipeline 'ingress': end
[02:45:42.030] [bmv2] [D] [thread 160986] [23.0] [cxt 0] Egress port is 0
[02:45:42.030] [bmv2] [D] [thread 160987] [23.0] [cxt 0] Pipeline 'egress': start
[02:45:42.030] [bmv2] [T] [thread 160987] [23.0] [cxt 0] Applying table 'MyEgress.egress_encap_ipv6'
[02:45:42.030] [bmv2] [D] [thread 160987] [23.0] [cxt 0] Looking up key:
* standard_metadata.egress_port: 0000

[02:45:42.030] [bmv2] [D] [thread 160987] [23.0] [cxt 0] Table 'MyEgress.egress_encap_ipv6': miss
[02:45:42.030] [bmv2] [D] [thread 160987] [23.0] [cxt 0] Action entry is NoAction - 
[02:45:42.030] [bmv2] [T] [thread 160987] [23.0] [cxt 0] Action NoAction
[02:45:42.031] [bmv2] [T] [thread 160987] [23.0] [cxt 0] Applying table 'MyEgress.egress_encap_yequdesu'
[02:45:42.031] [bmv2] [D] [thread 160987] [23.0] [cxt 0] Looking up key:
* standard_metadata.egress_port: 0000

[02:45:42.031] [bmv2] [D] [thread 160987] [23.0] [cxt 0] Table 'MyEgress.egress_encap_yequdesu': miss
[02:45:42.031] [bmv2] [D] [thread 160987] [23.0] [cxt 0] Action entry is NoAction - 
[02:45:42.031] [bmv2] [T] [thread 160987] [23.0] [cxt 0] Action NoAction
[02:45:42.031] [bmv2] [T] [thread 160987] [23.0] [cxt 0] Applying table 'MyEgress.egress_encap_vxlan'
[02:45:42.031] [bmv2] [D] [thread 160987] [23.0] [cxt 0] Looking up key:
* standard_metadata.egress_port: 0000

[02:45:42.031] [bmv2] [D] [thread 160987] [23.0] [cxt 0] Table 'MyEgress.egress_encap_vxlan': miss
[02:45:42.031] [bmv2] [D] [thread 160987] [23.0] [cxt 0] Action entry is NoAction - 
[02:45:42.031] [bmv2] [T] [thread 160987] [23.0] [cxt 0] Action NoAction
[02:45:42.031] [bmv2] [D] [thread 160987] [23.0] [cxt 0] Pipeline 'egress': end
[02:45:42.031] [bmv2] [D] [thread 160987] [23.0] [cxt 0] Deparser 'deparser': start
[02:45:42.031] [bmv2] [T] [thread 160987] [23.0] [cxt 0] Skipping checksum 'cksum' update because condition not met
[02:45:42.031] [bmv2] [D] [thread 160987] [23.0] [cxt 0] Deparsing header 'ethernet'
[02:45:42.031] [bmv2] [D] [thread 160987] [23.0] [cxt 0] Deparsing header 'ipv6'
[02:45:42.031] [bmv2] [D] [thread 160987] [23.0] [cxt 0] Deparser 'deparser': end
[02:45:42.031] [bmv2] [D] [thread 160991] [23.0] [cxt 0] Transmitting packet of size 70 out of port 0
[02:45:45.101] [bmv2] [D] [thread 160986] [24.0] [cxt 0] Processing packet received on port 2
[02:45:45.101] [bmv2] [D] [thread 160986] [24.0] [cxt 0] Parser 'parser': start
[02:45:45.101] [bmv2] [D] [thread 160986] [24.0] [cxt 0] Parser 'parser' entering state 'start'
[02:45:45.101] [bmv2] [D] [thread 160986] [24.0] [cxt 0] Extracting header 'ethernet'
[02:45:45.101] [bmv2] [D] [thread 160986] [24.0] [cxt 0] Parser state 'start': key is 86dd
[02:45:45.101] [bmv2] [T] [thread 160986] [24.0] [cxt 0] Bytes parsed: 14
[02:45:45.101] [bmv2] [D] [thread 160986] [24.0] [cxt 0] Parser 'parser' entering state 'parse_ipv6'
[02:45:45.101] [bmv2] [D] [thread 160986] [24.0] [cxt 0] Extracting header 'ipv6'
[02:45:45.101] [bmv2] [D] [thread 160986] [24.0] [cxt 0] Parser state 'parse_ipv6': key is 3a
[02:45:45.101] [bmv2] [T] [thread 160986] [24.0] [cxt 0] Bytes parsed: 54
[02:45:45.101] [bmv2] [D] [thread 160986] [24.0] [cxt 0] Parser 'parser': end
[02:45:45.101] [bmv2] [D] [thread 160986] [24.0] [cxt 0] Pipeline 'ingress': start
[02:45:45.101] [bmv2] [T] [thread 160986] [24.0] [cxt 0] basic.p4(565) Condition "hdr.ethernet.etherType == TYPE_ARP" (node_2) is false
[02:45:45.101] [bmv2] [T] [thread 160986] [24.0] [cxt 0] basic.p4(568) Condition "hdr.ethernet.etherType == TYPE_SRCROUTING" (node_4) is false
[02:45:45.101] [bmv2] [T] [thread 160986] [24.0] [cxt 0] basic.p4(581) Condition "hdr.ethernet.etherType == TYPE_YEQUDESU" (node_12) is false
[02:45:45.101] [bmv2] [T] [thread 160986] [24.0] [cxt 0] basic.p4(587) Condition "hdr.vxlan.isValid()" (node_15) is false
[02:45:45.101] [bmv2] [T] [thread 160986] [24.0] [cxt 0] basic.p4(591) Condition "hdr.ipv6.isValid()" (node_17) is true
[02:45:45.101] [bmv2] [T] [thread 160986] [24.0] [cxt 0] Applying table 'MyIngress.ipv6_lpm'
[02:45:45.102] [bmv2] [D] [thread 160986] [24.0] [cxt 0] Looking up key:
* hdr.ipv6.dstAddr    : ff020000000000000000000000000002

[02:45:45.102] [bmv2] [D] [thread 160986] [24.0] [cxt 0] Table 'MyIngress.ipv6_lpm': miss
[02:45:45.102] [bmv2] [D] [thread 160986] [24.0] [cxt 0] Action entry is NoAction - 
[02:45:45.102] [bmv2] [T] [thread 160986] [24.0] [cxt 0] Action NoAction
[02:45:45.102] [bmv2] [D] [thread 160986] [24.0] [cxt 0] Pipeline 'ingress': end
[02:45:45.102] [bmv2] [D] [thread 160986] [24.0] [cxt 0] Egress port is 0
[02:45:45.102] [bmv2] [D] [thread 160987] [24.0] [cxt 0] Pipeline 'egress': start
[02:45:45.102] [bmv2] [T] [thread 160987] [24.0] [cxt 0] Applying table 'MyEgress.egress_encap_ipv6'
[02:45:45.102] [bmv2] [D] [thread 160987] [24.0] [cxt 0] Looking up key:
* standard_metadata.egress_port: 0000

[02:45:45.102] [bmv2] [D] [thread 160987] [24.0] [cxt 0] Table 'MyEgress.egress_encap_ipv6': miss
[02:45:45.102] [bmv2] [D] [thread 160987] [24.0] [cxt 0] Action entry is NoAction - 
[02:45:45.102] [bmv2] [T] [thread 160987] [24.0] [cxt 0] Action NoAction
[02:45:45.102] [bmv2] [T] [thread 160987] [24.0] [cxt 0] Applying table 'MyEgress.egress_encap_yequdesu'
[02:45:45.102] [bmv2] [D] [thread 160987] [24.0] [cxt 0] Looking up key:
* standard_metadata.egress_port: 0000

[02:45:45.102] [bmv2] [D] [thread 160987] [24.0] [cxt 0] Table 'MyEgress.egress_encap_yequdesu': miss
[02:45:45.102] [bmv2] [D] [thread 160987] [24.0] [cxt 0] Action entry is NoAction - 
[02:45:45.102] [bmv2] [T] [thread 160987] [24.0] [cxt 0] Action NoAction
[02:45:45.102] [bmv2] [T] [thread 160987] [24.0] [cxt 0] Applying table 'MyEgress.egress_encap_vxlan'
[02:45:45.102] [bmv2] [D] [thread 160987] [24.0] [cxt 0] Looking up key:
* standard_metadata.egress_port: 0000

[02:45:45.102] [bmv2] [D] [thread 160987] [24.0] [cxt 0] Table 'MyEgress.egress_encap_vxlan': miss
[02:45:45.102] [bmv2] [D] [thread 160987] [24.0] [cxt 0] Action entry is NoAction - 
[02:45:45.102] [bmv2] [T] [thread 160987] [24.0] [cxt 0] Action NoAction
[02:45:45.102] [bmv2] [D] [thread 160987] [24.0] [cxt 0] Pipeline 'egress': end
[02:45:45.102] [bmv2] [D] [thread 160987] [24.0] [cxt 0] Deparser 'deparser': start
[02:45:45.102] [bmv2] [T] [thread 160987] [24.0] [cxt 0] Skipping checksum 'cksum' update because condition not met
[02:45:45.102] [bmv2] [D] [thread 160987] [24.0] [cxt 0] Deparsing header 'ethernet'
[02:45:45.102] [bmv2] [D] [thread 160987] [24.0] [cxt 0] Deparsing header 'ipv6'
[02:45:45.102] [bmv2] [D] [thread 160987] [24.0] [cxt 0] Deparser 'deparser': end
[02:45:45.102] [bmv2] [D] [thread 160991] [24.0] [cxt 0] Transmitting packet of size 70 out of port 0
[02:45:45.360] [bmv2] [D] [thread 160986] [25.0] [cxt 0] Processing packet received on port 1
[02:45:45.360] [bmv2] [D] [thread 160986] [25.0] [cxt 0] Parser 'parser': start
[02:45:45.360] [bmv2] [D] [thread 160986] [25.0] [cxt 0] Parser 'parser' entering state 'start'
[02:45:45.360] [bmv2] [D] [thread 160986] [25.0] [cxt 0] Extracting header 'ethernet'
[02:45:45.360] [bmv2] [D] [thread 160986] [25.0] [cxt 0] Parser state 'start': key is 86dd
[02:45:45.360] [bmv2] [T] [thread 160986] [25.0] [cxt 0] Bytes parsed: 14
[02:45:45.360] [bmv2] [D] [thread 160986] [25.0] [cxt 0] Parser 'parser' entering state 'parse_ipv6'
[02:45:45.360] [bmv2] [D] [thread 160986] [25.0] [cxt 0] Extracting header 'ipv6'
[02:45:45.360] [bmv2] [D] [thread 160986] [25.0] [cxt 0] Parser state 'parse_ipv6': key is 11
[02:45:45.360] [bmv2] [T] [thread 160986] [25.0] [cxt 0] Bytes parsed: 54
[02:45:45.360] [bmv2] [D] [thread 160986] [25.0] [cxt 0] Parser 'parser': end
[02:45:45.360] [bmv2] [D] [thread 160986] [25.0] [cxt 0] Pipeline 'ingress': start
[02:45:45.360] [bmv2] [T] [thread 160986] [25.0] [cxt 0] basic.p4(565) Condition "hdr.ethernet.etherType == TYPE_ARP" (node_2) is false
[02:45:45.360] [bmv2] [T] [thread 160986] [25.0] [cxt 0] basic.p4(568) Condition "hdr.ethernet.etherType == TYPE_SRCROUTING" (node_4) is false
[02:45:45.360] [bmv2] [T] [thread 160986] [25.0] [cxt 0] basic.p4(581) Condition "hdr.ethernet.etherType == TYPE_YEQUDESU" (node_12) is false
[02:45:45.360] [bmv2] [T] [thread 160986] [25.0] [cxt 0] basic.p4(587) Condition "hdr.vxlan.isValid()" (node_15) is false
[02:45:45.360] [bmv2] [T] [thread 160986] [25.0] [cxt 0] basic.p4(591) Condition "hdr.ipv6.isValid()" (node_17) is true
[02:45:45.360] [bmv2] [T] [thread 160986] [25.0] [cxt 0] Applying table 'MyIngress.ipv6_lpm'
[02:45:45.360] [bmv2] [D] [thread 160986] [25.0] [cxt 0] Looking up key:
* hdr.ipv6.dstAddr    : ff0200000000000000000000000000fb

[02:45:45.360] [bmv2] [D] [thread 160986] [25.0] [cxt 0] Table 'MyIngress.ipv6_lpm': miss
[02:45:45.360] [bmv2] [D] [thread 160986] [25.0] [cxt 0] Action entry is NoAction - 
[02:45:45.360] [bmv2] [T] [thread 160986] [25.0] [cxt 0] Action NoAction
[02:45:45.361] [bmv2] [D] [thread 160986] [25.0] [cxt 0] Pipeline 'ingress': end
[02:45:45.361] [bmv2] [D] [thread 160986] [25.0] [cxt 0] Egress port is 0
[02:45:45.361] [bmv2] [D] [thread 160987] [25.0] [cxt 0] Pipeline 'egress': start
[02:45:45.361] [bmv2] [T] [thread 160987] [25.0] [cxt 0] Applying table 'MyEgress.egress_encap_ipv6'
[02:45:45.361] [bmv2] [D] [thread 160987] [25.0] [cxt 0] Looking up key:
* standard_metadata.egress_port: 0000

[02:45:45.361] [bmv2] [D] [thread 160987] [25.0] [cxt 0] Table 'MyEgress.egress_encap_ipv6': miss
[02:45:45.361] [bmv2] [D] [thread 160987] [25.0] [cxt 0] Action entry is NoAction - 
[02:45:45.361] [bmv2] [T] [thread 160987] [25.0] [cxt 0] Action NoAction
[02:45:45.361] [bmv2] [T] [thread 160987] [25.0] [cxt 0] Applying table 'MyEgress.egress_encap_yequdesu'
[02:45:45.361] [bmv2] [D] [thread 160987] [25.0] [cxt 0] Looking up key:
* standard_metadata.egress_port: 0000

[02:45:45.361] [bmv2] [D] [thread 160987] [25.0] [cxt 0] Table 'MyEgress.egress_encap_yequdesu': miss
[02:45:45.361] [bmv2] [D] [thread 160987] [25.0] [cxt 0] Action entry is NoAction - 
[02:45:45.361] [bmv2] [T] [thread 160987] [25.0] [cxt 0] Action NoAction
[02:45:45.361] [bmv2] [T] [thread 160987] [25.0] [cxt 0] Applying table 'MyEgress.egress_encap_vxlan'
[02:45:45.361] [bmv2] [D] [thread 160987] [25.0] [cxt 0] Looking up key:
* standard_metadata.egress_port: 0000

[02:45:45.361] [bmv2] [D] [thread 160987] [25.0] [cxt 0] Table 'MyEgress.egress_encap_vxlan': miss
[02:45:45.361] [bmv2] [D] [thread 160987] [25.0] [cxt 0] Action entry is NoAction - 
[02:45:45.361] [bmv2] [T] [thread 160987] [25.0] [cxt 0] Action NoAction
[02:45:45.361] [bmv2] [D] [thread 160987] [25.0] [cxt 0] Pipeline 'egress': end
[02:45:45.361] [bmv2] [D] [thread 160987] [25.0] [cxt 0] Deparser 'deparser': start
[02:45:45.361] [bmv2] [T] [thread 160987] [25.0] [cxt 0] Skipping checksum 'cksum' update because condition not met
[02:45:45.361] [bmv2] [D] [thread 160987] [25.0] [cxt 0] Deparsing header 'ethernet'
[02:45:45.361] [bmv2] [D] [thread 160987] [25.0] [cxt 0] Deparsing header 'ipv6'
[02:45:45.361] [bmv2] [D] [thread 160987] [25.0] [cxt 0] Deparser 'deparser': end
[02:45:45.361] [bmv2] [D] [thread 160991] [25.0] [cxt 0] Transmitting packet of size 203 out of port 0
[02:45:45.614] [bmv2] [D] [thread 160986] [26.0] [cxt 0] Processing packet received on port 2
[02:45:45.614] [bmv2] [D] [thread 160986] [26.0] [cxt 0] Parser 'parser': start
[02:45:45.614] [bmv2] [D] [thread 160986] [26.0] [cxt 0] Parser 'parser' entering state 'start'
[02:45:45.614] [bmv2] [D] [thread 160986] [26.0] [cxt 0] Extracting header 'ethernet'
[02:45:45.614] [bmv2] [D] [thread 160986] [26.0] [cxt 0] Parser state 'start': key is 86dd
[02:45:45.614] [bmv2] [T] [thread 160986] [26.0] [cxt 0] Bytes parsed: 14
[02:45:45.614] [bmv2] [D] [thread 160986] [26.0] [cxt 0] Parser 'parser' entering state 'parse_ipv6'
[02:45:45.614] [bmv2] [D] [thread 160986] [26.0] [cxt 0] Extracting header 'ipv6'
[02:45:45.614] [bmv2] [D] [thread 160986] [26.0] [cxt 0] Parser state 'parse_ipv6': key is 3a
[02:45:45.614] [bmv2] [T] [thread 160986] [26.0] [cxt 0] Bytes parsed: 54
[02:45:45.614] [bmv2] [D] [thread 160986] [26.0] [cxt 0] Parser 'parser': end
[02:45:45.614] [bmv2] [D] [thread 160986] [26.0] [cxt 0] Pipeline 'ingress': start
[02:45:45.614] [bmv2] [T] [thread 160986] [26.0] [cxt 0] basic.p4(565) Condition "hdr.ethernet.etherType == TYPE_ARP" (node_2) is false
[02:45:45.614] [bmv2] [T] [thread 160986] [26.0] [cxt 0] basic.p4(568) Condition "hdr.ethernet.etherType == TYPE_SRCROUTING" (node_4) is false
[02:45:45.614] [bmv2] [T] [thread 160986] [26.0] [cxt 0] basic.p4(581) Condition "hdr.ethernet.etherType == TYPE_YEQUDESU" (node_12) is false
[02:45:45.614] [bmv2] [T] [thread 160986] [26.0] [cxt 0] basic.p4(587) Condition "hdr.vxlan.isValid()" (node_15) is false
[02:45:45.614] [bmv2] [T] [thread 160986] [26.0] [cxt 0] basic.p4(591) Condition "hdr.ipv6.isValid()" (node_17) is true
[02:45:45.614] [bmv2] [T] [thread 160986] [26.0] [cxt 0] Applying table 'MyIngress.ipv6_lpm'
[02:45:45.614] [bmv2] [D] [thread 160986] [26.0] [cxt 0] Looking up key:
* hdr.ipv6.dstAddr    : ff020000000000000000000000000002

[02:45:45.614] [bmv2] [D] [thread 160986] [26.0] [cxt 0] Table 'MyIngress.ipv6_lpm': miss
[02:45:45.614] [bmv2] [D] [thread 160986] [26.0] [cxt 0] Action entry is NoAction - 
[02:45:45.614] [bmv2] [T] [thread 160986] [26.0] [cxt 0] Action NoAction
[02:45:45.614] [bmv2] [D] [thread 160986] [26.0] [cxt 0] Pipeline 'ingress': end
[02:45:45.614] [bmv2] [D] [thread 160986] [26.0] [cxt 0] Egress port is 0
[02:45:45.615] [bmv2] [D] [thread 160987] [26.0] [cxt 0] Pipeline 'egress': start
[02:45:45.615] [bmv2] [T] [thread 160987] [26.0] [cxt 0] Applying table 'MyEgress.egress_encap_ipv6'
[02:45:45.615] [bmv2] [D] [thread 160987] [26.0] [cxt 0] Looking up key:
* standard_metadata.egress_port: 0000

[02:45:45.615] [bmv2] [D] [thread 160987] [26.0] [cxt 0] Table 'MyEgress.egress_encap_ipv6': miss
[02:45:45.615] [bmv2] [D] [thread 160987] [26.0] [cxt 0] Action entry is NoAction - 
[02:45:45.615] [bmv2] [T] [thread 160987] [26.0] [cxt 0] Action NoAction
[02:45:45.615] [bmv2] [T] [thread 160987] [26.0] [cxt 0] Applying table 'MyEgress.egress_encap_yequdesu'
[02:45:45.615] [bmv2] [D] [thread 160987] [26.0] [cxt 0] Looking up key:
* standard_metadata.egress_port: 0000

[02:45:45.615] [bmv2] [D] [thread 160987] [26.0] [cxt 0] Table 'MyEgress.egress_encap_yequdesu': miss
[02:45:45.615] [bmv2] [D] [thread 160987] [26.0] [cxt 0] Action entry is NoAction - 
[02:45:45.615] [bmv2] [T] [thread 160987] [26.0] [cxt 0] Action NoAction
[02:45:45.615] [bmv2] [T] [thread 160987] [26.0] [cxt 0] Applying table 'MyEgress.egress_encap_vxlan'
[02:45:45.615] [bmv2] [D] [thread 160987] [26.0] [cxt 0] Looking up key:
* standard_metadata.egress_port: 0000

[02:45:45.615] [bmv2] [D] [thread 160987] [26.0] [cxt 0] Table 'MyEgress.egress_encap_vxlan': miss
[02:45:45.615] [bmv2] [D] [thread 160987] [26.0] [cxt 0] Action entry is NoAction - 
[02:45:45.615] [bmv2] [T] [thread 160987] [26.0] [cxt 0] Action NoAction
[02:45:45.615] [bmv2] [D] [thread 160987] [26.0] [cxt 0] Pipeline 'egress': end
[02:45:45.615] [bmv2] [D] [thread 160987] [26.0] [cxt 0] Deparser 'deparser': start
[02:45:45.615] [bmv2] [T] [thread 160987] [26.0] [cxt 0] Skipping checksum 'cksum' update because condition not met
[02:45:45.615] [bmv2] [D] [thread 160987] [26.0] [cxt 0] Deparsing header 'ethernet'
[02:45:45.615] [bmv2] [D] [thread 160987] [26.0] [cxt 0] Deparsing header 'ipv6'
[02:45:45.615] [bmv2] [D] [thread 160987] [26.0] [cxt 0] Deparser 'deparser': end
[02:45:45.615] [bmv2] [D] [thread 160991] [26.0] [cxt 0] Transmitting packet of size 70 out of port 0
[02:45:45.681] [bmv2] [D] [thread 160986] [27.0] [cxt 0] Processing packet received on port 2
[02:45:45.681] [bmv2] [D] [thread 160986] [27.0] [cxt 0] Parser 'parser': start
[02:45:45.681] [bmv2] [D] [thread 160986] [27.0] [cxt 0] Parser 'parser' entering state 'start'
[02:45:45.681] [bmv2] [D] [thread 160986] [27.0] [cxt 0] Extracting header 'ethernet'
[02:45:45.681] [bmv2] [D] [thread 160986] [27.0] [cxt 0] Parser state 'start': key is 86dd
[02:45:45.681] [bmv2] [T] [thread 160986] [27.0] [cxt 0] Bytes parsed: 14
[02:45:45.681] [bmv2] [D] [thread 160986] [27.0] [cxt 0] Parser 'parser' entering state 'parse_ipv6'
[02:45:45.681] [bmv2] [D] [thread 160986] [27.0] [cxt 0] Extracting header 'ipv6'
[02:45:45.681] [bmv2] [D] [thread 160986] [27.0] [cxt 0] Parser state 'parse_ipv6': key is 11
[02:45:45.681] [bmv2] [T] [thread 160986] [27.0] [cxt 0] Bytes parsed: 54
[02:45:45.681] [bmv2] [D] [thread 160986] [27.0] [cxt 0] Parser 'parser': end
[02:45:45.681] [bmv2] [D] [thread 160986] [27.0] [cxt 0] Pipeline 'ingress': start
[02:45:45.681] [bmv2] [T] [thread 160986] [27.0] [cxt 0] basic.p4(565) Condition "hdr.ethernet.etherType == TYPE_ARP" (node_2) is false
[02:45:45.681] [bmv2] [T] [thread 160986] [27.0] [cxt 0] basic.p4(568) Condition "hdr.ethernet.etherType == TYPE_SRCROUTING" (node_4) is false
[02:45:45.681] [bmv2] [T] [thread 160986] [27.0] [cxt 0] basic.p4(581) Condition "hdr.ethernet.etherType == TYPE_YEQUDESU" (node_12) is false
[02:45:45.681] [bmv2] [T] [thread 160986] [27.0] [cxt 0] basic.p4(587) Condition "hdr.vxlan.isValid()" (node_15) is false
[02:45:45.681] [bmv2] [T] [thread 160986] [27.0] [cxt 0] basic.p4(591) Condition "hdr.ipv6.isValid()" (node_17) is true
[02:45:45.681] [bmv2] [T] [thread 160986] [27.0] [cxt 0] Applying table 'MyIngress.ipv6_lpm'
[02:45:45.681] [bmv2] [D] [thread 160986] [27.0] [cxt 0] Looking up key:
* hdr.ipv6.dstAddr    : ff0200000000000000000000000000fb

[02:45:45.681] [bmv2] [D] [thread 160986] [27.0] [cxt 0] Table 'MyIngress.ipv6_lpm': miss
[02:45:45.681] [bmv2] [D] [thread 160986] [27.0] [cxt 0] Action entry is NoAction - 
[02:45:45.681] [bmv2] [T] [thread 160986] [27.0] [cxt 0] Action NoAction
[02:45:45.681] [bmv2] [D] [thread 160986] [27.0] [cxt 0] Pipeline 'ingress': end
[02:45:45.681] [bmv2] [D] [thread 160986] [27.0] [cxt 0] Egress port is 0
[02:45:45.681] [bmv2] [D] [thread 160987] [27.0] [cxt 0] Pipeline 'egress': start
[02:45:45.681] [bmv2] [T] [thread 160987] [27.0] [cxt 0] Applying table 'MyEgress.egress_encap_ipv6'
[02:45:45.681] [bmv2] [D] [thread 160987] [27.0] [cxt 0] Looking up key:
* standard_metadata.egress_port: 0000

[02:45:45.681] [bmv2] [D] [thread 160987] [27.0] [cxt 0] Table 'MyEgress.egress_encap_ipv6': miss
[02:45:45.681] [bmv2] [D] [thread 160987] [27.0] [cxt 0] Action entry is NoAction - 
[02:45:45.681] [bmv2] [T] [thread 160987] [27.0] [cxt 0] Action NoAction
[02:45:45.681] [bmv2] [T] [thread 160987] [27.0] [cxt 0] Applying table 'MyEgress.egress_encap_yequdesu'
[02:45:45.681] [bmv2] [D] [thread 160987] [27.0] [cxt 0] Looking up key:
* standard_metadata.egress_port: 0000

[02:45:45.681] [bmv2] [D] [thread 160987] [27.0] [cxt 0] Table 'MyEgress.egress_encap_yequdesu': miss
[02:45:45.681] [bmv2] [D] [thread 160987] [27.0] [cxt 0] Action entry is NoAction - 
[02:45:45.681] [bmv2] [T] [thread 160987] [27.0] [cxt 0] Action NoAction
[02:45:45.681] [bmv2] [T] [thread 160987] [27.0] [cxt 0] Applying table 'MyEgress.egress_encap_vxlan'
[02:45:45.681] [bmv2] [D] [thread 160987] [27.0] [cxt 0] Looking up key:
* standard_metadata.egress_port: 0000

[02:45:45.681] [bmv2] [D] [thread 160987] [27.0] [cxt 0] Table 'MyEgress.egress_encap_vxlan': miss
[02:45:45.681] [bmv2] [D] [thread 160987] [27.0] [cxt 0] Action entry is NoAction - 
[02:45:45.681] [bmv2] [T] [thread 160987] [27.0] [cxt 0] Action NoAction
[02:45:45.681] [bmv2] [D] [thread 160987] [27.0] [cxt 0] Pipeline 'egress': end
[02:45:45.681] [bmv2] [D] [thread 160987] [27.0] [cxt 0] Deparser 'deparser': start
[02:45:45.681] [bmv2] [T] [thread 160987] [27.0] [cxt 0] Skipping checksum 'cksum' update because condition not met
[02:45:45.681] [bmv2] [D] [thread 160987] [27.0] [cxt 0] Deparsing header 'ethernet'
[02:45:45.681] [bmv2] [D] [thread 160987] [27.0] [cxt 0] Deparsing header 'ipv6'
[02:45:45.681] [bmv2] [D] [thread 160987] [27.0] [cxt 0] Deparser 'deparser': end
[02:45:45.682] [bmv2] [D] [thread 160991] [27.0] [cxt 0] Transmitting packet of size 203 out of port 0
[02:45:46.130] [bmv2] [D] [thread 160986] [28.0] [cxt 0] Processing packet received on port 1
[02:45:46.130] [bmv2] [D] [thread 160986] [28.0] [cxt 0] Parser 'parser': start
[02:45:46.130] [bmv2] [D] [thread 160986] [28.0] [cxt 0] Parser 'parser' entering state 'start'
[02:45:46.130] [bmv2] [D] [thread 160986] [28.0] [cxt 0] Extracting header 'ethernet'
[02:45:46.130] [bmv2] [D] [thread 160986] [28.0] [cxt 0] Parser state 'start': key is 86dd
[02:45:46.130] [bmv2] [T] [thread 160986] [28.0] [cxt 0] Bytes parsed: 14
[02:45:46.130] [bmv2] [D] [thread 160986] [28.0] [cxt 0] Parser 'parser' entering state 'parse_ipv6'
[02:45:46.130] [bmv2] [D] [thread 160986] [28.0] [cxt 0] Extracting header 'ipv6'
[02:45:46.130] [bmv2] [D] [thread 160986] [28.0] [cxt 0] Parser state 'parse_ipv6': key is 11
[02:45:46.130] [bmv2] [T] [thread 160986] [28.0] [cxt 0] Bytes parsed: 54
[02:45:46.130] [bmv2] [D] [thread 160986] [28.0] [cxt 0] Parser 'parser': end
[02:45:46.130] [bmv2] [D] [thread 160986] [28.0] [cxt 0] Pipeline 'ingress': start
[02:45:46.130] [bmv2] [T] [thread 160986] [28.0] [cxt 0] basic.p4(565) Condition "hdr.ethernet.etherType == TYPE_ARP" (node_2) is false
[02:45:46.130] [bmv2] [T] [thread 160986] [28.0] [cxt 0] basic.p4(568) Condition "hdr.ethernet.etherType == TYPE_SRCROUTING" (node_4) is false
[02:45:46.130] [bmv2] [T] [thread 160986] [28.0] [cxt 0] basic.p4(581) Condition "hdr.ethernet.etherType == TYPE_YEQUDESU" (node_12) is false
[02:45:46.131] [bmv2] [T] [thread 160986] [28.0] [cxt 0] basic.p4(587) Condition "hdr.vxlan.isValid()" (node_15) is false
[02:45:46.131] [bmv2] [T] [thread 160986] [28.0] [cxt 0] basic.p4(591) Condition "hdr.ipv6.isValid()" (node_17) is true
[02:45:46.131] [bmv2] [T] [thread 160986] [28.0] [cxt 0] Applying table 'MyIngress.ipv6_lpm'
[02:45:46.131] [bmv2] [D] [thread 160986] [28.0] [cxt 0] Looking up key:
* hdr.ipv6.dstAddr    : ff0200000000000000000000000000fb

[02:45:46.131] [bmv2] [D] [thread 160986] [28.0] [cxt 0] Table 'MyIngress.ipv6_lpm': miss
[02:45:46.131] [bmv2] [D] [thread 160986] [28.0] [cxt 0] Action entry is NoAction - 
[02:45:46.131] [bmv2] [T] [thread 160986] [28.0] [cxt 0] Action NoAction
[02:45:46.131] [bmv2] [D] [thread 160986] [28.0] [cxt 0] Pipeline 'ingress': end
[02:45:46.131] [bmv2] [D] [thread 160986] [28.0] [cxt 0] Egress port is 0
[02:45:46.131] [bmv2] [D] [thread 160987] [28.0] [cxt 0] Pipeline 'egress': start
[02:45:46.131] [bmv2] [T] [thread 160987] [28.0] [cxt 0] Applying table 'MyEgress.egress_encap_ipv6'
[02:45:46.131] [bmv2] [D] [thread 160987] [28.0] [cxt 0] Looking up key:
* standard_metadata.egress_port: 0000

[02:45:46.131] [bmv2] [D] [thread 160987] [28.0] [cxt 0] Table 'MyEgress.egress_encap_ipv6': miss
[02:45:46.131] [bmv2] [D] [thread 160987] [28.0] [cxt 0] Action entry is NoAction - 
[02:45:46.131] [bmv2] [T] [thread 160987] [28.0] [cxt 0] Action NoAction
[02:45:46.131] [bmv2] [T] [thread 160987] [28.0] [cxt 0] Applying table 'MyEgress.egress_encap_yequdesu'
[02:45:46.131] [bmv2] [D] [thread 160987] [28.0] [cxt 0] Looking up key:
* standard_metadata.egress_port: 0000

[02:45:46.131] [bmv2] [D] [thread 160987] [28.0] [cxt 0] Table 'MyEgress.egress_encap_yequdesu': miss
[02:45:46.131] [bmv2] [D] [thread 160987] [28.0] [cxt 0] Action entry is NoAction - 
[02:45:46.131] [bmv2] [T] [thread 160987] [28.0] [cxt 0] Action NoAction
[02:45:46.131] [bmv2] [T] [thread 160987] [28.0] [cxt 0] Applying table 'MyEgress.egress_encap_vxlan'
[02:45:46.131] [bmv2] [D] [thread 160987] [28.0] [cxt 0] Looking up key:
* standard_metadata.egress_port: 0000

[02:45:46.131] [bmv2] [D] [thread 160987] [28.0] [cxt 0] Table 'MyEgress.egress_encap_vxlan': miss
[02:45:46.131] [bmv2] [D] [thread 160987] [28.0] [cxt 0] Action entry is NoAction - 
[02:45:46.131] [bmv2] [T] [thread 160987] [28.0] [cxt 0] Action NoAction
[02:45:46.131] [bmv2] [D] [thread 160987] [28.0] [cxt 0] Pipeline 'egress': end
[02:45:46.131] [bmv2] [D] [thread 160987] [28.0] [cxt 0] Deparser 'deparser': start
[02:45:46.131] [bmv2] [T] [thread 160987] [28.0] [cxt 0] Skipping checksum 'cksum' update because condition not met
[02:45:46.131] [bmv2] [D] [thread 160987] [28.0] [cxt 0] Deparsing header 'ethernet'
[02:45:46.131] [bmv2] [D] [thread 160987] [28.0] [cxt 0] Deparsing header 'ipv6'
[02:45:46.131] [bmv2] [D] [thread 160987] [28.0] [cxt 0] Deparser 'deparser': end
[02:45:46.131] [bmv2] [D] [thread 160991] [28.0] [cxt 0] Transmitting packet of size 203 out of port 0
[02:45:46.192] [bmv2] [D] [thread 160986] [29.0] [cxt 0] Processing packet received on port 2
[02:45:46.192] [bmv2] [D] [thread 160986] [29.0] [cxt 0] Parser 'parser': start
[02:45:46.192] [bmv2] [D] [thread 160986] [29.0] [cxt 0] Parser 'parser' entering state 'start'
[02:45:46.192] [bmv2] [D] [thread 160986] [29.0] [cxt 0] Extracting header 'ethernet'
[02:45:46.192] [bmv2] [D] [thread 160986] [29.0] [cxt 0] Parser state 'start': key is 86dd
[02:45:46.192] [bmv2] [T] [thread 160986] [29.0] [cxt 0] Bytes parsed: 14
[02:45:46.192] [bmv2] [D] [thread 160986] [29.0] [cxt 0] Parser 'parser' entering state 'parse_ipv6'
[02:45:46.192] [bmv2] [D] [thread 160986] [29.0] [cxt 0] Extracting header 'ipv6'
[02:45:46.192] [bmv2] [D] [thread 160986] [29.0] [cxt 0] Parser state 'parse_ipv6': key is 11
[02:45:46.192] [bmv2] [T] [thread 160986] [29.0] [cxt 0] Bytes parsed: 54
[02:45:46.192] [bmv2] [D] [thread 160986] [29.0] [cxt 0] Parser 'parser': end
[02:45:46.192] [bmv2] [D] [thread 160986] [29.0] [cxt 0] Pipeline 'ingress': start
[02:45:46.192] [bmv2] [T] [thread 160986] [29.0] [cxt 0] basic.p4(565) Condition "hdr.ethernet.etherType == TYPE_ARP" (node_2) is false
[02:45:46.192] [bmv2] [T] [thread 160986] [29.0] [cxt 0] basic.p4(568) Condition "hdr.ethernet.etherType == TYPE_SRCROUTING" (node_4) is false
[02:45:46.192] [bmv2] [T] [thread 160986] [29.0] [cxt 0] basic.p4(581) Condition "hdr.ethernet.etherType == TYPE_YEQUDESU" (node_12) is false
[02:45:46.192] [bmv2] [T] [thread 160986] [29.0] [cxt 0] basic.p4(587) Condition "hdr.vxlan.isValid()" (node_15) is false
[02:45:46.192] [bmv2] [T] [thread 160986] [29.0] [cxt 0] basic.p4(591) Condition "hdr.ipv6.isValid()" (node_17) is true
[02:45:46.192] [bmv2] [T] [thread 160986] [29.0] [cxt 0] Applying table 'MyIngress.ipv6_lpm'
[02:45:46.192] [bmv2] [D] [thread 160986] [29.0] [cxt 0] Looking up key:
* hdr.ipv6.dstAddr    : ff0200000000000000000000000000fb

[02:45:46.192] [bmv2] [D] [thread 160986] [29.0] [cxt 0] Table 'MyIngress.ipv6_lpm': miss
[02:45:46.193] [bmv2] [D] [thread 160986] [29.0] [cxt 0] Action entry is NoAction - 
[02:45:46.193] [bmv2] [T] [thread 160986] [29.0] [cxt 0] Action NoAction
[02:45:46.193] [bmv2] [D] [thread 160986] [29.0] [cxt 0] Pipeline 'ingress': end
[02:45:46.193] [bmv2] [D] [thread 160986] [29.0] [cxt 0] Egress port is 0
[02:45:46.193] [bmv2] [D] [thread 160987] [29.0] [cxt 0] Pipeline 'egress': start
[02:45:46.193] [bmv2] [T] [thread 160987] [29.0] [cxt 0] Applying table 'MyEgress.egress_encap_ipv6'
[02:45:46.193] [bmv2] [D] [thread 160987] [29.0] [cxt 0] Looking up key:
* standard_metadata.egress_port: 0000

[02:45:46.193] [bmv2] [D] [thread 160987] [29.0] [cxt 0] Table 'MyEgress.egress_encap_ipv6': miss
[02:45:46.193] [bmv2] [D] [thread 160987] [29.0] [cxt 0] Action entry is NoAction - 
[02:45:46.193] [bmv2] [T] [thread 160987] [29.0] [cxt 0] Action NoAction
[02:45:46.193] [bmv2] [T] [thread 160987] [29.0] [cxt 0] Applying table 'MyEgress.egress_encap_yequdesu'
[02:45:46.193] [bmv2] [D] [thread 160987] [29.0] [cxt 0] Looking up key:
* standard_metadata.egress_port: 0000

[02:45:46.193] [bmv2] [D] [thread 160987] [29.0] [cxt 0] Table 'MyEgress.egress_encap_yequdesu': miss
[02:45:46.193] [bmv2] [D] [thread 160987] [29.0] [cxt 0] Action entry is NoAction - 
[02:45:46.193] [bmv2] [T] [thread 160987] [29.0] [cxt 0] Action NoAction
[02:45:46.193] [bmv2] [T] [thread 160987] [29.0] [cxt 0] Applying table 'MyEgress.egress_encap_vxlan'
[02:45:46.193] [bmv2] [D] [thread 160987] [29.0] [cxt 0] Looking up key:
* standard_metadata.egress_port: 0000

[02:45:46.193] [bmv2] [D] [thread 160987] [29.0] [cxt 0] Table 'MyEgress.egress_encap_vxlan': miss
[02:45:46.193] [bmv2] [D] [thread 160987] [29.0] [cxt 0] Action entry is NoAction - 
[02:45:46.193] [bmv2] [T] [thread 160987] [29.0] [cxt 0] Action NoAction
[02:45:46.193] [bmv2] [D] [thread 160987] [29.0] [cxt 0] Pipeline 'egress': end
[02:45:46.193] [bmv2] [D] [thread 160987] [29.0] [cxt 0] Deparser 'deparser': start
[02:45:46.193] [bmv2] [T] [thread 160987] [29.0] [cxt 0] Skipping checksum 'cksum' update because condition not met
[02:45:46.193] [bmv2] [D] [thread 160987] [29.0] [cxt 0] Deparsing header 'ethernet'
[02:45:46.193] [bmv2] [D] [thread 160987] [29.0] [cxt 0] Deparsing header 'ipv6'
[02:45:46.193] [bmv2] [D] [thread 160987] [29.0] [cxt 0] Deparser 'deparser': end
[02:45:46.193] [bmv2] [D] [thread 160991] [29.0] [cxt 0] Transmitting packet of size 203 out of port 0
[02:45:46.637] [bmv2] [D] [thread 160986] [30.0] [cxt 0] Processing packet received on port 1
[02:45:46.637] [bmv2] [D] [thread 160986] [30.0] [cxt 0] Parser 'parser': start
[02:45:46.637] [bmv2] [D] [thread 160986] [30.0] [cxt 0] Parser 'parser' entering state 'start'
[02:45:46.637] [bmv2] [D] [thread 160986] [30.0] [cxt 0] Extracting header 'ethernet'
[02:45:46.637] [bmv2] [D] [thread 160986] [30.0] [cxt 0] Parser state 'start': key is 86dd
[02:45:46.637] [bmv2] [T] [thread 160986] [30.0] [cxt 0] Bytes parsed: 14
[02:45:46.637] [bmv2] [D] [thread 160986] [30.0] [cxt 0] Parser 'parser' entering state 'parse_ipv6'
[02:45:46.637] [bmv2] [D] [thread 160986] [30.0] [cxt 0] Extracting header 'ipv6'
[02:45:46.637] [bmv2] [D] [thread 160986] [30.0] [cxt 0] Parser state 'parse_ipv6': key is 3a
[02:45:46.637] [bmv2] [T] [thread 160986] [30.0] [cxt 0] Bytes parsed: 54
[02:45:46.637] [bmv2] [D] [thread 160986] [30.0] [cxt 0] Parser 'parser': end
[02:45:46.637] [bmv2] [D] [thread 160986] [30.0] [cxt 0] Pipeline 'ingress': start
[02:45:46.637] [bmv2] [T] [thread 160986] [30.0] [cxt 0] basic.p4(565) Condition "hdr.ethernet.etherType == TYPE_ARP" (node_2) is false
[02:45:46.637] [bmv2] [T] [thread 160986] [30.0] [cxt 0] basic.p4(568) Condition "hdr.ethernet.etherType == TYPE_SRCROUTING" (node_4) is false
[02:45:46.637] [bmv2] [T] [thread 160986] [30.0] [cxt 0] basic.p4(581) Condition "hdr.ethernet.etherType == TYPE_YEQUDESU" (node_12) is false
[02:45:46.637] [bmv2] [T] [thread 160986] [30.0] [cxt 0] basic.p4(587) Condition "hdr.vxlan.isValid()" (node_15) is false
[02:45:46.637] [bmv2] [T] [thread 160986] [30.0] [cxt 0] basic.p4(591) Condition "hdr.ipv6.isValid()" (node_17) is true
[02:45:46.637] [bmv2] [T] [thread 160986] [30.0] [cxt 0] Applying table 'MyIngress.ipv6_lpm'
[02:45:46.637] [bmv2] [D] [thread 160986] [30.0] [cxt 0] Looking up key:
* hdr.ipv6.dstAddr    : ff020000000000000000000000000002

[02:45:46.637] [bmv2] [D] [thread 160986] [30.0] [cxt 0] Table 'MyIngress.ipv6_lpm': miss
[02:45:46.637] [bmv2] [D] [thread 160986] [30.0] [cxt 0] Action entry is NoAction - 
[02:45:46.637] [bmv2] [T] [thread 160986] [30.0] [cxt 0] Action NoAction
[02:45:46.637] [bmv2] [D] [thread 160986] [30.0] [cxt 0] Pipeline 'ingress': end
[02:45:46.637] [bmv2] [D] [thread 160986] [30.0] [cxt 0] Egress port is 0
[02:45:46.637] [bmv2] [D] [thread 160987] [30.0] [cxt 0] Pipeline 'egress': start
[02:45:46.637] [bmv2] [T] [thread 160987] [30.0] [cxt 0] Applying table 'MyEgress.egress_encap_ipv6'
[02:45:46.637] [bmv2] [D] [thread 160987] [30.0] [cxt 0] Looking up key:
* standard_metadata.egress_port: 0000

[02:45:46.637] [bmv2] [D] [thread 160987] [30.0] [cxt 0] Table 'MyEgress.egress_encap_ipv6': miss
[02:45:46.637] [bmv2] [D] [thread 160987] [30.0] [cxt 0] Action entry is NoAction - 
[02:45:46.637] [bmv2] [T] [thread 160987] [30.0] [cxt 0] Action NoAction
[02:45:46.638] [bmv2] [T] [thread 160987] [30.0] [cxt 0] Applying table 'MyEgress.egress_encap_yequdesu'
[02:45:46.638] [bmv2] [D] [thread 160987] [30.0] [cxt 0] Looking up key:
* standard_metadata.egress_port: 0000

[02:45:46.638] [bmv2] [D] [thread 160987] [30.0] [cxt 0] Table 'MyEgress.egress_encap_yequdesu': miss
[02:45:46.638] [bmv2] [D] [thread 160987] [30.0] [cxt 0] Action entry is NoAction - 
[02:45:46.638] [bmv2] [T] [thread 160987] [30.0] [cxt 0] Action NoAction
[02:45:46.638] [bmv2] [T] [thread 160987] [30.0] [cxt 0] Applying table 'MyEgress.egress_encap_vxlan'
[02:45:46.638] [bmv2] [D] [thread 160987] [30.0] [cxt 0] Looking up key:
* standard_metadata.egress_port: 0000

[02:45:46.638] [bmv2] [D] [thread 160987] [30.0] [cxt 0] Table 'MyEgress.egress_encap_vxlan': miss
[02:45:46.638] [bmv2] [D] [thread 160987] [30.0] [cxt 0] Action entry is NoAction - 
[02:45:46.638] [bmv2] [T] [thread 160987] [30.0] [cxt 0] Action NoAction
[02:45:46.638] [bmv2] [D] [thread 160987] [30.0] [cxt 0] Pipeline 'egress': end
[02:45:46.638] [bmv2] [D] [thread 160987] [30.0] [cxt 0] Deparser 'deparser': start
[02:45:46.638] [bmv2] [T] [thread 160987] [30.0] [cxt 0] Skipping checksum 'cksum' update because condition not met
[02:45:46.638] [bmv2] [D] [thread 160987] [30.0] [cxt 0] Deparsing header 'ethernet'
[02:45:46.638] [bmv2] [D] [thread 160987] [30.0] [cxt 0] Deparsing header 'ipv6'
[02:45:46.638] [bmv2] [D] [thread 160987] [30.0] [cxt 0] Deparser 'deparser': end
[02:45:46.638] [bmv2] [D] [thread 160991] [30.0] [cxt 0] Transmitting packet of size 70 out of port 0
[02:45:46.978] [bmv2] [D] [thread 160986] [31.0] [cxt 0] Processing packet received on port 1
[02:45:46.978] [bmv2] [D] [thread 160986] [31.0] [cxt 0] Parser 'parser': start
[02:45:46.978] [bmv2] [D] [thread 160986] [31.0] [cxt 0] Parser 'parser' entering state 'start'
[02:45:46.978] [bmv2] [D] [thread 160986] [31.0] [cxt 0] Extracting header 'ethernet'
[02:45:46.978] [bmv2] [D] [thread 160986] [31.0] [cxt 0] Parser state 'start': key is 0800
[02:45:46.978] [bmv2] [T] [thread 160986] [31.0] [cxt 0] Bytes parsed: 14
[02:45:46.978] [bmv2] [D] [thread 160986] [31.0] [cxt 0] Parser 'parser' entering state 'parse_ipv4'
[02:45:46.978] [bmv2] [D] [thread 160986] [31.0] [cxt 0] Extracting header 'ipv4'
[02:45:46.978] [bmv2] [D] [thread 160986] [31.0] [cxt 0] Parser state 'parse_ipv4': key is 11
[02:45:46.978] [bmv2] [T] [thread 160986] [31.0] [cxt 0] Bytes parsed: 34
[02:45:46.978] [bmv2] [D] [thread 160986] [31.0] [cxt 0] Parser 'parser' entering state 'parse_udp'
[02:45:46.978] [bmv2] [D] [thread 160986] [31.0] [cxt 0] Extracting header 'udp'
[02:45:46.978] [bmv2] [D] [thread 160986] [31.0] [cxt 0] Parser state 'parse_udp': key is 12b5
[02:45:46.978] [bmv2] [T] [thread 160986] [31.0] [cxt 0] Bytes parsed: 42
[02:45:46.978] [bmv2] [D] [thread 160986] [31.0] [cxt 0] Parser 'parser' entering state 'parse_vxlan'
[02:45:46.978] [bmv2] [D] [thread 160986] [31.0] [cxt 0] Extracting header 'vxlan'
[02:45:46.978] [bmv2] [D] [thread 160986] [31.0] [cxt 0] Extracting header 'inner_ethernet'
[02:45:46.978] [bmv2] [D] [thread 160986] [31.0] [cxt 0] Parser state 'parse_vxlan': key is 5002
[02:45:46.978] [bmv2] [T] [thread 160986] [31.0] [cxt 0] Bytes parsed: 64
[02:45:46.978] [bmv2] [D] [thread 160986] [31.0] [cxt 0] Parser 'parser': end
[02:45:46.978] [bmv2] [D] [thread 160986] [31.0] [cxt 0] Pipeline 'ingress': start
[02:45:46.978] [bmv2] [T] [thread 160986] [31.0] [cxt 0] basic.p4(565) Condition "hdr.ethernet.etherType == TYPE_ARP" (node_2) is false
[02:45:46.978] [bmv2] [T] [thread 160986] [31.0] [cxt 0] basic.p4(568) Condition "hdr.ethernet.etherType == TYPE_SRCROUTING" (node_4) is false
[02:45:46.978] [bmv2] [T] [thread 160986] [31.0] [cxt 0] basic.p4(581) Condition "hdr.ethernet.etherType == TYPE_YEQUDESU" (node_12) is false
[02:45:46.978] [bmv2] [T] [thread 160986] [31.0] [cxt 0] basic.p4(587) Condition "hdr.vxlan.isValid()" (node_15) is true
[02:45:46.978] [bmv2] [T] [thread 160986] [31.0] [cxt 0] Applying table 'MyIngress.vxlan_decap_exact'
[02:45:46.978] [bmv2] [D] [thread 160986] [31.0] [cxt 0] Looking up key:
* hdr.vxlan.vni       : 000064

[02:45:46.978] [bmv2] [D] [thread 160986] [31.0] [cxt 0] Table 'MyIngress.vxlan_decap_exact': miss
[02:45:46.978] [bmv2] [D] [thread 160986] [31.0] [cxt 0] Action entry is MyIngress.drop - 
[02:45:46.978] [bmv2] [T] [thread 160986] [31.0] [cxt 0] Action MyIngress.drop
[02:45:46.978] [bmv2] [T] [thread 160986] [31.0] [cxt 0] basic.p4(233) Primitive mark_to_drop(standard_metadata)
[02:45:46.978] [bmv2] [D] [thread 160986] [31.0] [cxt 0] Pipeline 'ingress': end
[02:45:46.978] [bmv2] [D] [thread 160986] [31.0] [cxt 0] Egress port is 511
[02:45:46.978] [bmv2] [D] [thread 160986] [31.0] [cxt 0] Dropping packet at the end of ingress
[02:46:11.214] [bmv2] [D] [thread 160986] [32.0] [cxt 0] Processing packet received on port 1
[02:46:11.214] [bmv2] [D] [thread 160986] [32.0] [cxt 0] Parser 'parser': start
[02:46:11.214] [bmv2] [D] [thread 160986] [32.0] [cxt 0] Parser 'parser' entering state 'start'
[02:46:11.214] [bmv2] [D] [thread 160986] [32.0] [cxt 0] Extracting header 'ethernet'
[02:46:11.214] [bmv2] [D] [thread 160986] [32.0] [cxt 0] Parser state 'start': key is 86dd
[02:46:11.214] [bmv2] [T] [thread 160986] [32.0] [cxt 0] Bytes parsed: 14
[02:46:11.214] [bmv2] [D] [thread 160986] [32.0] [cxt 0] Parser 'parser' entering state 'parse_ipv6'
[02:46:11.214] [bmv2] [D] [thread 160986] [32.0] [cxt 0] Extracting header 'ipv6'
[02:46:11.214] [bmv2] [D] [thread 160986] [32.0] [cxt 0] Parser state 'parse_ipv6': key is 3a
[02:46:11.214] [bmv2] [T] [thread 160986] [32.0] [cxt 0] Bytes parsed: 54
[02:46:11.214] [bmv2] [D] [thread 160986] [32.0] [cxt 0] Parser 'parser': end
[02:46:11.214] [bmv2] [D] [thread 160986] [32.0] [cxt 0] Pipeline 'ingress': start
[02:46:11.214] [bmv2] [T] [thread 160986] [32.0] [cxt 0] basic.p4(565) Condition "hdr.ethernet.etherType == TYPE_ARP" (node_2) is false
[02:46:11.214] [bmv2] [T] [thread 160986] [32.0] [cxt 0] basic.p4(568) Condition "hdr.ethernet.etherType == TYPE_SRCROUTING" (node_4) is false
[02:46:11.214] [bmv2] [T] [thread 160986] [32.0] [cxt 0] basic.p4(581) Condition "hdr.ethernet.etherType == TYPE_YEQUDESU" (node_12) is false
[02:46:11.214] [bmv2] [T] [thread 160986] [32.0] [cxt 0] basic.p4(587) Condition "hdr.vxlan.isValid()" (node_15) is false
[02:46:11.214] [bmv2] [T] [thread 160986] [32.0] [cxt 0] basic.p4(591) Condition "hdr.ipv6.isValid()" (node_17) is true
[02:46:11.214] [bmv2] [T] [thread 160986] [32.0] [cxt 0] Applying table 'MyIngress.ipv6_lpm'
[02:46:11.214] [bmv2] [D] [thread 160986] [32.0] [cxt 0] Looking up key:
* hdr.ipv6.dstAddr    : ff020000000000000000000000000002

[02:46:11.214] [bmv2] [D] [thread 160986] [32.0] [cxt 0] Table 'MyIngress.ipv6_lpm': miss
[02:46:11.214] [bmv2] [D] [thread 160986] [32.0] [cxt 0] Action entry is NoAction - 
[02:46:11.214] [bmv2] [T] [thread 160986] [32.0] [cxt 0] Action NoAction
[02:46:11.214] [bmv2] [D] [thread 160986] [32.0] [cxt 0] Pipeline 'ingress': end
[02:46:11.214] [bmv2] [D] [thread 160986] [32.0] [cxt 0] Egress port is 0
[02:46:11.214] [bmv2] [D] [thread 160987] [32.0] [cxt 0] Pipeline 'egress': start
[02:46:11.214] [bmv2] [T] [thread 160987] [32.0] [cxt 0] Applying table 'MyEgress.egress_encap_ipv6'
[02:46:11.214] [bmv2] [D] [thread 160987] [32.0] [cxt 0] Looking up key:
* standard_metadata.egress_port: 0000

[02:46:11.214] [bmv2] [D] [thread 160987] [32.0] [cxt 0] Table 'MyEgress.egress_encap_ipv6': miss
[02:46:11.214] [bmv2] [D] [thread 160987] [32.0] [cxt 0] Action entry is NoAction - 
[02:46:11.214] [bmv2] [T] [thread 160987] [32.0] [cxt 0] Action NoAction
[02:46:11.214] [bmv2] [T] [thread 160987] [32.0] [cxt 0] Applying table 'MyEgress.egress_encap_yequdesu'
[02:46:11.214] [bmv2] [D] [thread 160987] [32.0] [cxt 0] Looking up key:
* standard_metadata.egress_port: 0000

[02:46:11.214] [bmv2] [D] [thread 160987] [32.0] [cxt 0] Table 'MyEgress.egress_encap_yequdesu': miss
[02:46:11.214] [bmv2] [D] [thread 160987] [32.0] [cxt 0] Action entry is NoAction - 
[02:46:11.214] [bmv2] [T] [thread 160987] [32.0] [cxt 0] Action NoAction
[02:46:11.214] [bmv2] [T] [thread 160987] [32.0] [cxt 0] Applying table 'MyEgress.egress_encap_vxlan'
[02:46:11.214] [bmv2] [D] [thread 160987] [32.0] [cxt 0] Looking up key:
* standard_metadata.egress_port: 0000

[02:46:11.214] [bmv2] [D] [thread 160987] [32.0] [cxt 0] Table 'MyEgress.egress_encap_vxlan': miss
[02:46:11.214] [bmv2] [D] [thread 160987] [32.0] [cxt 0] Action entry is NoAction - 
[02:46:11.214] [bmv2] [T] [thread 160987] [32.0] [cxt 0] Action NoAction
[02:46:11.214] [bmv2] [D] [thread 160987] [32.0] [cxt 0] Pipeline 'egress': end
[02:46:11.214] [bmv2] [D] [thread 160987] [32.0] [cxt 0] Deparser 'deparser': start
[02:46:11.214] [bmv2] [T] [thread 160987] [32.0] [cxt 0] Skipping checksum 'cksum' update because condition not met
[02:46:11.214] [bmv2] [D] [thread 160987] [32.0] [cxt 0] Deparsing header 'ethernet'
[02:46:11.214] [bmv2] [D] [thread 160987] [32.0] [cxt 0] Deparsing header 'ipv6'
[02:46:11.214] [bmv2] [D] [thread 160987] [32.0] [cxt 0] Deparser 'deparser': end
[02:46:11.214] [bmv2] [D] [thread 160991] [32.0] [cxt 0] Transmitting packet of size 70 out of port 0
[02:46:17.361] [bmv2] [D] [thread 160986] [33.0] [cxt 0] Processing packet received on port 1
[02:46:17.361] [bmv2] [D] [thread 160986] [33.0] [cxt 0] Parser 'parser': start
[02:46:17.361] [bmv2] [D] [thread 160986] [33.0] [cxt 0] Parser 'parser' entering state 'start'
[02:46:17.361] [bmv2] [D] [thread 160986] [33.0] [cxt 0] Extracting header 'ethernet'
[02:46:17.361] [bmv2] [D] [thread 160986] [33.0] [cxt 0] Parser state 'start': key is 86dd
[02:46:17.361] [bmv2] [T] [thread 160986] [33.0] [cxt 0] Bytes parsed: 14
[02:46:17.361] [bmv2] [D] [thread 160986] [33.0] [cxt 0] Parser 'parser' entering state 'parse_ipv6'
[02:46:17.361] [bmv2] [D] [thread 160986] [33.0] [cxt 0] Extracting header 'ipv6'
[02:46:17.361] [bmv2] [D] [thread 160986] [33.0] [cxt 0] Parser state 'parse_ipv6': key is 11
[02:46:17.362] [bmv2] [T] [thread 160986] [33.0] [cxt 0] Bytes parsed: 54
[02:46:17.362] [bmv2] [D] [thread 160986] [33.0] [cxt 0] Parser 'parser': end
[02:46:17.362] [bmv2] [D] [thread 160986] [33.0] [cxt 0] Pipeline 'ingress': start
[02:46:17.362] [bmv2] [T] [thread 160986] [33.0] [cxt 0] basic.p4(565) Condition "hdr.ethernet.etherType == TYPE_ARP" (node_2) is false
[02:46:17.362] [bmv2] [T] [thread 160986] [33.0] [cxt 0] basic.p4(568) Condition "hdr.ethernet.etherType == TYPE_SRCROUTING" (node_4) is false
[02:46:17.362] [bmv2] [T] [thread 160986] [33.0] [cxt 0] basic.p4(581) Condition "hdr.ethernet.etherType == TYPE_YEQUDESU" (node_12) is false
[02:46:17.362] [bmv2] [T] [thread 160986] [33.0] [cxt 0] basic.p4(587) Condition "hdr.vxlan.isValid()" (node_15) is false
[02:46:17.362] [bmv2] [T] [thread 160986] [33.0] [cxt 0] basic.p4(591) Condition "hdr.ipv6.isValid()" (node_17) is true
[02:46:17.362] [bmv2] [T] [thread 160986] [33.0] [cxt 0] Applying table 'MyIngress.ipv6_lpm'
[02:46:17.362] [bmv2] [D] [thread 160986] [33.0] [cxt 0] Looking up key:
* hdr.ipv6.dstAddr    : ff0200000000000000000000000000fb

[02:46:17.362] [bmv2] [D] [thread 160986] [33.0] [cxt 0] Table 'MyIngress.ipv6_lpm': miss
[02:46:17.362] [bmv2] [D] [thread 160986] [33.0] [cxt 0] Action entry is NoAction - 
[02:46:17.362] [bmv2] [T] [thread 160986] [33.0] [cxt 0] Action NoAction
[02:46:17.362] [bmv2] [D] [thread 160986] [33.0] [cxt 0] Pipeline 'ingress': end
[02:46:17.362] [bmv2] [D] [thread 160986] [33.0] [cxt 0] Egress port is 0
[02:46:17.362] [bmv2] [D] [thread 160987] [33.0] [cxt 0] Pipeline 'egress': start
[02:46:17.362] [bmv2] [T] [thread 160987] [33.0] [cxt 0] Applying table 'MyEgress.egress_encap_ipv6'
[02:46:17.362] [bmv2] [D] [thread 160987] [33.0] [cxt 0] Looking up key:
* standard_metadata.egress_port: 0000

[02:46:17.362] [bmv2] [D] [thread 160987] [33.0] [cxt 0] Table 'MyEgress.egress_encap_ipv6': miss
[02:46:17.362] [bmv2] [D] [thread 160987] [33.0] [cxt 0] Action entry is NoAction - 
[02:46:17.362] [bmv2] [T] [thread 160987] [33.0] [cxt 0] Action NoAction
[02:46:17.362] [bmv2] [T] [thread 160987] [33.0] [cxt 0] Applying table 'MyEgress.egress_encap_yequdesu'
[02:46:17.362] [bmv2] [D] [thread 160987] [33.0] [cxt 0] Looking up key:
* standard_metadata.egress_port: 0000

[02:46:17.362] [bmv2] [D] [thread 160987] [33.0] [cxt 0] Table 'MyEgress.egress_encap_yequdesu': miss
[02:46:17.362] [bmv2] [D] [thread 160987] [33.0] [cxt 0] Action entry is NoAction - 
[02:46:17.362] [bmv2] [T] [thread 160987] [33.0] [cxt 0] Action NoAction
[02:46:17.362] [bmv2] [T] [thread 160987] [33.0] [cxt 0] Applying table 'MyEgress.egress_encap_vxlan'
[02:46:17.362] [bmv2] [D] [thread 160987] [33.0] [cxt 0] Looking up key:
* standard_metadata.egress_port: 0000

[02:46:17.362] [bmv2] [D] [thread 160987] [33.0] [cxt 0] Table 'MyEgress.egress_encap_vxlan': miss
[02:46:17.362] [bmv2] [D] [thread 160987] [33.0] [cxt 0] Action entry is NoAction - 
[02:46:17.362] [bmv2] [T] [thread 160987] [33.0] [cxt 0] Action NoAction
[02:46:17.362] [bmv2] [D] [thread 160987] [33.0] [cxt 0] Pipeline 'egress': end
[02:46:17.362] [bmv2] [D] [thread 160987] [33.0] [cxt 0] Deparser 'deparser': start
[02:46:17.362] [bmv2] [T] [thread 160987] [33.0] [cxt 0] Skipping checksum 'cksum' update because condition not met
[02:46:17.362] [bmv2] [D] [thread 160987] [33.0] [cxt 0] Deparsing header 'ethernet'
[02:46:17.362] [bmv2] [D] [thread 160987] [33.0] [cxt 0] Deparsing header 'ipv6'
[02:46:17.362] [bmv2] [D] [thread 160987] [33.0] [cxt 0] Deparser 'deparser': end
[02:46:17.362] [bmv2] [D] [thread 160991] [33.0] [cxt 0] Transmitting packet of size 203 out of port 0
[02:46:17.682] [bmv2] [D] [thread 160986] [34.0] [cxt 0] Processing packet received on port 2
[02:46:17.682] [bmv2] [D] [thread 160986] [34.0] [cxt 0] Parser 'parser': start
[02:46:17.682] [bmv2] [D] [thread 160986] [34.0] [cxt 0] Parser 'parser' entering state 'start'
[02:46:17.682] [bmv2] [D] [thread 160986] [34.0] [cxt 0] Extracting header 'ethernet'
[02:46:17.682] [bmv2] [D] [thread 160986] [34.0] [cxt 0] Parser state 'start': key is 86dd
[02:46:17.682] [bmv2] [T] [thread 160986] [34.0] [cxt 0] Bytes parsed: 14
[02:46:17.682] [bmv2] [D] [thread 160986] [34.0] [cxt 0] Parser 'parser' entering state 'parse_ipv6'
[02:46:17.682] [bmv2] [D] [thread 160986] [34.0] [cxt 0] Extracting header 'ipv6'
[02:46:17.682] [bmv2] [D] [thread 160986] [34.0] [cxt 0] Parser state 'parse_ipv6': key is 11
[02:46:17.682] [bmv2] [T] [thread 160986] [34.0] [cxt 0] Bytes parsed: 54
[02:46:17.682] [bmv2] [D] [thread 160986] [34.0] [cxt 0] Parser 'parser': end
[02:46:17.682] [bmv2] [D] [thread 160986] [34.0] [cxt 0] Pipeline 'ingress': start
[02:46:17.682] [bmv2] [T] [thread 160986] [34.0] [cxt 0] basic.p4(565) Condition "hdr.ethernet.etherType == TYPE_ARP" (node_2) is false
[02:46:17.682] [bmv2] [T] [thread 160986] [34.0] [cxt 0] basic.p4(568) Condition "hdr.ethernet.etherType == TYPE_SRCROUTING" (node_4) is false
[02:46:17.682] [bmv2] [T] [thread 160986] [34.0] [cxt 0] basic.p4(581) Condition "hdr.ethernet.etherType == TYPE_YEQUDESU" (node_12) is false
[02:46:17.682] [bmv2] [T] [thread 160986] [34.0] [cxt 0] basic.p4(587) Condition "hdr.vxlan.isValid()" (node_15) is false
[02:46:17.682] [bmv2] [T] [thread 160986] [34.0] [cxt 0] basic.p4(591) Condition "hdr.ipv6.isValid()" (node_17) is true
[02:46:17.682] [bmv2] [T] [thread 160986] [34.0] [cxt 0] Applying table 'MyIngress.ipv6_lpm'
[02:46:17.682] [bmv2] [D] [thread 160986] [34.0] [cxt 0] Looking up key:
* hdr.ipv6.dstAddr    : ff0200000000000000000000000000fb

[02:46:17.682] [bmv2] [D] [thread 160986] [34.0] [cxt 0] Table 'MyIngress.ipv6_lpm': miss
[02:46:17.682] [bmv2] [D] [thread 160986] [34.0] [cxt 0] Action entry is NoAction - 
[02:46:17.682] [bmv2] [T] [thread 160986] [34.0] [cxt 0] Action NoAction
[02:46:17.682] [bmv2] [D] [thread 160986] [34.0] [cxt 0] Pipeline 'ingress': end
[02:46:17.682] [bmv2] [D] [thread 160986] [34.0] [cxt 0] Egress port is 0
[02:46:17.682] [bmv2] [D] [thread 160987] [34.0] [cxt 0] Pipeline 'egress': start
[02:46:17.682] [bmv2] [T] [thread 160987] [34.0] [cxt 0] Applying table 'MyEgress.egress_encap_ipv6'
[02:46:17.682] [bmv2] [D] [thread 160987] [34.0] [cxt 0] Looking up key:
* standard_metadata.egress_port: 0000

[02:46:17.682] [bmv2] [D] [thread 160987] [34.0] [cxt 0] Table 'MyEgress.egress_encap_ipv6': miss
[02:46:17.682] [bmv2] [D] [thread 160987] [34.0] [cxt 0] Action entry is NoAction - 
[02:46:17.682] [bmv2] [T] [thread 160987] [34.0] [cxt 0] Action NoAction
[02:46:17.682] [bmv2] [T] [thread 160987] [34.0] [cxt 0] Applying table 'MyEgress.egress_encap_yequdesu'
[02:46:17.682] [bmv2] [D] [thread 160987] [34.0] [cxt 0] Looking up key:
* standard_metadata.egress_port: 0000

[02:46:17.682] [bmv2] [D] [thread 160987] [34.0] [cxt 0] Table 'MyEgress.egress_encap_yequdesu': miss
[02:46:17.682] [bmv2] [D] [thread 160987] [34.0] [cxt 0] Action entry is NoAction - 
[02:46:17.682] [bmv2] [T] [thread 160987] [34.0] [cxt 0] Action NoAction
[02:46:17.682] [bmv2] [T] [thread 160987] [34.0] [cxt 0] Applying table 'MyEgress.egress_encap_vxlan'
[02:46:17.682] [bmv2] [D] [thread 160987] [34.0] [cxt 0] Looking up key:
* standard_metadata.egress_port: 0000

[02:46:17.682] [bmv2] [D] [thread 160987] [34.0] [cxt 0] Table 'MyEgress.egress_encap_vxlan': miss
[02:46:17.682] [bmv2] [D] [thread 160987] [34.0] [cxt 0] Action entry is NoAction - 
[02:46:17.682] [bmv2] [T] [thread 160987] [34.0] [cxt 0] Action NoAction
[02:46:17.682] [bmv2] [D] [thread 160987] [34.0] [cxt 0] Pipeline 'egress': end
[02:46:17.682] [bmv2] [D] [thread 160987] [34.0] [cxt 0] Deparser 'deparser': start
[02:46:17.682] [bmv2] [T] [thread 160987] [34.0] [cxt 0] Skipping checksum 'cksum' update because condition not met
[02:46:17.682] [bmv2] [D] [thread 160987] [34.0] [cxt 0] Deparsing header 'ethernet'
[02:46:17.682] [bmv2] [D] [thread 160987] [34.0] [cxt 0] Deparsing header 'ipv6'
[02:46:17.682] [bmv2] [D] [thread 160987] [34.0] [cxt 0] Deparser 'deparser': end
[02:46:17.682] [bmv2] [D] [thread 160991] [34.0] [cxt 0] Transmitting packet of size 203 out of port 0
[02:46:18.133] [bmv2] [D] [thread 160986] [35.0] [cxt 0] Processing packet received on port 1
[02:46:18.133] [bmv2] [D] [thread 160986] [35.0] [cxt 0] Parser 'parser': start
[02:46:18.133] [bmv2] [D] [thread 160986] [35.0] [cxt 0] Parser 'parser' entering state 'start'
[02:46:18.133] [bmv2] [D] [thread 160986] [35.0] [cxt 0] Extracting header 'ethernet'
[02:46:18.133] [bmv2] [D] [thread 160986] [35.0] [cxt 0] Parser state 'start': key is 86dd
[02:46:18.133] [bmv2] [T] [thread 160986] [35.0] [cxt 0] Bytes parsed: 14
[02:46:18.133] [bmv2] [D] [thread 160986] [35.0] [cxt 0] Parser 'parser' entering state 'parse_ipv6'
[02:46:18.133] [bmv2] [D] [thread 160986] [35.0] [cxt 0] Extracting header 'ipv6'
[02:46:18.133] [bmv2] [D] [thread 160986] [35.0] [cxt 0] Parser state 'parse_ipv6': key is 11
[02:46:18.133] [bmv2] [T] [thread 160986] [35.0] [cxt 0] Bytes parsed: 54
[02:46:18.133] [bmv2] [D] [thread 160986] [35.0] [cxt 0] Parser 'parser': end
[02:46:18.133] [bmv2] [D] [thread 160986] [35.0] [cxt 0] Pipeline 'ingress': start
[02:46:18.133] [bmv2] [T] [thread 160986] [35.0] [cxt 0] basic.p4(565) Condition "hdr.ethernet.etherType == TYPE_ARP" (node_2) is false
[02:46:18.133] [bmv2] [T] [thread 160986] [35.0] [cxt 0] basic.p4(568) Condition "hdr.ethernet.etherType == TYPE_SRCROUTING" (node_4) is false
[02:46:18.133] [bmv2] [T] [thread 160986] [35.0] [cxt 0] basic.p4(581) Condition "hdr.ethernet.etherType == TYPE_YEQUDESU" (node_12) is false
[02:46:18.133] [bmv2] [T] [thread 160986] [35.0] [cxt 0] basic.p4(587) Condition "hdr.vxlan.isValid()" (node_15) is false
[02:46:18.133] [bmv2] [T] [thread 160986] [35.0] [cxt 0] basic.p4(591) Condition "hdr.ipv6.isValid()" (node_17) is true
[02:46:18.133] [bmv2] [T] [thread 160986] [35.0] [cxt 0] Applying table 'MyIngress.ipv6_lpm'
[02:46:18.133] [bmv2] [D] [thread 160986] [35.0] [cxt 0] Looking up key:
* hdr.ipv6.dstAddr    : ff0200000000000000000000000000fb

[02:46:18.133] [bmv2] [D] [thread 160986] [35.0] [cxt 0] Table 'MyIngress.ipv6_lpm': miss
[02:46:18.133] [bmv2] [D] [thread 160986] [35.0] [cxt 0] Action entry is NoAction - 
[02:46:18.133] [bmv2] [T] [thread 160986] [35.0] [cxt 0] Action NoAction
[02:46:18.133] [bmv2] [D] [thread 160986] [35.0] [cxt 0] Pipeline 'ingress': end
[02:46:18.133] [bmv2] [D] [thread 160986] [35.0] [cxt 0] Egress port is 0
[02:46:18.133] [bmv2] [D] [thread 160987] [35.0] [cxt 0] Pipeline 'egress': start
[02:46:18.133] [bmv2] [T] [thread 160987] [35.0] [cxt 0] Applying table 'MyEgress.egress_encap_ipv6'
[02:46:18.133] [bmv2] [D] [thread 160987] [35.0] [cxt 0] Looking up key:
* standard_metadata.egress_port: 0000

[02:46:18.133] [bmv2] [D] [thread 160987] [35.0] [cxt 0] Table 'MyEgress.egress_encap_ipv6': miss
[02:46:18.133] [bmv2] [D] [thread 160987] [35.0] [cxt 0] Action entry is NoAction - 
[02:46:18.133] [bmv2] [T] [thread 160987] [35.0] [cxt 0] Action NoAction
[02:46:18.133] [bmv2] [T] [thread 160987] [35.0] [cxt 0] Applying table 'MyEgress.egress_encap_yequdesu'
[02:46:18.133] [bmv2] [D] [thread 160987] [35.0] [cxt 0] Looking up key:
* standard_metadata.egress_port: 0000

[02:46:18.133] [bmv2] [D] [thread 160987] [35.0] [cxt 0] Table 'MyEgress.egress_encap_yequdesu': miss
[02:46:18.133] [bmv2] [D] [thread 160987] [35.0] [cxt 0] Action entry is NoAction - 
[02:46:18.133] [bmv2] [T] [thread 160987] [35.0] [cxt 0] Action NoAction
[02:46:18.133] [bmv2] [T] [thread 160987] [35.0] [cxt 0] Applying table 'MyEgress.egress_encap_vxlan'
[02:46:18.133] [bmv2] [D] [thread 160987] [35.0] [cxt 0] Looking up key:
* standard_metadata.egress_port: 0000

[02:46:18.133] [bmv2] [D] [thread 160987] [35.0] [cxt 0] Table 'MyEgress.egress_encap_vxlan': miss
[02:46:18.133] [bmv2] [D] [thread 160987] [35.0] [cxt 0] Action entry is NoAction - 
[02:46:18.133] [bmv2] [T] [thread 160987] [35.0] [cxt 0] Action NoAction
[02:46:18.133] [bmv2] [D] [thread 160987] [35.0] [cxt 0] Pipeline 'egress': end
[02:46:18.133] [bmv2] [D] [thread 160987] [35.0] [cxt 0] Deparser 'deparser': start
[02:46:18.133] [bmv2] [T] [thread 160987] [35.0] [cxt 0] Skipping checksum 'cksum' update because condition not met
[02:46:18.133] [bmv2] [D] [thread 160987] [35.0] [cxt 0] Deparsing header 'ethernet'
[02:46:18.133] [bmv2] [D] [thread 160987] [35.0] [cxt 0] Deparsing header 'ipv6'
[02:46:18.133] [bmv2] [D] [thread 160987] [35.0] [cxt 0] Deparser 'deparser': end
[02:46:18.133] [bmv2] [D] [thread 160991] [35.0] [cxt 0] Transmitting packet of size 203 out of port 0
[02:46:18.197] [bmv2] [D] [thread 160986] [36.0] [cxt 0] Processing packet received on port 2
[02:46:18.197] [bmv2] [D] [thread 160986] [36.0] [cxt 0] Parser 'parser': start
[02:46:18.197] [bmv2] [D] [thread 160986] [36.0] [cxt 0] Parser 'parser' entering state 'start'
[02:46:18.197] [bmv2] [D] [thread 160986] [36.0] [cxt 0] Extracting header 'ethernet'
[02:46:18.197] [bmv2] [D] [thread 160986] [36.0] [cxt 0] Parser state 'start': key is 86dd
[02:46:18.197] [bmv2] [T] [thread 160986] [36.0] [cxt 0] Bytes parsed: 14
[02:46:18.197] [bmv2] [D] [thread 160986] [36.0] [cxt 0] Parser 'parser' entering state 'parse_ipv6'
[02:46:18.197] [bmv2] [D] [thread 160986] [36.0] [cxt 0] Extracting header 'ipv6'
[02:46:18.197] [bmv2] [D] [thread 160986] [36.0] [cxt 0] Parser state 'parse_ipv6': key is 11
[02:46:18.197] [bmv2] [T] [thread 160986] [36.0] [cxt 0] Bytes parsed: 54
[02:46:18.197] [bmv2] [D] [thread 160986] [36.0] [cxt 0] Parser 'parser': end
[02:46:18.197] [bmv2] [D] [thread 160986] [36.0] [cxt 0] Pipeline 'ingress': start
[02:46:18.197] [bmv2] [T] [thread 160986] [36.0] [cxt 0] basic.p4(565) Condition "hdr.ethernet.etherType == TYPE_ARP" (node_2) is false
[02:46:18.197] [bmv2] [T] [thread 160986] [36.0] [cxt 0] basic.p4(568) Condition "hdr.ethernet.etherType == TYPE_SRCROUTING" (node_4) is false
[02:46:18.197] [bmv2] [T] [thread 160986] [36.0] [cxt 0] basic.p4(581) Condition "hdr.ethernet.etherType == TYPE_YEQUDESU" (node_12) is false
[02:46:18.197] [bmv2] [T] [thread 160986] [36.0] [cxt 0] basic.p4(587) Condition "hdr.vxlan.isValid()" (node_15) is false
[02:46:18.197] [bmv2] [T] [thread 160986] [36.0] [cxt 0] basic.p4(591) Condition "hdr.ipv6.isValid()" (node_17) is true
[02:46:18.197] [bmv2] [T] [thread 160986] [36.0] [cxt 0] Applying table 'MyIngress.ipv6_lpm'
[02:46:18.197] [bmv2] [D] [thread 160986] [36.0] [cxt 0] Looking up key:
* hdr.ipv6.dstAddr    : ff0200000000000000000000000000fb

[02:46:18.197] [bmv2] [D] [thread 160986] [36.0] [cxt 0] Table 'MyIngress.ipv6_lpm': miss
[02:46:18.197] [bmv2] [D] [thread 160986] [36.0] [cxt 0] Action entry is NoAction - 
[02:46:18.197] [bmv2] [T] [thread 160986] [36.0] [cxt 0] Action NoAction
[02:46:18.197] [bmv2] [D] [thread 160986] [36.0] [cxt 0] Pipeline 'ingress': end
[02:46:18.197] [bmv2] [D] [thread 160986] [36.0] [cxt 0] Egress port is 0
[02:46:18.197] [bmv2] [D] [thread 160987] [36.0] [cxt 0] Pipeline 'egress': start
[02:46:18.197] [bmv2] [T] [thread 160987] [36.0] [cxt 0] Applying table 'MyEgress.egress_encap_ipv6'
[02:46:18.197] [bmv2] [D] [thread 160987] [36.0] [cxt 0] Looking up key:
* standard_metadata.egress_port: 0000

[02:46:18.197] [bmv2] [D] [thread 160987] [36.0] [cxt 0] Table 'MyEgress.egress_encap_ipv6': miss
[02:46:18.197] [bmv2] [D] [thread 160987] [36.0] [cxt 0] Action entry is NoAction - 
[02:46:18.197] [bmv2] [T] [thread 160987] [36.0] [cxt 0] Action NoAction
[02:46:18.197] [bmv2] [T] [thread 160987] [36.0] [cxt 0] Applying table 'MyEgress.egress_encap_yequdesu'
[02:46:18.197] [bmv2] [D] [thread 160987] [36.0] [cxt 0] Looking up key:
* standard_metadata.egress_port: 0000

[02:46:18.197] [bmv2] [D] [thread 160987] [36.0] [cxt 0] Table 'MyEgress.egress_encap_yequdesu': miss
[02:46:18.197] [bmv2] [D] [thread 160987] [36.0] [cxt 0] Action entry is NoAction - 
[02:46:18.197] [bmv2] [T] [thread 160987] [36.0] [cxt 0] Action NoAction
[02:46:18.197] [bmv2] [T] [thread 160987] [36.0] [cxt 0] Applying table 'MyEgress.egress_encap_vxlan'
[02:46:18.197] [bmv2] [D] [thread 160987] [36.0] [cxt 0] Looking up key:
* standard_metadata.egress_port: 0000

[02:46:18.197] [bmv2] [D] [thread 160987] [36.0] [cxt 0] Table 'MyEgress.egress_encap_vxlan': miss
[02:46:18.197] [bmv2] [D] [thread 160987] [36.0] [cxt 0] Action entry is NoAction - 
[02:46:18.197] [bmv2] [T] [thread 160987] [36.0] [cxt 0] Action NoAction
[02:46:18.197] [bmv2] [D] [thread 160987] [36.0] [cxt 0] Pipeline 'egress': end
[02:46:18.197] [bmv2] [D] [thread 160987] [36.0] [cxt 0] Deparser 'deparser': start
[02:46:18.197] [bmv2] [T] [thread 160987] [36.0] [cxt 0] Skipping checksum 'cksum' update because condition not met
[02:46:18.197] [bmv2] [D] [thread 160987] [36.0] [cxt 0] Deparsing header 'ethernet'
[02:46:18.197] [bmv2] [D] [thread 160987] [36.0] [cxt 0] Deparsing header 'ipv6'
[02:46:18.197] [bmv2] [D] [thread 160987] [36.0] [cxt 0] Deparser 'deparser': end
[02:46:18.197] [bmv2] [D] [thread 160991] [36.0] [cxt 0] Transmitting packet of size 203 out of port 0
[02:46:18.383] [bmv2] [D] [thread 160986] [37.0] [cxt 0] Processing packet received on port 2
[02:46:18.383] [bmv2] [D] [thread 160986] [37.0] [cxt 0] Parser 'parser': start
[02:46:18.383] [bmv2] [D] [thread 160986] [37.0] [cxt 0] Parser 'parser' entering state 'start'
[02:46:18.383] [bmv2] [D] [thread 160986] [37.0] [cxt 0] Extracting header 'ethernet'
[02:46:18.383] [bmv2] [D] [thread 160986] [37.0] [cxt 0] Parser state 'start': key is 86dd
[02:46:18.383] [bmv2] [T] [thread 160986] [37.0] [cxt 0] Bytes parsed: 14
[02:46:18.383] [bmv2] [D] [thread 160986] [37.0] [cxt 0] Parser 'parser' entering state 'parse_ipv6'
[02:46:18.383] [bmv2] [D] [thread 160986] [37.0] [cxt 0] Extracting header 'ipv6'
[02:46:18.383] [bmv2] [D] [thread 160986] [37.0] [cxt 0] Parser state 'parse_ipv6': key is 3a
[02:46:18.383] [bmv2] [T] [thread 160986] [37.0] [cxt 0] Bytes parsed: 54
[02:46:18.383] [bmv2] [D] [thread 160986] [37.0] [cxt 0] Parser 'parser': end
[02:46:18.383] [bmv2] [D] [thread 160986] [37.0] [cxt 0] Pipeline 'ingress': start
[02:46:18.383] [bmv2] [T] [thread 160986] [37.0] [cxt 0] basic.p4(565) Condition "hdr.ethernet.etherType == TYPE_ARP" (node_2) is false
[02:46:18.383] [bmv2] [T] [thread 160986] [37.0] [cxt 0] basic.p4(568) Condition "hdr.ethernet.etherType == TYPE_SRCROUTING" (node_4) is false
[02:46:18.383] [bmv2] [T] [thread 160986] [37.0] [cxt 0] basic.p4(581) Condition "hdr.ethernet.etherType == TYPE_YEQUDESU" (node_12) is false
[02:46:18.383] [bmv2] [T] [thread 160986] [37.0] [cxt 0] basic.p4(587) Condition "hdr.vxlan.isValid()" (node_15) is false
[02:46:18.383] [bmv2] [T] [thread 160986] [37.0] [cxt 0] basic.p4(591) Condition "hdr.ipv6.isValid()" (node_17) is true
[02:46:18.383] [bmv2] [T] [thread 160986] [37.0] [cxt 0] Applying table 'MyIngress.ipv6_lpm'
[02:46:18.383] [bmv2] [D] [thread 160986] [37.0] [cxt 0] Looking up key:
* hdr.ipv6.dstAddr    : ff020000000000000000000000000002

[02:46:18.383] [bmv2] [D] [thread 160986] [37.0] [cxt 0] Table 'MyIngress.ipv6_lpm': miss
[02:46:18.383] [bmv2] [D] [thread 160986] [37.0] [cxt 0] Action entry is NoAction - 
[02:46:18.383] [bmv2] [T] [thread 160986] [37.0] [cxt 0] Action NoAction
[02:46:18.383] [bmv2] [D] [thread 160986] [37.0] [cxt 0] Pipeline 'ingress': end
[02:46:18.383] [bmv2] [D] [thread 160986] [37.0] [cxt 0] Egress port is 0
[02:46:18.383] [bmv2] [D] [thread 160987] [37.0] [cxt 0] Pipeline 'egress': start
[02:46:18.383] [bmv2] [T] [thread 160987] [37.0] [cxt 0] Applying table 'MyEgress.egress_encap_ipv6'
[02:46:18.383] [bmv2] [D] [thread 160987] [37.0] [cxt 0] Looking up key:
* standard_metadata.egress_port: 0000

[02:46:18.383] [bmv2] [D] [thread 160987] [37.0] [cxt 0] Table 'MyEgress.egress_encap_ipv6': miss
[02:46:18.383] [bmv2] [D] [thread 160987] [37.0] [cxt 0] Action entry is NoAction - 
[02:46:18.383] [bmv2] [T] [thread 160987] [37.0] [cxt 0] Action NoAction
[02:46:18.383] [bmv2] [T] [thread 160987] [37.0] [cxt 0] Applying table 'MyEgress.egress_encap_yequdesu'
[02:46:18.383] [bmv2] [D] [thread 160987] [37.0] [cxt 0] Looking up key:
* standard_metadata.egress_port: 0000

[02:46:18.383] [bmv2] [D] [thread 160987] [37.0] [cxt 0] Table 'MyEgress.egress_encap_yequdesu': miss
[02:46:18.383] [bmv2] [D] [thread 160987] [37.0] [cxt 0] Action entry is NoAction - 
[02:46:18.383] [bmv2] [T] [thread 160987] [37.0] [cxt 0] Action NoAction
[02:46:18.383] [bmv2] [T] [thread 160987] [37.0] [cxt 0] Applying table 'MyEgress.egress_encap_vxlan'
[02:46:18.383] [bmv2] [D] [thread 160987] [37.0] [cxt 0] Looking up key:
* standard_metadata.egress_port: 0000

[02:46:18.383] [bmv2] [D] [thread 160987] [37.0] [cxt 0] Table 'MyEgress.egress_encap_vxlan': miss
[02:46:18.383] [bmv2] [D] [thread 160987] [37.0] [cxt 0] Action entry is NoAction - 
[02:46:18.383] [bmv2] [T] [thread 160987] [37.0] [cxt 0] Action NoAction
[02:46:18.383] [bmv2] [D] [thread 160987] [37.0] [cxt 0] Pipeline 'egress': end
[02:46:18.383] [bmv2] [D] [thread 160987] [37.0] [cxt 0] Deparser 'deparser': start
[02:46:18.383] [bmv2] [T] [thread 160987] [37.0] [cxt 0] Skipping checksum 'cksum' update because condition not met
[02:46:18.383] [bmv2] [D] [thread 160987] [37.0] [cxt 0] Deparsing header 'ethernet'
[02:46:18.383] [bmv2] [D] [thread 160987] [37.0] [cxt 0] Deparsing header 'ipv6'
[02:46:18.383] [bmv2] [D] [thread 160987] [37.0] [cxt 0] Deparser 'deparser': end
[02:46:18.383] [bmv2] [D] [thread 160991] [37.0] [cxt 0] Transmitting packet of size 70 out of port 0
[02:46:22.478] [bmv2] [D] [thread 160986] [38.0] [cxt 0] Processing packet received on port 1
[02:46:22.478] [bmv2] [D] [thread 160986] [38.0] [cxt 0] Parser 'parser': start
[02:46:22.478] [bmv2] [D] [thread 160986] [38.0] [cxt 0] Parser 'parser' entering state 'start'
[02:46:22.478] [bmv2] [D] [thread 160986] [38.0] [cxt 0] Extracting header 'ethernet'
[02:46:22.478] [bmv2] [D] [thread 160986] [38.0] [cxt 0] Parser state 'start': key is 86dd
[02:46:22.478] [bmv2] [T] [thread 160986] [38.0] [cxt 0] Bytes parsed: 14
[02:46:22.478] [bmv2] [D] [thread 160986] [38.0] [cxt 0] Parser 'parser' entering state 'parse_ipv6'
[02:46:22.478] [bmv2] [D] [thread 160986] [38.0] [cxt 0] Extracting header 'ipv6'
[02:46:22.478] [bmv2] [D] [thread 160986] [38.0] [cxt 0] Parser state 'parse_ipv6': key is 3a
[02:46:22.478] [bmv2] [T] [thread 160986] [38.0] [cxt 0] Bytes parsed: 54
[02:46:22.478] [bmv2] [D] [thread 160986] [38.0] [cxt 0] Parser 'parser': end
[02:46:22.478] [bmv2] [D] [thread 160986] [38.0] [cxt 0] Pipeline 'ingress': start
[02:46:22.478] [bmv2] [T] [thread 160986] [38.0] [cxt 0] basic.p4(565) Condition "hdr.ethernet.etherType == TYPE_ARP" (node_2) is false
[02:46:22.478] [bmv2] [T] [thread 160986] [38.0] [cxt 0] basic.p4(568) Condition "hdr.ethernet.etherType == TYPE_SRCROUTING" (node_4) is false
[02:46:22.478] [bmv2] [T] [thread 160986] [38.0] [cxt 0] basic.p4(581) Condition "hdr.ethernet.etherType == TYPE_YEQUDESU" (node_12) is false
[02:46:22.478] [bmv2] [T] [thread 160986] [38.0] [cxt 0] basic.p4(587) Condition "hdr.vxlan.isValid()" (node_15) is false
[02:46:22.478] [bmv2] [T] [thread 160986] [38.0] [cxt 0] basic.p4(591) Condition "hdr.ipv6.isValid()" (node_17) is true
[02:46:22.478] [bmv2] [T] [thread 160986] [38.0] [cxt 0] Applying table 'MyIngress.ipv6_lpm'
[02:46:22.478] [bmv2] [D] [thread 160986] [38.0] [cxt 0] Looking up key:
* hdr.ipv6.dstAddr    : ff020000000000000000000000000002

[02:46:22.478] [bmv2] [D] [thread 160986] [38.0] [cxt 0] Table 'MyIngress.ipv6_lpm': miss
[02:46:22.478] [bmv2] [D] [thread 160986] [38.0] [cxt 0] Action entry is NoAction - 
[02:46:22.478] [bmv2] [T] [thread 160986] [38.0] [cxt 0] Action NoAction
[02:46:22.478] [bmv2] [D] [thread 160986] [38.0] [cxt 0] Pipeline 'ingress': end
[02:46:22.478] [bmv2] [D] [thread 160986] [38.0] [cxt 0] Egress port is 0
[02:46:22.478] [bmv2] [D] [thread 160986] [39.0] [cxt 0] Processing packet received on port 2
[02:46:22.478] [bmv2] [D] [thread 160986] [39.0] [cxt 0] Parser 'parser': start
[02:46:22.478] [bmv2] [D] [thread 160986] [39.0] [cxt 0] Parser 'parser' entering state 'start'
[02:46:22.478] [bmv2] [D] [thread 160986] [39.0] [cxt 0] Extracting header 'ethernet'
[02:46:22.478] [bmv2] [D] [thread 160986] [39.0] [cxt 0] Parser state 'start': key is 86dd
[02:46:22.478] [bmv2] [T] [thread 160986] [39.0] [cxt 0] Bytes parsed: 14
[02:46:22.478] [bmv2] [D] [thread 160986] [39.0] [cxt 0] Parser 'parser' entering state 'parse_ipv6'
[02:46:22.478] [bmv2] [D] [thread 160986] [39.0] [cxt 0] Extracting header 'ipv6'
[02:46:22.478] [bmv2] [D] [thread 160986] [39.0] [cxt 0] Parser state 'parse_ipv6': key is 3a
[02:46:22.478] [bmv2] [T] [thread 160986] [39.0] [cxt 0] Bytes parsed: 54
[02:46:22.478] [bmv2] [D] [thread 160986] [39.0] [cxt 0] Parser 'parser': end
[02:46:22.478] [bmv2] [D] [thread 160986] [39.0] [cxt 0] Pipeline 'ingress': start
[02:46:22.478] [bmv2] [T] [thread 160986] [39.0] [cxt 0] basic.p4(565) Condition "hdr.ethernet.etherType == TYPE_ARP" (node_2) is false
[02:46:22.478] [bmv2] [T] [thread 160986] [39.0] [cxt 0] basic.p4(568) Condition "hdr.ethernet.etherType == TYPE_SRCROUTING" (node_4) is false
[02:46:22.478] [bmv2] [T] [thread 160986] [39.0] [cxt 0] basic.p4(581) Condition "hdr.ethernet.etherType == TYPE_YEQUDESU" (node_12) is false
[02:46:22.478] [bmv2] [T] [thread 160986] [39.0] [cxt 0] basic.p4(587) Condition "hdr.vxlan.isValid()" (node_15) is false
[02:46:22.478] [bmv2] [T] [thread 160986] [39.0] [cxt 0] basic.p4(591) Condition "hdr.ipv6.isValid()" (node_17) is true
[02:46:22.478] [bmv2] [T] [thread 160986] [39.0] [cxt 0] Applying table 'MyIngress.ipv6_lpm'
[02:46:22.478] [bmv2] [D] [thread 160986] [39.0] [cxt 0] Looking up key:
* hdr.ipv6.dstAddr    : ff020000000000000000000000000002

[02:46:22.478] [bmv2] [D] [thread 160986] [39.0] [cxt 0] Table 'MyIngress.ipv6_lpm': miss
[02:46:22.478] [bmv2] [D] [thread 160986] [39.0] [cxt 0] Action entry is NoAction - 
[02:46:22.478] [bmv2] [T] [thread 160986] [39.0] [cxt 0] Action NoAction
[02:46:22.478] [bmv2] [D] [thread 160986] [39.0] [cxt 0] Pipeline 'ingress': end
[02:46:22.478] [bmv2] [D] [thread 160986] [39.0] [cxt 0] Egress port is 0
[02:46:22.478] [bmv2] [D] [thread 160987] [38.0] [cxt 0] Pipeline 'egress': start
[02:46:22.478] [bmv2] [T] [thread 160987] [38.0] [cxt 0] Applying table 'MyEgress.egress_encap_ipv6'
[02:46:22.478] [bmv2] [D] [thread 160987] [38.0] [cxt 0] Looking up key:
* standard_metadata.egress_port: 0000

[02:46:22.478] [bmv2] [D] [thread 160987] [38.0] [cxt 0] Table 'MyEgress.egress_encap_ipv6': miss
[02:46:22.478] [bmv2] [D] [thread 160987] [38.0] [cxt 0] Action entry is NoAction - 
[02:46:22.478] [bmv2] [T] [thread 160987] [38.0] [cxt 0] Action NoAction
[02:46:22.478] [bmv2] [T] [thread 160987] [38.0] [cxt 0] Applying table 'MyEgress.egress_encap_yequdesu'
[02:46:22.478] [bmv2] [D] [thread 160987] [38.0] [cxt 0] Looking up key:
* standard_metadata.egress_port: 0000

[02:46:22.478] [bmv2] [D] [thread 160987] [38.0] [cxt 0] Table 'MyEgress.egress_encap_yequdesu': miss
[02:46:22.478] [bmv2] [D] [thread 160987] [38.0] [cxt 0] Action entry is NoAction - 
[02:46:22.478] [bmv2] [T] [thread 160987] [38.0] [cxt 0] Action NoAction
[02:46:22.478] [bmv2] [T] [thread 160987] [38.0] [cxt 0] Applying table 'MyEgress.egress_encap_vxlan'
[02:46:22.478] [bmv2] [D] [thread 160987] [38.0] [cxt 0] Looking up key:
* standard_metadata.egress_port: 0000

[02:46:22.478] [bmv2] [D] [thread 160987] [38.0] [cxt 0] Table 'MyEgress.egress_encap_vxlan': miss
[02:46:22.478] [bmv2] [D] [thread 160987] [38.0] [cxt 0] Action entry is NoAction - 
[02:46:22.478] [bmv2] [T] [thread 160987] [38.0] [cxt 0] Action NoAction
[02:46:22.478] [bmv2] [D] [thread 160987] [38.0] [cxt 0] Pipeline 'egress': end
[02:46:22.478] [bmv2] [D] [thread 160987] [38.0] [cxt 0] Deparser 'deparser': start
[02:46:22.478] [bmv2] [T] [thread 160987] [38.0] [cxt 0] Skipping checksum 'cksum' update because condition not met
[02:46:22.478] [bmv2] [D] [thread 160987] [38.0] [cxt 0] Deparsing header 'ethernet'
[02:46:22.478] [bmv2] [D] [thread 160987] [38.0] [cxt 0] Deparsing header 'ipv6'
[02:46:22.478] [bmv2] [D] [thread 160987] [38.0] [cxt 0] Deparser 'deparser': end
[02:46:22.478] [bmv2] [D] [thread 160991] [38.0] [cxt 0] Transmitting packet of size 70 out of port 0
[02:46:22.478] [bmv2] [D] [thread 160987] [39.0] [cxt 0] Pipeline 'egress': start
[02:46:22.478] [bmv2] [T] [thread 160987] [39.0] [cxt 0] Applying table 'MyEgress.egress_encap_ipv6'
[02:46:22.478] [bmv2] [D] [thread 160987] [39.0] [cxt 0] Looking up key:
* standard_metadata.egress_port: 0000

[02:46:22.478] [bmv2] [D] [thread 160987] [39.0] [cxt 0] Table 'MyEgress.egress_encap_ipv6': miss
[02:46:22.478] [bmv2] [D] [thread 160987] [39.0] [cxt 0] Action entry is NoAction - 
[02:46:22.478] [bmv2] [T] [thread 160987] [39.0] [cxt 0] Action NoAction
[02:46:22.478] [bmv2] [T] [thread 160987] [39.0] [cxt 0] Applying table 'MyEgress.egress_encap_yequdesu'
[02:46:22.478] [bmv2] [D] [thread 160987] [39.0] [cxt 0] Looking up key:
* standard_metadata.egress_port: 0000

[02:46:22.478] [bmv2] [D] [thread 160987] [39.0] [cxt 0] Table 'MyEgress.egress_encap_yequdesu': miss
[02:46:22.478] [bmv2] [D] [thread 160987] [39.0] [cxt 0] Action entry is NoAction - 
[02:46:22.478] [bmv2] [T] [thread 160987] [39.0] [cxt 0] Action NoAction
[02:46:22.478] [bmv2] [T] [thread 160987] [39.0] [cxt 0] Applying table 'MyEgress.egress_encap_vxlan'
[02:46:22.478] [bmv2] [D] [thread 160987] [39.0] [cxt 0] Looking up key:
* standard_metadata.egress_port: 0000

[02:46:22.478] [bmv2] [D] [thread 160987] [39.0] [cxt 0] Table 'MyEgress.egress_encap_vxlan': miss
[02:46:22.478] [bmv2] [D] [thread 160987] [39.0] [cxt 0] Action entry is NoAction - 
[02:46:22.478] [bmv2] [T] [thread 160987] [39.0] [cxt 0] Action NoAction
[02:46:22.478] [bmv2] [D] [thread 160987] [39.0] [cxt 0] Pipeline 'egress': end
[02:46:22.478] [bmv2] [D] [thread 160987] [39.0] [cxt 0] Deparser 'deparser': start
[02:46:22.478] [bmv2] [T] [thread 160987] [39.0] [cxt 0] Skipping checksum 'cksum' update because condition not met
[02:46:22.478] [bmv2] [D] [thread 160987] [39.0] [cxt 0] Deparsing header 'ethernet'
[02:46:22.478] [bmv2] [D] [thread 160987] [39.0] [cxt 0] Deparsing header 'ipv6'
[02:46:22.478] [bmv2] [D] [thread 160987] [39.0] [cxt 0] Deparser 'deparser': end
[02:46:22.478] [bmv2] [D] [thread 160991] [39.0] [cxt 0] Transmitting packet of size 70 out of port 0
[02:47:11.630] [bmv2] [D] [thread 160986] [40.0] [cxt 0] Processing packet received on port 1
[02:47:11.630] [bmv2] [D] [thread 160986] [40.0] [cxt 0] Parser 'parser': start
[02:47:11.630] [bmv2] [D] [thread 160986] [40.0] [cxt 0] Parser 'parser' entering state 'start'
[02:47:11.630] [bmv2] [D] [thread 160986] [40.0] [cxt 0] Extracting header 'ethernet'
[02:47:11.630] [bmv2] [D] [thread 160986] [40.0] [cxt 0] Parser state 'start': key is 86dd
[02:47:11.630] [bmv2] [T] [thread 160986] [40.0] [cxt 0] Bytes parsed: 14
[02:47:11.630] [bmv2] [D] [thread 160986] [40.0] [cxt 0] Parser 'parser' entering state 'parse_ipv6'
[02:47:11.630] [bmv2] [D] [thread 160986] [40.0] [cxt 0] Extracting header 'ipv6'
[02:47:11.630] [bmv2] [D] [thread 160986] [40.0] [cxt 0] Parser state 'parse_ipv6': key is 3a
[02:47:11.630] [bmv2] [T] [thread 160986] [40.0] [cxt 0] Bytes parsed: 54
[02:47:11.630] [bmv2] [D] [thread 160986] [40.0] [cxt 0] Parser 'parser': end
[02:47:11.630] [bmv2] [D] [thread 160986] [40.0] [cxt 0] Pipeline 'ingress': start
[02:47:11.630] [bmv2] [T] [thread 160986] [40.0] [cxt 0] basic.p4(565) Condition "hdr.ethernet.etherType == TYPE_ARP" (node_2) is false
[02:47:11.630] [bmv2] [T] [thread 160986] [40.0] [cxt 0] basic.p4(568) Condition "hdr.ethernet.etherType == TYPE_SRCROUTING" (node_4) is false
[02:47:11.630] [bmv2] [T] [thread 160986] [40.0] [cxt 0] basic.p4(581) Condition "hdr.ethernet.etherType == TYPE_YEQUDESU" (node_12) is false
[02:47:11.630] [bmv2] [T] [thread 160986] [40.0] [cxt 0] basic.p4(587) Condition "hdr.vxlan.isValid()" (node_15) is false
[02:47:11.630] [bmv2] [T] [thread 160986] [40.0] [cxt 0] basic.p4(591) Condition "hdr.ipv6.isValid()" (node_17) is true
[02:47:11.630] [bmv2] [T] [thread 160986] [40.0] [cxt 0] Applying table 'MyIngress.ipv6_lpm'
[02:47:11.630] [bmv2] [D] [thread 160986] [40.0] [cxt 0] Looking up key:
* hdr.ipv6.dstAddr    : ff020000000000000000000000000002

[02:47:11.630] [bmv2] [D] [thread 160986] [40.0] [cxt 0] Table 'MyIngress.ipv6_lpm': miss
[02:47:11.630] [bmv2] [D] [thread 160986] [40.0] [cxt 0] Action entry is NoAction - 
[02:47:11.630] [bmv2] [T] [thread 160986] [40.0] [cxt 0] Action NoAction
[02:47:11.630] [bmv2] [D] [thread 160986] [40.0] [cxt 0] Pipeline 'ingress': end
[02:47:11.630] [bmv2] [D] [thread 160986] [40.0] [cxt 0] Egress port is 0
[02:47:11.630] [bmv2] [D] [thread 160987] [40.0] [cxt 0] Pipeline 'egress': start
[02:47:11.630] [bmv2] [T] [thread 160987] [40.0] [cxt 0] Applying table 'MyEgress.egress_encap_ipv6'
[02:47:11.630] [bmv2] [D] [thread 160987] [40.0] [cxt 0] Looking up key:
* standard_metadata.egress_port: 0000

[02:47:11.630] [bmv2] [D] [thread 160987] [40.0] [cxt 0] Table 'MyEgress.egress_encap_ipv6': miss
[02:47:11.630] [bmv2] [D] [thread 160987] [40.0] [cxt 0] Action entry is NoAction - 
[02:47:11.630] [bmv2] [T] [thread 160987] [40.0] [cxt 0] Action NoAction
[02:47:11.630] [bmv2] [T] [thread 160987] [40.0] [cxt 0] Applying table 'MyEgress.egress_encap_yequdesu'
[02:47:11.630] [bmv2] [D] [thread 160987] [40.0] [cxt 0] Looking up key:
* standard_metadata.egress_port: 0000

[02:47:11.630] [bmv2] [D] [thread 160987] [40.0] [cxt 0] Table 'MyEgress.egress_encap_yequdesu': miss
[02:47:11.630] [bmv2] [D] [thread 160987] [40.0] [cxt 0] Action entry is NoAction - 
[02:47:11.630] [bmv2] [T] [thread 160987] [40.0] [cxt 0] Action NoAction
[02:47:11.630] [bmv2] [T] [thread 160987] [40.0] [cxt 0] Applying table 'MyEgress.egress_encap_vxlan'
[02:47:11.630] [bmv2] [D] [thread 160987] [40.0] [cxt 0] Looking up key:
* standard_metadata.egress_port: 0000

[02:47:11.630] [bmv2] [D] [thread 160987] [40.0] [cxt 0] Table 'MyEgress.egress_encap_vxlan': miss
[02:47:11.630] [bmv2] [D] [thread 160987] [40.0] [cxt 0] Action entry is NoAction - 
[02:47:11.630] [bmv2] [T] [thread 160987] [40.0] [cxt 0] Action NoAction
[02:47:11.630] [bmv2] [D] [thread 160987] [40.0] [cxt 0] Pipeline 'egress': end
[02:47:11.630] [bmv2] [D] [thread 160987] [40.0] [cxt 0] Deparser 'deparser': start
[02:47:11.630] [bmv2] [T] [thread 160987] [40.0] [cxt 0] Skipping checksum 'cksum' update because condition not met
[02:47:11.630] [bmv2] [D] [thread 160987] [40.0] [cxt 0] Deparsing header 'ethernet'
[02:47:11.630] [bmv2] [D] [thread 160987] [40.0] [cxt 0] Deparsing header 'ipv6'
[02:47:11.630] [bmv2] [D] [thread 160987] [40.0] [cxt 0] Deparser 'deparser': end
[02:47:11.630] [bmv2] [D] [thread 160991] [40.0] [cxt 0] Transmitting packet of size 70 out of port 0
[02:47:21.363] [bmv2] [D] [thread 160986] [41.0] [cxt 0] Processing packet received on port 1
[02:47:21.363] [bmv2] [D] [thread 160986] [41.0] [cxt 0] Parser 'parser': start
[02:47:21.363] [bmv2] [D] [thread 160986] [41.0] [cxt 0] Parser 'parser' entering state 'start'
[02:47:21.363] [bmv2] [D] [thread 160986] [41.0] [cxt 0] Extracting header 'ethernet'
[02:47:21.363] [bmv2] [D] [thread 160986] [41.0] [cxt 0] Parser state 'start': key is 86dd
[02:47:21.363] [bmv2] [T] [thread 160986] [41.0] [cxt 0] Bytes parsed: 14
[02:47:21.363] [bmv2] [D] [thread 160986] [41.0] [cxt 0] Parser 'parser' entering state 'parse_ipv6'
[02:47:21.363] [bmv2] [D] [thread 160986] [41.0] [cxt 0] Extracting header 'ipv6'
[02:47:21.363] [bmv2] [D] [thread 160986] [41.0] [cxt 0] Parser state 'parse_ipv6': key is 11
[02:47:21.363] [bmv2] [T] [thread 160986] [41.0] [cxt 0] Bytes parsed: 54
[02:47:21.363] [bmv2] [D] [thread 160986] [41.0] [cxt 0] Parser 'parser': end
[02:47:21.363] [bmv2] [D] [thread 160986] [41.0] [cxt 0] Pipeline 'ingress': start
[02:47:21.363] [bmv2] [T] [thread 160986] [41.0] [cxt 0] basic.p4(565) Condition "hdr.ethernet.etherType == TYPE_ARP" (node_2) is false
[02:47:21.363] [bmv2] [T] [thread 160986] [41.0] [cxt 0] basic.p4(568) Condition "hdr.ethernet.etherType == TYPE_SRCROUTING" (node_4) is false
[02:47:21.363] [bmv2] [T] [thread 160986] [41.0] [cxt 0] basic.p4(581) Condition "hdr.ethernet.etherType == TYPE_YEQUDESU" (node_12) is false
[02:47:21.363] [bmv2] [T] [thread 160986] [41.0] [cxt 0] basic.p4(587) Condition "hdr.vxlan.isValid()" (node_15) is false
[02:47:21.363] [bmv2] [T] [thread 160986] [41.0] [cxt 0] basic.p4(591) Condition "hdr.ipv6.isValid()" (node_17) is true
[02:47:21.363] [bmv2] [T] [thread 160986] [41.0] [cxt 0] Applying table 'MyIngress.ipv6_lpm'
[02:47:21.363] [bmv2] [D] [thread 160986] [41.0] [cxt 0] Looking up key:
* hdr.ipv6.dstAddr    : ff0200000000000000000000000000fb

[02:47:21.363] [bmv2] [D] [thread 160986] [41.0] [cxt 0] Table 'MyIngress.ipv6_lpm': miss
[02:47:21.363] [bmv2] [D] [thread 160986] [41.0] [cxt 0] Action entry is NoAction - 
[02:47:21.363] [bmv2] [T] [thread 160986] [41.0] [cxt 0] Action NoAction
[02:47:21.363] [bmv2] [D] [thread 160986] [41.0] [cxt 0] Pipeline 'ingress': end
[02:47:21.363] [bmv2] [D] [thread 160986] [41.0] [cxt 0] Egress port is 0
[02:47:21.363] [bmv2] [D] [thread 160987] [41.0] [cxt 0] Pipeline 'egress': start
[02:47:21.363] [bmv2] [T] [thread 160987] [41.0] [cxt 0] Applying table 'MyEgress.egress_encap_ipv6'
[02:47:21.363] [bmv2] [D] [thread 160987] [41.0] [cxt 0] Looking up key:
* standard_metadata.egress_port: 0000

[02:47:21.363] [bmv2] [D] [thread 160987] [41.0] [cxt 0] Table 'MyEgress.egress_encap_ipv6': miss
[02:47:21.363] [bmv2] [D] [thread 160987] [41.0] [cxt 0] Action entry is NoAction - 
[02:47:21.363] [bmv2] [T] [thread 160987] [41.0] [cxt 0] Action NoAction
[02:47:21.363] [bmv2] [T] [thread 160987] [41.0] [cxt 0] Applying table 'MyEgress.egress_encap_yequdesu'
[02:47:21.363] [bmv2] [D] [thread 160987] [41.0] [cxt 0] Looking up key:
* standard_metadata.egress_port: 0000

[02:47:21.363] [bmv2] [D] [thread 160987] [41.0] [cxt 0] Table 'MyEgress.egress_encap_yequdesu': miss
[02:47:21.363] [bmv2] [D] [thread 160987] [41.0] [cxt 0] Action entry is NoAction - 
[02:47:21.363] [bmv2] [T] [thread 160987] [41.0] [cxt 0] Action NoAction
[02:47:21.363] [bmv2] [T] [thread 160987] [41.0] [cxt 0] Applying table 'MyEgress.egress_encap_vxlan'
[02:47:21.363] [bmv2] [D] [thread 160987] [41.0] [cxt 0] Looking up key:
* standard_metadata.egress_port: 0000

[02:47:21.363] [bmv2] [D] [thread 160987] [41.0] [cxt 0] Table 'MyEgress.egress_encap_vxlan': miss
[02:47:21.363] [bmv2] [D] [thread 160987] [41.0] [cxt 0] Action entry is NoAction - 
[02:47:21.363] [bmv2] [T] [thread 160987] [41.0] [cxt 0] Action NoAction
[02:47:21.363] [bmv2] [D] [thread 160987] [41.0] [cxt 0] Pipeline 'egress': end
[02:47:21.363] [bmv2] [D] [thread 160987] [41.0] [cxt 0] Deparser 'deparser': start
[02:47:21.363] [bmv2] [T] [thread 160987] [41.0] [cxt 0] Skipping checksum 'cksum' update because condition not met
[02:47:21.363] [bmv2] [D] [thread 160987] [41.0] [cxt 0] Deparsing header 'ethernet'
[02:47:21.363] [bmv2] [D] [thread 160987] [41.0] [cxt 0] Deparsing header 'ipv6'
[02:47:21.363] [bmv2] [D] [thread 160987] [41.0] [cxt 0] Deparser 'deparser': end
[02:47:21.363] [bmv2] [D] [thread 160991] [41.0] [cxt 0] Transmitting packet of size 203 out of port 0
[02:47:21.684] [bmv2] [D] [thread 160986] [42.0] [cxt 0] Processing packet received on port 2
[02:47:21.684] [bmv2] [D] [thread 160986] [42.0] [cxt 0] Parser 'parser': start
[02:47:21.684] [bmv2] [D] [thread 160986] [42.0] [cxt 0] Parser 'parser' entering state 'start'
[02:47:21.684] [bmv2] [D] [thread 160986] [42.0] [cxt 0] Extracting header 'ethernet'
[02:47:21.684] [bmv2] [D] [thread 160986] [42.0] [cxt 0] Parser state 'start': key is 86dd
[02:47:21.684] [bmv2] [T] [thread 160986] [42.0] [cxt 0] Bytes parsed: 14
[02:47:21.684] [bmv2] [D] [thread 160986] [42.0] [cxt 0] Parser 'parser' entering state 'parse_ipv6'
[02:47:21.684] [bmv2] [D] [thread 160986] [42.0] [cxt 0] Extracting header 'ipv6'
[02:47:21.684] [bmv2] [D] [thread 160986] [42.0] [cxt 0] Parser state 'parse_ipv6': key is 11
[02:47:21.684] [bmv2] [T] [thread 160986] [42.0] [cxt 0] Bytes parsed: 54
[02:47:21.684] [bmv2] [D] [thread 160986] [42.0] [cxt 0] Parser 'parser': end
[02:47:21.684] [bmv2] [D] [thread 160986] [42.0] [cxt 0] Pipeline 'ingress': start
[02:47:21.684] [bmv2] [T] [thread 160986] [42.0] [cxt 0] basic.p4(565) Condition "hdr.ethernet.etherType == TYPE_ARP" (node_2) is false
[02:47:21.684] [bmv2] [T] [thread 160986] [42.0] [cxt 0] basic.p4(568) Condition "hdr.ethernet.etherType == TYPE_SRCROUTING" (node_4) is false
[02:47:21.684] [bmv2] [T] [thread 160986] [42.0] [cxt 0] basic.p4(581) Condition "hdr.ethernet.etherType == TYPE_YEQUDESU" (node_12) is false
[02:47:21.684] [bmv2] [T] [thread 160986] [42.0] [cxt 0] basic.p4(587) Condition "hdr.vxlan.isValid()" (node_15) is false
[02:47:21.684] [bmv2] [T] [thread 160986] [42.0] [cxt 0] basic.p4(591) Condition "hdr.ipv6.isValid()" (node_17) is true
[02:47:21.684] [bmv2] [T] [thread 160986] [42.0] [cxt 0] Applying table 'MyIngress.ipv6_lpm'
[02:47:21.684] [bmv2] [D] [thread 160986] [42.0] [cxt 0] Looking up key:
* hdr.ipv6.dstAddr    : ff0200000000000000000000000000fb

[02:47:21.684] [bmv2] [D] [thread 160986] [42.0] [cxt 0] Table 'MyIngress.ipv6_lpm': miss
[02:47:21.684] [bmv2] [D] [thread 160986] [42.0] [cxt 0] Action entry is NoAction - 
[02:47:21.684] [bmv2] [T] [thread 160986] [42.0] [cxt 0] Action NoAction
[02:47:21.684] [bmv2] [D] [thread 160986] [42.0] [cxt 0] Pipeline 'ingress': end
[02:47:21.684] [bmv2] [D] [thread 160986] [42.0] [cxt 0] Egress port is 0
[02:47:21.684] [bmv2] [D] [thread 160987] [42.0] [cxt 0] Pipeline 'egress': start
[02:47:21.684] [bmv2] [T] [thread 160987] [42.0] [cxt 0] Applying table 'MyEgress.egress_encap_ipv6'
[02:47:21.684] [bmv2] [D] [thread 160987] [42.0] [cxt 0] Looking up key:
* standard_metadata.egress_port: 0000

[02:47:21.684] [bmv2] [D] [thread 160987] [42.0] [cxt 0] Table 'MyEgress.egress_encap_ipv6': miss
[02:47:21.684] [bmv2] [D] [thread 160987] [42.0] [cxt 0] Action entry is NoAction - 
[02:47:21.684] [bmv2] [T] [thread 160987] [42.0] [cxt 0] Action NoAction
[02:47:21.684] [bmv2] [T] [thread 160987] [42.0] [cxt 0] Applying table 'MyEgress.egress_encap_yequdesu'
[02:47:21.684] [bmv2] [D] [thread 160987] [42.0] [cxt 0] Looking up key:
* standard_metadata.egress_port: 0000

[02:47:21.684] [bmv2] [D] [thread 160987] [42.0] [cxt 0] Table 'MyEgress.egress_encap_yequdesu': miss
[02:47:21.684] [bmv2] [D] [thread 160987] [42.0] [cxt 0] Action entry is NoAction - 
[02:47:21.684] [bmv2] [T] [thread 160987] [42.0] [cxt 0] Action NoAction
[02:47:21.684] [bmv2] [T] [thread 160987] [42.0] [cxt 0] Applying table 'MyEgress.egress_encap_vxlan'
[02:47:21.684] [bmv2] [D] [thread 160987] [42.0] [cxt 0] Looking up key:
* standard_metadata.egress_port: 0000

[02:47:21.684] [bmv2] [D] [thread 160987] [42.0] [cxt 0] Table 'MyEgress.egress_encap_vxlan': miss
[02:47:21.684] [bmv2] [D] [thread 160987] [42.0] [cxt 0] Action entry is NoAction - 
[02:47:21.684] [bmv2] [T] [thread 160987] [42.0] [cxt 0] Action NoAction
[02:47:21.684] [bmv2] [D] [thread 160987] [42.0] [cxt 0] Pipeline 'egress': end
[02:47:21.684] [bmv2] [D] [thread 160987] [42.0] [cxt 0] Deparser 'deparser': start
[02:47:21.684] [bmv2] [T] [thread 160987] [42.0] [cxt 0] Skipping checksum 'cksum' update because condition not met
[02:47:21.684] [bmv2] [D] [thread 160987] [42.0] [cxt 0] Deparsing header 'ethernet'
[02:47:21.684] [bmv2] [D] [thread 160987] [42.0] [cxt 0] Deparsing header 'ipv6'
[02:47:21.684] [bmv2] [D] [thread 160987] [42.0] [cxt 0] Deparser 'deparser': end
[02:47:21.684] [bmv2] [D] [thread 160991] [42.0] [cxt 0] Transmitting packet of size 203 out of port 0
[02:47:22.133] [bmv2] [D] [thread 160986] [43.0] [cxt 0] Processing packet received on port 1
[02:47:22.133] [bmv2] [D] [thread 160986] [43.0] [cxt 0] Parser 'parser': start
[02:47:22.133] [bmv2] [D] [thread 160986] [43.0] [cxt 0] Parser 'parser' entering state 'start'
[02:47:22.133] [bmv2] [D] [thread 160986] [43.0] [cxt 0] Extracting header 'ethernet'
[02:47:22.133] [bmv2] [D] [thread 160986] [43.0] [cxt 0] Parser state 'start': key is 86dd
[02:47:22.133] [bmv2] [T] [thread 160986] [43.0] [cxt 0] Bytes parsed: 14
[02:47:22.133] [bmv2] [D] [thread 160986] [43.0] [cxt 0] Parser 'parser' entering state 'parse_ipv6'
[02:47:22.133] [bmv2] [D] [thread 160986] [43.0] [cxt 0] Extracting header 'ipv6'
[02:47:22.133] [bmv2] [D] [thread 160986] [43.0] [cxt 0] Parser state 'parse_ipv6': key is 11
[02:47:22.133] [bmv2] [T] [thread 160986] [43.0] [cxt 0] Bytes parsed: 54
[02:47:22.133] [bmv2] [D] [thread 160986] [43.0] [cxt 0] Parser 'parser': end
[02:47:22.133] [bmv2] [D] [thread 160986] [43.0] [cxt 0] Pipeline 'ingress': start
[02:47:22.133] [bmv2] [T] [thread 160986] [43.0] [cxt 0] basic.p4(565) Condition "hdr.ethernet.etherType == TYPE_ARP" (node_2) is false
[02:47:22.133] [bmv2] [T] [thread 160986] [43.0] [cxt 0] basic.p4(568) Condition "hdr.ethernet.etherType == TYPE_SRCROUTING" (node_4) is false
[02:47:22.133] [bmv2] [T] [thread 160986] [43.0] [cxt 0] basic.p4(581) Condition "hdr.ethernet.etherType == TYPE_YEQUDESU" (node_12) is false
[02:47:22.133] [bmv2] [T] [thread 160986] [43.0] [cxt 0] basic.p4(587) Condition "hdr.vxlan.isValid()" (node_15) is false
[02:47:22.133] [bmv2] [T] [thread 160986] [43.0] [cxt 0] basic.p4(591) Condition "hdr.ipv6.isValid()" (node_17) is true
[02:47:22.133] [bmv2] [T] [thread 160986] [43.0] [cxt 0] Applying table 'MyIngress.ipv6_lpm'
[02:47:22.133] [bmv2] [D] [thread 160986] [43.0] [cxt 0] Looking up key:
* hdr.ipv6.dstAddr    : ff0200000000000000000000000000fb

[02:47:22.133] [bmv2] [D] [thread 160986] [43.0] [cxt 0] Table 'MyIngress.ipv6_lpm': miss
[02:47:22.133] [bmv2] [D] [thread 160986] [43.0] [cxt 0] Action entry is NoAction - 
[02:47:22.133] [bmv2] [T] [thread 160986] [43.0] [cxt 0] Action NoAction
[02:47:22.133] [bmv2] [D] [thread 160986] [43.0] [cxt 0] Pipeline 'ingress': end
[02:47:22.133] [bmv2] [D] [thread 160986] [43.0] [cxt 0] Egress port is 0
[02:47:22.133] [bmv2] [D] [thread 160987] [43.0] [cxt 0] Pipeline 'egress': start
[02:47:22.133] [bmv2] [T] [thread 160987] [43.0] [cxt 0] Applying table 'MyEgress.egress_encap_ipv6'
[02:47:22.133] [bmv2] [D] [thread 160987] [43.0] [cxt 0] Looking up key:
* standard_metadata.egress_port: 0000

[02:47:22.133] [bmv2] [D] [thread 160987] [43.0] [cxt 0] Table 'MyEgress.egress_encap_ipv6': miss
[02:47:22.133] [bmv2] [D] [thread 160987] [43.0] [cxt 0] Action entry is NoAction - 
[02:47:22.133] [bmv2] [T] [thread 160987] [43.0] [cxt 0] Action NoAction
[02:47:22.133] [bmv2] [T] [thread 160987] [43.0] [cxt 0] Applying table 'MyEgress.egress_encap_yequdesu'
[02:47:22.133] [bmv2] [D] [thread 160987] [43.0] [cxt 0] Looking up key:
* standard_metadata.egress_port: 0000

[02:47:22.133] [bmv2] [D] [thread 160987] [43.0] [cxt 0] Table 'MyEgress.egress_encap_yequdesu': miss
[02:47:22.133] [bmv2] [D] [thread 160987] [43.0] [cxt 0] Action entry is NoAction - 
[02:47:22.133] [bmv2] [T] [thread 160987] [43.0] [cxt 0] Action NoAction
[02:47:22.133] [bmv2] [T] [thread 160987] [43.0] [cxt 0] Applying table 'MyEgress.egress_encap_vxlan'
[02:47:22.133] [bmv2] [D] [thread 160987] [43.0] [cxt 0] Looking up key:
* standard_metadata.egress_port: 0000

[02:47:22.133] [bmv2] [D] [thread 160987] [43.0] [cxt 0] Table 'MyEgress.egress_encap_vxlan': miss
[02:47:22.133] [bmv2] [D] [thread 160987] [43.0] [cxt 0] Action entry is NoAction - 
[02:47:22.133] [bmv2] [T] [thread 160987] [43.0] [cxt 0] Action NoAction
[02:47:22.133] [bmv2] [D] [thread 160987] [43.0] [cxt 0] Pipeline 'egress': end
[02:47:22.133] [bmv2] [D] [thread 160987] [43.0] [cxt 0] Deparser 'deparser': start
[02:47:22.133] [bmv2] [T] [thread 160987] [43.0] [cxt 0] Skipping checksum 'cksum' update because condition not met
[02:47:22.133] [bmv2] [D] [thread 160987] [43.0] [cxt 0] Deparsing header 'ethernet'
[02:47:22.133] [bmv2] [D] [thread 160987] [43.0] [cxt 0] Deparsing header 'ipv6'
[02:47:22.133] [bmv2] [D] [thread 160987] [43.0] [cxt 0] Deparser 'deparser': end
[02:47:22.133] [bmv2] [D] [thread 160991] [43.0] [cxt 0] Transmitting packet of size 203 out of port 0
[02:47:22.195] [bmv2] [D] [thread 160986] [44.0] [cxt 0] Processing packet received on port 2
[02:47:22.195] [bmv2] [D] [thread 160986] [44.0] [cxt 0] Parser 'parser': start
[02:47:22.195] [bmv2] [D] [thread 160986] [44.0] [cxt 0] Parser 'parser' entering state 'start'
[02:47:22.195] [bmv2] [D] [thread 160986] [44.0] [cxt 0] Extracting header 'ethernet'
[02:47:22.195] [bmv2] [D] [thread 160986] [44.0] [cxt 0] Parser state 'start': key is 86dd
[02:47:22.195] [bmv2] [T] [thread 160986] [44.0] [cxt 0] Bytes parsed: 14
[02:47:22.195] [bmv2] [D] [thread 160986] [44.0] [cxt 0] Parser 'parser' entering state 'parse_ipv6'
[02:47:22.195] [bmv2] [D] [thread 160986] [44.0] [cxt 0] Extracting header 'ipv6'
[02:47:22.195] [bmv2] [D] [thread 160986] [44.0] [cxt 0] Parser state 'parse_ipv6': key is 11
[02:47:22.195] [bmv2] [T] [thread 160986] [44.0] [cxt 0] Bytes parsed: 54
[02:47:22.195] [bmv2] [D] [thread 160986] [44.0] [cxt 0] Parser 'parser': end
[02:47:22.195] [bmv2] [D] [thread 160986] [44.0] [cxt 0] Pipeline 'ingress': start
[02:47:22.195] [bmv2] [T] [thread 160986] [44.0] [cxt 0] basic.p4(565) Condition "hdr.ethernet.etherType == TYPE_ARP" (node_2) is false
[02:47:22.195] [bmv2] [T] [thread 160986] [44.0] [cxt 0] basic.p4(568) Condition "hdr.ethernet.etherType == TYPE_SRCROUTING" (node_4) is false
[02:47:22.195] [bmv2] [T] [thread 160986] [44.0] [cxt 0] basic.p4(581) Condition "hdr.ethernet.etherType == TYPE_YEQUDESU" (node_12) is false
[02:47:22.195] [bmv2] [T] [thread 160986] [44.0] [cxt 0] basic.p4(587) Condition "hdr.vxlan.isValid()" (node_15) is false
[02:47:22.195] [bmv2] [T] [thread 160986] [44.0] [cxt 0] basic.p4(591) Condition "hdr.ipv6.isValid()" (node_17) is true
[02:47:22.195] [bmv2] [T] [thread 160986] [44.0] [cxt 0] Applying table 'MyIngress.ipv6_lpm'
[02:47:22.195] [bmv2] [D] [thread 160986] [44.0] [cxt 0] Looking up key:
* hdr.ipv6.dstAddr    : ff0200000000000000000000000000fb

[02:47:22.195] [bmv2] [D] [thread 160986] [44.0] [cxt 0] Table 'MyIngress.ipv6_lpm': miss
[02:47:22.195] [bmv2] [D] [thread 160986] [44.0] [cxt 0] Action entry is NoAction - 
[02:47:22.195] [bmv2] [T] [thread 160986] [44.0] [cxt 0] Action NoAction
[02:47:22.195] [bmv2] [D] [thread 160986] [44.0] [cxt 0] Pipeline 'ingress': end
[02:47:22.195] [bmv2] [D] [thread 160986] [44.0] [cxt 0] Egress port is 0
[02:47:22.195] [bmv2] [D] [thread 160987] [44.0] [cxt 0] Pipeline 'egress': start
[02:47:22.195] [bmv2] [T] [thread 160987] [44.0] [cxt 0] Applying table 'MyEgress.egress_encap_ipv6'
[02:47:22.195] [bmv2] [D] [thread 160987] [44.0] [cxt 0] Looking up key:
* standard_metadata.egress_port: 0000

[02:47:22.195] [bmv2] [D] [thread 160987] [44.0] [cxt 0] Table 'MyEgress.egress_encap_ipv6': miss
[02:47:22.195] [bmv2] [D] [thread 160987] [44.0] [cxt 0] Action entry is NoAction - 
[02:47:22.195] [bmv2] [T] [thread 160987] [44.0] [cxt 0] Action NoAction
[02:47:22.195] [bmv2] [T] [thread 160987] [44.0] [cxt 0] Applying table 'MyEgress.egress_encap_yequdesu'
[02:47:22.195] [bmv2] [D] [thread 160987] [44.0] [cxt 0] Looking up key:
* standard_metadata.egress_port: 0000

[02:47:22.195] [bmv2] [D] [thread 160987] [44.0] [cxt 0] Table 'MyEgress.egress_encap_yequdesu': miss
[02:47:22.195] [bmv2] [D] [thread 160987] [44.0] [cxt 0] Action entry is NoAction - 
[02:47:22.195] [bmv2] [T] [thread 160987] [44.0] [cxt 0] Action NoAction
[02:47:22.195] [bmv2] [T] [thread 160987] [44.0] [cxt 0] Applying table 'MyEgress.egress_encap_vxlan'
[02:47:22.195] [bmv2] [D] [thread 160987] [44.0] [cxt 0] Looking up key:
* standard_metadata.egress_port: 0000

[02:47:22.195] [bmv2] [D] [thread 160987] [44.0] [cxt 0] Table 'MyEgress.egress_encap_vxlan': miss
[02:47:22.195] [bmv2] [D] [thread 160987] [44.0] [cxt 0] Action entry is NoAction - 
[02:47:22.195] [bmv2] [T] [thread 160987] [44.0] [cxt 0] Action NoAction
[02:47:22.195] [bmv2] [D] [thread 160987] [44.0] [cxt 0] Pipeline 'egress': end
[02:47:22.195] [bmv2] [D] [thread 160987] [44.0] [cxt 0] Deparser 'deparser': start
[02:47:22.195] [bmv2] [T] [thread 160987] [44.0] [cxt 0] Skipping checksum 'cksum' update because condition not met
[02:47:22.195] [bmv2] [D] [thread 160987] [44.0] [cxt 0] Deparsing header 'ethernet'
[02:47:22.195] [bmv2] [D] [thread 160987] [44.0] [cxt 0] Deparsing header 'ipv6'
[02:47:22.195] [bmv2] [D] [thread 160987] [44.0] [cxt 0] Deparser 'deparser': end
[02:47:22.196] [bmv2] [D] [thread 160991] [44.0] [cxt 0] Transmitting packet of size 203 out of port 0
[02:47:28.015] [bmv2] [D] [thread 160986] [45.0] [cxt 0] Processing packet received on port 2
[02:47:28.015] [bmv2] [D] [thread 160986] [45.0] [cxt 0] Parser 'parser': start
[02:47:28.015] [bmv2] [D] [thread 160986] [45.0] [cxt 0] Parser 'parser' entering state 'start'
[02:47:28.015] [bmv2] [D] [thread 160986] [45.0] [cxt 0] Extracting header 'ethernet'
[02:47:28.015] [bmv2] [D] [thread 160986] [45.0] [cxt 0] Parser state 'start': key is 86dd
[02:47:28.015] [bmv2] [T] [thread 160986] [45.0] [cxt 0] Bytes parsed: 14
[02:47:28.015] [bmv2] [D] [thread 160986] [45.0] [cxt 0] Parser 'parser' entering state 'parse_ipv6'
[02:47:28.015] [bmv2] [D] [thread 160986] [45.0] [cxt 0] Extracting header 'ipv6'
[02:47:28.015] [bmv2] [D] [thread 160986] [45.0] [cxt 0] Parser state 'parse_ipv6': key is 3a
[02:47:28.015] [bmv2] [T] [thread 160986] [45.0] [cxt 0] Bytes parsed: 54
[02:47:28.015] [bmv2] [D] [thread 160986] [45.0] [cxt 0] Parser 'parser': end
[02:47:28.015] [bmv2] [D] [thread 160986] [45.0] [cxt 0] Pipeline 'ingress': start
[02:47:28.015] [bmv2] [T] [thread 160986] [45.0] [cxt 0] basic.p4(565) Condition "hdr.ethernet.etherType == TYPE_ARP" (node_2) is false
[02:47:28.015] [bmv2] [T] [thread 160986] [45.0] [cxt 0] basic.p4(568) Condition "hdr.ethernet.etherType == TYPE_SRCROUTING" (node_4) is false
[02:47:28.015] [bmv2] [T] [thread 160986] [45.0] [cxt 0] basic.p4(581) Condition "hdr.ethernet.etherType == TYPE_YEQUDESU" (node_12) is false
[02:47:28.015] [bmv2] [T] [thread 160986] [45.0] [cxt 0] basic.p4(587) Condition "hdr.vxlan.isValid()" (node_15) is false
[02:47:28.015] [bmv2] [T] [thread 160986] [45.0] [cxt 0] basic.p4(591) Condition "hdr.ipv6.isValid()" (node_17) is true
[02:47:28.015] [bmv2] [T] [thread 160986] [45.0] [cxt 0] Applying table 'MyIngress.ipv6_lpm'
[02:47:28.015] [bmv2] [D] [thread 160986] [45.0] [cxt 0] Looking up key:
* hdr.ipv6.dstAddr    : ff020000000000000000000000000002

[02:47:28.015] [bmv2] [D] [thread 160986] [45.0] [cxt 0] Table 'MyIngress.ipv6_lpm': miss
[02:47:28.015] [bmv2] [D] [thread 160986] [45.0] [cxt 0] Action entry is NoAction - 
[02:47:28.015] [bmv2] [T] [thread 160986] [45.0] [cxt 0] Action NoAction
[02:47:28.015] [bmv2] [D] [thread 160986] [45.0] [cxt 0] Pipeline 'ingress': end
[02:47:28.015] [bmv2] [D] [thread 160986] [45.0] [cxt 0] Egress port is 0
[02:47:28.015] [bmv2] [D] [thread 160987] [45.0] [cxt 0] Pipeline 'egress': start
[02:47:28.015] [bmv2] [T] [thread 160987] [45.0] [cxt 0] Applying table 'MyEgress.egress_encap_ipv6'
[02:47:28.015] [bmv2] [D] [thread 160987] [45.0] [cxt 0] Looking up key:
* standard_metadata.egress_port: 0000

[02:47:28.015] [bmv2] [D] [thread 160987] [45.0] [cxt 0] Table 'MyEgress.egress_encap_ipv6': miss
[02:47:28.015] [bmv2] [D] [thread 160987] [45.0] [cxt 0] Action entry is NoAction - 
[02:47:28.015] [bmv2] [T] [thread 160987] [45.0] [cxt 0] Action NoAction
[02:47:28.015] [bmv2] [T] [thread 160987] [45.0] [cxt 0] Applying table 'MyEgress.egress_encap_yequdesu'
[02:47:28.015] [bmv2] [D] [thread 160987] [45.0] [cxt 0] Looking up key:
* standard_metadata.egress_port: 0000

[02:47:28.015] [bmv2] [D] [thread 160987] [45.0] [cxt 0] Table 'MyEgress.egress_encap_yequdesu': miss
[02:47:28.015] [bmv2] [D] [thread 160987] [45.0] [cxt 0] Action entry is NoAction - 
[02:47:28.015] [bmv2] [T] [thread 160987] [45.0] [cxt 0] Action NoAction
[02:47:28.015] [bmv2] [T] [thread 160987] [45.0] [cxt 0] Applying table 'MyEgress.egress_encap_vxlan'
[02:47:28.015] [bmv2] [D] [thread 160987] [45.0] [cxt 0] Looking up key:
* standard_metadata.egress_port: 0000

[02:47:28.015] [bmv2] [D] [thread 160987] [45.0] [cxt 0] Table 'MyEgress.egress_encap_vxlan': miss
[02:47:28.015] [bmv2] [D] [thread 160987] [45.0] [cxt 0] Action entry is NoAction - 
[02:47:28.015] [bmv2] [T] [thread 160987] [45.0] [cxt 0] Action NoAction
[02:47:28.015] [bmv2] [D] [thread 160987] [45.0] [cxt 0] Pipeline 'egress': end
[02:47:28.015] [bmv2] [D] [thread 160987] [45.0] [cxt 0] Deparser 'deparser': start
[02:47:28.015] [bmv2] [T] [thread 160987] [45.0] [cxt 0] Skipping checksum 'cksum' update because condition not met
[02:47:28.015] [bmv2] [D] [thread 160987] [45.0] [cxt 0] Deparsing header 'ethernet'
[02:47:28.015] [bmv2] [D] [thread 160987] [45.0] [cxt 0] Deparsing header 'ipv6'
[02:47:28.015] [bmv2] [D] [thread 160987] [45.0] [cxt 0] Deparser 'deparser': end
[02:47:28.016] [bmv2] [D] [thread 160991] [45.0] [cxt 0] Transmitting packet of size 70 out of port 0
[02:47:32.109] [bmv2] [D] [thread 160986] [46.0] [cxt 0] Processing packet received on port 1
[02:47:32.109] [bmv2] [D] [thread 160986] [46.0] [cxt 0] Parser 'parser': start
[02:47:32.109] [bmv2] [D] [thread 160986] [46.0] [cxt 0] Parser 'parser' entering state 'start'
[02:47:32.109] [bmv2] [D] [thread 160986] [46.0] [cxt 0] Extracting header 'ethernet'
[02:47:32.109] [bmv2] [D] [thread 160986] [46.0] [cxt 0] Parser state 'start': key is 86dd
[02:47:32.109] [bmv2] [T] [thread 160986] [46.0] [cxt 0] Bytes parsed: 14
[02:47:32.109] [bmv2] [D] [thread 160986] [46.0] [cxt 0] Parser 'parser' entering state 'parse_ipv6'
[02:47:32.109] [bmv2] [D] [thread 160986] [46.0] [cxt 0] Extracting header 'ipv6'
[02:47:32.109] [bmv2] [D] [thread 160986] [46.0] [cxt 0] Parser state 'parse_ipv6': key is 3a
[02:47:32.109] [bmv2] [T] [thread 160986] [46.0] [cxt 0] Bytes parsed: 54
[02:47:32.109] [bmv2] [D] [thread 160986] [46.0] [cxt 0] Parser 'parser': end
[02:47:32.109] [bmv2] [D] [thread 160986] [46.0] [cxt 0] Pipeline 'ingress': start
[02:47:32.109] [bmv2] [T] [thread 160986] [46.0] [cxt 0] basic.p4(565) Condition "hdr.ethernet.etherType == TYPE_ARP" (node_2) is false
[02:47:32.109] [bmv2] [T] [thread 160986] [46.0] [cxt 0] basic.p4(568) Condition "hdr.ethernet.etherType == TYPE_SRCROUTING" (node_4) is false
[02:47:32.109] [bmv2] [T] [thread 160986] [46.0] [cxt 0] basic.p4(581) Condition "hdr.ethernet.etherType == TYPE_YEQUDESU" (node_12) is false
[02:47:32.109] [bmv2] [T] [thread 160986] [46.0] [cxt 0] basic.p4(587) Condition "hdr.vxlan.isValid()" (node_15) is false
[02:47:32.109] [bmv2] [T] [thread 160986] [46.0] [cxt 0] basic.p4(591) Condition "hdr.ipv6.isValid()" (node_17) is true
[02:47:32.109] [bmv2] [T] [thread 160986] [46.0] [cxt 0] Applying table 'MyIngress.ipv6_lpm'
[02:47:32.109] [bmv2] [D] [thread 160986] [46.0] [cxt 0] Looking up key:
* hdr.ipv6.dstAddr    : ff020000000000000000000000000002

[02:47:32.109] [bmv2] [D] [thread 160986] [46.0] [cxt 0] Table 'MyIngress.ipv6_lpm': miss
[02:47:32.109] [bmv2] [D] [thread 160986] [46.0] [cxt 0] Action entry is NoAction - 
[02:47:32.109] [bmv2] [T] [thread 160986] [46.0] [cxt 0] Action NoAction
[02:47:32.109] [bmv2] [D] [thread 160986] [46.0] [cxt 0] Pipeline 'ingress': end
[02:47:32.109] [bmv2] [D] [thread 160986] [46.0] [cxt 0] Egress port is 0
[02:47:32.109] [bmv2] [D] [thread 160986] [47.0] [cxt 0] Processing packet received on port 2
[02:47:32.109] [bmv2] [D] [thread 160986] [47.0] [cxt 0] Parser 'parser': start
[02:47:32.109] [bmv2] [D] [thread 160986] [47.0] [cxt 0] Parser 'parser' entering state 'start'
[02:47:32.109] [bmv2] [D] [thread 160986] [47.0] [cxt 0] Extracting header 'ethernet'
[02:47:32.109] [bmv2] [D] [thread 160986] [47.0] [cxt 0] Parser state 'start': key is 86dd
[02:47:32.109] [bmv2] [T] [thread 160986] [47.0] [cxt 0] Bytes parsed: 14
[02:47:32.109] [bmv2] [D] [thread 160986] [47.0] [cxt 0] Parser 'parser' entering state 'parse_ipv6'
[02:47:32.109] [bmv2] [D] [thread 160986] [47.0] [cxt 0] Extracting header 'ipv6'
[02:47:32.110] [bmv2] [D] [thread 160986] [47.0] [cxt 0] Parser state 'parse_ipv6': key is 3a
[02:47:32.110] [bmv2] [T] [thread 160986] [47.0] [cxt 0] Bytes parsed: 54
[02:47:32.110] [bmv2] [D] [thread 160986] [47.0] [cxt 0] Parser 'parser': end
[02:47:32.110] [bmv2] [D] [thread 160986] [47.0] [cxt 0] Pipeline 'ingress': start
[02:47:32.110] [bmv2] [T] [thread 160986] [47.0] [cxt 0] basic.p4(565) Condition "hdr.ethernet.etherType == TYPE_ARP" (node_2) is false
[02:47:32.110] [bmv2] [T] [thread 160986] [47.0] [cxt 0] basic.p4(568) Condition "hdr.ethernet.etherType == TYPE_SRCROUTING" (node_4) is false
[02:47:32.110] [bmv2] [T] [thread 160986] [47.0] [cxt 0] basic.p4(581) Condition "hdr.ethernet.etherType == TYPE_YEQUDESU" (node_12) is false
[02:47:32.110] [bmv2] [T] [thread 160986] [47.0] [cxt 0] basic.p4(587) Condition "hdr.vxlan.isValid()" (node_15) is false
[02:47:32.110] [bmv2] [T] [thread 160986] [47.0] [cxt 0] basic.p4(591) Condition "hdr.ipv6.isValid()" (node_17) is true
[02:47:32.110] [bmv2] [T] [thread 160986] [47.0] [cxt 0] Applying table 'MyIngress.ipv6_lpm'
[02:47:32.110] [bmv2] [D] [thread 160986] [47.0] [cxt 0] Looking up key:
* hdr.ipv6.dstAddr    : ff020000000000000000000000000002

[02:47:32.110] [bmv2] [D] [thread 160986] [47.0] [cxt 0] Table 'MyIngress.ipv6_lpm': miss
[02:47:32.110] [bmv2] [D] [thread 160986] [47.0] [cxt 0] Action entry is NoAction - 
[02:47:32.110] [bmv2] [T] [thread 160986] [47.0] [cxt 0] Action NoAction
[02:47:32.110] [bmv2] [D] [thread 160986] [47.0] [cxt 0] Pipeline 'ingress': end
[02:47:32.110] [bmv2] [D] [thread 160986] [47.0] [cxt 0] Egress port is 0
[02:47:32.110] [bmv2] [D] [thread 160987] [46.0] [cxt 0] Pipeline 'egress': start
[02:47:32.110] [bmv2] [T] [thread 160987] [46.0] [cxt 0] Applying table 'MyEgress.egress_encap_ipv6'
[02:47:32.110] [bmv2] [D] [thread 160987] [46.0] [cxt 0] Looking up key:
* standard_metadata.egress_port: 0000

[02:47:32.110] [bmv2] [D] [thread 160987] [46.0] [cxt 0] Table 'MyEgress.egress_encap_ipv6': miss
[02:47:32.110] [bmv2] [D] [thread 160987] [46.0] [cxt 0] Action entry is NoAction - 
[02:47:32.110] [bmv2] [T] [thread 160987] [46.0] [cxt 0] Action NoAction
[02:47:32.110] [bmv2] [T] [thread 160987] [46.0] [cxt 0] Applying table 'MyEgress.egress_encap_yequdesu'
[02:47:32.110] [bmv2] [D] [thread 160987] [46.0] [cxt 0] Looking up key:
* standard_metadata.egress_port: 0000

[02:47:32.110] [bmv2] [D] [thread 160987] [46.0] [cxt 0] Table 'MyEgress.egress_encap_yequdesu': miss
[02:47:32.110] [bmv2] [D] [thread 160987] [46.0] [cxt 0] Action entry is NoAction - 
[02:47:32.110] [bmv2] [T] [thread 160987] [46.0] [cxt 0] Action NoAction
[02:47:32.110] [bmv2] [T] [thread 160987] [46.0] [cxt 0] Applying table 'MyEgress.egress_encap_vxlan'
[02:47:32.110] [bmv2] [D] [thread 160987] [46.0] [cxt 0] Looking up key:
* standard_metadata.egress_port: 0000

[02:47:32.110] [bmv2] [D] [thread 160987] [46.0] [cxt 0] Table 'MyEgress.egress_encap_vxlan': miss
[02:47:32.110] [bmv2] [D] [thread 160987] [46.0] [cxt 0] Action entry is NoAction - 
[02:47:32.110] [bmv2] [T] [thread 160987] [46.0] [cxt 0] Action NoAction
[02:47:32.110] [bmv2] [D] [thread 160987] [46.0] [cxt 0] Pipeline 'egress': end
[02:47:32.110] [bmv2] [D] [thread 160987] [46.0] [cxt 0] Deparser 'deparser': start
[02:47:32.110] [bmv2] [T] [thread 160987] [46.0] [cxt 0] Skipping checksum 'cksum' update because condition not met
[02:47:32.110] [bmv2] [D] [thread 160987] [46.0] [cxt 0] Deparsing header 'ethernet'
[02:47:32.110] [bmv2] [D] [thread 160987] [46.0] [cxt 0] Deparsing header 'ipv6'
[02:47:32.110] [bmv2] [D] [thread 160987] [46.0] [cxt 0] Deparser 'deparser': end
[02:47:32.110] [bmv2] [D] [thread 160987] [47.0] [cxt 0] Pipeline 'egress': start
[02:47:32.110] [bmv2] [T] [thread 160987] [47.0] [cxt 0] Applying table 'MyEgress.egress_encap_ipv6'
[02:47:32.110] [bmv2] [D] [thread 160987] [47.0] [cxt 0] Looking up key:
* standard_metadata.egress_port: 0000

[02:47:32.110] [bmv2] [D] [thread 160987] [47.0] [cxt 0] Table 'MyEgress.egress_encap_ipv6': miss
[02:47:32.110] [bmv2] [D] [thread 160987] [47.0] [cxt 0] Action entry is NoAction - 
[02:47:32.110] [bmv2] [T] [thread 160987] [47.0] [cxt 0] Action NoAction
[02:47:32.110] [bmv2] [T] [thread 160987] [47.0] [cxt 0] Applying table 'MyEgress.egress_encap_yequdesu'
[02:47:32.110] [bmv2] [D] [thread 160991] [46.0] [cxt 0] Transmitting packet of size 70 out of port 0
[02:47:32.110] [bmv2] [D] [thread 160987] [47.0] [cxt 0] Looking up key:
* standard_metadata.egress_port: 0000

[02:47:32.110] [bmv2] [D] [thread 160987] [47.0] [cxt 0] Table 'MyEgress.egress_encap_yequdesu': miss
[02:47:32.110] [bmv2] [D] [thread 160987] [47.0] [cxt 0] Action entry is NoAction - 
[02:47:32.110] [bmv2] [T] [thread 160987] [47.0] [cxt 0] Action NoAction
[02:47:32.110] [bmv2] [T] [thread 160987] [47.0] [cxt 0] Applying table 'MyEgress.egress_encap_vxlan'
[02:47:32.110] [bmv2] [D] [thread 160987] [47.0] [cxt 0] Looking up key:
* standard_metadata.egress_port: 0000

[02:47:32.110] [bmv2] [D] [thread 160987] [47.0] [cxt 0] Table 'MyEgress.egress_encap_vxlan': miss
[02:47:32.110] [bmv2] [D] [thread 160987] [47.0] [cxt 0] Action entry is NoAction - 
[02:47:32.110] [bmv2] [T] [thread 160987] [47.0] [cxt 0] Action NoAction
[02:47:32.110] [bmv2] [D] [thread 160987] [47.0] [cxt 0] Pipeline 'egress': end
[02:47:32.110] [bmv2] [D] [thread 160987] [47.0] [cxt 0] Deparser 'deparser': start
[02:47:32.110] [bmv2] [T] [thread 160987] [47.0] [cxt 0] Skipping checksum 'cksum' update because condition not met
[02:47:32.110] [bmv2] [D] [thread 160987] [47.0] [cxt 0] Deparsing header 'ethernet'
[02:47:32.110] [bmv2] [D] [thread 160987] [47.0] [cxt 0] Deparsing header 'ipv6'
[02:47:32.110] [bmv2] [D] [thread 160987] [47.0] [cxt 0] Deparser 'deparser': end
[02:47:32.110] [bmv2] [D] [thread 160991] [47.0] [cxt 0] Transmitting packet of size 70 out of port 0
open: No such file or directory
open: No such file or directory
open: No such file or directory
open: No such file or directory
open: No such file or directory
open: No such file or directory
