Calling target program-options parser
[02:45:18.251] [bmv2] [D] [thread 160993] Set default default entry for table 'MyIngress.arp_match': MyIngress.drop - 
[02:45:18.251] [bmv2] [D] [thread 160993] Set default default entry for table 'tbl_srcRoute_finish': MyIngress.srcRoute_finish - 
[02:45:18.251] [bmv2] [D] [thread 160993] Set default default entry for table 'MyIngress.ipv4_lpm_src': NoAction - 
[02:45:18.251] [bmv2] [D] [thread 160993] Set default default entry for table 'tbl_srcRoute_nhop': MyIngress.srcRoute_nhop - 
[02:45:18.251] [bmv2] [D] [thread 160993] Set default default entry for table 'tbl_update_ttl': MyIngress.update_ttl - 
[02:45:18.251] [bmv2] [D] [thread 160993] Set default default entry for table 'MyIngress.yequdesu_exact': MyIngress.drop - 
[02:45:18.251] [bmv2] [D] [thread 160993] Set default default entry for table 'MyIngress.vxlan_decap_exact': MyIngress.drop - 
[02:45:18.251] [bmv2] [D] [thread 160993] Set default default entry for table 'MyIngress.ipv6_lpm': NoAction - 
[02:45:18.251] [bmv2] [D] [thread 160993] Set default default entry for table 'MyIngress.vxlan_lpm': NoAction - 
[02:45:18.251] [bmv2] [D] [thread 160993] Set default default entry for table 'MyIngress.modality_schedule': NoAction - 
[02:45:18.251] [bmv2] [D] [thread 160993] Set default default entry for table 'MyIngress.adjudication': NoAction - 
[02:45:18.251] [bmv2] [D] [thread 160993] Set default default entry for table 'MyIngress.ipv4_lpm': NoAction - 
[02:45:18.252] [bmv2] [D] [thread 160993] Set default default entry for table 'MyEgress.egress_encap_ipv6': NoAction - 
[02:45:18.252] [bmv2] [D] [thread 160993] Set default default entry for table 'MyEgress.egress_encap_yequdesu': NoAction - 
[02:45:18.252] [bmv2] [D] [thread 160993] Set default default entry for table 'MyEgress.egress_encap_vxlan': NoAction - 
Adding interface s42-eth1 as port 1
[02:45:18.256] [bmv2] [D] [thread 160993] Adding interface s42-eth1 as port 1
Adding interface s42-eth2 as port 2
[02:45:18.283] [bmv2] [D] [thread 160993] Adding interface s42-eth2 as port 2
Server listening on 0.0.0.0:50060
[02:45:18.310] [bmv2] [I] [thread 160993] Starting Thrift server on port 9099
[02:45:18.311] [bmv2] [I] [thread 160993] Thrift server was started
[02:45:18.870] [bmv2] [D] [thread 161012] [0.0] [cxt 0] Processing packet received on port 2
[02:45:18.870] [bmv2] [D] [thread 161012] [0.0] [cxt 0] Parser 'parser': start
[02:45:18.870] [bmv2] [D] [thread 161012] [0.0] [cxt 0] Parser 'parser' entering state 'start'
[02:45:18.870] [bmv2] [D] [thread 161012] [0.0] [cxt 0] Extracting header 'ethernet'
[02:45:18.870] [bmv2] [D] [thread 161012] [0.0] [cxt 0] Parser state 'start': key is 86dd
[02:45:18.870] [bmv2] [T] [thread 161012] [0.0] [cxt 0] Bytes parsed: 14
[02:45:18.870] [bmv2] [D] [thread 161012] [0.0] [cxt 0] Parser 'parser' entering state 'parse_ipv6'
[02:45:18.870] [bmv2] [D] [thread 161012] [0.0] [cxt 0] Extracting header 'ipv6'
[02:45:18.870] [bmv2] [D] [thread 161012] [0.0] [cxt 0] Parser state 'parse_ipv6': key is 11
[02:45:18.870] [bmv2] [T] [thread 161012] [0.0] [cxt 0] Bytes parsed: 54
[02:45:18.870] [bmv2] [D] [thread 161012] [0.0] [cxt 0] Parser 'parser': end
[02:45:18.870] [bmv2] [D] [thread 161012] [0.0] [cxt 0] Pipeline 'ingress': start
[02:45:18.870] [bmv2] [T] [thread 161012] [0.0] [cxt 0] basic.p4(565) Condition "hdr.ethernet.etherType == TYPE_ARP" (node_2) is false
[02:45:18.870] [bmv2] [T] [thread 161012] [0.0] [cxt 0] basic.p4(568) Condition "hdr.ethernet.etherType == TYPE_SRCROUTING" (node_4) is false
[02:45:18.870] [bmv2] [T] [thread 161012] [0.0] [cxt 0] basic.p4(581) Condition "hdr.ethernet.etherType == TYPE_YEQUDESU" (node_12) is false
[02:45:18.870] [bmv2] [T] [thread 161012] [0.0] [cxt 0] basic.p4(587) Condition "hdr.vxlan.isValid()" (node_15) is false
[02:45:18.870] [bmv2] [T] [thread 161012] [0.0] [cxt 0] basic.p4(591) Condition "hdr.ipv6.isValid()" (node_17) is true
[02:45:18.870] [bmv2] [T] [thread 161012] [0.0] [cxt 0] Applying table 'MyIngress.ipv6_lpm'
[02:45:18.870] [bmv2] [D] [thread 161012] [0.0] [cxt 0] Looking up key:
* hdr.ipv6.dstAddr    : ff0200000000000000000000000000fb

[02:45:18.870] [bmv2] [D] [thread 161012] [0.0] [cxt 0] Table 'MyIngress.ipv6_lpm': miss
[02:45:18.870] [bmv2] [D] [thread 161012] [0.0] [cxt 0] Action entry is NoAction - 
[02:45:18.870] [bmv2] [T] [thread 161012] [0.0] [cxt 0] Action NoAction
[02:45:18.870] [bmv2] [D] [thread 161012] [0.0] [cxt 0] Pipeline 'ingress': end
[02:45:18.870] [bmv2] [D] [thread 161012] [0.0] [cxt 0] Egress port is 0
[02:45:18.870] [bmv2] [D] [thread 161013] [0.0] [cxt 0] Pipeline 'egress': start
[02:45:18.870] [bmv2] [T] [thread 161013] [0.0] [cxt 0] Applying table 'MyEgress.egress_encap_ipv6'
[02:45:18.871] [bmv2] [D] [thread 161013] [0.0] [cxt 0] Looking up key:
* standard_metadata.egress_port: 0000

[02:45:18.871] [bmv2] [D] [thread 161013] [0.0] [cxt 0] Table 'MyEgress.egress_encap_ipv6': miss
[02:45:18.871] [bmv2] [D] [thread 161013] [0.0] [cxt 0] Action entry is NoAction - 
[02:45:18.871] [bmv2] [T] [thread 161013] [0.0] [cxt 0] Action NoAction
[02:45:18.871] [bmv2] [T] [thread 161013] [0.0] [cxt 0] Applying table 'MyEgress.egress_encap_yequdesu'
[02:45:18.871] [bmv2] [D] [thread 161013] [0.0] [cxt 0] Looking up key:
* standard_metadata.egress_port: 0000

[02:45:18.871] [bmv2] [D] [thread 161013] [0.0] [cxt 0] Table 'MyEgress.egress_encap_yequdesu': miss
[02:45:18.871] [bmv2] [D] [thread 161013] [0.0] [cxt 0] Action entry is NoAction - 
[02:45:18.871] [bmv2] [T] [thread 161013] [0.0] [cxt 0] Action NoAction
[02:45:18.871] [bmv2] [T] [thread 161013] [0.0] [cxt 0] Applying table 'MyEgress.egress_encap_vxlan'
[02:45:18.871] [bmv2] [D] [thread 161013] [0.0] [cxt 0] Looking up key:
* standard_metadata.egress_port: 0000

[02:45:18.871] [bmv2] [D] [thread 161013] [0.0] [cxt 0] Table 'MyEgress.egress_encap_vxlan': miss
[02:45:18.871] [bmv2] [D] [thread 161013] [0.0] [cxt 0] Action entry is NoAction - 
[02:45:18.871] [bmv2] [T] [thread 161013] [0.0] [cxt 0] Action NoAction
[02:45:18.871] [bmv2] [D] [thread 161013] [0.0] [cxt 0] Pipeline 'egress': end
[02:45:18.871] [bmv2] [D] [thread 161013] [0.0] [cxt 0] Deparser 'deparser': start
[02:45:18.871] [bmv2] [T] [thread 161013] [0.0] [cxt 0] Skipping checksum 'cksum' update because condition not met
[02:45:18.871] [bmv2] [D] [thread 161013] [0.0] [cxt 0] Deparsing header 'ethernet'
[02:45:18.871] [bmv2] [D] [thread 161013] [0.0] [cxt 0] Deparsing header 'ipv6'
[02:45:18.871] [bmv2] [D] [thread 161013] [0.0] [cxt 0] Deparser 'deparser': end
[02:45:18.871] [bmv2] [D] [thread 161017] [0.0] [cxt 0] Transmitting packet of size 199 out of port 0
[02:45:18.990] [bmv2] [D] [thread 161012] [1.0] [cxt 0] Processing packet received on port 1
[02:45:18.990] [bmv2] [D] [thread 161012] [1.0] [cxt 0] Parser 'parser': start
[02:45:18.990] [bmv2] [D] [thread 161012] [1.0] [cxt 0] Parser 'parser' entering state 'start'
[02:45:18.990] [bmv2] [D] [thread 161012] [1.0] [cxt 0] Extracting header 'ethernet'
[02:45:18.990] [bmv2] [D] [thread 161012] [1.0] [cxt 0] Parser state 'start': key is 86dd
[02:45:18.990] [bmv2] [T] [thread 161012] [1.0] [cxt 0] Bytes parsed: 14
[02:45:18.990] [bmv2] [D] [thread 161012] [1.0] [cxt 0] Parser 'parser' entering state 'parse_ipv6'
[02:45:18.990] [bmv2] [D] [thread 161012] [1.0] [cxt 0] Extracting header 'ipv6'
[02:45:18.990] [bmv2] [D] [thread 161012] [1.0] [cxt 0] Parser state 'parse_ipv6': key is 3a
[02:45:18.990] [bmv2] [T] [thread 161012] [1.0] [cxt 0] Bytes parsed: 54
[02:45:18.990] [bmv2] [D] [thread 161012] [1.0] [cxt 0] Parser 'parser': end
[02:45:18.990] [bmv2] [D] [thread 161012] [1.0] [cxt 0] Pipeline 'ingress': start
[02:45:18.990] [bmv2] [T] [thread 161012] [1.0] [cxt 0] basic.p4(565) Condition "hdr.ethernet.etherType == TYPE_ARP" (node_2) is false
[02:45:18.990] [bmv2] [T] [thread 161012] [1.0] [cxt 0] basic.p4(568) Condition "hdr.ethernet.etherType == TYPE_SRCROUTING" (node_4) is false
[02:45:18.990] [bmv2] [T] [thread 161012] [1.0] [cxt 0] basic.p4(581) Condition "hdr.ethernet.etherType == TYPE_YEQUDESU" (node_12) is false
[02:45:18.990] [bmv2] [T] [thread 161012] [1.0] [cxt 0] basic.p4(587) Condition "hdr.vxlan.isValid()" (node_15) is false
[02:45:18.991] [bmv2] [T] [thread 161012] [1.0] [cxt 0] basic.p4(591) Condition "hdr.ipv6.isValid()" (node_17) is true
[02:45:18.991] [bmv2] [T] [thread 161012] [1.0] [cxt 0] Applying table 'MyIngress.ipv6_lpm'
[02:45:18.991] [bmv2] [D] [thread 161012] [1.0] [cxt 0] Looking up key:
* hdr.ipv6.dstAddr    : ff020000000000000000000000000002

[02:45:18.991] [bmv2] [D] [thread 161012] [1.0] [cxt 0] Table 'MyIngress.ipv6_lpm': miss
[02:45:18.991] [bmv2] [D] [thread 161012] [1.0] [cxt 0] Action entry is NoAction - 
[02:45:18.991] [bmv2] [T] [thread 161012] [1.0] [cxt 0] Action NoAction
[02:45:18.991] [bmv2] [D] [thread 161012] [1.0] [cxt 0] Pipeline 'ingress': end
[02:45:18.991] [bmv2] [D] [thread 161012] [1.0] [cxt 0] Egress port is 0
[02:45:18.991] [bmv2] [D] [thread 161012] [2.0] [cxt 0] Processing packet received on port 2
[02:45:18.991] [bmv2] [D] [thread 161012] [2.0] [cxt 0] Parser 'parser': start
[02:45:18.991] [bmv2] [D] [thread 161012] [2.0] [cxt 0] Parser 'parser' entering state 'start'
[02:45:18.991] [bmv2] [D] [thread 161012] [2.0] [cxt 0] Extracting header 'ethernet'
[02:45:18.991] [bmv2] [D] [thread 161012] [2.0] [cxt 0] Parser state 'start': key is 86dd
[02:45:18.991] [bmv2] [T] [thread 161012] [2.0] [cxt 0] Bytes parsed: 14
[02:45:18.991] [bmv2] [D] [thread 161012] [2.0] [cxt 0] Parser 'parser' entering state 'parse_ipv6'
[02:45:18.991] [bmv2] [D] [thread 161012] [2.0] [cxt 0] Extracting header 'ipv6'
[02:45:18.991] [bmv2] [D] [thread 161013] [1.0] [cxt 0] Pipeline 'egress': start
[02:45:18.991] [bmv2] [T] [thread 161013] [1.0] [cxt 0] Applying table 'MyEgress.egress_encap_ipv6'
[02:45:18.991] [bmv2] [D] [thread 161013] [1.0] [cxt 0] Looking up key:
* standard_metadata.egress_port: 0000

[02:45:18.991] [bmv2] [D] [thread 161013] [1.0] [cxt 0] Table 'MyEgress.egress_encap_ipv6': miss
[02:45:18.991] [bmv2] [D] [thread 161013] [1.0] [cxt 0] Action entry is NoAction - 
[02:45:18.991] [bmv2] [T] [thread 161013] [1.0] [cxt 0] Action NoAction
[02:45:18.991] [bmv2] [T] [thread 161013] [1.0] [cxt 0] Applying table 'MyEgress.egress_encap_yequdesu'
[02:45:18.991] [bmv2] [D] [thread 161013] [1.0] [cxt 0] Looking up key:
* standard_metadata.egress_port: 0000

[02:45:18.991] [bmv2] [D] [thread 161013] [1.0] [cxt 0] Table 'MyEgress.egress_encap_yequdesu': miss
[02:45:18.991] [bmv2] [D] [thread 161013] [1.0] [cxt 0] Action entry is NoAction - 
[02:45:18.991] [bmv2] [T] [thread 161013] [1.0] [cxt 0] Action NoAction
[02:45:18.991] [bmv2] [T] [thread 161013] [1.0] [cxt 0] Applying table 'MyEgress.egress_encap_vxlan'
[02:45:18.991] [bmv2] [D] [thread 161013] [1.0] [cxt 0] Looking up key:
* standard_metadata.egress_port: 0000

[02:45:18.991] [bmv2] [D] [thread 161013] [1.0] [cxt 0] Table 'MyEgress.egress_encap_vxlan': miss
[02:45:18.991] [bmv2] [D] [thread 161013] [1.0] [cxt 0] Action entry is NoAction - 
[02:45:18.991] [bmv2] [T] [thread 161013] [1.0] [cxt 0] Action NoAction
[02:45:18.991] [bmv2] [D] [thread 161013] [1.0] [cxt 0] Pipeline 'egress': end
[02:45:18.991] [bmv2] [D] [thread 161013] [1.0] [cxt 0] Deparser 'deparser': start
[02:45:18.991] [bmv2] [T] [thread 161013] [1.0] [cxt 0] Skipping checksum 'cksum' update because condition not met
[02:45:18.991] [bmv2] [D] [thread 161013] [1.0] [cxt 0] Deparsing header 'ethernet'
[02:45:18.991] [bmv2] [D] [thread 161013] [1.0] [cxt 0] Deparsing header 'ipv6'
[02:45:18.991] [bmv2] [D] [thread 161013] [1.0] [cxt 0] Deparser 'deparser': end
[02:45:18.991] [bmv2] [D] [thread 161012] [2.0] [cxt 0] Parser state 'parse_ipv6': key is 3a
[02:45:18.991] [bmv2] [T] [thread 161012] [2.0] [cxt 0] Bytes parsed: 54
[02:45:18.991] [bmv2] [D] [thread 161012] [2.0] [cxt 0] Parser 'parser': end
[02:45:18.991] [bmv2] [D] [thread 161012] [2.0] [cxt 0] Pipeline 'ingress': start
[02:45:18.991] [bmv2] [T] [thread 161012] [2.0] [cxt 0] basic.p4(565) Condition "hdr.ethernet.etherType == TYPE_ARP" (node_2) is false
[02:45:18.991] [bmv2] [T] [thread 161012] [2.0] [cxt 0] basic.p4(568) Condition "hdr.ethernet.etherType == TYPE_SRCROUTING" (node_4) is false
[02:45:18.991] [bmv2] [T] [thread 161012] [2.0] [cxt 0] basic.p4(581) Condition "hdr.ethernet.etherType == TYPE_YEQUDESU" (node_12) is false
[02:45:18.991] [bmv2] [T] [thread 161012] [2.0] [cxt 0] basic.p4(587) Condition "hdr.vxlan.isValid()" (node_15) is false
[02:45:18.991] [bmv2] [T] [thread 161012] [2.0] [cxt 0] basic.p4(591) Condition "hdr.ipv6.isValid()" (node_17) is true
[02:45:18.991] [bmv2] [T] [thread 161012] [2.0] [cxt 0] Applying table 'MyIngress.ipv6_lpm'
[02:45:18.991] [bmv2] [D] [thread 161017] [1.0] [cxt 0] Transmitting packet of size 70 out of port 0
[02:45:18.991] [bmv2] [D] [thread 161012] [2.0] [cxt 0] Looking up key:
* hdr.ipv6.dstAddr    : ff020000000000000000000000000002

[02:45:18.991] [bmv2] [D] [thread 161012] [2.0] [cxt 0] Table 'MyIngress.ipv6_lpm': miss
[02:45:18.991] [bmv2] [D] [thread 161012] [2.0] [cxt 0] Action entry is NoAction - 
[02:45:18.991] [bmv2] [T] [thread 161012] [2.0] [cxt 0] Action NoAction
[02:45:18.991] [bmv2] [D] [thread 161012] [2.0] [cxt 0] Pipeline 'ingress': end
[02:45:18.991] [bmv2] [D] [thread 161012] [2.0] [cxt 0] Egress port is 0
[02:45:18.992] [bmv2] [D] [thread 161013] [2.0] [cxt 0] Pipeline 'egress': start
[02:45:18.992] [bmv2] [T] [thread 161013] [2.0] [cxt 0] Applying table 'MyEgress.egress_encap_ipv6'
[02:45:18.992] [bmv2] [D] [thread 161013] [2.0] [cxt 0] Looking up key:
* standard_metadata.egress_port: 0000

[02:45:18.992] [bmv2] [D] [thread 161013] [2.0] [cxt 0] Table 'MyEgress.egress_encap_ipv6': miss
[02:45:18.992] [bmv2] [D] [thread 161013] [2.0] [cxt 0] Action entry is NoAction - 
[02:45:18.992] [bmv2] [T] [thread 161013] [2.0] [cxt 0] Action NoAction
[02:45:18.992] [bmv2] [T] [thread 161013] [2.0] [cxt 0] Applying table 'MyEgress.egress_encap_yequdesu'
[02:45:18.992] [bmv2] [D] [thread 161013] [2.0] [cxt 0] Looking up key:
* standard_metadata.egress_port: 0000

[02:45:18.992] [bmv2] [D] [thread 161013] [2.0] [cxt 0] Table 'MyEgress.egress_encap_yequdesu': miss
[02:45:18.992] [bmv2] [D] [thread 161013] [2.0] [cxt 0] Action entry is NoAction - 
[02:45:18.992] [bmv2] [T] [thread 161013] [2.0] [cxt 0] Action NoAction
[02:45:18.992] [bmv2] [T] [thread 161013] [2.0] [cxt 0] Applying table 'MyEgress.egress_encap_vxlan'
[02:45:18.992] [bmv2] [D] [thread 161013] [2.0] [cxt 0] Looking up key:
* standard_metadata.egress_port: 0000

[02:45:18.992] [bmv2] [D] [thread 161013] [2.0] [cxt 0] Table 'MyEgress.egress_encap_vxlan': miss
[02:45:18.992] [bmv2] [D] [thread 161013] [2.0] [cxt 0] Action entry is NoAction - 
[02:45:18.992] [bmv2] [T] [thread 161013] [2.0] [cxt 0] Action NoAction
[02:45:18.992] [bmv2] [D] [thread 161013] [2.0] [cxt 0] Pipeline 'egress': end
[02:45:18.992] [bmv2] [D] [thread 161013] [2.0] [cxt 0] Deparser 'deparser': start
[02:45:18.992] [bmv2] [T] [thread 161013] [2.0] [cxt 0] Skipping checksum 'cksum' update because condition not met
[02:45:18.992] [bmv2] [D] [thread 161013] [2.0] [cxt 0] Deparsing header 'ethernet'
[02:45:18.992] [bmv2] [D] [thread 161013] [2.0] [cxt 0] Deparsing header 'ipv6'
[02:45:18.992] [bmv2] [D] [thread 161013] [2.0] [cxt 0] Deparser 'deparser': end
[02:45:18.992] [bmv2] [D] [thread 161017] [2.0] [cxt 0] Transmitting packet of size 70 out of port 0
[02:45:18.997] [bmv2] [D] [thread 161012] [3.0] [cxt 0] Processing packet received on port 1
[02:45:18.997] [bmv2] [D] [thread 161012] [3.0] [cxt 0] Parser 'parser': start
[02:45:18.997] [bmv2] [D] [thread 161012] [3.0] [cxt 0] Parser 'parser' entering state 'start'
[02:45:18.997] [bmv2] [D] [thread 161012] [3.0] [cxt 0] Extracting header 'ethernet'
[02:45:18.997] [bmv2] [D] [thread 161012] [3.0] [cxt 0] Parser state 'start': key is 86dd
[02:45:18.997] [bmv2] [T] [thread 161012] [3.0] [cxt 0] Bytes parsed: 14
[02:45:18.997] [bmv2] [D] [thread 161012] [3.0] [cxt 0] Parser 'parser' entering state 'parse_ipv6'
[02:45:18.997] [bmv2] [D] [thread 161012] [3.0] [cxt 0] Extracting header 'ipv6'
[02:45:18.997] [bmv2] [D] [thread 161012] [3.0] [cxt 0] Parser state 'parse_ipv6': key is 11
[02:45:18.997] [bmv2] [T] [thread 161012] [3.0] [cxt 0] Bytes parsed: 54
[02:45:18.997] [bmv2] [D] [thread 161012] [3.0] [cxt 0] Parser 'parser': end
[02:45:18.997] [bmv2] [D] [thread 161012] [3.0] [cxt 0] Pipeline 'ingress': start
[02:45:18.997] [bmv2] [T] [thread 161012] [3.0] [cxt 0] basic.p4(565) Condition "hdr.ethernet.etherType == TYPE_ARP" (node_2) is false
[02:45:18.997] [bmv2] [T] [thread 161012] [3.0] [cxt 0] basic.p4(568) Condition "hdr.ethernet.etherType == TYPE_SRCROUTING" (node_4) is false
[02:45:18.997] [bmv2] [T] [thread 161012] [3.0] [cxt 0] basic.p4(581) Condition "hdr.ethernet.etherType == TYPE_YEQUDESU" (node_12) is false
[02:45:18.997] [bmv2] [T] [thread 161012] [3.0] [cxt 0] basic.p4(587) Condition "hdr.vxlan.isValid()" (node_15) is false
[02:45:18.997] [bmv2] [T] [thread 161012] [3.0] [cxt 0] basic.p4(591) Condition "hdr.ipv6.isValid()" (node_17) is true
[02:45:18.997] [bmv2] [T] [thread 161012] [3.0] [cxt 0] Applying table 'MyIngress.ipv6_lpm'
[02:45:18.997] [bmv2] [D] [thread 161012] [3.0] [cxt 0] Looking up key:
* hdr.ipv6.dstAddr    : ff0200000000000000000000000000fb

[02:45:18.997] [bmv2] [D] [thread 161012] [3.0] [cxt 0] Table 'MyIngress.ipv6_lpm': miss
[02:45:18.997] [bmv2] [D] [thread 161012] [3.0] [cxt 0] Action entry is NoAction - 
[02:45:18.997] [bmv2] [T] [thread 161012] [3.0] [cxt 0] Action NoAction
[02:45:18.997] [bmv2] [D] [thread 161012] [3.0] [cxt 0] Pipeline 'ingress': end
[02:45:18.997] [bmv2] [D] [thread 161012] [3.0] [cxt 0] Egress port is 0
[02:45:18.997] [bmv2] [D] [thread 161013] [3.0] [cxt 0] Pipeline 'egress': start
[02:45:18.997] [bmv2] [T] [thread 161013] [3.0] [cxt 0] Applying table 'MyEgress.egress_encap_ipv6'
[02:45:18.997] [bmv2] [D] [thread 161013] [3.0] [cxt 0] Looking up key:
* standard_metadata.egress_port: 0000

[02:45:18.998] [bmv2] [D] [thread 161013] [3.0] [cxt 0] Table 'MyEgress.egress_encap_ipv6': miss
[02:45:18.998] [bmv2] [D] [thread 161013] [3.0] [cxt 0] Action entry is NoAction - 
[02:45:18.998] [bmv2] [T] [thread 161013] [3.0] [cxt 0] Action NoAction
[02:45:18.998] [bmv2] [T] [thread 161013] [3.0] [cxt 0] Applying table 'MyEgress.egress_encap_yequdesu'
[02:45:18.998] [bmv2] [D] [thread 161013] [3.0] [cxt 0] Looking up key:
* standard_metadata.egress_port: 0000

[02:45:18.998] [bmv2] [D] [thread 161013] [3.0] [cxt 0] Table 'MyEgress.egress_encap_yequdesu': miss
[02:45:18.998] [bmv2] [D] [thread 161013] [3.0] [cxt 0] Action entry is NoAction - 
[02:45:18.998] [bmv2] [T] [thread 161013] [3.0] [cxt 0] Action NoAction
[02:45:18.998] [bmv2] [T] [thread 161013] [3.0] [cxt 0] Applying table 'MyEgress.egress_encap_vxlan'
[02:45:18.998] [bmv2] [D] [thread 161013] [3.0] [cxt 0] Looking up key:
* standard_metadata.egress_port: 0000

[02:45:18.998] [bmv2] [D] [thread 161013] [3.0] [cxt 0] Table 'MyEgress.egress_encap_vxlan': miss
[02:45:18.998] [bmv2] [D] [thread 161013] [3.0] [cxt 0] Action entry is NoAction - 
[02:45:18.998] [bmv2] [T] [thread 161013] [3.0] [cxt 0] Action NoAction
[02:45:18.998] [bmv2] [D] [thread 161013] [3.0] [cxt 0] Pipeline 'egress': end
[02:45:18.998] [bmv2] [D] [thread 161013] [3.0] [cxt 0] Deparser 'deparser': start
[02:45:18.998] [bmv2] [T] [thread 161013] [3.0] [cxt 0] Skipping checksum 'cksum' update because condition not met
[02:45:18.998] [bmv2] [D] [thread 161013] [3.0] [cxt 0] Deparsing header 'ethernet'
[02:45:18.998] [bmv2] [D] [thread 161013] [3.0] [cxt 0] Deparsing header 'ipv6'
[02:45:18.998] [bmv2] [D] [thread 161013] [3.0] [cxt 0] Deparser 'deparser': end
[02:45:18.998] [bmv2] [D] [thread 161017] [3.0] [cxt 0] Transmitting packet of size 199 out of port 0
[02:45:19.254] [bmv2] [D] [thread 161012] [4.0] [cxt 0] Processing packet received on port 2
[02:45:19.254] [bmv2] [D] [thread 161012] [4.0] [cxt 0] Parser 'parser': start
[02:45:19.254] [bmv2] [D] [thread 161012] [4.0] [cxt 0] Parser 'parser' entering state 'start'
[02:45:19.254] [bmv2] [D] [thread 161012] [4.0] [cxt 0] Extracting header 'ethernet'
[02:45:19.254] [bmv2] [D] [thread 161012] [4.0] [cxt 0] Parser state 'start': key is 86dd
[02:45:19.254] [bmv2] [T] [thread 161012] [4.0] [cxt 0] Bytes parsed: 14
[02:45:19.254] [bmv2] [D] [thread 161012] [4.0] [cxt 0] Parser 'parser' entering state 'parse_ipv6'
[02:45:19.254] [bmv2] [D] [thread 161012] [4.0] [cxt 0] Extracting header 'ipv6'
[02:45:19.254] [bmv2] [D] [thread 161012] [4.0] [cxt 0] Parser state 'parse_ipv6': key is 11
[02:45:19.254] [bmv2] [T] [thread 161012] [4.0] [cxt 0] Bytes parsed: 54
[02:45:19.254] [bmv2] [D] [thread 161012] [4.0] [cxt 0] Parser 'parser': end
[02:45:19.254] [bmv2] [D] [thread 161012] [4.0] [cxt 0] Pipeline 'ingress': start
[02:45:19.254] [bmv2] [T] [thread 161012] [4.0] [cxt 0] basic.p4(565) Condition "hdr.ethernet.etherType == TYPE_ARP" (node_2) is false
[02:45:19.254] [bmv2] [T] [thread 161012] [4.0] [cxt 0] basic.p4(568) Condition "hdr.ethernet.etherType == TYPE_SRCROUTING" (node_4) is false
[02:45:19.254] [bmv2] [T] [thread 161012] [4.0] [cxt 0] basic.p4(581) Condition "hdr.ethernet.etherType == TYPE_YEQUDESU" (node_12) is false
[02:45:19.254] [bmv2] [T] [thread 161012] [4.0] [cxt 0] basic.p4(587) Condition "hdr.vxlan.isValid()" (node_15) is false
[02:45:19.254] [bmv2] [T] [thread 161012] [4.0] [cxt 0] basic.p4(591) Condition "hdr.ipv6.isValid()" (node_17) is true
[02:45:19.254] [bmv2] [T] [thread 161012] [4.0] [cxt 0] Applying table 'MyIngress.ipv6_lpm'
[02:45:19.254] [bmv2] [D] [thread 161012] [4.0] [cxt 0] Looking up key:
* hdr.ipv6.dstAddr    : ff0200000000000000000000000000fb

[02:45:19.254] [bmv2] [D] [thread 161012] [4.0] [cxt 0] Table 'MyIngress.ipv6_lpm': miss
[02:45:19.254] [bmv2] [D] [thread 161012] [4.0] [cxt 0] Action entry is NoAction - 
[02:45:19.254] [bmv2] [T] [thread 161012] [4.0] [cxt 0] Action NoAction
[02:45:19.254] [bmv2] [D] [thread 161012] [4.0] [cxt 0] Pipeline 'ingress': end
[02:45:19.254] [bmv2] [D] [thread 161012] [4.0] [cxt 0] Egress port is 0
[02:45:19.254] [bmv2] [D] [thread 161013] [4.0] [cxt 0] Pipeline 'egress': start
[02:45:19.254] [bmv2] [T] [thread 161013] [4.0] [cxt 0] Applying table 'MyEgress.egress_encap_ipv6'
[02:45:19.254] [bmv2] [D] [thread 161013] [4.0] [cxt 0] Looking up key:
* standard_metadata.egress_port: 0000

[02:45:19.254] [bmv2] [D] [thread 161013] [4.0] [cxt 0] Table 'MyEgress.egress_encap_ipv6': miss
[02:45:19.254] [bmv2] [D] [thread 161013] [4.0] [cxt 0] Action entry is NoAction - 
[02:45:19.254] [bmv2] [T] [thread 161013] [4.0] [cxt 0] Action NoAction
[02:45:19.254] [bmv2] [T] [thread 161013] [4.0] [cxt 0] Applying table 'MyEgress.egress_encap_yequdesu'
[02:45:19.254] [bmv2] [D] [thread 161013] [4.0] [cxt 0] Looking up key:
* standard_metadata.egress_port: 0000

[02:45:19.254] [bmv2] [D] [thread 161013] [4.0] [cxt 0] Table 'MyEgress.egress_encap_yequdesu': miss
[02:45:19.254] [bmv2] [D] [thread 161013] [4.0] [cxt 0] Action entry is NoAction - 
[02:45:19.254] [bmv2] [T] [thread 161013] [4.0] [cxt 0] Action NoAction
[02:45:19.254] [bmv2] [T] [thread 161013] [4.0] [cxt 0] Applying table 'MyEgress.egress_encap_vxlan'
[02:45:19.254] [bmv2] [D] [thread 161013] [4.0] [cxt 0] Looking up key:
* standard_metadata.egress_port: 0000

[02:45:19.254] [bmv2] [D] [thread 161013] [4.0] [cxt 0] Table 'MyEgress.egress_encap_vxlan': miss
[02:45:19.254] [bmv2] [D] [thread 161013] [4.0] [cxt 0] Action entry is NoAction - 
[02:45:19.254] [bmv2] [T] [thread 161013] [4.0] [cxt 0] Action NoAction
[02:45:19.254] [bmv2] [D] [thread 161013] [4.0] [cxt 0] Pipeline 'egress': end
[02:45:19.254] [bmv2] [D] [thread 161013] [4.0] [cxt 0] Deparser 'deparser': start
[02:45:19.254] [bmv2] [T] [thread 161013] [4.0] [cxt 0] Skipping checksum 'cksum' update because condition not met
[02:45:19.254] [bmv2] [D] [thread 161013] [4.0] [cxt 0] Deparsing header 'ethernet'
[02:45:19.254] [bmv2] [D] [thread 161013] [4.0] [cxt 0] Deparsing header 'ipv6'
[02:45:19.254] [bmv2] [D] [thread 161013] [4.0] [cxt 0] Deparser 'deparser': end
[02:45:19.254] [bmv2] [D] [thread 161017] [4.0] [cxt 0] Transmitting packet of size 199 out of port 0
[02:45:19.502] [bmv2] [D] [thread 161012] [5.0] [cxt 0] Processing packet received on port 1
[02:45:19.502] [bmv2] [D] [thread 161012] [5.0] [cxt 0] Parser 'parser': start
[02:45:19.502] [bmv2] [D] [thread 161012] [5.0] [cxt 0] Parser 'parser' entering state 'start'
[02:45:19.502] [bmv2] [D] [thread 161012] [5.0] [cxt 0] Extracting header 'ethernet'
[02:45:19.502] [bmv2] [D] [thread 161012] [5.0] [cxt 0] Parser state 'start': key is 86dd
[02:45:19.502] [bmv2] [T] [thread 161012] [5.0] [cxt 0] Bytes parsed: 14
[02:45:19.502] [bmv2] [D] [thread 161012] [5.0] [cxt 0] Parser 'parser' entering state 'parse_ipv6'
[02:45:19.502] [bmv2] [D] [thread 161012] [5.0] [cxt 0] Extracting header 'ipv6'
[02:45:19.502] [bmv2] [D] [thread 161012] [5.0] [cxt 0] Parser state 'parse_ipv6': key is 3a
[02:45:19.502] [bmv2] [T] [thread 161012] [5.0] [cxt 0] Bytes parsed: 54
[02:45:19.502] [bmv2] [D] [thread 161012] [5.0] [cxt 0] Parser 'parser': end
[02:45:19.502] [bmv2] [D] [thread 161012] [5.0] [cxt 0] Pipeline 'ingress': start
[02:45:19.502] [bmv2] [T] [thread 161012] [5.0] [cxt 0] basic.p4(565) Condition "hdr.ethernet.etherType == TYPE_ARP" (node_2) is false
[02:45:19.502] [bmv2] [T] [thread 161012] [5.0] [cxt 0] basic.p4(568) Condition "hdr.ethernet.etherType == TYPE_SRCROUTING" (node_4) is false
[02:45:19.502] [bmv2] [T] [thread 161012] [5.0] [cxt 0] basic.p4(581) Condition "hdr.ethernet.etherType == TYPE_YEQUDESU" (node_12) is false
[02:45:19.502] [bmv2] [T] [thread 161012] [5.0] [cxt 0] basic.p4(587) Condition "hdr.vxlan.isValid()" (node_15) is false
[02:45:19.502] [bmv2] [T] [thread 161012] [5.0] [cxt 0] basic.p4(591) Condition "hdr.ipv6.isValid()" (node_17) is true
[02:45:19.502] [bmv2] [T] [thread 161012] [5.0] [cxt 0] Applying table 'MyIngress.ipv6_lpm'
[02:45:19.502] [bmv2] [D] [thread 161012] [5.0] [cxt 0] Looking up key:
* hdr.ipv6.dstAddr    : ff020000000000000000000000000002

[02:45:19.502] [bmv2] [D] [thread 161012] [5.0] [cxt 0] Table 'MyIngress.ipv6_lpm': miss
[02:45:19.502] [bmv2] [D] [thread 161012] [5.0] [cxt 0] Action entry is NoAction - 
[02:45:19.502] [bmv2] [T] [thread 161012] [5.0] [cxt 0] Action NoAction
[02:45:19.502] [bmv2] [D] [thread 161012] [5.0] [cxt 0] Pipeline 'ingress': end
[02:45:19.502] [bmv2] [D] [thread 161012] [5.0] [cxt 0] Egress port is 0
[02:45:19.502] [bmv2] [D] [thread 161012] [6.0] [cxt 0] Processing packet received on port 2
[02:45:19.502] [bmv2] [D] [thread 161012] [6.0] [cxt 0] Parser 'parser': start
[02:45:19.502] [bmv2] [D] [thread 161012] [6.0] [cxt 0] Parser 'parser' entering state 'start'
[02:45:19.502] [bmv2] [D] [thread 161012] [6.0] [cxt 0] Extracting header 'ethernet'
[02:45:19.502] [bmv2] [D] [thread 161012] [6.0] [cxt 0] Parser state 'start': key is 86dd
[02:45:19.502] [bmv2] [T] [thread 161012] [6.0] [cxt 0] Bytes parsed: 14
[02:45:19.502] [bmv2] [D] [thread 161012] [6.0] [cxt 0] Parser 'parser' entering state 'parse_ipv6'
[02:45:19.502] [bmv2] [D] [thread 161012] [6.0] [cxt 0] Extracting header 'ipv6'
[02:45:19.502] [bmv2] [D] [thread 161012] [6.0] [cxt 0] Parser state 'parse_ipv6': key is 3a
[02:45:19.502] [bmv2] [T] [thread 161012] [6.0] [cxt 0] Bytes parsed: 54
[02:45:19.502] [bmv2] [D] [thread 161013] [5.0] [cxt 0] Pipeline 'egress': start
[02:45:19.502] [bmv2] [T] [thread 161013] [5.0] [cxt 0] Applying table 'MyEgress.egress_encap_ipv6'
[02:45:19.502] [bmv2] [D] [thread 161013] [5.0] [cxt 0] Looking up key:
* standard_metadata.egress_port: 0000

[02:45:19.502] [bmv2] [D] [thread 161013] [5.0] [cxt 0] Table 'MyEgress.egress_encap_ipv6': miss
[02:45:19.502] [bmv2] [D] [thread 161013] [5.0] [cxt 0] Action entry is NoAction - 
[02:45:19.502] [bmv2] [T] [thread 161013] [5.0] [cxt 0] Action NoAction
[02:45:19.502] [bmv2] [T] [thread 161013] [5.0] [cxt 0] Applying table 'MyEgress.egress_encap_yequdesu'
[02:45:19.502] [bmv2] [D] [thread 161013] [5.0] [cxt 0] Looking up key:
* standard_metadata.egress_port: 0000

[02:45:19.502] [bmv2] [D] [thread 161013] [5.0] [cxt 0] Table 'MyEgress.egress_encap_yequdesu': miss
[02:45:19.502] [bmv2] [D] [thread 161013] [5.0] [cxt 0] Action entry is NoAction - 
[02:45:19.502] [bmv2] [T] [thread 161013] [5.0] [cxt 0] Action NoAction
[02:45:19.502] [bmv2] [T] [thread 161013] [5.0] [cxt 0] Applying table 'MyEgress.egress_encap_vxlan'
[02:45:19.502] [bmv2] [D] [thread 161013] [5.0] [cxt 0] Looking up key:
* standard_metadata.egress_port: 0000

[02:45:19.502] [bmv2] [D] [thread 161013] [5.0] [cxt 0] Table 'MyEgress.egress_encap_vxlan': miss
[02:45:19.502] [bmv2] [D] [thread 161013] [5.0] [cxt 0] Action entry is NoAction - 
[02:45:19.502] [bmv2] [T] [thread 161013] [5.0] [cxt 0] Action NoAction
[02:45:19.502] [bmv2] [D] [thread 161013] [5.0] [cxt 0] Pipeline 'egress': end
[02:45:19.502] [bmv2] [D] [thread 161013] [5.0] [cxt 0] Deparser 'deparser': start
[02:45:19.502] [bmv2] [T] [thread 161013] [5.0] [cxt 0] Skipping checksum 'cksum' update because condition not met
[02:45:19.502] [bmv2] [D] [thread 161013] [5.0] [cxt 0] Deparsing header 'ethernet'
[02:45:19.502] [bmv2] [D] [thread 161013] [5.0] [cxt 0] Deparsing header 'ipv6'
[02:45:19.502] [bmv2] [D] [thread 161013] [5.0] [cxt 0] Deparser 'deparser': end
[02:45:19.502] [bmv2] [D] [thread 161012] [6.0] [cxt 0] Parser 'parser': end
[02:45:19.502] [bmv2] [D] [thread 161012] [6.0] [cxt 0] Pipeline 'ingress': start
[02:45:19.502] [bmv2] [T] [thread 161012] [6.0] [cxt 0] basic.p4(565) Condition "hdr.ethernet.etherType == TYPE_ARP" (node_2) is false
[02:45:19.502] [bmv2] [T] [thread 161012] [6.0] [cxt 0] basic.p4(568) Condition "hdr.ethernet.etherType == TYPE_SRCROUTING" (node_4) is false
[02:45:19.502] [bmv2] [T] [thread 161012] [6.0] [cxt 0] basic.p4(581) Condition "hdr.ethernet.etherType == TYPE_YEQUDESU" (node_12) is false
[02:45:19.502] [bmv2] [T] [thread 161012] [6.0] [cxt 0] basic.p4(587) Condition "hdr.vxlan.isValid()" (node_15) is false
[02:45:19.502] [bmv2] [T] [thread 161012] [6.0] [cxt 0] basic.p4(591) Condition "hdr.ipv6.isValid()" (node_17) is true
[02:45:19.502] [bmv2] [T] [thread 161012] [6.0] [cxt 0] Applying table 'MyIngress.ipv6_lpm'
[02:45:19.502] [bmv2] [D] [thread 161012] [6.0] [cxt 0] Looking up key:
* hdr.ipv6.dstAddr    : ff020000000000000000000000000002

[02:45:19.502] [bmv2] [D] [thread 161012] [6.0] [cxt 0] Table 'MyIngress.ipv6_lpm': miss
[02:45:19.502] [bmv2] [D] [thread 161012] [6.0] [cxt 0] Action entry is NoAction - 
[02:45:19.502] [bmv2] [T] [thread 161012] [6.0] [cxt 0] Action NoAction
[02:45:19.502] [bmv2] [D] [thread 161012] [6.0] [cxt 0] Pipeline 'ingress': end
[02:45:19.502] [bmv2] [D] [thread 161012] [6.0] [cxt 0] Egress port is 0
[02:45:19.502] [bmv2] [D] [thread 161017] [5.0] [cxt 0] Transmitting packet of size 70 out of port 0
[02:45:19.502] [bmv2] [D] [thread 161013] [6.0] [cxt 0] Pipeline 'egress': start
[02:45:19.502] [bmv2] [T] [thread 161013] [6.0] [cxt 0] Applying table 'MyEgress.egress_encap_ipv6'
[02:45:19.502] [bmv2] [D] [thread 161013] [6.0] [cxt 0] Looking up key:
* standard_metadata.egress_port: 0000

[02:45:19.502] [bmv2] [D] [thread 161013] [6.0] [cxt 0] Table 'MyEgress.egress_encap_ipv6': miss
[02:45:19.502] [bmv2] [D] [thread 161013] [6.0] [cxt 0] Action entry is NoAction - 
[02:45:19.502] [bmv2] [T] [thread 161013] [6.0] [cxt 0] Action NoAction
[02:45:19.502] [bmv2] [T] [thread 161013] [6.0] [cxt 0] Applying table 'MyEgress.egress_encap_yequdesu'
[02:45:19.502] [bmv2] [D] [thread 161013] [6.0] [cxt 0] Looking up key:
* standard_metadata.egress_port: 0000

[02:45:19.502] [bmv2] [D] [thread 161013] [6.0] [cxt 0] Table 'MyEgress.egress_encap_yequdesu': miss
[02:45:19.502] [bmv2] [D] [thread 161013] [6.0] [cxt 0] Action entry is NoAction - 
[02:45:19.502] [bmv2] [T] [thread 161013] [6.0] [cxt 0] Action NoAction
[02:45:19.502] [bmv2] [T] [thread 161013] [6.0] [cxt 0] Applying table 'MyEgress.egress_encap_vxlan'
[02:45:19.502] [bmv2] [D] [thread 161013] [6.0] [cxt 0] Looking up key:
* standard_metadata.egress_port: 0000

[02:45:19.502] [bmv2] [D] [thread 161013] [6.0] [cxt 0] Table 'MyEgress.egress_encap_vxlan': miss
[02:45:19.502] [bmv2] [D] [thread 161013] [6.0] [cxt 0] Action entry is NoAction - 
[02:45:19.502] [bmv2] [T] [thread 161013] [6.0] [cxt 0] Action NoAction
[02:45:19.502] [bmv2] [D] [thread 161013] [6.0] [cxt 0] Pipeline 'egress': end
[02:45:19.502] [bmv2] [D] [thread 161013] [6.0] [cxt 0] Deparser 'deparser': start
[02:45:19.502] [bmv2] [T] [thread 161013] [6.0] [cxt 0] Skipping checksum 'cksum' update because condition not met
[02:45:19.502] [bmv2] [D] [thread 161013] [6.0] [cxt 0] Deparsing header 'ethernet'
[02:45:19.502] [bmv2] [D] [thread 161013] [6.0] [cxt 0] Deparsing header 'ipv6'
[02:45:19.502] [bmv2] [D] [thread 161013] [6.0] [cxt 0] Deparser 'deparser': end
[02:45:19.503] [bmv2] [D] [thread 161017] [6.0] [cxt 0] Transmitting packet of size 70 out of port 0
[02:45:19.508] [bmv2] [D] [thread 161012] [7.0] [cxt 0] Processing packet received on port 1
[02:45:19.508] [bmv2] [D] [thread 161012] [7.0] [cxt 0] Parser 'parser': start
[02:45:19.508] [bmv2] [D] [thread 161012] [7.0] [cxt 0] Parser 'parser' entering state 'start'
[02:45:19.508] [bmv2] [D] [thread 161012] [7.0] [cxt 0] Extracting header 'ethernet'
[02:45:19.508] [bmv2] [D] [thread 161012] [7.0] [cxt 0] Parser state 'start': key is 86dd
[02:45:19.508] [bmv2] [T] [thread 161012] [7.0] [cxt 0] Bytes parsed: 14
[02:45:19.508] [bmv2] [D] [thread 161012] [7.0] [cxt 0] Parser 'parser' entering state 'parse_ipv6'
[02:45:19.508] [bmv2] [D] [thread 161012] [7.0] [cxt 0] Extracting header 'ipv6'
[02:45:19.508] [bmv2] [D] [thread 161012] [7.0] [cxt 0] Parser state 'parse_ipv6': key is 11
[02:45:19.508] [bmv2] [T] [thread 161012] [7.0] [cxt 0] Bytes parsed: 54
[02:45:19.508] [bmv2] [D] [thread 161012] [7.0] [cxt 0] Parser 'parser': end
[02:45:19.508] [bmv2] [D] [thread 161012] [7.0] [cxt 0] Pipeline 'ingress': start
[02:45:19.508] [bmv2] [T] [thread 161012] [7.0] [cxt 0] basic.p4(565) Condition "hdr.ethernet.etherType == TYPE_ARP" (node_2) is false
[02:45:19.508] [bmv2] [T] [thread 161012] [7.0] [cxt 0] basic.p4(568) Condition "hdr.ethernet.etherType == TYPE_SRCROUTING" (node_4) is false
[02:45:19.508] [bmv2] [T] [thread 161012] [7.0] [cxt 0] basic.p4(581) Condition "hdr.ethernet.etherType == TYPE_YEQUDESU" (node_12) is false
[02:45:19.508] [bmv2] [T] [thread 161012] [7.0] [cxt 0] basic.p4(587) Condition "hdr.vxlan.isValid()" (node_15) is false
[02:45:19.508] [bmv2] [T] [thread 161012] [7.0] [cxt 0] basic.p4(591) Condition "hdr.ipv6.isValid()" (node_17) is true
[02:45:19.508] [bmv2] [T] [thread 161012] [7.0] [cxt 0] Applying table 'MyIngress.ipv6_lpm'
[02:45:19.508] [bmv2] [D] [thread 161012] [7.0] [cxt 0] Looking up key:
* hdr.ipv6.dstAddr    : ff0200000000000000000000000000fb

[02:45:19.508] [bmv2] [D] [thread 161012] [7.0] [cxt 0] Table 'MyIngress.ipv6_lpm': miss
[02:45:19.508] [bmv2] [D] [thread 161012] [7.0] [cxt 0] Action entry is NoAction - 
[02:45:19.508] [bmv2] [T] [thread 161012] [7.0] [cxt 0] Action NoAction
[02:45:19.508] [bmv2] [D] [thread 161012] [7.0] [cxt 0] Pipeline 'ingress': end
[02:45:19.508] [bmv2] [D] [thread 161012] [7.0] [cxt 0] Egress port is 0
[02:45:19.508] [bmv2] [D] [thread 161013] [7.0] [cxt 0] Pipeline 'egress': start
[02:45:19.508] [bmv2] [T] [thread 161013] [7.0] [cxt 0] Applying table 'MyEgress.egress_encap_ipv6'
[02:45:19.508] [bmv2] [D] [thread 161013] [7.0] [cxt 0] Looking up key:
* standard_metadata.egress_port: 0000

[02:45:19.508] [bmv2] [D] [thread 161013] [7.0] [cxt 0] Table 'MyEgress.egress_encap_ipv6': miss
[02:45:19.508] [bmv2] [D] [thread 161013] [7.0] [cxt 0] Action entry is NoAction - 
[02:45:19.508] [bmv2] [T] [thread 161013] [7.0] [cxt 0] Action NoAction
[02:45:19.508] [bmv2] [T] [thread 161013] [7.0] [cxt 0] Applying table 'MyEgress.egress_encap_yequdesu'
[02:45:19.508] [bmv2] [D] [thread 161013] [7.0] [cxt 0] Looking up key:
* standard_metadata.egress_port: 0000

[02:45:19.508] [bmv2] [D] [thread 161013] [7.0] [cxt 0] Table 'MyEgress.egress_encap_yequdesu': miss
[02:45:19.508] [bmv2] [D] [thread 161013] [7.0] [cxt 0] Action entry is NoAction - 
[02:45:19.508] [bmv2] [T] [thread 161013] [7.0] [cxt 0] Action NoAction
[02:45:19.508] [bmv2] [T] [thread 161013] [7.0] [cxt 0] Applying table 'MyEgress.egress_encap_vxlan'
[02:45:19.508] [bmv2] [D] [thread 161013] [7.0] [cxt 0] Looking up key:
* standard_metadata.egress_port: 0000

[02:45:19.508] [bmv2] [D] [thread 161013] [7.0] [cxt 0] Table 'MyEgress.egress_encap_vxlan': miss
[02:45:19.508] [bmv2] [D] [thread 161013] [7.0] [cxt 0] Action entry is NoAction - 
[02:45:19.508] [bmv2] [T] [thread 161013] [7.0] [cxt 0] Action NoAction
[02:45:19.508] [bmv2] [D] [thread 161013] [7.0] [cxt 0] Pipeline 'egress': end
[02:45:19.508] [bmv2] [D] [thread 161013] [7.0] [cxt 0] Deparser 'deparser': start
[02:45:19.508] [bmv2] [T] [thread 161013] [7.0] [cxt 0] Skipping checksum 'cksum' update because condition not met
[02:45:19.508] [bmv2] [D] [thread 161013] [7.0] [cxt 0] Deparsing header 'ethernet'
[02:45:19.508] [bmv2] [D] [thread 161013] [7.0] [cxt 0] Deparsing header 'ipv6'
[02:45:19.508] [bmv2] [D] [thread 161013] [7.0] [cxt 0] Deparser 'deparser': end
[02:45:19.509] [bmv2] [D] [thread 161017] [7.0] [cxt 0] Transmitting packet of size 199 out of port 0
[02:45:21.550] [bmv2] [D] [thread 161012] [8.0] [cxt 0] Processing packet received on port 2
[02:45:21.550] [bmv2] [D] [thread 161012] [8.0] [cxt 0] Parser 'parser': start
[02:45:21.550] [bmv2] [D] [thread 161012] [8.0] [cxt 0] Parser 'parser' entering state 'start'
[02:45:21.550] [bmv2] [D] [thread 161012] [8.0] [cxt 0] Extracting header 'ethernet'
[02:45:21.550] [bmv2] [D] [thread 161012] [8.0] [cxt 0] Parser state 'start': key is 86dd
[02:45:21.550] [bmv2] [T] [thread 161012] [8.0] [cxt 0] Bytes parsed: 14
[02:45:21.550] [bmv2] [D] [thread 161012] [8.0] [cxt 0] Parser 'parser' entering state 'parse_ipv6'
[02:45:21.550] [bmv2] [D] [thread 161012] [8.0] [cxt 0] Extracting header 'ipv6'
[02:45:21.550] [bmv2] [D] [thread 161012] [8.0] [cxt 0] Parser state 'parse_ipv6': key is 11
[02:45:21.550] [bmv2] [T] [thread 161012] [8.0] [cxt 0] Bytes parsed: 54
[02:45:21.550] [bmv2] [D] [thread 161012] [8.0] [cxt 0] Parser 'parser': end
[02:45:21.550] [bmv2] [D] [thread 161012] [8.0] [cxt 0] Pipeline 'ingress': start
[02:45:21.551] [bmv2] [T] [thread 161012] [8.0] [cxt 0] basic.p4(565) Condition "hdr.ethernet.etherType == TYPE_ARP" (node_2) is false
[02:45:21.551] [bmv2] [T] [thread 161012] [8.0] [cxt 0] basic.p4(568) Condition "hdr.ethernet.etherType == TYPE_SRCROUTING" (node_4) is false
[02:45:21.551] [bmv2] [T] [thread 161012] [8.0] [cxt 0] basic.p4(581) Condition "hdr.ethernet.etherType == TYPE_YEQUDESU" (node_12) is false
[02:45:21.551] [bmv2] [T] [thread 161012] [8.0] [cxt 0] basic.p4(587) Condition "hdr.vxlan.isValid()" (node_15) is false
[02:45:21.551] [bmv2] [T] [thread 161012] [8.0] [cxt 0] basic.p4(591) Condition "hdr.ipv6.isValid()" (node_17) is true
[02:45:21.551] [bmv2] [T] [thread 161012] [8.0] [cxt 0] Applying table 'MyIngress.ipv6_lpm'
[02:45:21.551] [bmv2] [D] [thread 161012] [8.0] [cxt 0] Looking up key:
* hdr.ipv6.dstAddr    : ff0200000000000000000000000000fb

[02:45:21.551] [bmv2] [D] [thread 161012] [8.0] [cxt 0] Table 'MyIngress.ipv6_lpm': miss
[02:45:21.551] [bmv2] [D] [thread 161012] [8.0] [cxt 0] Action entry is NoAction - 
[02:45:21.551] [bmv2] [T] [thread 161012] [8.0] [cxt 0] Action NoAction
[02:45:21.551] [bmv2] [D] [thread 161012] [8.0] [cxt 0] Pipeline 'ingress': end
[02:45:21.551] [bmv2] [D] [thread 161012] [8.0] [cxt 0] Egress port is 0
[02:45:21.551] [bmv2] [D] [thread 161013] [8.0] [cxt 0] Pipeline 'egress': start
[02:45:21.551] [bmv2] [T] [thread 161013] [8.0] [cxt 0] Applying table 'MyEgress.egress_encap_ipv6'
[02:45:21.551] [bmv2] [D] [thread 161013] [8.0] [cxt 0] Looking up key:
* standard_metadata.egress_port: 0000

[02:45:21.551] [bmv2] [D] [thread 161013] [8.0] [cxt 0] Table 'MyEgress.egress_encap_ipv6': miss
[02:45:21.551] [bmv2] [D] [thread 161013] [8.0] [cxt 0] Action entry is NoAction - 
[02:45:21.551] [bmv2] [T] [thread 161013] [8.0] [cxt 0] Action NoAction
[02:45:21.551] [bmv2] [T] [thread 161013] [8.0] [cxt 0] Applying table 'MyEgress.egress_encap_yequdesu'
[02:45:21.551] [bmv2] [D] [thread 161013] [8.0] [cxt 0] Looking up key:
* standard_metadata.egress_port: 0000

[02:45:21.551] [bmv2] [D] [thread 161013] [8.0] [cxt 0] Table 'MyEgress.egress_encap_yequdesu': miss
[02:45:21.551] [bmv2] [D] [thread 161013] [8.0] [cxt 0] Action entry is NoAction - 
[02:45:21.551] [bmv2] [T] [thread 161013] [8.0] [cxt 0] Action NoAction
[02:45:21.551] [bmv2] [T] [thread 161013] [8.0] [cxt 0] Applying table 'MyEgress.egress_encap_vxlan'
[02:45:21.551] [bmv2] [D] [thread 161013] [8.0] [cxt 0] Looking up key:
* standard_metadata.egress_port: 0000

[02:45:21.551] [bmv2] [D] [thread 161013] [8.0] [cxt 0] Table 'MyEgress.egress_encap_vxlan': miss
[02:45:21.551] [bmv2] [D] [thread 161013] [8.0] [cxt 0] Action entry is NoAction - 
[02:45:21.551] [bmv2] [T] [thread 161013] [8.0] [cxt 0] Action NoAction
[02:45:21.551] [bmv2] [D] [thread 161013] [8.0] [cxt 0] Pipeline 'egress': end
[02:45:21.551] [bmv2] [D] [thread 161013] [8.0] [cxt 0] Deparser 'deparser': start
[02:45:21.551] [bmv2] [T] [thread 161013] [8.0] [cxt 0] Skipping checksum 'cksum' update because condition not met
[02:45:21.551] [bmv2] [D] [thread 161013] [8.0] [cxt 0] Deparsing header 'ethernet'
[02:45:21.551] [bmv2] [D] [thread 161013] [8.0] [cxt 0] Deparsing header 'ipv6'
[02:45:21.551] [bmv2] [D] [thread 161013] [8.0] [cxt 0] Deparser 'deparser': end
[02:45:21.551] [bmv2] [D] [thread 161017] [8.0] [cxt 0] Transmitting packet of size 203 out of port 0
[02:45:21.678] [bmv2] [D] [thread 161012] [9.0] [cxt 0] Processing packet received on port 1
[02:45:21.678] [bmv2] [D] [thread 161012] [9.0] [cxt 0] Parser 'parser': start
[02:45:21.678] [bmv2] [D] [thread 161012] [9.0] [cxt 0] Parser 'parser' entering state 'start'
[02:45:21.678] [bmv2] [D] [thread 161012] [9.0] [cxt 0] Extracting header 'ethernet'
[02:45:21.678] [bmv2] [D] [thread 161012] [9.0] [cxt 0] Parser state 'start': key is 86dd
[02:45:21.678] [bmv2] [T] [thread 161012] [9.0] [cxt 0] Bytes parsed: 14
[02:45:21.678] [bmv2] [D] [thread 161012] [9.0] [cxt 0] Parser 'parser' entering state 'parse_ipv6'
[02:45:21.678] [bmv2] [D] [thread 161012] [9.0] [cxt 0] Extracting header 'ipv6'
[02:45:21.678] [bmv2] [D] [thread 161012] [9.0] [cxt 0] Parser state 'parse_ipv6': key is 11
[02:45:21.678] [bmv2] [T] [thread 161012] [9.0] [cxt 0] Bytes parsed: 54
[02:45:21.678] [bmv2] [D] [thread 161012] [9.0] [cxt 0] Parser 'parser': end
[02:45:21.678] [bmv2] [D] [thread 161012] [9.0] [cxt 0] Pipeline 'ingress': start
[02:45:21.678] [bmv2] [T] [thread 161012] [9.0] [cxt 0] basic.p4(565) Condition "hdr.ethernet.etherType == TYPE_ARP" (node_2) is false
[02:45:21.678] [bmv2] [T] [thread 161012] [9.0] [cxt 0] basic.p4(568) Condition "hdr.ethernet.etherType == TYPE_SRCROUTING" (node_4) is false
[02:45:21.678] [bmv2] [T] [thread 161012] [9.0] [cxt 0] basic.p4(581) Condition "hdr.ethernet.etherType == TYPE_YEQUDESU" (node_12) is false
[02:45:21.678] [bmv2] [T] [thread 161012] [9.0] [cxt 0] basic.p4(587) Condition "hdr.vxlan.isValid()" (node_15) is false
[02:45:21.678] [bmv2] [T] [thread 161012] [9.0] [cxt 0] basic.p4(591) Condition "hdr.ipv6.isValid()" (node_17) is true
[02:45:21.678] [bmv2] [T] [thread 161012] [9.0] [cxt 0] Applying table 'MyIngress.ipv6_lpm'
[02:45:21.678] [bmv2] [D] [thread 161012] [9.0] [cxt 0] Looking up key:
* hdr.ipv6.dstAddr    : ff0200000000000000000000000000fb

[02:45:21.678] [bmv2] [D] [thread 161012] [9.0] [cxt 0] Table 'MyIngress.ipv6_lpm': miss
[02:45:21.678] [bmv2] [D] [thread 161012] [9.0] [cxt 0] Action entry is NoAction - 
[02:45:21.678] [bmv2] [T] [thread 161012] [9.0] [cxt 0] Action NoAction
[02:45:21.678] [bmv2] [D] [thread 161012] [9.0] [cxt 0] Pipeline 'ingress': end
[02:45:21.678] [bmv2] [D] [thread 161012] [9.0] [cxt 0] Egress port is 0
[02:45:21.678] [bmv2] [D] [thread 161013] [9.0] [cxt 0] Pipeline 'egress': start
[02:45:21.678] [bmv2] [T] [thread 161013] [9.0] [cxt 0] Applying table 'MyEgress.egress_encap_ipv6'
[02:45:21.678] [bmv2] [D] [thread 161013] [9.0] [cxt 0] Looking up key:
* standard_metadata.egress_port: 0000

[02:45:21.678] [bmv2] [D] [thread 161013] [9.0] [cxt 0] Table 'MyEgress.egress_encap_ipv6': miss
[02:45:21.678] [bmv2] [D] [thread 161013] [9.0] [cxt 0] Action entry is NoAction - 
[02:45:21.678] [bmv2] [T] [thread 161013] [9.0] [cxt 0] Action NoAction
[02:45:21.678] [bmv2] [T] [thread 161013] [9.0] [cxt 0] Applying table 'MyEgress.egress_encap_yequdesu'
[02:45:21.678] [bmv2] [D] [thread 161013] [9.0] [cxt 0] Looking up key:
* standard_metadata.egress_port: 0000

[02:45:21.678] [bmv2] [D] [thread 161013] [9.0] [cxt 0] Table 'MyEgress.egress_encap_yequdesu': miss
[02:45:21.678] [bmv2] [D] [thread 161013] [9.0] [cxt 0] Action entry is NoAction - 
[02:45:21.678] [bmv2] [T] [thread 161013] [9.0] [cxt 0] Action NoAction
[02:45:21.678] [bmv2] [T] [thread 161013] [9.0] [cxt 0] Applying table 'MyEgress.egress_encap_vxlan'
[02:45:21.678] [bmv2] [D] [thread 161013] [9.0] [cxt 0] Looking up key:
* standard_metadata.egress_port: 0000

[02:45:21.678] [bmv2] [D] [thread 161013] [9.0] [cxt 0] Table 'MyEgress.egress_encap_vxlan': miss
[02:45:21.678] [bmv2] [D] [thread 161013] [9.0] [cxt 0] Action entry is NoAction - 
[02:45:21.678] [bmv2] [T] [thread 161013] [9.0] [cxt 0] Action NoAction
[02:45:21.678] [bmv2] [D] [thread 161013] [9.0] [cxt 0] Pipeline 'egress': end
[02:45:21.678] [bmv2] [D] [thread 161013] [9.0] [cxt 0] Deparser 'deparser': start
[02:45:21.678] [bmv2] [T] [thread 161013] [9.0] [cxt 0] Skipping checksum 'cksum' update because condition not met
[02:45:21.678] [bmv2] [D] [thread 161013] [9.0] [cxt 0] Deparsing header 'ethernet'
[02:45:21.678] [bmv2] [D] [thread 161013] [9.0] [cxt 0] Deparsing header 'ipv6'
[02:45:21.678] [bmv2] [D] [thread 161013] [9.0] [cxt 0] Deparser 'deparser': end
[02:45:21.679] [bmv2] [D] [thread 161017] [9.0] [cxt 0] Transmitting packet of size 203 out of port 0
[02:45:21.937] [bmv2] [D] [thread 161012] [10.0] [cxt 0] Processing packet received on port 2
[02:45:21.937] [bmv2] [D] [thread 161012] [10.0] [cxt 0] Parser 'parser': start
[02:45:21.937] [bmv2] [D] [thread 161012] [10.0] [cxt 0] Parser 'parser' entering state 'start'
[02:45:21.937] [bmv2] [D] [thread 161012] [10.0] [cxt 0] Extracting header 'ethernet'
[02:45:21.937] [bmv2] [D] [thread 161012] [10.0] [cxt 0] Parser state 'start': key is 86dd
[02:45:21.937] [bmv2] [T] [thread 161012] [10.0] [cxt 0] Bytes parsed: 14
[02:45:21.937] [bmv2] [D] [thread 161012] [10.0] [cxt 0] Parser 'parser' entering state 'parse_ipv6'
[02:45:21.937] [bmv2] [D] [thread 161012] [10.0] [cxt 0] Extracting header 'ipv6'
[02:45:21.937] [bmv2] [D] [thread 161012] [10.0] [cxt 0] Parser state 'parse_ipv6': key is 11
[02:45:21.937] [bmv2] [T] [thread 161012] [10.0] [cxt 0] Bytes parsed: 54
[02:45:21.937] [bmv2] [D] [thread 161012] [10.0] [cxt 0] Parser 'parser': end
[02:45:21.937] [bmv2] [D] [thread 161012] [10.0] [cxt 0] Pipeline 'ingress': start
[02:45:21.937] [bmv2] [T] [thread 161012] [10.0] [cxt 0] basic.p4(565) Condition "hdr.ethernet.etherType == TYPE_ARP" (node_2) is false
[02:45:21.937] [bmv2] [T] [thread 161012] [10.0] [cxt 0] basic.p4(568) Condition "hdr.ethernet.etherType == TYPE_SRCROUTING" (node_4) is false
[02:45:21.937] [bmv2] [T] [thread 161012] [10.0] [cxt 0] basic.p4(581) Condition "hdr.ethernet.etherType == TYPE_YEQUDESU" (node_12) is false
[02:45:21.937] [bmv2] [T] [thread 161012] [10.0] [cxt 0] basic.p4(587) Condition "hdr.vxlan.isValid()" (node_15) is false
[02:45:21.937] [bmv2] [T] [thread 161012] [10.0] [cxt 0] basic.p4(591) Condition "hdr.ipv6.isValid()" (node_17) is true
[02:45:21.937] [bmv2] [T] [thread 161012] [10.0] [cxt 0] Applying table 'MyIngress.ipv6_lpm'
[02:45:21.937] [bmv2] [D] [thread 161012] [10.0] [cxt 0] Looking up key:
* hdr.ipv6.dstAddr    : ff0200000000000000000000000000fb

[02:45:21.937] [bmv2] [D] [thread 161012] [10.0] [cxt 0] Table 'MyIngress.ipv6_lpm': miss
[02:45:21.937] [bmv2] [D] [thread 161012] [10.0] [cxt 0] Action entry is NoAction - 
[02:45:21.937] [bmv2] [T] [thread 161012] [10.0] [cxt 0] Action NoAction
[02:45:21.937] [bmv2] [D] [thread 161012] [10.0] [cxt 0] Pipeline 'ingress': end
[02:45:21.937] [bmv2] [D] [thread 161012] [10.0] [cxt 0] Egress port is 0
[02:45:21.937] [bmv2] [D] [thread 161013] [10.0] [cxt 0] Pipeline 'egress': start
[02:45:21.937] [bmv2] [T] [thread 161013] [10.0] [cxt 0] Applying table 'MyEgress.egress_encap_ipv6'
[02:45:21.937] [bmv2] [D] [thread 161013] [10.0] [cxt 0] Looking up key:
* standard_metadata.egress_port: 0000

[02:45:21.937] [bmv2] [D] [thread 161013] [10.0] [cxt 0] Table 'MyEgress.egress_encap_ipv6': miss
[02:45:21.937] [bmv2] [D] [thread 161013] [10.0] [cxt 0] Action entry is NoAction - 
[02:45:21.937] [bmv2] [T] [thread 161013] [10.0] [cxt 0] Action NoAction
[02:45:21.937] [bmv2] [T] [thread 161013] [10.0] [cxt 0] Applying table 'MyEgress.egress_encap_yequdesu'
[02:45:21.937] [bmv2] [D] [thread 161013] [10.0] [cxt 0] Looking up key:
* standard_metadata.egress_port: 0000

[02:45:21.937] [bmv2] [D] [thread 161013] [10.0] [cxt 0] Table 'MyEgress.egress_encap_yequdesu': miss
[02:45:21.937] [bmv2] [D] [thread 161013] [10.0] [cxt 0] Action entry is NoAction - 
[02:45:21.937] [bmv2] [T] [thread 161013] [10.0] [cxt 0] Action NoAction
[02:45:21.937] [bmv2] [T] [thread 161013] [10.0] [cxt 0] Applying table 'MyEgress.egress_encap_vxlan'
[02:45:21.937] [bmv2] [D] [thread 161013] [10.0] [cxt 0] Looking up key:
* standard_metadata.egress_port: 0000

[02:45:21.937] [bmv2] [D] [thread 161013] [10.0] [cxt 0] Table 'MyEgress.egress_encap_vxlan': miss
[02:45:21.937] [bmv2] [D] [thread 161013] [10.0] [cxt 0] Action entry is NoAction - 
[02:45:21.937] [bmv2] [T] [thread 161013] [10.0] [cxt 0] Action NoAction
[02:45:21.937] [bmv2] [D] [thread 161013] [10.0] [cxt 0] Pipeline 'egress': end
[02:45:21.937] [bmv2] [D] [thread 161013] [10.0] [cxt 0] Deparser 'deparser': start
[02:45:21.937] [bmv2] [T] [thread 161013] [10.0] [cxt 0] Skipping checksum 'cksum' update because condition not met
[02:45:21.937] [bmv2] [D] [thread 161013] [10.0] [cxt 0] Deparsing header 'ethernet'
[02:45:21.937] [bmv2] [D] [thread 161013] [10.0] [cxt 0] Deparsing header 'ipv6'
[02:45:21.937] [bmv2] [D] [thread 161013] [10.0] [cxt 0] Deparser 'deparser': end
[02:45:21.938] [bmv2] [D] [thread 161017] [10.0] [cxt 0] Transmitting packet of size 203 out of port 0
[02:45:22.190] [bmv2] [D] [thread 161012] [11.0] [cxt 0] Processing packet received on port 1
[02:45:22.190] [bmv2] [D] [thread 161012] [11.0] [cxt 0] Parser 'parser': start
[02:45:22.190] [bmv2] [D] [thread 161012] [11.0] [cxt 0] Parser 'parser' entering state 'start'
[02:45:22.190] [bmv2] [D] [thread 161012] [11.0] [cxt 0] Extracting header 'ethernet'
[02:45:22.190] [bmv2] [D] [thread 161012] [11.0] [cxt 0] Parser state 'start': key is 86dd
[02:45:22.190] [bmv2] [T] [thread 161012] [11.0] [cxt 0] Bytes parsed: 14
[02:45:22.190] [bmv2] [D] [thread 161012] [11.0] [cxt 0] Parser 'parser' entering state 'parse_ipv6'
[02:45:22.190] [bmv2] [D] [thread 161012] [11.0] [cxt 0] Extracting header 'ipv6'
[02:45:22.190] [bmv2] [D] [thread 161012] [11.0] [cxt 0] Parser state 'parse_ipv6': key is 11
[02:45:22.190] [bmv2] [T] [thread 161012] [11.0] [cxt 0] Bytes parsed: 54
[02:45:22.190] [bmv2] [D] [thread 161012] [11.0] [cxt 0] Parser 'parser': end
[02:45:22.190] [bmv2] [D] [thread 161012] [11.0] [cxt 0] Pipeline 'ingress': start
[02:45:22.190] [bmv2] [T] [thread 161012] [11.0] [cxt 0] basic.p4(565) Condition "hdr.ethernet.etherType == TYPE_ARP" (node_2) is false
[02:45:22.190] [bmv2] [T] [thread 161012] [11.0] [cxt 0] basic.p4(568) Condition "hdr.ethernet.etherType == TYPE_SRCROUTING" (node_4) is false
[02:45:22.190] [bmv2] [T] [thread 161012] [11.0] [cxt 0] basic.p4(581) Condition "hdr.ethernet.etherType == TYPE_YEQUDESU" (node_12) is false
[02:45:22.190] [bmv2] [T] [thread 161012] [11.0] [cxt 0] basic.p4(587) Condition "hdr.vxlan.isValid()" (node_15) is false
[02:45:22.190] [bmv2] [T] [thread 161012] [11.0] [cxt 0] basic.p4(591) Condition "hdr.ipv6.isValid()" (node_17) is true
[02:45:22.190] [bmv2] [T] [thread 161012] [11.0] [cxt 0] Applying table 'MyIngress.ipv6_lpm'
[02:45:22.190] [bmv2] [D] [thread 161012] [11.0] [cxt 0] Looking up key:
* hdr.ipv6.dstAddr    : ff0200000000000000000000000000fb

[02:45:22.190] [bmv2] [D] [thread 161012] [11.0] [cxt 0] Table 'MyIngress.ipv6_lpm': miss
[02:45:22.190] [bmv2] [D] [thread 161012] [11.0] [cxt 0] Action entry is NoAction - 
[02:45:22.190] [bmv2] [T] [thread 161012] [11.0] [cxt 0] Action NoAction
[02:45:22.190] [bmv2] [D] [thread 161012] [11.0] [cxt 0] Pipeline 'ingress': end
[02:45:22.190] [bmv2] [D] [thread 161012] [11.0] [cxt 0] Egress port is 0
[02:45:22.190] [bmv2] [D] [thread 161013] [11.0] [cxt 0] Pipeline 'egress': start
[02:45:22.190] [bmv2] [T] [thread 161013] [11.0] [cxt 0] Applying table 'MyEgress.egress_encap_ipv6'
[02:45:22.190] [bmv2] [D] [thread 161013] [11.0] [cxt 0] Looking up key:
* standard_metadata.egress_port: 0000

[02:45:22.190] [bmv2] [D] [thread 161013] [11.0] [cxt 0] Table 'MyEgress.egress_encap_ipv6': miss
[02:45:22.190] [bmv2] [D] [thread 161013] [11.0] [cxt 0] Action entry is NoAction - 
[02:45:22.190] [bmv2] [T] [thread 161013] [11.0] [cxt 0] Action NoAction
[02:45:22.190] [bmv2] [T] [thread 161013] [11.0] [cxt 0] Applying table 'MyEgress.egress_encap_yequdesu'
[02:45:22.190] [bmv2] [D] [thread 161013] [11.0] [cxt 0] Looking up key:
* standard_metadata.egress_port: 0000

[02:45:22.190] [bmv2] [D] [thread 161013] [11.0] [cxt 0] Table 'MyEgress.egress_encap_yequdesu': miss
[02:45:22.190] [bmv2] [D] [thread 161013] [11.0] [cxt 0] Action entry is NoAction - 
[02:45:22.190] [bmv2] [T] [thread 161013] [11.0] [cxt 0] Action NoAction
[02:45:22.190] [bmv2] [T] [thread 161013] [11.0] [cxt 0] Applying table 'MyEgress.egress_encap_vxlan'
[02:45:22.190] [bmv2] [D] [thread 161013] [11.0] [cxt 0] Looking up key:
* standard_metadata.egress_port: 0000

[02:45:22.190] [bmv2] [D] [thread 161013] [11.0] [cxt 0] Table 'MyEgress.egress_encap_vxlan': miss
[02:45:22.190] [bmv2] [D] [thread 161013] [11.0] [cxt 0] Action entry is NoAction - 
[02:45:22.190] [bmv2] [T] [thread 161013] [11.0] [cxt 0] Action NoAction
[02:45:22.190] [bmv2] [D] [thread 161013] [11.0] [cxt 0] Pipeline 'egress': end
[02:45:22.190] [bmv2] [D] [thread 161013] [11.0] [cxt 0] Deparser 'deparser': start
[02:45:22.190] [bmv2] [T] [thread 161013] [11.0] [cxt 0] Skipping checksum 'cksum' update because condition not met
[02:45:22.190] [bmv2] [D] [thread 161013] [11.0] [cxt 0] Deparsing header 'ethernet'
[02:45:22.190] [bmv2] [D] [thread 161013] [11.0] [cxt 0] Deparsing header 'ipv6'
[02:45:22.190] [bmv2] [D] [thread 161013] [11.0] [cxt 0] Deparser 'deparser': end
[02:45:22.190] [bmv2] [D] [thread 161017] [11.0] [cxt 0] Transmitting packet of size 203 out of port 0
[02:45:27.694] [bmv2] [D] [thread 161012] [12.0] [cxt 0] Processing packet received on port 1
[02:45:27.694] [bmv2] [D] [thread 161012] [12.0] [cxt 0] Parser 'parser': start
[02:45:27.694] [bmv2] [D] [thread 161012] [12.0] [cxt 0] Parser 'parser' entering state 'start'
[02:45:27.694] [bmv2] [D] [thread 161012] [12.0] [cxt 0] Extracting header 'ethernet'
[02:45:27.694] [bmv2] [D] [thread 161012] [12.0] [cxt 0] Parser state 'start': key is 86dd
[02:45:27.694] [bmv2] [T] [thread 161012] [12.0] [cxt 0] Bytes parsed: 14
[02:45:27.694] [bmv2] [D] [thread 161012] [12.0] [cxt 0] Parser 'parser' entering state 'parse_ipv6'
[02:45:27.694] [bmv2] [D] [thread 161012] [12.0] [cxt 0] Extracting header 'ipv6'
[02:45:27.694] [bmv2] [D] [thread 161012] [12.0] [cxt 0] Parser state 'parse_ipv6': key is 3a
[02:45:27.694] [bmv2] [T] [thread 161012] [12.0] [cxt 0] Bytes parsed: 54
[02:45:27.694] [bmv2] [D] [thread 161012] [12.0] [cxt 0] Parser 'parser': end
[02:45:27.694] [bmv2] [D] [thread 161012] [12.0] [cxt 0] Pipeline 'ingress': start
[02:45:27.694] [bmv2] [T] [thread 161012] [12.0] [cxt 0] basic.p4(565) Condition "hdr.ethernet.etherType == TYPE_ARP" (node_2) is false
[02:45:27.694] [bmv2] [T] [thread 161012] [12.0] [cxt 0] basic.p4(568) Condition "hdr.ethernet.etherType == TYPE_SRCROUTING" (node_4) is false
[02:45:27.694] [bmv2] [T] [thread 161012] [12.0] [cxt 0] basic.p4(581) Condition "hdr.ethernet.etherType == TYPE_YEQUDESU" (node_12) is false
[02:45:27.694] [bmv2] [T] [thread 161012] [12.0] [cxt 0] basic.p4(587) Condition "hdr.vxlan.isValid()" (node_15) is false
[02:45:27.694] [bmv2] [T] [thread 161012] [12.0] [cxt 0] basic.p4(591) Condition "hdr.ipv6.isValid()" (node_17) is true
[02:45:27.694] [bmv2] [T] [thread 161012] [12.0] [cxt 0] Applying table 'MyIngress.ipv6_lpm'
[02:45:27.694] [bmv2] [D] [thread 161012] [12.0] [cxt 0] Looking up key:
* hdr.ipv6.dstAddr    : ff020000000000000000000000000002

[02:45:27.694] [bmv2] [D] [thread 161012] [12.0] [cxt 0] Table 'MyIngress.ipv6_lpm': miss
[02:45:27.694] [bmv2] [D] [thread 161012] [12.0] [cxt 0] Action entry is NoAction - 
[02:45:27.694] [bmv2] [T] [thread 161012] [12.0] [cxt 0] Action NoAction
[02:45:27.694] [bmv2] [D] [thread 161012] [12.0] [cxt 0] Pipeline 'ingress': end
[02:45:27.694] [bmv2] [D] [thread 161012] [12.0] [cxt 0] Egress port is 0
[02:45:27.694] [bmv2] [D] [thread 161012] [13.0] [cxt 0] Processing packet received on port 2
[02:45:27.694] [bmv2] [D] [thread 161012] [13.0] [cxt 0] Parser 'parser': start
[02:45:27.694] [bmv2] [D] [thread 161012] [13.0] [cxt 0] Parser 'parser' entering state 'start'
[02:45:27.694] [bmv2] [D] [thread 161012] [13.0] [cxt 0] Extracting header 'ethernet'
[02:45:27.694] [bmv2] [D] [thread 161012] [13.0] [cxt 0] Parser state 'start': key is 86dd
[02:45:27.694] [bmv2] [T] [thread 161012] [13.0] [cxt 0] Bytes parsed: 14
[02:45:27.694] [bmv2] [D] [thread 161012] [13.0] [cxt 0] Parser 'parser' entering state 'parse_ipv6'
[02:45:27.694] [bmv2] [D] [thread 161012] [13.0] [cxt 0] Extracting header 'ipv6'
[02:45:27.694] [bmv2] [D] [thread 161012] [13.0] [cxt 0] Parser state 'parse_ipv6': key is 3a
[02:45:27.694] [bmv2] [T] [thread 161012] [13.0] [cxt 0] Bytes parsed: 54
[02:45:27.694] [bmv2] [D] [thread 161012] [13.0] [cxt 0] Parser 'parser': end
[02:45:27.694] [bmv2] [D] [thread 161012] [13.0] [cxt 0] Pipeline 'ingress': start
[02:45:27.694] [bmv2] [T] [thread 161012] [13.0] [cxt 0] basic.p4(565) Condition "hdr.ethernet.etherType == TYPE_ARP" (node_2) is false
[02:45:27.694] [bmv2] [T] [thread 161012] [13.0] [cxt 0] basic.p4(568) Condition "hdr.ethernet.etherType == TYPE_SRCROUTING" (node_4) is false
[02:45:27.694] [bmv2] [T] [thread 161012] [13.0] [cxt 0] basic.p4(581) Condition "hdr.ethernet.etherType == TYPE_YEQUDESU" (node_12) is false
[02:45:27.694] [bmv2] [T] [thread 161012] [13.0] [cxt 0] basic.p4(587) Condition "hdr.vxlan.isValid()" (node_15) is false
[02:45:27.694] [bmv2] [T] [thread 161012] [13.0] [cxt 0] basic.p4(591) Condition "hdr.ipv6.isValid()" (node_17) is true
[02:45:27.694] [bmv2] [T] [thread 161012] [13.0] [cxt 0] Applying table 'MyIngress.ipv6_lpm'
[02:45:27.694] [bmv2] [D] [thread 161012] [13.0] [cxt 0] Looking up key:
* hdr.ipv6.dstAddr    : ff020000000000000000000000000002

[02:45:27.694] [bmv2] [D] [thread 161012] [13.0] [cxt 0] Table 'MyIngress.ipv6_lpm': miss
[02:45:27.694] [bmv2] [D] [thread 161012] [13.0] [cxt 0] Action entry is NoAction - 
[02:45:27.694] [bmv2] [T] [thread 161012] [13.0] [cxt 0] Action NoAction
[02:45:27.694] [bmv2] [D] [thread 161012] [13.0] [cxt 0] Pipeline 'ingress': end
[02:45:27.694] [bmv2] [D] [thread 161012] [13.0] [cxt 0] Egress port is 0
[02:45:27.695] [bmv2] [D] [thread 161013] [12.0] [cxt 0] Pipeline 'egress': start
[02:45:27.695] [bmv2] [T] [thread 161013] [12.0] [cxt 0] Applying table 'MyEgress.egress_encap_ipv6'
[02:45:27.695] [bmv2] [D] [thread 161013] [12.0] [cxt 0] Looking up key:
* standard_metadata.egress_port: 0000

[02:45:27.695] [bmv2] [D] [thread 161013] [12.0] [cxt 0] Table 'MyEgress.egress_encap_ipv6': miss
[02:45:27.695] [bmv2] [D] [thread 161013] [12.0] [cxt 0] Action entry is NoAction - 
[02:45:27.695] [bmv2] [T] [thread 161013] [12.0] [cxt 0] Action NoAction
[02:45:27.695] [bmv2] [T] [thread 161013] [12.0] [cxt 0] Applying table 'MyEgress.egress_encap_yequdesu'
[02:45:27.695] [bmv2] [D] [thread 161013] [12.0] [cxt 0] Looking up key:
* standard_metadata.egress_port: 0000

[02:45:27.695] [bmv2] [D] [thread 161013] [12.0] [cxt 0] Table 'MyEgress.egress_encap_yequdesu': miss
[02:45:27.695] [bmv2] [D] [thread 161013] [12.0] [cxt 0] Action entry is NoAction - 
[02:45:27.695] [bmv2] [T] [thread 161013] [12.0] [cxt 0] Action NoAction
[02:45:27.695] [bmv2] [T] [thread 161013] [12.0] [cxt 0] Applying table 'MyEgress.egress_encap_vxlan'
[02:45:27.695] [bmv2] [D] [thread 161013] [12.0] [cxt 0] Looking up key:
* standard_metadata.egress_port: 0000

[02:45:27.695] [bmv2] [D] [thread 161013] [12.0] [cxt 0] Table 'MyEgress.egress_encap_vxlan': miss
[02:45:27.695] [bmv2] [D] [thread 161013] [12.0] [cxt 0] Action entry is NoAction - 
[02:45:27.695] [bmv2] [T] [thread 161013] [12.0] [cxt 0] Action NoAction
[02:45:27.695] [bmv2] [D] [thread 161013] [12.0] [cxt 0] Pipeline 'egress': end
[02:45:27.695] [bmv2] [D] [thread 161013] [12.0] [cxt 0] Deparser 'deparser': start
[02:45:27.695] [bmv2] [T] [thread 161013] [12.0] [cxt 0] Skipping checksum 'cksum' update because condition not met
[02:45:27.695] [bmv2] [D] [thread 161013] [12.0] [cxt 0] Deparsing header 'ethernet'
[02:45:27.695] [bmv2] [D] [thread 161013] [12.0] [cxt 0] Deparsing header 'ipv6'
[02:45:27.695] [bmv2] [D] [thread 161013] [12.0] [cxt 0] Deparser 'deparser': end
[02:45:27.695] [bmv2] [D] [thread 161013] [13.0] [cxt 0] Pipeline 'egress': start
[02:45:27.695] [bmv2] [T] [thread 161013] [13.0] [cxt 0] Applying table 'MyEgress.egress_encap_ipv6'
[02:45:27.695] [bmv2] [D] [thread 161013] [13.0] [cxt 0] Looking up key:
* standard_metadata.egress_port: 0000

[02:45:27.695] [bmv2] [D] [thread 161013] [13.0] [cxt 0] Table 'MyEgress.egress_encap_ipv6': miss
[02:45:27.695] [bmv2] [D] [thread 161013] [13.0] [cxt 0] Action entry is NoAction - 
[02:45:27.695] [bmv2] [T] [thread 161013] [13.0] [cxt 0] Action NoAction
[02:45:27.695] [bmv2] [T] [thread 161013] [13.0] [cxt 0] Applying table 'MyEgress.egress_encap_yequdesu'
[02:45:27.695] [bmv2] [D] [thread 161013] [13.0] [cxt 0] Looking up key:
* standard_metadata.egress_port: 0000

[02:45:27.695] [bmv2] [D] [thread 161013] [13.0] [cxt 0] Table 'MyEgress.egress_encap_yequdesu': miss
[02:45:27.695] [bmv2] [D] [thread 161013] [13.0] [cxt 0] Action entry is NoAction - 
[02:45:27.695] [bmv2] [T] [thread 161013] [13.0] [cxt 0] Action NoAction
[02:45:27.695] [bmv2] [D] [thread 161017] [12.0] [cxt 0] Transmitting packet of size 70 out of port 0
[02:45:27.695] [bmv2] [T] [thread 161013] [13.0] [cxt 0] Applying table 'MyEgress.egress_encap_vxlan'
[02:45:27.695] [bmv2] [D] [thread 161013] [13.0] [cxt 0] Looking up key:
* standard_metadata.egress_port: 0000

[02:45:27.695] [bmv2] [D] [thread 161013] [13.0] [cxt 0] Table 'MyEgress.egress_encap_vxlan': miss
[02:45:27.695] [bmv2] [D] [thread 161013] [13.0] [cxt 0] Action entry is NoAction - 
[02:45:27.695] [bmv2] [T] [thread 161013] [13.0] [cxt 0] Action NoAction
[02:45:27.695] [bmv2] [D] [thread 161013] [13.0] [cxt 0] Pipeline 'egress': end
[02:45:27.695] [bmv2] [D] [thread 161013] [13.0] [cxt 0] Deparser 'deparser': start
[02:45:27.695] [bmv2] [T] [thread 161013] [13.0] [cxt 0] Skipping checksum 'cksum' update because condition not met
[02:45:27.695] [bmv2] [D] [thread 161013] [13.0] [cxt 0] Deparsing header 'ethernet'
[02:45:27.695] [bmv2] [D] [thread 161013] [13.0] [cxt 0] Deparsing header 'ipv6'
[02:45:27.695] [bmv2] [D] [thread 161013] [13.0] [cxt 0] Deparser 'deparser': end
[02:45:27.695] [bmv2] [D] [thread 161017] [13.0] [cxt 0] Transmitting packet of size 70 out of port 0
[02:45:28.206] [bmv2] [D] [thread 161012] [14.0] [cxt 0] Processing packet received on port 1
[02:45:28.206] [bmv2] [D] [thread 161012] [14.0] [cxt 0] Parser 'parser': start
[02:45:28.206] [bmv2] [D] [thread 161012] [14.0] [cxt 0] Parser 'parser' entering state 'start'
[02:45:28.206] [bmv2] [D] [thread 161012] [14.0] [cxt 0] Extracting header 'ethernet'
[02:45:28.206] [bmv2] [D] [thread 161012] [14.0] [cxt 0] Parser state 'start': key is 86dd
[02:45:28.206] [bmv2] [T] [thread 161012] [14.0] [cxt 0] Bytes parsed: 14
[02:45:28.206] [bmv2] [D] [thread 161012] [14.0] [cxt 0] Parser 'parser' entering state 'parse_ipv6'
[02:45:28.206] [bmv2] [D] [thread 161012] [14.0] [cxt 0] Extracting header 'ipv6'
[02:45:28.206] [bmv2] [D] [thread 161012] [14.0] [cxt 0] Parser state 'parse_ipv6': key is 3a
[02:45:28.206] [bmv2] [T] [thread 161012] [14.0] [cxt 0] Bytes parsed: 54
[02:45:28.206] [bmv2] [D] [thread 161012] [14.0] [cxt 0] Parser 'parser': end
[02:45:28.206] [bmv2] [D] [thread 161012] [14.0] [cxt 0] Pipeline 'ingress': start
[02:45:28.206] [bmv2] [T] [thread 161012] [14.0] [cxt 0] basic.p4(565) Condition "hdr.ethernet.etherType == TYPE_ARP" (node_2) is false
[02:45:28.206] [bmv2] [T] [thread 161012] [14.0] [cxt 0] basic.p4(568) Condition "hdr.ethernet.etherType == TYPE_SRCROUTING" (node_4) is false
[02:45:28.206] [bmv2] [T] [thread 161012] [14.0] [cxt 0] basic.p4(581) Condition "hdr.ethernet.etherType == TYPE_YEQUDESU" (node_12) is false
[02:45:28.206] [bmv2] [T] [thread 161012] [14.0] [cxt 0] basic.p4(587) Condition "hdr.vxlan.isValid()" (node_15) is false
[02:45:28.206] [bmv2] [T] [thread 161012] [14.0] [cxt 0] basic.p4(591) Condition "hdr.ipv6.isValid()" (node_17) is true
[02:45:28.206] [bmv2] [T] [thread 161012] [14.0] [cxt 0] Applying table 'MyIngress.ipv6_lpm'
[02:45:28.206] [bmv2] [D] [thread 161012] [14.0] [cxt 0] Looking up key:
* hdr.ipv6.dstAddr    : ff020000000000000000000000000002

[02:45:28.206] [bmv2] [D] [thread 161012] [14.0] [cxt 0] Table 'MyIngress.ipv6_lpm': miss
[02:45:28.206] [bmv2] [D] [thread 161012] [14.0] [cxt 0] Action entry is NoAction - 
[02:45:28.206] [bmv2] [T] [thread 161012] [14.0] [cxt 0] Action NoAction
[02:45:28.206] [bmv2] [D] [thread 161012] [14.0] [cxt 0] Pipeline 'ingress': end
[02:45:28.206] [bmv2] [D] [thread 161012] [14.0] [cxt 0] Egress port is 0
[02:45:28.206] [bmv2] [D] [thread 161013] [14.0] [cxt 0] Pipeline 'egress': start
[02:45:28.206] [bmv2] [T] [thread 161013] [14.0] [cxt 0] Applying table 'MyEgress.egress_encap_ipv6'
[02:45:28.206] [bmv2] [D] [thread 161013] [14.0] [cxt 0] Looking up key:
* standard_metadata.egress_port: 0000

[02:45:28.206] [bmv2] [D] [thread 161013] [14.0] [cxt 0] Table 'MyEgress.egress_encap_ipv6': miss
[02:45:28.206] [bmv2] [D] [thread 161013] [14.0] [cxt 0] Action entry is NoAction - 
[02:45:28.206] [bmv2] [T] [thread 161013] [14.0] [cxt 0] Action NoAction
[02:45:28.206] [bmv2] [T] [thread 161013] [14.0] [cxt 0] Applying table 'MyEgress.egress_encap_yequdesu'
[02:45:28.206] [bmv2] [D] [thread 161013] [14.0] [cxt 0] Looking up key:
* standard_metadata.egress_port: 0000

[02:45:28.206] [bmv2] [D] [thread 161013] [14.0] [cxt 0] Table 'MyEgress.egress_encap_yequdesu': miss
[02:45:28.206] [bmv2] [D] [thread 161013] [14.0] [cxt 0] Action entry is NoAction - 
[02:45:28.206] [bmv2] [T] [thread 161013] [14.0] [cxt 0] Action NoAction
[02:45:28.206] [bmv2] [T] [thread 161013] [14.0] [cxt 0] Applying table 'MyEgress.egress_encap_vxlan'
[02:45:28.206] [bmv2] [D] [thread 161013] [14.0] [cxt 0] Looking up key:
* standard_metadata.egress_port: 0000

[02:45:28.206] [bmv2] [D] [thread 161013] [14.0] [cxt 0] Table 'MyEgress.egress_encap_vxlan': miss
[02:45:28.206] [bmv2] [D] [thread 161013] [14.0] [cxt 0] Action entry is NoAction - 
[02:45:28.206] [bmv2] [T] [thread 161013] [14.0] [cxt 0] Action NoAction
[02:45:28.206] [bmv2] [D] [thread 161013] [14.0] [cxt 0] Pipeline 'egress': end
[02:45:28.206] [bmv2] [D] [thread 161013] [14.0] [cxt 0] Deparser 'deparser': start
[02:45:28.206] [bmv2] [T] [thread 161013] [14.0] [cxt 0] Skipping checksum 'cksum' update because condition not met
[02:45:28.206] [bmv2] [D] [thread 161013] [14.0] [cxt 0] Deparsing header 'ethernet'
[02:45:28.206] [bmv2] [D] [thread 161013] [14.0] [cxt 0] Deparsing header 'ipv6'
[02:45:28.206] [bmv2] [D] [thread 161013] [14.0] [cxt 0] Deparser 'deparser': end
[02:45:28.207] [bmv2] [D] [thread 161017] [14.0] [cxt 0] Transmitting packet of size 70 out of port 0
[02:45:28.718] [bmv2] [D] [thread 161012] [15.0] [cxt 0] Processing packet received on port 2
[02:45:28.718] [bmv2] [D] [thread 161012] [15.0] [cxt 0] Parser 'parser': start
[02:45:28.718] [bmv2] [D] [thread 161012] [15.0] [cxt 0] Parser 'parser' entering state 'start'
[02:45:28.718] [bmv2] [D] [thread 161012] [15.0] [cxt 0] Extracting header 'ethernet'
[02:45:28.718] [bmv2] [D] [thread 161012] [15.0] [cxt 0] Parser state 'start': key is 86dd
[02:45:28.718] [bmv2] [T] [thread 161012] [15.0] [cxt 0] Bytes parsed: 14
[02:45:28.718] [bmv2] [D] [thread 161012] [15.0] [cxt 0] Parser 'parser' entering state 'parse_ipv6'
[02:45:28.718] [bmv2] [D] [thread 161012] [15.0] [cxt 0] Extracting header 'ipv6'
[02:45:28.718] [bmv2] [D] [thread 161012] [15.0] [cxt 0] Parser state 'parse_ipv6': key is 3a
[02:45:28.718] [bmv2] [T] [thread 161012] [15.0] [cxt 0] Bytes parsed: 54
[02:45:28.718] [bmv2] [D] [thread 161012] [15.0] [cxt 0] Parser 'parser': end
[02:45:28.718] [bmv2] [D] [thread 161012] [15.0] [cxt 0] Pipeline 'ingress': start
[02:45:28.718] [bmv2] [T] [thread 161012] [15.0] [cxt 0] basic.p4(565) Condition "hdr.ethernet.etherType == TYPE_ARP" (node_2) is false
[02:45:28.718] [bmv2] [T] [thread 161012] [15.0] [cxt 0] basic.p4(568) Condition "hdr.ethernet.etherType == TYPE_SRCROUTING" (node_4) is false
[02:45:28.718] [bmv2] [T] [thread 161012] [15.0] [cxt 0] basic.p4(581) Condition "hdr.ethernet.etherType == TYPE_YEQUDESU" (node_12) is false
[02:45:28.718] [bmv2] [T] [thread 161012] [15.0] [cxt 0] basic.p4(587) Condition "hdr.vxlan.isValid()" (node_15) is false
[02:45:28.718] [bmv2] [T] [thread 161012] [15.0] [cxt 0] basic.p4(591) Condition "hdr.ipv6.isValid()" (node_17) is true
[02:45:28.718] [bmv2] [T] [thread 161012] [15.0] [cxt 0] Applying table 'MyIngress.ipv6_lpm'
[02:45:28.718] [bmv2] [D] [thread 161012] [15.0] [cxt 0] Looking up key:
* hdr.ipv6.dstAddr    : ff020000000000000000000000000002

[02:45:28.718] [bmv2] [D] [thread 161012] [15.0] [cxt 0] Table 'MyIngress.ipv6_lpm': miss
[02:45:28.718] [bmv2] [D] [thread 161012] [15.0] [cxt 0] Action entry is NoAction - 
[02:45:28.718] [bmv2] [T] [thread 161012] [15.0] [cxt 0] Action NoAction
[02:45:28.718] [bmv2] [D] [thread 161012] [15.0] [cxt 0] Pipeline 'ingress': end
[02:45:28.718] [bmv2] [D] [thread 161012] [15.0] [cxt 0] Egress port is 0
[02:45:28.718] [bmv2] [D] [thread 161013] [15.0] [cxt 0] Pipeline 'egress': start
[02:45:28.718] [bmv2] [T] [thread 161013] [15.0] [cxt 0] Applying table 'MyEgress.egress_encap_ipv6'
[02:45:28.718] [bmv2] [D] [thread 161013] [15.0] [cxt 0] Looking up key:
* standard_metadata.egress_port: 0000

[02:45:28.718] [bmv2] [D] [thread 161013] [15.0] [cxt 0] Table 'MyEgress.egress_encap_ipv6': miss
[02:45:28.718] [bmv2] [D] [thread 161013] [15.0] [cxt 0] Action entry is NoAction - 
[02:45:28.719] [bmv2] [T] [thread 161013] [15.0] [cxt 0] Action NoAction
[02:45:28.719] [bmv2] [T] [thread 161013] [15.0] [cxt 0] Applying table 'MyEgress.egress_encap_yequdesu'
[02:45:28.719] [bmv2] [D] [thread 161013] [15.0] [cxt 0] Looking up key:
* standard_metadata.egress_port: 0000

[02:45:28.719] [bmv2] [D] [thread 161013] [15.0] [cxt 0] Table 'MyEgress.egress_encap_yequdesu': miss
[02:45:28.719] [bmv2] [D] [thread 161013] [15.0] [cxt 0] Action entry is NoAction - 
[02:45:28.719] [bmv2] [T] [thread 161013] [15.0] [cxt 0] Action NoAction
[02:45:28.719] [bmv2] [T] [thread 161013] [15.0] [cxt 0] Applying table 'MyEgress.egress_encap_vxlan'
[02:45:28.719] [bmv2] [D] [thread 161013] [15.0] [cxt 0] Looking up key:
* standard_metadata.egress_port: 0000

[02:45:28.719] [bmv2] [D] [thread 161013] [15.0] [cxt 0] Table 'MyEgress.egress_encap_vxlan': miss
[02:45:28.719] [bmv2] [D] [thread 161013] [15.0] [cxt 0] Action entry is NoAction - 
[02:45:28.719] [bmv2] [T] [thread 161013] [15.0] [cxt 0] Action NoAction
[02:45:28.719] [bmv2] [D] [thread 161013] [15.0] [cxt 0] Pipeline 'egress': end
[02:45:28.719] [bmv2] [D] [thread 161013] [15.0] [cxt 0] Deparser 'deparser': start
[02:45:28.719] [bmv2] [T] [thread 161013] [15.0] [cxt 0] Skipping checksum 'cksum' update because condition not met
[02:45:28.719] [bmv2] [D] [thread 161013] [15.0] [cxt 0] Deparsing header 'ethernet'
[02:45:28.719] [bmv2] [D] [thread 161013] [15.0] [cxt 0] Deparsing header 'ipv6'
[02:45:28.719] [bmv2] [D] [thread 161013] [15.0] [cxt 0] Deparser 'deparser': end
[02:45:28.719] [bmv2] [D] [thread 161017] [15.0] [cxt 0] Transmitting packet of size 70 out of port 0
[02:45:29.553] [bmv2] [D] [thread 161012] [16.0] [cxt 0] Processing packet received on port 2
[02:45:29.553] [bmv2] [D] [thread 161012] [16.0] [cxt 0] Parser 'parser': start
[02:45:29.553] [bmv2] [D] [thread 161012] [16.0] [cxt 0] Parser 'parser' entering state 'start'
[02:45:29.553] [bmv2] [D] [thread 161012] [16.0] [cxt 0] Extracting header 'ethernet'
[02:45:29.553] [bmv2] [D] [thread 161012] [16.0] [cxt 0] Parser state 'start': key is 86dd
[02:45:29.553] [bmv2] [T] [thread 161012] [16.0] [cxt 0] Bytes parsed: 14
[02:45:29.553] [bmv2] [D] [thread 161012] [16.0] [cxt 0] Parser 'parser' entering state 'parse_ipv6'
[02:45:29.553] [bmv2] [D] [thread 161012] [16.0] [cxt 0] Extracting header 'ipv6'
[02:45:29.553] [bmv2] [D] [thread 161012] [16.0] [cxt 0] Parser state 'parse_ipv6': key is 11
[02:45:29.553] [bmv2] [T] [thread 161012] [16.0] [cxt 0] Bytes parsed: 54
[02:45:29.553] [bmv2] [D] [thread 161012] [16.0] [cxt 0] Parser 'parser': end
[02:45:29.553] [bmv2] [D] [thread 161012] [16.0] [cxt 0] Pipeline 'ingress': start
[02:45:29.553] [bmv2] [T] [thread 161012] [16.0] [cxt 0] basic.p4(565) Condition "hdr.ethernet.etherType == TYPE_ARP" (node_2) is false
[02:45:29.553] [bmv2] [T] [thread 161012] [16.0] [cxt 0] basic.p4(568) Condition "hdr.ethernet.etherType == TYPE_SRCROUTING" (node_4) is false
[02:45:29.553] [bmv2] [T] [thread 161012] [16.0] [cxt 0] basic.p4(581) Condition "hdr.ethernet.etherType == TYPE_YEQUDESU" (node_12) is false
[02:45:29.553] [bmv2] [T] [thread 161012] [16.0] [cxt 0] basic.p4(587) Condition "hdr.vxlan.isValid()" (node_15) is false
[02:45:29.553] [bmv2] [T] [thread 161012] [16.0] [cxt 0] basic.p4(591) Condition "hdr.ipv6.isValid()" (node_17) is true
[02:45:29.553] [bmv2] [T] [thread 161012] [16.0] [cxt 0] Applying table 'MyIngress.ipv6_lpm'
[02:45:29.553] [bmv2] [D] [thread 161012] [16.0] [cxt 0] Looking up key:
* hdr.ipv6.dstAddr    : ff0200000000000000000000000000fb

[02:45:29.553] [bmv2] [D] [thread 161012] [16.0] [cxt 0] Table 'MyIngress.ipv6_lpm': miss
[02:45:29.553] [bmv2] [D] [thread 161012] [16.0] [cxt 0] Action entry is NoAction - 
[02:45:29.553] [bmv2] [T] [thread 161012] [16.0] [cxt 0] Action NoAction
[02:45:29.553] [bmv2] [D] [thread 161012] [16.0] [cxt 0] Pipeline 'ingress': end
[02:45:29.553] [bmv2] [D] [thread 161012] [16.0] [cxt 0] Egress port is 0
[02:45:29.553] [bmv2] [D] [thread 161013] [16.0] [cxt 0] Pipeline 'egress': start
[02:45:29.553] [bmv2] [T] [thread 161013] [16.0] [cxt 0] Applying table 'MyEgress.egress_encap_ipv6'
[02:45:29.553] [bmv2] [D] [thread 161013] [16.0] [cxt 0] Looking up key:
* standard_metadata.egress_port: 0000

[02:45:29.553] [bmv2] [D] [thread 161013] [16.0] [cxt 0] Table 'MyEgress.egress_encap_ipv6': miss
[02:45:29.553] [bmv2] [D] [thread 161013] [16.0] [cxt 0] Action entry is NoAction - 
[02:45:29.553] [bmv2] [T] [thread 161013] [16.0] [cxt 0] Action NoAction
[02:45:29.553] [bmv2] [T] [thread 161013] [16.0] [cxt 0] Applying table 'MyEgress.egress_encap_yequdesu'
[02:45:29.553] [bmv2] [D] [thread 161013] [16.0] [cxt 0] Looking up key:
* standard_metadata.egress_port: 0000

[02:45:29.553] [bmv2] [D] [thread 161013] [16.0] [cxt 0] Table 'MyEgress.egress_encap_yequdesu': miss
[02:45:29.553] [bmv2] [D] [thread 161013] [16.0] [cxt 0] Action entry is NoAction - 
[02:45:29.553] [bmv2] [T] [thread 161013] [16.0] [cxt 0] Action NoAction
[02:45:29.553] [bmv2] [T] [thread 161013] [16.0] [cxt 0] Applying table 'MyEgress.egress_encap_vxlan'
[02:45:29.553] [bmv2] [D] [thread 161013] [16.0] [cxt 0] Looking up key:
* standard_metadata.egress_port: 0000

[02:45:29.553] [bmv2] [D] [thread 161013] [16.0] [cxt 0] Table 'MyEgress.egress_encap_vxlan': miss
[02:45:29.553] [bmv2] [D] [thread 161013] [16.0] [cxt 0] Action entry is NoAction - 
[02:45:29.553] [bmv2] [T] [thread 161013] [16.0] [cxt 0] Action NoAction
[02:45:29.553] [bmv2] [D] [thread 161013] [16.0] [cxt 0] Pipeline 'egress': end
[02:45:29.553] [bmv2] [D] [thread 161013] [16.0] [cxt 0] Deparser 'deparser': start
[02:45:29.553] [bmv2] [T] [thread 161013] [16.0] [cxt 0] Skipping checksum 'cksum' update because condition not met
[02:45:29.553] [bmv2] [D] [thread 161013] [16.0] [cxt 0] Deparsing header 'ethernet'
[02:45:29.553] [bmv2] [D] [thread 161013] [16.0] [cxt 0] Deparsing header 'ipv6'
[02:45:29.553] [bmv2] [D] [thread 161013] [16.0] [cxt 0] Deparser 'deparser': end
[02:45:29.553] [bmv2] [D] [thread 161017] [16.0] [cxt 0] Transmitting packet of size 203 out of port 0
[02:45:29.679] [bmv2] [D] [thread 161012] [17.0] [cxt 0] Processing packet received on port 1
[02:45:29.679] [bmv2] [D] [thread 161012] [17.0] [cxt 0] Parser 'parser': start
[02:45:29.679] [bmv2] [D] [thread 161012] [17.0] [cxt 0] Parser 'parser' entering state 'start'
[02:45:29.679] [bmv2] [D] [thread 161012] [17.0] [cxt 0] Extracting header 'ethernet'
[02:45:29.679] [bmv2] [D] [thread 161012] [17.0] [cxt 0] Parser state 'start': key is 86dd
[02:45:29.679] [bmv2] [T] [thread 161012] [17.0] [cxt 0] Bytes parsed: 14
[02:45:29.679] [bmv2] [D] [thread 161012] [17.0] [cxt 0] Parser 'parser' entering state 'parse_ipv6'
[02:45:29.679] [bmv2] [D] [thread 161012] [17.0] [cxt 0] Extracting header 'ipv6'
[02:45:29.679] [bmv2] [D] [thread 161012] [17.0] [cxt 0] Parser state 'parse_ipv6': key is 11
[02:45:29.679] [bmv2] [T] [thread 161012] [17.0] [cxt 0] Bytes parsed: 54
[02:45:29.679] [bmv2] [D] [thread 161012] [17.0] [cxt 0] Parser 'parser': end
[02:45:29.679] [bmv2] [D] [thread 161012] [17.0] [cxt 0] Pipeline 'ingress': start
[02:45:29.679] [bmv2] [T] [thread 161012] [17.0] [cxt 0] basic.p4(565) Condition "hdr.ethernet.etherType == TYPE_ARP" (node_2) is false
[02:45:29.679] [bmv2] [T] [thread 161012] [17.0] [cxt 0] basic.p4(568) Condition "hdr.ethernet.etherType == TYPE_SRCROUTING" (node_4) is false
[02:45:29.679] [bmv2] [T] [thread 161012] [17.0] [cxt 0] basic.p4(581) Condition "hdr.ethernet.etherType == TYPE_YEQUDESU" (node_12) is false
[02:45:29.679] [bmv2] [T] [thread 161012] [17.0] [cxt 0] basic.p4(587) Condition "hdr.vxlan.isValid()" (node_15) is false
[02:45:29.679] [bmv2] [T] [thread 161012] [17.0] [cxt 0] basic.p4(591) Condition "hdr.ipv6.isValid()" (node_17) is true
[02:45:29.679] [bmv2] [T] [thread 161012] [17.0] [cxt 0] Applying table 'MyIngress.ipv6_lpm'
[02:45:29.680] [bmv2] [D] [thread 161012] [17.0] [cxt 0] Looking up key:
* hdr.ipv6.dstAddr    : ff0200000000000000000000000000fb

[02:45:29.680] [bmv2] [D] [thread 161012] [17.0] [cxt 0] Table 'MyIngress.ipv6_lpm': miss
[02:45:29.680] [bmv2] [D] [thread 161012] [17.0] [cxt 0] Action entry is NoAction - 
[02:45:29.680] [bmv2] [T] [thread 161012] [17.0] [cxt 0] Action NoAction
[02:45:29.680] [bmv2] [D] [thread 161012] [17.0] [cxt 0] Pipeline 'ingress': end
[02:45:29.680] [bmv2] [D] [thread 161012] [17.0] [cxt 0] Egress port is 0
[02:45:29.680] [bmv2] [D] [thread 161013] [17.0] [cxt 0] Pipeline 'egress': start
[02:45:29.680] [bmv2] [T] [thread 161013] [17.0] [cxt 0] Applying table 'MyEgress.egress_encap_ipv6'
[02:45:29.680] [bmv2] [D] [thread 161013] [17.0] [cxt 0] Looking up key:
* standard_metadata.egress_port: 0000

[02:45:29.680] [bmv2] [D] [thread 161013] [17.0] [cxt 0] Table 'MyEgress.egress_encap_ipv6': miss
[02:45:29.680] [bmv2] [D] [thread 161013] [17.0] [cxt 0] Action entry is NoAction - 
[02:45:29.680] [bmv2] [T] [thread 161013] [17.0] [cxt 0] Action NoAction
[02:45:29.680] [bmv2] [T] [thread 161013] [17.0] [cxt 0] Applying table 'MyEgress.egress_encap_yequdesu'
[02:45:29.680] [bmv2] [D] [thread 161013] [17.0] [cxt 0] Looking up key:
* standard_metadata.egress_port: 0000

[02:45:29.680] [bmv2] [D] [thread 161013] [17.0] [cxt 0] Table 'MyEgress.egress_encap_yequdesu': miss
[02:45:29.680] [bmv2] [D] [thread 161013] [17.0] [cxt 0] Action entry is NoAction - 
[02:45:29.680] [bmv2] [T] [thread 161013] [17.0] [cxt 0] Action NoAction
[02:45:29.680] [bmv2] [T] [thread 161013] [17.0] [cxt 0] Applying table 'MyEgress.egress_encap_vxlan'
[02:45:29.680] [bmv2] [D] [thread 161013] [17.0] [cxt 0] Looking up key:
* standard_metadata.egress_port: 0000

[02:45:29.680] [bmv2] [D] [thread 161013] [17.0] [cxt 0] Table 'MyEgress.egress_encap_vxlan': miss
[02:45:29.680] [bmv2] [D] [thread 161013] [17.0] [cxt 0] Action entry is NoAction - 
[02:45:29.680] [bmv2] [T] [thread 161013] [17.0] [cxt 0] Action NoAction
[02:45:29.680] [bmv2] [D] [thread 161013] [17.0] [cxt 0] Pipeline 'egress': end
[02:45:29.680] [bmv2] [D] [thread 161013] [17.0] [cxt 0] Deparser 'deparser': start
[02:45:29.680] [bmv2] [T] [thread 161013] [17.0] [cxt 0] Skipping checksum 'cksum' update because condition not met
[02:45:29.680] [bmv2] [D] [thread 161013] [17.0] [cxt 0] Deparsing header 'ethernet'
[02:45:29.680] [bmv2] [D] [thread 161013] [17.0] [cxt 0] Deparsing header 'ipv6'
[02:45:29.680] [bmv2] [D] [thread 161013] [17.0] [cxt 0] Deparser 'deparser': end
[02:45:29.680] [bmv2] [D] [thread 161017] [17.0] [cxt 0] Transmitting packet of size 203 out of port 0
[02:45:29.937] [bmv2] [D] [thread 161012] [18.0] [cxt 0] Processing packet received on port 2
[02:45:29.937] [bmv2] [D] [thread 161012] [18.0] [cxt 0] Parser 'parser': start
[02:45:29.937] [bmv2] [D] [thread 161012] [18.0] [cxt 0] Parser 'parser' entering state 'start'
[02:45:29.937] [bmv2] [D] [thread 161012] [18.0] [cxt 0] Extracting header 'ethernet'
[02:45:29.937] [bmv2] [D] [thread 161012] [18.0] [cxt 0] Parser state 'start': key is 86dd
[02:45:29.937] [bmv2] [T] [thread 161012] [18.0] [cxt 0] Bytes parsed: 14
[02:45:29.937] [bmv2] [D] [thread 161012] [18.0] [cxt 0] Parser 'parser' entering state 'parse_ipv6'
[02:45:29.937] [bmv2] [D] [thread 161012] [18.0] [cxt 0] Extracting header 'ipv6'
[02:45:29.937] [bmv2] [D] [thread 161012] [18.0] [cxt 0] Parser state 'parse_ipv6': key is 11
[02:45:29.937] [bmv2] [T] [thread 161012] [18.0] [cxt 0] Bytes parsed: 54
[02:45:29.937] [bmv2] [D] [thread 161012] [18.0] [cxt 0] Parser 'parser': end
[02:45:29.937] [bmv2] [D] [thread 161012] [18.0] [cxt 0] Pipeline 'ingress': start
[02:45:29.937] [bmv2] [T] [thread 161012] [18.0] [cxt 0] basic.p4(565) Condition "hdr.ethernet.etherType == TYPE_ARP" (node_2) is false
[02:45:29.937] [bmv2] [T] [thread 161012] [18.0] [cxt 0] basic.p4(568) Condition "hdr.ethernet.etherType == TYPE_SRCROUTING" (node_4) is false
[02:45:29.937] [bmv2] [T] [thread 161012] [18.0] [cxt 0] basic.p4(581) Condition "hdr.ethernet.etherType == TYPE_YEQUDESU" (node_12) is false
[02:45:29.937] [bmv2] [T] [thread 161012] [18.0] [cxt 0] basic.p4(587) Condition "hdr.vxlan.isValid()" (node_15) is false
[02:45:29.937] [bmv2] [T] [thread 161012] [18.0] [cxt 0] basic.p4(591) Condition "hdr.ipv6.isValid()" (node_17) is true
[02:45:29.937] [bmv2] [T] [thread 161012] [18.0] [cxt 0] Applying table 'MyIngress.ipv6_lpm'
[02:45:29.937] [bmv2] [D] [thread 161012] [18.0] [cxt 0] Looking up key:
* hdr.ipv6.dstAddr    : ff0200000000000000000000000000fb

[02:45:29.937] [bmv2] [D] [thread 161012] [18.0] [cxt 0] Table 'MyIngress.ipv6_lpm': miss
[02:45:29.937] [bmv2] [D] [thread 161012] [18.0] [cxt 0] Action entry is NoAction - 
[02:45:29.937] [bmv2] [T] [thread 161012] [18.0] [cxt 0] Action NoAction
[02:45:29.937] [bmv2] [D] [thread 161012] [18.0] [cxt 0] Pipeline 'ingress': end
[02:45:29.937] [bmv2] [D] [thread 161012] [18.0] [cxt 0] Egress port is 0
[02:45:29.938] [bmv2] [D] [thread 161013] [18.0] [cxt 0] Pipeline 'egress': start
[02:45:29.938] [bmv2] [T] [thread 161013] [18.0] [cxt 0] Applying table 'MyEgress.egress_encap_ipv6'
[02:45:29.938] [bmv2] [D] [thread 161013] [18.0] [cxt 0] Looking up key:
* standard_metadata.egress_port: 0000

[02:45:29.938] [bmv2] [D] [thread 161013] [18.0] [cxt 0] Table 'MyEgress.egress_encap_ipv6': miss
[02:45:29.938] [bmv2] [D] [thread 161013] [18.0] [cxt 0] Action entry is NoAction - 
[02:45:29.938] [bmv2] [T] [thread 161013] [18.0] [cxt 0] Action NoAction
[02:45:29.938] [bmv2] [T] [thread 161013] [18.0] [cxt 0] Applying table 'MyEgress.egress_encap_yequdesu'
[02:45:29.938] [bmv2] [D] [thread 161013] [18.0] [cxt 0] Looking up key:
* standard_metadata.egress_port: 0000

[02:45:29.938] [bmv2] [D] [thread 161013] [18.0] [cxt 0] Table 'MyEgress.egress_encap_yequdesu': miss
[02:45:29.938] [bmv2] [D] [thread 161013] [18.0] [cxt 0] Action entry is NoAction - 
[02:45:29.938] [bmv2] [T] [thread 161013] [18.0] [cxt 0] Action NoAction
[02:45:29.938] [bmv2] [T] [thread 161013] [18.0] [cxt 0] Applying table 'MyEgress.egress_encap_vxlan'
[02:45:29.938] [bmv2] [D] [thread 161013] [18.0] [cxt 0] Looking up key:
* standard_metadata.egress_port: 0000

[02:45:29.938] [bmv2] [D] [thread 161013] [18.0] [cxt 0] Table 'MyEgress.egress_encap_vxlan': miss
[02:45:29.938] [bmv2] [D] [thread 161013] [18.0] [cxt 0] Action entry is NoAction - 
[02:45:29.938] [bmv2] [T] [thread 161013] [18.0] [cxt 0] Action NoAction
[02:45:29.938] [bmv2] [D] [thread 161013] [18.0] [cxt 0] Pipeline 'egress': end
[02:45:29.938] [bmv2] [D] [thread 161013] [18.0] [cxt 0] Deparser 'deparser': start
[02:45:29.938] [bmv2] [T] [thread 161013] [18.0] [cxt 0] Skipping checksum 'cksum' update because condition not met
[02:45:29.938] [bmv2] [D] [thread 161013] [18.0] [cxt 0] Deparsing header 'ethernet'
[02:45:29.938] [bmv2] [D] [thread 161013] [18.0] [cxt 0] Deparsing header 'ipv6'
[02:45:29.938] [bmv2] [D] [thread 161013] [18.0] [cxt 0] Deparser 'deparser': end
[02:45:29.938] [bmv2] [D] [thread 161017] [18.0] [cxt 0] Transmitting packet of size 203 out of port 0
[02:45:30.191] [bmv2] [D] [thread 161012] [19.0] [cxt 0] Processing packet received on port 1
[02:45:30.191] [bmv2] [D] [thread 161012] [19.0] [cxt 0] Parser 'parser': start
[02:45:30.191] [bmv2] [D] [thread 161012] [19.0] [cxt 0] Parser 'parser' entering state 'start'
[02:45:30.191] [bmv2] [D] [thread 161012] [19.0] [cxt 0] Extracting header 'ethernet'
[02:45:30.191] [bmv2] [D] [thread 161012] [19.0] [cxt 0] Parser state 'start': key is 86dd
[02:45:30.191] [bmv2] [T] [thread 161012] [19.0] [cxt 0] Bytes parsed: 14
[02:45:30.191] [bmv2] [D] [thread 161012] [19.0] [cxt 0] Parser 'parser' entering state 'parse_ipv6'
[02:45:30.191] [bmv2] [D] [thread 161012] [19.0] [cxt 0] Extracting header 'ipv6'
[02:45:30.191] [bmv2] [D] [thread 161012] [19.0] [cxt 0] Parser state 'parse_ipv6': key is 11
[02:45:30.191] [bmv2] [T] [thread 161012] [19.0] [cxt 0] Bytes parsed: 54
[02:45:30.191] [bmv2] [D] [thread 161012] [19.0] [cxt 0] Parser 'parser': end
[02:45:30.191] [bmv2] [D] [thread 161012] [19.0] [cxt 0] Pipeline 'ingress': start
[02:45:30.191] [bmv2] [T] [thread 161012] [19.0] [cxt 0] basic.p4(565) Condition "hdr.ethernet.etherType == TYPE_ARP" (node_2) is false
[02:45:30.191] [bmv2] [T] [thread 161012] [19.0] [cxt 0] basic.p4(568) Condition "hdr.ethernet.etherType == TYPE_SRCROUTING" (node_4) is false
[02:45:30.191] [bmv2] [T] [thread 161012] [19.0] [cxt 0] basic.p4(581) Condition "hdr.ethernet.etherType == TYPE_YEQUDESU" (node_12) is false
[02:45:30.191] [bmv2] [T] [thread 161012] [19.0] [cxt 0] basic.p4(587) Condition "hdr.vxlan.isValid()" (node_15) is false
[02:45:30.191] [bmv2] [T] [thread 161012] [19.0] [cxt 0] basic.p4(591) Condition "hdr.ipv6.isValid()" (node_17) is true
[02:45:30.191] [bmv2] [T] [thread 161012] [19.0] [cxt 0] Applying table 'MyIngress.ipv6_lpm'
[02:45:30.191] [bmv2] [D] [thread 161012] [19.0] [cxt 0] Looking up key:
* hdr.ipv6.dstAddr    : ff0200000000000000000000000000fb

[02:45:30.191] [bmv2] [D] [thread 161012] [19.0] [cxt 0] Table 'MyIngress.ipv6_lpm': miss
[02:45:30.191] [bmv2] [D] [thread 161012] [19.0] [cxt 0] Action entry is NoAction - 
[02:45:30.191] [bmv2] [T] [thread 161012] [19.0] [cxt 0] Action NoAction
[02:45:30.191] [bmv2] [D] [thread 161012] [19.0] [cxt 0] Pipeline 'ingress': end
[02:45:30.191] [bmv2] [D] [thread 161012] [19.0] [cxt 0] Egress port is 0
[02:45:30.191] [bmv2] [D] [thread 161013] [19.0] [cxt 0] Pipeline 'egress': start
[02:45:30.191] [bmv2] [T] [thread 161013] [19.0] [cxt 0] Applying table 'MyEgress.egress_encap_ipv6'
[02:45:30.191] [bmv2] [D] [thread 161013] [19.0] [cxt 0] Looking up key:
* standard_metadata.egress_port: 0000

[02:45:30.191] [bmv2] [D] [thread 161013] [19.0] [cxt 0] Table 'MyEgress.egress_encap_ipv6': miss
[02:45:30.191] [bmv2] [D] [thread 161013] [19.0] [cxt 0] Action entry is NoAction - 
[02:45:30.191] [bmv2] [T] [thread 161013] [19.0] [cxt 0] Action NoAction
[02:45:30.191] [bmv2] [T] [thread 161013] [19.0] [cxt 0] Applying table 'MyEgress.egress_encap_yequdesu'
[02:45:30.191] [bmv2] [D] [thread 161013] [19.0] [cxt 0] Looking up key:
* standard_metadata.egress_port: 0000

[02:45:30.191] [bmv2] [D] [thread 161013] [19.0] [cxt 0] Table 'MyEgress.egress_encap_yequdesu': miss
[02:45:30.191] [bmv2] [D] [thread 161013] [19.0] [cxt 0] Action entry is NoAction - 
[02:45:30.191] [bmv2] [T] [thread 161013] [19.0] [cxt 0] Action NoAction
[02:45:30.191] [bmv2] [T] [thread 161013] [19.0] [cxt 0] Applying table 'MyEgress.egress_encap_vxlan'
[02:45:30.191] [bmv2] [D] [thread 161013] [19.0] [cxt 0] Looking up key:
* standard_metadata.egress_port: 0000

[02:45:30.191] [bmv2] [D] [thread 161013] [19.0] [cxt 0] Table 'MyEgress.egress_encap_vxlan': miss
[02:45:30.191] [bmv2] [D] [thread 161013] [19.0] [cxt 0] Action entry is NoAction - 
[02:45:30.191] [bmv2] [T] [thread 161013] [19.0] [cxt 0] Action NoAction
[02:45:30.191] [bmv2] [D] [thread 161013] [19.0] [cxt 0] Pipeline 'egress': end
[02:45:30.191] [bmv2] [D] [thread 161013] [19.0] [cxt 0] Deparser 'deparser': start
[02:45:30.191] [bmv2] [T] [thread 161013] [19.0] [cxt 0] Skipping checksum 'cksum' update because condition not met
[02:45:30.191] [bmv2] [D] [thread 161013] [19.0] [cxt 0] Deparsing header 'ethernet'
[02:45:30.191] [bmv2] [D] [thread 161013] [19.0] [cxt 0] Deparsing header 'ipv6'
[02:45:30.191] [bmv2] [D] [thread 161013] [19.0] [cxt 0] Deparser 'deparser': end
[02:45:30.191] [bmv2] [D] [thread 161017] [19.0] [cxt 0] Transmitting packet of size 203 out of port 0
[02:45:30.495] [bmv2] [W] [thread 161202] [P4Runtime] p4::tmp::P4DeviceConfig is deprecated
[02:45:30.501] [bmv2] [D] [thread 161202] Set default default entry for table 'MyIngress.arp_match': MyIngress.drop - 
[02:45:30.501] [bmv2] [D] [thread 161202] Set default default entry for table 'tbl_srcRoute_finish': MyIngress.srcRoute_finish - 
[02:45:30.501] [bmv2] [D] [thread 161202] Set default default entry for table 'MyIngress.ipv4_lpm_src': NoAction - 
[02:45:30.501] [bmv2] [D] [thread 161202] Set default default entry for table 'tbl_srcRoute_nhop': MyIngress.srcRoute_nhop - 
[02:45:30.501] [bmv2] [D] [thread 161202] Set default default entry for table 'tbl_update_ttl': MyIngress.update_ttl - 
[02:45:30.501] [bmv2] [D] [thread 161202] Set default default entry for table 'MyIngress.yequdesu_exact': MyIngress.drop - 
[02:45:30.501] [bmv2] [D] [thread 161202] Set default default entry for table 'MyIngress.vxlan_decap_exact': MyIngress.drop - 
[02:45:30.501] [bmv2] [D] [thread 161202] Set default default entry for table 'MyIngress.ipv6_lpm': NoAction - 
[02:45:30.501] [bmv2] [D] [thread 161202] Set default default entry for table 'MyIngress.vxlan_lpm': NoAction - 
[02:45:30.501] [bmv2] [D] [thread 161202] Set default default entry for table 'MyIngress.modality_schedule': NoAction - 
[02:45:30.501] [bmv2] [D] [thread 161202] Set default default entry for table 'MyIngress.adjudication': NoAction - 
[02:45:30.501] [bmv2] [D] [thread 161202] Set default default entry for table 'MyIngress.ipv4_lpm': NoAction - 
[02:45:30.502] [bmv2] [D] [thread 161202] Set default default entry for table 'MyEgress.egress_encap_ipv6': NoAction - 
[02:45:30.502] [bmv2] [D] [thread 161202] Set default default entry for table 'MyEgress.egress_encap_yequdesu': NoAction - 
[02:45:30.502] [bmv2] [D] [thread 161202] Set default default entry for table 'MyEgress.egress_encap_vxlan': NoAction - 
[02:45:30.503] [bmv2] [D] [thread 161202] simple_switch target has been notified of a config swap
[02:45:44.462] [bmv2] [D] [thread 161012] [20.0] [cxt 0] Processing packet received on port 2
[02:45:44.462] [bmv2] [D] [thread 161012] [20.0] [cxt 0] Parser 'parser': start
[02:45:44.462] [bmv2] [D] [thread 161012] [20.0] [cxt 0] Parser 'parser' entering state 'start'
[02:45:44.462] [bmv2] [D] [thread 161012] [20.0] [cxt 0] Extracting header 'ethernet'
[02:45:44.462] [bmv2] [D] [thread 161012] [20.0] [cxt 0] Parser state 'start': key is 0800
[02:45:44.462] [bmv2] [T] [thread 161012] [20.0] [cxt 0] Bytes parsed: 14
[02:45:44.462] [bmv2] [D] [thread 161012] [20.0] [cxt 0] Parser 'parser' entering state 'parse_ipv4'
[02:45:44.462] [bmv2] [D] [thread 161012] [20.0] [cxt 0] Extracting header 'ipv4'
[02:45:44.462] [bmv2] [D] [thread 161012] [20.0] [cxt 0] Parser state 'parse_ipv4': key is 11
[02:45:44.462] [bmv2] [T] [thread 161012] [20.0] [cxt 0] Bytes parsed: 34
[02:45:44.462] [bmv2] [D] [thread 161012] [20.0] [cxt 0] Parser 'parser' entering state 'parse_udp'
[02:45:44.462] [bmv2] [D] [thread 161012] [20.0] [cxt 0] Extracting header 'udp'
[02:45:44.462] [bmv2] [D] [thread 161012] [20.0] [cxt 0] Parser state 'parse_udp': key is 12b5
[02:45:44.462] [bmv2] [T] [thread 161012] [20.0] [cxt 0] Bytes parsed: 42
[02:45:44.462] [bmv2] [D] [thread 161012] [20.0] [cxt 0] Parser 'parser' entering state 'parse_vxlan'
[02:45:44.462] [bmv2] [D] [thread 161012] [20.0] [cxt 0] Extracting header 'vxlan'
[02:45:44.462] [bmv2] [D] [thread 161012] [20.0] [cxt 0] Extracting header 'inner_ethernet'
[02:45:44.462] [bmv2] [D] [thread 161012] [20.0] [cxt 0] Parser state 'parse_vxlan': key is 5014
[02:45:44.462] [bmv2] [T] [thread 161012] [20.0] [cxt 0] Bytes parsed: 64
[02:45:44.462] [bmv2] [D] [thread 161012] [20.0] [cxt 0] Parser 'parser': end
[02:45:44.462] [bmv2] [D] [thread 161012] [20.0] [cxt 0] Pipeline 'ingress': start
[02:45:44.462] [bmv2] [T] [thread 161012] [20.0] [cxt 0] basic.p4(565) Condition "hdr.ethernet.etherType == TYPE_ARP" (node_2) is false
[02:45:44.462] [bmv2] [T] [thread 161012] [20.0] [cxt 0] basic.p4(568) Condition "hdr.ethernet.etherType == TYPE_SRCROUTING" (node_4) is false
[02:45:44.462] [bmv2] [T] [thread 161012] [20.0] [cxt 0] basic.p4(581) Condition "hdr.ethernet.etherType == TYPE_YEQUDESU" (node_12) is false
[02:45:44.462] [bmv2] [T] [thread 161012] [20.0] [cxt 0] basic.p4(587) Condition "hdr.vxlan.isValid()" (node_15) is true
[02:45:44.462] [bmv2] [T] [thread 161012] [20.0] [cxt 0] Applying table 'MyIngress.vxlan_decap_exact'
[02:45:44.462] [bmv2] [D] [thread 161012] [20.0] [cxt 0] Looking up key:
* hdr.vxlan.vni       : 000065

[02:45:44.462] [bmv2] [D] [thread 161012] [20.0] [cxt 0] Table 'MyIngress.vxlan_decap_exact': miss
[02:45:44.462] [bmv2] [D] [thread 161012] [20.0] [cxt 0] Action entry is MyIngress.drop - 
[02:45:44.462] [bmv2] [T] [thread 161012] [20.0] [cxt 0] Action MyIngress.drop
[02:45:44.462] [bmv2] [T] [thread 161012] [20.0] [cxt 0] basic.p4(233) Primitive mark_to_drop(standard_metadata)
[02:45:44.462] [bmv2] [D] [thread 161012] [20.0] [cxt 0] Pipeline 'ingress': end
[02:45:44.462] [bmv2] [D] [thread 161012] [20.0] [cxt 0] Egress port is 511
[02:45:44.462] [bmv2] [D] [thread 161012] [20.0] [cxt 0] Dropping packet at the end of ingress
[02:45:45.101] [bmv2] [D] [thread 161012] [21.0] [cxt 0] Processing packet received on port 1
[02:45:45.101] [bmv2] [D] [thread 161012] [21.0] [cxt 0] Parser 'parser': start
[02:45:45.101] [bmv2] [D] [thread 161012] [21.0] [cxt 0] Parser 'parser' entering state 'start'
[02:45:45.101] [bmv2] [D] [thread 161012] [21.0] [cxt 0] Extracting header 'ethernet'
[02:45:45.101] [bmv2] [D] [thread 161012] [21.0] [cxt 0] Parser state 'start': key is 86dd
[02:45:45.101] [bmv2] [T] [thread 161012] [21.0] [cxt 0] Bytes parsed: 14
[02:45:45.101] [bmv2] [D] [thread 161012] [21.0] [cxt 0] Parser 'parser' entering state 'parse_ipv6'
[02:45:45.101] [bmv2] [D] [thread 161012] [21.0] [cxt 0] Extracting header 'ipv6'
[02:45:45.101] [bmv2] [D] [thread 161012] [21.0] [cxt 0] Parser state 'parse_ipv6': key is 3a
[02:45:45.101] [bmv2] [T] [thread 161012] [21.0] [cxt 0] Bytes parsed: 54
[02:45:45.101] [bmv2] [D] [thread 161012] [21.0] [cxt 0] Parser 'parser': end
[02:45:45.101] [bmv2] [D] [thread 161012] [21.0] [cxt 0] Pipeline 'ingress': start
[02:45:45.101] [bmv2] [T] [thread 161012] [21.0] [cxt 0] basic.p4(565) Condition "hdr.ethernet.etherType == TYPE_ARP" (node_2) is false
[02:45:45.101] [bmv2] [T] [thread 161012] [21.0] [cxt 0] basic.p4(568) Condition "hdr.ethernet.etherType == TYPE_SRCROUTING" (node_4) is false
[02:45:45.101] [bmv2] [T] [thread 161012] [21.0] [cxt 0] basic.p4(581) Condition "hdr.ethernet.etherType == TYPE_YEQUDESU" (node_12) is false
[02:45:45.101] [bmv2] [T] [thread 161012] [21.0] [cxt 0] basic.p4(587) Condition "hdr.vxlan.isValid()" (node_15) is false
[02:45:45.101] [bmv2] [T] [thread 161012] [21.0] [cxt 0] basic.p4(591) Condition "hdr.ipv6.isValid()" (node_17) is true
[02:45:45.101] [bmv2] [T] [thread 161012] [21.0] [cxt 0] Applying table 'MyIngress.ipv6_lpm'
[02:45:45.101] [bmv2] [D] [thread 161012] [21.0] [cxt 0] Looking up key:
* hdr.ipv6.dstAddr    : ff020000000000000000000000000002

[02:45:45.102] [bmv2] [D] [thread 161012] [21.0] [cxt 0] Table 'MyIngress.ipv6_lpm': miss
[02:45:45.102] [bmv2] [D] [thread 161012] [21.0] [cxt 0] Action entry is NoAction - 
[02:45:45.102] [bmv2] [T] [thread 161012] [21.0] [cxt 0] Action NoAction
[02:45:45.102] [bmv2] [D] [thread 161012] [21.0] [cxt 0] Pipeline 'ingress': end
[02:45:45.102] [bmv2] [D] [thread 161012] [21.0] [cxt 0] Egress port is 0
[02:45:45.102] [bmv2] [D] [thread 161013] [21.0] [cxt 0] Pipeline 'egress': start
[02:45:45.102] [bmv2] [T] [thread 161013] [21.0] [cxt 0] Applying table 'MyEgress.egress_encap_ipv6'
[02:45:45.102] [bmv2] [D] [thread 161013] [21.0] [cxt 0] Looking up key:
* standard_metadata.egress_port: 0000

[02:45:45.102] [bmv2] [D] [thread 161013] [21.0] [cxt 0] Table 'MyEgress.egress_encap_ipv6': miss
[02:45:45.102] [bmv2] [D] [thread 161013] [21.0] [cxt 0] Action entry is NoAction - 
[02:45:45.102] [bmv2] [T] [thread 161013] [21.0] [cxt 0] Action NoAction
[02:45:45.102] [bmv2] [T] [thread 161013] [21.0] [cxt 0] Applying table 'MyEgress.egress_encap_yequdesu'
[02:45:45.102] [bmv2] [D] [thread 161013] [21.0] [cxt 0] Looking up key:
* standard_metadata.egress_port: 0000

[02:45:45.102] [bmv2] [D] [thread 161013] [21.0] [cxt 0] Table 'MyEgress.egress_encap_yequdesu': miss
[02:45:45.102] [bmv2] [D] [thread 161013] [21.0] [cxt 0] Action entry is NoAction - 
[02:45:45.102] [bmv2] [T] [thread 161013] [21.0] [cxt 0] Action NoAction
[02:45:45.102] [bmv2] [T] [thread 161013] [21.0] [cxt 0] Applying table 'MyEgress.egress_encap_vxlan'
[02:45:45.102] [bmv2] [D] [thread 161013] [21.0] [cxt 0] Looking up key:
* standard_metadata.egress_port: 0000

[02:45:45.102] [bmv2] [D] [thread 161013] [21.0] [cxt 0] Table 'MyEgress.egress_encap_vxlan': miss
[02:45:45.102] [bmv2] [D] [thread 161013] [21.0] [cxt 0] Action entry is NoAction - 
[02:45:45.102] [bmv2] [T] [thread 161013] [21.0] [cxt 0] Action NoAction
[02:45:45.102] [bmv2] [D] [thread 161013] [21.0] [cxt 0] Pipeline 'egress': end
[02:45:45.102] [bmv2] [D] [thread 161013] [21.0] [cxt 0] Deparser 'deparser': start
[02:45:45.102] [bmv2] [T] [thread 161013] [21.0] [cxt 0] Skipping checksum 'cksum' update because condition not met
[02:45:45.102] [bmv2] [D] [thread 161013] [21.0] [cxt 0] Deparsing header 'ethernet'
[02:45:45.102] [bmv2] [D] [thread 161013] [21.0] [cxt 0] Deparsing header 'ipv6'
[02:45:45.102] [bmv2] [D] [thread 161013] [21.0] [cxt 0] Deparser 'deparser': end
[02:45:45.102] [bmv2] [D] [thread 161017] [21.0] [cxt 0] Transmitting packet of size 70 out of port 0
[02:45:45.554] [bmv2] [D] [thread 161012] [22.0] [cxt 0] Processing packet received on port 2
[02:45:45.554] [bmv2] [D] [thread 161012] [22.0] [cxt 0] Parser 'parser': start
[02:45:45.554] [bmv2] [D] [thread 161012] [22.0] [cxt 0] Parser 'parser' entering state 'start'
[02:45:45.554] [bmv2] [D] [thread 161012] [22.0] [cxt 0] Extracting header 'ethernet'
[02:45:45.554] [bmv2] [D] [thread 161012] [22.0] [cxt 0] Parser state 'start': key is 86dd
[02:45:45.554] [bmv2] [T] [thread 161012] [22.0] [cxt 0] Bytes parsed: 14
[02:45:45.554] [bmv2] [D] [thread 161012] [22.0] [cxt 0] Parser 'parser' entering state 'parse_ipv6'
[02:45:45.554] [bmv2] [D] [thread 161012] [22.0] [cxt 0] Extracting header 'ipv6'
[02:45:45.554] [bmv2] [D] [thread 161012] [22.0] [cxt 0] Parser state 'parse_ipv6': key is 11
[02:45:45.554] [bmv2] [T] [thread 161012] [22.0] [cxt 0] Bytes parsed: 54
[02:45:45.554] [bmv2] [D] [thread 161012] [22.0] [cxt 0] Parser 'parser': end
[02:45:45.554] [bmv2] [D] [thread 161012] [22.0] [cxt 0] Pipeline 'ingress': start
[02:45:45.554] [bmv2] [T] [thread 161012] [22.0] [cxt 0] basic.p4(565) Condition "hdr.ethernet.etherType == TYPE_ARP" (node_2) is false
[02:45:45.554] [bmv2] [T] [thread 161012] [22.0] [cxt 0] basic.p4(568) Condition "hdr.ethernet.etherType == TYPE_SRCROUTING" (node_4) is false
[02:45:45.554] [bmv2] [T] [thread 161012] [22.0] [cxt 0] basic.p4(581) Condition "hdr.ethernet.etherType == TYPE_YEQUDESU" (node_12) is false
[02:45:45.554] [bmv2] [T] [thread 161012] [22.0] [cxt 0] basic.p4(587) Condition "hdr.vxlan.isValid()" (node_15) is false
[02:45:45.554] [bmv2] [T] [thread 161012] [22.0] [cxt 0] basic.p4(591) Condition "hdr.ipv6.isValid()" (node_17) is true
[02:45:45.554] [bmv2] [T] [thread 161012] [22.0] [cxt 0] Applying table 'MyIngress.ipv6_lpm'
[02:45:45.554] [bmv2] [D] [thread 161012] [22.0] [cxt 0] Looking up key:
* hdr.ipv6.dstAddr    : ff0200000000000000000000000000fb

[02:45:45.554] [bmv2] [D] [thread 161012] [22.0] [cxt 0] Table 'MyIngress.ipv6_lpm': miss
[02:45:45.554] [bmv2] [D] [thread 161012] [22.0] [cxt 0] Action entry is NoAction - 
[02:45:45.554] [bmv2] [T] [thread 161012] [22.0] [cxt 0] Action NoAction
[02:45:45.554] [bmv2] [D] [thread 161012] [22.0] [cxt 0] Pipeline 'ingress': end
[02:45:45.554] [bmv2] [D] [thread 161012] [22.0] [cxt 0] Egress port is 0
[02:45:45.554] [bmv2] [D] [thread 161013] [22.0] [cxt 0] Pipeline 'egress': start
[02:45:45.554] [bmv2] [T] [thread 161013] [22.0] [cxt 0] Applying table 'MyEgress.egress_encap_ipv6'
[02:45:45.554] [bmv2] [D] [thread 161013] [22.0] [cxt 0] Looking up key:
* standard_metadata.egress_port: 0000

[02:45:45.554] [bmv2] [D] [thread 161013] [22.0] [cxt 0] Table 'MyEgress.egress_encap_ipv6': miss
[02:45:45.554] [bmv2] [D] [thread 161013] [22.0] [cxt 0] Action entry is NoAction - 
[02:45:45.554] [bmv2] [T] [thread 161013] [22.0] [cxt 0] Action NoAction
[02:45:45.554] [bmv2] [T] [thread 161013] [22.0] [cxt 0] Applying table 'MyEgress.egress_encap_yequdesu'
[02:45:45.554] [bmv2] [D] [thread 161013] [22.0] [cxt 0] Looking up key:
* standard_metadata.egress_port: 0000

[02:45:45.554] [bmv2] [D] [thread 161013] [22.0] [cxt 0] Table 'MyEgress.egress_encap_yequdesu': miss
[02:45:45.554] [bmv2] [D] [thread 161013] [22.0] [cxt 0] Action entry is NoAction - 
[02:45:45.554] [bmv2] [T] [thread 161013] [22.0] [cxt 0] Action NoAction
[02:45:45.554] [bmv2] [T] [thread 161013] [22.0] [cxt 0] Applying table 'MyEgress.egress_encap_vxlan'
[02:45:45.554] [bmv2] [D] [thread 161013] [22.0] [cxt 0] Looking up key:
* standard_metadata.egress_port: 0000

[02:45:45.554] [bmv2] [D] [thread 161013] [22.0] [cxt 0] Table 'MyEgress.egress_encap_vxlan': miss
[02:45:45.554] [bmv2] [D] [thread 161013] [22.0] [cxt 0] Action entry is NoAction - 
[02:45:45.554] [bmv2] [T] [thread 161013] [22.0] [cxt 0] Action NoAction
[02:45:45.554] [bmv2] [D] [thread 161013] [22.0] [cxt 0] Pipeline 'egress': end
[02:45:45.554] [bmv2] [D] [thread 161013] [22.0] [cxt 0] Deparser 'deparser': start
[02:45:45.554] [bmv2] [T] [thread 161013] [22.0] [cxt 0] Skipping checksum 'cksum' update because condition not met
[02:45:45.554] [bmv2] [D] [thread 161013] [22.0] [cxt 0] Deparsing header 'ethernet'
[02:45:45.554] [bmv2] [D] [thread 161013] [22.0] [cxt 0] Deparsing header 'ipv6'
[02:45:45.554] [bmv2] [D] [thread 161013] [22.0] [cxt 0] Deparser 'deparser': end
[02:45:45.554] [bmv2] [D] [thread 161017] [22.0] [cxt 0] Transmitting packet of size 203 out of port 0
[02:45:45.614] [bmv2] [D] [thread 161012] [23.0] [cxt 0] Processing packet received on port 1
[02:45:45.614] [bmv2] [D] [thread 161012] [23.0] [cxt 0] Parser 'parser': start
[02:45:45.614] [bmv2] [D] [thread 161012] [23.0] [cxt 0] Parser 'parser' entering state 'start'
[02:45:45.614] [bmv2] [D] [thread 161012] [23.0] [cxt 0] Extracting header 'ethernet'
[02:45:45.614] [bmv2] [D] [thread 161012] [23.0] [cxt 0] Parser state 'start': key is 86dd
[02:45:45.614] [bmv2] [T] [thread 161012] [23.0] [cxt 0] Bytes parsed: 14
[02:45:45.614] [bmv2] [D] [thread 161012] [23.0] [cxt 0] Parser 'parser' entering state 'parse_ipv6'
[02:45:45.614] [bmv2] [D] [thread 161012] [23.0] [cxt 0] Extracting header 'ipv6'
[02:45:45.614] [bmv2] [D] [thread 161012] [23.0] [cxt 0] Parser state 'parse_ipv6': key is 3a
[02:45:45.614] [bmv2] [T] [thread 161012] [23.0] [cxt 0] Bytes parsed: 54
[02:45:45.614] [bmv2] [D] [thread 161012] [23.0] [cxt 0] Parser 'parser': end
[02:45:45.614] [bmv2] [D] [thread 161012] [23.0] [cxt 0] Pipeline 'ingress': start
[02:45:45.614] [bmv2] [T] [thread 161012] [23.0] [cxt 0] basic.p4(565) Condition "hdr.ethernet.etherType == TYPE_ARP" (node_2) is false
[02:45:45.614] [bmv2] [T] [thread 161012] [23.0] [cxt 0] basic.p4(568) Condition "hdr.ethernet.etherType == TYPE_SRCROUTING" (node_4) is false
[02:45:45.614] [bmv2] [T] [thread 161012] [23.0] [cxt 0] basic.p4(581) Condition "hdr.ethernet.etherType == TYPE_YEQUDESU" (node_12) is false
[02:45:45.614] [bmv2] [T] [thread 161012] [23.0] [cxt 0] basic.p4(587) Condition "hdr.vxlan.isValid()" (node_15) is false
[02:45:45.614] [bmv2] [T] [thread 161012] [23.0] [cxt 0] basic.p4(591) Condition "hdr.ipv6.isValid()" (node_17) is true
[02:45:45.614] [bmv2] [T] [thread 161012] [23.0] [cxt 0] Applying table 'MyIngress.ipv6_lpm'
[02:45:45.614] [bmv2] [D] [thread 161012] [23.0] [cxt 0] Looking up key:
* hdr.ipv6.dstAddr    : ff020000000000000000000000000002

[02:45:45.614] [bmv2] [D] [thread 161012] [23.0] [cxt 0] Table 'MyIngress.ipv6_lpm': miss
[02:45:45.614] [bmv2] [D] [thread 161012] [23.0] [cxt 0] Action entry is NoAction - 
[02:45:45.614] [bmv2] [T] [thread 161012] [23.0] [cxt 0] Action NoAction
[02:45:45.614] [bmv2] [D] [thread 161012] [23.0] [cxt 0] Pipeline 'ingress': end
[02:45:45.614] [bmv2] [D] [thread 161012] [23.0] [cxt 0] Egress port is 0
[02:45:45.614] [bmv2] [D] [thread 161012] [24.0] [cxt 0] Processing packet received on port 2
[02:45:45.614] [bmv2] [D] [thread 161012] [24.0] [cxt 0] Parser 'parser': start
[02:45:45.614] [bmv2] [D] [thread 161012] [24.0] [cxt 0] Parser 'parser' entering state 'start'
[02:45:45.614] [bmv2] [D] [thread 161012] [24.0] [cxt 0] Extracting header 'ethernet'
[02:45:45.615] [bmv2] [D] [thread 161012] [24.0] [cxt 0] Parser state 'start': key is 86dd
[02:45:45.615] [bmv2] [T] [thread 161012] [24.0] [cxt 0] Bytes parsed: 14
[02:45:45.615] [bmv2] [D] [thread 161012] [24.0] [cxt 0] Parser 'parser' entering state 'parse_ipv6'
[02:45:45.615] [bmv2] [D] [thread 161012] [24.0] [cxt 0] Extracting header 'ipv6'
[02:45:45.615] [bmv2] [D] [thread 161012] [24.0] [cxt 0] Parser state 'parse_ipv6': key is 3a
[02:45:45.615] [bmv2] [T] [thread 161012] [24.0] [cxt 0] Bytes parsed: 54
[02:45:45.615] [bmv2] [D] [thread 161012] [24.0] [cxt 0] Parser 'parser': end
[02:45:45.615] [bmv2] [D] [thread 161012] [24.0] [cxt 0] Pipeline 'ingress': start
[02:45:45.615] [bmv2] [T] [thread 161012] [24.0] [cxt 0] basic.p4(565) Condition "hdr.ethernet.etherType == TYPE_ARP" (node_2) is false
[02:45:45.615] [bmv2] [T] [thread 161012] [24.0] [cxt 0] basic.p4(568) Condition "hdr.ethernet.etherType == TYPE_SRCROUTING" (node_4) is false
[02:45:45.615] [bmv2] [T] [thread 161012] [24.0] [cxt 0] basic.p4(581) Condition "hdr.ethernet.etherType == TYPE_YEQUDESU" (node_12) is false
[02:45:45.615] [bmv2] [T] [thread 161012] [24.0] [cxt 0] basic.p4(587) Condition "hdr.vxlan.isValid()" (node_15) is false
[02:45:45.615] [bmv2] [T] [thread 161012] [24.0] [cxt 0] basic.p4(591) Condition "hdr.ipv6.isValid()" (node_17) is true
[02:45:45.615] [bmv2] [T] [thread 161012] [24.0] [cxt 0] Applying table 'MyIngress.ipv6_lpm'
[02:45:45.615] [bmv2] [D] [thread 161012] [24.0] [cxt 0] Looking up key:
* hdr.ipv6.dstAddr    : ff020000000000000000000000000002

[02:45:45.615] [bmv2] [D] [thread 161012] [24.0] [cxt 0] Table 'MyIngress.ipv6_lpm': miss
[02:45:45.615] [bmv2] [D] [thread 161012] [24.0] [cxt 0] Action entry is NoAction - 
[02:45:45.615] [bmv2] [T] [thread 161012] [24.0] [cxt 0] Action NoAction
[02:45:45.615] [bmv2] [D] [thread 161012] [24.0] [cxt 0] Pipeline 'ingress': end
[02:45:45.615] [bmv2] [D] [thread 161012] [24.0] [cxt 0] Egress port is 0
[02:45:45.615] [bmv2] [D] [thread 161013] [23.0] [cxt 0] Pipeline 'egress': start
[02:45:45.615] [bmv2] [T] [thread 161013] [23.0] [cxt 0] Applying table 'MyEgress.egress_encap_ipv6'
[02:45:45.615] [bmv2] [D] [thread 161013] [23.0] [cxt 0] Looking up key:
* standard_metadata.egress_port: 0000

[02:45:45.615] [bmv2] [D] [thread 161013] [23.0] [cxt 0] Table 'MyEgress.egress_encap_ipv6': miss
[02:45:45.615] [bmv2] [D] [thread 161013] [23.0] [cxt 0] Action entry is NoAction - 
[02:45:45.615] [bmv2] [T] [thread 161013] [23.0] [cxt 0] Action NoAction
[02:45:45.615] [bmv2] [T] [thread 161013] [23.0] [cxt 0] Applying table 'MyEgress.egress_encap_yequdesu'
[02:45:45.615] [bmv2] [D] [thread 161013] [23.0] [cxt 0] Looking up key:
* standard_metadata.egress_port: 0000

[02:45:45.615] [bmv2] [D] [thread 161013] [23.0] [cxt 0] Table 'MyEgress.egress_encap_yequdesu': miss
[02:45:45.615] [bmv2] [D] [thread 161013] [23.0] [cxt 0] Action entry is NoAction - 
[02:45:45.615] [bmv2] [T] [thread 161013] [23.0] [cxt 0] Action NoAction
[02:45:45.615] [bmv2] [T] [thread 161013] [23.0] [cxt 0] Applying table 'MyEgress.egress_encap_vxlan'
[02:45:45.615] [bmv2] [D] [thread 161013] [23.0] [cxt 0] Looking up key:
* standard_metadata.egress_port: 0000

[02:45:45.615] [bmv2] [D] [thread 161013] [23.0] [cxt 0] Table 'MyEgress.egress_encap_vxlan': miss
[02:45:45.615] [bmv2] [D] [thread 161013] [23.0] [cxt 0] Action entry is NoAction - 
[02:45:45.615] [bmv2] [T] [thread 161013] [23.0] [cxt 0] Action NoAction
[02:45:45.615] [bmv2] [D] [thread 161013] [23.0] [cxt 0] Pipeline 'egress': end
[02:45:45.615] [bmv2] [D] [thread 161013] [23.0] [cxt 0] Deparser 'deparser': start
[02:45:45.615] [bmv2] [T] [thread 161013] [23.0] [cxt 0] Skipping checksum 'cksum' update because condition not met
[02:45:45.615] [bmv2] [D] [thread 161013] [23.0] [cxt 0] Deparsing header 'ethernet'
[02:45:45.615] [bmv2] [D] [thread 161013] [23.0] [cxt 0] Deparsing header 'ipv6'
[02:45:45.615] [bmv2] [D] [thread 161013] [23.0] [cxt 0] Deparser 'deparser': end
[02:45:45.615] [bmv2] [D] [thread 161013] [24.0] [cxt 0] Pipeline 'egress': start
[02:45:45.615] [bmv2] [T] [thread 161013] [24.0] [cxt 0] Applying table 'MyEgress.egress_encap_ipv6'
[02:45:45.615] [bmv2] [D] [thread 161013] [24.0] [cxt 0] Looking up key:
* standard_metadata.egress_port: 0000

[02:45:45.615] [bmv2] [D] [thread 161013] [24.0] [cxt 0] Table 'MyEgress.egress_encap_ipv6': miss
[02:45:45.615] [bmv2] [D] [thread 161013] [24.0] [cxt 0] Action entry is NoAction - 
[02:45:45.615] [bmv2] [T] [thread 161013] [24.0] [cxt 0] Action NoAction
[02:45:45.615] [bmv2] [T] [thread 161013] [24.0] [cxt 0] Applying table 'MyEgress.egress_encap_yequdesu'
[02:45:45.615] [bmv2] [D] [thread 161013] [24.0] [cxt 0] Looking up key:
* standard_metadata.egress_port: 0000

[02:45:45.615] [bmv2] [D] [thread 161013] [24.0] [cxt 0] Table 'MyEgress.egress_encap_yequdesu': miss
[02:45:45.615] [bmv2] [D] [thread 161013] [24.0] [cxt 0] Action entry is NoAction - 
[02:45:45.615] [bmv2] [T] [thread 161013] [24.0] [cxt 0] Action NoAction
[02:45:45.615] [bmv2] [T] [thread 161013] [24.0] [cxt 0] Applying table 'MyEgress.egress_encap_vxlan'
[02:45:45.615] [bmv2] [D] [thread 161013] [24.0] [cxt 0] Looking up key:
* standard_metadata.egress_port: 0000

[02:45:45.615] [bmv2] [D] [thread 161013] [24.0] [cxt 0] Table 'MyEgress.egress_encap_vxlan': miss
[02:45:45.615] [bmv2] [D] [thread 161013] [24.0] [cxt 0] Action entry is NoAction - 
[02:45:45.615] [bmv2] [T] [thread 161013] [24.0] [cxt 0] Action NoAction
[02:45:45.615] [bmv2] [D] [thread 161013] [24.0] [cxt 0] Pipeline 'egress': end
[02:45:45.615] [bmv2] [D] [thread 161013] [24.0] [cxt 0] Deparser 'deparser': start
[02:45:45.615] [bmv2] [T] [thread 161013] [24.0] [cxt 0] Skipping checksum 'cksum' update because condition not met
[02:45:45.615] [bmv2] [D] [thread 161013] [24.0] [cxt 0] Deparsing header 'ethernet'
[02:45:45.615] [bmv2] [D] [thread 161017] [23.0] [cxt 0] Transmitting packet of size 70 out of port 0
[02:45:45.615] [bmv2] [D] [thread 161013] [24.0] [cxt 0] Deparsing header 'ipv6'
[02:45:45.615] [bmv2] [D] [thread 161013] [24.0] [cxt 0] Deparser 'deparser': end
[02:45:45.615] [bmv2] [D] [thread 161017] [24.0] [cxt 0] Transmitting packet of size 70 out of port 0
[02:45:45.617] [bmv2] [D] [thread 161012] [25.0] [cxt 0] Processing packet received on port 2
[02:45:45.617] [bmv2] [D] [thread 161012] [25.0] [cxt 0] Parser 'parser': start
[02:45:45.617] [bmv2] [D] [thread 161012] [25.0] [cxt 0] Parser 'parser' entering state 'start'
[02:45:45.617] [bmv2] [D] [thread 161012] [25.0] [cxt 0] Extracting header 'ethernet'
[02:45:45.617] [bmv2] [D] [thread 161012] [25.0] [cxt 0] Parser state 'start': key is 0800
[02:45:45.617] [bmv2] [T] [thread 161012] [25.0] [cxt 0] Bytes parsed: 14
[02:45:45.617] [bmv2] [D] [thread 161012] [25.0] [cxt 0] Parser 'parser' entering state 'parse_ipv4'
[02:45:45.617] [bmv2] [D] [thread 161012] [25.0] [cxt 0] Extracting header 'ipv4'
[02:45:45.617] [bmv2] [D] [thread 161012] [25.0] [cxt 0] Parser state 'parse_ipv4': key is 11
[02:45:45.617] [bmv2] [T] [thread 161012] [25.0] [cxt 0] Bytes parsed: 34
[02:45:45.617] [bmv2] [D] [thread 161012] [25.0] [cxt 0] Parser 'parser' entering state 'parse_udp'
[02:45:45.617] [bmv2] [D] [thread 161012] [25.0] [cxt 0] Extracting header 'udp'
[02:45:45.617] [bmv2] [D] [thread 161012] [25.0] [cxt 0] Parser state 'parse_udp': key is 12b5
[02:45:45.617] [bmv2] [T] [thread 161012] [25.0] [cxt 0] Bytes parsed: 42
[02:45:45.617] [bmv2] [D] [thread 161012] [25.0] [cxt 0] Parser 'parser' entering state 'parse_vxlan'
[02:45:45.617] [bmv2] [D] [thread 161012] [25.0] [cxt 0] Extracting header 'vxlan'
[02:45:45.617] [bmv2] [D] [thread 161012] [25.0] [cxt 0] Extracting header 'inner_ethernet'
[02:45:45.617] [bmv2] [D] [thread 161012] [25.0] [cxt 0] Parser state 'parse_vxlan': key is 5014
[02:45:45.617] [bmv2] [T] [thread 161012] [25.0] [cxt 0] Bytes parsed: 64
[02:45:45.617] [bmv2] [D] [thread 161012] [25.0] [cxt 0] Parser 'parser': end
[02:45:45.617] [bmv2] [D] [thread 161012] [25.0] [cxt 0] Pipeline 'ingress': start
[02:45:45.617] [bmv2] [T] [thread 161012] [25.0] [cxt 0] basic.p4(565) Condition "hdr.ethernet.etherType == TYPE_ARP" (node_2) is false
[02:45:45.617] [bmv2] [T] [thread 161012] [25.0] [cxt 0] basic.p4(568) Condition "hdr.ethernet.etherType == TYPE_SRCROUTING" (node_4) is false
[02:45:45.617] [bmv2] [T] [thread 161012] [25.0] [cxt 0] basic.p4(581) Condition "hdr.ethernet.etherType == TYPE_YEQUDESU" (node_12) is false
[02:45:45.617] [bmv2] [T] [thread 161012] [25.0] [cxt 0] basic.p4(587) Condition "hdr.vxlan.isValid()" (node_15) is true
[02:45:45.617] [bmv2] [T] [thread 161012] [25.0] [cxt 0] Applying table 'MyIngress.vxlan_decap_exact'
[02:45:45.617] [bmv2] [D] [thread 161012] [25.0] [cxt 0] Looking up key:
* hdr.vxlan.vni       : 000065

[02:45:45.617] [bmv2] [D] [thread 161012] [25.0] [cxt 0] Table 'MyIngress.vxlan_decap_exact': miss
[02:45:45.617] [bmv2] [D] [thread 161012] [25.0] [cxt 0] Action entry is MyIngress.drop - 
[02:45:45.617] [bmv2] [T] [thread 161012] [25.0] [cxt 0] Action MyIngress.drop
[02:45:45.617] [bmv2] [T] [thread 161012] [25.0] [cxt 0] basic.p4(233) Primitive mark_to_drop(standard_metadata)
[02:45:45.617] [bmv2] [D] [thread 161012] [25.0] [cxt 0] Pipeline 'ingress': end
[02:45:45.617] [bmv2] [D] [thread 161012] [25.0] [cxt 0] Egress port is 511
[02:45:45.617] [bmv2] [D] [thread 161012] [25.0] [cxt 0] Dropping packet at the end of ingress
[02:45:45.682] [bmv2] [D] [thread 161012] [26.0] [cxt 0] Processing packet received on port 1
[02:45:45.682] [bmv2] [D] [thread 161012] [26.0] [cxt 0] Parser 'parser': start
[02:45:45.682] [bmv2] [D] [thread 161012] [26.0] [cxt 0] Parser 'parser' entering state 'start'
[02:45:45.682] [bmv2] [D] [thread 161012] [26.0] [cxt 0] Extracting header 'ethernet'
[02:45:45.682] [bmv2] [D] [thread 161012] [26.0] [cxt 0] Parser state 'start': key is 86dd
[02:45:45.682] [bmv2] [T] [thread 161012] [26.0] [cxt 0] Bytes parsed: 14
[02:45:45.682] [bmv2] [D] [thread 161012] [26.0] [cxt 0] Parser 'parser' entering state 'parse_ipv6'
[02:45:45.682] [bmv2] [D] [thread 161012] [26.0] [cxt 0] Extracting header 'ipv6'
[02:45:45.682] [bmv2] [D] [thread 161012] [26.0] [cxt 0] Parser state 'parse_ipv6': key is 11
[02:45:45.682] [bmv2] [T] [thread 161012] [26.0] [cxt 0] Bytes parsed: 54
[02:45:45.682] [bmv2] [D] [thread 161012] [26.0] [cxt 0] Parser 'parser': end
[02:45:45.682] [bmv2] [D] [thread 161012] [26.0] [cxt 0] Pipeline 'ingress': start
[02:45:45.682] [bmv2] [T] [thread 161012] [26.0] [cxt 0] basic.p4(565) Condition "hdr.ethernet.etherType == TYPE_ARP" (node_2) is false
[02:45:45.682] [bmv2] [T] [thread 161012] [26.0] [cxt 0] basic.p4(568) Condition "hdr.ethernet.etherType == TYPE_SRCROUTING" (node_4) is false
[02:45:45.682] [bmv2] [T] [thread 161012] [26.0] [cxt 0] basic.p4(581) Condition "hdr.ethernet.etherType == TYPE_YEQUDESU" (node_12) is false
[02:45:45.682] [bmv2] [T] [thread 161012] [26.0] [cxt 0] basic.p4(587) Condition "hdr.vxlan.isValid()" (node_15) is false
[02:45:45.682] [bmv2] [T] [thread 161012] [26.0] [cxt 0] basic.p4(591) Condition "hdr.ipv6.isValid()" (node_17) is true
[02:45:45.682] [bmv2] [T] [thread 161012] [26.0] [cxt 0] Applying table 'MyIngress.ipv6_lpm'
[02:45:45.682] [bmv2] [D] [thread 161012] [26.0] [cxt 0] Looking up key:
* hdr.ipv6.dstAddr    : ff0200000000000000000000000000fb

[02:45:45.682] [bmv2] [D] [thread 161012] [26.0] [cxt 0] Table 'MyIngress.ipv6_lpm': miss
[02:45:45.682] [bmv2] [D] [thread 161012] [26.0] [cxt 0] Action entry is NoAction - 
[02:45:45.682] [bmv2] [T] [thread 161012] [26.0] [cxt 0] Action NoAction
[02:45:45.682] [bmv2] [D] [thread 161012] [26.0] [cxt 0] Pipeline 'ingress': end
[02:45:45.682] [bmv2] [D] [thread 161012] [26.0] [cxt 0] Egress port is 0
[02:45:45.682] [bmv2] [D] [thread 161013] [26.0] [cxt 0] Pipeline 'egress': start
[02:45:45.682] [bmv2] [T] [thread 161013] [26.0] [cxt 0] Applying table 'MyEgress.egress_encap_ipv6'
[02:45:45.682] [bmv2] [D] [thread 161013] [26.0] [cxt 0] Looking up key:
* standard_metadata.egress_port: 0000

[02:45:45.682] [bmv2] [D] [thread 161013] [26.0] [cxt 0] Table 'MyEgress.egress_encap_ipv6': miss
[02:45:45.682] [bmv2] [D] [thread 161013] [26.0] [cxt 0] Action entry is NoAction - 
[02:45:45.682] [bmv2] [T] [thread 161013] [26.0] [cxt 0] Action NoAction
[02:45:45.682] [bmv2] [T] [thread 161013] [26.0] [cxt 0] Applying table 'MyEgress.egress_encap_yequdesu'
[02:45:45.682] [bmv2] [D] [thread 161013] [26.0] [cxt 0] Looking up key:
* standard_metadata.egress_port: 0000

[02:45:45.682] [bmv2] [D] [thread 161013] [26.0] [cxt 0] Table 'MyEgress.egress_encap_yequdesu': miss
[02:45:45.682] [bmv2] [D] [thread 161013] [26.0] [cxt 0] Action entry is NoAction - 
[02:45:45.682] [bmv2] [T] [thread 161013] [26.0] [cxt 0] Action NoAction
[02:45:45.682] [bmv2] [T] [thread 161013] [26.0] [cxt 0] Applying table 'MyEgress.egress_encap_vxlan'
[02:45:45.682] [bmv2] [D] [thread 161013] [26.0] [cxt 0] Looking up key:
* standard_metadata.egress_port: 0000

[02:45:45.682] [bmv2] [D] [thread 161013] [26.0] [cxt 0] Table 'MyEgress.egress_encap_vxlan': miss
[02:45:45.682] [bmv2] [D] [thread 161013] [26.0] [cxt 0] Action entry is NoAction - 
[02:45:45.682] [bmv2] [T] [thread 161013] [26.0] [cxt 0] Action NoAction
[02:45:45.682] [bmv2] [D] [thread 161013] [26.0] [cxt 0] Pipeline 'egress': end
[02:45:45.682] [bmv2] [D] [thread 161013] [26.0] [cxt 0] Deparser 'deparser': start
[02:45:45.682] [bmv2] [T] [thread 161013] [26.0] [cxt 0] Skipping checksum 'cksum' update because condition not met
[02:45:45.682] [bmv2] [D] [thread 161013] [26.0] [cxt 0] Deparsing header 'ethernet'
[02:45:45.682] [bmv2] [D] [thread 161013] [26.0] [cxt 0] Deparsing header 'ipv6'
[02:45:45.682] [bmv2] [D] [thread 161013] [26.0] [cxt 0] Deparser 'deparser': end
[02:45:45.682] [bmv2] [D] [thread 161017] [26.0] [cxt 0] Transmitting packet of size 203 out of port 0
[02:45:45.938] [bmv2] [D] [thread 161012] [27.0] [cxt 0] Processing packet received on port 2
[02:45:45.938] [bmv2] [D] [thread 161012] [27.0] [cxt 0] Parser 'parser': start
[02:45:45.938] [bmv2] [D] [thread 161012] [27.0] [cxt 0] Parser 'parser' entering state 'start'
[02:45:45.938] [bmv2] [D] [thread 161012] [27.0] [cxt 0] Extracting header 'ethernet'
[02:45:45.938] [bmv2] [D] [thread 161012] [27.0] [cxt 0] Parser state 'start': key is 86dd
[02:45:45.938] [bmv2] [T] [thread 161012] [27.0] [cxt 0] Bytes parsed: 14
[02:45:45.938] [bmv2] [D] [thread 161012] [27.0] [cxt 0] Parser 'parser' entering state 'parse_ipv6'
[02:45:45.938] [bmv2] [D] [thread 161012] [27.0] [cxt 0] Extracting header 'ipv6'
[02:45:45.938] [bmv2] [D] [thread 161012] [27.0] [cxt 0] Parser state 'parse_ipv6': key is 11
[02:45:45.938] [bmv2] [T] [thread 161012] [27.0] [cxt 0] Bytes parsed: 54
[02:45:45.938] [bmv2] [D] [thread 161012] [27.0] [cxt 0] Parser 'parser': end
[02:45:45.938] [bmv2] [D] [thread 161012] [27.0] [cxt 0] Pipeline 'ingress': start
[02:45:45.938] [bmv2] [T] [thread 161012] [27.0] [cxt 0] basic.p4(565) Condition "hdr.ethernet.etherType == TYPE_ARP" (node_2) is false
[02:45:45.938] [bmv2] [T] [thread 161012] [27.0] [cxt 0] basic.p4(568) Condition "hdr.ethernet.etherType == TYPE_SRCROUTING" (node_4) is false
[02:45:45.938] [bmv2] [T] [thread 161012] [27.0] [cxt 0] basic.p4(581) Condition "hdr.ethernet.etherType == TYPE_YEQUDESU" (node_12) is false
[02:45:45.938] [bmv2] [T] [thread 161012] [27.0] [cxt 0] basic.p4(587) Condition "hdr.vxlan.isValid()" (node_15) is false
[02:45:45.938] [bmv2] [T] [thread 161012] [27.0] [cxt 0] basic.p4(591) Condition "hdr.ipv6.isValid()" (node_17) is true
[02:45:45.938] [bmv2] [T] [thread 161012] [27.0] [cxt 0] Applying table 'MyIngress.ipv6_lpm'
[02:45:45.938] [bmv2] [D] [thread 161012] [27.0] [cxt 0] Looking up key:
* hdr.ipv6.dstAddr    : ff0200000000000000000000000000fb

[02:45:45.938] [bmv2] [D] [thread 161012] [27.0] [cxt 0] Table 'MyIngress.ipv6_lpm': miss
[02:45:45.938] [bmv2] [D] [thread 161012] [27.0] [cxt 0] Action entry is NoAction - 
[02:45:45.938] [bmv2] [T] [thread 161012] [27.0] [cxt 0] Action NoAction
[02:45:45.938] [bmv2] [D] [thread 161012] [27.0] [cxt 0] Pipeline 'ingress': end
[02:45:45.938] [bmv2] [D] [thread 161012] [27.0] [cxt 0] Egress port is 0
[02:45:45.939] [bmv2] [D] [thread 161013] [27.0] [cxt 0] Pipeline 'egress': start
[02:45:45.939] [bmv2] [T] [thread 161013] [27.0] [cxt 0] Applying table 'MyEgress.egress_encap_ipv6'
[02:45:45.939] [bmv2] [D] [thread 161013] [27.0] [cxt 0] Looking up key:
* standard_metadata.egress_port: 0000

[02:45:45.939] [bmv2] [D] [thread 161013] [27.0] [cxt 0] Table 'MyEgress.egress_encap_ipv6': miss
[02:45:45.939] [bmv2] [D] [thread 161013] [27.0] [cxt 0] Action entry is NoAction - 
[02:45:45.939] [bmv2] [T] [thread 161013] [27.0] [cxt 0] Action NoAction
[02:45:45.939] [bmv2] [T] [thread 161013] [27.0] [cxt 0] Applying table 'MyEgress.egress_encap_yequdesu'
[02:45:45.939] [bmv2] [D] [thread 161013] [27.0] [cxt 0] Looking up key:
* standard_metadata.egress_port: 0000

[02:45:45.939] [bmv2] [D] [thread 161013] [27.0] [cxt 0] Table 'MyEgress.egress_encap_yequdesu': miss
[02:45:45.939] [bmv2] [D] [thread 161013] [27.0] [cxt 0] Action entry is NoAction - 
[02:45:45.939] [bmv2] [T] [thread 161013] [27.0] [cxt 0] Action NoAction
[02:45:45.939] [bmv2] [T] [thread 161013] [27.0] [cxt 0] Applying table 'MyEgress.egress_encap_vxlan'
[02:45:45.939] [bmv2] [D] [thread 161013] [27.0] [cxt 0] Looking up key:
* standard_metadata.egress_port: 0000

[02:45:45.939] [bmv2] [D] [thread 161013] [27.0] [cxt 0] Table 'MyEgress.egress_encap_vxlan': miss
[02:45:45.939] [bmv2] [D] [thread 161013] [27.0] [cxt 0] Action entry is NoAction - 
[02:45:45.939] [bmv2] [T] [thread 161013] [27.0] [cxt 0] Action NoAction
[02:45:45.939] [bmv2] [D] [thread 161013] [27.0] [cxt 0] Pipeline 'egress': end
[02:45:45.939] [bmv2] [D] [thread 161013] [27.0] [cxt 0] Deparser 'deparser': start
[02:45:45.939] [bmv2] [T] [thread 161013] [27.0] [cxt 0] Skipping checksum 'cksum' update because condition not met
[02:45:45.939] [bmv2] [D] [thread 161013] [27.0] [cxt 0] Deparsing header 'ethernet'
[02:45:45.939] [bmv2] [D] [thread 161013] [27.0] [cxt 0] Deparsing header 'ipv6'
[02:45:45.939] [bmv2] [D] [thread 161013] [27.0] [cxt 0] Deparser 'deparser': end
[02:45:45.939] [bmv2] [D] [thread 161017] [27.0] [cxt 0] Transmitting packet of size 203 out of port 0
[02:45:46.127] [bmv2] [D] [thread 161012] [28.0] [cxt 0] Processing packet received on port 2
[02:45:46.127] [bmv2] [D] [thread 161012] [28.0] [cxt 0] Parser 'parser': start
[02:45:46.127] [bmv2] [D] [thread 161012] [28.0] [cxt 0] Parser 'parser' entering state 'start'
[02:45:46.127] [bmv2] [D] [thread 161012] [28.0] [cxt 0] Extracting header 'ethernet'
[02:45:46.127] [bmv2] [D] [thread 161012] [28.0] [cxt 0] Parser state 'start': key is 86dd
[02:45:46.127] [bmv2] [T] [thread 161012] [28.0] [cxt 0] Bytes parsed: 14
[02:45:46.127] [bmv2] [D] [thread 161012] [28.0] [cxt 0] Parser 'parser' entering state 'parse_ipv6'
[02:45:46.127] [bmv2] [D] [thread 161012] [28.0] [cxt 0] Extracting header 'ipv6'
[02:45:46.127] [bmv2] [D] [thread 161012] [28.0] [cxt 0] Parser state 'parse_ipv6': key is 3a
[02:45:46.127] [bmv2] [T] [thread 161012] [28.0] [cxt 0] Bytes parsed: 54
[02:45:46.127] [bmv2] [D] [thread 161012] [28.0] [cxt 0] Parser 'parser': end
[02:45:46.127] [bmv2] [D] [thread 161012] [28.0] [cxt 0] Pipeline 'ingress': start
[02:45:46.127] [bmv2] [T] [thread 161012] [28.0] [cxt 0] basic.p4(565) Condition "hdr.ethernet.etherType == TYPE_ARP" (node_2) is false
[02:45:46.127] [bmv2] [T] [thread 161012] [28.0] [cxt 0] basic.p4(568) Condition "hdr.ethernet.etherType == TYPE_SRCROUTING" (node_4) is false
[02:45:46.127] [bmv2] [T] [thread 161012] [28.0] [cxt 0] basic.p4(581) Condition "hdr.ethernet.etherType == TYPE_YEQUDESU" (node_12) is false
[02:45:46.127] [bmv2] [T] [thread 161012] [28.0] [cxt 0] basic.p4(587) Condition "hdr.vxlan.isValid()" (node_15) is false
[02:45:46.127] [bmv2] [T] [thread 161012] [28.0] [cxt 0] basic.p4(591) Condition "hdr.ipv6.isValid()" (node_17) is true
[02:45:46.127] [bmv2] [T] [thread 161012] [28.0] [cxt 0] Applying table 'MyIngress.ipv6_lpm'
[02:45:46.127] [bmv2] [D] [thread 161012] [28.0] [cxt 0] Looking up key:
* hdr.ipv6.dstAddr    : ff020000000000000000000000000002

[02:45:46.127] [bmv2] [D] [thread 161012] [28.0] [cxt 0] Table 'MyIngress.ipv6_lpm': miss
[02:45:46.127] [bmv2] [D] [thread 161012] [28.0] [cxt 0] Action entry is NoAction - 
[02:45:46.127] [bmv2] [T] [thread 161012] [28.0] [cxt 0] Action NoAction
[02:45:46.127] [bmv2] [D] [thread 161012] [28.0] [cxt 0] Pipeline 'ingress': end
[02:45:46.127] [bmv2] [D] [thread 161012] [28.0] [cxt 0] Egress port is 0
[02:45:46.127] [bmv2] [D] [thread 161013] [28.0] [cxt 0] Pipeline 'egress': start
[02:45:46.127] [bmv2] [T] [thread 161013] [28.0] [cxt 0] Applying table 'MyEgress.egress_encap_ipv6'
[02:45:46.127] [bmv2] [D] [thread 161013] [28.0] [cxt 0] Looking up key:
* standard_metadata.egress_port: 0000

[02:45:46.127] [bmv2] [D] [thread 161013] [28.0] [cxt 0] Table 'MyEgress.egress_encap_ipv6': miss
[02:45:46.127] [bmv2] [D] [thread 161013] [28.0] [cxt 0] Action entry is NoAction - 
[02:45:46.127] [bmv2] [T] [thread 161013] [28.0] [cxt 0] Action NoAction
[02:45:46.127] [bmv2] [T] [thread 161013] [28.0] [cxt 0] Applying table 'MyEgress.egress_encap_yequdesu'
[02:45:46.127] [bmv2] [D] [thread 161013] [28.0] [cxt 0] Looking up key:
* standard_metadata.egress_port: 0000

[02:45:46.127] [bmv2] [D] [thread 161013] [28.0] [cxt 0] Table 'MyEgress.egress_encap_yequdesu': miss
[02:45:46.127] [bmv2] [D] [thread 161013] [28.0] [cxt 0] Action entry is NoAction - 
[02:45:46.127] [bmv2] [T] [thread 161013] [28.0] [cxt 0] Action NoAction
[02:45:46.127] [bmv2] [T] [thread 161013] [28.0] [cxt 0] Applying table 'MyEgress.egress_encap_vxlan'
[02:45:46.127] [bmv2] [D] [thread 161013] [28.0] [cxt 0] Looking up key:
* standard_metadata.egress_port: 0000

[02:45:46.127] [bmv2] [D] [thread 161013] [28.0] [cxt 0] Table 'MyEgress.egress_encap_vxlan': miss
[02:45:46.127] [bmv2] [D] [thread 161013] [28.0] [cxt 0] Action entry is NoAction - 
[02:45:46.127] [bmv2] [T] [thread 161013] [28.0] [cxt 0] Action NoAction
[02:45:46.127] [bmv2] [D] [thread 161013] [28.0] [cxt 0] Pipeline 'egress': end
[02:45:46.127] [bmv2] [D] [thread 161013] [28.0] [cxt 0] Deparser 'deparser': start
[02:45:46.127] [bmv2] [T] [thread 161013] [28.0] [cxt 0] Skipping checksum 'cksum' update because condition not met
[02:45:46.127] [bmv2] [D] [thread 161013] [28.0] [cxt 0] Deparsing header 'ethernet'
[02:45:46.127] [bmv2] [D] [thread 161013] [28.0] [cxt 0] Deparsing header 'ipv6'
[02:45:46.127] [bmv2] [D] [thread 161013] [28.0] [cxt 0] Deparser 'deparser': end
[02:45:46.127] [bmv2] [D] [thread 161017] [28.0] [cxt 0] Transmitting packet of size 70 out of port 0
[02:45:46.192] [bmv2] [D] [thread 161012] [29.0] [cxt 0] Processing packet received on port 1
[02:45:46.193] [bmv2] [D] [thread 161012] [29.0] [cxt 0] Parser 'parser': start
[02:45:46.193] [bmv2] [D] [thread 161012] [29.0] [cxt 0] Parser 'parser' entering state 'start'
[02:45:46.193] [bmv2] [D] [thread 161012] [29.0] [cxt 0] Extracting header 'ethernet'
[02:45:46.193] [bmv2] [D] [thread 161012] [29.0] [cxt 0] Parser state 'start': key is 86dd
[02:45:46.193] [bmv2] [T] [thread 161012] [29.0] [cxt 0] Bytes parsed: 14
[02:45:46.193] [bmv2] [D] [thread 161012] [29.0] [cxt 0] Parser 'parser' entering state 'parse_ipv6'
[02:45:46.193] [bmv2] [D] [thread 161012] [29.0] [cxt 0] Extracting header 'ipv6'
[02:45:46.193] [bmv2] [D] [thread 161012] [29.0] [cxt 0] Parser state 'parse_ipv6': key is 11
[02:45:46.193] [bmv2] [T] [thread 161012] [29.0] [cxt 0] Bytes parsed: 54
[02:45:46.193] [bmv2] [D] [thread 161012] [29.0] [cxt 0] Parser 'parser': end
[02:45:46.193] [bmv2] [D] [thread 161012] [29.0] [cxt 0] Pipeline 'ingress': start
[02:45:46.193] [bmv2] [T] [thread 161012] [29.0] [cxt 0] basic.p4(565) Condition "hdr.ethernet.etherType == TYPE_ARP" (node_2) is false
[02:45:46.193] [bmv2] [T] [thread 161012] [29.0] [cxt 0] basic.p4(568) Condition "hdr.ethernet.etherType == TYPE_SRCROUTING" (node_4) is false
[02:45:46.193] [bmv2] [T] [thread 161012] [29.0] [cxt 0] basic.p4(581) Condition "hdr.ethernet.etherType == TYPE_YEQUDESU" (node_12) is false
[02:45:46.193] [bmv2] [T] [thread 161012] [29.0] [cxt 0] basic.p4(587) Condition "hdr.vxlan.isValid()" (node_15) is false
[02:45:46.193] [bmv2] [T] [thread 161012] [29.0] [cxt 0] basic.p4(591) Condition "hdr.ipv6.isValid()" (node_17) is true
[02:45:46.193] [bmv2] [T] [thread 161012] [29.0] [cxt 0] Applying table 'MyIngress.ipv6_lpm'
[02:45:46.193] [bmv2] [D] [thread 161012] [29.0] [cxt 0] Looking up key:
* hdr.ipv6.dstAddr    : ff0200000000000000000000000000fb

[02:45:46.193] [bmv2] [D] [thread 161012] [29.0] [cxt 0] Table 'MyIngress.ipv6_lpm': miss
[02:45:46.193] [bmv2] [D] [thread 161012] [29.0] [cxt 0] Action entry is NoAction - 
[02:45:46.193] [bmv2] [T] [thread 161012] [29.0] [cxt 0] Action NoAction
[02:45:46.193] [bmv2] [D] [thread 161012] [29.0] [cxt 0] Pipeline 'ingress': end
[02:45:46.193] [bmv2] [D] [thread 161012] [29.0] [cxt 0] Egress port is 0
[02:45:46.193] [bmv2] [D] [thread 161013] [29.0] [cxt 0] Pipeline 'egress': start
[02:45:46.193] [bmv2] [T] [thread 161013] [29.0] [cxt 0] Applying table 'MyEgress.egress_encap_ipv6'
[02:45:46.193] [bmv2] [D] [thread 161013] [29.0] [cxt 0] Looking up key:
* standard_metadata.egress_port: 0000

[02:45:46.193] [bmv2] [D] [thread 161013] [29.0] [cxt 0] Table 'MyEgress.egress_encap_ipv6': miss
[02:45:46.193] [bmv2] [D] [thread 161013] [29.0] [cxt 0] Action entry is NoAction - 
[02:45:46.193] [bmv2] [T] [thread 161013] [29.0] [cxt 0] Action NoAction
[02:45:46.193] [bmv2] [T] [thread 161013] [29.0] [cxt 0] Applying table 'MyEgress.egress_encap_yequdesu'
[02:45:46.193] [bmv2] [D] [thread 161013] [29.0] [cxt 0] Looking up key:
* standard_metadata.egress_port: 0000

[02:45:46.193] [bmv2] [D] [thread 161013] [29.0] [cxt 0] Table 'MyEgress.egress_encap_yequdesu': miss
[02:45:46.193] [bmv2] [D] [thread 161013] [29.0] [cxt 0] Action entry is NoAction - 
[02:45:46.193] [bmv2] [T] [thread 161013] [29.0] [cxt 0] Action NoAction
[02:45:46.193] [bmv2] [T] [thread 161013] [29.0] [cxt 0] Applying table 'MyEgress.egress_encap_vxlan'
[02:45:46.193] [bmv2] [D] [thread 161013] [29.0] [cxt 0] Looking up key:
* standard_metadata.egress_port: 0000

[02:45:46.193] [bmv2] [D] [thread 161013] [29.0] [cxt 0] Table 'MyEgress.egress_encap_vxlan': miss
[02:45:46.193] [bmv2] [D] [thread 161013] [29.0] [cxt 0] Action entry is NoAction - 
[02:45:46.193] [bmv2] [T] [thread 161013] [29.0] [cxt 0] Action NoAction
[02:45:46.193] [bmv2] [D] [thread 161013] [29.0] [cxt 0] Pipeline 'egress': end
[02:45:46.193] [bmv2] [D] [thread 161013] [29.0] [cxt 0] Deparser 'deparser': start
[02:45:46.193] [bmv2] [T] [thread 161013] [29.0] [cxt 0] Skipping checksum 'cksum' update because condition not met
[02:45:46.193] [bmv2] [D] [thread 161013] [29.0] [cxt 0] Deparsing header 'ethernet'
[02:45:46.193] [bmv2] [D] [thread 161013] [29.0] [cxt 0] Deparsing header 'ipv6'
[02:45:46.193] [bmv2] [D] [thread 161013] [29.0] [cxt 0] Deparser 'deparser': end
[02:45:46.193] [bmv2] [D] [thread 161017] [29.0] [cxt 0] Transmitting packet of size 203 out of port 0
[02:45:46.980] [bmv2] [D] [thread 161012] [30.0] [cxt 0] Processing packet received on port 2
[02:45:46.980] [bmv2] [D] [thread 161012] [30.0] [cxt 0] Parser 'parser': start
[02:45:46.980] [bmv2] [D] [thread 161012] [30.0] [cxt 0] Parser 'parser' entering state 'start'
[02:45:46.980] [bmv2] [D] [thread 161012] [30.0] [cxt 0] Extracting header 'ethernet'
[02:45:46.980] [bmv2] [D] [thread 161012] [30.0] [cxt 0] Parser state 'start': key is 0800
[02:45:46.980] [bmv2] [T] [thread 161012] [30.0] [cxt 0] Bytes parsed: 14
[02:45:46.980] [bmv2] [D] [thread 161012] [30.0] [cxt 0] Parser 'parser' entering state 'parse_ipv4'
[02:45:46.980] [bmv2] [D] [thread 161012] [30.0] [cxt 0] Extracting header 'ipv4'
[02:45:46.980] [bmv2] [D] [thread 161012] [30.0] [cxt 0] Parser state 'parse_ipv4': key is 11
[02:45:46.980] [bmv2] [T] [thread 161012] [30.0] [cxt 0] Bytes parsed: 34
[02:45:46.980] [bmv2] [D] [thread 161012] [30.0] [cxt 0] Parser 'parser' entering state 'parse_udp'
[02:45:46.980] [bmv2] [D] [thread 161012] [30.0] [cxt 0] Extracting header 'udp'
[02:45:46.980] [bmv2] [D] [thread 161012] [30.0] [cxt 0] Parser state 'parse_udp': key is 12b5
[02:45:46.980] [bmv2] [T] [thread 161012] [30.0] [cxt 0] Bytes parsed: 42
[02:45:46.980] [bmv2] [D] [thread 161012] [30.0] [cxt 0] Parser 'parser' entering state 'parse_vxlan'
[02:45:46.980] [bmv2] [D] [thread 161012] [30.0] [cxt 0] Extracting header 'vxlan'
[02:45:46.980] [bmv2] [D] [thread 161012] [30.0] [cxt 0] Extracting header 'inner_ethernet'
[02:45:46.980] [bmv2] [D] [thread 161012] [30.0] [cxt 0] Parser state 'parse_vxlan': key is 5014
[02:45:46.980] [bmv2] [T] [thread 161012] [30.0] [cxt 0] Bytes parsed: 64
[02:45:46.980] [bmv2] [D] [thread 161012] [30.0] [cxt 0] Parser 'parser': end
[02:45:46.980] [bmv2] [D] [thread 161012] [30.0] [cxt 0] Pipeline 'ingress': start
[02:45:46.980] [bmv2] [T] [thread 161012] [30.0] [cxt 0] basic.p4(565) Condition "hdr.ethernet.etherType == TYPE_ARP" (node_2) is false
[02:45:46.980] [bmv2] [T] [thread 161012] [30.0] [cxt 0] basic.p4(568) Condition "hdr.ethernet.etherType == TYPE_SRCROUTING" (node_4) is false
[02:45:46.980] [bmv2] [T] [thread 161012] [30.0] [cxt 0] basic.p4(581) Condition "hdr.ethernet.etherType == TYPE_YEQUDESU" (node_12) is false
[02:45:46.980] [bmv2] [T] [thread 161012] [30.0] [cxt 0] basic.p4(587) Condition "hdr.vxlan.isValid()" (node_15) is true
[02:45:46.980] [bmv2] [T] [thread 161012] [30.0] [cxt 0] Applying table 'MyIngress.vxlan_decap_exact'
[02:45:46.980] [bmv2] [D] [thread 161012] [30.0] [cxt 0] Looking up key:
* hdr.vxlan.vni       : 000065

[02:45:46.980] [bmv2] [D] [thread 161012] [30.0] [cxt 0] Table 'MyIngress.vxlan_decap_exact': miss
[02:45:46.980] [bmv2] [D] [thread 161012] [30.0] [cxt 0] Action entry is MyIngress.drop - 
[02:45:46.980] [bmv2] [T] [thread 161012] [30.0] [cxt 0] Action MyIngress.drop
[02:45:46.980] [bmv2] [T] [thread 161012] [30.0] [cxt 0] basic.p4(233) Primitive mark_to_drop(standard_metadata)
[02:45:46.980] [bmv2] [D] [thread 161012] [30.0] [cxt 0] Pipeline 'ingress': end
[02:45:46.980] [bmv2] [D] [thread 161012] [30.0] [cxt 0] Egress port is 511
[02:45:46.980] [bmv2] [D] [thread 161012] [30.0] [cxt 0] Dropping packet at the end of ingress
[02:46:17.554] [bmv2] [D] [thread 161012] [31.0] [cxt 0] Processing packet received on port 2
[02:46:17.554] [bmv2] [D] [thread 161012] [31.0] [cxt 0] Parser 'parser': start
[02:46:17.554] [bmv2] [D] [thread 161012] [31.0] [cxt 0] Parser 'parser' entering state 'start'
[02:46:17.554] [bmv2] [D] [thread 161012] [31.0] [cxt 0] Extracting header 'ethernet'
[02:46:17.554] [bmv2] [D] [thread 161012] [31.0] [cxt 0] Parser state 'start': key is 86dd
[02:46:17.554] [bmv2] [T] [thread 161012] [31.0] [cxt 0] Bytes parsed: 14
[02:46:17.554] [bmv2] [D] [thread 161012] [31.0] [cxt 0] Parser 'parser' entering state 'parse_ipv6'
[02:46:17.554] [bmv2] [D] [thread 161012] [31.0] [cxt 0] Extracting header 'ipv6'
[02:46:17.554] [bmv2] [D] [thread 161012] [31.0] [cxt 0] Parser state 'parse_ipv6': key is 11
[02:46:17.554] [bmv2] [T] [thread 161012] [31.0] [cxt 0] Bytes parsed: 54
[02:46:17.555] [bmv2] [D] [thread 161012] [31.0] [cxt 0] Parser 'parser': end
[02:46:17.555] [bmv2] [D] [thread 161012] [31.0] [cxt 0] Pipeline 'ingress': start
[02:46:17.555] [bmv2] [T] [thread 161012] [31.0] [cxt 0] basic.p4(565) Condition "hdr.ethernet.etherType == TYPE_ARP" (node_2) is false
[02:46:17.555] [bmv2] [T] [thread 161012] [31.0] [cxt 0] basic.p4(568) Condition "hdr.ethernet.etherType == TYPE_SRCROUTING" (node_4) is false
[02:46:17.555] [bmv2] [T] [thread 161012] [31.0] [cxt 0] basic.p4(581) Condition "hdr.ethernet.etherType == TYPE_YEQUDESU" (node_12) is false
[02:46:17.555] [bmv2] [T] [thread 161012] [31.0] [cxt 0] basic.p4(587) Condition "hdr.vxlan.isValid()" (node_15) is false
[02:46:17.555] [bmv2] [T] [thread 161012] [31.0] [cxt 0] basic.p4(591) Condition "hdr.ipv6.isValid()" (node_17) is true
[02:46:17.555] [bmv2] [T] [thread 161012] [31.0] [cxt 0] Applying table 'MyIngress.ipv6_lpm'
[02:46:17.555] [bmv2] [D] [thread 161012] [31.0] [cxt 0] Looking up key:
* hdr.ipv6.dstAddr    : ff0200000000000000000000000000fb

[02:46:17.555] [bmv2] [D] [thread 161012] [31.0] [cxt 0] Table 'MyIngress.ipv6_lpm': miss
[02:46:17.555] [bmv2] [D] [thread 161012] [31.0] [cxt 0] Action entry is NoAction - 
[02:46:17.555] [bmv2] [T] [thread 161012] [31.0] [cxt 0] Action NoAction
[02:46:17.555] [bmv2] [D] [thread 161012] [31.0] [cxt 0] Pipeline 'ingress': end
[02:46:17.555] [bmv2] [D] [thread 161012] [31.0] [cxt 0] Egress port is 0
[02:46:17.555] [bmv2] [D] [thread 161013] [31.0] [cxt 0] Pipeline 'egress': start
[02:46:17.555] [bmv2] [T] [thread 161013] [31.0] [cxt 0] Applying table 'MyEgress.egress_encap_ipv6'
[02:46:17.555] [bmv2] [D] [thread 161013] [31.0] [cxt 0] Looking up key:
* standard_metadata.egress_port: 0000

[02:46:17.555] [bmv2] [D] [thread 161013] [31.0] [cxt 0] Table 'MyEgress.egress_encap_ipv6': miss
[02:46:17.555] [bmv2] [D] [thread 161013] [31.0] [cxt 0] Action entry is NoAction - 
[02:46:17.555] [bmv2] [T] [thread 161013] [31.0] [cxt 0] Action NoAction
[02:46:17.555] [bmv2] [T] [thread 161013] [31.0] [cxt 0] Applying table 'MyEgress.egress_encap_yequdesu'
[02:46:17.555] [bmv2] [D] [thread 161013] [31.0] [cxt 0] Looking up key:
* standard_metadata.egress_port: 0000

[02:46:17.555] [bmv2] [D] [thread 161013] [31.0] [cxt 0] Table 'MyEgress.egress_encap_yequdesu': miss
[02:46:17.555] [bmv2] [D] [thread 161013] [31.0] [cxt 0] Action entry is NoAction - 
[02:46:17.555] [bmv2] [T] [thread 161013] [31.0] [cxt 0] Action NoAction
[02:46:17.555] [bmv2] [T] [thread 161013] [31.0] [cxt 0] Applying table 'MyEgress.egress_encap_vxlan'
[02:46:17.555] [bmv2] [D] [thread 161013] [31.0] [cxt 0] Looking up key:
* standard_metadata.egress_port: 0000

[02:46:17.555] [bmv2] [D] [thread 161013] [31.0] [cxt 0] Table 'MyEgress.egress_encap_vxlan': miss
[02:46:17.555] [bmv2] [D] [thread 161013] [31.0] [cxt 0] Action entry is NoAction - 
[02:46:17.555] [bmv2] [T] [thread 161013] [31.0] [cxt 0] Action NoAction
[02:46:17.555] [bmv2] [D] [thread 161013] [31.0] [cxt 0] Pipeline 'egress': end
[02:46:17.555] [bmv2] [D] [thread 161013] [31.0] [cxt 0] Deparser 'deparser': start
[02:46:17.555] [bmv2] [T] [thread 161013] [31.0] [cxt 0] Skipping checksum 'cksum' update because condition not met
[02:46:17.555] [bmv2] [D] [thread 161013] [31.0] [cxt 0] Deparsing header 'ethernet'
[02:46:17.555] [bmv2] [D] [thread 161013] [31.0] [cxt 0] Deparsing header 'ipv6'
[02:46:17.555] [bmv2] [D] [thread 161013] [31.0] [cxt 0] Deparser 'deparser': end
[02:46:17.555] [bmv2] [D] [thread 161017] [31.0] [cxt 0] Transmitting packet of size 203 out of port 0
[02:46:17.682] [bmv2] [D] [thread 161012] [32.0] [cxt 0] Processing packet received on port 1
[02:46:17.682] [bmv2] [D] [thread 161012] [32.0] [cxt 0] Parser 'parser': start
[02:46:17.682] [bmv2] [D] [thread 161012] [32.0] [cxt 0] Parser 'parser' entering state 'start'
[02:46:17.682] [bmv2] [D] [thread 161012] [32.0] [cxt 0] Extracting header 'ethernet'
[02:46:17.682] [bmv2] [D] [thread 161012] [32.0] [cxt 0] Parser state 'start': key is 86dd
[02:46:17.682] [bmv2] [T] [thread 161012] [32.0] [cxt 0] Bytes parsed: 14
[02:46:17.682] [bmv2] [D] [thread 161012] [32.0] [cxt 0] Parser 'parser' entering state 'parse_ipv6'
[02:46:17.682] [bmv2] [D] [thread 161012] [32.0] [cxt 0] Extracting header 'ipv6'
[02:46:17.682] [bmv2] [D] [thread 161012] [32.0] [cxt 0] Parser state 'parse_ipv6': key is 11
[02:46:17.682] [bmv2] [T] [thread 161012] [32.0] [cxt 0] Bytes parsed: 54
[02:46:17.682] [bmv2] [D] [thread 161012] [32.0] [cxt 0] Parser 'parser': end
[02:46:17.682] [bmv2] [D] [thread 161012] [32.0] [cxt 0] Pipeline 'ingress': start
[02:46:17.682] [bmv2] [T] [thread 161012] [32.0] [cxt 0] basic.p4(565) Condition "hdr.ethernet.etherType == TYPE_ARP" (node_2) is false
[02:46:17.682] [bmv2] [T] [thread 161012] [32.0] [cxt 0] basic.p4(568) Condition "hdr.ethernet.etherType == TYPE_SRCROUTING" (node_4) is false
[02:46:17.682] [bmv2] [T] [thread 161012] [32.0] [cxt 0] basic.p4(581) Condition "hdr.ethernet.etherType == TYPE_YEQUDESU" (node_12) is false
[02:46:17.682] [bmv2] [T] [thread 161012] [32.0] [cxt 0] basic.p4(587) Condition "hdr.vxlan.isValid()" (node_15) is false
[02:46:17.682] [bmv2] [T] [thread 161012] [32.0] [cxt 0] basic.p4(591) Condition "hdr.ipv6.isValid()" (node_17) is true
[02:46:17.682] [bmv2] [T] [thread 161012] [32.0] [cxt 0] Applying table 'MyIngress.ipv6_lpm'
[02:46:17.682] [bmv2] [D] [thread 161012] [32.0] [cxt 0] Looking up key:
* hdr.ipv6.dstAddr    : ff0200000000000000000000000000fb

[02:46:17.682] [bmv2] [D] [thread 161012] [32.0] [cxt 0] Table 'MyIngress.ipv6_lpm': miss
[02:46:17.682] [bmv2] [D] [thread 161012] [32.0] [cxt 0] Action entry is NoAction - 
[02:46:17.682] [bmv2] [T] [thread 161012] [32.0] [cxt 0] Action NoAction
[02:46:17.682] [bmv2] [D] [thread 161012] [32.0] [cxt 0] Pipeline 'ingress': end
[02:46:17.682] [bmv2] [D] [thread 161012] [32.0] [cxt 0] Egress port is 0
[02:46:17.682] [bmv2] [D] [thread 161013] [32.0] [cxt 0] Pipeline 'egress': start
[02:46:17.682] [bmv2] [T] [thread 161013] [32.0] [cxt 0] Applying table 'MyEgress.egress_encap_ipv6'
[02:46:17.682] [bmv2] [D] [thread 161013] [32.0] [cxt 0] Looking up key:
* standard_metadata.egress_port: 0000

[02:46:17.682] [bmv2] [D] [thread 161013] [32.0] [cxt 0] Table 'MyEgress.egress_encap_ipv6': miss
[02:46:17.682] [bmv2] [D] [thread 161013] [32.0] [cxt 0] Action entry is NoAction - 
[02:46:17.682] [bmv2] [T] [thread 161013] [32.0] [cxt 0] Action NoAction
[02:46:17.682] [bmv2] [T] [thread 161013] [32.0] [cxt 0] Applying table 'MyEgress.egress_encap_yequdesu'
[02:46:17.682] [bmv2] [D] [thread 161013] [32.0] [cxt 0] Looking up key:
* standard_metadata.egress_port: 0000

[02:46:17.682] [bmv2] [D] [thread 161013] [32.0] [cxt 0] Table 'MyEgress.egress_encap_yequdesu': miss
[02:46:17.682] [bmv2] [D] [thread 161013] [32.0] [cxt 0] Action entry is NoAction - 
[02:46:17.682] [bmv2] [T] [thread 161013] [32.0] [cxt 0] Action NoAction
[02:46:17.682] [bmv2] [T] [thread 161013] [32.0] [cxt 0] Applying table 'MyEgress.egress_encap_vxlan'
[02:46:17.682] [bmv2] [D] [thread 161013] [32.0] [cxt 0] Looking up key:
* standard_metadata.egress_port: 0000

[02:46:17.682] [bmv2] [D] [thread 161013] [32.0] [cxt 0] Table 'MyEgress.egress_encap_vxlan': miss
[02:46:17.682] [bmv2] [D] [thread 161013] [32.0] [cxt 0] Action entry is NoAction - 
[02:46:17.682] [bmv2] [T] [thread 161013] [32.0] [cxt 0] Action NoAction
[02:46:17.682] [bmv2] [D] [thread 161013] [32.0] [cxt 0] Pipeline 'egress': end
[02:46:17.682] [bmv2] [D] [thread 161013] [32.0] [cxt 0] Deparser 'deparser': start
[02:46:17.682] [bmv2] [T] [thread 161013] [32.0] [cxt 0] Skipping checksum 'cksum' update because condition not met
[02:46:17.682] [bmv2] [D] [thread 161013] [32.0] [cxt 0] Deparsing header 'ethernet'
[02:46:17.682] [bmv2] [D] [thread 161013] [32.0] [cxt 0] Deparsing header 'ipv6'
[02:46:17.682] [bmv2] [D] [thread 161013] [32.0] [cxt 0] Deparser 'deparser': end
[02:46:17.683] [bmv2] [D] [thread 161017] [32.0] [cxt 0] Transmitting packet of size 203 out of port 0
[02:46:17.940] [bmv2] [D] [thread 161012] [33.0] [cxt 0] Processing packet received on port 2
[02:46:17.940] [bmv2] [D] [thread 161012] [33.0] [cxt 0] Parser 'parser': start
[02:46:17.940] [bmv2] [D] [thread 161012] [33.0] [cxt 0] Parser 'parser' entering state 'start'
[02:46:17.940] [bmv2] [D] [thread 161012] [33.0] [cxt 0] Extracting header 'ethernet'
[02:46:17.940] [bmv2] [D] [thread 161012] [33.0] [cxt 0] Parser state 'start': key is 86dd
[02:46:17.940] [bmv2] [T] [thread 161012] [33.0] [cxt 0] Bytes parsed: 14
[02:46:17.940] [bmv2] [D] [thread 161012] [33.0] [cxt 0] Parser 'parser' entering state 'parse_ipv6'
[02:46:17.940] [bmv2] [D] [thread 161012] [33.0] [cxt 0] Extracting header 'ipv6'
[02:46:17.940] [bmv2] [D] [thread 161012] [33.0] [cxt 0] Parser state 'parse_ipv6': key is 11
[02:46:17.940] [bmv2] [T] [thread 161012] [33.0] [cxt 0] Bytes parsed: 54
[02:46:17.940] [bmv2] [D] [thread 161012] [33.0] [cxt 0] Parser 'parser': end
[02:46:17.940] [bmv2] [D] [thread 161012] [33.0] [cxt 0] Pipeline 'ingress': start
[02:46:17.940] [bmv2] [T] [thread 161012] [33.0] [cxt 0] basic.p4(565) Condition "hdr.ethernet.etherType == TYPE_ARP" (node_2) is false
[02:46:17.940] [bmv2] [T] [thread 161012] [33.0] [cxt 0] basic.p4(568) Condition "hdr.ethernet.etherType == TYPE_SRCROUTING" (node_4) is false
[02:46:17.940] [bmv2] [T] [thread 161012] [33.0] [cxt 0] basic.p4(581) Condition "hdr.ethernet.etherType == TYPE_YEQUDESU" (node_12) is false
[02:46:17.940] [bmv2] [T] [thread 161012] [33.0] [cxt 0] basic.p4(587) Condition "hdr.vxlan.isValid()" (node_15) is false
[02:46:17.940] [bmv2] [T] [thread 161012] [33.0] [cxt 0] basic.p4(591) Condition "hdr.ipv6.isValid()" (node_17) is true
[02:46:17.940] [bmv2] [T] [thread 161012] [33.0] [cxt 0] Applying table 'MyIngress.ipv6_lpm'
[02:46:17.940] [bmv2] [D] [thread 161012] [33.0] [cxt 0] Looking up key:
* hdr.ipv6.dstAddr    : ff0200000000000000000000000000fb

[02:46:17.940] [bmv2] [D] [thread 161012] [33.0] [cxt 0] Table 'MyIngress.ipv6_lpm': miss
[02:46:17.940] [bmv2] [D] [thread 161012] [33.0] [cxt 0] Action entry is NoAction - 
[02:46:17.940] [bmv2] [T] [thread 161012] [33.0] [cxt 0] Action NoAction
[02:46:17.940] [bmv2] [D] [thread 161012] [33.0] [cxt 0] Pipeline 'ingress': end
[02:46:17.940] [bmv2] [D] [thread 161012] [33.0] [cxt 0] Egress port is 0
[02:46:17.941] [bmv2] [D] [thread 161013] [33.0] [cxt 0] Pipeline 'egress': start
[02:46:17.941] [bmv2] [T] [thread 161013] [33.0] [cxt 0] Applying table 'MyEgress.egress_encap_ipv6'
[02:46:17.941] [bmv2] [D] [thread 161013] [33.0] [cxt 0] Looking up key:
* standard_metadata.egress_port: 0000

[02:46:17.941] [bmv2] [D] [thread 161013] [33.0] [cxt 0] Table 'MyEgress.egress_encap_ipv6': miss
[02:46:17.941] [bmv2] [D] [thread 161013] [33.0] [cxt 0] Action entry is NoAction - 
[02:46:17.941] [bmv2] [T] [thread 161013] [33.0] [cxt 0] Action NoAction
[02:46:17.941] [bmv2] [T] [thread 161013] [33.0] [cxt 0] Applying table 'MyEgress.egress_encap_yequdesu'
[02:46:17.941] [bmv2] [D] [thread 161013] [33.0] [cxt 0] Looking up key:
* standard_metadata.egress_port: 0000

[02:46:17.941] [bmv2] [D] [thread 161013] [33.0] [cxt 0] Table 'MyEgress.egress_encap_yequdesu': miss
[02:46:17.941] [bmv2] [D] [thread 161013] [33.0] [cxt 0] Action entry is NoAction - 
[02:46:17.941] [bmv2] [T] [thread 161013] [33.0] [cxt 0] Action NoAction
[02:46:17.941] [bmv2] [T] [thread 161013] [33.0] [cxt 0] Applying table 'MyEgress.egress_encap_vxlan'
[02:46:17.941] [bmv2] [D] [thread 161013] [33.0] [cxt 0] Looking up key:
* standard_metadata.egress_port: 0000

[02:46:17.941] [bmv2] [D] [thread 161013] [33.0] [cxt 0] Table 'MyEgress.egress_encap_vxlan': miss
[02:46:17.941] [bmv2] [D] [thread 161013] [33.0] [cxt 0] Action entry is NoAction - 
[02:46:17.941] [bmv2] [T] [thread 161013] [33.0] [cxt 0] Action NoAction
[02:46:17.941] [bmv2] [D] [thread 161013] [33.0] [cxt 0] Pipeline 'egress': end
[02:46:17.941] [bmv2] [D] [thread 161013] [33.0] [cxt 0] Deparser 'deparser': start
[02:46:17.941] [bmv2] [T] [thread 161013] [33.0] [cxt 0] Skipping checksum 'cksum' update because condition not met
[02:46:17.941] [bmv2] [D] [thread 161013] [33.0] [cxt 0] Deparsing header 'ethernet'
[02:46:17.941] [bmv2] [D] [thread 161013] [33.0] [cxt 0] Deparsing header 'ipv6'
[02:46:17.941] [bmv2] [D] [thread 161013] [33.0] [cxt 0] Deparser 'deparser': end
[02:46:17.942] [bmv2] [D] [thread 161017] [33.0] [cxt 0] Transmitting packet of size 203 out of port 0
[02:46:18.197] [bmv2] [D] [thread 161012] [34.0] [cxt 0] Processing packet received on port 1
[02:46:18.197] [bmv2] [D] [thread 161012] [34.0] [cxt 0] Parser 'parser': start
[02:46:18.197] [bmv2] [D] [thread 161012] [34.0] [cxt 0] Parser 'parser' entering state 'start'
[02:46:18.197] [bmv2] [D] [thread 161012] [34.0] [cxt 0] Extracting header 'ethernet'
[02:46:18.197] [bmv2] [D] [thread 161012] [34.0] [cxt 0] Parser state 'start': key is 86dd
[02:46:18.197] [bmv2] [T] [thread 161012] [34.0] [cxt 0] Bytes parsed: 14
[02:46:18.197] [bmv2] [D] [thread 161012] [34.0] [cxt 0] Parser 'parser' entering state 'parse_ipv6'
[02:46:18.197] [bmv2] [D] [thread 161012] [34.0] [cxt 0] Extracting header 'ipv6'
[02:46:18.197] [bmv2] [D] [thread 161012] [34.0] [cxt 0] Parser state 'parse_ipv6': key is 11
[02:46:18.197] [bmv2] [T] [thread 161012] [34.0] [cxt 0] Bytes parsed: 54
[02:46:18.197] [bmv2] [D] [thread 161012] [34.0] [cxt 0] Parser 'parser': end
[02:46:18.197] [bmv2] [D] [thread 161012] [34.0] [cxt 0] Pipeline 'ingress': start
[02:46:18.197] [bmv2] [T] [thread 161012] [34.0] [cxt 0] basic.p4(565) Condition "hdr.ethernet.etherType == TYPE_ARP" (node_2) is false
[02:46:18.197] [bmv2] [T] [thread 161012] [34.0] [cxt 0] basic.p4(568) Condition "hdr.ethernet.etherType == TYPE_SRCROUTING" (node_4) is false
[02:46:18.197] [bmv2] [T] [thread 161012] [34.0] [cxt 0] basic.p4(581) Condition "hdr.ethernet.etherType == TYPE_YEQUDESU" (node_12) is false
[02:46:18.197] [bmv2] [T] [thread 161012] [34.0] [cxt 0] basic.p4(587) Condition "hdr.vxlan.isValid()" (node_15) is false
[02:46:18.197] [bmv2] [T] [thread 161012] [34.0] [cxt 0] basic.p4(591) Condition "hdr.ipv6.isValid()" (node_17) is true
[02:46:18.197] [bmv2] [T] [thread 161012] [34.0] [cxt 0] Applying table 'MyIngress.ipv6_lpm'
[02:46:18.197] [bmv2] [D] [thread 161012] [34.0] [cxt 0] Looking up key:
* hdr.ipv6.dstAddr    : ff0200000000000000000000000000fb

[02:46:18.197] [bmv2] [D] [thread 161012] [34.0] [cxt 0] Table 'MyIngress.ipv6_lpm': miss
[02:46:18.197] [bmv2] [D] [thread 161012] [34.0] [cxt 0] Action entry is NoAction - 
[02:46:18.197] [bmv2] [T] [thread 161012] [34.0] [cxt 0] Action NoAction
[02:46:18.197] [bmv2] [D] [thread 161012] [34.0] [cxt 0] Pipeline 'ingress': end
[02:46:18.198] [bmv2] [D] [thread 161012] [34.0] [cxt 0] Egress port is 0
[02:46:18.198] [bmv2] [D] [thread 161013] [34.0] [cxt 0] Pipeline 'egress': start
[02:46:18.198] [bmv2] [T] [thread 161013] [34.0] [cxt 0] Applying table 'MyEgress.egress_encap_ipv6'
[02:46:18.198] [bmv2] [D] [thread 161013] [34.0] [cxt 0] Looking up key:
* standard_metadata.egress_port: 0000

[02:46:18.198] [bmv2] [D] [thread 161013] [34.0] [cxt 0] Table 'MyEgress.egress_encap_ipv6': miss
[02:46:18.198] [bmv2] [D] [thread 161013] [34.0] [cxt 0] Action entry is NoAction - 
[02:46:18.198] [bmv2] [T] [thread 161013] [34.0] [cxt 0] Action NoAction
[02:46:18.198] [bmv2] [T] [thread 161013] [34.0] [cxt 0] Applying table 'MyEgress.egress_encap_yequdesu'
[02:46:18.198] [bmv2] [D] [thread 161013] [34.0] [cxt 0] Looking up key:
* standard_metadata.egress_port: 0000

[02:46:18.198] [bmv2] [D] [thread 161013] [34.0] [cxt 0] Table 'MyEgress.egress_encap_yequdesu': miss
[02:46:18.198] [bmv2] [D] [thread 161013] [34.0] [cxt 0] Action entry is NoAction - 
[02:46:18.198] [bmv2] [T] [thread 161013] [34.0] [cxt 0] Action NoAction
[02:46:18.198] [bmv2] [T] [thread 161013] [34.0] [cxt 0] Applying table 'MyEgress.egress_encap_vxlan'
[02:46:18.198] [bmv2] [D] [thread 161013] [34.0] [cxt 0] Looking up key:
* standard_metadata.egress_port: 0000

[02:46:18.198] [bmv2] [D] [thread 161013] [34.0] [cxt 0] Table 'MyEgress.egress_encap_vxlan': miss
[02:46:18.198] [bmv2] [D] [thread 161013] [34.0] [cxt 0] Action entry is NoAction - 
[02:46:18.198] [bmv2] [T] [thread 161013] [34.0] [cxt 0] Action NoAction
[02:46:18.198] [bmv2] [D] [thread 161013] [34.0] [cxt 0] Pipeline 'egress': end
[02:46:18.198] [bmv2] [D] [thread 161013] [34.0] [cxt 0] Deparser 'deparser': start
[02:46:18.198] [bmv2] [T] [thread 161013] [34.0] [cxt 0] Skipping checksum 'cksum' update because condition not met
[02:46:18.198] [bmv2] [D] [thread 161013] [34.0] [cxt 0] Deparsing header 'ethernet'
[02:46:18.198] [bmv2] [D] [thread 161013] [34.0] [cxt 0] Deparsing header 'ipv6'
[02:46:18.198] [bmv2] [D] [thread 161013] [34.0] [cxt 0] Deparser 'deparser': end
[02:46:18.198] [bmv2] [D] [thread 161017] [34.0] [cxt 0] Transmitting packet of size 203 out of port 0
[02:46:18.382] [bmv2] [D] [thread 161012] [35.0] [cxt 0] Processing packet received on port 1
[02:46:18.382] [bmv2] [D] [thread 161012] [35.0] [cxt 0] Parser 'parser': start
[02:46:18.382] [bmv2] [D] [thread 161012] [35.0] [cxt 0] Parser 'parser' entering state 'start'
[02:46:18.382] [bmv2] [D] [thread 161012] [35.0] [cxt 0] Extracting header 'ethernet'
[02:46:18.382] [bmv2] [D] [thread 161012] [35.0] [cxt 0] Parser state 'start': key is 86dd
[02:46:18.382] [bmv2] [T] [thread 161012] [35.0] [cxt 0] Bytes parsed: 14
[02:46:18.382] [bmv2] [D] [thread 161012] [35.0] [cxt 0] Parser 'parser' entering state 'parse_ipv6'
[02:46:18.382] [bmv2] [D] [thread 161012] [35.0] [cxt 0] Extracting header 'ipv6'
[02:46:18.382] [bmv2] [D] [thread 161012] [35.0] [cxt 0] Parser state 'parse_ipv6': key is 3a
[02:46:18.382] [bmv2] [T] [thread 161012] [35.0] [cxt 0] Bytes parsed: 54
[02:46:18.382] [bmv2] [D] [thread 161012] [35.0] [cxt 0] Parser 'parser': end
[02:46:18.382] [bmv2] [D] [thread 161012] [35.0] [cxt 0] Pipeline 'ingress': start
[02:46:18.382] [bmv2] [T] [thread 161012] [35.0] [cxt 0] basic.p4(565) Condition "hdr.ethernet.etherType == TYPE_ARP" (node_2) is false
[02:46:18.382] [bmv2] [T] [thread 161012] [35.0] [cxt 0] basic.p4(568) Condition "hdr.ethernet.etherType == TYPE_SRCROUTING" (node_4) is false
[02:46:18.382] [bmv2] [T] [thread 161012] [35.0] [cxt 0] basic.p4(581) Condition "hdr.ethernet.etherType == TYPE_YEQUDESU" (node_12) is false
[02:46:18.382] [bmv2] [T] [thread 161012] [35.0] [cxt 0] basic.p4(587) Condition "hdr.vxlan.isValid()" (node_15) is false
[02:46:18.382] [bmv2] [T] [thread 161012] [35.0] [cxt 0] basic.p4(591) Condition "hdr.ipv6.isValid()" (node_17) is true
[02:46:18.382] [bmv2] [T] [thread 161012] [35.0] [cxt 0] Applying table 'MyIngress.ipv6_lpm'
[02:46:18.382] [bmv2] [D] [thread 161012] [35.0] [cxt 0] Looking up key:
* hdr.ipv6.dstAddr    : ff020000000000000000000000000002

[02:46:18.383] [bmv2] [D] [thread 161012] [35.0] [cxt 0] Table 'MyIngress.ipv6_lpm': miss
[02:46:18.383] [bmv2] [D] [thread 161012] [35.0] [cxt 0] Action entry is NoAction - 
[02:46:18.383] [bmv2] [T] [thread 161012] [35.0] [cxt 0] Action NoAction
[02:46:18.383] [bmv2] [D] [thread 161012] [35.0] [cxt 0] Pipeline 'ingress': end
[02:46:18.383] [bmv2] [D] [thread 161012] [35.0] [cxt 0] Egress port is 0
[02:46:18.383] [bmv2] [D] [thread 161013] [35.0] [cxt 0] Pipeline 'egress': start
[02:46:18.383] [bmv2] [T] [thread 161013] [35.0] [cxt 0] Applying table 'MyEgress.egress_encap_ipv6'
[02:46:18.383] [bmv2] [D] [thread 161013] [35.0] [cxt 0] Looking up key:
* standard_metadata.egress_port: 0000

[02:46:18.383] [bmv2] [D] [thread 161013] [35.0] [cxt 0] Table 'MyEgress.egress_encap_ipv6': miss
[02:46:18.383] [bmv2] [D] [thread 161013] [35.0] [cxt 0] Action entry is NoAction - 
[02:46:18.383] [bmv2] [T] [thread 161013] [35.0] [cxt 0] Action NoAction
[02:46:18.383] [bmv2] [T] [thread 161013] [35.0] [cxt 0] Applying table 'MyEgress.egress_encap_yequdesu'
[02:46:18.383] [bmv2] [D] [thread 161013] [35.0] [cxt 0] Looking up key:
* standard_metadata.egress_port: 0000

[02:46:18.383] [bmv2] [D] [thread 161013] [35.0] [cxt 0] Table 'MyEgress.egress_encap_yequdesu': miss
[02:46:18.383] [bmv2] [D] [thread 161013] [35.0] [cxt 0] Action entry is NoAction - 
[02:46:18.383] [bmv2] [T] [thread 161013] [35.0] [cxt 0] Action NoAction
[02:46:18.383] [bmv2] [T] [thread 161013] [35.0] [cxt 0] Applying table 'MyEgress.egress_encap_vxlan'
[02:46:18.383] [bmv2] [D] [thread 161013] [35.0] [cxt 0] Looking up key:
* standard_metadata.egress_port: 0000

[02:46:18.383] [bmv2] [D] [thread 161013] [35.0] [cxt 0] Table 'MyEgress.egress_encap_vxlan': miss
[02:46:18.383] [bmv2] [D] [thread 161013] [35.0] [cxt 0] Action entry is NoAction - 
[02:46:18.383] [bmv2] [T] [thread 161013] [35.0] [cxt 0] Action NoAction
[02:46:18.383] [bmv2] [D] [thread 161013] [35.0] [cxt 0] Pipeline 'egress': end
[02:46:18.383] [bmv2] [D] [thread 161013] [35.0] [cxt 0] Deparser 'deparser': start
[02:46:18.383] [bmv2] [T] [thread 161013] [35.0] [cxt 0] Skipping checksum 'cksum' update because condition not met
[02:46:18.383] [bmv2] [D] [thread 161013] [35.0] [cxt 0] Deparsing header 'ethernet'
[02:46:18.383] [bmv2] [D] [thread 161013] [35.0] [cxt 0] Deparsing header 'ipv6'
[02:46:18.383] [bmv2] [D] [thread 161013] [35.0] [cxt 0] Deparser 'deparser': end
[02:46:18.383] [bmv2] [D] [thread 161017] [35.0] [cxt 0] Transmitting packet of size 70 out of port 0
[02:46:22.477] [bmv2] [D] [thread 161012] [36.0] [cxt 0] Processing packet received on port 1
[02:46:22.477] [bmv2] [D] [thread 161012] [36.0] [cxt 0] Parser 'parser': start
[02:46:22.477] [bmv2] [D] [thread 161012] [36.0] [cxt 0] Parser 'parser' entering state 'start'
[02:46:22.477] [bmv2] [D] [thread 161012] [36.0] [cxt 0] Extracting header 'ethernet'
[02:46:22.477] [bmv2] [D] [thread 161012] [36.0] [cxt 0] Parser state 'start': key is 86dd
[02:46:22.477] [bmv2] [T] [thread 161012] [36.0] [cxt 0] Bytes parsed: 14
[02:46:22.477] [bmv2] [D] [thread 161012] [36.0] [cxt 0] Parser 'parser' entering state 'parse_ipv6'
[02:46:22.477] [bmv2] [D] [thread 161012] [36.0] [cxt 0] Extracting header 'ipv6'
[02:46:22.477] [bmv2] [D] [thread 161012] [36.0] [cxt 0] Parser state 'parse_ipv6': key is 3a
[02:46:22.477] [bmv2] [T] [thread 161012] [36.0] [cxt 0] Bytes parsed: 54
[02:46:22.477] [bmv2] [D] [thread 161012] [36.0] [cxt 0] Parser 'parser': end
[02:46:22.477] [bmv2] [D] [thread 161012] [36.0] [cxt 0] Pipeline 'ingress': start
[02:46:22.478] [bmv2] [T] [thread 161012] [36.0] [cxt 0] basic.p4(565) Condition "hdr.ethernet.etherType == TYPE_ARP" (node_2) is false
[02:46:22.478] [bmv2] [T] [thread 161012] [36.0] [cxt 0] basic.p4(568) Condition "hdr.ethernet.etherType == TYPE_SRCROUTING" (node_4) is false
[02:46:22.478] [bmv2] [T] [thread 161012] [36.0] [cxt 0] basic.p4(581) Condition "hdr.ethernet.etherType == TYPE_YEQUDESU" (node_12) is false
[02:46:22.478] [bmv2] [T] [thread 161012] [36.0] [cxt 0] basic.p4(587) Condition "hdr.vxlan.isValid()" (node_15) is false
[02:46:22.478] [bmv2] [T] [thread 161012] [36.0] [cxt 0] basic.p4(591) Condition "hdr.ipv6.isValid()" (node_17) is true
[02:46:22.478] [bmv2] [T] [thread 161012] [36.0] [cxt 0] Applying table 'MyIngress.ipv6_lpm'
[02:46:22.478] [bmv2] [D] [thread 161012] [36.0] [cxt 0] Looking up key:
* hdr.ipv6.dstAddr    : ff020000000000000000000000000002

[02:46:22.478] [bmv2] [D] [thread 161012] [36.0] [cxt 0] Table 'MyIngress.ipv6_lpm': miss
[02:46:22.478] [bmv2] [D] [thread 161012] [36.0] [cxt 0] Action entry is NoAction - 
[02:46:22.478] [bmv2] [T] [thread 161012] [36.0] [cxt 0] Action NoAction
[02:46:22.478] [bmv2] [D] [thread 161012] [36.0] [cxt 0] Pipeline 'ingress': end
[02:46:22.478] [bmv2] [D] [thread 161012] [36.0] [cxt 0] Egress port is 0
[02:46:22.478] [bmv2] [D] [thread 161012] [37.0] [cxt 0] Processing packet received on port 2
[02:46:22.478] [bmv2] [D] [thread 161012] [37.0] [cxt 0] Parser 'parser': start
[02:46:22.478] [bmv2] [D] [thread 161012] [37.0] [cxt 0] Parser 'parser' entering state 'start'
[02:46:22.478] [bmv2] [D] [thread 161012] [37.0] [cxt 0] Extracting header 'ethernet'
[02:46:22.478] [bmv2] [D] [thread 161012] [37.0] [cxt 0] Parser state 'start': key is 86dd
[02:46:22.478] [bmv2] [T] [thread 161012] [37.0] [cxt 0] Bytes parsed: 14
[02:46:22.478] [bmv2] [D] [thread 161012] [37.0] [cxt 0] Parser 'parser' entering state 'parse_ipv6'
[02:46:22.478] [bmv2] [D] [thread 161012] [37.0] [cxt 0] Extracting header 'ipv6'
[02:46:22.478] [bmv2] [D] [thread 161012] [37.0] [cxt 0] Parser state 'parse_ipv6': key is 3a
[02:46:22.478] [bmv2] [T] [thread 161012] [37.0] [cxt 0] Bytes parsed: 54
[02:46:22.478] [bmv2] [D] [thread 161012] [37.0] [cxt 0] Parser 'parser': end
[02:46:22.478] [bmv2] [D] [thread 161012] [37.0] [cxt 0] Pipeline 'ingress': start
[02:46:22.478] [bmv2] [T] [thread 161012] [37.0] [cxt 0] basic.p4(565) Condition "hdr.ethernet.etherType == TYPE_ARP" (node_2) is false
[02:46:22.478] [bmv2] [T] [thread 161012] [37.0] [cxt 0] basic.p4(568) Condition "hdr.ethernet.etherType == TYPE_SRCROUTING" (node_4) is false
[02:46:22.478] [bmv2] [T] [thread 161012] [37.0] [cxt 0] basic.p4(581) Condition "hdr.ethernet.etherType == TYPE_YEQUDESU" (node_12) is false
[02:46:22.478] [bmv2] [T] [thread 161012] [37.0] [cxt 0] basic.p4(587) Condition "hdr.vxlan.isValid()" (node_15) is false
[02:46:22.478] [bmv2] [T] [thread 161012] [37.0] [cxt 0] basic.p4(591) Condition "hdr.ipv6.isValid()" (node_17) is true
[02:46:22.478] [bmv2] [T] [thread 161012] [37.0] [cxt 0] Applying table 'MyIngress.ipv6_lpm'
[02:46:22.478] [bmv2] [D] [thread 161012] [37.0] [cxt 0] Looking up key:
* hdr.ipv6.dstAddr    : ff020000000000000000000000000002

[02:46:22.478] [bmv2] [D] [thread 161012] [37.0] [cxt 0] Table 'MyIngress.ipv6_lpm': miss
[02:46:22.478] [bmv2] [D] [thread 161012] [37.0] [cxt 0] Action entry is NoAction - 
[02:46:22.478] [bmv2] [T] [thread 161012] [37.0] [cxt 0] Action NoAction
[02:46:22.478] [bmv2] [D] [thread 161012] [37.0] [cxt 0] Pipeline 'ingress': end
[02:46:22.478] [bmv2] [D] [thread 161012] [37.0] [cxt 0] Egress port is 0
[02:46:22.478] [bmv2] [D] [thread 161012] [38.0] [cxt 0] Processing packet received on port 2
[02:46:22.478] [bmv2] [D] [thread 161012] [38.0] [cxt 0] Parser 'parser': start
[02:46:22.478] [bmv2] [D] [thread 161012] [38.0] [cxt 0] Parser 'parser' entering state 'start'
[02:46:22.478] [bmv2] [D] [thread 161012] [38.0] [cxt 0] Extracting header 'ethernet'
[02:46:22.478] [bmv2] [D] [thread 161012] [38.0] [cxt 0] Parser state 'start': key is 86dd
[02:46:22.478] [bmv2] [T] [thread 161012] [38.0] [cxt 0] Bytes parsed: 14
[02:46:22.478] [bmv2] [D] [thread 161012] [38.0] [cxt 0] Parser 'parser' entering state 'parse_ipv6'
[02:46:22.478] [bmv2] [D] [thread 161012] [38.0] [cxt 0] Extracting header 'ipv6'
[02:46:22.478] [bmv2] [D] [thread 161012] [38.0] [cxt 0] Parser state 'parse_ipv6': key is 3a
[02:46:22.478] [bmv2] [D] [thread 161013] [36.0] [cxt 0] Pipeline 'egress': start
[02:46:22.478] [bmv2] [T] [thread 161013] [36.0] [cxt 0] Applying table 'MyEgress.egress_encap_ipv6'
[02:46:22.478] [bmv2] [D] [thread 161013] [36.0] [cxt 0] Looking up key:
* standard_metadata.egress_port: 0000

[02:46:22.478] [bmv2] [D] [thread 161013] [36.0] [cxt 0] Table 'MyEgress.egress_encap_ipv6': miss
[02:46:22.478] [bmv2] [D] [thread 161013] [36.0] [cxt 0] Action entry is NoAction - 
[02:46:22.478] [bmv2] [T] [thread 161013] [36.0] [cxt 0] Action NoAction
[02:46:22.478] [bmv2] [T] [thread 161013] [36.0] [cxt 0] Applying table 'MyEgress.egress_encap_yequdesu'
[02:46:22.478] [bmv2] [D] [thread 161013] [36.0] [cxt 0] Looking up key:
* standard_metadata.egress_port: 0000

[02:46:22.478] [bmv2] [T] [thread 161012] [38.0] [cxt 0] Bytes parsed: 54
[02:46:22.478] [bmv2] [D] [thread 161012] [38.0] [cxt 0] Parser 'parser': end
[02:46:22.478] [bmv2] [D] [thread 161012] [38.0] [cxt 0] Pipeline 'ingress': start
[02:46:22.478] [bmv2] [T] [thread 161012] [38.0] [cxt 0] basic.p4(565) Condition "hdr.ethernet.etherType == TYPE_ARP" (node_2) is false
[02:46:22.478] [bmv2] [T] [thread 161012] [38.0] [cxt 0] basic.p4(568) Condition "hdr.ethernet.etherType == TYPE_SRCROUTING" (node_4) is false
[02:46:22.478] [bmv2] [T] [thread 161012] [38.0] [cxt 0] basic.p4(581) Condition "hdr.ethernet.etherType == TYPE_YEQUDESU" (node_12) is false
[02:46:22.478] [bmv2] [T] [thread 161012] [38.0] [cxt 0] basic.p4(587) Condition "hdr.vxlan.isValid()" (node_15) is false
[02:46:22.478] [bmv2] [T] [thread 161012] [38.0] [cxt 0] basic.p4(591) Condition "hdr.ipv6.isValid()" (node_17) is true
[02:46:22.478] [bmv2] [T] [thread 161012] [38.0] [cxt 0] Applying table 'MyIngress.ipv6_lpm'
[02:46:22.478] [bmv2] [D] [thread 161012] [38.0] [cxt 0] Looking up key:
* hdr.ipv6.dstAddr    : ff020000000000000000000000000002

[02:46:22.478] [bmv2] [D] [thread 161012] [38.0] [cxt 0] Table 'MyIngress.ipv6_lpm': miss
[02:46:22.478] [bmv2] [D] [thread 161012] [38.0] [cxt 0] Action entry is NoAction - 
[02:46:22.478] [bmv2] [T] [thread 161012] [38.0] [cxt 0] Action NoAction
[02:46:22.478] [bmv2] [D] [thread 161012] [38.0] [cxt 0] Pipeline 'ingress': end
[02:46:22.478] [bmv2] [D] [thread 161012] [38.0] [cxt 0] Egress port is 0
[02:46:22.478] [bmv2] [D] [thread 161013] [36.0] [cxt 0] Table 'MyEgress.egress_encap_yequdesu': miss
[02:46:22.478] [bmv2] [D] [thread 161013] [36.0] [cxt 0] Action entry is NoAction - 
[02:46:22.478] [bmv2] [T] [thread 161013] [36.0] [cxt 0] Action NoAction
[02:46:22.478] [bmv2] [T] [thread 161013] [36.0] [cxt 0] Applying table 'MyEgress.egress_encap_vxlan'
[02:46:22.478] [bmv2] [D] [thread 161013] [36.0] [cxt 0] Looking up key:
* standard_metadata.egress_port: 0000

[02:46:22.478] [bmv2] [D] [thread 161013] [36.0] [cxt 0] Table 'MyEgress.egress_encap_vxlan': miss
[02:46:22.478] [bmv2] [D] [thread 161013] [36.0] [cxt 0] Action entry is NoAction - 
[02:46:22.478] [bmv2] [T] [thread 161013] [36.0] [cxt 0] Action NoAction
[02:46:22.478] [bmv2] [D] [thread 161013] [36.0] [cxt 0] Pipeline 'egress': end
[02:46:22.478] [bmv2] [D] [thread 161013] [36.0] [cxt 0] Deparser 'deparser': start
[02:46:22.478] [bmv2] [T] [thread 161013] [36.0] [cxt 0] Skipping checksum 'cksum' update because condition not met
[02:46:22.478] [bmv2] [D] [thread 161013] [36.0] [cxt 0] Deparsing header 'ethernet'
[02:46:22.478] [bmv2] [D] [thread 161013] [36.0] [cxt 0] Deparsing header 'ipv6'
[02:46:22.478] [bmv2] [D] [thread 161013] [36.0] [cxt 0] Deparser 'deparser': end
[02:46:22.478] [bmv2] [D] [thread 161017] [36.0] [cxt 0] Transmitting packet of size 70 out of port 0
[02:46:22.478] [bmv2] [D] [thread 161013] [37.0] [cxt 0] Pipeline 'egress': start
[02:46:22.478] [bmv2] [T] [thread 161013] [37.0] [cxt 0] Applying table 'MyEgress.egress_encap_ipv6'
[02:46:22.478] [bmv2] [D] [thread 161013] [37.0] [cxt 0] Looking up key:
* standard_metadata.egress_port: 0000

[02:46:22.478] [bmv2] [D] [thread 161013] [37.0] [cxt 0] Table 'MyEgress.egress_encap_ipv6': miss
[02:46:22.478] [bmv2] [D] [thread 161013] [37.0] [cxt 0] Action entry is NoAction - 
[02:46:22.478] [bmv2] [T] [thread 161013] [37.0] [cxt 0] Action NoAction
[02:46:22.478] [bmv2] [T] [thread 161013] [37.0] [cxt 0] Applying table 'MyEgress.egress_encap_yequdesu'
[02:46:22.478] [bmv2] [D] [thread 161013] [37.0] [cxt 0] Looking up key:
* standard_metadata.egress_port: 0000

[02:46:22.478] [bmv2] [D] [thread 161013] [37.0] [cxt 0] Table 'MyEgress.egress_encap_yequdesu': miss
[02:46:22.478] [bmv2] [D] [thread 161013] [37.0] [cxt 0] Action entry is NoAction - 
[02:46:22.478] [bmv2] [T] [thread 161013] [37.0] [cxt 0] Action NoAction
[02:46:22.478] [bmv2] [T] [thread 161013] [37.0] [cxt 0] Applying table 'MyEgress.egress_encap_vxlan'
[02:46:22.478] [bmv2] [D] [thread 161013] [37.0] [cxt 0] Looking up key:
* standard_metadata.egress_port: 0000

[02:46:22.478] [bmv2] [D] [thread 161013] [37.0] [cxt 0] Table 'MyEgress.egress_encap_vxlan': miss
[02:46:22.478] [bmv2] [D] [thread 161013] [37.0] [cxt 0] Action entry is NoAction - 
[02:46:22.478] [bmv2] [T] [thread 161013] [37.0] [cxt 0] Action NoAction
[02:46:22.478] [bmv2] [D] [thread 161013] [37.0] [cxt 0] Pipeline 'egress': end
[02:46:22.478] [bmv2] [D] [thread 161013] [37.0] [cxt 0] Deparser 'deparser': start
[02:46:22.478] [bmv2] [T] [thread 161013] [37.0] [cxt 0] Skipping checksum 'cksum' update because condition not met
[02:46:22.478] [bmv2] [D] [thread 161013] [37.0] [cxt 0] Deparsing header 'ethernet'
[02:46:22.478] [bmv2] [D] [thread 161013] [37.0] [cxt 0] Deparsing header 'ipv6'
[02:46:22.478] [bmv2] [D] [thread 161013] [37.0] [cxt 0] Deparser 'deparser': end
[02:46:22.478] [bmv2] [D] [thread 161017] [37.0] [cxt 0] Transmitting packet of size 70 out of port 0
[02:46:22.478] [bmv2] [D] [thread 161013] [38.0] [cxt 0] Pipeline 'egress': start
[02:46:22.478] [bmv2] [T] [thread 161013] [38.0] [cxt 0] Applying table 'MyEgress.egress_encap_ipv6'
[02:46:22.478] [bmv2] [D] [thread 161013] [38.0] [cxt 0] Looking up key:
* standard_metadata.egress_port: 0000

[02:46:22.478] [bmv2] [D] [thread 161013] [38.0] [cxt 0] Table 'MyEgress.egress_encap_ipv6': miss
[02:46:22.478] [bmv2] [D] [thread 161013] [38.0] [cxt 0] Action entry is NoAction - 
[02:46:22.478] [bmv2] [T] [thread 161013] [38.0] [cxt 0] Action NoAction
[02:46:22.478] [bmv2] [T] [thread 161013] [38.0] [cxt 0] Applying table 'MyEgress.egress_encap_yequdesu'
[02:46:22.478] [bmv2] [D] [thread 161013] [38.0] [cxt 0] Looking up key:
* standard_metadata.egress_port: 0000

[02:46:22.478] [bmv2] [D] [thread 161013] [38.0] [cxt 0] Table 'MyEgress.egress_encap_yequdesu': miss
[02:46:22.478] [bmv2] [D] [thread 161013] [38.0] [cxt 0] Action entry is NoAction - 
[02:46:22.478] [bmv2] [T] [thread 161013] [38.0] [cxt 0] Action NoAction
[02:46:22.478] [bmv2] [T] [thread 161013] [38.0] [cxt 0] Applying table 'MyEgress.egress_encap_vxlan'
[02:46:22.478] [bmv2] [D] [thread 161013] [38.0] [cxt 0] Looking up key:
* standard_metadata.egress_port: 0000

[02:46:22.478] [bmv2] [D] [thread 161013] [38.0] [cxt 0] Table 'MyEgress.egress_encap_vxlan': miss
[02:46:22.478] [bmv2] [D] [thread 161013] [38.0] [cxt 0] Action entry is NoAction - 
[02:46:22.478] [bmv2] [T] [thread 161013] [38.0] [cxt 0] Action NoAction
[02:46:22.478] [bmv2] [D] [thread 161013] [38.0] [cxt 0] Pipeline 'egress': end
[02:46:22.478] [bmv2] [D] [thread 161013] [38.0] [cxt 0] Deparser 'deparser': start
[02:46:22.478] [bmv2] [T] [thread 161013] [38.0] [cxt 0] Skipping checksum 'cksum' update because condition not met
[02:46:22.478] [bmv2] [D] [thread 161013] [38.0] [cxt 0] Deparsing header 'ethernet'
[02:46:22.478] [bmv2] [D] [thread 161013] [38.0] [cxt 0] Deparsing header 'ipv6'
[02:46:22.478] [bmv2] [D] [thread 161013] [38.0] [cxt 0] Deparser 'deparser': end
[02:46:22.478] [bmv2] [D] [thread 161017] [38.0] [cxt 0] Transmitting packet of size 70 out of port 0
[02:47:21.554] [bmv2] [D] [thread 161012] [39.0] [cxt 0] Processing packet received on port 2
[02:47:21.555] [bmv2] [D] [thread 161012] [39.0] [cxt 0] Parser 'parser': start
[02:47:21.555] [bmv2] [D] [thread 161012] [39.0] [cxt 0] Parser 'parser' entering state 'start'
[02:47:21.555] [bmv2] [D] [thread 161012] [39.0] [cxt 0] Extracting header 'ethernet'
[02:47:21.555] [bmv2] [D] [thread 161012] [39.0] [cxt 0] Parser state 'start': key is 86dd
[02:47:21.555] [bmv2] [T] [thread 161012] [39.0] [cxt 0] Bytes parsed: 14
[02:47:21.555] [bmv2] [D] [thread 161012] [39.0] [cxt 0] Parser 'parser' entering state 'parse_ipv6'
[02:47:21.555] [bmv2] [D] [thread 161012] [39.0] [cxt 0] Extracting header 'ipv6'
[02:47:21.555] [bmv2] [D] [thread 161012] [39.0] [cxt 0] Parser state 'parse_ipv6': key is 11
[02:47:21.555] [bmv2] [T] [thread 161012] [39.0] [cxt 0] Bytes parsed: 54
[02:47:21.555] [bmv2] [D] [thread 161012] [39.0] [cxt 0] Parser 'parser': end
[02:47:21.555] [bmv2] [D] [thread 161012] [39.0] [cxt 0] Pipeline 'ingress': start
[02:47:21.555] [bmv2] [T] [thread 161012] [39.0] [cxt 0] basic.p4(565) Condition "hdr.ethernet.etherType == TYPE_ARP" (node_2) is false
[02:47:21.555] [bmv2] [T] [thread 161012] [39.0] [cxt 0] basic.p4(568) Condition "hdr.ethernet.etherType == TYPE_SRCROUTING" (node_4) is false
[02:47:21.555] [bmv2] [T] [thread 161012] [39.0] [cxt 0] basic.p4(581) Condition "hdr.ethernet.etherType == TYPE_YEQUDESU" (node_12) is false
[02:47:21.555] [bmv2] [T] [thread 161012] [39.0] [cxt 0] basic.p4(587) Condition "hdr.vxlan.isValid()" (node_15) is false
[02:47:21.555] [bmv2] [T] [thread 161012] [39.0] [cxt 0] basic.p4(591) Condition "hdr.ipv6.isValid()" (node_17) is true
[02:47:21.555] [bmv2] [T] [thread 161012] [39.0] [cxt 0] Applying table 'MyIngress.ipv6_lpm'
[02:47:21.555] [bmv2] [D] [thread 161012] [39.0] [cxt 0] Looking up key:
* hdr.ipv6.dstAddr    : ff0200000000000000000000000000fb

[02:47:21.555] [bmv2] [D] [thread 161012] [39.0] [cxt 0] Table 'MyIngress.ipv6_lpm': miss
[02:47:21.555] [bmv2] [D] [thread 161012] [39.0] [cxt 0] Action entry is NoAction - 
[02:47:21.555] [bmv2] [T] [thread 161012] [39.0] [cxt 0] Action NoAction
[02:47:21.555] [bmv2] [D] [thread 161012] [39.0] [cxt 0] Pipeline 'ingress': end
[02:47:21.555] [bmv2] [D] [thread 161012] [39.0] [cxt 0] Egress port is 0
[02:47:21.555] [bmv2] [D] [thread 161013] [39.0] [cxt 0] Pipeline 'egress': start
[02:47:21.555] [bmv2] [T] [thread 161013] [39.0] [cxt 0] Applying table 'MyEgress.egress_encap_ipv6'
[02:47:21.555] [bmv2] [D] [thread 161013] [39.0] [cxt 0] Looking up key:
* standard_metadata.egress_port: 0000

[02:47:21.555] [bmv2] [D] [thread 161013] [39.0] [cxt 0] Table 'MyEgress.egress_encap_ipv6': miss
[02:47:21.555] [bmv2] [D] [thread 161013] [39.0] [cxt 0] Action entry is NoAction - 
[02:47:21.555] [bmv2] [T] [thread 161013] [39.0] [cxt 0] Action NoAction
[02:47:21.555] [bmv2] [T] [thread 161013] [39.0] [cxt 0] Applying table 'MyEgress.egress_encap_yequdesu'
[02:47:21.555] [bmv2] [D] [thread 161013] [39.0] [cxt 0] Looking up key:
* standard_metadata.egress_port: 0000

[02:47:21.555] [bmv2] [D] [thread 161013] [39.0] [cxt 0] Table 'MyEgress.egress_encap_yequdesu': miss
[02:47:21.555] [bmv2] [D] [thread 161013] [39.0] [cxt 0] Action entry is NoAction - 
[02:47:21.555] [bmv2] [T] [thread 161013] [39.0] [cxt 0] Action NoAction
[02:47:21.555] [bmv2] [T] [thread 161013] [39.0] [cxt 0] Applying table 'MyEgress.egress_encap_vxlan'
[02:47:21.555] [bmv2] [D] [thread 161013] [39.0] [cxt 0] Looking up key:
* standard_metadata.egress_port: 0000

[02:47:21.555] [bmv2] [D] [thread 161013] [39.0] [cxt 0] Table 'MyEgress.egress_encap_vxlan': miss
[02:47:21.555] [bmv2] [D] [thread 161013] [39.0] [cxt 0] Action entry is NoAction - 
[02:47:21.555] [bmv2] [T] [thread 161013] [39.0] [cxt 0] Action NoAction
[02:47:21.555] [bmv2] [D] [thread 161013] [39.0] [cxt 0] Pipeline 'egress': end
[02:47:21.555] [bmv2] [D] [thread 161013] [39.0] [cxt 0] Deparser 'deparser': start
[02:47:21.555] [bmv2] [T] [thread 161013] [39.0] [cxt 0] Skipping checksum 'cksum' update because condition not met
[02:47:21.555] [bmv2] [D] [thread 161013] [39.0] [cxt 0] Deparsing header 'ethernet'
[02:47:21.555] [bmv2] [D] [thread 161013] [39.0] [cxt 0] Deparsing header 'ipv6'
[02:47:21.555] [bmv2] [D] [thread 161013] [39.0] [cxt 0] Deparser 'deparser': end
[02:47:21.555] [bmv2] [D] [thread 161017] [39.0] [cxt 0] Transmitting packet of size 203 out of port 0
[02:47:21.684] [bmv2] [D] [thread 161012] [40.0] [cxt 0] Processing packet received on port 1
[02:47:21.684] [bmv2] [D] [thread 161012] [40.0] [cxt 0] Parser 'parser': start
[02:47:21.684] [bmv2] [D] [thread 161012] [40.0] [cxt 0] Parser 'parser' entering state 'start'
[02:47:21.684] [bmv2] [D] [thread 161012] [40.0] [cxt 0] Extracting header 'ethernet'
[02:47:21.684] [bmv2] [D] [thread 161012] [40.0] [cxt 0] Parser state 'start': key is 86dd
[02:47:21.684] [bmv2] [T] [thread 161012] [40.0] [cxt 0] Bytes parsed: 14
[02:47:21.684] [bmv2] [D] [thread 161012] [40.0] [cxt 0] Parser 'parser' entering state 'parse_ipv6'
[02:47:21.684] [bmv2] [D] [thread 161012] [40.0] [cxt 0] Extracting header 'ipv6'
[02:47:21.684] [bmv2] [D] [thread 161012] [40.0] [cxt 0] Parser state 'parse_ipv6': key is 11
[02:47:21.684] [bmv2] [T] [thread 161012] [40.0] [cxt 0] Bytes parsed: 54
[02:47:21.684] [bmv2] [D] [thread 161012] [40.0] [cxt 0] Parser 'parser': end
[02:47:21.684] [bmv2] [D] [thread 161012] [40.0] [cxt 0] Pipeline 'ingress': start
[02:47:21.684] [bmv2] [T] [thread 161012] [40.0] [cxt 0] basic.p4(565) Condition "hdr.ethernet.etherType == TYPE_ARP" (node_2) is false
[02:47:21.684] [bmv2] [T] [thread 161012] [40.0] [cxt 0] basic.p4(568) Condition "hdr.ethernet.etherType == TYPE_SRCROUTING" (node_4) is false
[02:47:21.684] [bmv2] [T] [thread 161012] [40.0] [cxt 0] basic.p4(581) Condition "hdr.ethernet.etherType == TYPE_YEQUDESU" (node_12) is false
[02:47:21.684] [bmv2] [T] [thread 161012] [40.0] [cxt 0] basic.p4(587) Condition "hdr.vxlan.isValid()" (node_15) is false
[02:47:21.684] [bmv2] [T] [thread 161012] [40.0] [cxt 0] basic.p4(591) Condition "hdr.ipv6.isValid()" (node_17) is true
[02:47:21.684] [bmv2] [T] [thread 161012] [40.0] [cxt 0] Applying table 'MyIngress.ipv6_lpm'
[02:47:21.684] [bmv2] [D] [thread 161012] [40.0] [cxt 0] Looking up key:
* hdr.ipv6.dstAddr    : ff0200000000000000000000000000fb

[02:47:21.684] [bmv2] [D] [thread 161012] [40.0] [cxt 0] Table 'MyIngress.ipv6_lpm': miss
[02:47:21.684] [bmv2] [D] [thread 161012] [40.0] [cxt 0] Action entry is NoAction - 
[02:47:21.684] [bmv2] [T] [thread 161012] [40.0] [cxt 0] Action NoAction
[02:47:21.684] [bmv2] [D] [thread 161012] [40.0] [cxt 0] Pipeline 'ingress': end
[02:47:21.684] [bmv2] [D] [thread 161012] [40.0] [cxt 0] Egress port is 0
[02:47:21.684] [bmv2] [D] [thread 161013] [40.0] [cxt 0] Pipeline 'egress': start
[02:47:21.684] [bmv2] [T] [thread 161013] [40.0] [cxt 0] Applying table 'MyEgress.egress_encap_ipv6'
[02:47:21.684] [bmv2] [D] [thread 161013] [40.0] [cxt 0] Looking up key:
* standard_metadata.egress_port: 0000

[02:47:21.684] [bmv2] [D] [thread 161013] [40.0] [cxt 0] Table 'MyEgress.egress_encap_ipv6': miss
[02:47:21.684] [bmv2] [D] [thread 161013] [40.0] [cxt 0] Action entry is NoAction - 
[02:47:21.684] [bmv2] [T] [thread 161013] [40.0] [cxt 0] Action NoAction
[02:47:21.684] [bmv2] [T] [thread 161013] [40.0] [cxt 0] Applying table 'MyEgress.egress_encap_yequdesu'
[02:47:21.684] [bmv2] [D] [thread 161013] [40.0] [cxt 0] Looking up key:
* standard_metadata.egress_port: 0000

[02:47:21.684] [bmv2] [D] [thread 161013] [40.0] [cxt 0] Table 'MyEgress.egress_encap_yequdesu': miss
[02:47:21.684] [bmv2] [D] [thread 161013] [40.0] [cxt 0] Action entry is NoAction - 
[02:47:21.684] [bmv2] [T] [thread 161013] [40.0] [cxt 0] Action NoAction
[02:47:21.684] [bmv2] [T] [thread 161013] [40.0] [cxt 0] Applying table 'MyEgress.egress_encap_vxlan'
[02:47:21.684] [bmv2] [D] [thread 161013] [40.0] [cxt 0] Looking up key:
* standard_metadata.egress_port: 0000

[02:47:21.684] [bmv2] [D] [thread 161013] [40.0] [cxt 0] Table 'MyEgress.egress_encap_vxlan': miss
[02:47:21.684] [bmv2] [D] [thread 161013] [40.0] [cxt 0] Action entry is NoAction - 
[02:47:21.684] [bmv2] [T] [thread 161013] [40.0] [cxt 0] Action NoAction
[02:47:21.684] [bmv2] [D] [thread 161013] [40.0] [cxt 0] Pipeline 'egress': end
[02:47:21.684] [bmv2] [D] [thread 161013] [40.0] [cxt 0] Deparser 'deparser': start
[02:47:21.684] [bmv2] [T] [thread 161013] [40.0] [cxt 0] Skipping checksum 'cksum' update because condition not met
[02:47:21.684] [bmv2] [D] [thread 161013] [40.0] [cxt 0] Deparsing header 'ethernet'
[02:47:21.684] [bmv2] [D] [thread 161013] [40.0] [cxt 0] Deparsing header 'ipv6'
[02:47:21.684] [bmv2] [D] [thread 161013] [40.0] [cxt 0] Deparser 'deparser': end
[02:47:21.684] [bmv2] [D] [thread 161017] [40.0] [cxt 0] Transmitting packet of size 203 out of port 0
[02:47:21.940] [bmv2] [D] [thread 161012] [41.0] [cxt 0] Processing packet received on port 2
[02:47:21.940] [bmv2] [D] [thread 161012] [41.0] [cxt 0] Parser 'parser': start
[02:47:21.940] [bmv2] [D] [thread 161012] [41.0] [cxt 0] Parser 'parser' entering state 'start'
[02:47:21.940] [bmv2] [D] [thread 161012] [41.0] [cxt 0] Extracting header 'ethernet'
[02:47:21.940] [bmv2] [D] [thread 161012] [41.0] [cxt 0] Parser state 'start': key is 86dd
[02:47:21.940] [bmv2] [T] [thread 161012] [41.0] [cxt 0] Bytes parsed: 14
[02:47:21.940] [bmv2] [D] [thread 161012] [41.0] [cxt 0] Parser 'parser' entering state 'parse_ipv6'
[02:47:21.940] [bmv2] [D] [thread 161012] [41.0] [cxt 0] Extracting header 'ipv6'
[02:47:21.940] [bmv2] [D] [thread 161012] [41.0] [cxt 0] Parser state 'parse_ipv6': key is 11
[02:47:21.940] [bmv2] [T] [thread 161012] [41.0] [cxt 0] Bytes parsed: 54
[02:47:21.940] [bmv2] [D] [thread 161012] [41.0] [cxt 0] Parser 'parser': end
[02:47:21.940] [bmv2] [D] [thread 161012] [41.0] [cxt 0] Pipeline 'ingress': start
[02:47:21.940] [bmv2] [T] [thread 161012] [41.0] [cxt 0] basic.p4(565) Condition "hdr.ethernet.etherType == TYPE_ARP" (node_2) is false
[02:47:21.940] [bmv2] [T] [thread 161012] [41.0] [cxt 0] basic.p4(568) Condition "hdr.ethernet.etherType == TYPE_SRCROUTING" (node_4) is false
[02:47:21.940] [bmv2] [T] [thread 161012] [41.0] [cxt 0] basic.p4(581) Condition "hdr.ethernet.etherType == TYPE_YEQUDESU" (node_12) is false
[02:47:21.940] [bmv2] [T] [thread 161012] [41.0] [cxt 0] basic.p4(587) Condition "hdr.vxlan.isValid()" (node_15) is false
[02:47:21.940] [bmv2] [T] [thread 161012] [41.0] [cxt 0] basic.p4(591) Condition "hdr.ipv6.isValid()" (node_17) is true
[02:47:21.940] [bmv2] [T] [thread 161012] [41.0] [cxt 0] Applying table 'MyIngress.ipv6_lpm'
[02:47:21.940] [bmv2] [D] [thread 161012] [41.0] [cxt 0] Looking up key:
* hdr.ipv6.dstAddr    : ff0200000000000000000000000000fb

[02:47:21.940] [bmv2] [D] [thread 161012] [41.0] [cxt 0] Table 'MyIngress.ipv6_lpm': miss
[02:47:21.940] [bmv2] [D] [thread 161012] [41.0] [cxt 0] Action entry is NoAction - 
[02:47:21.940] [bmv2] [T] [thread 161012] [41.0] [cxt 0] Action NoAction
[02:47:21.940] [bmv2] [D] [thread 161012] [41.0] [cxt 0] Pipeline 'ingress': end
[02:47:21.940] [bmv2] [D] [thread 161012] [41.0] [cxt 0] Egress port is 0
[02:47:21.941] [bmv2] [D] [thread 161013] [41.0] [cxt 0] Pipeline 'egress': start
[02:47:21.941] [bmv2] [T] [thread 161013] [41.0] [cxt 0] Applying table 'MyEgress.egress_encap_ipv6'
[02:47:21.941] [bmv2] [D] [thread 161013] [41.0] [cxt 0] Looking up key:
* standard_metadata.egress_port: 0000

[02:47:21.941] [bmv2] [D] [thread 161013] [41.0] [cxt 0] Table 'MyEgress.egress_encap_ipv6': miss
[02:47:21.941] [bmv2] [D] [thread 161013] [41.0] [cxt 0] Action entry is NoAction - 
[02:47:21.941] [bmv2] [T] [thread 161013] [41.0] [cxt 0] Action NoAction
[02:47:21.941] [bmv2] [T] [thread 161013] [41.0] [cxt 0] Applying table 'MyEgress.egress_encap_yequdesu'
[02:47:21.941] [bmv2] [D] [thread 161013] [41.0] [cxt 0] Looking up key:
* standard_metadata.egress_port: 0000

[02:47:21.941] [bmv2] [D] [thread 161013] [41.0] [cxt 0] Table 'MyEgress.egress_encap_yequdesu': miss
[02:47:21.941] [bmv2] [D] [thread 161013] [41.0] [cxt 0] Action entry is NoAction - 
[02:47:21.941] [bmv2] [T] [thread 161013] [41.0] [cxt 0] Action NoAction
[02:47:21.941] [bmv2] [T] [thread 161013] [41.0] [cxt 0] Applying table 'MyEgress.egress_encap_vxlan'
[02:47:21.941] [bmv2] [D] [thread 161013] [41.0] [cxt 0] Looking up key:
* standard_metadata.egress_port: 0000

[02:47:21.941] [bmv2] [D] [thread 161013] [41.0] [cxt 0] Table 'MyEgress.egress_encap_vxlan': miss
[02:47:21.941] [bmv2] [D] [thread 161013] [41.0] [cxt 0] Action entry is NoAction - 
[02:47:21.941] [bmv2] [T] [thread 161013] [41.0] [cxt 0] Action NoAction
[02:47:21.941] [bmv2] [D] [thread 161013] [41.0] [cxt 0] Pipeline 'egress': end
[02:47:21.941] [bmv2] [D] [thread 161013] [41.0] [cxt 0] Deparser 'deparser': start
[02:47:21.941] [bmv2] [T] [thread 161013] [41.0] [cxt 0] Skipping checksum 'cksum' update because condition not met
[02:47:21.941] [bmv2] [D] [thread 161013] [41.0] [cxt 0] Deparsing header 'ethernet'
[02:47:21.941] [bmv2] [D] [thread 161013] [41.0] [cxt 0] Deparsing header 'ipv6'
[02:47:21.941] [bmv2] [D] [thread 161013] [41.0] [cxt 0] Deparser 'deparser': end
[02:47:21.941] [bmv2] [D] [thread 161017] [41.0] [cxt 0] Transmitting packet of size 203 out of port 0
[02:47:22.195] [bmv2] [D] [thread 161012] [42.0] [cxt 0] Processing packet received on port 1
[02:47:22.195] [bmv2] [D] [thread 161012] [42.0] [cxt 0] Parser 'parser': start
[02:47:22.195] [bmv2] [D] [thread 161012] [42.0] [cxt 0] Parser 'parser' entering state 'start'
[02:47:22.195] [bmv2] [D] [thread 161012] [42.0] [cxt 0] Extracting header 'ethernet'
[02:47:22.195] [bmv2] [D] [thread 161012] [42.0] [cxt 0] Parser state 'start': key is 86dd
[02:47:22.195] [bmv2] [T] [thread 161012] [42.0] [cxt 0] Bytes parsed: 14
[02:47:22.195] [bmv2] [D] [thread 161012] [42.0] [cxt 0] Parser 'parser' entering state 'parse_ipv6'
[02:47:22.195] [bmv2] [D] [thread 161012] [42.0] [cxt 0] Extracting header 'ipv6'
[02:47:22.195] [bmv2] [D] [thread 161012] [42.0] [cxt 0] Parser state 'parse_ipv6': key is 11
[02:47:22.195] [bmv2] [T] [thread 161012] [42.0] [cxt 0] Bytes parsed: 54
[02:47:22.195] [bmv2] [D] [thread 161012] [42.0] [cxt 0] Parser 'parser': end
[02:47:22.195] [bmv2] [D] [thread 161012] [42.0] [cxt 0] Pipeline 'ingress': start
[02:47:22.195] [bmv2] [T] [thread 161012] [42.0] [cxt 0] basic.p4(565) Condition "hdr.ethernet.etherType == TYPE_ARP" (node_2) is false
[02:47:22.195] [bmv2] [T] [thread 161012] [42.0] [cxt 0] basic.p4(568) Condition "hdr.ethernet.etherType == TYPE_SRCROUTING" (node_4) is false
[02:47:22.195] [bmv2] [T] [thread 161012] [42.0] [cxt 0] basic.p4(581) Condition "hdr.ethernet.etherType == TYPE_YEQUDESU" (node_12) is false
[02:47:22.195] [bmv2] [T] [thread 161012] [42.0] [cxt 0] basic.p4(587) Condition "hdr.vxlan.isValid()" (node_15) is false
[02:47:22.195] [bmv2] [T] [thread 161012] [42.0] [cxt 0] basic.p4(591) Condition "hdr.ipv6.isValid()" (node_17) is true
[02:47:22.195] [bmv2] [T] [thread 161012] [42.0] [cxt 0] Applying table 'MyIngress.ipv6_lpm'
[02:47:22.195] [bmv2] [D] [thread 161012] [42.0] [cxt 0] Looking up key:
* hdr.ipv6.dstAddr    : ff0200000000000000000000000000fb

[02:47:22.195] [bmv2] [D] [thread 161012] [42.0] [cxt 0] Table 'MyIngress.ipv6_lpm': miss
[02:47:22.195] [bmv2] [D] [thread 161012] [42.0] [cxt 0] Action entry is NoAction - 
[02:47:22.195] [bmv2] [T] [thread 161012] [42.0] [cxt 0] Action NoAction
[02:47:22.195] [bmv2] [D] [thread 161012] [42.0] [cxt 0] Pipeline 'ingress': end
[02:47:22.195] [bmv2] [D] [thread 161012] [42.0] [cxt 0] Egress port is 0
[02:47:22.195] [bmv2] [D] [thread 161013] [42.0] [cxt 0] Pipeline 'egress': start
[02:47:22.195] [bmv2] [T] [thread 161013] [42.0] [cxt 0] Applying table 'MyEgress.egress_encap_ipv6'
[02:47:22.195] [bmv2] [D] [thread 161013] [42.0] [cxt 0] Looking up key:
* standard_metadata.egress_port: 0000

[02:47:22.195] [bmv2] [D] [thread 161013] [42.0] [cxt 0] Table 'MyEgress.egress_encap_ipv6': miss
[02:47:22.195] [bmv2] [D] [thread 161013] [42.0] [cxt 0] Action entry is NoAction - 
[02:47:22.195] [bmv2] [T] [thread 161013] [42.0] [cxt 0] Action NoAction
[02:47:22.195] [bmv2] [T] [thread 161013] [42.0] [cxt 0] Applying table 'MyEgress.egress_encap_yequdesu'
[02:47:22.195] [bmv2] [D] [thread 161013] [42.0] [cxt 0] Looking up key:
* standard_metadata.egress_port: 0000

[02:47:22.195] [bmv2] [D] [thread 161013] [42.0] [cxt 0] Table 'MyEgress.egress_encap_yequdesu': miss
[02:47:22.195] [bmv2] [D] [thread 161013] [42.0] [cxt 0] Action entry is NoAction - 
[02:47:22.195] [bmv2] [T] [thread 161013] [42.0] [cxt 0] Action NoAction
[02:47:22.195] [bmv2] [T] [thread 161013] [42.0] [cxt 0] Applying table 'MyEgress.egress_encap_vxlan'
[02:47:22.195] [bmv2] [D] [thread 161013] [42.0] [cxt 0] Looking up key:
* standard_metadata.egress_port: 0000

[02:47:22.195] [bmv2] [D] [thread 161013] [42.0] [cxt 0] Table 'MyEgress.egress_encap_vxlan': miss
[02:47:22.196] [bmv2] [D] [thread 161013] [42.0] [cxt 0] Action entry is NoAction - 
[02:47:22.196] [bmv2] [T] [thread 161013] [42.0] [cxt 0] Action NoAction
[02:47:22.196] [bmv2] [D] [thread 161013] [42.0] [cxt 0] Pipeline 'egress': end
[02:47:22.196] [bmv2] [D] [thread 161013] [42.0] [cxt 0] Deparser 'deparser': start
[02:47:22.196] [bmv2] [T] [thread 161013] [42.0] [cxt 0] Skipping checksum 'cksum' update because condition not met
[02:47:22.196] [bmv2] [D] [thread 161013] [42.0] [cxt 0] Deparsing header 'ethernet'
[02:47:22.196] [bmv2] [D] [thread 161013] [42.0] [cxt 0] Deparsing header 'ipv6'
[02:47:22.196] [bmv2] [D] [thread 161013] [42.0] [cxt 0] Deparser 'deparser': end
[02:47:22.196] [bmv2] [D] [thread 161017] [42.0] [cxt 0] Transmitting packet of size 203 out of port 0
[02:47:28.015] [bmv2] [D] [thread 161012] [43.0] [cxt 0] Processing packet received on port 1
[02:47:28.015] [bmv2] [D] [thread 161012] [43.0] [cxt 0] Parser 'parser': start
[02:47:28.015] [bmv2] [D] [thread 161012] [43.0] [cxt 0] Parser 'parser' entering state 'start'
[02:47:28.015] [bmv2] [D] [thread 161012] [43.0] [cxt 0] Extracting header 'ethernet'
[02:47:28.015] [bmv2] [D] [thread 161012] [43.0] [cxt 0] Parser state 'start': key is 86dd
[02:47:28.015] [bmv2] [T] [thread 161012] [43.0] [cxt 0] Bytes parsed: 14
[02:47:28.015] [bmv2] [D] [thread 161012] [43.0] [cxt 0] Parser 'parser' entering state 'parse_ipv6'
[02:47:28.015] [bmv2] [D] [thread 161012] [43.0] [cxt 0] Extracting header 'ipv6'
[02:47:28.015] [bmv2] [D] [thread 161012] [43.0] [cxt 0] Parser state 'parse_ipv6': key is 3a
[02:47:28.015] [bmv2] [T] [thread 161012] [43.0] [cxt 0] Bytes parsed: 54
[02:47:28.015] [bmv2] [D] [thread 161012] [43.0] [cxt 0] Parser 'parser': end
[02:47:28.015] [bmv2] [D] [thread 161012] [43.0] [cxt 0] Pipeline 'ingress': start
[02:47:28.015] [bmv2] [T] [thread 161012] [43.0] [cxt 0] basic.p4(565) Condition "hdr.ethernet.etherType == TYPE_ARP" (node_2) is false
[02:47:28.015] [bmv2] [T] [thread 161012] [43.0] [cxt 0] basic.p4(568) Condition "hdr.ethernet.etherType == TYPE_SRCROUTING" (node_4) is false
[02:47:28.015] [bmv2] [T] [thread 161012] [43.0] [cxt 0] basic.p4(581) Condition "hdr.ethernet.etherType == TYPE_YEQUDESU" (node_12) is false
[02:47:28.015] [bmv2] [T] [thread 161012] [43.0] [cxt 0] basic.p4(587) Condition "hdr.vxlan.isValid()" (node_15) is false
[02:47:28.015] [bmv2] [T] [thread 161012] [43.0] [cxt 0] basic.p4(591) Condition "hdr.ipv6.isValid()" (node_17) is true
[02:47:28.015] [bmv2] [T] [thread 161012] [43.0] [cxt 0] Applying table 'MyIngress.ipv6_lpm'
[02:47:28.015] [bmv2] [D] [thread 161012] [43.0] [cxt 0] Looking up key:
* hdr.ipv6.dstAddr    : ff020000000000000000000000000002

[02:47:28.015] [bmv2] [D] [thread 161012] [43.0] [cxt 0] Table 'MyIngress.ipv6_lpm': miss
[02:47:28.015] [bmv2] [D] [thread 161012] [43.0] [cxt 0] Action entry is NoAction - 
[02:47:28.015] [bmv2] [T] [thread 161012] [43.0] [cxt 0] Action NoAction
[02:47:28.015] [bmv2] [D] [thread 161012] [43.0] [cxt 0] Pipeline 'ingress': end
[02:47:28.015] [bmv2] [D] [thread 161012] [43.0] [cxt 0] Egress port is 0
[02:47:28.016] [bmv2] [D] [thread 161013] [43.0] [cxt 0] Pipeline 'egress': start
[02:47:28.016] [bmv2] [T] [thread 161013] [43.0] [cxt 0] Applying table 'MyEgress.egress_encap_ipv6'
[02:47:28.016] [bmv2] [D] [thread 161013] [43.0] [cxt 0] Looking up key:
* standard_metadata.egress_port: 0000

[02:47:28.016] [bmv2] [D] [thread 161013] [43.0] [cxt 0] Table 'MyEgress.egress_encap_ipv6': miss
[02:47:28.016] [bmv2] [D] [thread 161013] [43.0] [cxt 0] Action entry is NoAction - 
[02:47:28.016] [bmv2] [T] [thread 161013] [43.0] [cxt 0] Action NoAction
[02:47:28.016] [bmv2] [T] [thread 161013] [43.0] [cxt 0] Applying table 'MyEgress.egress_encap_yequdesu'
[02:47:28.016] [bmv2] [D] [thread 161013] [43.0] [cxt 0] Looking up key:
* standard_metadata.egress_port: 0000

[02:47:28.016] [bmv2] [D] [thread 161013] [43.0] [cxt 0] Table 'MyEgress.egress_encap_yequdesu': miss
[02:47:28.016] [bmv2] [D] [thread 161013] [43.0] [cxt 0] Action entry is NoAction - 
[02:47:28.016] [bmv2] [T] [thread 161013] [43.0] [cxt 0] Action NoAction
[02:47:28.016] [bmv2] [T] [thread 161013] [43.0] [cxt 0] Applying table 'MyEgress.egress_encap_vxlan'
[02:47:28.016] [bmv2] [D] [thread 161013] [43.0] [cxt 0] Looking up key:
* standard_metadata.egress_port: 0000

[02:47:28.016] [bmv2] [D] [thread 161013] [43.0] [cxt 0] Table 'MyEgress.egress_encap_vxlan': miss
[02:47:28.016] [bmv2] [D] [thread 161013] [43.0] [cxt 0] Action entry is NoAction - 
[02:47:28.016] [bmv2] [T] [thread 161013] [43.0] [cxt 0] Action NoAction
[02:47:28.016] [bmv2] [D] [thread 161013] [43.0] [cxt 0] Pipeline 'egress': end
[02:47:28.016] [bmv2] [D] [thread 161013] [43.0] [cxt 0] Deparser 'deparser': start
[02:47:28.016] [bmv2] [T] [thread 161013] [43.0] [cxt 0] Skipping checksum 'cksum' update because condition not met
[02:47:28.016] [bmv2] [D] [thread 161013] [43.0] [cxt 0] Deparsing header 'ethernet'
[02:47:28.016] [bmv2] [D] [thread 161013] [43.0] [cxt 0] Deparsing header 'ipv6'
[02:47:28.016] [bmv2] [D] [thread 161013] [43.0] [cxt 0] Deparser 'deparser': end
[02:47:28.016] [bmv2] [D] [thread 161017] [43.0] [cxt 0] Transmitting packet of size 70 out of port 0
[02:47:32.109] [bmv2] [D] [thread 161012] [44.0] [cxt 0] Processing packet received on port 1
[02:47:32.109] [bmv2] [D] [thread 161012] [44.0] [cxt 0] Parser 'parser': start
[02:47:32.109] [bmv2] [D] [thread 161012] [44.0] [cxt 0] Parser 'parser' entering state 'start'
[02:47:32.109] [bmv2] [D] [thread 161012] [44.0] [cxt 0] Extracting header 'ethernet'
[02:47:32.109] [bmv2] [D] [thread 161012] [44.0] [cxt 0] Parser state 'start': key is 86dd
[02:47:32.109] [bmv2] [T] [thread 161012] [44.0] [cxt 0] Bytes parsed: 14
[02:47:32.109] [bmv2] [D] [thread 161012] [44.0] [cxt 0] Parser 'parser' entering state 'parse_ipv6'
[02:47:32.109] [bmv2] [D] [thread 161012] [44.0] [cxt 0] Extracting header 'ipv6'
[02:47:32.109] [bmv2] [D] [thread 161012] [44.0] [cxt 0] Parser state 'parse_ipv6': key is 3a
[02:47:32.109] [bmv2] [T] [thread 161012] [44.0] [cxt 0] Bytes parsed: 54
[02:47:32.109] [bmv2] [D] [thread 161012] [44.0] [cxt 0] Parser 'parser': end
[02:47:32.109] [bmv2] [D] [thread 161012] [44.0] [cxt 0] Pipeline 'ingress': start
[02:47:32.109] [bmv2] [T] [thread 161012] [44.0] [cxt 0] basic.p4(565) Condition "hdr.ethernet.etherType == TYPE_ARP" (node_2) is false
[02:47:32.109] [bmv2] [T] [thread 161012] [44.0] [cxt 0] basic.p4(568) Condition "hdr.ethernet.etherType == TYPE_SRCROUTING" (node_4) is false
[02:47:32.109] [bmv2] [T] [thread 161012] [44.0] [cxt 0] basic.p4(581) Condition "hdr.ethernet.etherType == TYPE_YEQUDESU" (node_12) is false
[02:47:32.109] [bmv2] [T] [thread 161012] [44.0] [cxt 0] basic.p4(587) Condition "hdr.vxlan.isValid()" (node_15) is false
[02:47:32.109] [bmv2] [T] [thread 161012] [44.0] [cxt 0] basic.p4(591) Condition "hdr.ipv6.isValid()" (node_17) is true
[02:47:32.109] [bmv2] [T] [thread 161012] [44.0] [cxt 0] Applying table 'MyIngress.ipv6_lpm'
[02:47:32.110] [bmv2] [D] [thread 161012] [44.0] [cxt 0] Looking up key:
* hdr.ipv6.dstAddr    : ff020000000000000000000000000002

[02:47:32.110] [bmv2] [D] [thread 161012] [44.0] [cxt 0] Table 'MyIngress.ipv6_lpm': miss
[02:47:32.110] [bmv2] [D] [thread 161012] [44.0] [cxt 0] Action entry is NoAction - 
[02:47:32.110] [bmv2] [T] [thread 161012] [44.0] [cxt 0] Action NoAction
[02:47:32.110] [bmv2] [D] [thread 161012] [44.0] [cxt 0] Pipeline 'ingress': end
[02:47:32.110] [bmv2] [D] [thread 161012] [44.0] [cxt 0] Egress port is 0
[02:47:32.110] [bmv2] [D] [thread 161013] [44.0] [cxt 0] Pipeline 'egress': start
[02:47:32.110] [bmv2] [T] [thread 161013] [44.0] [cxt 0] Applying table 'MyEgress.egress_encap_ipv6'
[02:47:32.110] [bmv2] [D] [thread 161013] [44.0] [cxt 0] Looking up key:
* standard_metadata.egress_port: 0000

[02:47:32.110] [bmv2] [D] [thread 161013] [44.0] [cxt 0] Table 'MyEgress.egress_encap_ipv6': miss
[02:47:32.110] [bmv2] [D] [thread 161013] [44.0] [cxt 0] Action entry is NoAction - 
[02:47:32.110] [bmv2] [T] [thread 161013] [44.0] [cxt 0] Action NoAction
[02:47:32.110] [bmv2] [T] [thread 161013] [44.0] [cxt 0] Applying table 'MyEgress.egress_encap_yequdesu'
[02:47:32.110] [bmv2] [D] [thread 161013] [44.0] [cxt 0] Looking up key:
* standard_metadata.egress_port: 0000

[02:47:32.110] [bmv2] [D] [thread 161013] [44.0] [cxt 0] Table 'MyEgress.egress_encap_yequdesu': miss
[02:47:32.110] [bmv2] [D] [thread 161013] [44.0] [cxt 0] Action entry is NoAction - 
[02:47:32.110] [bmv2] [T] [thread 161013] [44.0] [cxt 0] Action NoAction
[02:47:32.110] [bmv2] [T] [thread 161013] [44.0] [cxt 0] Applying table 'MyEgress.egress_encap_vxlan'
[02:47:32.110] [bmv2] [D] [thread 161013] [44.0] [cxt 0] Looking up key:
* standard_metadata.egress_port: 0000

[02:47:32.110] [bmv2] [D] [thread 161013] [44.0] [cxt 0] Table 'MyEgress.egress_encap_vxlan': miss
[02:47:32.110] [bmv2] [D] [thread 161013] [44.0] [cxt 0] Action entry is NoAction - 
[02:47:32.110] [bmv2] [T] [thread 161013] [44.0] [cxt 0] Action NoAction
[02:47:32.110] [bmv2] [D] [thread 161013] [44.0] [cxt 0] Pipeline 'egress': end
[02:47:32.110] [bmv2] [D] [thread 161013] [44.0] [cxt 0] Deparser 'deparser': start
[02:47:32.110] [bmv2] [T] [thread 161013] [44.0] [cxt 0] Skipping checksum 'cksum' update because condition not met
[02:47:32.110] [bmv2] [D] [thread 161013] [44.0] [cxt 0] Deparsing header 'ethernet'
[02:47:32.110] [bmv2] [D] [thread 161013] [44.0] [cxt 0] Deparsing header 'ipv6'
[02:47:32.110] [bmv2] [D] [thread 161013] [44.0] [cxt 0] Deparser 'deparser': end
[02:47:32.110] [bmv2] [D] [thread 161017] [44.0] [cxt 0] Transmitting packet of size 70 out of port 0
open: No such file or directory
open: No such file or directory
open: No such file or directory
open: No such file or directory
open: No such file or directory
open: No such file or directory
open: No such file or directory
